[{"col":1,"row":1,"width":12,"height":55,"children":[{"id":"dips_bds/bds_spl_klargjøring_til_operasjon/forberedelse","rows":[{"cols":[{"width":"100%","children":[{"id":"dips_bds/bds_spl_klargjøring_til_operasjon/forberedelse/kurveark_medfølger","rows":[]},{"id":"dips_bds/bds_spl_klargjøring_til_operasjon/forberedelse/hårfjerning_av_opr.felt.","rows":[]},{"id":"dips_bds/bds_spl_klargjøring_til_operasjon/forberedelse/opr.felt_kontr._av_kirurg","rows":[]},{"id":"dips_bds/bds_spl_klargjøring_til_operasjon/forberedelse/høreapp_medfølger","rows":[]},{"id":"dips_bds/bds_spl_klargjøring_til_operasjon/forberedelse/opr.felt_markert_av_kirurg","rows":[]},{"id":"dips_bds/bds_spl_klargjøring_til_operasjon/forberedelse/screening_gyldig","rows":[]},{"id":"dips_bds/bds_spl_klargjøring_til_operasjon/forberedelse/sminke_smykke_ur_fjernet","rows":[]},{"id":"dips_bds/bds_spl_klargjøring_til_operasjon/forberedelse/inr_tatt","rows":[]},{"id":"dips_bds/bds_spl_klargjøring_til_operasjon/forberedelse/tarm_tømt","rows":[]},{"id":"dips_bds/bds_spl_klargjøring_til_operasjon/forberedelse/fastende_glucose_tatt","rows":[]},{"id":"dips_bds/bds_spl_klargjøring_til_operasjon/forberedelse/dusj_kveld_morgen","rows":[]},{"id":"dips_bds/bds_spl_klargjøring_til_operasjon/forberedelse/støttestrømper","rows":[]},{"id":"dips_bds/bds_spl_klargjøring_til_operasjon/forberedelse/temperatur_tatt","rows":[]},{"id":"dips_bds/bds_spl_klargjøring_til_operasjon/forberedelse/munnstell_utført","rows":[]},{"id":"dips_bds/bds_spl_klargjøring_til_operasjon/forberedelse/tarm_tømt2","rows":[]},{"id":"dips_bds/bds_spl_klargjøring_til_operasjon/forberedelse/vann_nei","rows":[]},{"id":"dips_bds/bds_spl_klargjøring_til_operasjon/forberedelse/ventrikkel_tømt","rows":[]},{"id":"dips_bds/bds_spl_klargjøring_til_operasjon/forberedelse/ventrikkelinnhold_ml:2","rows":[]},{"id":"dips_bds/bds_spl_klargjøring_til_operasjon/forberedelse/blære_tømt","rows":[]},{"id":"dips_bds/bds_spl_klargjøring_til_operasjon/forberedelse/vannlatning","rows":[]},{"id":"dips_bds/bds_spl_klargjøring_til_operasjon/forberedelse/kommentar","rows":[]}]}]}]},{"id":"dips_bds/bds_spl_klargjøring_til_operasjon/faster","rows":[{"cols":[{"width":"100%","children":[{"id":"dips_bds/bds_spl_klargjøring_til_operasjon/faster/pasient_spist","rows":[]},{"id":"dips_bds/bds_spl_klargjøring_til_operasjon/faster/nyttfelt","rows":[]},{"id":"dips_bds/bds_spl_klargjøring_til_operasjon/faster/pasient_drukket_klar_væske","rows":[]},{"id":"dips_bds/bds_spl_klargjøring_til_operasjon/faster/premedikasjon_er_gitt","rows":[]},{"id":"dips_bds/bds_spl_klargjøring_til_operasjon/faster/merknad","rows":[]}]}]}]}]}]