{"name":"Form root","localizedNames":{},"localizedDescriptions":{},"rmType":"FORM_DEFINITION","min":0,"max":0,"formId":"form_root","viewConfig":{"label":{"custom":false,"useLocalizations":false},"size":{"field":"inherit","label":"inherit"},"layout":{"label":{"valign":"inherit","align":"inherit"},"field":{"valign":"inherit","align":"inherit"}},"annotations":{}},"children":[{"name":"Forberedelse","localizedName":"Forberedelse","localizedNames":{"en":"*Forberedelse (nb)","nb":"Forberedelse"},"localizedDescriptions":{"nb":"*","en":"** (nb)"},"rmType":"CLUSTER","nodeId":"at0002","min":0,"max":1,"aqlPath":"/content[openEHR-EHR-EVALUATION.dips_bds_spl_klargjoring_til_operasjon.v1]/data[at0001]/items[at0002]","inputs":[],"formId":"dips_bds/bds_spl_klargjøring_til_operasjon/forberedelse","viewConfig":{"multiplicity":{"min":0,"max":1},"advanced":{"hidden":false,"readonly":false,"hideFrame":false,"render":false},"label":{"custom":false,"useLocalizations":false},"size":{"field":"inherit","label":"inherit"},"layout":{"label":{"valign":"inherit","align":"inherit"},"field":{"valign":"inherit","align":"inherit"}},"annotations":{},"field":{}},"children":[{"name":"Kurveark medfølger","localizedName":"Kurveark medfølger","localizedNames":{"en":"*Kurveark medfølger (nb)","nb":"Kurveark medfølger"},"localizedDescriptions":{"nb":"*","en":"** (nb)"},"rmType":"DV_BOOLEAN","nodeId":"at0007","min":0,"max":1,"aqlPath":"/content[openEHR-EHR-EVALUATION.dips_bds_spl_klargjoring_til_operasjon.v1]/data[at0001]/items[at0002]/items[at0007]/value","inputs":[{"type":"BOOLEAN","listOpen":false}],"formId":"dips_bds/bds_spl_klargjøring_til_operasjon/forberedelse/kurveark_medfølger","viewConfig":{"multiplicity":{"min":0,"max":1},"advanced":{"hidden":false,"readonly":false,"hideFrame":false,"render":false},"label":{"custom":false,"useLocalizations":false},"size":{"field":"inherit","label":"inherit"},"layout":{"label":{"valign":"inherit","align":"inherit"},"field":{"valign":"inherit","align":"inherit"}},"annotations":{},"field":{"input":{"threeState":true}},"tags":["ShowAsRadios"]}},{"name":"Hårfjerning av opr.felt.","localizedName":"Hårfjerning av opr.felt.","localizedNames":{"en":"*Hårfjerning av opr.felt. (nb)","nb":"Hårfjerning av opr.felt."},"localizedDescriptions":{"nb":"*","en":"** (nb)"},"rmType":"DV_BOOLEAN","nodeId":"at0009","min":0,"max":1,"aqlPath":"/content[openEHR-EHR-EVALUATION.dips_bds_spl_klargjoring_til_operasjon.v1]/data[at0001]/items[at0002]/items[at0009]/value","inputs":[{"type":"BOOLEAN","listOpen":false}],"formId":"dips_bds/bds_spl_klargjøring_til_operasjon/forberedelse/hårfjerning_av_opr.felt.","viewConfig":{"multiplicity":{"min":0,"max":1},"advanced":{"hidden":false,"readonly":false,"hideFrame":false,"render":false},"label":{"custom":false,"useLocalizations":false},"size":{"field":"inherit","label":"inherit"},"layout":{"label":{"valign":"inherit","align":"inherit"},"field":{"valign":"inherit","align":"inherit"}},"annotations":{},"field":{"input":{"threeState":true}},"tags":["ShowAsRadios"]}},{"name":"Opr.felt kontr. av kirurg","localizedName":"Opr.felt kontr. av kirurg","localizedNames":{"en":"*Opr.felt kontr. av kirurg (nb)","nb":"Opr.felt kontr. av kirurg"},"localizedDescriptions":{"nb":"*","en":"** (nb)"},"rmType":"DV_BOOLEAN","nodeId":"at0011","min":0,"max":1,"aqlPath":"/content[openEHR-EHR-EVALUATION.dips_bds_spl_klargjoring_til_operasjon.v1]/data[at0001]/items[at0002]/items[at0011]/value","inputs":[{"type":"BOOLEAN","listOpen":false}],"formId":"dips_bds/bds_spl_klargjøring_til_operasjon/forberedelse/opr.felt_kontr._av_kirurg","viewConfig":{"multiplicity":{"min":0,"max":1},"advanced":{"hidden":false,"readonly":false,"hideFrame":false,"render":false},"label":{"custom":false,"useLocalizations":false},"size":{"field":"inherit","label":"inherit"},"layout":{"label":{"valign":"inherit","align":"inherit"},"field":{"valign":"inherit","align":"inherit"}},"annotations":{},"field":{"input":{"threeState":true}},"tags":["ShowAsRadios"]}},{"name":"Høreapp medfølger","localizedName":"Høreapp medfølger","localizedNames":{"en":"*Høreapp medfølger (nb)","nb":"Høreapp medfølger"},"localizedDescriptions":{"nb":"*","en":"** (nb)"},"rmType":"DV_BOOLEAN","nodeId":"at0012","min":0,"max":1,"aqlPath":"/content[openEHR-EHR-EVALUATION.dips_bds_spl_klargjoring_til_operasjon.v1]/data[at0001]/items[at0002]/items[at0012]/value","inputs":[{"type":"BOOLEAN","listOpen":false}],"formId":"dips_bds/bds_spl_klargjøring_til_operasjon/forberedelse/høreapp_medfølger","viewConfig":{"multiplicity":{"min":0,"max":1},"advanced":{"hidden":false,"readonly":false,"hideFrame":false,"render":false},"label":{"custom":false,"useLocalizations":false},"size":{"field":"inherit","label":"inherit"},"layout":{"label":{"valign":"inherit","align":"inherit"},"field":{"valign":"inherit","align":"inherit"}},"annotations":{},"field":{"input":{"threeState":true}},"tags":["ShowAsRadios"]}},{"name":"Opr.felt markert av kirurg","localizedName":"Opr.felt markert av kirurg","localizedNames":{"en":"*Opr.felt markert av kirurg (nb)","nb":"Opr.felt markert av kirurg"},"localizedDescriptions":{"nb":"*","en":"** (nb)"},"rmType":"DV_BOOLEAN","nodeId":"at0015","min":0,"max":1,"aqlPath":"/content[openEHR-EHR-EVALUATION.dips_bds_spl_klargjoring_til_operasjon.v1]/data[at0001]/items[at0002]/items[at0015]/value","inputs":[{"type":"BOOLEAN","listOpen":false}],"formId":"dips_bds/bds_spl_klargjøring_til_operasjon/forberedelse/opr.felt_markert_av_kirurg","viewConfig":{"multiplicity":{"min":0,"max":1},"advanced":{"hidden":false,"readonly":false,"hideFrame":false,"render":false},"label":{"custom":false,"useLocalizations":false},"size":{"field":"inherit","label":"inherit"},"layout":{"label":{"valign":"inherit","align":"inherit"},"field":{"valign":"inherit","align":"inherit"}},"annotations":{},"field":{"input":{"threeState":true}},"tags":["ShowAsRadios"]}},{"name":"Screening gyldig","localizedName":"Screening gyldig","localizedNames":{"en":"*Screening gyldig (nb)","nb":"Screening gyldig"},"localizedDescriptions":{"nb":"*","en":"** (nb)"},"rmType":"DV_BOOLEAN","nodeId":"at0016","min":0,"max":1,"aqlPath":"/content[openEHR-EHR-EVALUATION.dips_bds_spl_klargjoring_til_operasjon.v1]/data[at0001]/items[at0002]/items[at0016]/value","inputs":[{"type":"BOOLEAN","listOpen":false}],"formId":"dips_bds/bds_spl_klargjøring_til_operasjon/forberedelse/screening_gyldig","viewConfig":{"multiplicity":{"min":0,"max":1},"advanced":{"hidden":false,"readonly":false,"hideFrame":false,"render":false},"label":{"custom":false,"useLocalizations":false},"size":{"field":"inherit","label":"inherit"},"layout":{"label":{"valign":"inherit","align":"inherit"},"field":{"valign":"inherit","align":"inherit"}},"annotations":{},"field":{"input":{"threeState":true}},"tags":["ShowAsRadios"]}},{"name":"Sminke/smykke/ur fjernet","localizedName":"Sminke/smykke/ur fjernet","localizedNames":{"en":"*Sminke/smykke/ur fjernet (nb)","nb":"Sminke/smykke/ur fjernet"},"localizedDescriptions":{"nb":"*","en":"** (nb)"},"rmType":"DV_BOOLEAN","nodeId":"at0019","min":0,"max":1,"aqlPath":"/content[openEHR-EHR-EVALUATION.dips_bds_spl_klargjoring_til_operasjon.v1]/data[at0001]/items[at0002]/items[at0019]/value","inputs":[{"type":"BOOLEAN","listOpen":false}],"formId":"dips_bds/bds_spl_klargjøring_til_operasjon/forberedelse/sminke_smykke_ur_fjernet","viewConfig":{"multiplicity":{"min":0,"max":1},"advanced":{"hidden":false,"readonly":false,"hideFrame":false,"render":false},"label":{"custom":false,"useLocalizations":false},"size":{"field":"inherit","label":"inherit"},"layout":{"label":{"valign":"inherit","align":"inherit"},"field":{"valign":"inherit","align":"inherit"}},"annotations":{},"field":{"input":{"threeState":true}},"tags":["ShowAsRadios"]}},{"name":"INR tatt","localizedName":"INR tatt","localizedNames":{"en":"*INR tatt (nb)","nb":"INR tatt"},"localizedDescriptions":{"nb":"*","en":"** (nb)"},"rmType":"DV_BOOLEAN","nodeId":"at0021","min":0,"max":1,"aqlPath":"/content[openEHR-EHR-EVALUATION.dips_bds_spl_klargjoring_til_operasjon.v1]/data[at0001]/items[at0002]/items[at0021]/value","inputs":[{"type":"BOOLEAN","listOpen":false}],"formId":"dips_bds/bds_spl_klargjøring_til_operasjon/forberedelse/inr_tatt","viewConfig":{"multiplicity":{"min":0,"max":1},"advanced":{"hidden":false,"readonly":false,"hideFrame":false,"render":false},"label":{"custom":false,"useLocalizations":false},"size":{"field":"inherit","label":"inherit"},"layout":{"label":{"valign":"inherit","align":"inherit"},"field":{"valign":"inherit","align":"inherit"}},"annotations":{},"field":{"input":{"threeState":true}},"tags":["ShowAsRadios"]}},{"name":"Tarm tømt","localizedName":"Tarm tømt","localizedNames":{"en":"*Tarm tømt (nb)","nb":"Tarm tømt"},"localizedDescriptions":{"nb":"*","en":"** (nb)"},"rmType":"DV_BOOLEAN","nodeId":"at0025","min":0,"max":1,"aqlPath":"/content[openEHR-EHR-EVALUATION.dips_bds_spl_klargjoring_til_operasjon.v1]/data[at0001]/items[at0002]/items[at0025]/value","inputs":[{"type":"BOOLEAN","listOpen":false}],"formId":"dips_bds/bds_spl_klargjøring_til_operasjon/forberedelse/tarm_tømt","viewConfig":{"multiplicity":{"min":0,"max":1},"advanced":{"hidden":false,"readonly":false,"hideFrame":false,"render":false},"label":{"custom":false,"useLocalizations":false},"size":{"field":"inherit","label":"inherit"},"layout":{"label":{"valign":"inherit","align":"inherit"},"field":{"valign":"inherit","align":"inherit"}},"annotations":{},"field":{"input":{"threeState":true}},"tags":["ShowAsRadios"]}},{"name":"Fastende glucose tatt","localizedName":"Fastende glucose tatt","localizedNames":{"en":"*Fastende glucose tatt (nb)","nb":"Fastende glucose tatt"},"localizedDescriptions":{"nb":"*","en":"** (nb)"},"rmType":"DV_BOOLEAN","nodeId":"at0026","min":0,"max":1,"aqlPath":"/content[openEHR-EHR-EVALUATION.dips_bds_spl_klargjoring_til_operasjon.v1]/data[at0001]/items[at0002]/items[at0026]/value","inputs":[{"type":"BOOLEAN","listOpen":false}],"formId":"dips_bds/bds_spl_klargjøring_til_operasjon/forberedelse/fastende_glucose_tatt","viewConfig":{"multiplicity":{"min":0,"max":1},"advanced":{"hidden":false,"readonly":false,"hideFrame":false,"render":false},"label":{"custom":false,"useLocalizations":false},"size":{"field":"inherit","label":"inherit"},"layout":{"label":{"valign":"inherit","align":"inherit"},"field":{"valign":"inherit","align":"inherit"}},"annotations":{},"field":{"input":{"threeState":true}},"tags":["ShowAsRadios"]}},{"name":"Dusj kveld/morgen","localizedName":"Dusj kveld/morgen","localizedNames":{"en":"*Dusj kveld/morgen (nb)","nb":"Dusj kveld/morgen"},"localizedDescriptions":{"nb":"*","en":"** (nb)"},"rmType":"DV_BOOLEAN","nodeId":"at0029","min":0,"max":1,"aqlPath":"/content[openEHR-EHR-EVALUATION.dips_bds_spl_klargjoring_til_operasjon.v1]/data[at0001]/items[at0002]/items[at0029]/value","inputs":[{"type":"BOOLEAN","listOpen":false}],"formId":"dips_bds/bds_spl_klargjøring_til_operasjon/forberedelse/dusj_kveld_morgen","viewConfig":{"multiplicity":{"min":0,"max":1},"advanced":{"hidden":false,"readonly":false,"hideFrame":false,"render":false},"label":{"custom":false,"useLocalizations":false},"size":{"field":"inherit","label":"inherit"},"layout":{"label":{"valign":"inherit","align":"inherit"},"field":{"valign":"inherit","align":"inherit"}},"annotations":{},"field":{"input":{"threeState":true}},"tags":["ShowAsRadios"]}},{"name":"Støttestrømper","localizedName":"Støttestrømper","localizedNames":{"en":"*Støttestrømper (nb)","nb":"Støttestrømper"},"localizedDescriptions":{"nb":"*","en":"** (nb)"},"rmType":"DV_BOOLEAN","nodeId":"at0033","min":0,"max":1,"aqlPath":"/content[openEHR-EHR-EVALUATION.dips_bds_spl_klargjoring_til_operasjon.v1]/data[at0001]/items[at0002]/items[at0033]/value","inputs":[{"type":"BOOLEAN","listOpen":false}],"formId":"dips_bds/bds_spl_klargjøring_til_operasjon/forberedelse/støttestrømper","viewConfig":{"multiplicity":{"min":0,"max":1},"advanced":{"hidden":false,"readonly":false,"hideFrame":false,"render":false},"label":{"custom":false,"useLocalizations":false},"size":{"field":"inherit","label":"inherit"},"layout":{"label":{"valign":"inherit","align":"inherit"},"field":{"valign":"inherit","align":"inherit"}},"annotations":{},"field":{"input":{"threeState":true}},"tags":["ShowAsRadios"]}},{"name":"Temperatur tatt","localizedName":"Temperatur tatt","localizedNames":{"en":"*Temperatur tatt (nb)","nb":"Temperatur tatt"},"localizedDescriptions":{"nb":"*","en":"** (nb)"},"rmType":"DV_BOOLEAN","nodeId":"at0035","min":0,"max":1,"aqlPath":"/content[openEHR-EHR-EVALUATION.dips_bds_spl_klargjoring_til_operasjon.v1]/data[at0001]/items[at0002]/items[at0035]/value","inputs":[{"type":"BOOLEAN","listOpen":false}],"formId":"dips_bds/bds_spl_klargjøring_til_operasjon/forberedelse/temperatur_tatt","viewConfig":{"multiplicity":{"min":0,"max":1},"advanced":{"hidden":false,"readonly":false,"hideFrame":false,"render":false},"label":{"custom":false,"useLocalizations":false},"size":{"field":"inherit","label":"inherit"},"layout":{"label":{"valign":"inherit","align":"inherit"},"field":{"valign":"inherit","align":"inherit"}},"annotations":{},"field":{"input":{"threeState":true}},"tags":["ShowAsRadios"]}},{"name":"Munnstell utført","localizedName":"Munnstell utført","localizedNames":{"en":"*Munnstell utført (nb)","nb":"Munnstell utført"},"localizedDescriptions":{"nb":"*","en":"** (nb)"},"rmType":"DV_BOOLEAN","nodeId":"at0039","min":0,"max":1,"aqlPath":"/content[openEHR-EHR-EVALUATION.dips_bds_spl_klargjoring_til_operasjon.v1]/data[at0001]/items[at0002]/items[at0039]/value","inputs":[{"type":"BOOLEAN","listOpen":false}],"formId":"dips_bds/bds_spl_klargjøring_til_operasjon/forberedelse/munnstell_utført","viewConfig":{"multiplicity":{"min":0,"max":1},"advanced":{"hidden":false,"readonly":false,"hideFrame":false,"render":false},"label":{"custom":false,"useLocalizations":false},"size":{"field":"inherit","label":"inherit"},"layout":{"label":{"valign":"inherit","align":"inherit"},"field":{"valign":"inherit","align":"inherit"}},"annotations":{},"field":{"input":{"threeState":true}},"tags":["ShowAsRadios"]}},{"name":"Tarm tømt","localizedName":"Tarm tømt","localizedNames":{"en":"*Tarm tømt (nb)","nb":"Tarm tømt"},"localizedDescriptions":{"nb":"*","en":"** (nb)"},"rmType":"DV_BOOLEAN","nodeId":"at0038","min":0,"max":1,"aqlPath":"/content[openEHR-EHR-EVALUATION.dips_bds_spl_klargjoring_til_operasjon.v1]/data[at0001]/items[at0002]/items[at0038]/value","inputs":[{"type":"BOOLEAN","listOpen":false}],"formId":"dips_bds/bds_spl_klargjøring_til_operasjon/forberedelse/tarm_tømt2","viewConfig":{"multiplicity":{"min":0,"max":1},"advanced":{"hidden":false,"readonly":false,"hideFrame":false,"render":false},"label":{"custom":false,"useLocalizations":false},"size":{"field":"inherit","label":"inherit"},"layout":{"label":{"valign":"inherit","align":"inherit"},"field":{"valign":"inherit","align":"inherit"}},"annotations":{},"field":{"input":{"threeState":true}},"tags":["ShowAsRadios"]}},{"name":"vann_nei","localizedName":"vann_nei","localizedNames":{"en":"*vann_nei (nb)","nb":"vann_nei"},"localizedDescriptions":{"nb":"*","en":"** (nb)"},"rmType":"DV_BOOLEAN","nodeId":"at0037","min":0,"max":1,"aqlPath":"/content[openEHR-EHR-EVALUATION.dips_bds_spl_klargjoring_til_operasjon.v1]/data[at0001]/items[at0002]/items[at0037]/value","inputs":[{"type":"BOOLEAN","defaultValue":"False","listOpen":false}],"formId":"dips_bds/bds_spl_klargjøring_til_operasjon/forberedelse/vann_nei","viewConfig":{"multiplicity":{"min":0,"max":1},"advanced":{"hidden":false,"readonly":false,"hideFrame":false,"render":false},"label":{"custom":false,"useLocalizations":false},"size":{"field":"inherit","label":"inherit"},"layout":{"label":{"valign":"inherit","align":"inherit"},"field":{"valign":"inherit","align":"inherit"}},"annotations":{},"field":{"input":{"threeState":false}}}},{"name":"Ventrikkel tømt","localizedName":"Ventrikkel tømt","localizedNames":{"en":"*Ventrikkel tømt (nb)","nb":"Ventrikkel tømt"},"localizedDescriptions":{"nb":"*","en":"** (nb)"},"rmType":"DV_BOOLEAN","nodeId":"at0028","min":0,"max":1,"aqlPath":"/content[openEHR-EHR-EVALUATION.dips_bds_spl_klargjoring_til_operasjon.v1]/data[at0001]/items[at0002]/items[at0028]/value","inputs":[{"type":"BOOLEAN","listOpen":false}],"formId":"dips_bds/bds_spl_klargjøring_til_operasjon/forberedelse/ventrikkel_tømt","viewConfig":{"multiplicity":{"min":0,"max":1},"advanced":{"hidden":false,"readonly":false,"hideFrame":false,"render":false},"label":{"custom":false,"useLocalizations":false},"size":{"field":"inherit","label":"inherit"},"layout":{"label":{"valign":"inherit","align":"inherit"},"field":{"valign":"inherit","align":"inherit"}},"annotations":{},"field":{"input":{"threeState":true}},"tags":["ShowAsRadios"]}},{"name":"Ventrikkelinnhold ml:","localizedName":"Ventrikkelinnhold ml:","localizedNames":{"en":"*Ventrikkelinnhold ml: (nb)","nb":"Ventrikkelinnhold ml:"},"localizedDescriptions":{"nb":"*","en":"** (nb)"},"rmType":"DV_QUANTITY","nodeId":"at0049","min":0,"max":1,"aqlPath":"/content[openEHR-EHR-EVALUATION.dips_bds_spl_klargjoring_til_operasjon.v1]/data[at0001]/items[at0002]/items[at0049]/value","inputs":[{"suffix":"magnitude","type":"DECIMAL","defaultValue":"","listOpen":false},{"suffix":"unit","type":"CODED_TEXT","list":[{"value":"ml","label":"ml","validation":{"range":{"minOp":">","maxOp":"<"}},"ordinal":0,"localizedLabels":{},"localizedDescriptions":{}}],"defaultValue":"ml","listOpen":false}],"formId":"dips_bds/bds_spl_klargjøring_til_operasjon/forberedelse/ventrikkelinnhold_ml:2","viewConfig":{"multiplicity":{"min":0,"max":1},"advanced":{"hidden":false,"readonly":false,"hideFrame":false,"render":false},"label":{"custom":false,"useLocalizations":false},"size":{"field":"small","label":"inherit"},"layout":{"label":{"valign":"inherit","align":"inherit"},"field":{"valign":"inherit","align":"inherit"}},"annotations":{},"field":{},"tags":[]}},{"name":"Blære tømt","localizedName":"Blære tømt","localizedNames":{"en":"*Blære tømt (nb)","nb":"Blære tømt"},"localizedDescriptions":{"nb":"*","en":"** (nb)"},"rmType":"DV_DATE_TIME","nodeId":"at0034","min":0,"max":1,"aqlPath":"/content[openEHR-EHR-EVALUATION.dips_bds_spl_klargjoring_til_operasjon.v1]/data[at0001]/items[at0002]/items[at0034]/value","inputs":[{"type":"DATETIME","validation":{"pattern":"yyyy-mm-ddTHH:MM:SS"},"listOpen":false}],"formId":"dips_bds/bds_spl_klargjøring_til_operasjon/forberedelse/blære_tømt","viewConfig":{"multiplicity":{"min":0,"max":1},"advanced":{"hidden":false,"readonly":false,"hideFrame":false,"render":false},"label":{"custom":false,"useLocalizations":false},"size":{"field":"medium","label":"inherit"},"layout":{"label":{"valign":"inherit","align":"inherit"},"field":{"valign":"inherit","align":"inherit"}},"annotations":{},"field":{"input":{"hideTime":false,"dateFormat":"","hideDate":false}}}},{"name":"Vannlatning","localizedName":"Vannlatning","localizedNames":{"en":"*Vannlatning (nb)","nb":"Vannlatning"},"localizedDescriptions":{"nb":"*","en":"** (nb)"},"rmType":"DV_DATE_TIME","nodeId":"at0041","min":0,"max":1,"aqlPath":"/content[openEHR-EHR-EVALUATION.dips_bds_spl_klargjoring_til_operasjon.v1]/data[at0001]/items[at0002]/items[at0041]/value","inputs":[{"type":"DATETIME","validation":{"pattern":"yyyy-mm-ddTHH:MM:SS"},"listOpen":false}],"formId":"dips_bds/bds_spl_klargjøring_til_operasjon/forberedelse/vannlatning","viewConfig":{"multiplicity":{"min":0,"max":1},"advanced":{"hidden":false,"readonly":false,"hideFrame":false,"render":false},"label":{"custom":false,"useLocalizations":false},"size":{"field":"medium","label":"inherit"},"layout":{"label":{"valign":"inherit","align":"inherit"},"field":{"valign":"inherit","align":"inherit"}},"annotations":{},"field":{"input":{"hideTime":false,"dateFormat":"","hideDate":false}}}},{"name":"Kommentar","localizedName":"Kommentar","localizedNames":{"en":"*Kommentar (nb)","nb":"Kommentar"},"localizedDescriptions":{"nb":"*","en":"** (nb)"},"rmType":"DV_TEXT","nodeId":"at0048","min":0,"max":1,"aqlPath":"/content[openEHR-EHR-EVALUATION.dips_bds_spl_klargjoring_til_operasjon.v1]/data[at0001]/items[at0002]/items[at0048]/value","inputs":[{"type":"TEXT","list":[],"listOpen":false}],"formId":"dips_bds/bds_spl_klargjøring_til_operasjon/forberedelse/kommentar","viewConfig":{"multiplicity":{"min":0,"max":1},"advanced":{"hidden":false,"readonly":false,"hideFrame":false,"render":false},"label":{"custom":false,"useLocalizations":false},"size":{"field":"inherit","label":"inherit"},"layout":{"label":{"valign":"inherit","align":"inherit"},"field":{"valign":"inherit","align":"inherit"}},"datasource":{"loadRemote":false,"parameters":{}},"annotations":{},"field":{"lines":null,"input":{}}}}]},{"name":"Faster","localizedName":"Faster","localizedNames":{"en":"*Faster (nb)","nb":"Faster"},"localizedDescriptions":{"nb":"*","en":"** (nb)"},"rmType":"CLUSTER","nodeId":"at0042","min":0,"max":1,"aqlPath":"/content[openEHR-EHR-EVALUATION.dips_bds_spl_klargjoring_til_operasjon.v1]/data[at0001]/items[at0042]","inputs":[],"formId":"dips_bds/bds_spl_klargjøring_til_operasjon/faster","viewConfig":{"multiplicity":{"min":0,"max":1},"advanced":{"hidden":false,"readonly":false,"hideFrame":false,"render":false},"label":{"custom":false,"useLocalizations":false},"size":{"field":"inherit","label":"inherit"},"layout":{"label":{"valign":"inherit","align":"inherit"},"field":{"valign":"inherit","align":"inherit"}},"annotations":{},"field":{}},"children":[{"name":"Pasient spist","localizedName":"Pasient spist","localizedNames":{"en":"*Pasient spist (nb)","nb":"Pasient spist"},"localizedDescriptions":{"nb":"*","en":"** (nb)"},"rmType":"DV_DATE_TIME","nodeId":"at0044","min":0,"max":1,"aqlPath":"/content[openEHR-EHR-EVALUATION.dips_bds_spl_klargjoring_til_operasjon.v1]/data[at0001]/items[at0042]/items[at0044]/value","inputs":[{"type":"DATETIME","validation":{"pattern":"yyyy-mm-ddTHH:MM:SS"},"listOpen":false}],"formId":"dips_bds/bds_spl_klargjøring_til_operasjon/faster/pasient_spist","viewConfig":{"multiplicity":{"min":0,"max":1},"advanced":{"hidden":false,"readonly":false,"hideFrame":false,"render":false},"label":{"custom":false,"useLocalizations":false},"size":{"field":"medium","label":"inherit"},"layout":{"label":{"valign":"inherit","align":"inherit"},"field":{"valign":"inherit","align":"inherit"}},"annotations":{},"field":{"input":{"hideTime":false,"dateFormat":"","hideDate":false}}}},{"name":"NyttFelt","localizedName":"NyttFelt","localizedNames":{"en":"*NyttFelt (nb)","nb":"NyttFelt"},"localizedDescriptions":{"nb":"*","en":"** (nb)"},"rmType":"DV_TEXT","nodeId":"at0045","min":0,"max":1,"aqlPath":"/content[openEHR-EHR-EVALUATION.dips_bds_spl_klargjoring_til_operasjon.v1]/data[at0001]/items[at0042]/items[at0045]/value","inputs":[{"type":"TEXT","list":[],"listOpen":false}],"formId":"dips_bds/bds_spl_klargjøring_til_operasjon/faster/nyttfelt","viewConfig":{"multiplicity":{"min":0,"max":1},"advanced":{"hidden":false,"readonly":false,"hideFrame":false,"render":false},"label":{"custom":false,"useLocalizations":false},"size":{"field":"inherit","label":"inherit"},"layout":{"label":{"valign":"inherit","align":"inherit"},"field":{"valign":"inherit","align":"inherit"}},"datasource":{"loadRemote":false,"parameters":{}},"annotations":{},"field":{"lines":null,"input":{}}}},{"name":"Pasient drukket klar væske","localizedName":"Pasient drukket klar væske","localizedNames":{"en":"*Pasient drukket klar væske (nb)","nb":"Pasient drukket klar væske"},"localizedDescriptions":{"nb":"*","en":"** (nb)"},"rmType":"DV_DATE_TIME","nodeId":"at0046","min":0,"max":1,"aqlPath":"/content[openEHR-EHR-EVALUATION.dips_bds_spl_klargjoring_til_operasjon.v1]/data[at0001]/items[at0042]/items[at0046]/value","inputs":[{"type":"DATETIME","validation":{"pattern":"yyyy-mm-ddTHH:MM:SS"},"listOpen":false}],"formId":"dips_bds/bds_spl_klargjøring_til_operasjon/faster/pasient_drukket_klar_væske","viewConfig":{"multiplicity":{"min":0,"max":1},"advanced":{"hidden":false,"readonly":false,"hideFrame":false,"render":false},"label":{"custom":false,"useLocalizations":false},"size":{"field":"medium","label":"inherit"},"layout":{"label":{"valign":"inherit","align":"inherit"},"field":{"valign":"inherit","align":"inherit"}},"annotations":{},"field":{"input":{"hideTime":false,"dateFormat":"","hideDate":false}}}},{"name":"Premedikasjon er gitt","localizedName":"Premedikasjon er gitt","localizedNames":{"en":"*Premedikasjon er gitt (nb)","nb":"Premedikasjon er gitt"},"localizedDescriptions":{"nb":"*","en":"** (nb)"},"rmType":"DV_CODED_TEXT","nodeId":"at0047","min":0,"max":1,"aqlPath":"/content[openEHR-EHR-EVALUATION.dips_bds_spl_klargjoring_til_operasjon.v1]/data[at0001]/items[at0042]/items[at0047]/value","inputs":[{"suffix":"code","type":"TEXT","terminology":"ARK-UDS-JA_NEI?subset=ARK-UDS-JA_NEI","listOpen":false},{"suffix":"value","type":"TEXT","terminology":"ARK-UDS-JA_NEI?subset=ARK-UDS-JA_NEI","listOpen":false}],"formId":"dips_bds/bds_spl_klargjøring_til_operasjon/faster/premedikasjon_er_gitt","viewConfig":{"multiplicity":{"min":0,"max":1},"advanced":{"hidden":false,"readonly":false,"hideFrame":false,"render":false},"label":{"custom":false,"useLocalizations":false},"size":{"field":"inherit","label":"inherit"},"layout":{"label":{"valign":"inherit","align":"inherit"},"field":{"valign":"inherit","align":"inherit"}},"datasource":{"loadRemote":true,"loadRemoteUrl":"ARK-UDS-JA_NEI?subset=ARK-UDS-JA_NEI"},"annotations":{},"field":{}}},{"name":"Merknad","localizedName":"Merknad","localizedNames":{"en":"*Merknad (nb)","nb":"Merknad"},"localizedDescriptions":{"nb":"*","en":"** (nb)"},"rmType":"DV_TEXT","nodeId":"at0043","min":0,"max":1,"aqlPath":"/content[openEHR-EHR-EVALUATION.dips_bds_spl_klargjoring_til_operasjon.v1]/data[at0001]/items[at0042]/items[at0043]/value","inputs":[{"type":"TEXT","list":[],"listOpen":false}],"formId":"dips_bds/bds_spl_klargjøring_til_operasjon/faster/merknad","viewConfig":{"multiplicity":{"min":0,"max":1},"advanced":{"hidden":false,"readonly":false,"hideFrame":false,"render":false},"label":{"custom":false,"useLocalizations":false},"size":{"field":"inherit","label":"inherit"},"layout":{"label":{"valign":"inherit","align":"inherit"},"field":{"valign":"inherit","align":"inherit"}},"datasource":{"loadRemote":false,"parameters":{}},"annotations":{},"field":{"lines":null,"input":{}}}}]}]}