[{"col":1,"row":1,"width":12,"height":168,"children":[{"id":"dips_bds/bds_spl_operasjonsnotat/hygienestandard","rows":[]},{"id":"dips_bds/bds_spl_operasjonsnotat/styrke_bipolar","rows":[]},{"id":"dips_bds/bds_spl_operasjonsnotat/sug","rows":[]},{"id":"dips_bds/bds_spl_operasjonsnotat/minutter","rows":[]},{"id":"dips_bds/bds_spl_operasjonsnotat/trykk","rows":[]},{"id":"dips_bds/bds_spl_operasjonsnotat/stråledose","rows":[]},{"id":"dips_bds/bds_spl_operasjonsnotat/enheter","rows":[]},{"id":"dips_bds/bds_spl_operasjonsnotat/planlagt_inngrep","rows":[]},{"id":"dips_bds/bds_spl_operasjonsnotat/utført_inngrep","rows":[]},{"id":"dips_bds/bds_spl_operasjonsnotat/styrke_monopolar","rows":[]},{"id":"dips_bds/bds_spl_operasjonsnotat/diatermiapp.nr","rows":[]},{"id":"dips_bds/bds_spl_operasjonsnotat/nøytral_plate","rows":[]},{"id":"dips_bds/bds_spl_operasjonsnotat/røykavsug","rows":[]},{"id":"dips_bds/bds_spl_operasjonsnotat/kontrollert_rackinnstillinger","rows":[]},{"id":"dips_bds/bds_spl_operasjonsnotat/plassering_mansjett","rows":[]},{"id":"dips_bds/bds_spl_operasjonsnotat/blodtomhetsapp.nr","rows":[]},{"id":"dips_bds/bds_spl_operasjonsnotat/rtg.gjennomlysning","rows":[]},{"id":"dips_bds/bds_spl_operasjonsnotat/timeout","rows":[]},{"id":"dips_bds/bds_spl_operasjonsnotat/kommentar","rows":[]},{"id":"dips_bds/bds_spl_operasjonsnotat/atrocare","rows":[]},{"id":"dips_bds/bds_spl_operasjonsnotat/vulcan","rows":[]},{"id":"dips_bds/bds_spl_operasjonsnotat/ligasure","rows":[]},{"id":"dips_bds/bds_spl_operasjonsnotat/shaver","rows":[]},{"id":"dips_bds/bds_spl_operasjonsnotat/sonicision","rows":[]},{"id":"dips_bds/bds_spl_operasjonsnotat/new_cluster","rows":[{"cols":[{"width":"100%","children":[{"id":"dips_bds/bds_spl_operasjonsnotat/new_cluster/rack","rows":[]},{"id":"dips_bds/bds_spl_operasjonsnotat/new_cluster/kontrollert_rackinnstillinger","rows":[]}]}]}]},{"id":"dips_bds/bds_spl_operasjonsnotat/kommentar2","rows":[{"cols":[{"width":"100%","children":[{"id":"dips_bds/bds_spl_operasjonsnotat/kommentar2/kommentar","rows":[]},{"id":"dips_bds/bds_spl_operasjonsnotat/kommentar2/huddesinfeksjon","rows":[]},{"id":"dips_bds/bds_spl_operasjonsnotat/kommentar2/urinkateter","rows":[]},{"id":"dips_bds/bds_spl_operasjonsnotat/kommentar2/co2-trykk","rows":[]},{"id":"dips_bds/bds_spl_operasjonsnotat/kommentar2/operasjonsleiring","rows":[]}]}]}]},{"id":"dips_bds/bds_spl_operasjonsnotat/new_cluster2","rows":[{"cols":[{"width":"100%","children":[{"id":"dips_bds/bds_spl_operasjonsnotat/new_cluster2/preop.forb._fra_post_u_anmerkn","rows":[]},{"id":"dips_bds/bds_spl_operasjonsnotat/new_cluster2/anmerkning","rows":[]},{"id":"dips_bds/bds_spl_operasjonsnotat/new_cluster2/pumpetrykk","rows":[]}]}]}]},{"id":"dips_bds/bds_spl_operasjonsnotat/new_cluster3","rows":[{"cols":[{"width":"100%","children":[{"id":"dips_bds/bds_spl_operasjonsnotat/new_cluster3/hudstatus_pre.opr.u_anmerkn.","rows":[]},{"id":"dips_bds/bds_spl_operasjonsnotat/new_cluster3/anmerkning","rows":[]}]}]}]},{"id":"dips_bds/bds_spl_operasjonsnotat/new_cluster4","rows":[{"cols":[{"width":"100%","children":[{"id":"dips_bds/bds_spl_operasjonsnotat/new_cluster4/kommentar","rows":[]},{"id":"dips_bds/bds_spl_operasjonsnotat/new_cluster4/forebygge_varmetap._kommentar","rows":[]}]}]}]},{"id":"dips_bds/bds_spl_operasjonsnotat/new_cluster5","rows":[{"cols":[{"width":"100%","children":[{"id":"dips_bds/bds_spl_operasjonsnotat/new_cluster5/lokalanestesi","rows":[]},{"id":"dips_bds/bds_spl_operasjonsnotat/new_cluster5/lokalanestesi_antall","rows":[]}]}]}]},{"id":"dips_bds/bds_spl_operasjonsnotat/new_cluster6","rows":[{"cols":[{"width":"100%","children":[{"id":"dips_bds/bds_spl_operasjonsnotat/new_cluster6/tilsetning_i_skyllevæske","rows":[]},{"id":"dips_bds/bds_spl_operasjonsnotat/new_cluster6/tilsetning_i_skyllevæske_antall","rows":[]}]}]}]},{"id":"dips_bds/bds_spl_operasjonsnotat/new_cluster7","rows":[{"cols":[{"width":"100%","children":[{"id":"dips_bds/bds_spl_operasjonsnotat/new_cluster7/skyllevæske","rows":[]},{"id":"dips_bds/bds_spl_operasjonsnotat/new_cluster7/skyllevæske_antall","rows":[]},{"id":"dips_bds/bds_spl_operasjonsnotat/new_cluster7/kommentar","rows":[]}]}]}]},{"id":"dips_bds/bds_spl_operasjonsnotat/new_cluster8","rows":[{"cols":[{"width":"100%","children":[{"id":"dips_bds/bds_spl_operasjonsnotat/new_cluster8/hudlukning","rows":[]},{"id":"dips_bds/bds_spl_operasjonsnotat/new_cluster8/bandasjering","rows":[]},{"id":"dips_bds/bds_spl_operasjonsnotat/new_cluster8/gips","rows":[]}]}]}]},{"id":"dips_bds/bds_spl_operasjonsnotat/new_cluster9","rows":[{"cols":[{"width":"100%","children":[{"id":"dips_bds/bds_spl_operasjonsnotat/new_cluster9/dren","rows":[]},{"id":"dips_bds/bds_spl_operasjonsnotat/new_cluster9/suturert","rows":[]},{"id":"dips_bds/bds_spl_operasjonsnotat/new_cluster9/avklipt_antall_cm","rows":[]},{"id":"dips_bds/bds_spl_operasjonsnotat/new_cluster9/kommentar","rows":[]}]}]}]},{"id":"dips_bds/bds_spl_operasjonsnotat/new_cluster10","rows":[{"cols":[{"width":"100%","children":[{"id":"dips_bds/bds_spl_operasjonsnotat/new_cluster10/hudstatus_post.opr_u_anmerkn.","rows":[]},{"id":"dips_bds/bds_spl_operasjonsnotat/new_cluster10/anmerkning","rows":[]}]}]}]},{"id":"dips_bds/bds_spl_operasjonsnotat/kontroll_av_utstyr:","rows":[{"cols":[{"width":"100%","children":[{"id":"dips_bds/bds_spl_operasjonsnotat/kontroll_av_utstyr:/instrumenter","rows":[]},{"id":"dips_bds/bds_spl_operasjonsnotat/kontroll_av_utstyr:/knivblad","rows":[]},{"id":"dips_bds/bds_spl_operasjonsnotat/kontroll_av_utstyr:/kompresser","rows":[]},{"id":"dips_bds/bds_spl_operasjonsnotat/kontroll_av_utstyr:/nåler","rows":[]},{"id":"dips_bds/bds_spl_operasjonsnotat/kontroll_av_utstyr:/tupfere","rows":[]},{"id":"dips_bds/bds_spl_operasjonsnotat/kontroll_av_utstyr:/duker","rows":[]},{"id":"dips_bds/bds_spl_operasjonsnotat/kontroll_av_utstyr:/disarp","rows":[]},{"id":"dips_bds/bds_spl_operasjonsnotat/kontroll_av_utstyr:/strikk","rows":[]}]}]}]},{"id":"dips_bds/bds_spl_operasjonsnotat/new_cluster11","rows":[{"cols":[{"width":"100%","children":[{"id":"dips_bds/bds_spl_operasjonsnotat/new_cluster11/koord.opr.spl.","rows":[]},{"id":"dips_bds/bds_spl_operasjonsnotat/new_cluster11/steril_ass.opr.spl","rows":[]},{"id":"dips_bds/bds_spl_operasjonsnotat/new_cluster11/kontrollert_av:","rows":[]},{"id":"dips_bds/bds_spl_operasjonsnotat/new_cluster11/kl.","rows":[]}]}]}]},{"id":"dips_bds/bds_spl_operasjonsnotat/new_cluster12","rows":[{"cols":[{"width":"100%","children":[{"id":"dips_bds/bds_spl_operasjonsnotat/new_cluster12/avløsning:","rows":[]},{"id":"dips_bds/bds_spl_operasjonsnotat/new_cluster12/kl.","rows":[]}]}]}]},{"id":"dips_bds/bds_spl_operasjonsnotat/new_cluster13","rows":[{"cols":[{"width":"100%","children":[{"id":"dips_bds/bds_spl_operasjonsnotat/new_cluster13/preparat_histologi","rows":[]},{"id":"dips_bds/bds_spl_operasjonsnotat/new_cluster13/preparat_bakteriologi","rows":[]},{"id":"dips_bds/bds_spl_operasjonsnotat/new_cluster13/annet","rows":[]}]}]}]},{"id":"dips_bds/bds_spl_operasjonsnotat/tilleggsinformasjon","rows":[{"cols":[{"width":"100%","children":[{"id":"dips_bds/bds_spl_operasjonsnotat/tilleggsinformasjon/tilleggsinformasjon","rows":[]},{"id":"dips_bds/bds_spl_operasjonsnotat/tilleggsinformasjon/totalt_ant._pers._på_opr.stue","rows":[]}]}]}]}]}]