{"name":"Form root","localizedNames":{},"localizedDescriptions":{},"rmType":"FORM_DEFINITION","min":0,"max":0,"formId":"form_root","viewConfig":{"label":{"custom":false,"useLocalizations":false},"size":{"field":"inherit","label":"inherit"},"layout":{"label":{"valign":"inherit","align":"inherit"},"field":{"valign":"inherit","align":"inherit"}},"annotations":{}},"children":[{"name":"Hygienestandard","localizedName":"Hygienestandard","localizedNames":{"en":"*Hygienestandard (nb)","nb":"Hygienestandard"},"localizedDescriptions":{"nb":"*","en":"** (nb)"},"rmType":"DV_CODED_TEXT","nodeId":"at0002","min":0,"max":1,"aqlPath":"/content[openEHR-EHR-EVALUATION.dips_bds_spl_operasjonsnotat.v1]/data[at0001]/items[at0002]/value","inputs":[{"suffix":"code","type":"TEXT","terminology":"ARK-SPL Opr Hygienestandard?subset=ARK-SPL Opr Hygienestandard","listOpen":false},{"suffix":"value","type":"TEXT","terminology":"ARK-SPL Opr Hygienestandard?subset=ARK-SPL Opr Hygienestandard","listOpen":false}],"formId":"dips_bds/bds_spl_operasjonsnotat/hygienestandard","viewConfig":{"multiplicity":{"min":0,"max":1},"advanced":{"hidden":false,"readonly":false,"hideFrame":false,"render":false},"label":{"custom":false,"useLocalizations":false},"size":{"field":"inherit","label":"inherit"},"layout":{"label":{"valign":"inherit","align":"inherit"},"field":{"valign":"inherit","align":"inherit"}},"datasource":{"loadRemote":true,"loadRemoteUrl":"ARK-SPL Opr Hygienestandard?subset=ARK-SPL Opr Hygienestandard","parameters":{}},"annotations":{},"field":{}}},{"name":"Styrke bipolar","localizedName":"Styrke bipolar","localizedNames":{"en":"*Styrke bipolar (nb)","nb":"Styrke bipolar"},"localizedDescriptions":{"nb":"*","en":"** (nb)"},"rmType":"DV_TEXT","nodeId":"at0005","min":0,"max":1,"aqlPath":"/content[openEHR-EHR-EVALUATION.dips_bds_spl_operasjonsnotat.v1]/data[at0001]/items[at0005]/value","inputs":[{"type":"TEXT","list":[],"listOpen":false}],"formId":"dips_bds/bds_spl_operasjonsnotat/styrke_bipolar","viewConfig":{"multiplicity":{"min":0,"max":1},"advanced":{"hidden":false,"readonly":false,"hideFrame":false,"render":false},"label":{"custom":false,"useLocalizations":false},"size":{"field":"inherit","label":"inherit"},"layout":{"label":{"valign":"inherit","align":"inherit"},"field":{"valign":"inherit","align":"inherit"}},"datasource":{"loadRemote":false,"parameters":{}},"annotations":{},"field":{"lines":null,"input":{}}}},{"name":"Sug","localizedName":"Sug","localizedNames":{"en":"*Sug (nb)","nb":"Sug"},"localizedDescriptions":{"nb":"*","en":"** (nb)"},"rmType":"DV_CODED_TEXT","nodeId":"at0008","min":0,"max":1,"aqlPath":"/content[openEHR-EHR-EVALUATION.dips_bds_spl_operasjonsnotat.v1]/data[at0001]/items[at0008]/value","inputs":[{"suffix":"code","type":"TEXT","terminology":"ARK-SPL Opr Sug?subset=ARK-SPL Opr Sug","listOpen":false},{"suffix":"value","type":"TEXT","terminology":"ARK-SPL Opr Sug?subset=ARK-SPL Opr Sug","listOpen":false}],"formId":"dips_bds/bds_spl_operasjonsnotat/sug","viewConfig":{"multiplicity":{"min":0,"max":1},"advanced":{"hidden":false,"readonly":false,"hideFrame":false,"render":false},"label":{"custom":false,"useLocalizations":false},"size":{"field":"inherit","label":"inherit"},"layout":{"label":{"valign":"inherit","align":"inherit"},"field":{"valign":"inherit","align":"inherit"}},"datasource":{"loadRemote":true,"loadRemoteUrl":"ARK-SPL Opr Sug?subset=ARK-SPL Opr Sug"},"annotations":{},"field":{}}},{"name":"Minutter","localizedName":"Minutter","localizedNames":{"en":"*Minutter (nb)","nb":"Minutter"},"localizedDescriptions":{"nb":"*","en":"** (nb)"},"rmType":"DV_TEXT","nodeId":"at0011","min":0,"max":1,"aqlPath":"/content[openEHR-EHR-EVALUATION.dips_bds_spl_operasjonsnotat.v1]/data[at0001]/items[at0011]/value","inputs":[{"type":"TEXT","list":[],"listOpen":false}],"formId":"dips_bds/bds_spl_operasjonsnotat/minutter","viewConfig":{"multiplicity":{"min":0,"max":1},"advanced":{"hidden":false,"readonly":false,"hideFrame":false,"render":false},"label":{"custom":false,"useLocalizations":false},"size":{"field":"inherit","label":"inherit"},"layout":{"label":{"valign":"inherit","align":"inherit"},"field":{"valign":"inherit","align":"inherit"}},"datasource":{"loadRemote":false,"parameters":{}},"annotations":{},"field":{"lines":null,"input":{}}}},{"name":"Trykk","localizedName":"Trykk","localizedNames":{"en":"*Trykk (nb)","nb":"Trykk"},"localizedDescriptions":{"nb":"*","en":"** (nb)"},"rmType":"DV_TEXT","nodeId":"at0014","min":0,"max":1,"aqlPath":"/content[openEHR-EHR-EVALUATION.dips_bds_spl_operasjonsnotat.v1]/data[at0001]/items[at0014]/value","inputs":[{"type":"TEXT","list":[],"listOpen":false}],"formId":"dips_bds/bds_spl_operasjonsnotat/trykk","viewConfig":{"multiplicity":{"min":0,"max":1},"advanced":{"hidden":false,"readonly":false,"hideFrame":false,"render":false},"label":{"custom":false,"useLocalizations":false},"size":{"field":"inherit","label":"inherit"},"layout":{"label":{"valign":"inherit","align":"inherit"},"field":{"valign":"inherit","align":"inherit"}},"datasource":{"loadRemote":false,"parameters":{}},"annotations":{},"field":{"lines":null,"input":{}}}},{"name":"Stråledose","localizedName":"Stråledose","localizedNames":{"en":"*Stråledose (nb)","nb":"Stråledose"},"localizedDescriptions":{"nb":"*","en":"** (nb)"},"rmType":"DV_TEXT","nodeId":"at0016","min":0,"max":1,"aqlPath":"/content[openEHR-EHR-EVALUATION.dips_bds_spl_operasjonsnotat.v1]/data[at0001]/items[at0016]/value","inputs":[{"type":"TEXT","list":[],"listOpen":false}],"formId":"dips_bds/bds_spl_operasjonsnotat/stråledose","viewConfig":{"multiplicity":{"min":0,"max":1},"advanced":{"hidden":false,"readonly":false,"hideFrame":false,"render":false},"label":{"custom":false,"useLocalizations":false},"size":{"field":"inherit","label":"inherit"},"layout":{"label":{"valign":"inherit","align":"inherit"},"field":{"valign":"inherit","align":"inherit"}},"datasource":{"loadRemote":false,"parameters":{}},"annotations":{},"field":{"lines":null,"input":{}}}},{"name":"Enheter","localizedName":"Enheter","localizedNames":{"en":"*Enheter (nb)","nb":"Enheter"},"localizedDescriptions":{"nb":"*","en":"** (nb)"},"rmType":"DV_CODED_TEXT","nodeId":"at0019","min":0,"max":1,"aqlPath":"/content[openEHR-EHR-EVALUATION.dips_bds_spl_operasjonsnotat.v1]/data[at0001]/items[at0019]/value","inputs":[{"suffix":"code","type":"TEXT","terminology":"ARK-SPL Opr Stråledose?subset=ARK-SPL Opr Stråledose","listOpen":false},{"suffix":"value","type":"TEXT","terminology":"ARK-SPL Opr Stråledose?subset=ARK-SPL Opr Stråledose","listOpen":false}],"formId":"dips_bds/bds_spl_operasjonsnotat/enheter","viewConfig":{"multiplicity":{"min":0,"max":1},"advanced":{"hidden":false,"readonly":false,"hideFrame":false,"render":false},"label":{"custom":false,"useLocalizations":false},"size":{"field":"inherit","label":"inherit"},"layout":{"label":{"valign":"inherit","align":"inherit"},"field":{"valign":"inherit","align":"inherit"}},"datasource":{"loadRemote":true,"loadRemoteUrl":"ARK-SPL Opr Stråledose?subset=ARK-SPL Opr Stråledose"},"annotations":{},"field":{}}},{"name":"Planlagt inngrep","localizedName":"Planlagt inngrep","localizedNames":{"en":"*Planlagt inngrep (nb)","nb":"Planlagt inngrep"},"localizedDescriptions":{"nb":"*","en":"** (nb)"},"rmType":"DV_TEXT","nodeId":"at0003","min":0,"max":1,"aqlPath":"/content[openEHR-EHR-EVALUATION.dips_bds_spl_operasjonsnotat.v1]/data[at0001]/items[at0003]/value","inputs":[{"type":"TEXT","list":[],"listOpen":false}],"formId":"dips_bds/bds_spl_operasjonsnotat/planlagt_inngrep","viewConfig":{"multiplicity":{"min":0,"max":1},"advanced":{"hidden":false,"readonly":false,"hideFrame":false,"render":false},"label":{"custom":false,"useLocalizations":false},"size":{"field":"inherit","label":"inherit"},"layout":{"label":{"valign":"inherit","align":"inherit"},"field":{"valign":"inherit","align":"inherit"}},"datasource":{"loadRemote":false,"parameters":{}},"annotations":{},"field":{"lines":null,"input":{}}}},{"name":"Utført inngrep","localizedName":"Utført inngrep","localizedNames":{"en":"*Utført inngrep (nb)","nb":"Utført inngrep"},"localizedDescriptions":{"nb":"*","en":"** (nb)"},"rmType":"DV_TEXT","nodeId":"at0004","min":0,"max":1,"aqlPath":"/content[openEHR-EHR-EVALUATION.dips_bds_spl_operasjonsnotat.v1]/data[at0001]/items[at0004]/value","inputs":[{"type":"TEXT","list":[],"listOpen":false}],"formId":"dips_bds/bds_spl_operasjonsnotat/utført_inngrep","viewConfig":{"multiplicity":{"min":0,"max":1},"advanced":{"hidden":false,"readonly":false,"hideFrame":false,"render":false},"label":{"custom":false,"useLocalizations":false},"size":{"field":"inherit","label":"inherit"},"layout":{"label":{"valign":"inherit","align":"inherit"},"field":{"valign":"inherit","align":"inherit"}},"datasource":{"loadRemote":false,"parameters":{}},"annotations":{},"field":{"lines":null,"input":{}}}},{"name":"Styrke monopolar","localizedName":"Styrke monopolar","localizedNames":{"en":"*Styrke monopolar (nb)","nb":"Styrke monopolar"},"localizedDescriptions":{"nb":"*","en":"** (nb)"},"rmType":"DV_TEXT","nodeId":"at0006","min":0,"max":1,"aqlPath":"/content[openEHR-EHR-EVALUATION.dips_bds_spl_operasjonsnotat.v1]/data[at0001]/items[at0006]/value","inputs":[{"type":"TEXT","list":[],"listOpen":false}],"formId":"dips_bds/bds_spl_operasjonsnotat/styrke_monopolar","viewConfig":{"multiplicity":{"min":0,"max":1},"advanced":{"hidden":false,"readonly":false,"hideFrame":false,"render":false},"label":{"custom":false,"useLocalizations":false},"size":{"field":"inherit","label":"inherit"},"layout":{"label":{"valign":"inherit","align":"inherit"},"field":{"valign":"inherit","align":"inherit"}},"datasource":{"loadRemote":false,"parameters":{}},"annotations":{},"field":{"lines":null,"input":{}}}},{"name":"Diatermiapp.nr","localizedName":"Diatermiapp.nr","localizedNames":{"en":"*Diatermiapp.nr (nb)","nb":"Diatermiapp.nr"},"localizedDescriptions":{"nb":"*","en":"** (nb)"},"rmType":"DV_CODED_TEXT","nodeId":"at0007","min":0,"max":1,"aqlPath":"/content[openEHR-EHR-EVALUATION.dips_bds_spl_operasjonsnotat.v1]/data[at0001]/items[at0007]/value","inputs":[{"suffix":"code","type":"TEXT","terminology":"ARK-SPL Opr Diatermiapp.nr?subset=ARK-SPL Opr Diatermiapp.nr","listOpen":false},{"suffix":"value","type":"TEXT","terminology":"ARK-SPL Opr Diatermiapp.nr?subset=ARK-SPL Opr Diatermiapp.nr","listOpen":false}],"formId":"dips_bds/bds_spl_operasjonsnotat/diatermiapp.nr","viewConfig":{"multiplicity":{"min":0,"max":1},"advanced":{"hidden":false,"readonly":false,"hideFrame":false,"render":false},"label":{"custom":false,"useLocalizations":false},"size":{"field":"inherit","label":"inherit"},"layout":{"label":{"valign":"inherit","align":"inherit"},"field":{"valign":"inherit","align":"inherit"}},"datasource":{"loadRemote":true,"loadRemoteUrl":"ARK-SPL Opr Diatermiapp.nr?subset=ARK-SPL Opr Diatermiapp.nr","parameters":{}},"annotations":{},"field":{}}},{"name":"Nøytral plate","localizedName":"Nøytral plate","localizedNames":{"en":"*Nøytral plate (nb)","nb":"Nøytral plate"},"localizedDescriptions":{"nb":"*","en":"** (nb)"},"rmType":"DV_CODED_TEXT","nodeId":"at0009","min":0,"max":1,"aqlPath":"/content[openEHR-EHR-EVALUATION.dips_bds_spl_operasjonsnotat.v1]/data[at0001]/items[at0009]/value","inputs":[{"suffix":"code","type":"TEXT","terminology":"ARK-SPL Opr Nøytral plate?subset=ARK-SPL Opr Nøytral plate","listOpen":false},{"suffix":"value","type":"TEXT","terminology":"ARK-SPL Opr Nøytral plate?subset=ARK-SPL Opr Nøytral plate","listOpen":false}],"formId":"dips_bds/bds_spl_operasjonsnotat/nøytral_plate","viewConfig":{"multiplicity":{"min":0,"max":1},"advanced":{"hidden":false,"readonly":false,"hideFrame":false,"render":false},"label":{"custom":false,"useLocalizations":false},"size":{"field":"inherit","label":"inherit"},"layout":{"label":{"valign":"inherit","align":"inherit"},"field":{"valign":"inherit","align":"inherit"}},"datasource":{"loadRemote":true,"loadRemoteUrl":"ARK-SPL Opr Nøytral plate?subset=ARK-SPL Opr Nøytral plate"},"annotations":{},"field":{}}},{"name":"Røykavsug","localizedName":"Røykavsug","localizedNames":{"en":"*Røykavsug (nb)","nb":"Røykavsug"},"localizedDescriptions":{"nb":"*","en":"** (nb)"},"rmType":"DV_CODED_TEXT","nodeId":"at0010","min":0,"max":1,"aqlPath":"/content[openEHR-EHR-EVALUATION.dips_bds_spl_operasjonsnotat.v1]/data[at0001]/items[at0010]/value","inputs":[{"suffix":"code","type":"TEXT","terminology":"ARK-SPL Opr Røykavsug?subset=ARK-SPL Opr Røykavsug","listOpen":false},{"suffix":"value","type":"TEXT","terminology":"ARK-SPL Opr Røykavsug?subset=ARK-SPL Opr Røykavsug","listOpen":false}],"formId":"dips_bds/bds_spl_operasjonsnotat/røykavsug","viewConfig":{"multiplicity":{"min":0,"max":1},"advanced":{"hidden":false,"readonly":false,"hideFrame":false,"render":false},"label":{"custom":false,"useLocalizations":false},"size":{"field":"inherit","label":"inherit"},"layout":{"label":{"valign":"inherit","align":"inherit"},"field":{"valign":"inherit","align":"inherit"}},"datasource":{"loadRemote":true,"loadRemoteUrl":"ARK-SPL Opr Røykavsug?subset=ARK-SPL Opr Røykavsug","parameters":{}},"annotations":{},"field":{}}},{"name":"Kontrollert rackinnstillinger","localizedName":"Kontrollert rackinnstillinger","localizedNames":{"en":"*Kontrollert rackinnstillinger (nb)","nb":"Kontrollert rackinnstillinger"},"localizedDescriptions":{"nb":"*","en":"** (nb)"},"rmType":"DV_TEXT","nodeId":"at0012","min":0,"max":1,"aqlPath":"/content[openEHR-EHR-EVALUATION.dips_bds_spl_operasjonsnotat.v1]/data[at0001]/items[at0012]/value","inputs":[{"type":"TEXT","list":[],"listOpen":false}],"formId":"dips_bds/bds_spl_operasjonsnotat/kontrollert_rackinnstillinger","viewConfig":{"multiplicity":{"min":0,"max":1},"advanced":{"hidden":false,"readonly":false,"hideFrame":false,"render":false},"label":{"custom":false,"useLocalizations":false},"size":{"field":"inherit","label":"inherit"},"layout":{"label":{"valign":"inherit","align":"inherit"},"field":{"valign":"inherit","align":"inherit"}},"datasource":{"loadRemote":false,"parameters":{}},"annotations":{},"field":{"lines":null,"input":{}}}},{"name":"Plassering mansjett","localizedName":"Plassering mansjett","localizedNames":{"en":"*Plassering mansjett (nb)","nb":"Plassering mansjett"},"localizedDescriptions":{"nb":"*","en":"** (nb)"},"rmType":"DV_CODED_TEXT","nodeId":"at0013","min":0,"max":1,"aqlPath":"/content[openEHR-EHR-EVALUATION.dips_bds_spl_operasjonsnotat.v1]/data[at0001]/items[at0013]/value","inputs":[{"suffix":"code","type":"TEXT","terminology":"ARK-SPL Opr Plassering mansjett?subset=ARK-SPL Opr Plassering mansjett","listOpen":false},{"suffix":"value","type":"TEXT","terminology":"ARK-SPL Opr Plassering mansjett?subset=ARK-SPL Opr Plassering mansjett","listOpen":false}],"formId":"dips_bds/bds_spl_operasjonsnotat/plassering_mansjett","viewConfig":{"multiplicity":{"min":0,"max":1},"advanced":{"hidden":false,"readonly":false,"hideFrame":false,"render":false},"label":{"custom":false,"useLocalizations":false},"size":{"field":"inherit","label":"inherit"},"layout":{"label":{"valign":"inherit","align":"inherit"},"field":{"valign":"inherit","align":"inherit"}},"datasource":{"loadRemote":true,"loadRemoteUrl":"ARK-SPL Opr Plassering mansjett?subset=ARK-SPL Opr Plassering mansjett"},"annotations":{},"field":{}}},{"name":"Blodtomhetsapp.nr","localizedName":"Blodtomhetsapp.nr","localizedNames":{"en":"*Blodtomhetsapp.nr (nb)","nb":"Blodtomhetsapp.nr"},"localizedDescriptions":{"nb":"*","en":"** (nb)"},"rmType":"DV_CODED_TEXT","nodeId":"at0015","min":0,"max":1,"aqlPath":"/content[openEHR-EHR-EVALUATION.dips_bds_spl_operasjonsnotat.v1]/data[at0001]/items[at0015]/value","inputs":[{"suffix":"code","type":"TEXT","terminology":"ARK-SPL Opr Blodtomhet app.nr.?subset=ARK-SPL Opr Blodtomhet app.nr.","listOpen":false},{"suffix":"value","type":"TEXT","terminology":"ARK-SPL Opr Blodtomhet app.nr.?subset=ARK-SPL Opr Blodtomhet app.nr.","listOpen":false}],"formId":"dips_bds/bds_spl_operasjonsnotat/blodtomhetsapp.nr","viewConfig":{"multiplicity":{"min":0,"max":1},"advanced":{"hidden":false,"readonly":false,"hideFrame":false,"render":false},"label":{"custom":false,"useLocalizations":false},"size":{"field":"inherit","label":"inherit"},"layout":{"label":{"valign":"inherit","align":"inherit"},"field":{"valign":"inherit","align":"inherit"}},"datasource":{"loadRemote":true,"loadRemoteUrl":"ARK-SPL Opr Blodtomhet app.nr.?subset=ARK-SPL Opr Blodtomhet app.nr.","parameters":{}},"annotations":{},"field":{}}},{"name":"Rtg.gjennomlysning","localizedName":"Rtg.gjennomlysning","localizedNames":{"en":"*Rtg.gjennomlysning (nb)","nb":"Rtg.gjennomlysning"},"localizedDescriptions":{"nb":"*","en":"** (nb)"},"rmType":"DV_CODED_TEXT","nodeId":"at0017","min":0,"max":1,"aqlPath":"/content[openEHR-EHR-EVALUATION.dips_bds_spl_operasjonsnotat.v1]/data[at0001]/items[at0017]/value","inputs":[{"suffix":"code","type":"TEXT","terminology":"ARK-SPL Opr Rtg.gjennomlysning?subset=ARK-SPL Opr Rtg.gjennomlysning","listOpen":false},{"suffix":"value","type":"TEXT","terminology":"ARK-SPL Opr Rtg.gjennomlysning?subset=ARK-SPL Opr Rtg.gjennomlysning","listOpen":false}],"formId":"dips_bds/bds_spl_operasjonsnotat/rtg.gjennomlysning","viewConfig":{"multiplicity":{"min":0,"max":1},"advanced":{"hidden":false,"readonly":false,"hideFrame":false,"render":false},"label":{"custom":false,"useLocalizations":false},"size":{"field":"inherit","label":"inherit"},"layout":{"label":{"valign":"inherit","align":"inherit"},"field":{"valign":"inherit","align":"inherit"}},"datasource":{"loadRemote":true,"loadRemoteUrl":"ARK-SPL Opr Rtg.gjennomlysning?subset=ARK-SPL Opr Rtg.gjennomlysning"},"annotations":{},"field":{}}},{"name":"Timeout","localizedName":"Timeout","localizedNames":{"en":"*Timeout (nb)","nb":"Timeout"},"localizedDescriptions":{"nb":"*","en":"** (nb)"},"rmType":"DV_BOOLEAN","nodeId":"at0018","min":0,"max":1,"aqlPath":"/content[openEHR-EHR-EVALUATION.dips_bds_spl_operasjonsnotat.v1]/data[at0001]/items[at0018]/value","inputs":[{"type":"BOOLEAN","defaultValue":"False","listOpen":false}],"formId":"dips_bds/bds_spl_operasjonsnotat/timeout","viewConfig":{"multiplicity":{"min":0,"max":1},"advanced":{"hidden":false,"readonly":false,"hideFrame":false,"render":false},"label":{"custom":false,"useLocalizations":false},"size":{"field":"inherit","label":"inherit"},"layout":{"label":{"valign":"inherit","align":"inherit"},"field":{"valign":"inherit","align":"inherit"}},"annotations":{},"field":{"input":{"threeState":false}}}},{"name":"Kommentar","localizedName":"Kommentar","localizedNames":{"en":"*Kommentar (nb)","nb":"Kommentar"},"localizedDescriptions":{"nb":"*","en":"** (nb)"},"rmType":"DV_TEXT","nodeId":"at0020","min":0,"max":1,"aqlPath":"/content[openEHR-EHR-EVALUATION.dips_bds_spl_operasjonsnotat.v1]/data[at0001]/items[at0020]/value","inputs":[{"type":"TEXT","list":[],"listOpen":false}],"formId":"dips_bds/bds_spl_operasjonsnotat/kommentar","viewConfig":{"multiplicity":{"min":0,"max":1},"advanced":{"hidden":false,"readonly":false,"hideFrame":false,"render":false},"label":{"custom":false,"useLocalizations":false},"size":{"field":"inherit","label":"inherit"},"layout":{"label":{"valign":"inherit","align":"inherit"},"field":{"valign":"inherit","align":"inherit"}},"datasource":{"loadRemote":false,"parameters":{}},"annotations":{},"field":{"lines":null,"input":{}}}},{"name":"Atrocare","localizedName":"Atrocare","localizedNames":{"en":"*Atrocare (nb)","nb":"Atrocare"},"localizedDescriptions":{"nb":"*","en":"** (nb)"},"rmType":"DV_BOOLEAN","nodeId":"at0021","min":0,"max":1,"aqlPath":"/content[openEHR-EHR-EVALUATION.dips_bds_spl_operasjonsnotat.v1]/data[at0001]/items[at0021]/value","inputs":[{"type":"BOOLEAN","defaultValue":"False","listOpen":false}],"formId":"dips_bds/bds_spl_operasjonsnotat/atrocare","viewConfig":{"multiplicity":{"min":0,"max":1},"advanced":{"hidden":false,"readonly":false,"hideFrame":false,"render":false},"label":{"custom":false,"useLocalizations":false},"size":{"field":"inherit","label":"inherit"},"layout":{"label":{"valign":"inherit","align":"inherit"},"field":{"valign":"inherit","align":"inherit"}},"annotations":{},"field":{"input":{"threeState":false}}}},{"name":"Vulcan","localizedName":"Vulcan","localizedNames":{"en":"*Vulcan (nb)","nb":"Vulcan"},"localizedDescriptions":{"nb":"*","en":"** (nb)"},"rmType":"DV_BOOLEAN","nodeId":"at0022","min":0,"max":1,"aqlPath":"/content[openEHR-EHR-EVALUATION.dips_bds_spl_operasjonsnotat.v1]/data[at0001]/items[at0022]/value","inputs":[{"type":"BOOLEAN","defaultValue":"False","listOpen":false}],"formId":"dips_bds/bds_spl_operasjonsnotat/vulcan","viewConfig":{"multiplicity":{"min":0,"max":1},"advanced":{"hidden":false,"readonly":false,"hideFrame":false,"render":false},"label":{"custom":false,"useLocalizations":false},"size":{"field":"inherit","label":"inherit"},"layout":{"label":{"valign":"inherit","align":"inherit"},"field":{"valign":"inherit","align":"inherit"}},"annotations":{},"field":{"input":{"threeState":false}}}},{"name":"LigaSure","localizedName":"LigaSure","localizedNames":{"en":"*LigaSure (nb)","nb":"LigaSure"},"localizedDescriptions":{"nb":"*","en":"** (nb)"},"rmType":"DV_BOOLEAN","nodeId":"at0023","min":0,"max":1,"aqlPath":"/content[openEHR-EHR-EVALUATION.dips_bds_spl_operasjonsnotat.v1]/data[at0001]/items[at0023]/value","inputs":[{"type":"BOOLEAN","defaultValue":"False","listOpen":false}],"formId":"dips_bds/bds_spl_operasjonsnotat/ligasure","viewConfig":{"multiplicity":{"min":0,"max":1},"advanced":{"hidden":false,"readonly":false,"hideFrame":false,"render":false},"label":{"custom":false,"useLocalizations":false},"size":{"field":"inherit","label":"inherit"},"layout":{"label":{"valign":"inherit","align":"inherit"},"field":{"valign":"inherit","align":"inherit"}},"annotations":{},"field":{"input":{"threeState":false}}}},{"name":"Shaver","localizedName":"Shaver","localizedNames":{"en":"*Shaver (nb)","nb":"Shaver"},"localizedDescriptions":{"nb":"*","en":"** (nb)"},"rmType":"DV_BOOLEAN","nodeId":"at0024","min":0,"max":1,"aqlPath":"/content[openEHR-EHR-EVALUATION.dips_bds_spl_operasjonsnotat.v1]/data[at0001]/items[at0024]/value","inputs":[{"type":"BOOLEAN","defaultValue":"False","listOpen":false}],"formId":"dips_bds/bds_spl_operasjonsnotat/shaver","viewConfig":{"multiplicity":{"min":0,"max":1},"advanced":{"hidden":false,"readonly":false,"hideFrame":false,"render":false},"label":{"custom":false,"useLocalizations":false},"size":{"field":"inherit","label":"inherit"},"layout":{"label":{"valign":"inherit","align":"inherit"},"field":{"valign":"inherit","align":"inherit"}},"annotations":{},"field":{"input":{"threeState":false}}}},{"name":"Sonicision","localizedName":"Sonicision","localizedNames":{"en":"*Sonicision (nb)","nb":"Sonicision"},"localizedDescriptions":{"nb":"*","en":"** (nb)"},"rmType":"DV_BOOLEAN","nodeId":"at0025","min":0,"max":1,"aqlPath":"/content[openEHR-EHR-EVALUATION.dips_bds_spl_operasjonsnotat.v1]/data[at0001]/items[at0025]/value","inputs":[{"type":"BOOLEAN","defaultValue":"False","listOpen":false}],"formId":"dips_bds/bds_spl_operasjonsnotat/sonicision","viewConfig":{"multiplicity":{"min":0,"max":1},"advanced":{"hidden":false,"readonly":false,"hideFrame":false,"render":false},"label":{"custom":false,"useLocalizations":false},"size":{"field":"inherit","label":"inherit"},"layout":{"label":{"valign":"inherit","align":"inherit"},"field":{"valign":"inherit","align":"inherit"}},"annotations":{},"field":{"input":{"threeState":false}}}},{"name":"New cluster","localizedName":"New cluster","localizedNames":{"en":"*New cluster (nb)","nb":"New cluster"},"localizedDescriptions":{"nb":"*","en":"** (nb)"},"rmType":"CLUSTER","nodeId":"at0092","min":0,"max":1,"aqlPath":"/content[openEHR-EHR-EVALUATION.dips_bds_spl_operasjonsnotat.v1]/data[at0001]/items[at0092]","inputs":[],"formId":"dips_bds/bds_spl_operasjonsnotat/new_cluster","viewConfig":{"multiplicity":{"min":0,"max":1},"advanced":{"hidden":false,"readonly":false,"hideFrame":false,"render":false},"label":{"custom":false,"useLocalizations":false},"size":{"field":"inherit","label":"-1"},"layout":{"label":{"valign":"inherit","align":"inherit"},"field":{"valign":"inherit","align":"inherit"}},"annotations":{},"field":{},"tags":["HideLabel"]},"children":[{"name":"Rack","localizedName":"Rack","localizedNames":{"en":"*Rack (nb)","nb":"Rack"},"localizedDescriptions":{"nb":"*","en":"** (nb)"},"rmType":"DV_CODED_TEXT","nodeId":"at0027","min":0,"max":1,"aqlPath":"/content[openEHR-EHR-EVALUATION.dips_bds_spl_operasjonsnotat.v1]/data[at0001]/items[at0092]/items[at0027]/value","inputs":[{"suffix":"code","type":"TEXT","terminology":"ARK-SPL Opr Rack?subset=ARK-SPL Opr Rack","listOpen":false},{"suffix":"value","type":"TEXT","terminology":"ARK-SPL Opr Rack?subset=ARK-SPL Opr Rack","listOpen":false}],"formId":"dips_bds/bds_spl_operasjonsnotat/new_cluster/rack","viewConfig":{"multiplicity":{"min":0,"max":1},"advanced":{"hidden":false,"readonly":false,"hideFrame":false,"render":false},"label":{"custom":false,"useLocalizations":false},"size":{"field":"inherit","label":"inherit"},"layout":{"label":{"valign":"inherit","align":"inherit"},"field":{"valign":"inherit","align":"inherit"}},"datasource":{"loadRemote":true,"loadRemoteUrl":"ARK-SPL Opr Rack?subset=ARK-SPL Opr Rack"},"annotations":{},"field":{}}},{"name":"Kontrollert rackinnstillinger","localizedName":"Kontrollert rackinnstillinger","localizedNames":{"en":"*Kontrollert rackinnstillinger (nb)","nb":"Kontrollert rackinnstillinger"},"localizedDescriptions":{"nb":"*","en":"** (nb)"},"rmType":"DV_BOOLEAN","nodeId":"at0026","min":0,"max":1,"aqlPath":"/content[openEHR-EHR-EVALUATION.dips_bds_spl_operasjonsnotat.v1]/data[at0001]/items[at0092]/items[at0026]/value","inputs":[{"type":"BOOLEAN","defaultValue":"False","listOpen":false}],"formId":"dips_bds/bds_spl_operasjonsnotat/new_cluster/kontrollert_rackinnstillinger","viewConfig":{"multiplicity":{"min":0,"max":1},"advanced":{"hidden":false,"readonly":false,"hideFrame":false,"render":false},"label":{"custom":false,"useLocalizations":false},"size":{"field":"inherit","label":"inherit"},"layout":{"label":{"valign":"inherit","align":"inherit"},"field":{"valign":"inherit","align":"inherit"}},"annotations":{},"field":{"input":{"threeState":false}}}}]},{"name":"Kommentar","localizedName":"Kommentar","localizedNames":{"en":"*Kommentar (nb)","nb":"Kommentar"},"localizedDescriptions":{"nb":"*","en":"** (nb)"},"rmType":"CLUSTER","nodeId":"at0093","min":0,"max":1,"aqlPath":"/content[openEHR-EHR-EVALUATION.dips_bds_spl_operasjonsnotat.v1]/data[at0001]/items[at0093]","inputs":[],"formId":"dips_bds/bds_spl_operasjonsnotat/kommentar2","viewConfig":{"multiplicity":{"min":0,"max":1},"advanced":{"hidden":false,"readonly":false,"hideFrame":false,"render":false},"label":{"custom":false,"useLocalizations":false},"size":{"field":"inherit","label":"inherit"},"layout":{"label":{"valign":"inherit","align":"inherit"},"field":{"valign":"inherit","align":"inherit"}},"annotations":{},"field":{}},"children":[{"name":"Kommentar","localizedName":"Kommentar","localizedNames":{"en":"*Kommentar (nb)","nb":"Kommentar"},"localizedDescriptions":{"nb":"*","en":"** (nb)"},"rmType":"DV_TEXT","nodeId":"at0028","min":0,"max":1,"aqlPath":"/content[openEHR-EHR-EVALUATION.dips_bds_spl_operasjonsnotat.v1]/data[at0001]/items[at0093]/items[at0028]/value","inputs":[{"type":"TEXT","list":[],"listOpen":false}],"formId":"dips_bds/bds_spl_operasjonsnotat/kommentar2/kommentar","viewConfig":{"multiplicity":{"min":0,"max":1},"advanced":{"hidden":false,"readonly":false,"hideFrame":false,"render":false},"label":{"custom":false,"useLocalizations":false},"size":{"field":"inherit","label":"inherit"},"layout":{"label":{"valign":"inherit","align":"inherit"},"field":{"valign":"inherit","align":"inherit"}},"datasource":{"loadRemote":false,"parameters":{}},"annotations":{},"field":{"lines":null,"input":{}}}},{"name":"Huddesinfeksjon","localizedName":"Huddesinfeksjon","localizedNames":{"en":"*Huddesinfeksjon (nb)","nb":"Huddesinfeksjon"},"localizedDescriptions":{"nb":"*","en":"** (nb)"},"rmType":"DV_CODED_TEXT","nodeId":"at0032","min":0,"max":1,"aqlPath":"/content[openEHR-EHR-EVALUATION.dips_bds_spl_operasjonsnotat.v1]/data[at0001]/items[at0093]/items[at0032]/value","inputs":[{"suffix":"code","type":"TEXT","terminology":"ARK-SPL Opr Huddesinfeksjon?subset=ARK-SPL Opr Huddesinfeksjon","listOpen":false},{"suffix":"value","type":"TEXT","terminology":"ARK-SPL Opr Huddesinfeksjon?subset=ARK-SPL Opr Huddesinfeksjon","listOpen":false}],"formId":"dips_bds/bds_spl_operasjonsnotat/kommentar2/huddesinfeksjon","viewConfig":{"multiplicity":{"min":0,"max":1},"advanced":{"hidden":false,"readonly":false,"hideFrame":false,"render":false},"label":{"custom":false,"useLocalizations":false},"size":{"field":"inherit","label":"inherit"},"layout":{"label":{"valign":"inherit","align":"inherit"},"field":{"valign":"inherit","align":"inherit"}},"datasource":{"loadRemote":true,"loadRemoteUrl":"ARK-SPL Opr Huddesinfeksjon?subset=ARK-SPL Opr Huddesinfeksjon"},"annotations":{},"field":{}}},{"name":"Urinkateter","localizedName":"Urinkateter","localizedNames":{"en":"*Urinkateter (nb)","nb":"Urinkateter"},"localizedDescriptions":{"nb":"*","en":"** (nb)"},"rmType":"DV_CODED_TEXT","nodeId":"at0031","min":0,"max":1,"aqlPath":"/content[openEHR-EHR-EVALUATION.dips_bds_spl_operasjonsnotat.v1]/data[at0001]/items[at0093]/items[at0031]/value","inputs":[{"suffix":"code","type":"TEXT","terminology":"ARK-SPL Opr Urinkateter?subset=ARK-SPL Opr Urinkateter","listOpen":false},{"suffix":"value","type":"TEXT","terminology":"ARK-SPL Opr Urinkateter?subset=ARK-SPL Opr Urinkateter","listOpen":false}],"formId":"dips_bds/bds_spl_operasjonsnotat/kommentar2/urinkateter","viewConfig":{"multiplicity":{"min":0,"max":1},"advanced":{"hidden":false,"readonly":false,"hideFrame":false,"render":false},"label":{"custom":false,"useLocalizations":false},"size":{"field":"inherit","label":"inherit"},"layout":{"label":{"valign":"inherit","align":"inherit"},"field":{"valign":"inherit","align":"inherit"}},"datasource":{"loadRemote":true,"loadRemoteUrl":"ARK-SPL Opr Urinkateter?subset=ARK-SPL Opr Urinkateter"},"annotations":{},"field":{}}},{"name":"CO2-trykk","localizedName":"CO2-trykk","localizedNames":{"en":"*CO2-trykk (nb)","nb":"CO2-trykk"},"localizedDescriptions":{"nb":"*","en":"** (nb)"},"rmType":"DV_TEXT","nodeId":"at0030","min":0,"max":1,"aqlPath":"/content[openEHR-EHR-EVALUATION.dips_bds_spl_operasjonsnotat.v1]/data[at0001]/items[at0093]/items[at0030]/value","inputs":[{"type":"TEXT","list":[],"listOpen":false}],"formId":"dips_bds/bds_spl_operasjonsnotat/kommentar2/co2-trykk","viewConfig":{"multiplicity":{"min":0,"max":1},"advanced":{"hidden":false,"readonly":false,"hideFrame":false,"render":false},"label":{"custom":false,"useLocalizations":false},"size":{"field":"inherit","label":"inherit"},"layout":{"label":{"valign":"inherit","align":"inherit"},"field":{"valign":"inherit","align":"inherit"}},"datasource":{"loadRemote":false,"parameters":{}},"annotations":{},"field":{"lines":null,"input":{}}}},{"name":"Operasjonsleiring","localizedName":"Operasjonsleiring","localizedNames":{"en":"*Operasjonsleiring (nb)","nb":"Operasjonsleiring"},"localizedDescriptions":{"nb":"*","en":"** (nb)"},"rmType":"DV_CODED_TEXT","nodeId":"at0033","min":0,"max":1,"aqlPath":"/content[openEHR-EHR-EVALUATION.dips_bds_spl_operasjonsnotat.v1]/data[at0001]/items[at0093]/items[at0033]/value","inputs":[{"suffix":"code","type":"TEXT","terminology":"ARK-SPL Opr Leiring?subset=ARK-SPL Opr Leiring","listOpen":false},{"suffix":"value","type":"TEXT","terminology":"ARK-SPL Opr Leiring?subset=ARK-SPL Opr Leiring","listOpen":false}],"formId":"dips_bds/bds_spl_operasjonsnotat/kommentar2/operasjonsleiring","viewConfig":{"multiplicity":{"min":0,"max":1},"advanced":{"hidden":false,"readonly":false,"hideFrame":false,"render":false},"label":{"custom":false,"useLocalizations":false},"size":{"field":"inherit","label":"inherit"},"layout":{"label":{"valign":"inherit","align":"inherit"},"field":{"valign":"inherit","align":"inherit"}},"datasource":{"loadRemote":true,"loadRemoteUrl":"ARK-SPL Opr Leiring?subset=ARK-SPL Opr Leiring"},"annotations":{},"field":{}}}]},{"name":"New cluster","localizedName":"New cluster","localizedNames":{"en":"*New cluster (nb)","nb":"New cluster"},"localizedDescriptions":{"nb":"*","en":"** (nb)"},"rmType":"CLUSTER","nodeId":"at0094","min":0,"max":1,"aqlPath":"/content[openEHR-EHR-EVALUATION.dips_bds_spl_operasjonsnotat.v1]/data[at0001]/items[at0094]","inputs":[],"formId":"dips_bds/bds_spl_operasjonsnotat/new_cluster2","viewConfig":{"multiplicity":{"min":0,"max":1},"advanced":{"hidden":false,"readonly":false,"hideFrame":false,"render":false},"label":{"custom":false,"useLocalizations":false},"size":{"field":"inherit","label":"-1"},"layout":{"label":{"valign":"inherit","align":"inherit"},"field":{"valign":"inherit","align":"inherit"}},"annotations":{},"field":{},"tags":["HideLabel"]},"children":[{"name":"Preop.forb. fra post u/anmerkn","localizedName":"Preop.forb. fra post u/anmerkn","localizedNames":{"en":"*Preop.forb. fra post u/anmerkn (nb)","nb":"Preop.forb. fra post u/anmerkn"},"localizedDescriptions":{"nb":"*","en":"** (nb)"},"rmType":"DV_BOOLEAN","nodeId":"at0036","min":0,"max":1,"aqlPath":"/content[openEHR-EHR-EVALUATION.dips_bds_spl_operasjonsnotat.v1]/data[at0001]/items[at0094]/items[at0036]/value","inputs":[{"type":"BOOLEAN","defaultValue":"False","listOpen":false}],"formId":"dips_bds/bds_spl_operasjonsnotat/new_cluster2/preop.forb._fra_post_u_anmerkn","viewConfig":{"multiplicity":{"min":0,"max":1},"advanced":{"hidden":false,"readonly":false,"hideFrame":false,"render":false},"label":{"custom":false,"useLocalizations":false},"size":{"field":"inherit","label":"inherit"},"layout":{"label":{"valign":"inherit","align":"inherit"},"field":{"valign":"inherit","align":"inherit"}},"annotations":{},"field":{"input":{"threeState":false}}}},{"name":"Anmerkning","localizedName":"Anmerkning","localizedNames":{"en":"*Anmerkning (nb)","nb":"Anmerkning"},"localizedDescriptions":{"nb":"*","en":"** (nb)"},"rmType":"DV_TEXT","nodeId":"at0035","min":0,"max":1,"aqlPath":"/content[openEHR-EHR-EVALUATION.dips_bds_spl_operasjonsnotat.v1]/data[at0001]/items[at0094]/items[at0035]/value","inputs":[{"type":"TEXT","list":[],"listOpen":false}],"formId":"dips_bds/bds_spl_operasjonsnotat/new_cluster2/anmerkning","viewConfig":{"multiplicity":{"min":0,"max":1},"advanced":{"hidden":false,"readonly":false,"hideFrame":false,"render":false},"label":{"custom":false,"useLocalizations":false},"size":{"field":"inherit","label":"inherit"},"layout":{"label":{"valign":"inherit","align":"inherit"},"field":{"valign":"inherit","align":"inherit"}},"datasource":{"loadRemote":false,"parameters":{}},"annotations":{},"field":{"lines":null,"input":{}}}},{"name":"Pumpetrykk","localizedName":"Pumpetrykk","localizedNames":{"en":"*Pumpetrykk (nb)","nb":"Pumpetrykk"},"localizedDescriptions":{"nb":"*","en":"** (nb)"},"rmType":"DV_TEXT","nodeId":"at0034","min":0,"max":1,"aqlPath":"/content[openEHR-EHR-EVALUATION.dips_bds_spl_operasjonsnotat.v1]/data[at0001]/items[at0094]/items[at0034]/value","inputs":[{"type":"TEXT","list":[],"listOpen":false}],"formId":"dips_bds/bds_spl_operasjonsnotat/new_cluster2/pumpetrykk","viewConfig":{"multiplicity":{"min":0,"max":1},"advanced":{"hidden":false,"readonly":false,"hideFrame":false,"render":false},"label":{"custom":false,"useLocalizations":false},"size":{"field":"inherit","label":"inherit"},"layout":{"label":{"valign":"inherit","align":"inherit"},"field":{"valign":"inherit","align":"inherit"}},"datasource":{"loadRemote":false,"parameters":{}},"annotations":{},"field":{"lines":null,"input":{}}}}]},{"name":"New cluster","localizedName":"New cluster","localizedNames":{"en":"*New cluster (nb)","nb":"New cluster"},"localizedDescriptions":{"nb":"*","en":"** (nb)"},"rmType":"CLUSTER","nodeId":"at0095","min":0,"max":1,"aqlPath":"/content[openEHR-EHR-EVALUATION.dips_bds_spl_operasjonsnotat.v1]/data[at0001]/items[at0095]","inputs":[],"formId":"dips_bds/bds_spl_operasjonsnotat/new_cluster3","viewConfig":{"multiplicity":{"min":0,"max":1},"advanced":{"hidden":false,"readonly":false,"hideFrame":false,"render":false},"label":{"custom":false,"useLocalizations":false},"size":{"field":"inherit","label":"-1"},"layout":{"label":{"valign":"inherit","align":"inherit"},"field":{"valign":"inherit","align":"inherit"}},"annotations":{},"field":{},"tags":["HideLabel"]},"children":[{"name":"Hudstatus pre.opr.u/anmerkn.","localizedName":"Hudstatus pre.opr.u/anmerkn.","localizedNames":{"en":"*Hudstatus pre.opr.u/anmerkn. (nb)","nb":"Hudstatus pre.opr.u/anmerkn."},"localizedDescriptions":{"nb":"*","en":"** (nb)"},"rmType":"DV_BOOLEAN","nodeId":"at0038","min":0,"max":1,"aqlPath":"/content[openEHR-EHR-EVALUATION.dips_bds_spl_operasjonsnotat.v1]/data[at0001]/items[at0095]/items[at0038]/value","inputs":[{"type":"BOOLEAN","defaultValue":"False","listOpen":false}],"formId":"dips_bds/bds_spl_operasjonsnotat/new_cluster3/hudstatus_pre.opr.u_anmerkn.","viewConfig":{"multiplicity":{"min":0,"max":1},"advanced":{"hidden":false,"readonly":false,"hideFrame":false,"render":false},"label":{"custom":false,"useLocalizations":false},"size":{"field":"inherit","label":"inherit"},"layout":{"label":{"valign":"inherit","align":"inherit"},"field":{"valign":"inherit","align":"inherit"}},"annotations":{},"field":{"input":{"threeState":false}}}},{"name":"Anmerkning","localizedName":"Anmerkning","localizedNames":{"en":"*Anmerkning (nb)","nb":"Anmerkning"},"localizedDescriptions":{"nb":"*","en":"** (nb)"},"rmType":"DV_TEXT","nodeId":"at0037","min":0,"max":1,"aqlPath":"/content[openEHR-EHR-EVALUATION.dips_bds_spl_operasjonsnotat.v1]/data[at0001]/items[at0095]/items[at0037]/value","inputs":[{"type":"TEXT","list":[],"listOpen":false}],"formId":"dips_bds/bds_spl_operasjonsnotat/new_cluster3/anmerkning","viewConfig":{"multiplicity":{"min":0,"max":1},"advanced":{"hidden":false,"readonly":false,"hideFrame":false,"render":false},"label":{"custom":false,"useLocalizations":false},"size":{"field":"inherit","label":"inherit"},"layout":{"label":{"valign":"inherit","align":"inherit"},"field":{"valign":"inherit","align":"inherit"}},"datasource":{"loadRemote":false,"parameters":{}},"annotations":{},"field":{"lines":null,"input":{}}}}]},{"name":"New cluster","localizedName":"New cluster","localizedNames":{"en":"*New cluster (nb)","nb":"New cluster"},"localizedDescriptions":{"nb":"*","en":"** (nb)"},"rmType":"CLUSTER","nodeId":"at0096","min":0,"max":1,"aqlPath":"/content[openEHR-EHR-EVALUATION.dips_bds_spl_operasjonsnotat.v1]/data[at0001]/items[at0096]","inputs":[],"formId":"dips_bds/bds_spl_operasjonsnotat/new_cluster4","viewConfig":{"multiplicity":{"min":0,"max":1},"advanced":{"hidden":false,"readonly":false,"hideFrame":false,"render":false},"label":{"custom":false,"useLocalizations":false},"size":{"field":"inherit","label":"-1"},"layout":{"label":{"valign":"inherit","align":"inherit"},"field":{"valign":"inherit","align":"inherit"}},"annotations":{},"field":{},"tags":["HideLabel"]},"children":[{"name":"Kommentar","localizedName":"Kommentar","localizedNames":{"en":"*Kommentar (nb)","nb":"Kommentar"},"localizedDescriptions":{"nb":"*","en":"** (nb)"},"rmType":"DV_TEXT","nodeId":"at0039","min":0,"max":1,"aqlPath":"/content[openEHR-EHR-EVALUATION.dips_bds_spl_operasjonsnotat.v1]/data[at0001]/items[at0096]/items[at0039]/value","inputs":[{"type":"TEXT","list":[],"listOpen":false}],"formId":"dips_bds/bds_spl_operasjonsnotat/new_cluster4/kommentar","viewConfig":{"multiplicity":{"min":0,"max":1},"advanced":{"hidden":false,"readonly":false,"hideFrame":false,"render":false},"label":{"custom":false,"useLocalizations":false},"size":{"field":"inherit","label":"inherit"},"layout":{"label":{"valign":"inherit","align":"inherit"},"field":{"valign":"inherit","align":"inherit"}},"datasource":{"loadRemote":false,"parameters":{}},"annotations":{},"field":{"lines":null,"input":{}}}},{"name":"Forebygge varmetap. Kommentar","localizedName":"Forebygge varmetap. Kommentar","localizedNames":{"en":"*Forebygge varmetap. Kommentar (nb)","nb":"Forebygge varmetap. Kommentar"},"localizedDescriptions":{"nb":"*","en":"** (nb)"},"rmType":"DV_TEXT","nodeId":"at0040","min":0,"max":1,"aqlPath":"/content[openEHR-EHR-EVALUATION.dips_bds_spl_operasjonsnotat.v1]/data[at0001]/items[at0096]/items[at0040]/value","inputs":[{"type":"TEXT","list":[],"listOpen":false}],"formId":"dips_bds/bds_spl_operasjonsnotat/new_cluster4/forebygge_varmetap._kommentar","viewConfig":{"multiplicity":{"min":0,"max":1},"advanced":{"hidden":false,"readonly":false,"hideFrame":false,"render":false},"label":{"custom":false,"useLocalizations":false},"size":{"field":"inherit","label":"inherit"},"layout":{"label":{"valign":"inherit","align":"inherit"},"field":{"valign":"inherit","align":"inherit"}},"datasource":{"loadRemote":false,"parameters":{}},"annotations":{},"field":{"lines":null,"input":{}}}}]},{"name":"New cluster","localizedName":"New cluster","localizedNames":{"en":"*New cluster (nb)","nb":"New cluster"},"localizedDescriptions":{"nb":"*","en":"** (nb)"},"rmType":"CLUSTER","nodeId":"at0097","min":0,"max":1,"aqlPath":"/content[openEHR-EHR-EVALUATION.dips_bds_spl_operasjonsnotat.v1]/data[at0001]/items[at0097]","inputs":[],"formId":"dips_bds/bds_spl_operasjonsnotat/new_cluster5","viewConfig":{"multiplicity":{"min":0,"max":1},"advanced":{"hidden":false,"readonly":false,"hideFrame":false,"render":false},"label":{"custom":false,"useLocalizations":false},"size":{"field":"inherit","label":"-1"},"layout":{"label":{"valign":"inherit","align":"inherit"},"field":{"valign":"inherit","align":"inherit"}},"annotations":{},"field":{},"tags":["HideLabel"]},"children":[{"name":"Lokalanestesi","localizedName":"Lokalanestesi","localizedNames":{"en":"*Lokalanestesi (nb)","nb":"Lokalanestesi"},"localizedDescriptions":{"nb":"*","en":"** (nb)"},"rmType":"DV_CODED_TEXT","nodeId":"at0042","min":0,"max":1,"aqlPath":"/content[openEHR-EHR-EVALUATION.dips_bds_spl_operasjonsnotat.v1]/data[at0001]/items[at0097]/items[at0042]/value","inputs":[{"suffix":"code","type":"TEXT","terminology":"ARK-SPL Opr Lokalanestesi?subset=ARK-SPL Opr Lokalanestesi","listOpen":false},{"suffix":"value","type":"TEXT","terminology":"ARK-SPL Opr Lokalanestesi?subset=ARK-SPL Opr Lokalanestesi","listOpen":false}],"formId":"dips_bds/bds_spl_operasjonsnotat/new_cluster5/lokalanestesi","viewConfig":{"multiplicity":{"min":0,"max":1},"advanced":{"hidden":false,"readonly":false,"hideFrame":false,"render":false},"label":{"custom":false,"useLocalizations":false},"size":{"field":"inherit","label":"inherit"},"layout":{"label":{"valign":"inherit","align":"inherit"},"field":{"valign":"inherit","align":"inherit"}},"datasource":{"loadRemote":true,"loadRemoteUrl":"ARK-SPL Opr Lokalanestesi?subset=ARK-SPL Opr Lokalanestesi"},"annotations":{},"field":{}}},{"name":"Lokalanestesi antall","localizedName":"Lokalanestesi antall","localizedNames":{"en":"*Lokalanestesi antall (nb)","nb":"Lokalanestesi antall"},"localizedDescriptions":{"nb":"*","en":"** (nb)"},"rmType":"DV_QUANTITY","nodeId":"at0080","min":0,"max":1,"aqlPath":"/content[openEHR-EHR-EVALUATION.dips_bds_spl_operasjonsnotat.v1]/data[at0001]/items[at0097]/items[at0080]/value","inputs":[{"suffix":"magnitude","type":"DECIMAL","defaultValue":"","listOpen":false},{"suffix":"unit","type":"CODED_TEXT","list":[{"value":"ml","label":"ml","validation":{"range":{"minOp":">","maxOp":"<"}},"ordinal":0,"localizedLabels":{},"localizedDescriptions":{}}],"defaultValue":"ml","listOpen":false}],"formId":"dips_bds/bds_spl_operasjonsnotat/new_cluster5/lokalanestesi_antall","viewConfig":{"multiplicity":{"min":0,"max":1},"advanced":{"hidden":false,"readonly":false,"hideFrame":false,"render":false},"label":{"custom":false,"useLocalizations":false},"size":{"field":"inherit","label":"inherit"},"layout":{"label":{"valign":"inherit","align":"inherit"},"field":{"valign":"inherit","align":"inherit"}},"annotations":{},"field":{}}}]},{"name":"New cluster","localizedName":"New cluster","localizedNames":{"en":"*New cluster (nb)","nb":"New cluster"},"localizedDescriptions":{"nb":"*","en":"** (nb)"},"rmType":"CLUSTER","nodeId":"at0098","min":0,"max":1,"aqlPath":"/content[openEHR-EHR-EVALUATION.dips_bds_spl_operasjonsnotat.v1]/data[at0001]/items[at0098]","inputs":[],"formId":"dips_bds/bds_spl_operasjonsnotat/new_cluster6","viewConfig":{"multiplicity":{"min":0,"max":1},"advanced":{"hidden":false,"readonly":false,"hideFrame":false,"render":false},"label":{"custom":false,"useLocalizations":false},"size":{"field":"inherit","label":"-1"},"layout":{"label":{"valign":"inherit","align":"inherit"},"field":{"valign":"inherit","align":"inherit"}},"annotations":{},"field":{},"tags":["HideLabel"]},"children":[{"name":"Tilsetning i skyllevæske","localizedName":"Tilsetning i skyllevæske","localizedNames":{"en":"*Tilsetning i skyllevæske (nb)","nb":"Tilsetning i skyllevæske"},"localizedDescriptions":{"nb":"*","en":"** (nb)"},"rmType":"DV_CODED_TEXT","nodeId":"at0044","min":0,"max":1,"aqlPath":"/content[openEHR-EHR-EVALUATION.dips_bds_spl_operasjonsnotat.v1]/data[at0001]/items[at0098]/items[at0044]/value","inputs":[{"suffix":"code","type":"TEXT","terminology":"ARK-SPL Opr Tilsetning?subset=ARK-SPL Opr Tilsetning","listOpen":false},{"suffix":"value","type":"TEXT","terminology":"ARK-SPL Opr Tilsetning?subset=ARK-SPL Opr Tilsetning","listOpen":false}],"formId":"dips_bds/bds_spl_operasjonsnotat/new_cluster6/tilsetning_i_skyllevæske","viewConfig":{"multiplicity":{"min":0,"max":1},"advanced":{"hidden":false,"readonly":false,"hideFrame":false,"render":false},"label":{"custom":false,"useLocalizations":false},"size":{"field":"inherit","label":"inherit"},"layout":{"label":{"valign":"inherit","align":"inherit"},"field":{"valign":"inherit","align":"inherit"}},"datasource":{"loadRemote":true,"loadRemoteUrl":"ARK-SPL Opr Tilsetning?subset=ARK-SPL Opr Tilsetning"},"annotations":{},"field":{}}},{"name":"Tilsetning i skyllevæske antall","localizedName":"Tilsetning i skyllevæske antall","localizedNames":{"en":"*Tilsetning i skyllevæske antall (nb)","nb":"Tilsetning i skyllevæske antall"},"localizedDescriptions":{"nb":"*","en":"** (nb)"},"rmType":"DV_QUANTITY","nodeId":"at0081","min":0,"max":1,"aqlPath":"/content[openEHR-EHR-EVALUATION.dips_bds_spl_operasjonsnotat.v1]/data[at0001]/items[at0098]/items[at0081]/value","inputs":[{"suffix":"magnitude","type":"DECIMAL","defaultValue":"","listOpen":false},{"suffix":"unit","type":"CODED_TEXT","list":[{"value":"ml","label":"ml","validation":{"range":{"minOp":">","maxOp":"<"}},"ordinal":0,"localizedLabels":{},"localizedDescriptions":{}}],"defaultValue":"ml","listOpen":false}],"formId":"dips_bds/bds_spl_operasjonsnotat/new_cluster6/tilsetning_i_skyllevæske_antall","viewConfig":{"multiplicity":{"min":0,"max":1},"advanced":{"hidden":false,"readonly":false,"hideFrame":false,"render":false},"label":{"custom":false,"useLocalizations":false},"size":{"field":"inherit","label":"inherit"},"layout":{"label":{"valign":"inherit","align":"inherit"},"field":{"valign":"inherit","align":"inherit"}},"annotations":{},"field":{}}}]},{"name":"New cluster","localizedName":"New cluster","localizedNames":{"en":"*New cluster (nb)","nb":"New cluster"},"localizedDescriptions":{"nb":"*","en":"** (nb)"},"rmType":"CLUSTER","nodeId":"at0100","min":0,"max":1,"aqlPath":"/content[openEHR-EHR-EVALUATION.dips_bds_spl_operasjonsnotat.v1]/data[at0001]/items[at0100]","inputs":[],"formId":"dips_bds/bds_spl_operasjonsnotat/new_cluster7","viewConfig":{"multiplicity":{"min":0,"max":1},"advanced":{"hidden":false,"readonly":false,"hideFrame":false,"render":false},"label":{"custom":false,"useLocalizations":false},"size":{"field":"inherit","label":"-1"},"layout":{"label":{"valign":"inherit","align":"inherit"},"field":{"valign":"inherit","align":"inherit"}},"annotations":{},"field":{},"tags":["HideLabel"]},"children":[{"name":"Skyllevæske","localizedName":"Skyllevæske","localizedNames":{"en":"*Skyllevæske (nb)","nb":"Skyllevæske"},"localizedDescriptions":{"nb":"*","en":"** (nb)"},"rmType":"DV_CODED_TEXT","nodeId":"at0046","min":0,"max":1,"aqlPath":"/content[openEHR-EHR-EVALUATION.dips_bds_spl_operasjonsnotat.v1]/data[at0001]/items[at0100]/items[at0046]/value","inputs":[{"suffix":"code","type":"TEXT","terminology":"ARK-SPL Opr Skyllevæske?subset=ARK-SPL Opr Skyllevæske","listOpen":false},{"suffix":"value","type":"TEXT","terminology":"ARK-SPL Opr Skyllevæske?subset=ARK-SPL Opr Skyllevæske","listOpen":false}],"formId":"dips_bds/bds_spl_operasjonsnotat/new_cluster7/skyllevæske","viewConfig":{"multiplicity":{"min":0,"max":1},"advanced":{"hidden":false,"readonly":false,"hideFrame":false,"render":false},"label":{"custom":false,"useLocalizations":false},"size":{"field":"inherit","label":"inherit"},"layout":{"label":{"valign":"inherit","align":"inherit"},"field":{"valign":"inherit","align":"inherit"}},"datasource":{"loadRemote":true,"loadRemoteUrl":"ARK-SPL Opr Skyllevæske?subset=ARK-SPL Opr Skyllevæske"},"annotations":{},"field":{}}},{"name":"Skyllevæske antall","localizedName":"Skyllevæske antall","localizedNames":{"en":"*Skyllevæske antall (nb)","nb":"Skyllevæske antall"},"localizedDescriptions":{"nb":"*","en":"** (nb)"},"rmType":"DV_QUANTITY","nodeId":"at0082","min":0,"max":1,"aqlPath":"/content[openEHR-EHR-EVALUATION.dips_bds_spl_operasjonsnotat.v1]/data[at0001]/items[at0100]/items[at0082]/value","inputs":[{"suffix":"magnitude","type":"DECIMAL","defaultValue":"","listOpen":false},{"suffix":"unit","type":"CODED_TEXT","list":[{"value":"l","label":"l","validation":{"range":{"minOp":">","maxOp":"<"}},"ordinal":0,"localizedLabels":{},"localizedDescriptions":{}}],"listOpen":false}],"formId":"dips_bds/bds_spl_operasjonsnotat/new_cluster7/skyllevæske_antall","viewConfig":{"multiplicity":{"min":0,"max":1},"advanced":{"hidden":false,"readonly":false,"hideFrame":false,"render":false},"label":{"custom":false,"useLocalizations":false},"size":{"field":"inherit","label":"inherit"},"layout":{"label":{"valign":"inherit","align":"inherit"},"field":{"valign":"inherit","align":"inherit"}},"annotations":{},"field":{}}},{"name":"Kommentar","localizedName":"Kommentar","localizedNames":{"en":"*Kommentar (nb)","nb":"Kommentar"},"localizedDescriptions":{"nb":"*","en":"** (nb)"},"rmType":"DV_TEXT","nodeId":"at0045","min":0,"max":1,"aqlPath":"/content[openEHR-EHR-EVALUATION.dips_bds_spl_operasjonsnotat.v1]/data[at0001]/items[at0100]/items[at0045]/value","inputs":[{"type":"TEXT","list":[],"listOpen":false}],"formId":"dips_bds/bds_spl_operasjonsnotat/new_cluster7/kommentar","viewConfig":{"multiplicity":{"min":0,"max":1},"advanced":{"hidden":false,"readonly":false,"hideFrame":false,"render":false},"label":{"custom":false,"useLocalizations":false},"size":{"field":"inherit","label":"inherit"},"layout":{"label":{"valign":"inherit","align":"inherit"},"field":{"valign":"inherit","align":"inherit"}},"datasource":{"loadRemote":false,"parameters":{}},"annotations":{},"field":{"lines":null,"input":{}}}}]},{"name":"New cluster","localizedName":"New cluster","localizedNames":{"en":"*New cluster (nb)","nb":"New cluster"},"localizedDescriptions":{"nb":"*","en":"** (nb)"},"rmType":"CLUSTER","nodeId":"at0083","min":0,"max":1,"aqlPath":"/content[openEHR-EHR-EVALUATION.dips_bds_spl_operasjonsnotat.v1]/data[at0001]/items[at0083]","inputs":[],"formId":"dips_bds/bds_spl_operasjonsnotat/new_cluster8","viewConfig":{"multiplicity":{"min":0,"max":1},"advanced":{"hidden":false,"readonly":false,"hideFrame":false,"render":false},"label":{"custom":false,"useLocalizations":false},"size":{"field":"inherit","label":"-1"},"layout":{"label":{"valign":"inherit","align":"inherit"},"field":{"valign":"inherit","align":"inherit"}},"annotations":{},"field":{},"tags":["HideLabel"]},"children":[{"name":"Hudlukning","localizedName":"Hudlukning","localizedNames":{"en":"*Hudlukning (nb)","nb":"Hudlukning"},"localizedDescriptions":{"nb":"*","en":"** (nb)"},"rmType":"DV_CODED_TEXT","nodeId":"at0049","min":0,"max":1,"aqlPath":"/content[openEHR-EHR-EVALUATION.dips_bds_spl_operasjonsnotat.v1]/data[at0001]/items[at0083]/items[at0049]/value","inputs":[{"suffix":"code","type":"TEXT","terminology":"ARK-SPL Opr Hudlukning?subset=ARK-SPL Opr Hudlukning","listOpen":false},{"suffix":"value","type":"TEXT","terminology":"ARK-SPL Opr Hudlukning?subset=ARK-SPL Opr Hudlukning","listOpen":false}],"formId":"dips_bds/bds_spl_operasjonsnotat/new_cluster8/hudlukning","viewConfig":{"multiplicity":{"min":0,"max":1},"advanced":{"hidden":false,"readonly":false,"hideFrame":false,"render":false},"label":{"custom":false,"useLocalizations":false},"size":{"field":"inherit","label":"inherit"},"layout":{"label":{"valign":"inherit","align":"inherit"},"field":{"valign":"inherit","align":"inherit"}},"datasource":{"loadRemote":true,"loadRemoteUrl":"ARK-SPL Opr Hudlukning?subset=ARK-SPL Opr Hudlukning"},"annotations":{},"field":{}}},{"name":"Bandasjering","localizedName":"Bandasjering","localizedNames":{"en":"*Bandasjering (nb)","nb":"Bandasjering"},"localizedDescriptions":{"nb":"*","en":"** (nb)"},"rmType":"DV_CODED_TEXT","nodeId":"at0050","min":0,"max":1,"aqlPath":"/content[openEHR-EHR-EVALUATION.dips_bds_spl_operasjonsnotat.v1]/data[at0001]/items[at0083]/items[at0050]/value","inputs":[{"suffix":"code","type":"TEXT","terminology":"ARK-SPL Opr Bandasjering?subset=ARK-SPL Opr Bandasjering","listOpen":false},{"suffix":"value","type":"TEXT","terminology":"ARK-SPL Opr Bandasjering?subset=ARK-SPL Opr Bandasjering","listOpen":false}],"formId":"dips_bds/bds_spl_operasjonsnotat/new_cluster8/bandasjering","viewConfig":{"multiplicity":{"min":0,"max":1},"advanced":{"hidden":false,"readonly":false,"hideFrame":false,"render":false},"label":{"custom":false,"useLocalizations":false},"size":{"field":"inherit","label":"inherit"},"layout":{"label":{"valign":"inherit","align":"inherit"},"field":{"valign":"inherit","align":"inherit"}},"datasource":{"loadRemote":true,"loadRemoteUrl":"ARK-SPL Opr Bandasjering?subset=ARK-SPL Opr Bandasjering"},"annotations":{},"field":{}}},{"name":"Gips","localizedName":"Gips","localizedNames":{"en":"*Gips (nb)","nb":"Gips"},"localizedDescriptions":{"nb":"*","en":"** (nb)"},"rmType":"DV_CODED_TEXT","nodeId":"at0048","min":0,"max":1,"aqlPath":"/content[openEHR-EHR-EVALUATION.dips_bds_spl_operasjonsnotat.v1]/data[at0001]/items[at0083]/items[at0048]/value","inputs":[{"suffix":"code","type":"TEXT","terminology":"ARK-SPL Opr Gips?subset=ARK-SPL Opr Gips","listOpen":false},{"suffix":"value","type":"TEXT","terminology":"ARK-SPL Opr Gips?subset=ARK-SPL Opr Gips","listOpen":false}],"formId":"dips_bds/bds_spl_operasjonsnotat/new_cluster8/gips","viewConfig":{"multiplicity":{"min":0,"max":1},"advanced":{"hidden":false,"readonly":false,"hideFrame":false,"render":false},"label":{"custom":false,"useLocalizations":false},"size":{"field":"inherit","label":"inherit"},"layout":{"label":{"valign":"inherit","align":"inherit"},"field":{"valign":"inherit","align":"inherit"}},"datasource":{"loadRemote":true,"loadRemoteUrl":"ARK-SPL Opr Gips?subset=ARK-SPL Opr Gips"},"annotations":{},"field":{}}}]},{"name":"New cluster","localizedName":"New cluster","localizedNames":{"en":"*New cluster (nb)","nb":"New cluster"},"localizedDescriptions":{"nb":"*","en":"** (nb)"},"rmType":"CLUSTER","nodeId":"at0084","min":0,"max":1,"aqlPath":"/content[openEHR-EHR-EVALUATION.dips_bds_spl_operasjonsnotat.v1]/data[at0001]/items[at0084]","inputs":[],"formId":"dips_bds/bds_spl_operasjonsnotat/new_cluster9","viewConfig":{"multiplicity":{"min":0,"max":1},"advanced":{"hidden":false,"readonly":false,"hideFrame":false,"render":false},"label":{"custom":false,"useLocalizations":false},"size":{"field":"inherit","label":"-1"},"layout":{"label":{"valign":"inherit","align":"inherit"},"field":{"valign":"inherit","align":"inherit"}},"annotations":{},"field":{},"tags":["HideLabel"]},"children":[{"name":"Dren","localizedName":"Dren","localizedNames":{"en":"*Dren (nb)","nb":"Dren"},"localizedDescriptions":{"nb":"*","en":"** (nb)"},"rmType":"DV_CODED_TEXT","nodeId":"at0054","min":0,"max":1,"aqlPath":"/content[openEHR-EHR-EVALUATION.dips_bds_spl_operasjonsnotat.v1]/data[at0001]/items[at0084]/items[at0054]/value","inputs":[{"suffix":"code","type":"TEXT","terminology":"ARK-SPL Opr Dren?subset=ARK-SPL Opr Dren","listOpen":false},{"suffix":"value","type":"TEXT","terminology":"ARK-SPL Opr Dren?subset=ARK-SPL Opr Dren","listOpen":false}],"formId":"dips_bds/bds_spl_operasjonsnotat/new_cluster9/dren","viewConfig":{"multiplicity":{"min":0,"max":1},"advanced":{"hidden":false,"readonly":false,"hideFrame":false,"render":false},"label":{"custom":false,"useLocalizations":false},"size":{"field":"inherit","label":"inherit"},"layout":{"label":{"valign":"inherit","align":"inherit"},"field":{"valign":"inherit","align":"inherit"}},"datasource":{"loadRemote":true,"loadRemoteUrl":"ARK-SPL Opr Dren?subset=ARK-SPL Opr Dren","parameters":{}},"annotations":{},"field":{}}},{"name":"Suturert","localizedName":"Suturert","localizedNames":{"en":"*Suturert (nb)","nb":"Suturert"},"localizedDescriptions":{"nb":"*","en":"** (nb)"},"rmType":"DV_BOOLEAN","nodeId":"at0053","min":0,"max":1,"aqlPath":"/content[openEHR-EHR-EVALUATION.dips_bds_spl_operasjonsnotat.v1]/data[at0001]/items[at0084]/items[at0053]/value","inputs":[{"type":"BOOLEAN","defaultValue":"False","listOpen":false}],"formId":"dips_bds/bds_spl_operasjonsnotat/new_cluster9/suturert","viewConfig":{"multiplicity":{"min":0,"max":1},"advanced":{"hidden":false,"readonly":false,"hideFrame":false,"render":false},"label":{"custom":false,"useLocalizations":false},"size":{"field":"inherit","label":"inherit"},"layout":{"label":{"valign":"inherit","align":"inherit"},"field":{"valign":"inherit","align":"inherit"}},"annotations":{},"field":{"input":{"threeState":false}}}},{"name":"Avklipt antall cm","localizedName":"Avklipt antall cm","localizedNames":{"en":"*Avklipt antall cm (nb)","nb":"Avklipt antall cm"},"localizedDescriptions":{"nb":"*","en":"** (nb)"},"rmType":"DV_TEXT","nodeId":"at0052","min":0,"max":1,"aqlPath":"/content[openEHR-EHR-EVALUATION.dips_bds_spl_operasjonsnotat.v1]/data[at0001]/items[at0084]/items[at0052]/value","inputs":[{"type":"TEXT","list":[],"listOpen":false}],"formId":"dips_bds/bds_spl_operasjonsnotat/new_cluster9/avklipt_antall_cm","viewConfig":{"multiplicity":{"min":0,"max":1},"advanced":{"hidden":false,"readonly":false,"hideFrame":false,"render":false},"label":{"custom":false,"useLocalizations":false},"size":{"field":"inherit","label":"inherit"},"layout":{"label":{"valign":"inherit","align":"inherit"},"field":{"valign":"inherit","align":"inherit"}},"datasource":{"loadRemote":false,"parameters":{}},"annotations":{},"field":{"lines":null,"input":{}}}},{"name":"Kommentar","localizedName":"Kommentar","localizedNames":{"en":"*Kommentar (nb)","nb":"Kommentar"},"localizedDescriptions":{"nb":"*","en":"** (nb)"},"rmType":"DV_TEXT","nodeId":"at0051","min":0,"max":1,"aqlPath":"/content[openEHR-EHR-EVALUATION.dips_bds_spl_operasjonsnotat.v1]/data[at0001]/items[at0084]/items[at0051]/value","inputs":[{"type":"TEXT","list":[],"listOpen":false}],"formId":"dips_bds/bds_spl_operasjonsnotat/new_cluster9/kommentar","viewConfig":{"multiplicity":{"min":0,"max":1},"advanced":{"hidden":false,"readonly":false,"hideFrame":false,"render":false},"label":{"custom":false,"useLocalizations":false},"size":{"field":"inherit","label":"inherit"},"layout":{"label":{"valign":"inherit","align":"inherit"},"field":{"valign":"inherit","align":"inherit"}},"datasource":{"loadRemote":false,"parameters":{}},"annotations":{},"field":{"lines":null,"input":{}}}}]},{"name":"New cluster","localizedName":"New cluster","localizedNames":{"en":"*New cluster (nb)","nb":"New cluster"},"localizedDescriptions":{"nb":"*","en":"** (nb)"},"rmType":"CLUSTER","nodeId":"at0086","min":0,"max":1,"aqlPath":"/content[openEHR-EHR-EVALUATION.dips_bds_spl_operasjonsnotat.v1]/data[at0001]/items[at0086]","inputs":[],"formId":"dips_bds/bds_spl_operasjonsnotat/new_cluster10","viewConfig":{"multiplicity":{"min":0,"max":1},"advanced":{"hidden":false,"readonly":false,"hideFrame":false,"render":false},"label":{"custom":false,"useLocalizations":false},"size":{"field":"inherit","label":"-1"},"layout":{"label":{"valign":"inherit","align":"inherit"},"field":{"valign":"inherit","align":"inherit"}},"annotations":{},"field":{},"tags":["HideLabel"]},"children":[{"name":"Hudstatus post.opr u/anmerkn.","localizedName":"Hudstatus post.opr u/anmerkn.","localizedNames":{"en":"*Hudstatus post.opr u/anmerkn. (nb)","nb":"Hudstatus post.opr u/anmerkn."},"localizedDescriptions":{"nb":"*","en":"** (nb)"},"rmType":"DV_BOOLEAN","nodeId":"at0056","min":0,"max":1,"aqlPath":"/content[openEHR-EHR-EVALUATION.dips_bds_spl_operasjonsnotat.v1]/data[at0001]/items[at0086]/items[at0056]/value","inputs":[{"type":"BOOLEAN","defaultValue":"False","listOpen":false}],"formId":"dips_bds/bds_spl_operasjonsnotat/new_cluster10/hudstatus_post.opr_u_anmerkn.","viewConfig":{"multiplicity":{"min":0,"max":1},"advanced":{"hidden":false,"readonly":false,"hideFrame":false,"render":false},"label":{"custom":false,"useLocalizations":false},"size":{"field":"inherit","label":"inherit"},"layout":{"label":{"valign":"inherit","align":"inherit"},"field":{"valign":"inherit","align":"inherit"}},"annotations":{},"field":{"input":{"threeState":false}}}},{"name":"Anmerkning","localizedName":"Anmerkning","localizedNames":{"en":"*Anmerkning (nb)","nb":"Anmerkning"},"localizedDescriptions":{"nb":"*","en":"** (nb)"},"rmType":"DV_TEXT","nodeId":"at0055","min":0,"max":1,"aqlPath":"/content[openEHR-EHR-EVALUATION.dips_bds_spl_operasjonsnotat.v1]/data[at0001]/items[at0086]/items[at0055]/value","inputs":[{"type":"TEXT","list":[],"listOpen":false}],"formId":"dips_bds/bds_spl_operasjonsnotat/new_cluster10/anmerkning","viewConfig":{"multiplicity":{"min":0,"max":1},"advanced":{"hidden":false,"readonly":false,"hideFrame":false,"render":false},"label":{"custom":false,"useLocalizations":false},"size":{"field":"inherit","label":"inherit"},"layout":{"label":{"valign":"inherit","align":"inherit"},"field":{"valign":"inherit","align":"inherit"}},"datasource":{"loadRemote":false,"parameters":{}},"annotations":{},"field":{"lines":null,"input":{}}}}]},{"name":"Kontroll av utstyr:","localizedName":"Kontroll av utstyr:","localizedNames":{"en":"*Kontroll av utstyr: (nb)","nb":"Kontroll av utstyr:"},"localizedDescriptions":{"nb":"*","en":"** (nb)"},"rmType":"CLUSTER","nodeId":"at0087","min":0,"max":1,"aqlPath":"/content[openEHR-EHR-EVALUATION.dips_bds_spl_operasjonsnotat.v1]/data[at0001]/items[at0087]","inputs":[],"formId":"dips_bds/bds_spl_operasjonsnotat/kontroll_av_utstyr:","viewConfig":{"multiplicity":{"min":0,"max":1},"advanced":{"hidden":false,"readonly":false,"hideFrame":false,"render":false},"label":{"custom":false,"useLocalizations":false},"size":{"field":"inherit","label":"inherit"},"layout":{"label":{"valign":"inherit","align":"inherit"},"field":{"valign":"inherit","align":"inherit"}},"annotations":{},"field":{}},"children":[{"name":"Instrumenter","localizedName":"Instrumenter","localizedNames":{"en":"*Instrumenter (nb)","nb":"Instrumenter"},"localizedDescriptions":{"nb":"*","en":"** (nb)"},"rmType":"DV_BOOLEAN","nodeId":"at0065","min":0,"max":1,"aqlPath":"/content[openEHR-EHR-EVALUATION.dips_bds_spl_operasjonsnotat.v1]/data[at0001]/items[at0087]/items[at0065]/value","inputs":[{"type":"BOOLEAN","defaultValue":"False","listOpen":false}],"formId":"dips_bds/bds_spl_operasjonsnotat/kontroll_av_utstyr:/instrumenter","viewConfig":{"multiplicity":{"min":0,"max":1},"advanced":{"hidden":false,"readonly":false,"hideFrame":false,"render":false},"label":{"custom":false,"useLocalizations":false},"size":{"field":"inherit","label":"inherit"},"layout":{"label":{"valign":"inherit","align":"inherit"},"field":{"valign":"inherit","align":"inherit"}},"annotations":{},"field":{"input":{"threeState":false}}}},{"name":"Knivblad","localizedName":"Knivblad","localizedNames":{"en":"*Knivblad (nb)","nb":"Knivblad"},"localizedDescriptions":{"nb":"*","en":"** (nb)"},"rmType":"DV_BOOLEAN","nodeId":"at0064","min":0,"max":1,"aqlPath":"/content[openEHR-EHR-EVALUATION.dips_bds_spl_operasjonsnotat.v1]/data[at0001]/items[at0087]/items[at0064]/value","inputs":[{"type":"BOOLEAN","defaultValue":"False","listOpen":false}],"formId":"dips_bds/bds_spl_operasjonsnotat/kontroll_av_utstyr:/knivblad","viewConfig":{"multiplicity":{"min":0,"max":1},"advanced":{"hidden":false,"readonly":false,"hideFrame":false,"render":false},"label":{"custom":false,"useLocalizations":false},"size":{"field":"inherit","label":"inherit"},"layout":{"label":{"valign":"inherit","align":"inherit"},"field":{"valign":"inherit","align":"inherit"}},"annotations":{},"field":{"input":{"threeState":false}}}},{"name":"Kompresser","localizedName":"Kompresser","localizedNames":{"en":"*Kompresser (nb)","nb":"Kompresser"},"localizedDescriptions":{"nb":"*","en":"** (nb)"},"rmType":"DV_BOOLEAN","nodeId":"at0061","min":0,"max":1,"aqlPath":"/content[openEHR-EHR-EVALUATION.dips_bds_spl_operasjonsnotat.v1]/data[at0001]/items[at0087]/items[at0061]/value","inputs":[{"type":"BOOLEAN","defaultValue":"False","listOpen":false}],"formId":"dips_bds/bds_spl_operasjonsnotat/kontroll_av_utstyr:/kompresser","viewConfig":{"multiplicity":{"min":0,"max":1},"advanced":{"hidden":false,"readonly":false,"hideFrame":false,"render":false},"label":{"custom":false,"useLocalizations":false},"size":{"field":"inherit","label":"inherit"},"layout":{"label":{"valign":"inherit","align":"inherit"},"field":{"valign":"inherit","align":"inherit"}},"annotations":{},"field":{"input":{"threeState":false}}}},{"name":"Nåler","localizedName":"Nåler","localizedNames":{"en":"*Nåler (nb)","nb":"Nåler"},"localizedDescriptions":{"nb":"*","en":"** (nb)"},"rmType":"DV_BOOLEAN","nodeId":"at0062","min":0,"max":1,"aqlPath":"/content[openEHR-EHR-EVALUATION.dips_bds_spl_operasjonsnotat.v1]/data[at0001]/items[at0087]/items[at0062]/value","inputs":[{"type":"BOOLEAN","defaultValue":"False","listOpen":false}],"formId":"dips_bds/bds_spl_operasjonsnotat/kontroll_av_utstyr:/nåler","viewConfig":{"multiplicity":{"min":0,"max":1},"advanced":{"hidden":false,"readonly":false,"hideFrame":false,"render":false},"label":{"custom":false,"useLocalizations":false},"size":{"field":"inherit","label":"inherit"},"layout":{"label":{"valign":"inherit","align":"inherit"},"field":{"valign":"inherit","align":"inherit"}},"annotations":{},"field":{"input":{"threeState":false}}}},{"name":"Tupfere","localizedName":"Tupfere","localizedNames":{"en":"*Tupfere (nb)","nb":"Tupfere"},"localizedDescriptions":{"nb":"*","en":"** (nb)"},"rmType":"DV_BOOLEAN","nodeId":"at0063","min":0,"max":1,"aqlPath":"/content[openEHR-EHR-EVALUATION.dips_bds_spl_operasjonsnotat.v1]/data[at0001]/items[at0087]/items[at0063]/value","inputs":[{"type":"BOOLEAN","defaultValue":"False","listOpen":false}],"formId":"dips_bds/bds_spl_operasjonsnotat/kontroll_av_utstyr:/tupfere","viewConfig":{"multiplicity":{"min":0,"max":1},"advanced":{"hidden":false,"readonly":false,"hideFrame":false,"render":false},"label":{"custom":false,"useLocalizations":false},"size":{"field":"inherit","label":"inherit"},"layout":{"label":{"valign":"inherit","align":"inherit"},"field":{"valign":"inherit","align":"inherit"}},"annotations":{},"field":{"input":{"threeState":false}}}},{"name":"Duker","localizedName":"Duker","localizedNames":{"en":"*Duker (nb)","nb":"Duker"},"localizedDescriptions":{"nb":"*","en":"** (nb)"},"rmType":"DV_BOOLEAN","nodeId":"at0060","min":0,"max":1,"aqlPath":"/content[openEHR-EHR-EVALUATION.dips_bds_spl_operasjonsnotat.v1]/data[at0001]/items[at0087]/items[at0060]/value","inputs":[{"type":"BOOLEAN","defaultValue":"False","listOpen":false}],"formId":"dips_bds/bds_spl_operasjonsnotat/kontroll_av_utstyr:/duker","viewConfig":{"multiplicity":{"min":0,"max":1},"advanced":{"hidden":false,"readonly":false,"hideFrame":false,"render":false},"label":{"custom":false,"useLocalizations":false},"size":{"field":"inherit","label":"inherit"},"layout":{"label":{"valign":"inherit","align":"inherit"},"field":{"valign":"inherit","align":"inherit"}},"annotations":{},"field":{"input":{"threeState":false}}}},{"name":"Disarp","localizedName":"Disarp","localizedNames":{"en":"*Disarp (nb)","nb":"Disarp"},"localizedDescriptions":{"nb":"*","en":"** (nb)"},"rmType":"DV_BOOLEAN","nodeId":"at0059","min":0,"max":1,"aqlPath":"/content[openEHR-EHR-EVALUATION.dips_bds_spl_operasjonsnotat.v1]/data[at0001]/items[at0087]/items[at0059]/value","inputs":[{"type":"BOOLEAN","defaultValue":"False","listOpen":false}],"formId":"dips_bds/bds_spl_operasjonsnotat/kontroll_av_utstyr:/disarp","viewConfig":{"multiplicity":{"min":0,"max":1},"advanced":{"hidden":false,"readonly":false,"hideFrame":false,"render":false},"label":{"custom":false,"useLocalizations":false},"size":{"field":"inherit","label":"inherit"},"layout":{"label":{"valign":"inherit","align":"inherit"},"field":{"valign":"inherit","align":"inherit"}},"annotations":{},"field":{"input":{"threeState":false}}}},{"name":"Strikk","localizedName":"Strikk","localizedNames":{"en":"*Strikk (nb)","nb":"Strikk"},"localizedDescriptions":{"nb":"*","en":"** (nb)"},"rmType":"DV_BOOLEAN","nodeId":"at0058","min":0,"max":1,"aqlPath":"/content[openEHR-EHR-EVALUATION.dips_bds_spl_operasjonsnotat.v1]/data[at0001]/items[at0087]/items[at0058]/value","inputs":[{"type":"BOOLEAN","defaultValue":"False","listOpen":false}],"formId":"dips_bds/bds_spl_operasjonsnotat/kontroll_av_utstyr:/strikk","viewConfig":{"multiplicity":{"min":0,"max":1},"advanced":{"hidden":false,"readonly":false,"hideFrame":false,"render":false},"label":{"custom":false,"useLocalizations":false},"size":{"field":"inherit","label":"inherit"},"layout":{"label":{"valign":"inherit","align":"inherit"},"field":{"valign":"inherit","align":"inherit"}},"annotations":{},"field":{"input":{"threeState":false}}}}]},{"name":"New cluster","localizedName":"New cluster","localizedNames":{"en":"*New cluster (nb)","nb":"New cluster"},"localizedDescriptions":{"nb":"*","en":"** (nb)"},"rmType":"CLUSTER","nodeId":"at0088","min":0,"max":1,"aqlPath":"/content[openEHR-EHR-EVALUATION.dips_bds_spl_operasjonsnotat.v1]/data[at0001]/items[at0088]","inputs":[],"formId":"dips_bds/bds_spl_operasjonsnotat/new_cluster11","viewConfig":{"multiplicity":{"min":0,"max":1},"advanced":{"hidden":false,"readonly":false,"hideFrame":false,"render":false},"label":{"custom":false,"useLocalizations":false},"size":{"field":"inherit","label":"-1"},"layout":{"label":{"valign":"inherit","align":"inherit"},"field":{"valign":"inherit","align":"inherit"}},"annotations":{},"field":{},"tags":["HideLabel"]},"children":[{"name":"Koord.opr.spl.","localizedName":"Koord.opr.spl.","localizedNames":{"en":"*Koord.opr.spl. (nb)","nb":"Koord.opr.spl."},"localizedDescriptions":{"nb":"*","en":"** (nb)"},"rmType":"DV_CODED_TEXT","nodeId":"at0066","min":0,"max":1,"aqlPath":"/content[openEHR-EHR-EVALUATION.dips_bds_spl_operasjonsnotat.v1]/data[at0001]/items[at0088]/items[at0066]/value","inputs":[{"suffix":"code","type":"TEXT","terminology":"healthcareparty_both?subset=healthcareparty_both","listOpen":false},{"suffix":"value","type":"TEXT","terminology":"healthcareparty_both?subset=healthcareparty_both","listOpen":false}],"formId":"dips_bds/bds_spl_operasjonsnotat/new_cluster11/koord.opr.spl.","viewConfig":{"multiplicity":{"min":0,"max":1},"advanced":{"hidden":false,"readonly":false,"hideFrame":false,"render":false},"label":{"custom":false,"useLocalizations":false},"size":{"field":"inherit","label":"inherit"},"layout":{"label":{"valign":"inherit","align":"inherit"},"field":{"valign":"inherit","align":"inherit"}},"datasource":{"loadRemote":true,"loadRemoteUrl":"healthcareparty_both?subset=healthcareparty_both"},"annotations":{},"field":{}}},{"name":"Steril ass.opr.spl","localizedName":"Steril ass.opr.spl","localizedNames":{"en":"*Steril ass.opr.spl (nb)","nb":"Steril ass.opr.spl"},"localizedDescriptions":{"nb":"*","en":"** (nb)"},"rmType":"DV_CODED_TEXT","nodeId":"at0067","min":0,"max":1,"aqlPath":"/content[openEHR-EHR-EVALUATION.dips_bds_spl_operasjonsnotat.v1]/data[at0001]/items[at0088]/items[at0067]/value","inputs":[{"suffix":"code","type":"TEXT","terminology":"healthcareparty_both?subset=healthcareparty_both","listOpen":false},{"suffix":"value","type":"TEXT","terminology":"healthcareparty_both?subset=healthcareparty_both","listOpen":false}],"formId":"dips_bds/bds_spl_operasjonsnotat/new_cluster11/steril_ass.opr.spl","viewConfig":{"multiplicity":{"min":0,"max":1},"advanced":{"hidden":false,"readonly":false,"hideFrame":false,"render":false},"label":{"custom":false,"useLocalizations":false},"size":{"field":"inherit","label":"inherit"},"layout":{"label":{"valign":"inherit","align":"inherit"},"field":{"valign":"inherit","align":"inherit"}},"datasource":{"loadRemote":true,"loadRemoteUrl":"healthcareparty_both?subset=healthcareparty_both","parameters":{}},"annotations":{},"field":{}}},{"name":"Kontrollert av:","localizedName":"Kontrollert av:","localizedNames":{"en":"*Kontrollert av: (nb)","nb":"Kontrollert av:"},"localizedDescriptions":{"nb":"*","en":"** (nb)"},"rmType":"DV_CODED_TEXT","nodeId":"at0069","min":0,"max":1,"aqlPath":"/content[openEHR-EHR-EVALUATION.dips_bds_spl_operasjonsnotat.v1]/data[at0001]/items[at0088]/items[at0069]/value","inputs":[{"suffix":"code","type":"TEXT","terminology":"healthcareparty_both?subset=healthcareparty_both","listOpen":false},{"suffix":"value","type":"TEXT","terminology":"healthcareparty_both?subset=healthcareparty_both","listOpen":false}],"formId":"dips_bds/bds_spl_operasjonsnotat/new_cluster11/kontrollert_av:","viewConfig":{"multiplicity":{"min":0,"max":1},"advanced":{"hidden":false,"readonly":false,"hideFrame":false,"render":false},"label":{"custom":false,"useLocalizations":false},"size":{"field":"inherit","label":"inherit"},"layout":{"label":{"valign":"inherit","align":"inherit"},"field":{"valign":"inherit","align":"inherit"}},"datasource":{"loadRemote":true,"loadRemoteUrl":"healthcareparty_both?subset=healthcareparty_both","parameters":{}},"annotations":{},"field":{}}},{"name":"Kl.","localizedName":"Kl.","localizedNames":{"en":"*Kl. (nb)","nb":"Kl."},"localizedDescriptions":{"nb":"*","en":"** (nb)"},"rmType":"DV_TIME","nodeId":"at0073","min":0,"max":1,"aqlPath":"/content[openEHR-EHR-EVALUATION.dips_bds_spl_operasjonsnotat.v1]/data[at0001]/items[at0088]/items[at0073]/value","inputs":[{"type":"TIME","listOpen":false}],"formId":"dips_bds/bds_spl_operasjonsnotat/new_cluster11/kl.","viewConfig":{"multiplicity":{"min":0,"max":1},"advanced":{"hidden":false,"readonly":false,"hideFrame":false,"render":false},"label":{"custom":false,"useLocalizations":false},"size":{"field":"medium","label":"inherit"},"layout":{"label":{"valign":"inherit","align":"inherit"},"field":{"valign":"inherit","align":"inherit"}},"annotations":{},"field":{"input":{"hideTime":false,"dateFormat":"","hideDate":false}},"tags":[]}}]},{"name":"New cluster","localizedName":"New cluster","localizedNames":{"en":"*New cluster (nb)","nb":"New cluster"},"localizedDescriptions":{"nb":"*","en":"** (nb)"},"rmType":"CLUSTER","nodeId":"at0089","min":0,"max":1,"aqlPath":"/content[openEHR-EHR-EVALUATION.dips_bds_spl_operasjonsnotat.v1]/data[at0001]/items[at0089]","inputs":[],"formId":"dips_bds/bds_spl_operasjonsnotat/new_cluster12","viewConfig":{"multiplicity":{"min":0,"max":1},"advanced":{"hidden":false,"readonly":false,"hideFrame":false,"render":false},"label":{"custom":false,"useLocalizations":false},"size":{"field":"inherit","label":"-1"},"layout":{"label":{"valign":"inherit","align":"inherit"},"field":{"valign":"inherit","align":"inherit"}},"annotations":{},"field":{},"tags":["HideLabel"]},"children":[{"name":"Avløsning:","localizedName":"Avløsning:","localizedNames":{"en":"*Avløsning: (nb)","nb":"Avløsning:"},"localizedDescriptions":{"nb":"*","en":"** (nb)"},"rmType":"DV_CODED_TEXT","nodeId":"at0071","min":0,"max":1,"aqlPath":"/content[openEHR-EHR-EVALUATION.dips_bds_spl_operasjonsnotat.v1]/data[at0001]/items[at0089]/items[at0071]/value","inputs":[{"suffix":"code","type":"TEXT","terminology":"healthcareparty_both?subset=healthcareparty_both","listOpen":false},{"suffix":"value","type":"TEXT","terminology":"healthcareparty_both?subset=healthcareparty_both","listOpen":false}],"formId":"dips_bds/bds_spl_operasjonsnotat/new_cluster12/avløsning:","viewConfig":{"multiplicity":{"min":0,"max":1},"advanced":{"hidden":false,"readonly":false,"hideFrame":false,"render":false},"label":{"custom":false,"useLocalizations":false},"size":{"field":"inherit","label":"inherit"},"layout":{"label":{"valign":"inherit","align":"inherit"},"field":{"valign":"inherit","align":"inherit"}},"datasource":{"loadRemote":true,"loadRemoteUrl":"healthcareparty_both?subset=healthcareparty_both","parameters":{}},"annotations":{},"field":{}}},{"name":"Kl.","localizedName":"Kl.","localizedNames":{"en":"*Kl. (nb)","nb":"Kl."},"localizedDescriptions":{"nb":"*","en":"** (nb)"},"rmType":"DV_TIME","nodeId":"at0072","min":0,"max":1,"aqlPath":"/content[openEHR-EHR-EVALUATION.dips_bds_spl_operasjonsnotat.v1]/data[at0001]/items[at0089]/items[at0072]/value","inputs":[{"type":"TIME","listOpen":false}],"formId":"dips_bds/bds_spl_operasjonsnotat/new_cluster12/kl.","viewConfig":{"multiplicity":{"min":0,"max":1},"advanced":{"hidden":false,"readonly":false,"hideFrame":false,"render":false},"label":{"custom":false,"useLocalizations":false},"size":{"field":"medium","label":"inherit"},"layout":{"label":{"valign":"inherit","align":"inherit"},"field":{"valign":"inherit","align":"inherit"}},"annotations":{},"field":{"input":{"hideTime":false,"dateFormat":"","hideDate":false}},"tags":[]}}]},{"name":"New cluster","localizedName":"New cluster","localizedNames":{"en":"*New cluster (nb)","nb":"New cluster"},"localizedDescriptions":{"nb":"*","en":"** (nb)"},"rmType":"CLUSTER","nodeId":"at0090","min":0,"max":1,"aqlPath":"/content[openEHR-EHR-EVALUATION.dips_bds_spl_operasjonsnotat.v1]/data[at0001]/items[at0090]","inputs":[],"formId":"dips_bds/bds_spl_operasjonsnotat/new_cluster13","viewConfig":{"multiplicity":{"min":0,"max":1},"advanced":{"hidden":false,"readonly":false,"hideFrame":false,"render":false},"label":{"custom":false,"useLocalizations":false},"size":{"field":"inherit","label":"-1"},"layout":{"label":{"valign":"inherit","align":"inherit"},"field":{"valign":"inherit","align":"inherit"}},"annotations":{},"field":{},"tags":["HideLabel"]},"children":[{"name":"Preparat Histologi","localizedName":"Preparat Histologi","localizedNames":{"en":"*Preparat Histologi (nb)","nb":"Preparat Histologi"},"localizedDescriptions":{"nb":"*","en":"** (nb)"},"rmType":"DV_TEXT","nodeId":"at0074","min":0,"max":1,"aqlPath":"/content[openEHR-EHR-EVALUATION.dips_bds_spl_operasjonsnotat.v1]/data[at0001]/items[at0090]/items[at0074]/value","inputs":[{"type":"TEXT","list":[],"listOpen":false}],"formId":"dips_bds/bds_spl_operasjonsnotat/new_cluster13/preparat_histologi","viewConfig":{"multiplicity":{"min":0,"max":1},"advanced":{"hidden":false,"readonly":false,"hideFrame":false,"render":false},"label":{"custom":false,"useLocalizations":false},"size":{"field":"inherit","label":"inherit"},"layout":{"label":{"valign":"inherit","align":"inherit"},"field":{"valign":"inherit","align":"inherit"}},"datasource":{"loadRemote":false,"parameters":{}},"annotations":{},"field":{"lines":null,"input":{}}}},{"name":"Preparat Bakteriologi","localizedName":"Preparat Bakteriologi","localizedNames":{"en":"*Preparat Bakteriologi (nb)","nb":"Preparat Bakteriologi"},"localizedDescriptions":{"nb":"*","en":"** (nb)"},"rmType":"DV_TEXT","nodeId":"at0076","min":0,"max":1,"aqlPath":"/content[openEHR-EHR-EVALUATION.dips_bds_spl_operasjonsnotat.v1]/data[at0001]/items[at0090]/items[at0076]/value","inputs":[{"type":"TEXT","list":[],"listOpen":false}],"formId":"dips_bds/bds_spl_operasjonsnotat/new_cluster13/preparat_bakteriologi","viewConfig":{"multiplicity":{"min":0,"max":1},"advanced":{"hidden":false,"readonly":false,"hideFrame":false,"render":false},"label":{"custom":false,"useLocalizations":false},"size":{"field":"inherit","label":"inherit"},"layout":{"label":{"valign":"inherit","align":"inherit"},"field":{"valign":"inherit","align":"inherit"}},"datasource":{"loadRemote":false,"parameters":{}},"annotations":{},"field":{"lines":null,"input":{}}}},{"name":"Annet","localizedName":"Annet","localizedNames":{"en":"*Annet (nb)","nb":"Annet"},"localizedDescriptions":{"nb":"*","en":"** (nb)"},"rmType":"DV_TEXT","nodeId":"at0075","min":0,"max":1,"aqlPath":"/content[openEHR-EHR-EVALUATION.dips_bds_spl_operasjonsnotat.v1]/data[at0001]/items[at0090]/items[at0075]/value","inputs":[{"type":"TEXT","list":[],"listOpen":false}],"formId":"dips_bds/bds_spl_operasjonsnotat/new_cluster13/annet","viewConfig":{"multiplicity":{"min":0,"max":1},"advanced":{"hidden":false,"readonly":false,"hideFrame":false,"render":false},"label":{"custom":false,"useLocalizations":false},"size":{"field":"inherit","label":"inherit"},"layout":{"label":{"valign":"inherit","align":"inherit"},"field":{"valign":"inherit","align":"inherit"}},"datasource":{"loadRemote":false,"parameters":{}},"annotations":{},"field":{"lines":null,"input":{}}}}]},{"name":"Tilleggsinformasjon","localizedName":"Tilleggsinformasjon","localizedNames":{"en":"*Tilleggsinformasjon (nb)","nb":"Tilleggsinformasjon"},"localizedDescriptions":{"nb":"*","en":"** (nb)"},"rmType":"CLUSTER","nodeId":"at0091","min":0,"max":1,"aqlPath":"/content[openEHR-EHR-EVALUATION.dips_bds_spl_operasjonsnotat.v1]/data[at0001]/items[at0091]","inputs":[],"formId":"dips_bds/bds_spl_operasjonsnotat/tilleggsinformasjon","viewConfig":{"multiplicity":{"min":0,"max":1},"advanced":{"hidden":false,"readonly":false,"hideFrame":false,"render":false},"label":{"custom":false,"useLocalizations":false},"size":{"field":"inherit","label":"inherit"},"layout":{"label":{"valign":"inherit","align":"inherit"},"field":{"valign":"inherit","align":"inherit"}},"annotations":{},"field":{}},"children":[{"name":"Tilleggsinformasjon","localizedName":"Tilleggsinformasjon","localizedNames":{"en":"*Tilleggsinformasjon (nb)","nb":"Tilleggsinformasjon"},"localizedDescriptions":{"nb":"*","en":"** (nb)"},"rmType":"DV_TEXT","nodeId":"at0078","min":0,"max":1,"aqlPath":"/content[openEHR-EHR-EVALUATION.dips_bds_spl_operasjonsnotat.v1]/data[at0001]/items[at0091]/items[at0078]/value","inputs":[{"type":"TEXT","list":[],"listOpen":false}],"formId":"dips_bds/bds_spl_operasjonsnotat/tilleggsinformasjon/tilleggsinformasjon","viewConfig":{"multiplicity":{"min":0,"max":1},"advanced":{"hidden":false,"readonly":false,"hideFrame":false,"render":false},"label":{"custom":false,"useLocalizations":false},"size":{"field":"inherit","label":"inherit"},"layout":{"label":{"valign":"inherit","align":"top"},"field":{"valign":"inherit","align":"inherit"}},"datasource":{"loadRemote":false,"parameters":{}},"annotations":{},"field":{"lines":"2","input":{"lines":2}}}},{"name":"Totalt ant. pers. på opr.stue","localizedName":"Totalt ant. pers. på opr.stue","localizedNames":{"en":"*Totalt ant. pers. på opr.stue (nb)","nb":"Totalt ant. pers. på opr.stue"},"localizedDescriptions":{"nb":"*","en":"** (nb)"},"rmType":"DV_TEXT","nodeId":"at0079","min":0,"max":1,"aqlPath":"/content[openEHR-EHR-EVALUATION.dips_bds_spl_operasjonsnotat.v1]/data[at0001]/items[at0091]/items[at0079]/value","inputs":[{"type":"TEXT","list":[],"listOpen":false}],"formId":"dips_bds/bds_spl_operasjonsnotat/tilleggsinformasjon/totalt_ant._pers._på_opr.stue","viewConfig":{"multiplicity":{"min":0,"max":1},"advanced":{"hidden":false,"readonly":false,"hideFrame":false,"render":false},"label":{"custom":false,"useLocalizations":false},"size":{"field":"inherit","label":"inherit"},"layout":{"label":{"valign":"inherit","align":"inherit"},"field":{"valign":"inherit","align":"inherit"}},"datasource":{"loadRemote":false,"parameters":{}},"annotations":{},"field":{"lines":null,"input":{}}}}]}]}