{"name":"Form root","localizedNames":{},"localizedDescriptions":{},"rmType":"FORM_DEFINITION","min":0,"max":0,"formId":"form_root","viewConfig":{"label":{"custom":false,"useLocalizations":false},"size":{"field":"inherit","label":"inherit"},"layout":{"label":{"valign":"inherit","align":"inherit"},"field":{"valign":"inherit","align":"inherit"}},"annotations":{}},"children":[{"name":"Klinisk kontakt","localizedName":"Klinisk kontakt","localizedNames":{"en":"*Klinisk kontakt (nb)","nb":"Klinisk kontakt"},"localizedDescriptions":{"nb":"Interaksjon, kontakt eller omsorgshendelse mellom et individ og helsepersonell.","en":"*Interaksjon, kontakt eller omsorgshendelse mellom et individ og helsepersonell. (nb)"},"rmType":"COMPOSITION","nodeId":"openEHR-EHR-COMPOSITION.encounter.v1","min":1,"max":1,"aqlPath":"/","inputs":[],"formId":"klinisk_kontakt","viewConfig":{"multiplicity":{"min":1,"max":1},"advanced":{"hidden":false,"readonly":false,"hideFrame":false,"render":false},"label":{"custom":false,"useLocalizations":false},"size":{"field":"inherit","label":"-1"},"layout":{"label":{"valign":"inherit","align":"inherit"},"field":{"valign":"inherit","align":"inherit"}},"annotations":{},"field":{},"tags":["HideLabel"]},"children":[{"name":"Start time","localizedName":"Start time","localizedNames":{"en":"*Start time (en)","nb":"Start time"},"localizedDescriptions":{},"rmType":"DV_DATE_TIME","min":0,"max":1,"aqlPath":"/context/start_time","inputs":[{"type":"DATETIME","listOpen":false}],"formId":"klinisk_kontakt/start_time","viewConfig":{"multiplicity":{"min":0,"max":1},"advanced":{"hidden":true,"readonly":false,"hideFrame":false,"render":false},"label":{"custom":false,"useLocalizations":false},"size":{"field":"inherit","label":"inherit"},"layout":{"label":{"valign":"inherit","align":"inherit"},"field":{"valign":"inherit","align":"inherit"}},"annotations":{"calc":"timeset"},"field":{"input":{"hideTime":false,"dateFormat":"","hideDate":false}}}},{"name":"Risiko for trykksår Pasientsikkerhetsprogrammet","localizedName":"Risiko for trykksår Pasientsikkerhetsprogrammet","localizedNames":{"en":"*Risiko for trykksår Pasientsikkerhetsprogrammet (nb)","nb":"Risiko for trykksår Pasientsikkerhetsprogrammet"},"localizedDescriptions":{"nb":"Tre spørsmål for å vurdere alle pasienter for trykksårrisiko ved innleggelse i sykehus, og ved første møte med pasienter i sykehjem. Gjengitt fra Tiltak 1 i Pasientsikkerhetsprogrammets innsatsområde \"Forebygging av trykksår\".","en":"*Tre spørsmål for å vurdere alle pasienter for trykksårrisiko ved innleggelse i sykehus, og ved første møte med pasienter i sykehjem. Gjengitt fra Tiltak 1 i Pasientsikkerhetsprogrammets innsatsområde \"Forebygging av trykksår\". (nb)"},"rmType":"OBSERVATION","nodeId":"openEHR-EHR-OBSERVATION.decubitus_risk_npsp.v1","min":1,"max":1,"aqlPath":"/content[openEHR-EHR-OBSERVATION.decubitus_risk_npsp.v1]","inputs":[],"formId":"klinisk_kontakt/risiko_for_trykksår_pasientsikkerhetsprogrammet","viewConfig":{"multiplicity":{"min":1,"max":1},"advanced":{"hidden":false,"readonly":false,"hideFrame":false,"render":false},"label":{"custom":false,"useLocalizations":false},"size":{"field":"inherit","label":"inherit"},"layout":{"label":{"valign":"inherit","align":"inherit"},"field":{"valign":"inherit","align":"inherit"}},"annotations":{},"field":{}},"children":[{"name":"Origin","localizedName":"Origin","localizedNames":{"en":"*Origin (en)","nb":"Origin"},"localizedDescriptions":{},"rmType":"DV_DATE_TIME","min":0,"max":1,"aqlPath":"/content[openEHR-EHR-OBSERVATION.decubitus_risk_npsp.v1]/data[at0001]/origin","inputs":[{"type":"DATETIME","listOpen":false}],"formId":"klinisk_kontakt/risiko_for_trykksår_pasientsikkerhetsprogrammet/event_series/origin","viewConfig":{"multiplicity":{"min":0,"max":1},"advanced":{"hidden":true,"readonly":false,"hideFrame":false,"render":false},"label":{"custom":false,"useLocalizations":false},"size":{"field":"inherit","label":"inherit"},"layout":{"label":{"valign":"inherit","align":"inherit"},"field":{"valign":"inherit","align":"inherit"}},"annotations":{"calc":"timeset"},"field":{"input":{"hideTime":false,"dateFormat":"","hideDate":false}}}},{"name":"Uspesifisert hendelse","localizedName":"Uspesifisert hendelse","localizedNames":{"en":"*Uspesifisert hendelse (nb)","nb":"Uspesifisert hendelse"},"localizedDescriptions":{"nb":"Standard, uspesifisert tidspunkt eller tidsintervall som kan defineres mer eksplisitt i en template eller i en applikasjon.","en":"*Standard, uspesifisert tidspunkt eller tidsintervall som kan defineres mer eksplisitt i en template eller i en applikasjon. (nb)"},"rmType":"EVENT","nodeId":"at0002","min":1,"max":1,"aqlPath":"/content[openEHR-EHR-OBSERVATION.decubitus_risk_npsp.v1]/data[at0001]/events[at0002]","inputs":[],"formId":"klinisk_kontakt/risiko_for_trykksår_pasientsikkerhetsprogrammet/uspesifisert_hendelse","viewConfig":{"multiplicity":{"min":1,"max":1},"advanced":{"hidden":false,"readonly":false,"hideFrame":false,"render":false},"label":{"custom":false,"useLocalizations":false},"size":{"field":"inherit","label":"-1"},"layout":{"label":{"valign":"inherit","align":"inherit"},"field":{"valign":"inherit","align":"inherit"}},"annotations":{},"tags":["HideLabel"]},"children":[{"name":"Trykksår","localizedName":"Trykksår","localizedNames":{"en":"*Trykksår (nb)","nb":"Trykksår"},"localizedDescriptions":{"nb":"Har pasienten trykksår ved innleggelse/overflytting?","en":"*Har pasienten trykksår ved innleggelse/overflytting? (nb)"},"rmType":"DV_CODED_TEXT","nodeId":"at0004","min":1,"max":1,"aqlPath":"/content[openEHR-EHR-OBSERVATION.decubitus_risk_npsp.v1]/data[at0001]/events[at0002]/data[at0003]/items[at0004]/value","inputs":[{"suffix":"code","type":"CODED_TEXT","list":[{"value":"at0008","label":"Ja","ordinal":0,"localizedLabels":{"nb":"Ja","en":"*Ja (nb)"},"localizedDescriptions":{"nb":"Pasienten har trykksår ved innleggelse/overflytting.","en":"*Pasienten har trykksår ved innleggelse/overflytting. (nb)"}},{"value":"at0009","label":"Nei","ordinal":0,"localizedLabels":{"nb":"Nei","en":"*Nei (nb)"},"localizedDescriptions":{"nb":"Pasienten har ikke trykksår ved innleggelse/overflytting.","en":"*Pasienten har ikke trykksår ved innleggelse/overflytting. (nb)"}}],"listOpen":false}],"formId":"klinisk_kontakt/risiko_for_trykksår_pasientsikkerhetsprogrammet/uspesifisert_hendelse/trykksår","viewConfig":{"multiplicity":{"min":1,"max":1},"advanced":{"hidden":false,"readonly":false,"hideFrame":false,"render":false},"label":{"custom":false,"useLocalizations":false},"size":{"field":"inherit","label":"inherit"},"layout":{"label":{"valign":"inherit","align":"inherit"},"field":{"valign":"inherit","align":"inherit"}},"annotations":{"calcId":"trykksår"},"field":{"code":{"presentation":"radios","columns":"2"}}}},{"name":"Stillingsendring","localizedName":"Stillingsendring","localizedNames":{"en":"*Stillingsendring (nb)","nb":"Stillingsendring"},"localizedDescriptions":{"nb":"Har pasienten behov for hjelp til å endre stilling i seng eller stol?","en":"*Har pasienten behov for hjelp til å endre stilling i seng eller stol? (nb)"},"rmType":"DV_CODED_TEXT","nodeId":"at0005","min":1,"max":1,"aqlPath":"/content[openEHR-EHR-OBSERVATION.decubitus_risk_npsp.v1]/data[at0001]/events[at0002]/data[at0003]/items[at0005]/value","inputs":[{"suffix":"code","type":"CODED_TEXT","list":[{"value":"at0010","label":"Ja","ordinal":0,"localizedLabels":{"nb":"Ja","en":"*Ja (nb)"},"localizedDescriptions":{"nb":"Pasienten har behov for hjelp til å endre stilling i seng eller stol.","en":"*Pasienten har behov for hjelp til å endre stilling i seng eller stol. (nb)"}},{"value":"at0011","label":"Nei","ordinal":0,"localizedLabels":{"nb":"Nei","en":"*Nei (nb)"},"localizedDescriptions":{"nb":"Pasienten har ikke behov for hjelp til å endre stilling i seng eller stol.","en":"*Pasienten har ikke behov for hjelp til å endre stilling i seng eller stol. (nb)"}}],"listOpen":false}],"formId":"klinisk_kontakt/risiko_for_trykksår_pasientsikkerhetsprogrammet/uspesifisert_hendelse/stillingsendring","viewConfig":{"multiplicity":{"min":1,"max":1},"advanced":{"hidden":false,"readonly":false,"hideFrame":false,"render":false},"label":{"custom":false,"useLocalizations":false},"size":{"field":"inherit","label":"inherit"},"layout":{"label":{"valign":"inherit","align":"inherit"},"field":{"valign":"inherit","align":"inherit"}},"annotations":{"calcId":"stillingsendring"},"field":{"code":{"presentation":"radios","columns":"2"}}}},{"name":"Risiko for trykksår","localizedName":"Risiko for trykksår","localizedNames":{"en":"*Risiko for trykksår (nb)","nb":"Risiko for trykksår"},"localizedDescriptions":{"nb":"Vurderer du det som sannsynlig at pasienten kan få trykksår under innleggelsen?","en":"*Vurderer du det som sannsynlig at pasienten kan få trykksår under innleggelsen? (nb)"},"rmType":"DV_CODED_TEXT","nodeId":"at0006","min":1,"max":1,"aqlPath":"/content[openEHR-EHR-OBSERVATION.decubitus_risk_npsp.v1]/data[at0001]/events[at0002]/data[at0003]/items[at0006]/value","inputs":[{"suffix":"code","type":"CODED_TEXT","list":[{"value":"at0012","label":"Ja","ordinal":0,"localizedLabels":{"nb":"Ja","en":"*Ja (nb)"},"localizedDescriptions":{"nb":"Det er sannsynlig at pasienten kan få trykksår under innleggelsen.","en":"*Det er sannsynlig at pasienten kan få trykksår under innleggelsen. (nb)"}},{"value":"at0013","label":"Nei","ordinal":0,"localizedLabels":{"nb":"Nei","en":"*Nei (nb)"},"localizedDescriptions":{"nb":"Det er ikke sannsynlig at pasienten kan få trykksår under innleggelsen.","en":"*Det er ikke sannsynlig at pasienten kan få trykksår under innleggelsen. (nb)"}}],"listOpen":false}],"formId":"klinisk_kontakt/risiko_for_trykksår_pasientsikkerhetsprogrammet/uspesifisert_hendelse/risiko_for_trykksår","viewConfig":{"multiplicity":{"min":1,"max":1},"advanced":{"hidden":false,"readonly":false,"hideFrame":false,"render":false},"label":{"custom":false,"useLocalizations":false},"size":{"field":"inherit","label":"inherit"},"layout":{"label":{"valign":"inherit","align":"inherit"},"field":{"valign":"inherit","align":"inherit"}},"annotations":{"calcId":"risikotrykksår"},"field":{"code":{"presentation":"radios","columns":"2"}}}},{"name":"Kommentar","localizedName":"Kommentar","localizedNames":{"en":"*Kommentar (nb)","nb":"Kommentar"},"localizedDescriptions":{"nb":"Tekstlig beskrivelse av vurderingen som ikke er dekket av andre felt.","en":"*Tekstlig beskrivelse av vurderingen som ikke er dekket av andre felt. (nb)"},"rmType":"DV_TEXT","nodeId":"at0007","min":0,"max":1,"aqlPath":"/content[openEHR-EHR-OBSERVATION.decubitus_risk_npsp.v1]/data[at0001]/events[at0002]/data[at0003]/items[at0007]/value","inputs":[{"type":"TEXT","list":[],"listOpen":false}],"formId":"klinisk_kontakt/risiko_for_trykksår_pasientsikkerhetsprogrammet/uspesifisert_hendelse/kommentar","viewConfig":{"multiplicity":{"min":0,"max":1},"advanced":{"hidden":false,"readonly":false,"hideFrame":false,"render":false},"label":{"custom":false,"useLocalizations":false},"size":{"field":"inherit","label":"inherit"},"layout":{"label":{"valign":"inherit","align":"inherit"},"field":{"valign":"inherit","align":"inherit"}},"datasource":{"loadRemote":false,"parameters":{}},"annotations":{},"field":{"lines":null,"input":{}}}},{"name":"Time","localizedName":"tidspunkt for scoring","localizedNames":{"en":"*Time (en)","nb":"tidspunkt for scoring"},"localizedDescriptions":{},"rmType":"DV_DATE_TIME","min":0,"max":1,"aqlPath":"/content[openEHR-EHR-OBSERVATION.decubitus_risk_npsp.v1]/data[at0001]/events[at0002]/time","inputs":[{"type":"DATETIME","listOpen":false}],"formId":"klinisk_kontakt/risiko_for_trykksår_pasientsikkerhetsprogrammet/uspesifisert_hendelse/time","viewConfig":{"multiplicity":{"min":0,"max":1},"advanced":{"hidden":false,"readonly":false,"hideFrame":false,"render":false},"label":{"custom":false,"useLocalizations":false},"size":{"field":"inherit","label":"inherit"},"layout":{"label":{"valign":"inherit","align":"inherit"},"field":{"valign":"inherit","align":"inherit"}},"annotations":{"templateVariable":"[Sys.now]","calcId":"timeset"},"field":{"input":{"hideTime":false,"dateFormat":"","hideDate":false}}}}]}]}]},{"name":"Fieldset","localizedName":"Kalkulasjoner","localizedNames":{"en":"*Fieldset (en)","nb":"Kalkulasjoner"},"localizedDescriptions":{},"rmType":"GENERIC_FIELDSET","min":0,"max":1,"inputs":[],"formId":"generic-field-20734","viewConfig":{"multiplicity":{"min":0,"max":1},"advanced":{"hidden":true,"readonly":false,"hideFrame":false,"render":false},"label":{"custom":false,"useLocalizations":false},"size":{"field":"inherit","label":"inherit"},"layout":{"label":{"valign":"inherit","align":"inherit"},"field":{"valign":"inherit","align":"inherit"}},"annotations":{},"field":{"formId":null,"name":null}},"children":[{"name":"Input","localizedName":"antall ja","localizedNames":{"en":"*Input (en)","nb":"antall ja"},"localizedDescriptions":{},"rmType":"GENERIC_FIELD","min":0,"max":-1,"inputs":[{"type":"TEXT","list":[],"listOpen":false}],"formId":"generic-field-49867","viewConfig":{"multiplicity":{"min":0,"max":-1},"advanced":{"hidden":false,"readonly":false,"hideFrame":false,"render":false},"label":{"custom":false,"useLocalizations":false},"size":{"field":"inherit","label":"inherit"},"layout":{"label":{"valign":"inherit","align":"inherit"},"field":{"valign":"inherit","align":"inherit"}},"annotations":{"calc":"(IF(\"at0008\"=ifnull($trykksår,\"0\"),1,0)+IF(\"at0010\"=ifnull($stillingsendring,\"0\"),1,0)+IF(\"at0012\"=ifnull($risikotrykksår,\"0\"),1,0))"},"field":{"lines":null,"input":{},"type":"DV_TEXT"}}}]},{"name":"Fieldset","localizedName":"Rød varsel 2","localizedNames":{"en":"*Fieldset (en)","nb":"Høy risiko"},"localizedDescriptions":{},"rmType":"GENERIC_FIELDSET","min":0,"max":1,"inputs":[],"formId":"generic-field-40658","viewConfig":{"multiplicity":{"min":0,"max":1},"advanced":{"hidden":false,"readonly":false,"hideFrame":false,"render":false},"label":{"custom":false,"useLocalizations":false},"size":{"field":"inherit","label":"inherit"},"layout":{"label":{"valign":"inherit","align":"inherit"},"field":{"valign":"inherit","align":"inherit"}},"annotations":{"alertType":"ERROR"},"field":{"formId":null,"name":null}},"children":[{"name":"Input","localizedName":"Høy risiko tekst 2","localizedNames":{"en":"*Input (en)","nb":"Høy risiko tekst 2"},"localizedDescriptions":{},"rmType":"GENERIC_FIELD","min":0,"max":-1,"inputs":[{"type":"TEXT","list":[],"defaultValue":"Pasienten er en høyrisikopasient med tanke på utvikling av trykksår. ","listOpen":false}],"formId":"generic-field-26072","viewConfig":{"multiplicity":{"min":0,"max":-1},"advanced":{"hidden":false,"readonly":true,"hideFrame":false,"render":false},"label":{"custom":false,"useLocalizations":false},"size":{"field":"inherit","label":"-1"},"layout":{"label":{"valign":"inherit","align":"inherit"},"field":{"valign":"inherit","align":"inherit"}},"annotations":{},"field":{"lines":null,"input":{},"type":"DV_TEXT"},"tags":["HideLabel"]}}]},{"name":"Fieldset","localizedName":"Rød varsel","localizedNames":{"en":"*Fieldset (en)","nb":"Høy risiko"},"localizedDescriptions":{},"rmType":"GENERIC_FIELDSET","min":0,"max":1,"inputs":[],"formId":"generic-field-68713","viewConfig":{"multiplicity":{"min":0,"max":1},"advanced":{"hidden":false,"readonly":false,"hideFrame":false,"render":false},"label":{"custom":false,"useLocalizations":false},"size":{"field":"inherit","label":"inherit"},"layout":{"label":{"valign":"inherit","align":"inherit"},"field":{"valign":"inherit","align":"inherit"}},"annotations":{"alertType":"ERROR"},"field":{"formId":null,"name":null}},"children":[{"name":"Input","localizedName":"Høy risiko tekst","localizedNames":{"en":"*Input (en)","nb":"Høy risiko tekst"},"localizedDescriptions":{},"rmType":"GENERIC_FIELD","min":0,"max":-1,"inputs":[{"type":"TEXT","list":[],"defaultValue":"Pasienten er en høyrisikopasient med tanke på utvikling av trykksår. ","listOpen":false}],"formId":"generic-field-95010","viewConfig":{"multiplicity":{"min":0,"max":-1},"advanced":{"hidden":false,"readonly":true,"hideFrame":false,"render":false},"label":{"custom":false,"useLocalizations":false},"size":{"field":"inherit","label":"-1"},"layout":{"label":{"valign":"inherit","align":"inherit"},"field":{"valign":"inherit","align":"inherit"}},"annotations":{},"field":{"lines":null,"input":{},"type":"DV_TEXT"},"tags":["HideLabel"]}}]},{"name":"Fieldset","localizedName":"Moderat risiko","localizedNames":{"en":"*Fieldset (en)","nb":"Moderat risiko"},"localizedDescriptions":{},"rmType":"GENERIC_FIELDSET","min":0,"max":1,"inputs":[],"formId":"generic-field-58521","viewConfig":{"multiplicity":{"min":0,"max":1},"advanced":{"hidden":false,"readonly":false,"hideFrame":false,"render":false},"label":{"custom":false,"useLocalizations":false},"size":{"field":"inherit","label":"inherit"},"layout":{"label":{"valign":"inherit","align":"inherit"},"field":{"valign":"inherit","align":"inherit"}},"annotations":{"alertType":"WARNING"},"field":{"formId":null,"name":null}},"children":[{"name":"Input","localizedName":"Moderat risiko tekst","localizedNames":{"en":"*Input (en)","nb":"Moderat risiko tekst"},"localizedDescriptions":{},"rmType":"GENERIC_FIELD","min":0,"max":-1,"inputs":[{"type":"TEXT","list":[],"defaultValue":"Pasienten er en risikopasient med tanke på utvikling av trykksår. ","listOpen":false}],"formId":"generic-field-80881","viewConfig":{"multiplicity":{"min":0,"max":-1},"advanced":{"hidden":false,"readonly":true,"hideFrame":false,"render":false},"label":{"custom":false,"useLocalizations":false},"size":{"field":"inherit","label":"-1"},"layout":{"label":{"valign":"inherit","align":"inherit"},"field":{"valign":"inherit","align":"inherit"}},"annotations":{},"field":{"lines":null,"input":{},"type":"DV_TEXT"},"tags":["HideLabel"]}}]},{"name":"Fieldset","localizedName":"Lav risiko","localizedNames":{"en":"*Fieldset (en)","nb":"Lav risiko"},"localizedDescriptions":{},"rmType":"GENERIC_FIELDSET","min":0,"max":1,"inputs":[],"formId":"generic-field-01772","viewConfig":{"multiplicity":{"min":0,"max":1},"advanced":{"hidden":false,"readonly":false,"hideFrame":false,"render":false},"label":{"custom":false,"useLocalizations":false},"size":{"field":"inherit","label":"inherit"},"layout":{"label":{"valign":"inherit","align":"inherit"},"field":{"valign":"inherit","align":"inherit"}},"annotations":{"alertType":"SUCCESS"},"field":{"formId":null,"name":null}},"children":[{"name":"Input","localizedName":"Lav risiko tekst","localizedNames":{"en":"*Input (en)","nb":"Lav risiko tekst"},"localizedDescriptions":{},"rmType":"GENERIC_FIELD","min":0,"max":-1,"inputs":[{"type":"TEXT","list":[],"defaultValue":"Pasienten er IKKE en risikopasient med tanke på utvikling av trykksår. ","listOpen":false}],"formId":"generic-field-72551","viewConfig":{"multiplicity":{"min":0,"max":-1},"advanced":{"hidden":false,"readonly":true,"hideFrame":false,"render":false},"label":{"custom":false,"useLocalizations":false},"size":{"field":"inherit","label":"-1"},"layout":{"label":{"valign":"inherit","align":"inherit"},"field":{"valign":"inherit","align":"inherit"}},"annotations":{},"field":{"lines":null,"input":{},"type":"DV_TEXT"},"tags":["HideLabel"]}}]}]}