[{"col":1,"row":1,"width":12,"height":29,"children":[{"id":"klinisk_kontakt","rows":[{"cols":[{"width":"100%","children":[{"id":"klinisk_kontakt/start_time","rows":[]},{"id":"klinisk_kontakt/risiko_for_trykksår_pasientsikkerhetsprogrammet","rows":[{"cols":[{"width":"100%","children":[{"id":"klinisk_kontakt/risiko_for_trykksår_pasientsikkerhetsprogrammet/event_series/origin","rows":[]},{"id":"klinisk_kontakt/risiko_for_trykksår_pasientsikkerhetsprogrammet/uspesifisert_hendelse","rows":[{"cols":[{"width":"100%","children":[{"id":"klinisk_kontakt/risiko_for_trykksår_pasientsikkerhetsprogrammet/uspesifisert_hendelse/trykksår","rows":[]},{"id":"klinisk_kontakt/risiko_for_trykksår_pasientsikkerhetsprogrammet/uspesifisert_hendelse/stillingsendring","rows":[]},{"id":"klinisk_kontakt/risiko_for_trykksår_pasientsikkerhetsprogrammet/uspesifisert_hendelse/risiko_for_trykksår","rows":[]},{"id":"klinisk_kontakt/risiko_for_trykksår_pasientsikkerhetsprogrammet/uspesifisert_hendelse/kommentar","rows":[]},{"id":"klinisk_kontakt/risiko_for_trykksår_pasientsikkerhetsprogrammet/uspesifisert_hendelse/time","rows":[]}]}]}]}]}]}]}]}]}]}]},{"col":13,"row":1,"width":10,"height":29,"children":[{"id":"generic-field-20734","rows":[{"cols":[{"width":"100%","children":[{"id":"generic-field-49867","rows":[]}]}]}]},{"id":"generic-field-40658","rows":[{"cols":[{"width":"100%","children":[{"id":"generic-field-26072","rows":[]}]}]}]},{"id":"generic-field-68713","rows":[{"cols":[{"width":"100%","children":[{"id":"generic-field-95010","rows":[]}]}]}]},{"id":"generic-field-58521","rows":[{"cols":[{"width":"100%","children":[{"id":"generic-field-80881","rows":[]}]}]}]},{"id":"generic-field-01772","rows":[{"cols":[{"width":"100%","children":[{"id":"generic-field-72551","rows":[]}]}]}]}]}]