[{"field":"generic-field-49867","conditions":[{"operator":"equals","value":{"value":"0"},"actions":[{"action":"show","target":"generic-field-01772"},{"action":"show","target":"generic-field-72551"}]},{"operator":"notequals","value":{"value":"0"},"actions":[{"action":"hide","target":"generic-field-01772"},{"action":"hide","target":"generic-field-72551"}]},{"operator":"equals","value":{"value":"1"},"actions":[{"action":"show","target":"generic-field-58521"},{"action":"show","target":"generic-field-58521"}]},{"operator":"notequals","value":{"value":"1"},"actions":[{"action":"hide","target":"generic-field-58521"},{"action":"hide","target":"generic-field-58521"}]},{"operator":"equals","value":{"value":"2"},"actions":[{"action":"show","target":"generic-field-68713"},{"action":"show","target":"generic-field-95010"}]},{"operator":"notequals","value":{"value":"2"},"actions":[{"action":"hide","target":"generic-field-68713"},{"action":"hide","target":"generic-field-95010"}]},{"operator":"equals","value":{"value":"3"},"actions":[{"action":"show","target":"generic-field-40658"},{"action":"show","target":"generic-field-26072"}]},{"operator":"notequals","value":{"value":"3"},"actions":[{"action":"hide","target":"generic-field-40658"},{"action":"hide","target":"generic-field-26072"}]}]}]