{"name":"Form root","localizedNames":{},"localizedDescriptions":{},"rmType":"FORM_DEFINITION","min":0,"max":0,"formId":"form_root","viewConfig":{"label":{"custom":false,"useLocalizations":false},"size":{"field":"inherit","label":"inherit"},"layout":{"label":{"valign":"inherit","align":"inherit"},"field":{"valign":"inherit","align":"inherit"}},"annotations":{"#meals":"select\r\nc/uid as cid, a/data[at0001]/items[at0005 and name/value='Beskrivelse mat logistikk og preferanser']/value\r\nfrom\r\n   composition c[openEHR-EHR-COMPOSITION.encounter.v1]\r\ncontains\r\n   ADMIN_ENTRY a[openEHR-EHR-ADMIN_ENTRY.logistic_services_dips.v0]\r\nwhere\r\n   a/name/value = 'Mat'\r\norder by c/context/start_time DESC fetch 1?scope=episodeofcare\r\n"}},"children":[{"name":"Måltid","localizedName":"Måltid","localizedNames":{"en":"*Måltid (en)","nb":"Måltid"},"localizedDescriptions":{"nb":"Angir type tjeneste. ","en":"*Angir type tjeneste.  (nb)"},"rmType":"DV_CODED_TEXT","nodeId":"at0002","min":0,"max":1,"aqlPath":"/content[openEHR-EHR-ADMIN_ENTRY.logistic_services_dips.v0 and name/value='Mat']/data[at0001]/items[at0002 and name/value='Måltid']/value","inputs":[{"suffix":"code","type":"CODED_TEXT","list":[{"value":"246251008","label":"måltidstype (atributt)","ordinal":0,"localizedLabels":{"nb":"måltidstype (atributt)","en":"*måltidstype (atributt) (nb)"},"localizedDescriptions":{}}],"defaultValue":"246251008","listOpen":false}],"formId":"klinisk_kontakt/mat@Mat/måltid@Måltid","viewConfig":{"multiplicity":{"min":0,"max":1},"advanced":{"hidden":true,"readonly":false,"hideFrame":false,"render":false},"label":{"custom":false,"useLocalizations":false},"size":{"field":"inherit","label":"inherit"},"layout":{"label":{"valign":"inherit","align":"inherit"},"field":{"valign":"inherit","align":"inherit"}},"annotations":{},"field":{"code":{"presentation":"combobox","columns":"1"}}}},{"name":"Beskrivelse mat logistikk og preferanser","localizedName":"Mat","localizedNames":{"en":"*Food (en)","nb":"Mat"},"localizedDescriptions":{"nb":"Tekstlig beskrivelse av tjenesten","en":"*Tekstlig beskrivelse av tjenesten (nb)"},"rmType":"DV_TEXT","nodeId":"at0005","min":0,"max":1,"aqlPath":"/content[openEHR-EHR-ADMIN_ENTRY.logistic_services_dips.v0 and name/value='Mat']/data[at0001]/items[at0005 and name/value='Beskrivelse mat logistikk og preferanser']/value","inputs":[{"type":"TEXT","list":[],"listOpen":false}],"formId":"klinisk_kontakt/mat@Mat/beskrivelse_mat_logistikk_og_preferanser@Beskrivelse mat logistikk og preferanser","viewConfig":{"multiplicity":{"min":0,"max":1},"advanced":{"hidden":false,"readonly":false,"hideFrame":false,"render":false},"label":{"custom":false,"useLocalizations":false},"size":{"field":"inherit","label":"inherit"},"layout":{"label":{"valign":"inherit","align":"inherit"},"field":{"valign":"inherit","align":"inherit"}},"datasource":{"loadRemote":false,"parameters":{}},"annotations":{"nullflavour":"271","selectreadonly":"{#meals}"},"field":{"lines":null,"input":{}}}}]}