[{"col":1,"row":1,"width":12,"height":16,"children":[{"id":"nems_score_og_mekanisk_ventilasjon/mekanisk_ventilasjon","rows":[{"cols":[{"width":"100%","children":[{"id":"nems_score_og_mekanisk_ventilasjon/mekanisk_ventilasjon/tube_kontrollert"},{"id":"nems_score_og_mekanisk_ventilasjon/mekanisk_ventilasjon/tube_støttet"},{"id":"nems_score_og_mekanisk_ventilasjon/mekanisk_ventilasjon/cpap"},{"id":"nems_score_og_mekanisk_ventilasjon/mekanisk_ventilasjon/hfov"},{"id":"nems_score_og_mekanisk_ventilasjon/mekanisk_ventilasjon/hfov_inh.gass"},{"id":"nems_score_og_mekanisk_ventilasjon/mekanisk_ventilasjon/respirator_inh.gass"},{"id":"nems_score_og_mekanisk_ventilasjon/mekanisk_ventilasjon/hf-cpap"}]}]}]}]}]