{"formId":"form_root","name":"Form root","rmType":"FORM_DEFINITION","viewConfig":{"label":{"custom":false,"value":"","useLocalizations":false,"localizationsList":{}},"size":{"field":"inherit","label":"inherit","fill":"inherit"},"layout":{"valign":"inherit","align":"inherit"},"tags":[],"annotations":{"#proc_act":"openEHR-EHR-ACTION.procedure.v1?scope=folder","#surg_dtl":"openEHR-EHR-CLUSTER.surgery_details.v1?scope=folder","#spec_req":"openEHR-EHR-CLUSTER.special_requirements_surgery.v1?scope=folder","#antibiotika":"select c/uid/value as cid, a from composition c contains action a[openEHR-EHR-ACTION.medication.v1] where a/name/value='Antibiotikaprofylakse' order by c/context/start_time/value desc fetch 1?scope=folder","#medicine_surgery":"select c/uid/value as cid, a from composition c contains action a[openEHR-EHR-ACTION.medication.v1] where a/name/value='Annen medisin under operasjon' order by c/context/start_time/value desc fetch 1?scope=folder","#height":"openEHR-EHR-OBSERVATION.height.v1?scope=folder","#weight":"openEHR-EHR-OBSERVATION.body_weight.v1?scope=folder","#bp":"openEHR-EHR-OBSERVATION.blood_pressure.v1?scope=folder","#exam_heart":"select c/uid/value as cid, c2 from composition c contains observation o[openEHR-EHR-OBSERVATION.exam.v1] contains cluster c1[openEHR-EHR-CLUSTER.exam_chest.v1] contains cluster c2[openEHR-EHR-CLUSTER.exam_heart.v1] order by c/context/start_time/value desc fetch 1?scope=folder","#exam_lungs":"select c/uid/value as cid, c2 from composition c contains observation o[openEHR-EHR-OBSERVATION.exam.v1] contains cluster c1[openEHR-EHR-CLUSTER.exam_chest.v1] contains cluster c2[openEHR-EHR-CLUSTER.exam_lungs.v1] where c1/name/value='Undersøkelse av hjerte og lunge' order by c/context/start_time/value desc fetch 1?scope=folder","#tobakk":"openEHR-EHR-OBSERVATION.tobacco_use.v1?scope=folder","#medikamenter":"select c/uid/value as cid, o/data[at0001]/events[at0002]/data[at0003]/items[at0009] from composition c contains observation o[openEHR-EHR-OBSERVATION.poor_outcome_and_or_complication_risk_assesement.v1] where o/name/value='Medikamenter og allergier' and o/data[at0001]/events[at0002]/data[at0003]/items[at0009]/name/value='Bruk av medikamenter' order by c/context/start_time/value desc fetch 1?scope=folder","#allergier":"select c/uid/value as cid, o/data[at0001]/events[at0002]/data[at0003]/items[at0009] from composition c contains observation o[openEHR-EHR-OBSERVATION.poor_outcome_and_or_complication_risk_assesement.v1] where o/name/value='Medikamenter og allergier' and o/data[at0001]/events[at0002]/data[at0003]/items[at0009]/name/value='Allergier' order by c/context/start_time/value desc fetch 1?scope=folder","#proc_req":"select c/uid/value as cid, i from composition c contains instruction i[openEHR-EHR-INSTRUCTION.request-procedure.v1] where i/activities[at0001]/description[at0009]/items[at0.2]/value/defining_code/code_string='P1' order by c/context/start_time/value desc fetch 1?scope=folder","#diag":"select c/uid/value as cid, c from composition c contains evaluation e[openEHR-EHR-EVALUATION.problem_diagnosis.v1] where c/archetype_details/template_id/value='Beslutningsnotat.v6' fetch 1?scope=folder","#pri":"openEHR-EHR-CLUSTER.priority_details.v1?scope=folder","#ane_req":"openEHR-EHR-CLUSTER.anesthesia_requested.v1?scope=folder","#time":"openEHR-EHR-CLUSTER.estimated_surgery_time.v1?scope=folder","#pasientstatus":"select c/uid/value as cid, o from composition c contains observation o[openEHR-EHR-OBSERVATION.poor_outcome_and_or_complication_risk_assesement.v1] where o/name/value='Pasientstatus' order by c/context/start_time/value desc fetch 1?scope=folder","#nyha":"openEHR-EHR-CLUSTER.nyha_heart_failure.v1?scope=folder","#eval_luftvei":"select c/uid/value as cid, o from composition c contains observation o[openEHR-EHR-OBSERVATION.poor_outcome_and_or_complication_risk_assesement.v1] where o/name/value='Evaluering av luftvei' order by c/context/start_time/value desc fetch 1?scope=folder","#importantinfo":"openEHR-EHR-CLUSTER.important_information.v1?scope=folder","#ane_eval":"select c/uid/value as cid, c/content[openEHR-EHR-SECTION.adhoc.v1 and name/value='Preoperativ evaluering']/items[openEHR-EHR-OBSERVATION.preoperative_evaluation_anesthesia.v1] from composition c contains cluster u[openEHR-EHR-CLUSTER.planned_anesthesia.v1] order by c/context/start_time/value desc fetch 1?scope=folder","#mallampati":"openEHR-EHR-CLUSTER.mallampati_classification.v1?scope=folder","#planned_anesthesia":"openEHR-EHR-CLUSTER.planned_anesthesia.v1?scope=folder","#asa_beslutning":"select c/uid/value as cid, ci from composition c contains instruction i[openEHR-EHR-INSTRUCTION.request-procedure.v1] contains cluster ci[openEHR-EHR-CLUSTER.asa_status.v1] order by c/context/start_time/value desc fetch 1?scope=folder","#asa_operator":"select c/uid/value as cid, ci from composition c contains observation o[openEHR-EHR-OBSERVATION.exam.v1] contains cluster ci[openEHR-EHR-CLUSTER.asa_status.v1] order by c/context/start_time/value desc fetch 1?scope=folder","#asa_anestesi":"select c/uid/value as cid, ci from composition c contains observation o[openEHR-EHR-OBSERVATION.poor_outcome_and_or_complication_risk_assesement.v1] contains cluster ci[openEHR-EHR-CLUSTER.asa_status.v1] order by c/context/start_time/value desc fetch 1?scope=folder","#medikamenter_allergier":"select c/uid/value as cid, o/data[at0001]/events[at0002]/data[at0003] from composition c contains observation o[openEHR-EHR-OBSERVATION.poor_outcome_and_or_complication_risk_assesement.v1] where o/name/value='Medikamenter og allergier' order by c/context/start_time/value desc fetch 1?scope=folder","#important_instruction":"select c/uid/value as cid, i/activities[at0001]/description[at0009]/items[openEHR-EHR-CLUSTER.important_information.v1]/items[at0001] from composition c contains instruction i[openEHR-EHR-INSTRUCTION.request-procedure.v1] order by c/context/start_time/value desc fetch 1?scope=folder","#important_action":"select c/uid/value as cid, a/description[at0001]/items[openEHR-EHR-CLUSTER.important_information.v1]/items[at0001] from composition c contains action a[openEHR-EHR-ACTION.procedure.v1] order by c/context/start_time/value desc fetch 1?scope=folder"}},"language":"nb","templateLanguages":["nb"],"children":[{"localizedName":"Fieldset","localizedNames":{"nb":"Pasient"},"min":0,"max":-1,"name":"Fieldset","rmType":"GENERIC_FIELDSET","fid":"generic-field-98464","formId":"generic-field-98464","children":[{"annotations":{"comment":"Generic input field used to add custom fields."},"inputs":[{"type":"TEXT"}],"localizedName":"Input","localizedNames":{"nb":"Input"},"max":-1,"min":0,"name":"Input","rmType":"GENERIC_FIELD","fid":"generic-field-77149","formId":"generic-field-77149","viewConfig":{"label":{"custom":true,"value":"Høyde","useLocalizations":true,"localizationsList":{"nb":"Høyde"}},"advanced":{"hidden":false,"readonly":true},"multiplicity":{"min":"0","max":"1"},"size":{"field":"inherit","label":"inherit","fill":"inherit"},"layout":{"label":{"valign":"inherit","align":"inherit"},"field":{"valign":"inherit","align":"inherit"}},"tags":[],"datasource":{"loadRemote":false,"loadRemoteUrl":"","terminology":""},"annotations":{"format":"{#height:/data[at0001]/events[at0002]/data[at0003]/items[at0004]/value}"},"field":{"input":{"presentation":"textfield"}}},"defaultValue":{"value":""}},{"annotations":{"comment":"Generic input field used to add custom fields."},"inputs":[{"type":"TEXT"}],"localizedName":"Input","localizedNames":{"nb":"Input"},"max":-1,"min":0,"name":"Input","rmType":"GENERIC_FIELD","fid":"generic-field-34965","formId":"generic-field-34965","viewConfig":{"label":{"custom":true,"value":"Vekt","useLocalizations":true,"localizationsList":{"nb":"Vekt"}},"advanced":{"hidden":false,"readonly":true},"multiplicity":{"min":"0","max":"1"},"size":{"field":"inherit","label":"inherit","fill":"inherit"},"layout":{"label":{"valign":"inherit","align":"inherit"},"field":{"valign":"inherit","align":"inherit"}},"tags":[],"datasource":{"loadRemote":false,"loadRemoteUrl":"","terminology":""},"annotations":{"format":"{#weight:/data[at0002]/events[at0003]/data[at0001]/items[at0004]/value}"},"field":{"input":{"presentation":"textfield"}}},"defaultValue":{"value":""}},{"annotations":{"comment":"Generic input field used to add custom fields."},"inputs":[{"type":"TEXT"}],"localizedName":"Input","localizedNames":{"nb":"Input"},"max":-1,"min":0,"name":"Input","rmType":"GENERIC_FIELD","fid":"generic-field-74207","formId":"generic-field-74207","viewConfig":{"label":{"custom":true,"value":"Blodtrykk","useLocalizations":true,"localizationsList":{"nb":"Blodtrykk"}},"advanced":{"hidden":false,"readonly":true},"multiplicity":{"min":"0","max":"1"},"size":{"field":"inherit","label":"inherit","fill":"inherit"},"layout":{"label":{"valign":"inherit","align":"inherit"},"field":{"valign":"inherit","align":"inherit"}},"tags":[],"datasource":{"loadRemote":false,"loadRemoteUrl":"","terminology":""},"annotations":{"format":"{#bp:/data[at0001]/events[at0006]/data[at0003]/items[at0004]/value/magnitude}/{#bp:/data[at0001]/events[at0006]/data[at0003]/items[at0005]/value/magnitude} {#bp:/data[at0001]/events[at0006]/data[at0003]/items[at0004]/value/units}"},"field":{"input":{"presentation":"textfield"}}},"defaultValue":{"value":""}},{"annotations":{"comment":"Generic input field used to add custom fields."},"inputs":[{"type":"TEXT"}],"localizedName":"Input","localizedNames":{"nb":"Input"},"max":-1,"min":0,"name":"Input","rmType":"GENERIC_FIELD","fid":"generic-field-37779","formId":"generic-field-37779","defaultValue":{"value":""},"viewConfig":{"label":{"custom":true,"value":"Hjerte","useLocalizations":true,"localizationsList":{"nb":"Hjerte"}},"advanced":{"hidden":false,"readonly":true},"multiplicity":{"min":"0","max":"1"},"size":{"field":"inherit","label":"inherit","fill":"inherit"},"layout":{"label":{"valign":"inherit","align":"inherit"},"field":{"valign":"inherit","align":"inherit"}},"tags":[],"datasource":{"loadRemote":false,"loadRemoteUrl":"","terminology":""},"annotations":{"calc":"if(heart_chk=true,\"Uten anmerkning\",heart_comment)"},"field":{"input":{"presentation":"textfield"}}}},{"annotations":{"comment":"Generic input field used to add custom fields."},"inputs":[{"type":"TEXT"}],"localizedName":"Input","localizedNames":{"nb":"Input"},"max":-1,"min":0,"name":"Input","rmType":"GENERIC_FIELD","fid":"generic-field-2629","formId":"generic-field-2629","defaultValue":{"value":""},"viewConfig":{"label":{"custom":true,"value":"Lunge","useLocalizations":true,"localizationsList":{"nb":"Lunge"}},"advanced":{"hidden":false,"readonly":true},"multiplicity":{"min":"0","max":"1"},"size":{"field":"inherit","label":"inherit","fill":"inherit"},"layout":{"label":{"valign":"inherit","align":"inherit"},"field":{"valign":"inherit","align":"inherit"}},"tags":[],"datasource":{"loadRemote":false,"loadRemoteUrl":"","terminology":""},"annotations":{"calc":"if(lungs_chk=true,\"Uten anmerkning\",lungs_comment)"},"field":{"input":{"presentation":"textfield"}}}},{"annotations":{"comment":"Generic input field used to add custom fields."},"inputs":[{"type":"TEXT"}],"localizedName":"Input","localizedNames":{"nb":"Input"},"max":-1,"min":0,"name":"Input","rmType":"GENERIC_FIELD","fid":"generic-field-69063","formId":"generic-field-69063","defaultValue":{"value":""},"viewConfig":{"label":{"custom":true,"value":"ASA kirurg","useLocalizations":true,"localizationsList":{"nb":"ASA kirurg"}},"advanced":{"hidden":false,"readonly":true},"multiplicity":{"min":"0","max":"1"},"size":{"field":"inherit","label":"inherit","fill":"inherit"},"layout":{"label":{"valign":"inherit","align":"inherit"},"field":{"valign":"inherit","align":"inherit"}},"tags":["IMPORTANT"],"datasource":{"loadRemote":false,"loadRemoteUrl":"","terminology":""},"annotations":{"calc":"IF(LEN(asa_operator)=0,asa_beslutning,asa_operator)"},"field":{"input":{"presentation":"textfield"}}}},{"annotations":{"comment":"Generic input field used to add custom fields."},"inputs":[{"type":"TEXT"}],"localizedName":"Input","localizedNames":{"nb":"Input"},"max":-1,"min":0,"name":"Input","rmType":"GENERIC_FIELD","fid":"generic-field-55921","formId":"generic-field-55921","defaultValue":{"value":""},"viewConfig":{"label":{"custom":true,"value":"ASA anestesi","useLocalizations":true,"localizationsList":{"nb":"ASA anestesi"}},"advanced":{"hidden":false,"readonly":true},"multiplicity":{"min":"0","max":"1"},"size":{"field":"inherit","label":"inherit","fill":"inherit"},"layout":{"label":{"valign":"inherit","align":"inherit"},"field":{"valign":"inherit","align":"inherit"}},"tags":[],"datasource":{"loadRemote":false,"loadRemoteUrl":"","terminology":""},"annotations":{"format":"{#asa_anestesi:/items[at0001]/value}"},"field":{"input":{"presentation":"textfield"}}}},{"annotations":{"comment":"Generic input field used to add custom fields."},"inputs":[{"type":"TEXT"}],"localizedName":"Input","localizedNames":{"nb":"Input"},"max":-1,"min":0,"name":"Input","rmType":"GENERIC_FIELD","fid":"generic-field-36655","formId":"generic-field-36655","defaultValue":{"value":""},"viewConfig":{"label":{"custom":true,"value":"Sirkulasjon","useLocalizations":true,"localizationsList":{"nb":"Sirkulasjon"}},"advanced":{"hidden":false,"readonly":true},"multiplicity":{"min":"0","max":"1"},"size":{"field":"inherit","label":"inherit","fill":"inherit"},"layout":{"label":{"valign":"inherit","align":"inherit"},"field":{"valign":"inherit","align":"inherit"}},"tags":[],"datasource":{"loadRemote":false,"loadRemoteUrl":"","terminology":""},"annotations":{"format":"{#pasientstatus:/data[at0001]/events[at0002]/data[at0003]/items[at0009 and name/value='Sirkulasjon']/items[at0010]/value}"},"field":{"input":{"presentation":"textfield"}}}},{"annotations":{"comment":"Generic input field used to add custom fields."},"inputs":[{"type":"TEXT"}],"localizedName":"Input","localizedNames":{"nb":"Input"},"max":-1,"min":0,"name":"Input","rmType":"GENERIC_FIELD","fid":"generic-field-28158","formId":"generic-field-28158","defaultValue":{"value":""},"viewConfig":{"label":{"custom":true,"value":"NYHA klassifikasjon","useLocalizations":true,"localizationsList":{"nb":"NYHA klassifikasjon"}},"advanced":{"hidden":false,"readonly":true},"multiplicity":{"min":"0","max":"1"},"size":{"field":"inherit","label":"inherit","fill":"inherit"},"layout":{"label":{"valign":"inherit","align":"inherit"},"field":{"valign":"inherit","align":"inherit"}},"tags":[],"datasource":{"loadRemote":false,"loadRemoteUrl":"","terminology":""},"annotations":{"format":"{#nyha:/items[at0001]/value}"},"field":{"input":{"presentation":"textfield"}}}},{"annotations":{"comment":"Generic input field used to add custom fields."},"inputs":[{"type":"TEXT"}],"localizedName":"Input","localizedNames":{"nb":"Input"},"max":-1,"min":0,"name":"Input","rmType":"GENERIC_FIELD","fid":"generic-field-88907","formId":"generic-field-88907","defaultValue":{"value":""},"viewConfig":{"label":{"custom":true,"value":"Respirasjon","useLocalizations":true,"localizationsList":{"nb":"Respirasjon"}},"advanced":{"hidden":false,"readonly":true},"multiplicity":{"min":"0","max":"1"},"size":{"field":"inherit","label":"inherit","fill":"inherit"},"layout":{"label":{"valign":"inherit","align":"inherit"},"field":{"valign":"inherit","align":"inherit"}},"tags":[],"datasource":{"loadRemote":false,"loadRemoteUrl":"","terminology":""},"annotations":{"format":"{#pasientstatus:/data[at0001]/events[at0002]/data[at0003]/items[at0009 and name/value='Respirasjon']/items[at0010]/value}"},"field":{"input":{"presentation":"textfield"}}}},{"annotations":{"comment":"Generic input field used to add custom fields."},"inputs":[{"type":"TEXT"}],"localizedName":"Input","localizedNames":{"nb":"Input"},"max":-1,"min":0,"name":"Input","rmType":"GENERIC_FIELD","fid":"generic-field-2238","formId":"generic-field-2238","defaultValue":{"value":""},"viewConfig":{"label":{"custom":true,"value":"Andre sykdommer","useLocalizations":true,"localizationsList":{"nb":"Andre sykdommer"}},"advanced":{"hidden":false,"readonly":true},"multiplicity":{"min":"0","max":"1"},"size":{"field":"inherit","label":"inherit","fill":"inherit"},"layout":{"label":{"valign":"inherit","align":"inherit"},"field":{"valign":"inherit","align":"inherit"}},"tags":[],"datasource":{"loadRemote":false,"loadRemoteUrl":"","terminology":""},"annotations":{"format":"{#pasientstatus:/data[at0001]/events[at0002]/data[at0003]/items[at0009 and name/value='Andre sykdommer']/items[at0010]/value}"},"field":{"input":{"presentation":"textfield"}}}},{"annotations":{"comment":"Generic input field used to add custom fields."},"inputs":[{"type":"TEXT"}],"localizedName":"Input","localizedNames":{"nb":"Input"},"max":-1,"min":0,"name":"Input","rmType":"GENERIC_FIELD","fid":"generic-field-69828","formId":"generic-field-69828","defaultValue":{"value":""},"viewConfig":{"label":{"custom":true,"value":"Andre helsefaktorer","useLocalizations":true,"localizationsList":{"nb":"Andre helsefaktorer"}},"advanced":{"hidden":false,"readonly":true},"multiplicity":{"min":"0","max":"1"},"size":{"field":"inherit","label":"inherit","fill":"inherit"},"layout":{"label":{"valign":"inherit","align":"inherit"},"field":{"valign":"inherit","align":"inherit"}},"tags":[],"datasource":{"loadRemote":false,"loadRemoteUrl":"","terminology":""},"annotations":{"format":"{#pasientstatus:/data[at0001]/events[at0002]/data[at0003]/items[at0009 and name/value='Andre helsefaktorer']/items[at0010]/value}"},"field":{"input":{"presentation":"textfield"}}}},{"annotations":{"comment":"Generic input field used to add custom fields."},"inputs":[{"type":"TEXT"}],"localizedName":"Input","localizedNames":{"nb":"Input"},"max":-1,"min":0,"name":"Input","rmType":"GENERIC_FIELD","fid":"generic-field-99181","formId":"generic-field-99181","viewConfig":{"label":{"custom":true,"value":"Allergier","useLocalizations":true,"localizationsList":{"nb":"Allergier"}},"advanced":{"hidden":false,"readonly":true},"multiplicity":{"min":"0","max":"100"},"size":{"field":"inherit","label":"inherit","fill":"inherit"},"layout":{"label":{"valign":"inherit","align":"inherit"},"field":{"valign":"inherit","align":"inherit"}},"tags":[],"datasource":{"loadRemote":false,"loadRemoteUrl":"","terminology":""},"annotations":{"calc":"if(allergi_chk=true,allergi_val,if(allergi_chk=false,allergi_chk,\"Ikke valgt\"))"},"field":{"input":{"presentation":"textfield"}}},"defaultValue":{"value":""}},{"annotations":{"comment":"Generic input field used to add custom fields."},"inputs":[{"type":"TEXT"}],"localizedName":"Input","localizedNames":{"nb":"Input"},"max":-1,"min":0,"name":"Input","rmType":"GENERIC_FIELD","fid":"generic-field-18850","formId":"generic-field-18850","viewConfig":{"label":{"custom":true,"value":"Medikamenter","useLocalizations":true,"localizationsList":{"nb":"Medikamenter"}},"advanced":{"hidden":false,"readonly":true},"multiplicity":{"min":"0","max":"1"},"size":{"field":"inherit","label":"inherit","fill":"inherit"},"layout":{"label":{"valign":"inherit","align":"inherit"},"field":{"valign":"inherit","align":"inherit"}},"tags":[],"datasource":{"loadRemote":false,"loadRemoteUrl":"","terminology":""},"annotations":{"calc":"if(medikament_chk=true,medikament_val,if(medikament_chk=false,medikament_chk,\"Ikke valgt\"))"},"field":{"input":{"presentation":"textfield"}}},"defaultValue":{"value":""}},{"annotations":{"comment":"Generic input field used to add custom fields."},"inputs":[{"type":"TEXT"}],"localizedName":"Input","localizedNames":{"nb":"Input"},"max":-1,"min":0,"name":"Input","rmType":"GENERIC_FIELD","fid":"generic-field-11001","formId":"generic-field-11001","viewConfig":{"label":{"custom":true,"value":"Røyking","useLocalizations":true,"localizationsList":{"nb":"Røyking"}},"advanced":{"hidden":false,"readonly":true},"multiplicity":{"min":"0","max":"1"},"size":{"field":"inherit","label":"inherit","fill":"inherit"},"layout":{"label":{"valign":"inherit","align":"inherit"},"field":{"valign":"inherit","align":"inherit"}},"tags":[],"datasource":{"loadRemote":false,"loadRemoteUrl":"","terminology":""},"annotations":{"calc":"if(tobakk_chk=True,tobakk_form_mengde,if(tobakk_chk=false,tobakk_chk,\"Ikke valgt\"))"},"field":{"input":{"presentation":"textfield"}}},"defaultValue":{"value":""}}],"viewConfig":{"label":{"custom":true,"value":"Pasient","useLocalizations":true,"localizationsList":{"nb":"Pasient"}},"advanced":{"hidden":false,"readonly":false,"render":false},"multiplicity":{"min":"0","max":"1"},"size":{"field":"inherit","label":"inherit","fill":"inherit"},"layout":{"label":{"valign":"inherit","align":"inherit"},"field":{"valign":"inherit","align":"inherit"}},"tags":[],"field":{}}},{"localizedName":"Fieldset","localizedNames":{"nb":"Inngrep"},"min":0,"max":-1,"name":"Fieldset","rmType":"GENERIC_FIELDSET","fid":"generic-field-13404","formId":"generic-field-13404","children":[{"annotations":{"comment":"Generic input field used to add custom fields."},"inputs":[{"type":"TEXT"}],"localizedName":"Input","localizedNames":{"nb":"Input"},"max":-1,"min":0,"name":"Input","rmType":"GENERIC_FIELD","fid":"generic-field-14534","formId":"generic-field-14534","defaultValue":{"value":""},"viewConfig":{"label":{"custom":true,"value":"Planlagt inngrep","useLocalizations":true,"localizationsList":{"nb":"Planlagt inngrep"}},"advanced":{"hidden":false,"readonly":true},"multiplicity":{"min":"0","max":"1"},"size":{"field":"inherit","label":"inherit","fill":"inherit"},"layout":{"label":{"valign":"inherit","align":"inherit"},"field":{"valign":"inherit","align":"inherit"}},"tags":[],"datasource":{"loadRemote":false,"loadRemoteUrl":"","terminology":""},"annotations":{"format":"{#proc_act:/description[at0001]/items[at0002]/value}"},"field":{"input":{"presentation":"textfield"}}}},{"annotations":{"comment":"Generic input field used to add custom fields."},"inputs":[{"type":"TEXT"}],"localizedName":"Input","localizedNames":{"nb":"Input"},"max":-1,"min":0,"name":"Input","rmType":"GENERIC_FIELD","fid":"generic-field-12246","formId":"generic-field-12246","defaultValue":{"value":""},"viewConfig":{"label":{"custom":true,"value":"Beskrivelse inngrep","useLocalizations":true,"localizationsList":{"nb":"Beskrivelse inngrep"}},"advanced":{"hidden":false,"readonly":true},"multiplicity":{"min":"0","max":"1"},"size":{"field":"inherit","label":"inherit","fill":"inherit"},"layout":{"label":{"valign":"inherit","align":"inherit"},"field":{"valign":"inherit","align":"inherit"}},"tags":[],"datasource":{"loadRemote":false,"loadRemoteUrl":"","terminology":""},"annotations":{"format":"{#proc_act:/description[at0001]/items[at0049]/value}"},"field":{"input":{"presentation":"textfield"}}}},{"annotations":{"comment":"Generic input field used to add custom fields."},"inputs":[{"type":"TEXT"}],"localizedName":"Input","localizedNames":{"nb":"Input"},"max":-1,"min":0,"name":"Input","rmType":"GENERIC_FIELD","fid":"generic-field-2484","formId":"generic-field-2484","defaultValue":{"value":""},"viewConfig":{"label":{"custom":true,"value":"Indikasjon","useLocalizations":true,"localizationsList":{"nb":"Indikasjon"}},"advanced":{"hidden":false,"readonly":true},"multiplicity":{"min":"0","max":"1"},"size":{"field":"inherit","label":"inherit","fill":"inherit"},"layout":{"label":{"valign":"inherit","align":"inherit"},"field":{"valign":"inherit","align":"inherit"}},"tags":[],"datasource":{"loadRemote":false,"loadRemoteUrl":"","terminology":""},"annotations":{"format":"{#proc_req:/activities[at0001]/description[at0009]/items[at0062]/value}","calcid":"indikasjon"},"field":{"input":{"presentation":"textfield"}}}},{"annotations":{"comment":"Generic input field used to add custom fields."},"inputs":[{"type":"TEXT"}],"localizedName":"Input","localizedNames":{"nb":"Input"},"max":-1,"min":0,"name":"Input","rmType":"GENERIC_FIELD","fid":"generic-field-47526","formId":"generic-field-47526","defaultValue":{"value":""},"viewConfig":{"label":{"custom":true,"value":"Diagnose","useLocalizations":true,"localizationsList":{"nb":"Diagnose"}},"advanced":{"hidden":false,"readonly":true},"multiplicity":{"min":"0","max":"1"},"size":{"field":"inherit","label":"inherit","fill":"inherit"},"layout":{"label":{"valign":"inherit","align":"inherit"},"field":{"valign":"inherit","align":"inherit"}},"tags":[],"datasource":{"loadRemote":false,"loadRemoteUrl":"","terminology":""},"annotations":{"format":"{#diag:/content[openEHR-EHR-EVALUATION.problem_diagnosis.v1]/data[at0001]/items[at0002]/value/value}"},"field":{"input":{"presentation":"textfield"}}}},{"annotations":{"comment":"Generic input field used to add custom fields."},"inputs":[{"type":"TEXT"}],"localizedName":"Input","localizedNames":{"nb":"Input"},"max":-1,"min":0,"name":"Input","rmType":"GENERIC_FIELD","fid":"generic-field-13049","formId":"generic-field-13049","defaultValue":{"value":""},"viewConfig":{"label":{"custom":true,"value":"Planlagt tilleggsinngrep","useLocalizations":true,"localizationsList":{"nb":"Planlagt tilleggsinngrep"}},"advanced":{"hidden":false,"readonly":true},"multiplicity":{"min":"0","max":"1"},"size":{"field":"inherit","label":"inherit","fill":"inherit"},"layout":{"label":{"valign":"inherit","align":"inherit"},"field":{"valign":"inherit","align":"inherit"}},"tags":[],"datasource":{"loadRemote":false,"loadRemoteUrl":"","terminology":""},"annotations":{"format":"{#proc_act:/description[at0001]/items[openEHR-EHR-CLUSTER.additional_procedure_code.v1]/items[at0001]/value}"},"field":{"input":{"presentation":"textfield"}}}},{"annotations":{"comment":"Generic input field used to add custom fields."},"inputs":[{"type":"TEXT"}],"localizedName":"Input","localizedNames":{"nb":"Input"},"max":-1,"min":0,"name":"Input","rmType":"GENERIC_FIELD","fid":"generic-field-60053","formId":"generic-field-60053","defaultValue":{"value":""},"viewConfig":{"label":{"custom":true,"value":"Hastegrad","useLocalizations":true,"localizationsList":{"nb":"Hastegrad"}},"advanced":{"hidden":false,"readonly":true},"multiplicity":{"min":"0","max":"1"},"size":{"field":"inherit","label":"inherit","fill":"inherit"},"layout":{"label":{"valign":"inherit","align":"inherit"},"field":{"valign":"inherit","align":"inherit"}},"tags":[],"datasource":{"loadRemote":false,"loadRemoteUrl":"","terminology":""},"annotations":{"format":"{#proc_req:/activities[at0001]/description[at0009]/items[at0068]/value}"},"field":{"input":{"presentation":"textfield"}}}},{"annotations":{"comment":"Generic input field used to add custom fields."},"inputs":[{"type":"TEXT"}],"localizedName":"Input","localizedNames":{"nb":"Input"},"max":-1,"min":0,"name":"Input","rmType":"GENERIC_FIELD","fid":"generic-field-11700","formId":"generic-field-11700","defaultValue":{"value":""},"viewConfig":{"label":{"custom":true,"value":"Prioritet","useLocalizations":true,"localizationsList":{"nb":"Prioritet"}},"advanced":{"hidden":false,"readonly":true},"multiplicity":{"min":"0","max":"1"},"size":{"field":"inherit","label":"inherit","fill":"inherit"},"layout":{"label":{"valign":"inherit","align":"inherit"},"field":{"valign":"inherit","align":"inherit"}},"tags":[],"datasource":{"loadRemote":false,"loadRemoteUrl":"","terminology":""},"annotations":{"format":"{#pri:/items[at0009]/value}"},"field":{"input":{"presentation":"textfield"}}}},{"annotations":{"comment":"Generic input field used to add custom fields."},"inputs":[{"type":"TEXT"}],"localizedName":"Input","localizedNames":{"nb":"Input"},"max":-1,"min":0,"name":"Input","rmType":"GENERIC_FIELD","fid":"generic-field-12654","formId":"generic-field-12654","defaultValue":{"value":""},"viewConfig":{"label":{"custom":true,"value":"Ønsket anestesi","useLocalizations":true,"localizationsList":{"nb":"Ønsket anestesi"}},"advanced":{"hidden":false,"readonly":true},"multiplicity":{"min":"0","max":"1"},"size":{"field":"inherit","label":"inherit","fill":"inherit"},"layout":{"label":{"valign":"inherit","align":"inherit"},"field":{"valign":"inherit","align":"inherit"}},"tags":[],"datasource":{"loadRemote":false,"loadRemoteUrl":"","terminology":""},"annotations":{"format":"{#ane_req:/items[at0001]/value}"},"field":{"input":{"presentation":"textfield"}}}},{"annotations":{"comment":"Generic input field used to add custom fields."},"inputs":[{"type":"TEXT"}],"localizedName":"Input","localizedNames":{"nb":"Input"},"max":-1,"min":0,"name":"Input","rmType":"GENERIC_FIELD","fid":"generic-field-89678","formId":"generic-field-89678","defaultValue":{"value":""},"viewConfig":{"label":{"custom":true,"value":"Estimert knivtid","useLocalizations":true,"localizationsList":{"nb":"Estimert knivtid"}},"advanced":{"hidden":false,"readonly":true},"multiplicity":{"min":"0","max":"1"},"size":{"field":"inherit","label":"inherit","fill":"inherit"},"layout":{"label":{"valign":"inherit","align":"inherit"},"field":{"valign":"inherit","align":"inherit"}},"tags":[],"datasource":{"loadRemote":false,"loadRemoteUrl":"","terminology":""},"annotations":{"format":"{#time:/items[at0001]/value}"},"field":{"input":{"presentation":"textfield"}}}},{"annotations":{"comment":"Generic input field used to add custom fields."},"inputs":[{"type":"TEXT"}],"localizedName":"Input","localizedNames":{"nb":"Input"},"max":-1,"min":0,"name":"Input","rmType":"GENERIC_FIELD","fid":"generic-field-11677","formId":"generic-field-11677","defaultValue":{"value":""},"viewConfig":{"label":{"custom":true,"value":"Smittestatus","useLocalizations":true,"localizationsList":{"nb":"Smittestatus"}},"advanced":{"hidden":false,"readonly":true},"multiplicity":{"min":"0","max":"1"},"size":{"field":"inherit","label":"inherit","fill":"inherit"},"layout":{"label":{"valign":"inherit","align":"inherit"},"field":{"valign":"inherit","align":"inherit"}},"tags":[],"datasource":{"loadRemote":false,"loadRemoteUrl":"","terminology":""},"annotations":{"format":"{#surg_dtl:/items[at0001]/value}"},"field":{"input":{"presentation":"textfield"}}}},{"annotations":{"comment":"Generic input field used to add custom fields."},"inputs":[{"type":"TEXT"}],"localizedName":"Input","localizedNames":{"nb":"Input"},"max":-1,"min":0,"name":"Input","rmType":"GENERIC_FIELD","fid":"generic-field-97972","formId":"generic-field-97972","defaultValue":{"value":""},"viewConfig":{"label":{"custom":true,"value":"Operasjonsleie","useLocalizations":true,"localizationsList":{"nb":"Operasjonsleie"}},"advanced":{"hidden":false,"readonly":true},"multiplicity":{"min":"0","max":"1"},"size":{"field":"inherit","label":"inherit","fill":"inherit"},"layout":{"label":{"valign":"inherit","align":"inherit"},"field":{"valign":"inherit","align":"inherit"}},"tags":[],"datasource":{"loadRemote":false,"loadRemoteUrl":"","terminology":""},"annotations":{"format":"{#surg_dtl:/items[at0002]/value}"},"field":{"input":{"presentation":"textfield"}}}},{"annotations":{"comment":"Generic input field used to add custom fields."},"inputs":[{"type":"TEXT"}],"localizedName":"Input","localizedNames":{"nb":"Input"},"max":-1,"min":0,"name":"Input","rmType":"GENERIC_FIELD","fid":"generic-field-52908","formId":"generic-field-52908","defaultValue":{"value":""},"viewConfig":{"label":{"custom":true,"value":"Avdekning/incisjon","useLocalizations":true,"localizationsList":{"nb":"Avdekning/incisjon"}},"advanced":{"hidden":false,"readonly":true},"multiplicity":{"min":"0","max":"1"},"size":{"field":"inherit","label":"inherit","fill":"inherit"},"layout":{"label":{"valign":"inherit","align":"inherit"},"field":{"valign":"inherit","align":"inherit"}},"tags":[],"datasource":{"loadRemote":false,"loadRemoteUrl":"","terminology":""},"annotations":{"format":"{#surg_dtl:/items[at0003]/items[at0004]/value}"},"field":{"input":{"presentation":"textfield"}}}},{"annotations":{"comment":"Generic input field used to add custom fields."},"inputs":[{"type":"TEXT"}],"localizedName":"Input","localizedNames":{"nb":"Input"},"max":-1,"min":0,"name":"Input","rmType":"GENERIC_FIELD","fid":"generic-field-21003","formId":"generic-field-21003","defaultValue":{"value":""},"viewConfig":{"label":{"custom":true,"value":"Side","useLocalizations":true,"localizationsList":{"nb":"Side"}},"advanced":{"hidden":false,"readonly":true},"multiplicity":{"min":"0","max":"1"},"size":{"field":"inherit","label":"inherit","fill":"inherit"},"layout":{"label":{"valign":"inherit","align":"inherit"},"field":{"valign":"inherit","align":"inherit"}},"tags":[],"datasource":{"loadRemote":false,"loadRemoteUrl":"","terminology":""},"annotations":{"format":"{#surg_dtl:/items[at0003]/items[at0005]/value}"},"field":{"input":{"presentation":"textfield"}}}},{"annotations":{"comment":"Generic input field used to add custom fields."},"inputs":[{"type":"TEXT"}],"localizedName":"Input","localizedNames":{"nb":"Input"},"max":-1,"min":0,"name":"Input","rmType":"GENERIC_FIELD","fid":"generic-field-42502","formId":"generic-field-42502","defaultValue":{"value":""},"viewConfig":{"label":{"custom":true,"value":"Spesialutstyr","useLocalizations":true,"localizationsList":{"nb":"Spesialutstyr"}},"advanced":{"hidden":false,"readonly":true},"multiplicity":{"min":"0","max":"1"},"size":{"field":"inherit","label":"inherit","fill":"inherit"},"layout":{"label":{"valign":"inherit","align":"inherit"},"field":{"valign":"inherit","align":"inherit"}},"tags":[],"datasource":{"loadRemote":false,"loadRemoteUrl":"","terminology":""},"annotations":{"format":"{#spec_req:/items[at0007]/value}"},"field":{"input":{"presentation":"textfield"}}}},{"annotations":{"comment":"Generic input field used to add custom fields."},"inputs":[{"type":"TEXT"}],"localizedName":"Input","localizedNames":{"nb":"Input"},"max":-1,"min":0,"name":"Input","rmType":"GENERIC_FIELD","fid":"generic-field-50511","formId":"generic-field-50511","defaultValue":{"value":""},"viewConfig":{"label":{"custom":true,"value":"Blodprodukter","useLocalizations":true,"localizationsList":{"nb":"Blodprodukter"}},"advanced":{"hidden":false,"readonly":true},"multiplicity":{"min":"0","max":"1"},"size":{"field":"inherit","label":"inherit","fill":"inherit"},"layout":{"label":{"valign":"inherit","align":"inherit"},"field":{"valign":"inherit","align":"inherit"}},"tags":[],"datasource":{"loadRemote":false,"loadRemoteUrl":"","terminology":""},"annotations":{"format":"{#spec_req:/items[at0010]/value}"},"field":{"input":{"presentation":"textfield"}}}},{"annotations":{"comment":"Generic input field used to add custom fields."},"inputs":[{"type":"TEXT"}],"localizedName":"Input","localizedNames":{"nb":"Input"},"max":-1,"min":0,"name":"Input","rmType":"GENERIC_FIELD","fid":"generic-field-29882","formId":"generic-field-29882","defaultValue":{"value":""},"viewConfig":{"label":{"custom":true,"value":"Andre behov","useLocalizations":true,"localizationsList":{"nb":"Andre behov"}},"advanced":{"hidden":false,"readonly":true},"multiplicity":{"min":"0","max":"1"},"size":{"field":"inherit","label":"inherit","fill":"inherit"},"layout":{"label":{"valign":"inherit","align":"inherit"},"field":{"valign":"inherit","align":"inherit"}},"tags":[],"datasource":{"loadRemote":false,"loadRemoteUrl":"","terminology":""},"annotations":{"format":"{#spec_req:/items[at0014]/value}"},"field":{"input":{"presentation":"textfield"}}}},{"annotations":{"comment":"Generic input field used to add custom fields."},"inputs":[{"type":"TEXT"}],"localizedName":"Input","localizedNames":{"nb":"Input"},"max":-1,"min":0,"name":"Input","rmType":"GENERIC_FIELD","fid":"generic-field-99241","formId":"generic-field-99241","defaultValue":{"value":""},"viewConfig":{"label":{"custom":true,"value":"Antibiotikaprofylakse","useLocalizations":true,"localizationsList":{"nb":"Antibiotikaprofylakse"}},"advanced":{"hidden":false,"readonly":true},"multiplicity":{"min":"0","max":"1"},"size":{"field":"inherit","label":"inherit","fill":"inherit"},"layout":{"label":{"valign":"inherit","align":"inherit"},"field":{"valign":"inherit","align":"inherit"}},"tags":[],"datasource":{"loadRemote":false,"loadRemoteUrl":"","terminology":""},"annotations":{"format":"{#antibiotika:/description[at0017]/items[openEHR-EHR-CLUSTER.ofte_brukte_medikamenter.v1]/items[at0001]/value}"},"field":{"input":{"presentation":"textfield"}}}},{"annotations":{"comment":"Generic input field used to add custom fields."},"inputs":[{"type":"TEXT"}],"localizedName":"Input","localizedNames":{"nb":"Input"},"max":-1,"min":0,"name":"Input","rmType":"GENERIC_FIELD","fid":"generic-field-50706","formId":"generic-field-50706","defaultValue":{"value":""},"viewConfig":{"label":{"custom":true,"value":"Annen medikasjon under operasjon","useLocalizations":true,"localizationsList":{"nb":"Annen medikasjon under operasjon"}},"advanced":{"hidden":false,"readonly":true},"multiplicity":{"min":"0","max":"1"},"size":{"field":"inherit","label":"inherit","fill":"inherit"},"layout":{"label":{"valign":"inherit","align":"inherit"},"field":{"valign":"inherit","align":"inherit"}},"tags":[],"datasource":{"loadRemote":false,"loadRemoteUrl":"","terminology":""},"annotations":{"format":"{#medicine_surgery:/description[at0017]/items[openEHR-EHR-CLUSTER.ofte_brukte_medikamenter.v1]/items[at0001]/value}"},"field":{"input":{"presentation":"textfield"}}}}],"viewConfig":{"label":{"custom":true,"value":"Inngrep","useLocalizations":true,"localizationsList":{"nb":"Inngrep"}},"advanced":{"hidden":false,"readonly":false,"render":false},"multiplicity":{"min":"0","max":"1"},"size":{"field":"inherit","label":"inherit","fill":"inherit"},"layout":{"label":{"valign":"inherit","align":"inherit"},"field":{"valign":"inherit","align":"inherit"}},"tags":[],"field":{}}},{"localizedName":"Fieldset","localizedNames":{"nb":"Viktig informasjon"},"min":0,"max":-1,"name":"Fieldset","rmType":"GENERIC_FIELDSET","fid":"generic-field-57689","formId":"generic-field-57689","children":[{"annotations":{"comment":"Generic input field used to add custom fields."},"inputs":[{"type":"TEXT"}],"localizedName":"Input","localizedNames":{"nb":"Input"},"max":-1,"min":0,"name":"Input","rmType":"GENERIC_FIELD","fid":"generic-field-56189","formId":"generic-field-56189","viewConfig":{"label":{"custom":true,"value":"Viktig informasjon","useLocalizations":false,"localizationsList":{}},"annotations":{"format":"{#importantinfo:/items[at0001]/value}"},"advanced":{"hidden":false,"readonly":true},"multiplicity":{"min":"0","max":"1"},"size":{"field":"inherit","label":-1,"fill":"inherit"},"layout":{"label":{"valign":"inherit","align":"inherit"},"field":{"valign":"inherit","align":"inherit"}},"tags":[],"datasource":{"loadRemote":false,"loadRemoteUrl":"","terminology":""},"field":{"input":{"presentation":"textfield"}}},"defaultValue":{"value":""}}],"viewConfig":{"label":{"custom":true,"value":"Viktig informasjon","useLocalizations":true,"localizationsList":{"nb":"Viktig informasjon"}},"annotations":{"HeaderSize":"text","AlertType":"important"},"advanced":{"hidden":false,"readonly":false,"render":false},"multiplicity":{"min":"0","max":"1"},"size":{"field":"inherit","label":"inherit","fill":"inherit"},"layout":{"label":{"valign":"inherit","align":"inherit"},"field":{"valign":"inherit","align":"inherit"}},"tags":[],"field":{}}},{"localizedName":"Fieldset","localizedNames":{"nb":"Anestesi"},"min":0,"max":-1,"name":"Fieldset","rmType":"GENERIC_FIELDSET","fid":"generic-field-77499","formId":"generic-field-77499","children":[{"annotations":{"comment":"Generic input field used to add custom fields."},"inputs":[{"type":"TEXT"}],"localizedName":"Input","localizedNames":{"nb":"Input"},"max":-1,"min":0,"name":"Input","rmType":"GENERIC_FIELD","fid":"generic-field-18302","formId":"generic-field-18302","viewConfig":{"label":{"custom":true,"value":"Anestesivurdering ferdigstilt?","useLocalizations":true,"localizationsList":{"nb":"Anestesivurdering ferdigstilt?"}},"advanced":{"hidden":false,"readonly":true},"multiplicity":{"min":"0","max":"1"},"size":{"field":"inherit","label":"inherit","fill":"inherit"},"layout":{"label":{"valign":"inherit","align":"inherit"},"field":{"valign":"inherit","align":"inherit"}},"tags":[],"datasource":{"loadRemote":false,"loadRemoteUrl":"","terminology":""},"annotations":{"format":"{#ane_eval:/data[at0001]/events[at0002]/data[at0003]/items[at0025]/value}"},"field":{"input":{"presentation":"textfield"}}},"defaultValue":{"value":""}},{"annotations":{"comment":"Generic input field used to add custom fields."},"inputs":[{"type":"TEXT"}],"localizedName":"Input","localizedNames":{"nb":"Input"},"max":-1,"min":0,"name":"Input","rmType":"GENERIC_FIELD","fid":"generic-field-10717","formId":"generic-field-10717","viewConfig":{"label":{"custom":true,"value":"Luftvei","useLocalizations":true,"localizationsList":{"nb":"Luftvei"}},"advanced":{"hidden":false,"readonly":true},"multiplicity":{"min":"0","max":"1"},"size":{"field":"inherit","label":"inherit","fill":"inherit"},"layout":{"label":{"valign":"inherit","align":"inherit"},"field":{"valign":"inherit","align":"inherit"}},"tags":[],"datasource":{"loadRemote":false,"loadRemoteUrl":"","terminology":""},"annotations":{"format":"{#eval_luftvei:/data[at0001]/events[at0002]/data[at0003]/items[at0009 and name/value='Luftvei']/items[at0010]/value}"},"field":{"input":{"presentation":"textfield"}}},"defaultValue":{"value":""}},{"annotations":{"comment":"Generic input field used to add custom fields."},"inputs":[{"type":"TEXT"}],"localizedName":"Input","localizedNames":{"nb":"Input"},"max":-1,"min":0,"name":"Input","rmType":"GENERIC_FIELD","fid":"generic-field-98176","formId":"generic-field-98176","viewConfig":{"label":{"custom":true,"value":"Mallampati","useLocalizations":true,"localizationsList":{"nb":"Mallampati"}},"advanced":{"hidden":false,"readonly":true},"multiplicity":{"min":"0","max":"1"},"size":{"field":"inherit","label":"inherit","fill":"inherit"},"layout":{"label":{"valign":"inherit","align":"inherit"},"field":{"valign":"inherit","align":"inherit"}},"tags":[],"datasource":{"loadRemote":false,"loadRemoteUrl":"","terminology":""},"annotations":{"format":"{#mallampati:/items[at0004]/value}"},"field":{"input":{"presentation":"textfield"}}},"defaultValue":{"value":""}},{"annotations":{"comment":"Generic input field used to add custom fields."},"inputs":[{"type":"TEXT"}],"localizedName":"Input","localizedNames":{"nb":"Input"},"max":-1,"min":0,"name":"Input","rmType":"GENERIC_FIELD","fid":"generic-field-24476","formId":"generic-field-24476","viewConfig":{"label":{"custom":true,"value":"Risikovurdering","useLocalizations":true,"localizationsList":{"nb":"Risikovurdering"}},"advanced":{"hidden":false,"readonly":true},"multiplicity":{"min":"0","max":"1"},"size":{"field":"inherit","label":"inherit","fill":"inherit"},"layout":{"label":{"valign":"inherit","align":"inherit"},"field":{"valign":"inherit","align":"inherit"}},"tags":[],"datasource":{"loadRemote":false,"loadRemoteUrl":"","terminology":""},"annotations":{"format":"{#eval_luftvei:/data[at0001]/events[at0002]/data[at0003]/items[at0006]/value}"},"field":{"input":{"presentation":"textfield"}}},"defaultValue":{"value":""}},{"annotations":{"comment":"Generic input field used to add custom fields."},"inputs":[{"type":"TEXT"}],"localizedName":"Input","localizedNames":{"nb":"Input"},"max":-1,"min":0,"name":"Input","rmType":"GENERIC_FIELD","fid":"generic-field-68857","formId":"generic-field-68857","viewConfig":{"label":{"custom":true,"value":"Pasient fysisk tilsett?","useLocalizations":true,"localizationsList":{"nb":"Pasient fysisk tilsett?"}},"advanced":{"hidden":false,"readonly":true},"multiplicity":{"min":"0","max":"1"},"size":{"field":"inherit","label":"inherit","fill":"inherit"},"layout":{"label":{"valign":"inherit","align":"inherit"},"field":{"valign":"inherit","align":"inherit"}},"tags":[],"datasource":{"loadRemote":false,"loadRemoteUrl":"","terminology":""},"annotations":{"format":"{#ane_eval:/data[at0001]/events[at0002]/data[at0003]/items[at0026]/value}"},"field":{"input":{"presentation":"textfield"}}},"defaultValue":{"value":""}},{"annotations":{"comment":"Generic input field used to add custom fields."},"inputs":[{"type":"TEXT"}],"localizedName":"Input","localizedNames":{"nb":"Input"},"max":-1,"min":0,"name":"Input","rmType":"GENERIC_FIELD","fid":"generic-field-61213","formId":"generic-field-61213","viewConfig":{"label":{"custom":true,"value":"Planlagt anestesi","useLocalizations":true,"localizationsList":{"nb":"Planlagt anestesi"}},"advanced":{"hidden":false,"readonly":true},"multiplicity":{"min":"0","max":"1"},"size":{"field":"inherit","label":"inherit","fill":"inherit"},"layout":{"label":{"valign":"inherit","align":"inherit"},"field":{"valign":"inherit","align":"inherit"}},"tags":[],"datasource":{"loadRemote":false,"loadRemoteUrl":"","terminology":""},"annotations":{"format":"{#planned_anesthesia:/items[at0001]/value}"},"field":{"input":{"presentation":"textfield"}}},"defaultValue":{"value":""}},{"annotations":{"comment":"Generic input field used to add custom fields."},"inputs":[{"type":"TEXT"}],"localizedName":"Input","localizedNames":{"nb":"Input"},"max":-1,"min":0,"name":"Input","rmType":"GENERIC_FIELD","fid":"generic-field-90528","formId":"generic-field-90528","viewConfig":{"label":{"custom":true,"value":"Planlagt luftvei","useLocalizations":true,"localizationsList":{"nb":"Planlagt luftvei"}},"advanced":{"hidden":false,"readonly":true},"multiplicity":{"min":"0","max":"1"},"size":{"field":"inherit","label":"inherit","fill":"inherit"},"layout":{"label":{"valign":"inherit","align":"inherit"},"field":{"valign":"inherit","align":"inherit"}},"tags":[],"datasource":{"loadRemote":false,"loadRemoteUrl":"","terminology":""},"annotations":{"format":"{#planned_anesthesia:/items[at0002]/value}"},"field":{"input":{"presentation":"textfield"}}},"defaultValue":{"value":""}},{"annotations":{"comment":"Generic input field used to add custom fields."},"inputs":[{"type":"TEXT"}],"localizedName":"Input","localizedNames":{"nb":"Input"},"max":-1,"min":0,"name":"Input","rmType":"GENERIC_FIELD","fid":"generic-field-22335","formId":"generic-field-22335","viewConfig":{"label":{"custom":true,"value":"Ekstra overvåking","useLocalizations":true,"localizationsList":{"nb":"Ekstra overvåking"}},"advanced":{"hidden":false,"readonly":true},"multiplicity":{"min":"0","max":"1"},"size":{"field":"inherit","label":"inherit","fill":"inherit"},"layout":{"label":{"valign":"inherit","align":"inherit"},"field":{"valign":"inherit","align":"inherit"}},"tags":[],"datasource":{"loadRemote":false,"loadRemoteUrl":"","terminology":""},"annotations":{"format":"{#planned_anesthesia:/items[at0003]/value}"},"field":{"input":{"presentation":"textfield"}}},"defaultValue":{"value":""}},{"annotations":{"comment":"Generic input field used to add custom fields."},"inputs":[{"type":"TEXT"}],"localizedName":"Input","localizedNames":{"nb":"Input"},"max":-1,"min":0,"name":"Input","rmType":"GENERIC_FIELD","fid":"generic-field-79069","formId":"generic-field-79069","viewConfig":{"label":{"custom":true,"value":"Anestesi totalevaluering","useLocalizations":true,"localizationsList":{"nb":"Anestesi totalevaluering"}},"advanced":{"hidden":false,"readonly":true},"multiplicity":{"min":"0","max":"1"},"size":{"field":"inherit","label":"inherit","fill":"inherit"},"layout":{"label":{"valign":"inherit","align":"inherit"},"field":{"valign":"inherit","align":"inherit"}},"tags":[],"datasource":{"loadRemote":false,"loadRemoteUrl":"","terminology":""},"annotations":{"format":"{#pasientstatus:/data[at0001]/events[at0002]/data[at0003]/items[at0006 and name/value='Total evaluering']/value}"},"field":{"input":{"presentation":"textfield"}}},"defaultValue":{"value":""}},{"annotations":{"comment":"Generic input field used to add custom fields."},"inputs":[{"type":"TEXT"}],"localizedName":"Input","localizedNames":{"nb":"Input"},"max":-1,"min":0,"name":"Input","rmType":"GENERIC_FIELD","fid":"generic-field-80171","formId":"generic-field-80171","viewConfig":{"label":{"custom":true,"value":"Oppsummering/Merknad","useLocalizations":true,"localizationsList":{"nb":"Oppsummering/Merknad"}},"annotations":{"format":"{#ane_eval:/data[at0001]/events[at0002]/data[at0003]/items[at0006]/value}"},"advanced":{"hidden":false,"readonly":true},"multiplicity":{"min":"0","max":"1"},"size":{"field":"inherit","label":"inherit","fill":"inherit"},"layout":{"label":{"valign":"inherit","align":"inherit"},"field":{"valign":"inherit","align":"inherit"}},"tags":[],"datasource":{"loadRemote":false,"loadRemoteUrl":"","terminology":""},"field":{"input":{"presentation":"textfield"}}},"defaultValue":{"value":""}}],"viewConfig":{"label":{"custom":true,"value":"Anestesi","useLocalizations":true,"localizationsList":{"nb":"Anestesi"}},"advanced":{"hidden":false,"readonly":false,"render":false},"multiplicity":{"min":"0","max":"1"},"size":{"field":"inherit","label":"inherit","fill":"inherit"},"layout":{"label":{"valign":"inherit","align":"inherit"},"field":{"valign":"inherit","align":"inherit"}},"tags":[],"field":{}}},{"localizedName":"Fieldset","localizedNames":{"nb":"Fieldset"},"min":0,"max":-1,"name":"Fieldset","rmType":"GENERIC_FIELDSET","fid":"generic-field-93921","formId":"generic-field-93921","children":[{"annotations":{"comment":"Generic input field used to add custom fields."},"inputs":[{"type":"TEXT"}],"localizedName":"Input","localizedNames":{"nb":"Input"},"max":-1,"min":0,"name":"Input","rmType":"GENERIC_FIELD","fid":"generic-field-37925","formId":"generic-field-37925","defaultValue":{"value":""},"viewConfig":{"label":{"custom":true,"value":"asa beslutning","useLocalizations":false,"localizationsList":{}},"annotations":{"format":"{#asa_beslutning:/items[at0001]/value}","calcId":"asa_beslutning"},"advanced":{"hidden":false,"readonly":false},"multiplicity":{"min":"0","max":"1"},"size":{"field":"inherit","label":"inherit","fill":"inherit"},"layout":{"label":{"valign":"inherit","align":"inherit"},"field":{"valign":"inherit","align":"inherit"}},"tags":[],"datasource":{"loadRemote":false,"loadRemoteUrl":"","terminology":""},"field":{"input":{"presentation":"textfield"}}}},{"annotations":{"comment":"Generic input field used to add custom fields."},"inputs":[{"type":"TEXT"}],"localizedName":"Input","localizedNames":{"nb":"Input"},"max":-1,"min":0,"name":"Input","rmType":"GENERIC_FIELD","fid":"generic-field-93006","formId":"generic-field-93006","defaultValue":{"value":""},"viewConfig":{"label":{"custom":true,"value":"asa operatør","useLocalizations":false,"localizationsList":{}},"annotations":{"format":"{#asa_operator:/items[at0001]/value}","calcId":"asa_operator"},"advanced":{"hidden":false,"readonly":false},"multiplicity":{"min":"0","max":"1"},"size":{"field":"inherit","label":"inherit","fill":"inherit"},"layout":{"label":{"valign":"inherit","align":"inherit"},"field":{"valign":"inherit","align":"inherit"}},"tags":[],"datasource":{"loadRemote":false,"loadRemoteUrl":"","terminology":""},"field":{"input":{"presentation":"textfield"}}}},{"annotations":{"comment":"Generic input field used to add custom fields."},"inputs":[{"type":"TEXT"}],"localizedName":"Input","localizedNames":{"nb":"Input"},"max":-1,"min":0,"name":"Input","rmType":"GENERIC_FIELD","fid":"generic-field-21174","formId":"generic-field-21174","defaultValue":{"value":""},"viewConfig":{"label":{"custom":true,"value":"Allergier ja/nei"},"annotations":{"format":"{#medikamenter_allergier:/items[at0009,'Allergier']/items[at0011]/value}","calcId":"allergi_chk"},"size":{"field":"inherit","label":"inherit","fill":"inherit"},"layout":{"field":{"valign":"inherit","align":"inherit"}},"datasource":{"loadRemote":false,"loadRemoteUrl":"","terminology":""},"field":{"input":{"presentation":"textfield"}}}},{"annotations":{"comment":"Generic input field used to add custom fields."},"inputs":[{"type":"TEXT"}],"localizedName":"Input","localizedNames":{"nb":"Input"},"max":-1,"min":0,"name":"Input","rmType":"GENERIC_FIELD","fid":"generic-field-80789","formId":"generic-field-80789","defaultValue":{"value":""},"viewConfig":{"label":{"custom":true,"value":"Allergier verdier"},"annotations":{"format":"{#medikamenter_allergier:/items[at0009,'Allergier']/items[at0010]/value}","calcId":"allergi_val"},"size":{"field":"inherit","label":"inherit","fill":"inherit"},"layout":{"field":{"valign":"inherit","align":"inherit"}},"datasource":{"loadRemote":false,"loadRemoteUrl":"","terminology":""},"field":{"input":{"presentation":"textfield"}}}},{"annotations":{"comment":"Generic input field used to add custom fields."},"inputs":[{"type":"TEXT"}],"localizedName":"Input","localizedNames":{"nb":"Input"},"max":-1,"min":0,"name":"Input","rmType":"GENERIC_FIELD","fid":"generic-field-91053","formId":"generic-field-91053","defaultValue":{"value":""},"viewConfig":{"label":{"custom":true,"value":"Medikamenter ja/nei"},"annotations":{"format":"{#medikamenter_allergier:/items[at0009,'Bruk av medikamenter']/items[at0011]/value}","calcId":"medikament_chk"},"size":{"field":"inherit","label":"inherit","fill":"inherit"},"layout":{"field":{"valign":"inherit","align":"inherit"}},"datasource":{"loadRemote":false,"loadRemoteUrl":"","terminology":""},"field":{"input":{"presentation":"textfield"}}}},{"annotations":{"comment":"Generic input field used to add custom fields."},"inputs":[{"type":"TEXT"}],"localizedName":"Input","localizedNames":{"nb":"Input"},"max":-1,"min":0,"name":"Input","rmType":"GENERIC_FIELD","fid":"generic-field-51909","formId":"generic-field-51909","defaultValue":{"value":""},"viewConfig":{"label":{"custom":true,"value":"Medikamenter verdier"},"annotations":{"format":"{#medikamenter_allergier:/items[at0009,'Bruk av medikamenter']/items[at0010]/value}","calcId":"medikament_val"},"size":{"field":"inherit","label":"inherit","fill":"inherit"},"layout":{"field":{"valign":"inherit","align":"inherit"}},"datasource":{"loadRemote":false,"loadRemoteUrl":"","terminology":""},"field":{"input":{"presentation":"textfield"}}}},{"annotations":{"comment":"Generic input field used to add custom fields."},"inputs":[{"type":"TEXT"}],"localizedName":"Input","localizedNames":{"nb":"Input"},"max":-1,"min":0,"name":"Input","rmType":"GENERIC_FIELD","fid":"generic-field-77198","formId":"generic-field-77198","defaultValue":{"value":""},"viewConfig":{"label":{"custom":true,"value":"Tobakk ja/nei"},"annotations":{"format":"{#tobakk:/data[at0001]/events[at0002]/data[at0003]/items[at0004]/value}","calcId":"tobakk_chk"},"size":{"field":"inherit","label":"inherit","fill":"inherit"},"layout":{"field":{"valign":"inherit","align":"inherit"}},"datasource":{"loadRemote":false,"loadRemoteUrl":"","terminology":""},"field":{"input":{"presentation":"textfield"}}}},{"annotations":{"comment":"Generic input field used to add custom fields."},"inputs":[{"type":"TEXT"}],"localizedName":"Input","localizedNames":{"nb":"Input"},"max":-1,"min":0,"name":"Input","rmType":"GENERIC_FIELD","fid":"generic-field-81007","formId":"generic-field-81007","defaultValue":{"value":""},"viewConfig":{"label":{"custom":true,"value":"Tobakk form"},"annotations":{"format":"{#tobakk:/data[at0001]/events[at0002]/data[at0003]/items[at0005]/items[at0006]/value}","calcId":"tobakk_form"},"size":{"field":"inherit","label":"inherit","fill":"inherit"},"layout":{"field":{"valign":"inherit","align":"inherit"}},"datasource":{"loadRemote":false,"loadRemoteUrl":"","terminology":""},"field":{"input":{"presentation":"textfield"}}}},{"annotations":{"comment":"Generic input field used to add custom fields."},"inputs":[{"type":"TEXT"}],"localizedName":"Input","localizedNames":{"nb":"Input"},"max":-1,"min":0,"name":"Input","rmType":"GENERIC_FIELD","fid":"generic-field-53940","formId":"generic-field-53940","defaultValue":{"value":""},"viewConfig":{"label":{"custom":true,"value":"Tobakk form antall"},"annotations":{"format":"{#tobakk:/data[at0001]/events[at0002]/data[at0003]/items[at0005]/items[at0006]/value}, {#tobakk:/data[at0001]/events[at0002]/data[at0003]/items[at0005]/items[at0015]/items[at0014]/value}","calcId":"tobakk_antall"},"size":{"field":"inherit","label":"inherit","fill":"inherit"},"layout":{"field":{"valign":"inherit","align":"inherit"}},"datasource":{"loadRemote":false,"loadRemoteUrl":"","terminology":""},"field":{"input":{"presentation":"textfield"}}}},{"annotations":{"comment":"Generic input field used to add custom fields."},"inputs":[{"type":"TEXT"}],"localizedName":"Input","localizedNames":{"nb":"Input"},"max":-1,"min":0,"name":"Input","rmType":"GENERIC_FIELD","fid":"generic-field-89582","formId":"generic-field-89582","defaultValue":{"value":""},"viewConfig":{"label":{"custom":true,"value":"Tobakk form vekt"},"annotations":{"format":"{#tobakk:/data[at0001]/events[at0002]/data[at0003]/items[at0005]/items[at0006]/value}, {#tobakk:/data[at0001]/events[at0002]/data[at0003]/items[at0005]/items[at0015]/items[at0016]/value}","calcId":"tobakk_vekt"},"size":{"field":"inherit","label":"inherit","fill":"inherit"},"layout":{"field":{"valign":"inherit","align":"inherit"}},"datasource":{"loadRemote":false,"loadRemoteUrl":"","terminology":""},"field":{"input":{"presentation":"textfield"}}}},{"annotations":{"comment":"Generic input field used to add custom fields."},"inputs":[{"type":"TEXT"}],"localizedName":"Input","localizedNames":{"nb":"Input"},"max":-1,"min":0,"name":"Input","rmType":"GENERIC_FIELD","fid":"generic-field-79620","formId":"generic-field-79620","defaultValue":{"value":""},"viewConfig":{"label":{"custom":true,"value":"Tobakk form og mengde"},"annotations":{"calc":"if(or(tobakk_form=\"Sigaretter\",tobakk_form=\"Sigar\"),tobakk_antall,tobakk_vekt)","calcID":"tobakk_form_mengde"},"size":{"field":"inherit","label":"inherit","fill":"inherit"},"layout":{"field":{"valign":"inherit","align":"inherit"}},"datasource":{"loadRemote":false,"loadRemoteUrl":"","terminology":""},"field":{"input":{"presentation":"textfield"}}}},{"annotations":{"comment":"Generic input field used to add custom fields."},"inputs":[{"type":"TEXT"}],"localizedName":"Input","localizedNames":{"nb":"Input"},"max":-1,"min":0,"name":"Input","rmType":"GENERIC_FIELD","fid":"generic-field-17401","formId":"generic-field-17401","viewConfig":{"label":{"custom":true,"value":"Hjerte uten anm ja/nei"},"annotations":{"format":"{#exam_heart:/items[at0002]/value}","calcId":"heart_chk"},"size":{"field":"inherit","label":"inherit","fill":"inherit"},"layout":{"field":{"valign":"inherit","align":"inherit"}},"datasource":{"loadRemote":false,"loadRemoteUrl":"","terminology":""},"field":{"input":{"presentation":"textfield"}}},"defaultValue":{"value":""}},{"annotations":{"comment":"Generic input field used to add custom fields."},"inputs":[{"type":"TEXT"}],"localizedName":"Input","localizedNames":{"nb":"Input"},"max":-1,"min":0,"name":"Input","rmType":"GENERIC_FIELD","fid":"generic-field-20238","formId":"generic-field-20238","viewConfig":{"label":{"custom":true,"value":"Hjerte beskrivelse"},"annotations":{"format":"{#exam_heart:/items[at0003]/value}","calcId":"heart_comment"},"size":{"field":"inherit","label":"inherit","fill":"inherit"},"layout":{"field":{"valign":"inherit","align":"inherit"}},"datasource":{"loadRemote":false,"loadRemoteUrl":"","terminology":""},"field":{"input":{"presentation":"textfield"}}},"defaultValue":{"value":""}},{"annotations":{"comment":"Generic input field used to add custom fields."},"inputs":[{"type":"TEXT"}],"localizedName":"Input","localizedNames":{"nb":"Input"},"max":-1,"min":0,"name":"Input","rmType":"GENERIC_FIELD","fid":"generic-field-52212","formId":"generic-field-52212","viewConfig":{"label":{"custom":true,"value":"Lunge uten anm ja/nei"},"annotations":{"format":"{#exam_lungs:/items[at0002]/value}","calcId":"lungs_chk"},"size":{"field":"inherit","label":"inherit","fill":"inherit"},"layout":{"field":{"valign":"inherit","align":"inherit"}},"datasource":{"loadRemote":false,"loadRemoteUrl":"","terminology":""},"field":{"input":{"presentation":"textfield"}}},"defaultValue":{"value":""}},{"annotations":{"comment":"Generic input field used to add custom fields."},"inputs":[{"type":"TEXT"}],"localizedName":"Input","localizedNames":{"nb":"Input"},"max":-1,"min":0,"name":"Input","rmType":"GENERIC_FIELD","fid":"generic-field-72224","formId":"generic-field-72224","viewConfig":{"label":{"custom":true,"value":"Lunge beskrivelse"},"annotations":{"format":"{#exam_lungs:/items[at0003]/value}","calcId":"lungs_comment"},"size":{"field":"inherit","label":"inherit","fill":"inherit"},"layout":{"field":{"valign":"inherit","align":"inherit"}},"datasource":{"loadRemote":false,"loadRemoteUrl":"","terminology":""},"field":{"input":{"presentation":"textfield"}}},"defaultValue":{"value":""}}],"viewConfig":{"label":{"custom":true,"value":"Hidden fields for calculation","useLocalizations":false,"localizationsList":{}},"advanced":{"hidden":true,"readonly":false,"render":false},"multiplicity":{"min":"0","max":"1"},"size":{"field":"inherit","label":"inherit","fill":"inherit"},"layout":{"label":{"valign":"inherit","align":"inherit"},"field":{"valign":"inherit","align":"inherit"}},"tags":[],"field":{}}}]}