{"formId":"form_root","name":"Form root","rmType":"FORM_DEFINITION","viewConfig":{"label":{"custom":false,"value":"","useLocalizations":false,"localizationsList":{}},"size":{"field":"inherit","label":"inherit","fill":"inherit"},"layout":{"valign":"inherit","align":"inherit"},"tags":[],"annotations":{"#proc_act":"openEHR-EHR-ACTION.procedure.v1?scope=folder","#surg_dtl":"openEHR-EHR-CLUSTER.surgery_details.v1?scope=folder","#spec_req":"openEHR-EHR-CLUSTER.special_requirements_surgery.v1?scope=folder","#antibiotika":"select c/uid/value as cid, a from composition c contains action a[openEHR-EHR-ACTION.medication.v1] where a/name/value='Antibiotikaprofylakse' order by c/context/start_time/value desc fetch 1?scope=folder","#medicine_surgery":"select c/uid/value as cid, a from composition c contains action a[openEHR-EHR-ACTION.medication.v1] where a/name/value='Annen medisin under operasjon' order by c/context/start_time/value desc fetch 1?scope=folder","#height":"openEHR-EHR-OBSERVATION.height.v1?scope=folder","#weight":"openEHR-EHR-OBSERVATION.body_weight.v1?scope=folder","#bp":"openEHR-EHR-OBSERVATION.blood_pressure.v1?scope=folder","#exam_heart":"select c/uid/value as cid, c2 from composition c contains observation o[openEHR-EHR-OBSERVATION.exam.v1] contains cluster c1[openEHR-EHR-CLUSTER.exam_chest.v1] contains cluster c2[openEHR-EHR-CLUSTER.exam_heart.v1] order by c/context/start_time/value desc fetch 1?scope=folder","#exam_lungs":"select c/uid/value as cid, c2 from composition c contains observation o[openEHR-EHR-OBSERVATION.exam.v1] contains cluster c1[openEHR-EHR-CLUSTER.exam_chest.v1] contains cluster c2[openEHR-EHR-CLUSTER.exam_lungs.v1] where c1/name/value='Undersøkelse av hjerte og lunge' order by c/context/start_time/value desc fetch 1?scope=folder","#tobakk":"openEHR-EHR-OBSERVATION.tobacco_use.v1?scope=folder","#medikamenter":"select c/uid/value as cid, o/data[at0001]/events[at0002]/data[at0003]/items[at0009] from composition c contains observation o[openEHR-EHR-OBSERVATION.poor_outcome_and_or_complication_risk_assesement.v1] where o/name/value='Medikamenter og allergier' and o/data[at0001]/events[at0002]/data[at0003]/items[at0009]/name/value='Bruk av medikamenter' order by c/context/start_time/value desc fetch 1?scope=folder","#allergier":"select c/uid/value as cid, o/data[at0001]/events[at0002]/data[at0003]/items[at0009] from composition c contains observation o[openEHR-EHR-OBSERVATION.poor_outcome_and_or_complication_risk_assesement.v1] where o/name/value='Medikamenter og allergier' and o/data[at0001]/events[at0002]/data[at0003]/items[at0009]/name/value='Allergier' order by c/context/start_time/value desc fetch 1?scope=folder","#proc_req":"select c/uid/value as cid, i from composition c contains instruction i[openEHR-EHR-INSTRUCTION.request-procedure.v1] where i/activities[at0001]/description[at0009]/items[at0.2]/value/defining_code/code_string='P1' order by c/context/start_time/value desc fetch 1?scope=folder","#diag":"select c/uid/value as cid, c from composition c contains evaluation e[openEHR-EHR-EVALUATION.problem_diagnosis.v1] where c/archetype_details/template_id/value='Beslutningsnotat.v6' fetch 1?scope=folder","#pri":"openEHR-EHR-CLUSTER.priority_details.v1?scope=folder","#ane_req":"openEHR-EHR-CLUSTER.anesthesia_requested.v1?scope=folder","#time":"openEHR-EHR-CLUSTER.estimated_surgery_time.v1?scope=folder","#pasientstatus":"select c/uid/value as cid, o from composition c contains observation o[openEHR-EHR-OBSERVATION.poor_outcome_and_or_complication_risk_assesement.v1] where o/name/value='Pasientstatus' order by c/context/start_time/value desc fetch 1?scope=folder","#nyha":"openEHR-EHR-CLUSTER.nyha_heart_failure.v1?scope=folder","#eval_luftvei":"select c/uid/value as cid, o from composition c contains observation o[openEHR-EHR-OBSERVATION.poor_outcome_and_or_complication_risk_assesement.v1] where o/name/value='Evaluering av luftvei' order by c/context/start_time/value desc fetch 1?scope=folder","#importantinfo":"openEHR-EHR-CLUSTER.important_information.v1?scope=folder","#ane_eval":"select c/uid/value as cid, c/content[openEHR-EHR-SECTION.adhoc.v1 and name/value='Preoperativ evaluering']/items[openEHR-EHR-OBSERVATION.preoperative_evaluation_anesthesia.v1] from composition c contains cluster u[openEHR-EHR-CLUSTER.planned_anesthesia.v1] order by c/context/start_time/value desc fetch 1?scope=folder","#mallampati":"openEHR-EHR-CLUSTER.mallampati_classification.v1?scope=folder","#planned_anesthesia":"openEHR-EHR-CLUSTER.planned_anesthesia.v1?scope=folder","#asa_beslutning":"select c/uid/value as cid, ci from composition c contains instruction i[openEHR-EHR-INSTRUCTION.request-procedure.v1] contains cluster ci[openEHR-EHR-CLUSTER.asa_status.v1] order by c/context/start_time/value desc fetch 1?scope=folder","#asa_operator":"select c/uid/value as cid, ci from composition c contains observation o[openEHR-EHR-OBSERVATION.exam.v1] contains cluster ci[openEHR-EHR-CLUSTER.asa_status.v1] order by c/context/start_time/value desc fetch 1?scope=folder","#asa_anestesi":"select c/uid/value as cid, ci from composition c contains observation o[openEHR-EHR-OBSERVATION.poor_outcome_and_or_complication_risk_assesement.v1] contains cluster ci[openEHR-EHR-CLUSTER.asa_status.v1] order by c/context/start_time/value desc fetch 1?scope=folder","#medikamenter_allergier":"select c/uid/value as cid, o/data[at0001]/events[at0002]/data[at0003] from composition c contains observation o[openEHR-EHR-OBSERVATION.poor_outcome_and_or_complication_risk_assesement.v1] where o/name/value='Medikamenter og allergier' order by c/context/start_time/value desc fetch 1?scope=folder","#important_instruction":"select c/uid/value as cid, i/activities[at0001]/description[at0009]/items[openEHR-EHR-CLUSTER.important_information.v1]/items[at0001] from composition c contains instruction i[openEHR-EHR-INSTRUCTION.request-procedure.v1] order by c/context/start_time/value desc fetch 1?scope=folder","#important_action":"select c/uid/value as cid, a/description[at0001]/items[openEHR-EHR-CLUSTER.important_information.v1]/items[at0001] from composition c contains action a[openEHR-EHR-ACTION.procedure.v1] order by c/context/start_time/value desc fetch 1?scope=folder"}},"language":"nb","templateLanguages":["nb"],"children":[{"localizedName":"Pasient","localizedNames":{"nb":"Pasient"},"min":"0","max":"1","name":"Pasient","rmType":"GENERIC_FIELDSET","formId":"generic-field-98464","children":[{"annotations":{"comment":"Generic input field used to add custom fields."},"inputs":[{"type":"TEXT"}],"localizedName":"Høyde","localizedNames":{"nb":"Høyde"},"max":"1","min":"0","name":"Høyde","rmType":"GENERIC_FIELD","formId":"generic-field-77149","viewConfig":{"advanced":{"hidden":false,"readonly":true},"size":{"field":"inherit","label":"inherit","fill":"inherit"},"layout":{"label":{"valign":"inherit","align":"inherit"},"field":{"valign":"inherit","align":"inherit"}},"tags":[],"datasource":{"loadRemote":false,"loadRemoteUrl":"","terminology":""},"annotations":{"format":"{#height:/data[at0001]/events[at0002]/data[at0003]/items[at0004]/value}"},"field":{"input":{"presentation":"textfield"}}}},{"annotations":{"comment":"Generic input field used to add custom fields."},"inputs":[{"type":"TEXT"}],"localizedName":"Vekt","localizedNames":{"nb":"Vekt"},"max":"1","min":"0","name":"Vekt","rmType":"GENERIC_FIELD","formId":"generic-field-34965","viewConfig":{"advanced":{"hidden":false,"readonly":true},"size":{"field":"inherit","label":"inherit","fill":"inherit"},"layout":{"label":{"valign":"inherit","align":"inherit"},"field":{"valign":"inherit","align":"inherit"}},"tags":[],"datasource":{"loadRemote":false,"loadRemoteUrl":"","terminology":""},"annotations":{"format":"{#weight:/data[at0002]/events[at0003]/data[at0001]/items[at0004]/value}"},"field":{"input":{"presentation":"textfield"}}}},{"annotations":{"comment":"Generic input field used to add custom fields."},"inputs":[{"type":"TEXT"}],"localizedName":"Blodtrykk","localizedNames":{"nb":"Blodtrykk"},"max":"1","min":"0","name":"Blodtrykk","rmType":"GENERIC_FIELD","formId":"generic-field-74207","viewConfig":{"advanced":{"hidden":false,"readonly":true},"size":{"field":"inherit","label":"inherit","fill":"inherit"},"layout":{"label":{"valign":"inherit","align":"inherit"},"field":{"valign":"inherit","align":"inherit"}},"tags":[],"datasource":{"loadRemote":false,"loadRemoteUrl":"","terminology":""},"annotations":{"format":"{#bp:/data[at0001]/events[at0006]/data[at0003]/items[at0004]/value/magnitude}/{#bp:/data[at0001]/events[at0006]/data[at0003]/items[at0005]/value/magnitude} {#bp:/data[at0001]/events[at0006]/data[at0003]/items[at0004]/value/units}"},"field":{"input":{"presentation":"textfield"}}}},{"annotations":{"comment":"Generic input field used to add custom fields."},"inputs":[{"type":"TEXT"}],"localizedName":"Hjerte","localizedNames":{"nb":"Hjerte"},"max":"1","min":"0","name":"Hjerte","rmType":"GENERIC_FIELD","formId":"generic-field-37779","viewConfig":{"advanced":{"hidden":false,"readonly":true},"size":{"field":"inherit","label":"inherit","fill":"inherit"},"layout":{"label":{"valign":"inherit","align":"inherit"},"field":{"valign":"inherit","align":"inherit"}},"tags":[],"datasource":{"loadRemote":false,"loadRemoteUrl":"","terminology":""},"annotations":{"calc":"if(heart_chk=true,\"Uten anmerkning\",heart_comment)"},"field":{"input":{"presentation":"textfield"}}}},{"annotations":{"comment":"Generic input field used to add custom fields."},"inputs":[{"type":"TEXT"}],"localizedName":"Lunge","localizedNames":{"nb":"Lunge"},"max":"1","min":"0","name":"Lunge","rmType":"GENERIC_FIELD","formId":"generic-field-2629","viewConfig":{"advanced":{"hidden":false,"readonly":true},"size":{"field":"inherit","label":"inherit","fill":"inherit"},"layout":{"label":{"valign":"inherit","align":"inherit"},"field":{"valign":"inherit","align":"inherit"}},"tags":[],"datasource":{"loadRemote":false,"loadRemoteUrl":"","terminology":""},"annotations":{"calc":"if(lungs_chk=true,\"Uten anmerkning\",lungs_comment)"},"field":{"input":{"presentation":"textfield"}}}},{"annotations":{"comment":"Generic input field used to add custom fields."},"inputs":[{"type":"TEXT"}],"localizedName":"ASA kirurg","localizedNames":{"nb":"ASA kirurg"},"max":"1","min":"0","name":"ASA kirurg","rmType":"GENERIC_FIELD","formId":"generic-field-69063","viewConfig":{"advanced":{"hidden":false,"readonly":true},"size":{"field":"inherit","label":"inherit","fill":"inherit"},"layout":{"label":{"valign":"inherit","align":"inherit"},"field":{"valign":"inherit","align":"inherit"}},"tags":["IMPORTANT"],"datasource":{"loadRemote":false,"loadRemoteUrl":"","terminology":""},"annotations":{"calc":"IF(LEN(asa_operator)=0,asa_beslutning,asa_operator)"},"field":{"input":{"presentation":"textfield"}}}},{"annotations":{"comment":"Generic input field used to add custom fields."},"inputs":[{"type":"TEXT"}],"localizedName":"ASA anestesi","localizedNames":{"nb":"ASA anestesi"},"max":"1","min":"0","name":"ASA anestesi","rmType":"GENERIC_FIELD","formId":"generic-field-55921","viewConfig":{"advanced":{"hidden":false,"readonly":true},"size":{"field":"inherit","label":"inherit","fill":"inherit"},"layout":{"label":{"valign":"inherit","align":"inherit"},"field":{"valign":"inherit","align":"inherit"}},"tags":[],"datasource":{"loadRemote":false,"loadRemoteUrl":"","terminology":""},"annotations":{"format":"{#asa_anestesi:/items[at0001]/value}"},"field":{"input":{"presentation":"textfield"}}}},{"annotations":{"comment":"Generic input field used to add custom fields."},"inputs":[{"type":"TEXT"}],"localizedName":"Sirkulasjon","localizedNames":{"nb":"Sirkulasjon"},"max":"1","min":"0","name":"Sirkulasjon","rmType":"GENERIC_FIELD","formId":"generic-field-36655","viewConfig":{"advanced":{"hidden":false,"readonly":true},"size":{"field":"inherit","label":"inherit","fill":"inherit"},"layout":{"label":{"valign":"inherit","align":"inherit"},"field":{"valign":"inherit","align":"inherit"}},"tags":[],"datasource":{"loadRemote":false,"loadRemoteUrl":"","terminology":""},"annotations":{"format":"{#pasientstatus:/data[at0001]/events[at0002]/data[at0003]/items[at0009 and name/value='Sirkulasjon']/items[at0010]/value}"},"field":{"input":{"presentation":"textfield"}}}},{"annotations":{"comment":"Generic input field used to add custom fields."},"inputs":[{"type":"TEXT"}],"localizedName":"NYHA klassifikasjon","localizedNames":{"nb":"NYHA klassifikasjon"},"max":"1","min":"0","name":"NYHA klassifikasjon","rmType":"GENERIC_FIELD","formId":"generic-field-28158","viewConfig":{"advanced":{"hidden":false,"readonly":true},"size":{"field":"inherit","label":"inherit","fill":"inherit"},"layout":{"label":{"valign":"inherit","align":"inherit"},"field":{"valign":"inherit","align":"inherit"}},"tags":[],"datasource":{"loadRemote":false,"loadRemoteUrl":"","terminology":""},"annotations":{"format":"{#nyha:/items[at0001]/value}"},"field":{"input":{"presentation":"textfield"}}}},{"annotations":{"comment":"Generic input field used to add custom fields."},"inputs":[{"type":"TEXT"}],"localizedName":"Respirasjon","localizedNames":{"nb":"Respirasjon"},"max":"1","min":"0","name":"Respirasjon","rmType":"GENERIC_FIELD","formId":"generic-field-88907","viewConfig":{"advanced":{"hidden":false,"readonly":true},"size":{"field":"inherit","label":"inherit","fill":"inherit"},"layout":{"label":{"valign":"inherit","align":"inherit"},"field":{"valign":"inherit","align":"inherit"}},"tags":[],"datasource":{"loadRemote":false,"loadRemoteUrl":"","terminology":""},"annotations":{"format":"{#pasientstatus:/data[at0001]/events[at0002]/data[at0003]/items[at0009 and name/value='Respirasjon']/items[at0010]/value}"},"field":{"input":{"presentation":"textfield"}}}},{"annotations":{"comment":"Generic input field used to add custom fields."},"inputs":[{"type":"TEXT"}],"localizedName":"Andre sykdommer","localizedNames":{"nb":"Andre sykdommer"},"max":"1","min":"0","name":"Andre sykdommer","rmType":"GENERIC_FIELD","formId":"generic-field-2238","viewConfig":{"advanced":{"hidden":false,"readonly":true},"size":{"field":"inherit","label":"inherit","fill":"inherit"},"layout":{"label":{"valign":"inherit","align":"inherit"},"field":{"valign":"inherit","align":"inherit"}},"tags":[],"datasource":{"loadRemote":false,"loadRemoteUrl":"","terminology":""},"annotations":{"format":"{#pasientstatus:/data[at0001]/events[at0002]/data[at0003]/items[at0009 and name/value='Andre sykdommer']/items[at0010]/value}"},"field":{"input":{"presentation":"textfield"}}}},{"annotations":{"comment":"Generic input field used to add custom fields."},"inputs":[{"type":"TEXT"}],"localizedName":"Andre helsefaktorer","localizedNames":{"nb":"Andre helsefaktorer"},"max":"1","min":"0","name":"Andre helsefaktorer","rmType":"GENERIC_FIELD","formId":"generic-field-69828","viewConfig":{"advanced":{"hidden":false,"readonly":true},"size":{"field":"inherit","label":"inherit","fill":"inherit"},"layout":{"label":{"valign":"inherit","align":"inherit"},"field":{"valign":"inherit","align":"inherit"}},"tags":[],"datasource":{"loadRemote":false,"loadRemoteUrl":"","terminology":""},"annotations":{"format":"{#pasientstatus:/data[at0001]/events[at0002]/data[at0003]/items[at0009 and name/value='Andre helsefaktorer']/items[at0010]/value}"},"field":{"input":{"presentation":"textfield"}}}},{"annotations":{"comment":"Generic input field used to add custom fields."},"inputs":[{"type":"TEXT"}],"localizedName":"Allergier","localizedNames":{"nb":"Allergier"},"max":"100","min":"0","name":"Allergier","rmType":"GENERIC_FIELD","formId":"generic-field-99181","viewConfig":{"advanced":{"hidden":false,"readonly":true},"size":{"field":"inherit","label":"inherit","fill":"inherit"},"layout":{"label":{"valign":"inherit","align":"inherit"},"field":{"valign":"inherit","align":"inherit"}},"tags":[],"datasource":{"loadRemote":false,"loadRemoteUrl":"","terminology":""},"annotations":{"calc":"if(allergi_chk=true,allergi_val,if(allergi_chk=false,allergi_chk,\"Ikke valgt\"))"},"field":{"input":{"presentation":"textfield"}}}},{"annotations":{"comment":"Generic input field used to add custom fields."},"inputs":[{"type":"TEXT"}],"localizedName":"Medikamenter","localizedNames":{"nb":"Medikamenter"},"max":"1","min":"0","name":"Medikamenter","rmType":"GENERIC_FIELD","formId":"generic-field-18850","viewConfig":{"advanced":{"hidden":false,"readonly":true},"size":{"field":"inherit","label":"inherit","fill":"inherit"},"layout":{"label":{"valign":"inherit","align":"inherit"},"field":{"valign":"inherit","align":"inherit"}},"tags":[],"datasource":{"loadRemote":false,"loadRemoteUrl":"","terminology":""},"annotations":{"calc":"if(medikament_chk=true,medikament_val,if(medikament_chk=false,medikament_chk,\"Ikke valgt\"))"},"field":{"input":{"presentation":"textfield"}}}},{"annotations":{"comment":"Generic input field used to add custom fields."},"inputs":[{"type":"TEXT"}],"localizedName":"Røyking","localizedNames":{"nb":"Røyking"},"max":"1","min":"0","name":"Røyking","rmType":"GENERIC_FIELD","formId":"generic-field-11001","viewConfig":{"advanced":{"hidden":false,"readonly":true},"size":{"field":"inherit","label":"inherit","fill":"inherit"},"layout":{"label":{"valign":"inherit","align":"inherit"},"field":{"valign":"inherit","align":"inherit"}},"tags":[],"datasource":{"loadRemote":false,"loadRemoteUrl":"","terminology":""},"annotations":{"calc":"if(tobakk_chk=True,tobakk_form_mengde,if(tobakk_chk=false,tobakk_chk,\"Ikke valgt\"))"},"field":{"input":{"presentation":"textfield"}}}}],"viewConfig":{"advanced":{"hidden":false,"readonly":false,"render":false},"size":{"field":"inherit","label":"inherit","fill":"inherit"},"layout":{"label":{"valign":"inherit","align":"inherit"},"field":{"valign":"inherit","align":"inherit"}},"tags":[]}},{"localizedName":"Inngrep","localizedNames":{"nb":"Inngrep"},"min":"0","max":"1","name":"Inngrep","rmType":"GENERIC_FIELDSET","formId":"generic-field-13404","children":[{"annotations":{"comment":"Generic input field used to add custom fields."},"inputs":[{"type":"TEXT"}],"localizedName":"Planlagt inngrep","localizedNames":{"nb":"Planlagt inngrep"},"max":"1","min":"0","name":"Planlagt inngrep","rmType":"GENERIC_FIELD","formId":"generic-field-14534","viewConfig":{"advanced":{"hidden":false,"readonly":true},"size":{"field":"inherit","label":"inherit","fill":"inherit"},"layout":{"label":{"valign":"inherit","align":"inherit"},"field":{"valign":"inherit","align":"inherit"}},"tags":[],"datasource":{"loadRemote":false,"loadRemoteUrl":"","terminology":""},"annotations":{"format":"{#proc_act:/description[at0001]/items[at0002]/value}"},"field":{"input":{"presentation":"textfield"}}}},{"annotations":{"comment":"Generic input field used to add custom fields."},"inputs":[{"type":"TEXT"}],"localizedName":"Beskrivelse inngrep","localizedNames":{"nb":"Beskrivelse inngrep"},"max":"1","min":"0","name":"Beskrivelse inngrep","rmType":"GENERIC_FIELD","formId":"generic-field-12246","viewConfig":{"advanced":{"hidden":false,"readonly":true},"size":{"field":"inherit","label":"inherit","fill":"inherit"},"layout":{"label":{"valign":"inherit","align":"inherit"},"field":{"valign":"inherit","align":"inherit"}},"tags":[],"datasource":{"loadRemote":false,"loadRemoteUrl":"","terminology":""},"annotations":{"format":"{#proc_act:/description[at0001]/items[at0049]/value}"},"field":{"input":{"presentation":"textfield"}}}},{"annotations":{"comment":"Generic input field used to add custom fields."},"inputs":[{"type":"TEXT"}],"localizedName":"Indikasjon","localizedNames":{"nb":"Indikasjon"},"max":"1","min":"0","name":"Indikasjon","rmType":"GENERIC_FIELD","formId":"generic-field-2484","viewConfig":{"advanced":{"hidden":false,"readonly":true},"size":{"field":"inherit","label":"inherit","fill":"inherit"},"layout":{"label":{"valign":"inherit","align":"inherit"},"field":{"valign":"inherit","align":"inherit"}},"tags":[],"datasource":{"loadRemote":false,"loadRemoteUrl":"","terminology":""},"annotations":{"format":"{#proc_req:/activities[at0001]/description[at0009]/items[at0062]/value}","calcid":"indikasjon"},"field":{"input":{"presentation":"textfield"}}}},{"annotations":{"comment":"Generic input field used to add custom fields."},"inputs":[{"type":"TEXT"}],"localizedName":"Diagnose","localizedNames":{"nb":"Diagnose"},"max":"1","min":"0","name":"Diagnose","rmType":"GENERIC_FIELD","formId":"generic-field-47526","viewConfig":{"advanced":{"hidden":false,"readonly":true},"size":{"field":"inherit","label":"inherit","fill":"inherit"},"layout":{"label":{"valign":"inherit","align":"inherit"},"field":{"valign":"inherit","align":"inherit"}},"tags":[],"datasource":{"loadRemote":false,"loadRemoteUrl":"","terminology":""},"annotations":{"format":"{#diag:/content[openEHR-EHR-EVALUATION.problem_diagnosis.v1]/data[at0001]/items[at0002]/value/value}"},"field":{"input":{"presentation":"textfield"}}}},{"annotations":{"comment":"Generic input field used to add custom fields."},"inputs":[{"type":"TEXT"}],"localizedName":"Planlagt tilleggsinngrep","localizedNames":{"nb":"Planlagt tilleggsinngrep"},"max":"1","min":"0","name":"Planlagt tilleggsinngrep","rmType":"GENERIC_FIELD","formId":"generic-field-13049","viewConfig":{"advanced":{"hidden":false,"readonly":true},"size":{"field":"inherit","label":"inherit","fill":"inherit"},"layout":{"label":{"valign":"inherit","align":"inherit"},"field":{"valign":"inherit","align":"inherit"}},"tags":[],"datasource":{"loadRemote":false,"loadRemoteUrl":"","terminology":""},"annotations":{"format":"{#proc_act:/description[at0001]/items[openEHR-EHR-CLUSTER.additional_procedure_code.v1]/items[at0001]/value}"},"field":{"input":{"presentation":"textfield"}}}},{"annotations":{"comment":"Generic input field used to add custom fields."},"inputs":[{"type":"TEXT"}],"localizedName":"Hastegrad","localizedNames":{"nb":"Hastegrad"},"max":"1","min":"0","name":"Hastegrad","rmType":"GENERIC_FIELD","formId":"generic-field-60053","viewConfig":{"advanced":{"hidden":false,"readonly":true},"size":{"field":"inherit","label":"inherit","fill":"inherit"},"layout":{"label":{"valign":"inherit","align":"inherit"},"field":{"valign":"inherit","align":"inherit"}},"tags":[],"datasource":{"loadRemote":false,"loadRemoteUrl":"","terminology":""},"annotations":{"format":"{#proc_req:/activities[at0001]/description[at0009]/items[at0068]/value}"},"field":{"input":{"presentation":"textfield"}}}},{"annotations":{"comment":"Generic input field used to add custom fields."},"inputs":[{"type":"TEXT"}],"localizedName":"Prioritet","localizedNames":{"nb":"Prioritet"},"max":"1","min":"0","name":"Prioritet","rmType":"GENERIC_FIELD","formId":"generic-field-11700","viewConfig":{"advanced":{"hidden":false,"readonly":true},"size":{"field":"inherit","label":"inherit","fill":"inherit"},"layout":{"label":{"valign":"inherit","align":"inherit"},"field":{"valign":"inherit","align":"inherit"}},"tags":[],"datasource":{"loadRemote":false,"loadRemoteUrl":"","terminology":""},"annotations":{"format":"{#pri:/items[at0009]/value}"},"field":{"input":{"presentation":"textfield"}}}},{"annotations":{"comment":"Generic input field used to add custom fields."},"inputs":[{"type":"TEXT"}],"localizedName":"Ønsket anestesi","localizedNames":{"nb":"Ønsket anestesi"},"max":"1","min":"0","name":"Ønsket anestesi","rmType":"GENERIC_FIELD","formId":"generic-field-12654","viewConfig":{"advanced":{"hidden":false,"readonly":true},"size":{"field":"inherit","label":"inherit","fill":"inherit"},"layout":{"label":{"valign":"inherit","align":"inherit"},"field":{"valign":"inherit","align":"inherit"}},"tags":[],"datasource":{"loadRemote":false,"loadRemoteUrl":"","terminology":""},"annotations":{"format":"{#ane_req:/items[at0001]/value}"},"field":{"input":{"presentation":"textfield"}}}},{"annotations":{"comment":"Generic input field used to add custom fields."},"inputs":[{"type":"TEXT"}],"localizedName":"Estimert knivtid","localizedNames":{"nb":"Estimert knivtid"},"max":"1","min":"0","name":"Estimert knivtid","rmType":"GENERIC_FIELD","formId":"generic-field-89678","viewConfig":{"advanced":{"hidden":false,"readonly":true},"size":{"field":"inherit","label":"inherit","fill":"inherit"},"layout":{"label":{"valign":"inherit","align":"inherit"},"field":{"valign":"inherit","align":"inherit"}},"tags":[],"datasource":{"loadRemote":false,"loadRemoteUrl":"","terminology":""},"annotations":{"format":"{#time:/items[at0001]/value}"},"field":{"input":{"presentation":"textfield"}}}},{"annotations":{"comment":"Generic input field used to add custom fields."},"inputs":[{"type":"TEXT"}],"localizedName":"Smittestatus","localizedNames":{"nb":"Smittestatus"},"max":"1","min":"0","name":"Smittestatus","rmType":"GENERIC_FIELD","formId":"generic-field-11677","viewConfig":{"advanced":{"hidden":false,"readonly":true},"size":{"field":"inherit","label":"inherit","fill":"inherit"},"layout":{"label":{"valign":"inherit","align":"inherit"},"field":{"valign":"inherit","align":"inherit"}},"tags":[],"datasource":{"loadRemote":false,"loadRemoteUrl":"","terminology":""},"annotations":{"format":"{#surg_dtl:/items[at0001]/value}"},"field":{"input":{"presentation":"textfield"}}}},{"annotations":{"comment":"Generic input field used to add custom fields."},"inputs":[{"type":"TEXT"}],"localizedName":"Operasjonsleie","localizedNames":{"nb":"Operasjonsleie"},"max":"1","min":"0","name":"Operasjonsleie","rmType":"GENERIC_FIELD","formId":"generic-field-97972","viewConfig":{"advanced":{"hidden":false,"readonly":true},"size":{"field":"inherit","label":"inherit","fill":"inherit"},"layout":{"label":{"valign":"inherit","align":"inherit"},"field":{"valign":"inherit","align":"inherit"}},"tags":[],"datasource":{"loadRemote":false,"loadRemoteUrl":"","terminology":""},"annotations":{"format":"{#surg_dtl:/items[at0002]/value}"},"field":{"input":{"presentation":"textfield"}}}},{"annotations":{"comment":"Generic input field used to add custom fields."},"inputs":[{"type":"TEXT"}],"localizedName":"Avdekning/incisjon","localizedNames":{"nb":"Avdekning/incisjon"},"max":"1","min":"0","name":"Avdekning/incisjon","rmType":"GENERIC_FIELD","formId":"generic-field-52908","viewConfig":{"advanced":{"hidden":false,"readonly":true},"size":{"field":"inherit","label":"inherit","fill":"inherit"},"layout":{"label":{"valign":"inherit","align":"inherit"},"field":{"valign":"inherit","align":"inherit"}},"tags":[],"datasource":{"loadRemote":false,"loadRemoteUrl":"","terminology":""},"annotations":{"format":"{#surg_dtl:/items[at0003]/items[at0004]/value}"},"field":{"input":{"presentation":"textfield"}}}},{"annotations":{"comment":"Generic input field used to add custom fields."},"inputs":[{"type":"TEXT"}],"localizedName":"Side","localizedNames":{"nb":"Side"},"max":"1","min":"0","name":"Side","rmType":"GENERIC_FIELD","formId":"generic-field-21003","viewConfig":{"advanced":{"hidden":false,"readonly":true},"size":{"field":"inherit","label":"inherit","fill":"inherit"},"layout":{"label":{"valign":"inherit","align":"inherit"},"field":{"valign":"inherit","align":"inherit"}},"tags":[],"datasource":{"loadRemote":false,"loadRemoteUrl":"","terminology":""},"annotations":{"format":"{#surg_dtl:/items[at0003]/items[at0005]/value}"},"field":{"input":{"presentation":"textfield"}}}},{"annotations":{"comment":"Generic input field used to add custom fields."},"inputs":[{"type":"TEXT"}],"localizedName":"Spesialutstyr","localizedNames":{"nb":"Spesialutstyr"},"max":"1","min":"0","name":"Spesialutstyr","rmType":"GENERIC_FIELD","formId":"generic-field-42502","viewConfig":{"advanced":{"hidden":false,"readonly":true},"size":{"field":"inherit","label":"inherit","fill":"inherit"},"layout":{"label":{"valign":"inherit","align":"inherit"},"field":{"valign":"inherit","align":"inherit"}},"tags":[],"datasource":{"loadRemote":false,"loadRemoteUrl":"","terminology":""},"annotations":{"format":"{#spec_req:/items[at0007]/value}"},"field":{"input":{"presentation":"textfield"}}}},{"annotations":{"comment":"Generic input field used to add custom fields."},"inputs":[{"type":"TEXT"}],"localizedName":"Blodprodukter","localizedNames":{"nb":"Blodprodukter"},"max":"1","min":"0","name":"Blodprodukter","rmType":"GENERIC_FIELD","formId":"generic-field-50511","viewConfig":{"advanced":{"hidden":false,"readonly":true},"size":{"field":"inherit","label":"inherit","fill":"inherit"},"layout":{"label":{"valign":"inherit","align":"inherit"},"field":{"valign":"inherit","align":"inherit"}},"tags":[],"datasource":{"loadRemote":false,"loadRemoteUrl":"","terminology":""},"annotations":{"format":"{#spec_req:/items[at0010]/value}"},"field":{"input":{"presentation":"textfield"}}}},{"annotations":{"comment":"Generic input field used to add custom fields."},"inputs":[{"type":"TEXT"}],"localizedName":"Andre behov","localizedNames":{"nb":"Andre behov"},"max":"1","min":"0","name":"Andre behov","rmType":"GENERIC_FIELD","formId":"generic-field-29882","viewConfig":{"advanced":{"hidden":false,"readonly":true},"size":{"field":"inherit","label":"inherit","fill":"inherit"},"layout":{"label":{"valign":"inherit","align":"inherit"},"field":{"valign":"inherit","align":"inherit"}},"tags":[],"datasource":{"loadRemote":false,"loadRemoteUrl":"","terminology":""},"annotations":{"format":"{#spec_req:/items[at0014]/value}"},"field":{"input":{"presentation":"textfield"}}}},{"annotations":{"comment":"Generic input field used to add custom fields."},"inputs":[{"type":"TEXT"}],"localizedName":"Antibiotikaprofylakse","localizedNames":{"nb":"Antibiotikaprofylakse"},"max":"1","min":"0","name":"Antibiotikaprofylakse","rmType":"GENERIC_FIELD","formId":"generic-field-99241","viewConfig":{"advanced":{"hidden":false,"readonly":true},"size":{"field":"inherit","label":"inherit","fill":"inherit"},"layout":{"label":{"valign":"inherit","align":"inherit"},"field":{"valign":"inherit","align":"inherit"}},"tags":[],"datasource":{"loadRemote":false,"loadRemoteUrl":"","terminology":""},"annotations":{"format":"{#antibiotika:/description[at0017]/items[openEHR-EHR-CLUSTER.ofte_brukte_medikamenter.v1]/items[at0001]/value}"},"field":{"input":{"presentation":"textfield"}}}},{"annotations":{"comment":"Generic input field used to add custom fields."},"inputs":[{"type":"TEXT"}],"localizedName":"Annen medikasjon under operasjon","localizedNames":{"nb":"Annen medikasjon under operasjon"},"max":"1","min":"0","name":"Annen medikasjon under operasjon","rmType":"GENERIC_FIELD","formId":"generic-field-50706","viewConfig":{"advanced":{"hidden":false,"readonly":true},"size":{"field":"inherit","label":"inherit","fill":"inherit"},"layout":{"label":{"valign":"inherit","align":"inherit"},"field":{"valign":"inherit","align":"inherit"}},"tags":[],"datasource":{"loadRemote":false,"loadRemoteUrl":"","terminology":""},"annotations":{"format":"{#medicine_surgery:/description[at0017]/items[openEHR-EHR-CLUSTER.ofte_brukte_medikamenter.v1]/items[at0001]/value}"},"field":{"input":{"presentation":"textfield"}}}}],"viewConfig":{"advanced":{"hidden":false,"readonly":false,"render":false},"size":{"field":"inherit","label":"inherit","fill":"inherit"},"layout":{"label":{"valign":"inherit","align":"inherit"},"field":{"valign":"inherit","align":"inherit"}},"tags":[]}},{"localizedName":"Viktig informasjon","localizedNames":{"nb":"Viktig informasjon"},"min":"0","max":"1","name":"Viktig informasjon","rmType":"GENERIC_FIELDSET","formId":"generic-field-57689","children":[{"annotations":{"comment":"Generic input field used to add custom fields."},"inputs":[{"type":"TEXT"}],"localizedName":"Viktig informasjon","localizedNames":{"nb":"Input"},"max":"1","min":"0","name":"Viktig informasjon","rmType":"GENERIC_FIELD","formId":"generic-field-56189","viewConfig":{"annotations":{"format":"{#importantinfo:/items[at0001]/value}"},"advanced":{"hidden":false,"readonly":true},"size":{"field":"inherit","label":-1,"fill":"inherit"},"layout":{"label":{"valign":"inherit","align":"inherit"},"field":{"valign":"inherit","align":"inherit"}},"tags":[],"datasource":{"loadRemote":false,"loadRemoteUrl":"","terminology":""},"field":{"input":{"presentation":"textfield"}}}}],"viewConfig":{"annotations":{"HeaderSize":"text","AlertType":"important"},"advanced":{"hidden":false,"readonly":false,"render":false},"size":{"field":"inherit","label":"inherit","fill":"inherit"},"layout":{"label":{"valign":"inherit","align":"inherit"},"field":{"valign":"inherit","align":"inherit"}},"tags":[]}},{"localizedName":"Anestesi","localizedNames":{"nb":"Anestesi"},"min":"0","max":"1","name":"Anestesi","rmType":"GENERIC_FIELDSET","formId":"generic-field-77499","children":[{"annotations":{"comment":"Generic input field used to add custom fields."},"inputs":[{"type":"TEXT"}],"localizedName":"Anestesivurdering ferdigstilt?","localizedNames":{"nb":"Anestesivurdering ferdigstilt?"},"max":"1","min":"0","name":"Anestesivurdering ferdigstilt?","rmType":"GENERIC_FIELD","formId":"generic-field-18302","viewConfig":{"advanced":{"hidden":false,"readonly":true},"size":{"field":"inherit","label":"inherit","fill":"inherit"},"layout":{"label":{"valign":"inherit","align":"inherit"},"field":{"valign":"inherit","align":"inherit"}},"tags":[],"datasource":{"loadRemote":false,"loadRemoteUrl":"","terminology":""},"annotations":{"format":"{#ane_eval:/data[at0001]/events[at0002]/data[at0003]/items[at0025]/value}"},"field":{"input":{"presentation":"textfield"}}}},{"annotations":{"comment":"Generic input field used to add custom fields."},"inputs":[{"type":"TEXT"}],"localizedName":"Luftvei","localizedNames":{"nb":"Luftvei"},"max":"1","min":"0","name":"Luftvei","rmType":"GENERIC_FIELD","formId":"generic-field-10717","viewConfig":{"advanced":{"hidden":false,"readonly":true},"size":{"field":"inherit","label":"inherit","fill":"inherit"},"layout":{"label":{"valign":"inherit","align":"inherit"},"field":{"valign":"inherit","align":"inherit"}},"tags":[],"datasource":{"loadRemote":false,"loadRemoteUrl":"","terminology":""},"annotations":{"format":"{#eval_luftvei:/data[at0001]/events[at0002]/data[at0003]/items[at0009 and name/value='Luftvei']/items[at0010]/value}"},"field":{"input":{"presentation":"textfield"}}}},{"annotations":{"comment":"Generic input field used to add custom fields."},"inputs":[{"type":"TEXT"}],"localizedName":"Mallampati","localizedNames":{"nb":"Mallampati"},"max":"1","min":"0","name":"Mallampati","rmType":"GENERIC_FIELD","formId":"generic-field-98176","viewConfig":{"advanced":{"hidden":false,"readonly":true},"size":{"field":"inherit","label":"inherit","fill":"inherit"},"layout":{"label":{"valign":"inherit","align":"inherit"},"field":{"valign":"inherit","align":"inherit"}},"tags":[],"datasource":{"loadRemote":false,"loadRemoteUrl":"","terminology":""},"annotations":{"format":"{#mallampati:/items[at0004]/value}"},"field":{"input":{"presentation":"textfield"}}}},{"annotations":{"comment":"Generic input field used to add custom fields."},"inputs":[{"type":"TEXT"}],"localizedName":"Risikovurdering","localizedNames":{"nb":"Risikovurdering"},"max":"1","min":"0","name":"Risikovurdering","rmType":"GENERIC_FIELD","formId":"generic-field-24476","viewConfig":{"advanced":{"hidden":false,"readonly":true},"size":{"field":"inherit","label":"inherit","fill":"inherit"},"layout":{"label":{"valign":"inherit","align":"inherit"},"field":{"valign":"inherit","align":"inherit"}},"tags":[],"datasource":{"loadRemote":false,"loadRemoteUrl":"","terminology":""},"annotations":{"format":"{#eval_luftvei:/data[at0001]/events[at0002]/data[at0003]/items[at0006]/value}"},"field":{"input":{"presentation":"textfield"}}}},{"annotations":{"comment":"Generic input field used to add custom fields."},"inputs":[{"type":"TEXT"}],"localizedName":"Pasient fysisk tilsett?","localizedNames":{"nb":"Pasient fysisk tilsett?"},"max":"1","min":"0","name":"Pasient fysisk tilsett?","rmType":"GENERIC_FIELD","formId":"generic-field-68857","viewConfig":{"advanced":{"hidden":false,"readonly":true},"size":{"field":"inherit","label":"inherit","fill":"inherit"},"layout":{"label":{"valign":"inherit","align":"inherit"},"field":{"valign":"inherit","align":"inherit"}},"tags":[],"datasource":{"loadRemote":false,"loadRemoteUrl":"","terminology":""},"annotations":{"format":"{#ane_eval:/data[at0001]/events[at0002]/data[at0003]/items[at0026]/value}"},"field":{"input":{"presentation":"textfield"}}}},{"annotations":{"comment":"Generic input field used to add custom fields."},"inputs":[{"type":"TEXT"}],"localizedName":"Planlagt anestesi","localizedNames":{"nb":"Planlagt anestesi"},"max":"1","min":"0","name":"Planlagt anestesi","rmType":"GENERIC_FIELD","formId":"generic-field-61213","viewConfig":{"advanced":{"hidden":false,"readonly":true},"size":{"field":"inherit","label":"inherit","fill":"inherit"},"layout":{"label":{"valign":"inherit","align":"inherit"},"field":{"valign":"inherit","align":"inherit"}},"tags":[],"datasource":{"loadRemote":false,"loadRemoteUrl":"","terminology":""},"annotations":{"format":"{#planned_anesthesia:/items[at0001]/value}"},"field":{"input":{"presentation":"textfield"}}}},{"annotations":{"comment":"Generic input field used to add custom fields."},"inputs":[{"type":"TEXT"}],"localizedName":"Planlagt luftvei","localizedNames":{"nb":"Planlagt luftvei"},"max":"1","min":"0","name":"Planlagt luftvei","rmType":"GENERIC_FIELD","formId":"generic-field-90528","viewConfig":{"advanced":{"hidden":false,"readonly":true},"size":{"field":"inherit","label":"inherit","fill":"inherit"},"layout":{"label":{"valign":"inherit","align":"inherit"},"field":{"valign":"inherit","align":"inherit"}},"tags":[],"datasource":{"loadRemote":false,"loadRemoteUrl":"","terminology":""},"annotations":{"format":"{#planned_anesthesia:/items[at0002]/value}"},"field":{"input":{"presentation":"textfield"}}}},{"annotations":{"comment":"Generic input field used to add custom fields."},"inputs":[{"type":"TEXT"}],"localizedName":"Ekstra overvåking","localizedNames":{"nb":"Ekstra overvåking"},"max":"1","min":"0","name":"Ekstra overvåking","rmType":"GENERIC_FIELD","formId":"generic-field-22335","viewConfig":{"advanced":{"hidden":false,"readonly":true},"size":{"field":"inherit","label":"inherit","fill":"inherit"},"layout":{"label":{"valign":"inherit","align":"inherit"},"field":{"valign":"inherit","align":"inherit"}},"tags":[],"datasource":{"loadRemote":false,"loadRemoteUrl":"","terminology":""},"annotations":{"format":"{#planned_anesthesia:/items[at0003]/value}"},"field":{"input":{"presentation":"textfield"}}}},{"annotations":{"comment":"Generic input field used to add custom fields."},"inputs":[{"type":"TEXT"}],"localizedName":"Anestesi totalevaluering","localizedNames":{"nb":"Anestesi totalevaluering"},"max":"1","min":"0","name":"Anestesi totalevaluering","rmType":"GENERIC_FIELD","formId":"generic-field-79069","viewConfig":{"advanced":{"hidden":false,"readonly":true},"size":{"field":"inherit","label":"inherit","fill":"inherit"},"layout":{"label":{"valign":"inherit","align":"inherit"},"field":{"valign":"inherit","align":"inherit"}},"tags":[],"datasource":{"loadRemote":false,"loadRemoteUrl":"","terminology":""},"annotations":{"format":"{#pasientstatus:/data[at0001]/events[at0002]/data[at0003]/items[at0006 and name/value='Total evaluering']/value}"},"field":{"input":{"presentation":"textfield"}}}},{"annotations":{"comment":"Generic input field used to add custom fields."},"inputs":[{"type":"TEXT"}],"localizedName":"Oppsummering/Merknad","localizedNames":{"nb":"Oppsummering/Merknad"},"max":"1","min":"0","name":"Oppsummering/Merknad","rmType":"GENERIC_FIELD","formId":"generic-field-80171","viewConfig":{"annotations":{"format":"{#ane_eval:/data[at0001]/events[at0002]/data[at0003]/items[at0006]/value}"},"advanced":{"hidden":false,"readonly":true},"size":{"field":"inherit","label":"inherit","fill":"inherit"},"layout":{"label":{"valign":"inherit","align":"inherit"},"field":{"valign":"inherit","align":"inherit"}},"tags":[],"datasource":{"loadRemote":false,"loadRemoteUrl":"","terminology":""},"field":{"input":{"presentation":"textfield"}}}}],"viewConfig":{"advanced":{"hidden":false,"readonly":false,"render":false},"size":{"field":"inherit","label":"inherit","fill":"inherit"},"layout":{"label":{"valign":"inherit","align":"inherit"},"field":{"valign":"inherit","align":"inherit"}},"tags":[]}},{"localizedName":"Hidden fields for calculation","localizedNames":{"nb":"Fieldset"},"min":"0","max":"1","name":"Hidden fields for calculation","rmType":"GENERIC_FIELDSET","formId":"generic-field-93921","children":[{"annotations":{"comment":"Generic input field used to add custom fields."},"inputs":[{"type":"TEXT"}],"localizedName":"asa beslutning","localizedNames":{"nb":"Input"},"max":"1","min":"0","name":"asa beslutning","rmType":"GENERIC_FIELD","formId":"generic-field-37925","viewConfig":{"annotations":{"format":"{#asa_beslutning:/items[at0001]/value}","calcId":"asa_beslutning"},"advanced":{"hidden":false,"readonly":false},"size":{"field":"inherit","label":"inherit","fill":"inherit"},"layout":{"label":{"valign":"inherit","align":"inherit"},"field":{"valign":"inherit","align":"inherit"}},"tags":[],"datasource":{"loadRemote":false,"loadRemoteUrl":"","terminology":""},"field":{"input":{"presentation":"textfield"}}}},{"annotations":{"comment":"Generic input field used to add custom fields."},"inputs":[{"type":"TEXT"}],"localizedName":"asa operatør","localizedNames":{"nb":"Input"},"max":"1","min":"0","name":"asa operatør","rmType":"GENERIC_FIELD","formId":"generic-field-93006","viewConfig":{"annotations":{"format":"{#asa_operator:/items[at0001]/value}","calcId":"asa_operator"},"advanced":{"hidden":false,"readonly":false},"size":{"field":"inherit","label":"inherit","fill":"inherit"},"layout":{"label":{"valign":"inherit","align":"inherit"},"field":{"valign":"inherit","align":"inherit"}},"tags":[],"datasource":{"loadRemote":false,"loadRemoteUrl":"","terminology":""},"field":{"input":{"presentation":"textfield"}}}},{"annotations":{"comment":"Generic input field used to add custom fields."},"inputs":[{"type":"TEXT"}],"localizedName":"Allergier ja/nei","localizedNames":{"nb":"Input"},"max":-1,"min":0,"name":"Allergier ja/nei","rmType":"GENERIC_FIELD","formId":"generic-field-21174","viewConfig":{"annotations":{"format":"{#medikamenter_allergier:/items[at0009,'Allergier']/items[at0011]/value}","calcId":"allergi_chk"},"size":{"field":"inherit","label":"inherit","fill":"inherit"},"layout":{"field":{"valign":"inherit","align":"inherit"}},"datasource":{"loadRemote":false,"loadRemoteUrl":"","terminology":""},"field":{"input":{"presentation":"textfield"}}}},{"annotations":{"comment":"Generic input field used to add custom fields."},"inputs":[{"type":"TEXT"}],"localizedName":"Allergier verdier","localizedNames":{"nb":"Input"},"max":-1,"min":0,"name":"Allergier verdier","rmType":"GENERIC_FIELD","formId":"generic-field-80789","viewConfig":{"annotations":{"format":"{#medikamenter_allergier:/items[at0009,'Allergier']/items[at0010]/value}","calcId":"allergi_val"},"size":{"field":"inherit","label":"inherit","fill":"inherit"},"layout":{"field":{"valign":"inherit","align":"inherit"}},"datasource":{"loadRemote":false,"loadRemoteUrl":"","terminology":""},"field":{"input":{"presentation":"textfield"}}}},{"annotations":{"comment":"Generic input field used to add custom fields."},"inputs":[{"type":"TEXT"}],"localizedName":"Medikamenter ja/nei","localizedNames":{"nb":"Input"},"max":-1,"min":0,"name":"Medikamenter ja/nei","rmType":"GENERIC_FIELD","formId":"generic-field-91053","viewConfig":{"annotations":{"format":"{#medikamenter_allergier:/items[at0009,'Bruk av medikamenter']/items[at0011]/value}","calcId":"medikament_chk"},"size":{"field":"inherit","label":"inherit","fill":"inherit"},"layout":{"field":{"valign":"inherit","align":"inherit"}},"datasource":{"loadRemote":false,"loadRemoteUrl":"","terminology":""},"field":{"input":{"presentation":"textfield"}}}},{"annotations":{"comment":"Generic input field used to add custom fields."},"inputs":[{"type":"TEXT"}],"localizedName":"Medikamenter verdier","localizedNames":{"nb":"Input"},"max":-1,"min":0,"name":"Medikamenter verdier","rmType":"GENERIC_FIELD","formId":"generic-field-51909","viewConfig":{"annotations":{"format":"{#medikamenter_allergier:/items[at0009,'Bruk av medikamenter']/items[at0010]/value}","calcId":"medikament_val"},"size":{"field":"inherit","label":"inherit","fill":"inherit"},"layout":{"field":{"valign":"inherit","align":"inherit"}},"datasource":{"loadRemote":false,"loadRemoteUrl":"","terminology":""},"field":{"input":{"presentation":"textfield"}}}},{"annotations":{"comment":"Generic input field used to add custom fields."},"inputs":[{"type":"TEXT"}],"localizedName":"Tobakk ja/nei","localizedNames":{"nb":"Input"},"max":-1,"min":0,"name":"Tobakk ja/nei","rmType":"GENERIC_FIELD","formId":"generic-field-77198","viewConfig":{"annotations":{"format":"{#tobakk:/data[at0001]/events[at0002]/data[at0003]/items[at0004]/value}","calcId":"tobakk_chk"},"size":{"field":"inherit","label":"inherit","fill":"inherit"},"layout":{"field":{"valign":"inherit","align":"inherit"}},"datasource":{"loadRemote":false,"loadRemoteUrl":"","terminology":""},"field":{"input":{"presentation":"textfield"}}}},{"annotations":{"comment":"Generic input field used to add custom fields."},"inputs":[{"type":"TEXT"}],"localizedName":"Tobakk form","localizedNames":{"nb":"Input"},"max":-1,"min":0,"name":"Tobakk form","rmType":"GENERIC_FIELD","formId":"generic-field-81007","viewConfig":{"annotations":{"format":"{#tobakk:/data[at0001]/events[at0002]/data[at0003]/items[at0005]/items[at0006]/value}","calcId":"tobakk_form"},"size":{"field":"inherit","label":"inherit","fill":"inherit"},"layout":{"field":{"valign":"inherit","align":"inherit"}},"datasource":{"loadRemote":false,"loadRemoteUrl":"","terminology":""},"field":{"input":{"presentation":"textfield"}}}},{"annotations":{"comment":"Generic input field used to add custom fields."},"inputs":[{"type":"TEXT"}],"localizedName":"Tobakk form antall","localizedNames":{"nb":"Input"},"max":-1,"min":0,"name":"Tobakk form antall","rmType":"GENERIC_FIELD","formId":"generic-field-53940","viewConfig":{"annotations":{"format":"{#tobakk:/data[at0001]/events[at0002]/data[at0003]/items[at0005]/items[at0006]/value}, {#tobakk:/data[at0001]/events[at0002]/data[at0003]/items[at0005]/items[at0015]/items[at0014]/value}","calcId":"tobakk_antall"},"size":{"field":"inherit","label":"inherit","fill":"inherit"},"layout":{"field":{"valign":"inherit","align":"inherit"}},"datasource":{"loadRemote":false,"loadRemoteUrl":"","terminology":""},"field":{"input":{"presentation":"textfield"}}}},{"annotations":{"comment":"Generic input field used to add custom fields."},"inputs":[{"type":"TEXT"}],"localizedName":"Tobakk form vekt","localizedNames":{"nb":"Input"},"max":-1,"min":0,"name":"Tobakk form vekt","rmType":"GENERIC_FIELD","formId":"generic-field-89582","viewConfig":{"annotations":{"format":"{#tobakk:/data[at0001]/events[at0002]/data[at0003]/items[at0005]/items[at0006]/value}, {#tobakk:/data[at0001]/events[at0002]/data[at0003]/items[at0005]/items[at0015]/items[at0016]/value}","calcId":"tobakk_vekt"},"size":{"field":"inherit","label":"inherit","fill":"inherit"},"layout":{"field":{"valign":"inherit","align":"inherit"}},"datasource":{"loadRemote":false,"loadRemoteUrl":"","terminology":""},"field":{"input":{"presentation":"textfield"}}}},{"annotations":{"comment":"Generic input field used to add custom fields."},"inputs":[{"type":"TEXT"}],"localizedName":"Tobakk form og mengde","localizedNames":{"nb":"Input"},"max":-1,"min":0,"name":"Tobakk form og mengde","rmType":"GENERIC_FIELD","formId":"generic-field-79620","viewConfig":{"annotations":{"calc":"if(or(tobakk_form=\"Sigaretter\",tobakk_form=\"Sigar\"),tobakk_antall,tobakk_vekt)","calcID":"tobakk_form_mengde"},"size":{"field":"inherit","label":"inherit","fill":"inherit"},"layout":{"field":{"valign":"inherit","align":"inherit"}},"datasource":{"loadRemote":false,"loadRemoteUrl":"","terminology":""},"field":{"input":{"presentation":"textfield"}}}},{"annotations":{"comment":"Generic input field used to add custom fields."},"inputs":[{"type":"TEXT"}],"localizedName":"Hjerte uten anm ja/nei","localizedNames":{"nb":"Input"},"max":-1,"min":0,"name":"Hjerte uten anm ja/nei","rmType":"GENERIC_FIELD","formId":"generic-field-17401","viewConfig":{"annotations":{"format":"{#exam_heart:/items[at0002]/value}","calcId":"heart_chk"},"size":{"field":"inherit","label":"inherit","fill":"inherit"},"layout":{"field":{"valign":"inherit","align":"inherit"}},"datasource":{"loadRemote":false,"loadRemoteUrl":"","terminology":""},"field":{"input":{"presentation":"textfield"}}}},{"annotations":{"comment":"Generic input field used to add custom fields."},"inputs":[{"type":"TEXT"}],"localizedName":"Hjerte beskrivelse","localizedNames":{"nb":"Input"},"max":-1,"min":0,"name":"Hjerte beskrivelse","rmType":"GENERIC_FIELD","formId":"generic-field-20238","viewConfig":{"annotations":{"format":"{#exam_heart:/items[at0003]/value}","calcId":"heart_comment"},"size":{"field":"inherit","label":"inherit","fill":"inherit"},"layout":{"field":{"valign":"inherit","align":"inherit"}},"datasource":{"loadRemote":false,"loadRemoteUrl":"","terminology":""},"field":{"input":{"presentation":"textfield"}}}},{"annotations":{"comment":"Generic input field used to add custom fields."},"inputs":[{"type":"TEXT"}],"localizedName":"Lunge uten anm ja/nei","localizedNames":{"nb":"Input"},"max":-1,"min":0,"name":"Lunge uten anm ja/nei","rmType":"GENERIC_FIELD","formId":"generic-field-52212","viewConfig":{"annotations":{"format":"{#exam_lungs:/items[at0002]/value}","calcId":"lungs_chk"},"size":{"field":"inherit","label":"inherit","fill":"inherit"},"layout":{"field":{"valign":"inherit","align":"inherit"}},"datasource":{"loadRemote":false,"loadRemoteUrl":"","terminology":""},"field":{"input":{"presentation":"textfield"}}}},{"annotations":{"comment":"Generic input field used to add custom fields."},"inputs":[{"type":"TEXT"}],"localizedName":"Lunge beskrivelse","localizedNames":{"nb":"Input"},"max":-1,"min":0,"name":"Lunge beskrivelse","rmType":"GENERIC_FIELD","formId":"generic-field-72224","viewConfig":{"annotations":{"format":"{#exam_lungs:/items[at0003]/value}","calcId":"lungs_comment"},"size":{"field":"inherit","label":"inherit","fill":"inherit"},"layout":{"field":{"valign":"inherit","align":"inherit"}},"datasource":{"loadRemote":false,"loadRemoteUrl":"","terminology":""},"field":{"input":{"presentation":"textfield"}}}}],"viewConfig":{"advanced":{"hidden":true,"readonly":false,"render":false},"size":{"field":"inherit","label":"inherit","fill":"inherit"},"layout":{"label":{"valign":"inherit","align":"inherit"},"field":{"valign":"inherit","align":"inherit"}},"tags":[]}}]}