[{"col":1,"row":19,"width":12,"height":16,"children":[{"id":"generic-field-98464","rows":[{"cols":[{"width":"49%","children":[{"id":"generic-field-77149"},{"id":"generic-field-34965"},{"id":"generic-field-74207"},{"id":"generic-field-37779"},{"id":"generic-field-2629"},{"id":"generic-field-69063"}]},{"width":"48%","children":[{"id":"generic-field-55921"},{"id":"generic-field-36655"},{"id":"generic-field-28158"},{"id":"generic-field-88907"},{"id":"generic-field-2238"},{"id":"generic-field-69828"}]}]},{"cols":[{"width":"49%","children":[{"id":"generic-field-99181"},{"id":"generic-field-18850"}]},{"width":"48%","children":[{"id":"generic-field-11001"}]}]}]}]},{"col":1,"row":6,"width":12,"height":13,"children":[{"id":"generic-field-13404","rows":[{"cols":[{"width":"49%","children":[{"id":"generic-field-14534"},{"id":"generic-field-12246"},{"id":"generic-field-2484"},{"id":"generic-field-47526"},{"id":"generic-field-13049"},{"id":"generic-field-60053"},{"id":"generic-field-11700"},{"id":"generic-field-12654"},{"id":"generic-field-89678"}]},{"width":"48%","children":[{"id":"generic-field-11677"},{"id":"generic-field-97972"},{"id":"generic-field-52908"},{"id":"generic-field-21003"},{"id":"generic-field-42502"},{"id":"generic-field-50511"},{"id":"generic-field-29882"},{"id":"generic-field-99241"},{"id":"generic-field-50706"}]}]}]}]},{"col":1,"row":1,"width":12,"height":5,"children":[{"id":"generic-field-57689","rows":[{"cols":[{"width":"100%","children":[{"id":"generic-field-56189"}]}]}]}]},{"col":1,"row":35,"width":12,"height":31,"children":[{"id":"generic-field-77499","rows":[{"cols":[{"width":"49%","children":[{"id":"generic-field-18302"},{"id":"generic-field-10717"},{"id":"generic-field-98176"},{"id":"generic-field-24476"}]},{"width":"48%","children":[{"id":"generic-field-68857"},{"id":"generic-field-61213"},{"id":"generic-field-90528"},{"id":"generic-field-22335"}]}]},{"cols":[{"width":"100%","children":[{"id":"generic-field-79069"},{"id":"generic-field-80171"}]}]}]},{"id":"generic-field-93921","rows":[{"cols":[{"width":"100%","children":[{"id":"generic-field-37925"},{"id":"generic-field-93006"},{"id":"generic-field-21174"},{"id":"generic-field-80789"},{"id":"generic-field-91053"},{"id":"generic-field-51909"},{"id":"generic-field-77198"},{"id":"generic-field-81007"},{"id":"generic-field-53940"},{"id":"generic-field-89582"},{"id":"generic-field-79620"},{"id":"generic-field-17401"},{"id":"generic-field-20238"},{"id":"generic-field-52212"},{"id":"generic-field-72224"}]}]}]}]}]