{"name":"Form root","localizedNames":{},"localizedDescriptions":{},"rmType":"FORM_DEFINITION","min":0,"max":0,"formId":"form_root","viewConfig":{"label":{"custom":false,"useLocalizations":false},"size":{"field":"inherit","label":"inherit"},"layout":{"label":{"valign":"inherit","align":"inherit"},"field":{"valign":"inherit","align":"inherit"}},"annotations":{"#examinations":"select\r\nc/uid as cid, e\r\nfrom\r\n   composition c[openEHR-EHR-COMPOSITION.encounter.v1]\r\ncontains\r\n   EVALUATION e[openEHR-EHR-EVALUATION.recommendation.v1]\r\nwhere\r\n   e/name/value = 'Undersøkelser'\r\norder by c/context/start_time DESC fetch 1?scope=episodeofcare"}},"children":[{"name":"Undersøkelser","localizedName":"Undersøkelser","localizedNames":{"en":"*Undersøkelser (en)","nb":"Undersøkelser"},"localizedDescriptions":{"nb":"Et forslag, råd eller anmodning om klinisk oppfølging.","en":"*Et forslag, råd eller anmodning om klinisk oppfølging. (nb)"},"rmType":"EVALUATION","nodeId":"openEHR-EHR-EVALUATION.recommendation.v1","min":1,"max":1,"aqlPath":"/content[openEHR-EHR-EVALUATION.recommendation.v1 and name/value='Undersøkelser']","inputs":[],"formId":"klinisk_kontakt/undersøkelser@Undersøkelser","viewConfig":{"multiplicity":{"min":1,"max":1},"advanced":{"hidden":false,"readonly":false,"hideFrame":false,"render":false},"label":{"custom":false,"useLocalizations":false},"size":{"field":"inherit","label":"inherit"},"layout":{"label":{"valign":"inherit","align":"inherit"},"field":{"valign":"inherit","align":"inherit"}},"annotations":{"selectreadonly":"{#examinations}"},"field":{}},"children":[{"name":"Undersøkelser","localizedName":"Undersøkelser","localizedNames":{"en":"*Examinations (en)","nb":"Undersøkelser"},"localizedDescriptions":{"nb":"Fritekstbeskrivelse av anbefalingen.","en":"*Fritekstbeskrivelse av anbefalingen. (nb)"},"rmType":"DV_TEXT","nodeId":"at0002","min":0,"max":1,"aqlPath":"/content[openEHR-EHR-EVALUATION.recommendation.v1 and name/value='Undersøkelser']/data[at0001]/items[at0002 and name/value='Undersøkelser']/value","inputs":[{"type":"TEXT","list":[],"listOpen":false}],"formId":"klinisk_kontakt/undersøkelser@Undersøkelser/undersøkelser@Undersøkelser","viewConfig":{"multiplicity":{"min":0,"max":1},"advanced":{"hidden":false,"readonly":false,"hideFrame":false,"render":false},"label":{"custom":false,"useLocalizations":false},"size":{"field":"inherit","label":"inherit"},"layout":{"label":{"valign":"inherit","align":"inherit"},"field":{"valign":"inherit","align":"inherit"}},"datasource":{"loadRemote":false,"parameters":{}},"annotations":{"nullflavour":"271"},"field":{"lines":null,"input":{}}}}]}]}