{"name":"Form root","localizedNames":{},"localizedDescriptions":{},"rmType":"FORM_DEFINITION","min":0,"max":0,"formId":"form_root","viewConfig":{"label":{"custom":false,"useLocalizations":false},"size":{"field":"inherit","label":"inherit"},"layout":{"label":{"valign":"inherit","align":"inherit"},"field":{"valign":"inherit","align":"inherit"}},"annotations":{}},"children":[{"name":"Fødsel","localizedName":"Fødsel","localizedNames":{"en":"*Pregnancy Summary (nb)","nb":"Fødsel"},"localizedDescriptions":{"nb":"*Overview or summary record of a pregnancy including the antenatal period, labour, birth and the immediate postnatal period.(en)","en":"**Overview or summary record of a pregnancy including the antenatal period, labour, birth and the immediate postnatal period.(en) (nb)"},"rmType":"EVALUATION","nodeId":"openEHR-EHR-EVALUATION.pregnancy_summary_dips.v1","min":1,"max":1,"aqlPath":"/content[openEHR-EHR-EVALUATION.pregnancy_summary_dips.v1]","inputs":[],"formId":"vekstkurve_persistent/pregnancy_summary","viewConfig":{"multiplicity":{"min":1,"max":1},"advanced":{"hidden":false,"readonly":false,"hideFrame":false,"render":false},"label":{"custom":false,"useLocalizations":false},"size":{"field":"inherit","label":"inherit"},"layout":{"label":{"valign":"inherit","align":"inherit"},"field":{"valign":"inherit","align":"inherit"}},"annotations":{},"field":{}},"children":[{"name":"Fødselstidspunkt","localizedName":"Fødselstidspunkt","localizedNames":{"en":"**Baby(en) (nb)","nb":"Fødselstidspunkt"},"localizedDescriptions":{"nb":"*Information about an individual identified baby.(en)","en":"**Information about an individual identified baby.(en) (nb)"},"rmType":"CLUSTER","nodeId":"at0028","min":1,"max":1,"aqlPath":"/content[openEHR-EHR-EVALUATION.pregnancy_summary_dips.v1]/data[at0001]/items[at0028]","inputs":[],"formId":"vekstkurve_persistent/pregnancy_summary/*baby(en)","viewConfig":{"multiplicity":{"min":1,"max":1},"advanced":{"hidden":false,"readonly":false,"hideFrame":false,"render":false},"label":{"custom":false,"useLocalizations":false},"size":{"field":"inherit","label":"-1"},"layout":{"label":{"valign":"inherit","align":"inherit"},"field":{"valign":"inherit","align":"inherit"}},"annotations":{},"field":{},"tags":["HideLabel"]},"children":[{"name":"Tidspunkt for fødsel","localizedName":"Tidspunkt for fødsel","localizedNames":{"en":"*Tidspunkt for fødsel (nb)","nb":"Tidspunkt for fødsel"},"localizedDescriptions":{"nb":"Dato og tidspunkt for fødsel.","en":"*Dato og tidspunkt for fødsel. (nb)"},"rmType":"DV_DATE_TIME","nodeId":"at0029","min":0,"max":1,"aqlPath":"/content[openEHR-EHR-EVALUATION.pregnancy_summary_dips.v1]/data[at0001]/items[at0028]/items[at0029]/value","inputs":[{"type":"DATETIME","listOpen":false}],"formId":"vekstkurve_persistent/pregnancy_summary/*baby(en)/tidspunkt_for_fødsel","viewConfig":{"multiplicity":{"min":0,"max":1},"advanced":{"hidden":false,"readonly":false,"hideFrame":false,"render":false},"label":{"custom":false,"useLocalizations":false},"size":{"field":"inherit","label":"inherit"},"layout":{"label":{"valign":"inherit","align":"inherit"},"field":{"valign":"inherit","align":"inherit"}},"annotations":{"calcId":"time","templateVariable":"[Pas.Fodselsdato]","constraint.func":"ifnull($time <= now(), true)","constraint.message":"Tidspunkt for fødsel kan ikke være frem i tid"},"field":{"input":{"hideTime":false,"dateFormat":"","hideDate":false}}}},{"name":"Gestasjonsalder","localizedName":"Gestasjonsalder","localizedNames":{"en":"*Gestasjonsalder (nb)","nb":"Gestasjonsalder"},"localizedDescriptions":{"nb":"Beregnet gestasjonsalder for foster eller baby ved fødsel, basert på klinisk undersøkelse og evaluering.","en":"*Beregnet gestasjonsalder for foster eller baby ved fødsel, basert på klinisk undersøkelse og evaluering. (nb)"},"rmType":"DV_DURATION","nodeId":"at0059","min":0,"max":1,"aqlPath":"/content[openEHR-EHR-EVALUATION.pregnancy_summary_dips.v1]/data[at0001]/items[at0028]/items[at0059]/value","inputs":[{"suffix":"day","type":"INTEGER","defaultValue":"0","listOpen":false},{"suffix":"week","type":"INTEGER","validation":{"range":{"minOp":">","min":0.0,"maxOp":"<","max":50.0}},"defaultValue":"0","listOpen":false}],"formId":"vekstkurve_persistent/pregnancy_summary/*baby(en)/gestasjonsalder","viewConfig":{"multiplicity":{"min":0,"max":1},"advanced":{"hidden":false,"readonly":false,"hideFrame":false,"render":false},"label":{"custom":false,"useLocalizations":false},"size":{"field":"inherit","label":"inherit"},"layout":{"label":{"valign":"inherit","align":"inherit"},"field":{"valign":"inherit","align":"inherit"}},"annotations":{},"field":{"columns":"2","hidden":{"year":true,"month":true,"week":false,"day":false,"hour":true,"minute":true,"second":true}}}}]}]},{"name":"Høyde/Lengde","localizedName":"Høyde/Lengde","localizedNames":{"en":"*Høyde/Lengde (nb)","nb":"Høyde/Lengde"},"localizedDescriptions":{"nb":"Individets høyde eller lengde målt fra isse til fotsåle. Høyde måles stående og lengde liggende.","en":"*Individets høyde eller lengde målt fra isse til fotsåle. Høyde måles stående og lengde liggende. (nb)"},"rmType":"OBSERVATION","nodeId":"openEHR-EHR-OBSERVATION.height.v1","min":1,"max":1,"aqlPath":"/content[openEHR-EHR-OBSERVATION.height.v1]","inputs":[],"formId":"vekstkurve_persistent/høyde_lengde","viewConfig":{"multiplicity":{"min":1,"max":1},"advanced":{"hidden":false,"readonly":false,"hideFrame":false,"render":false},"label":{"custom":false,"useLocalizations":false},"size":{"field":"inherit","label":"-1"},"layout":{"label":{"valign":"inherit","align":"inherit"},"field":{"valign":"inherit","align":"inherit"}},"annotations":{},"field":{},"tags":["HideLabel"]},"children":[{"name":"Høyde/Lengde","localizedName":"Høyde/Lengde","localizedNames":{"en":"*Fødsel (nb)","nb":"Høyde/Lengde"},"localizedDescriptions":{"nb":"Den første lengden målt etter fødselen. Denne hendelsen skal kun benyttes én gang per journal.","en":"*Den første lengden målt etter fødselen. Denne hendelsen skal kun benyttes én gang per journal. (nb)"},"rmType":"POINT_EVENT","nodeId":"at0021","min":1,"max":1,"aqlPath":"/content[openEHR-EHR-OBSERVATION.height.v1]/data[at0001]/events[at0021]","inputs":[],"formId":"vekstkurve_persistent/høyde_lengde/fødsel","viewConfig":{"multiplicity":{"min":1,"max":1},"advanced":{"hidden":false,"readonly":false,"hideFrame":false,"render":false},"label":{"custom":false,"useLocalizations":false},"size":{"field":"inherit","label":"-1"},"layout":{"label":{"valign":"inherit","align":"inherit"},"field":{"valign":"inherit","align":"inherit"}},"annotations":{},"tags":["HideLabel"]},"children":[{"name":"Høyde/lengde","localizedName":"Høyde/lengde","localizedNames":{"en":"*Høyde/lengde (nb)","nb":"Høyde/lengde"},"localizedDescriptions":{"nb":"Høyde/lengde fra isse til fotsåle.","en":"*Høyde/lengde fra isse til fotsåle. (nb)"},"rmType":"DV_QUANTITY","nodeId":"at0004","min":0,"max":1,"aqlPath":"/content[openEHR-EHR-OBSERVATION.height.v1]/data[at0001]/events[at0021]/data[at0003]/items[at0004]/value","inputs":[{"suffix":"magnitude","type":"DECIMAL","defaultValue":"","listOpen":false},{"suffix":"unit","type":"CODED_TEXT","list":[{"value":"cm","label":"cm","validation":{"range":{"minOp":">=","min":0.0,"maxOp":"<=","max":500.0}},"ordinal":0,"localizedLabels":{},"localizedDescriptions":{}}],"listOpen":false}],"formId":"vekstkurve_persistent/høyde_lengde/fødsel/høyde_lengde","viewConfig":{"multiplicity":{"min":0,"max":1},"advanced":{"hidden":false,"readonly":false,"hideFrame":false,"render":false},"label":{"custom":false,"useLocalizations":false},"size":{"field":"inherit","label":"inherit"},"layout":{"label":{"valign":"inherit","align":"inherit"},"field":{"valign":"inherit","align":"inherit"}},"annotations":{"calcId":"height","constraint.func":"$height > 0","constraint.message":"Høyde må være mellom 1-500 cm"},"field":{}}},{"name":"Time","localizedName":"Time","localizedNames":{"en":"*Time (en)","nb":"Time"},"localizedDescriptions":{},"rmType":"DV_DATE_TIME","min":0,"max":1,"aqlPath":"/content[openEHR-EHR-OBSERVATION.height.v1]/data[at0001]/events[at0021]/time","inputs":[{"type":"DATETIME","listOpen":false}],"formId":"vekstkurve_persistent/høyde_lengde/fødsel/time","viewConfig":{"multiplicity":{"min":0,"max":1},"advanced":{"hidden":true,"readonly":false,"hideFrame":false,"render":false},"label":{"custom":false,"useLocalizations":false},"size":{"field":"inherit","label":"inherit"},"layout":{"label":{"valign":"inherit","align":"inherit"},"field":{"valign":"inherit","align":"inherit"}},"annotations":{"calc":"time"},"field":{"input":{"hideTime":false,"dateFormat":"","hideDate":false}}}},{"name":"Kommentar","localizedName":"Kommentar","localizedNames":{"en":"*Kommentar (nb)","nb":"Kommentar"},"localizedDescriptions":{"nb":"Ytterligere beskrivelse av målingen av høyde/lengde som ikke dekkes i andre felt.","en":"*Ytterligere beskrivelse av målingen av høyde/lengde som ikke dekkes i andre felt. (nb)"},"rmType":"DV_TEXT","nodeId":"at0018","min":0,"max":1,"aqlPath":"/content[openEHR-EHR-OBSERVATION.height.v1]/data[at0001]/events[at0021]/data[at0003]/items[at0018]/value","inputs":[{"type":"TEXT","list":[],"listOpen":false}],"formId":"vekstkurve_persistent/høyde_lengde/fødsel/kommentar","viewConfig":{"multiplicity":{"min":0,"max":1},"advanced":{"hidden":false,"readonly":false,"hideFrame":false,"render":false},"label":{"custom":false,"useLocalizations":false},"size":{"field":"inherit","label":"inherit"},"layout":{"label":{"valign":"inherit","align":"inherit"},"field":{"valign":"inherit","align":"inherit"}},"annotations":{},"field":{"lines":null,"input":{}},"tags":["ForceMinMultiplicity"]}}]}]},{"name":"Kroppsvekt","localizedName":"Kroppsvekt","localizedNames":{"en":"*Kroppsvekt (nb)","nb":"Kroppsvekt"},"localizedDescriptions":{"nb":"Individets kroppsvekt.","en":"*Individets kroppsvekt. (nb)"},"rmType":"OBSERVATION","nodeId":"openEHR-EHR-OBSERVATION.body_weight.v1","min":1,"max":1,"aqlPath":"/content[openEHR-EHR-OBSERVATION.body_weight.v1]","inputs":[],"formId":"vekstkurve_persistent/kroppsvekt","viewConfig":{"multiplicity":{"min":1,"max":1},"advanced":{"hidden":false,"readonly":false,"hideFrame":false,"render":false},"label":{"custom":false,"useLocalizations":false},"size":{"field":"inherit","label":"-1"},"layout":{"label":{"valign":"inherit","align":"inherit"},"field":{"valign":"inherit","align":"inherit"}},"annotations":{},"field":{},"tags":["HideLabel"]},"children":[{"name":"Kroppsvekt","localizedName":"Kroppsvekt","localizedNames":{"en":"*Fødsel (nb)","nb":"Kroppsvekt"},"localizedDescriptions":{"nb":"Den første vekten målt etter fødselen. Denne hendelsen skal kun benyttes én gang per journal.","en":"*Den første vekten målt etter fødselen. Denne hendelsen skal kun benyttes én gang per journal. (nb)"},"rmType":"POINT_EVENT","nodeId":"at0026","min":1,"max":1,"aqlPath":"/content[openEHR-EHR-OBSERVATION.body_weight.v1]/data[at0002]/events[at0026]","inputs":[],"formId":"vekstkurve_persistent/kroppsvekt/fødsel","viewConfig":{"multiplicity":{"min":1,"max":1},"advanced":{"hidden":false,"readonly":false,"hideFrame":false,"render":false},"label":{"custom":false,"useLocalizations":false},"size":{"field":"inherit","label":"-1"},"layout":{"label":{"valign":"inherit","align":"inherit"},"field":{"valign":"inherit","align":"inherit"}},"annotations":{},"tags":["HideLabel"]},"children":[{"name":"Kroppsvekt","localizedName":"Kroppsvekt","localizedNames":{"en":"*Kroppsvekt (nb)","nb":"Kroppsvekt"},"localizedDescriptions":{"nb":"Et individs totale kroppsmasse.","en":"*Et individs totale kroppsmasse. (nb)"},"rmType":"DV_QUANTITY","nodeId":"at0004","min":0,"max":1,"aqlPath":"/content[openEHR-EHR-OBSERVATION.body_weight.v1]/data[at0002]/events[at0026]/data[at0001]/items[at0004]/value","inputs":[{"suffix":"magnitude","type":"DECIMAL","defaultValue":"","listOpen":false},{"suffix":"unit","type":"CODED_TEXT","list":[{"value":"g","label":"g","validation":{"range":{"minOp":">=","min":0.0,"maxOp":"<","max":100000.0},"precision":{"minOp":">=","min":0.0,"maxOp":"<=","max":0.0}},"ordinal":0,"localizedLabels":{},"localizedDescriptions":{}}],"listOpen":false}],"formId":"vekstkurve_persistent/kroppsvekt/fødsel/kroppsvekt","viewConfig":{"multiplicity":{"min":0,"max":1},"advanced":{"hidden":false,"readonly":false,"hideFrame":false,"render":false},"label":{"custom":false,"useLocalizations":false},"size":{"field":"inherit","label":"inherit"},"layout":{"label":{"valign":"inherit","align":"inherit"},"field":{"valign":"inherit","align":"inherit"}},"annotations":{"calcId":"weight","constraint.func":"$weight > 0","constraint.message":"Kroppsvekt må være mellom 1-100000 g"},"field":{}}},{"name":"Time","localizedName":"Time","localizedNames":{"en":"*Time (en)","nb":"Time"},"localizedDescriptions":{},"rmType":"DV_DATE_TIME","min":0,"max":1,"aqlPath":"/content[openEHR-EHR-OBSERVATION.body_weight.v1]/data[at0002]/events[at0026]/time","inputs":[{"type":"DATETIME","listOpen":false}],"formId":"vekstkurve_persistent/kroppsvekt/fødsel/time","viewConfig":{"multiplicity":{"min":0,"max":1},"advanced":{"hidden":true,"readonly":false,"hideFrame":false,"render":false},"label":{"custom":false,"useLocalizations":false},"size":{"field":"inherit","label":"inherit"},"layout":{"label":{"valign":"inherit","align":"inherit"},"field":{"valign":"inherit","align":"inherit"}},"annotations":{"calc":"time"},"field":{"input":{"hideTime":false,"dateFormat":"","hideDate":false}}}},{"name":"Kommentar","localizedName":"Kommentar","localizedNames":{"en":"*Kommentar (nb)","nb":"Kommentar"},"localizedDescriptions":{"nb":"Ytterligere beskrivelse av målingen av kroppsvekt som ikke dekkes i andre felt.","en":"*Ytterligere beskrivelse av målingen av kroppsvekt som ikke dekkes i andre felt. (nb)"},"rmType":"DV_TEXT","nodeId":"at0024","min":0,"max":1,"aqlPath":"/content[openEHR-EHR-OBSERVATION.body_weight.v1]/data[at0002]/events[at0026]/data[at0001]/items[at0024]/value","inputs":[{"type":"TEXT","list":[],"listOpen":false}],"formId":"vekstkurve_persistent/kroppsvekt/fødsel/kommentar","viewConfig":{"multiplicity":{"min":0,"max":1},"advanced":{"hidden":false,"readonly":false,"hideFrame":false,"render":false},"label":{"custom":false,"useLocalizations":false},"size":{"field":"inherit","label":"inherit"},"layout":{"label":{"valign":"inherit","align":"inherit"},"field":{"valign":"inherit","align":"inherit"}},"annotations":{},"field":{"lines":null,"input":{}},"tags":["ForceMinMultiplicity"]}}]}]},{"name":"Hodeomkrets","localizedName":"Hodeomkrets","localizedNames":{"en":"*Hodeomkrets (nb)","nb":"Hodeomkrets"},"localizedDescriptions":{"nb":"Måling av den lengste distansen rundt hodet.","en":"*Måling av den lengste distansen rundt hodet. (nb)"},"rmType":"OBSERVATION","nodeId":"openEHR-EHR-OBSERVATION.head_circumference.v1","min":1,"max":1,"aqlPath":"/content[openEHR-EHR-OBSERVATION.head_circumference.v1]","inputs":[],"formId":"vekstkurve_persistent/hodeomkrets","viewConfig":{"multiplicity":{"min":1,"max":1},"advanced":{"hidden":false,"readonly":false,"hideFrame":false,"render":false},"label":{"custom":false,"useLocalizations":false},"size":{"field":"inherit","label":"-1"},"layout":{"label":{"valign":"inherit","align":"inherit"},"field":{"valign":"inherit","align":"inherit"}},"annotations":{},"field":{},"tags":["HideLabel"]},"children":[{"name":"Fødsel","localizedName":"Fødsel","localizedNames":{"en":"*Fødsel (nb)","nb":"Fødsel"},"localizedDescriptions":{"nb":"Den første målingen av hodeomkrets som registreres kort tid etter fødsel. Denne hendelsen skal kun benyttes én gang per journal.","en":"*Den første målingen av hodeomkrets som registreres kort tid etter fødsel. Denne hendelsen skal kun benyttes én gang per journal. (nb)"},"rmType":"POINT_EVENT","nodeId":"at0011","min":1,"max":1,"aqlPath":"/content[openEHR-EHR-OBSERVATION.head_circumference.v1]/data[at0001]/events[at0011]","inputs":[],"formId":"vekstkurve_persistent/hodeomkrets/fødsel","viewConfig":{"multiplicity":{"min":1,"max":1},"advanced":{"hidden":false,"readonly":false,"hideFrame":false,"render":false},"label":{"custom":false,"useLocalizations":false},"size":{"field":"inherit","label":"-1"},"layout":{"label":{"valign":"inherit","align":"inherit"},"field":{"valign":"inherit","align":"inherit"}},"annotations":{},"tags":["HideLabel"]},"children":[{"name":"Hodeomkrets","localizedName":"Hodeomkrets","localizedNames":{"en":"*Hodeomkrets (nb)","nb":"Hodeomkrets"},"localizedDescriptions":{"nb":"Måling av den lengste distansen rundt hodet.","en":"*Måling av den lengste distansen rundt hodet. (nb)"},"rmType":"DV_QUANTITY","nodeId":"at0004","min":0,"max":1,"aqlPath":"/content[openEHR-EHR-OBSERVATION.head_circumference.v1]/data[at0001]/events[at0011]/data[at0003]/items[at0004]/value","inputs":[{"suffix":"magnitude","type":"DECIMAL","defaultValue":"","listOpen":false},{"suffix":"unit","type":"CODED_TEXT","list":[{"value":"cm","label":"cm","validation":{"range":{"minOp":">=","min":0.0,"maxOp":"<=","max":100.0}},"ordinal":0,"localizedLabels":{},"localizedDescriptions":{}}],"listOpen":false}],"formId":"vekstkurve_persistent/hodeomkrets/fødsel/hodeomkrets","viewConfig":{"multiplicity":{"min":0,"max":1},"advanced":{"hidden":false,"readonly":false,"hideFrame":false,"render":false},"label":{"custom":false,"useLocalizations":false},"size":{"field":"inherit","label":"inherit"},"layout":{"label":{"valign":"inherit","align":"inherit"},"field":{"valign":"inherit","align":"inherit"}},"annotations":{"constraint.func":"$headcircumference > 0","calcId":"headcircumference","constraint.message":"Hodeomkrets må være mellom 1-100 cm"},"field":{}}},{"name":"Time","localizedName":"Time","localizedNames":{"en":"*Time (en)","nb":"Time"},"localizedDescriptions":{},"rmType":"DV_DATE_TIME","min":0,"max":1,"aqlPath":"/content[openEHR-EHR-OBSERVATION.head_circumference.v1]/data[at0001]/events[at0011]/time","inputs":[{"type":"DATETIME","listOpen":false}],"formId":"vekstkurve_persistent/hodeomkrets/fødsel/time","viewConfig":{"multiplicity":{"min":0,"max":1},"advanced":{"hidden":true,"readonly":false,"hideFrame":false,"render":false},"label":{"custom":false,"useLocalizations":false},"size":{"field":"inherit","label":"inherit"},"layout":{"label":{"valign":"inherit","align":"inherit"},"field":{"valign":"inherit","align":"inherit"}},"annotations":{"calc":"time"},"field":{"input":{"hideTime":false,"dateFormat":"","hideDate":false}}}},{"name":"Kommentar","localizedName":"Kommentar","localizedNames":{"en":"*Kommentar (nb)","nb":"Kommentar"},"localizedDescriptions":{"nb":"Ytterligere fritekst om hodeomkretsen som ikke er registrert i andre felt.","en":"*Ytterligere fritekst om hodeomkretsen som ikke er registrert i andre felt. (nb)"},"rmType":"DV_TEXT","nodeId":"at0007","min":0,"max":1,"aqlPath":"/content[openEHR-EHR-OBSERVATION.head_circumference.v1]/data[at0001]/events[at0011]/data[at0003]/items[at0007]/value","inputs":[{"type":"TEXT","list":[],"listOpen":false}],"formId":"vekstkurve_persistent/hodeomkrets/fødsel/kommentar","viewConfig":{"multiplicity":{"min":0,"max":1},"advanced":{"hidden":false,"readonly":false,"hideFrame":false,"render":false},"label":{"custom":false,"useLocalizations":false},"size":{"field":"inherit","label":"inherit"},"layout":{"label":{"valign":"inherit","align":"inherit"},"field":{"valign":"inherit","align":"inherit"}},"annotations":{},"field":{"lines":null,"input":{}},"tags":["ForceMinMultiplicity"]}}]}]},{"name":"Kroppsoverflate","localizedName":"Kroppsoverflate","localizedNames":{"en":"*Kroppsoverflate (nb)","nb":"Kroppsoverflate"},"localizedDescriptions":{"nb":"Kroppsoverflate er den målte eller kalkulerte overflaten av menneskekroppen.","en":"*Kroppsoverflate er den målte eller kalkulerte overflaten av menneskekroppen. (nb)"},"rmType":"OBSERVATION","nodeId":"openEHR-EHR-OBSERVATION.body_surface_area_dips.v1","min":1,"max":1,"aqlPath":"/content[openEHR-EHR-OBSERVATION.body_surface_area_dips.v1]","inputs":[],"formId":"vekstkurve_persistent/kroppsoverflate","viewConfig":{"multiplicity":{"min":1,"max":1},"advanced":{"hidden":false,"readonly":false,"hideFrame":false,"render":false},"label":{"custom":false,"useLocalizations":false},"size":{"field":"inherit","label":"-1"},"layout":{"label":{"valign":"inherit","align":"inherit"},"field":{"valign":"inherit","align":"inherit"}},"annotations":{},"field":{},"tags":["HideLabel"]},"children":[{"name":"x","localizedName":"x","localizedNames":{"en":"*Uspesifisert hendelse (nb)","nb":"Uspesifisert hendelse"},"localizedDescriptions":{"nb":"Standard, uspesifisert tidspunkt eller tidsintervall som kan defineres mer eksplisitt i en template eller i en applikasjon.","en":"*Standard, uspesifisert tidspunkt eller tidsintervall som kan defineres mer eksplisitt i en template eller i en applikasjon. (nb)"},"rmType":"POINT_EVENT","nodeId":"at0002","min":1,"max":1,"aqlPath":"/content[openEHR-EHR-OBSERVATION.body_surface_area_dips.v1]/data[at0001]/events[at0002]","inputs":[],"formId":"vekstkurve_persistent/kroppsoverflate/uspesifisert_hendelse","viewConfig":{"multiplicity":{"min":1,"max":1},"advanced":{"hidden":false,"readonly":false,"hideFrame":false,"render":false},"label":{"custom":false,"useLocalizations":false},"size":{"field":"inherit","label":"-1"},"layout":{"label":{"valign":"inherit","align":"inherit"},"field":{"valign":"inherit","align":"inherit"}},"annotations":{},"tags":["HideLabel"]},"children":[{"name":"Kroppsoverflate","localizedName":"Kroppsoverflate","localizedNames":{"en":"*Kroppsoverflate (nb)","nb":"Kroppsoverflate"},"localizedDescriptions":{"nb":"Den målte eller kalkulerte overflaten av menneskekroppen.","en":"*Den målte eller kalkulerte overflaten av menneskekroppen. (nb)"},"rmType":"DV_QUANTITY","nodeId":"at0004","min":1,"max":1,"aqlPath":"/content[openEHR-EHR-OBSERVATION.body_surface_area_dips.v1]/data[at0001]/events[at0002]/data[at0003]/items[at0004]/value","inputs":[{"suffix":"magnitude","type":"DECIMAL","defaultValue":"","listOpen":false},{"suffix":"unit","type":"CODED_TEXT","list":[{"value":"m2","label":"m2","validation":{"range":{"minOp":">","maxOp":"<"},"precision":{"minOp":">=","min":2.0,"maxOp":"<=","max":2.0}},"ordinal":0,"localizedLabels":{},"localizedDescriptions":{}}],"defaultValue":"m2","listOpen":false}],"formId":"vekstkurve_persistent/kroppsoverflate/uspesifisert_hendelse/kroppsoverflate","viewConfig":{"multiplicity":{"min":1,"max":1},"advanced":{"hidden":false,"readonly":false,"hideFrame":false,"render":false},"label":{"custom":false,"useLocalizations":false},"size":{"field":"inherit","label":"inherit"},"layout":{"label":{"valign":"inherit","align":"inherit"},"field":{"valign":"inherit","align":"inherit"}},"annotations":{"calc":"sqrt((height*weight)/3600000)","calcId":"bsa"},"field":{}}},{"name":"Kroppsoverflate","localizedName":"Kroppsoverflate","localizedNames":{"en":"*Input (en)","nb":"Kroppsoverflate"},"localizedDescriptions":{},"rmType":"GENERIC_FIELD","min":0,"max":-1,"inputs":[{"type":"TEXT","list":[],"listOpen":false}],"formId":"generic-field-60349","viewConfig":{"multiplicity":{"min":0,"max":-1},"advanced":{"hidden":false,"readonly":true,"hideFrame":false,"render":false},"label":{"custom":false,"useLocalizations":false},"size":{"field":"inherit","label":"inherit"},"layout":{"label":{"valign":"inherit","align":"inherit"},"field":{"valign":"inherit","align":"inherit"}},"annotations":{"description":"Kroppsoverflate regnes ut automatisk når høyde/lengde og kroppsvekt er fylt ut."},"field":{"lines":null,"input":{},"type":"DV_TEXT"}}},{"name":"Time","localizedName":"Time","localizedNames":{"en":"*Time (en)","nb":"Time"},"localizedDescriptions":{},"rmType":"DV_DATE_TIME","min":0,"max":1,"aqlPath":"/content[openEHR-EHR-OBSERVATION.body_surface_area_dips.v1]/data[at0001]/events[at0002]/time","inputs":[{"type":"DATETIME","listOpen":false}],"formId":"vekstkurve_persistent/kroppsoverflate/uspesifisert_hendelse/time","viewConfig":{"multiplicity":{"min":0,"max":1},"advanced":{"hidden":true,"readonly":false,"hideFrame":false,"render":false},"label":{"custom":false,"useLocalizations":false},"size":{"field":"inherit","label":"inherit"},"layout":{"label":{"valign":"inherit","align":"inherit"},"field":{"valign":"inherit","align":"inherit"}},"annotations":{"calc":"time"},"field":{"input":{"hideTime":false,"dateFormat":"","hideDate":false}}}},{"name":"Kommentar","localizedName":"Kommentar","localizedNames":{"en":"*Kommentar (nb)","nb":"Kommentar"},"localizedDescriptions":{"nb":"Ytterligere kommentar om kroppsoverflateestimering.","en":"*Ytterligere kommentar om kroppsoverflateestimering. (nb)"},"rmType":"DV_TEXT","nodeId":"at0019","min":0,"max":1,"aqlPath":"/content[openEHR-EHR-OBSERVATION.body_surface_area_dips.v1]/data[at0001]/events[at0002]/data[at0003]/items[at0019]/value","inputs":[{"type":"TEXT","list":[],"listOpen":false}],"formId":"vekstkurve_persistent/kroppsoverflate/uspesifisert_hendelse/kommentar","viewConfig":{"multiplicity":{"min":0,"max":1},"advanced":{"hidden":false,"readonly":false,"hideFrame":false,"render":false},"label":{"custom":false,"useLocalizations":false},"size":{"field":"inherit","label":"inherit"},"layout":{"label":{"valign":"inherit","align":"inherit"},"field":{"valign":"inherit","align":"inherit"}},"annotations":{},"field":{"lines":null,"input":{}},"tags":["ForceMinMultiplicity"]}}]},{"name":"Metode","localizedName":"Metode","localizedNames":{"en":"*Metode (nb)","nb":"Metode"},"localizedDescriptions":{"nb":"Metoden brukt til å estimere kroppsoverflaten.","en":"*Metoden brukt til å estimere kroppsoverflaten. (nb)"},"rmType":"DV_CODED_TEXT","nodeId":"at0009","min":0,"max":1,"aqlPath":"/content[openEHR-EHR-OBSERVATION.body_surface_area_dips.v1]/protocol[at0005]/items[at0009]/value","inputs":[{"suffix":"code","type":"CODED_TEXT","list":[{"value":"at0010","label":"Automatisk oppføring","ordinal":0,"localizedLabels":{"nb":"Automatisk oppføring","en":"*Automatisk oppføring (nb)"},"localizedDescriptions":{"nb":"Kroppsoverflaten ble kalkulering automatisk uten å involvere brukeren.","en":"*Kroppsoverflaten ble kalkulering automatisk uten å involvere brukeren. (nb)"}},{"value":"at0011","label":"Direkte oppføring","ordinal":0,"localizedLabels":{"nb":"Direkte oppføring","en":"*Direkte oppføring (nb)"},"localizedDescriptions":{"nb":"Kroppsoverflaten ble kalkulert og registrert av brukeren.","en":"*Kroppsoverflaten ble kalkulert og registrert av brukeren. (nb)"}}],"defaultValue":"at0010","listOpen":false}],"formId":"vekstkurve_persistent/kroppsoverflate/metode","viewConfig":{"multiplicity":{"min":0,"max":1},"advanced":{"hidden":true,"readonly":false,"hideFrame":false,"render":false},"label":{"custom":false,"useLocalizations":false},"size":{"field":"inherit","label":"inherit"},"layout":{"label":{"valign":"inherit","align":"inherit"},"field":{"valign":"inherit","align":"inherit"}},"annotations":{},"field":{"code":{"presentation":"combobox","columns":"2"}}}},{"name":"Formel","localizedName":"Formel","localizedNames":{"en":"*Formel (nb)","nb":"Formel"},"localizedDescriptions":{"nb":"Formelen brukt til å kalkulere kroppsoverflate.","en":"*Formelen brukt til å kalkulere kroppsoverflate. (nb)"},"rmType":"ELEMENT","nodeId":"at0006","min":1,"max":1,"aqlPath":"/content[openEHR-EHR-OBSERVATION.body_surface_area_dips.v1]/protocol[at0005]/items[at0006]","inputs":[],"formId":"vekstkurve_persistent/kroppsoverflate/formel","viewConfig":{"multiplicity":{"min":1,"max":1},"advanced":{"hidden":true,"readonly":false,"hideFrame":false,"render":false},"label":{"custom":false,"useLocalizations":false},"size":{"field":"inherit","label":"-1"},"layout":{"label":{"valign":"inherit","align":"inherit"},"field":{"valign":"inherit","align":"inherit"}},"annotations":{},"tags":["HideLabel"]},"children":[{"name":"Formel","localizedName":"Formel","localizedNames":{"en":"*Formel (nb)","nb":"Formel"},"localizedDescriptions":{"nb":"Formelen brukt til å kalkulere kroppsoverflate.","en":"*Formelen brukt til å kalkulere kroppsoverflate. (nb)"},"rmType":"DV_CODED_TEXT","nodeId":"","min":1,"max":1,"aqlPath":"/content[openEHR-EHR-OBSERVATION.body_surface_area_dips.v1]/protocol[at0005]/items[at0006]/value","inputs":[{"suffix":"code","type":"CODED_TEXT","list":[{"value":"at0012","label":"Dubois and Dubois","ordinal":0,"localizedLabels":{"nb":"Dubois and Dubois","en":"*Dubois and Dubois (nb)"},"localizedDescriptions":{"nb":"Dubois and Dubois formelen ble brukt til å estimere kroppsoverflate.","en":"*Dubois and Dubois formelen ble brukt til å estimere kroppsoverflate. (nb)"}},{"value":"at0013","label":"Mosteller","ordinal":0,"localizedLabels":{"nb":"Mosteller","en":"*Mosteller (nb)"},"localizedDescriptions":{"nb":"Mosteller formelen ble brukt til å estimere kroppsoverflate.","en":"*Mosteller formelen ble brukt til å estimere kroppsoverflate. (nb)"}},{"value":"at0014","label":"Haycock","ordinal":0,"localizedLabels":{"nb":"Haycock","en":"*Haycock (nb)"},"localizedDescriptions":{"nb":"Haycock formelen ble brukt til å estimere kroppsoverflate.","en":"*Haycock formelen ble brukt til å estimere kroppsoverflate. (nb)"}},{"value":"at0015","label":"Gehan and George","ordinal":0,"localizedLabels":{"nb":"Gehan and George","en":"*Gehan and George (nb)"},"localizedDescriptions":{"nb":"Gehan and George formelen ble brukt til å estimere kroppsoverflate.","en":"*Gehan and George formelen ble brukt til å estimere kroppsoverflate. (nb)"}},{"value":"at0016","label":"Boyd","ordinal":0,"localizedLabels":{"nb":"Boyd","en":"*Boyd (nb)"},"localizedDescriptions":{"nb":"Boyd formelen ble brukt til å estimere kroppsoverflate.","en":"*Boyd formelen ble brukt til å estimere kroppsoverflate. (nb)"}},{"value":"at0017","label":"Fujimoto","ordinal":0,"localizedLabels":{"nb":"Fujimoto","en":"*Fujimoto (nb)"},"localizedDescriptions":{"nb":"Fujimoto formelen ble brukt til å estimere kroppsoverflate.","en":"*Fujimoto formelen ble brukt til å estimere kroppsoverflate. (nb)"}},{"value":"at0018","label":"Takihara","ordinal":0,"localizedLabels":{"nb":"Takihara","en":"*Takihara (nb)"},"localizedDescriptions":{"nb":"Takihara formelen ble brukt til å estimere kroppsoverflate.","en":"*Takihara formelen ble brukt til å estimere kroppsoverflate. (nb)"}}],"defaultValue":"at0013","listOpen":false}],"formId":"vekstkurve_persistent/kroppsoverflate/formel/value","viewConfig":{"multiplicity":{"min":1,"max":1},"advanced":{"hidden":false,"readonly":false,"hideFrame":false,"render":false},"label":{"custom":false,"useLocalizations":false},"size":{"field":"inherit","label":"inherit"},"layout":{"label":{"valign":"inherit","align":"inherit"},"field":{"valign":"inherit","align":"inherit"}},"annotations":{},"field":{"code":{"presentation":"combobox","columns":"7"}}}}]}]}]}