[{"col":1,"row":1,"width":12,"height":58,"children":[{"id":"vekstkurve_persistent/pregnancy_summary","rows":[{"cols":[{"width":"100%","children":[{"id":"vekstkurve_persistent/pregnancy_summary/*baby(en)","rows":[{"cols":[{"width":"100%","children":[{"id":"vekstkurve_persistent/pregnancy_summary/*baby(en)/tidspunkt_for_fødsel","rows":[]},{"id":"vekstkurve_persistent/pregnancy_summary/*baby(en)/gestasjonsalder","rows":[]}]}]}]}]}]}]},{"id":"vekstkurve_persistent/høyde_lengde","rows":[{"cols":[{"width":"100%","children":[{"id":"vekstkurve_persistent/høyde_lengde/fødsel","rows":[{"cols":[{"width":"50%","children":[{"id":"vekstkurve_persistent/høyde_lengde/fødsel/høyde_lengde","rows":[]},{"id":"vekstkurve_persistent/høyde_lengde/fødsel/time","rows":[]}]},{"width":"50%","children":[{"id":"vekstkurve_persistent/høyde_lengde/fødsel/kommentar","rows":[]}]}]}]}]}]}]},{"id":"vekstkurve_persistent/kroppsvekt","rows":[{"cols":[{"width":"100%","children":[{"id":"vekstkurve_persistent/kroppsvekt/fødsel","rows":[{"cols":[{"width":"50%","children":[{"id":"vekstkurve_persistent/kroppsvekt/fødsel/kroppsvekt","rows":[]},{"id":"vekstkurve_persistent/kroppsvekt/fødsel/time","rows":[]}]},{"width":"50%","children":[{"id":"vekstkurve_persistent/kroppsvekt/fødsel/kommentar","rows":[]}]}]}]}]}]}]},{"id":"vekstkurve_persistent/hodeomkrets","rows":[{"cols":[{"width":"100%","children":[{"id":"vekstkurve_persistent/hodeomkrets/fødsel","rows":[{"cols":[{"width":"50%","children":[{"id":"vekstkurve_persistent/hodeomkrets/fødsel/hodeomkrets","rows":[]},{"id":"vekstkurve_persistent/hodeomkrets/fødsel/time","rows":[]}]},{"width":"50%","children":[{"id":"vekstkurve_persistent/hodeomkrets/fødsel/kommentar","rows":[]}]}]}]}]}]}]},{"id":"vekstkurve_persistent/kroppsoverflate","rows":[{"cols":[{"width":"100%","children":[{"id":"vekstkurve_persistent/kroppsoverflate/uspesifisert_hendelse","rows":[{"cols":[{"width":"50%","children":[{"id":"vekstkurve_persistent/kroppsoverflate/uspesifisert_hendelse/kroppsoverflate","rows":[]},{"id":"generic-field-60349","rows":[]},{"id":"vekstkurve_persistent/kroppsoverflate/uspesifisert_hendelse/time","rows":[]}]},{"width":"50%","children":[{"id":"vekstkurve_persistent/kroppsoverflate/uspesifisert_hendelse/kommentar","rows":[]}]}]}]},{"id":"vekstkurve_persistent/kroppsoverflate/metode","rows":[]},{"id":"vekstkurve_persistent/kroppsoverflate/formel","rows":[{"cols":[{"width":"100%","children":[{"id":"vekstkurve_persistent/kroppsoverflate/formel/value","rows":[]}]}]}]}]}]}]}]}]