{"formId":"form_root","name":"Form root","rmType":"FORM_DEFINITION","viewConfig":{"label":{"custom":false,"value":"","useLocalizations":false,"localizationsList":{}},"size":{"field":"inherit","label":"inherit","fill":"inherit"},"layout":{"valign":"inherit","align":"inherit"},"tags":[],"annotations":{"#callingnr":"openEHR-EHR-ACTION.calling_lege2.v1"}},"language":"","templateLanguages":["nb"],"children":[{"name":"Vakthavende calling","localizedName":"Vakthavende calling","rmType":"DV_CODED_TEXT","nodeId":"at0002","min":"0","max":"1","localizedNames":{"nb":"Vakthavende calling"},"localizedDescriptions":{"nb":"Calling lege ved Akuttmottak"},"aqlPath":"/content[openEHR-EHR-ACTION.calling_lege2.v1]/description[at0001]/items[at0002]/value","inputs":[{"suffix":"code","type":"TEXT","terminology":"Dips?subset=ARK-AKMM1CALLINGNR"},{"suffix":"value","type":"TEXT","terminology":"Dips?subset=ARK-AKMM1CALLINGNR"}],"formId":"calling_lege/calling_leger/vakthavende_calling","viewConfig":{"annotations":{"select":"{#callingnr:/description[at0001]/items[at0002]/value}"},"advanced":{"hidden":false,"readonly":false},"size":{"field":"inherit","label":"inherit","fill":"inherit"},"layout":{"label":{"valign":"inherit","align":"inherit"},"field":{"valign":"inherit","align":"inherit"}},"tags":["showascombobox"],"datasource":{"loadRemote":false,"loadRemoteUrl":"","terminology":""},"field":{"code":{"presentation":"textfield"},"value":{"presentation":"textfield"}}}},{"name":"Privat calling","localizedName":"Privat calling","rmType":"DV_TEXT","nodeId":"at0003","min":0,"max":1,"localizedNames":{"nb":"Privat calling"},"localizedDescriptions":{"nb":"Privat calling lege"},"aqlPath":"/content[openEHR-EHR-ACTION.calling_lege2.v1]/description[at0001]/items[at0003]/value","inputs":[{"type":"TEXT"}],"formId":"calling_lege/calling_leger/privat_calling","viewConfig":{"annotations":{"select":"{#callingnr:/description[at0001]/items[at0003]/value}"},"size":{"field":"inherit","label":"inherit","fill":"inherit"},"layout":{"field":{"valign":"inherit","align":"inherit"}},"datasource":{"loadRemote":false,"loadRemoteUrl":"","terminology":""},"field":{"input":{"presentation":"textfield"}}}},{"name":"Careflow_step","rmType":"DV_CODED_TEXT","min":"0","max":"1","aqlPath":"/content[openEHR-EHR-ACTION.calling_lege2.v1]/ism_transition/careflow_step","inputs":[{"suffix":"code","type":"CODED_TEXT","list":[{"value":"at0004","label":"Calling lege","localizedLabels":{"nb":"Calling lege"},"currentStates":["532"]}],"defaultValue":"at0004"}],"inContext":true,"formId":"calling_lege/calling_leger/ism_transition/careflow_step","viewConfig":{"advanced":{"hidden":true,"readonly":false},"size":{"field":"inherit","label":"inherit","fill":"inherit"},"layout":{"label":{"valign":"inherit","align":"inherit"},"field":{"valign":"inherit","align":"inherit"}},"tags":[],"datasource":{"loadRemote":false,"loadRemoteUrl":"","terminology":""},"field":{"code":{"presentation":"combobox"}}}}]}