{"name":"Form root","localizedNames":{},"localizedDescriptions":{},"rmType":"FORM_DEFINITION","min":0,"max":0,"formId":"form_root","viewConfig":{"label":{"custom":false,"useLocalizations":false},"size":{"field":"inherit","label":"inherit"},"layout":{"label":{"valign":"inherit","align":"inherit"},"field":{"valign":"inherit","align":"inherit"}},"annotations":{}},"children":[{"name":"Dato for måling","localizedName":"Dato for måling","localizedNames":{"en":"*Time (en)","nb":"Dato for måling"},"localizedDescriptions":{},"rmType":"DV_DATE_TIME","min":0,"max":1,"aqlPath":"/content[openEHR-EHR-OBSERVATION.growth_chart_parents_dips.v1]/data[at0001]/events[at0012]/time","inputs":[{"type":"DATETIME","listOpen":false}],"formId":"vekstkurve_persistent/growth_chart_parents/any_point-in-time_event/time","viewConfig":{"multiplicity":{"min":0,"max":1},"advanced":{"hidden":false,"readonly":false,"hideFrame":false,"render":false},"label":{"custom":false,"useLocalizations":false},"size":{"field":"inherit","label":"inherit"},"layout":{"label":{"valign":"inherit","align":"inherit"},"field":{"valign":"inherit","align":"inherit"}},"annotations":{"calcId":"time","templateVariable":"[Sys.Now]"},"field":{"input":{"hideTime":false,"dateFormat":"","hideDate":false}}}},{"name":"Mor","localizedName":"Mor","localizedNames":{"en":"Mother","nb":"Mor"},"localizedDescriptions":{},"rmType":"GENERIC_FIELDSET","min":0,"max":1,"inputs":[],"formId":"generic-field-28415","viewConfig":{"multiplicity":{"min":0,"max":1},"advanced":{"hidden":false,"readonly":false,"hideFrame":false,"render":false},"label":{"custom":false,"useLocalizations":false},"size":{"field":"inherit","label":"inherit"},"layout":{"label":{"valign":"inherit","align":"inherit"},"field":{"valign":"inherit","align":"inherit"}},"annotations":{},"field":{"formId":null,"name":null}},"children":[{"localizedNames":{"en":"","nb":""},"localizedDescriptions":{},"rmType":"GENERIC_FIELDSET","min":0,"max":1,"inputs":[],"formId":"generic-field-46338","viewConfig":{"multiplicity":{"min":0,"max":1},"advanced":{"hidden":false,"readonly":false,"hideFrame":false,"render":false},"label":{"custom":false,"useLocalizations":false},"size":{"field":"inherit","label":"inherit"},"layout":{"label":{"valign":"inherit","align":"inherit"},"field":{"valign":"inherit","align":"inherit"}},"annotations":{},"field":{"formId":null,"name":null}},"children":[{"name":"Høyde","localizedName":"Høyde","localizedNames":{"en":"*Høyde/lengde mor (nb)","nb":"Høyde"},"localizedDescriptions":{"nb":"The height or length of the individual, measured from crown of head to sole of foot. Height is measured with the individual in a standing position and body length in a recumbent position.","en":"*The height or length of the individual, measured from crown of head to sole of foot. Height is measured with the individual in a standing position and body length in a recumbent position. (nb)"},"rmType":"DV_QUANTITY","nodeId":"at0004","min":0,"max":1,"aqlPath":"/content[openEHR-EHR-OBSERVATION.growth_chart_parents_dips.v1]/data[at0001]/events[at0012]/data[at0003]/items[at0004]/value","inputs":[{"suffix":"magnitude","type":"DECIMAL","defaultValue":"","listOpen":false},{"suffix":"unit","type":"CODED_TEXT","list":[{"value":"cm","label":"cm","validation":{"range":{"minOp":">=","min":0.0,"maxOp":"<=","max":500.0}},"ordinal":0,"localizedLabels":{},"localizedDescriptions":{}}],"listOpen":false}],"formId":"vekstkurve_persistent/growth_chart_parents/any_point-in-time_event/høyde_lengde_mor","viewConfig":{"multiplicity":{"min":0,"max":1},"advanced":{"hidden":false,"readonly":false,"hideFrame":false,"render":false},"label":{"custom":false,"useLocalizations":false},"size":{"field":"inherit","label":"inherit"},"layout":{"label":{"valign":"inherit","align":"inherit"},"field":{"valign":"inherit","align":"inherit"}},"annotations":{"calcId":"height_mother"},"field":{}}}]},{"name":"Kommentar","localizedName":"Kommentar","localizedNames":{"en":"*Høyde/lengde mor kommentar (nb)","nb":"Kommentar"},"localizedDescriptions":{"nb":"*","en":"** (nb)"},"rmType":"DV_TEXT","nodeId":"at0010","min":0,"max":1,"aqlPath":"/content[openEHR-EHR-OBSERVATION.growth_chart_parents_dips.v1]/data[at0001]/events[at0012]/data[at0003]/items[at0010]/value","inputs":[{"type":"TEXT","list":[],"listOpen":false}],"formId":"vekstkurve_persistent/growth_chart_parents/any_point-in-time_event/høyde_lengde_mor_kommentar","viewConfig":{"multiplicity":{"min":0,"max":1},"advanced":{"hidden":false,"readonly":false,"hideFrame":false,"render":false},"label":{"custom":false,"useLocalizations":false},"size":{"field":"inherit","label":"inherit"},"layout":{"label":{"valign":"inherit","align":"inherit"},"field":{"valign":"inherit","align":"inherit"}},"annotations":{},"field":{"lines":null,"input":{}},"tags":["ForceMinMultiplicity"]}},{"localizedNames":{"en":"","nb":""},"localizedDescriptions":{},"rmType":"GENERIC_FIELDSET","min":0,"max":1,"inputs":[],"formId":"generic-field-45875","viewConfig":{"multiplicity":{"min":0,"max":1},"advanced":{"hidden":false,"readonly":false,"hideFrame":false,"render":false},"label":{"custom":false,"useLocalizations":false},"size":{"field":"inherit","label":"inherit"},"layout":{"label":{"valign":"inherit","align":"inherit"},"field":{"valign":"inherit","align":"inherit"}},"annotations":{},"field":{"formId":null,"name":null}},"children":[{"name":"Vekt","localizedName":"Vekt","localizedNames":{"en":"*Vekt mor (nb)","nb":"Vekt"},"localizedDescriptions":{"nb":"*","en":"** (nb)"},"rmType":"DV_QUANTITY","nodeId":"at0014","min":0,"max":1,"aqlPath":"/content[openEHR-EHR-OBSERVATION.growth_chart_parents_dips.v1]/data[at0001]/events[at0012]/data[at0003]/items[at0014]/value","inputs":[{"suffix":"magnitude","type":"DECIMAL","defaultValue":"","listOpen":false},{"suffix":"unit","type":"CODED_TEXT","list":[{"value":"kg","label":"kg","validation":{"range":{"minOp":">=","min":0.0,"maxOp":"<=","max":1000.0}},"ordinal":0,"localizedLabels":{},"localizedDescriptions":{}}],"listOpen":false}],"formId":"vekstkurve_persistent/growth_chart_parents/any_point-in-time_event/vekt_mor","viewConfig":{"multiplicity":{"min":0,"max":1},"advanced":{"hidden":false,"readonly":false,"hideFrame":false,"render":false},"label":{"custom":false,"useLocalizations":false},"size":{"field":"inherit","label":"inherit"},"layout":{"label":{"valign":"inherit","align":"inherit"},"field":{"valign":"inherit","align":"inherit"}},"annotations":{"calcId":"weight_mother"},"field":{}}}]},{"name":"Kommentar","localizedName":"Kommentar","localizedNames":{"en":"*Vekt mor kommentar (nb)","nb":"Kommentar"},"localizedDescriptions":{"nb":"*","en":"** (nb)"},"rmType":"DV_TEXT","nodeId":"at0015","min":0,"max":1,"aqlPath":"/content[openEHR-EHR-OBSERVATION.growth_chart_parents_dips.v1]/data[at0001]/events[at0012]/data[at0003]/items[at0015]/value","inputs":[{"type":"TEXT","list":[],"listOpen":false}],"formId":"vekstkurve_persistent/growth_chart_parents/any_point-in-time_event/vekt_mor_kommentar","viewConfig":{"multiplicity":{"min":0,"max":1},"advanced":{"hidden":false,"readonly":false,"hideFrame":false,"render":false},"label":{"custom":false,"useLocalizations":false},"size":{"field":"inherit","label":"inherit"},"layout":{"label":{"valign":"inherit","align":"inherit"},"field":{"valign":"inherit","align":"inherit"}},"annotations":{},"field":{"lines":null,"input":{}},"tags":["ForceMinMultiplicity"]}},{"name":"Hodeomkrets","localizedName":"Hodeomkrets","localizedNames":{"en":"*Hodeomkrets mor (nb)","nb":"Hodeomkrets"},"localizedDescriptions":{"nb":"*","en":"** (nb)"},"rmType":"DV_QUANTITY","nodeId":"at0006","min":0,"max":1,"aqlPath":"/content[openEHR-EHR-OBSERVATION.growth_chart_parents_dips.v1]/data[at0001]/events[at0012]/data[at0003]/items[at0006]/value","inputs":[{"suffix":"magnitude","type":"DECIMAL","defaultValue":"","listOpen":false},{"suffix":"unit","type":"CODED_TEXT","list":[{"value":"cm","label":"cm","validation":{"range":{"minOp":">","maxOp":"<"}},"ordinal":0,"localizedLabels":{},"localizedDescriptions":{}}],"listOpen":false}],"formId":"vekstkurve_persistent/growth_chart_parents/any_point-in-time_event/hodeomkrets_mor","viewConfig":{"multiplicity":{"min":0,"max":1},"advanced":{"hidden":false,"readonly":false,"hideFrame":false,"render":false},"label":{"custom":false,"useLocalizations":false},"size":{"field":"inherit","label":"inherit"},"layout":{"label":{"valign":"inherit","align":"inherit"},"field":{"valign":"inherit","align":"inherit"}},"annotations":{},"field":{}}},{"name":"Kommentar","localizedName":"Kommentar","localizedNames":{"en":"*Hodeomkrets mor kommentar (nb)","nb":"Kommentar"},"localizedDescriptions":{"nb":"*","en":"** (nb)"},"rmType":"DV_TEXT","nodeId":"at0016","min":0,"max":1,"aqlPath":"/content[openEHR-EHR-OBSERVATION.growth_chart_parents_dips.v1]/data[at0001]/events[at0012]/data[at0003]/items[at0016]/value","inputs":[{"type":"TEXT","list":[],"listOpen":false}],"formId":"vekstkurve_persistent/growth_chart_parents/any_point-in-time_event/hodeomkrets_mor_kommentar","viewConfig":{"multiplicity":{"min":0,"max":1},"advanced":{"hidden":false,"readonly":false,"hideFrame":false,"render":false},"label":{"custom":false,"useLocalizations":false},"size":{"field":"inherit","label":"inherit"},"layout":{"label":{"valign":"inherit","align":"inherit"},"field":{"valign":"inherit","align":"inherit"}},"annotations":{},"field":{"lines":null,"input":{}},"tags":["ForceMinMultiplicity"]}},{"localizedNames":{"en":"","nb":""},"localizedDescriptions":{},"rmType":"GENERIC_FIELDSET","min":0,"max":1,"inputs":[],"formId":"generic-field-27298","viewConfig":{"multiplicity":{"min":0,"max":1},"advanced":{"hidden":false,"readonly":false,"hideFrame":false,"render":false},"label":{"custom":false,"useLocalizations":false},"size":{"field":"inherit","label":"inherit"},"layout":{"label":{"valign":"inherit","align":"inherit"},"field":{"valign":"inherit","align":"inherit"}},"annotations":{},"field":{"formId":null,"name":null}},"children":[{"name":"KMI","localizedName":"KMI","localizedNames":{"en":"*KMI mor (nb)","nb":"KMI"},"localizedDescriptions":{"nb":"*","en":"** (nb)"},"rmType":"DV_QUANTITY","nodeId":"at0013","min":0,"max":1,"aqlPath":"/content[openEHR-EHR-OBSERVATION.growth_chart_parents_dips.v1]/data[at0001]/events[at0012]/data[at0003]/items[at0013]/value","inputs":[{"suffix":"magnitude","type":"DECIMAL","defaultValue":"","listOpen":false},{"suffix":"unit","type":"CODED_TEXT","list":[{"value":"kg/m2","label":"kg/m2","validation":{"range":{"minOp":">=","min":0.0,"maxOp":"<=","max":500.0}},"ordinal":0,"localizedLabels":{},"localizedDescriptions":{}}],"listOpen":false}],"formId":"vekstkurve_persistent/growth_chart_parents/any_point-in-time_event/kmi_mor","viewConfig":{"multiplicity":{"min":0,"max":1},"advanced":{"hidden":false,"readonly":false,"hideFrame":false,"render":false},"label":{"custom":false,"useLocalizations":false},"size":{"field":"inherit","label":"inherit"},"layout":{"label":{"valign":"inherit","align":"inherit"},"field":{"valign":"inherit","align":"inherit"}},"annotations":{"calc":"(weight_mother)/((height_mother/100)*(height_mother/100))"},"field":{}}}]},{"name":"Kommentar","localizedName":"Kommentar","localizedNames":{"en":"*KMI mor kommentar (nb)","nb":"Kommentar"},"localizedDescriptions":{"nb":"*","en":"** (nb)"},"rmType":"DV_TEXT","nodeId":"at0017","min":0,"max":1,"aqlPath":"/content[openEHR-EHR-OBSERVATION.growth_chart_parents_dips.v1]/data[at0001]/events[at0012]/data[at0003]/items[at0017]/value","inputs":[{"type":"TEXT","list":[],"listOpen":false}],"formId":"vekstkurve_persistent/growth_chart_parents/any_point-in-time_event/kmi_mor_kommentar","viewConfig":{"multiplicity":{"min":0,"max":1},"advanced":{"hidden":false,"readonly":false,"hideFrame":false,"render":false},"label":{"custom":false,"useLocalizations":false},"size":{"field":"inherit","label":"inherit"},"layout":{"label":{"valign":"inherit","align":"inherit"},"field":{"valign":"inherit","align":"inherit"}},"annotations":{},"field":{"lines":null,"input":{}},"tags":["ForceMinMultiplicity"]}}]},{"name":"Far","localizedName":"Far","localizedNames":{"en":"Father","nb":"Far"},"localizedDescriptions":{},"rmType":"GENERIC_FIELDSET","min":0,"max":1,"inputs":[],"formId":"generic-field-94540","viewConfig":{"multiplicity":{"min":0,"max":1},"advanced":{"hidden":false,"readonly":false,"hideFrame":false,"render":false},"label":{"custom":false,"useLocalizations":false},"size":{"field":"inherit","label":"inherit"},"layout":{"label":{"valign":"inherit","align":"inherit"},"field":{"valign":"inherit","align":"inherit"}},"annotations":{},"field":{"formId":null,"name":null}},"children":[{"localizedNames":{"en":"","nb":""},"localizedDescriptions":{},"rmType":"GENERIC_FIELDSET","min":0,"max":1,"inputs":[],"formId":"generic-field-07976","viewConfig":{"multiplicity":{"min":0,"max":1},"advanced":{"hidden":false,"readonly":false,"hideFrame":false,"render":false},"label":{"custom":false,"useLocalizations":false},"size":{"field":"inherit","label":"inherit"},"layout":{"label":{"valign":"inherit","align":"inherit"},"field":{"valign":"inherit","align":"inherit"}},"annotations":{},"field":{"formId":null,"name":null}},"children":[{"name":"Høyde","localizedName":"Høyde","localizedNames":{"en":"*Høyde/lengde far (nb)","nb":"Høyde"},"localizedDescriptions":{"nb":"*","en":"** (nb)"},"rmType":"DV_QUANTITY","nodeId":"at0022","min":0,"max":1,"aqlPath":"/content[openEHR-EHR-OBSERVATION.growth_chart_parents_dips.v1]/data[at0001]/events[at0012]/data[at0003]/items[at0022]/value","inputs":[{"suffix":"magnitude","type":"DECIMAL","defaultValue":"","listOpen":false},{"suffix":"unit","type":"CODED_TEXT","list":[{"value":"cm","label":"cm","validation":{"range":{"minOp":">=","min":0.0,"maxOp":"<=","max":500.0}},"ordinal":0,"localizedLabels":{},"localizedDescriptions":{}}],"listOpen":false}],"formId":"vekstkurve_persistent/growth_chart_parents/any_point-in-time_event/høyde_lengde_far","viewConfig":{"multiplicity":{"min":0,"max":1},"advanced":{"hidden":false,"readonly":false,"hideFrame":false,"render":false},"label":{"custom":false,"useLocalizations":false},"size":{"field":"inherit","label":"inherit"},"layout":{"label":{"valign":"inherit","align":"inherit"},"field":{"valign":"inherit","align":"inherit"}},"annotations":{"calcId":"height_father"},"field":{}}}]},{"name":"Kommentar","localizedName":"Kommentar","localizedNames":{"en":"*Høyde/lengde far kommentar (nb)","nb":"Kommentar"},"localizedDescriptions":{"nb":"*","en":"** (nb)"},"rmType":"DV_TEXT","nodeId":"at0021","min":0,"max":1,"aqlPath":"/content[openEHR-EHR-OBSERVATION.growth_chart_parents_dips.v1]/data[at0001]/events[at0012]/data[at0003]/items[at0021]/value","inputs":[{"type":"TEXT","list":[],"listOpen":false}],"formId":"vekstkurve_persistent/growth_chart_parents/any_point-in-time_event/høyde_lengde_far_kommentar","viewConfig":{"multiplicity":{"min":0,"max":1},"advanced":{"hidden":false,"readonly":false,"hideFrame":false,"render":false},"label":{"custom":false,"useLocalizations":false},"size":{"field":"inherit","label":"inherit"},"layout":{"label":{"valign":"inherit","align":"inherit"},"field":{"valign":"inherit","align":"inherit"}},"annotations":{},"field":{"lines":null,"input":{}},"tags":["ForceMinMultiplicity"]}},{"localizedNames":{"en":"","nb":""},"localizedDescriptions":{},"rmType":"GENERIC_FIELDSET","min":0,"max":1,"inputs":[],"formId":"generic-field-62883","viewConfig":{"multiplicity":{"min":0,"max":1},"advanced":{"hidden":false,"readonly":false,"hideFrame":false,"render":false},"label":{"custom":false,"useLocalizations":false},"size":{"field":"inherit","label":"inherit"},"layout":{"label":{"valign":"inherit","align":"inherit"},"field":{"valign":"inherit","align":"inherit"}},"annotations":{},"field":{"formId":null,"name":null}},"children":[{"name":"Vekt","localizedName":"Vekt","localizedNames":{"en":"*Vekt far (nb)","nb":"Vekt"},"localizedDescriptions":{"nb":"*","en":"** (nb)"},"rmType":"DV_QUANTITY","nodeId":"at0019","min":0,"max":1,"aqlPath":"/content[openEHR-EHR-OBSERVATION.growth_chart_parents_dips.v1]/data[at0001]/events[at0012]/data[at0003]/items[at0019]/value","inputs":[{"suffix":"magnitude","type":"DECIMAL","defaultValue":"","listOpen":false},{"suffix":"unit","type":"CODED_TEXT","list":[{"value":"kg","label":"kg","validation":{"range":{"minOp":">=","min":0.0,"maxOp":"<=","max":1000.0}},"ordinal":0,"localizedLabels":{},"localizedDescriptions":{}}],"listOpen":false}],"formId":"vekstkurve_persistent/growth_chart_parents/any_point-in-time_event/vekt_far","viewConfig":{"multiplicity":{"min":0,"max":1},"advanced":{"hidden":false,"readonly":false,"hideFrame":false,"render":false},"label":{"custom":false,"useLocalizations":false},"size":{"field":"inherit","label":"inherit"},"layout":{"label":{"valign":"inherit","align":"inherit"},"field":{"valign":"inherit","align":"inherit"}},"annotations":{"calcId":"weight_father"},"field":{}}}]},{"name":"Kommentar","localizedName":"Kommentar","localizedNames":{"en":"*Vekt far kommentar (nb)","nb":"Kommentar"},"localizedDescriptions":{"nb":"*","en":"** (nb)"},"rmType":"DV_TEXT","nodeId":"at0020","min":0,"max":1,"aqlPath":"/content[openEHR-EHR-OBSERVATION.growth_chart_parents_dips.v1]/data[at0001]/events[at0012]/data[at0003]/items[at0020]/value","inputs":[{"type":"TEXT","list":[],"listOpen":false}],"formId":"vekstkurve_persistent/growth_chart_parents/any_point-in-time_event/vekt_far_kommentar","viewConfig":{"multiplicity":{"min":0,"max":1},"advanced":{"hidden":false,"readonly":false,"hideFrame":false,"render":false},"label":{"custom":false,"useLocalizations":false},"size":{"field":"inherit","label":"inherit"},"layout":{"label":{"valign":"inherit","align":"inherit"},"field":{"valign":"inherit","align":"inherit"}},"annotations":{},"field":{"lines":null,"input":{}},"tags":["ForceMinMultiplicity"]}},{"name":"Hodeomkrets","localizedName":"Hodeomkrets","localizedNames":{"en":"*Hodeomkrets far (nb)","nb":"Hodeomkrets"},"localizedDescriptions":{"nb":"*","en":"** (nb)"},"rmType":"DV_QUANTITY","nodeId":"at0023","min":0,"max":1,"aqlPath":"/content[openEHR-EHR-OBSERVATION.growth_chart_parents_dips.v1]/data[at0001]/events[at0012]/data[at0003]/items[at0023]/value","inputs":[{"suffix":"magnitude","type":"DECIMAL","defaultValue":"","listOpen":false},{"suffix":"unit","type":"CODED_TEXT","list":[{"value":"cm","label":"cm","validation":{"range":{"minOp":">","maxOp":"<"}},"ordinal":0,"localizedLabels":{},"localizedDescriptions":{}}],"listOpen":false}],"formId":"vekstkurve_persistent/growth_chart_parents/any_point-in-time_event/hodeomkrets_far","viewConfig":{"multiplicity":{"min":0,"max":1},"advanced":{"hidden":false,"readonly":false,"hideFrame":false,"render":false},"label":{"custom":false,"useLocalizations":false},"size":{"field":"inherit","label":"inherit"},"layout":{"label":{"valign":"inherit","align":"inherit"},"field":{"valign":"inherit","align":"inherit"}},"annotations":{},"field":{}}},{"name":"Kommentar","localizedName":"Kommentar","localizedNames":{"en":"*Hodeomkrets far kommentar (nb)","nb":"Kommentar"},"localizedDescriptions":{"nb":"*","en":"** (nb)"},"rmType":"DV_TEXT","nodeId":"at0024","min":0,"max":1,"aqlPath":"/content[openEHR-EHR-OBSERVATION.growth_chart_parents_dips.v1]/data[at0001]/events[at0012]/data[at0003]/items[at0024]/value","inputs":[{"type":"TEXT","list":[],"listOpen":false}],"formId":"vekstkurve_persistent/growth_chart_parents/any_point-in-time_event/hodeomkrets_far_kommentar","viewConfig":{"multiplicity":{"min":0,"max":1},"advanced":{"hidden":false,"readonly":false,"hideFrame":false,"render":false},"label":{"custom":false,"useLocalizations":false},"size":{"field":"inherit","label":"inherit"},"layout":{"label":{"valign":"inherit","align":"inherit"},"field":{"valign":"inherit","align":"inherit"}},"annotations":{},"field":{"lines":null,"input":{}},"tags":["ForceMinMultiplicity"]}},{"localizedNames":{"en":"","nb":""},"localizedDescriptions":{},"rmType":"GENERIC_FIELDSET","min":0,"max":1,"inputs":[],"formId":"generic-field-94862","viewConfig":{"multiplicity":{"min":0,"max":1},"advanced":{"hidden":false,"readonly":false,"hideFrame":false,"render":false},"label":{"custom":false,"useLocalizations":false},"size":{"field":"inherit","label":"inherit"},"layout":{"label":{"valign":"inherit","align":"inherit"},"field":{"valign":"inherit","align":"inherit"}},"annotations":{},"field":{"formId":null,"name":null}},"children":[{"name":"KMI","localizedName":"KMI","localizedNames":{"en":"*KMI far (nb)","nb":"KMI"},"localizedDescriptions":{"nb":"*","en":"** (nb)"},"rmType":"DV_QUANTITY","nodeId":"at0025","min":0,"max":1,"aqlPath":"/content[openEHR-EHR-OBSERVATION.growth_chart_parents_dips.v1]/data[at0001]/events[at0012]/data[at0003]/items[at0025]/value","inputs":[{"suffix":"magnitude","type":"DECIMAL","defaultValue":"","listOpen":false},{"suffix":"unit","type":"CODED_TEXT","list":[{"value":"kg/m2","label":"kg/m2","validation":{"range":{"minOp":">=","min":0.0,"maxOp":"<=","max":500.0}},"ordinal":0,"localizedLabels":{},"localizedDescriptions":{}}],"listOpen":false}],"formId":"vekstkurve_persistent/growth_chart_parents/any_point-in-time_event/kmi_far","viewConfig":{"multiplicity":{"min":0,"max":1},"advanced":{"hidden":false,"readonly":false,"hideFrame":false,"render":false},"label":{"custom":false,"useLocalizations":false},"size":{"field":"inherit","label":"inherit"},"layout":{"label":{"valign":"inherit","align":"inherit"},"field":{"valign":"inherit","align":"inherit"}},"annotations":{"calc":"(weight_father)/((height_father/100)*(height_father/100))"},"field":{}}}]},{"name":"Kommentar","localizedName":"Kommentar","localizedNames":{"en":"*KMI far kommentar (nb)","nb":"Kommentar"},"localizedDescriptions":{"nb":"*","en":"** (nb)"},"rmType":"DV_TEXT","nodeId":"at0026","min":0,"max":1,"aqlPath":"/content[openEHR-EHR-OBSERVATION.growth_chart_parents_dips.v1]/data[at0001]/events[at0012]/data[at0003]/items[at0026]/value","inputs":[{"type":"TEXT","list":[],"listOpen":false}],"formId":"vekstkurve_persistent/growth_chart_parents/any_point-in-time_event/kmi_far_kommentar","viewConfig":{"multiplicity":{"min":0,"max":1},"advanced":{"hidden":false,"readonly":false,"hideFrame":false,"render":false},"label":{"custom":false,"useLocalizations":false},"size":{"field":"inherit","label":"inherit"},"layout":{"label":{"valign":"inherit","align":"inherit"},"field":{"valign":"inherit","align":"inherit"}},"annotations":{},"field":{"lines":null,"input":{}},"tags":["ForceMinMultiplicity"]}}]},{"name":"Kjønn","localizedName":"Kjønn","localizedNames":{"en":"Sex","nb":"Kjønn"},"localizedDescriptions":{},"rmType":"GENERIC_FIELD","min":0,"max":-1,"inputs":[{"type":"TEXT","list":[],"listOpen":false}],"formId":"generic-field-16756","viewConfig":{"multiplicity":{"min":0,"max":-1},"advanced":{"hidden":true,"readonly":false,"hideFrame":false,"render":false},"label":{"custom":false,"useLocalizations":false},"size":{"field":"inherit","label":"inherit"},"layout":{"label":{"valign":"inherit","align":"inherit"},"field":{"valign":"inherit","align":"inherit"}},"annotations":{"templateVariable":"[Pas.Kjonn]"},"field":{"lines":null,"input":{},"type":"DV_TEXT"}}},{"name":"Midtforeldrehøyde","localizedName":"Midtforeldrehøyde","localizedNames":{"en":"Midparentheight","nb":"Midtforeldrehøyde"},"localizedDescriptions":{},"rmType":"OBSERVATION","nodeId":"openEHR-EHR-OBSERVATION.midparent_dips.v1","min":1,"max":1,"aqlPath":"/content[openEHR-EHR-OBSERVATION.midparent_dips.v1 and name/value='Midtforeldrehøyde jente']","inputs":[],"formId":"vekstkurve_persistent/midtforeldrehøyde_jente@Midtforeldrehøyde jente","viewConfig":{"multiplicity":{"min":1,"max":1},"advanced":{"hidden":false,"readonly":false,"hideFrame":false,"render":false},"label":{"custom":false,"useLocalizations":false},"size":{"field":"inherit","label":"inherit"},"layout":{"label":{"valign":"inherit","align":"inherit"},"field":{"valign":"inherit","align":"inherit"}},"annotations":{},"field":{}},"children":[{"name":"Dato for måling","localizedName":"Dato for måling","localizedNames":{"en":"Time","nb":"Dato for måling"},"localizedDescriptions":{},"rmType":"DV_DATE_TIME","min":0,"max":1,"aqlPath":"/content[openEHR-EHR-OBSERVATION.midparent_dips.v1 and name/value='Midtforeldrehøyde jente']/data[at0001]/events[at0002]/time","inputs":[{"type":"DATETIME","listOpen":false}],"formId":"vekstkurve_persistent/midtforeldrehøyde_jente@Midtforeldrehøyde jente/any_event/time","viewConfig":{"multiplicity":{"min":0,"max":1},"advanced":{"hidden":true,"readonly":false,"hideFrame":false,"render":false},"label":{"custom":false,"useLocalizations":false},"size":{"field":"inherit","label":"inherit"},"layout":{"label":{"valign":"inherit","align":"inherit"},"field":{"valign":"inherit","align":"inherit"}},"annotations":{"calc":"time"},"field":{"input":{"hideTime":false,"dateFormat":"","hideDate":false}}}},{"name":"Midtforeldrehøyde","localizedName":"Midtforeldrehøyde","localizedNames":{"en":"*Midtforeldrehøyde (nb)","nb":"Midtforeldrehøyde"},"localizedDescriptions":{"nb":"*","en":"** (nb)"},"rmType":"DV_QUANTITY","nodeId":"at0004","min":0,"max":1,"aqlPath":"/content[openEHR-EHR-OBSERVATION.midparent_dips.v1 and name/value='Midtforeldrehøyde jente']/data[at0001]/events[at0002]/data[at0003]/items[at0004]/value","inputs":[{"suffix":"magnitude","type":"DECIMAL","defaultValue":"","listOpen":false},{"suffix":"unit","type":"CODED_TEXT","list":[{"value":"cm","label":"cm","validation":{"range":{"minOp":">=","min":0.0,"maxOp":"<"},"precision":{"minOp":">=","min":1.0,"maxOp":"<=","max":1.0}},"ordinal":0,"localizedLabels":{},"localizedDescriptions":{}},{"value":"m","label":"m","validation":{"range":{"minOp":">=","min":0.0,"maxOp":"<"},"precision":{"minOp":">=","min":2.0,"maxOp":"<=","max":2.0}},"ordinal":0,"localizedLabels":{},"localizedDescriptions":{}}],"listOpen":false}],"formId":"vekstkurve_persistent/midtforeldrehøyde_jente@Midtforeldrehøyde jente/any_event/midtforeldrehøyde","viewConfig":{"multiplicity":{"min":0,"max":1},"advanced":{"hidden":false,"readonly":true,"hideFrame":false,"render":false},"label":{"custom":false,"useLocalizations":false},"size":{"field":"inherit","label":"inherit"},"layout":{"label":{"valign":"inherit","align":"inherit"},"field":{"valign":"inherit","align":"inherit"}},"annotations":{"calc":"(height_mother+height_father-13)/2","calcId":"midparentalheight_girl"},"field":{}}},{"name":"Kommentar","localizedName":"Kommentar","localizedNames":{"en":"Comment","nb":"Kommentar"},"localizedDescriptions":{"nb":"*","en":"** (nb)"},"rmType":"DV_TEXT","nodeId":"at0005","min":0,"max":1,"aqlPath":"/content[openEHR-EHR-OBSERVATION.midparent_dips.v1 and name/value='Midtforeldrehøyde jente']/data[at0001]/events[at0002]/data[at0003]/items[at0005]/value","inputs":[{"type":"TEXT","list":[],"listOpen":false}],"formId":"vekstkurve_persistent/midtforeldrehøyde_jente@Midtforeldrehøyde jente/any_event/kommentar","viewConfig":{"multiplicity":{"min":0,"max":1},"advanced":{"hidden":false,"readonly":false,"hideFrame":false,"render":false},"label":{"custom":false,"useLocalizations":false},"size":{"field":"inherit","label":"inherit"},"layout":{"label":{"valign":"inherit","align":"inherit"},"field":{"valign":"inherit","align":"inherit"}},"annotations":{},"field":{"lines":null,"input":{}},"tags":["ForceMinMultiplicity"]}}]},{"name":"Midtforeldrehøyde","localizedName":"Midtforeldrehøyde","localizedNames":{"en":"Midparentheight","nb":"Midtforeldrehøyde"},"localizedDescriptions":{},"rmType":"OBSERVATION","nodeId":"openEHR-EHR-OBSERVATION.midparent_dips.v1","min":1,"max":1,"aqlPath":"/content[openEHR-EHR-OBSERVATION.midparent_dips.v1 and name/value='Midtforeldrehøyde gutt']","inputs":[],"formId":"vekstkurve_persistent/midtforeldrehøyde_gutt@Midtforeldrehøyde gutt","viewConfig":{"multiplicity":{"min":1,"max":1},"advanced":{"hidden":false,"readonly":false,"hideFrame":false,"render":false},"label":{"custom":false,"useLocalizations":false},"size":{"field":"inherit","label":"inherit"},"layout":{"label":{"valign":"inherit","align":"inherit"},"field":{"valign":"inherit","align":"inherit"}},"annotations":{},"field":{}},"children":[{"name":"Dato for måling","localizedName":"Dato for måling","localizedNames":{"en":"Time","nb":"Dato for måling"},"localizedDescriptions":{},"rmType":"DV_DATE_TIME","min":0,"max":1,"aqlPath":"/content[openEHR-EHR-OBSERVATION.midparent_dips.v1 and name/value='Midtforeldrehøyde gutt']/data[at0001]/events[at0002]/time","inputs":[{"type":"DATETIME","listOpen":false}],"formId":"vekstkurve_persistent/midtforeldrehøyde_gutt@Midtforeldrehøyde gutt/any_event/time","viewConfig":{"multiplicity":{"min":0,"max":1},"advanced":{"hidden":true,"readonly":false,"hideFrame":false,"render":false},"label":{"custom":false,"useLocalizations":false},"size":{"field":"inherit","label":"inherit"},"layout":{"label":{"valign":"inherit","align":"inherit"},"field":{"valign":"inherit","align":"inherit"}},"annotations":{"calc":"time"},"field":{"input":{"hideTime":false,"dateFormat":"","hideDate":false}}}},{"name":"Midtforeldrehøyde","localizedName":"Midtforeldrehøyde","localizedNames":{"en":"*Midtforeldrehøyde (nb)","nb":"Midtforeldrehøyde"},"localizedDescriptions":{"nb":"*","en":"** (nb)"},"rmType":"DV_QUANTITY","nodeId":"at0004","min":0,"max":1,"aqlPath":"/content[openEHR-EHR-OBSERVATION.midparent_dips.v1 and name/value='Midtforeldrehøyde gutt']/data[at0001]/events[at0002]/data[at0003]/items[at0004]/value","inputs":[{"suffix":"magnitude","type":"DECIMAL","defaultValue":"","listOpen":false},{"suffix":"unit","type":"CODED_TEXT","list":[{"value":"cm","label":"cm","validation":{"range":{"minOp":">=","min":0.0,"maxOp":"<"},"precision":{"minOp":">=","min":1.0,"maxOp":"<=","max":1.0}},"ordinal":0,"localizedLabels":{},"localizedDescriptions":{}},{"value":"m","label":"m","validation":{"range":{"minOp":">=","min":0.0,"maxOp":"<"},"precision":{"minOp":">=","min":2.0,"maxOp":"<=","max":2.0}},"ordinal":0,"localizedLabels":{},"localizedDescriptions":{}}],"listOpen":false}],"formId":"vekstkurve_persistent/midtforeldrehøyde_gutt@Midtforeldrehøyde gutt/any_event/midtforeldrehøyde","viewConfig":{"multiplicity":{"min":0,"max":1},"advanced":{"hidden":false,"readonly":true,"hideFrame":false,"render":false},"label":{"custom":false,"useLocalizations":false},"size":{"field":"inherit","label":"inherit"},"layout":{"label":{"valign":"inherit","align":"inherit"},"field":{"valign":"inherit","align":"inherit"}},"annotations":{"calc":"(height_mother+(height_father+13))/2","calcId":"midparentalheight_boy"},"field":{}}},{"name":"Kommentar","localizedName":"Kommentar","localizedNames":{"en":"Comment","nb":"Kommentar"},"localizedDescriptions":{"nb":"*","en":"** (nb)"},"rmType":"DV_TEXT","nodeId":"at0005","min":0,"max":1,"aqlPath":"/content[openEHR-EHR-OBSERVATION.midparent_dips.v1 and name/value='Midtforeldrehøyde gutt']/data[at0001]/events[at0002]/data[at0003]/items[at0005]/value","inputs":[{"type":"TEXT","list":[],"listOpen":false}],"formId":"vekstkurve_persistent/midtforeldrehøyde_gutt@Midtforeldrehøyde gutt/any_event/kommentar","viewConfig":{"multiplicity":{"min":0,"max":1},"advanced":{"hidden":false,"readonly":false,"hideFrame":false,"render":false},"label":{"custom":false,"useLocalizations":false},"size":{"field":"inherit","label":"inherit"},"layout":{"label":{"valign":"inherit","align":"inherit"},"field":{"valign":"inherit","align":"inherit"}},"annotations":{},"field":{"lines":null,"input":{}},"tags":["ForceMinMultiplicity"]}}]}]}