[{"col":1,"row":1,"width":12,"height":20,"children":[{"id":"vekstkurve_persistent/growth_chart_parents/any_point-in-time_event/time","rows":[]},{"id":"generic-field-28415","rows":[{"cols":[{"width":"50%","children":[{"id":"generic-field-46338","rows":[{"cols":[{"width":"12%","children":[]},{"width":"88%","children":[{"id":"vekstkurve_persistent/growth_chart_parents/any_point-in-time_event/høyde_lengde_mor","rows":[]}]}]}]}]},{"width":"50%","children":[{"id":"vekstkurve_persistent/growth_chart_parents/any_point-in-time_event/høyde_lengde_mor_kommentar","rows":[]}]}]},{"cols":[{"width":"50%","children":[{"id":"generic-field-45875","rows":[{"cols":[{"width":"15%","children":[]},{"width":"85%","children":[{"id":"vekstkurve_persistent/growth_chart_parents/any_point-in-time_event/vekt_mor","rows":[]}]}]}]}]},{"width":"50%","children":[{"id":"vekstkurve_persistent/growth_chart_parents/any_point-in-time_event/vekt_mor_kommentar","rows":[]}]}]},{"cols":[{"width":"50%","children":[{"id":"vekstkurve_persistent/growth_chart_parents/any_point-in-time_event/hodeomkrets_mor","rows":[]}]},{"width":"50%","children":[{"id":"vekstkurve_persistent/growth_chart_parents/any_point-in-time_event/hodeomkrets_mor_kommentar","rows":[]}]}]},{"cols":[{"width":"50%","children":[{"id":"generic-field-27298","rows":[{"cols":[{"width":"16%","children":[]},{"width":"84%","children":[{"id":"vekstkurve_persistent/growth_chart_parents/any_point-in-time_event/kmi_mor","rows":[]}]}]}]}]},{"width":"50%","children":[{"id":"vekstkurve_persistent/growth_chart_parents/any_point-in-time_event/kmi_mor_kommentar","rows":[]}]}]}]}]},{"col":1,"row":21,"width":12,"height":18,"children":[{"id":"generic-field-94540","rows":[{"cols":[{"width":"50%","children":[{"id":"generic-field-07976","rows":[{"cols":[{"width":"12%","children":[]},{"width":"88%","children":[{"id":"vekstkurve_persistent/growth_chart_parents/any_point-in-time_event/høyde_lengde_far","rows":[]}]}]}]}]},{"width":"50%","children":[{"id":"vekstkurve_persistent/growth_chart_parents/any_point-in-time_event/høyde_lengde_far_kommentar","rows":[]}]}]},{"cols":[{"width":"50%","children":[{"id":"generic-field-62883","rows":[{"cols":[{"width":"15%","children":[]},{"width":"85%","children":[{"id":"vekstkurve_persistent/growth_chart_parents/any_point-in-time_event/vekt_far","rows":[]}]}]}]}]},{"width":"50%","children":[{"id":"vekstkurve_persistent/growth_chart_parents/any_point-in-time_event/vekt_far_kommentar","rows":[]}]}]},{"cols":[{"width":"50%","children":[{"id":"vekstkurve_persistent/growth_chart_parents/any_point-in-time_event/hodeomkrets_far","rows":[]}]},{"width":"50%","children":[{"id":"vekstkurve_persistent/growth_chart_parents/any_point-in-time_event/hodeomkrets_far_kommentar","rows":[]}]}]},{"cols":[{"width":"50%","children":[{"id":"generic-field-94862","rows":[{"cols":[{"width":"17%","children":[]},{"width":"83%","children":[{"id":"vekstkurve_persistent/growth_chart_parents/any_point-in-time_event/kmi_far","rows":[]}]}]}]}]},{"width":"50%","children":[{"id":"vekstkurve_persistent/growth_chart_parents/any_point-in-time_event/kmi_far_kommentar","rows":[]}]}]}]}]},{"col":1,"row":39,"width":12,"height":18,"children":[{"id":"generic-field-16756","rows":[]},{"id":"vekstkurve_persistent/midtforeldrehøyde_jente@Midtforeldrehøyde jente","rows":[{"cols":[{"width":"50%","children":[{"id":"vekstkurve_persistent/midtforeldrehøyde_jente@Midtforeldrehøyde jente/any_event/time","rows":[]},{"id":"vekstkurve_persistent/midtforeldrehøyde_jente@Midtforeldrehøyde jente/any_event/midtforeldrehøyde","rows":[]}]},{"width":"50%","children":[{"id":"vekstkurve_persistent/midtforeldrehøyde_jente@Midtforeldrehøyde jente/any_event/kommentar","rows":[]}]}]}]},{"id":"vekstkurve_persistent/midtforeldrehøyde_gutt@Midtforeldrehøyde gutt","rows":[{"cols":[{"width":"50%","children":[{"id":"vekstkurve_persistent/midtforeldrehøyde_gutt@Midtforeldrehøyde gutt/any_event/time","rows":[]},{"id":"vekstkurve_persistent/midtforeldrehøyde_gutt@Midtforeldrehøyde gutt/any_event/midtforeldrehøyde","rows":[]}]},{"width":"50%","children":[{"id":"vekstkurve_persistent/midtforeldrehøyde_gutt@Midtforeldrehøyde gutt/any_event/kommentar","rows":[]}]}]}]}]}]