[{"field":"generic-field-16756","conditions":[{"operator":"equals","value":{"value":"Kvinne"},"actions":[{"action":"hide","target":"vekstkurve_persistent/midtforeldrehøyde_gutt@Midtforeldrehøyde gutt"},{"action":"show","target":"vekstkurve_persistent/midtforeldrehøyde_jente@Midtforeldrehøyde jente"}]},{"operator":"notequals","value":{"value":"Kvinne"},"actions":[{"action":"show","target":"vekstkurve_persistent/midtforeldrehøyde_gutt@Midtforeldrehøyde gutt"},{"action":"hide","target":"vekstkurve_persistent/midtforeldrehøyde_jente@Midtforeldrehøyde jente"}]}]},{"field":"vekstkurve_persistent/growth_chart_parents/any_point-in-time_event/kmi_mor","conditions":[{"operator":"empty","actions":[{"action":"hide","target":"vekstkurve_persistent/growth_chart_parents/any_point-in-time_event/kmi_mor_kommentar"}]},{"operator":"notempty","actions":[{"action":"show","target":"vekstkurve_persistent/growth_chart_parents/any_point-in-time_event/kmi_mor_kommentar"}]}]},{"field":"vekstkurve_persistent/growth_chart_parents/any_point-in-time_event/kmi_far","conditions":[{"operator":"empty","actions":[{"action":"hide","target":"vekstkurve_persistent/growth_chart_parents/any_point-in-time_event/kmi_far_kommentar"}]},{"operator":"notempty","actions":[{"action":"show","target":"vekstkurve_persistent/growth_chart_parents/any_point-in-time_event/kmi_far_kommentar"}]}]},{"field":"vekstkurve_persistent/midtforeldrehøyde_gutt@Midtforeldrehøyde gutt/any_event/midtforeldrehøyde","conditions":[{"operator":"empty","actions":[{"action":"hide","target":"vekstkurve_persistent/midtforeldrehøyde_gutt@Midtforeldrehøyde gutt/any_event/kommentar"}]},{"operator":"notempty","actions":[{"action":"show","target":"vekstkurve_persistent/midtforeldrehøyde_gutt@Midtforeldrehøyde gutt/any_event/kommentar"}]}]}]