{"formId":"form_root","name":"Form root","rmType":"FORM_DEFINITION","viewConfig":{"label":{"custom":false,"value":"","useLocalizations":false,"localizationsList":{}},"size":{"field":"inherit","label":"inherit","fill":"inherit"},"layout":{"valign":"inherit","align":"inherit"},"tags":[],"annotations":{"reuseComposition":"select c from composition c[openEHR-EHR-COMPOSITION.encounter.v1] where c/archetype_details/template_id/value = 'Anamnese v5' order by c/context/start_time/value desc fetch 1?scope=periodofcare"}},"language":"nb","templateLanguages":["nb"],"children":[{"localizedName":"Fieldset","localizedNames":{"nb":"Innledende spørsmål"},"min":0,"max":-1,"name":"Fieldset","rmType":"GENERIC_FIELDSET","fid":"generic-field-24400","formId":"generic-field-24400","children":[{"name":"Kjønn","localizedName":"Kjønn","rmType":"DV_CODED_TEXT","nodeId":"at0002","min":1,"max":1,"localizedNames":{"nb":"Kjønn"},"localizedDescriptions":{"nb":"*"},"aqlPath":"/content[openEHR-EHR-EVALUATION.anamnese_olafia.v1]/data[at0001]/items[at0002]/value","inputs":[{"suffix":"code","type":"CODED_TEXT","list":[{"value":"APA","label":"Mann","localizedLabels":{"nb":"Mann"}},{"value":"AP2","label":"Kvinne","localizedLabels":{"nb":"Kvinne"}},{"value":"AP4","label":"Trans","localizedLabels":{"nb":"Trans"}},{"value":"AP5","label":"Transkvinne","localizedLabels":{"nb":"Transkvinne"}},{"value":"AP7","label":"Transmann","localizedLabels":{"nb":"Transmann"}}],"terminology":"Olafia"}],"fid":"anamnese_og_selvregistrering/anamnese_olafia/kjønn","formId":"anamnese_og_selvregistrering/anamnese_olafia/kjønn","viewConfig":{"label":{"custom":true,"value":"Kjønn","useLocalizations":true,"localizationsList":{"nb":"Kjønn"}},"advanced":{"hidden":false,"readonly":false},"multiplicity":{"min":"1","max":"1"},"size":{"field":"inherit","label":"inherit","fill":"inherit"},"layout":{"label":{"valign":"inherit","align":"inherit"},"field":{"valign":"inherit","align":"inherit"}},"datasource":{"loadRemote":false,"loadRemoteUrl":"","terminology":""},"tags":["showasradios"],"field":{"code":{"presentation":"combobox","columns":"4"}}},"defaultValue":{"code":""}},{"name":"Språk","localizedName":"Språk","rmType":"DV_TEXT","nodeId":"at0004","min":0,"max":1,"localizedNames":{"nb":"Språk"},"localizedDescriptions":{"nb":"*"},"aqlPath":"/content[openEHR-EHR-EVALUATION.anamnese_olafia.v1]/data[at0001]/items[at0004]/value","inputs":[{"type":"TEXT"}],"fid":"anamnese_og_selvregistrering/anamnese_olafia/språk","formId":"anamnese_og_selvregistrering/anamnese_olafia/språk","viewConfig":{"label":{"custom":false,"value":"","useLocalizations":true,"localizationsList":{"nb":"Språk"}},"advanced":{"hidden":false,"readonly":false},"multiplicity":{"min":"0","max":"1"},"size":{"field":"inherit","label":"inherit","fill":"inherit"},"layout":{"label":{"valign":"inherit","align":"inherit"},"field":{"valign":"inherit","align":"inherit"}},"datasource":{"loadRemote":false,"loadRemoteUrl":"","terminology":""},"tags":[],"field":{"input":{"presentation":"textfield","lines":"1"}}},"defaultValue":{"value":""}},{"name":"Klinisk kontaktårsak","localizedName":"Klinisk kontaktårsak","rmType":"DV_CODED_TEXT","nodeId":"at0004","min":1,"max":-1,"localizedNames":{"nb":"Klinisk kontaktårsak"},"localizedDescriptions":{"nb":"Klinisk eller sosial årsak til at individet oppsøker helsevesenet."},"annotations":{"comment":"Koding av \"Klinisk problemstilling\" med en terminologi foretrekkes når mulig. Kliniske årsaker kan omfatte helseproblemer, symptomer, eller fysiske sykdomstegn. Eksempler: Helseproblemer - ønske om å slutte å røyke eller vold i hjemmet, symptomer - magesmerter eller kortpusthet, fysiske sykdomstegn - endret bevissthetsnivå. \"Hovedproblemstilling\" kan bli benyttet som et synonym for \"Klinisk kontaktårsak\" i templater."},"aqlPath":"/content[openEHR-EHR-EVALUATION.reason_for_encounter.v1,'Hvorfor kommer du til Olafiaklinikken?']/data[at0001]/items[at0004]/value","inputs":[{"suffix":"code","type":"CODED_TEXT","list":[{"value":"ANA","label":"Ønsker kun sjekk (ingen plager)","localizedLabels":{"nb":"Ønsker kun sjekk (ingen plager)"}},{"value":"AN1","label":"Har plager nå som kan skyldes kjønnssykdom","localizedLabels":{"nb":"Har plager nå som kan skyldes kjønnssykdom"}},{"value":"AN2","label":"Innkalt av Olafiaklinikken som smittekontakt","localizedLabels":{"nb":"Innkalt av Olafiaklinikken som smittekontakt"}},{"value":"AN3","label":"Oppfordret av partner som smittekontakt","localizedLabels":{"nb":"Oppfordret av partner som smittekontakt"}},{"value":"AN4","label":"Henvist fra annen lege","localizedLabels":{"nb":"Henvist fra annen lege"}},{"value":"AN5","label":"Møtt for behandling","localizedLabels":{"nb":"Møtt for behandling"}},{"value":"AN6","label":"Møtt for kontroll","localizedLabels":{"nb":"Møtt for kontroll"}},{"value":"AN7","label":"Annen årsak","localizedLabels":{"nb":"Annen årsak"}}],"terminology":"Olafia"}],"fid":"anamnese_og_selvregistrering/hvorfor_kommer_du_til_olafiaklinikken/klinisk_kontaktårsak","formId":"anamnese_og_selvregistrering/hvorfor_kommer_du_til_olafiaklinikken/klinisk_kontaktårsak","viewConfig":{"label":{"custom":true,"value":"Hvorfor kommer pasienten til Olafiaklinikken?","useLocalizations":true,"localizationsList":{"nb":"Hvorfor kommer pasienten til Olafiaklinikken?"}},"size":{"field":"inherit","label":"inherit","fill":"inherit"},"layout":{"label":{"valign":"top","align":"top"},"field":{"valign":"inherit","align":"inherit"}},"datasource":{"loadRemote":false,"loadRemoteUrl":"","terminology":""},"advanced":{"hidden":false,"readonly":false},"multiplicity":{"min":"1","max":"1"},"tags":["showasradios"],"annotations":{"description":"*"},"field":{"code":{"presentation":"combobox"}}},"defaultValue":{"code":""}},{"name":"Administrativ kontaktårsak","localizedName":"Administrativ kontaktårsak","rmType":"DV_CODED_TEXT","nodeId":"at0002","min":0,"max":1,"localizedNames":{"nb":"Administrativ kontaktårsak"},"localizedDescriptions":{"nb":"Type eller administrativ kategori av helsetjenester som er årsak til at individet oppsøker eller behøver helsetjenester."},"annotations":{"comment":"Koding av \"kontaktårsak\" med en terminologi foretrekkes når mulig. Eksempler: Helsesjekk før ansettelse, svangerskapskontroll, gynekologisk undersøkelse, preoperativ undersøkelse eller årlig medisinsk kontroll."},"aqlPath":"/content[openEHR-EHR-EVALUATION.reason_for_encounter.v1,'Hvorfor kommer du til Olafiaklinikken?']/data[at0001]/items[at0002]/value","inputs":[{"suffix":"code","type":"CODED_TEXT","list":[{"value":"CK01","label":"Kveldstilbud MSM","localizedLabels":{"nb":"Kveldstilbud MSM"}},{"value":"CK02","label":"KSK-tilbud","localizedLabels":{"nb":"KSK-tilbud"}},{"value":"CK03","label":"Standaktivitet","localizedLabels":{"nb":"Standaktivitet"}}],"terminology":"Olafia"}],"fid":"anamnese_og_selvregistrering/hvorfor_kommer_du_til_olafiaklinikken/administrativ_kontaktårsak","formId":"anamnese_og_selvregistrering/hvorfor_kommer_du_til_olafiaklinikken/administrativ_kontaktårsak","viewConfig":{"label":{"custom":true,"value":"Type tilbud","useLocalizations":true,"localizationsList":{"nb":"Type tilbud"}},"size":{"field":"inherit","label":"inherit","fill":"inherit"},"layout":{"label":{"valign":"top","align":"top"},"field":{"valign":"inherit","align":"inherit"}},"datasource":{"loadRemote":false,"loadRemoteUrl":"","terminology":""},"annotations":{"description":"*"},"advanced":{"hidden":false,"readonly":false},"multiplicity":{"min":"0","max":"1"},"tags":["showasradios"],"field":{"code":{"presentation":"combobox"}}},"defaultValue":{"code":""}},{"name":"Utfyllende opplysninger","localizedName":"Utfyllende opplysninger","rmType":"DV_TEXT","nodeId":"at0017","min":0,"max":1,"localizedNames":{"nb":"Utfyllende opplysninger"},"localizedDescriptions":{"nb":"*"},"aqlPath":"/content[openEHR-EHR-EVALUATION.anamnese_olafia.v1]/data[at0001]/items[at0017]/value","inputs":[{"type":"TEXT"}],"fid":"anamnese_og_selvregistrering/anamnese_olafia/utfyllende_opplysninger","formId":"anamnese_og_selvregistrering/anamnese_olafia/utfyllende_opplysninger","viewConfig":{"label":{"custom":false,"value":"","useLocalizations":true,"localizationsList":{"nb":"Utfyllende opplysninger"}},"advanced":{"hidden":false,"readonly":false},"multiplicity":{"min":"0","max":"1"},"size":{"field":"inherit","label":"inherit","fill":"inherit"},"layout":{"label":{"valign":"top","align":"top"},"field":{"valign":"inherit","align":"inherit"}},"datasource":{"loadRemote":false,"loadRemoteUrl":"","terminology":""},"tags":[],"field":{"input":{"presentation":"textfield"}}},"defaultValue":{"value":""}},{"name":"Plager","localizedName":"Plager","rmType":"DV_CODED_TEXT","nodeId":"at0003","min":0,"max":-1,"localizedNames":{"nb":"Plager"},"localizedDescriptions":{"nb":"*"},"aqlPath":"/content[openEHR-EHR-EVALUATION.anamnese_olafia.v1]/data[at0001]/items[at0003]/value","inputs":[{"suffix":"code","type":"CODED_TEXT","list":[{"value":"AOA","label":"Nei","localizedLabels":{"nb":"Nei"}},{"value":"AOB","label":"Kløe/svie i urinrør","localizedLabels":{"nb":"Kløe/svie i urinrør"}},{"value":"AO1","label":"Kløe/svie i underliv","localizedLabels":{"nb":"Kløe/svie i underliv"}},{"value":"AO2","label":"Svie ved vannlatning","localizedLabels":{"nb":"Svie ved vannlatning"}},{"value":"AO3","label":"Utflod fra urinrør","localizedLabels":{"nb":"Utflod fra urinrør"}},{"value":"AO4","label":"Endret vaginalutflod","localizedLabels":{"nb":"Endret vaginalutflod"}},{"value":"AO5","label":"Genitale sår","localizedLabels":{"nb":"Genitale sår"}},{"value":"AO6","label":"Vorter","localizedLabels":{"nb":"Vorter"}},{"value":"AO7","label":"Smerter i nedre del av magen","localizedLabels":{"nb":"Smerter i nedre del av magen"}},{"value":"AO8","label":"Annet","localizedLabels":{"nb":"Annet"}}],"terminology":"Olafia"}],"fid":"anamnese_og_selvregistrering/anamnese_olafia/plager","formId":"anamnese_og_selvregistrering/anamnese_olafia/plager","viewConfig":{"label":{"custom":true,"value":"Pasientens oppgitte plager","useLocalizations":true,"localizationsList":{"nb":"Pasientens oppgitte plager"}},"size":{"field":"inherit","label":"inherit","fill":"inherit"},"layout":{"label":{"valign":"top","align":"top"},"field":{"valign":"inherit","align":"inherit"}},"datasource":{"loadRemote":false,"loadRemoteUrl":"","terminology":""},"advanced":{"hidden":false,"readonly":false},"multiplicity":{"min":"0","max":"100"},"tags":["showasmulticombobox"],"field":{"code":{"presentation":"combobox"}}},"defaultValue":{"code":""}},{"name":"Utfyllende opplysninger om plager","localizedName":"Utfyllende opplysninger om plager","rmType":"DV_TEXT","nodeId":"at0012","min":0,"max":1,"localizedNames":{"nb":"Beskrivelse til plager"},"localizedDescriptions":{"nb":"*"},"aqlPath":"/content[openEHR-EHR-EVALUATION.anamnese_olafia.v1]/data[at0001]/items[at0012,'Utfyllende opplysninger om plager']/value","inputs":[{"type":"TEXT"}],"fid":"anamnese_og_selvregistrering/anamnese_olafia/utfyllende_opplysninger_om_plager","formId":"anamnese_og_selvregistrering/anamnese_olafia/utfyllende_opplysninger_om_plager","viewConfig":{"label":{"custom":true,"value":"Utfyllende opplysninger om plager","useLocalizations":true,"localizationsList":{"nb":"Utfyllende opplysninger om plager"}},"advanced":{"hidden":false,"readonly":false},"multiplicity":{"min":"0","max":"0"},"size":{"field":"inherit","label":"inherit","fill":"inherit"},"layout":{"label":{"valign":"top","align":"top"},"field":{"valign":"inherit","align":"inherit"}},"datasource":{"loadRemote":false,"loadRemoteUrl":"","terminology":""},"tags":[],"field":{"input":{"presentation":"textfield"}}},"defaultValue":{"value":""}},{"name":"Graviditet","localizedName":"Graviditet","rmType":"CLUSTER","nodeId":"openEHR-EHR-CLUSTER.reported_pregnancy_bf_ous.v1","min":0,"max":-1,"localizedNames":{"nb":"Graviditet"},"localizedDescriptions":{"nb":"unknown"},"aqlPath":"/content[openEHR-EHR-OBSERVATION.story.v1]/data[at0001]/events[at0002]/data[at0003]/items[openEHR-EHR-CLUSTER.reported_pregnancy_bf_ous.v1]","fid":"anamnese_og_selvregistrering/anamnese/graviditet","formId":"anamnese_og_selvregistrering/anamnese/graviditet","viewConfig":{"label":{"custom":false,"value":"","useLocalizations":true,"localizationsList":{"nb":"Graviditet"}},"advanced":{"hidden":false,"readonly":false,"render":false},"multiplicity":{"min":"1","max":"1"},"size":{"field":"inherit","label":"inherit","fill":"inherit"},"layout":{"label":{"valign":"inherit","align":"inherit"},"field":{"valign":"inherit","align":"inherit"}},"tags":[],"field":{}},"inputs":[{"type":"TEXT"}],"children":[{"name":"Er du gravid?","localizedName":"Er du gravid?","rmType":"DV_CODED_TEXT","nodeId":"at0001","min":0,"max":1,"localizedNames":{"nb":"Er du gravid?"},"localizedDescriptions":{"nb":"*"},"aqlPath":"/content[openEHR-EHR-OBSERVATION.story.v1]/data[at0001]/events[at0002]/data[at0003]/items[openEHR-EHR-CLUSTER.reported_pregnancy_bf_ous.v1]/items[at0001]/value","inputs":[{"suffix":"code","type":"CODED_TEXT","list":[{"value":"at0002","label":"Ja","localizedLabels":{"nb":"Ja"},"localizedDescriptions":{"nb":"*"}},{"value":"at0003","label":"Nei","localizedLabels":{"nb":"Nei"},"localizedDescriptions":{"nb":"*"}},{"value":"at0004","label":"Usikker","localizedLabels":{"nb":"Usikker"},"localizedDescriptions":{"nb":"*"}}]}],"formId":"anamnese_og_selvregistrering/anamnese/graviditet/er_du_gravid","viewConfig":{"label":{"custom":true,"value":"Er pasienten gravid?","useLocalizations":true,"localizationsList":{"nb":"Er pasienten gravid?"}},"advanced":{"hidden":false,"readonly":false},"multiplicity":{"min":"0","max":"1"},"size":{"field":"inherit","label":"inherit","fill":"inherit"},"layout":{"label":{"valign":"inherit","align":"inherit"},"field":{"valign":"inherit","align":"inherit"}},"tags":["showasradios"],"datasource":{"loadRemote":false,"loadRemoteUrl":"","terminology":""},"field":{"code":{"presentation":"combobox"}}},"defaultValue":{"code":""},"fid":"anamnese_og_selvregistrering/anamnese/graviditet/er_du_gravid"},{"name":"Gestasjonsalder - uker","localizedName":"Gestasjonsalder - uker","rmType":"DV_COUNT","nodeId":"at0010","min":0,"max":1,"localizedNames":{"nb":"Gestasjonsalder - uker"},"localizedDescriptions":{"nb":"*"},"aqlPath":"/content[openEHR-EHR-OBSERVATION.story.v1]/data[at0001]/events[at0002]/data[at0003]/items[openEHR-EHR-CLUSTER.reported_pregnancy_bf_ous.v1]/items[at0010]/value","inputs":[{"type":"INTEGER","validation":{"range":{"minOp":">=","min":0,"maxOp":"<=","max":43}}}],"formId":"anamnese_og_selvregistrering/anamnese/graviditet/gestasjonsalder_-_uker","viewConfig":{"label":{"custom":false,"value":"","useLocalizations":true,"localizationsList":{"nb":"Gestasjonsalder - uker"}},"advanced":{"hidden":false,"readonly":false},"multiplicity":{"min":"0","max":"1"},"size":{"field":"inherit","label":"inherit","fill":"inherit"},"layout":{"label":{"valign":"top","align":"top"},"field":{"valign":"inherit","align":"inherit"}},"tags":[],"datasource":{"loadRemote":false,"loadRemoteUrl":"","terminology":""},"field":{}},"defaultValue":{},"fid":"anamnese_og_selvregistrering/anamnese/graviditet/gestasjonsalder_-_uker"},{"name":"Første dag av siste menstruasjon","localizedName":"Første dag av siste menstruasjon","rmType":"DV_DATE","nodeId":"at0009","min":0,"max":1,"localizedNames":{"nb":"Første dag av siste menstruasjon"},"localizedDescriptions":{"nb":"*"},"aqlPath":"/content[openEHR-EHR-OBSERVATION.story.v1]/data[at0001]/events[at0002]/data[at0003]/items[openEHR-EHR-CLUSTER.reported_pregnancy_bf_ous.v1]/items[at0009]/value","inputs":[{"type":"DATE"}],"formId":"anamnese_og_selvregistrering/anamnese/graviditet/første_dag_av_siste_menstruasjon","viewConfig":{"label":{"custom":false,"value":"","useLocalizations":false,"localizationsList":{}},"advanced":{"hidden":false,"readonly":false},"multiplicity":{"min":"0","max":"1"},"size":{"field":"inherit","label":"inherit","fill":"inherit"},"layout":{"label":{"valign":"top","align":"top"},"field":{"valign":"inherit","align":"inherit"}},"tags":[],"datasource":{"loadRemote":false,"loadRemoteUrl":"","terminology":""},"field":{"input":{"dateFormat":"","hideDate":false,"hideTime":false}}},"defaultValue":{"value":""},"fid":"anamnese_og_selvregistrering/anamnese/graviditet/første_dag_av_siste_menstruasjon"},{"name":"Har ikke menstruasjon","localizedName":"Har ikke menstruasjon","rmType":"DV_BOOLEAN","nodeId":"at0013","min":0,"max":1,"localizedNames":{"nb":"Har ikke menstruasjon"},"localizedDescriptions":{"nb":"*"},"aqlPath":"/content[openEHR-EHR-OBSERVATION.story.v1]/data[at0001]/events[at0002]/data[at0003]/items[openEHR-EHR-CLUSTER.reported_pregnancy_bf_ous.v1]/items[at0013]/value","inputs":[{"type":"BOOLEAN","list":[{"value":"true","label":"true"}]}],"fid":"anamnese_og_selvregistrering/anamnese/graviditet/har_ikke_menstruasjon","formId":"anamnese_og_selvregistrering/anamnese/graviditet/har_ikke_menstruasjon","viewConfig":{"label":{"custom":true,"value":"Har ikke menstruasjon"},"size":{"field":"inherit","label":"inherit","fill":"inherit"},"layout":{"field":{"valign":"inherit","align":"inherit"}},"datasource":{"loadRemote":false,"loadRemoteUrl":"","terminology":""},"field":{"input":{"threeState":false}}},"defaultValue":{"value":false}},{"name":"Utfyllende opplysninger","localizedName":"Utfyllende opplysninger","rmType":"DV_TEXT","nodeId":"at0012","min":0,"max":1,"localizedNames":{"nb":"Utfyllende opplysninger"},"localizedDescriptions":{"nb":"*"},"aqlPath":"/content[openEHR-EHR-OBSERVATION.story.v1]/data[at0001]/events[at0002]/data[at0003]/items[openEHR-EHR-CLUSTER.reported_pregnancy_bf_ous.v1]/items[at0012]/value","inputs":[{"type":"TEXT"}],"formId":"anamnese_og_selvregistrering/anamnese/graviditet/utfyllende_opplysninger","viewConfig":{"label":{"custom":false,"value":"","useLocalizations":true,"localizationsList":{"nb":"Utfyllende opplysninger"}},"advanced":{"hidden":false,"readonly":false},"multiplicity":{"min":"0","max":"1"},"size":{"field":"inherit","label":"inherit","fill":"inherit"},"layout":{"label":{"valign":"top","align":"top"},"field":{"valign":"inherit","align":"inherit"}},"tags":[],"datasource":{"loadRemote":false,"loadRemoteUrl":"","terminology":""},"field":{"input":{"presentation":"textfield"}}},"defaultValue":{"value":""},"fid":"anamnese_og_selvregistrering/anamnese/graviditet/utfyllende_opplysninger"}]},{"name":"Prevensjonsmiddel","localizedName":"Prevensjonsmiddel","rmType":"DV_CODED_TEXT","nodeId":"at0016","min":0,"max":-1,"localizedNames":{"nb":"Prevensjonsmiddel"},"localizedDescriptions":{"nb":"*"},"aqlPath":"/content[openEHR-EHR-EVALUATION.anamnese_olafia.v1]/data[at0001]/items[at0016]/value","inputs":[{"suffix":"code","type":"CODED_TEXT","list":[{"value":"CM01","label":"Ingen","localizedLabels":{"nb":"Ingen"}},{"value":"CM02","label":"Kondom","localizedLabels":{"nb":"Kondom"}},{"value":"CM03","label":"P-piller/minipiller","localizedLabels":{"nb":"P-piller/minipiller"}},{"value":"CM04","label":"P-stav","localizedLabels":{"nb":"P-stav"}},{"value":"CM05","label":"P-sprøyte","localizedLabels":{"nb":"P-sprøyte"}},{"value":"CM06","label":"Hormonspiral","localizedLabels":{"nb":"Hormonspiral"}},{"value":"CM07","label":"Kobberspiral","localizedLabels":{"nb":"Kobberspiral"}},{"value":"CM08","label":"P-ring","localizedLabels":{"nb":"P-ring"}},{"value":"CM09","label":"Avbrutt samleie/sikre perioder","localizedLabels":{"nb":"Avbrutt samleie/sikre perioder"}},{"value":"CM10","label":"Annet","localizedLabels":{"nb":"Annet"}}],"terminology":"Olafia"}],"fid":"anamnese_og_selvregistrering/anamnese_olafia/prevensjonsmiddel","formId":"anamnese_og_selvregistrering/anamnese_olafia/prevensjonsmiddel","viewConfig":{"label":{"custom":true,"value":"Hva slags prevensjonsmiddel bruker pasient eller partner?","useLocalizations":true,"localizationsList":{"nb":"Hva slags prevensjonsmiddel bruker pasient eller partner?"}},"advanced":{"hidden":false,"readonly":false},"multiplicity":{"min":"0","max":"100"},"size":{"field":"inherit","label":"inherit","fill":"inherit"},"layout":{"label":{"valign":"top","align":"top"},"field":{"valign":"inherit","align":"inherit"}},"datasource":{"loadRemote":false,"loadRemoteUrl":"","terminology":""},"tags":["showasmulticombobox"],"field":{"code":{"presentation":"combobox"}}},"defaultValue":{"code":""}}],"viewConfig":{"label":{"custom":true,"value":"Innledende spørsmål","useLocalizations":true,"localizationsList":{"nb":"Innledende spørsmål"}},"size":{"field":"inherit","label":"inherit","fill":"inherit"},"layout":{"label":{"valign":"inherit","align":"inherit"},"field":{"valign":"inherit","align":"inherit"}},"field":{},"advanced":{"hidden":false,"readonly":false,"render":false},"multiplicity":{"min":"0","max":"1"},"tags":[]}},{"localizedName":"Fieldset","localizedNames":{"nb":"Seksualhistorie"},"min":0,"max":-1,"name":"Fieldset","rmType":"GENERIC_FIELDSET","fid":"generic-field-18043","formId":"generic-field-18043","children":[{"name":"Noen gang hatt sex?","localizedName":"Noen gang hatt sex?","rmType":"DV_CODED_TEXT","nodeId":"at0002","min":0,"max":1,"localizedNames":{"nb":"Noen gang hatt sex?"},"localizedDescriptions":{"nb":"*"},"aqlPath":"/content[openEHR-EHR-EVALUATION.sexual_history.v1,'Seksualhistorie']/data[at0001]/items[at0002]/value","inputs":[{"suffix":"code","type":"CODED_TEXT","list":[{"value":"at0009","label":"Ja","localizedLabels":{"nb":"Ja"},"localizedDescriptions":{"nb":"*"}},{"value":"at0010","label":"Nei","localizedLabels":{"nb":"Nei"},"localizedDescriptions":{"nb":"*"}}]}],"fid":"anamnese_og_selvregistrering/seksualhistorie/noen_gang_hatt_sex","formId":"anamnese_og_selvregistrering/seksualhistorie/noen_gang_hatt_sex","viewConfig":{"label":{"custom":true,"value":"Har pasienten noen gang hatt sex?","useLocalizations":true,"localizationsList":{"nb":"Har pasienten noen gang hatt sex?"}},"advanced":{"hidden":false,"readonly":false},"multiplicity":{"min":"1","max":"1"},"size":{"field":"inherit","label":"inherit","fill":"inherit"},"layout":{"label":{"valign":"inherit","align":"inherit"},"field":{"valign":"inherit","align":"inherit"}},"tags":["showasradios"],"datasource":{"loadRemote":false,"loadRemoteUrl":"","terminology":""},"field":{"code":{"presentation":"combobox"}}},"defaultValue":{"code":""}}],"viewConfig":{"label":{"custom":true,"value":"Seksualhistorie","useLocalizations":true,"localizationsList":{"nb":"Seksualhistorie"}},"advanced":{"hidden":false,"readonly":false,"render":false},"multiplicity":{"min":"0","max":"1"},"size":{"field":"inherit","label":"inherit","fill":"inherit"},"layout":{"label":{"valign":"inherit","align":"inherit"},"field":{"valign":"inherit","align":"inherit"}},"tags":[],"field":{}}},{"localizedName":"Fieldset","localizedNames":{"nb":"Seksuell aktivitet siste 6 måneder"},"min":0,"max":-1,"name":"Fieldset","rmType":"GENERIC_FIELDSET","fid":"generic-field-74636","formId":"generic-field-74636","inputs":[{"type":"TEXT"}],"children":[{"name":"Seksuelt aktiv","localizedName":"Seksuelt aktiv","rmType":"DV_CODED_TEXT","nodeId":"at0009","min":0,"max":1,"localizedNames":{"nb":"Seksuelt aktiv"},"localizedDescriptions":{"nb":"*"},"aqlPath":"/content[openEHR-EHR-OBSERVATION.sexual_activity.v1]/data[at0001]/events[at0007]/data[at0003]/items[at0009]/value","inputs":[{"suffix":"code","type":"CODED_TEXT","list":[{"value":"at0022","label":"Ja","localizedLabels":{"nb":"Ja"},"localizedDescriptions":{"nb":"*"}},{"value":"at0023","label":"Nei","localizedLabels":{"nb":"Nei"},"localizedDescriptions":{"nb":"*"}}]}],"formId":"anamnese_og_selvregistrering/seksuell_aktivitet/seksuelt_aktiv","viewConfig":{"label":{"custom":true,"value":"Har pasienten hatt sex siste 6 mndr?","useLocalizations":true,"localizationsList":{"nb":"Har pasienten hatt sex siste 6 mndr?"}},"advanced":{"hidden":false,"readonly":false},"multiplicity":{"min":"1","max":"1"},"size":{"field":"inherit","label":"inherit","fill":"inherit"},"layout":{"label":{"valign":"inherit","align":"inherit"},"field":{"valign":"inherit","align":"inherit"}},"tags":["showasradios"],"datasource":{"loadRemote":false,"loadRemoteUrl":"","terminology":""},"field":{"code":{"presentation":"combobox"}}},"defaultValue":{"code":""},"fid":"anamnese_og_selvregistrering/seksuell_aktivitet/seksuelt_aktiv"}],"viewConfig":{"label":{"custom":true,"value":"Seksuell aktivitet siste 6 måneder","useLocalizations":true,"localizationsList":{"nb":"Seksuell aktivitet siste 6 måneder"}},"advanced":{"hidden":false,"readonly":false,"render":false},"multiplicity":{"min":"0","max":"1"},"size":{"field":"inherit","label":"inherit","fill":"inherit"},"layout":{"label":{"valign":"inherit","align":"inherit"},"field":{"valign":"inherit","align":"inherit"}},"tags":[],"field":{}}},{"localizedName":"Fieldset","localizedNames":{"nb":"Detaljer siste 6 mndr"},"min":0,"max":-1,"name":"Fieldset","rmType":"GENERIC_FIELDSET","fid":"generic-field-81348","inputs":[{"type":"TEXT"}],"formId":"generic-field-81348","children":[{"name":"Sexpartneres kjønn","localizedName":"Sexpartneres kjønn","rmType":"DV_CODED_TEXT","nodeId":"at0012","min":0,"max":-1,"localizedNames":{"nb":"Sexpartneres kjønn"},"localizedDescriptions":{"nb":"*"},"aqlPath":"/content[openEHR-EHR-OBSERVATION.sexual_activity.v1]/data[at0001]/events[at0007]/data[at0003]/items[at0012]/value","inputs":[{"suffix":"code","type":"CODED_TEXT","list":[{"value":"AP1","label":"Menn","localizedLabels":{"nb":"Menn"}},{"value":"AP3","label":"Kvinner","localizedLabels":{"nb":"Kvinner"}},{"value":"AP4","label":"Trans","localizedLabels":{"nb":"Trans"}},{"value":"AP6","label":"Transkvinner","localizedLabels":{"nb":"Transkvinner"}},{"value":"AP8","label":"Transmenn","localizedLabels":{"nb":"Transmenn"}}],"terminology":"Olafia"}],"formId":"anamnese_og_selvregistrering/seksuell_aktivitet/sexpartneres_kjønn","viewConfig":{"label":{"custom":true,"value":"Sexpartner(e)s kjønn","useLocalizations":true,"localizationsList":{"nb":"Sexpartner(e)s kjønn"}},"advanced":{"hidden":false,"readonly":false},"multiplicity":{"min":"0","max":"100"},"size":{"field":"inherit","label":"inherit","fill":"inherit"},"layout":{"label":{"valign":"inherit","align":"inherit"},"field":{"valign":"inherit","align":"inherit"}},"tags":["showasmulticombobox"],"datasource":{"loadRemote":false,"loadRemoteUrl":"","terminology":""},"field":{"code":{"presentation":"combobox"}}},"defaultValue":{"code":""},"fid":"anamnese_og_selvregistrering/seksuell_aktivitet/sexpartneres_kjønn"},{"name":"Beskrivelse til sexpartners kjønn","localizedName":"Beskrivelse til sexpartners kjønn","rmType":"DV_TEXT","nodeId":"at0046","min":0,"max":1,"localizedNames":{"nb":"Beskrivelse til sexpartners kjønn"},"localizedDescriptions":{"nb":"*"},"aqlPath":"/content[openEHR-EHR-OBSERVATION.sexual_activity.v1]/data[at0001]/events[at0007]/data[at0003]/items[at0046]/value","inputs":[{"type":"TEXT"}],"formId":"anamnese_og_selvregistrering/seksuell_aktivitet/beskrivelse_til_sexpartners_kjønn","viewConfig":{"label":{"custom":true,"value":"Beskrivelse til sexpartners kjønn","useLocalizations":true,"localizationsList":{"nb":"Beskrivelse til sexpartners kjønn"}},"advanced":{"hidden":false,"readonly":false},"multiplicity":{"min":"0","max":"1"},"size":{"field":"inherit","label":"inherit","fill":"inherit"},"layout":{"label":{"valign":"inherit","align":"inherit"},"field":{"valign":"inherit","align":"inherit"}},"tags":[],"datasource":{"loadRemote":false,"loadRemoteUrl":"","terminology":""},"field":{"input":{"presentation":"textfield"}}},"defaultValue":{"value":""},"fid":"anamnese_og_selvregistrering/seksuell_aktivitet/beskrivelse_til_sexpartners_kjønn"},{"name":"Typer sex","localizedName":"Typer sex","rmType":"DV_CODED_TEXT","nodeId":"at0025","min":0,"max":-1,"localizedNames":{"nb":"Typer sex"},"localizedDescriptions":{"nb":"*"},"aqlPath":"/content[openEHR-EHR-OBSERVATION.sexual_activity.v1]/data[at0001]/events[at0007]/data[at0003]/items[at0025]/value","inputs":[{"suffix":"code","type":"CODED_TEXT","list":[{"value":"at0027","label":"Vaginal (skjede)","localizedLabels":{"nb":"Vaginal (skjede)"},"localizedDescriptions":{"nb":"*"}},{"value":"at0028","label":"Oral (munn)","localizedLabels":{"nb":"Oral (munn)"},"localizedDescriptions":{"nb":"*"}},{"value":"at0026","label":"Anal (endetarm)","localizedLabels":{"nb":"Anal (endetarm)"},"localizedDescriptions":{"nb":"*"}}]}],"formId":"anamnese_og_selvregistrering/seksuell_aktivitet/typer_sex","viewConfig":{"label":{"custom":false,"value":"","useLocalizations":true,"localizationsList":{"nb":"Typer sex"}},"advanced":{"hidden":false,"readonly":false},"multiplicity":{"min":"0","max":"100"},"size":{"field":"inherit","label":"inherit","fill":"inherit"},"layout":{"label":{"valign":"inherit","align":"inherit"},"field":{"valign":"inherit","align":"inherit"}},"tags":["showasmulticombobox"],"datasource":{"loadRemote":false,"loadRemoteUrl":"","terminology":""},"field":{"code":{"presentation":"combobox"}}},"defaultValue":{"code":""},"fid":"anamnese_og_selvregistrering/seksuell_aktivitet/typer_sex"},{"name":"Antall partnere","localizedName":"Antall partnere","rmType":"DV_COUNT","nodeId":"at0011","min":0,"max":1,"localizedNames":{"nb":"Antall partnere"},"localizedDescriptions":{"nb":"*"},"aqlPath":"/content[openEHR-EHR-OBSERVATION.sexual_activity.v1]/data[at0001]/events[at0007]/data[at0003]/items[at0011]/value","inputs":[{"type":"INTEGER"}],"formId":"anamnese_og_selvregistrering/seksuell_aktivitet/antall_partnere","viewConfig":{"label":{"custom":true,"value":"Antall partnere siste 6 mndr","useLocalizations":true,"localizationsList":{"nb":"Antall partnere siste 6 mndr"}},"advanced":{"hidden":false,"readonly":false},"multiplicity":{"min":"0","max":"1"},"size":{"field":"inherit","label":"inherit","fill":"inherit"},"layout":{"label":{"valign":"inherit","align":"inherit"},"field":{"valign":"inherit","align":"inherit"}},"tags":[],"datasource":{"loadRemote":false,"loadRemoteUrl":"","terminology":""},"field":{}},"defaultValue":{},"fid":"anamnese_og_selvregistrering/seksuell_aktivitet/antall_partnere"},{"name":"Sex med sexarbeider","localizedName":"Sex med sexarbeider","rmType":"DV_CODED_TEXT","nodeId":"at0036","min":0,"max":1,"localizedNames":{"nb":"Sex med sexarbeider"},"localizedDescriptions":{"nb":"*"},"aqlPath":"/content[openEHR-EHR-OBSERVATION.sexual_activity.v1]/data[at0001]/events[at0007]/data[at0003]/items[at0036]/value","inputs":[{"suffix":"code","type":"CODED_TEXT","list":[{"value":"at0037","label":"Ja","localizedLabels":{"nb":"Ja"},"localizedDescriptions":{"nb":"*"}},{"value":"at0038","label":"Nei","localizedLabels":{"nb":"Nei"},"localizedDescriptions":{"nb":"*"}},{"value":"at0039","label":"Usikker","localizedLabels":{"nb":"Usikker"},"localizedDescriptions":{"nb":"*"}}]}],"formId":"anamnese_og_selvregistrering/seksuell_aktivitet/sex_med_sexarbeider","viewConfig":{"label":{"custom":false,"value":"","useLocalizations":true,"localizationsList":{"nb":"Sex med sexarbeider"}},"advanced":{"hidden":false,"readonly":false},"multiplicity":{"min":"0","max":"1"},"size":{"field":"inherit","label":"inherit","fill":"inherit"},"layout":{"label":{"valign":"inherit","align":"inherit"},"field":{"valign":"inherit","align":"inherit"}},"tags":["showasradios"],"datasource":{"loadRemote":false,"loadRemoteUrl":"","terminology":""},"field":{"code":{"presentation":"combobox"}}},"defaultValue":{"code":""},"fid":"anamnese_og_selvregistrering/seksuell_aktivitet/sex_med_sexarbeider"},{"name":"Har du motatt betaling for sex?","localizedName":"Har du motatt betaling for sex?","rmType":"DV_CODED_TEXT","nodeId":"at0041","min":0,"max":1,"localizedNames":{"nb":"Har du motatt betaling for sex?"},"localizedDescriptions":{"nb":"*"},"aqlPath":"/content[openEHR-EHR-OBSERVATION.sexual_activity.v1]/data[at0001]/events[at0007]/data[at0003]/items[at0041]/value","inputs":[{"suffix":"code","type":"CODED_TEXT","list":[{"value":"at0042","label":"Ja","localizedLabels":{"nb":"Ja"},"localizedDescriptions":{"nb":"*"}},{"value":"at0043","label":"Nei","localizedLabels":{"nb":"Nei"},"localizedDescriptions":{"nb":"*"}}]}],"formId":"anamnese_og_selvregistrering/seksuell_aktivitet/har_du_motatt_betaling_for_sex","viewConfig":{"label":{"custom":true,"value":"Har pasienten mottatt betaling for sex?","useLocalizations":true,"localizationsList":{"nb":"Har pasienten mottatt betaling for sex?"}},"advanced":{"hidden":false,"readonly":false},"multiplicity":{"min":"0","max":"1"},"size":{"field":"inherit","label":"inherit","fill":"inherit"},"layout":{"label":{"valign":"inherit","align":"inherit"},"field":{"valign":"inherit","align":"inherit"}},"tags":["showasradios"],"datasource":{"loadRemote":false,"loadRemoteUrl":"","terminology":""},"field":{"code":{"presentation":"combobox"}}},"defaultValue":{"code":""},"fid":"anamnese_og_selvregistrering/seksuell_aktivitet/har_du_motatt_betaling_for_sex"},{"name":"Sexpartnere har vært fra","localizedName":"Sexpartnere har vært fra","rmType":"DV_CODED_TEXT","nodeId":"at0040","min":0,"max":-1,"localizedNames":{"nb":"Sexpartnere har vært fra"},"localizedDescriptions":{"nb":"*"},"aqlPath":"/content[openEHR-EHR-OBSERVATION.sexual_activity.v1]/data[at0001]/events[at0007]/data[at0003]/items[at0040]/value","inputs":[{"suffix":"code","type":"CODED_TEXT","list":[{"value":"AQA","label":"Skandinavia","localizedLabels":{"nb":"Skandinavia"}},{"value":"AQ1","label":"Vest-Europa, utenom skandinavia","localizedLabels":{"nb":"Vest-Europa, utenom skandinavia"}},{"value":"AQ2","label":"Øst-Europa","localizedLabels":{"nb":"Øst-Europa"}},{"value":"AQ3","label":"Afrika","localizedLabels":{"nb":"Afrika"}},{"value":"AQ4","label":"Sør- og mellom-Amerika","localizedLabels":{"nb":"Sør- og mellom-Amerika"}},{"value":"AQ5","label":"Nord-Amerika","localizedLabels":{"nb":"Nord-Amerika"}},{"value":"AQ6","label":"Asia","localizedLabels":{"nb":"Asia"}},{"value":"AQ7","label":"Australia","localizedLabels":{"nb":"Australia"}}],"terminology":"Olafia"}],"formId":"anamnese_og_selvregistrering/seksuell_aktivitet/sexpartnere_har_vært_fra","viewConfig":{"label":{"custom":true,"value":"Sexpartner(e) har vært fra","useLocalizations":true,"localizationsList":{"nb":"Sexpartnere har vært fra"}},"advanced":{"hidden":false,"readonly":false},"multiplicity":{"min":"0","max":"100"},"size":{"field":"inherit","label":"inherit","fill":"inherit"},"layout":{"label":{"valign":"inherit","align":"inherit"},"field":{"valign":"inherit","align":"inherit"}},"tags":["showasmulticombobox"],"datasource":{"loadRemote":false,"loadRemoteUrl":"","terminology":""},"field":{"code":{"presentation":"combobox"}}},"defaultValue":{"code":""},"fid":"anamnese_og_selvregistrering/seksuell_aktivitet/sexpartnere_har_vært_fra"},{"name":"Sexpartnere har vært fra (nasjonalitet)","localizedName":"Sexpartnere har vært fra (nasjonalitet)","rmType":"DV_CODED_TEXT","nodeId":"at0045","min":0,"max":-1,"localizedNames":{"nb":"Sexpartnere har vært fra (nasjonalitet)"},"localizedDescriptions":{"nb":"*"},"aqlPath":"/content[openEHR-EHR-OBSERVATION.sexual_activity.v1]/data[at0001]/events[at0007]/data[at0003]/items[at0045]/value","inputs":[{"suffix":"code","type":"TEXT","terminology":"ARK-FE-STATSBORGERSKAP?subset=ARK-FE-STATSBORGERSKAP&language=en-GB"},{"suffix":"value","type":"TEXT","terminology":"ARK-FE-STATSBORGERSKAP?subset=ARK-FE-STATSBORGERSKAP&language=en-GB"}],"formId":"anamnese_og_selvregistrering/seksuell_aktivitet/sexpartnere_har_vært_fra_nasjonalitet","viewConfig":{"label":{"custom":true,"value":"Sexpartner(e) har vært fra (nasjonalitet)","useLocalizations":true,"localizationsList":{"nb":"Sexpartner(e) har vært fra (nasjonalitet)"}},"advanced":{"hidden":false,"readonly":false},"multiplicity":{"min":"0","max":"100"},"size":{"field":"inherit","label":"inherit","fill":"inherit"},"layout":{"label":{"valign":"inherit","align":"inherit"},"field":{"valign":"inherit","align":"inherit"}},"tags":[],"datasource":{"loadRemote":false,"loadRemoteUrl":"","terminology":""},"field":{"code":{"presentation":"textfield"},"value":{"presentation":"textfield"}}},"defaultValue":{"code":"","value":""},"fid":"anamnese_og_selvregistrering/seksuell_aktivitet/sexpartnere_har_vært_fra_nasjonalitet"},{"name":"Seksualpartner","localizedName":"Seksualpartner","rmType":"CLUSTER","nodeId":"openEHR-EHR-CLUSTER.sexual_partner.v1","min":0,"max":-1,"localizedNames":{"nb":"Seksualpartner"},"localizedDescriptions":{"nb":"*"},"aqlPath":"/content[openEHR-EHR-OBSERVATION.sexual_activity.v1]/data[at0001]/events[at0007]/data[at0003]/items[openEHR-EHR-CLUSTER.sexual_partner.v1]","fid":"anamnese_og_selvregistrering/seksuell_aktivitet/seksualpartner","formId":"anamnese_og_selvregistrering/seksuell_aktivitet/seksualpartner","viewConfig":{"label":{"custom":false,"value":"","useLocalizations":false,"localizationsList":{}},"advanced":{"hidden":false,"readonly":false,"render":false},"multiplicity":{"min":"0","max":"100"},"size":{"field":"inherit","label":"inherit","fill":"inherit"},"layout":{"label":{"valign":"top","align":"top"},"field":{"valign":"inherit","align":"inherit"}},"tags":["showasmasterdetail"],"field":{},"annotations":{"AlertType":"Info"}},"children":[{"name":"Identifikasjon/Alias","localizedName":"Identifikasjon/Alias","rmType":"DV_CODED_TEXT","nodeId":"at0002","min":0,"max":1,"localizedNames":{"nb":"Identifikasjon/Alias"},"localizedDescriptions":{"nb":"*"},"aqlPath":"/content[openEHR-EHR-OBSERVATION.sexual_activity.v1]/data[at0001]/events[at0007]/data[at0003]/items[openEHR-EHR-CLUSTER.sexual_partner.v1]/items[at0002]/value","inputs":[{"suffix":"code","type":"CODED_TEXT","list":[{"value":"BF1","label":"Siste partner","localizedLabels":{"nb":"Siste partner"}},{"value":"BF2","label":"Nest siste partner","localizedLabels":{"nb":"Nest siste partner"}},{"value":"BF3","label":"Tredje siste partner","localizedLabels":{"nb":"Tredje siste partner"}},{"value":"BF4","label":"Annen/risiko-partner","localizedLabels":{"nb":"Annen/risiko-partner"}}],"terminology":"Olafia"}],"formId":"anamnese_og_selvregistrering/seksuell_aktivitet/seksualpartner/identifikasjon_alias","viewConfig":{"label":{"custom":false,"value":"","useLocalizations":false,"localizationsList":{}},"advanced":{"hidden":false,"readonly":false},"multiplicity":{"min":"0","max":"1"},"size":{"field":"inherit","label":"inherit","fill":"inherit"},"layout":{"label":{"valign":"inherit","align":"inherit"},"field":{"valign":"inherit","align":"inherit"}},"tags":["includeinmasterdetail"],"datasource":{"loadRemote":false,"loadRemoteUrl":"","terminology":""},"field":{"code":{"presentation":"combobox"}}},"defaultValue":{"code":""},"fid":"anamnese_og_selvregistrering/seksuell_aktivitet/seksualpartner/identifikasjon_alias"},{"name":"Dato for siste sex","localizedName":"Dato for siste sex","rmType":"DV_DATE","nodeId":"at0001","min":0,"max":1,"localizedNames":{"nb":"Dato for siste sex"},"localizedDescriptions":{"nb":"*"},"aqlPath":"/content[openEHR-EHR-OBSERVATION.sexual_activity.v1]/data[at0001]/events[at0007]/data[at0003]/items[openEHR-EHR-CLUSTER.sexual_partner.v1]/items[at0001]/value","inputs":[{"type":"DATE"}],"formId":"anamnese_og_selvregistrering/seksuell_aktivitet/seksualpartner/dato_for_siste_sex","viewConfig":{"label":{"custom":false,"value":"","useLocalizations":false,"localizationsList":{}},"advanced":{"hidden":false,"readonly":false},"multiplicity":{"min":"0","max":"1"},"size":{"field":"inherit","label":"inherit","fill":"inherit"},"layout":{"label":{"valign":"inherit","align":"inherit"},"field":{"valign":"inherit","align":"inherit"}},"tags":["includeinmasterdetail"],"datasource":{"loadRemote":false,"loadRemoteUrl":"","terminology":""},"field":{"input":{"dateFormat":"","hideDate":false,"hideTime":false}}},"defaultValue":{"value":""},"fid":"anamnese_og_selvregistrering/seksuell_aktivitet/seksualpartner/dato_for_siste_sex"},{"name":"Lengde av seksuelt forhold","localizedName":"Lengde av seksuelt forhold","rmType":"DV_DURATION","nodeId":"at0021","min":0,"max":1,"localizedNames":{"nb":"Lengde av seksuelt forhold"},"localizedDescriptions":{"nb":"*"},"aqlPath":"/content[openEHR-EHR-OBSERVATION.sexual_activity.v1]/data[at0001]/events[at0007]/data[at0003]/items[openEHR-EHR-CLUSTER.sexual_partner.v1]/items[at0021]/value","inputs":[{"suffix":"year","type":"INTEGER","validation":{"range":{"minOp":">=","min":0}},"defaultValue":0},{"suffix":"month","type":"INTEGER","validation":{"range":{"minOp":">=","min":0}},"defaultValue":0},{"suffix":"week","type":"INTEGER","validation":{"range":{"minOp":">=","min":0}},"defaultValue":0},{"suffix":"day","type":"INTEGER","validation":{"range":{"minOp":">=","min":0}},"defaultValue":0}],"formId":"anamnese_og_selvregistrering/seksuell_aktivitet/seksualpartner/lengde_av_seksuelt_forhold","viewConfig":{"size":{"field":"inherit","label":"inherit","fill":"inherit"},"layout":{"field":{"valign":"inherit","align":"inherit"}},"datasource":{"loadRemote":false,"loadRemoteUrl":"","terminology":""},"field":{}},"defaultValue":{},"fid":"anamnese_og_selvregistrering/seksuell_aktivitet/seksualpartner/lengde_av_seksuelt_forhold"},{"name":"Partnerkjønn","localizedName":"Partnerkjønn","rmType":"DV_CODED_TEXT","nodeId":"at0003","min":0,"max":1,"localizedNames":{"nb":"Partnerkjønn"},"localizedDescriptions":{"nb":"*"},"aqlPath":"/content[openEHR-EHR-OBSERVATION.sexual_activity.v1]/data[at0001]/events[at0007]/data[at0003]/items[openEHR-EHR-CLUSTER.sexual_partner.v1]/items[at0003]/value","inputs":[{"suffix":"code","type":"CODED_TEXT","list":[{"value":"APA","label":"Mann","localizedLabels":{"nb":"Mann"}},{"value":"AP2","label":"Kvinne","localizedLabels":{"nb":"Kvinne"}},{"value":"AP4","label":"Trans","localizedLabels":{"nb":"Trans"}},{"value":"AP5","label":"Transkvinne","localizedLabels":{"nb":"Transkvinne"}},{"value":"AP7","label":"Transmann","localizedLabels":{"nb":"Transmann"}}],"terminology":"Olafia"}],"formId":"anamnese_og_selvregistrering/seksuell_aktivitet/seksualpartner/partnerkjønn","viewConfig":{"label":{"custom":false,"value":"","useLocalizations":false,"localizationsList":{}},"advanced":{"hidden":false,"readonly":false},"multiplicity":{"min":"0","max":"1"},"size":{"field":"inherit","label":"inherit","fill":"inherit"},"layout":{"label":{"valign":"inherit","align":"inherit"},"field":{"valign":"inherit","align":"inherit"}},"tags":["showasradios"],"datasource":{"loadRemote":false,"loadRemoteUrl":"","terminology":""},"field":{"code":{"presentation":"combobox"}}},"defaultValue":{"code":""},"fid":"anamnese_og_selvregistrering/seksuell_aktivitet/seksualpartner/partnerkjønn"},{"name":"Partner type","localizedName":"Partner type","rmType":"DV_CODED_TEXT","nodeId":"at0008","min":0,"max":1,"localizedNames":{"nb":"Partner type"},"localizedDescriptions":{"nb":"*"},"aqlPath":"/content[openEHR-EHR-OBSERVATION.sexual_activity.v1]/data[at0001]/events[at0007]/data[at0003]/items[openEHR-EHR-CLUSTER.sexual_partner.v1]/items[at0008]/value","inputs":[{"suffix":"code","type":"CODED_TEXT","list":[{"value":"at0009","label":"Fast","localizedLabels":{"nb":"Fast"},"localizedDescriptions":{"nb":"*"}},{"value":"at0010","label":"Ikke fast","localizedLabels":{"nb":"Ikke fast"},"localizedDescriptions":{"nb":"*"}}]}],"formId":"anamnese_og_selvregistrering/seksuell_aktivitet/seksualpartner/partner_type","viewConfig":{"label":{"custom":false,"value":"","useLocalizations":false,"localizationsList":{}},"advanced":{"hidden":false,"readonly":false},"multiplicity":{"min":"0","max":"1"},"size":{"field":"inherit","label":"inherit","fill":"inherit"},"layout":{"label":{"valign":"inherit","align":"inherit"},"field":{"valign":"inherit","align":"inherit"}},"tags":["showasradios"],"datasource":{"loadRemote":false,"loadRemoteUrl":"","terminology":""},"field":{"code":{"presentation":"combobox"}}},"defaultValue":{"code":""},"fid":"anamnese_og_selvregistrering/seksuell_aktivitet/seksualpartner/partner_type"},{"name":"Partner kategori","localizedName":"Partner kategori","rmType":"DV_CODED_TEXT","nodeId":"at0014","min":0,"max":1,"localizedNames":{"nb":"Partner kategori"},"localizedDescriptions":{"nb":"*"},"aqlPath":"/content[openEHR-EHR-OBSERVATION.sexual_activity.v1]/data[at0001]/events[at0007]/data[at0003]/items[openEHR-EHR-CLUSTER.sexual_partner.v1]/items[at0014]/value","inputs":[{"suffix":"code","type":"CODED_TEXT","list":[{"value":"at0015","label":"Ektefelle/samboer","localizedLabels":{"nb":"Ektefelle/samboer"},"localizedDescriptions":{"nb":"*"}},{"value":"at0016","label":"Kjent partner","localizedLabels":{"nb":"Kjent partner"},"localizedDescriptions":{"nb":"*"}},{"value":"at0017","label":"Ukjent partner","localizedLabels":{"nb":"Ukjent partner"},"localizedDescriptions":{"nb":"*"}}]}],"formId":"anamnese_og_selvregistrering/seksuell_aktivitet/seksualpartner/partner_kategori","viewConfig":{"label":{"custom":false,"value":"","useLocalizations":false,"localizationsList":{}},"advanced":{"hidden":false,"readonly":false},"multiplicity":{"min":"0","max":"1"},"size":{"field":"inherit","label":"inherit","fill":"inherit"},"layout":{"label":{"valign":"inherit","align":"inherit"},"field":{"valign":"inherit","align":"inherit"}},"tags":["showasradios"],"datasource":{"loadRemote":false,"loadRemoteUrl":"","terminology":""},"field":{"code":{"presentation":"combobox"}}},"defaultValue":{"code":""},"fid":"anamnese_og_selvregistrering/seksuell_aktivitet/seksualpartner/partner_kategori"},{"name":"Vil det seksuelle forholde fortsette?","localizedName":"Vil det seksuelle forholde fortsette?","rmType":"DV_CODED_TEXT","nodeId":"at0027","min":0,"max":1,"localizedNames":{"nb":"Vil det seksuelle forholde fortsette?"},"localizedDescriptions":{"nb":"*"},"aqlPath":"/content[openEHR-EHR-OBSERVATION.sexual_activity.v1]/data[at0001]/events[at0007]/data[at0003]/items[openEHR-EHR-CLUSTER.sexual_partner.v1]/items[at0027]/value","inputs":[{"suffix":"code","type":"CODED_TEXT","list":[{"value":"at0028","label":"Sannsynlig","localizedLabels":{"nb":"Sannsynlig"},"localizedDescriptions":{"nb":"*"}},{"value":"at0029","label":"Lite sannsynlig","localizedLabels":{"nb":"Lite sannsynlig"},"localizedDescriptions":{"nb":"*"}}]}],"formId":"anamnese_og_selvregistrering/seksuell_aktivitet/seksualpartner/vil_det_seksuelle_forholde_fortsette","viewConfig":{"label":{"custom":false,"value":"","useLocalizations":false,"localizationsList":{}},"advanced":{"hidden":false,"readonly":false},"multiplicity":{"min":"0","max":"1"},"size":{"field":"inherit","label":"inherit","fill":"inherit"},"layout":{"label":{"valign":"inherit","align":"inherit"},"field":{"valign":"inherit","align":"inherit"}},"tags":["showasradios"],"datasource":{"loadRemote":false,"loadRemoteUrl":"","terminology":""},"field":{"code":{"presentation":"combobox"}}},"defaultValue":{"code":""},"fid":"anamnese_og_selvregistrering/seksuell_aktivitet/seksualpartner/vil_det_seksuelle_forholde_fortsette"},{"name":"Ufrivillig sex?","localizedName":"Ufrivillig sex?","rmType":"DV_BOOLEAN","nodeId":"at0046","min":0,"max":1,"localizedNames":{"nb":"Ufrivillig sex?"},"localizedDescriptions":{"nb":"*"},"aqlPath":"/content[openEHR-EHR-OBSERVATION.sexual_activity.v1]/data[at0001]/events[at0007]/data[at0003]/items[openEHR-EHR-CLUSTER.sexual_partner.v1]/items[at0046]/value","inputs":[{"type":"BOOLEAN","list":[{"value":"true","label":"true"}]}],"formId":"anamnese_og_selvregistrering/seksuell_aktivitet/seksualpartner/ufrivillig_sex","viewConfig":{"label":{"custom":false,"value":"","useLocalizations":false,"localizationsList":{}},"advanced":{"hidden":false,"readonly":false},"multiplicity":{"min":"0","max":"1"},"size":{"field":"inherit","label":"inherit","fill":"inherit"},"layout":{"label":{"valign":"top","align":"top"},"field":{"valign":"inherit","align":"inherit"}},"tags":[],"datasource":{"loadRemote":false,"loadRemoteUrl":"","terminology":""},"field":{"input":{"threeState":false}}},"defaultValue":{"value":false},"fid":"anamnese_og_selvregistrering/seksuell_aktivitet/seksualpartner/ufrivillig_sex"},{"name":"Risikofaktorer","localizedName":"Risikofaktorer","rmType":"DV_CODED_TEXT","nodeId":"at0041","min":0,"max":-1,"localizedNames":{"nb":"Risikofaktorer"},"localizedDescriptions":{"nb":"*"},"aqlPath":"/content[openEHR-EHR-OBSERVATION.sexual_activity.v1]/data[at0001]/events[at0007]/data[at0003]/items[openEHR-EHR-CLUSTER.sexual_partner.v1]/items[at0041]/value","inputs":[{"suffix":"code","type":"CODED_TEXT","list":[{"value":"BE1","label":"Cruising","localizedLabels":{"nb":"Cruising"}},{"value":"BE2","label":"Sauna","localizedLabels":{"nb":"Sauna"}},{"value":"BE3","label":"Nettdating","localizedLabels":{"nb":"Nettdating"}},{"value":"BE4","label":"Gruppesex","localizedLabels":{"nb":"Gruppesex"}},{"value":"BE5","label":"Swingers","localizedLabels":{"nb":"Swingers"}},{"value":"BE6","label":"Tantra","localizedLabels":{"nb":"Tantra"}},{"value":"BE7","label":"Chemo","localizedLabels":{"nb":"Chemo"}},{"value":"BE8","label":"Potensfremmende","localizedLabels":{"nb":"Potensfremmende"}},{"value":"BE9","label":"SM","localizedLabels":{"nb":"SM"}},{"value":"BE10","label":"Deling av sexleketøy/hjelpemidler","localizedLabels":{"nb":"Deling av sexleketøy/hjelpemidler"}}],"terminology":"Olafia"}],"formId":"anamnese_og_selvregistrering/seksuell_aktivitet/seksualpartner/risikofaktorer","viewConfig":{"label":{"custom":false,"value":"","useLocalizations":true,"localizationsList":{"nb":"Risikofaktorer"}},"advanced":{"hidden":false,"readonly":false},"multiplicity":{"min":"0","max":"100"},"size":{"field":"inherit","label":"inherit","fill":"inherit"},"layout":{"label":{"valign":"inherit","align":"inherit"},"field":{"valign":"inherit","align":"inherit"}},"tags":["showasmulticombobox"],"datasource":{"loadRemote":false,"loadRemoteUrl":"","terminology":""},"field":{"code":{"presentation":"combobox"}}},"defaultValue":{"code":""},"fid":"anamnese_og_selvregistrering/seksuell_aktivitet/seksualpartner/risikofaktorer"},{"name":"Beskrivelse risikofaktorer","localizedName":"Beskrivelse risikofaktorer","rmType":"DV_TEXT","nodeId":"at0042","min":0,"max":1,"localizedNames":{"nb":"Beskrivelse risikofaktorer"},"localizedDescriptions":{"nb":"*"},"aqlPath":"/content[openEHR-EHR-OBSERVATION.sexual_activity.v1]/data[at0001]/events[at0007]/data[at0003]/items[openEHR-EHR-CLUSTER.sexual_partner.v1]/items[at0042]/value","inputs":[{"type":"TEXT"}],"formId":"anamnese_og_selvregistrering/seksuell_aktivitet/seksualpartner/beskrivelse_risikofaktorer","viewConfig":{"label":{"custom":true,"value":"Utdypende opplysninger","useLocalizations":true,"localizationsList":{"nb":"Utdypende opplysninger"}},"annotations":{"description":"Samlet vurdering av pasientens risiko basert på atferd og barrierebruk"},"advanced":{"hidden":false,"readonly":false},"multiplicity":{"min":"0","max":"1"},"size":{"field":"inherit","label":"inherit","fill":"inherit"},"layout":{"label":{"valign":"inherit","align":"inherit"},"field":{"valign":"inherit","align":"inherit"}},"tags":[],"datasource":{"loadRemote":false,"loadRemoteUrl":"","terminology":""},"field":{"input":{"presentation":"textfield"}}},"defaultValue":{"value":""},"fid":"anamnese_og_selvregistrering/seksuell_aktivitet/seksualpartner/beskrivelse_risikofaktorer"},{"name":"Annet","localizedName":"Annet","rmType":"DV_TEXT","nodeId":"at0036","min":0,"max":1,"localizedNames":{"nb":"Annet"},"localizedDescriptions":{"nb":"*"},"aqlPath":"/content[openEHR-EHR-OBSERVATION.sexual_activity.v1]/data[at0001]/events[at0007]/data[at0003]/items[openEHR-EHR-CLUSTER.sexual_partner.v1]/items[at0036]/value","inputs":[{"type":"TEXT"}],"formId":"anamnese_og_selvregistrering/seksuell_aktivitet/seksualpartner/annet","viewConfig":{"label":{"custom":true,"value":"Tilleggsopplysninger om partner","useLocalizations":true,"localizationsList":{"nb":"Tilleggsopplysninger om partner"}},"advanced":{"hidden":false,"readonly":false},"multiplicity":{"min":"0","max":"1"},"size":{"field":"inherit","label":"inherit","fill":"inherit"},"layout":{"label":{"valign":"inherit","align":"inherit"},"field":{"valign":"inherit","align":"inherit"}},"tags":[],"datasource":{"loadRemote":false,"loadRemoteUrl":"","terminology":""},"field":{"input":{"presentation":"textfield"}}},"defaultValue":{"value":""},"fid":"anamnese_og_selvregistrering/seksuell_aktivitet/seksualpartner/annet"},{"name":"Seksuell kontakt","localizedName":"Seksuell kontakt","rmType":"CLUSTER","nodeId":"openEHR-EHR-CLUSTER.sexual_contact.v1","min":0,"max":-1,"localizedNames":{"nb":"Seksuell kontakt"},"localizedDescriptions":{"nb":"unknown"},"aqlPath":"/content[openEHR-EHR-OBSERVATION.sexual_activity.v1]/data[at0001]/events[at0007]/data[at0003]/items[openEHR-EHR-CLUSTER.sexual_partner.v1]/items[openEHR-EHR-CLUSTER.sexual_contact.v1]","formId":"anamnese_og_selvregistrering/seksuell_aktivitet/seksualpartner/seksuell_kontakt","viewConfig":{"label":{"custom":false,"value":"","useLocalizations":false,"localizationsList":{}},"advanced":{"hidden":false,"readonly":false,"render":false},"multiplicity":{"min":"0","max":"100"},"size":{"field":"inherit","label":"inherit","fill":"inherit"},"layout":{"label":{"valign":"inherit","align":"inherit"},"field":{"valign":"inherit","align":"inherit"}},"tags":["showasmasterdetail"],"field":{}},"fid":"anamnese_og_selvregistrering/seksuell_aktivitet/seksualpartner/seksuell_kontakt","children":[{"name":"Kontakttype","localizedName":"Kontakttype","rmType":"DV_CODED_TEXT","nodeId":"at0025","min":0,"max":-1,"localizedNames":{"nb":"Kontakttype"},"localizedDescriptions":{"nb":"*"},"aqlPath":"/content[openEHR-EHR-OBSERVATION.sexual_activity.v1]/data[at0001]/events[at0007]/data[at0003]/items[openEHR-EHR-CLUSTER.sexual_partner.v1]/items[openEHR-EHR-CLUSTER.sexual_contact.v1]/items[at0025]/value","inputs":[{"suffix":"code","type":"CODED_TEXT","list":[{"value":"ARA","label":"Anus - Penis","localizedLabels":{"nb":"Anus - Penis"}},{"value":"ARB","label":"Penis - Anus","localizedLabels":{"nb":"Penis - Anus"}},{"value":"ARC","label":"Vagina - Penis","localizedLabels":{"nb":"Vagina - Penis"}},{"value":"ARD","label":"Penis - Vagina","localizedLabels":{"nb":"Penis - Vagina"}},{"value":"ARE","label":"Vagina - Hånd/finger","localizedLabels":{"nb":"Vagina - Hånd/finger"}},{"value":"ARF","label":"Hånd/finger - Vagina","localizedLabels":{"nb":"Hånd/finger - Vagina"}},{"value":"ARG","label":"Anus - Hånd/finger","localizedLabels":{"nb":"Anus - Hånd/finger"}},{"value":"ARH","label":"Hånd/finger - Anus","localizedLabels":{"nb":"Hånd/finger - Anus"}},{"value":"ARI","label":"Munn - Munn","localizedLabels":{"nb":"Munn - Munn"}},{"value":"ARJ","label":"Vagina - Vagina","localizedLabels":{"nb":"Vagina - Vagina"}},{"value":"ARK","label":"Munn - Penis","localizedLabels":{"nb":"Munn - Penis"}},{"value":"ARL","label":"Penis - Munn","localizedLabels":{"nb":"Penis - Munn"}},{"value":"ARM","label":"Munn - Vagina","localizedLabels":{"nb":"Munn - Vagina"}},{"value":"ARN","label":"Vagina - Munn","localizedLabels":{"nb":"Vagina - Munn"}},{"value":"ARO","label":"Munn - Anus","localizedLabels":{"nb":"Munn - Anus"}},{"value":"ARP","label":"Anus - Munn","localizedLabels":{"nb":"Anus - Munn"}},{"value":"ARQ","label":"Hånd/finger - Penis","localizedLabels":{"nb":"Hånd/finger - Penis"}},{"value":"ARR","label":"Penis - Hånd/finger","localizedLabels":{"nb":"Penis - Hånd/finger"}},{"value":"ARS","label":"Penis - Penis","localizedLabels":{"nb":"Penis - Penis"}}],"terminology":"Olafia"}],"formId":"anamnese_og_selvregistrering/seksuell_aktivitet/seksualpartner/seksuell_kontakt/kontakttype","viewConfig":{"label":{"custom":true,"value":"Kontakttype","useLocalizations":false,"localizationsList":{}},"advanced":{"hidden":false,"readonly":false},"multiplicity":{"min":"0","max":"1"},"size":{"field":"inherit","label":"inherit","fill":"inherit"},"layout":{"label":{"valign":"inherit","align":"inherit"},"field":{"valign":"inherit","align":"inherit"}},"tags":["hidelabel"],"datasource":{"loadRemote":false,"loadRemoteUrl":"","terminology":""},"extras":{"imageCfg":{"image":"Bilde4.png","areas":[{"title":"0","coords":"195,66,317,99","shape":"rect","indicator":"none","value":"ARS"},{"title":"1","coords":"320,66,445,98","shape":"rect","indicator":"none","value":"ARD"},{"title":"2","coords":"447,65,569,99","shape":"rect","indicator":"none","value":"ARB"},{"title":"3","coords":"569,65,696,99","shape":"rect","indicator":"none","value":"ARL"},{"title":"4","coords":"699,63,883,98","shape":"rect","indicator":"none","value":"ARR"},{"title":"5","coords":"195,101,320,131","shape":"rect","indicator":"none","value":"ARC"},{"title":"6","coords":"320,99,444,133","shape":"rect","indicator":"none","value":"ARJ"},{"title":"7","coords":"571,101,695,133","shape":"rect","indicator":"none","value":"ARN"},{"title":"8","coords":"696,99,881,133","shape":"rect","indicator":"none","value":"ARE"},{"title":"9","coords":"195,133,319,162","shape":"rect","indicator":"none","value":"ARA"},{"title":"10","coords":"571,134,696,165","shape":"rect","indicator":"none","value":"ARP"},{"title":"11","coords":"699,134,881,163","shape":"rect","indicator":"none","value":"ARG"},{"title":"12","coords":"195,163,317,199","shape":"rect","indicator":"none","value":"ARK"},{"title":"13","coords":"320,162,444,197","shape":"rect","indicator":"none","value":"ARM"},{"title":"14","coords":"445,165,572,198","shape":"rect","indicator":"none","value":"ARO"},{"title":"15","coords":"573,166,695,197","shape":"rect","indicator":"none","value":"ARI"},{"title":"16","coords":"195,198,317,231","shape":"rect","indicator":"none","value":"ARQ"},{"title":"17","coords":"320,199,444,231","shape":"rect","indicator":"none","value":"ARF"},{"title":"18","coords":"444,201,569,231","shape":"rect","indicator":"none","value":"ARH"}]}},"field":{"code":{"presentation":"image","columns":"4"}}},"defaultValue":{"code":""},"fid":"anamnese_og_selvregistrering/seksuell_aktivitet/seksualpartner/seksuell_kontakt/kontakttype"},{"name":"Barrierebruk","localizedName":"Barrierebruk","rmType":"DV_CODED_TEXT","nodeId":"at0020","min":0,"max":1,"localizedNames":{"nb":"Barrierebruk"},"localizedDescriptions":{"nb":"*"},"aqlPath":"/content[openEHR-EHR-OBSERVATION.sexual_activity.v1]/data[at0001]/events[at0007]/data[at0003]/items[openEHR-EHR-CLUSTER.sexual_partner.v1]/items[openEHR-EHR-CLUSTER.sexual_contact.v1]/items[at0020]/value","inputs":[{"suffix":"code","type":"CODED_TEXT","list":[{"value":"at0021","label":"Aldri","localizedLabels":{"nb":"Aldri"},"localizedDescriptions":{"nb":"*"}},{"value":"at0022","label":"Av og til","localizedLabels":{"nb":"Av og til"},"localizedDescriptions":{"nb":"*"}},{"value":"at0023","label":"Ofte","localizedLabels":{"nb":"Ofte"},"localizedDescriptions":{"nb":"*"}},{"value":"at0024","label":"Alltid","localizedLabels":{"nb":"Alltid"},"localizedDescriptions":{"nb":"*"}}]}],"formId":"anamnese_og_selvregistrering/seksuell_aktivitet/seksualpartner/seksuell_kontakt/barrierebruk","viewConfig":{"label":{"custom":false,"value":"","useLocalizations":false,"localizationsList":{}},"advanced":{"hidden":false,"readonly":false},"multiplicity":{"min":"0","max":"1"},"size":{"field":"inherit","label":"inherit","fill":"inherit"},"layout":{"label":{"valign":"middle","align":"left"},"field":{"valign":"inherit","align":"inherit"}},"tags":["showasradios"],"datasource":{"loadRemote":false,"loadRemoteUrl":"","terminology":""},"field":{"code":{"presentation":"combobox"}}},"defaultValue":{"code":""},"fid":"anamnese_og_selvregistrering/seksuell_aktivitet/seksualpartner/seksuell_kontakt/barrierebruk"},{"name":"Barrieretype","localizedName":"Barrieretype","rmType":"DV_CODED_TEXT","nodeId":"at0013","min":0,"max":1,"localizedNames":{"nb":"Barrieretype"},"localizedDescriptions":{"nb":"*"},"aqlPath":"/content[openEHR-EHR-OBSERVATION.sexual_activity.v1]/data[at0001]/events[at0007]/data[at0003]/items[openEHR-EHR-CLUSTER.sexual_partner.v1]/items[openEHR-EHR-CLUSTER.sexual_contact.v1]/items[at0013]/value","inputs":[{"suffix":"code","type":"CODED_TEXT","list":[{"value":"at0014","label":"Kondom","localizedLabels":{"nb":"Kondom"},"localizedDescriptions":{"nb":"*"}},{"value":"at0015","label":"Slikkelapp","localizedLabels":{"nb":"Slikkelapp"},"localizedDescriptions":{"nb":"*"}},{"value":"at0016","label":"Femidom","localizedLabels":{"nb":"Femidom"},"localizedDescriptions":{"nb":"*"}},{"value":"at0017","label":"Hanske","localizedLabels":{"nb":"Hanske"},"localizedDescriptions":{"nb":"*"}},{"value":"at0018","label":"Annen","localizedLabels":{"nb":"Annen"},"localizedDescriptions":{"nb":"*"}}]}],"formId":"anamnese_og_selvregistrering/seksuell_aktivitet/seksualpartner/seksuell_kontakt/barrieretype","viewConfig":{"label":{"custom":false,"value":"","useLocalizations":false,"localizationsList":{}},"advanced":{"hidden":false,"readonly":false},"multiplicity":{"min":"0","max":"1"},"size":{"field":"inherit","label":"inherit","fill":"inherit"},"layout":{"label":{"valign":"middle","align":"left"},"field":{"valign":"inherit","align":"inherit"}},"tags":["showasradios"],"datasource":{"loadRemote":false,"loadRemoteUrl":"","terminology":""},"field":{"code":{"presentation":"combobox"}}},"defaultValue":{"code":""},"fid":"anamnese_og_selvregistrering/seksuell_aktivitet/seksualpartner/seksuell_kontakt/barrieretype"},{"name":"Slimhinne eksponert for sæd","localizedName":"Slimhinne eksponert for sæd","rmType":"DV_CODED_TEXT","nodeId":"at0026","min":0,"max":1,"localizedNames":{"nb":"Slimhinne eksponert for sæd"},"localizedDescriptions":{"nb":"*"},"aqlPath":"/content[openEHR-EHR-OBSERVATION.sexual_activity.v1]/data[at0001]/events[at0007]/data[at0003]/items[openEHR-EHR-CLUSTER.sexual_partner.v1]/items[openEHR-EHR-CLUSTER.sexual_contact.v1]/items[at0026]/value","inputs":[{"suffix":"code","type":"CODED_TEXT","list":[{"value":"at0027","label":"Ja","localizedLabels":{"nb":"Ja"},"localizedDescriptions":{"nb":"*"}},{"value":"at0028","label":"Nei","localizedLabels":{"nb":"Nei"},"localizedDescriptions":{"nb":"*"}},{"value":"at0029","label":"Usikker","localizedLabels":{"nb":"Usikker"},"localizedDescriptions":{"nb":"*"}}]}],"formId":"anamnese_og_selvregistrering/seksuell_aktivitet/seksualpartner/seksuell_kontakt/slimhinne_eksponert_for_sæd","viewConfig":{"label":{"custom":false,"value":"","useLocalizations":false,"localizationsList":{}},"advanced":{"hidden":false,"readonly":false},"multiplicity":{"min":"0","max":"1"},"size":{"field":"inherit","label":"inherit","fill":"inherit"},"layout":{"label":{"valign":"middle","align":"left"},"field":{"valign":"inherit","align":"inherit"}},"tags":["showasradios"],"datasource":{"loadRemote":false,"loadRemoteUrl":"","terminology":""},"annotations":{"description":"Har pasienten fått sæd i munn, anus eller vagina?"},"field":{"code":{"presentation":"combobox"}}},"defaultValue":{"code":""},"fid":"anamnese_og_selvregistrering/seksuell_aktivitet/seksualpartner/seksuell_kontakt/slimhinne_eksponert_for_sæd"}]}]}],"viewConfig":{"label":{"custom":true,"value":"Detaljer siste 6 mndr","useLocalizations":true,"localizationsList":{"nb":"Detaljer siste 6 mndr"}},"advanced":{"hidden":false,"readonly":false,"render":false},"multiplicity":{"min":"0","max":"1"},"size":{"field":"inherit","label":"inherit","fill":"inherit"},"layout":{"label":{"valign":"inherit","align":"inherit"},"field":{"valign":"inherit","align":"inherit"}},"tags":["hidelabel"],"field":{}}},{"name":"Seksualhistorie","localizedName":"Seksualhistorie","rmType":"EVALUATION","nodeId":"openEHR-EHR-EVALUATION.sexual_history.v1","min":0,"max":1,"localizedNames":{"nb":"Seksuelt overførbare infeksjoner (SOI)"},"localizedDescriptions":{"nb":"unknown"},"aqlPath":"/content[openEHR-EHR-EVALUATION.sexual_history.v1,'Seksualhistorie']","fid":"anamnese_og_selvregistrering/seksualhistorie","formId":"anamnese_og_selvregistrering/seksualhistorie","inputs":[{"type":"TEXT"}],"children":[{"name":"Alder ved seksuell debut","localizedName":"Alder ved seksuell debut","rmType":"DV_QUANTITY","nodeId":"at0003","min":0,"max":1,"localizedNames":{"nb":"Alder ved seksuell debut"},"localizedDescriptions":{"nb":"*"},"aqlPath":"/content[openEHR-EHR-EVALUATION.sexual_history.v1,'Seksualhistorie']/data[at0001]/items[at0003]/value","inputs":[{"suffix":"magnitude","type":"DECIMAL","validation":{"precision":{"minOp":">=","min":0,"maxOp":"<=","max":0}}},{"suffix":"unit","type":"CODED_TEXT","list":[{"value":"a","label":"a","validation":{"precision":{"minOp":">=","min":0,"maxOp":"<=","max":0}}}]}],"formId":"anamnese_og_selvregistrering/seksualhistorie/alder_ved_seksuell_debut","viewConfig":{"field":{"magnitude":{"presentation":"combobox"}},"label":{"custom":false,"value":"","useLocalizations":false,"localizationsList":{}},"advanced":{"hidden":false,"readonly":false},"multiplicity":{"min":"0","max":"1"},"size":{"field":"inherit","label":"inherit","fill":"inherit"},"layout":{"label":{"valign":"inherit","align":"inherit"},"field":{"valign":"inherit","align":"inherit"}},"tags":[],"datasource":{"loadRemote":false,"loadRemoteUrl":"","terminology":""}},"defaultValue":{"unit":"a"},"fid":"anamnese_og_selvregistrering/seksualhistorie/alder_ved_seksuell_debut"},{"name":"Kjønn pasienten har hatt sex med","localizedName":"Kjønn pasienten har hatt sex med","rmType":"DV_CODED_TEXT","nodeId":"at0004","min":0,"max":-1,"localizedNames":{"nb":"Kjønn pasienten har hatt sex med"},"localizedDescriptions":{"nb":"*"},"aqlPath":"/content[openEHR-EHR-EVALUATION.sexual_history.v1,'Seksualhistorie']/data[at0001]/items[at0004]/value","inputs":[{"suffix":"code","type":"CODED_TEXT","list":[{"value":"AP1","label":"Menn","localizedLabels":{"nb":"Menn"}},{"value":"AP3","label":"Kvinner","localizedLabels":{"nb":"Kvinner"}},{"value":"AP4","label":"Trans","localizedLabels":{"nb":"Trans"}},{"value":"AP6","label":"Transkvinner","localizedLabels":{"nb":"Transkvinner"}},{"value":"AP8","label":"Transmenn","localizedLabels":{"nb":"Transmenn"}}],"terminology":"Olafia"}],"formId":"anamnese_og_selvregistrering/seksualhistorie/kjønn_pasienten_har_hatt_sex_med","viewConfig":{"label":{"custom":false,"value":"","useLocalizations":false,"localizationsList":{}},"advanced":{"hidden":false,"readonly":false},"multiplicity":{"min":"0","max":"100"},"size":{"field":"inherit","label":"inherit","fill":"inherit"},"layout":{"label":{"valign":"inherit","align":"inherit"},"field":{"valign":"inherit","align":"inherit"}},"tags":["showasmulticombobox"],"datasource":{"loadRemote":false,"loadRemoteUrl":"","terminology":""},"field":{"code":{"presentation":"combobox"}}},"defaultValue":{"code":""},"fid":"anamnese_og_selvregistrering/seksualhistorie/kjønn_pasienten_har_hatt_sex_med"},{"name":"Beskrivelse til kjønn pas har hatt sex med","localizedName":"Beskrivelse til kjønn pas har hatt sex med","rmType":"DV_TEXT","nodeId":"at0012","min":0,"max":1,"localizedNames":{"nb":"Beskrivelse til kjønn pas har hatt sex med"},"localizedDescriptions":{"nb":"*"},"aqlPath":"/content[openEHR-EHR-EVALUATION.sexual_history.v1,'Seksualhistorie']/data[at0001]/items[at0012]/value","inputs":[{"type":"TEXT"}],"formId":"anamnese_og_selvregistrering/seksualhistorie/beskrivelse_til_kjønn_pas_har_hatt_sex_med","viewConfig":{"label":{"custom":true,"value":"Beskrivelse til kjønn pas. har hatt sex med","useLocalizations":true,"localizationsList":{"nb":"Beskrivelse til kjønn pas. har hatt sex med"}},"advanced":{"hidden":false,"readonly":false},"multiplicity":{"min":"0","max":"1"},"size":{"field":"inherit","label":"inherit","fill":"inherit"},"layout":{"label":{"valign":"inherit","align":"inherit"},"field":{"valign":"inherit","align":"inherit"}},"tags":[],"datasource":{"loadRemote":false,"loadRemoteUrl":"","terminology":""},"field":{"input":{"presentation":"textfield"}}},"defaultValue":{"value":""},"fid":"anamnese_og_selvregistrering/seksualhistorie/beskrivelse_til_kjønn_pas_har_hatt_sex_med"}],"viewConfig":{"label":{"custom":true,"value":"Seksuelt overførbare infeksjoner (SOI)","useLocalizations":true,"localizationsList":{"nb":"Seksuelt overførbare infeksjoner (SOI)"}},"advanced":{"hidden":false,"readonly":false,"render":false},"multiplicity":{"min":"1","max":"1"},"size":{"field":"inherit","label":"inherit","fill":"inherit"},"layout":{"label":{"valign":"inherit","align":"inherit"},"field":{"valign":"inherit","align":"inherit"}},"tags":[],"field":{}}},{"localizedName":"Fieldset","localizedNames":{"nb":"SOI sammendrag"},"min":0,"max":-1,"name":"Fieldset","rmType":"GENERIC_FIELDSET","fid":"generic-field-28927","inputs":[{"type":"TEXT"}],"formId":"generic-field-28927","children":[{"name":"Tidligere testet for seksuelt overførbare sykdommer (SOI)?","localizedName":"Tidligere testet for seksuelt overførbare sykdommer (SOI)?","rmType":"DV_CODED_TEXT","nodeId":"at0014","min":0,"max":1,"localizedNames":{"nb":"Tidligere testet for seksuelt overførbare sykdommer (SOI)?"},"localizedDescriptions":{"nb":"*"},"aqlPath":"/content[openEHR-EHR-EVALUATION.sti_summary.v1]/data[at0001]/items[at0014]/value","inputs":[{"suffix":"code","type":"CODED_TEXT","list":[{"value":"at0034","label":"Ja","localizedLabels":{"nb":"Ja"},"localizedDescriptions":{"nb":"*"}},{"value":"at0035","label":"Nei","localizedLabels":{"nb":"Nei"},"localizedDescriptions":{"nb":"*"}},{"value":"at0036","label":"Usikker","localizedLabels":{"nb":"Usikker"},"localizedDescriptions":{"nb":"*"}}]}],"formId":"anamnese_og_selvregistrering/soi-sammendrag/tidligere_testet_for_seksuelt_overførbare_sykdommer_soi","viewConfig":{"label":{"custom":true,"value":"Har pasienten blitt testet for SOI tidligere?","useLocalizations":true,"localizationsList":{"nb":"Har pasienten blitt testet for SOI tidligere?"}},"advanced":{"hidden":false,"readonly":false},"multiplicity":{"min":"0","max":"1"},"size":{"field":"inherit","label":"inherit","fill":"inherit"},"layout":{"label":{"valign":"middle","align":"left"},"field":{"valign":"inherit","align":"inherit"}},"tags":["showasradios"],"datasource":{"loadRemote":false,"loadRemoteUrl":"","terminology":""},"field":{"code":{"presentation":"combobox"}}},"defaultValue":{"code":""},"fid":"anamnese_og_selvregistrering/soi-sammendrag/tidligere_testet_for_seksuelt_overførbare_sykdommer_soi"},{"name":"Tidligere SOI?","localizedName":"Tidligere SOI?","rmType":"DV_CODED_TEXT","nodeId":"at0002","min":0,"max":1,"localizedNames":{"nb":"Tidligere SOI?"},"localizedDescriptions":{"nb":"*"},"aqlPath":"/content[openEHR-EHR-EVALUATION.sti_summary.v1]/data[at0001]/items[at0002]/value","inputs":[{"suffix":"code","type":"CODED_TEXT","list":[{"value":"at0003","label":"Ja","localizedLabels":{"nb":"Ja"},"localizedDescriptions":{"nb":"*"}},{"value":"at0004","label":"Nei","localizedLabels":{"nb":"Nei"},"localizedDescriptions":{"nb":"*"}},{"value":"at0005","label":"Usikker","localizedLabels":{"nb":"Usikker"},"localizedDescriptions":{"nb":"*"}}]}],"formId":"anamnese_og_selvregistrering/soi-sammendrag/tidligere_soi","viewConfig":{"label":{"custom":true,"value":"Har pasienten tidligere fått påvist SOI?","useLocalizations":true,"localizationsList":{"nb":"Har pasienten tidligere fått påvist SOI?"}},"advanced":{"hidden":false,"readonly":false},"multiplicity":{"min":"0","max":"1"},"size":{"field":"inherit","label":"inherit","fill":"inherit"},"layout":{"label":{"valign":"middle","align":"left"},"field":{"valign":"inherit","align":"inherit"}},"tags":["showasradios"],"datasource":{"loadRemote":false,"loadRemoteUrl":"","terminology":""},"field":{"code":{"presentation":"combobox"}}},"defaultValue":{"code":""},"fid":"anamnese_og_selvregistrering/soi-sammendrag/tidligere_soi"},{"name":"Hvilke typer SOI?","localizedName":"Hvilke typer SOI?","rmType":"DV_CODED_TEXT","nodeId":"at0007","min":0,"max":-1,"localizedNames":{"nb":"Hvilke typer SOI?"},"localizedDescriptions":{"nb":"*"},"aqlPath":"/content[openEHR-EHR-EVALUATION.sti_summary.v1]/data[at0001]/items[at0007]/value","inputs":[{"suffix":"code","type":"CODED_TEXT","list":[{"value":"CV01","label":"Klamydia","localizedLabels":{"nb":"Klamydia"}},{"value":"CV02","label":"Gonoré","localizedLabels":{"nb":"Gonoré"}},{"value":"CV03","label":"Herpes","localizedLabels":{"nb":"Herpes"}},{"value":"CV04","label":"Mykoplasma","localizedLabels":{"nb":"Mykoplasma"}},{"value":"CV05","label":"Genitale vorter","localizedLabels":{"nb":"Genitale vorter"}},{"value":"CV06","label":"HIV","localizedLabels":{"nb":"HIV"}},{"value":"CV07","label":"Syfilis","localizedLabels":{"nb":"Syfilis"}},{"value":"CV08","label":"Hepatitt","localizedLabels":{"nb":"Hepatitt"}},{"value":"CV09","label":"Annen","localizedLabels":{"nb":"Annen"}}],"terminology":"Olafia"}],"formId":"anamnese_og_selvregistrering/soi-sammendrag/hvilke_typer_soi","viewConfig":{"label":{"custom":true,"value":"Hvilke(n) type(r) SOI har pas. tidligere fått påvist?","useLocalizations":true,"localizationsList":{"nb":"Hvilke(n) type(r) SOI har pas. tidligere fått påvist?"}},"advanced":{"hidden":false,"readonly":false},"multiplicity":{"min":"0","max":"100"},"size":{"field":"inherit","label":"inherit","fill":"inherit"},"layout":{"label":{"valign":"inherit","align":"inherit"},"field":{"valign":"inherit","align":"inherit"}},"tags":["showasmulticombobox"],"datasource":{"loadRemote":false,"loadRemoteUrl":"","terminology":""},"field":{"code":{"presentation":"combobox"}}},"defaultValue":{"code":""},"fid":"anamnese_og_selvregistrering/soi-sammendrag/hvilke_typer_soi"},{"name":"Klamydia","localizedName":"Klamydia","rmType":"DV_COUNT","nodeId":"at0046","min":0,"max":1,"localizedNames":{"nb":"Klamydia"},"localizedDescriptions":{"nb":"*"},"aqlPath":"/content[openEHR-EHR-EVALUATION.sti_summary.v1]/data[at0001]/items[at0046]/value","inputs":[{"type":"INTEGER"}],"formId":"anamnese_og_selvregistrering/soi-sammendrag/klamydia","viewConfig":{"label":{"custom":true,"value":"Antall klamydiainfeksjoner","useLocalizations":true,"localizationsList":{"nb":"Antall klamydiainfeksjoner"}},"advanced":{"hidden":true,"readonly":false},"multiplicity":{"min":"0","max":"1"},"size":{"field":"inherit","label":"inherit","fill":"inherit"},"layout":{"label":{"valign":"inherit","align":"inherit"},"field":{"valign":"inherit","align":"inherit"}},"tags":[],"datasource":{"loadRemote":false,"loadRemoteUrl":"","terminology":""},"field":{}},"defaultValue":{},"fid":"anamnese_og_selvregistrering/soi-sammendrag/klamydia"},{"name":"Gonoré","localizedName":"Gonoré","rmType":"DV_COUNT","nodeId":"at0047","min":0,"max":1,"localizedNames":{"nb":"Gonoré"},"localizedDescriptions":{"nb":"*"},"aqlPath":"/content[openEHR-EHR-EVALUATION.sti_summary.v1]/data[at0001]/items[at0047]/value","inputs":[{"type":"INTEGER"}],"formId":"anamnese_og_selvregistrering/soi-sammendrag/gonoré","viewConfig":{"label":{"custom":true,"value":"Antall gonoréinfeksjoner","useLocalizations":true,"localizationsList":{"nb":"Antall gonoréinfeksjoner"}},"advanced":{"hidden":true,"readonly":false},"multiplicity":{"min":"0","max":"1"},"size":{"field":"inherit","label":"inherit","fill":"inherit"},"layout":{"label":{"valign":"inherit","align":"inherit"},"field":{"valign":"inherit","align":"inherit"}},"tags":[],"datasource":{"loadRemote":false,"loadRemoteUrl":"","terminology":""},"field":{}},"defaultValue":{},"fid":"anamnese_og_selvregistrering/soi-sammendrag/gonoré"},{"name":"Mykoplasma","localizedName":"Mykoplasma","rmType":"DV_COUNT","nodeId":"at0048","min":0,"max":1,"localizedNames":{"nb":"Mykoplasma"},"localizedDescriptions":{"nb":"*"},"aqlPath":"/content[openEHR-EHR-EVALUATION.sti_summary.v1]/data[at0001]/items[at0048]/value","inputs":[{"type":"INTEGER"}],"formId":"anamnese_og_selvregistrering/soi-sammendrag/mykoplasma","viewConfig":{"label":{"custom":true,"value":"Antall mykoplasmainfeksjoner","useLocalizations":true,"localizationsList":{"nb":"Antall mykoplasmainfeksjoner"}},"advanced":{"hidden":true,"readonly":false},"multiplicity":{"min":"0","max":"1"},"size":{"field":"inherit","label":"inherit","fill":"inherit"},"layout":{"label":{"valign":"top","align":"top"},"field":{"valign":"inherit","align":"inherit"}},"tags":[],"datasource":{"loadRemote":false,"loadRemoteUrl":"","terminology":""},"field":{}},"defaultValue":{},"fid":"anamnese_og_selvregistrering/soi-sammendrag/mykoplasma"},{"name":"Hvis annen, spesifiser","localizedName":"Hvis annen, spesifiser","rmType":"DV_TEXT","nodeId":"at0025","min":0,"max":1,"localizedNames":{"nb":"Hvis annen, spesifiser"},"localizedDescriptions":{"nb":"*"},"aqlPath":"/content[openEHR-EHR-EVALUATION.sti_summary.v1]/data[at0001]/items[at0025]/value","inputs":[{"type":"TEXT"}],"fid":"anamnese_og_selvregistrering/soi-sammendrag/hvis_annen_spesifiser","formId":"anamnese_og_selvregistrering/soi-sammendrag/hvis_annen_spesifiser","viewConfig":{"label":{"custom":false,"value":"","useLocalizations":false,"localizationsList":{}},"advanced":{"hidden":true,"readonly":false},"multiplicity":{"min":"0","max":"1"},"size":{"field":"inherit","label":"inherit","fill":"inherit"},"layout":{"label":{"valign":"inherit","align":"inherit"},"field":{"valign":"inherit","align":"inherit"}},"tags":[],"datasource":{"loadRemote":false,"loadRemoteUrl":"","terminology":""},"field":{"input":{"presentation":"textfield"}}},"defaultValue":{"value":""}},{"name":"Infeksjon","localizedName":"Infeksjon","rmType":"CLUSTER","nodeId":"at0006","min":0,"max":-1,"localizedNames":{"nb":"Detaljer om infeksjonen(e)"},"localizedDescriptions":{"nb":"*"},"aqlPath":"/content[openEHR-EHR-EVALUATION.sti_summary.v1]/data[at0001]/items[at0006]","formId":"anamnese_og_selvregistrering/soi-sammendrag/infeksjon","viewConfig":{"label":{"custom":true,"value":"Detaljer om infeksjonen(e)","useLocalizations":true,"localizationsList":{"nb":"Detaljer om infeksjonen(e)"}},"advanced":{"hidden":false,"readonly":false,"render":true},"multiplicity":{"min":"0","max":"100"},"size":{"field":"inherit","label":"inherit","fill":"inherit"},"layout":{"label":{"valign":"inherit","align":"inherit"},"field":{"valign":"inherit","align":"inherit"}},"tags":["showasmasterdetail"],"field":{},"annotations":{"AlertType":"Note"},"datasource":{"loadRemote":false,"loadRemoteUrl":"","terminology":""}},"fid":"anamnese_og_selvregistrering/soi-sammendrag/infeksjon","inputs":[{"type":"TEXT"}],"children":[{"name":"Type SOI","localizedName":"Type SOI","rmType":"DV_CODED_TEXT","nodeId":"at0045","min":0,"max":1,"localizedNames":{"nb":"Type SOI"},"localizedDescriptions":{"nb":"*"},"aqlPath":"/content[openEHR-EHR-EVALUATION.sti_summary.v1]/data[at0001]/items[at0006]/items[at0045]/value","inputs":[{"suffix":"code","type":"CODED_TEXT","list":[{"value":"CD01","label":"Klamydia","localizedLabels":{"nb":"Klamydia"}},{"value":"CD02","label":"Gonoré","localizedLabels":{"nb":"Gonoré"}},{"value":"CD03","label":"Herpes","localizedLabels":{"nb":"Herpes"}},{"value":"CD04","label":"Mykoplasma","localizedLabels":{"nb":"Mykoplasma"}},{"value":"CD05","label":"Genitale vorter","localizedLabels":{"nb":"Genitale vorter"}},{"value":"CD06","label":"HIV","localizedLabels":{"nb":"HIV"}},{"value":"CD07","label":"Syfilis","localizedLabels":{"nb":"Syfilis"}},{"value":"CD08","label":"Hepatitt","localizedLabels":{"nb":"Hepatitt"}},{"value":"CD09","label":"Annen","localizedLabels":{"nb":"Annen"}}],"terminology":"Olafia"}],"formId":"anamnese_og_selvregistrering/soi-sammendrag/infeksjon/type_soi","viewConfig":{"label":{"custom":false,"value":"","useLocalizations":false,"localizationsList":{}},"advanced":{"hidden":false,"readonly":false},"multiplicity":{"min":"0","max":"1"},"size":{"field":"inherit","label":"inherit","fill":"inherit"},"layout":{"label":{"valign":"inherit","align":"inherit"},"field":{"valign":"inherit","align":"inherit"}},"tags":["showasradios","includeinmasterdetail"],"datasource":{"loadRemote":false,"loadRemoteUrl":"","terminology":""},"field":{"code":{"presentation":"combobox"}}},"defaultValue":{"code":""},"fid":"anamnese_og_selvregistrering/soi-sammendrag/infeksjon/type_soi"},{"name":"Hvis annen, spesifiser","localizedName":"Hvis annen, spesifiser","rmType":"DV_TEXT","nodeId":"at0032","min":0,"max":1,"localizedNames":{"nb":"Hvis annen, spesifiser"},"localizedDescriptions":{"nb":"*"},"aqlPath":"/content[openEHR-EHR-EVALUATION.sti_summary.v1]/data[at0001]/items[at0006]/items[at0032]/value","inputs":[{"type":"TEXT"}],"formId":"anamnese_og_selvregistrering/soi-sammendrag/infeksjon/hvis_annen_spesifiser","viewConfig":{"label":{"custom":false,"value":"","useLocalizations":true,"localizationsList":{"nb":"Hvis annen, spesifiser"}},"advanced":{"hidden":true,"readonly":false},"multiplicity":{"min":"0","max":"1"},"size":{"field":"inherit","label":"inherit","fill":"inherit"},"layout":{"label":{"valign":"inherit","align":"inherit"},"field":{"valign":"inherit","align":"inherit"}},"tags":[],"datasource":{"loadRemote":false,"loadRemoteUrl":"","terminology":""},"field":{"input":{"presentation":"textfield"}}},"defaultValue":{"value":""},"fid":"anamnese_og_selvregistrering/soi-sammendrag/infeksjon/hvis_annen_spesifiser"},{"name":"Behandling","localizedName":"Behandling","rmType":"DV_TEXT","nodeId":"at0013","min":0,"max":1,"localizedNames":{"nb":"Behandling"},"localizedDescriptions":{"nb":"*"},"aqlPath":"/content[openEHR-EHR-EVALUATION.sti_summary.v1]/data[at0001]/items[at0006]/items[at0013]/value","inputs":[{"type":"TEXT"}],"defaultValue":{"value":"Når: Type behandling:"},"formId":"anamnese_og_selvregistrering/soi-sammendrag/infeksjon/behandling","viewConfig":{"label":{"custom":true,"value":"Utfyllende opplysninger om behandling:","useLocalizations":true,"localizationsList":{"nb":"Utfyllende opplysninger om behandling:"}},"advanced":{"hidden":false,"readonly":false},"multiplicity":{"min":"0","max":"1"},"size":{"field":"inherit","label":"inherit","fill":"inherit"},"layout":{"label":{"valign":"inherit","align":"inherit"},"field":{"valign":"inherit","align":"inherit"}},"tags":[],"datasource":{"loadRemote":false,"loadRemoteUrl":"","terminology":""},"field":{"input":{"presentation":"textfield"}}},"fid":"anamnese_og_selvregistrering/soi-sammendrag/infeksjon/behandling"},{"name":"Behandling av partner","localizedName":"Behandling av partner","rmType":"DV_CODED_TEXT","nodeId":"at0041","min":0,"max":1,"localizedNames":{"nb":"Behandling av partner"},"localizedDescriptions":{"nb":"*"},"aqlPath":"/content[openEHR-EHR-EVALUATION.sti_summary.v1]/data[at0001]/items[at0006]/items[at0041]/value","inputs":[{"suffix":"code","type":"CODED_TEXT","list":[{"value":"at0042","label":"Ja","localizedLabels":{"nb":"Ja"},"localizedDescriptions":{"nb":"*"}},{"value":"at0043","label":"Nei","localizedLabels":{"nb":"Nei"},"localizedDescriptions":{"nb":"*"}},{"value":"at0044","label":"Usikker","localizedLabels":{"nb":"Usikker"},"localizedDescriptions":{"nb":"*"}}]}],"formId":"anamnese_og_selvregistrering/soi-sammendrag/infeksjon/behandling_av_partner","viewConfig":{"label":{"custom":false,"value":"","useLocalizations":true,"localizationsList":{"nb":"Behandling av partner"}},"advanced":{"hidden":false,"readonly":false},"multiplicity":{"min":"0","max":"1"},"size":{"field":"inherit","label":"inherit","fill":"inherit"},"layout":{"label":{"valign":"inherit","align":"inherit"},"field":{"valign":"inherit","align":"inherit"}},"tags":["showasradios"],"datasource":{"loadRemote":false,"loadRemoteUrl":"","terminology":""},"field":{"code":{"presentation":"combobox"}}},"defaultValue":{"code":""},"fid":"anamnese_og_selvregistrering/soi-sammendrag/infeksjon/behandling_av_partner"},{"name":"Diagnostisert av","localizedName":"Diagnostisert av","rmType":"DV_CODED_TEXT","nodeId":"at0011","min":0,"max":1,"localizedNames":{"nb":"Diagnostisert av"},"localizedDescriptions":{"nb":"*"},"aqlPath":"/content[openEHR-EHR-EVALUATION.sti_summary.v1]/data[at0001]/items[at0006]/items[at0011]/value","inputs":[{"suffix":"code","type":"CODED_TEXT","list":[{"value":"at0029","label":"Pasienten selv","localizedLabels":{"nb":"Pasienten selv"},"localizedDescriptions":{"nb":"*"}},{"value":"at0030","label":"Helsearbeider","localizedLabels":{"nb":"Helsearbeider"},"localizedDescriptions":{"nb":"*"}},{"value":"at0031","label":"Annen","localizedLabels":{"nb":"Annen"},"localizedDescriptions":{"nb":"*"}}]}],"formId":"anamnese_og_selvregistrering/soi-sammendrag/infeksjon/diagnostisert_av","viewConfig":{"label":{"custom":false,"value":"","useLocalizations":false,"localizationsList":{}},"advanced":{"hidden":false,"readonly":false},"multiplicity":{"min":"0","max":"1"},"size":{"field":"inherit","label":"inherit","fill":"inherit"},"layout":{"label":{"valign":"inherit","align":"inherit"},"field":{"valign":"inherit","align":"inherit"}},"tags":["showasradios"],"datasource":{"loadRemote":false,"loadRemoteUrl":"","terminology":""},"field":{"code":{"presentation":"combobox"}}},"defaultValue":{"code":""},"fid":"anamnese_og_selvregistrering/soi-sammendrag/infeksjon/diagnostisert_av"},{"name":"Grad av sikkerhet","localizedName":"Grad av sikkerhet","rmType":"DV_CODED_TEXT","nodeId":"at0010","min":0,"max":1,"localizedNames":{"nb":"Grad av sikkerhet"},"localizedDescriptions":{"nb":"*"},"aqlPath":"/content[openEHR-EHR-EVALUATION.sti_summary.v1]/data[at0001]/items[at0006]/items[at0010]/value","inputs":[{"suffix":"code","type":"CODED_TEXT","list":[{"value":"BG1","label":"Lav","localizedLabels":{"nb":"Lav"}},{"value":"BG2","label":"Middels","localizedLabels":{"nb":"Middels"}},{"value":"BG3","label":"Høy","localizedLabels":{"nb":"Høy"}}],"terminology":"Olafia"}],"formId":"anamnese_og_selvregistrering/soi-sammendrag/infeksjon/grad_av_sikkerhet","viewConfig":{"label":{"custom":false,"value":"","useLocalizations":false,"localizationsList":{}},"advanced":{"hidden":false,"readonly":false},"multiplicity":{"min":"0","max":"1"},"size":{"field":"inherit","label":"inherit","fill":"inherit"},"layout":{"label":{"valign":"inherit","align":"inherit"},"field":{"valign":"inherit","align":"inherit"}},"tags":["showasradios"],"datasource":{"loadRemote":false,"loadRemoteUrl":"","terminology":""},"field":{"code":{"presentation":"combobox"}}},"defaultValue":{"code":""},"fid":"anamnese_og_selvregistrering/soi-sammendrag/infeksjon/grad_av_sikkerhet"},{"name":"Fullført behandling","localizedName":"Fullført behandling","rmType":"DV_CODED_TEXT","nodeId":"at0037","min":0,"max":1,"localizedNames":{"nb":"Fullført behandling"},"localizedDescriptions":{"nb":"*"},"aqlPath":"/content[openEHR-EHR-EVALUATION.sti_summary.v1]/data[at0001]/items[at0006]/items[at0037]/value","inputs":[{"suffix":"code","type":"CODED_TEXT","list":[{"value":"at0038","label":"Ja","localizedLabels":{"nb":"Ja"},"localizedDescriptions":{"nb":"*"}},{"value":"at0039","label":"Nei","localizedLabels":{"nb":"Nei"},"localizedDescriptions":{"nb":"*"}},{"value":"at0040","label":"Usikker","localizedLabels":{"nb":"Usikker"},"localizedDescriptions":{"nb":"*"}}]}],"formId":"anamnese_og_selvregistrering/soi-sammendrag/infeksjon/fullført_behandling","viewConfig":{"label":{"custom":false,"value":"","useLocalizations":false,"localizationsList":{}},"advanced":{"hidden":false,"readonly":false},"multiplicity":{"min":"0","max":"1"},"size":{"field":"inherit","label":"inherit","fill":"inherit"},"layout":{"label":{"valign":"inherit","align":"inherit"},"field":{"valign":"inherit","align":"inherit"}},"tags":["showasradios"],"datasource":{"loadRemote":false,"loadRemoteUrl":"","terminology":""},"field":{"code":{"presentation":"combobox"}}},"defaultValue":{"code":""},"fid":"anamnese_og_selvregistrering/soi-sammendrag/infeksjon/fullført_behandling"},{"name":"Resultat","localizedName":"Resultat","rmType":"DV_TEXT","nodeId":"at0015","min":0,"max":1,"localizedNames":{"nb":"Resultat"},"localizedDescriptions":{"nb":"*"},"aqlPath":"/content[openEHR-EHR-EVALUATION.sti_summary.v1]/data[at0001]/items[at0006]/items[at0015]/value","inputs":[{"type":"TEXT"}],"formId":"anamnese_og_selvregistrering/soi-sammendrag/infeksjon/resultat","viewConfig":{"size":{"field":"inherit","label":"inherit","fill":"inherit"},"layout":{"field":{"valign":"inherit","align":"inherit"}},"datasource":{"loadRemote":false,"loadRemoteUrl":"","terminology":""},"field":{"input":{"presentation":"textfield"}}},"defaultValue":{"value":""},"fid":"anamnese_og_selvregistrering/soi-sammendrag/infeksjon/resultat"}]}],"viewConfig":{"label":{"custom":true,"value":"SOI sammendrag","useLocalizations":true,"localizationsList":{"nb":"SOI sammendrag"}},"advanced":{"hidden":false,"readonly":false,"render":false},"multiplicity":{"min":"0","max":"1"},"size":{"field":"inherit","label":"inherit","fill":"inherit"},"layout":{"label":{"valign":"top","align":"top"},"field":{"valign":"inherit","align":"inherit"}},"tags":["hidelabel"],"field":{}}},{"localizedName":"Fieldset","localizedNames":{"nb":"Risiko for hepatitt  og HIV smitte"},"min":0,"max":-1,"name":"Fieldset","rmType":"GENERIC_FIELDSET","fid":"generic-field-25940","inputs":[{"type":"TEXT"}],"formId":"generic-field-25940","children":[{"name":"Har du tatt rusmiddel eller kroppsbyggermidler med sprøyte?","localizedName":"Har du tatt rusmiddel eller kroppsbyggermidler med sprøyte?","rmType":"DV_CODED_TEXT","nodeId":"at0001","min":0,"max":1,"localizedNames":{"nb":"Har du tatt rusmiddel eller kroppsbyggermidler med sprøyte?"},"localizedDescriptions":{"nb":"*"},"aqlPath":"/content[openEHR-EHR-OBSERVATION.story.v1]/data[at0001]/events[at0002]/data[at0003]/items[openEHR-EHR-CLUSTER.blood_borne_infection_risk.v1]/items[at0001]/value","inputs":[{"suffix":"code","type":"CODED_TEXT","list":[{"value":"at0002","label":"Ja","localizedLabels":{"nb":"Ja"},"localizedDescriptions":{"nb":"*"}},{"value":"at0003","label":"Nei","localizedLabels":{"nb":"Nei"},"localizedDescriptions":{"nb":"*"}},{"value":"at0004","label":"Usikker","localizedLabels":{"nb":"Usikker"},"localizedDescriptions":{"nb":"*"}}]}],"formId":"anamnese_og_selvregistrering/anamnese/blood_borne_infection_risk/har_du_tatt_rusmiddel_eller_kroppsbyggermidler_med_sprøyte","viewConfig":{"label":{"custom":true,"value":"Har pasienten tatt rusmiddel eller kroppsbyggermidler med sprøyte?","useLocalizations":true,"localizationsList":{"nb":"Har pasienten tatt rusmiddel eller kroppsbyggermidler med sprøyte?"}},"advanced":{"hidden":false,"readonly":false},"multiplicity":{"min":"0","max":"1"},"size":{"field":"inherit","label":"inherit","fill":"inherit"},"layout":{"label":{"valign":"inherit","align":"inherit"},"field":{"valign":"inherit","align":"inherit"}},"tags":["showasradios"],"datasource":{"loadRemote":false,"loadRemoteUrl":"","terminology":""},"field":{"code":{"presentation":"combobox"}}},"defaultValue":{"code":""},"fid":"anamnese_og_selvregistrering/anamnese/blood_borne_infection_risk/har_du_tatt_rusmiddel_eller_kroppsbyggermidler_med_sprøyte"},{"name":"Stukket deg på brukt sprøyte?","localizedName":"Stukket deg på brukt sprøyte?","rmType":"DV_CODED_TEXT","nodeId":"at0005","min":0,"max":1,"localizedNames":{"nb":"Stukket deg på brukt sprøyte?"},"localizedDescriptions":{"nb":"*"},"aqlPath":"/content[openEHR-EHR-OBSERVATION.story.v1]/data[at0001]/events[at0002]/data[at0003]/items[openEHR-EHR-CLUSTER.blood_borne_infection_risk.v1]/items[at0005]/value","inputs":[{"suffix":"code","type":"CODED_TEXT","list":[{"value":"at0010","label":"Ja","localizedLabels":{"nb":"Ja"},"localizedDescriptions":{"nb":"*"}},{"value":"at0011","label":"Nei","localizedLabels":{"nb":"Nei"},"localizedDescriptions":{"nb":"*"}},{"value":"at0012","label":"Usikker","localizedLabels":{"nb":"Usikker"},"localizedDescriptions":{"nb":"*"}}]}],"formId":"anamnese_og_selvregistrering/anamnese/blood_borne_infection_risk/stukket_deg_på_brukt_sprøyte","viewConfig":{"label":{"custom":true,"value":"Har pasienten stukket seg på brukt sprøyte?","useLocalizations":true,"localizationsList":{"nb":"Har pasienten stukket seg på brukt sprøyte?"}},"advanced":{"hidden":false,"readonly":false},"multiplicity":{"min":"0","max":"1"},"size":{"field":"inherit","label":"inherit","fill":"inherit"},"layout":{"label":{"valign":"inherit","align":"inherit"},"field":{"valign":"inherit","align":"inherit"}},"tags":["showasradios"],"datasource":{"loadRemote":false,"loadRemoteUrl":"","terminology":""},"field":{"code":{"presentation":"combobox"}}},"defaultValue":{"code":""},"fid":"anamnese_og_selvregistrering/anamnese/blood_borne_infection_risk/stukket_deg_på_brukt_sprøyte"},{"name":"Pasienten selv eller partner bodd i risikoområde for hepatitt eller HIV i mer enn 6 måneder?","localizedName":"Pasienten selv eller partner bodd i risikoområde for hepatitt eller HIV i mer enn 6 måneder?","rmType":"DV_CODED_TEXT","nodeId":"at0006","min":0,"max":1,"localizedNames":{"nb":"Pasienten selv eller partner bodd i risikoområde for hepatitt eller HIV i mer enn 6 måneder?"},"localizedDescriptions":{"nb":"*"},"aqlPath":"/content[openEHR-EHR-OBSERVATION.story.v1]/data[at0001]/events[at0002]/data[at0003]/items[openEHR-EHR-CLUSTER.blood_borne_infection_risk.v1]/items[at0006]/value","inputs":[{"suffix":"code","type":"CODED_TEXT","list":[{"value":"at0007","label":"Ja","localizedLabels":{"nb":"Ja"},"localizedDescriptions":{"nb":"*"}},{"value":"at0008","label":"Nei","localizedLabels":{"nb":"Nei"},"localizedDescriptions":{"nb":"*"}},{"value":"at0009","label":"Usikker","localizedLabels":{"nb":"Usikker"},"localizedDescriptions":{"nb":"*"}}]}],"formId":"anamnese_og_selvregistrering/anamnese/blood_borne_infection_risk/pasienten_selv_eller_partner_bodd_i_risikoområde_for_hepatitt_eller_hiv_i_mer_enn_6_måneder","viewConfig":{"label":{"custom":true,"value":"Har pasienten selv eller partner bodd i risikoområde for hepatitt eller HIV i mer enn 6 måneder?","useLocalizations":true,"localizationsList":{"nb":"Har pasienten selv eller partner bodd i risikoområde for hepatitt eller HIV i mer enn 6 måneder?"}},"advanced":{"hidden":false,"readonly":false},"multiplicity":{"min":"0","max":"1"},"size":{"field":"inherit","label":"inherit","fill":"inherit"},"layout":{"label":{"valign":"inherit","align":"inherit"},"field":{"valign":"inherit","align":"inherit"}},"tags":["showasradios"],"datasource":{"loadRemote":false,"loadRemoteUrl":"","terminology":""},"field":{"code":{"presentation":"combobox"}}},"defaultValue":{"code":""},"fid":"anamnese_og_selvregistrering/anamnese/blood_borne_infection_risk/pasienten_selv_eller_partner_bodd_i_risikoområde_for_hepatitt_eller_hiv_i_mer_enn_6_måneder"}],"viewConfig":{"label":{"custom":true,"value":"Risiko for hepatitt  og HIV smitte","useLocalizations":true,"localizationsList":{"nb":"Risiko for hepatitt  og HIV smitte"}},"advanced":{"hidden":false,"readonly":false,"render":false},"multiplicity":{"min":"0","max":"1"},"size":{"field":"inherit","label":"inherit","fill":"inherit"},"layout":{"label":{"valign":"top","align":"top"},"field":{"valign":"inherit","align":"inherit"}},"tags":["hidelabel"],"field":{}}},{"name":"Siste vannlating","localizedName":"Siste vannlating","rmType":"DV_DATE_TIME","nodeId":"at0005","min":0,"max":1,"localizedNames":{"nb":"Siste vannlating"},"localizedDescriptions":{"nb":"*"},"aqlPath":"/content[openEHR-EHR-OBSERVATION.story.v1]/data[at0001]/events[at0002]/data[at0003]/items[openEHR-EHR-CLUSTER.reported_body_functions.v1]/items[at0005]/value","inputs":[{"type":"DATETIME"}],"fid":"anamnese_og_selvregistrering/anamnese/naturlige_funksjoner/siste_vannlating","formId":"anamnese_og_selvregistrering/anamnese/naturlige_funksjoner/siste_vannlating","defaultValue":{"value":""},"viewConfig":{"label":{"custom":false,"value":"","useLocalizations":false,"localizationsList":{}},"advanced":{"hidden":false,"readonly":false},"multiplicity":{"min":"0","max":"1"},"size":{"field":"inherit","label":"inherit","fill":"inherit"},"layout":{"label":{"valign":"inherit","align":"inherit"},"field":{"valign":"inherit","align":"inherit"}},"tags":[],"datasource":{"loadRemote":false,"loadRemoteUrl":"","terminology":""},"field":{"input":{"dateFormat":"","hideDate":false,"hideTime":false}}}},{"localizedName":"Fieldset","localizedNames":{"nb":"Generelle tilleggsopplysninger"},"min":0,"max":-1,"name":"Fieldset","rmType":"GENERIC_FIELDSET","fid":"generic-field-13427","formId":"generic-field-13427","children":[{"name":"Anamnese","localizedName":"Anamnese","rmType":"DV_TEXT","nodeId":"at0004","min":0,"max":1,"localizedNames":{"nb":"Anamnese"},"localizedDescriptions":{"nb":"Narrativ beskrivelse av sykehistorie/anamnese."},"aqlPath":"/content[openEHR-EHR-OBSERVATION.story.v1]/data[at0001]/events[at0002]/data[at0003]/items[at0004]/value","inputs":[{"type":"TEXT"}],"fid":"anamnese_og_selvregistrering/anamnese/anamnese","formId":"anamnese_og_selvregistrering/anamnese/anamnese","viewConfig":{"label":{"custom":true,"value":"Beskriv","useLocalizations":true,"localizationsList":{"nb":"Beskriv"}},"advanced":{"hidden":false,"readonly":false},"multiplicity":{"min":"0","max":"1"},"size":{"field":"inherit","label":"inherit","fill":"inherit"},"layout":{"label":{"valign":"middle","align":"left"},"field":{"valign":"inherit","align":"inherit"}},"tags":[],"datasource":{"loadRemote":false,"loadRemoteUrl":"","terminology":""},"annotations":{},"field":{"input":{"presentation":"textfield"}}},"defaultValue":{"value":""}}],"viewConfig":{"label":{"custom":true,"value":"Generelle tilleggsopplysninger","useLocalizations":true,"localizationsList":{"nb":"Generelle tilleggsopplysninger"}},"advanced":{"hidden":false,"readonly":false,"render":false},"multiplicity":{"min":"0","max":"1"},"size":{"field":"inherit","label":"inherit","fill":"inherit"},"layout":{"label":{"valign":"inherit","align":"inherit"},"field":{"valign":"inherit","align":"inherit"}},"tags":[],"field":{}}}]}