{"formId":"form_root","name":"Form root","rmType":"FORM_DEFINITION","viewConfig":{"label":{"custom":false,"value":"","useLocalizations":false,"localizationsList":{}},"size":{"field":"inherit","label":"inherit","fill":"inherit"},"layout":{"valign":"inherit","align":"inherit"},"tags":[]},"language":"","templateLanguages":["nb"],"children":[{"localizedName":"Fieldset","localizedNames":{"nb":"Fieldset"},"min":"0","max":"1","name":"Fieldset","rmType":"GENERIC_FIELDSET","formId":"generic-field-81734","children":[{"name":"Vekt i dag","localizedName":"Vekt i dag","rmType":"DV_QUANTITY","nodeId":"at0004","min":"0","max":"1","localizedNames":{"nb":"Vekt i dag"},"localizedDescriptions":{"nb":"Et individs totale kroppsmasse."},"aqlPath":"/content[openEHR-EHR-OBSERVATION.body_weight.v1]/data[at0002]/events[at0003]/data[at0001]/items[at0004]/value","inputs":[{"suffix":"magnitude","type":"DECIMAL","validation":{"range":{"minOp":">=","min":0,"maxOp":"<","max":1000}}},{"suffix":"unit","type":"CODED_TEXT","list":[{"value":"kg","label":"kg","validation":{"range":{"minOp":">=","min":0,"maxOp":"<","max":1000}}}]}],"formId":"hv_ernaeringrisikovurdering/kroppsvekt/uspesifisert_hendelse/kroppsvekt","viewConfig":{"size":{"field":"inherit","label":"inherit","fill":"inherit"},"layout":{"label":{"valign":"inherit","align":"inherit"},"field":{"valign":"inherit","align":"inherit"}},"datasource":{"loadRemote":false,"loadRemoteUrl":"","terminology":""},"advanced":{"hidden":false,"readonly":false},"tags":[],"field":{"magnitude":{"presentation":"combobox"}},"annotations":{"calcid":"KV"}}},{"name":" 1 mnd siden","localizedName":" 1 mnd siden","rmType":"DV_QUANTITY","nodeId":"at0004","min":"0","max":"1","localizedNames":{"nb":" 1 mnd siden"},"localizedDescriptions":{"nb":"Et individs totale kroppsmasse."},"aqlPath":"/content[openEHR-EHR-OBSERVATION.body_weight.v1,'Kroppsvekt 1 mnd']/data[at0002]/events[at0003]/data[at0001]/items[at0004]/value","inputs":[{"suffix":"magnitude","type":"DECIMAL","validation":{"range":{"minOp":">=","min":0,"maxOp":"<","max":1000}}},{"suffix":"unit","type":"CODED_TEXT","list":[{"value":"kg","label":"kg","validation":{"range":{"minOp":">=","min":0,"maxOp":"<","max":1000}}}]}],"formId":"hv_ernaeringrisikovurdering/kroppsvekt_1_mnd/uspesifisert_hendelse/kroppsvekt","viewConfig":{"size":{"field":"inherit","label":"inherit","fill":"inherit"},"layout":{"label":{"valign":"inherit","align":"inherit"},"field":{"valign":"inherit","align":"inherit"}},"datasource":{"loadRemote":false,"loadRemoteUrl":"","terminology":""},"advanced":{"hidden":false,"readonly":false},"tags":[],"field":{"magnitude":{"presentation":"combobox"}},"annotations":{"calcId":"TV1"}}},{"name":"2 mnd siden","localizedName":"2 mnd siden","rmType":"DV_QUANTITY","nodeId":"at0004","min":"0","max":"1","localizedNames":{"nb":"2 mnd siden"},"localizedDescriptions":{"nb":"Et individs totale kroppsmasse."},"aqlPath":"/content[openEHR-EHR-OBSERVATION.body_weight.v1,'Kroppsvekt 2 mnd']/data[at0002]/events[at0003]/data[at0001]/items[at0004]/value","inputs":[{"suffix":"magnitude","type":"DECIMAL","validation":{"range":{"minOp":">=","min":0,"maxOp":"<","max":1000}}},{"suffix":"unit","type":"CODED_TEXT","list":[{"value":"kg","label":"kg","validation":{"range":{"minOp":">=","min":0,"maxOp":"<","max":1000}}}]}],"formId":"hv_ernaeringrisikovurdering/kroppsvekt_2_mnd/uspesifisert_hendelse/kroppsvekt","viewConfig":{"advanced":{"hidden":false,"readonly":false},"size":{"field":"inherit","label":"inherit","fill":"inherit"},"layout":{"label":{"valign":"inherit","align":"inherit"},"field":{"valign":"inherit","align":"inherit"}},"datasource":{"loadRemote":false,"loadRemoteUrl":"","terminology":""},"tags":[],"field":{"magnitude":{"presentation":"combobox"}},"annotations":{"calcId":"TV2"}}},{"name":"3 mnd siden","localizedName":"3 mnd siden","rmType":"DV_QUANTITY","nodeId":"at0004","min":"0","max":"1","localizedNames":{"nb":"3 mnd siden"},"localizedDescriptions":{"nb":"Et individs totale kroppsmasse."},"aqlPath":"/content[openEHR-EHR-OBSERVATION.body_weight.v1,'Kroppsvekt 3 mnd']/data[at0002]/events[at0003]/data[at0001]/items[at0004]/value","inputs":[{"suffix":"magnitude","type":"DECIMAL","validation":{"range":{"minOp":">=","min":0,"maxOp":"<","max":1000}}},{"suffix":"unit","type":"CODED_TEXT","list":[{"value":"kg","label":"kg","validation":{"range":{"minOp":">=","min":0,"maxOp":"<","max":1000}}}]}],"formId":"hv_ernaeringrisikovurdering/kroppsvekt_3_mnd/uspesifisert_hendelse/kroppsvekt","viewConfig":{"advanced":{"hidden":false,"readonly":false},"size":{"field":"inherit","label":"inherit","fill":"inherit"},"layout":{"label":{"valign":"inherit","align":"inherit"},"field":{"valign":"inherit","align":"inherit"}},"datasource":{"loadRemote":false,"loadRemoteUrl":"","terminology":""},"tags":[],"field":{"magnitude":{"presentation":"combobox"}},"annotations":{"calcId":"TV3"}}},{"name":"Høyde/lengde","localizedName":"Høyde/lengde","rmType":"DV_QUANTITY","nodeId":"at0004","min":0,"max":1,"localizedNames":{"nb":"Høyde/lengde"},"localizedDescriptions":{"nb":"Høyde/lengde fra isse til fotsåle."},"aqlPath":"/content[openEHR-EHR-OBSERVATION.height.v1]/data[at0001]/events[at0002]/data[at0003]/items[at0004]/value","inputs":[{"suffix":"magnitude","type":"DECIMAL","validation":{"range":{"minOp":">=","min":0,"maxOp":"<=","max":500}}},{"suffix":"unit","type":"CODED_TEXT","list":[{"value":"cm","label":"cm","validation":{"range":{"minOp":">=","min":0,"maxOp":"<=","max":500}}}],"defaultValue":"cm"}],"formId":"hv_ernaeringrisikovurdering/høyde_lengde/uspesifisert_hendelse/høyde_lengde","viewConfig":{"field":{"magnitude":{"presentation":"combobox"}},"size":{"field":"inherit","label":"inherit","fill":"inherit"},"layout":{"label":{"valign":"inherit","align":"inherit"},"field":{"valign":"inherit","align":"inherit"}},"datasource":{"loadRemote":false,"loadRemoteUrl":"","terminology":""},"annotations":{"calcid":"HL"}}},{"name":"Matinntak siste uken","localizedName":"Matinntak siste uken","rmType":"DV_CODED_TEXT","nodeId":"at0033","min":"0","max":"1","localizedNames":{"nb":"Matinntak siste uken"},"localizedDescriptions":{"nb":"Matinntak siste uken, på en skala fra 1-10, det pasienten vanligvis spiser når han/hun er frisk tilsvarer 10."},"aqlPath":"/content[openEHR-EHR-OBSERVATION.prosentvis_endring_av_vekt_og_matinntak.v3]/data[at0001]/events[at0002]/data[at0003]/items[at0007]/items[at0033]/value","inputs":[{"suffix":"code","type":"CODED_TEXT","list":[{"value":"at0035","label":"1","localizedLabels":{"nb":"1"},"localizedDescriptions":{"nb":"1"}},{"value":"at0036","label":"2","localizedLabels":{"nb":"2"},"localizedDescriptions":{"nb":"2"}},{"value":"at0037","label":"3","localizedLabels":{"nb":"3"},"localizedDescriptions":{"nb":"3"}},{"value":"at0038","label":"4","localizedLabels":{"nb":"4"},"localizedDescriptions":{"nb":"4"}},{"value":"at0039","label":"5","localizedLabels":{"nb":"5"},"localizedDescriptions":{"nb":"5"}},{"value":"at0040","label":"6","localizedLabels":{"nb":"6"},"localizedDescriptions":{"nb":"6"}},{"value":"at0041","label":"7","localizedLabels":{"nb":"7"},"localizedDescriptions":{"nb":"7"}},{"value":"at0042","label":"8","localizedLabels":{"nb":"8"},"localizedDescriptions":{"nb":"8"}},{"value":"at0043","label":"9","localizedLabels":{"nb":"9"},"localizedDescriptions":{"nb":"9"}},{"value":"at0044","label":"10","localizedLabels":{"nb":"10"},"localizedDescriptions":{"nb":"10"}}]}],"formId":"hv_ernaeringrisikovurdering/prosentvis_endring_av_vekt_og_matinntak/matinntak_endring/matinntak_siste_uken","viewConfig":{"advanced":{"hidden":false,"readonly":false,"render":false},"size":{"field":"large","label":"inherit","fill":"inherit"},"layout":{"label":{"valign":"inherit","align":"top"},"field":{"valign":"inherit","align":"inherit"}},"datasource":{"loadRemote":false,"loadRemoteUrl":"","terminology":""},"field":{"code":{"presentation":"combobox"}}}},{"name":"Allmenntilstand","localizedName":"Allmenntilstand","rmType":"DV_CODED_TEXT","nodeId":"at0002","min":"0","max":"1","localizedNames":{"nb":"Allmenntilstand"},"localizedDescriptions":{"nb":"Allmenntilstand angis her"},"aqlPath":"/content[openEHR-EHR-EVALUATION.hv_ernaeringsscreening_allmenntilstand.v0]/data[at0001]/items[at0002]/value","inputs":[{"suffix":"code","type":"CODED_TEXT","list":[{"value":"at0003","label":"Normal","localizedLabels":{"nb":"Normal"},"localizedDescriptions":{"nb":"Pasienten er i en normal allmenntilstand"}},{"value":"at0004","label":"Redusert","localizedLabels":{"nb":"Redusert"},"localizedDescriptions":{"nb":"Pasienten har en redusert allmenntilstand"}},{"value":"at0005","label":"Vet ikke/informasjon ikke tilgjengelig","localizedLabels":{"nb":"Vet ikke/informasjon ikke tilgjengelig"},"localizedDescriptions":{"nb":"Pasientens allmenntilstand er uavklart"}}]}],"formId":"hv_ernaeringrisikovurdering/hv_ernaeringsscreening_allmenntilstand/allmenntilstand","viewConfig":{"advanced":{"hidden":false,"readonly":false,"render":false},"size":{"field":"inherit","label":"inherit","fill":"inherit"},"layout":{"label":{"valign":"inherit","align":"top"},"field":{"valign":"inherit","align":"inherit"}},"datasource":{"loadRemote":false,"loadRemoteUrl":"","terminology":""},"field":{"code":{"presentation":"combobox"}}}},{"name":"Sykdommens alvorlighetsgrad","localizedName":"Sykdommens alvorlighetsgrad","rmType":"DV_ORDINAL","nodeId":"at0017","min":"0","max":"1","localizedNames":{"nb":"Sykdommens alvorlighetsgrad"},"localizedDescriptions":{"nb":"Sykdommens alvorlighetsgrad (≈ økt\nbehov)."},"annotations":{"comment":"* indikerer at en studie direkte underbygger inndelingen av sykdommens alvorlighetsgrad i mild, moderat og alvorlig sykdom til pasienter med den diagnosen.\n\n# indikerer at diagnosen er basert på prototypene gitt nedenfor:\n\nSkår=1: en pasient med kronisk sykdom innlagt på sykehus på grunn av komplikasjoner. Pasienten er avkreftet, men er oppegående. Proteinbehovet er økt, men kan dekkes med mat og/eller næringstilskudd i de fleste tilfeller.\n\nSkår=2: en pasient som er sengeliggende på grunn av sykdom, f.eks etter stor abdominal kirurgi. Proteinbehov er vesentlig økt, men kan dekkes, selv om sondeernæring og/eller intravenøs ernæringstilførsel er nødvendig i mange tilfeller.\n\nSkår=3: en intensivpasient med behov for respiratorstøtte etc. Proteinbehovet er økt og kan ikke dekkes, selv med sondeernæring og/eller intravenøs ernæringstilførsel. Nedbrytning av proteiner og\nnitrogentap kan bli betydelig hemmet."},"aqlPath":"/content[openEHR-EHR-OBSERVATION.nutritional_risk_screening.v3]/data[at0001]/events[at0002]/data[at0003]/items[at0032]/items[at0017]/value","inputs":[{"type":"CODED_TEXT","list":[{"value":"at0022","label":"Normal - Normale ernæringsbehov.","localizedLabels":{"nb":"Normal - Normale ernæringsbehov."},"localizedDescriptions":{"nb":"Normale ernæringsbehov."},"ordinal":0},{"value":"at0023","label":"Mild - Lårhalsbrudd, kronisk syke pasienter* spesielt de med akutte komplikasjoner, evercirrose*, KOLS*, kronisk hemodialyse#, diabetes#, kreftsykdommer.","localizedLabels":{"nb":"Mild - Lårhalsbrudd, kronisk syke pasienter* spesielt de med akutte komplikasjoner, evercirrose*, KOLS*, kronisk hemodialyse#, diabetes#, kreftsykdommer."},"localizedDescriptions":{"nb":"Lårhalsbrudd, kronisk syke pasienter, spesielt de med akutte komplikasjoner, levercirrose*, KOLS*, kronisk hemodialyse#, diabetes#, kreftsykdommer#."},"ordinal":1},{"value":"at0024","label":"Moderat - Omfattende abdominal kirurgi, slag*, alvorlig lungebetennelse#, maligne blodsykdommer.","localizedLabels":{"nb":"Moderat - Omfattende abdominal kirurgi, slag*, alvorlig lungebetennelse#, maligne blodsykdommer."},"localizedDescriptions":{"nb":"Omfattende abdominal kirurgi, slag, alvorlig lungebetennelse#, maligne blodsykdommer#."},"ordinal":2},{"value":"at0025","label":"Alvorlig - Hodeskade*, benmargstransplantasjon*, intensivpasienter (APACHE skår>10).","localizedLabels":{"nb":"Alvorlig - Hodeskade*, benmargstransplantasjon*, intensivpasienter (APACHE skår>10)."},"localizedDescriptions":{"nb":"Hodeskade, benmargstransplantasjon, intensivpasienter (APACHE skår>10)."},"ordinal":3}]}],"formId":"hv_ernaeringrisikovurdering/screening_for_ernæringsmessig_risiko/uspesifisert_hendelse/hovedscreening/sykdommens_alvorlighetsgrad","viewConfig":{"advanced":{"hidden":false,"readonly":false,"render":false},"size":{"field":"inherit","label":"inherit","fill":"inherit"},"layout":{"label":{"valign":"inherit","align":"top"},"field":{"valign":"inherit","align":"inherit"}},"datasource":{"loadRemote":false,"loadRemoteUrl":"","terminology":""},"field":{"input":{"presentation":"combobox"}}}},{"name":"Planlagt behandling som vil medføre vekttap","localizedName":"Planlagt behandling som vil medføre vekttap","rmType":"DV_CODED_TEXT","nodeId":"at0002","min":"0","max":"1","localizedNames":{"nb":"Planlagt behandling som vil medføre vekttap"},"localizedDescriptions":{"nb":"Planlagt behandling som vil medføre vekttap (omfattende kirurgi, stråling mot hals eller annet)"},"aqlPath":"/content[openEHR-EHR-EVALUATION.hv_ernaeringsscreening_behandling.v0]/data[at0001]/items[at0002]/value","inputs":[{"suffix":"code","type":"CODED_TEXT","list":[{"value":"at0005","label":"Nei","localizedLabels":{"nb":"Nei"},"localizedDescriptions":{"nb":"Det er ikke planlagt behandling som sannsynligvis vil medføre vekttap"}},{"value":"at0004","label":"Ja, omfattende kirurgi, stråling mot fordøyelseskanalen eller annet","localizedLabels":{"nb":"Ja, omfattende kirurgi, stråling mot fordøyelseskanalen eller annet"},"localizedDescriptions":{"nb":"Ja, omfattende kirurgi, stråling mot fordøyelseskanalen eller annet"}},{"value":"at0006","label":"Vet ikke/informasjon ikke tilgjengelig","localizedLabels":{"nb":"Vet ikke/informasjon ikke tilgjengelig"},"localizedDescriptions":{"nb":"Vet ikke/informasjon ikke tilgjengelig"}}]}],"formId":"hv_ernaeringrisikovurdering/hv_ernaeringsscreening_behandling/planlagt_behandling_som_vil_medføre_vekttap","viewConfig":{"advanced":{"hidden":false,"readonly":false,"render":false},"size":{"field":"large","label":"inherit","fill":"inherit"},"layout":{"label":{"valign":"inherit","align":"top"},"field":{"valign":"inherit","align":"inherit"}},"datasource":{"loadRemote":false,"loadRemoteUrl":"","terminology":""},"field":{"code":{"presentation":"combobox"}}}}],"viewConfig":{"size":{"field":"large","label":"inherit","fill":"inherit"},"layout":{"label":{"valign":"inherit","align":"top"},"field":{"valign":"inherit","align":"inherit"}},"advanced":{"hidden":false,"readonly":false,"render":false},"tags":["HideLabel"]}},{"localizedName":"Kalkulasjoner","localizedNames":{"nb":"Kalkulasjoner"},"min":"0","max":"1","name":"Kalkulasjoner","rmType":"GENERIC_FIELDSET","formId":"generic-field-90005","viewConfig":{"size":{"field":"inherit","label":"inherit","fill":"inherit"},"layout":{"label":{"valign":"inherit","align":"top"},"field":{"valign":"inherit","align":"inherit"}},"advanced":{"hidden":false,"readonly":false,"render":false},"tags":[]},"children":[{"name":"Kroppsmasseindeks","localizedName":"Kroppsmasseindeks","rmType":"DV_QUANTITY","nodeId":"at0004","min":"0","max":"1","localizedNames":{"nb":"Kroppsmasseindeks"},"localizedDescriptions":{"nb":"Indeks som beskriver forholdet mellom vekt og høyde."},"aqlPath":"/content[openEHR-EHR-OBSERVATION.body_mass_index.v1]/data[at0001]/events[at0002]/data[at0003]/items[at0004]/value","inputs":[{"suffix":"magnitude","type":"DECIMAL","validation":{"range":{"minOp":">=","min":0,"maxOp":"<","max":500},"precision":{"minOp":">=","min":1,"maxOp":"<=","max":1}}},{"suffix":"unit","type":"CODED_TEXT","list":[{"value":"kg/m2","label":"kg/m2","validation":{"range":{"minOp":">=","min":0,"maxOp":"<","max":500},"precision":{"minOp":">=","min":1,"maxOp":"<=","max":1}}}],"defaultValue":"kg/m2"}],"formId":"hv_ernaeringrisikovurdering/kroppsmasseindeks/uspesifisert_hendelse/kroppsmasseindeks","viewConfig":{"field":{"magnitude":{"presentation":"combobox"}},"advanced":{"hidden":false,"readonly":false},"size":{"field":"large","label":"inherit","fill":"inherit"},"layout":{"label":{"valign":"inherit","align":"top"},"field":{"valign":"inherit","align":"inherit"}},"datasource":{"loadRemote":false,"loadRemoteUrl":"","terminology":""},"tags":[],"annotations":{"calc":"if(or(isblank(KV), isblank(HL)), null, KV / (HL/100)^2)"}}},{"annotations":{"comment":"Generic input field used to add custom fields."},"inputs":[{"type":"TEXT"}],"localizedName":"vt1","localizedNames":{"nb":"vt1"},"max":"1","min":"0","name":"vt1","rmType":"GENERIC_FIELD","formId":"generic-field-10754","viewConfig":{"size":{"field":"inherit","label":"inherit","fill":"inherit"},"layout":{"label":{"valign":"inherit","align":"inherit"},"field":{"valign":"inherit","align":"inherit"}},"datasource":{"loadRemote":false,"loadRemoteUrl":"","terminology":""},"advanced":{"hidden":false,"readonly":false},"tags":[],"annotations":{"calcid":"vt1","calc":"if(or(isblank(KV), isblank(TV1)), null, (TV1-KV)/TV1*100)"},"field":{"input":{"presentation":"textfield","lines":"1"},"type":"DV_TEXT"}}},{"annotations":{"comment":"Generic input field used to add custom fields."},"inputs":[{"type":"TEXT"}],"localizedName":"vt2","localizedNames":{"nb":"vt2"},"max":"1","min":"0","name":"vt2","rmType":"GENERIC_FIELD","formId":"generic-field-2692","viewConfig":{"size":{"field":"inherit","label":"inherit","fill":"inherit"},"layout":{"label":{"valign":"inherit","align":"inherit"},"field":{"valign":"inherit","align":"inherit"}},"datasource":{"loadRemote":false,"loadRemoteUrl":"","terminology":""},"advanced":{"hidden":false,"readonly":false},"tags":[],"annotations":{"calcid":"vt2","calc":" if(or(isblank(KV), isblank(TV2)), null, (TV2-KV)/TV2*100)"},"field":{"input":{"presentation":"textfield","lines":"1"},"type":"DV_TEXT"}}},{"annotations":{"comment":"Generic input field used to add custom fields."},"inputs":[{"type":"TEXT"}],"localizedName":"vt3","localizedNames":{"nb":"vt3"},"max":"1","min":"0","name":"vt3","rmType":"GENERIC_FIELD","formId":"generic-field-52753","viewConfig":{"size":{"field":"inherit","label":"inherit","fill":"inherit"},"layout":{"label":{"valign":"inherit","align":"inherit"},"field":{"valign":"inherit","align":"inherit"}},"datasource":{"loadRemote":false,"loadRemoteUrl":"","terminology":""},"advanced":{"hidden":false,"readonly":false},"tags":[],"annotations":{"calcid":"vt3","calc":" if(or(isblank(KV), isblank(TV3)), null, (TV3-KV)/TV3*100)"},"field":{"input":{"presentation":"textfield","lines":"1"},"type":"DV_TEXT"}}}]}]}