[{"col":1,"row":1,"width":7,"height":13,"children":[{"id":"generic-field-81734","rows":[{"cols":[{"width":"25%","children":[{"id":"hv_ernaeringrisikovurdering/kroppsvekt/uspesifisert_hendelse/kroppsvekt"}]},{"width":"25%","children":[{"id":"hv_ernaeringrisikovurdering/kroppsvekt_1_mnd/uspesifisert_hendelse/kroppsvekt"}]},{"width":"25%","children":[{"id":"hv_ernaeringrisikovurdering/kroppsvekt_2_mnd/uspesifisert_hendelse/kroppsvekt"}]},{"width":"25%","children":[{"id":"hv_ernaeringrisikovurdering/kroppsvekt_3_mnd/uspesifisert_hendelse/kroppsvekt"}]}]},{"cols":[{"width":"25%","children":[{"id":"hv_ernaeringrisikovurdering/høyde_lengde/uspesifisert_hendelse/høyde_lengde"}]},{"width":"25%","children":[]},{"width":"25%","children":[]},{"width":"25%","children":[]}]},{"cols":[{"width":"25%","children":[{"id":"hv_ernaeringrisikovurdering/prosentvis_endring_av_vekt_og_matinntak/matinntak_endring/matinntak_siste_uken"}]},{"width":"25%","children":[]},{"width":"25%","children":[]},{"width":"25%","children":[]}]},{"cols":[{"width":"50%","children":[{"id":"hv_ernaeringrisikovurdering/hv_ernaeringsscreening_allmenntilstand/allmenntilstand"}]},{"width":"25%","children":[]},{"width":"25%","children":[]}]},{"cols":[{"width":"50%","children":[{"id":"hv_ernaeringrisikovurdering/screening_for_ernæringsmessig_risiko/uspesifisert_hendelse/hovedscreening/sykdommens_alvorlighetsgrad"}]},{"width":"50%","children":[]}]},{"cols":[{"width":"50%","children":[{"id":"hv_ernaeringrisikovurdering/hv_ernaeringsscreening_behandling/planlagt_behandling_som_vil_medføre_vekttap"}]},{"width":"50%","children":[]}]}]}]},{"col":1,"row":14,"width":7,"height":7,"children":[{"id":"generic-field-90005","rows":[{"cols":[{"width":"25%","children":[{"id":"hv_ernaeringrisikovurdering/kroppsmasseindeks/uspesifisert_hendelse/kroppsmasseindeks"}]},{"width":"25%","children":[{"id":"generic-field-10754"}]},{"width":"25%","children":[{"id":"generic-field-2692"}]},{"width":"25%","children":[{"id":"generic-field-52753"}]}]},{"cols":[{"width":"100%","children":[]}]}]}]}]