[{"col":1,"row":1,"width":12,"height":93,"children":[{"id":"generic-field-77448","rows":[{"cols":[{"width":"100%","children":[{"id":"generic-field-49985","rows":[{"cols":[{"width":"100%","children":[]}]}]},{"id":"generic-field-19067","rows":[{"cols":[{"width":"100%","children":[]}]}]}]}]}]},{"id":"generic-field-90831","rows":[{"cols":[{"width":"100%","children":[{"id":"generic-field-44898","rows":[{"cols":[{"width":"100%","children":[]}]}]},{"id":"generic-field-92341","rows":[{"cols":[{"width":"100%","children":[]}]}]},{"id":"generic-field-46666","rows":[{"cols":[{"width":"100%","children":[]}]}]}]}]}]},{"id":"hv_fallrisikovurdering/fr_kalk_dips/any_event/pasientens_alder","rows":[]},{"id":"hv_fallrisikovurdering/fr_kalk_dips/any_event/alder_hjelpefelt_for_kalkulasjon","rows":[]},{"id":"hv_fallrisikovurdering/fallrisiko/innledende_risikovurdering_for_fall/sykdommer_og_tilstander_som_medfører_økt_risiko_for_fall,_kryss_av_for_aktuelle","rows":[{"cols":[{"width":"100%","children":[{"id":"hv_fallrisikovurdering/fallrisiko/innledende_risikovurdering_for_fall/sykdommer_og_tilstander_som_medfører_økt_risiko_for_fall,_kryss_av_for_aktuelle/nevrologiske_lidelser","rows":[]},{"id":"hv_fallrisikovurdering/fallrisiko/innledende_risikovurdering_for_fall/sykdommer_og_tilstander_som_medfører_økt_risiko_for_fall,_kryss_av_for_aktuelle/kognitive_sykdomstilstander","rows":[]},{"id":"hv_fallrisikovurdering/fallrisiko/innledende_risikovurdering_for_fall/sykdommer_og_tilstander_som_medfører_økt_risiko_for_fall,_kryss_av_for_aktuelle/betydelig_synshemning","rows":[]},{"id":"hv_fallrisikovurdering/fallrisiko/innledende_risikovurdering_for_fall/sykdommer_og_tilstander_som_medfører_økt_risiko_for_fall,_kryss_av_for_aktuelle/ikke_aktuelt","rows":[]},{"id":"hv_fallrisikovurdering/fallrisiko/innledende_risikovurdering_for_fall/sykdommer_og_tilstander_som_medfører_økt_risiko_for_fall,_kryss_av_for_aktuelle/merknad","rows":[]}]}]}]},{"id":"hv_fallrisikovurdering/fr_kalk_dips/any_event/nevrologiske_lidelser","rows":[]},{"id":"hv_fallrisikovurdering/fr_kalk_dips/any_event/kognitive_sykdomstilstander","rows":[]},{"id":"hv_fallrisikovurdering/fr_kalk_dips/any_event/betydelig_synshemming","rows":[]},{"id":"hv_fallrisikovurdering/fr_kalk_dips/any_event/ikke_aktuell","rows":[]},{"id":"hv_fallrisikovurdering/fr_kalk_dips/any_event/utvidet_risikovurdering","rows":[]},{"id":"hv_fallrisikovurdering/fr_kalk_dips/any_event/risikoangivelse","rows":[]},{"id":"generic-field-62623","rows":[{"cols":[{"width":"100%","children":[{"id":"hv_fallrisikovurdering/stratify/uspesifisert_hendelse/fall_de_siste_tre_måneder","rows":[]},{"id":"hv_fallrisikovurdering/fr_kalk_dips/any_event/fall_siste_måneder","rows":[]},{"id":"hv_fallrisikovurdering/stratify/uspesifisert_hendelse/synshemminger","rows":[]},{"id":"hv_fallrisikovurdering/fr_kalk_dips/any_event/synshemminger","rows":[]},{"id":"hv_fallrisikovurdering/stratify/uspesifisert_hendelse/urolig_atferd","rows":[]},{"id":"hv_fallrisikovurdering/fr_kalk_dips/any_event/urolig_adferd","rows":[]},{"id":"hv_fallrisikovurdering/stratify/uspesifisert_hendelse/hyppige_toalettbesøk","rows":[]},{"id":"hv_fallrisikovurdering/fr_kalk_dips/any_event/hyppige_toalettbesøk","rows":[]},{"id":"hv_fallrisikovurdering/stratify/uspesifisert_hendelse/forflytning_+_rørlighet_gangfunksjon/forflytning_fra_seng_til_stol","rows":[]},{"id":"hv_fallrisikovurdering/fr_kalk_dips/any_event/forflytning_mellom_seng_og_stol","rows":[]},{"id":"hv_fallrisikovurdering/stratify/uspesifisert_hendelse/forflytning_+_rørlighet_gangfunksjon/rørlighet_gangfunksjon","rows":[]},{"id":"hv_fallrisikovurdering/fr_kalk_dips/any_event/mobilitet","rows":[]},{"id":"hv_fallrisikovurdering/fr_kalk_dips/any_event/sum_forflytning_og_mobilitet","rows":[]},{"id":"hv_fallrisikovurdering/fr_kalk_dips/any_event/barthel_hjelpefelt_for_kalkulasjon","rows":[]},{"id":"hv_fallrisikovurdering/stratify/uspesifisert_hendelse/forflytning_+_rørlighet_gangfunksjon/svarpoeng","rows":[]},{"id":"hv_fallrisikovurdering/fallrisiko/mener_du_pasienten_har_økt_risiko_for_fall","rows":[]},{"id":"hv_fallrisikovurdering/fr_kalk_dips/any_event/mener_du_pasienten_har_risiko","rows":[]}]}]}]},{"id":"hv_fallrisikovurdering/stratify/uspesifisert_hendelse/poeng_totalt","rows":[]},{"id":"generic-field-80632","rows":[{"cols":[{"width":"100%","children":[]}]}]},{"id":"generic-field-61691","rows":[{"cols":[{"width":"100%","children":[]}]}]},{"id":"generic-field-78022","rows":[{"cols":[{"width":"100%","children":[]}]}]}]}]