{"name":"Form root","localizedNames":{},"localizedDescriptions":{},"rmType":"FORM_DEFINITION","min":0,"max":0,"formId":"form_root","viewConfig":{"label":{"custom":false,"useLocalizations":false},"size":{"field":"inherit","label":"inherit"},"layout":{"label":{"valign":"inherit","align":"inherit"},"field":{"valign":"inherit","align":"inherit"}},"annotations":{"reuseComposition":"SELECT c FROM COMPOSITION c[openEHR-EHR-COMPOSITION.hv_fallrisikovurdering.v1] order by c/context/start_time/value desc fetch 1?scope=periodofcare"}},"children":[{"name":"Alder under 65 år","localizedName":"Alder under 65 år","localizedNames":{"en":null,"nb":"Alder under 65 år"},"localizedDescriptions":{},"rmType":"GENERIC_FIELDSET","min":0,"max":1,"inputs":[],"formId":"generic-field-77448","viewConfig":{"multiplicity":{"min":0,"max":1},"advanced":{"hidden":false,"readonly":false,"hideFrame":false,"render":false},"label":{"custom":false,"useLocalizations":false},"size":{"field":"inherit","label":"inherit"},"layout":{"label":{"valign":"inherit","align":"inherit"},"field":{"valign":"inherit","align":"inherit"}},"annotations":{},"field":{"formId":null,"name":null}},"children":[{"name":"Vurder tilstedeværelse av følgende sykdommer og tilstander\r\n","localizedName":"Vurder tilstedeværelse av følgende sykdommer og tilstander\r\n","localizedNames":{"en":"Assess presence of the following diseases and conditions","nb":"Vurder tilstedeværelse av følgende sykdommer og tilstander\r\n"},"localizedDescriptions":{},"rmType":"GENERIC_FIELDSET","min":0,"max":1,"inputs":[],"formId":"generic-field-49985","viewConfig":{"multiplicity":{"min":0,"max":1},"advanced":{"hidden":false,"readonly":false,"hideFrame":false,"render":false},"label":{"custom":false,"useLocalizations":false},"size":{"field":"inherit","label":"inherit"},"layout":{"label":{"valign":"inherit","align":"inherit"},"field":{"valign":"inherit","align":"inherit"}},"annotations":{},"field":{"formId":null,"name":null}},"children":[]},{"name":"som kan gi fallrisiko","localizedName":"som kan gi fallrisiko","localizedNames":{"en":"that may increase risk of falling","nb":"som kan gi fallrisiko"},"localizedDescriptions":{},"rmType":"GENERIC_FIELDSET","min":0,"max":1,"inputs":[],"formId":"generic-field-19067","viewConfig":{"multiplicity":{"min":0,"max":1},"advanced":{"hidden":false,"readonly":false,"hideFrame":false,"render":false},"label":{"custom":false,"useLocalizations":false},"size":{"field":"inherit","label":"inherit"},"layout":{"label":{"valign":"inherit","align":"inherit"},"field":{"valign":"inherit","align":"inherit"}},"annotations":{},"field":{"formId":null,"name":null}},"children":[]}]},{"name":"Alder 65 år eller eldre","localizedName":"Alder 65 år eller eldre","localizedNames":{"en":null,"nb":"Alder 65 år eller eldre"},"localizedDescriptions":{},"rmType":"GENERIC_FIELDSET","min":0,"max":1,"inputs":[],"formId":"generic-field-90831","viewConfig":{"multiplicity":{"min":0,"max":1},"advanced":{"hidden":false,"readonly":false,"hideFrame":false,"render":false},"label":{"custom":false,"useLocalizations":false},"size":{"field":"inherit","label":"inherit"},"layout":{"label":{"valign":"inherit","align":"inherit"},"field":{"valign":"inherit","align":"inherit"}},"annotations":{},"field":{"formId":null,"name":null}},"children":[{"name":"Gjennomfør en vurdering av risiko for fall innen ett døgn.","localizedName":"Gjennomfør en vurdering av risiko for fall innen ett døgn.","localizedNames":{"en":"*Fieldset (en)","nb":"Gjennomfør en vurdering av risiko for fall innen ett døgn."},"localizedDescriptions":{},"rmType":"GENERIC_FIELDSET","min":0,"max":1,"inputs":[],"formId":"generic-field-44898","viewConfig":{"multiplicity":{"min":0,"max":1},"advanced":{"hidden":false,"readonly":false,"hideFrame":false,"render":false},"label":{"custom":false,"useLocalizations":false},"size":{"field":"inherit","label":"inherit"},"layout":{"label":{"valign":"inherit","align":"inherit"},"field":{"valign":"inherit","align":"inherit"}},"annotations":{},"field":{"formId":null,"name":null}},"children":[]},{"name":"En pasient med lav fallrisiko skal vurderes på nytt ","localizedName":"En pasient med lav fallrisiko skal vurderes på nytt ","localizedNames":{"en":"*Fieldset (en)","nb":"En pasient med lav fallrisiko skal vurderes på nytt"},"localizedDescriptions":{},"rmType":"GENERIC_FIELDSET","min":0,"max":1,"inputs":[],"formId":"generic-field-92341","viewConfig":{"multiplicity":{"min":0,"max":1},"advanced":{"hidden":false,"readonly":false,"hideFrame":false,"render":false},"label":{"custom":false,"useLocalizations":false},"size":{"field":"inherit","label":"inherit"},"layout":{"label":{"valign":"inherit","align":"inherit"},"field":{"valign":"inherit","align":"inherit"}},"annotations":{},"field":{"formId":null,"name":null}},"children":[]},{"name":"ved endring i pasientens tilstand som påvirker fallrisikoen","localizedName":"ved endring i pasientens tilstand som påvirker fallrisikoen","localizedNames":{"en":"*Fieldset (en)","nb":"ved endring i pasientens tilstand som påvirker fallrisikoen."},"localizedDescriptions":{},"rmType":"GENERIC_FIELDSET","min":0,"max":1,"inputs":[],"formId":"generic-field-46666","viewConfig":{"multiplicity":{"min":0,"max":1},"advanced":{"hidden":false,"readonly":false,"hideFrame":false,"render":false},"label":{"custom":false,"useLocalizations":false},"size":{"field":"inherit","label":"inherit"},"layout":{"label":{"valign":"inherit","align":"inherit"},"field":{"valign":"inherit","align":"inherit"}},"annotations":{},"field":{"formId":null,"name":null}},"children":[]}]},{"name":"Pasientens alder","localizedName":"Pasientens alder","localizedNames":{"en":"*Pasientens alder (nb)","nb":"Pasientens alder"},"localizedDescriptions":{"nb":"*","en":"** (nb)"},"rmType":"DV_COUNT","nodeId":"at0005","min":0,"max":1,"aqlPath":"/content[openEHR-EHR-OBSERVATION.fr_kalk_dips.v0]/data[at0001]/events[at0002]/data[at0003]/items[at0005]/value","inputs":[{"type":"INTEGER","defaultValue":"","listOpen":false}],"formId":"hv_fallrisikovurdering/fr_kalk_dips/any_event/pasientens_alder","viewConfig":{"multiplicity":{"min":0,"max":1},"advanced":{"hidden":true,"readonly":false,"hideFrame":false,"render":false},"label":{"custom":false,"useLocalizations":false},"size":{"field":"inherit","label":"inherit"},"layout":{"label":{"valign":"inherit","align":"inherit"},"field":{"valign":"inherit","align":"inherit"}},"annotations":{"templateVariable":"[Pas.Alder]"},"field":{}}},{"name":"Alder hjelpefelt for kalkulasjon","localizedName":"Alder hjelpefelt for kalkulasjon","localizedNames":{"en":"*Alder hjelpefelt for kalkulasjon (nb)","nb":"Alder hjelpefelt for kalkulasjon"},"localizedDescriptions":{"nb":"*","en":"** (nb)"},"rmType":"DV_COUNT","nodeId":"at0025","min":0,"max":1,"aqlPath":"/content[openEHR-EHR-OBSERVATION.fr_kalk_dips.v0]/data[at0001]/events[at0002]/data[at0003]/items[at0025]/value","inputs":[{"type":"INTEGER","defaultValue":"","listOpen":false}],"formId":"hv_fallrisikovurdering/fr_kalk_dips/any_event/alder_hjelpefelt_for_kalkulasjon","viewConfig":{"multiplicity":{"min":0,"max":1},"advanced":{"hidden":true,"readonly":false,"hideFrame":false,"render":false},"label":{"custom":false,"useLocalizations":false},"size":{"field":"inherit","label":"inherit"},"layout":{"label":{"valign":"inherit","align":"inherit"},"field":{"valign":"inherit","align":"inherit"}},"annotations":{"calcId":"alder"},"field":{}}},{"name":"Sykdommer og tilstander som medfører økt risiko for fall, kryss av for aktuelle","localizedName":"Sykdommer og tilstander som medfører økt risiko for fall, kryss av for aktuelle","localizedNames":{"en":"*Sykdommer og tilstander som medfører økt risiko for fall, kryss av for aktuelle (nb)","nb":"Sykdommer og tilstander som medfører økt risiko for fall, kryss av for aktuelle"},"localizedDescriptions":{"nb":"*","en":"** (nb)"},"rmType":"CLUSTER","nodeId":"at0008","min":0,"max":0,"aqlPath":"/content[openEHR-EHR-EVALUATION.innl_fallrisiko.v1]/data[at0001]/items[at0005]/items[at0008]","inputs":[],"formId":"hv_fallrisikovurdering/fallrisiko/innledende_risikovurdering_for_fall/sykdommer_og_tilstander_som_medfører_økt_risiko_for_fall,_kryss_av_for_aktuelle","viewConfig":{"multiplicity":{"min":0,"max":0},"advanced":{"hidden":false,"readonly":false,"hideFrame":false,"render":false},"label":{"custom":false,"useLocalizations":false},"size":{"field":"inherit","label":"inherit"},"layout":{"label":{"valign":"inherit","align":"inherit"},"field":{"valign":"inherit","align":"inherit"}},"annotations":{},"field":{}},"children":[{"name":"Nevrologiske lidelser","localizedName":"Nevrologiske lidelser","localizedNames":{"en":"*Nevrologiske lidelser (nb)","nb":"Nevrologiske lidelser"},"localizedDescriptions":{"nb":"*","en":"** (nb)"},"rmType":"DV_BOOLEAN","nodeId":"at0011","min":0,"max":1,"aqlPath":"/content[openEHR-EHR-EVALUATION.innl_fallrisiko.v1]/data[at0001]/items[at0005]/items[at0008]/items[at0011]/value","inputs":[{"type":"BOOLEAN","defaultValue":"False","listOpen":false}],"formId":"hv_fallrisikovurdering/fallrisiko/innledende_risikovurdering_for_fall/sykdommer_og_tilstander_som_medfører_økt_risiko_for_fall,_kryss_av_for_aktuelle/nevrologiske_lidelser","viewConfig":{"multiplicity":{"min":0,"max":1},"advanced":{"hidden":false,"readonly":false,"hideFrame":false,"render":false},"label":{"custom":false,"useLocalizations":false},"size":{"field":"inherit","label":"inherit"},"layout":{"label":{"valign":"inherit","align":"inherit"},"field":{"valign":"inherit","align":"inherit"}},"annotations":{},"field":{"input":{"threeState":false}}}},{"name":"Kognitive sykdomstilstander","localizedName":"Kognitive sykdomstilstander","localizedNames":{"en":"*Kognitive sykdomstilstander (nb)","nb":"Kognitive sykdomstilstander"},"localizedDescriptions":{"nb":"*","en":"** (nb)"},"rmType":"DV_BOOLEAN","nodeId":"at0010","min":0,"max":1,"aqlPath":"/content[openEHR-EHR-EVALUATION.innl_fallrisiko.v1]/data[at0001]/items[at0005]/items[at0008]/items[at0010]/value","inputs":[{"type":"BOOLEAN","defaultValue":"False","listOpen":false}],"formId":"hv_fallrisikovurdering/fallrisiko/innledende_risikovurdering_for_fall/sykdommer_og_tilstander_som_medfører_økt_risiko_for_fall,_kryss_av_for_aktuelle/kognitive_sykdomstilstander","viewConfig":{"multiplicity":{"min":0,"max":1},"advanced":{"hidden":false,"readonly":false,"hideFrame":false,"render":false},"label":{"custom":false,"useLocalizations":false},"size":{"field":"inherit","label":"inherit"},"layout":{"label":{"valign":"inherit","align":"inherit"},"field":{"valign":"inherit","align":"inherit"}},"annotations":{},"field":{"input":{"threeState":false}}}},{"name":"Betydelig synshemning","localizedName":"Betydelig synshemning","localizedNames":{"en":"*Betydelig synshemning (nb)","nb":"Betydelig synshemning"},"localizedDescriptions":{"nb":"*","en":"** (nb)"},"rmType":"DV_BOOLEAN","nodeId":"at0009","min":0,"max":1,"aqlPath":"/content[openEHR-EHR-EVALUATION.innl_fallrisiko.v1]/data[at0001]/items[at0005]/items[at0008]/items[at0009]/value","inputs":[{"type":"BOOLEAN","defaultValue":"False","listOpen":false}],"formId":"hv_fallrisikovurdering/fallrisiko/innledende_risikovurdering_for_fall/sykdommer_og_tilstander_som_medfører_økt_risiko_for_fall,_kryss_av_for_aktuelle/betydelig_synshemning","viewConfig":{"multiplicity":{"min":0,"max":1},"advanced":{"hidden":false,"readonly":false,"hideFrame":false,"render":false},"label":{"custom":false,"useLocalizations":false},"size":{"field":"inherit","label":"inherit"},"layout":{"label":{"valign":"inherit","align":"inherit"},"field":{"valign":"inherit","align":"inherit"}},"annotations":{},"field":{"input":{"threeState":false}}}},{"name":"Ikke aktuelt","localizedName":"Ikke aktuelt","localizedNames":{"en":"*Ikke aktuelt (nb)","nb":"Ikke aktuelt"},"localizedDescriptions":{"nb":"*","en":"** (nb)"},"rmType":"DV_BOOLEAN","nodeId":"at0013","min":0,"max":1,"aqlPath":"/content[openEHR-EHR-EVALUATION.innl_fallrisiko.v1]/data[at0001]/items[at0005]/items[at0008]/items[at0013]/value","inputs":[{"type":"BOOLEAN","defaultValue":"False","listOpen":false}],"formId":"hv_fallrisikovurdering/fallrisiko/innledende_risikovurdering_for_fall/sykdommer_og_tilstander_som_medfører_økt_risiko_for_fall,_kryss_av_for_aktuelle/ikke_aktuelt","viewConfig":{"multiplicity":{"min":0,"max":1},"advanced":{"hidden":false,"readonly":false,"hideFrame":false,"render":false},"label":{"custom":false,"useLocalizations":false},"size":{"field":"inherit","label":"inherit"},"layout":{"label":{"valign":"inherit","align":"inherit"},"field":{"valign":"inherit","align":"inherit"}},"annotations":{},"field":{"input":{"threeState":false}}}},{"name":"Merknad","localizedName":"Merknad","localizedNames":{"en":"*Merknad (nb)","nb":"Merknad"},"localizedDescriptions":{"nb":"*","en":"** (nb)"},"rmType":"DV_TEXT","nodeId":"at0016","min":0,"max":1,"aqlPath":"/content[openEHR-EHR-EVALUATION.innl_fallrisiko.v1]/data[at0001]/items[at0005]/items[at0008]/items[at0016]/value","inputs":[{"type":"TEXT","list":[],"listOpen":false}],"formId":"hv_fallrisikovurdering/fallrisiko/innledende_risikovurdering_for_fall/sykdommer_og_tilstander_som_medfører_økt_risiko_for_fall,_kryss_av_for_aktuelle/merknad","viewConfig":{"multiplicity":{"min":0,"max":1},"advanced":{"hidden":false,"readonly":false,"hideFrame":false,"render":false},"label":{"custom":false,"useLocalizations":false},"size":{"field":"inherit","label":"inherit"},"layout":{"label":{"valign":"inherit","align":"inherit"},"field":{"valign":"inherit","align":"inherit"}},"datasource":{"loadRemote":false,"parameters":{}},"annotations":{},"field":{"lines":null,"input":{}}}}]},{"name":"Nevrologiske lidelser","localizedName":"Nevrologiske lidelser","localizedNames":{"en":"*Nevrologiske lidelser (nb)","nb":"Nevrologiske lidelser"},"localizedDescriptions":{"nb":"*","en":"** (nb)"},"rmType":"DV_COUNT","nodeId":"at0006","min":0,"max":1,"aqlPath":"/content[openEHR-EHR-OBSERVATION.fr_kalk_dips.v0]/data[at0001]/events[at0002]/data[at0003]/items[at0006]/value","inputs":[{"type":"INTEGER","defaultValue":"","listOpen":false}],"formId":"hv_fallrisikovurdering/fr_kalk_dips/any_event/nevrologiske_lidelser","viewConfig":{"multiplicity":{"min":0,"max":1},"advanced":{"hidden":true,"readonly":false,"hideFrame":false,"render":false},"label":{"custom":false,"useLocalizations":false},"size":{"field":"inherit","label":"inherit"},"layout":{"label":{"valign":"inherit","align":"inherit"},"field":{"valign":"inherit","align":"inherit"}},"annotations":{"calcId":"NL"},"field":{}}},{"name":"Kognitive sykdomstilstander","localizedName":"Kognitive sykdomstilstander","localizedNames":{"en":"*Kognitive sykdomstilstander (nb)","nb":"Kognitive sykdomstilstander"},"localizedDescriptions":{"nb":"*","en":"** (nb)"},"rmType":"DV_COUNT","nodeId":"at0007","min":0,"max":1,"aqlPath":"/content[openEHR-EHR-OBSERVATION.fr_kalk_dips.v0]/data[at0001]/events[at0002]/data[at0003]/items[at0007]/value","inputs":[{"type":"INTEGER","defaultValue":"","listOpen":false}],"formId":"hv_fallrisikovurdering/fr_kalk_dips/any_event/kognitive_sykdomstilstander","viewConfig":{"multiplicity":{"min":0,"max":1},"advanced":{"hidden":true,"readonly":false,"hideFrame":false,"render":false},"label":{"custom":false,"useLocalizations":false},"size":{"field":"inherit","label":"inherit"},"layout":{"label":{"valign":"inherit","align":"inherit"},"field":{"valign":"inherit","align":"inherit"}},"annotations":{"calcId":"KS"},"field":{}}},{"name":"Betydelig synshemming","localizedName":"Betydelig synshemming","localizedNames":{"en":"*Betydelig synshemming (nb)","nb":"Betydelig synshemming"},"localizedDescriptions":{"nb":"*","en":"** (nb)"},"rmType":"DV_COUNT","nodeId":"at0008","min":0,"max":1,"aqlPath":"/content[openEHR-EHR-OBSERVATION.fr_kalk_dips.v0]/data[at0001]/events[at0002]/data[at0003]/items[at0008]/value","inputs":[{"type":"INTEGER","defaultValue":"","listOpen":false}],"formId":"hv_fallrisikovurdering/fr_kalk_dips/any_event/betydelig_synshemming","viewConfig":{"multiplicity":{"min":0,"max":1},"advanced":{"hidden":true,"readonly":false,"hideFrame":false,"render":false},"label":{"custom":false,"useLocalizations":false},"size":{"field":"inherit","label":"inherit"},"layout":{"label":{"valign":"inherit","align":"inherit"},"field":{"valign":"inherit","align":"inherit"}},"annotations":{"calcId":"BS"},"field":{}}},{"name":"Ikke aktuell","localizedName":"Ikke aktuell","localizedNames":{"en":"*Ikke aktuell (nb)","nb":"Ikke aktuell"},"localizedDescriptions":{"nb":"*","en":"** (nb)"},"rmType":"DV_COUNT","nodeId":"at0009","min":0,"max":1,"aqlPath":"/content[openEHR-EHR-OBSERVATION.fr_kalk_dips.v0]/data[at0001]/events[at0002]/data[at0003]/items[at0009]/value","inputs":[{"type":"INTEGER","defaultValue":"","listOpen":false}],"formId":"hv_fallrisikovurdering/fr_kalk_dips/any_event/ikke_aktuell","viewConfig":{"multiplicity":{"min":0,"max":1},"advanced":{"hidden":true,"readonly":false,"hideFrame":false,"render":false},"label":{"custom":false,"useLocalizations":false},"size":{"field":"inherit","label":"inherit"},"layout":{"label":{"valign":"inherit","align":"inherit"},"field":{"valign":"inherit","align":"inherit"}},"annotations":{},"field":{}}},{"name":"Utvidet risikovurdering","localizedName":"Utvidet risikovurdering","localizedNames":{"en":"*Utvidet risikovurdering (nb)","nb":"Utvidet risikovurdering"},"localizedDescriptions":{"nb":"*","en":"** (nb)"},"rmType":"DV_COUNT","nodeId":"at0010","min":0,"max":1,"aqlPath":"/content[openEHR-EHR-OBSERVATION.fr_kalk_dips.v0]/data[at0001]/events[at0002]/data[at0003]/items[at0010]/value","inputs":[{"type":"INTEGER","defaultValue":"","listOpen":false}],"formId":"hv_fallrisikovurdering/fr_kalk_dips/any_event/utvidet_risikovurdering","viewConfig":{"multiplicity":{"min":0,"max":1},"advanced":{"hidden":true,"readonly":false,"hideFrame":false,"render":false},"label":{"custom":false,"useLocalizations":false},"size":{"field":"inherit","label":"inherit"},"layout":{"label":{"valign":"inherit","align":"inherit"},"field":{"valign":"inherit","align":"inherit"}},"annotations":{"calc":"NL + KS + BS + alder"},"field":{}}},{"name":"Risikoangivelse","localizedName":"Risikoangivelse","localizedNames":{"en":"*Risikoangivelse (nb)","nb":"Risikoangivelse"},"localizedDescriptions":{"nb":"*","en":"** (nb)"},"rmType":"DV_CODED_TEXT","nodeId":"at0020","min":0,"max":1,"aqlPath":"/content[openEHR-EHR-OBSERVATION.fr_kalk_dips.v0]/data[at0001]/events[at0002]/data[at0003]/items[at0020]/value","inputs":[{"suffix":"code","type":"CODED_TEXT","list":[{"value":"at0021","label":"Risiko for fall eller uavklart","ordinal":0,"localizedLabels":{"nb":"Risiko for fall eller uavklart","en":"*Risiko for fall eller uavklart (nb)"},"localizedDescriptions":{"nb":"Risiko for fall eller uavklart","en":"*Risiko for fall eller uavklart (nb)"}},{"value":"at0022","label":"Risiko","ordinal":0,"localizedLabels":{"nb":"Risiko","en":"*Risiko (nb)"},"localizedDescriptions":{"nb":"Risiko","en":"*Risiko (nb)"}},{"value":"at0023","label":"Ikke risiko","ordinal":0,"localizedLabels":{"nb":"Ikke risiko","en":"*Ikke risiko (nb)"},"localizedDescriptions":{"nb":"Ikke risiko","en":"*Ikke risiko (nb)"}}],"listOpen":false}],"formId":"hv_fallrisikovurdering/fr_kalk_dips/any_event/risikoangivelse","viewConfig":{"multiplicity":{"min":0,"max":1},"advanced":{"hidden":true,"readonly":false,"hideFrame":false,"render":false},"label":{"custom":false,"useLocalizations":false},"size":{"field":"inherit","label":"inherit"},"layout":{"label":{"valign":"inherit","align":"inherit"},"field":{"valign":"inherit","align":"inherit"}},"annotations":{},"field":{"code":{"presentation":"combobox","columns":"3"}}}},{"name":"STRATIFY","localizedName":"STRATIFY","localizedNames":{"en":"STRATIFY","nb":"STRATIFY"},"localizedDescriptions":{},"rmType":"GENERIC_FIELDSET","min":0,"max":1,"inputs":[],"formId":"generic-field-62623","viewConfig":{"multiplicity":{"min":0,"max":1},"advanced":{"hidden":false,"readonly":false,"hideFrame":false,"render":false},"label":{"custom":false,"useLocalizations":false},"size":{"field":"inherit","label":"-1"},"layout":{"label":{"valign":"inherit","align":"inherit"},"field":{"valign":"inherit","align":"inherit"}},"annotations":{},"field":{"formId":null,"name":null},"tags":["HideLabel"]},"children":[{"name":"Fall de siste tre måneder","localizedName":"Fall de siste tre måneder","localizedNames":{"en":"*Fall de siste tre måneder (nb)","nb":"Fall de siste tre måneder"},"localizedDescriptions":{"nb":"Har pasient hatt noen fall i de siste 3 månedene?","en":"*Har pasient hatt noen fall i de siste 3 månedene? (nb)"},"rmType":"DV_ORDINAL","nodeId":"at0004","min":0,"max":1,"aqlPath":"/content[openEHR-EHR-OBSERVATION.stratify_no.v1]/data[at0001]/events[at0002]/data[at0003]/items[at0004]/value","inputs":[{"type":"CODED_TEXT","list":[{"value":"at0011","label":"Nei","ordinal":0,"localizedLabels":{"nb":"Nei","en":"*Nei (nb)"},"localizedDescriptions":{"nb":"Pasienten har ikke hatt noen fall siste 3 måneder.","en":"*Pasienten har ikke hatt noen fall siste 3 måneder. (nb)"}},{"value":"at0012","label":"Ja","ordinal":1,"localizedLabels":{"nb":"Ja","en":"*Ja (nb)"},"localizedDescriptions":{"nb":"Pasienten har hatt fall siste 3 måneder.","en":"*Pasienten har hatt fall siste 3 måneder. (nb)"}}],"listOpen":false}],"formId":"hv_fallrisikovurdering/stratify/uspesifisert_hendelse/fall_de_siste_tre_måneder","viewConfig":{"multiplicity":{"min":0,"max":1},"advanced":{"hidden":false,"readonly":false,"hideFrame":false,"render":false},"label":{"custom":false,"useLocalizations":false},"size":{"field":"inherit","label":"inherit"},"layout":{"label":{"valign":"inherit","align":"inherit"},"field":{"valign":"inherit","align":"inherit"}},"annotations":{},"field":{"presentation":"radios","columns":"2","input":{"presentation":"radios","columns":"2"}}}},{"name":"Fall siste måneder","localizedName":"Fall siste måneder","localizedNames":{"en":"*Fall siste måneder (nb)","nb":"Fall siste måneder"},"localizedDescriptions":{"nb":"*","en":"** (nb)"},"rmType":"DV_COUNT","nodeId":"at0013","min":0,"max":1,"aqlPath":"/content[openEHR-EHR-OBSERVATION.fr_kalk_dips.v0]/data[at0001]/events[at0002]/data[at0003]/items[at0013]/value","inputs":[{"type":"INTEGER","defaultValue":"","listOpen":false}],"formId":"hv_fallrisikovurdering/fr_kalk_dips/any_event/fall_siste_måneder","viewConfig":{"multiplicity":{"min":0,"max":1},"advanced":{"hidden":true,"readonly":false,"hideFrame":false,"render":false},"label":{"custom":false,"useLocalizations":false},"size":{"field":"inherit","label":"inherit"},"layout":{"label":{"valign":"inherit","align":"inherit"},"field":{"valign":"inherit","align":"inherit"}},"annotations":{"calcId":"FS"},"field":{}}},{"name":"Synshemminger","localizedName":"Synshemminger","localizedNames":{"en":"*Synshemminger (nb)","nb":"Synshemminger"},"localizedDescriptions":{"nb":"Er pasient synsskadet/synshemmet i et slikt omfang at hverdagslig funksjoner er påvirket?","en":"*Er pasient synsskadet/synshemmet i et slikt omfang at hverdagslig funksjoner er påvirket? (nb)"},"rmType":"DV_ORDINAL","nodeId":"at0006","min":0,"max":1,"aqlPath":"/content[openEHR-EHR-OBSERVATION.stratify_no.v1]/data[at0001]/events[at0002]/data[at0003]/items[at0006]/value","inputs":[{"type":"CODED_TEXT","list":[{"value":"at0015","label":"Nei","ordinal":0,"localizedLabels":{"nb":"Nei","en":"*Nei (nb)"},"localizedDescriptions":{"nb":"Pasienten har ikke store synshemminger.","en":"*Pasienten har ikke store synshemminger. (nb)"}},{"value":"at0017","label":"Ja","ordinal":1,"localizedLabels":{"nb":"Ja","en":"*Ja (nb)"},"localizedDescriptions":{"nb":"Pasienten har store synshemminger.","en":"*Pasienten har store synshemminger. (nb)"}}],"listOpen":false}],"formId":"hv_fallrisikovurdering/stratify/uspesifisert_hendelse/synshemminger","viewConfig":{"multiplicity":{"min":0,"max":1},"advanced":{"hidden":false,"readonly":false,"hideFrame":false,"render":false},"label":{"custom":false,"useLocalizations":false},"size":{"field":"inherit","label":"inherit"},"layout":{"label":{"valign":"inherit","align":"inherit"},"field":{"valign":"inherit","align":"inherit"}},"annotations":{},"field":{"presentation":"radios","columns":"2","input":{"presentation":"radios","columns":"2"}}}},{"name":"Synshemminger","localizedName":"Synshemminger","localizedNames":{"en":"*Synshemminger (nb)","nb":"Synshemminger"},"localizedDescriptions":{"nb":"*","en":"** (nb)"},"rmType":"DV_COUNT","nodeId":"at0012","min":0,"max":1,"aqlPath":"/content[openEHR-EHR-OBSERVATION.fr_kalk_dips.v0]/data[at0001]/events[at0002]/data[at0003]/items[at0012]/value","inputs":[{"type":"INTEGER","defaultValue":"","listOpen":false}],"formId":"hv_fallrisikovurdering/fr_kalk_dips/any_event/synshemminger","viewConfig":{"multiplicity":{"min":0,"max":1},"advanced":{"hidden":true,"readonly":false,"hideFrame":false,"render":false},"label":{"custom":false,"useLocalizations":false},"size":{"field":"inherit","label":"inherit"},"layout":{"label":{"valign":"inherit","align":"inherit"},"field":{"valign":"inherit","align":"inherit"}},"annotations":{"calcId":"SH"},"field":{}}},{"name":"Urolig atferd","localizedName":"Urolig atferd","localizedNames":{"en":"*Urolig atferd (nb)","nb":"Urolig atferd"},"localizedDescriptions":{"nb":"Er pasient urolig?","en":"*Er pasient urolig? (nb)"},"rmType":"DV_ORDINAL","nodeId":"at0005","min":0,"max":1,"aqlPath":"/content[openEHR-EHR-OBSERVATION.stratify_no.v1]/data[at0001]/events[at0002]/data[at0003]/items[at0005]/value","inputs":[{"type":"CODED_TEXT","list":[{"value":"at0013","label":"Nei","ordinal":0,"localizedLabels":{"nb":"Nei","en":"*Nei (nb)"},"localizedDescriptions":{"nb":"Pasienten viser ikke urolig atferd.","en":"*Pasienten viser ikke urolig atferd. (nb)"}},{"value":"at0014","label":"Ja","ordinal":1,"localizedLabels":{"nb":"Ja","en":"*Ja (nb)"},"localizedDescriptions":{"nb":"Pasienten viser urolig atferd.","en":"*Pasienten viser urolig atferd. (nb)"}}],"listOpen":false}],"formId":"hv_fallrisikovurdering/stratify/uspesifisert_hendelse/urolig_atferd","viewConfig":{"multiplicity":{"min":0,"max":1},"advanced":{"hidden":false,"readonly":false,"hideFrame":false,"render":false},"label":{"custom":false,"useLocalizations":false},"size":{"field":"inherit","label":"inherit"},"layout":{"label":{"valign":"inherit","align":"inherit"},"field":{"valign":"inherit","align":"inherit"}},"annotations":{},"field":{"presentation":"radios","columns":"2","input":{"presentation":"radios","columns":"2"}}}},{"name":"Urolig adferd","localizedName":"Urolig adferd","localizedNames":{"en":"*Urolig adferd (nb)","nb":"Urolig adferd"},"localizedDescriptions":{"nb":"*","en":"** (nb)"},"rmType":"DV_COUNT","nodeId":"at0014","min":0,"max":1,"aqlPath":"/content[openEHR-EHR-OBSERVATION.fr_kalk_dips.v0]/data[at0001]/events[at0002]/data[at0003]/items[at0014]/value","inputs":[{"type":"INTEGER","defaultValue":"","listOpen":false}],"formId":"hv_fallrisikovurdering/fr_kalk_dips/any_event/urolig_adferd","viewConfig":{"multiplicity":{"min":0,"max":1},"advanced":{"hidden":true,"readonly":false,"hideFrame":false,"render":false},"label":{"custom":false,"useLocalizations":false},"size":{"field":"inherit","label":"inherit"},"layout":{"label":{"valign":"inherit","align":"inherit"},"field":{"valign":"inherit","align":"inherit"}},"annotations":{"calcId":"UA"},"field":{}}},{"name":"Hyppige toalettbesøk","localizedName":"Hyppige toalettbesøk","localizedNames":{"en":"*Hyppige toalettbesøk (nb)","nb":"Hyppige toalettbesøk"},"localizedDescriptions":{"nb":"Oppfatter du at pasient har spesielt behov av å besøke toalett ofte?","en":"*Oppfatter du at pasient har spesielt behov av å besøke toalett ofte? (nb)"},"rmType":"DV_ORDINAL","nodeId":"at0007","min":0,"max":1,"aqlPath":"/content[openEHR-EHR-OBSERVATION.stratify_no.v1]/data[at0001]/events[at0002]/data[at0003]/items[at0007]/value","inputs":[{"type":"CODED_TEXT","list":[{"value":"at0018","label":"Nei","ordinal":0,"localizedLabels":{"nb":"Nei","en":"*Nei (nb)"},"localizedDescriptions":{"nb":"Oppfatter ikke at pasient har behov for hyppige toalettbesøk.","en":"*Oppfatter ikke at pasient har behov for hyppige toalettbesøk. (nb)"}},{"value":"at0019","label":"Ja","ordinal":1,"localizedLabels":{"nb":"Ja","en":"*Ja (nb)"},"localizedDescriptions":{"nb":"Oppfatter at pasient har behov for hyppige toalettbesøk.","en":"*Oppfatter at pasient har behov for hyppige toalettbesøk. (nb)"}}],"listOpen":false}],"formId":"hv_fallrisikovurdering/stratify/uspesifisert_hendelse/hyppige_toalettbesøk","viewConfig":{"multiplicity":{"min":0,"max":1},"advanced":{"hidden":false,"readonly":false,"hideFrame":false,"render":false},"label":{"custom":false,"useLocalizations":false},"size":{"field":"inherit","label":"inherit"},"layout":{"label":{"valign":"inherit","align":"inherit"},"field":{"valign":"inherit","align":"inherit"}},"annotations":{},"field":{"presentation":"radios","columns":"2","input":{"presentation":"radios","columns":"2"}}}},{"name":"Hyppige toalettbesøk","localizedName":"Hyppige toalettbesøk","localizedNames":{"en":"*Hyppige toalettbesøk (nb)","nb":"Hyppige toalettbesøk"},"localizedDescriptions":{"nb":"*","en":"** (nb)"},"rmType":"DV_COUNT","nodeId":"at0015","min":0,"max":1,"aqlPath":"/content[openEHR-EHR-OBSERVATION.fr_kalk_dips.v0]/data[at0001]/events[at0002]/data[at0003]/items[at0015]/value","inputs":[{"type":"INTEGER","defaultValue":"","listOpen":false}],"formId":"hv_fallrisikovurdering/fr_kalk_dips/any_event/hyppige_toalettbesøk","viewConfig":{"multiplicity":{"min":0,"max":1},"advanced":{"hidden":true,"readonly":false,"hideFrame":false,"render":false},"label":{"custom":false,"useLocalizations":false},"size":{"field":"inherit","label":"inherit"},"layout":{"label":{"valign":"inherit","align":"inherit"},"field":{"valign":"inherit","align":"inherit"}},"annotations":{"calcId":"HT"},"field":{}}},{"name":"Forflytning fra seng til stol","localizedName":"Forflytning fra seng til stol","localizedNames":{"en":"*Forflytning fra seng til stol (nb)","nb":"Forflytning fra seng til stol"},"localizedDescriptions":{"nb":"Beskriv pasientens prestasjonsnivå for forflytning fra seng til stol.","en":"*Beskriv pasientens prestasjonsnivå for forflytning fra seng til stol. (nb)"},"rmType":"DV_ORDINAL","nodeId":"at0023","min":0,"max":1,"aqlPath":"/content[openEHR-EHR-OBSERVATION.stratify_no.v1]/data[at0001]/events[at0002]/data[at0003]/items[at0022]/items[at0023]/value","inputs":[{"type":"CODED_TEXT","list":[{"value":"at0026","label":"Kan ikke flytte seg","ordinal":0,"localizedLabels":{"nb":"Kan ikke flytte seg","en":"*Kan ikke flytte seg (nb)"},"localizedDescriptions":{"nb":"*(nb)","en":"**(nb) (nb)"}},{"value":"at0027","label":"Trenger stor/vesentlig hjelp","ordinal":1,"localizedLabels":{"nb":"Trenger stor/vesentlig hjelp","en":"*Trenger stor/vesentlig hjelp (nb)"},"localizedDescriptions":{"nb":"*(nb)","en":"**(nb) (nb)"}},{"value":"at0028","label":"Trenger lite hjelp","ordinal":2,"localizedLabels":{"nb":"Trenger lite hjelp","en":"*Trenger lite hjelp (nb)"},"localizedDescriptions":{"nb":"*(nb)","en":"**(nb) (nb)"}},{"value":"at0029","label":"Selvstendig med eller uten hjelpemidler","ordinal":3,"localizedLabels":{"nb":"Selvstendig med eller uten hjelpemidler","en":"*Selvstendig med eller uten hjelpemidler (nb)"},"localizedDescriptions":{"nb":"*(nb)","en":"**(nb) (nb)"}}],"listOpen":false}],"formId":"hv_fallrisikovurdering/stratify/uspesifisert_hendelse/forflytning_+_rørlighet_gangfunksjon/forflytning_fra_seng_til_stol","viewConfig":{"multiplicity":{"min":0,"max":1},"advanced":{"hidden":false,"readonly":false,"hideFrame":false,"render":false},"label":{"custom":false,"useLocalizations":false},"size":{"field":"inherit","label":"inherit"},"layout":{"label":{"valign":"inherit","align":"inherit"},"field":{"valign":"inherit","align":"inherit"}},"annotations":{},"field":{"presentation":"combobox","columns":"4","input":{"presentation":"combobox","columns":"4"}}}},{"name":"Forflytning mellom seng og stol","localizedName":"Forflytning mellom seng og stol","localizedNames":{"en":"*Forflytning mellom seng og stol (nb)","nb":"Forflytning mellom seng og stol"},"localizedDescriptions":{"nb":"*","en":"** (nb)"},"rmType":"DV_COUNT","nodeId":"at0016","min":0,"max":1,"aqlPath":"/content[openEHR-EHR-OBSERVATION.fr_kalk_dips.v0]/data[at0001]/events[at0002]/data[at0003]/items[at0016]/value","inputs":[{"type":"INTEGER","defaultValue":"","listOpen":false}],"formId":"hv_fallrisikovurdering/fr_kalk_dips/any_event/forflytning_mellom_seng_og_stol","viewConfig":{"multiplicity":{"min":0,"max":1},"advanced":{"hidden":true,"readonly":false,"hideFrame":false,"render":false},"label":{"custom":false,"useLocalizations":false},"size":{"field":"inherit","label":"inherit"},"layout":{"label":{"valign":"inherit","align":"inherit"},"field":{"valign":"inherit","align":"inherit"}},"annotations":{"calcId":"FSS"},"field":{}}},{"name":"Rørlighet/gangfunksjon","localizedName":"Rørlighet/gangfunksjon","localizedNames":{"en":"*Rørlighet/gangfunksjon (nb)","nb":"Rørlighet/gangfunksjon"},"localizedDescriptions":{"nb":"Beskriver pasientens nivå av rørlighet/gangfunksjon.","en":"*Beskriver pasientens nivå av rørlighet/gangfunksjon. (nb)"},"rmType":"DV_ORDINAL","nodeId":"at0024","min":0,"max":1,"aqlPath":"/content[openEHR-EHR-OBSERVATION.stratify_no.v1]/data[at0001]/events[at0002]/data[at0003]/items[at0022]/items[at0024]/value","inputs":[{"type":"CODED_TEXT","list":[{"value":"at0030","label":"Ikke mobil","ordinal":0,"localizedLabels":{"nb":"Ikke mobil","en":"*Ikke mobil (nb)"},"localizedDescriptions":{"nb":"*(nb)","en":"**(nb) (nb)"}},{"value":"at0031","label":"Selvstendig med hjelp av rullestol","ordinal":1,"localizedLabels":{"nb":"Selvstendig med hjelp av rullestol","en":"*Selvstendig med hjelp av rullestol (nb)"},"localizedDescriptions":{"nb":"*(nb)","en":"**(nb) (nb)"}},{"value":"at0032","label":"Bruker gå-hjelpemiddel eller går med hjelp av en person","ordinal":2,"localizedLabels":{"nb":"Bruker gå-hjelpemiddel eller går med hjelp av en person","en":"*Bruker gå-hjelpemiddel eller går med hjelp av en person (nb)"},"localizedDescriptions":{"nb":"*(nb)","en":"**(nb) (nb)"}},{"value":"at0034","label":"Selvstendig","ordinal":3,"localizedLabels":{"nb":"Selvstendig","en":"*Selvstendig (nb)"},"localizedDescriptions":{"nb":"*(nb)","en":"**(nb) (nb)"}}],"listOpen":false}],"formId":"hv_fallrisikovurdering/stratify/uspesifisert_hendelse/forflytning_+_rørlighet_gangfunksjon/rørlighet_gangfunksjon","viewConfig":{"multiplicity":{"min":0,"max":1},"advanced":{"hidden":false,"readonly":false,"hideFrame":false,"render":false},"label":{"custom":false,"useLocalizations":false},"size":{"field":"inherit","label":"inherit"},"layout":{"label":{"valign":"inherit","align":"inherit"},"field":{"valign":"inherit","align":"inherit"}},"annotations":{},"field":{"presentation":"combobox","columns":"4","input":{"presentation":"combobox","columns":"4"}}}},{"name":"Mobilitet","localizedName":"Mobilitet","localizedNames":{"en":"*Mobilitet (nb)","nb":"Mobilitet"},"localizedDescriptions":{"nb":"*","en":"** (nb)"},"rmType":"DV_COUNT","nodeId":"at0017","min":0,"max":1,"aqlPath":"/content[openEHR-EHR-OBSERVATION.fr_kalk_dips.v0]/data[at0001]/events[at0002]/data[at0003]/items[at0017]/value","inputs":[{"type":"INTEGER","defaultValue":"","listOpen":false}],"formId":"hv_fallrisikovurdering/fr_kalk_dips/any_event/mobilitet","viewConfig":{"multiplicity":{"min":0,"max":1},"advanced":{"hidden":true,"readonly":false,"hideFrame":false,"render":false},"label":{"custom":false,"useLocalizations":false},"size":{"field":"inherit","label":"inherit"},"layout":{"label":{"valign":"inherit","align":"inherit"},"field":{"valign":"inherit","align":"inherit"}},"annotations":{"calcId":"MOB"},"field":{}}},{"name":"Sum forflytning og mobilitet","localizedName":"Sum forflytning og mobilitet","localizedNames":{"en":"*Sum forflytning og mobilitet (nb)","nb":"Sum forflytning og mobilitet"},"localizedDescriptions":{"nb":"*","en":"** (nb)"},"rmType":"DV_COUNT","nodeId":"at0018","min":0,"max":1,"aqlPath":"/content[openEHR-EHR-OBSERVATION.fr_kalk_dips.v0]/data[at0001]/events[at0002]/data[at0003]/items[at0018]/value","inputs":[{"type":"INTEGER","defaultValue":"","listOpen":false}],"formId":"hv_fallrisikovurdering/fr_kalk_dips/any_event/sum_forflytning_og_mobilitet","viewConfig":{"multiplicity":{"min":0,"max":1},"advanced":{"hidden":true,"readonly":false,"hideFrame":false,"render":false},"label":{"custom":false,"useLocalizations":false},"size":{"field":"inherit","label":"inherit"},"layout":{"label":{"valign":"inherit","align":"inherit"},"field":{"valign":"inherit","align":"inherit"}},"annotations":{"calc":"FSS + MOB"},"field":{}}},{"name":"Barthel hjelpefelt for kalkulasjon","localizedName":"Barthel hjelpefelt for kalkulasjon","localizedNames":{"en":"*Barthel hjelpefelt for kalkulasjon (nb)","nb":"Barthel hjelpefelt for kalkulasjon"},"localizedDescriptions":{"nb":"*","en":"** (nb)"},"rmType":"DV_COUNT","nodeId":"at0024","min":0,"max":1,"aqlPath":"/content[openEHR-EHR-OBSERVATION.fr_kalk_dips.v0]/data[at0001]/events[at0002]/data[at0003]/items[at0024]/value","inputs":[{"type":"INTEGER","defaultValue":"","listOpen":false}],"formId":"hv_fallrisikovurdering/fr_kalk_dips/any_event/barthel_hjelpefelt_for_kalkulasjon","viewConfig":{"multiplicity":{"min":0,"max":1},"advanced":{"hidden":true,"readonly":false,"hideFrame":false,"render":false},"label":{"custom":false,"useLocalizations":false},"size":{"field":"inherit","label":"inherit"},"layout":{"label":{"valign":"inherit","align":"inherit"},"field":{"valign":"inherit","align":"inherit"}},"annotations":{"calcid":"BHF"},"field":{}}},{"name":"Svarpoeng","localizedName":"Svarpoeng","localizedNames":{"en":"*Svarpoeng (nb)","nb":"Svarpoeng"},"localizedDescriptions":{"nb":"Poengene fra Forflytning fra seng til stol og Rørlighet/gangfunksjon legges sammen. Er summen 0-2 eller 5-6 gis 0 poeng. Er summen 3-4 gis 1 poeng.","en":"*Poengene fra Forflytning fra seng til stol og Rørlighet/gangfunksjon legges sammen. Er summen 0-2 eller 5-6 gis 0 poeng. Er summen 3-4 gis 1 poeng. (nb)"},"rmType":"DV_COUNT","nodeId":"at0025","min":0,"max":1,"aqlPath":"/content[openEHR-EHR-OBSERVATION.stratify_no.v1]/data[at0001]/events[at0002]/data[at0003]/items[at0022]/items[at0025]/value","inputs":[{"type":"INTEGER","validation":{"range":{"minOp":">=","min":0.0,"maxOp":"<=","max":1.0}},"defaultValue":"","listOpen":false}],"formId":"hv_fallrisikovurdering/stratify/uspesifisert_hendelse/forflytning_+_rørlighet_gangfunksjon/svarpoeng","viewConfig":{"multiplicity":{"min":0,"max":1},"advanced":{"hidden":true,"readonly":false,"hideFrame":false,"render":false},"label":{"custom":false,"useLocalizations":false},"size":{"field":"inherit","label":"inherit"},"layout":{"label":{"valign":"inherit","align":"inherit"},"field":{"valign":"inherit","align":"inherit"}},"annotations":{},"field":{}}},{"name":"Mener du pasienten har økt risiko for fall?","localizedName":"Mener du pasienten har økt risiko for fall?","localizedNames":{"en":"*Mener du pasienten har økt risiko for fall? (nb)","nb":"Mener du pasienten har økt risiko for fall?"},"localizedDescriptions":{"nb":"Mener du pasienten har økt risiko for fall?","en":"*Mener du pasienten har økt risiko for fall? (nb)"},"rmType":"DV_BOOLEAN","nodeId":"at0017","min":0,"max":1,"aqlPath":"/content[openEHR-EHR-EVALUATION.innl_fallrisiko.v1]/data[at0001]/items[at0017]/value","inputs":[{"type":"BOOLEAN","defaultValue":"False","listOpen":false}],"formId":"hv_fallrisikovurdering/fallrisiko/mener_du_pasienten_har_økt_risiko_for_fall","viewConfig":{"multiplicity":{"min":0,"max":1},"advanced":{"hidden":false,"readonly":false,"hideFrame":false,"render":false},"label":{"custom":false,"useLocalizations":false},"size":{"field":"inherit","label":"inherit"},"layout":{"label":{"valign":"inherit","align":"inherit"},"field":{"valign":"inherit","align":"inherit"}},"annotations":{},"field":{"input":{"threeState":false}}}},{"name":"Mener du pasienten har risiko","localizedName":"Mener du pasienten har risiko","localizedNames":{"en":"*Mener du pasienten har risiko (nb)","nb":"Mener du pasienten har risiko"},"localizedDescriptions":{"nb":"*","en":"** (nb)"},"rmType":"DV_COUNT","nodeId":"at0011","min":0,"max":1,"aqlPath":"/content[openEHR-EHR-OBSERVATION.fr_kalk_dips.v0]/data[at0001]/events[at0002]/data[at0003]/items[at0011]/value","inputs":[{"type":"INTEGER","defaultValue":"","listOpen":false}],"formId":"hv_fallrisikovurdering/fr_kalk_dips/any_event/mener_du_pasienten_har_risiko","viewConfig":{"multiplicity":{"min":0,"max":1},"advanced":{"hidden":true,"readonly":false,"hideFrame":false,"render":false},"label":{"custom":false,"useLocalizations":false},"size":{"field":"inherit","label":"inherit"},"layout":{"label":{"valign":"inherit","align":"inherit"},"field":{"valign":"inherit","align":"inherit"}},"annotations":{"calcId":"MENERDU"},"field":{}}}]},{"name":"Poeng totalt","localizedName":"Poeng totalt","localizedNames":{"en":"*Poeng totalt (nb)","nb":"Poeng totalt"},"localizedDescriptions":{"nb":"Sum av poeng fra alle elementene.","en":"*Sum av poeng fra alle elementene. (nb)"},"rmType":"DV_COUNT","nodeId":"at0009","min":0,"max":1,"aqlPath":"/content[openEHR-EHR-OBSERVATION.stratify_no.v1]/data[at0001]/events[at0002]/data[at0003]/items[at0009]/value","inputs":[{"type":"INTEGER","validation":{"range":{"minOp":">=","min":0.0,"maxOp":"<=","max":5.0}},"defaultValue":"","listOpen":false}],"formId":"hv_fallrisikovurdering/stratify/uspesifisert_hendelse/poeng_totalt","viewConfig":{"multiplicity":{"min":0,"max":1},"advanced":{"hidden":true,"readonly":false,"hideFrame":false,"render":false},"label":{"custom":false,"useLocalizations":false},"size":{"field":"inherit","label":"inherit"},"layout":{"label":{"valign":"inherit","align":"inherit"},"field":{"valign":"inherit","align":"inherit"}},"annotations":{"calc":"FS + SH + UA + HT + BHF + MENERDU"},"field":{}}},{"name":"Risiko eller ufullstendig screening","localizedName":"Risiko eller ufullstendig screening","localizedNames":{"en":"Risiko eller ufullstendig screening","nb":"Risiko på grunn av ufullstendig screening"},"localizedDescriptions":{},"rmType":"GENERIC_FIELDSET","min":0,"max":1,"inputs":[],"formId":"generic-field-80632","viewConfig":{"multiplicity":{"min":0,"max":1},"advanced":{"hidden":false,"readonly":false,"hideFrame":false,"render":false},"label":{"custom":false,"useLocalizations":false},"size":{"field":"inherit","label":"inherit"},"layout":{"label":{"valign":"inherit","align":"inherit"},"field":{"valign":"inherit","align":"inherit"}},"annotations":{"alertType":"WARNING"},"field":{"formId":null,"name":null}},"children":[]},{"name":"Fieldset","localizedName":"Fieldset","localizedNames":{"en":"*Fieldset (en)","nb":"Risiko for fall"},"localizedDescriptions":{},"rmType":"GENERIC_FIELDSET","min":0,"max":1,"inputs":[],"formId":"generic-field-61691","viewConfig":{"multiplicity":{"min":0,"max":1},"advanced":{"hidden":false,"readonly":false,"hideFrame":false,"render":false},"label":{"custom":false,"useLocalizations":false},"size":{"field":"inherit","label":"inherit"},"layout":{"label":{"valign":"inherit","align":"inherit"},"field":{"valign":"inherit","align":"inherit"}},"annotations":{"alertType":"ERROR"},"field":{"formId":null,"name":null}},"children":[]},{"name":"Ikke risiko","localizedName":"Ikke risiko","localizedNames":{"en":"Ikke risiko","nb":"Ikke risiko"},"localizedDescriptions":{},"rmType":"GENERIC_FIELDSET","min":0,"max":1,"inputs":[],"formId":"generic-field-78022","viewConfig":{"multiplicity":{"min":0,"max":1},"advanced":{"hidden":false,"readonly":false,"hideFrame":false,"render":false},"label":{"custom":false,"useLocalizations":false},"size":{"field":"inherit","label":"inherit"},"layout":{"label":{"valign":"inherit","align":"inherit"},"field":{"valign":"inherit","align":"inherit"}},"annotations":{"alertType":"success"},"field":{"formId":null,"name":null}},"children":[]}]}