{"formId":"form_root","name":"Form root","rmType":"FORM_DEFINITION","viewConfig":{"label":{"custom":false,"value":"","useLocalizations":false,"localizationsList":{}},"size":{"field":"inherit","label":"inherit","fill":"inherit"},"layout":{"valign":"inherit","align":"inherit"},"tags":[],"annotations":{"#TR":"openEHR-EHR-OBSERVATION.tr.v1?scope=episodeofcare"}},"language":"nb","templateLanguages":["nb"],"children":[{"name":"Har pasienten risiko for trombose?","localizedName":"Har pasienten risiko for trombose?","rmType":"DV_CODED_TEXT","nodeId":"at0004","min":"0","max":"1","localizedNames":{"nb":"Har pasienten risiko for trombose?"},"localizedDescriptions":{"nb":"*"},"aqlPath":"/content[openEHR-EHR-OBSERVATION.tr.v1]/data[at0001]/events[at0002]/data[at0003]/items[at0004]/value","inputs":[{"suffix":"code","type":"CODED_TEXT","list":[{"value":"at0005","label":"Ja","localizedLabels":{"nb":"Ja"},"localizedDescriptions":{"nb":"Pasienten har risiko for utvikling av trombose og/eller allerede trombose."}},{"value":"at0006","label":"Nei","localizedLabels":{"nb":"Nei"},"localizedDescriptions":{"nb":"Det er ingen risiko for utvikling av trombose nå, ny screening kreves senere."}},{"value":"at0007","label":"Vet ikke","localizedLabels":{"nb":"Vet ikke"},"localizedDescriptions":{"nb":"Det er ikke tatt stilling til om pasienten er i fare for å utvikle trombose eller har utviklet trombose."}}]}],"formId":"tr_risiko/tr/er_pasienten_i_risiko_for_trombose","viewConfig":{"annotations":{"reuseComposition":"select c from composition c contains observation e[openEHR-EHR-OBSERVATION.tr.v1] where c/archetype_details/template_id/value = 'HV TR' order by c/context/start_time/value desc fetch 1?scope=periodofcare"},"advanced":{"hidden":false,"readonly":false},"size":{"field":"inherit","label":"inherit","fill":"inherit"},"layout":{"label":{"valign":"inherit","align":"top"},"field":{"valign":"inherit","align":"inherit"}},"tags":[],"datasource":{"loadRemote":false,"loadRemoteUrl":"","terminology":""},"field":{"code":{"presentation":"combobox"}}}}]}