{"name":"Form root","localizedNames":{},"localizedDescriptions":{},"rmType":"FORM_DEFINITION","min":0,"max":0,"formId":"form_root","viewConfig":{"label":{"custom":false,"useLocalizations":false},"size":{"field":"inherit","label":"inherit"},"layout":{"label":{"valign":"inherit","align":"inherit"},"field":{"valign":"inherit","align":"inherit"}},"annotations":{}},"children":[{"name":"Klinisk kontakt","localizedName":"Klinisk kontakt","localizedNames":{"en":"*Klinisk kontakt (nb)","nb":"Klinisk kontakt"},"localizedDescriptions":{"nb":"Interaksjon, kontakt eller omsorgshendelse mellom et individ og helsepersonell.","en":"*Interaksjon, kontakt eller omsorgshendelse mellom et individ og helsepersonell. (nb)"},"rmType":"COMPOSITION","nodeId":"openEHR-EHR-COMPOSITION.encounter.v1","min":1,"max":1,"aqlPath":"/","inputs":[],"formId":"klinisk_kontakt","viewConfig":{"multiplicity":{"min":1,"max":1},"advanced":{"hidden":false,"readonly":false,"hideFrame":false,"render":false},"label":{"custom":false,"useLocalizations":false},"size":{"field":"inherit","label":"-1"},"layout":{"label":{"valign":"inherit","align":"inherit"},"field":{"valign":"inherit","align":"inherit"}},"annotations":{},"field":{},"tags":["HideLabel"]},"children":[{"name":"Start time","localizedName":"Tid for målinger","localizedNames":{"en":"*Start time (en)","nb":"Tid for målinger"},"localizedDescriptions":{},"rmType":"DV_DATE_TIME","min":0,"max":1,"aqlPath":"/context/start_time","inputs":[{"type":"DATETIME","listOpen":false}],"formId":"klinisk_kontakt/start_time","viewConfig":{"multiplicity":{"min":0,"max":1},"advanced":{"hidden":false,"readonly":false,"hideFrame":false,"render":false},"label":{"custom":false,"useLocalizations":false},"size":{"field":"inherit","label":"inherit"},"layout":{"label":{"valign":"inherit","align":"inherit"},"field":{"valign":"inherit","align":"inherit"}},"annotations":{"templateVariable":"[sys.now]","calcId":"settime"},"field":{"input":{"hideTime":false,"dateFormat":"","hideDate":false}}}}]},{"name":"vitale tegn","localizedName":"vitale tegn","localizedNames":{"en":"*vitale tegn (en)","nb":"vitale tegn"},"localizedDescriptions":{"nb":"En generisk seksjonsoverskrift som skal gis nytt navn i en templat for å passe i en gitt klinisk kontekst.","en":"*En generisk seksjonsoverskrift som skal gis nytt navn i en templat for å passe i en gitt klinisk kontekst. (nb)"},"rmType":"SECTION","nodeId":"openEHR-EHR-SECTION.adhoc.v1","min":1,"max":1,"aqlPath":"/content[openEHR-EHR-SECTION.adhoc.v1 and name/value='vitale tegn']","inputs":[],"formId":"klinisk_kontakt/vitale_tegn@vitale tegn","viewConfig":{"multiplicity":{"min":1,"max":1},"advanced":{"hidden":false,"readonly":false,"hideFrame":false,"render":false},"label":{"custom":false,"useLocalizations":false},"size":{"field":"inherit","label":"-1"},"layout":{"label":{"valign":"inherit","align":"inherit"},"field":{"valign":"inherit","align":"right"}},"annotations":{},"field":{},"tags":["HideLabel"]},"children":[{"name":"Blodtrykk","localizedName":"Blodtrykk","localizedNames":{"en":"*Blodtrykk (nb)","nb":"Blodtrykk"},"localizedDescriptions":{"nb":"Måling av blodtrykket som uttrykk for det arterielle blodtrykk i det systemiske kretsløp.","en":"*Måling av blodtrykket som uttrykk for det arterielle blodtrykk i det systemiske kretsløp. (nb)"},"rmType":"OBSERVATION","nodeId":"openEHR-EHR-OBSERVATION.blood_pressure.v1","min":1,"max":1,"aqlPath":"/content[openEHR-EHR-SECTION.adhoc.v1 and name/value='vitale tegn']/items[openEHR-EHR-OBSERVATION.blood_pressure.v1]","inputs":[],"formId":"klinisk_kontakt/vitale_tegn@vitale tegn/blodtrykk","viewConfig":{"multiplicity":{"min":1,"max":1},"advanced":{"hidden":false,"readonly":false,"hideFrame":false,"render":false},"label":{"custom":false,"useLocalizations":false},"size":{"field":"inherit","label":"inherit"},"layout":{"label":{"valign":"inherit","align":"inherit"},"field":{"valign":"inherit","align":"inherit"}},"annotations":{},"field":{}},"children":[{"name":"Origin","localizedName":"Origin","localizedNames":{"en":"*Origin (en)","nb":"Origin"},"localizedDescriptions":{},"rmType":"DV_DATE_TIME","min":0,"max":1,"aqlPath":"/content[openEHR-EHR-SECTION.adhoc.v1 and name/value='vitale tegn']/items[openEHR-EHR-OBSERVATION.blood_pressure.v1]/data[at0001]/origin","inputs":[{"type":"DATETIME","listOpen":false}],"formId":"klinisk_kontakt/vitale_tegn@vitale tegn/blodtrykk/historikk/origin","viewConfig":{"multiplicity":{"min":0,"max":1},"advanced":{"hidden":true,"readonly":false,"hideFrame":false,"render":false},"label":{"custom":false,"useLocalizations":false},"size":{"field":"inherit","label":"inherit"},"layout":{"label":{"valign":"inherit","align":"inherit"},"field":{"valign":"inherit","align":"inherit"}},"annotations":{"calc":"settime"},"field":{"input":{"hideTime":false,"dateFormat":"","hideDate":false}}}},{"name":"Systolisk","localizedName":"Systolisk blodtrykk","localizedNames":{"en":"*Systolisk (nb)","nb":"Systolisk blodtrykk"},"localizedDescriptions":{"nb":"Maksimalt systemisk arterielt blodtrykk - målt i systolen, det vil si i hjertets kontraksjonsfase.","en":"*Maksimalt systemisk arterielt blodtrykk - målt i systolen, det vil si i hjertets kontraksjonsfase. (nb)"},"rmType":"DV_QUANTITY","nodeId":"at0004","min":1,"max":1,"aqlPath":"/content[openEHR-EHR-SECTION.adhoc.v1 and name/value='vitale tegn']/items[openEHR-EHR-OBSERVATION.blood_pressure.v1]/data[at0001]/events[at0006]/data[at0003]/items[at0004]/value","inputs":[{"suffix":"magnitude","type":"DECIMAL","defaultValue":"","listOpen":false},{"suffix":"unit","type":"CODED_TEXT","list":[{"value":"mm[Hg]","label":"mm[Hg]","validation":{"range":{"minOp":">=","min":0.0,"maxOp":"<","max":1000.0},"precision":{"minOp":">=","min":0.0,"maxOp":"<=","max":0.0}},"ordinal":0,"localizedLabels":{},"localizedDescriptions":{}}],"listOpen":false}],"formId":"klinisk_kontakt/vitale_tegn@vitale tegn/blodtrykk/uspesifisert_hendelse/systolisk","viewConfig":{"multiplicity":{"min":1,"max":1},"advanced":{"hidden":false,"readonly":false,"hideFrame":false,"render":false},"label":{"custom":false,"useLocalizations":false},"size":{"field":"inherit","label":"inherit"},"layout":{"label":{"valign":"inherit","align":"inherit"},"field":{"valign":"inherit","align":"inherit"}},"annotations":{},"field":{}}},{"name":"Time","localizedName":"Time","localizedNames":{"en":"*Time (en)","nb":"Time"},"localizedDescriptions":{},"rmType":"DV_DATE_TIME","min":0,"max":1,"aqlPath":"/content[openEHR-EHR-SECTION.adhoc.v1 and name/value='vitale tegn']/items[openEHR-EHR-OBSERVATION.blood_pressure.v1]/data[at0001]/events[at0006]/time","inputs":[{"type":"DATETIME","listOpen":false}],"formId":"klinisk_kontakt/vitale_tegn@vitale tegn/blodtrykk/uspesifisert_hendelse/time","viewConfig":{"multiplicity":{"min":0,"max":1},"advanced":{"hidden":true,"readonly":false,"hideFrame":false,"render":false},"label":{"custom":false,"useLocalizations":false},"size":{"field":"inherit","label":"inherit"},"layout":{"label":{"valign":"inherit","align":"inherit"},"field":{"valign":"inherit","align":"inherit"}},"annotations":{"calc":"settime"},"field":{"input":{"hideTime":false,"dateFormat":"","hideDate":false}}}}]},{"name":"Kroppstemperatur","localizedName":"Kroppstemperatur","localizedNames":{"en":"*Kroppstemperatur (nb)","nb":"Kroppstemperatur"},"localizedDescriptions":{"nb":"Måling av kroppstemperatur som skal gjenspeile et individs kjernetemperatur.","en":"*Måling av kroppstemperatur som skal gjenspeile et individs kjernetemperatur. (nb)"},"rmType":"OBSERVATION","nodeId":"openEHR-EHR-OBSERVATION.body_temperature.v2","min":1,"max":1,"aqlPath":"/content[openEHR-EHR-SECTION.adhoc.v1 and name/value='vitale tegn']/items[openEHR-EHR-OBSERVATION.body_temperature.v2]","inputs":[],"formId":"klinisk_kontakt/vitale_tegn@vitale tegn/kroppstemperatur","viewConfig":{"multiplicity":{"min":1,"max":1},"advanced":{"hidden":false,"readonly":false,"hideFrame":false,"render":false},"label":{"custom":false,"useLocalizations":false},"size":{"field":"inherit","label":"inherit"},"layout":{"label":{"valign":"inherit","align":"inherit"},"field":{"valign":"inherit","align":"inherit"}},"annotations":{},"field":{}},"children":[{"name":"Origin","localizedName":"Origin","localizedNames":{"en":"*Origin (en)","nb":"Origin"},"localizedDescriptions":{},"rmType":"DV_DATE_TIME","min":0,"max":1,"aqlPath":"/content[openEHR-EHR-SECTION.adhoc.v1 and name/value='vitale tegn']/items[openEHR-EHR-OBSERVATION.body_temperature.v2]/data[at0002]/origin","inputs":[{"type":"DATETIME","listOpen":false}],"formId":"klinisk_kontakt/vitale_tegn@vitale tegn/kroppstemperatur/*history(en)/origin","viewConfig":{"multiplicity":{"min":0,"max":1},"advanced":{"hidden":true,"readonly":false,"hideFrame":false,"render":false},"label":{"custom":false,"useLocalizations":false},"size":{"field":"inherit","label":"inherit"},"layout":{"label":{"valign":"inherit","align":"inherit"},"field":{"valign":"inherit","align":"inherit"}},"annotations":{"calc":"settime"},"field":{"input":{"hideTime":false,"dateFormat":"","hideDate":false}}}},{"name":"Temperatur","localizedName":"Temperatur","localizedNames":{"en":"*Temperatur (nb)","nb":"Temperatur"},"localizedDescriptions":{"nb":"Målt kroppstemperatur som uttrykk for kjernetemperatur.","en":"*Målt kroppstemperatur som uttrykk for kjernetemperatur. (nb)"},"rmType":"DV_QUANTITY","nodeId":"at0004","min":1,"max":1,"aqlPath":"/content[openEHR-EHR-SECTION.adhoc.v1 and name/value='vitale tegn']/items[openEHR-EHR-OBSERVATION.body_temperature.v2]/data[at0002]/events[at0003]/data[at0001]/items[at0004]/value","inputs":[{"suffix":"magnitude","type":"DECIMAL","defaultValue":"","listOpen":false},{"suffix":"unit","type":"CODED_TEXT","list":[{"value":"Cel","label":"Cel","validation":{"range":{"minOp":">=","min":0.0,"maxOp":"<","max":100.0},"precision":{"minOp":">=","min":1.0,"maxOp":"<=","max":1.0}},"ordinal":0,"localizedLabels":{},"localizedDescriptions":{}},{"value":"[degF]","label":"[degF]","validation":{"range":{"minOp":">=","min":30.0,"maxOp":"<","max":200.0},"precision":{"minOp":">=","min":1.0,"maxOp":"<=","max":1.0}},"ordinal":0,"localizedLabels":{},"localizedDescriptions":{}}],"listOpen":false}],"formId":"klinisk_kontakt/vitale_tegn@vitale tegn/kroppstemperatur/uspesifisert_hendelse/temperatur","viewConfig":{"multiplicity":{"min":1,"max":1},"advanced":{"hidden":false,"readonly":false,"hideFrame":false,"render":false},"label":{"custom":false,"useLocalizations":false},"size":{"field":"inherit","label":"inherit"},"layout":{"label":{"valign":"inherit","align":"inherit"},"field":{"valign":"inherit","align":"inherit"}},"annotations":{},"field":{}}},{"name":"Time","localizedName":"Time","localizedNames":{"en":"*Time (en)","nb":"Time"},"localizedDescriptions":{},"rmType":"DV_DATE_TIME","min":0,"max":1,"aqlPath":"/content[openEHR-EHR-SECTION.adhoc.v1 and name/value='vitale tegn']/items[openEHR-EHR-OBSERVATION.body_temperature.v2]/data[at0002]/events[at0003]/time","inputs":[{"type":"DATETIME","listOpen":false}],"formId":"klinisk_kontakt/vitale_tegn@vitale tegn/kroppstemperatur/uspesifisert_hendelse/time","viewConfig":{"multiplicity":{"min":0,"max":1},"advanced":{"hidden":true,"readonly":false,"hideFrame":false,"render":false},"label":{"custom":false,"useLocalizations":false},"size":{"field":"inherit","label":"inherit"},"layout":{"label":{"valign":"inherit","align":"inherit"},"field":{"valign":"inherit","align":"inherit"}},"annotations":{"calc":"settime"},"field":{"input":{"hideTime":false,"dateFormat":"","hideDate":false}}}}]},{"name":"Åndedrett","localizedName":"Åndedrett","localizedNames":{"en":"*Åndedrett (nb)","nb":"Åndedrett"},"localizedDescriptions":{"nb":"De observerte egenskapene ved spontant åndedrett som hører til de vitale kroppsfunksjoner, og registreres rutinemessig.","en":"*De observerte egenskapene ved spontant åndedrett som hører til de vitale kroppsfunksjoner, og registreres rutinemessig. (nb)"},"rmType":"OBSERVATION","nodeId":"openEHR-EHR-OBSERVATION.respiration.v1","min":1,"max":1,"aqlPath":"/content[openEHR-EHR-SECTION.adhoc.v1 and name/value='vitale tegn']/items[openEHR-EHR-OBSERVATION.respiration.v1]","inputs":[],"formId":"klinisk_kontakt/vitale_tegn@vitale tegn/åndedrett","viewConfig":{"multiplicity":{"min":1,"max":1},"advanced":{"hidden":false,"readonly":false,"hideFrame":false,"render":false},"label":{"custom":false,"useLocalizations":false},"size":{"field":"inherit","label":"inherit"},"layout":{"label":{"valign":"inherit","align":"inherit"},"field":{"valign":"inherit","align":"inherit"}},"annotations":{},"field":{}},"children":[{"name":"Origin","localizedName":"Origin","localizedNames":{"en":"*Origin (en)","nb":"Origin"},"localizedDescriptions":{},"rmType":"DV_DATE_TIME","min":0,"max":1,"aqlPath":"/content[openEHR-EHR-SECTION.adhoc.v1 and name/value='vitale tegn']/items[openEHR-EHR-OBSERVATION.respiration.v1]/data[at0001]/origin","inputs":[{"type":"DATETIME","listOpen":false}],"formId":"klinisk_kontakt/vitale_tegn@vitale tegn/åndedrett/*history(en)/origin","viewConfig":{"multiplicity":{"min":0,"max":1},"advanced":{"hidden":true,"readonly":false,"hideFrame":false,"render":false},"label":{"custom":false,"useLocalizations":false},"size":{"field":"inherit","label":"inherit"},"layout":{"label":{"valign":"inherit","align":"inherit"},"field":{"valign":"inherit","align":"inherit"}},"annotations":{"calc":"settime"},"field":{"input":{"hideTime":false,"dateFormat":"","hideDate":false}}}},{"name":"Frekvens","localizedName":"Frekvens","localizedNames":{"en":"*Frekvens (nb)","nb":"Frekvens"},"localizedDescriptions":{"nb":"Åndedrettsfrekvensen målt som åndedrag per minutt.","en":"*Åndedrettsfrekvensen målt som åndedrag per minutt. (nb)"},"rmType":"DV_QUANTITY","nodeId":"at0004","min":1,"max":1,"aqlPath":"/content[openEHR-EHR-SECTION.adhoc.v1 and name/value='vitale tegn']/items[openEHR-EHR-OBSERVATION.respiration.v1]/data[at0001]/events[at0002]/data[at0003]/items[at0004]/value","inputs":[{"suffix":"magnitude","type":"DECIMAL","defaultValue":"","listOpen":false},{"suffix":"unit","type":"CODED_TEXT","list":[{"value":"/min","label":"/min","validation":{"range":{"minOp":">=","min":0.0,"maxOp":"<=","max":200.0},"precision":{"minOp":">=","min":0.0,"maxOp":"<=","max":0.0}},"ordinal":0,"localizedLabels":{},"localizedDescriptions":{}}],"listOpen":false}],"formId":"klinisk_kontakt/vitale_tegn@vitale tegn/åndedrett/uspesifisert_hendelse/frekvens","viewConfig":{"multiplicity":{"min":1,"max":1},"advanced":{"hidden":false,"readonly":false,"hideFrame":false,"render":false},"label":{"custom":false,"useLocalizations":false},"size":{"field":"inherit","label":"inherit"},"layout":{"label":{"valign":"inherit","align":"inherit"},"field":{"valign":"inherit","align":"inherit"}},"annotations":{},"field":{}}},{"name":"Time","localizedName":"Time","localizedNames":{"en":"*Time (en)","nb":"Time"},"localizedDescriptions":{},"rmType":"DV_DATE_TIME","min":0,"max":1,"aqlPath":"/content[openEHR-EHR-SECTION.adhoc.v1 and name/value='vitale tegn']/items[openEHR-EHR-OBSERVATION.respiration.v1]/data[at0001]/events[at0002]/time","inputs":[{"type":"DATETIME","listOpen":false}],"formId":"klinisk_kontakt/vitale_tegn@vitale tegn/åndedrett/uspesifisert_hendelse/time","viewConfig":{"multiplicity":{"min":0,"max":1},"advanced":{"hidden":true,"readonly":false,"hideFrame":false,"render":false},"label":{"custom":false,"useLocalizations":false},"size":{"field":"inherit","label":"inherit"},"layout":{"label":{"valign":"inherit","align":"inherit"},"field":{"valign":"inherit","align":"inherit"}},"annotations":{"calc":"settime"},"field":{"input":{"hideTime":false,"dateFormat":"","hideDate":false}}}}]},{"name":"Pulsoksymetri","localizedName":"Pulsoksymetri","localizedNames":{"en":"*Pulsoksymetri (nb)","nb":"Pulsoksymetri"},"localizedDescriptions":{"nb":"Blodoksygen og beslektede målinger, målt ved pulsoksymetri eller puls-CO-oksymetri.","en":"*Blodoksygen og beslektede målinger, målt ved pulsoksymetri eller puls-CO-oksymetri. (nb)"},"rmType":"OBSERVATION","nodeId":"openEHR-EHR-OBSERVATION.pulse_oximetry.v1","min":1,"max":1,"aqlPath":"/content[openEHR-EHR-SECTION.adhoc.v1 and name/value='vitale tegn']/items[openEHR-EHR-OBSERVATION.pulse_oximetry.v1]","inputs":[],"formId":"klinisk_kontakt/vitale_tegn@vitale tegn/pulsoksymetri","viewConfig":{"multiplicity":{"min":1,"max":1},"advanced":{"hidden":false,"readonly":false,"hideFrame":false,"render":false},"label":{"custom":false,"useLocalizations":false},"size":{"field":"inherit","label":"inherit"},"layout":{"label":{"valign":"inherit","align":"inherit"},"field":{"valign":"inherit","align":"inherit"}},"annotations":{},"field":{}},"children":[{"name":"Origin","localizedName":"Origin","localizedNames":{"en":"*Origin (en)","nb":"Origin"},"localizedDescriptions":{},"rmType":"DV_DATE_TIME","min":0,"max":1,"aqlPath":"/content[openEHR-EHR-SECTION.adhoc.v1 and name/value='vitale tegn']/items[openEHR-EHR-OBSERVATION.pulse_oximetry.v1]/data[at0001]/origin","inputs":[{"type":"DATETIME","listOpen":false}],"formId":"klinisk_kontakt/vitale_tegn@vitale tegn/pulsoksymetri/*event_series(en)/origin","viewConfig":{"multiplicity":{"min":0,"max":1},"advanced":{"hidden":true,"readonly":false,"hideFrame":false,"render":false},"label":{"custom":false,"useLocalizations":false},"size":{"field":"inherit","label":"inherit"},"layout":{"label":{"valign":"inherit","align":"inherit"},"field":{"valign":"inherit","align":"inherit"}},"annotations":{"calc":"settime"},"field":{"input":{"hideTime":false,"dateFormat":"","hideDate":false}}}},{"name":"SpO₂","localizedName":"SpO₂","localizedNames":{"en":"*SpO₂ (nb)","nb":"SpO₂"},"localizedDescriptions":{"nb":"Oksygenmetning i perifert blod, målt via pulsoksimetri.","en":"*Oksygenmetning i perifert blod, målt via pulsoksimetri. (nb)"},"rmType":"DV_PROPORTION","nodeId":"at0006","min":1,"max":1,"aqlPath":"/content[openEHR-EHR-SECTION.adhoc.v1 and name/value='vitale tegn']/items[openEHR-EHR-OBSERVATION.pulse_oximetry.v1]/data[at0001]/events[at0002]/data[at0003]/items[at0006]/value","inputs":[{"suffix":"numerator","type":"DECIMAL","validation":{"range":{"minOp":">=","min":0.0,"maxOp":"<=","max":100.0}},"listOpen":false},{"suffix":"denominator","type":"DECIMAL","validation":{"range":{"minOp":">=","min":100.0,"maxOp":"<=","max":100.0}},"defaultValue":"100","listOpen":false}],"formId":"klinisk_kontakt/vitale_tegn@vitale tegn/pulsoksymetri/uspesifisert_hendelse/spo₂","viewConfig":{"multiplicity":{"min":1,"max":1},"advanced":{"hidden":false,"readonly":false,"hideFrame":false,"render":false},"label":{"custom":false,"useLocalizations":false},"size":{"field":"inherit","label":"inherit"},"layout":{"label":{"valign":"inherit","align":"inherit"},"field":{"valign":"inherit","align":"inherit"}},"annotations":{}}},{"name":"På romluft","localizedName":"På romluft","localizedNames":{"en":"*På romluft (nb)","nb":"På romluft"},"localizedDescriptions":{"nb":"Individet får luft som tilsvarer 21 % O₂ (alternativt 0.21 FiO₂) og en oksygenflow på 0 liter per minutt.","en":"*Individet får luft som tilsvarer 21 % O₂ (alternativt 0.21 FiO₂) og en oksygenflow på 0 liter per minutt. (nb)"},"rmType":"DV_BOOLEAN","nodeId":"at0057","min":1,"max":1,"aqlPath":"/content[openEHR-EHR-SECTION.adhoc.v1 and name/value='vitale tegn']/items[openEHR-EHR-OBSERVATION.pulse_oximetry.v1]/data[at0001]/events[at0002]/state[at0014]/items[openEHR-EHR-CLUSTER.inspired_oxygen.v1]/items[at0057]/value","inputs":[{"type":"BOOLEAN","defaultValue":"False","listOpen":false}],"formId":"klinisk_kontakt/vitale_tegn@vitale tegn/pulsoksymetri/uspesifisert_hendelse/innåndet_oksygen/på_romluft","viewConfig":{"multiplicity":{"min":1,"max":1},"advanced":{"hidden":false,"readonly":false,"hideFrame":false,"render":false},"label":{"custom":false,"useLocalizations":false},"size":{"field":"inherit","label":"inherit"},"layout":{"label":{"valign":"inherit","align":"inherit"},"field":{"valign":"inherit","align":"inherit"}},"annotations":{},"field":{"input":{"threeState":false}}}},{"name":"Time","localizedName":"Time","localizedNames":{"en":"*Time (en)","nb":"Time"},"localizedDescriptions":{},"rmType":"DV_DATE_TIME","min":0,"max":1,"aqlPath":"/content[openEHR-EHR-SECTION.adhoc.v1 and name/value='vitale tegn']/items[openEHR-EHR-OBSERVATION.pulse_oximetry.v1]/data[at0001]/events[at0002]/time","inputs":[{"type":"DATETIME","listOpen":false}],"formId":"klinisk_kontakt/vitale_tegn@vitale tegn/pulsoksymetri/uspesifisert_hendelse/time","viewConfig":{"multiplicity":{"min":0,"max":1},"advanced":{"hidden":true,"readonly":false,"hideFrame":false,"render":false},"label":{"custom":false,"useLocalizations":false},"size":{"field":"inherit","label":"inherit"},"layout":{"label":{"valign":"inherit","align":"inherit"},"field":{"valign":"inherit","align":"inherit"}},"annotations":{"calc":"settime"},"field":{"input":{"hideTime":false,"dateFormat":"","hideDate":false}}}}]},{"name":"Puls/Hjertefrekvens","localizedName":"Puls/Hjertefrekvens","localizedNames":{"en":"*Puls/Hjertefrekvens (nb)","nb":"Puls/Hjertefrekvens"},"localizedDescriptions":{"nb":"Måling av puls/hjertefrekvens, eller eksplisitt puls eller hjertefrekvens, og beskrivelse av tilhørende egenskaper.","en":"*Måling av puls/hjertefrekvens, eller eksplisitt puls eller hjertefrekvens, og beskrivelse av tilhørende egenskaper. (nb)"},"rmType":"OBSERVATION","nodeId":"openEHR-EHR-OBSERVATION.pulse.v1","min":1,"max":1,"aqlPath":"/content[openEHR-EHR-SECTION.adhoc.v1 and name/value='vitale tegn']/items[openEHR-EHR-OBSERVATION.pulse.v1]","inputs":[],"formId":"klinisk_kontakt/vitale_tegn@vitale tegn/puls_hjertefrekvens","viewConfig":{"multiplicity":{"min":1,"max":1},"advanced":{"hidden":false,"readonly":false,"hideFrame":false,"render":false},"label":{"custom":false,"useLocalizations":false},"size":{"field":"inherit","label":"inherit"},"layout":{"label":{"valign":"inherit","align":"inherit"},"field":{"valign":"inherit","align":"inherit"}},"annotations":{},"field":{}},"children":[{"name":"Origin","localizedName":"Origin","localizedNames":{"en":"*Origin (en)","nb":"Origin"},"localizedDescriptions":{},"rmType":"DV_DATE_TIME","min":0,"max":1,"aqlPath":"/content[openEHR-EHR-SECTION.adhoc.v1 and name/value='vitale tegn']/items[openEHR-EHR-OBSERVATION.pulse.v1]/data[at0002]/origin","inputs":[{"type":"DATETIME","listOpen":false}],"formId":"klinisk_kontakt/vitale_tegn@vitale tegn/puls_hjertefrekvens/history/origin","viewConfig":{"multiplicity":{"min":0,"max":1},"advanced":{"hidden":true,"readonly":false,"hideFrame":false,"render":false},"label":{"custom":false,"useLocalizations":false},"size":{"field":"inherit","label":"inherit"},"layout":{"label":{"valign":"inherit","align":"inherit"},"field":{"valign":"inherit","align":"inherit"}},"annotations":{"calc":"settime"},"field":{"input":{"hideTime":false,"dateFormat":"","hideDate":false}}}},{"name":"Pulsfrekvens","localizedName":"Pulsfrekvens","localizedNames":{"en":"*Pulsfrekvens (en)","nb":"Pulsfrekvens"},"localizedDescriptions":{"nb":"Puls- eller hjertefrekvens, målt i støt/slag per minutt.","en":"*Puls- eller hjertefrekvens, målt i støt/slag per minutt. (nb)"},"rmType":"DV_QUANTITY","nodeId":"at0004","min":1,"max":1,"aqlPath":"/content[openEHR-EHR-SECTION.adhoc.v1 and name/value='vitale tegn']/items[openEHR-EHR-OBSERVATION.pulse.v1]/data[at0002]/events[at0003]/data[at0001]/items[at0004 and name/value='Pulsfrekvens']/value","inputs":[{"suffix":"magnitude","type":"DECIMAL","defaultValue":"","listOpen":false},{"suffix":"unit","type":"CODED_TEXT","list":[{"value":"/min","label":"/min","validation":{"range":{"minOp":">=","min":0.0,"maxOp":"<=","max":1000.0},"precision":{"minOp":">=","min":0.0,"maxOp":"<=","max":0.0}},"ordinal":0,"localizedLabels":{},"localizedDescriptions":{}}],"listOpen":false}],"formId":"klinisk_kontakt/vitale_tegn@vitale tegn/puls_hjertefrekvens/uspesifisert_hendelse/frekvens@Pulsfrekvens","viewConfig":{"multiplicity":{"min":1,"max":1},"advanced":{"hidden":false,"readonly":false,"hideFrame":false,"render":false},"label":{"custom":false,"useLocalizations":false},"size":{"field":"inherit","label":"inherit"},"layout":{"label":{"valign":"inherit","align":"inherit"},"field":{"valign":"inherit","align":"inherit"}},"annotations":{},"field":{}}},{"name":"Time","localizedName":"Time","localizedNames":{"en":"*Time (en)","nb":"Time"},"localizedDescriptions":{},"rmType":"DV_DATE_TIME","min":0,"max":1,"aqlPath":"/content[openEHR-EHR-SECTION.adhoc.v1 and name/value='vitale tegn']/items[openEHR-EHR-OBSERVATION.pulse.v1]/data[at0002]/events[at0003]/time","inputs":[{"type":"DATETIME","listOpen":false}],"formId":"klinisk_kontakt/vitale_tegn@vitale tegn/puls_hjertefrekvens/uspesifisert_hendelse/time","viewConfig":{"multiplicity":{"min":0,"max":1},"advanced":{"hidden":true,"readonly":false,"hideFrame":false,"render":false},"label":{"custom":false,"useLocalizations":false},"size":{"field":"inherit","label":"inherit"},"layout":{"label":{"valign":"inherit","align":"inherit"},"field":{"valign":"inherit","align":"inherit"}},"annotations":{"calc":"settime"},"field":{"input":{"hideTime":false,"dateFormat":"","hideDate":false}}}}]},{"name":"AVPU","localizedName":"AVPU","localizedNames":{"en":"*AVPU (nb)","nb":"AVPU"},"localizedDescriptions":{"nb":"En enkel skala for å vurdere et individs bevissthetsnivå. AVPU er en forkortelse for engelsk \"Alert\", \"Voice\", \"Pain\" og \"Unresponsive\", på norsk \"Våken\", \"Tiltale\", \"Smerte\" og \"Reagerer ikke\".","en":"*En enkel skala for å vurdere et individs bevissthetsnivå. AVPU er en forkortelse for engelsk \"Alert\", \"Voice\", \"Pain\" og \"Unresponsive\", på norsk \"Våken\", \"Tiltale\", \"Smerte\" og \"Reagerer ikke\". (nb)"},"rmType":"OBSERVATION","nodeId":"openEHR-EHR-OBSERVATION.avpu.v1","min":1,"max":1,"aqlPath":"/content[openEHR-EHR-SECTION.adhoc.v1 and name/value='vitale tegn']/items[openEHR-EHR-OBSERVATION.avpu.v1]","inputs":[],"formId":"klinisk_kontakt/vitale_tegn@vitale tegn/avpu","viewConfig":{"multiplicity":{"min":1,"max":1},"advanced":{"hidden":false,"readonly":false,"hideFrame":false,"render":false},"label":{"custom":false,"useLocalizations":false},"size":{"field":"inherit","label":"inherit"},"layout":{"label":{"valign":"inherit","align":"inherit"},"field":{"valign":"inherit","align":"inherit"}},"annotations":{},"field":{}},"children":[{"name":"Origin","localizedName":"Origin","localizedNames":{"en":"*Origin (en)","nb":"Origin"},"localizedDescriptions":{},"rmType":"DV_DATE_TIME","min":0,"max":1,"aqlPath":"/content[openEHR-EHR-SECTION.adhoc.v1 and name/value='vitale tegn']/items[openEHR-EHR-OBSERVATION.avpu.v1]/data[at0001]/origin","inputs":[{"type":"DATETIME","listOpen":false}],"formId":"klinisk_kontakt/vitale_tegn@vitale tegn/avpu/event_series/origin","viewConfig":{"multiplicity":{"min":0,"max":1},"advanced":{"hidden":true,"readonly":false,"hideFrame":false,"render":false},"label":{"custom":false,"useLocalizations":false},"size":{"field":"inherit","label":"inherit"},"layout":{"label":{"valign":"inherit","align":"inherit"},"field":{"valign":"inherit","align":"inherit"}},"annotations":{"calc":"settime"},"field":{"input":{"hideTime":false,"dateFormat":"","hideDate":false}}}},{"name":"AVPU-observasjon","localizedName":"AVPU-observasjon","localizedNames":{"en":"*AVPU-observasjon (nb)","nb":"AVPU-observasjon"},"localizedDescriptions":{"nb":"Observasjonen av individets bevissthetsnivå.","en":"*Observasjonen av individets bevissthetsnivå. (nb)"},"rmType":"DV_CODED_TEXT","nodeId":"at0004","min":1,"max":1,"aqlPath":"/content[openEHR-EHR-SECTION.adhoc.v1 and name/value='vitale tegn']/items[openEHR-EHR-OBSERVATION.avpu.v1]/data[at0001]/events[at0002]/data[at0003]/items[at0004]/value","inputs":[{"suffix":"code","type":"CODED_TEXT","list":[{"value":"at0005","label":"Våken","ordinal":0,"localizedLabels":{"nb":"Våken","en":"*Våken (nb)"},"localizedDescriptions":{"nb":"Øynene åpnes spontant, orientert tale, adlyder kommandoer (A).","en":"*Øynene åpnes spontant, orientert tale, adlyder kommandoer (A). (nb)"}},{"value":"at0006","label":"Tiltale","ordinal":0,"localizedLabels":{"nb":"Tiltale","en":"*Tiltale (nb)"},"localizedDescriptions":{"nb":"Hvilken som helst verbal, motorisk eller øye-respons på verbal tiltale (rop høyt eller rist forsiktig) (V).","en":"*Hvilken som helst verbal, motorisk eller øye-respons på verbal tiltale (rop høyt eller rist forsiktig) (V). (nb)"}},{"value":"at0007","label":"Smerte","ordinal":0,"localizedLabels":{"nb":"Smerte","en":"*Smerte (nb)"},"localizedDescriptions":{"nb":"En hvilken som helst verbal, motorisk eller øye-respons på smertestimuli (eksempelvis press på neglerot), men ikke på verbal tiltale (P).","en":"*En hvilken som helst verbal, motorisk eller øye-respons på smertestimuli (eksempelvis press på neglerot), men ikke på verbal tiltale (P). (nb)"}},{"value":"at0008","label":"Reagerer ikke","ordinal":0,"localizedLabels":{"nb":"Reagerer ikke","en":"*Reagerer ikke (nb)"},"localizedDescriptions":{"nb":"Ingen respons på tale- eller smertestimuli (U).","en":"*Ingen respons på tale- eller smertestimuli (U). (nb)"}}],"listOpen":false}],"formId":"klinisk_kontakt/vitale_tegn@vitale tegn/avpu/uspesifikk_hendelse./avpu-observasjon","viewConfig":{"multiplicity":{"min":1,"max":1},"advanced":{"hidden":false,"readonly":false,"hideFrame":false,"render":false},"label":{"custom":false,"useLocalizations":false},"size":{"field":"inherit","label":"inherit"},"layout":{"label":{"valign":"inherit","align":"inherit"},"field":{"valign":"inherit","align":"inherit"}},"annotations":{},"field":{"code":{"presentation":"combobox","columns":"4"}}}},{"name":"Time","localizedName":"Time","localizedNames":{"en":"*Time (en)","nb":"Time"},"localizedDescriptions":{},"rmType":"DV_DATE_TIME","min":0,"max":1,"aqlPath":"/content[openEHR-EHR-SECTION.adhoc.v1 and name/value='vitale tegn']/items[openEHR-EHR-OBSERVATION.avpu.v1]/data[at0001]/events[at0002]/time","inputs":[{"type":"DATETIME","listOpen":false}],"formId":"klinisk_kontakt/vitale_tegn@vitale tegn/avpu/uspesifikk_hendelse./time","viewConfig":{"multiplicity":{"min":0,"max":1},"advanced":{"hidden":true,"readonly":false,"hideFrame":false,"render":false},"label":{"custom":false,"useLocalizations":false},"size":{"field":"inherit","label":"inherit"},"layout":{"label":{"valign":"inherit","align":"inherit"},"field":{"valign":"inherit","align":"inherit"}},"annotations":{"calc":"settime"},"field":{"input":{"hideTime":false,"dateFormat":"","hideDate":false}}}}]}]},{"name":"NEWS","localizedName":"NEWS","localizedNames":{"en":"*NEWS (nb)","nb":"NEWS"},"localizedDescriptions":{"nb":"NEWS (National Early Warning Score) er et skåringsverktøy som benyttes for å gi en objektiv vurdering av grad av klinisk forverring hos en pasient. Denne versjonen følger retningslinjer utgitt av the UK Royal College of Physicians.","en":"*NEWS (National Early Warning Score) er et skåringsverktøy som benyttes for å gi en objektiv vurdering av grad av klinisk forverring hos en pasient. Denne versjonen følger retningslinjer utgitt av the UK Royal College of Physicians. (nb)"},"rmType":"OBSERVATION","nodeId":"openEHR-EHR-OBSERVATION.news_uk_rcp.v1","min":1,"max":1,"aqlPath":"/content[openEHR-EHR-OBSERVATION.news_uk_rcp.v1]","inputs":[],"formId":"klinisk_kontakt/news","viewConfig":{"multiplicity":{"min":1,"max":1},"advanced":{"hidden":false,"readonly":false,"hideFrame":false,"render":false},"label":{"custom":false,"useLocalizations":false},"size":{"field":"inherit","label":"inherit"},"layout":{"label":{"valign":"inherit","align":"inherit"},"field":{"valign":"inherit","align":"inherit"}},"annotations":{},"field":{}},"children":[{"name":"Origin","localizedName":"Origin","localizedNames":{"en":"*Origin (en)","nb":"Origin"},"localizedDescriptions":{},"rmType":"DV_DATE_TIME","min":0,"max":1,"aqlPath":"/content[openEHR-EHR-OBSERVATION.news_uk_rcp.v1]/data[at0001]/origin","inputs":[{"type":"DATETIME","listOpen":false}],"formId":"klinisk_kontakt/news/event_series/origin","viewConfig":{"multiplicity":{"min":0,"max":1},"advanced":{"hidden":true,"readonly":false,"hideFrame":false,"render":false},"label":{"custom":false,"useLocalizations":false},"size":{"field":"inherit","label":"inherit"},"layout":{"label":{"valign":"inherit","align":"inherit"},"field":{"valign":"inherit","align":"inherit"}},"annotations":{"calc":"settime"},"field":{"input":{"hideTime":false,"dateFormat":"","hideDate":false}}}},{"name":"Totalskår","localizedName":"TOTAL NEWS SCORE","localizedNames":{"en":"*Totalskår (nb)","nb":"TOTAL NEWS SCORE"},"localizedDescriptions":{"nb":"Summen av skår til hvert enkelt NEWS-parameter.","en":"*Summen av skår til hvert enkelt NEWS-parameter. (nb)"},"rmType":"DV_COUNT","nodeId":"at0028","min":0,"max":1,"aqlPath":"/content[openEHR-EHR-OBSERVATION.news_uk_rcp.v1]/data[at0001]/events[at0002]/data[at0003]/items[at0028]/value","inputs":[{"type":"INTEGER","validation":{"range":{"minOp":">=","min":0.0,"maxOp":"<=","max":20.0}},"defaultValue":"","listOpen":false}],"formId":"klinisk_kontakt/news/tidspunkt/totalskår","viewConfig":{"multiplicity":{"min":0,"max":1},"advanced":{"hidden":false,"readonly":false,"hideFrame":false,"render":false},"label":{"custom":false,"useLocalizations":false},"size":{"field":"inherit","label":"inherit"},"layout":{"label":{"valign":"inherit","align":"inherit"},"field":{"valign":"inherit","align":"inherit"}},"annotations":{"calc":"NEWSresp+NEWSsatO2+NEWSO2+NEWStemp+NEWSsys+NEWSpuls+NEWSbevissthet","calcId":"NEWStotal"},"field":{}}},{"name":"Tidspunkt","localizedName":"uspesifisert hendelse","localizedNames":{"en":"*Tidspunkt (nb)","nb":"uspesifisert hendelse"},"localizedDescriptions":{"nb":"En spesifikt dato/tidspunkt som kan defineres mer eksplisitt i et templat eller i en applikasjon.","en":"*En spesifikt dato/tidspunkt som kan defineres mer eksplisitt i et templat eller i en applikasjon. (nb)"},"rmType":"POINT_EVENT","nodeId":"at0002","min":1,"max":1,"aqlPath":"/content[openEHR-EHR-OBSERVATION.news_uk_rcp.v1]/data[at0001]/events[at0002]","inputs":[],"formId":"klinisk_kontakt/news/tidspunkt","viewConfig":{"multiplicity":{"min":1,"max":1},"advanced":{"hidden":false,"readonly":true,"hideFrame":false,"render":false},"label":{"custom":false,"useLocalizations":false},"size":{"field":"inherit","label":"-1"},"layout":{"label":{"valign":"inherit","align":"inherit"},"field":{"valign":"inherit","align":"inherit"}},"annotations":{},"tags":["HideLabel"]},"children":[{"name":"Respirasjonsfrekvens","localizedName":"Respirasjonsfrekvens","localizedNames":{"en":"*Respirasjonsfrekvens (nb)","nb":"Respirasjonsfrekvens"},"localizedDescriptions":{"nb":"Pasientens respirasjonsfrekvens.","en":"*Pasientens respirasjonsfrekvens. (nb)"},"rmType":"DV_ORDINAL","nodeId":"at0006","min":1,"max":1,"aqlPath":"/content[openEHR-EHR-OBSERVATION.news_uk_rcp.v1]/data[at0001]/events[at0002]/data[at0003]/items[at0006]/value","inputs":[{"type":"CODED_TEXT","list":[{"value":"at0018","label":"12-20","ordinal":0,"localizedLabels":{"nb":"12-20","en":"*12-20 (nb)"},"localizedDescriptions":{"nb":"Respirasjonsfrekvensen målt fra og med 12 til og med 20 pust per min; skåres som 0 poeng.","en":"*Respirasjonsfrekvensen målt fra og med 12 til og med 20 pust per min; skåres som 0 poeng. (nb)"}},{"value":"at0019","label":"9-11","ordinal":1,"localizedLabels":{"nb":"9-11","en":"*9-11 (nb)"},"localizedDescriptions":{"nb":"Respirasjonsfrekvensen målt fra og med 9 til og med 11 pust per min; skåres som 1 poeng.","en":"*Respirasjonsfrekvensen målt fra og med 9 til og med 11 pust per min; skåres som 1 poeng. (nb)"}},{"value":"at0020","label":"21-24","ordinal":2,"localizedLabels":{"nb":"21-24","en":"*21-24 (nb)"},"localizedDescriptions":{"nb":"Respirasjonsfrekvensen målt fra og med 21 til og med 24 pust per min; skåres som 2 poeng.","en":"*Respirasjonsfrekvensen målt fra og med 21 til og med 24 pust per min; skåres som 2 poeng. (nb)"}},{"value":"at0021","label":"≤8 eller ≥25","ordinal":3,"localizedLabels":{"nb":"≤8 eller ≥25","en":"*≤8 eller ≥25 (nb)"},"localizedDescriptions":{"nb":"Respirasjonsfrekvensen målt, mindre enn eller lik 8, eller større enn eller lik 25 pust per min; skåres som 3 poeng.","en":"*Respirasjonsfrekvensen målt, mindre enn eller lik 8, eller større enn eller lik 25 pust per min; skåres som 3 poeng. (nb)"}}],"listOpen":false}],"formId":"klinisk_kontakt/news/tidspunkt/respirasjonsfrekvens","viewConfig":{"multiplicity":{"min":1,"max":1},"advanced":{"hidden":false,"readonly":false,"hideFrame":false,"render":false},"label":{"custom":false,"useLocalizations":false},"size":{"field":"inherit","label":"inherit"},"layout":{"label":{"valign":"inherit","align":"inherit"},"field":{"valign":"inherit","align":"inherit"}},"annotations":{"calcId":"NEWSresp"},"field":{"presentation":"combobox","columns":"4","input":{"presentation":"combobox","columns":"4"}}}},{"name":"Oksygenmetning","localizedName":"Oksygenmetning","localizedNames":{"en":"*Oksygenmetning (nb)","nb":"Oksygenmetning"},"localizedDescriptions":{"nb":"Pasientens oksygenmetning.","en":"*Pasientens oksygenmetning. (nb)"},"rmType":"DV_ORDINAL","nodeId":"at0029","min":1,"max":1,"aqlPath":"/content[openEHR-EHR-OBSERVATION.news_uk_rcp.v1]/data[at0001]/events[at0002]/data[at0003]/items[at0029]/value","inputs":[{"type":"CODED_TEXT","list":[{"value":"at0030","label":"≥96","ordinal":0,"localizedLabels":{"nb":"≥96","en":"*≥96 (nb)"},"localizedDescriptions":{"nb":"Oksygenmetning målt større enn eller lik 96 prosent; skåres som 0 poeng.","en":"*Oksygenmetning målt større enn eller lik 96 prosent; skåres som 0 poeng. (nb)"}},{"value":"at0031","label":"94-95","ordinal":1,"localizedLabels":{"nb":"94-95","en":"*94-95 (nb)"},"localizedDescriptions":{"nb":"Oksygenmetning målt fra og med 94 til og med 95 prosent; skåres som 1 poeng.","en":"*Oksygenmetning målt fra og med 94 til og med 95 prosent; skåres som 1 poeng. (nb)"}},{"value":"at0032","label":"92-93","ordinal":2,"localizedLabels":{"nb":"92-93","en":"*92-93 (nb)"},"localizedDescriptions":{"nb":"Oksygenmetning målt fra og med 92 til og med 93 prosent; skåres som 2 poeng.","en":"*Oksygenmetning målt fra og med 92 til og med 93 prosent; skåres som 2 poeng. (nb)"}},{"value":"at0033","label":"≤91","ordinal":3,"localizedLabels":{"nb":"≤91","en":"*≤91 (nb)"},"localizedDescriptions":{"nb":"Oksygenmetning målt som mindre enn eller lik 91 prosent; skåres som 3 poeng.","en":"*Oksygenmetning målt som mindre enn eller lik 91 prosent; skåres som 3 poeng. (nb)"}}],"listOpen":false}],"formId":"klinisk_kontakt/news/tidspunkt/oksygenmetning","viewConfig":{"multiplicity":{"min":1,"max":1},"advanced":{"hidden":false,"readonly":false,"hideFrame":false,"render":false},"label":{"custom":false,"useLocalizations":false},"size":{"field":"inherit","label":"inherit"},"layout":{"label":{"valign":"inherit","align":"inherit"},"field":{"valign":"inherit","align":"inherit"}},"annotations":{"calcId":"NEWSsatO2"},"field":{"presentation":"combobox","columns":"4","input":{"presentation":"combobox","columns":"4"}}}},{"name":"Tilførsel av oksygen","localizedName":"Tilførsel av oksygen","localizedNames":{"en":"*Tilførsel av oksygen (nb)","nb":"Tilførsel av oksygen"},"localizedDescriptions":{"nb":"Om pasienten tilføres oksygen for å opprettholde oksygenmetningen.","en":"*Om pasienten tilføres oksygen for å opprettholde oksygenmetningen. (nb)"},"rmType":"DV_ORDINAL","nodeId":"at0034","min":1,"max":1,"aqlPath":"/content[openEHR-EHR-OBSERVATION.news_uk_rcp.v1]/data[at0001]/events[at0002]/data[at0003]/items[at0034]/value","inputs":[{"type":"CODED_TEXT","list":[{"value":"at0036","label":"Nei","ordinal":0,"localizedLabels":{"nb":"Nei","en":"*Nei (nb)"},"localizedDescriptions":{"nb":"Pasienten tilføres ikke oksygen; skåres som 0 poeng.","en":"*Pasienten tilføres ikke oksygen; skåres som 0 poeng. (nb)"}},{"value":"at0037","label":"Ja","ordinal":2,"localizedLabels":{"nb":"Ja","en":"*Ja (nb)"},"localizedDescriptions":{"nb":"Pasienten tilføres oksygen; skåres som 2 poeng.","en":"*Pasienten tilføres oksygen; skåres som 2 poeng. (nb)"}}],"listOpen":false}],"formId":"klinisk_kontakt/news/tidspunkt/tilførsel_av_oksygen","viewConfig":{"multiplicity":{"min":1,"max":1},"advanced":{"hidden":false,"readonly":false,"hideFrame":false,"render":false},"label":{"custom":false,"useLocalizations":false},"size":{"field":"inherit","label":"inherit"},"layout":{"label":{"valign":"inherit","align":"inherit"},"field":{"valign":"inherit","align":"inherit"}},"annotations":{"calcId":"NEWSO2"},"field":{"presentation":"combobox","columns":"2","input":{"presentation":"combobox","columns":"2"}}}},{"name":"Kroppstemperatur","localizedName":"Kroppstemperatur","localizedNames":{"en":"*Kroppstemperatur (nb)","nb":"Kroppstemperatur"},"localizedDescriptions":{"nb":"Pasientens kroppstemperatur.","en":"*Pasientens kroppstemperatur. (nb)"},"rmType":"DV_ORDINAL","nodeId":"at0007","min":1,"max":1,"aqlPath":"/content[openEHR-EHR-OBSERVATION.news_uk_rcp.v1]/data[at0001]/events[at0002]/data[at0003]/items[at0007]/value","inputs":[{"type":"CODED_TEXT","list":[{"value":"at0022","label":"36.1-38.0","ordinal":0,"localizedLabels":{"nb":"36.1-38.0","en":"*36.1-38.0 (nb)"},"localizedDescriptions":{"nb":"Kroppstemperatur målt fra og med 36,1 til og med 38,0 grader Celsius; skåres til 0 poeng.","en":"*Kroppstemperatur målt fra og med 36,1 til og med 38,0 grader Celsius; skåres til 0 poeng. (nb)"}},{"value":"at0023","label":"35.1-36.0 eller 38.1-39.0","ordinal":1,"localizedLabels":{"nb":"35.1-36.0 eller 38.1-39.0","en":"*35.1-36.0 eller 38.1-39.0 (nb)"},"localizedDescriptions":{"nb":"Kroppstemperatur målt fra og med 35,1 til og med 36,0 grader Celsius eller fra og med 38,1 til og med 39,0 grader Celsius; skåres til 1 poeng.","en":"*Kroppstemperatur målt fra og med 35,1 til og med 36,0 grader Celsius eller fra og med 38,1 til og med 39,0 grader Celsius; skåres til 1 poeng. (nb)"}},{"value":"at0038","label":"≥39,1","ordinal":2,"localizedLabels":{"nb":"≥39,1","en":"*≥39,1 (nb)"},"localizedDescriptions":{"nb":"Kroppstemperatur målt større enn eller lik 39,1 grader Celcius; skåres som 2 poeng.","en":"*Kroppstemperatur målt større enn eller lik 39,1 grader Celcius; skåres som 2 poeng. (nb)"}},{"value":"at0039","label":"≤35","ordinal":3,"localizedLabels":{"nb":"≤35","en":"*≤35 (nb)"},"localizedDescriptions":{"nb":"Kroppstemperatur målt mindre enn eller lik 35,0 grader Celcius; skåres som 3 poeng.","en":"*Kroppstemperatur målt mindre enn eller lik 35,0 grader Celcius; skåres som 3 poeng. (nb)"}}],"listOpen":false}],"formId":"klinisk_kontakt/news/tidspunkt/kroppstemperatur","viewConfig":{"multiplicity":{"min":1,"max":1},"advanced":{"hidden":false,"readonly":false,"hideFrame":false,"render":false},"label":{"custom":false,"useLocalizations":false},"size":{"field":"inherit","label":"inherit"},"layout":{"label":{"valign":"inherit","align":"inherit"},"field":{"valign":"inherit","align":"inherit"}},"annotations":{"calcId":"NEWStemp"},"field":{"presentation":"combobox","columns":"4","input":{"presentation":"combobox","columns":"4"}}}},{"name":"Systolisk blodtrykk","localizedName":"Systolisk blodtrykk","localizedNames":{"en":"*Systolisk blodtrykk (nb)","nb":"Systolisk blodtrykk"},"localizedDescriptions":{"nb":"Pasientens systoliske blodtrykk.","en":"*Pasientens systoliske blodtrykk. (nb)"},"rmType":"DV_ORDINAL","nodeId":"at0004","min":1,"max":1,"aqlPath":"/content[openEHR-EHR-OBSERVATION.news_uk_rcp.v1]/data[at0001]/events[at0002]/data[at0003]/items[at0004]/value","inputs":[{"type":"CODED_TEXT","list":[{"value":"at0014","label":"111-219","ordinal":0,"localizedLabels":{"nb":"111-219","en":"*111-219 (nb)"},"localizedDescriptions":{"nb":"Det systoliske blodtrykket målt fra og med 111 til og med 219 mmHg; skåres som 0 poeng.","en":"*Det systoliske blodtrykket målt fra og med 111 til og med 219 mmHg; skåres som 0 poeng. (nb)"}},{"value":"at0015","label":"101-110","ordinal":1,"localizedLabels":{"nb":"101-110","en":"*101-110 (nb)"},"localizedDescriptions":{"nb":"Det systoliske blodtrykket målt fra og med 101 til og med 110 mmHg; skåres som 1 poeng.","en":"*Det systoliske blodtrykket målt fra og med 101 til og med 110 mmHg; skåres som 1 poeng. (nb)"}},{"value":"at0016","label":"91-100","ordinal":2,"localizedLabels":{"nb":"91-100","en":"*91-100 (nb)"},"localizedDescriptions":{"nb":"Det systoliske blodtrykket målt fra og med 91 til og med 100 mmHg; skåres som 2 poeng.","en":"*Det systoliske blodtrykket målt fra og med 91 til og med 100 mmHg; skåres som 2 poeng. (nb)"}},{"value":"at0017","label":"≤90 eller ≥220","ordinal":3,"localizedLabels":{"nb":"≤90 eller ≥220","en":"*≤90 eller ≥220 (nb)"},"localizedDescriptions":{"nb":"Det systoliske blodtrykket målt mindre enn eller lik 90 mmHg eller større enn eller lik 220 mmHg; skåres som 3 poeng.","en":"*Det systoliske blodtrykket målt mindre enn eller lik 90 mmHg eller større enn eller lik 220 mmHg; skåres som 3 poeng. (nb)"}}],"listOpen":false}],"formId":"klinisk_kontakt/news/tidspunkt/systolisk_blodtrykk","viewConfig":{"multiplicity":{"min":1,"max":1},"advanced":{"hidden":false,"readonly":false,"hideFrame":false,"render":false},"label":{"custom":false,"useLocalizations":false},"size":{"field":"inherit","label":"inherit"},"layout":{"label":{"valign":"inherit","align":"inherit"},"field":{"valign":"inherit","align":"inherit"}},"annotations":{"calcId":"NEWSsys"},"field":{"presentation":"combobox","columns":"4","input":{"presentation":"combobox","columns":"4"}}}},{"name":"Hjertefrekvens/puls","localizedName":"Hjertefrekvens/puls","localizedNames":{"en":"*Hjertefrekvens/puls (nb)","nb":"Hjertefrekvens/puls"},"localizedDescriptions":{"nb":"Pasientens hjertefrekvens.","en":"*Pasientens hjertefrekvens. (nb)"},"rmType":"DV_ORDINAL","nodeId":"at0005","min":1,"max":1,"aqlPath":"/content[openEHR-EHR-OBSERVATION.news_uk_rcp.v1]/data[at0001]/events[at0002]/data[at0003]/items[at0005]/value","inputs":[{"type":"CODED_TEXT","list":[{"value":"at0013","label":"51-90","ordinal":0,"localizedLabels":{"nb":"51-90","en":"*51-90 (nb)"},"localizedDescriptions":{"nb":"Hjertefrekvensen målt fra og med 51 til og med 90 pulsslag per min; skåres som 0 poeng.","en":"*Hjertefrekvensen målt fra og med 51 til og med 90 pulsslag per min; skåres som 0 poeng. (nb)"}},{"value":"at0012","label":"41-50 eller 91-110","ordinal":1,"localizedLabels":{"nb":"41-50 eller 91-110","en":"*41-50 eller 91-110 (nb)"},"localizedDescriptions":{"nb":"Hjertefrekvensen målt fra og med 41 til og med 50 pulsslag per min eller fra og med 91 til og med 110 pulsslag per min; skåres som 1 poeng.","en":"*Hjertefrekvensen målt fra og med 41 til og med 50 pulsslag per min eller fra og med 91 til og med 110 pulsslag per min; skåres som 1 poeng. (nb)"}},{"value":"at0011","label":"111-130","ordinal":2,"localizedLabels":{"nb":"111-130","en":"*111-130 (nb)"},"localizedDescriptions":{"nb":"Hjertefrekvensen målt fra og med 111 til og med 130 pulsslag per min; skåres som 2 poeng.","en":"*Hjertefrekvensen målt fra og med 111 til og med 130 pulsslag per min; skåres som 2 poeng. (nb)"}},{"value":"at0010","label":"≤40 eller ≥131","ordinal":3,"localizedLabels":{"nb":"≤40 eller ≥131","en":"*≤40 eller ≥131 (nb)"},"localizedDescriptions":{"nb":"Hjertefrekvensen målt som mindre enn eller lik 40 pulsslag per min eller større enn eller lik 131 pulsslag per min; skåres som 3 poeng.","en":"*Hjertefrekvensen målt som mindre enn eller lik 40 pulsslag per min eller større enn eller lik 131 pulsslag per min; skåres som 3 poeng. (nb)"}}],"listOpen":false}],"formId":"klinisk_kontakt/news/tidspunkt/hjertefrekvens_puls","viewConfig":{"multiplicity":{"min":1,"max":1},"advanced":{"hidden":false,"readonly":false,"hideFrame":false,"render":false},"label":{"custom":false,"useLocalizations":false},"size":{"field":"inherit","label":"inherit"},"layout":{"label":{"valign":"inherit","align":"inherit"},"field":{"valign":"inherit","align":"inherit"}},"annotations":{"calcId":"NEWSpuls"},"field":{"presentation":"combobox","columns":"4","input":{"presentation":"combobox","columns":"4"}}}},{"name":"Bevissthetsgrad","localizedName":"Bevissthetsgrad","localizedNames":{"en":"*Bevissthetsgrad (nb)","nb":"Bevissthetsgrad"},"localizedDescriptions":{"nb":"Observert kategori for AVPU scoring av pasientens bevissthetstilstand.","en":"*Observert kategori for AVPU scoring av pasientens bevissthetstilstand. (nb)"},"rmType":"DV_ORDINAL","nodeId":"at0008","min":1,"max":1,"aqlPath":"/content[openEHR-EHR-OBSERVATION.news_uk_rcp.v1]/data[at0001]/events[at0002]/data[at0003]/items[at0008]/value","inputs":[{"type":"CODED_TEXT","list":[{"value":"at0024","label":"A","ordinal":0,"localizedLabels":{"nb":"A","en":"*A (nb)"},"localizedDescriptions":{"nb":"Pasienten er helt våken; skåres som 0 poeng.","en":"*Pasienten er helt våken; skåres som 0 poeng. (nb)"}},{"value":"at0025","label":"V, P eller U","ordinal":3,"localizedLabels":{"nb":"V, P eller U","en":"*V, P eller U (nb)"},"localizedDescriptions":{"nb":"V - Reagerer på lyd/ tiltale, P - Reagerer på smerte, U - Reagerer ikke; skåres som 3 poeng.","en":"*V - Reagerer på lyd/ tiltale, P - Reagerer på smerte, U - Reagerer ikke; skåres som 3 poeng. (nb)"}}],"listOpen":false}],"formId":"klinisk_kontakt/news/tidspunkt/bevissthetsgrad","viewConfig":{"multiplicity":{"min":1,"max":1},"advanced":{"hidden":false,"readonly":false,"hideFrame":false,"render":false},"label":{"custom":false,"useLocalizations":false},"size":{"field":"inherit","label":"inherit"},"layout":{"label":{"valign":"inherit","align":"inherit"},"field":{"valign":"inherit","align":"inherit"}},"annotations":{"calcId":"NEWSbevissthet"},"field":{"presentation":"combobox","columns":"2","input":{"presentation":"combobox","columns":"2"}}}},{"name":"Time","localizedName":"Tidspunkt for scoring","localizedNames":{"en":"*Time (en)","nb":"Tidspunkt for scoring"},"localizedDescriptions":{},"rmType":"DV_DATE_TIME","min":0,"max":1,"aqlPath":"/content[openEHR-EHR-OBSERVATION.news_uk_rcp.v1]/data[at0001]/events[at0002]/time","inputs":[{"type":"DATETIME","listOpen":false}],"formId":"klinisk_kontakt/news/tidspunkt/time","viewConfig":{"multiplicity":{"min":0,"max":1},"advanced":{"hidden":true,"readonly":false,"hideFrame":false,"render":false},"label":{"custom":false,"useLocalizations":false},"size":{"field":"inherit","label":"inherit"},"layout":{"label":{"valign":"inherit","align":"inherit"},"field":{"valign":"inherit","align":"inherit"}},"annotations":{"calc":"settime"},"field":{"input":{"hideTime":false,"dateFormat":"","hideDate":false}}}}]}]},{"name":"Fieldset","localizedName":"Rød NEWS respons","localizedNames":{"en":"*Fieldset (en)","nb":"Rød NEWS respons"},"localizedDescriptions":{},"rmType":"GENERIC_FIELDSET","min":0,"max":1,"inputs":[],"formId":"generic-field-12804","viewConfig":{"multiplicity":{"min":0,"max":1},"advanced":{"hidden":false,"readonly":false,"hideFrame":false,"render":false},"label":{"custom":false,"useLocalizations":false},"size":{"field":"inherit","label":"inherit"},"layout":{"label":{"valign":"inherit","align":"inherit"},"field":{"valign":"inherit","align":"inherit"}},"annotations":{"alertType":"ERROR"},"field":{"formId":null,"name":null}},"children":[{"name":"Input","localizedName":"varlingstekst (denne brukes for regelsettet)","localizedNames":{"en":"*Input (en)","nb":"varlingstekst (denne brukes for regelsettet)"},"localizedDescriptions":{},"rmType":"GENERIC_FIELD","min":1,"max":1,"inputs":[{"type":"TEXT","list":[],"listOpen":false}],"formId":"generic-field-38565","viewConfig":{"multiplicity":{"min":1,"max":1},"advanced":{"hidden":false,"readonly":false,"hideFrame":false,"render":false},"label":{"custom":false,"useLocalizations":false},"size":{"field":"inherit","label":"inherit"},"layout":{"label":{"valign":"inherit","align":"inherit"},"field":{"valign":"inherit","align":"inherit"}},"annotations":{"calc":"IF(0=$NEWStotal,\"Ny NEWS score anbefales om 12 timer\",IF(7<=$NEWStotal,\"Vakthavende lege burde øyeblikkelig tilkalles for å vurdere pasienten tilstand. Pasienten burde vurderes flyttet til et høyere omsorgsnivå\",IF(or(3=$NEWSresp,3=$NEWSO2,3=$NEWSsatO2,3=$NEWStemp,3=$NEWSsys,3=$NEWSpuls,3=$NEWSbevissthet,and(5<=$NEWStotal,5>=$NEWStotal)),\"NEWS score anbefales hver time og pasienten burde kobles til scop\",IF(and(1<=$NEWStotal,4>=$NEWStotal),\"NEWS score anbefales hver 4-6 time\",\"\"))))","calcId":"warning"},"field":{"lines":null,"input":{},"type":"DV_TEXT"}}}]},{"name":"Fieldset","localizedName":"gul NEWS respons 1","localizedNames":{"en":"*Fieldset (en)","nb":"Gul NEWS respons"},"localizedDescriptions":{},"rmType":"GENERIC_FIELDSET","min":0,"max":1,"inputs":[],"formId":"generic-field-04759","viewConfig":{"multiplicity":{"min":0,"max":1},"advanced":{"hidden":false,"readonly":false,"hideFrame":false,"render":false},"label":{"custom":false,"useLocalizations":false},"size":{"field":"inherit","label":"inherit"},"layout":{"label":{"valign":"inherit","align":"inherit"},"field":{"valign":"inherit","align":"inherit"}},"annotations":{"alertType":"IMPORTANT"},"field":{"formId":null,"name":null}},"children":[{"name":"Input","localizedName":"varlingstekst ","localizedNames":{"en":"*Input (en)","nb":"varlingstekst "},"localizedDescriptions":{},"rmType":"GENERIC_FIELD","min":0,"max":-1,"inputs":[{"type":"TEXT","list":[],"listOpen":false}],"formId":"generic-field-79375","viewConfig":{"multiplicity":{"min":0,"max":-1},"advanced":{"hidden":false,"readonly":false,"hideFrame":false,"render":false},"label":{"custom":false,"useLocalizations":false},"size":{"field":"inherit","label":"-1"},"layout":{"label":{"valign":"inherit","align":"inherit"},"field":{"valign":"inherit","align":"inherit"}},"annotations":{"calc":"IF(0=$NEWStotal,\"Ny NEWS score anbefales om 12 timer\",IF(7<=$NEWStotal,\"Vakthavende lege burde øyeblikkelig tilkalles for å vurdere pasienten tilstand. Pasienten burde vurderes flyttet til et høyere omsorgsnivå\",IF(or(3=$NEWSresp,3=$NEWSO2,3=$NEWSsatO2,3=$NEWStemp,3=$NEWSsys,3=$NEWSpuls,3=$NEWSbevissthet,and(5<=$NEWStotal,5>=$NEWStotal)),\"NEWS score anbefales hver time og pasienten burde kobles til scop\",IF(and(1<=$NEWStotal,4>=$NEWStotal),\"NEWS score anbefales hver 4-6 time\",\"\"))))"},"field":{"lines":null,"input":{},"type":"DV_TEXT"},"tags":["HideLabel"]}}]},{"name":"Fieldset","localizedName":"gul news repsons 2","localizedNames":{"en":"*Fieldset (en)","nb":"Gul NEWS respons"},"localizedDescriptions":{},"rmType":"GENERIC_FIELDSET","min":0,"max":1,"inputs":[],"formId":"generic-field-90410","viewConfig":{"multiplicity":{"min":0,"max":1},"advanced":{"hidden":false,"readonly":false,"hideFrame":false,"render":false},"label":{"custom":false,"useLocalizations":false},"size":{"field":"inherit","label":"inherit"},"layout":{"label":{"valign":"inherit","align":"inherit"},"field":{"valign":"inherit","align":"inherit"}},"annotations":{"alertType":"IMPORTANT"},"field":{"formId":null,"name":null}},"children":[{"name":"Input","localizedName":"varlingstekst ","localizedNames":{"en":"*Input (en)","nb":"varlingstekst "},"localizedDescriptions":{},"rmType":"GENERIC_FIELD","min":0,"max":-1,"inputs":[{"type":"TEXT","list":[],"listOpen":false}],"formId":"generic-field-95231","viewConfig":{"multiplicity":{"min":0,"max":-1},"advanced":{"hidden":false,"readonly":false,"hideFrame":false,"render":false},"label":{"custom":false,"useLocalizations":false},"size":{"field":"inherit","label":"-1"},"layout":{"label":{"valign":"inherit","align":"inherit"},"field":{"valign":"inherit","align":"inherit"}},"annotations":{"calc":"IF(0=$NEWStotal,\"Ny NEWS score anbefales om 12 timer\",IF(7<=$NEWStotal,\"Vakthavende lege burde øyeblikkelig tilkalles for å vurdere pasienten tilstand. Pasienten burde vurderes flyttet til et høyere omsorgsnivå\",IF(or(3=$NEWSresp,3=$NEWSO2,3=$NEWSsatO2,3=$NEWStemp,3=$NEWSsys,3=$NEWSpuls,3=$NEWSbevissthet,and(5<=$NEWStotal,5>=$NEWStotal)),\"NEWS score anbefales hver time og pasienten burde kobles til scop\",IF(and(1<=$NEWStotal,4>=$NEWStotal),\"NEWS score anbefales hver 4-6 time\",\"\"))))"},"field":{"lines":null,"input":{},"type":"DV_TEXT"},"tags":["HideLabel"]}}]},{"name":"Fieldset","localizedName":"Grønn NEWS respons","localizedNames":{"en":"*Fieldset (en)","nb":"Grønn NEWS respons"},"localizedDescriptions":{},"rmType":"GENERIC_FIELDSET","min":0,"max":1,"inputs":[],"formId":"generic-field-39657","viewConfig":{"multiplicity":{"min":0,"max":1},"advanced":{"hidden":false,"readonly":false,"hideFrame":false,"render":false},"label":{"custom":false,"useLocalizations":false},"size":{"field":"inherit","label":"inherit"},"layout":{"label":{"valign":"inherit","align":"inherit"},"field":{"valign":"inherit","align":"inherit"}},"annotations":{"alertType":"SUCCESS"},"field":{"formId":null,"name":null}},"children":[{"name":"Input","localizedName":"varlingstekst ","localizedNames":{"en":"*Input (en)","nb":"varlingstekst "},"localizedDescriptions":{},"rmType":"GENERIC_FIELD","min":0,"max":-1,"inputs":[{"type":"TEXT","list":[],"listOpen":false}],"formId":"generic-field-10134","viewConfig":{"multiplicity":{"min":0,"max":-1},"advanced":{"hidden":false,"readonly":false,"hideFrame":false,"render":false},"label":{"custom":false,"useLocalizations":false},"size":{"field":"inherit","label":"-1"},"layout":{"label":{"valign":"inherit","align":"inherit"},"field":{"valign":"inherit","align":"inherit"}},"annotations":{"calc":"IF(0=$NEWStotal,\"Ny NEWS score anbefales om 12 timer\",IF(7<=$NEWStotal,\"Vakthavende lege burde øyeblikkelig tilkalles for å vurdere pasienten tilstand. Pasienten burde vurderes flyttet til et høyere omsorgsnivå\",IF(or(3=$NEWSresp,3=$NEWSO2,3=$NEWSsatO2,3=$NEWStemp,3=$NEWSsys,3=$NEWSpuls,3=$NEWSbevissthet,and(5<=$NEWStotal,5>=$NEWStotal)),\"NEWS score anbefales hver time og pasienten burde kobles til scop\",IF(and(1<=$NEWStotal,4>=$NEWStotal),\"NEWS score anbefales hver 4-6 time\",\"\"))))"},"field":{"lines":null,"input":{},"type":"DV_TEXT"},"tags":["HideLabel"]}}]}]}