[{"field":"generic-field-38565","conditions":[{"operator":"equals","value":{"value":"Vakthavende lege burde øyeblikkelig tilkalles for å vurdere pasienten tilstand. Pasienten burde vurderes flyttet til et høyere omsorgsnivå"},"actions":[{"action":"show","target":"generic-field-12804"},{"action":"show","target":"generic-field-38565"}]},{"operator":"notequals","value":{"value":"Vakthavende lege burde øyeblikkelig tilkalles for å vurdere pasienten tilstand. Pasienten burde vurderes flyttet til et høyere omsorgsnivå"},"actions":[{"action":"hide","target":"generic-field-12804"},{"action":"hide","target":"generic-field-38565"}]},{"operator":"equals","value":{"value":"NEWS score anbefales hver time og pasienten burde kobles til scop"},"actions":[{"action":"show","target":"generic-field-04759"},{"action":"show","target":"generic-field-79375"}]},{"operator":"notequals","value":{"value":"NEWS score anbefales hver time og pasienten burde kobles til scop"},"actions":[{"action":"hide","target":"generic-field-04759"},{"action":"hide","target":"generic-field-79375"}]},{"operator":"equals","value":{"value":"Ny NEWS score anbefales om 12 timer"},"actions":[{"action":"show","target":"generic-field-39657"},{"action":"show","target":"generic-field-10134"}]},{"operator":"notequals","value":{"value":"Ny NEWS score anbefales om 12 timer"},"actions":[{"action":"hide","target":"generic-field-39657"},{"action":"hide","target":"generic-field-10134"}]},{"operator":"equals","value":{"value":"NEWS score anbefales hver 4-6 time"},"actions":[{"action":"show","target":"generic-field-90410"},{"action":"show","target":"generic-field-95231"}]},{"operator":"notequals","value":{"value":"NEWS score anbefales hver 4-6 time"},"actions":[{"action":"hide","target":"generic-field-90410"},{"action":"hide","target":"generic-field-95231"}]}]},{"field":"klinisk_kontakt/vitale_tegn@vitale tegn/blodtrykk/uspesifisert_hendelse/systolisk","conditions":[{"operator":"le","value":{"magnitude":"90","unit":"mm[Hg]"},"actions":[{"action":"set","target":"klinisk_kontakt/news/tidspunkt/systolisk_blodtrykk","value":{"value":"at0017"}}]},{"operator":"ge","value":{"magnitude":"91","unit":"mm[Hg]"},"actions":[{"action":"set","target":"klinisk_kontakt/news/tidspunkt/systolisk_blodtrykk","value":{"value":"at0016"}}]},{"operator":"ge","value":{"magnitude":"101","unit":"mm[Hg]"},"actions":[{"action":"set","target":"klinisk_kontakt/news/tidspunkt/systolisk_blodtrykk","value":{"value":"at0015"}}]},{"operator":"ge","value":{"magnitude":"111","unit":"mm[Hg]"},"actions":[{"action":"set","target":"klinisk_kontakt/news/tidspunkt/systolisk_blodtrykk","value":{"value":"at0014"}}]},{"operator":"ge","value":{"magnitude":"220","unit":"mm[Hg]"},"actions":[{"action":"set","target":"klinisk_kontakt/news/tidspunkt/systolisk_blodtrykk","value":{"value":"at0017"}}]},{"operator":"empty","actions":[{"action":"clear","target":"klinisk_kontakt/news/tidspunkt/systolisk_blodtrykk"}]}]},{"field":"klinisk_kontakt/vitale_tegn@vitale tegn/kroppstemperatur/uspesifisert_hendelse/temperatur","conditions":[{"operator":"le","value":{"magnitude":"35","unit":"Cel"},"actions":[{"action":"set","target":"klinisk_kontakt/news/tidspunkt/kroppstemperatur","value":{"value":"at0039"}}]},{"operator":"ge","value":{"magnitude":"35.1","unit":"Cel"},"actions":[{"action":"set","target":"klinisk_kontakt/news/tidspunkt/kroppstemperatur","value":{"value":"at0023"}}]},{"operator":"ge","value":{"magnitude":"36.1","unit":"Cel"},"actions":[{"action":"set","target":"klinisk_kontakt/news/tidspunkt/kroppstemperatur","value":{"value":"at0022"}}]},{"operator":"ge","value":{"magnitude":"38.1","unit":"Cel"},"actions":[{"action":"set","target":"klinisk_kontakt/news/tidspunkt/kroppstemperatur","value":{"value":"at0023"}}]},{"operator":"ge","value":{"magnitude":"39.1","unit":"Cel"},"actions":[{"action":"set","target":"klinisk_kontakt/news/tidspunkt/kroppstemperatur","value":{"value":"at0038"}}]},{"operator":"empty","actions":[{"action":"clear","target":"klinisk_kontakt/news/tidspunkt/kroppstemperatur"}]}]},{"field":"klinisk_kontakt/vitale_tegn@vitale tegn/pulsoksymetri/uspesifisert_hendelse/innåndet_oksygen/på_romluft","conditions":[{"operator":"is","value":{"value":"True"},"actions":[{"action":"set","target":"klinisk_kontakt/news/tidspunkt/tilførsel_av_oksygen","value":{"value":"at0037"}}]},{"operator":"isnot","value":{"value":"True"},"actions":[{"action":"set","target":"klinisk_kontakt/news/tidspunkt/tilførsel_av_oksygen","value":{"value":"at0036"}}]},{"operator":"empty","actions":[{"action":"clear","target":"klinisk_kontakt/news/tidspunkt/tilførsel_av_oksygen"}]}]},{"field":"klinisk_kontakt/vitale_tegn@vitale tegn/åndedrett/uspesifisert_hendelse/frekvens","conditions":[{"operator":"le","value":{"magnitude":"8","unit":"/min"},"actions":[{"action":"set","target":"klinisk_kontakt/news/tidspunkt/respirasjonsfrekvens","value":{"value":"at0021"}}]},{"operator":"ge","value":{"magnitude":"9","unit":"/min"},"actions":[{"action":"set","target":"klinisk_kontakt/news/tidspunkt/respirasjonsfrekvens","value":{"value":"at0019"}}]},{"operator":"ge","value":{"magnitude":"12","unit":"/min"},"actions":[{"action":"set","target":"klinisk_kontakt/news/tidspunkt/respirasjonsfrekvens","value":{"value":"at0018"}}]},{"operator":"ge","value":{"magnitude":"21","unit":"/min"},"actions":[{"action":"set","target":"klinisk_kontakt/news/tidspunkt/respirasjonsfrekvens","value":{"value":"at0020"}}]},{"operator":"ge","value":{"magnitude":"25","unit":"/min"},"actions":[{"action":"set","target":"klinisk_kontakt/news/tidspunkt/respirasjonsfrekvens","value":{"value":"at0021"}}]},{"operator":"empty","actions":[{"action":"clear","target":"klinisk_kontakt/news/tidspunkt/respirasjonsfrekvens"}]}]},{"field":"klinisk_kontakt/vitale_tegn@vitale tegn/pulsoksymetri/uspesifisert_hendelse/spo₂","conditions":[{"operator":"le","value":{"numerator":91.0,"denominator":100.0},"actions":[{"action":"set","target":"klinisk_kontakt/news/tidspunkt/oksygenmetning","value":{"value":"at0033"}}]},{"operator":"ge","value":{"numerator":92.0,"denominator":100.0},"actions":[{"action":"set","target":"klinisk_kontakt/news/tidspunkt/oksygenmetning","value":{"value":"at0032"}}]},{"operator":"ge","value":{"numerator":94.0,"denominator":100.0},"actions":[{"action":"set","target":"klinisk_kontakt/news/tidspunkt/oksygenmetning","value":{"value":"at0031"}}]},{"operator":"ge","value":{"numerator":96.0,"denominator":100.0},"actions":[{"action":"set","target":"klinisk_kontakt/news/tidspunkt/oksygenmetning","value":{"value":"at0030"}}]},{"operator":"empty","actions":[{"action":"clear","target":"klinisk_kontakt/news/tidspunkt/oksygenmetning"}]}]},{"field":"klinisk_kontakt/vitale_tegn@vitale tegn/puls_hjertefrekvens/uspesifisert_hendelse/frekvens@Pulsfrekvens","conditions":[{"operator":"le","value":{"magnitude":"40","unit":"/min"},"actions":[{"action":"set","target":"klinisk_kontakt/news/tidspunkt/hjertefrekvens_puls","value":{"value":"at0010"}}]},{"operator":"ge","value":{"magnitude":"41","unit":"/min"},"actions":[{"action":"set","target":"klinisk_kontakt/news/tidspunkt/hjertefrekvens_puls","value":{"value":"at0012"}}]},{"operator":"ge","value":{"magnitude":"51","unit":"/min"},"actions":[{"action":"set","target":"klinisk_kontakt/news/tidspunkt/hjertefrekvens_puls","value":{"value":"at0013"}}]},{"operator":"ge","value":{"magnitude":"91","unit":"/min"},"actions":[{"action":"set","target":"klinisk_kontakt/news/tidspunkt/hjertefrekvens_puls","value":{"value":"at0012"}}]},{"operator":"ge","value":{"magnitude":"111","unit":"/min"},"actions":[{"action":"set","target":"klinisk_kontakt/news/tidspunkt/hjertefrekvens_puls","value":{"value":"at0011"}}]},{"operator":"ge","value":{"magnitude":"131","unit":"/min"},"actions":[{"action":"set","target":"klinisk_kontakt/news/tidspunkt/hjertefrekvens_puls","value":{"value":"at0010"}}]},{"operator":"empty","actions":[{"action":"clear","target":"klinisk_kontakt/news/tidspunkt/hjertefrekvens_puls"}]}]},{"field":"klinisk_kontakt/vitale_tegn@vitale tegn/avpu/uspesifikk_hendelse./avpu-observasjon","conditions":[{"operator":"equals","value":{"code":"at0005"},"actions":[{"action":"set","target":"klinisk_kontakt/news/tidspunkt/bevissthetsgrad","value":{"value":"at0024"}}]},{"operator":"notequals","value":{"code":"at0005"},"actions":[{"action":"set","target":"klinisk_kontakt/news/tidspunkt/bevissthetsgrad","value":{"value":"at0025"}}]},{"operator":"empty","actions":[{"action":"clear","target":"klinisk_kontakt/news/tidspunkt/bevissthetsgrad"}]}]},{"field":"klinisk_kontakt/news/tidspunkt/respirasjonsfrekvens","conditions":[{"operator":"empty","actions":[{"action":"hide","target":"klinisk_kontakt/news/tidspunkt/respirasjonsfrekvens"}]},{"operator":"notempty","actions":[{"action":"show","target":"klinisk_kontakt/news/tidspunkt/respirasjonsfrekvens"}]}]},{"field":"klinisk_kontakt/news/tidspunkt/oksygenmetning","conditions":[{"operator":"empty","actions":[{"action":"hide","target":"klinisk_kontakt/news/tidspunkt/oksygenmetning"}]},{"operator":"notempty","actions":[{"action":"show","target":"klinisk_kontakt/news/tidspunkt/oksygenmetning"}]}]},{"field":"klinisk_kontakt/news/tidspunkt/tilførsel_av_oksygen","conditions":[{"operator":"empty","actions":[{"action":"hide","target":"klinisk_kontakt/news/tidspunkt/tilførsel_av_oksygen"}]},{"operator":"notempty","actions":[{"action":"show","target":"klinisk_kontakt/news/tidspunkt/tilførsel_av_oksygen"}]}]},{"field":"klinisk_kontakt/news/tidspunkt/kroppstemperatur","conditions":[{"operator":"empty","actions":[{"action":"hide","target":"klinisk_kontakt/news/tidspunkt/kroppstemperatur"}]},{"operator":"notempty","actions":[{"action":"show","target":"klinisk_kontakt/news/tidspunkt/kroppstemperatur"}]}]},{"field":"klinisk_kontakt/news/tidspunkt/systolisk_blodtrykk","conditions":[{"operator":"empty","actions":[{"action":"hide","target":"klinisk_kontakt/news/tidspunkt/systolisk_blodtrykk"}]},{"operator":"notempty","actions":[{"action":"show","target":"klinisk_kontakt/news/tidspunkt/systolisk_blodtrykk"}]}]},{"field":"klinisk_kontakt/news/tidspunkt/hjertefrekvens_puls","conditions":[{"operator":"empty","actions":[{"action":"hide","target":"klinisk_kontakt/news/tidspunkt/hjertefrekvens_puls"}]},{"operator":"notempty","actions":[{"action":"show","target":"klinisk_kontakt/news/tidspunkt/hjertefrekvens_puls"}]}]},{"field":"klinisk_kontakt/news/tidspunkt/bevissthetsgrad","conditions":[{"operator":"empty","actions":[{"action":"hide","target":"klinisk_kontakt/news/tidspunkt/bevissthetsgrad"}]},{"operator":"notempty","actions":[{"action":"show","target":"klinisk_kontakt/news/tidspunkt/bevissthetsgrad"}]}]}]