{"formId":"form_root","name":"Form root","rmType":"FORM_DEFINITION","viewConfig":{"label":{"custom":false,"value":"","useLocalizations":false,"localizationsList":{}},"size":{"field":"inherit","label":"inherit","fill":"inherit"},"layout":{"valign":"inherit","align":"inherit"},"tags":[],"annotations":{"reuseComposition":"select c from composition c contains observation e[openEHR-EHR-OBSERVATION.nutritional_risk_screening.v1] where c/archetype_details/template_id/value = 'HV Ernaeringrisikovurdering V3' order by e/data[at0001]/events[at0002]/data[at0003]/items[at0031]/items[at0033]/value/value desc fetch 1?scope=periodofcare"}},"language":"","templateLanguages":["nb"],"children":[{"localizedName":"Fieldset","localizedNames":{"nb":"Fieldset"},"min":"0","max":"1","name":"Fieldset","rmType":"GENERIC_FIELDSET","formId":"generic-field-81734","viewConfig":{"size":{"field":"large","label":"inherit","fill":"inherit"},"layout":{"label":{"valign":"inherit","align":"top"},"field":{"valign":"inherit","align":"inherit"}},"advanced":{"hidden":false,"readonly":false,"render":false},"tags":["HideLabel"]},"children":[{"name":"Kroppsvekt","localizedName":"Kroppsvekt","rmType":"DV_QUANTITY","nodeId":"at0004","min":"0","max":"1","localizedNames":{"nb":"Kroppsvekt"},"localizedDescriptions":{"nb":"Et individs totale kroppsmasse."},"aqlPath":"/content[openEHR-EHR-OBSERVATION.body_weight.v1]/data[at0002]/events[at0003,'Aktuell vekt']/data[at0001]/items[at0004]/value","inputs":[{"suffix":"magnitude","type":"DECIMAL","validation":{"range":{"minOp":">=","min":0,"maxOp":"<","max":1000}}},{"suffix":"unit","type":"CODED_TEXT","list":[{"value":"kg","label":"kg","validation":{"range":{"minOp":">=","min":0,"maxOp":"<","max":1000}}}],"defaultValue":"kg"}],"formId":"hv_ernaeringrisikovurdering/kroppsvekt/aktuell_vekt/kroppsvekt","viewConfig":{"field":{"magnitude":{"presentation":"combobox"}},"advanced":{"hidden":false,"readonly":false},"size":{"field":"large","label":"inherit","fill":"inherit"},"layout":{"label":{"valign":"inherit","align":"top"},"field":{"valign":"inherit","align":"inherit"}},"datasource":{"loadRemote":false,"loadRemoteUrl":"","terminology":""},"annotations":{"calcid":"KV"},"tags":[]}},{"name":"Vekt en mnd siden","localizedName":"Vekt en mnd siden","rmType":"DV_QUANTITY","nodeId":"at0004","min":"0","max":"1","localizedNames":{"nb":"Vekt en mnd siden"},"localizedDescriptions":{"nb":"Et individs totale kroppsmasse."},"aqlPath":"/content[openEHR-EHR-OBSERVATION.body_weight.v1]/data[at0002]/events[at0003,'Vekt for en måned siden']/data[at0001]/items[at0004]/value","inputs":[{"suffix":"magnitude","type":"DECIMAL","validation":{"range":{"minOp":">=","min":0,"maxOp":"<","max":1000}}},{"suffix":"unit","type":"CODED_TEXT","list":[{"value":"kg","label":"kg","validation":{"range":{"minOp":">=","min":0,"maxOp":"<","max":1000}}}]}],"formId":"hv_ernaeringrisikovurdering/kroppsvekt/vekt_for_en_måned_siden/kroppsvekt","viewConfig":{"advanced":{"hidden":false,"readonly":false},"size":{"field":"large","label":"inherit","fill":"inherit"},"layout":{"label":{"valign":"inherit","align":"top"},"field":{"valign":"inherit","align":"inherit"}},"datasource":{"loadRemote":false,"loadRemoteUrl":"","terminology":""},"tags":[],"annotations":{"calcid":"TV1"},"field":{"magnitude":{"presentation":"combobox"}}}},{"localizedName":"Vekt to mnd siden","rmType":"DV_QUANTITY","nodeId":"at0004","min":"0","max":"1","localizedNames":{"nb":"Vekt to mnd siden"},"localizedDescriptions":{"nb":"Et individs totale kroppsmasse."},"aqlPath":"/content[openEHR-EHR-OBSERVATION.body_weight.v1]/data[at0002]/events[at0003,'Vekt for to måneder siden']/data[at0001]/items[at0004]/value","inputs":[{"suffix":"magnitude","type":"DECIMAL","validation":{"range":{"minOp":">=","min":0,"maxOp":"<","max":1000}}},{"suffix":"unit","type":"CODED_TEXT","list":[{"value":"kg","label":"kg","validation":{"range":{"minOp":">=","min":0,"maxOp":"<","max":1000}}}]}],"formId":"hv_ernaeringrisikovurdering/kroppsvekt/vekt_for_to_måneder_siden/kroppsvekt/value","viewConfig":{"advanced":{"hidden":false,"readonly":false},"size":{"field":"large","label":"inherit","fill":"inherit"},"layout":{"label":{"valign":"inherit","align":"top"},"field":{"valign":"inherit","align":"inherit"}},"datasource":{"loadRemote":false,"loadRemoteUrl":"","terminology":""},"tags":[],"annotations":{"calcId":"TV2"},"field":{"magnitude":{"presentation":"combobox"}}},"name":"Vekt to mnd siden"},{"name":"Vekt tre mnd siden","localizedName":"Vekt tre mnd siden","rmType":"DV_QUANTITY","nodeId":"at0004","min":"0","max":"1","localizedNames":{"nb":"Vekt tre mnd siden"},"localizedDescriptions":{"nb":"Et individs totale kroppsmasse."},"aqlPath":"/content[openEHR-EHR-OBSERVATION.body_weight.v1]/data[at0002]/events[at0003,'Vekt for tre måneder siden']/data[at0001]/items[at0004]/value","inputs":[{"suffix":"magnitude","type":"DECIMAL","validation":{"range":{"minOp":">=","min":0,"maxOp":"<","max":1000}}},{"suffix":"unit","type":"CODED_TEXT","list":[{"value":"kg","label":"kg","validation":{"range":{"minOp":">=","min":0,"maxOp":"<","max":1000}}}]}],"formId":"hv_ernaeringrisikovurdering/kroppsvekt/vekt_for_tre_måneder_siden/kroppsvekt","viewConfig":{"advanced":{"hidden":false,"readonly":false},"size":{"field":"large","label":"inherit","fill":"inherit"},"layout":{"label":{"valign":"inherit","align":"top"},"field":{"valign":"inherit","align":"inherit"}},"datasource":{"loadRemote":false,"loadRemoteUrl":"","terminology":""},"tags":[],"annotations":{"calcid":"TV3"},"field":{"magnitude":{"presentation":"combobox"}}}},{"name":"Høyde","localizedName":"Høyde","rmType":"DV_QUANTITY","nodeId":"at0004","min":"0","max":"1","localizedNames":{"nb":"Høyde"},"localizedDescriptions":{"nb":"Høyde/lengde fra isse til fotsåle."},"aqlPath":"/content[openEHR-EHR-OBSERVATION.height.v1]/data[at0001]/events[at0002]/data[at0003]/items[at0004]/value","inputs":[{"suffix":"magnitude","type":"DECIMAL","validation":{"range":{"minOp":">=","min":0,"maxOp":"<=","max":500}}},{"suffix":"unit","type":"CODED_TEXT","list":[{"value":"cm","label":"cm","validation":{"range":{"minOp":">=","min":0,"maxOp":"<=","max":500}}}],"defaultValue":"cm"}],"formId":"hv_ernaeringrisikovurdering/høyde_lengde/uspesifisert_hendelse/høyde_lengde","viewConfig":{"field":{"magnitude":{"presentation":"combobox"}},"size":{"field":"inherit","label":"inherit","fill":"inherit"},"layout":{"label":{"valign":"inherit","align":"inherit"},"field":{"valign":"inherit","align":"inherit"}},"datasource":{"loadRemote":false,"loadRemoteUrl":"","terminology":""},"annotations":{"calcid":"HL"},"advanced":{"hidden":false,"readonly":false},"tags":[]}},{"name":"Matinntak siste uken: Hvor mye har pasienten spist siste uke, på en skala fra 1-10? Det pasienten vanligvis spiser når han/hun er frisk tilsvarer 10.","localizedName":"Matinntak siste uken: Hvor mye har pasienten spist siste uke, på en skala fra 1-10? Det pasienten vanligvis spiser når han/hun er frisk tilsvarer 10.","rmType":"DV_CODED_TEXT","nodeId":"at0033","min":"0","max":"1","localizedNames":{"nb":"Matinntak siste uken: Hvor mye har pasienten spist siste uke, på en skala fra 1-10? Det pasienten vanligvis spiser når han/hun er frisk tilsvarer 10."},"localizedDescriptions":{"nb":"Matinntak siste uken, på en skala fra 1-10, det pasienten vanligvis spiser når han/hun er frisk tilsvarer 10."},"aqlPath":"/content[openEHR-EHR-OBSERVATION.prosentvis_endring_av_vekt_og_matinntak.v3]/data[at0001]/events[at0002]/data[at0003]/items[at0007]/items[at0033]/value","inputs":[{"suffix":"code","type":"CODED_TEXT","list":[{"value":"at0035","label":"1","localizedLabels":{"nb":"1"},"localizedDescriptions":{"nb":"1"}},{"value":"at0036","label":"2","localizedLabels":{"nb":"2"},"localizedDescriptions":{"nb":"2"}},{"value":"at0037","label":"3","localizedLabels":{"nb":"3"},"localizedDescriptions":{"nb":"3"}},{"value":"at0038","label":"4","localizedLabels":{"nb":"4"},"localizedDescriptions":{"nb":"4"}},{"value":"at0039","label":"5","localizedLabels":{"nb":"5"},"localizedDescriptions":{"nb":"5"}},{"value":"at0040","label":"6","localizedLabels":{"nb":"6"},"localizedDescriptions":{"nb":"6"}},{"value":"at0041","label":"7","localizedLabels":{"nb":"7"},"localizedDescriptions":{"nb":"7"}},{"value":"at0042","label":"8","localizedLabels":{"nb":"8"},"localizedDescriptions":{"nb":"8"}},{"value":"at0043","label":"9","localizedLabels":{"nb":"9"},"localizedDescriptions":{"nb":"9"}},{"value":"at0044","label":"10","localizedLabels":{"nb":"10"},"localizedDescriptions":{"nb":"10"}}]}],"formId":"hv_ernaeringrisikovurdering/prosentvis_endring_av_vekt_og_matinntak/matinntak_endring/matinntak_siste_uken","viewConfig":{"advanced":{"hidden":false,"readonly":false},"size":{"field":"large","label":"inherit","fill":"inherit"},"layout":{"label":{"valign":"inherit","align":"top"},"field":{"valign":"inherit","align":"inherit"}},"datasource":{"loadRemote":false,"loadRemoteUrl":"","terminology":""},"tags":[],"annotations":{"calcid":"matinntak"},"field":{"code":{"presentation":"combobox"}}}},{"name":"Allmenntilstand","localizedName":"Allmenntilstand","rmType":"DV_CODED_TEXT","nodeId":"at0002","min":"0","max":"1","localizedNames":{"nb":"Allmenntilstand"},"localizedDescriptions":{"nb":"Allmenntilstand angis her"},"aqlPath":"/content[openEHR-EHR-EVALUATION.hv_ernaeringsscreening_allmenntilstand.v0]/data[at0001]/items[at0002]/value","inputs":[{"suffix":"code","type":"CODED_TEXT","list":[{"value":"at0003","label":"Normal","localizedLabels":{"nb":"Normal"},"localizedDescriptions":{"nb":"Pasienten er i en normal allmenntilstand"}},{"value":"at0004","label":"Redusert","localizedLabels":{"nb":"Redusert"},"localizedDescriptions":{"nb":"Pasienten har en redusert allmenntilstand"}},{"value":"at0005","label":"Vet ikke/informasjon ikke tilgjengelig","localizedLabels":{"nb":"Vet ikke/informasjon ikke tilgjengelig"},"localizedDescriptions":{"nb":"Pasientens allmenntilstand er uavklart"}}]}],"formId":"hv_ernaeringrisikovurdering/hv_ernaeringsscreening_allmenntilstand/allmenntilstand","viewConfig":{"advanced":{"hidden":false,"readonly":false,"render":false},"size":{"field":"inherit","label":"inherit","fill":"inherit"},"layout":{"label":{"valign":"inherit","align":"top"},"field":{"valign":"inherit","align":"inherit"}},"datasource":{"loadRemote":false,"loadRemoteUrl":"","terminology":""},"annotations":{"calcid":"allmenntilstand"},"field":{"code":{"presentation":"combobox"}}}},{"name":"Økt behov pga sykdom/skade?","localizedName":"Økt behov pga sykdom/skade?","rmType":"DV_ORDINAL","nodeId":"at0017","min":"0","max":"1","localizedNames":{"nb":"Økt behov pga sykdom/skade?"},"localizedDescriptions":{"nb":"Sykdommens alvorlighetsgrad (≈ økt\nbehov)."},"annotations":{"comment":"* indikerer at en studie direkte underbygger inndelingen av sykdommens alvorlighetsgrad i mild, moderat og alvorlig sykdom til pasienter med den diagnosen.\n\n# indikerer at diagnosen er basert på prototypene gitt nedenfor:\n\nSkår=1: en pasient med kronisk sykdom innlagt på sykehus på grunn av komplikasjoner. Pasienten er avkreftet, men er oppegående. Proteinbehovet er økt, men kan dekkes med mat og/eller næringstilskudd i de fleste tilfeller.\n\nSkår=2: en pasient som er sengeliggende på grunn av sykdom, f.eks etter stor abdominal kirurgi. Proteinbehov er vesentlig økt, men kan dekkes, selv om sondeernæring og/eller intravenøs ernæringstilførsel er nødvendig i mange tilfeller.\n\nSkår=3: en intensivpasient med behov for respiratorstøtte etc. Proteinbehovet er økt og kan ikke dekkes, selv med sondeernæring og/eller intravenøs ernæringstilførsel. Nedbrytning av proteiner og\nnitrogentap kan bli betydelig hemmet."},"aqlPath":"/content[openEHR-EHR-OBSERVATION.nutritional_risk_screening.v1]/data[at0001]/events[at0002]/data[at0003]/items[at0032]/items[at0017]/value","inputs":[{"type":"CODED_TEXT","list":[{"value":"at0022","label":"Normal","localizedLabels":{"nb":"Normal"},"localizedDescriptions":{"nb":"Normale ernæringsbehov."},"ordinal":0},{"value":"at0023","label":"Mild","localizedLabels":{"nb":"Mild"},"localizedDescriptions":{"nb":"Lårhalsbrudd*, kronisk syke pasienter* spesielt de med akutte komplikasjoner, levercirrose*, KOLS*, kronisk hemodialyse#, diabetes#, kreftsykdommer#."},"ordinal":1},{"value":"at0024","label":"Moderat","localizedLabels":{"nb":"Moderat"},"localizedDescriptions":{"nb":"Omfattende abdominal kirurgi*, slag*, alvorlig lungebetennelse#, maligne blodsykdommer#."},"ordinal":2},{"value":"at0025","label":"Alvorlig","localizedLabels":{"nb":"Alvorlig"},"localizedDescriptions":{"nb":"Hodeskade*, benmargstransplantasjon*, intensivpasienter (APACHE skår>10)."},"ordinal":3}]}],"formId":"hv_ernaeringrisikovurdering/screening_for_ernæringsmessig_risiko/uspesifisert_hendelse/hovedscreening/sykdommens_alvorlighetsgrad","viewConfig":{"advanced":{"hidden":false,"readonly":false},"size":{"field":"inherit","label":"inherit","fill":"inherit"},"layout":{"label":{"valign":"inherit","align":"top"},"field":{"valign":"inherit","align":"inherit"}},"datasource":{"loadRemote":false,"loadRemoteUrl":"","terminology":""},"field":{"input":{"presentation":"combobox"}}}},{"name":"Planlagt behandling som vil medføre vekttap","localizedName":"Planlagt behandling som vil medføre vekttap","rmType":"DV_CODED_TEXT","nodeId":"at0002","min":"0","max":"1","localizedNames":{"nb":"Planlagt behandling som vil medføre vekttap"},"localizedDescriptions":{"nb":"Planlagt behandling som vil medføre vekttap (omfattende kirurgi, stråling mot hals eller annet)"},"aqlPath":"/content[openEHR-EHR-EVALUATION.hv_ernaeringsscreening_behandling.v0]/data[at0001]/items[at0002]/value","inputs":[{"suffix":"code","type":"CODED_TEXT","list":[{"value":"at0005","label":"Nei","localizedLabels":{"nb":"Nei"},"localizedDescriptions":{"nb":"Det er ikke planlagt behandling som sannsynligvis vil medføre vekttap"}},{"value":"at0004","label":"Ja, omfattende kirurgi, stråling mot fordøyelseskanalen eller annet","localizedLabels":{"nb":"Ja, omfattende kirurgi, stråling mot fordøyelseskanalen eller annet"},"localizedDescriptions":{"nb":"Ja, omfattende kirurgi, stråling mot fordøyelseskanalen eller annet"}},{"value":"at0006","label":"Vet ikke/informasjon ikke tilgjengelig","localizedLabels":{"nb":"Vet ikke/informasjon ikke tilgjengelig"},"localizedDescriptions":{"nb":"Vet ikke/informasjon ikke tilgjengelig"}}]}],"formId":"hv_ernaeringrisikovurdering/hv_ernaeringsscreening_behandling/planlagt_behandling_som_vil_medføre_vekttap","viewConfig":{"advanced":{"hidden":false,"readonly":false,"render":false},"size":{"field":"large","label":"inherit","fill":"inherit"},"layout":{"label":{"valign":"inherit","align":"top"},"field":{"valign":"inherit","align":"inherit"}},"datasource":{"loadRemote":false,"loadRemoteUrl":"","terminology":""},"annotations":{"calcid":"behandling"},"field":{"code":{"presentation":"combobox"}}}}]},{"localizedName":"Risiko eller ufullstendig screening","localizedNames":{"nb":"Risiko eller ufullstendig screening"},"min":"0","max":"1","name":"Risiko eller ufullstendig screening","rmType":"GENERIC_FIELDSET","formId":"generic-field-87336","inputs":[{"type":"TEXT"}],"viewConfig":{"size":{"field":"inherit","label":"inherit","fill":"inherit"},"layout":{"label":{"valign":"inherit","align":"inherit"},"field":{"valign":"inherit","align":"inherit"}},"advanced":{"hidden":false,"readonly":false,"render":false},"tags":[],"annotations":{"alertType":"error"}},"children":[]},{"localizedName":"Ingen risiko","localizedNames":{"nb":"Ingen risiko"},"min":"0","max":"1","name":"Ingen risiko","rmType":"GENERIC_FIELDSET","formId":"generic-field-38322","inputs":[{"type":"TEXT"}],"viewConfig":{"advanced":{"hidden":false,"readonly":false,"render":false},"size":{"field":"inherit","label":"inherit","fill":"inherit"},"layout":{"label":{"valign":"inherit","align":"inherit"},"field":{"valign":"inherit","align":"inherit"}},"tags":[],"annotations":{"alertType":"success"}},"children":[]},{"localizedName":"Kalkulasjoner","localizedNames":{"nb":"Kalkulasjoner"},"min":"0","max":"1","name":"Kalkulasjoner","rmType":"GENERIC_FIELDSET","formId":"generic-field-90005","viewConfig":{"size":{"field":"inherit","label":"inherit","fill":"inherit"},"layout":{"label":{"valign":"inherit","align":"top"},"field":{"valign":"inherit","align":"inherit"}},"advanced":{"hidden":true,"readonly":false,"render":false},"tags":[],"annotations":{"templateVariable":"[Pas.Alder]"}},"children":[{"name":"total score aldersjustert","localizedName":"total score aldersjustert","rmType":"DV_COUNT","nodeId":"at0015","min":"0","max":"1","localizedNames":{"nb":"total score aldersjustert"},"localizedDescriptions":{"nb":"*"},"aqlPath":"/content[openEHR-EHR-OBSERVATION.er_kalk_dips.v0]/data[at0001]/events[at0002]/data[at0003]/items[at0015]/value","inputs":[{"type":"INTEGER","defaultValue":0}],"formId":"hv_ernaeringrisikovurdering/er_kalk_dips/total_score_aldersjustert","viewConfig":{"advanced":{"hidden":false,"readonly":false},"size":{"field":"inherit","label":"inherit","fill":"inherit"},"layout":{"label":{"valign":"inherit","align":"top"},"field":{"valign":"inherit","align":"inherit"}},"datasource":{"loadRemote":false,"loadRemoteUrl":"","terminology":""},"tags":[],"annotations":{"calc":"ATS+BS+SS+MS+AS+BMIS+MAX(vt1s,vt2s,vt3s)"}}},{"name":"Kroppsmasseindeks","localizedName":"Kroppsmasseindeks","rmType":"DV_QUANTITY","nodeId":"at0004","min":"0","max":"1","localizedNames":{"nb":"Kroppsmasseindeks"},"localizedDescriptions":{"nb":"Indeks som beskriver forholdet mellom vekt og høyde."},"aqlPath":"/content[openEHR-EHR-OBSERVATION.body_mass_index.v1]/data[at0001]/events[at0002]/data[at0003]/items[at0004]/value","inputs":[{"suffix":"magnitude","type":"DECIMAL","validation":{"range":{"minOp":">=","min":0,"maxOp":"<","max":500},"precision":{"minOp":">=","min":1,"maxOp":"<=","max":1}}},{"suffix":"unit","type":"CODED_TEXT","list":[{"value":"kg/m2","label":"kg/m2","validation":{"range":{"minOp":">=","min":0,"maxOp":"<","max":500},"precision":{"minOp":">=","min":1,"maxOp":"<=","max":1}}}],"defaultValue":"kg/m2"}],"formId":"hv_ernaeringrisikovurdering/kroppsmasseindeks/uspesifisert_hendelse/kroppsmasseindeks","viewConfig":{"field":{"magnitude":{"presentation":"combobox"}},"advanced":{"hidden":false,"readonly":false},"size":{"field":"large","label":"inherit","fill":"inherit"},"layout":{"label":{"valign":"inherit","align":"top"},"field":{"valign":"inherit","align":"inherit"}},"datasource":{"loadRemote":false,"loadRemoteUrl":"","terminology":""},"tags":[],"annotations":{"calc":"if(or(isblank(KV), isblank(HL)), null, KV / (HL/100)^2)","calcid":"bmi"}}},{"name":"vt1 score","localizedName":"vt1 score","rmType":"DV_COUNT","nodeId":"at0012","min":"0","max":"1","localizedNames":{"nb":"vt1 score"},"localizedDescriptions":{"nb":"*"},"aqlPath":"/content[openEHR-EHR-OBSERVATION.er_kalk_dips.v0]/data[at0001]/events[at0002]/data[at0003]/items[at0012]/value","inputs":[{"type":"INTEGER","defaultValue":0}],"formId":"hv_ernaeringrisikovurdering/er_kalk_dips/vt1_score","viewConfig":{"advanced":{"hidden":false,"readonly":false},"size":{"field":"inherit","label":"inherit","fill":"inherit"},"layout":{"label":{"valign":"inherit","align":"top"},"field":{"valign":"inherit","align":"inherit"}},"datasource":{"loadRemote":false,"loadRemoteUrl":"","terminology":""},"tags":[],"annotations":{"calcid":"vt1s"}}},{"name":"vt2 score","localizedName":"vt2 score","rmType":"DV_COUNT","nodeId":"at0013","min":"0","max":"1","localizedNames":{"nb":"vt2 score"},"localizedDescriptions":{"nb":"*"},"aqlPath":"/content[openEHR-EHR-OBSERVATION.er_kalk_dips.v0]/data[at0001]/events[at0002]/data[at0003]/items[at0013]/value","inputs":[{"type":"INTEGER","defaultValue":0}],"formId":"hv_ernaeringrisikovurdering/er_kalk_dips/vt2_score","viewConfig":{"advanced":{"hidden":false,"readonly":false},"size":{"field":"inherit","label":"inherit","fill":"inherit"},"layout":{"label":{"valign":"inherit","align":"top"},"field":{"valign":"inherit","align":"inherit"}},"datasource":{"loadRemote":false,"loadRemoteUrl":"","terminology":""},"tags":[],"annotations":{"calcid":"vt2s"}}},{"name":"vt3 score","localizedName":"vt3 score","rmType":"DV_COUNT","nodeId":"at0014","min":"0","max":"1","localizedNames":{"nb":"vt3 score"},"localizedDescriptions":{"nb":"*"},"aqlPath":"/content[openEHR-EHR-OBSERVATION.er_kalk_dips.v0]/data[at0001]/events[at0002]/data[at0003]/items[at0014]/value","inputs":[{"type":"INTEGER","defaultValue":0}],"formId":"hv_ernaeringrisikovurdering/er_kalk_dips/vt3_score","viewConfig":{"advanced":{"hidden":false,"readonly":false},"size":{"field":"inherit","label":"inherit","fill":"inherit"},"layout":{"label":{"valign":"inherit","align":"top"},"field":{"valign":"inherit","align":"inherit"}},"datasource":{"loadRemote":false,"loadRemoteUrl":"","terminology":""},"tags":[],"annotations":{"calcid":"vt3s"}}},{"name":"sykdommens alvorlighet score","localizedName":"sykdommens alvorlighet score","rmType":"DV_COUNT","nodeId":"at0011","min":"0","max":"1","localizedNames":{"nb":"sykdommens alvorlighet score"},"localizedDescriptions":{"nb":"*"},"aqlPath":"/content[openEHR-EHR-OBSERVATION.er_kalk_dips.v0]/data[at0001]/events[at0002]/data[at0003]/items[at0011]/value","inputs":[{"type":"INTEGER","defaultValue":3}],"formId":"hv_ernaeringrisikovurdering/er_kalk_dips/sykdommens_alvorlighet_score","viewConfig":{"advanced":{"hidden":false,"readonly":false},"size":{"field":"inherit","label":"inherit","fill":"inherit"},"layout":{"label":{"valign":"inherit","align":"top"},"field":{"valign":"inherit","align":"inherit"}},"datasource":{"loadRemote":false,"loadRemoteUrl":"","terminology":""},"tags":[],"annotations":{"calcid":"SS"}}},{"name":"behandling score","localizedName":"behandling score","rmType":"DV_COUNT","nodeId":"at0009","min":"0","max":"1","localizedNames":{"nb":"behandling score"},"localizedDescriptions":{"nb":"*"},"aqlPath":"/content[openEHR-EHR-OBSERVATION.er_kalk_dips.v0]/data[at0001]/events[at0002]/data[at0003]/items[at0009]/value","inputs":[{"type":"INTEGER","defaultValue":3}],"formId":"hv_ernaeringrisikovurdering/er_kalk_dips/behandling_score","viewConfig":{"advanced":{"hidden":false,"readonly":false},"size":{"field":"inherit","label":"inherit","fill":"inherit"},"layout":{"label":{"valign":"inherit","align":"top"},"field":{"valign":"inherit","align":"inherit"}},"datasource":{"loadRemote":false,"loadRemoteUrl":"","terminology":""},"tags":[],"annotations":{"calcid":"BS"}}},{"name":"allmenntilstand bmi score","localizedName":"allmenntilstand bmi score","rmType":"DV_COUNT","nodeId":"at0010","min":"0","max":"1","localizedNames":{"nb":"allmenntilstand bmi score"},"localizedDescriptions":{"nb":"*"},"aqlPath":"/content[openEHR-EHR-OBSERVATION.er_kalk_dips.v0]/data[at0001]/events[at0002]/data[at0003]/items[at0010]/value","inputs":[{"type":"INTEGER","defaultValue":3}],"formId":"hv_ernaeringrisikovurdering/er_kalk_dips/allmenntilstand_bmi_score","viewConfig":{"advanced":{"hidden":false,"readonly":false},"size":{"field":"inherit","label":"inherit","fill":"inherit"},"layout":{"label":{"valign":"inherit","align":"top"},"field":{"valign":"inherit","align":"inherit"}},"datasource":{"loadRemote":false,"loadRemoteUrl":"","terminology":""},"tags":[],"annotations":{"calcid":"ATS"}}},{"name":"Pasientens alder ved screening","localizedName":"Pasientens alder ved screening","rmType":"DV_COUNT","nodeId":"at0004","min":"0","max":"1","localizedNames":{"nb":"Pasientens alder ved screening"},"localizedDescriptions":{"nb":"*"},"aqlPath":"/content[openEHR-EHR-OBSERVATION.er_kalk_dips.v0]/data[at0001]/events[at0002]/data[at0003]/items[at0004]/value","inputs":[{"type":"INTEGER","defaultValue":70}],"formId":"hv_ernaeringrisikovurdering/er_kalk_dips/alder_ved_screening","viewConfig":{"advanced":{"hidden":false,"readonly":false},"size":{"field":"inherit","label":"inherit","fill":"inherit"},"layout":{"label":{"valign":"inherit","align":"top"},"field":{"valign":"inherit","align":"inherit"}},"datasource":{"loadRemote":false,"loadRemoteUrl":"","terminology":""},"annotations":{"templateVariable":"[Pas.Alder]","calcId":"PAL"}}},{"name":"Risikoangivelse","localizedName":"Risikoangivelse","rmType":"DV_CODED_TEXT","nodeId":"at0018","min":0,"max":1,"localizedNames":{"nb":"Risikoangivelse"},"localizedDescriptions":{"nb":"*"},"aqlPath":"/content[openEHR-EHR-OBSERVATION.er_kalk_dips.v0]/data[at0001]/events[at0002]/data[at0003]/items[at0018]/value","inputs":[{"suffix":"code","type":"CODED_TEXT","list":[{"value":"at0019","label":"Risiko","localizedLabels":{"nb":"Risiko"},"localizedDescriptions":{"nb":"Risiko"}},{"value":"at0020","label":"Ikke risiko","localizedLabels":{"nb":"Ikke risiko"},"localizedDescriptions":{"nb":"Ikke risiko"}},{"value":"at0021","label":"Pasienten er i ernæringsmessig svikt eller uavklart","localizedLabels":{"nb":"Pasienten er i ernæringsmessig svikt eller uavklart"},"localizedDescriptions":{"nb":"Pasienten er i ernæringsmessig svikt eller uavklart"}}],"defaultValue":"at0021"}],"formId":"hv_ernaeringrisikovurdering/er_kalk_dips/risikoangivelse","viewConfig":{"size":{"field":"inherit","label":"inherit","fill":"inherit"},"layout":{"field":{"valign":"inherit","align":"inherit"}},"datasource":{"loadRemote":false,"loadRemoteUrl":"","terminology":""},"field":{"code":{"presentation":"combobox"}}}},{"name":"Alders Score","localizedName":"Alders Score","rmType":"DV_COUNT","nodeId":"at0016","min":"0","max":"1","localizedNames":{"nb":"Alders Score"},"localizedDescriptions":{"nb":"*"},"aqlPath":"/content[openEHR-EHR-OBSERVATION.er_kalk_dips.v0]/data[at0001]/events[at0002]/data[at0003]/items[at0016]/value","inputs":[{"type":"INTEGER","defaultValue":0}],"formId":"hv_ernaeringrisikovurdering/er_kalk_dips/alders_score","viewConfig":{"advanced":{"hidden":false,"readonly":false},"size":{"field":"inherit","label":"inherit","fill":"inherit"},"layout":{"label":{"valign":"inherit","align":"top"},"field":{"valign":"inherit","align":"inherit"}},"datasource":{"loadRemote":false,"loadRemoteUrl":"","terminology":""},"tags":[],"annotations":{"calcid":"AS","calc":"if(PAL>69,1,0)"}}},{"name":"BMI Score","localizedName":"BMI Score","rmType":"DV_COUNT","nodeId":"at0017","min":"0","max":"1","localizedNames":{"nb":"BMI Score"},"localizedDescriptions":{"nb":"*"},"aqlPath":"/content[openEHR-EHR-OBSERVATION.er_kalk_dips.v0]/data[at0001]/events[at0002]/data[at0003]/items[at0017]/value","inputs":[{"type":"INTEGER","defaultValue":0}],"formId":"hv_ernaeringrisikovurdering/er_kalk_dips/bmi_score","viewConfig":{"advanced":{"hidden":false,"readonly":false},"size":{"field":"inherit","label":"inherit","fill":"inherit"},"layout":{"label":{"valign":"inherit","align":"top"},"field":{"valign":"inherit","align":"inherit"}},"datasource":{"loadRemote":false,"loadRemoteUrl":"","terminology":""},"tags":[],"annotations":{"calcid":"BMIS"}}},{"name":"matinntak score","localizedName":"matinntak score","rmType":"DV_COUNT","nodeId":"at0008","min":"0","max":"1","localizedNames":{"nb":"matinntak score"},"localizedDescriptions":{"nb":"*"},"aqlPath":"/content[openEHR-EHR-OBSERVATION.er_kalk_dips.v0]/data[at0001]/events[at0002]/data[at0003]/items[at0008]/value","inputs":[{"type":"INTEGER","defaultValue":3}],"formId":"hv_ernaeringrisikovurdering/er_kalk_dips/matinntak_score","viewConfig":{"advanced":{"hidden":false,"readonly":false},"size":{"field":"inherit","label":"inherit","fill":"inherit"},"layout":{"label":{"valign":"inherit","align":"top"},"field":{"valign":"inherit","align":"inherit"}},"datasource":{"loadRemote":false,"loadRemoteUrl":"","terminology":""},"tags":[],"annotations":{"calcid":"MS"}}},{"name":"vt1","localizedName":"vt1","rmType":"DV_COUNT","nodeId":"at0005","min":"0","max":"1","localizedNames":{"nb":"vt1"},"localizedDescriptions":{"nb":"*"},"aqlPath":"/content[openEHR-EHR-OBSERVATION.er_kalk_dips.v0]/data[at0001]/events[at0002]/data[at0003]/items[at0005]/value","inputs":[{"type":"INTEGER","defaultValue":5}],"formId":"hv_ernaeringrisikovurdering/er_kalk_dips/vt1","viewConfig":{"advanced":{"hidden":false,"readonly":false},"size":{"field":"inherit","label":"inherit","fill":"inherit"},"layout":{"label":{"valign":"inherit","align":"top"},"field":{"valign":"inherit","align":"inherit"}},"datasource":{"loadRemote":false,"loadRemoteUrl":"","terminology":""},"tags":[],"annotations":{"calc":"round(if(or(isblank(KV), isblank(TV1)), null, (TV1-KV)/TV1*100), 2)","calcId":"vt1"}}},{"name":"vt2","localizedName":"vt2","rmType":"DV_COUNT","nodeId":"at0006","min":"0","max":"1","localizedNames":{"nb":"vt2"},"localizedDescriptions":{"nb":"*"},"aqlPath":"/content[openEHR-EHR-OBSERVATION.er_kalk_dips.v0]/data[at0001]/events[at0002]/data[at0003]/items[at0006]/value","inputs":[{"type":"INTEGER","defaultValue":5}],"formId":"hv_ernaeringrisikovurdering/er_kalk_dips/vt2","viewConfig":{"advanced":{"hidden":false,"readonly":false},"size":{"field":"inherit","label":"inherit","fill":"inherit"},"layout":{"label":{"valign":"inherit","align":"inherit"},"field":{"valign":"inherit","align":"inherit"}},"datasource":{"loadRemote":false,"loadRemoteUrl":"","terminology":""},"tags":[],"annotations":{"calc":"round(if(or(isblank(KV), isblank(TV2)), null, (TV2-KV)/TV2*100), 2)","calcId":"vt2"}}},{"name":"vt3","localizedName":"vt3","rmType":"DV_COUNT","nodeId":"at0007","min":"0","max":"1","localizedNames":{"nb":"vt3"},"localizedDescriptions":{"nb":"*"},"aqlPath":"/content[openEHR-EHR-OBSERVATION.er_kalk_dips.v0]/data[at0001]/events[at0002]/data[at0003]/items[at0007]/value","inputs":[{"type":"INTEGER","defaultValue":5}],"formId":"hv_ernaeringrisikovurdering/er_kalk_dips/vt3","viewConfig":{"advanced":{"hidden":false,"readonly":false},"size":{"field":"inherit","label":"inherit","fill":"inherit"},"layout":{"label":{"valign":"inherit","align":"inherit"},"field":{"valign":"inherit","align":"inherit"}},"datasource":{"loadRemote":false,"loadRemoteUrl":"","terminology":""},"tags":[],"annotations":{"calc":"round(if(or(isblank(KV), isblank(TV3)), null, (TV3-KV)/TV3*100), 2)","calcId":"vt3"}}}]}]}