[{"field":"klinisk_kontakt/nir_grunnlagsdata/a_primærårsak_til_dette_intensivoppholdet_vurdert_av_lege","conditions":[{"operator":"equals","value":{"code":"at0027"},"actions":[{"action":"show","target":"klinisk_kontakt/nir_grunnlagsdata/nærmere_beskrivelse_respiratorisk_svikt","value":{"code":""}}]},{"operator":"notequals","value":{"code":"at0027"},"actions":[{"action":"hide","target":"klinisk_kontakt/nir_grunnlagsdata/nærmere_beskrivelse_respiratorisk_svikt","value":{"code":""}},{"action":"clear","target":"klinisk_kontakt/nir_grunnlagsdata/nærmere_beskrivelse_respiratorisk_svikt","value":{"code":""}}]},{"operator":"equals","value":{"code":"at0028"},"actions":[{"action":"show","target":"klinisk_kontakt/nir_grunnlagsdata/nærmere_beskrivelse_sirkulatorisk_svikt","value":{"code":""}}]},{"operator":"notequals","value":{"code":"at0028"},"actions":[{"action":"hide","target":"klinisk_kontakt/nir_grunnlagsdata/nærmere_beskrivelse_sirkulatorisk_svikt","value":{"code":""}},{"action":"clear","target":"klinisk_kontakt/nir_grunnlagsdata/nærmere_beskrivelse_sirkulatorisk_svikt","value":{"code":""}}]},{"operator":"equals","value":{"code":"at0100"},"actions":[{"action":"show","target":"klinisk_kontakt/nir_grunnlagsdata/nærmere_beskrivelse_gastroenterologisk_svikt","value":{"code":""}}]},{"operator":"notequals","value":{"code":"at0100"},"actions":[{"action":"hide","target":"klinisk_kontakt/nir_grunnlagsdata/nærmere_beskrivelse_gastroenterologisk_svikt","value":{"code":""}},{"action":"clear","target":"klinisk_kontakt/nir_grunnlagsdata/nærmere_beskrivelse_gastroenterologisk_svikt","value":{"code":""}}]},{"operator":"equals","value":{"code":"at0101"},"actions":[{"action":"show","target":"klinisk_kontakt/nir_grunnlagsdata/nærmere_beskrivelse_nevrologisk_svikt","value":{"code":""}}]},{"operator":"notequals","value":{"code":"at0101"},"actions":[{"action":"hide","target":"klinisk_kontakt/nir_grunnlagsdata/nærmere_beskrivelse_nevrologisk_svikt","value":{"code":""}},{"action":"clear","target":"klinisk_kontakt/nir_grunnlagsdata/nærmere_beskrivelse_nevrologisk_svikt","value":{"code":""}}]},{"operator":"equals","value":{"code":"at0102"},"actions":[{"action":"show","target":"klinisk_kontakt/nir_grunnlagsdata/nærmere_beskrivelse_sepsis","value":{"code":""}}]},{"operator":"notequals","value":{"code":"at0102"},"actions":[{"action":"hide","target":"klinisk_kontakt/nir_grunnlagsdata/nærmere_beskrivelse_sepsis","value":{"code":""}},{"action":"clear","target":"klinisk_kontakt/nir_grunnlagsdata/nærmere_beskrivelse_sepsis","value":{"code":""}}]},{"operator":"equals","value":{"code":"at0103"},"actions":[{"action":"show","target":"klinisk_kontakt/nir_grunnlagsdata/nærmere_beskrivelse_skade_traume","value":{"code":""}}]},{"operator":"notequals","value":{"code":"at0103"},"actions":[{"action":"hide","target":"klinisk_kontakt/nir_grunnlagsdata/nærmere_beskrivelse_skade_traume","value":{"code":""}},{"action":"clear","target":"klinisk_kontakt/nir_grunnlagsdata/nærmere_beskrivelse_skade_traume","value":{"code":""}}]},{"operator":"equals","value":{"code":"at0105"},"actions":[{"action":"show","target":"klinisk_kontakt/nir_grunnlagsdata/nærmere_beskrivelse_hematologisk_svikt","value":{"code":""}}]},{"operator":"notequals","value":{"code":"at0105"},"actions":[{"action":"hide","target":"klinisk_kontakt/nir_grunnlagsdata/nærmere_beskrivelse_hematologisk_svikt","value":{"code":""}},{"action":"clear","target":"klinisk_kontakt/nir_grunnlagsdata/nærmere_beskrivelse_hematologisk_svikt","value":{"code":""}}]},{"operator":"equals","value":{"code":"at0106"},"actions":[{"action":"show","target":"klinisk_kontakt/nir_grunnlagsdata/nærmere_beskrivelse_nyresvikt","value":{"code":""}}]},{"operator":"notequals","value":{"code":"at0106"},"actions":[{"action":"hide","target":"klinisk_kontakt/nir_grunnlagsdata/nærmere_beskrivelse_nyresvikt","value":{"code":""}},{"action":"clear","target":"klinisk_kontakt/nir_grunnlagsdata/nærmere_beskrivelse_nyresvikt","value":{"code":""}}]},{"operator":"equals","value":{"code":"at0107"},"actions":[{"action":"show","target":"klinisk_kontakt/nir_grunnlagsdata/nærmere_beskrivelse_postoperativt","value":{"code":""}}]},{"operator":"notequals","value":{"code":"at0107"},"actions":[{"action":"hide","target":"klinisk_kontakt/nir_grunnlagsdata/nærmere_beskrivelse_postoperativt","value":{"code":""}},{"action":"clear","target":"klinisk_kontakt/nir_grunnlagsdata/nærmere_beskrivelse_postoperativt","value":{"code":""}}]},{"operator":"equals","value":{"code":"at0104"},"actions":[{"action":"show","target":"klinisk_kontakt/nir_grunnlagsdata/nærmere_beskrivelse_metabolsk_intoksikasjon","value":{"code":""}}]},{"operator":"notequals","value":{"code":"at0104"},"actions":[{"action":"hide","target":"klinisk_kontakt/nir_grunnlagsdata/nærmere_beskrivelse_metabolsk_intoksikasjon","value":{"code":""}},{"action":"clear","target":"klinisk_kontakt/nir_grunnlagsdata/nærmere_beskrivelse_metabolsk_intoksikasjon","value":{"code":""}}]}]},{"field":"klinisk_kontakt/nir_grunnlagsdata/b_sekunærårsak","conditions":[{"operator":"equals","value":{"code":"at0194"},"actions":[{"action":"show","target":"klinisk_kontakt/nir_grunnlagsdata/nærmere_beskrivelse_respiratorisk_svikt2","value":{"code":""}}]},{"operator":"notequals","value":{"code":"at0194"},"actions":[{"action":"hide","target":"klinisk_kontakt/nir_grunnlagsdata/nærmere_beskrivelse_respiratorisk_svikt2","value":{"code":""}},{"action":"clear","target":"klinisk_kontakt/nir_grunnlagsdata/nærmere_beskrivelse_respiratorisk_svikt2","value":{"code":""}}]},{"operator":"equals","value":{"code":"at0195"},"actions":[{"action":"show","target":"klinisk_kontakt/nir_grunnlagsdata/nærmere_beskrivelse_sirkulatorisk_svikt2","value":{"code":""}}]},{"operator":"notequals","value":{"code":"at0195"},"actions":[{"action":"hide","target":"klinisk_kontakt/nir_grunnlagsdata/nærmere_beskrivelse_sirkulatorisk_svikt2","value":{"code":""}},{"action":"clear","target":"klinisk_kontakt/nir_grunnlagsdata/nærmere_beskrivelse_sirkulatorisk_svikt2","value":{"code":""}}]},{"operator":"equals","value":{"code":"at0196"},"actions":[{"action":"show","target":"klinisk_kontakt/nir_grunnlagsdata/nærmere_beskrivelse_gastroenterologisk_svikt2","value":{"code":""}}]},{"operator":"notequals","value":{"code":"at0196"},"actions":[{"action":"hide","target":"klinisk_kontakt/nir_grunnlagsdata/nærmere_beskrivelse_gastroenterologisk_svikt2","value":{"code":""}},{"action":"clear","target":"klinisk_kontakt/nir_grunnlagsdata/nærmere_beskrivelse_gastroenterologisk_svikt2","value":{"code":""}}]},{"operator":"equals","value":{"code":"at0197"},"actions":[{"action":"show","target":"klinisk_kontakt/nir_grunnlagsdata/nærmere_beskrivelse_nevrologisk_svikt2","value":{"code":""}}]},{"operator":"notequals","value":{"code":"at0197"},"actions":[{"action":"hide","target":"klinisk_kontakt/nir_grunnlagsdata/nærmere_beskrivelse_nevrologisk_svikt2","value":{"code":""}},{"action":"clear","target":"klinisk_kontakt/nir_grunnlagsdata/nærmere_beskrivelse_nevrologisk_svikt2","value":{"code":""}}]},{"operator":"equals","value":{"code":"at0198"},"actions":[{"action":"show","target":"klinisk_kontakt/nir_grunnlagsdata/nærmere_beskrivelse_sepsis2","value":{"code":""}}]},{"operator":"notequals","value":{"code":"at0198"},"actions":[{"action":"hide","target":"klinisk_kontakt/nir_grunnlagsdata/nærmere_beskrivelse_sepsis2","value":{"code":""}},{"action":"clear","target":"klinisk_kontakt/nir_grunnlagsdata/nærmere_beskrivelse_sepsis2","value":{"code":""}}]},{"operator":"equals","value":{"code":"at0199"},"actions":[{"action":"show","target":"klinisk_kontakt/nir_grunnlagsdata/nærmere_beskrivelse_skade_traume2","value":{"code":""}}]},{"operator":"notequals","value":{"code":"at0199"},"actions":[{"action":"hide","target":"klinisk_kontakt/nir_grunnlagsdata/nærmere_beskrivelse_skade_traume2","value":{"code":""}},{"action":"clear","target":"klinisk_kontakt/nir_grunnlagsdata/nærmere_beskrivelse_skade_traume2","value":{"code":""}}]},{"operator":"equals","value":{"code":"at0200"},"actions":[{"action":"show","target":"klinisk_kontakt/nir_grunnlagsdata/nærmere_beskrivelse_metabolsk_intoksikasjon2","value":{"code":""}}]},{"operator":"notequals","value":{"code":"at0200"},"actions":[{"action":"hide","target":"klinisk_kontakt/nir_grunnlagsdata/nærmere_beskrivelse_metabolsk_intoksikasjon2","value":{"code":""}},{"action":"clear","target":"klinisk_kontakt/nir_grunnlagsdata/nærmere_beskrivelse_metabolsk_intoksikasjon2","value":{"code":""}}]},{"operator":"equals","value":{"code":"at0201"},"actions":[{"action":"show","target":"klinisk_kontakt/nir_grunnlagsdata/nærmere_beskrivelse_hematologisk_svikt2","value":{"code":""}}]},{"operator":"notequals","value":{"code":"at0201"},"actions":[{"action":"hide","target":"klinisk_kontakt/nir_grunnlagsdata/nærmere_beskrivelse_hematologisk_svikt2","value":{"code":""}},{"action":"clear","target":"klinisk_kontakt/nir_grunnlagsdata/nærmere_beskrivelse_hematologisk_svikt2","value":{"code":""}}]},{"operator":"equals","value":{"code":"at0202"},"actions":[{"action":"show","target":"klinisk_kontakt/nir_grunnlagsdata/nærmere_beskrivelse_nyresvikt2","value":{"code":""}}]},{"operator":"notequals","value":{"code":"at0202"},"actions":[{"action":"hide","target":"klinisk_kontakt/nir_grunnlagsdata/nærmere_beskrivelse_nyresvikt2","value":{"code":""}},{"action":"clear","target":"klinisk_kontakt/nir_grunnlagsdata/nærmere_beskrivelse_nyresvikt2","value":{"code":""}}]},{"operator":"equals","value":{"code":"at0203"},"actions":[{"action":"show","target":"klinisk_kontakt/nir_grunnlagsdata/nærmere_beskrivelse_postoperativt2","value":{"code":""}}]},{"operator":"notequals","value":{"code":"at0203"},"actions":[{"action":"hide","target":"klinisk_kontakt/nir_grunnlagsdata/nærmere_beskrivelse_postoperativt2","value":{"code":""}},{"action":"clear","target":"klinisk_kontakt/nir_grunnlagsdata/nærmere_beskrivelse_postoperativt2","value":{"code":""}}]}]},{"field":"klinisk_kontakt/nir_grunnlagsdata/vil_du_registrere_sofa_skåre_på_dette_oppholdet","conditions":[{"operator":"is","value":{"value":true},"actions":[{"action":"show","target":"klinisk_kontakt/sofa_score","value":{"value":""}}]},{"operator":"isnot","value":{"value":true},"actions":[{"action":"hide","target":"klinisk_kontakt/sofa_score","value":{"value":""}},{"action":"reset","target":"klinisk_kontakt/sofa_score","value":{"value":""}}]}]},{"field":"klinisk_kontakt/nir_grunnlagsdata/kontinuerlig_hemofiltrasjon","conditions":[{"operator":"is","value":{"value":true},"actions":[{"action":"show","target":"klinisk_kontakt/nir_grunnlagsdata/antall_døgn","value":null}]},{"operator":"isnot","value":{"value":true},"actions":[{"action":"hide","target":"klinisk_kontakt/nir_grunnlagsdata/antall_døgn","value":null},{"action":"clear","target":"klinisk_kontakt/nir_grunnlagsdata/antall_døgn","value":null}]}]},{"field":"klinisk_kontakt/nir_grunnlagsdata/intermitterende_hemodialyse","conditions":[{"operator":"is","value":{"value":true},"actions":[{"action":"show","target":"klinisk_kontakt/nir_grunnlagsdata/antall_døgn2","value":null}]},{"operator":"isnot","value":{"value":true},"actions":[{"action":"hide","target":"klinisk_kontakt/nir_grunnlagsdata/antall_døgn2","value":null},{"action":"clear","target":"klinisk_kontakt/nir_grunnlagsdata/antall_døgn2","value":null}]}]},{"field":"klinisk_kontakt/nir_grunnlagsdata/peritonealdialyse","conditions":[{"operator":"is","value":{"value":true},"actions":[{"action":"show","target":"klinisk_kontakt/nir_grunnlagsdata/antall_døgn3","value":null}]},{"operator":"isnot","value":{"value":true},"actions":[{"action":"hide","target":"klinisk_kontakt/nir_grunnlagsdata/antall_døgn3","value":null},{"action":"clear","target":"klinisk_kontakt/nir_grunnlagsdata/antall_døgn3","value":null}]}]},{"field":"klinisk_kontakt/nir_grunnlagsdata/spesielle_tiltak_intervensjoner","conditions":[{"operator":"is","value":{"value":true},"actions":[{"action":"show","target":"klinisk_kontakt/nir_grunnlagsdata/spesielle_tiltak_intervensjoner2","value":{"code":""}}]},{"operator":"isnot","value":{"value":true},"actions":[{"action":"hide","target":"klinisk_kontakt/nir_grunnlagsdata/spesielle_tiltak_intervensjoner2","value":{"code":""}},{"action":"clear","target":"klinisk_kontakt/nir_grunnlagsdata/spesielle_tiltak_intervensjoner2","value":{"code":""}}]}]},{"field":"klinisk_kontakt/nir_grunnlagsdata/nyreerstattende_behandling_under_dette_intensivoppholdet","conditions":[{"operator":"equals","value":{"code":"at0035"},"actions":[{"action":"show","target":"klinisk_kontakt/nir_grunnlagsdata/kontinuerlig_hemofiltrasjon","value":{"value":false}},{"action":"show","target":"klinisk_kontakt/nir_grunnlagsdata/intermitterende_hemodialyse","value":{"value":false}},{"action":"show","target":"klinisk_kontakt/nir_grunnlagsdata/peritonealdialyse","value":{"value":false}}]},{"operator":"notequals","value":{"code":"at0035"},"actions":[{"action":"hide","target":"klinisk_kontakt/nir_grunnlagsdata/kontinuerlig_hemofiltrasjon","value":{"value":false}},{"action":"hide","target":"klinisk_kontakt/nir_grunnlagsdata/intermitterende_hemodialyse","value":{"value":false}},{"action":"hide","target":"klinisk_kontakt/nir_grunnlagsdata/peritonealdialyse","value":{"value":false}},{"action":"clear","target":"klinisk_kontakt/nir_grunnlagsdata/kontinuerlig_hemofiltrasjon","value":{"value":false}},{"action":"clear","target":"klinisk_kontakt/nir_grunnlagsdata/intermitterende_hemodialyse","value":{"value":false}},{"action":"clear","target":"klinisk_kontakt/nir_grunnlagsdata/peritonealdialyse","value":{"value":false}}]}]},{"field":"klinisk_kontakt/nir_grunnlagsdata/isolering_av_intensivpasient","conditions":[{"operator":"equals","value":{"code":"at0225"},"actions":[{"action":"show","target":"klinisk_kontakt/nir_grunnlagsdata/døgn_totalt_luftsmitte","value":null}]},{"operator":"notequals","value":{"code":"at0225"},"actions":[{"action":"hide","target":"klinisk_kontakt/nir_grunnlagsdata/døgn_totalt_luftsmitte","value":null},{"action":"clear","target":"klinisk_kontakt/nir_grunnlagsdata/døgn_totalt_luftsmitte","value":null}]}]},{"field":"klinisk_kontakt/nir_grunnlagsdata/overført_under_pågående_intensivbehandling","conditions":[{"operator":"equals","value":{"code":"at0228"},"actions":[{"action":"show","target":"generic-field-73168","value":{"value":""}},{"action":"show","target":"generic-field-11323","value":{"value":""}}]},{"operator":"notequals","value":{"code":"at0228"},"actions":[{"action":"hide","target":"generic-field-73168","value":{"value":""}},{"action":"clear","target":"generic-field-73168","value":{"value":""}},{"action":"hide","target":"generic-field-11323","value":{"value":""}},{"action":"clear","target":"generic-field-11323","value":{"value":""}}]}]},{"field":"klinisk_kontakt/nir_grunnlagsdata/status_ut_av_denne_intensivenheten","conditions":[{"operator":"equals","value":{"code":"at0058"},"actions":[{"action":"show","target":"generic-field-73832","value":{"value":""}},{"action":"hide","target":"klinisk_kontakt/nir_grunnlagsdata/ble_det_påvist_opphevet_intrakraniell_sirkulasjon","value":{"code":""}},{"action":"hide","target":"klinisk_kontakt/nir_grunnlagsdata/årsak_til_nei_-_intr.sirk","value":{"code":""}},{"action":"hide","target":"klinisk_kontakt/nir_grunnlagsdata/ble_organdonasjon_gjennomført","value":{"code":""}},{"action":"hide","target":"klinisk_kontakt/nir_grunnlagsdata/årsak_til_nei_-_organdonasjon","value":{"code":""}},{"action":"clear","target":"klinisk_kontakt/nir_grunnlagsdata/var_det_mistenkt_påvist_en_potensielt_dødelig_hjerneskade_hos_pasienten","value":{"code":""}},{"action":"clear","target":"klinisk_kontakt/nir_grunnlagsdata/ble_det_påvist_opphevet_intrakraniell_sirkulasjon","value":{"code":""}},{"action":"clear","target":"klinisk_kontakt/nir_grunnlagsdata/årsak_til_nei_-_intr.sirk","value":{"code":""}},{"action":"clear","target":"klinisk_kontakt/nir_grunnlagsdata/ble_organdonasjon_gjennomført","value":{"code":""}},{"action":"clear","target":"klinisk_kontakt/nir_grunnlagsdata/årsak_til_nei_-_organdonasjon","value":{"code":""}}]},{"operator":"notequals","value":{"code":"at0058"},"actions":[{"action":"hide","target":"generic-field-73832","value":{"value":""}},{"action":"clear","target":"generic-field-73832","value":{"value":""}}]}]},{"field":"klinisk_kontakt/nir_grunnlagsdata/var_det_mistenkt_påvist_en_potensielt_dødelig_hjerneskade_hos_pasienten","conditions":[{"operator":"equals","value":{"code":"at0253"},"actions":[{"action":"show","target":"klinisk_kontakt/nir_grunnlagsdata/ble_det_påvist_opphevet_intrakraniell_sirkulasjon","value":{"code":""}},{"action":"hide","target":"klinisk_kontakt/nir_grunnlagsdata/årsak_til_nei_-_intr.sirk","value":{"code":""}},{"action":"hide","target":"klinisk_kontakt/nir_grunnlagsdata/ble_organdonasjon_gjennomført","value":{"code":""}},{"action":"hide","target":"klinisk_kontakt/nir_grunnlagsdata/årsak_til_nei_-_organdonasjon","value":{"code":""}},{"action":"clear","target":"klinisk_kontakt/nir_grunnlagsdata/årsak_til_nei_-_intr.sirk","value":{"code":""}},{"action":"clear","target":"klinisk_kontakt/nir_grunnlagsdata/ble_organdonasjon_gjennomført","value":{"code":""}},{"action":"clear","target":"klinisk_kontakt/nir_grunnlagsdata/årsak_til_nei_-_organdonasjon","value":{"code":""}}]},{"operator":"equals","value":{"code":"at0254"},"actions":[{"action":"show","target":"klinisk_kontakt/nir_grunnlagsdata/årsak_til_nei_-_intr.sirk","value":{"code":""}},{"action":"hide","target":"klinisk_kontakt/nir_grunnlagsdata/ble_det_påvist_opphevet_intrakraniell_sirkulasjon","value":{"code":""}},{"action":"hide","target":"klinisk_kontakt/nir_grunnlagsdata/ble_organdonasjon_gjennomført","value":{"code":""}},{"action":"hide","target":"klinisk_kontakt/nir_grunnlagsdata/årsak_til_nei_-_organdonasjon","value":{"code":""}},{"action":"clear","target":"klinisk_kontakt/nir_grunnlagsdata/ble_det_påvist_opphevet_intrakraniell_sirkulasjon","value":{"code":""}},{"action":"clear","target":"klinisk_kontakt/nir_grunnlagsdata/ble_organdonasjon_gjennomført","value":{"code":""}},{"action":"clear","target":"klinisk_kontakt/nir_grunnlagsdata/årsak_til_nei_-_organdonasjon","value":{"code":""}}]},{"operator":"empty","value":null,"actions":[{"action":"hide","target":"klinisk_kontakt/nir_grunnlagsdata/ble_det_påvist_opphevet_intrakraniell_sirkulasjon","value":{"code":""}},{"action":"hide","target":"klinisk_kontakt/nir_grunnlagsdata/årsak_til_nei_-_intr.sirk","value":{"code":""}},{"action":"hide","target":"klinisk_kontakt/nir_grunnlagsdata/ble_organdonasjon_gjennomført","value":{"code":""}},{"action":"hide","target":"klinisk_kontakt/nir_grunnlagsdata/årsak_til_nei_-_organdonasjon","value":{"code":""}},{"action":"clear","target":"klinisk_kontakt/nir_grunnlagsdata/ble_det_påvist_opphevet_intrakraniell_sirkulasjon","value":{"code":""}},{"action":"clear","target":"klinisk_kontakt/nir_grunnlagsdata/årsak_til_nei_-_intr.sirk","value":{"code":""}},{"action":"clear","target":"klinisk_kontakt/nir_grunnlagsdata/ble_organdonasjon_gjennomført","value":{"code":""}},{"action":"clear","target":"klinisk_kontakt/nir_grunnlagsdata/årsak_til_nei_-_organdonasjon","value":{"code":""}}]}]},{"field":"klinisk_kontakt/nir_grunnlagsdata/ble_det_påvist_opphevet_intrakraniell_sirkulasjon","conditions":[{"operator":"equals","value":{"code":"at0255"},"actions":[{"action":"show","target":"klinisk_kontakt/nir_grunnlagsdata/ble_organdonasjon_gjennomført","value":{"code":""}},{"action":"hide","target":"klinisk_kontakt/nir_grunnlagsdata/årsak_til_nei_-_intr.sirk","value":{"code":""}},{"action":"hide","target":"klinisk_kontakt/nir_grunnlagsdata/årsak_til_nei_-_organdonasjon","value":{"code":""}},{"action":"clear","target":"klinisk_kontakt/nir_grunnlagsdata/årsak_til_nei_-_intr.sirk","value":{"code":""}},{"action":"clear","target":"klinisk_kontakt/nir_grunnlagsdata/årsak_til_nei_-_organdonasjon","value":{"code":""}}]},{"operator":"equals","value":{"code":"at0256"},"actions":[{"action":"show","target":"klinisk_kontakt/nir_grunnlagsdata/årsak_til_nei_-_intr.sirk","value":{"code":""}},{"action":"hide","target":"klinisk_kontakt/nir_grunnlagsdata/ble_organdonasjon_gjennomført","value":{"code":""}},{"action":"hide","target":"klinisk_kontakt/nir_grunnlagsdata/årsak_til_nei_-_organdonasjon","value":{"code":""}},{"action":"clear","target":"klinisk_kontakt/nir_grunnlagsdata/ble_organdonasjon_gjennomført","value":{"code":""}},{"action":"clear","target":"klinisk_kontakt/nir_grunnlagsdata/årsak_til_nei_-_organdonasjon","value":{"code":""}}]},{"operator":"empty","value":null,"actions":[{"action":"hide","target":"klinisk_kontakt/nir_grunnlagsdata/ble_organdonasjon_gjennomført","value":{"code":""}},{"action":"hide","target":"klinisk_kontakt/nir_grunnlagsdata/årsak_til_nei_-_intr.sirk","value":{"code":""}},{"action":"hide","target":"klinisk_kontakt/nir_grunnlagsdata/årsak_til_nei_-_organdonasjon","value":{"code":""}},{"action":"clear","target":"klinisk_kontakt/nir_grunnlagsdata/ble_organdonasjon_gjennomført","value":{"code":""}},{"action":"clear","target":"klinisk_kontakt/nir_grunnlagsdata/årsak_til_nei_-_intr.sirk","value":{"code":""}},{"action":"clear","target":"klinisk_kontakt/nir_grunnlagsdata/årsak_til_nei_-_organdonasjon","value":{"code":""}}]}]},{"field":"klinisk_kontakt/nir_grunnlagsdata/ble_organdonasjon_gjennomført","conditions":[{"operator":"equals","value":{"code":"at0268"},"actions":[{"action":"show","target":"klinisk_kontakt/nir_grunnlagsdata/årsak_til_nei_-_organdonasjon","value":{"code":""}}]},{"operator":"notequals","value":{"code":"at0268"},"actions":[{"action":"hide","target":"klinisk_kontakt/nir_grunnlagsdata/årsak_til_nei_-_organdonasjon","value":{"code":""}},{"action":"clear","target":"klinisk_kontakt/nir_grunnlagsdata/årsak_til_nei_-_organdonasjon","value":{"code":""}}]}]}]