{"name":"Form root","localizedNames":{},"localizedDescriptions":{},"rmType":"FORM_DEFINITION","min":0,"max":0,"formId":"form_root","viewConfig":{"label":{"custom":false,"useLocalizations":false},"size":{"field":"inherit","label":"inherit"},"layout":{"label":{"valign":"inherit","align":"inherit"},"field":{"valign":"inherit","align":"inherit"}},"annotations":{}},"children":[{"name":"Sjekkliste preopr Diakonhjemmet","localizedName":"Sjekkliste preopr Diakonhjemmet","localizedNames":{"en":"*Sjekkliste preopr Diakonhjemmet (nb)","nb":"Sjekkliste"},"localizedDescriptions":{"nb":"Sjekklisten benyttes for å registrere aktiviterer som er gjort før pasient sendes til operasjon. Spesialtilpasset for Diakonhjemmets kirurgiske avdeling.","en":"*Sjekklisten benyttes for å registrere aktiviterer som er gjort før pasient sendes til operasjon. Spesialtilpasset for Diakonhjemmets kirurgiske avdeling. (nb)"},"rmType":"CLUSTER","nodeId":"openEHR-EHR-CLUSTER.preop_checklist_diakonhjemmet_dips.v1","min":1,"max":1,"aqlPath":"/content[openEHR-EHR-EVALUATION.container_dips.v1]/data[at0001]/items[openEHR-EHR-CLUSTER.preop_checklist_diakonhjemmet_dips.v1]","inputs":[],"formId":"preoperativ_sjekkliste/*container(en)/sjekkliste_preopr_diakonhjemmet","viewConfig":{"multiplicity":{"min":1,"max":1},"advanced":{"hidden":false,"readonly":false,"hideFrame":false,"render":false},"label":{"custom":false,"useLocalizations":false},"size":{"field":"inherit","label":"3"},"layout":{"label":{"valign":"inherit","align":"inherit"},"field":{"valign":"inherit","align":"inherit"}},"annotations":{},"field":{}},"children":[{"name":"Spacer","localizedName":"","localizedNames":{"nb":""},"localizedDescriptions":{},"rmType":"GENERIC_SPACER","min":0,"max":1,"inputs":[],"formId":"generic-field-15313","viewConfig":{"annotations":{},"field":{"height":15,"input":{"height":15}}}},{"name":"Fieldset","localizedName":"Fieldset","localizedNames":{"en":"*Fieldset (en)","nb":"Fieldset"},"localizedDescriptions":{},"rmType":"GENERIC_FIELDSET","min":0,"max":1,"inputs":[],"formId":"generic-field-76545","viewConfig":{"multiplicity":{"min":0,"max":1},"advanced":{"hidden":false,"readonly":false,"hideFrame":false,"render":false},"label":{"custom":false,"useLocalizations":false},"size":{"field":"inherit","label":"-1"},"layout":{"label":{"valign":"inherit","align":"inherit"},"field":{"valign":"inherit","align":"inherit"}},"annotations":{},"field":{"formId":null,"name":null},"tags":["HideLabel"]},"children":[{"name":"Dusj utført","localizedName":"Dusj utført","localizedNames":{"en":"*Dusj utført (nb)","nb":"Dusj utført"},"localizedDescriptions":{"nb":"*","en":"** (nb)"},"rmType":"DV_TEXT","nodeId":"at0004","min":0,"max":1,"aqlPath":"/content[openEHR-EHR-EVALUATION.container_dips.v1]/data[at0001]/items[openEHR-EHR-CLUSTER.preop_checklist_diakonhjemmet_dips.v1]/items[at0004]/value","inputs":[{"type":"TEXT","list":[{"value":"Ja","label":"Ja","ordinal":0,"localizedLabels":{},"localizedDescriptions":{}},{"value":"Nei","label":"Nei","ordinal":0,"localizedLabels":{},"localizedDescriptions":{}}],"listOpen":false}],"formId":"preoperativ_sjekkliste/*container(en)/sjekkliste_preopr_diakonhjemmet/dusj_utført","viewConfig":{"multiplicity":{"min":0,"max":1},"advanced":{"hidden":false,"readonly":false,"hideFrame":false,"render":false},"label":{"custom":false,"useLocalizations":false},"size":{"field":"inherit","label":"inherit"},"layout":{"label":{"valign":"inherit","align":"inherit"},"field":{"valign":"inherit","align":"inherit"}},"datasource":{"loadRemote":false,"parameters":{}},"annotations":{},"field":{"input":{"presentation":"radios","columns":"2"}}}},{"name":"Munnstell utført","localizedName":"Munnstell utført","localizedNames":{"en":"*Munnstell utført (nb)","nb":"Munnstell utført"},"localizedDescriptions":{"nb":"*","en":"** (nb)"},"rmType":"DV_TEXT","nodeId":"at0032","min":0,"max":1,"aqlPath":"/content[openEHR-EHR-EVALUATION.container_dips.v1]/data[at0001]/items[openEHR-EHR-CLUSTER.preop_checklist_diakonhjemmet_dips.v1]/items[at0032]/value","inputs":[{"type":"TEXT","list":[{"value":"Ja","label":"Ja","ordinal":0,"localizedLabels":{},"localizedDescriptions":{}},{"value":"Nei","label":"Nei","ordinal":0,"localizedLabels":{},"localizedDescriptions":{}}],"listOpen":false}],"formId":"preoperativ_sjekkliste/*container(en)/sjekkliste_preopr_diakonhjemmet/munnstell_utført","viewConfig":{"multiplicity":{"min":0,"max":1},"advanced":{"hidden":false,"readonly":false,"hideFrame":false,"render":false},"label":{"custom":false,"useLocalizations":false},"size":{"field":"inherit","label":"inherit"},"layout":{"label":{"valign":"inherit","align":"inherit"},"field":{"valign":"inherit","align":"inherit"}},"datasource":{"loadRemote":false,"parameters":{}},"annotations":{},"field":{"input":{"presentation":"radios","columns":"2"}}}},{"name":"Hårfjerning utført","localizedName":"Hårfjerning utført","localizedNames":{"en":"*Hårfjerning utført (nb)","nb":"Hårfjerning utført"},"localizedDescriptions":{"nb":"*","en":"** (nb)"},"rmType":"DV_TEXT","nodeId":"at0033","min":0,"max":1,"aqlPath":"/content[openEHR-EHR-EVALUATION.container_dips.v1]/data[at0001]/items[openEHR-EHR-CLUSTER.preop_checklist_diakonhjemmet_dips.v1]/items[at0033]/value","inputs":[{"type":"TEXT","list":[{"value":"Ja","label":"Ja","ordinal":0,"localizedLabels":{},"localizedDescriptions":{}},{"value":"Nei","label":"Nei","ordinal":0,"localizedLabels":{},"localizedDescriptions":{}}],"listOpen":false}],"formId":"preoperativ_sjekkliste/*container(en)/sjekkliste_preopr_diakonhjemmet/hårfjerning_utført","viewConfig":{"multiplicity":{"min":0,"max":1},"advanced":{"hidden":false,"readonly":false,"hideFrame":false,"render":false},"label":{"custom":false,"useLocalizations":false},"size":{"field":"inherit","label":"inherit"},"layout":{"label":{"valign":"inherit","align":"inherit"},"field":{"valign":"inherit","align":"inherit"}},"datasource":{"loadRemote":false,"parameters":{}},"annotations":{},"field":{"input":{"presentation":"radios","columns":"2"}}}},{"name":"Sminke, neglelakk, smykker og klokke er fjernet","localizedName":"Sminke, neglelakk, smykker og klokke er fjernet","localizedNames":{"en":"*Sminke, neglelakk, smykker og klokke er fjernet (nb)","nb":"Sminke, neglelakk, smykker og klokke er fjernet"},"localizedDescriptions":{"nb":"*","en":"** (nb)"},"rmType":"DV_TEXT","nodeId":"at0005","min":0,"max":1,"aqlPath":"/content[openEHR-EHR-EVALUATION.container_dips.v1]/data[at0001]/items[openEHR-EHR-CLUSTER.preop_checklist_diakonhjemmet_dips.v1]/items[at0005]/value","inputs":[{"type":"TEXT","list":[{"value":"Ja","label":"Ja","ordinal":0,"localizedLabels":{},"localizedDescriptions":{}},{"value":"Nei","label":"Nei","ordinal":0,"localizedLabels":{},"localizedDescriptions":{}}],"listOpen":false}],"formId":"preoperativ_sjekkliste/*container(en)/sjekkliste_preopr_diakonhjemmet/sminke,_neglelakk,_smykker_og_klokke_er_fjernet","viewConfig":{"multiplicity":{"min":0,"max":1},"advanced":{"hidden":false,"readonly":false,"hideFrame":false,"render":false},"label":{"custom":false,"useLocalizations":false},"size":{"field":"inherit","label":"inherit"},"layout":{"label":{"valign":"inherit","align":"inherit"},"field":{"valign":"inherit","align":"inherit"}},"datasource":{"loadRemote":false,"parameters":{}},"annotations":{},"field":{"input":{"presentation":"radios","columns":"2"}}}},{"name":"Ren seng merket med navn","localizedName":"Ren seng merket med navn","localizedNames":{"en":"*Ren seng merket med navn (nb)","nb":"Ren seng merket med navn"},"localizedDescriptions":{"nb":"*","en":"** (nb)"},"rmType":"DV_TEXT","nodeId":"at0003","min":0,"max":1,"aqlPath":"/content[openEHR-EHR-EVALUATION.container_dips.v1]/data[at0001]/items[openEHR-EHR-CLUSTER.preop_checklist_diakonhjemmet_dips.v1]/items[at0003]/value","inputs":[{"type":"TEXT","list":[{"value":"Ja","label":"Ja","ordinal":0,"localizedLabels":{},"localizedDescriptions":{}},{"value":"Nei","label":"Nei","ordinal":0,"localizedLabels":{},"localizedDescriptions":{}}],"listOpen":false}],"formId":"preoperativ_sjekkliste/*container(en)/sjekkliste_preopr_diakonhjemmet/ren_seng_merket_med_navn","viewConfig":{"multiplicity":{"min":0,"max":1},"advanced":{"hidden":false,"readonly":false,"hideFrame":false,"render":false},"label":{"custom":false,"useLocalizations":false},"size":{"field":"inherit","label":"inherit"},"layout":{"label":{"valign":"inherit","align":"inherit"},"field":{"valign":"inherit","align":"inherit"}},"datasource":{"loadRemote":false,"parameters":{}},"annotations":{},"field":{"input":{"presentation":"radios","columns":"2"}}}},{"name":"Operasjonsfelt markert av kirurg","localizedName":"Operasjonsfelt markert av kirurg","localizedNames":{"en":"*Operasjonsfelt markert av kirurg (nb)","nb":"Operasjonsfelt markert av kirurg"},"localizedDescriptions":{"nb":"Avhuking betyr at operasjonsfelt er markert av kirurg.","en":"*Avhuking betyr at operasjonsfelt er markert av kirurg. (nb)"},"rmType":"DV_TEXT","nodeId":"at0021","min":0,"max":1,"aqlPath":"/content[openEHR-EHR-EVALUATION.container_dips.v1]/data[at0001]/items[openEHR-EHR-CLUSTER.preop_checklist_diakonhjemmet_dips.v1]/items[at0021]/value","inputs":[{"type":"TEXT","list":[{"value":"Ja","label":"Ja","ordinal":0,"localizedLabels":{},"localizedDescriptions":{}},{"value":"Nei","label":"Nei","ordinal":0,"localizedLabels":{},"localizedDescriptions":{}}],"listOpen":false}],"formId":"preoperativ_sjekkliste/*container(en)/sjekkliste_preopr_diakonhjemmet/operasjonsfelt_markert_av_kirurg","viewConfig":{"multiplicity":{"min":0,"max":1},"advanced":{"hidden":false,"readonly":false,"hideFrame":false,"render":false},"label":{"custom":false,"useLocalizations":false},"size":{"field":"inherit","label":"inherit"},"layout":{"label":{"valign":"inherit","align":"inherit"},"field":{"valign":"inherit","align":"inherit"}},"datasource":{"loadRemote":false,"parameters":{}},"annotations":{},"field":{"input":{"presentation":"radios","columns":"2"}}}},{"name":"Premedikasjon gitt","localizedName":"Premedikasjon gitt","localizedNames":{"en":"*Premedikasjon gitt (nb)","nb":"Premedikasjon gitt"},"localizedDescriptions":{"nb":"Avhuking betyr at premedikasjon er gitt preoperativt.","en":"*Avhuking betyr at premedikasjon er gitt preoperativt. (nb)"},"rmType":"DV_TEXT","nodeId":"at0019","min":0,"max":1,"aqlPath":"/content[openEHR-EHR-EVALUATION.container_dips.v1]/data[at0001]/items[openEHR-EHR-CLUSTER.preop_checklist_diakonhjemmet_dips.v1]/items[at0019]/value","inputs":[{"type":"TEXT","list":[{"value":"Ja","label":"Ja","ordinal":0,"localizedLabels":{},"localizedDescriptions":{}},{"value":"Nei","label":"Nei","ordinal":0,"localizedLabels":{},"localizedDescriptions":{}}],"listOpen":false}],"formId":"preoperativ_sjekkliste/*container(en)/sjekkliste_preopr_diakonhjemmet/premedikasjon_gitt","viewConfig":{"multiplicity":{"min":0,"max":1},"advanced":{"hidden":false,"readonly":false,"hideFrame":false,"render":false},"label":{"custom":false,"useLocalizations":false},"size":{"field":"inherit","label":"inherit"},"layout":{"label":{"valign":"inherit","align":"inherit"},"field":{"valign":"inherit","align":"inherit"}},"datasource":{"loadRemote":false,"parameters":{}},"annotations":{},"field":{"input":{"presentation":"radios","columns":"2"}}}},{"name":"Briller medfølger","localizedName":"Briller medfølger","localizedNames":{"en":"*Briller medfølger (nb)","nb":"Briller medfølger"},"localizedDescriptions":{"nb":"*","en":"** (nb)"},"rmType":"DV_TEXT","nodeId":"at0008","min":0,"max":1,"aqlPath":"/content[openEHR-EHR-EVALUATION.container_dips.v1]/data[at0001]/items[openEHR-EHR-CLUSTER.preop_checklist_diakonhjemmet_dips.v1]/items[at0008]/value","inputs":[{"type":"TEXT","list":[{"value":"Ja","label":"Ja","ordinal":0,"localizedLabels":{},"localizedDescriptions":{}},{"value":"Nei","label":"Nei","ordinal":0,"localizedLabels":{},"localizedDescriptions":{}}],"listOpen":false}],"formId":"preoperativ_sjekkliste/*container(en)/sjekkliste_preopr_diakonhjemmet/briller_medfølger","viewConfig":{"multiplicity":{"min":0,"max":1},"advanced":{"hidden":false,"readonly":false,"hideFrame":false,"render":false},"label":{"custom":false,"useLocalizations":false},"size":{"field":"inherit","label":"inherit"},"layout":{"label":{"valign":"inherit","align":"inherit"},"field":{"valign":"inherit","align":"inherit"}},"datasource":{"loadRemote":false,"parameters":{}},"annotations":{},"field":{"input":{"presentation":"radios","columns":"2"}}}},{"name":"Høreapparat medfølger","localizedName":"Høreapparat medfølger","localizedNames":{"en":"*Høreapparat medfølger (nb)","nb":"Høreapparat medfølger"},"localizedDescriptions":{"nb":"*","en":"** (nb)"},"rmType":"DV_TEXT","nodeId":"at0016","min":0,"max":1,"aqlPath":"/content[openEHR-EHR-EVALUATION.container_dips.v1]/data[at0001]/items[openEHR-EHR-CLUSTER.preop_checklist_diakonhjemmet_dips.v1]/items[at0016]/value","inputs":[{"type":"TEXT","list":[{"value":"Ja","label":"Ja","ordinal":0,"localizedLabels":{},"localizedDescriptions":{}},{"value":"Nei","label":"Nei","ordinal":0,"localizedLabels":{},"localizedDescriptions":{}}],"listOpen":false}],"formId":"preoperativ_sjekkliste/*container(en)/sjekkliste_preopr_diakonhjemmet/høreapparat_medfølger","viewConfig":{"multiplicity":{"min":0,"max":1},"advanced":{"hidden":false,"readonly":false,"hideFrame":false,"render":false},"label":{"custom":false,"useLocalizations":false},"size":{"field":"inherit","label":"inherit"},"layout":{"label":{"valign":"inherit","align":"inherit"},"field":{"valign":"inherit","align":"inherit"}},"datasource":{"loadRemote":false,"parameters":{}},"annotations":{},"field":{"input":{"presentation":"radios","columns":"2"}}}},{"name":"Pasient har løstenner","localizedName":"Pasient har løstenner","localizedNames":{"en":"*Pasient har løstenner (nb)","nb":"Pasient har løstenner"},"localizedDescriptions":{"nb":"*","en":"** (nb)"},"rmType":"DV_TEXT","nodeId":"at0009","min":0,"max":1,"aqlPath":"/content[openEHR-EHR-EVALUATION.container_dips.v1]/data[at0001]/items[openEHR-EHR-CLUSTER.preop_checklist_diakonhjemmet_dips.v1]/items[at0009]/value","inputs":[{"type":"TEXT","list":[{"value":"Ja","label":"Ja","ordinal":0,"localizedLabels":{},"localizedDescriptions":{}},{"value":"Nei","label":"Nei","ordinal":0,"localizedLabels":{},"localizedDescriptions":{}}],"listOpen":false}],"formId":"preoperativ_sjekkliste/*container(en)/sjekkliste_preopr_diakonhjemmet/pasient_har_løstenner","viewConfig":{"multiplicity":{"min":0,"max":1},"advanced":{"hidden":false,"readonly":false,"hideFrame":false,"render":false},"label":{"custom":false,"useLocalizations":false},"size":{"field":"inherit","label":"inherit"},"layout":{"label":{"valign":"inherit","align":"inherit"},"field":{"valign":"inherit","align":"inherit"}},"datasource":{"loadRemote":false,"parameters":{}},"annotations":{},"field":{"input":{"presentation":"radios","columns":"2"}}}},{"name":"Innlagt PVK","localizedName":"Innlagt PVK","localizedNames":{"en":"*Innlagt PVK (nb)","nb":"Innlagt PVK"},"localizedDescriptions":{"nb":"*","en":"** (nb)"},"rmType":"DV_TEXT","nodeId":"at0034","min":0,"max":1,"aqlPath":"/content[openEHR-EHR-EVALUATION.container_dips.v1]/data[at0001]/items[openEHR-EHR-CLUSTER.preop_checklist_diakonhjemmet_dips.v1]/items[at0034]/value","inputs":[{"type":"TEXT","list":[{"value":"Ja","label":"Ja","ordinal":0,"localizedLabels":{},"localizedDescriptions":{}},{"value":"Nei","label":"Nei","ordinal":0,"localizedLabels":{},"localizedDescriptions":{}}],"listOpen":false}],"formId":"preoperativ_sjekkliste/*container(en)/sjekkliste_preopr_diakonhjemmet/innlagt_pvk","viewConfig":{"multiplicity":{"min":0,"max":1},"advanced":{"hidden":false,"readonly":false,"hideFrame":false,"render":false},"label":{"custom":false,"useLocalizations":false},"size":{"field":"inherit","label":"inherit"},"layout":{"label":{"valign":"inherit","align":"inherit"},"field":{"valign":"inherit","align":"inherit"}},"datasource":{"loadRemote":false,"parameters":{}},"annotations":{},"field":{"input":{"presentation":"radios","columns":"2"}}}},{"name":"Innlagt blærekateter","localizedName":"Innlagt blærekateter","localizedNames":{"en":"*Innlagt blærekateter (nb)","nb":"Innlagt blærekateter"},"localizedDescriptions":{"nb":"*","en":"** (nb)"},"rmType":"DV_TEXT","nodeId":"at0022","min":0,"max":1,"aqlPath":"/content[openEHR-EHR-EVALUATION.container_dips.v1]/data[at0001]/items[openEHR-EHR-CLUSTER.preop_checklist_diakonhjemmet_dips.v1]/items[at0022]/value","inputs":[{"type":"TEXT","list":[{"value":"Ja","label":"Ja","ordinal":0,"localizedLabels":{},"localizedDescriptions":{}},{"value":"Nei","label":"Nei","ordinal":0,"localizedLabels":{},"localizedDescriptions":{}}],"listOpen":false}],"formId":"preoperativ_sjekkliste/*container(en)/sjekkliste_preopr_diakonhjemmet/innlagt_blærekateter","viewConfig":{"multiplicity":{"min":0,"max":1},"advanced":{"hidden":false,"readonly":false,"hideFrame":false,"render":false},"label":{"custom":false,"useLocalizations":false},"size":{"field":"inherit","label":"inherit"},"layout":{"label":{"valign":"inherit","align":"inherit"},"field":{"valign":"inherit","align":"inherit"}},"datasource":{"loadRemote":false,"parameters":{}},"annotations":{},"field":{"input":{"presentation":"radios","columns":"2"}}}}]},{"name":"Spacer","localizedName":"","localizedNames":{"nb":""},"localizedDescriptions":{},"rmType":"GENERIC_SPACER","min":0,"max":1,"inputs":[],"formId":"generic-field-10522","viewConfig":{"annotations":{},"field":{"height":15,"input":{"height":15}}}},{"name":"Fieldset","localizedName":"Fieldset","localizedNames":{"en":"*Fieldset (en)","nb":"Fieldset"},"localizedDescriptions":{},"rmType":"GENERIC_FIELDSET","min":0,"max":1,"inputs":[],"formId":"generic-field-39018","viewConfig":{"multiplicity":{"min":0,"max":1},"advanced":{"hidden":false,"readonly":false,"hideFrame":false,"render":false},"label":{"custom":false,"useLocalizations":false},"size":{"field":"inherit","label":"-1"},"layout":{"label":{"valign":"inherit","align":"inherit"},"field":{"valign":"inherit","align":"inherit"}},"annotations":{},"field":{"formId":null,"name":null},"tags":["HideLabel"]},"children":[{"name":"Antibiotikaprofylakse gitt","localizedName":"Antibiotikaprofylakse gitt","localizedNames":{"en":"*Antibiotikaprofylakse gitt (nb)","nb":"Antibiotika-profylakse gitt"},"localizedDescriptions":{"nb":"*","en":"** (nb)"},"rmType":"DV_TEXT","nodeId":"at0015","min":0,"max":1,"aqlPath":"/content[openEHR-EHR-EVALUATION.container_dips.v1]/data[at0001]/items[openEHR-EHR-CLUSTER.preop_checklist_diakonhjemmet_dips.v1]/items[at0015]/value","inputs":[{"type":"TEXT","list":[{"value":"Ja","label":"Ja","ordinal":0,"localizedLabels":{},"localizedDescriptions":{}},{"value":"Ikke aktuelt","label":"Ikke aktuelt","ordinal":0,"localizedLabels":{},"localizedDescriptions":{}}],"listOpen":false}],"formId":"preoperativ_sjekkliste/*container(en)/sjekkliste_preopr_diakonhjemmet/antibiotikaprofylakse_gitt","viewConfig":{"multiplicity":{"min":0,"max":1},"advanced":{"hidden":false,"readonly":false,"hideFrame":false,"render":false},"label":{"custom":false,"useLocalizations":false},"size":{"field":"inherit","label":"inherit"},"layout":{"label":{"valign":"inherit","align":"inherit"},"field":{"valign":"inherit","align":"inherit"}},"datasource":{"loadRemote":false,"parameters":{}},"annotations":{},"field":{"input":{"presentation":"radios","columns":"2"}}}},{"name":"Tarm tømt","localizedName":"Tarm tømt","localizedNames":{"en":"*Tarm tømt (nb)","nb":"Tarm tømt"},"localizedDescriptions":{"nb":"Avhuking betyr at tarm er tømt preoperativt.","en":"*Avhuking betyr at tarm er tømt preoperativt. (nb)"},"rmType":"DV_TEXT","nodeId":"at0013","min":0,"max":1,"aqlPath":"/content[openEHR-EHR-EVALUATION.container_dips.v1]/data[at0001]/items[openEHR-EHR-CLUSTER.preop_checklist_diakonhjemmet_dips.v1]/items[at0013]/value","inputs":[{"type":"TEXT","list":[{"value":"Ja","label":"Ja","ordinal":0,"localizedLabels":{},"localizedDescriptions":{}},{"value":"Ikke aktuelt","label":"Ikke aktuelt","ordinal":0,"localizedLabels":{},"localizedDescriptions":{}}],"listOpen":false}],"formId":"preoperativ_sjekkliste/*container(en)/sjekkliste_preopr_diakonhjemmet/tarm_tømt","viewConfig":{"multiplicity":{"min":0,"max":1},"advanced":{"hidden":false,"readonly":false,"hideFrame":false,"render":false},"label":{"custom":false,"useLocalizations":false},"size":{"field":"inherit","label":"inherit"},"layout":{"label":{"valign":"inherit","align":"inherit"},"field":{"valign":"inherit","align":"inherit"}},"datasource":{"loadRemote":false,"parameters":{}},"annotations":{},"field":{"input":{"presentation":"radios","columns":"2"}}}},{"name":"Ventrikkel tømt","localizedName":"Ventrikkel tømt","localizedNames":{"en":"*Ventrikkel tømt (nb)","nb":"Ventrikkel tømt"},"localizedDescriptions":{"nb":"*","en":"** (nb)"},"rmType":"DV_TEXT","nodeId":"at0024","min":0,"max":1,"aqlPath":"/content[openEHR-EHR-EVALUATION.container_dips.v1]/data[at0001]/items[openEHR-EHR-CLUSTER.preop_checklist_diakonhjemmet_dips.v1]/items[at0024]/value","inputs":[{"type":"TEXT","list":[{"value":"Ja","label":"Ja","ordinal":0,"localizedLabels":{},"localizedDescriptions":{}},{"value":"Ikke aktuelt","label":"Ikke aktuelt","ordinal":0,"localizedLabels":{},"localizedDescriptions":{}}],"listOpen":false}],"formId":"preoperativ_sjekkliste/*container(en)/sjekkliste_preopr_diakonhjemmet/ventrikkel_tømt","viewConfig":{"multiplicity":{"min":0,"max":1},"advanced":{"hidden":false,"readonly":false,"hideFrame":false,"render":false},"label":{"custom":false,"useLocalizations":false},"size":{"field":"inherit","label":"inherit"},"layout":{"label":{"valign":"inherit","align":"inherit"},"field":{"valign":"inherit","align":"inherit"}},"datasource":{"loadRemote":false,"parameters":{}},"annotations":{},"field":{"input":{"presentation":"radios","columns":"2"}}}},{"name":"Pretransfusjonsprøve tatt","localizedName":"Pretransfusjonsprøve tatt","localizedNames":{"en":"*Pretransfusjonsprøve tatt (nb)","nb":"Pretransfusjons-prøve tatt"},"localizedDescriptions":{"nb":"*","en":"** (nb)"},"rmType":"DV_TEXT","nodeId":"at0017","min":0,"max":1,"aqlPath":"/content[openEHR-EHR-EVALUATION.container_dips.v1]/data[at0001]/items[openEHR-EHR-CLUSTER.preop_checklist_diakonhjemmet_dips.v1]/items[at0017]/value","inputs":[{"type":"TEXT","list":[{"value":"Ja","label":"Ja","ordinal":0,"localizedLabels":{},"localizedDescriptions":{}},{"value":"Ikke aktuelt","label":"Ikke aktuelt","ordinal":0,"localizedLabels":{},"localizedDescriptions":{}}],"listOpen":false}],"formId":"preoperativ_sjekkliste/*container(en)/sjekkliste_preopr_diakonhjemmet/pretransfusjonsprøve_tatt","viewConfig":{"multiplicity":{"min":0,"max":1},"advanced":{"hidden":false,"readonly":false,"hideFrame":false,"render":false},"label":{"custom":false,"useLocalizations":false},"size":{"field":"inherit","label":"inherit"},"layout":{"label":{"valign":"inherit","align":"inherit"},"field":{"valign":"inherit","align":"inherit"}},"datasource":{"loadRemote":false,"parameters":{}},"annotations":{},"field":{"input":{"presentation":"radios","columns":"2"}}}},{"name":"INR tatt på operasjonsdag","localizedName":"INR tatt på operasjonsdag","localizedNames":{"en":"*INR tatt på operasjonsdag (nb)","nb":"INR tatt på operasjonsdag"},"localizedDescriptions":{"nb":"*","en":"** (nb)"},"rmType":"DV_TEXT","nodeId":"at0018","min":0,"max":1,"aqlPath":"/content[openEHR-EHR-EVALUATION.container_dips.v1]/data[at0001]/items[openEHR-EHR-CLUSTER.preop_checklist_diakonhjemmet_dips.v1]/items[at0018]/value","inputs":[{"type":"TEXT","list":[{"value":"Ja","label":"Ja","ordinal":0,"localizedLabels":{},"localizedDescriptions":{}},{"value":"Ikke aktuelt","label":"Ikke aktuelt","ordinal":0,"localizedLabels":{},"localizedDescriptions":{}}],"listOpen":false}],"formId":"preoperativ_sjekkliste/*container(en)/sjekkliste_preopr_diakonhjemmet/inr_tatt_på_operasjonsdag","viewConfig":{"multiplicity":{"min":0,"max":1},"advanced":{"hidden":false,"readonly":false,"hideFrame":false,"render":false},"label":{"custom":false,"useLocalizations":false},"size":{"field":"inherit","label":"inherit"},"layout":{"label":{"valign":"inherit","align":"inherit"},"field":{"valign":"inherit","align":"inherit"}},"datasource":{"loadRemote":false,"parameters":{}},"annotations":{},"field":{"input":{"presentation":"radios","columns":"2"}}}},{"name":"Retningslinje for diabetes er fulgt","localizedName":"Retningslinje for diabetes er fulgt","localizedNames":{"en":"*Retningslinje for diabetes er fulgt (nb)","nb":"Retningslinje for diabetes er fulgt"},"localizedDescriptions":{"nb":"*","en":"** (nb)"},"rmType":"DV_TEXT","nodeId":"at0020","min":0,"max":1,"aqlPath":"/content[openEHR-EHR-EVALUATION.container_dips.v1]/data[at0001]/items[openEHR-EHR-CLUSTER.preop_checklist_diakonhjemmet_dips.v1]/items[at0020]/value","inputs":[{"type":"TEXT","list":[{"value":"Ja","label":"Ja","ordinal":0,"localizedLabels":{},"localizedDescriptions":{}},{"value":"Ikke aktuelt","label":"Ikke aktuelt","ordinal":0,"localizedLabels":{},"localizedDescriptions":{}}],"listOpen":false}],"formId":"preoperativ_sjekkliste/*container(en)/sjekkliste_preopr_diakonhjemmet/retningslinje_for_diabetes_er_fulgt","viewConfig":{"multiplicity":{"min":0,"max":1},"advanced":{"hidden":false,"readonly":false,"hideFrame":false,"render":false},"label":{"custom":false,"useLocalizations":false},"size":{"field":"inherit","label":"inherit"},"layout":{"label":{"valign":"inherit","align":"inherit"},"field":{"valign":"inherit","align":"inherit"}},"datasource":{"loadRemote":false,"parameters":{}},"annotations":{},"field":{"input":{"presentation":"radios","columns":"2"}}}},{"name":"Navle rengjort (gastro)","localizedName":"Navle rengjort (gastro)","localizedNames":{"en":"*Navle rengjort (gastro) (nb)","nb":"Navle rengjort (gastro)"},"localizedDescriptions":{"nb":"*","en":"** (nb)"},"rmType":"DV_TEXT","nodeId":"at0028","min":0,"max":1,"aqlPath":"/content[openEHR-EHR-EVALUATION.container_dips.v1]/data[at0001]/items[openEHR-EHR-CLUSTER.preop_checklist_diakonhjemmet_dips.v1]/items[at0028]/value","inputs":[{"type":"TEXT","list":[{"value":"Ja","label":"Ja","ordinal":0,"localizedLabels":{},"localizedDescriptions":{}},{"value":"Ikke aktuelt","label":"Ikke aktuelt","ordinal":0,"localizedLabels":{},"localizedDescriptions":{}}],"listOpen":false}],"formId":"preoperativ_sjekkliste/*container(en)/sjekkliste_preopr_diakonhjemmet/navle_rengjort_(gastro)","viewConfig":{"multiplicity":{"min":0,"max":1},"advanced":{"hidden":false,"readonly":false,"hideFrame":false,"render":false},"label":{"custom":false,"useLocalizations":false},"size":{"field":"inherit","label":"inherit"},"layout":{"label":{"valign":"inherit","align":"inherit"},"field":{"valign":"inherit","align":"inherit"}},"datasource":{"loadRemote":false,"parameters":{}},"annotations":{},"field":{"input":{"presentation":"radios","columns":"2"}}}}]},{"name":"Spacer","localizedName":"","localizedNames":{"nb":""},"localizedDescriptions":{},"rmType":"GENERIC_SPACER","min":0,"max":1,"inputs":[],"formId":"generic-field-47721","viewConfig":{"annotations":{},"field":{"height":25,"input":{"height":25}}}},{"name":"Fieldset","localizedName":"Fieldset","localizedNames":{"en":"*Fieldset (en)","nb":"Verdisaker"},"localizedDescriptions":{},"rmType":"GENERIC_FIELDSET","min":0,"max":1,"inputs":[],"formId":"generic-field-45370","viewConfig":{"multiplicity":{"min":0,"max":1},"advanced":{"hidden":false,"readonly":false,"hideFrame":false,"render":false},"label":{"custom":false,"useLocalizations":false},"size":{"field":"inherit","label":"inherit"},"layout":{"label":{"valign":"inherit","align":"inherit"},"field":{"valign":"inherit","align":"inherit"}},"annotations":{},"field":{"formId":null,"name":null}},"children":[{"name":"Tilbudt deponi av verdisaker","localizedName":"Tilbudt deponi av verdisaker","localizedNames":{"en":"*Tilbudt deponi av verdisaker (nb)","nb":"Tilbudt deponi"},"localizedDescriptions":{"nb":"*","en":"** (nb)"},"rmType":"DV_TEXT","nodeId":"at0029","min":0,"max":1,"aqlPath":"/content[openEHR-EHR-EVALUATION.container_dips.v1]/data[at0001]/items[openEHR-EHR-CLUSTER.preop_checklist_diakonhjemmet_dips.v1]/items[at0029]/value","inputs":[{"type":"TEXT","list":[{"value":"Ja","label":"Ja","ordinal":0,"localizedLabels":{},"localizedDescriptions":{}},{"value":"Nei","label":"Nei","ordinal":0,"localizedLabels":{},"localizedDescriptions":{}}],"listOpen":false}],"formId":"preoperativ_sjekkliste/*container(en)/sjekkliste_preopr_diakonhjemmet/tilbudt_deponi_av_verdisaker","viewConfig":{"multiplicity":{"min":0,"max":1},"advanced":{"hidden":false,"readonly":false,"hideFrame":false,"render":false},"label":{"custom":false,"useLocalizations":false},"size":{"field":"inherit","label":"inherit"},"layout":{"label":{"valign":"inherit","align":"inherit"},"field":{"valign":"inherit","align":"inherit"}},"datasource":{"loadRemote":false,"parameters":{}},"annotations":{},"field":{"input":{"presentation":"radios","columns":"2"}}}},{"name":"Deponert verdisaker","localizedName":"Deponert verdisaker","localizedNames":{"en":"*Deponert verdisaker (nb)","nb":"Deponert"},"localizedDescriptions":{"nb":"*","en":"** (nb)"},"rmType":"DV_TEXT","nodeId":"at0030","min":0,"max":1,"aqlPath":"/content[openEHR-EHR-EVALUATION.container_dips.v1]/data[at0001]/items[openEHR-EHR-CLUSTER.preop_checklist_diakonhjemmet_dips.v1]/items[at0030]/value","inputs":[{"type":"TEXT","list":[{"value":"Ja","label":"Ja","ordinal":0,"localizedLabels":{},"localizedDescriptions":{}},{"value":"Nei","label":"Nei","ordinal":0,"localizedLabels":{},"localizedDescriptions":{}}],"listOpen":false}],"formId":"preoperativ_sjekkliste/*container(en)/sjekkliste_preopr_diakonhjemmet/deponert_verdisaker","viewConfig":{"multiplicity":{"min":0,"max":1},"advanced":{"hidden":false,"readonly":false,"hideFrame":false,"render":false},"label":{"custom":false,"useLocalizations":false},"size":{"field":"inherit","label":"inherit"},"layout":{"label":{"valign":"inherit","align":"inherit"},"field":{"valign":"inherit","align":"inherit"}},"datasource":{"loadRemote":false,"parameters":{}},"annotations":{},"field":{"input":{"presentation":"radios","columns":"2"}}}}]},{"name":"Spacer","localizedName":"","localizedNames":{"nb":""},"localizedDescriptions":{},"rmType":"GENERIC_SPACER","min":0,"max":1,"inputs":[],"formId":"generic-field-71991","viewConfig":{"annotations":{},"field":{"height":25,"input":{"height":25}}}}]},{"name":"Spacer","localizedName":"","localizedNames":{"nb":""},"localizedDescriptions":{},"rmType":"GENERIC_SPACER","min":0,"max":1,"inputs":[],"formId":"generic-field-83787","viewConfig":{"annotations":{},"field":{"height":25,"input":{"height":25}}}},{"name":"Fieldset","localizedName":"Fieldset","localizedNames":{"en":"*Fieldset (en)","nb":"Fieldset"},"localizedDescriptions":{},"rmType":"GENERIC_FIELDSET","min":0,"max":1,"inputs":[],"formId":"generic-field-94415","viewConfig":{"multiplicity":{"min":0,"max":1},"advanced":{"hidden":false,"readonly":false,"hideFrame":false,"render":false},"label":{"custom":false,"useLocalizations":false},"size":{"field":"inherit","label":"-1"},"layout":{"label":{"valign":"inherit","align":"inherit"},"field":{"valign":"inherit","align":"inherit"}},"annotations":{},"field":{"formId":null,"name":null},"tags":["HideLabel"]},"children":[{"name":"Spacer","localizedName":"","localizedNames":{"nb":""},"localizedDescriptions":{},"rmType":"GENERIC_SPACER","min":0,"max":1,"inputs":[],"formId":"generic-field-22523","viewConfig":{"annotations":{},"field":{"height":14,"input":{"height":14}}}},{"name":"Sist vannlatning","localizedName":"Sist vannlatning","localizedNames":{"en":"*Sist vannlatning (nb)","nb":"Sist vannlatning"},"localizedDescriptions":{"nb":"Tidspunkt blære ble tømt. ","en":"*Tidspunkt blære ble tømt.  (nb)"},"rmType":"DV_DATE_TIME","nodeId":"at0012","min":0,"max":1,"aqlPath":"/content[openEHR-EHR-EVALUATION.container_dips.v1]/data[at0001]/items[openEHR-EHR-CLUSTER.preop_checklist_diakonhjemmet_dips.v1]/items[at0012]/value","inputs":[{"type":"DATETIME","listOpen":false}],"formId":"preoperativ_sjekkliste/*container(en)/sjekkliste_preopr_diakonhjemmet/sist_vannlatning","viewConfig":{"multiplicity":{"min":0,"max":1},"advanced":{"hidden":false,"readonly":false,"hideFrame":false,"render":false},"label":{"custom":false,"useLocalizations":false},"size":{"field":"inherit","label":"inherit"},"layout":{"label":{"valign":"inherit","align":"inherit"},"field":{"valign":"inherit","align":"inherit"}},"annotations":{},"field":{"input":{"hideTime":false,"dateFormat":"","hideDate":false}}}},{"name":"Sist spist","localizedName":"Sist spist","localizedNames":{"en":"*Sist spist (nb)","nb":"Sist spist"},"localizedDescriptions":{"nb":"Pasientens siste inntak av mat før operasjon.","en":"*Pasientens siste inntak av mat før operasjon. (nb)"},"rmType":"DV_DATE_TIME","nodeId":"at0001","min":0,"max":1,"aqlPath":"/content[openEHR-EHR-EVALUATION.container_dips.v1]/data[at0001]/items[openEHR-EHR-CLUSTER.preop_checklist_diakonhjemmet_dips.v1]/items[at0001]/value","inputs":[{"type":"DATETIME","validation":{"pattern":"yyyy-mm-ddTHH:MM:SS"},"listOpen":false}],"formId":"preoperativ_sjekkliste/*container(en)/sjekkliste_preopr_diakonhjemmet/sist_spist","viewConfig":{"multiplicity":{"min":0,"max":1},"advanced":{"hidden":false,"readonly":false,"hideFrame":false,"render":false},"label":{"custom":false,"useLocalizations":false},"size":{"field":"inherit","label":"inherit"},"layout":{"label":{"valign":"inherit","align":"inherit"},"field":{"valign":"inherit","align":"inherit"}},"annotations":{},"field":{"input":{"hideTime":false,"dateFormat":"","hideDate":false}}}},{"name":"Sist drukket","localizedName":"Sist drukket","localizedNames":{"en":"*Sist drukket (nb)","nb":"Sist drukket"},"localizedDescriptions":{"nb":"Pasientens siste inntak av væske før operasjon.","en":"*Pasientens siste inntak av væske før operasjon. (nb)"},"rmType":"DV_DATE_TIME","nodeId":"at0002","min":0,"max":1,"aqlPath":"/content[openEHR-EHR-EVALUATION.container_dips.v1]/data[at0001]/items[openEHR-EHR-CLUSTER.preop_checklist_diakonhjemmet_dips.v1]/items[at0002]/value","inputs":[{"type":"DATETIME","listOpen":false}],"formId":"preoperativ_sjekkliste/*container(en)/sjekkliste_preopr_diakonhjemmet/sist_drukket","viewConfig":{"multiplicity":{"min":0,"max":1},"advanced":{"hidden":false,"readonly":false,"hideFrame":false,"render":false},"label":{"custom":false,"useLocalizations":false},"size":{"field":"inherit","label":"inherit"},"layout":{"label":{"valign":"inherit","align":"inherit"},"field":{"valign":"inherit","align":"inherit"}},"annotations":{},"field":{"input":{"hideTime":false,"dateFormat":"","hideDate":false}}}},{"name":"Temperatur","localizedName":"Temperatur","localizedNames":{"en":"*Temperatur (nb)","nb":"Temperatur"},"localizedDescriptions":{"nb":"*","en":"** (nb)"},"rmType":"DV_QUANTITY","nodeId":"at0023","min":0,"max":1,"aqlPath":"/content[openEHR-EHR-EVALUATION.container_dips.v1]/data[at0001]/items[openEHR-EHR-CLUSTER.preop_checklist_diakonhjemmet_dips.v1]/items[at0023]/value","inputs":[{"suffix":"magnitude","type":"DECIMAL","defaultValue":"","listOpen":false},{"suffix":"unit","type":"CODED_TEXT","list":[{"value":"°C","label":"°C","validation":{"range":{"minOp":">","maxOp":"<"},"precision":{"minOp":">=","min":1.0,"maxOp":"<=","max":1.0}},"ordinal":0,"localizedLabels":{},"localizedDescriptions":{}}],"defaultValue":"°C","listOpen":false}],"formId":"preoperativ_sjekkliste/*container(en)/sjekkliste_preopr_diakonhjemmet/temperatur","viewConfig":{"multiplicity":{"min":0,"max":1},"advanced":{"hidden":false,"readonly":false,"hideFrame":false,"render":false},"label":{"custom":false,"useLocalizations":false},"size":{"field":"inherit","label":"inherit"},"layout":{"label":{"valign":"inherit","align":"inherit"},"field":{"valign":"inherit","align":"inherit"}},"annotations":{},"field":{}}},{"name":"Merknader","localizedName":"Merknader","localizedNames":{"en":"*Merknader (nb)","nb":"Merknader"},"localizedDescriptions":{"nb":"*","en":"** (nb)"},"rmType":"DV_TEXT","nodeId":"at0031","min":0,"max":1,"aqlPath":"/content[openEHR-EHR-EVALUATION.container_dips.v1]/data[at0001]/items[openEHR-EHR-CLUSTER.preop_checklist_diakonhjemmet_dips.v1]/items[at0031]/value","inputs":[{"type":"TEXT","list":[],"listOpen":false}],"formId":"preoperativ_sjekkliste/*container(en)/sjekkliste_preopr_diakonhjemmet/merknader","viewConfig":{"multiplicity":{"min":0,"max":1},"advanced":{"hidden":false,"readonly":false,"hideFrame":false,"render":false},"label":{"custom":false,"useLocalizations":false},"size":{"field":"inherit","label":"inherit"},"layout":{"label":{"valign":"inherit","align":"top"},"field":{"valign":"inherit","align":"inherit"}},"datasource":{"loadRemote":false,"parameters":{}},"annotations":{},"field":{"lines":"3","input":{"lines":3}}}}]},{"name":"Spacer","localizedName":"","localizedNames":{"nb":""},"localizedDescriptions":{},"rmType":"GENERIC_SPACER","min":0,"max":1,"inputs":[],"formId":"generic-field-70691","viewConfig":{"annotations":{},"field":{"height":25,"input":{"height":25}}}},{"name":"Fieldset","localizedName":"Fieldset","localizedNames":{"en":"*Fieldset (en)","nb":"Ved hjemreise operasjonsdagen"},"localizedDescriptions":{},"rmType":"GENERIC_FIELDSET","min":0,"max":1,"inputs":[],"formId":"generic-field-77452","viewConfig":{"multiplicity":{"min":0,"max":1},"advanced":{"hidden":false,"readonly":false,"hideFrame":false,"render":false},"label":{"custom":false,"useLocalizations":false},"size":{"field":"inherit","label":"inherit"},"layout":{"label":{"valign":"inherit","align":"inherit"},"field":{"valign":"inherit","align":"inherit"}},"annotations":{},"field":{"formId":null,"name":null}},"children":[{"name":"Har tilsyn hjemme","localizedName":"Har tilsyn hjemme","localizedNames":{"en":"*Har tilsyn hjemme (nb)","nb":"Har tilsyn hjemme"},"localizedDescriptions":{"nb":"*","en":"** (nb)"},"rmType":"DV_TEXT","nodeId":"at0026","min":0,"max":1,"aqlPath":"/content[openEHR-EHR-EVALUATION.container_dips.v1]/data[at0001]/items[openEHR-EHR-CLUSTER.preop_checklist_diakonhjemmet_dips.v1]/items[at0026]/value","inputs":[{"type":"TEXT","list":[{"value":"Ja","label":"Ja","ordinal":0,"localizedLabels":{},"localizedDescriptions":{}},{"value":"Nei","label":"Nei","ordinal":0,"localizedLabels":{},"localizedDescriptions":{}}],"listOpen":false}],"formId":"preoperativ_sjekkliste/*container(en)/sjekkliste_preopr_diakonhjemmet/har_tilsyn_hjemme","viewConfig":{"multiplicity":{"min":0,"max":1},"advanced":{"hidden":false,"readonly":false,"hideFrame":false,"render":false},"label":{"custom":false,"useLocalizations":false},"size":{"field":"inherit","label":"inherit"},"layout":{"label":{"valign":"inherit","align":"inherit"},"field":{"valign":"inherit","align":"inherit"}},"datasource":{"loadRemote":false,"parameters":{}},"annotations":{},"field":{"input":{"presentation":"radios","columns":"2"}}}},{"name":"Transport","localizedName":"Transport","localizedNames":{"en":"*Transport (nb)","nb":"Transport"},"localizedDescriptions":{"nb":"*","en":"** (nb)"},"rmType":"DV_TEXT","nodeId":"at0027","min":0,"max":1,"aqlPath":"/content[openEHR-EHR-EVALUATION.container_dips.v1]/data[at0001]/items[openEHR-EHR-CLUSTER.preop_checklist_diakonhjemmet_dips.v1]/items[at0027]/value","inputs":[{"type":"TEXT","list":[{"value":"Hentes","label":"Hentes","ordinal":0,"localizedLabels":{},"localizedDescriptions":{}},{"value":"Taxi","label":"Taxi","ordinal":0,"localizedLabels":{},"localizedDescriptions":{}},{"value":"Pasienttransport","label":"Pasienttransport","ordinal":0,"localizedLabels":{},"localizedDescriptions":{}}],"listOpen":false}],"formId":"preoperativ_sjekkliste/*container(en)/sjekkliste_preopr_diakonhjemmet/transport","viewConfig":{"multiplicity":{"min":0,"max":1},"advanced":{"hidden":false,"readonly":false,"hideFrame":false,"render":false},"label":{"custom":false,"useLocalizations":false},"size":{"field":"inherit","label":"inherit"},"layout":{"label":{"valign":"inherit","align":"inherit"},"field":{"valign":"inherit","align":"inherit"}},"datasource":{"loadRemote":false,"parameters":{}},"annotations":{},"field":{"input":{"presentation":"combobox","columns":"3"}}}}]},{"name":"Spacer","localizedName":"","localizedNames":{"nb":""},"localizedDescriptions":{},"rmType":"GENERIC_SPACER","min":0,"max":1,"inputs":[],"formId":"generic-field-98699","viewConfig":{"annotations":{},"field":{"height":25,"input":{"height":25}}}}]}