{"formId":"form_root","name":"Form root","rmType":"FORM_DEFINITION","viewConfig":{"label":{"custom":false,"value":"","useLocalizations":true,"localizationsList":{"nb":"MDT møte"}},"size":{"field":"inherit","label":"inherit","fill":"inherit"},"layout":{"label":{"valign":"inherit","align":"top"},"field":{"valign":"inherit","align":"inherit"}},"tags":[],"annotations":{"reuseComposition":"select c from composition c contains observation e[openEHR-EHR-OBSERVATION.mdt_mote_status.v1] where c/archetype_details/template_id/value = 'HV MDT mote status v1' order by c/context/start_time/value desc fetch 1?scope=periodofcare"}},"language":"nb","templateLanguages":["nb"],"children":[{"name":"MDT-møte status","localizedName":"MDT-møte status","rmType":"DV_CODED_TEXT","nodeId":"at0004","min":0,"max":1,"localizedNames":{"nb":"MDT-møte status"},"localizedDescriptions":{"nb":"Status for møte"},"aqlPath":"/content[openEHR-EHR-OBSERVATION.mdt_mote_status.v1]/data[at0001]/events[at0002]/data[at0003]/items[at0004]/value","inputs":[{"suffix":"code","type":"CODED_TEXT","list":[{"value":"at0006","label":"Ikke planlagt","localizedLabels":{"nb":"Ikke planlagt"},"localizedDescriptions":{"nb":"MDT-møte ikke planlagt"}},{"value":"at0007","label":"Planlagt","localizedLabels":{"nb":"Planlagt"},"localizedDescriptions":{"nb":"MDT-møte planlagt"}},{"value":"at0008","label":"Utført","localizedLabels":{"nb":"Utført"},"localizedDescriptions":{"nb":"MDT-møte utført"}}]}],"fid":"mdt_møte/mdt_møte/mdt-møte_status","formId":"mdt_møte/mdt_møte/mdt-møte_status","viewConfig":{"size":{"field":"inherit","label":"inherit","fill":"inherit"},"layout":{"label":{"valign":"inherit","align":"inherit"},"field":{"valign":"inherit","align":"inherit"}},"datasource":{"loadRemote":false,"loadRemoteUrl":"","terminology":""},"label":{"custom":false,"value":"","useLocalizations":true,"localizationsList":{"nb":"MDT-møte status"}},"advanced":{"hidden":false,"readonly":false},"multiplicity":{"min":"0","max":"1"},"tags":[],"field":{"code":{"presentation":"combobox","columns":"4"}}},"defaultValue":{"code":""}},{"name":"Deltakere","localizedName":"Deltakere","rmType":"DV_TEXT","nodeId":"at0009","min":0,"max":1,"localizedNames":{"nb":"Deltakere"},"localizedDescriptions":{"nb":"Deltakere"},"aqlPath":"/content[openEHR-EHR-OBSERVATION.mdt_mote_status.v1]/data[at0001]/events[at0002]/data[at0003]/items[at0009]/value","inputs":[{"type":"TEXT"}],"fid":"mdt_møte/mdt_møte/deltakere","formId":"mdt_møte/mdt_møte/deltakere","viewConfig":{"size":{"field":"inherit","label":"inherit","fill":"inherit"},"layout":{"label":{"valign":"inherit","align":"inherit"},"field":{"valign":"inherit","align":"inherit"}},"datasource":{"loadRemote":false,"loadRemoteUrl":"","terminology":""},"label":{"custom":false,"value":"","useLocalizations":true,"localizationsList":{"nb":"Deltakere"}},"advanced":{"hidden":false,"readonly":false},"multiplicity":{"min":"0","max":"1"},"tags":[],"field":{"input":{"presentation":"textfield","lines":"1"}}},"defaultValue":{"value":""}},{"name":"Tidspunkt","localizedName":"Tidspunkt","rmType":"DV_DATE_TIME","nodeId":"at0010","min":0,"max":1,"localizedNames":{"nb":"Tidspunkt"},"localizedDescriptions":{"nb":"Tidspunkt"},"aqlPath":"/content[openEHR-EHR-OBSERVATION.mdt_mote_status.v1]/data[at0001]/events[at0002]/data[at0003]/items[at0010]/value","inputs":[{"type":"DATETIME"}],"fid":"mdt_møte/mdt_møte/tidspunkt","formId":"mdt_møte/mdt_møte/tidspunkt","viewConfig":{"size":{"field":"inherit","label":"inherit","fill":"inherit"},"layout":{"label":{"valign":"inherit","align":"inherit"},"field":{"valign":"inherit","align":"inherit"}},"datasource":{"loadRemote":false,"loadRemoteUrl":"","terminology":""},"label":{"custom":false,"value":"","useLocalizations":true,"localizationsList":{"nb":"Tidspunkt"}},"advanced":{"hidden":false,"readonly":false},"multiplicity":{"min":"0","max":"1"},"tags":[],"field":{"input":{"dateFormat":"","hideDate":false,"hideTime":false}}},"defaultValue":{"value":""}}]}