{"formId":"form_root","name":"Form root","rmType":"FORM_DEFINITION","viewConfig":{"label":{"custom":false,"value":"","useLocalizations":false,"localizationsList":{}},"size":{"field":"inherit","label":"inherit","fill":"inherit"},"layout":{"valign":"inherit","align":"inherit"},"tags":[],"annotations":{"#sistesaps":"select c/uid/value as cid, o from composition c contains observation o[openEHR-EHR-OBSERVATION.saps_score.v0] order by o/data/origin desc limit 1?scope=folder","#nems":"SELECT c/uid/value as cid, o FROM COMPOSITION c CONTAINS OBSERVATION o[openEHR-EHR-OBSERVATION.nems_score.v0] ORDER BY o/data/origin/value DESC?scope=folder"}},"language":"","templateLanguages":["nb"],"children":[{"localizedName":"SAPS registrering","localizedNames":{"nb":"SAPS registrering"},"min":"1","max":"1","name":"SAPS registrering","rmType":"GENERIC_FIELDSET","formId":"generic-field-88292","viewConfig":{"size":{"field":"inherit","label":"inherit","fill":"inherit"},"layout":{"label":{"valign":"inherit","align":"inherit"},"field":{"valign":"inherit","align":"inherit"}},"advanced":{"hidden":false,"readonly":false,"render":false},"tags":[]},"children":[{"name":"Saps score","localizedName":"Saps score","rmType":"OBSERVATION","nodeId":"openEHR-EHR-OBSERVATION.saps_score.v0","min":"0","max":"1","localizedNames":{"nb":"Saps II","en":""},"localizedDescriptions":{"nb":"unknown"},"aqlPath":"/content[openEHR-EHR-OBSERVATION.saps_score.v0]","children":[{"name":"Alder","localizedName":"Alder","rmType":"DV_ORDINAL","nodeId":"at0052","min":1,"max":1,"localizedNames":{"nb":"Alder"},"localizedDescriptions":{"nb":"*"},"aqlPath":"/content[openEHR-EHR-OBSERVATION.saps_score.v0]/data[at0001]/events[at0002]/data[at0003]/items[at0052]/value","inputs":[{"type":"CODED_TEXT","list":[{"value":"at0054","label":"< 40","localizedLabels":{"nb":"< 40"},"localizedDescriptions":{"nb":"*"},"ordinal":0},{"value":"at0055","label":"40 - 59","localizedLabels":{"nb":"40 - 59"},"localizedDescriptions":{"nb":"*"},"ordinal":7},{"value":"at0056","label":"60 - 69","localizedLabels":{"nb":"60 - 69"},"localizedDescriptions":{"nb":"*"},"ordinal":12},{"value":"at0057","label":"70 - 75","localizedLabels":{"nb":"70 - 75"},"localizedDescriptions":{"nb":"*"},"ordinal":15},{"value":"at0058","label":"75 - 79","localizedLabels":{"nb":"75 - 79"},"localizedDescriptions":{"nb":"*"},"ordinal":16},{"value":"at0059","label":"> eller = 80","localizedLabels":{"nb":"> eller = 80"},"localizedDescriptions":{"nb":"*"},"ordinal":18}]}],"formId":"klinisk_kontakt/saps_score/alder","viewConfig":{"size":{"field":"inherit","label":"inherit","fill":"inherit"},"layout":{"label":{"valign":"inherit","align":"inherit"},"field":{"valign":"inherit","align":"inherit"}},"datasource":{"loadRemote":false,"loadRemoteUrl":"","terminology":""},"field":{"input":{"presentation":"combobox"}}}},{"name":"Mekanisk ventilasjon","localizedName":"Mekanisk ventilasjon","rmType":"DV_ORDINAL","nodeId":"at0030","min":0,"max":1,"localizedNames":{"nb":"Mekanisk ventilasjon"},"localizedDescriptions":{"nb":"*"},"aqlPath":"/content[openEHR-EHR-OBSERVATION.saps_score.v0]/data[at0001]/events[at0002]/data[at0003]/items[at0030]/value","inputs":[{"type":"CODED_TEXT","list":[{"value":"at0060","label":"> 26,66","localizedLabels":{"nb":"> 26,66"},"localizedDescriptions":{"nb":"*"},"ordinal":6},{"value":"at0061","label":"13,33 - 26,66","localizedLabels":{"nb":"13,33 - 26,66"},"localizedDescriptions":{"nb":"*"},"ordinal":9},{"value":"at0062","label":"< 13,33","localizedLabels":{"nb":"< 13,33"},"localizedDescriptions":{"nb":"*"},"ordinal":11}]}],"formId":"klinisk_kontakt/saps_score/mekanisk_ventilasjon","viewConfig":{"size":{"field":"inherit","label":"inherit","fill":"inherit"},"layout":{"label":{"valign":"inherit","align":"inherit"},"field":{"valign":"inherit","align":"inherit"}},"datasource":{"loadRemote":false,"loadRemoteUrl":"","terminology":""},"field":{"input":{"presentation":"combobox"}}}},{"name":"Hjertefrekvens","localizedName":"Hjertefrekvens","rmType":"DV_ORDINAL","nodeId":"at0031","min":1,"max":1,"localizedNames":{"nb":"Hjertefrekvens"},"localizedDescriptions":{"nb":"*"},"aqlPath":"/content[openEHR-EHR-OBSERVATION.saps_score.v0]/data[at0001]/events[at0002]/data[at0003]/items[at0031]/value","inputs":[{"type":"CODED_TEXT","list":[{"value":"at0063","label":"70 - 119","localizedLabels":{"nb":"70 - 119"},"localizedDescriptions":{"nb":"*"},"ordinal":0},{"value":"at0064","label":"40 - 69","localizedLabels":{"nb":"40 - 69"},"localizedDescriptions":{"nb":"*"},"ordinal":2},{"value":"at0065","label":"120 - 159","localizedLabels":{"nb":"120 - 159"},"localizedDescriptions":{"nb":"*"},"ordinal":4},{"value":"at0066","label":"> eller = 160","localizedLabels":{"nb":"> eller = 160"},"localizedDescriptions":{"nb":"*"},"ordinal":7},{"value":"at0067","label":"< 40","localizedLabels":{"nb":"< 40"},"localizedDescriptions":{"nb":"*"},"ordinal":11}]}],"formId":"klinisk_kontakt/saps_score/hjertefrekvens","viewConfig":{"size":{"field":"inherit","label":"inherit","fill":"inherit"},"layout":{"label":{"valign":"inherit","align":"inherit"},"field":{"valign":"inherit","align":"inherit"}},"datasource":{"loadRemote":false,"loadRemoteUrl":"","terminology":""},"field":{"input":{"presentation":"combobox"}}}},{"name":"Systolisk BT","localizedName":"Systolisk BT","rmType":"DV_ORDINAL","nodeId":"at0032","min":1,"max":1,"localizedNames":{"nb":"Systolisk BT"},"localizedDescriptions":{"nb":"*"},"aqlPath":"/content[openEHR-EHR-OBSERVATION.saps_score.v0]/data[at0001]/events[at0002]/data[at0003]/items[at0032]/value","inputs":[{"type":"CODED_TEXT","list":[{"value":"at0068","label":"100 - 199","localizedLabels":{"nb":"100 - 199"},"localizedDescriptions":{"nb":"*"},"ordinal":0},{"value":"at0069","label":"> eller = 200","localizedLabels":{"nb":"> eller = 200"},"localizedDescriptions":{"nb":"*"},"ordinal":2},{"value":"at0070","label":"70 - 99","localizedLabels":{"nb":"70 - 99"},"localizedDescriptions":{"nb":"*"},"ordinal":5},{"value":"at0071","label":"< 70","localizedLabels":{"nb":"< 70"},"localizedDescriptions":{"nb":"*"},"ordinal":13}]}],"formId":"klinisk_kontakt/saps_score/systolisk_bt","viewConfig":{"size":{"field":"inherit","label":"inherit","fill":"inherit"},"layout":{"label":{"valign":"inherit","align":"inherit"},"field":{"valign":"inherit","align":"inherit"}},"datasource":{"loadRemote":false,"loadRemoteUrl":"","terminology":""},"field":{"input":{"presentation":"combobox"}}}},{"name":"Temperatur","localizedName":"Temperatur","rmType":"DV_ORDINAL","nodeId":"at0033","min":1,"max":1,"localizedNames":{"nb":"Temperatur"},"localizedDescriptions":{"nb":"*"},"aqlPath":"/content[openEHR-EHR-OBSERVATION.saps_score.v0]/data[at0001]/events[at0002]/data[at0003]/items[at0033]/value","inputs":[{"type":"CODED_TEXT","list":[{"value":"at0072","label":"< 39","localizedLabels":{"nb":"< 39"},"localizedDescriptions":{"nb":"*"},"ordinal":0},{"value":"at0073","label":"> eller = 39","localizedLabels":{"nb":"> eller = 39"},"localizedDescriptions":{"nb":"*"},"ordinal":3}]}],"formId":"klinisk_kontakt/saps_score/temperatur","viewConfig":{"size":{"field":"inherit","label":"inherit","fill":"inherit"},"layout":{"label":{"valign":"inherit","align":"inherit"},"field":{"valign":"inherit","align":"inherit"}},"datasource":{"loadRemote":false,"loadRemoteUrl":"","terminology":""},"field":{"input":{"presentation":"combobox"}}}},{"name":"Døgnurin","localizedName":"Døgnurin","rmType":"DV_ORDINAL","nodeId":"at0034","min":1,"max":1,"localizedNames":{"nb":"Døgnurin"},"localizedDescriptions":{"nb":"*"},"aqlPath":"/content[openEHR-EHR-OBSERVATION.saps_score.v0]/data[at0001]/events[at0002]/data[at0003]/items[at0034]/value","inputs":[{"type":"CODED_TEXT","list":[{"value":"at0074","label":"> eller = 1000","localizedLabels":{"nb":"> eller = 1000"},"localizedDescriptions":{"nb":"*"},"ordinal":0},{"value":"at0075","label":"500 - 999","localizedLabels":{"nb":"500 - 999"},"localizedDescriptions":{"nb":"*"},"ordinal":4},{"value":"at0076","label":"< 500","localizedLabels":{"nb":"< 500"},"localizedDescriptions":{"nb":"*"},"ordinal":11}]}],"formId":"klinisk_kontakt/saps_score/døgnurin","viewConfig":{"size":{"field":"inherit","label":"inherit","fill":"inherit"},"layout":{"label":{"valign":"inherit","align":"inherit"},"field":{"valign":"inherit","align":"inherit"}},"datasource":{"loadRemote":false,"loadRemoteUrl":"","terminology":""},"field":{"input":{"presentation":"combobox"}}}},{"name":"Karbamid","localizedName":"Karbamid","rmType":"DV_ORDINAL","nodeId":"at0035","min":0,"max":1,"localizedNames":{"nb":"Karbamid"},"localizedDescriptions":{"nb":"*"},"aqlPath":"/content[openEHR-EHR-OBSERVATION.saps_score.v0]/data[at0001]/events[at0002]/data[at0003]/items[at0035]/value","inputs":[{"type":"CODED_TEXT","list":[{"value":"at0077","label":"< 10","localizedLabels":{"nb":"< 10"},"localizedDescriptions":{"nb":"*"},"ordinal":0},{"value":"at0078","label":"10 - 29,9","localizedLabels":{"nb":"10 - 29,9"},"localizedDescriptions":{"nb":"*"},"ordinal":6},{"value":"at0079","label":"> eller = 30","localizedLabels":{"nb":"> eller = 30"},"localizedDescriptions":{"nb":"*"},"ordinal":10}]}],"formId":"klinisk_kontakt/saps_score/karbamid","viewConfig":{"size":{"field":"inherit","label":"inherit","fill":"inherit"},"layout":{"label":{"valign":"inherit","align":"inherit"},"field":{"valign":"inherit","align":"inherit"}},"datasource":{"loadRemote":false,"loadRemoteUrl":"","terminology":""},"field":{"input":{"presentation":"combobox"}}}},{"name":"LPK","localizedName":"LPK","rmType":"DV_ORDINAL","nodeId":"at0036","min":1,"max":1,"localizedNames":{"nb":"LPK"},"localizedDescriptions":{"nb":"*"},"aqlPath":"/content[openEHR-EHR-OBSERVATION.saps_score.v0]/data[at0001]/events[at0002]/data[at0003]/items[at0036]/value","inputs":[{"type":"CODED_TEXT","list":[{"value":"at0080","label":"1 - 19.9","localizedLabels":{"nb":"1 - 19.9"},"localizedDescriptions":{"nb":"*"},"ordinal":0},{"value":"at0081","label":"> eller = 20","localizedLabels":{"nb":"> eller = 20"},"localizedDescriptions":{"nb":"*"},"ordinal":3},{"value":"at0082","label":"< 1","localizedLabels":{"nb":"< 1"},"localizedDescriptions":{"nb":"*"},"ordinal":12}]}],"formId":"klinisk_kontakt/saps_score/lpk","viewConfig":{"size":{"field":"inherit","label":"inherit","fill":"inherit"},"layout":{"label":{"valign":"inherit","align":"inherit"},"field":{"valign":"inherit","align":"inherit"}},"datasource":{"loadRemote":false,"loadRemoteUrl":"","terminology":""},"field":{"input":{"presentation":"combobox"}}}},{"name":"s - Kalium","localizedName":"s - Kalium","rmType":"DV_ORDINAL","nodeId":"at0037","min":1,"max":1,"localizedNames":{"nb":"s - Kalium"},"localizedDescriptions":{"nb":"*"},"aqlPath":"/content[openEHR-EHR-OBSERVATION.saps_score.v0]/data[at0001]/events[at0002]/data[at0003]/items[at0037]/value","inputs":[{"type":"CODED_TEXT","list":[{"value":"at0083","label":"3 - 4.9","localizedLabels":{"nb":"3 - 4.9"},"localizedDescriptions":{"nb":"*"},"ordinal":0},{"value":"at0084","label":"< 3 eller >/= 5","localizedLabels":{"nb":"< 3 eller >/= 5"},"localizedDescriptions":{"nb":"*"},"ordinal":3}]}],"formId":"klinisk_kontakt/saps_score/s_-_kalium","viewConfig":{"size":{"field":"inherit","label":"inherit","fill":"inherit"},"layout":{"label":{"valign":"inherit","align":"inherit"},"field":{"valign":"inherit","align":"inherit"}},"datasource":{"loadRemote":false,"loadRemoteUrl":"","terminology":""},"field":{"input":{"presentation":"combobox"}}}},{"name":"s - Natrium","localizedName":"s - Natrium","rmType":"DV_ORDINAL","nodeId":"at0038","min":1,"max":1,"localizedNames":{"nb":"s - Natrium"},"localizedDescriptions":{"nb":"*"},"aqlPath":"/content[openEHR-EHR-OBSERVATION.saps_score.v0]/data[at0001]/events[at0002]/data[at0003]/items[at0038]/value","inputs":[{"type":"CODED_TEXT","list":[{"value":"at0085","label":"125 - 144","localizedLabels":{"nb":"125 - 144"},"localizedDescriptions":{"nb":"*"},"ordinal":0},{"value":"at0086","label":"> eller = 145","localizedLabels":{"nb":"> eller = 145"},"localizedDescriptions":{"nb":"*"},"ordinal":1},{"value":"at0087","label":"< 125","localizedLabels":{"nb":"< 125"},"localizedDescriptions":{"nb":"*"},"ordinal":5}]}],"formId":"klinisk_kontakt/saps_score/s_-_natrium","viewConfig":{"size":{"field":"inherit","label":"inherit","fill":"inherit"},"layout":{"label":{"valign":"inherit","align":"inherit"},"field":{"valign":"inherit","align":"inherit"}},"datasource":{"loadRemote":false,"loadRemoteUrl":"","terminology":""},"field":{"input":{"presentation":"combobox"}}}},{"name":"s - HCO3","localizedName":"s - HCO3","rmType":"DV_ORDINAL","nodeId":"at0039","min":0,"max":1,"localizedNames":{"nb":"s - HCO3"},"localizedDescriptions":{"nb":"*"},"aqlPath":"/content[openEHR-EHR-OBSERVATION.saps_score.v0]/data[at0001]/events[at0002]/data[at0003]/items[at0039]/value","inputs":[{"type":"CODED_TEXT","list":[{"value":"at0088","label":"> eller = 20","localizedLabels":{"nb":"> eller = 20"},"localizedDescriptions":{"nb":"*"},"ordinal":0},{"value":"at0089","label":"> eller = 15-19","localizedLabels":{"nb":"> eller = 15-19"},"localizedDescriptions":{"nb":"*"},"ordinal":3},{"value":"at0090","label":"< 15","localizedLabels":{"nb":"< 15"},"localizedDescriptions":{"nb":"*"},"ordinal":6}]}],"formId":"klinisk_kontakt/saps_score/s_-_hco3","viewConfig":{"size":{"field":"inherit","label":"inherit","fill":"inherit"},"layout":{"label":{"valign":"inherit","align":"inherit"},"field":{"valign":"inherit","align":"inherit"}},"datasource":{"loadRemote":false,"loadRemoteUrl":"","terminology":""},"field":{"input":{"presentation":"combobox"}}}},{"name":"s - Bilirubin","localizedName":"s - Bilirubin","rmType":"DV_ORDINAL","nodeId":"at0040","min":0,"max":1,"localizedNames":{"nb":"s - Bilirubin"},"localizedDescriptions":{"nb":"*"},"aqlPath":"/content[openEHR-EHR-OBSERVATION.saps_score.v0]/data[at0001]/events[at0002]/data[at0003]/items[at0040]/value","inputs":[{"type":"CODED_TEXT","list":[{"value":"at0091","label":"< 68.4","localizedLabels":{"nb":"< 68.4"},"localizedDescriptions":{"nb":"*"},"ordinal":0},{"value":"at0092","label":"68,4 - 102,5","localizedLabels":{"nb":"68,4 - 102,5"},"localizedDescriptions":{"nb":"*"},"ordinal":4},{"value":"at0093","label":"> eller = 102,6","localizedLabels":{"nb":"> eller = 102,6"},"localizedDescriptions":{"nb":"*"},"ordinal":9}]}],"formId":"klinisk_kontakt/saps_score/s_-_bilirubin","viewConfig":{"size":{"field":"inherit","label":"inherit","fill":"inherit"},"layout":{"label":{"valign":"inherit","align":"inherit"},"field":{"valign":"inherit","align":"inherit"}},"datasource":{"loadRemote":false,"loadRemoteUrl":"","terminology":""},"field":{"input":{"presentation":"combobox"}}}},{"name":"GCS","localizedName":"GCS","rmType":"DV_ORDINAL","nodeId":"at0053","min":1,"max":1,"localizedNames":{"nb":"GCS"},"localizedDescriptions":{"nb":"*"},"aqlPath":"/content[openEHR-EHR-OBSERVATION.saps_score.v0]/data[at0001]/events[at0002]/data[at0003]/items[at0053]/value","inputs":[{"type":"CODED_TEXT","list":[{"value":"at0094","label":"14-15","localizedLabels":{"nb":"14-15"},"localizedDescriptions":{"nb":"*"},"ordinal":0},{"value":"at0095","label":"11-13","localizedLabels":{"nb":"11-13"},"localizedDescriptions":{"nb":"*"},"ordinal":5},{"value":"at0096","label":"9-10","localizedLabels":{"nb":"9-10"},"localizedDescriptions":{"nb":"*"},"ordinal":7},{"value":"at0097","label":"6-8","localizedLabels":{"nb":"6-8"},"localizedDescriptions":{"nb":"*"},"ordinal":13},{"value":"at0098","label":"< 6","localizedLabels":{"nb":"< 6"},"localizedDescriptions":{"nb":"*"},"ordinal":26}]}],"formId":"klinisk_kontakt/saps_score/gcs","viewConfig":{"size":{"field":"inherit","label":"inherit","fill":"inherit"},"layout":{"label":{"valign":"inherit","align":"inherit"},"field":{"valign":"inherit","align":"inherit"}},"datasource":{"loadRemote":false,"loadRemoteUrl":"","terminology":""},"field":{"input":{"presentation":"combobox"}}}},{"name":"Innleggelse","localizedName":"Innleggelse","rmType":"DV_ORDINAL","nodeId":"at0041","min":1,"max":1,"localizedNames":{"nb":"Innleggelse"},"localizedDescriptions":{"nb":"*"},"aqlPath":"/content[openEHR-EHR-OBSERVATION.saps_score.v0]/data[at0001]/events[at0002]/data[at0003]/items[at0041]/value","inputs":[{"type":"CODED_TEXT","list":[{"value":"at0101","label":"Planlagt kirurgisk (PK)","localizedLabels":{"nb":"Planlagt kirurgisk (PK)"},"localizedDescriptions":{"nb":"*"},"ordinal":0},{"value":"at0102","label":"Øyeblikkelig hjelp medisinsk (ØM)","localizedLabels":{"nb":"Øyeblikkelig hjelp medisinsk (ØM)"},"localizedDescriptions":{"nb":"*"},"ordinal":6},{"value":"at0103","label":"Øyeblikkelig hjelp kirurgisk (ØK)","localizedLabels":{"nb":"Øyeblikkelig hjelp kirurgisk (ØK)"},"localizedDescriptions":{"nb":"*"},"ordinal":8}]}],"formId":"klinisk_kontakt/saps_score/innleggelse","viewConfig":{"size":{"field":"inherit","label":"inherit","fill":"inherit"},"layout":{"label":{"valign":"inherit","align":"inherit"},"field":{"valign":"inherit","align":"inherit"}},"datasource":{"loadRemote":false,"loadRemoteUrl":"","terminology":""},"field":{"input":{"presentation":"combobox"}}}},{"name":"Kronisk","localizedName":"Kronisk","rmType":"DV_ORDINAL","nodeId":"at0042","min":1,"max":1,"localizedNames":{"nb":"Kronisk"},"localizedDescriptions":{"nb":"*"},"aqlPath":"/content[openEHR-EHR-OBSERVATION.saps_score.v0]/data[at0001]/events[at0002]/data[at0003]/items[at0042]/value","inputs":[{"type":"CODED_TEXT","list":[{"value":"at0099","label":"Ingen poenggivende sykdom (I)","localizedLabels":{"nb":"Ingen poenggivende sykdom (I)"},"localizedDescriptions":{"nb":"*"},"ordinal":0},{"value":"at0104","label":"Cancer med metastaser (C)","localizedLabels":{"nb":"Cancer med metastaser (C)"},"localizedDescriptions":{"nb":"*"},"ordinal":9},{"value":"at0105","label":"Hematologisk malignitet (H)","localizedLabels":{"nb":"Hematologisk malignitet (H)"},"localizedDescriptions":{"nb":"*"},"ordinal":10},{"value":"at0100","label":"AIDS (A)","localizedLabels":{"nb":"AIDS (A)"},"localizedDescriptions":{"nb":"*"},"ordinal":17}]}],"formId":"klinisk_kontakt/saps_score/kronisk","viewConfig":{"size":{"field":"inherit","label":"inherit","fill":"inherit"},"layout":{"label":{"valign":"inherit","align":"inherit"},"field":{"valign":"inherit","align":"inherit"}},"datasource":{"loadRemote":false,"loadRemoteUrl":"","terminology":""},"field":{"input":{"presentation":"combobox"}}}},{"name":"SAPS score","localizedName":"SAPS score","rmType":"DV_COUNT","nodeId":"at0025","min":0,"max":1,"localizedNames":{"nb":"SAPS score"},"localizedDescriptions":{"nb":"*"},"aqlPath":"/content[openEHR-EHR-OBSERVATION.saps_score.v0]/data[at0001]/events[at0002]/data[at0003]/items[at0025]/value","inputs":[{"type":"INTEGER","validation":{"range":{"minOp":">=","min":0}}}],"formId":"klinisk_kontakt/saps_score/saps_score","viewConfig":{"size":{"field":"inherit","label":"inherit","fill":"inherit"},"layout":{"label":{"valign":"inherit","align":"inherit"},"field":{"valign":"inherit","align":"inherit"}},"datasource":{"loadRemote":false,"loadRemoteUrl":"","terminology":""}}},{"name":"Mortalitet score","localizedName":"Mortalitet score","rmType":"DV_COUNT","nodeId":"at0026","min":0,"max":1,"localizedNames":{"nb":"Mortalitet score"},"localizedDescriptions":{"nb":"*"},"aqlPath":"/content[openEHR-EHR-OBSERVATION.saps_score.v0]/data[at0001]/events[at0002]/data[at0003]/items[at0026]/value","inputs":[{"type":"INTEGER","validation":{"range":{"minOp":">=","min":0}}}],"formId":"klinisk_kontakt/saps_score/mortalitet_score","viewConfig":{"size":{"field":"inherit","label":"inherit","fill":"inherit"},"layout":{"label":{"valign":"inherit","align":"inherit"},"field":{"valign":"inherit","align":"inherit"}},"datasource":{"loadRemote":false,"loadRemoteUrl":"","terminology":""}}}],"formId":"klinisk_kontakt/saps_score","viewConfig":{"size":{"field":"inherit","label":"inherit","fill":"inherit"},"layout":{"label":{"valign":"inherit","align":"inherit"},"field":{"valign":"inherit","align":"inherit"}},"annotations":{"selectreadonly":"{#sistesaps}"},"advanced":{"hidden":false,"readonly":false,"render":false},"tags":[]}}]},{"localizedName":"NEMS registrering","localizedNames":{"nb":"NEMS registrering"},"min":"0","max":"100","name":"NEMS registrering","rmType":"GENERIC_FIELDSET","formId":"generic-field-74967","viewConfig":{"advanced":{"hidden":false,"readonly":false,"render":false},"size":{"field":"inherit","label":"inherit","fill":"inherit"},"layout":{"label":{"valign":"inherit","align":"inherit"},"field":{"valign":"inherit","align":"inherit"}},"tags":[]},"children":[{"name":"Nems score","localizedName":"Nems score","rmType":"OBSERVATION","nodeId":"openEHR-EHR-OBSERVATION.nems_score.v0","min":"0","max":"100","localizedNames":{"nb":"Nems score"},"localizedDescriptions":{"nb":"unknown"},"aqlPath":"/content[openEHR-EHR-OBSERVATION.nems_score.v0]","children":[{"name":"Tidspunkt","rmType":"DV_DATE_TIME","min":"1","max":"1","aqlPath":"/content[openEHR-EHR-OBSERVATION.nems_score.v0]/data[at0001]/events[at0002]/time","inputs":[{"type":"DATETIME"}],"inContext":true,"formId":"klinisk_kontakt/nems_score/time","viewConfig":{"size":{"field":"inherit","label":"inherit","fill":"inherit"},"layout":{"label":{"valign":"inherit","align":"inherit"},"field":{"valign":"inherit","align":"inherit"}},"datasource":{"loadRemote":false,"loadRemoteUrl":"","terminology":""},"advanced":{"hidden":false,"readonly":false},"tags":[],"field":{"input":{"dateFormat":"","hideDate":false,"hideTime":false}}},"localizedName":"Tidspunkt"},{"name":"Nems Score","localizedName":"Nems Score","rmType":"DV_COUNT","nodeId":"at0015","min":"1","max":"1","localizedNames":{"nb":"Nems Score"},"localizedDescriptions":{"nb":"*"},"aqlPath":"/content[openEHR-EHR-OBSERVATION.nems_score.v0]/data[at0001]/events[at0002]/data[at0003]/items[at0015]/value","inputs":[{"type":"INTEGER","validation":{"range":{"minOp":">=","min":0}}}],"formId":"klinisk_kontakt/nems_score/nems_score","viewConfig":{"size":{"field":"inherit","label":"inherit","fill":"inherit"},"layout":{"label":{"valign":"inherit","align":"inherit"},"field":{"valign":"inherit","align":"inherit"}},"datasource":{"loadRemote":false,"loadRemoteUrl":"","terminology":""},"advanced":{"hidden":false,"readonly":false},"tags":[]}}],"formId":"klinisk_kontakt/nems_score","viewConfig":{"size":{"field":"inherit","label":"inherit","fill":"inherit"},"layout":{"label":{"valign":"inherit","align":"inherit"},"field":{"valign":"inherit","align":"inherit"}},"advanced":{"hidden":false,"readonly":false,"render":false},"tags":["hidelabel"],"annotations":{"selectreadonly":"{#nems}"}}}]}]}