[{"col":1,"row":1,"width":12,"height":23,"children":[{"id":"generic-field-88292","rows":[{"cols":[{"width":"100%","children":[{"id":"klinisk_kontakt/saps_score","rows":[{"cols":[{"width":"100%","children":[{"id":"klinisk_kontakt/saps_score/alder"},{"id":"klinisk_kontakt/saps_score/mekanisk_ventilasjon"},{"id":"klinisk_kontakt/saps_score/hjertefrekvens"},{"id":"klinisk_kontakt/saps_score/systolisk_bt"},{"id":"klinisk_kontakt/saps_score/temperatur"},{"id":"klinisk_kontakt/saps_score/døgnurin"},{"id":"klinisk_kontakt/saps_score/karbamid"},{"id":"klinisk_kontakt/saps_score/lpk"},{"id":"klinisk_kontakt/saps_score/s_-_kalium"},{"id":"klinisk_kontakt/saps_score/s_-_natrium"},{"id":"klinisk_kontakt/saps_score/s_-_hco3"},{"id":"klinisk_kontakt/saps_score/s_-_bilirubin"},{"id":"klinisk_kontakt/saps_score/gcs"},{"id":"klinisk_kontakt/saps_score/innleggelse"},{"id":"klinisk_kontakt/saps_score/kronisk"},{"id":"klinisk_kontakt/saps_score/saps_score"},{"id":"klinisk_kontakt/saps_score/mortalitet_score"}]}]}]}]}]}]}]},{"col":1,"row":24,"width":12,"height":13,"children":[{"id":"generic-field-74967","rows":[{"cols":[{"width":"100%","children":[{"id":"klinisk_kontakt/nems_score","rows":[{"cols":[{"width":"50%","children":[{"id":"klinisk_kontakt/nems_score/time"}]},{"width":"50%","children":[{"id":"klinisk_kontakt/nems_score/nems_score"}]}]}]}]}]}]}]}]