[{"col":1,"row":1,"width":12,"height":52,"children":[{"id":"qsofa/qsofa-skår","rows":[{"cols":[{"width":"100%","children":[{"id":"qsofa/qsofa-skår/uspesifisert_hendelse","rows":[{"cols":[{"width":"100%","children":[{"id":"qsofa/qsofa-skår/uspesifisert_hendelse/høy_respirasjonsfrekvens","rows":[]},{"id":"qsofa/qsofa-skår/uspesifisert_hendelse/lavt_blodtrykk","rows":[]},{"id":"qsofa/qsofa-skår/uspesifisert_hendelse/endret_mental_status","rows":[]},{"id":"qsofa/qsofa-skår/uspesifisert_hendelse/qsofa-skår","rows":[]},{"id":"qsofa/qsofa-skår/uspesifisert_hendelse/time","rows":[]},{"id":"qsofa/qsofa-skår/uspesifisert_hendelse/kommentar","rows":[]}]}]}]}]}]}]}]}]