[{"field":"sykmelding/hjelpefelter_sykmld/vil_du_opprette_en_utvidet_sykmelding","conditions":[{"operator":"equals","value":{"code":"at0008"},"actions":[{"action":"show","target":"sykmelding/a5_friskmelding/a5.2_pasient_med_arbeidsgiver_utdypende_opplysninger_ved_8_17_og_39_uker","value":{"value":""}},{"action":"show","target":"sykmelding/a5_friskmelding/a5.3_pasient_uten_arbeidsgiver_utdypende_opplysninger_ved_8_17_og_39_uker","value":{"value":""}},{"action":"show","target":"sykmelding/a6_utdypende_opplysninger/a6.2_utdypende_opplysninger_8_17_og_39_uker","value":{"value":""}},{"action":"show","target":"sykmelding/a4_mulighet_for_arbeid/a4.3_pasienten_kan_ikke_være_i_arbeid_100_sykmelding/helsetilstanden_hindrer_pasienten_i_å_være_i_aktivitet","value":{"value":false}},{"action":"show","target":"sykmelding/a4_mulighet_for_arbeid/a4.3_pasienten_kan_ikke_være_i_arbeid_100_sykmelding/aktivitet_vil_forverre_helsetilstanden","value":{"value":false}},{"action":"show","target":"sykmelding/a4_mulighet_for_arbeid/a4.3_pasienten_kan_ikke_være_i_arbeid_100_sykmelding/aktivitet_vil_hindre_forsinke_bedring_av_helsetilstanden","value":{"value":false}},{"action":"show","target":"sykmelding/a4_mulighet_for_arbeid/a4.3_pasienten_kan_ikke_være_i_arbeid_100_sykmelding/annet","value":{"value":false}},{"action":"show","target":"sykmelding/a4_mulighet_for_arbeid/a4.3_pasienten_kan_ikke_være_i_arbeid_100_sykmelding/beskriv","value":{"value":""}},{"action":"show","target":"sykmelding/a4_mulighet_for_arbeid/a4.3_pasienten_kan_ikke_være_i_arbeid_100_sykmelding/manglende_tilrettelegging","value":{"value":false}},{"action":"show","target":"sykmelding/a4_mulighet_for_arbeid/a4.3_pasienten_kan_ikke_være_i_arbeid_100_sykmelding/annet2","value":{"value":false}},{"action":"show","target":"sykmelding/a4_mulighet_for_arbeid/a4.3_pasienten_kan_ikke_være_i_arbeid_100_sykmelding/beskriv2","value":{"value":""}}]},{"operator":"notequals","value":{"code":"at0008"},"actions":[{"action":"hide","target":"sykmelding/a5_friskmelding/a5.2_pasient_med_arbeidsgiver_utdypende_opplysninger_ved_8_17_og_39_uker","value":{"value":""}},{"action":"clear","target":"sykmelding/a5_friskmelding/a5.2_pasient_med_arbeidsgiver_utdypende_opplysninger_ved_8_17_og_39_uker","value":{"value":""}},{"action":"hide","target":"sykmelding/a5_friskmelding/a5.3_pasient_uten_arbeidsgiver_utdypende_opplysninger_ved_8_17_og_39_uker","value":{"value":""}},{"action":"clear","target":"sykmelding/a5_friskmelding/a5.3_pasient_uten_arbeidsgiver_utdypende_opplysninger_ved_8_17_og_39_uker","value":{"value":""}},{"action":"hide","target":"sykmelding/a6_utdypende_opplysninger/a6.2_utdypende_opplysninger_8_17_og_39_uker","value":{"value":""}},{"action":"clear","target":"sykmelding/a6_utdypende_opplysninger/a6.2_utdypende_opplysninger_8_17_og_39_uker","value":{"value":""}},{"action":"hide","target":"sykmelding/a4_mulighet_for_arbeid/a4.3_pasienten_kan_ikke_være_i_arbeid_100_sykmelding/helsetilstanden_hindrer_pasienten_i_å_være_i_aktivitet","value":{"value":false}},{"action":"clear","target":"sykmelding/a4_mulighet_for_arbeid/a4.3_pasienten_kan_ikke_være_i_arbeid_100_sykmelding/helsetilstanden_hindrer_pasienten_i_å_være_i_aktivitet","value":{"value":false}},{"action":"hide","target":"sykmelding/a4_mulighet_for_arbeid/a4.3_pasienten_kan_ikke_være_i_arbeid_100_sykmelding/aktivitet_vil_forverre_helsetilstanden","value":{"value":false}},{"action":"clear","target":"sykmelding/a4_mulighet_for_arbeid/a4.3_pasienten_kan_ikke_være_i_arbeid_100_sykmelding/aktivitet_vil_forverre_helsetilstanden","value":{"value":false}},{"action":"hide","target":"sykmelding/a4_mulighet_for_arbeid/a4.3_pasienten_kan_ikke_være_i_arbeid_100_sykmelding/aktivitet_vil_hindre_forsinke_bedring_av_helsetilstanden","value":{"value":false}},{"action":"clear","target":"sykmelding/a4_mulighet_for_arbeid/a4.3_pasienten_kan_ikke_være_i_arbeid_100_sykmelding/aktivitet_vil_hindre_forsinke_bedring_av_helsetilstanden","value":{"value":false}},{"action":"hide","target":"sykmelding/a4_mulighet_for_arbeid/a4.3_pasienten_kan_ikke_være_i_arbeid_100_sykmelding/annet","value":{"value":false}},{"action":"clear","target":"sykmelding/a4_mulighet_for_arbeid/a4.3_pasienten_kan_ikke_være_i_arbeid_100_sykmelding/annet2","value":{"value":false}},{"action":"hide","target":"sykmelding/a4_mulighet_for_arbeid/a4.3_pasienten_kan_ikke_være_i_arbeid_100_sykmelding/beskriv","value":{"value":""}},{"action":"clear","target":"sykmelding/a4_mulighet_for_arbeid/a4.3_pasienten_kan_ikke_være_i_arbeid_100_sykmelding/beskriv","value":{"value":""}},{"action":"hide","target":"sykmelding/a4_mulighet_for_arbeid/a4.3_pasienten_kan_ikke_være_i_arbeid_100_sykmelding/manglende_tilrettelegging","value":{"value":false}},{"action":"clear","target":"sykmelding/a4_mulighet_for_arbeid/a4.3_pasienten_kan_ikke_være_i_arbeid_100_sykmelding/manglende_tilrettelegging","value":{"value":false}},{"action":"hide","target":"sykmelding/a4_mulighet_for_arbeid/a4.3_pasienten_kan_ikke_være_i_arbeid_100_sykmelding/annet2","value":{"value":false}},{"action":"clear","target":"sykmelding/a4_mulighet_for_arbeid/a4.3_pasienten_kan_ikke_være_i_arbeid_100_sykmelding/annet2","value":{"value":false}},{"action":"hide","target":"sykmelding/a4_mulighet_for_arbeid/a4.3_pasienten_kan_ikke_være_i_arbeid_100_sykmelding/beskriv2","value":{"value":""}},{"action":"clear","target":"sykmelding/a4_mulighet_for_arbeid/a4.3_pasienten_kan_ikke_være_i_arbeid_100_sykmelding/beskriv2","value":{"value":""}}]}]},{"field":"sykmelding/a3_diagnose_sykmelding/a3.5_sykmeldingen_kan_skyldes_en_yrkesskade_yrkessykdom","conditions":[{"operator":"is","value":{"value":true},"actions":[{"action":"show","target":"sykmelding/a3_diagnose_sykmelding/a3.6_eventuell_skadedato","value":{"value":""}}]},{"operator":"is","value":{"value":false},"actions":[{"action":"hide","target":"sykmelding/a3_diagnose_sykmelding/a3.6_eventuell_skadedato","value":{"value":""}},{"action":"clear","target":"sykmelding/a3_diagnose_sykmelding/a3.6_eventuell_skadedato","value":{"value":""}}]},{"operator":"empty","value":null,"actions":[{"action":"hide","target":"sykmelding/a3_diagnose_sykmelding/a3.6_eventuell_skadedato","value":{"value":""}},{"action":"clear","target":"sykmelding/a3_diagnose_sykmelding/a3.6_eventuell_skadedato","value":{"value":""}}]}]},{"field":"sykmelding/a5_friskmelding/a5_friskmelding/a5.1_pasienten_er_100_arbeidsfør_etter_denne_perioden","conditions":[{"operator":"is","value":{"value":true},"actions":[{"action":"clear","target":"sykmelding/hjelpefelter_sykmld/vil_du_opprette_en_utvidet_sykmelding","value":{"code":""}},{"action":"show","target":"sykmelding/a5_friskmelding/a5_friskmelding/a5.1.1_beskriv_eventuelle_hensyn_som_må_tas_på_arbeidsplassen","value":{"value":""}}]},{"operator":"is","value":{"value":false},"actions":[{"action":"hide","target":"sykmelding/a5_friskmelding/a5_friskmelding/a5.1.1_beskriv_eventuelle_hensyn_som_må_tas_på_arbeidsplassen","value":{"value":""}},{"action":"clear","target":"sykmelding/a5_friskmelding/a5_friskmelding/a5.1.1_beskriv_eventuelle_hensyn_som_må_tas_på_arbeidsplassen","value":{"value":""}}]}]},{"field":"sykmelding/a2_arbeidsforhold/a2.1_pasienten_har","conditions":[{"operator":"equals","value":{"code":"at0008"},"actions":[{"action":"hide","target":"sykmelding/a2_arbeidsforhold/a2.2_arbeidsgiver_for_denne_sykmeldingen","value":{"value":""}},{"action":"clear","target":"sykmelding/a2_arbeidsforhold/a2.2_arbeidsgiver_for_denne_sykmeldingen","value":{"value":""}},{"action":"hide","target":"sykmelding/a2_arbeidsforhold/a2.3_yrke_stilling_for_dette_arbeidsforholdet","value":{"value":""}},{"action":"clear","target":"sykmelding/a2_arbeidsforhold/a2.3_yrke_stilling_for_dette_arbeidsforholdet","value":{"value":""}},{"action":"hide","target":"sykmelding/a2_arbeidsforhold/a2.4_stillingsprosent","value":{"magnitude":100,"unit":"%"}},{"action":"clear","target":"sykmelding/a2_arbeidsforhold/a2.4_stillingsprosent","value":{"magnitude":100,"unit":"%"}}]},{"operator":"empty","value":null,"actions":[{"action":"hide","target":"sykmelding/a2_arbeidsforhold/a2.2_arbeidsgiver_for_denne_sykmeldingen","value":{"value":""}},{"action":"clear","target":"sykmelding/a2_arbeidsforhold/a2.2_arbeidsgiver_for_denne_sykmeldingen","value":{"value":""}},{"action":"hide","target":"sykmelding/a2_arbeidsforhold/a2.3_yrke_stilling_for_dette_arbeidsforholdet","value":{"value":""}},{"action":"clear","target":"sykmelding/a2_arbeidsforhold/a2.3_yrke_stilling_for_dette_arbeidsforholdet","value":{"value":""}},{"action":"hide","target":"sykmelding/a2_arbeidsforhold/a2.4_stillingsprosent","value":{"magnitude":100,"unit":"%"}},{"action":"clear","target":"sykmelding/a2_arbeidsforhold/a2.4_stillingsprosent","value":{"magnitude":100,"unit":"%"}}]},{"operator":"equals","value":{"code":"at0006"},"actions":[{"action":"show","target":"sykmelding/a2_arbeidsforhold/a2.2_arbeidsgiver_for_denne_sykmeldingen","value":{"value":""}},{"action":"show","target":"sykmelding/a2_arbeidsforhold/a2.3_yrke_stilling_for_dette_arbeidsforholdet","value":{"value":""}},{"action":"show","target":"sykmelding/a2_arbeidsforhold/a2.4_stillingsprosent","value":{"magnitude":100,"unit":"%"}}]},{"operator":"equals","value":{"code":"at0007"},"actions":[{"action":"show","target":"sykmelding/a2_arbeidsforhold/a2.2_arbeidsgiver_for_denne_sykmeldingen","value":{"value":""}},{"action":"show","target":"sykmelding/a2_arbeidsforhold/a2.3_yrke_stilling_for_dette_arbeidsforholdet","value":{"value":""}},{"action":"show","target":"sykmelding/a2_arbeidsforhold/a2.4_stillingsprosent","value":{"magnitude":100,"unit":"%"}}]}]},{"field":"sykmelding/a3_diagnose_sykmelding/a3.3_annen_lovfestet_fraværsgrunn_paragraf_8-4_3._ledd_-_oppgis_hvis_relevant/a3.3.1_årsak","conditions":[{"operator":"empty","value":null,"actions":[{"action":"hide","target":"sykmelding/a3_diagnose_sykmelding/a3.3_annen_lovfestet_fraværsgrunn_paragraf_8-4_3._ledd_-_oppgis_hvis_relevant/a3.3.2_beskrivelse_av_lovbestemt_fravær","value":{"value":""}},{"action":"clear","target":"sykmelding/a3_diagnose_sykmelding/a3.3_annen_lovfestet_fraværsgrunn_paragraf_8-4_3._ledd_-_oppgis_hvis_relevant/a3.3.2_beskrivelse_av_lovbestemt_fravær","value":{"value":""}}]},{"operator":"notempty","value":null,"actions":[{"action":"show","target":"sykmelding/a3_diagnose_sykmelding/a3.3_annen_lovfestet_fraværsgrunn_paragraf_8-4_3._ledd_-_oppgis_hvis_relevant/a3.3.2_beskrivelse_av_lovbestemt_fravær","value":{"value":""}}]}]},{"field":"sykmelding/a3_diagnose_sykmelding/a3.1_hoveddiagnose/a3.1.3_diagnose","conditions":[{"operator":"empty","value":null,"actions":[{"action":"hide","target":"sykmelding/a3_diagnose_sykmelding/a3.2_bidiagnoser","value":{"value":""}},{"action":"clear","target":"sykmelding/a3_diagnose_sykmelding/a3.2_bidiagnoser","value":{"value":""}}]},{"operator":"notempty","value":null,"actions":[{"action":"show","target":"sykmelding/a3_diagnose_sykmelding/a3.2_bidiagnoser","value":{"value":""}}]}]},{"field":"sykmelding/a4_mulighet_for_arbeid/a4.1_pasienten_kan_benytte_avventende_sykmelding/a4.1_kan_benytte_avventende_sykmelding","conditions":[{"operator":"empty","value":null,"actions":[{"action":"show","target":"generic-field-92564","value":{"value":""}}]},{"operator":"notempty","value":null,"actions":[{"action":"hide","target":"generic-field-92564","value":{"value":""}},{"action":"clear","target":"generic-field-92564","value":{"value":""}}]}]},{"field":"sykmelding/a5_friskmelding/a5.2_pasient_med_arbeidsgiver_utdypende_opplysninger_ved_8_17_og_39_uker/a5.2.1_jeg_antar_at_pasienten_på_sikt_kan_komme_tilbake_til_eget_eller_annet_arbeid_hos_samme_arbeidsgiver","conditions":[{"operator":"is","value":{"value":true},"actions":[{"action":"show","target":"sykmelding/a5_friskmelding/a5.2_pasient_med_arbeidsgiver_utdypende_opplysninger_ved_8_17_og_39_uker/hvis_ja_oppgi_dato_for_når_du_antar_at_dette_vil_skje","value":{"value":""}}]},{"operator":"isnot","value":{"value":true},"actions":[{"action":"hide","target":"sykmelding/a5_friskmelding/a5.2_pasient_med_arbeidsgiver_utdypende_opplysninger_ved_8_17_og_39_uker/hvis_ja_oppgi_dato_for_når_du_antar_at_dette_vil_skje","value":{"value":""}},{"action":"clear","target":"sykmelding/a5_friskmelding/a5.2_pasient_med_arbeidsgiver_utdypende_opplysninger_ved_8_17_og_39_uker/hvis_ja_oppgi_dato_for_når_du_antar_at_dette_vil_skje","value":{"value":""}}]}]},{"field":"sykmelding/a5_friskmelding/a5.3_pasient_uten_arbeidsgiver_utdypende_opplysninger_ved_8_17_og_39_uker/a5.3.1_jeg_antar_at_pasienten_på_sikt_kan_komme_tilbake_i_arbeid","conditions":[{"operator":"is","value":{"value":true},"actions":[{"action":"show","target":"sykmelding/a5_friskmelding/a5.3_pasient_uten_arbeidsgiver_utdypende_opplysninger_ved_8_17_og_39_uker/hvis_ja_oppgi_dato_når_du_antar_at_dette_kan_skje","value":{"value":""}}]},{"operator":"isnot","value":{"value":true},"actions":[{"action":"hide","target":"sykmelding/a5_friskmelding/a5.3_pasient_uten_arbeidsgiver_utdypende_opplysninger_ved_8_17_og_39_uker/hvis_ja_oppgi_dato_når_du_antar_at_dette_kan_skje","value":{"value":""}},{"action":"clear","target":"sykmelding/a5_friskmelding/a5.3_pasient_uten_arbeidsgiver_utdypende_opplysninger_ved_8_17_og_39_uker/hvis_ja_oppgi_dato_når_du_antar_at_dette_kan_skje","value":{"value":""}}]}]},{"field":"sykmelding/a8_melding_til_nav/a8.1_nav_bør_ta_tak_i_saken_nå","conditions":[{"operator":"is","value":{"value":true},"actions":[{"action":"show","target":"sykmelding/a8_melding_til_nav/a8.2_begrunn_hvorfor","value":{"value":""}}]},{"operator":"isnot","value":{"value":true},"actions":[{"action":"hide","target":"sykmelding/a8_melding_til_nav/a8.2_begrunn_hvorfor","value":{"value":""}},{"action":"clear","target":"sykmelding/a8_melding_til_nav/a8.2_begrunn_hvorfor","value":{"value":""}}]}]}]