[{"col":1,"row":1,"width":12,"height":8,"children":[{"id":"generic-field-98985","rows":[{"cols":[{"width":"100%","children":[{"id":"generic-field-75161","rows":[{"cols":[{"width":"100%","children":[{"id":"sykmelding/hjelpefelter_sykmld/vil_du_opprette_en_utvidet_sykmelding"}]}]},{"cols":[{"width":"100%","children":[{"id":"sykmelding/a1_pasientopplysninger/a0_når_startet_det_legemeldte_fraværet"}]}]}]}]}]}]}]},{"col":1,"row":9,"width":12,"height":16,"children":[{"id":"generic-field-34764","rows":[{"cols":[{"width":"50%","children":[{"id":"sykmelding/a1_pasientopplysninger","rows":[{"cols":[{"width":"4%","children":[]},{"width":"96%","children":[{"id":"sykmelding/a1_pasientopplysninger/a1.1.2_fornavn"},{"id":"sykmelding/a1_pasientopplysninger/a1.1.1_etternavn"},{"id":"sykmelding/a1_pasientopplysninger/a1.2_fødselsnummer"},{"id":"sykmelding/a1_pasientopplysninger/a1.3_telefon"},{"id":"sykmelding/a1_pasientopplysninger/a1.4_navn_på_pasientens_fastlege"},{"id":"sykmelding/a1_pasientopplysninger/a1.5_nav-kontor_terminologi"}]}]}]}]},{"width":"50%","children":[{"id":"sykmelding/a2_arbeidsforhold","rows":[{"cols":[{"width":"4%","children":[]},{"width":"96%","children":[{"id":"sykmelding/a2_arbeidsforhold/a2.1_pasienten_har"}]}]},{"cols":[{"width":"4%","children":[]},{"width":"96%","children":[{"id":"sykmelding/a2_arbeidsforhold/a2.2_arbeidsgiver_for_denne_sykmeldingen"},{"id":"sykmelding/a2_arbeidsforhold/a2.3_yrke_stilling_for_dette_arbeidsforholdet"},{"id":"sykmelding/a2_arbeidsforhold/a2.4_stillingsprosent"}]}]}]}]}]}]}]},{"col":1,"row":25,"width":12,"height":36,"children":[{"id":"sykmelding/a3_diagnose_sykmelding","rows":[{"cols":[{"width":"47%","children":[{"id":"sykmelding/a3_diagnose_sykmelding/a3.1_hoveddiagnose","rows":[{"cols":[{"width":"50%","children":[{"id":"sykmelding/a3_diagnose_sykmelding/a3.1_hoveddiagnose/a3.1.1_kodesystem"},{"id":"sykmelding/a3_diagnose_sykmelding/a3.1_hoveddiagnose/a3.1.2_kode"}]},{"width":"50%","children":[{"id":"sykmelding/a3_diagnose_sykmelding/a3.1_hoveddiagnose/a3.1.3_diagnose"}]}]}]}]},{"width":"53%","children":[{"id":"sykmelding/a3_diagnose_sykmelding/a3.2_bidiagnoser","rows":[{"cols":[{"width":"50%","children":[{"id":"sykmelding/a3_diagnose_sykmelding/a3.2_bidiagnoser/a3.2.1_kodesystem"},{"id":"sykmelding/a3_diagnose_sykmelding/a3.2_bidiagnoser/a3.2.2_kode"}]},{"width":"50%","children":[{"id":"sykmelding/a3_diagnose_sykmelding/a3.2_bidiagnoser/a3.2.3_diagnose"}]}]}]}]}]},{"cols":[{"width":"100%","children":[{"id":"generic-field-71569"}]}]},{"cols":[{"width":"100%","children":[{"id":"sykmelding/a3_diagnose_sykmelding/a3.3_annen_lovfestet_fraværsgrunn_paragraf_8-4_3._ledd_-_oppgis_hvis_relevant","rows":[{"cols":[{"width":"100%","children":[{"id":"sykmelding/a3_diagnose_sykmelding/a3.3_annen_lovfestet_fraværsgrunn_paragraf_8-4_3._ledd_-_oppgis_hvis_relevant/a3.3.1_årsak"},{"id":"sykmelding/a3_diagnose_sykmelding/a3.3_annen_lovfestet_fraværsgrunn_paragraf_8-4_3._ledd_-_oppgis_hvis_relevant/a3.3.2_beskrivelse_av_lovbestemt_fravær"},{"id":"generic-field-34343"}]}]},{"cols":[{"width":"100%","children":[]}]}]}]}]}]},{"id":"generic-field-14208","rows":[{"cols":[{"width":"100%","children":[{"id":"sykmelding/a3_diagnose_sykmelding/a3.4_sykdommen_er_svangerskapsrelatert"},{"id":"sykmelding/a3_diagnose_sykmelding/a3.5_sykmeldingen_kan_skyldes_en_yrkesskade_yrkessykdom"}]}]},{"cols":[{"width":"6%","children":[]},{"width":"69%","children":[{"id":"sykmelding/a3_diagnose_sykmelding/a3.6_eventuell_skadedato"}]},{"width":"25%","children":[]}]},{"cols":[{"width":"100%","children":[{"id":"sykmelding/a3_diagnose_sykmelding/a3.7_det_er_påtrengende_nødvendig_å_skjerme_pasienten_for_medisinske_opplysninger_jf._pasient-_og_brukerrettighetsloven_paragraf_3-2_og_5-1"}]}]}]}]},{"col":1,"row":61,"width":12,"height":44,"children":[{"id":"sykmelding/a4_mulighet_for_arbeid","rows":[{"cols":[{"width":"100%","children":[{"id":"sykmelding/a4_mulighet_for_arbeid/a4.1_pasienten_kan_benytte_avventende_sykmelding","rows":[{"cols":[{"width":"100%","children":[{"id":"sykmelding/a4_mulighet_for_arbeid/a4.1_pasienten_kan_benytte_avventende_sykmelding/a4.1_kan_benytte_avventende_sykmelding"}]}]},{"cols":[{"width":"4%","children":[]},{"width":"48%","children":[{"id":"sykmelding/a4_mulighet_for_arbeid/a4.1_pasienten_kan_benytte_avventende_sykmelding/a4.1.1_f.o.m"}]},{"width":"48%","children":[{"id":"sykmelding/a4_mulighet_for_arbeid/a4.1_pasienten_kan_benytte_avventende_sykmelding/a4.1.2_t.o.m"}]}]},{"cols":[{"width":"4%","children":[]},{"width":"96%","children":[{"id":"sykmelding/a4_mulighet_for_arbeid/a4.1_pasienten_kan_benytte_avventende_sykmelding/a4.1.3_innspill_til_arbeidsgiver_om_tilrettelegging"}]}]}]},{"id":"generic-field-92564","rows":[{"cols":[{"width":"100%","children":[{"id":"sykmelding/a4_mulighet_for_arbeid/a4.2_pasienten_kan_være_i_delvis_arbeid_gradert_sykmelding","rows":[{"cols":[{"width":"4%","children":[]},{"width":"48%","children":[{"id":"sykmelding/a4_mulighet_for_arbeid/a4.2_pasienten_kan_være_i_delvis_arbeid_gradert_sykmelding/a4.2.1_f.o.m"}]},{"width":"48%","children":[{"id":"sykmelding/a4_mulighet_for_arbeid/a4.2_pasienten_kan_være_i_delvis_arbeid_gradert_sykmelding/a4.2.2_t.o.m"}]}]},{"cols":[{"width":"4%","children":[]},{"width":"48%","children":[{"id":"sykmelding/a4_mulighet_for_arbeid/a4.2_pasienten_kan_være_i_delvis_arbeid_gradert_sykmelding/a4.2.3_oppgi_grad_for_sykmelding"}]},{"width":"48%","children":[]}]},{"cols":[{"width":"75%","children":[{"id":"sykmelding/a4_mulighet_for_arbeid/a4.2_pasienten_kan_være_i_delvis_arbeid_gradert_sykmelding/a4.2.4_pasienten_kan_være_i_delvis_arbeid_ved_bruk_av_reisetilskudd"}]},{"width":"25%","children":[]}]}]},{"id":"sykmelding/a4_mulighet_for_arbeid/a4.3_pasienten_kan_ikke_være_i_arbeid_100_sykmelding","rows":[{"cols":[{"width":"4%","children":[]},{"width":"48%","children":[{"id":"sykmelding/a4_mulighet_for_arbeid/a4.3_pasienten_kan_ikke_være_i_arbeid_100_sykmelding/a4.3.1_f.o.m"}]},{"width":"48%","children":[{"id":"sykmelding/a4_mulighet_for_arbeid/a4.3_pasienten_kan_ikke_være_i_arbeid_100_sykmelding/a4.3.2_t.o.m"}]}]},{"cols":[{"width":"100%","children":[{"id":"sykmelding/a4_mulighet_for_arbeid/a4.3_pasienten_kan_ikke_være_i_arbeid_100_sykmelding/a4.3.3_det_er_medisinske_årsaker_som_hindrer_arbeidsrelatert_aktivitet"}]}]},{"cols":[{"width":"4%","children":[]},{"width":"96%","children":[{"id":"sykmelding/a4_mulighet_for_arbeid/a4.3_pasienten_kan_ikke_være_i_arbeid_100_sykmelding/helsetilstanden_hindrer_pasienten_i_å_være_i_aktivitet"}]}]},{"cols":[{"width":"4%","children":[]},{"width":"96%","children":[{"id":"sykmelding/a4_mulighet_for_arbeid/a4.3_pasienten_kan_ikke_være_i_arbeid_100_sykmelding/aktivitet_vil_forverre_helsetilstanden"}]}]},{"cols":[{"width":"4%","children":[]},{"width":"96%","children":[{"id":"sykmelding/a4_mulighet_for_arbeid/a4.3_pasienten_kan_ikke_være_i_arbeid_100_sykmelding/aktivitet_vil_hindre_forsinke_bedring_av_helsetilstanden"}]}]},{"cols":[{"width":"4%","children":[]},{"width":"96%","children":[{"id":"sykmelding/a4_mulighet_for_arbeid/a4.3_pasienten_kan_ikke_være_i_arbeid_100_sykmelding/annet"}]}]},{"cols":[{"width":"4%","children":[]},{"width":"96%","children":[{"id":"sykmelding/a4_mulighet_for_arbeid/a4.3_pasienten_kan_ikke_være_i_arbeid_100_sykmelding/beskriv"}]}]},{"cols":[{"width":"100%","children":[{"id":"sykmelding/a4_mulighet_for_arbeid/a4.3_pasienten_kan_ikke_være_i_arbeid_100_sykmelding/a4.3.4_det_er_forhold_på_arbeidsplassen_som_hindrer_arbeidsrelatert_aktivitet"}]}]},{"cols":[{"width":"4%","children":[]},{"width":"71%","children":[{"id":"sykmelding/a4_mulighet_for_arbeid/a4.3_pasienten_kan_ikke_være_i_arbeid_100_sykmelding/manglende_tilrettelegging"},{"id":"sykmelding/a4_mulighet_for_arbeid/a4.3_pasienten_kan_ikke_være_i_arbeid_100_sykmelding/annet2"}]},{"width":"25%","children":[]}]},{"cols":[{"width":"4%","children":[]},{"width":"96%","children":[{"id":"sykmelding/a4_mulighet_for_arbeid/a4.3_pasienten_kan_ikke_være_i_arbeid_100_sykmelding/beskriv2"}]}]}]},{"id":"sykmelding/a4_mulighet_for_arbeid/a4.4_pasienten_kan_ikke_være_på_arbeid_på_behandlingsdager","rows":[{"cols":[{"width":"4%","children":[]},{"width":"48%","children":[{"id":"sykmelding/a4_mulighet_for_arbeid/a4.4_pasienten_kan_ikke_være_på_arbeid_på_behandlingsdager/a4.4.1_f.o.m"},{"id":"sykmelding/a4_mulighet_for_arbeid/a4.4_pasienten_kan_ikke_være_på_arbeid_på_behandlingsdager/oppgi_antall_dager_i_perioden"}]},{"width":"48%","children":[{"id":"sykmelding/a4_mulighet_for_arbeid/a4.4_pasienten_kan_ikke_være_på_arbeid_på_behandlingsdager/a4.4.2_t.o.m"}]}]}]},{"id":"sykmelding/a4_mulighet_for_arbeid/a4.5_pasienten_kan_være_i_fullt_arbeid_ved_bruk_av_reisetilstkudd","rows":[{"cols":[{"width":"4%","children":[]},{"width":"48%","children":[{"id":"sykmelding/a4_mulighet_for_arbeid/a4.5_pasienten_kan_være_i_fullt_arbeid_ved_bruk_av_reisetilstkudd/a4.5.1_f.o.m"}]},{"width":"48%","children":[{"id":"sykmelding/a4_mulighet_for_arbeid/a4.5_pasienten_kan_være_i_fullt_arbeid_ved_bruk_av_reisetilstkudd/a4.5.2_t.o.m"}]}]}]}]}]}]}]}]}]}]},{"col":1,"row":105,"width":12,"height":26,"children":[{"id":"sykmelding/a5_friskmelding","rows":[{"cols":[{"width":"100%","children":[{"id":"sykmelding/a5_friskmelding/a5_friskmelding/a5.1_pasienten_er_100_arbeidsfør_etter_denne_perioden"}]}]},{"cols":[{"width":"4%","children":[]},{"width":"96%","children":[{"id":"sykmelding/a5_friskmelding/a5_friskmelding/a5.1.1_beskriv_eventuelle_hensyn_som_må_tas_på_arbeidsplassen"}]}]},{"cols":[{"width":"100%","children":[{"id":"sykmelding/a5_friskmelding/a5.2_pasient_med_arbeidsgiver_utdypende_opplysninger_ved_8_17_og_39_uker","rows":[{"cols":[{"width":"100%","children":[{"id":"sykmelding/a5_friskmelding/a5.2_pasient_med_arbeidsgiver_utdypende_opplysninger_ved_8_17_og_39_uker/a5.2.1_jeg_antar_at_pasienten_på_sikt_kan_komme_tilbake_til_eget_eller_annet_arbeid_hos_samme_arbeidsgiver"}]}]},{"cols":[{"width":"4%","children":[]},{"width":"97%","children":[{"id":"sykmelding/a5_friskmelding/a5.2_pasient_med_arbeidsgiver_utdypende_opplysninger_ved_8_17_og_39_uker/hvis_ja_oppgi_dato_for_når_du_antar_at_dette_vil_skje"}]}]},{"cols":[{"width":"100%","children":[{"id":"sykmelding/a5_friskmelding/a5.2_pasient_med_arbeidsgiver_utdypende_opplysninger_ved_8_17_og_39_uker/a5.2.2_jeg_antar_at_pasienten_på_sikt_kan_komme_i_arbeid_hos_annen_arbeidsgiver"}]}]},{"cols":[{"width":"4%","children":[]},{"width":"97%","children":[{"id":"sykmelding/a5_friskmelding/a5.2_pasient_med_arbeidsgiver_utdypende_opplysninger_ved_8_17_og_39_uker/a5.2.3_hvis_usikker_når_antar_du_å_kunne_gi_tilbakemelding_på_dette"}]}]}]}]}]},{"cols":[{"width":"100%","children":[{"id":"sykmelding/a5_friskmelding/a5.3_pasient_uten_arbeidsgiver_utdypende_opplysninger_ved_8_17_og_39_uker","rows":[{"cols":[{"width":"100%","children":[{"id":"sykmelding/a5_friskmelding/a5.3_pasient_uten_arbeidsgiver_utdypende_opplysninger_ved_8_17_og_39_uker/a5.3.1_jeg_antar_at_pasienten_på_sikt_kan_komme_tilbake_i_arbeid"}]}]},{"cols":[{"width":"4%","children":[]},{"width":"96%","children":[{"id":"sykmelding/a5_friskmelding/a5.3_pasient_uten_arbeidsgiver_utdypende_opplysninger_ved_8_17_og_39_uker/hvis_ja_oppgi_dato_når_du_antar_at_dette_kan_skje"}]}]},{"cols":[{"width":"4%","children":[]},{"width":"96%","children":[{"id":"sykmelding/a5_friskmelding/a5.3_pasient_uten_arbeidsgiver_utdypende_opplysninger_ved_8_17_og_39_uker/a5.3.2_hvis_usikker_når_antar_du_å_kunne_gi_tilbakemelding_på_dette"}]}]}]}]}]}]}]},{"col":1,"row":131,"width":12,"height":16,"children":[{"id":"sykmelding/a6_utdypende_opplysninger/a6.2_utdypende_opplysninger_8_17_og_39_uker","rows":[{"cols":[{"width":"4%","children":[]},{"width":"96%","children":[{"id":"sykmelding/a6_utdypende_opplysninger/a6.2_utdypende_opplysninger_8_17_og_39_uker/a6.2.1_beskriv_kort_sykehistorie_symptomer_og_funn_i_dagens_situasjon"},{"id":"sykmelding/a6_utdypende_opplysninger/a6.2_utdypende_opplysninger_8_17_og_39_uker/a6.2.2_hvordan_påvirker_sykdommen_arbeidsevnen"},{"id":"sykmelding/a6_utdypende_opplysninger/a6.2_utdypende_opplysninger_8_17_og_39_uker/a6.2.3_har_behandlingen_frem_til_nå_bedret_arbeidsevnen"},{"id":"sykmelding/a6_utdypende_opplysninger/a6.2_utdypende_opplysninger_8_17_og_39_uker/a6.2.4_beskriv_pågående_og_planlagt_henvisning_utredning_og_eller_behandling"}]}]}]}]},{"col":1,"row":147,"width":12,"height":10,"children":[{"id":"sykmelding/a7_bedring_av_arbeidsevnen","rows":[{"cols":[{"width":"4%","children":[]},{"width":"96%","children":[{"id":"sykmelding/a7_bedring_av_arbeidsevnen/a7.1_tilrettelegging_hensyn_som_bør_tas_på_arbeidsplassen._beskriv"},{"id":"sykmelding/a7_bedring_av_arbeidsevnen/a7.2_tiltak_i_regi_av_innspill_til_nav._beskriv._hvis_nav_bør_ta_tak_i_dette_nå_bruk_felt8."},{"id":"sykmelding/a7_bedring_av_arbeidsevnen/a7.3_eventuelle_andre_tiltak_inspill._beskriv"}]}]}]}]},{"col":1,"row":157,"width":12,"height":7,"children":[{"id":"sykmelding/a8_melding_til_nav","rows":[{"cols":[{"width":"100%","children":[{"id":"sykmelding/a8_melding_til_nav/a8.1_nav_bør_ta_tak_i_saken_nå"}]}]},{"cols":[{"width":"4%","children":[]},{"width":"96%","children":[{"id":"sykmelding/a8_melding_til_nav/a8.2_begrunn_hvorfor"}]}]}]}]},{"col":1,"row":164,"width":12,"height":4,"children":[{"id":"sykmelding/a9_melding_til_arbeidsgiver","rows":[{"cols":[{"width":"4%","children":[]},{"width":"96%","children":[{"id":"sykmelding/a9_melding_til_arbeidsgiver/a9.1_innspill_til_arbeidsgriver"}]}]}]}]},{"col":1,"row":168,"width":12,"height":15,"children":[{"id":"sykmelding/a11_tilbakedatering","rows":[{"cols":[{"width":"4%","children":[]},{"width":"96%","children":[{"id":"sykmelding/a11_tilbakedatering/a11.1_hvis_denne_sykmeldingen_er_tilbakedatert_oppgi_dato_for_dokumenterbar_kontakt_med_pasienten"},{"id":"sykmelding/a11_tilbakedatering/a11.2_eller_begrunn_hvorfor_du_har_tilbakedatert"}]}]}]}]},{"col":1,"row":183,"width":12,"height":13,"children":[{"id":"sykmelding/a12_sykmeldingsbekreftelse","rows":[{"cols":[{"width":"100%","children":[{"id":"sykmelding/a12_sykmeldingsbekreftelse/a12.1_dato"},{"id":"sykmelding/a12_sykmeldingsbekreftelse/a12.2_sykmelders_navn"},{"id":"sykmelding/a12_sykmeldingsbekreftelse/a12.4_hpr-nummer"},{"id":"sykmelding/a12_sykmeldingsbekreftelse/a12.5_telefon"},{"id":"sykmelding/a12_sykmeldingsbekreftelse/a12.6_adresse_3"},{"id":"sykmelding/a12_sykmeldingsbekreftelse/a12.6_adresse"},{"id":"sykmelding/a12_sykmeldingsbekreftelse/a12.6_adresse_2"}]}]}]}]}]