[{"col":1,"row":1,"width":12,"height":4,"children":[{"id":"vaksinasjonsoversikt/generell_vaksineinformasjon","rows":[{"cols":[{"width":"100%","children":[{"id":"vaksinasjonsoversikt/generell_vaksineinformasjon/vaksineinformasjon"}]}]}]}]},{"col":1,"row":5,"width":12,"height":14,"children":[{"id":"vaksinasjonsoversikt/medikasjonshandlinger","rows":[{"cols":[{"width":"50%","children":[{"id":"vaksinasjonsoversikt/medikasjonshandlinger/preparat"},{"id":"vaksinasjonsoversikt/medikasjonshandlinger/medikamentmengde/beskrivelse"},{"id":"vaksinasjonsoversikt/medikasjonshandlinger/sysvak_detaljer/vaksinasjonsdato"},{"id":"vaksinasjonsoversikt/medikasjonshandlinger/antall_ganger_utdelt"}]},{"width":"50%","children":[{"id":"vaksinasjonsoversikt/medikasjonshandlinger/batchid"},{"id":"vaksinasjonsoversikt/medikasjonshandlinger/refusjonskategori"},{"id":"vaksinasjonsoversikt/medikasjonshandlinger/sysvak_detaljer/samtykke_til_rapportering"},{"id":"vaksinasjonsoversikt/medikasjonshandlinger/gjenstående_utdelinger"}]}]},{"cols":[{"width":"100%","children":[{"id":"vaksinasjonsoversikt/medikasjonshandlinger/ism_transition/careflow_step"},{"id":"vaksinasjonsoversikt/medikasjonshandlinger/kommentar"}]}]}]}]},{"col":1,"row":19,"width":12,"height":16,"children":[{"id":"vaksinasjonsoversikt/vaksineringssammendrag","rows":[{"cols":[{"width":"100%","children":[{"id":"vaksinasjonsoversikt/vaksineringssammendrag/spesifikk_vaksine","rows":[{"cols":[{"width":"50%","children":[{"id":"vaksinasjonsoversikt/vaksineringssammendrag/spesifikk_vaksine/infeksjonssykdom_eller_agens"}]},{"width":"50%","children":[{"id":"vaksinasjonsoversikt/vaksineringssammendrag/spesifikk_vaksine/dato_primærvaksinasjonen_ble_fullført"}]}]},{"cols":[{"width":"100%","children":[{"id":"vaksinasjonsoversikt/vaksineringssammendrag/spesifikk_vaksine/status_på_primærvaksinasjon"},{"id":"vaksinasjonsoversikt/vaksineringssammendrag/spesifikk_vaksine/kommentar"}]}]}]}]}]}]}]}]