{"formId":"form_root","name":"Form root","rmType":"FORM_DEFINITION","viewConfig":{"label":{"custom":false,"value":"","useLocalizations":false,"localizationsList":{}},"size":{"field":"inherit","label":"inherit","fill":"inherit"},"layout":{"valign":"inherit","align":"inherit"},"tags":[]},"language":"","templateLanguages":["nb"],"children":[{"name":"Vaksinasjonsoversikt","localizedName":"Vaksinasjonsoversikt","rmType":"EVALUATION","nodeId":"openEHR-EHR-EVALUATION.vaksineinformasjon.v1","min":0,"max":1,"localizedNames":{"nb":"Vaksineinformasjon"},"localizedDescriptions":{"nb":"unknown"},"aqlPath":"/content[openEHR-EHR-EVALUATION.vaksineinformasjon.v1,'Generell vaksineinformasjon']","children":[{"name":"Vaksineinformasjon","localizedName":"Vaksineinformasjon","rmType":"DV_TEXT","nodeId":"at0002","min":"0","max":"1","localizedNames":{"nb":"Vaksineinformasjon"},"localizedDescriptions":{"nb":"*"},"aqlPath":"/content[openEHR-EHR-EVALUATION.vaksineinformasjon.v1,'Generell vaksineinformasjon']/data[at0001]/items[at0002]/value","inputs":[{"type":"TEXT"}],"formId":"vaksinasjonsoversikt/generell_vaksineinformasjon/vaksineinformasjon","viewConfig":{"advanced":{"hidden":false,"readonly":false},"size":{"field":"inherit","label":"inherit","fill":"inherit"},"layout":{"label":{"valign":"top","align":"top"},"field":{"valign":"inherit","align":"inherit"}},"tags":[],"datasource":{"loadRemote":false,"loadRemoteUrl":"","terminology":""},"field":{"input":{"presentation":"textfield","lines":"1"}},"annotations":{"description":"Relevant informasjon i forbindelse med vaksinering. Eksempler på bruk av dette feltet kan være «Pasienten ønsker ikke vaksiner», «Pasienten er engstelig for sprøyter», «Pasienten er naturlig immunisert». Resultat av boosterkontroll kan også legges inn her."}}}],"formId":"vaksinasjonsoversikt/generell_vaksineinformasjon","viewConfig":{"annotations":{"headerSize":"H1"}}},{"name":"Administrerte medikamenter","localizedName":"Administrerte medikamenter","rmType":"ACTION","nodeId":"openEHR-EHR-ACTION.medication_olafia.v1","min":"0","max":"100","localizedNames":{"nb":"Medikasjonshandlinger"},"localizedDescriptions":{"nb":"Detaljer om bruk, administrasjon, utdeling eller andre steg i behandlingsprosessen som er knyttet til en medisin, vaksine eller andre terapeutiske/medisinske varer som kan følge en forordning gjort av en kliniker."},"aqlPath":"/content[openEHR-EHR-ACTION.medication_olafia.v1]","children":[{"name":"Preparat","localizedName":"Preparat","rmType":"DV_CODED_TEXT","nodeId":"at0020","min":"0","max":"1","localizedNames":{"nb":"Legemiddel / Medisin"},"localizedDescriptions":{"nb":"Medisinen, vaksinen eller annen terapeutisk/medisinsk vare som var i fokus i denne aktiviteten (Action). Dette elementet vil normalt sett bli kodet med en medisinsk terminologi, men i noen tilfeller kan fritekst være nødvendig."},"aqlPath":"/content[openEHR-EHR-ACTION.medication_olafia.v1]/description[at0017]/items[at0020,'Preparat']/value","inputs":[{"suffix":"code","type":"CODED_TEXT","list":[{"value":"ALA","label":"Engerix-B","localizedLabels":{"nb":"Engerix-B"}},{"value":"ALB","label":"Havrix","localizedLabels":{"nb":"Havrix"}},{"value":"ALC","label":"Twinrix Adult","localizedLabels":{"nb":"Twinrix Adult"}},{"value":"AL1","label":"Influensavaksine","localizedLabels":{"nb":"Influensavaksine"}},{"value":"AL2","label":"Gardasil","localizedLabels":{"nb":"Gardasil"}},{"value":"AL3","label":"Gardasil 9","localizedLabels":{"nb":"Gardasil 9"}},{"value":"AL4","label":"Prevenar","localizedLabels":{"nb":"Prevenar"}},{"value":"AL5","label":"Pneumovax","localizedLabels":{"nb":"Pneumovax"}},{"value":"AL6","label":"NeisVac-C","localizedLabels":{"nb":"NeisVac-C"}},{"value":"AL7","label":"Bexsero","localizedLabels":{"nb":"Bexsero"}},{"value":"AL8","label":"Menveo","localizedLabels":{"nb":"Menveo"}},{"value":"AL9","label":"Nimenrix","localizedLabels":{"nb":"Nimenrix"}}],"terminology":"Olafia"}],"formId":"vaksinasjonsoversikt/medikasjonshandlinger/preparat","viewConfig":{"advanced":{"hidden":false,"readonly":false},"size":{"field":"inherit","label":"inherit","fill":"inherit"},"layout":{"label":{"valign":"inherit","align":"inherit"},"field":{"valign":"inherit","align":"inherit"}},"tags":["includeinmasterdetail"],"datasource":{"loadRemote":true,"loadRemoteUrl":"Olafia","terminology":""},"field":{"code":{"presentation":"combobox","columns":"4"}},"annotations":{"description":"*"}}},{"name":"Dosering","localizedName":"Dosering","rmType":"DV_TEXT","nodeId":"at0003","min":0,"max":1,"localizedNames":{"nb":"Beskrivelse"},"localizedDescriptions":{"nb":"Fritekstbeskrivelse av mengden, som kan bestå av både mengde og styrke."},"aqlPath":"/content[openEHR-EHR-ACTION.medication_olafia.v1]/description[at0017]/items[openEHR-EHR-CLUSTER.medication_amount.v1]/items[at0003]/value","inputs":[{"type":"TEXT","listOpen":true}],"formId":"vaksinasjonsoversikt/medikasjonshandlinger/medikamentmengde/beskrivelse","viewConfig":{"annotations":{"description":"*"}}},{"name":"Vaksinasjonsdato","localizedName":"Vaksinasjonsdato","rmType":"DV_DATE","nodeId":"at0009","min":"0","max":"1","localizedNames":{"nb":"Vaksinasjonsdato"},"localizedDescriptions":{"nb":"*"},"aqlPath":"/content[openEHR-EHR-ACTION.medication_olafia.v1]/description[at0017]/items[openEHR-EHR-CLUSTER.sysvak_detaljer.v1]/items[at0009]/value","inputs":[{"type":"DATE"}],"formId":"vaksinasjonsoversikt/medikasjonshandlinger/sysvak_detaljer/vaksinasjonsdato","viewConfig":{"advanced":{"hidden":false,"readonly":false},"size":{"field":"inherit","label":"inherit","fill":"inherit"},"layout":{"label":{"valign":"inherit","align":"inherit"},"field":{"valign":"inherit","align":"inherit"}},"tags":["includeinmasterdetail"],"datasource":{"loadRemote":false,"loadRemoteUrl":"","terminology":""}}},{"name":"Antall ganger utdelt","localizedName":"Antall ganger utdelt","rmType":"DV_COUNT","nodeId":"at0037","min":"0","max":"1","localizedNames":{"nb":"Antall ganger utdelt"},"localizedDescriptions":{"nb":"Antall ganger denne foreskrivningen har blitt utdelt. Antallet minus en, pluss antall tillatte gjenstående utdelinger utgjør antall reiterasjoner (reit.) på den originale foreskrivningen."},"aqlPath":"/content[openEHR-EHR-ACTION.medication_olafia.v1]/protocol[at0030]/items[at0037]/value","inputs":[{"type":"INTEGER"}],"formId":"vaksinasjonsoversikt/medikasjonshandlinger/antall_ganger_utdelt","viewConfig":{"annotations":{"description":"Sum av tidligere + dagens administrasjon"},"advanced":{"hidden":false,"readonly":false},"size":{"field":"inherit","label":"inherit","fill":"inherit"},"layout":{"label":{"valign":"inherit","align":"inherit"},"field":{"valign":"inherit","align":"inherit"}},"tags":["includeinmasterdetail"],"datasource":{"loadRemote":false,"loadRemoteUrl":"","terminology":""}}},{"name":"BatchID","localizedName":"BatchID","rmType":"DV_TEXT","nodeId":"at0026","min":"1","max":"1","localizedNames":{"nb":"BatchID"},"localizedDescriptions":{"nb":"ID tildelt av produsent for å identifisere det produserte partiet av varen/artikkelen."},"aqlPath":"/content[openEHR-EHR-ACTION.medication_olafia.v1]/protocol[at0030]/items[at0026]/value","inputs":[{"type":"TEXT"}],"formId":"vaksinasjonsoversikt/medikasjonshandlinger/batchid","viewConfig":{"advanced":{"hidden":false,"readonly":false},"size":{"field":"inherit","label":"inherit","fill":"inherit"},"layout":{"label":{"valign":"inherit","align":"inherit"},"field":{"valign":"inherit","align":"inherit"}},"tags":[],"datasource":{"loadRemote":false,"loadRemoteUrl":"","terminology":""},"field":{"input":{"presentation":"textfield","lines":"1"}}}},{"name":"Refusjonskategori","localizedName":"Refusjonskategori","rmType":"DV_CODED_TEXT","nodeId":"at0038","min":0,"max":1,"localizedNames":{"nb":"Refusjonskategori"},"localizedDescriptions":{"nb":"Kategori for refusjon som søkes for varen/artikkelen."},"aqlPath":"/content[openEHR-EHR-ACTION.medication_olafia.v1]/protocol[at0030]/items[at0038]/value","inputs":[{"suffix":"code","type":"CODED_TEXT","list":[{"value":"AM1","label":"Ingen refusjon, selvbetalt","localizedLabels":{"nb":"Ingen refusjon, selvbetalt"}},{"value":"AM2","label":"§ 4-3 Indikasjonsgruppe A","localizedLabels":{"nb":"§ 4-3 Indikasjonsgruppe A"}},{"value":"AM3","label":"§ 4-3 Indikasjonsgruppe B","localizedLabels":{"nb":"§ 4-3 Indikasjonsgruppe B"}},{"value":"AM4","label":"§ 4-3 Indikasjonsgruppe P","localizedLabels":{"nb":"§ 4-3 Indikasjonsgruppe P"}}],"terminology":"Olafia"}],"formId":"vaksinasjonsoversikt/medikasjonshandlinger/refusjonskategori","viewConfig":{"annotations":{"description":"*"}}},{"name":"Samtykke til rapportering","localizedName":"Samtykke til rapportering","rmType":"DV_CODED_TEXT","nodeId":"at0012","min":"0","max":"1","localizedNames":{"nb":"Samtykke til rapportering"},"localizedDescriptions":{"nb":"*"},"aqlPath":"/content[openEHR-EHR-ACTION.medication_olafia.v1]/description[at0017]/items[openEHR-EHR-CLUSTER.sysvak_detaljer.v1]/items[at0012]/value","inputs":[{"suffix":"code","type":"CODED_TEXT","list":[{"value":"CJ01","label":"Samtykket","localizedLabels":{"nb":""}},{"value":"CJ02","label":"Reservasjon","localizedLabels":{"nb":""}}],"terminology":"Olafia"}],"formId":"vaksinasjonsoversikt/medikasjonshandlinger/sysvak_detaljer/samtykke_til_rapportering","viewConfig":{"advanced":{"hidden":false,"readonly":false},"size":{"field":"inherit","label":"inherit","fill":"inherit"},"layout":{"label":{"valign":"inherit","align":"inherit"},"field":{"valign":"inherit","align":"inherit"}},"tags":["showasradios"],"datasource":{"loadRemote":true,"loadRemoteUrl":"Olafia","terminology":""}}},{"name":"Gjenstående utdelinger","localizedName":"Gjenstående utdelinger","rmType":"DV_COUNT","nodeId":"at0032","min":"0","max":"1","localizedNames":{"nb":"Gjenstående utdelinger"},"localizedDescriptions":{"nb":"Antall ganger medisinen, vaksinen eller annen terapeutisk/medisinsk vare kan utdeles uten å utstede resepten eller foreskrivningen på nytt. NB: Dette er informasjon som må komme fra pasienten og den som har foreskrevet."},"aqlPath":"/content[openEHR-EHR-ACTION.medication_olafia.v1]/protocol[at0030]/items[at0032]/value","inputs":[{"type":"INTEGER","validation":{"range":{"minOp":">=","min":0}}}],"formId":"vaksinasjonsoversikt/medikasjonshandlinger/gjenstående_utdelinger","viewConfig":{"annotations":{"description":"Antall gjenstående vaksiner etter at dagens vaksine er satt. "},"advanced":{"hidden":false,"readonly":false},"size":{"field":"inherit","label":"inherit","fill":"inherit"},"layout":{"label":{"valign":"inherit","align":"inherit"},"field":{"valign":"inherit","align":"inherit"}},"tags":["includeinmasterdetail"],"datasource":{"loadRemote":false,"loadRemoteUrl":"","terminology":""}}},{"name":"Vaksine status","rmType":"DV_CODED_TEXT","min":"0","max":"1","aqlPath":"/content[openEHR-EHR-ACTION.medication_olafia.v1]/ism_transition/careflow_step","inputs":[{"suffix":"code","type":"CODED_TEXT","list":[{"value":"at0002","label":"Medikasjon forordnet","localizedLabels":{"nb":"Medikasjon forordnet"},"currentStates":["245"]},{"value":"at0045","label":"Resept utdelt","localizedLabels":{"nb":"Resept utdelt"},"currentStates":["245"]},{"value":"at0003","label":"Medikasjonen utdelt","localizedLabels":{"nb":"Medikasjonen utdelt"},"currentStates":["245"]},{"value":"at0006","label":"Medikasjon administrert","localizedLabels":{"nb":"Medikasjon administrert"},"currentStates":["245"]}],"defaultValue":"at0006"}],"inContext":true,"formId":"vaksinasjonsoversikt/medikasjonshandlinger/ism_transition/careflow_step","viewConfig":{"advanced":{"hidden":false,"readonly":false},"size":{"field":"inherit","label":"inherit","fill":"inherit"},"layout":{"label":{"valign":"inherit","align":"inherit"},"field":{"valign":"inherit","align":"inherit"}},"tags":[],"datasource":{"loadRemote":false,"loadRemoteUrl":"","terminology":""},"field":{"code":{"presentation":"combobox","columns":"4"}}},"localizedName":"Vaksine status"},{"name":"Utfyllende opplysninger","localizedName":"Utfyllende opplysninger","rmType":"DV_TEXT","nodeId":"at0024","min":0,"max":1,"localizedNames":{"nb":"Kommentar"},"localizedDescriptions":{"nb":"En kommentar til handlingen (action) som ble foretatt."},"aqlPath":"/content[openEHR-EHR-ACTION.medication_olafia.v1]/description[at0017]/items[at0024]/value","inputs":[{"type":"TEXT"}],"formId":"vaksinasjonsoversikt/medikasjonshandlinger/kommentar","viewConfig":{"annotations":{"description":"*"}}}],"formId":"vaksinasjonsoversikt/medikasjonshandlinger","viewConfig":{"advanced":{"hidden":false,"readonly":false,"render":false},"size":{"field":"inherit","label":"inherit","fill":"inherit"},"layout":{"label":{"valign":"top","align":"top"},"field":{"valign":"inherit","align":"inherit"}},"tags":["showasradios","showasmasterdetail"],"annotations":{"description":"Detaljer om vaksiner satt på egen seksjon. "}}},{"name":"Egenrapportert vaksinasjonsstatus","localizedName":"Egenrapportert vaksinasjonsstatus","rmType":"EVALUATION","nodeId":"openEHR-EHR-EVALUATION.immunisation_summary_ous.v1","min":"0","max":"1","localizedNames":{"nb":"Vaksineringssammendrag"},"localizedDescriptions":{"nb":"Sammendrag av utsagn om den nåværende vaksineringsstatus for en identifisert infeksjonssykdom eller agens."},"aqlPath":"/content[openEHR-EHR-EVALUATION.immunisation_summary_ous.v1]","children":[{"name":"Vaksine","localizedName":"Vaksine","rmType":"CLUSTER","nodeId":"at0016","min":"0","max":"100","localizedNames":{"nb":"Spesifikk vaksine"},"localizedDescriptions":{"nb":"Detaljer om vaksinasjonsstatus for en spesifikk, angitt vaksine."},"aqlPath":"/content[openEHR-EHR-EVALUATION.immunisation_summary_ous.v1]/data[at0001]/items[at0016]","children":[{"name":"Vaksine","localizedName":"Vaksine","rmType":"DV_CODED_TEXT","nodeId":"at0002","min":"1","max":"100","localizedNames":{"nb":"Infeksjonssykdom eller agens"},"localizedDescriptions":{"nb":"Identifikasjon av en infeksjonssykdom eller agens."},"annotations":{"comment":"Det kan være flere sykdommer eller agenser som blir vaksinert samtidig - for eksempel: Difteri, stivkrampe og kikhoste, eller MMR (Meslinger, kusma, røde hunder)."},"aqlPath":"/content[openEHR-EHR-EVALUATION.immunisation_summary_ous.v1]/data[at0001]/items[at0016]/items[at0002]/value","inputs":[{"suffix":"code","type":"CODED_TEXT","list":[{"value":"ALA","label":"Engerix-B","localizedLabels":{"nb":"Engerix-B"}},{"value":"ALB","label":"Havrix","localizedLabels":{"nb":"Havrix"}},{"value":"ALC","label":"Twinrix Adult","localizedLabels":{"nb":"Twinrix Adult"}},{"value":"AL1","label":"Influensavaksine","localizedLabels":{"nb":"Influensavaksine"}},{"value":"AL2","label":"Gardasil","localizedLabels":{"nb":"Gardasil"}},{"value":"AL3","label":"Gardasil 9","localizedLabels":{"nb":"Gardasil 9"}},{"value":"AL4","label":"Prevenar","localizedLabels":{"nb":"Prevenar"}},{"value":"AL5","label":"Pneumovax","localizedLabels":{"nb":"Pneumovax"}},{"value":"AL6","label":"NeisVac-C","localizedLabels":{"nb":"NeisVac-C"}},{"value":"AL7","label":"Bexsero","localizedLabels":{"nb":"Bexsero"}},{"value":"AL8","label":"Menveo","localizedLabels":{"nb":"Menveo"}},{"value":"AL9","label":"Nimenrix","localizedLabels":{"nb":"Nimenrix"}},{"value":"AL10","label":"Annet - spesifiser i kommentarfeltet","localizedLabels":{"nb":"Annet - spesifiser i kommentarfeltet"}}],"terminology":"Olafia"}],"formId":"vaksinasjonsoversikt/vaksineringssammendrag/spesifikk_vaksine/infeksjonssykdom_eller_agens","viewConfig":{"advanced":{"hidden":false,"readonly":false},"size":{"field":"inherit","label":"inherit","fill":"inherit"},"layout":{"label":{"valign":"inherit","align":"inherit"},"field":{"valign":"inherit","align":"inherit"}},"tags":["includeinmasterdetail"],"datasource":{"loadRemote":true,"loadRemoteUrl":"Olafia","terminology":""},"field":{"code":{"presentation":"combobox","columns":"4"}},"annotations":{"description":"*"}}},{"name":"Dato primærvaksinasjonen ble fullført","localizedName":"Dato primærvaksinasjonen ble fullført","rmType":"DV_DATE_TIME","nodeId":"at0008","min":"0","max":"1","localizedNames":{"nb":"Dato primærvaksinasjonen ble fullført"},"localizedDescriptions":{"nb":"Dato, eller deler av tidspunkt - som årstall, da primærvaksinasjonen ble fullført."},"aqlPath":"/content[openEHR-EHR-EVALUATION.immunisation_summary_ous.v1]/data[at0001]/items[at0016]/items[at0008]/value","inputs":[{"type":"DATETIME"}],"formId":"vaksinasjonsoversikt/vaksineringssammendrag/spesifikk_vaksine/dato_primærvaksinasjonen_ble_fullført","viewConfig":{"advanced":{"hidden":false,"readonly":false},"size":{"field":"inherit","label":"inherit","fill":"inherit"},"layout":{"label":{"valign":"inherit","align":"inherit"},"field":{"valign":"inherit","align":"inherit"}},"tags":["includeinmasterdetail"],"datasource":{"loadRemote":false,"loadRemoteUrl":"","terminology":""}}},{"name":"Status på primærvaksinasjon","localizedName":"Status på primærvaksinasjon","rmType":"DV_CODED_TEXT","nodeId":"at0003","min":"0","max":"1","localizedNames":{"nb":"Status på primærvaksinasjon"},"localizedDescriptions":{"nb":"Status på primærvaksinasjon, dvs første immuniseringsforløp. Dette kan gjelde en serie der en trenger flere injeksjoner før individet er fullimmunisert, eller en enkelt dose i de tilfeller full immunisering oppnås ved en enkelt injeksjon."},"aqlPath":"/content[openEHR-EHR-EVALUATION.immunisation_summary_ous.v1]/data[at0001]/items[at0016]/items[at0003]/value","inputs":[{"suffix":"code","type":"CODED_TEXT","list":[{"value":"at0004","label":"Ikke påbegynt","localizedLabels":{"nb":"Ikke påbegynt"},"localizedDescriptions":{"nb":"Primærvaksinasjon er ennå ikke startet."}},{"value":"at0005","label":"Ufullstendig","localizedLabels":{"nb":"Ufullstendig"},"localizedDescriptions":{"nb":"Primærvaksinasjonen er eller ble ikke fullført."}},{"value":"at0006","label":"Fullført","localizedLabels":{"nb":"Fullført"},"localizedDescriptions":{"nb":"Primærvaksinasjonen er fullført."}},{"value":"at0007","label":"Ukjent","localizedLabels":{"nb":"Ukjent"},"localizedDescriptions":{"nb":"Det er ikke kjent om primærvaksinasjonen ble fullført eller ikke."}}]}],"formId":"vaksinasjonsoversikt/vaksineringssammendrag/spesifikk_vaksine/status_på_primærvaksinasjon","viewConfig":{"advanced":{"hidden":false,"readonly":false},"size":{"field":"inherit","label":"inherit","fill":"inherit"},"layout":{"label":{"valign":"inherit","align":"inherit"},"field":{"valign":"inherit","align":"inherit"}},"tags":["includeinmasterdetail","showasradios"],"datasource":{"loadRemote":false,"loadRemoteUrl":"","terminology":""},"field":{"code":{"presentation":"combobox","columns":"4"}}}},{"name":"Kommentar til vaksinen","localizedName":"Kommentar til vaksinen","rmType":"DV_TEXT","nodeId":"at0024","min":"0","max":"1","localizedNames":{"nb":"Kommentar"},"localizedDescriptions":{"nb":"Fritekstlig tilleggsinformasjon om en spesifikk vaksine som ikke er fanget opp i strukturerte felter."},"aqlPath":"/content[openEHR-EHR-EVALUATION.immunisation_summary_ous.v1]/data[at0001]/items[at0016]/items[at0024]/value","inputs":[{"type":"TEXT"}],"formId":"vaksinasjonsoversikt/vaksineringssammendrag/spesifikk_vaksine/kommentar","viewConfig":{"annotations":{"description":"Angi om det er fremlagt dokumentasjon (vaksinasjonskort)."},"advanced":{"hidden":false,"readonly":false},"size":{"field":"inherit","label":"inherit","fill":"inherit"},"layout":{"label":{"valign":"inherit","align":"inherit"},"field":{"valign":"inherit","align":"inherit"}},"tags":[],"datasource":{"loadRemote":false,"loadRemoteUrl":"","terminology":""},"field":{"input":{"presentation":"textarea","lines":"1"}}}}],"formId":"vaksinasjonsoversikt/vaksineringssammendrag/spesifikk_vaksine","viewConfig":{"advanced":{"hidden":false,"readonly":false,"render":false},"size":{"field":"inherit","label":"inherit","fill":"inherit"},"layout":{"label":{"valign":"top","align":"top"},"field":{"valign":"inherit","align":"inherit"}},"tags":["showasmasterdetail"],"annotations":{"headerSize":"text","description":"*"}}}],"formId":"vaksinasjonsoversikt/vaksineringssammendrag","viewConfig":{"annotations":{"description":"Denne delen av skjemaet skal benyttes til å registrere vaksiner som ikke er administrert ved seksjonen. Feltet kan for eksempel benyttes til å registrere vaksiner pasient oppgir å ha fått hos fastlege."},"advanced":{"hidden":false,"readonly":false,"render":false},"size":{"field":"inherit","label":"inherit","fill":"inherit"},"layout":{"label":{"valign":"inherit","align":"inherit"},"field":{"valign":"inherit","align":"inherit"}},"tags":[]}}]}