[{"col":1,"row":1,"width":12,"height":8,"children":[{"id":"vekstkurve/kroppsvekt","rows":[{"cols":[{"width":"100%","children":[{"id":"vekstkurve/kroppsvekt/uspesifisert_hendelse/time","rows":[]},{"id":"vekstkurve/kroppsvekt/uspesifisert_hendelse/kroppsvekt","rows":[]},{"id":"vekstkurve/kroppsvekt/uspesifisert_hendelse/kommentar","rows":[]}]}]}]}]},{"col":1,"row":9,"width":12,"height":9,"children":[{"id":"vekstkurve/høyde_lengde","rows":[{"cols":[{"width":"100%","children":[{"id":"vekstkurve/høyde_lengde/uspesifisert_hendelse/time","rows":[]},{"id":"vekstkurve/høyde_lengde/uspesifisert_hendelse/høyde_lengde","rows":[]},{"id":"vekstkurve/høyde_lengde/uspesifisert_hendelse/kroppsstilling","rows":[]},{"id":"vekstkurve/høyde_lengde/uspesifisert_hendelse/kommentar","rows":[]}]}]}]}]},{"col":1,"row":18,"width":12,"height":8,"children":[{"id":"vekstkurve/hodeomkrets","rows":[{"cols":[{"width":"100%","children":[{"id":"vekstkurve/hodeomkrets/uspesifisert_hendelse/time","rows":[]},{"id":"vekstkurve/hodeomkrets/uspesifisert_hendelse/hodeomkrets","rows":[]},{"id":"vekstkurve/hodeomkrets/uspesifisert_hendelse/kommentar","rows":[]}]}]}]}]},{"col":1,"row":26,"width":12,"height":8,"children":[{"id":"vekstkurve/midjeomkrets","rows":[{"cols":[{"width":"100%","children":[{"id":"vekstkurve/midjeomkrets/uspesifisert_hendelse/time","rows":[]},{"id":"vekstkurve/midjeomkrets/uspesifisert_hendelse/mageomfang","rows":[]},{"id":"vekstkurve/midjeomkrets/uspesifisert_hendelse/kommentar","rows":[]}]}]}]}]},{"col":1,"row":34,"width":12,"height":11,"children":[{"id":"vekstkurve/tanner_stadier","rows":[{"cols":[{"width":"100%","children":[{"id":"vekstkurve/tanner_stadier/uspesifisert_hendelse/time","rows":[]},{"id":"vekstkurve/tanner_stadier/uspesifisert_hendelse/genitalia","rows":[]},{"id":"vekstkurve/tanner_stadier/uspesifisert_hendelse/bryst","rows":[]},{"id":"vekstkurve/tanner_stadier/uspesifisert_hendelse/pubesbehåring","rows":[]},{"id":"vekstkurve/tanner_stadier/uspesifisert_hendelse/kommentar","rows":[]}]}]}]}]},{"col":1,"row":45,"width":12,"height":6,"children":[{"id":"vekstkurve/skjelettalder","rows":[{"cols":[{"width":"100%","children":[{"id":"vekstkurve/skjelettalder/any_event/time","rows":[]},{"id":"vekstkurve/skjelettalder/any_event/years","rows":[]}]}]}]}]},{"col":1,"row":51,"width":12,"height":9,"children":[{"id":"vekstkurve/testikkelvolum","rows":[{"cols":[{"width":"100%","children":[{"id":"vekstkurve/testikkelvolum/uspesifisert_hendelse/time","rows":[]},{"id":"vekstkurve/testikkelvolum/uspesifisert_hendelse/kroppssted/value","rows":[]},{"id":"vekstkurve/testikkelvolum/uspesifisert_hendelse/testikkelvolum","rows":[]},{"id":"vekstkurve/testikkelvolum/uspesifisert_hendelse/kommentar","rows":[]}]}]}]}]},{"col":1,"row":60,"width":12,"height":8,"children":[{"id":"vekstkurve/måling_av_kroppssegment","rows":[{"cols":[{"width":"100%","children":[{"id":"vekstkurve/måling_av_kroppssegment/uspesifisert_hendelse/time","rows":[]},{"id":"vekstkurve/måling_av_kroppssegment/uspesifisert_hendelse/høyde","rows":[]},{"id":"vekstkurve/måling_av_kroppssegment/uspesifisert_hendelse/kommentar","rows":[]}]}]}]}]},{"col":1,"row":68,"width":12,"height":10,"children":[{"id":"vekstkurve/kroppsoverflate","rows":[{"cols":[{"width":"100%","children":[{"id":"vekstkurve/kroppsoverflate/uspesifisert_hendelse/time","rows":[]},{"id":"vekstkurve/kroppsoverflate/uspesifisert_hendelse/kroppsoverflate","rows":[]},{"id":"vekstkurve/kroppsoverflate/uspesifisert_hendelse/kommentar","rows":[]},{"id":"vekstkurve/kroppsoverflate/metode","rows":[]}]}]}]}]},{"col":1,"row":78,"width":12,"height":34,"children":[{"id":"vekstkurve/beregning_av_barns_vekst","rows":[{"cols":[{"width":"100%","children":[{"id":"vekstkurve/beregning_av_barns_vekst/uspesifisert_hendelse/time","rows":[]},{"id":"vekstkurve/beregning_av_barns_vekst/uspesifisert_hendelse/vekstkalkulering","rows":[{"cols":[{"width":"100%","children":[{"id":"vekstkurve/beregning_av_barns_vekst/uspesifisert_hendelse/vekstkalkulering/z-score_(sds)","rows":[]},{"id":"vekstkurve/beregning_av_barns_vekst/uspesifisert_hendelse/vekstkalkulering/metode","rows":[]},{"id":"vekstkurve/beregning_av_barns_vekst/uspesifisert_hendelse/vekstkalkulering/kommentar","rows":[]}]}]}]}]}]}]}]}]