{"name":"Form root","localizedNames":{},"localizedDescriptions":{},"rmType":"FORM_DEFINITION","min":0,"max":0,"formId":"form_root","viewConfig":{"label":{"custom":false,"useLocalizations":false},"size":{"field":"inherit","label":"inherit"},"layout":{"label":{"valign":"inherit","align":"inherit"},"field":{"valign":"inherit","align":"inherit"}},"annotations":{}},"children":[{"name":"Kroppsvekt","localizedName":"Kroppsvekt","localizedNames":{"en":"Body Weight","nb":"Kroppsvekt"},"localizedDescriptions":{"nb":"Individets kroppsvekt.","en":"*Individets kroppsvekt. (nb)"},"rmType":"OBSERVATION","nodeId":"openEHR-EHR-OBSERVATION.body_weight.v1","min":0,"max":1,"aqlPath":"/content[openEHR-EHR-OBSERVATION.body_weight.v1]","inputs":[],"formId":"vekstkurve/kroppsvekt","viewConfig":{"multiplicity":{"min":0,"max":1},"advanced":{"hidden":false,"readonly":false,"hideFrame":false,"render":false},"label":{"custom":false,"useLocalizations":false},"size":{"field":"inherit","label":"inherit"},"layout":{"label":{"valign":"inherit","align":"inherit"},"field":{"valign":"inherit","align":"inherit"}},"annotations":{}},"children":[{"name":"Tidspunkt for måling","localizedName":"Tidspunkt for måling","localizedNames":{"en":"Time","nb":"Tidspunkt for måling"},"localizedDescriptions":{},"rmType":"DV_DATE_TIME","min":0,"max":1,"aqlPath":"/content[openEHR-EHR-OBSERVATION.body_weight.v1]/data[at0002]/events[at0003]/time","inputs":[{"type":"DATETIME","listOpen":false}],"formId":"vekstkurve/kroppsvekt/uspesifisert_hendelse/time","viewConfig":{"multiplicity":{"min":0,"max":1},"advanced":{"hidden":false,"readonly":false,"hideFrame":false,"render":false},"label":{"custom":false,"useLocalizations":false},"size":{"field":"inherit","label":"inherit"},"layout":{"label":{"valign":"inherit","align":"inherit"},"field":{"valign":"inherit","align":"inherit"}},"annotations":{},"field":{"input":{"hideTime":false,"dateFormat":"","hideDate":false}}}},{"name":"Kroppsvekt","localizedName":"Kroppsvekt","localizedNames":{"nb":"Kroppsvekt","en":"*Kroppsvekt (nb)"},"localizedDescriptions":{"nb":"Et individs totale kroppsmasse.","en":"*Et individs totale kroppsmasse. (nb)"},"rmType":"DV_QUANTITY","nodeId":"at0004","min":0,"max":1,"aqlPath":"/content[openEHR-EHR-OBSERVATION.body_weight.v1]/data[at0002]/events[at0003]/data[at0001]/items[at0004]/value","inputs":[{"suffix":"magnitude","type":"DECIMAL","listOpen":false},{"suffix":"unit","type":"CODED_TEXT","list":[{"value":"kg","label":"kg","validation":{"range":{"minOp":">=","min":0,"maxOp":"<","max":1000}},"ordinal":0,"localizedLabels":{},"localizedDescriptions":{}},{"value":"g","label":"g","validation":{"range":{"minOp":">=","min":0,"maxOp":"<","max":100000}},"ordinal":0,"localizedLabels":{},"localizedDescriptions":{}}],"listOpen":false}],"formId":"vekstkurve/kroppsvekt/uspesifisert_hendelse/kroppsvekt","viewConfig":{"annotations":{},"tags":[]}},{"name":"Kommentar","localizedName":"Kommentar","localizedNames":{"nb":"Kommentar","en":"*Kommentar (nb)"},"localizedDescriptions":{"nb":"Ytterligere beskrivelse av målingen av kroppsvekt som ikke dekkes i andre felt.","en":"*Ytterligere beskrivelse av målingen av kroppsvekt som ikke dekkes i andre felt. (nb)"},"rmType":"DV_TEXT","nodeId":"at0024","min":0,"max":1,"aqlPath":"/content[openEHR-EHR-OBSERVATION.body_weight.v1]/data[at0002]/events[at0003]/data[at0001]/items[at0024]/value","inputs":[{"type":"TEXT","listOpen":false}],"formId":"vekstkurve/kroppsvekt/uspesifisert_hendelse/kommentar","viewConfig":{"annotations":{},"tags":[]}}]},{"name":"Høyde/Lengde","localizedName":"Høyde/Lengde","localizedNames":{"en":"Height","nb":"Høyde/Lengde"},"localizedDescriptions":{"nb":"Individets høyde eller lengde målt fra isse til fotsåle. Høyde måles stående og lengde liggende.","en":"*Individets høyde eller lengde målt fra isse til fotsåle. Høyde måles stående og lengde liggende. (nb)"},"rmType":"OBSERVATION","nodeId":"openEHR-EHR-OBSERVATION.height.v1","min":0,"max":1,"aqlPath":"/content[openEHR-EHR-OBSERVATION.height.v1]","inputs":[],"formId":"vekstkurve/høyde_lengde","viewConfig":{"multiplicity":{"min":0,"max":1},"advanced":{"hidden":false,"readonly":false,"hideFrame":false,"render":false},"label":{"custom":false,"useLocalizations":false},"size":{"field":"inherit","label":"inherit"},"layout":{"label":{"valign":"inherit","align":"inherit"},"field":{"valign":"inherit","align":"inherit"}},"annotations":{}},"children":[{"name":"Tidspunkt for måling","localizedName":"Tidspunkt for måling","localizedNames":{"en":"Time","nb":"Tidspunkt for måling"},"localizedDescriptions":{},"rmType":"DV_DATE_TIME","min":0,"max":1,"aqlPath":"/content[openEHR-EHR-OBSERVATION.height.v1]/data[at0001]/events[at0002]/time","inputs":[{"type":"DATETIME","listOpen":false}],"formId":"vekstkurve/høyde_lengde/uspesifisert_hendelse/time","viewConfig":{"multiplicity":{"min":0,"max":1},"advanced":{"hidden":false,"readonly":false,"hideFrame":false,"render":false},"label":{"custom":false,"useLocalizations":false},"size":{"field":"inherit","label":"inherit"},"layout":{"label":{"valign":"inherit","align":"inherit"},"field":{"valign":"inherit","align":"inherit"}},"annotations":{},"field":{"input":{"hideTime":false,"dateFormat":"","hideDate":false}}}},{"name":"Høyde/lengde","localizedName":"Høyde/lengde","localizedNames":{"nb":"Høyde/lengde","en":"*Høyde/lengde (nb)"},"localizedDescriptions":{"nb":"Høyde/lengde fra isse til fotsåle.","en":"*Høyde/lengde fra isse til fotsåle. (nb)"},"rmType":"DV_QUANTITY","nodeId":"at0004","min":0,"max":1,"aqlPath":"/content[openEHR-EHR-OBSERVATION.height.v1]/data[at0001]/events[at0002]/data[at0003]/items[at0004]/value","inputs":[{"suffix":"magnitude","type":"DECIMAL","listOpen":false},{"suffix":"unit","type":"CODED_TEXT","list":[{"value":"cm","label":"cm","validation":{"range":{"minOp":">=","min":0,"maxOp":"<=","max":500}},"ordinal":0,"localizedLabels":{},"localizedDescriptions":{}}],"listOpen":false}],"formId":"vekstkurve/høyde_lengde/uspesifisert_hendelse/høyde_lengde","viewConfig":{"annotations":{},"tags":[]}},{"name":"Kroppsstilling","localizedName":"Kroppsstilling","localizedNames":{"nb":"Kroppsstilling","en":"*Kroppsstilling (nb)"},"localizedDescriptions":{"nb":"Individets kroppsstilling på måletidspunktet.","en":"*Individets kroppsstilling på måletidspunktet. (nb)"},"rmType":"DV_CODED_TEXT","nodeId":"at0014","min":0,"max":1,"aqlPath":"/content[openEHR-EHR-OBSERVATION.height.v1]/data[at0001]/events[at0002]/state[at0013]/items[at0014]/value","inputs":[{"suffix":"code","type":"CODED_TEXT","list":[{"value":"at0016","label":"Stående","ordinal":0,"localizedLabels":{"nb":"Stående","en":"*Stående (nb)"},"localizedDescriptions":{"nb":"Høyde måles optimalt uten sko, uten sokker (for å se fotstillingen skikkelig), rumpen inntil veggen, skuldrene inntil veggen, hodet i Frankfurt stilling (nedre orbitalkant horisontalt med ytre øregang). En skal si til vedkommende \"stå rett\", men ikke skyve opp hodet.","en":"*Høyde måles optimalt uten sko, uten sokker (for å se fotstillingen skikkelig), rumpen inntil veggen, skuldrene inntil veggen, hodet i Frankfurt stilling (nedre orbitalkant horisontalt med ytre øregang). En skal si til vedkommende \"stå rett\", men ikke skyve opp hodet. (nb)"}},{"value":"at0020","label":"Liggende","ordinal":0,"localizedLabels":{"nb":"Liggende","en":"*Liggende (nb)"},"localizedDescriptions":{"nb":"Lengde måles i en helt utstrakt, liggende posisjon med bekkenet flatt, beina strekte og føtter verken flektert eller ekstendert.","en":"*Lengde måles i en helt utstrakt, liggende posisjon med bekkenet flatt, beina strekte og føtter verken flektert eller ekstendert. (nb)"}}],"listOpen":false}],"formId":"vekstkurve/høyde_lengde/uspesifisert_hendelse/kroppsstilling","viewConfig":{"annotations":{},"tags":[]}},{"name":"Kommentar","localizedName":"Kommentar","localizedNames":{"nb":"Kommentar","en":"*Kommentar (nb)"},"localizedDescriptions":{"nb":"Ytterligere beskrivelse av målingen av høyde/lengde som ikke dekkes i andre felt.","en":"*Ytterligere beskrivelse av målingen av høyde/lengde som ikke dekkes i andre felt. (nb)"},"rmType":"DV_TEXT","nodeId":"at0018","min":0,"max":1,"aqlPath":"/content[openEHR-EHR-OBSERVATION.height.v1]/data[at0001]/events[at0002]/data[at0003]/items[at0018]/value","inputs":[{"type":"TEXT","listOpen":false}],"formId":"vekstkurve/høyde_lengde/uspesifisert_hendelse/kommentar","viewConfig":{"annotations":{},"tags":[]}}]},{"name":"Hodeomkrets","localizedName":"Hodeomkrets","localizedNames":{"en":"*Hodeomkrets (nb)","nb":"Hodeomkrets"},"localizedDescriptions":{"nb":"Måling av den lengste distansen rundt hodet.","en":"*Måling av den lengste distansen rundt hodet. (nb)"},"rmType":"OBSERVATION","nodeId":"openEHR-EHR-OBSERVATION.head_circumference.v1","min":0,"max":1,"aqlPath":"/content[openEHR-EHR-OBSERVATION.head_circumference.v1]","inputs":[],"formId":"vekstkurve/hodeomkrets","viewConfig":{"multiplicity":{"min":0,"max":1},"advanced":{"hidden":false,"readonly":false,"hideFrame":false,"render":false},"label":{"custom":false,"useLocalizations":false},"size":{"field":"inherit","label":"inherit"},"layout":{"label":{"valign":"inherit","align":"inherit"},"field":{"valign":"inherit","align":"inherit"}},"annotations":{}},"children":[{"name":"Tidspunkt for måling","localizedName":"Tidspunkt for måling","localizedNames":{"en":"Time","nb":"Tidspunkt for måling"},"localizedDescriptions":{},"rmType":"DV_DATE_TIME","min":0,"max":1,"aqlPath":"/content[openEHR-EHR-OBSERVATION.head_circumference.v1]/data[at0001]/events[at0010]/time","inputs":[{"type":"DATETIME","listOpen":false}],"formId":"vekstkurve/hodeomkrets/uspesifisert_hendelse/time","viewConfig":{"multiplicity":{"min":0,"max":1},"advanced":{"hidden":false,"readonly":false,"hideFrame":false,"render":false},"label":{"custom":false,"useLocalizations":false},"size":{"field":"inherit","label":"inherit"},"layout":{"label":{"valign":"inherit","align":"inherit"},"field":{"valign":"inherit","align":"inherit"}},"annotations":{},"field":{"input":{"hideTime":false,"dateFormat":"","hideDate":false}}}},{"name":"Hodeomkrets","localizedName":"Hodeomkrets","localizedNames":{"nb":"Hodeomkrets","en":"*Hodeomkrets (nb)"},"localizedDescriptions":{"nb":"Måling av den lengste distansen rundt hodet.","en":"*Måling av den lengste distansen rundt hodet. (nb)"},"rmType":"DV_QUANTITY","nodeId":"at0004","min":1,"max":1,"aqlPath":"/content[openEHR-EHR-OBSERVATION.head_circumference.v1]/data[at0001]/events[at0010]/data[at0003]/items[at0004]/value","inputs":[{"suffix":"magnitude","type":"DECIMAL","listOpen":false},{"suffix":"unit","type":"CODED_TEXT","list":[{"value":"cm","label":"cm","validation":{"range":{"minOp":">=","min":0,"maxOp":"<=","max":100}},"ordinal":0,"localizedLabels":{},"localizedDescriptions":{}}],"listOpen":false}],"formId":"vekstkurve/hodeomkrets/uspesifisert_hendelse/hodeomkrets","viewConfig":{"annotations":{},"tags":[]}},{"name":"Kommentar","localizedName":"Kommentar","localizedNames":{"nb":"Kommentar","en":"*Kommentar (nb)"},"localizedDescriptions":{"nb":"Ytterligere fritekst om hodeomkretsen som ikke er registrert i andre felt.","en":"*Ytterligere fritekst om hodeomkretsen som ikke er registrert i andre felt. (nb)"},"rmType":"DV_TEXT","nodeId":"at0007","min":0,"max":1,"aqlPath":"/content[openEHR-EHR-OBSERVATION.head_circumference.v1]/data[at0001]/events[at0010]/data[at0003]/items[at0007]/value","inputs":[{"type":"TEXT","listOpen":false}],"formId":"vekstkurve/hodeomkrets/uspesifisert_hendelse/kommentar","viewConfig":{"annotations":{},"tags":[]}}]},{"name":"Midjeomkrets","localizedName":"Midjeomkrets","localizedNames":{"en":"*Midjeomkrets (nb)","nb":"Midjeomkrets"},"localizedDescriptions":{"nb":"Målingen er avstanden rundt midjen rett over hoftekammen.","en":"*Målingen er avstanden rundt midjen rett over hoftekammen. (nb)"},"rmType":"OBSERVATION","nodeId":"openEHR-EHR-OBSERVATION.waist_circumference_dips.v1","min":0,"max":1,"aqlPath":"/content[openEHR-EHR-OBSERVATION.waist_circumference_dips.v1]","inputs":[],"formId":"vekstkurve/midjeomkrets","viewConfig":{"multiplicity":{"min":0,"max":1},"advanced":{"hidden":false,"readonly":false,"hideFrame":false,"render":false},"label":{"custom":false,"useLocalizations":false},"size":{"field":"inherit","label":"inherit"},"layout":{"label":{"valign":"inherit","align":"inherit"},"field":{"valign":"inherit","align":"inherit"}},"annotations":{}},"children":[{"name":"Tidspunkt for måling","localizedName":"Tidspunkt for måling","localizedNames":{"en":"Time","nb":"Tidspunkt for måling"},"localizedDescriptions":{},"rmType":"DV_DATE_TIME","min":0,"max":1,"aqlPath":"/content[openEHR-EHR-OBSERVATION.waist_circumference_dips.v1]/data[at0001]/events[at0010]/time","inputs":[{"type":"DATETIME","listOpen":false}],"formId":"vekstkurve/midjeomkrets/uspesifisert_hendelse/time","viewConfig":{"multiplicity":{"min":0,"max":1},"advanced":{"hidden":false,"readonly":false,"hideFrame":false,"render":false},"label":{"custom":false,"useLocalizations":false},"size":{"field":"inherit","label":"inherit"},"layout":{"label":{"valign":"inherit","align":"inherit"},"field":{"valign":"inherit","align":"inherit"}},"annotations":{},"field":{"input":{"hideTime":false,"dateFormat":"","hideDate":false}}}},{"name":"Mageomfang","localizedName":"Mageomfang","localizedNames":{"nb":"Mageomfang","en":"*Mageomfang (nb)"},"localizedDescriptions":{"nb":"Målingen er avstanden rundt midjen rett over hoftekammen.","en":"*Målingen er avstanden rundt midjen rett over hoftekammen. (nb)"},"rmType":"DV_QUANTITY","nodeId":"at0004","min":1,"max":1,"aqlPath":"/content[openEHR-EHR-OBSERVATION.waist_circumference_dips.v1]/data[at0001]/events[at0010]/data[at0003]/items[at0004]/value","inputs":[{"suffix":"magnitude","type":"DECIMAL","listOpen":false},{"suffix":"unit","type":"CODED_TEXT","list":[{"value":"cm","label":"cm","validation":{"range":{"minOp":">=","min":0,"maxOp":"<=","max":400}},"ordinal":0,"localizedLabels":{},"localizedDescriptions":{}}],"listOpen":false}],"formId":"vekstkurve/midjeomkrets/uspesifisert_hendelse/mageomfang","viewConfig":{"annotations":{},"tags":[]}},{"name":"Kommentar","localizedName":"Kommentar","localizedNames":{"nb":"Kommentar","en":"*Kommentar (nb)"},"localizedDescriptions":{"nb":"Ytterligere detaljer om midjeomkretsen ikke spesifisert i andre felt.","en":"*Ytterligere detaljer om midjeomkretsen ikke spesifisert i andre felt. (nb)"},"rmType":"DV_TEXT","nodeId":"at0007","min":0,"max":1,"aqlPath":"/content[openEHR-EHR-OBSERVATION.waist_circumference_dips.v1]/data[at0001]/events[at0010]/data[at0003]/items[at0007]/value","inputs":[{"type":"TEXT","listOpen":false}],"formId":"vekstkurve/midjeomkrets/uspesifisert_hendelse/kommentar","viewConfig":{"annotations":{},"tags":[]}}]},{"name":"Tanner stadier","localizedName":"Tanner stadier","localizedNames":{"en":"*Tanner stadier (nb)","nb":"Tanner stadier"},"localizedDescriptions":{"nb":"En skala for å beskrive et barns pubertetsutvikling.","en":"*En skala for å beskrive et barns pubertetsutvikling. (nb)"},"rmType":"OBSERVATION","nodeId":"openEHR-EHR-OBSERVATION.tanner_dips.v1","min":0,"max":1,"aqlPath":"/content[openEHR-EHR-OBSERVATION.tanner_dips.v1]","inputs":[],"formId":"vekstkurve/tanner_stadier","viewConfig":{"multiplicity":{"min":0,"max":1},"advanced":{"hidden":false,"readonly":false,"hideFrame":false,"render":false},"label":{"custom":false,"useLocalizations":false},"size":{"field":"inherit","label":"inherit"},"layout":{"label":{"valign":"inherit","align":"inherit"},"field":{"valign":"inherit","align":"inherit"}},"annotations":{}},"children":[{"name":"Tidspunkt for måling","localizedName":"Tidspunkt for måling","localizedNames":{"en":"Time","nb":"Tidspunkt for måling"},"localizedDescriptions":{},"rmType":"DV_DATE_TIME","min":0,"max":1,"aqlPath":"/content[openEHR-EHR-OBSERVATION.tanner_dips.v1]/data[at0001]/events[at0002]/time","inputs":[{"type":"DATETIME","listOpen":false}],"formId":"vekstkurve/tanner_stadier/uspesifisert_hendelse/time","viewConfig":{"multiplicity":{"min":0,"max":1},"advanced":{"hidden":false,"readonly":false,"hideFrame":false,"render":false},"label":{"custom":false,"useLocalizations":false},"size":{"field":"inherit","label":"inherit"},"layout":{"label":{"valign":"inherit","align":"inherit"},"field":{"valign":"inherit","align":"inherit"}},"annotations":{},"field":{"input":{"hideTime":false,"dateFormat":"","hideDate":false}}}},{"name":"Genitalia","localizedName":"Genitalia","localizedNames":{"nb":"Genitalia","en":"*Genitalia (nb)"},"localizedDescriptions":{"nb":"Stadier for utvikling av mannlige genitalia.","en":"*Stadier for utvikling av mannlige genitalia. (nb)"},"rmType":"DV_CODED_TEXT","nodeId":"at0004","min":0,"max":1,"aqlPath":"/content[openEHR-EHR-OBSERVATION.tanner_dips.v1]/data[at0001]/events[at0002]/data[at0003]/items[at0004]/value","inputs":[{"suffix":"code","type":"CODED_TEXT","list":[{"value":"at0007","label":"G1","ordinal":0,"localizedLabels":{"nb":"G1","en":"*G1 (nb)"},"localizedDescriptions":{"nb":"Testikler, skrotum og penis slik som i tidlig barndom.","en":"*Testikler, skrotum og penis slik som i tidlig barndom. (nb)"}},{"value":"at0008","label":"G2","ordinal":0,"localizedLabels":{"nb":"G2","en":"*G2 (nb)"},"localizedDescriptions":{"nb":"Skrotum og testikler har vokst og teksturen av skrotumhud er grovere.","en":"*Skrotum og testikler har vokst og teksturen av skrotumhud er grovere. (nb)"}},{"value":"at0009","label":"G3","ordinal":0,"localizedLabels":{"nb":"G3","en":"*G3 (nb)"},"localizedDescriptions":{"nb":"Penis har vokst, mest i lengden. Skrotum og testikler har vokst ytterligere.","en":"*Penis har vokst, mest i lengden. Skrotum og testikler har vokst ytterligere. (nb)"}},{"value":"at0010","label":"G4","ordinal":0,"localizedLabels":{"nb":"G4","en":"*G4 (nb)"},"localizedDescriptions":{"nb":"Penis har vokst i lengde og tykkelse. Begynnende utvikling av glans. Testes og skrotum vokser videre og skrotal hud er mørkere.","en":"*Penis har vokst i lengde og tykkelse. Begynnende utvikling av glans. Testes og skrotum vokser videre og skrotal hud er mørkere. (nb)"}},{"value":"at0011","label":"G5","ordinal":0,"localizedLabels":{"nb":"G5","en":"*G5 (nb)"},"localizedDescriptions":{"nb":"Voksent utseende på genitalia.","en":"*Voksent utseende på genitalia. (nb)"}}],"listOpen":false}],"formId":"vekstkurve/tanner_stadier/uspesifisert_hendelse/genitalia","viewConfig":{"annotations":{},"tags":[]}},{"name":"Bryst","localizedName":"Bryst","localizedNames":{"nb":"Bryst","en":"*Bryst (nb)"},"localizedDescriptions":{"nb":"Stadier for utvikling av bryst hos unge kvinner.","en":"*Stadier for utvikling av bryst hos unge kvinner. (nb)"},"rmType":"DV_CODED_TEXT","nodeId":"at0005","min":0,"max":1,"aqlPath":"/content[openEHR-EHR-OBSERVATION.tanner_dips.v1]/data[at0001]/events[at0002]/data[at0003]/items[at0005]/value","inputs":[{"suffix":"code","type":"CODED_TEXT","list":[{"value":"at0012","label":"B1","ordinal":0,"localizedLabels":{"nb":"B1","en":"*B1 (nb)"},"localizedDescriptions":{"nb":"Ingen synlig brystutvikling.","en":"*Ingen synlig brystutvikling. (nb)"}},{"value":"at0013","label":"B2","ordinal":0,"localizedLabels":{"nb":"B2","en":"*B2 (nb)"},"localizedDescriptions":{"nb":"Begynnende brystutvikling, bryst og papille lett forhøyet, areolas diameter lett økt.","en":"*Begynnende brystutvikling, bryst og papille lett forhøyet, areolas diameter lett økt. (nb)"}},{"value":"at0014","label":"B3","ordinal":0,"localizedLabels":{"nb":"B3","en":"*B3 (nb)"},"localizedDescriptions":{"nb":"Videre vekst av brystet men fortsatt jevn kontur.","en":"*Videre vekst av brystet men fortsatt jevn kontur. (nb)"}},{"value":"at0015","label":"B4","ordinal":0,"localizedLabels":{"nb":"B4","en":"*B4 (nb)"},"localizedDescriptions":{"nb":"Areola og papille skilles ut som en egen kontur på brystet (hevet fra resten av brystkonturen).","en":"*Areola og papille skilles ut som en egen kontur på brystet (hevet fra resten av brystkonturen). (nb)"}},{"value":"at0016","label":"B5","ordinal":0,"localizedLabels":{"nb":"B5","en":"*B5 (nb)"},"localizedDescriptions":{"nb":"Voksen. Kun papillen er hevet ut fra resten av bryskonturen.","en":"*Voksen. Kun papillen er hevet ut fra resten av bryskonturen. (nb)"}}],"listOpen":false}],"formId":"vekstkurve/tanner_stadier/uspesifisert_hendelse/bryst","viewConfig":{"annotations":{},"tags":[]}},{"name":"Pubesbehåring","localizedName":"Pubesbehåring","localizedNames":{"nb":"Pubesbehåring","en":"*Pubesbehåring (nb)"},"localizedDescriptions":{"nb":"Stadier for utvikling av pubesbehåring hos kvinner og menn.","en":"*Stadier for utvikling av pubesbehåring hos kvinner og menn. (nb)"},"rmType":"DV_CODED_TEXT","nodeId":"at0006","min":0,"max":1,"aqlPath":"/content[openEHR-EHR-OBSERVATION.tanner_dips.v1]/data[at0001]/events[at0002]/data[at0003]/items[at0006]/value","inputs":[{"suffix":"code","type":"CODED_TEXT","list":[{"value":"at0017","label":"P1","ordinal":0,"localizedLabels":{"nb":"P1","en":"*P1 (nb)"},"localizedDescriptions":{"nb":"Ingen pubesbehåring (på samme nivå som eventuell behåring på abdomen).","en":"*Ingen pubesbehåring (på samme nivå som eventuell behåring på abdomen). (nb)"}},{"value":"at0018","label":"P2","ordinal":0,"localizedLabels":{"nb":"P2","en":"*P2 (nb)"},"localizedDescriptions":{"nb":"Kvinner: Begynnende vekst av lyse, tynne, rette hår langs labia. Kan være lett å overse. Menn: Sparsom vekst av lett pigmentert, rett, dunaktig hår. Hovedsakelig ved basis av penis. Kan være lett å overse.","en":"*Kvinner: Begynnende vekst av lyse, tynne, rette hår langs labia. Kan være lett å overse. Menn: Sparsom vekst av lett pigmentert, rett, dunaktig hår. Hovedsakelig ved basis av penis. Kan være lett å overse. (nb)"}},{"value":"at0019","label":"P3","ordinal":0,"localizedLabels":{"nb":"P3","en":"*P3 (nb)"},"localizedDescriptions":{"nb":"Mørkere, tykkere og mer krøllete behåring. Sparsom utbredelse opp mot abdomen.","en":"*Mørkere, tykkere og mer krøllete behåring. Sparsom utbredelse opp mot abdomen. (nb)"}},{"value":"at0020","label":"P4","ordinal":0,"localizedLabels":{"nb":"P4","en":"*P4 (nb)"},"localizedDescriptions":{"nb":"Voksen type behåring, men ubredelse er mindre. Brer seg ikke over til mediale del av låret.","en":"*Voksen type behåring, men ubredelse er mindre. Brer seg ikke over til mediale del av låret. (nb)"}},{"value":"at0021","label":"P5","ordinal":0,"localizedLabels":{"nb":"P5","en":"*P5 (nb)"},"localizedDescriptions":{"nb":"Voksen mengde og utbredelse i form av invertert triangel og behåringen kan bre seg over til mediale del av låret.","en":"*Voksen mengde og utbredelse i form av invertert triangel og behåringen kan bre seg over til mediale del av låret. (nb)"}}],"listOpen":false}],"formId":"vekstkurve/tanner_stadier/uspesifisert_hendelse/pubesbehåring","viewConfig":{"annotations":{},"tags":[]}},{"name":"Kommentar","localizedName":"Kommentar","localizedNames":{"nb":"Kommentar","en":"*Kommentar (nb)"},"localizedDescriptions":{"nb":"Ytterligere fritekst om Tanner stadiene som ikke er registrert i andre felt.","en":"*Ytterligere fritekst om Tanner stadiene som ikke er registrert i andre felt. (nb)"},"rmType":"DV_TEXT","nodeId":"at0027","min":0,"max":1,"aqlPath":"/content[openEHR-EHR-OBSERVATION.tanner_dips.v1]/data[at0001]/events[at0002]/data[at0003]/items[at0027]/value","inputs":[{"type":"TEXT","listOpen":false}],"formId":"vekstkurve/tanner_stadier/uspesifisert_hendelse/kommentar","viewConfig":{"annotations":{},"tags":[]}}]},{"name":"Skjelettalder","localizedName":"Skjelettalder","localizedNames":{"en":"*Skjelettalder (nb)","nb":"Skjelettalder"},"localizedDescriptions":{"nb":"*","en":"** (nb)"},"rmType":"OBSERVATION","nodeId":"openEHR-EHR-OBSERVATION.bone_age_dips.v1","min":0,"max":1,"aqlPath":"/content[openEHR-EHR-OBSERVATION.bone_age_dips.v1]","inputs":[],"formId":"vekstkurve/skjelettalder","viewConfig":{"multiplicity":{"min":0,"max":1},"advanced":{"hidden":false,"readonly":false,"hideFrame":false,"render":false},"label":{"custom":false,"useLocalizations":false},"size":{"field":"inherit","label":"inherit"},"layout":{"label":{"valign":"inherit","align":"inherit"},"field":{"valign":"inherit","align":"inherit"}},"annotations":{}},"children":[{"name":"TimeTidspunkt for måling","localizedName":"TimeTidspunkt for måling","localizedNames":{"en":"Time","nb":"Tidspunkt for måling"},"localizedDescriptions":{},"rmType":"DV_DATE_TIME","min":0,"max":1,"aqlPath":"/content[openEHR-EHR-OBSERVATION.bone_age_dips.v1]/data[at0001]/events[at0002]/time","inputs":[{"type":"DATETIME","listOpen":false}],"formId":"vekstkurve/skjelettalder/any_event/time","viewConfig":{"multiplicity":{"min":0,"max":1},"advanced":{"hidden":false,"readonly":false,"hideFrame":false,"render":false},"label":{"custom":false,"useLocalizations":false},"size":{"field":"inherit","label":"inherit"},"layout":{"label":{"valign":"inherit","align":"inherit"},"field":{"valign":"inherit","align":"inherit"}},"annotations":{},"field":{"input":{"hideTime":false,"dateFormat":"","hideDate":false}}}},{"name":"Years","localizedName":"Years","localizedNames":{"nb":"Years","en":"*Years (nb)"},"localizedDescriptions":{"nb":"Bone age in years for the child at this date.","en":"*Bone age in years for the child at this date. (nb)"},"rmType":"DV_QUANTITY","nodeId":"at0004","min":0,"max":1,"aqlPath":"/content[openEHR-EHR-OBSERVATION.bone_age_dips.v1]/data[at0001]/events[at0002]/data[at0003]/items[at0004]/value","inputs":[{"suffix":"magnitude","type":"DECIMAL","listOpen":false},{"suffix":"unit","type":"CODED_TEXT","list":[{"value":"1","label":"1","ordinal":0,"localizedLabels":{},"localizedDescriptions":{}}],"listOpen":false}],"formId":"vekstkurve/skjelettalder/any_event/years","viewConfig":{"annotations":{},"tags":[]}}]},{"name":"Testikkelvolum","localizedName":"Testikkelvolum","localizedNames":{"en":"*Testikkelvolum (nb)","nb":"Testikkelvolum"},"localizedDescriptions":{"nb":"Testiklenens volum enten målt eller utregnet.","en":"*Testiklenens volum enten målt eller utregnet. (nb)"},"rmType":"OBSERVATION","nodeId":"openEHR-EHR-OBSERVATION.testicular_volume_dips.v1","min":0,"max":2,"aqlPath":"/content[openEHR-EHR-OBSERVATION.testicular_volume_dips.v1]","inputs":[],"formId":"vekstkurve/testikkelvolum","viewConfig":{"multiplicity":{"min":0,"max":2},"advanced":{"hidden":false,"readonly":false,"hideFrame":false,"render":false},"label":{"custom":false,"useLocalizations":false},"size":{"field":"inherit","label":"inherit"},"layout":{"label":{"valign":"inherit","align":"inherit"},"field":{"valign":"inherit","align":"inherit"}},"annotations":{}},"children":[{"name":"Tidspunkt for måling","localizedName":"Tidspunkt for måling","localizedNames":{"en":"Time","nb":"Tidspunkt for måling"},"localizedDescriptions":{},"rmType":"DV_DATE_TIME","min":0,"max":1,"aqlPath":"/content[openEHR-EHR-OBSERVATION.testicular_volume_dips.v1]/data[at0001]/events[at0002]/time","inputs":[{"type":"DATETIME","listOpen":false}],"formId":"vekstkurve/testikkelvolum/uspesifisert_hendelse/time","viewConfig":{"multiplicity":{"min":0,"max":1},"advanced":{"hidden":false,"readonly":false,"hideFrame":false,"render":false},"label":{"custom":false,"useLocalizations":false},"size":{"field":"inherit","label":"inherit"},"layout":{"label":{"valign":"inherit","align":"inherit"},"field":{"valign":"inherit","align":"inherit"}},"annotations":{},"field":{"input":{"hideTime":false,"dateFormat":"","hideDate":false}}}},{"name":"Kroppssted","localizedName":"Kroppssted","localizedNames":{"nb":"Kroppssted","en":"*Kroppssted (nb)"},"localizedDescriptions":{"nb":"Testikkelen som ble målt.","en":"*Testikkelen som ble målt. (nb)"},"rmType":"DV_CODED_TEXT","nodeId":"","min":1,"max":1,"aqlPath":"/content[openEHR-EHR-OBSERVATION.testicular_volume_dips.v1]/data[at0001]/events[at0002]/data[at0003]/items[at0016]/value","inputs":[{"suffix":"code","type":"CODED_TEXT","list":[{"value":"at0017","label":"Venstre testikkel","ordinal":0,"localizedLabels":{"nb":"Venstre testikkel","en":"*Venstre testikkel (nb)"},"localizedDescriptions":{"nb":"Måling av venstre testikkel.","en":"*Måling av venstre testikkel. (nb)"}},{"value":"at0018","label":"Høyre testikkel","ordinal":0,"localizedLabels":{"nb":"Høyre testikkel","en":"*Høyre testikkel (nb)"},"localizedDescriptions":{"nb":"Måling av høyre testikkel.","en":"*Måling av høyre testikkel. (nb)"}}],"listOpen":false}],"formId":"vekstkurve/testikkelvolum/uspesifisert_hendelse/kroppssted/value","viewConfig":{"annotations":{},"tags":[]}},{"name":"Testikkelvolum","localizedName":"Testikkelvolum","localizedNames":{"nb":"Testikkelvolum","en":"*Testikkelvolum (nb)"},"localizedDescriptions":{"nb":"Målt eller utregnet testikkelvolum.","en":"*Målt eller utregnet testikkelvolum. (nb)"},"rmType":"DV_QUANTITY","nodeId":"at0010","min":0,"max":1,"aqlPath":"/content[openEHR-EHR-OBSERVATION.testicular_volume_dips.v1]/data[at0001]/events[at0002]/data[at0003]/items[at0010]/value","inputs":[{"suffix":"magnitude","type":"DECIMAL","listOpen":false},{"suffix":"unit","type":"CODED_TEXT","list":[{"value":"ml","label":"ml","validation":{"range":{"minOp":">=","min":0,"maxOp":"<"}},"ordinal":0,"localizedLabels":{},"localizedDescriptions":{}},{"value":"cm3","label":"cm3","validation":{"range":{"minOp":">=","min":0,"maxOp":"<"}},"ordinal":0,"localizedLabels":{},"localizedDescriptions":{}}],"listOpen":false}],"formId":"vekstkurve/testikkelvolum/uspesifisert_hendelse/testikkelvolum","viewConfig":{"annotations":{},"tags":[]}},{"name":"Kommentar","localizedName":"Kommentar","localizedNames":{"nb":"Kommentar","en":"*Kommentar (nb)"},"localizedDescriptions":{"nb":"Ytterligere fritekst om målingen som ikke er dekket av andre felt.","en":"*Ytterligere fritekst om målingen som ikke er dekket av andre felt. (nb)"},"rmType":"DV_TEXT","nodeId":"at0005","min":0,"max":1,"aqlPath":"/content[openEHR-EHR-OBSERVATION.testicular_volume_dips.v1]/data[at0001]/events[at0002]/data[at0003]/items[at0005]/value","inputs":[{"type":"TEXT","listOpen":false}],"formId":"vekstkurve/testikkelvolum/uspesifisert_hendelse/kommentar","viewConfig":{"annotations":{},"tags":[]}}]},{"name":"Måling av kroppssegment","localizedName":"Måling av kroppssegment","localizedNames":{"en":"*Måling av kroppssegment (nb)","nb":"Måling av kroppssegment"},"localizedDescriptions":{"nb":"Bruk av en standard prosedyre for måling av lengden, omkretsen, arealet eller høyden av en definert kroppsdel.","en":"*Bruk av en standard prosedyre for måling av lengden, omkretsen, arealet eller høyden av en definert kroppsdel. (nb)"},"rmType":"OBSERVATION","nodeId":"openEHR-EHR-OBSERVATION.body_segment_dips.v1","min":0,"max":1,"aqlPath":"/content[openEHR-EHR-OBSERVATION.body_segment_dips.v1]","inputs":[],"formId":"vekstkurve/måling_av_kroppssegment","viewConfig":{"multiplicity":{"min":0,"max":1},"advanced":{"hidden":false,"readonly":false,"hideFrame":false,"render":false},"label":{"custom":false,"useLocalizations":false},"size":{"field":"inherit","label":"inherit"},"layout":{"label":{"valign":"inherit","align":"inherit"},"field":{"valign":"inherit","align":"inherit"}},"annotations":{}},"children":[{"name":"Tidspunkt for måling","localizedName":"Tidspunkt for måling","localizedNames":{"en":"Time","nb":"Tidspunkt for måling"},"localizedDescriptions":{},"rmType":"DV_DATE_TIME","min":0,"max":1,"aqlPath":"/content[openEHR-EHR-OBSERVATION.body_segment_dips.v1]/data[at0001]/events[at0002]/time","inputs":[{"type":"DATETIME","listOpen":false}],"formId":"vekstkurve/måling_av_kroppssegment/uspesifisert_hendelse/time","viewConfig":{"multiplicity":{"min":0,"max":1},"advanced":{"hidden":false,"readonly":false,"hideFrame":false,"render":false},"label":{"custom":false,"useLocalizations":false},"size":{"field":"inherit","label":"inherit"},"layout":{"label":{"valign":"inherit","align":"inherit"},"field":{"valign":"inherit","align":"inherit"}},"annotations":{},"field":{"input":{"hideTime":false,"dateFormat":"","hideDate":false}}}},{"name":"Høyde","localizedName":"Høyde","localizedNames":{"en":"*Høyde (en)","nb":"Høyde"},"localizedDescriptions":{},"rmType":"DV_QUANTITY","nodeId":"at0013","min":0,"max":1,"aqlPath":"/content[openEHR-EHR-OBSERVATION.body_segment_dips.v1]/data[at0001]/events[at0002]/data[at0003]/items[at0013 and name/value='Høyde']/value","inputs":[{"suffix":"magnitude","type":"DECIMAL","listOpen":false},{"suffix":"unit","type":"CODED_TEXT","list":[{"value":"cm","label":"cm","validation":{"range":{"minOp":">=","min":0,"maxOp":"<"}},"ordinal":0,"localizedLabels":{},"localizedDescriptions":{}},{"value":"mm","label":"mm","validation":{"range":{"minOp":">=","min":0,"maxOp":"<"}},"ordinal":0,"localizedLabels":{},"localizedDescriptions":{}},{"value":"[in_i]","label":"[in_i]","validation":{"range":{"minOp":">=","min":0,"maxOp":"<"}},"ordinal":0,"localizedLabels":{},"localizedDescriptions":{}}],"listOpen":false}],"formId":"vekstkurve/måling_av_kroppssegment/uspesifisert_hendelse/høyde","viewConfig":{"annotations":{},"tags":[]}},{"name":"Kommentar","localizedName":"Kommentar","localizedNames":{"en":"*Kommentar (nb)","nb":"Kommentar"},"localizedDescriptions":{"nb":"Tilleggsinformasjon om målingene som ikke fanges opp i dataelementene for måling","en":"*Tilleggsinformasjon om målingene som ikke fanges opp i dataelementene for måling (nb)"},"rmType":"DV_TEXT","nodeId":"at0025","min":0,"max":1,"aqlPath":"/content[openEHR-EHR-OBSERVATION.body_segment_dips.v1]/data[at0001]/events[at0002]/data[at0003]/items[at0025]/value","inputs":[{"type":"TEXT","list":[],"listOpen":false}],"formId":"vekstkurve/måling_av_kroppssegment/uspesifisert_hendelse/kommentar","viewConfig":{"multiplicity":{"min":0,"max":1},"advanced":{"hidden":false,"readonly":false,"hideFrame":false,"render":false},"label":{"custom":false,"useLocalizations":false},"size":{"field":"inherit","label":"inherit"},"layout":{"label":{"valign":"inherit","align":"inherit"},"field":{"valign":"inherit","align":"inherit"}},"annotations":{},"field":{"lines":null}}}]},{"name":"Kroppsoverflate","localizedName":"Kroppsoverflate","localizedNames":{"nb":"Kroppsoverflate","en":"*Kroppsoverflate (nb)"},"localizedDescriptions":{"nb":"Kroppsoverflate er den målte eller kalkulerte overflaten av menneskekroppen.","en":"*Kroppsoverflate er den målte eller kalkulerte overflaten av menneskekroppen. (nb)"},"rmType":"OBSERVATION","nodeId":"openEHR-EHR-OBSERVATION.body_surface_area_dips.v1","min":0,"max":-1,"aqlPath":"/content[openEHR-EHR-OBSERVATION.body_surface_area_dips.v1]","inputs":[],"formId":"vekstkurve/kroppsoverflate","viewConfig":{"annotations":{},"tags":[]},"children":[{"name":"Tidspunkt for måling","localizedName":"Tidspunkt for måling","localizedNames":{"en":"Time","nb":"Tidspunkt for måling"},"localizedDescriptions":{},"rmType":"DV_DATE_TIME","min":0,"max":1,"aqlPath":"/content[openEHR-EHR-OBSERVATION.body_surface_area_dips.v1]/data[at0001]/events[at0002]/time","inputs":[{"type":"DATETIME","listOpen":false}],"formId":"vekstkurve/kroppsoverflate/uspesifisert_hendelse/time","viewConfig":{"multiplicity":{"min":0,"max":1},"advanced":{"hidden":false,"readonly":false,"hideFrame":false,"render":false},"label":{"custom":false,"useLocalizations":false},"size":{"field":"inherit","label":"inherit"},"layout":{"label":{"valign":"inherit","align":"inherit"},"field":{"valign":"inherit","align":"inherit"}},"annotations":{},"field":{"input":{"hideTime":false,"dateFormat":"","hideDate":false}}}},{"name":"Kroppsoverflate","localizedName":"Kroppsoverflate","localizedNames":{"nb":"Kroppsoverflate","en":"*Kroppsoverflate (nb)"},"localizedDescriptions":{"nb":"Den målte eller kalkulerte overflaten av menneskekroppen.","en":"*Den målte eller kalkulerte overflaten av menneskekroppen. (nb)"},"rmType":"DV_QUANTITY","nodeId":"at0004","min":1,"max":1,"aqlPath":"/content[openEHR-EHR-OBSERVATION.body_surface_area_dips.v1]/data[at0001]/events[at0002]/data[at0003]/items[at0004]/value","inputs":[{"suffix":"magnitude","type":"DECIMAL","listOpen":false},{"suffix":"unit","type":"CODED_TEXT","list":[{"value":"m2","label":"m2","ordinal":0,"localizedLabels":{},"localizedDescriptions":{}}],"listOpen":false}],"formId":"vekstkurve/kroppsoverflate/uspesifisert_hendelse/kroppsoverflate","viewConfig":{"annotations":{},"tags":[]}},{"name":"Kommentar","localizedName":"Kommentar","localizedNames":{"nb":"Kommentar","en":"*Kommentar (nb)"},"localizedDescriptions":{"nb":"Ytterligere kommentar om kroppsarealestimering.","en":"*Ytterligere kommentar om kroppsarealestimering. (nb)"},"rmType":"DV_TEXT","nodeId":"at0019","min":0,"max":1,"aqlPath":"/content[openEHR-EHR-OBSERVATION.body_surface_area_dips.v1]/data[at0001]/events[at0002]/data[at0003]/items[at0019]/value","inputs":[{"type":"TEXT","listOpen":false}],"formId":"vekstkurve/kroppsoverflate/uspesifisert_hendelse/kommentar","viewConfig":{"annotations":{},"tags":[]}},{"name":"Metode","localizedName":"Metode","localizedNames":{"en":"*Metode (nb)","nb":"Metode"},"localizedDescriptions":{"nb":"*The method by which the body surface area was estimated.(en)","en":"**The method by which the body surface area was estimated.(en) (nb)"},"rmType":"DV_CODED_TEXT","nodeId":"at0009","min":0,"max":1,"aqlPath":"/content[openEHR-EHR-OBSERVATION.body_surface_area_dips.v1]/protocol[at0005]/items[at0009]/value","inputs":[{"suffix":"code","type":"CODED_TEXT","list":[{"value":"at0010","label":"*Automatic entry(en)","ordinal":0,"localizedLabels":{"nb":"*Automatic entry(en)","en":"**Automatic entry(en) (nb)"},"localizedDescriptions":{"nb":"*The body surface area was calculated and entered automatically without user intervention.(en)","en":"**The body surface area was calculated and entered automatically without user intervention.(en) (nb)"}},{"value":"at0011","label":"*Direct entry(en)","ordinal":0,"localizedLabels":{"nb":"*Direct entry(en)","en":"**Direct entry(en) (nb)"},"localizedDescriptions":{"nb":"*The body surface area was calculated and entered directly by the user.(en)","en":"**The body surface area was calculated and entered directly by the user.(en) (nb)"}}],"listOpen":false}],"formId":"vekstkurve/kroppsoverflate/metode","viewConfig":{"multiplicity":{"min":0,"max":1},"advanced":{"hidden":true,"readonly":false,"hideFrame":false,"render":false},"label":{"custom":false,"useLocalizations":false},"size":{"field":"inherit","label":"inherit"},"layout":{"label":{"valign":"inherit","align":"inherit"},"field":{"valign":"inherit","align":"inherit"}},"annotations":{},"field":{"code":{"presentation":"combobox","columns":"2"}}}}]},{"name":"Beregning av barns vekst","localizedName":"Beregning av barns vekst","localizedNames":{"en":"*Beregning av barns vekst (nb)","nb":"Beregning av barns vekst"},"localizedDescriptions":{"nb":"Beregninger relatert til barnes vekst, generelt basert på barnets alder.","en":"*Beregninger relatert til barnes vekst, generelt basert på barnets alder. (nb)"},"rmType":"OBSERVATION","nodeId":"openEHR-EHR-OBSERVATION.child_growth.v0","min":0,"max":1,"aqlPath":"/content[openEHR-EHR-OBSERVATION.child_growth.v0]","inputs":[],"formId":"vekstkurve/beregning_av_barns_vekst","viewConfig":{"multiplicity":{"min":0,"max":1},"advanced":{"hidden":false,"readonly":false,"hideFrame":false,"render":false},"label":{"custom":false,"useLocalizations":false},"size":{"field":"inherit","label":"inherit"},"layout":{"label":{"valign":"inherit","align":"inherit"},"field":{"valign":"inherit","align":"inherit"}},"annotations":{}},"children":[{"name":"Tidspunkt for måling","localizedName":"Tidspunkt for måling","localizedNames":{"en":"Time","nb":"Tidspunkt for måling"},"localizedDescriptions":{},"rmType":"DV_DATE_TIME","min":0,"max":1,"aqlPath":"/content[openEHR-EHR-OBSERVATION.child_growth.v0]/data[at0001]/events[at0002]/time","inputs":[{"type":"DATETIME","listOpen":false}],"formId":"vekstkurve/beregning_av_barns_vekst/uspesifisert_hendelse/time","viewConfig":{"multiplicity":{"min":0,"max":1},"advanced":{"hidden":false,"readonly":false,"hideFrame":false,"render":false},"label":{"custom":false,"useLocalizations":false},"size":{"field":"inherit","label":"inherit"},"layout":{"label":{"valign":"inherit","align":"inherit"},"field":{"valign":"inherit","align":"inherit"}},"annotations":{},"field":{"input":{"hideTime":false,"dateFormat":"","hideDate":false}}}},{"name":"Vekstkalkulering","localizedName":"Vekstkalkulering","localizedNames":{"en":"*Vekstkalkulering (en)","nb":"Vekstkalkulering"},"localizedDescriptions":{},"rmType":"CLUSTER","nodeId":"at0014","min":1,"max":1,"aqlPath":"/content[openEHR-EHR-OBSERVATION.child_growth.v0]/data[at0001]/events[at0002]/data[at0003]/items[at0014 and name/value='Vekstkalkulering']","inputs":[],"formId":"vekstkurve/beregning_av_barns_vekst/uspesifisert_hendelse/vekstkalkulering","viewConfig":{"multiplicity":{"min":1,"max":1},"advanced":{"hidden":false,"readonly":false,"hideFrame":false,"render":false},"label":{"custom":false,"useLocalizations":false},"size":{"field":"inherit","label":"inherit"},"layout":{"label":{"valign":"inherit","align":"inherit"},"field":{"valign":"inherit","align":"inherit"}},"annotations":{}},"children":[{"name":"Z-score (SDS)","localizedName":"Z-score (SDS)","localizedNames":{"nb":"Z-score (SDS)","en":"*Z-score (SDS) (nb)"},"localizedDescriptions":{"nb":"Z-score til en observasjon for en gitt justert alder. Z-score angir hvor mange standardavvik observasjonen er over eller under populasjonsmiddelet.","en":"*Z-score til en observasjon for en gitt justert alder. Z-score angir hvor mange standardavvik observasjonen er over eller under populasjonsmiddelet. (nb)"},"rmType":"DV_QUANTITY","nodeId":"at0011","min":0,"max":1,"aqlPath":"/content[openEHR-EHR-OBSERVATION.child_growth.v0]/data[at0001]/events[at0002]/data[at0003]/items[at0014 and name/value='Vekstkalkulering']/items[at0011]/value","inputs":[{"suffix":"magnitude","type":"DECIMAL","listOpen":false},{"suffix":"unit","type":"CODED_TEXT","list":[{"value":"1","label":"1","ordinal":0,"localizedLabels":{},"localizedDescriptions":{}}],"listOpen":false}],"formId":"vekstkurve/beregning_av_barns_vekst/uspesifisert_hendelse/vekstkalkulering/z-score_(sds)","viewConfig":{"annotations":{},"tags":[]}},{"name":"Metode","localizedName":"Metode","localizedNames":{"nb":"Metode","en":"*Metode (nb)"},"localizedDescriptions":{"nb":"Metoden eller algoritmen som beregningen ble avledet av.","en":"*Metoden eller algoritmen som beregningen ble avledet av. (nb)"},"rmType":"DV_TEXT","nodeId":"at0018","min":0,"max":1,"aqlPath":"/content[openEHR-EHR-OBSERVATION.child_growth.v0]/data[at0001]/events[at0002]/data[at0003]/items[at0014 and name/value='Vekstkalkulering']/items[at0018]/value","inputs":[{"type":"TEXT","listOpen":false}],"formId":"vekstkurve/beregning_av_barns_vekst/uspesifisert_hendelse/vekstkalkulering/metode","viewConfig":{"annotations":{},"tags":[]}},{"name":"Kommentar","localizedName":"Kommentar","localizedNames":{"nb":"Kommentar","en":"*Kommentar (nb)"},"localizedDescriptions":{"nb":"En kommentar til en individuell vekstberegning.","en":"*En kommentar til en individuell vekstberegning. (nb)"},"rmType":"DV_TEXT","nodeId":"at0019","min":0,"max":1,"aqlPath":"/content[openEHR-EHR-OBSERVATION.child_growth.v0]/data[at0001]/events[at0002]/data[at0003]/items[at0014 and name/value='Vekstkalkulering']/items[at0019]/value","inputs":[{"type":"TEXT","listOpen":false}],"formId":"vekstkurve/beregning_av_barns_vekst/uspesifisert_hendelse/vekstkalkulering/kommentar","viewConfig":{"annotations":{},"tags":[]}}]}]}]}