{"formId":"form_root","name":"Form root","rmType":"FORM_DEFINITION","viewConfig":{"label":{"custom":false,"value":"","useLocalizations":false,"localizationsList":{}},"size":{"field":"inherit","label":"inherit","fill":"inherit"},"layout":{"valign":"inherit","align":"inherit"},"tags":[]},"language":"","templateLanguages":["nb"],"children":[{"name":"Henvisning til fysioterapi","localizedName":"Henvisning til fysioterapi","rmType":"EVALUATION","nodeId":"openEHR-EHR-EVALUATION.henvisning_til_fysioterapi.v1","min":1,"max":1,"localizedNames":{"nb":"Henvisning til fysioterapi"},"localizedDescriptions":{"nb":"unknown"},"aqlPath":"/content[openEHR-EHR-EVALUATION.henvisning_til_fysioterapi.v1]","formId":"henvisning_til_fysio/henvisning_til_fysioterapi","children":[{"name":"2 Diagnose og funn","localizedName":"2 Diagnose og funn","rmType":"CLUSTER","nodeId":"at0002","min":0,"max":1,"localizedNames":{"nb":"2 Diagnose og funn"},"localizedDescriptions":{"nb":"*"},"aqlPath":"/content[openEHR-EHR-EVALUATION.henvisning_til_fysioterapi.v1]/data[at0001]/items[at0002]","formId":"henvisning_til_fysio/henvisning_til_fysioterapi/a2_diagnose_og_funn","viewConfig":{"size":{"field":"inherit","label":"inherit","fill":"inherit"},"layout":{"label":{"valign":"inherit","align":"inherit"},"field":{"valign":"inherit","align":"inherit"}}},"children":[{"name":"Problem/diagnosenavn","localizedName":"Problem/diagnosenavn","rmType":"DV_TEXT","nodeId":"at0002","min":"1","max":"1","localizedNames":{"nb":"Problem/diagnosenavn"},"localizedDescriptions":{"nb":"Identifisering av problemet eller diagnosen ved hjelp av navn."},"annotations":{"comment":"Koding av navnet på problemet eller diagnosen med en terminologi er foretrukket, der det er mulig."},"aqlPath":"/content[openEHR-EHR-EVALUATION.problem_diagnosis.v1]/data[at0001]/items[at0002]/value","inputs":[{"type":"TEXT"}],"formId":"henvisning_til_fysio/problem_diagnose/problem_diagnosenavn","viewConfig":{"size":{"field":"inherit","label":"inherit","fill":"inherit"},"layout":{"label":{"valign":"top","align":"top"},"field":{"valign":"inherit","align":"inherit"}},"datasource":{"loadRemote":false,"loadRemoteUrl":"","terminology":""},"advanced":{"hidden":false,"readonly":false},"tags":[],"annotations":{"description":"*","templateVariable":"[Omse.Hoveddiagnose]"},"field":{"input":{"presentation":"textfield","lines":"1"}}}},{"name":"Hvis operasjon, oppgi dato for denne","localizedName":"Hvis operasjon, oppgi dato for denne","rmType":"DV_DATE","nodeId":"at0003","min":"0","max":"1","localizedNames":{"nb":"Hvis operasjon, oppgi dato for denne"},"localizedDescriptions":{"nb":"*"},"aqlPath":"/content[openEHR-EHR-EVALUATION.henvisning_til_fysioterapi.v1]/data[at0001]/items[at0002]/items[at0003]/value","inputs":[{"type":"DATE"}],"formId":"henvisning_til_fysio/henvisning_til_fysioterapi/a2_diagnose_og_funn/hvis_operasjon_oppgi_dato_for_denne","viewConfig":{"size":{"field":"inherit","label":"inherit","fill":"inherit"},"layout":{"label":{"valign":"top","align":"top"},"field":{"valign":"inherit","align":"inherit"}},"datasource":{"loadRemote":false,"loadRemoteUrl":"","terminology":""},"advanced":{"hidden":false,"readonly":false},"tags":[],"field":{"input":{"dateFormat":"","hideDate":false,"hideTime":false}}}},{"name":"Viktige funn (lokalisasjon, røntgenfunn, laboratorieundersøkelser, andre undersøkelser)","localizedName":"Viktige funn (lokalisasjon, røntgenfunn, laboratorieundersøkelser, andre undersøkelser)","rmType":"DV_TEXT","nodeId":"at0004","min":"0","max":"1","localizedNames":{"nb":"Viktige funn (lokalisasjon, røntgenfunn, laboratorieundersøkelser, andre undersøkelser)"},"localizedDescriptions":{"nb":"*"},"aqlPath":"/content[openEHR-EHR-EVALUATION.henvisning_til_fysioterapi.v1]/data[at0001]/items[at0002]/items[at0004]/value","inputs":[{"type":"TEXT"}],"formId":"henvisning_til_fysio/henvisning_til_fysioterapi/a2_diagnose_og_funn/viktige_funn_lokalisasjon_røntgenfunn_laboratorieundersøkelser_andre_undersøkelser","viewConfig":{"size":{"field":"inherit","label":"inherit","fill":"inherit"},"layout":{"label":{"valign":"top","align":"top"},"field":{"valign":"inherit","align":"inherit"}},"datasource":{"loadRemote":false,"loadRemoteUrl":"","terminology":""},"advanced":{"hidden":false,"readonly":false},"tags":[],"field":{"input":{"presentation":"textarea","lines":"5"}}}}]},{"name":"3 Henvisning til","localizedName":"3 Henvisning til","rmType":"CLUSTER","nodeId":"at0005","min":"0","max":"1","localizedNames":{"nb":"3 Henvisning til"},"localizedDescriptions":{"nb":"*"},"aqlPath":"/content[openEHR-EHR-EVALUATION.henvisning_til_fysioterapi.v1]/data[at0001]/items[at0005]","formId":"henvisning_til_fysio/henvisning_til_fysioterapi/a3_henvisning_til","viewConfig":{"size":{"field":"inherit","label":"inherit","fill":"inherit"},"layout":{"label":{"valign":"inherit","align":"inherit"},"field":{"valign":"inherit","align":"inherit"}},"advanced":{"hidden":false,"readonly":false,"render":false},"tags":[]},"children":[{"name":"Fysioterapi","localizedName":"Fysioterapi","rmType":"DV_BOOLEAN","nodeId":"at0006","min":0,"max":1,"localizedNames":{"nb":"Fysioterapi"},"localizedDescriptions":{"nb":"*"},"aqlPath":"/content[openEHR-EHR-EVALUATION.henvisning_til_fysioterapi.v1]/data[at0001]/items[at0005]/items[at0006]/value","inputs":[{"type":"BOOLEAN","defaultValue":false}],"formId":"henvisning_til_fysio/henvisning_til_fysioterapi/a3_henvisning_til/fysioterapi","viewConfig":{"size":{"field":"inherit","label":"inherit","fill":"inherit"},"layout":{"label":{"valign":"inherit","align":"inherit"},"field":{"valign":"inherit","align":"inherit"}},"datasource":{"loadRemote":false,"loadRemoteUrl":"","terminology":""},"field":{"input":{"threeState":false}}}},{"name":"Fysioterapi ved godkjente behanlingssteder i utlandet","localizedName":"Fysioterapi ved godkjente behanlingssteder i utlandet","rmType":"DV_BOOLEAN","nodeId":"at0007","min":0,"max":1,"localizedNames":{"nb":"Fysioterapi ved godkjente behanlingssteder i utlandet"},"localizedDescriptions":{"nb":"*"},"aqlPath":"/content[openEHR-EHR-EVALUATION.henvisning_til_fysioterapi.v1]/data[at0001]/items[at0005]/items[at0007]/value","inputs":[{"type":"BOOLEAN","defaultValue":false}],"formId":"henvisning_til_fysio/henvisning_til_fysioterapi/a3_henvisning_til/fysioterapi_ved_godkjente_behanlingssteder_i_utlandet","viewConfig":{"size":{"field":"inherit","label":"inherit","fill":"inherit"},"layout":{"label":{"valign":"inherit","align":"inherit"},"field":{"valign":"inherit","align":"inherit"}},"datasource":{"loadRemote":false,"loadRemoteUrl":"","terminology":""},"field":{"input":{"threeState":false}}}},{"name":"Terapiridning","localizedName":"Terapiridning","rmType":"DV_BOOLEAN","nodeId":"at0008","min":0,"max":1,"localizedNames":{"nb":"Terapiridning"},"localizedDescriptions":{"nb":"*"},"aqlPath":"/content[openEHR-EHR-EVALUATION.henvisning_til_fysioterapi.v1]/data[at0001]/items[at0005]/items[at0008]/value","inputs":[{"type":"BOOLEAN","defaultValue":false}],"formId":"henvisning_til_fysio/henvisning_til_fysioterapi/a3_henvisning_til/terapiridning","viewConfig":{"size":{"field":"inherit","label":"inherit","fill":"inherit"},"layout":{"label":{"valign":"inherit","align":"inherit"},"field":{"valign":"inherit","align":"inherit"}},"datasource":{"loadRemote":false,"loadRemoteUrl":"","terminology":""},"field":{"input":{"threeState":false}}}},{"name":"Pasienten må behandles i hjemmet","localizedName":"Pasienten må behandles i hjemmet","rmType":"DV_CODED_TEXT","nodeId":"at0010","min":"0","max":"1","localizedNames":{"nb":"Pasienten må behandles i hjemmet"},"localizedDescriptions":{"nb":"*"},"aqlPath":"/content[openEHR-EHR-EVALUATION.henvisning_til_fysioterapi.v1]/data[at0001]/items[at0005]/items[at0010]/value","inputs":[{"suffix":"code","type":"CODED_TEXT","list":[{"value":"at0011","label":"Ja","localizedLabels":{"nb":"Ja"},"localizedDescriptions":{"nb":"*"}},{"value":"at0012","label":"Nei","localizedLabels":{"nb":"Nei"},"localizedDescriptions":{"nb":"*"}}]}],"formId":"henvisning_til_fysio/henvisning_til_fysioterapi/a3_henvisning_til/pasienten_må_behandles_i_hjemmet","viewConfig":{"advanced":{"hidden":false,"readonly":false},"size":{"field":"inherit","label":"inherit","fill":"inherit"},"layout":{"label":{"valign":"inherit","align":"inherit"},"field":{"valign":"inherit","align":"inherit"}},"tags":["showasradios"],"datasource":{"loadRemote":false,"loadRemoteUrl":"","terminology":""},"field":{"code":{"presentation":"combobox","columns":"4"}}}}]}],"viewConfig":{"size":{"field":"inherit","label":"inherit","fill":"inherit"},"layout":{"label":{"valign":"inherit","align":"inherit"},"field":{"valign":"inherit","align":"inherit"}},"annotations":{"headerSize":"H2"}}},{"name":"Henv fysio pasientopplysninger","localizedName":"Henv fysio pasientopplysninger","rmType":"ADMIN_ENTRY","nodeId":"openEHR-EHR-ADMIN_ENTRY.henv_fysio_pasientopplysninger.v1","min":"0","max":"1","localizedNames":{"nb":"Henv fysio pasientopplysninger"},"localizedDescriptions":{"nb":"unknown"},"aqlPath":"/content[openEHR-EHR-ADMIN_ENTRY.henv_fysio_pasientopplysninger.v1]","formId":"henvisning_til_fysio/henv_fysio_pasientopplysninger","children":[{"name":"Pasient fornavn","localizedName":"Pasient fornavn","rmType":"DV_TEXT","nodeId":"at0002","min":0,"max":1,"localizedNames":{"nb":"Pasient fornavn"},"localizedDescriptions":{"nb":"*"},"aqlPath":"/content[openEHR-EHR-ADMIN_ENTRY.henv_fysio_pasientopplysninger.v1]/data[at0001]/items[at0002]/value","inputs":[{"type":"TEXT"}],"formId":"henvisning_til_fysio/henv_fysio_pasientopplysninger/pasient_fornavn","viewConfig":{"annotations":{"templatevariable":"[Pas.Fornavn]"}}},{"name":"Pasient etternavn","localizedName":"Pasient etternavn","rmType":"DV_TEXT","nodeId":"at0003","min":0,"max":1,"localizedNames":{"nb":"Pasient etternavn"},"localizedDescriptions":{"nb":"*"},"aqlPath":"/content[openEHR-EHR-ADMIN_ENTRY.henv_fysio_pasientopplysninger.v1]/data[at0001]/items[at0003]/value","inputs":[{"type":"TEXT"}],"formId":"henvisning_til_fysio/henv_fysio_pasientopplysninger/pasient_etternavn","viewConfig":{"annotations":{"templatevariable":"[Pas.Etternavn]"}}},{"name":"Pasient fødselsnr","localizedName":"Pasient fødselsnr","rmType":"DV_TEXT","nodeId":"at0005","min":0,"max":1,"localizedNames":{"nb":"Pasient fødselsnr"},"localizedDescriptions":{"nb":"*"},"aqlPath":"/content[openEHR-EHR-ADMIN_ENTRY.henv_fysio_pasientopplysninger.v1]/data[at0001]/items[at0005]/value","inputs":[{"type":"TEXT"}],"formId":"henvisning_til_fysio/henv_fysio_pasientopplysninger/pasient_fødselsnr","viewConfig":{"annotations":{"templatevariable":"[Pas.Fodselsnr]"}}},{"name":"Pasient adresse","localizedName":"Pasient adresse","rmType":"DV_TEXT","nodeId":"at0004","min":0,"max":1,"localizedNames":{"nb":"Pasient adresse"},"localizedDescriptions":{"nb":"*"},"aqlPath":"/content[openEHR-EHR-ADMIN_ENTRY.henv_fysio_pasientopplysninger.v1]/data[at0001]/items[at0004]/value","inputs":[{"type":"TEXT"}],"formId":"henvisning_til_fysio/henv_fysio_pasientopplysninger/pasient_adresse","viewConfig":{"annotations":{"templatevariable":"[Pas.Adressepoststed]"}}},{"name":"Pasient kommunenavn","localizedName":"Pasient kommunenavn","rmType":"DV_TEXT","nodeId":"at0006","min":0,"max":1,"localizedNames":{"nb":"Pasient kommunenavn"},"localizedDescriptions":{"nb":"*"},"aqlPath":"/content[openEHR-EHR-ADMIN_ENTRY.henv_fysio_pasientopplysninger.v1]/data[at0001]/items[at0006]/value","inputs":[{"type":"TEXT"}],"formId":"henvisning_til_fysio/henv_fysio_pasientopplysninger/pasient_kommunenavn","viewConfig":{"annotations":{"templatevariable":"[Pas.Kommunenavn]"}}}],"viewConfig":{"advanced":{"hidden":false,"readonly":false,"render":false},"size":{"field":"inherit","label":"inherit","fill":"inherit"},"layout":{"label":{"valign":"inherit","align":"inherit"},"field":{"valign":"inherit","align":"inherit"}},"tags":[]}},{"name":"Henv fysio behandleropplysninger","localizedName":"Henv fysio behandleropplysninger","rmType":"ADMIN_ENTRY","nodeId":"openEHR-EHR-ADMIN_ENTRY.henv_fysio_behandleropplysninger.v1","min":"0","max":"1","localizedNames":{"nb":"Henv fysio behandleropplysninger"},"localizedDescriptions":{"nb":"unknown"},"aqlPath":"/content[openEHR-EHR-ADMIN_ENTRY.henv_fysio_behandleropplysninger.v1]","formId":"henvisning_til_fysio/henv_fysio_behandleropplysninger","children":[{"name":"Henvisende behandler","localizedName":"Henvisende behandler","rmType":"DV_TEXT","nodeId":"at0002","min":0,"max":1,"localizedNames":{"nb":"Henvisende behandler"},"localizedDescriptions":{"nb":"*"},"aqlPath":"/content[openEHR-EHR-ADMIN_ENTRY.henv_fysio_behandleropplysninger.v1]/data[at0001]/items[at0002]/value","inputs":[{"type":"TEXT"}],"formId":"henvisning_til_fysio/henv_fysio_behandleropplysninger/henvisende_behandler","viewConfig":{"annotations":{"templatevariable":"[Bru.Navn]"}}},{"name":"Dato","localizedName":"Dato","rmType":"DV_DATE","nodeId":"at0004","min":0,"max":1,"localizedNames":{"nb":"Dato"},"localizedDescriptions":{"nb":"*"},"aqlPath":"/content[openEHR-EHR-ADMIN_ENTRY.henv_fysio_behandleropplysninger.v1]/data[at0001]/items[at0004]/value","inputs":[{"type":"DATE"}],"formId":"henvisning_til_fysio/henv_fysio_behandleropplysninger/dato","viewConfig":{"annotations":{"Calc":"TODAY()"}}}],"viewConfig":{"advanced":{"hidden":false,"readonly":false,"render":false},"size":{"field":"inherit","label":"inherit","fill":"inherit"},"layout":{"label":{"valign":"inherit","align":"inherit"},"field":{"valign":"inherit","align":"inherit"}},"tags":[]}}]}