[{"field":"klinisk_kontakt/risiko_for_trykksår_pasientsikkerhetsprogrammet/uspesifisert_hendelse/trykksår","conditions":[{"operator":"equals","value":{"code":"at0008"},"actions":[{"action":"set","target":"generic-field-26238","value":{"value":"1"}}]},{"operator":"notequals","value":{"code":"at0008"},"actions":[{"action":"set","target":"generic-field-26238","value":{"value":"0"}}]}]},{"field":"klinisk_kontakt/risiko_for_trykksår_pasientsikkerhetsprogrammet/uspesifisert_hendelse/stillingsendring","conditions":[{"operator":"equals","value":{"code":"at0010"},"actions":[{"action":"set","target":"generic-field-69768","value":{"value":"1"}}]},{"operator":"notequals","value":{"code":"at0010"},"actions":[{"action":"set","target":"generic-field-69768","value":{"value":"0"}}]}]},{"field":"klinisk_kontakt/risiko_for_trykksår_pasientsikkerhetsprogrammet/uspesifisert_hendelse/risiko_for_trykksår","conditions":[{"operator":"equals","value":{"code":"at0012"},"actions":[{"action":"set","target":"generic-field-30030","value":{"value":"1"}}]},{"operator":"notequals","value":{"code":"at0012"},"actions":[{"action":"set","target":"generic-field-30030","value":{"value":"0"}}]}]},{"field":"generic-field-88596","conditions":[{"operator":"equals","value":{"code":"1"},"actions":[{"action":"set","target":"klinisk_kontakt/iverksatt_tiltak_mot_trykksår@Iverksatt tiltak mot trykksår/prosedyrenavn","value":{"value":"Iverksatt tiltak mot trykksår"}},{"action":"set","target":"klinisk_kontakt/iverksatt_tiltak_mot_trykksår@Iverksatt tiltak mot trykksår/beskrivelse","value":{"code":"225996006"}},{"action":"set","target":"klinisk_kontakt/iverksatt_tiltak_mot_trykksår@Iverksatt tiltak mot trykksår/ism_transition/current_state","value":{"code":"532"}},{"action":"set","target":"klinisk_kontakt/iverksatt_tiltak_mot_trykksår@Iverksatt tiltak mot trykksår/ism_transition/careflow_step","value":{"code":"at0043"}}]},{"operator":"equals","value":{"code":"2"},"actions":[{"action":"set","target":"klinisk_kontakt/iverksatt_tiltak_mot_trykksår@Iverksatt tiltak mot trykksår/prosedyrenavn","value":{"value":"Iverksatt tiltak mot trykksår"}},{"action":"set","target":"klinisk_kontakt/iverksatt_tiltak_mot_trykksår@Iverksatt tiltak mot trykksår/beskrivelse","value":{"code":"225996006"}},{"action":"set","target":"klinisk_kontakt/iverksatt_tiltak_mot_trykksår@Iverksatt tiltak mot trykksår/ism_transition/current_state","value":{"code":"526"}},{"action":"set","target":"klinisk_kontakt/iverksatt_tiltak_mot_trykksår@Iverksatt tiltak mot trykksår/ism_transition/careflow_step","value":{"code":"at0004"}}]},{"operator":"empty","actions":[{"action":"clear","target":"klinisk_kontakt/iverksatt_tiltak_mot_trykksår@Iverksatt tiltak mot trykksår/prosedyrenavn"},{"action":"clear","target":"klinisk_kontakt/iverksatt_tiltak_mot_trykksår@Iverksatt tiltak mot trykksår/beskrivelse"},{"action":"clear","target":"klinisk_kontakt/iverksatt_tiltak_mot_trykksår@Iverksatt tiltak mot trykksår/ism_transition/current_state"},{"action":"clear","target":"klinisk_kontakt/iverksatt_tiltak_mot_trykksår@Iverksatt tiltak mot trykksår/ism_transition/careflow_step"}]}]},{"field":"generic-field-47552","conditions":[{"operator":"notequals","value":{"value":"0"},"actions":[{"action":"show","target":"generic-field-88596"},{"action":"setOccurrences","target":"generic-field-88596","value":{"value":"1..1"}}]},{"operator":"equals","value":{"value":"0"},"actions":[{"action":"clear","target":"generic-field-88596"},{"action":"setOccurrences","target":"generic-field-88596","value":{"value":"0..1"}},{"action":"reset","target":"generic-field-88596"},{"action":"hide","target":"generic-field-88596"}]}]},{"field":"klinisk_kontakt/iverksatt_tiltak_mot_trykksår@Iverksatt tiltak mot trykksår/ism_transition/careflow_step","conditions":[{"operator":"equals","value":{"code":"at0004"},"actions":[{"action":"set","target":"generic-field-88596","value":{"code":"2"}}]},{"operator":"equals","value":{"code":"at0043"},"actions":[{"action":"set","target":"generic-field-88596","value":{"code":"1"}}]}]}]