[{"col":1,"row":1,"width":11,"height":120,"children":[{"id":"klinisk_kontakt","rows":[{"cols":[{"width":"100%","children":[{"id":"klinisk_kontakt/start_time","rows":[]}]}]}]},{"id":"klinisk_kontakt/vitale_tegn@vitale tegn","rows":[{"cols":[{"width":"100%","children":[{"id":"klinisk_kontakt/vitale_tegn@vitale tegn/blodtrykk","rows":[{"cols":[{"width":"100%","children":[{"id":"klinisk_kontakt/vitale_tegn@vitale tegn/blodtrykk/historikk/origin","rows":[]},{"id":"klinisk_kontakt/vitale_tegn@vitale tegn/blodtrykk/uspesifisert_hendelse/systolisk","rows":[]},{"id":"klinisk_kontakt/vitale_tegn@vitale tegn/blodtrykk/uspesifisert_hendelse/time","rows":[]}]}]}]},{"id":"klinisk_kontakt/vitale_tegn@vitale tegn/kroppstemperatur","rows":[{"cols":[{"width":"100%","children":[{"id":"klinisk_kontakt/vitale_tegn@vitale tegn/kroppstemperatur/*history(en)/origin","rows":[]},{"id":"klinisk_kontakt/vitale_tegn@vitale tegn/kroppstemperatur/uspesifisert_hendelse/temperatur","rows":[]},{"id":"klinisk_kontakt/vitale_tegn@vitale tegn/kroppstemperatur/uspesifisert_hendelse/time","rows":[]}]}]}]},{"id":"klinisk_kontakt/vitale_tegn@vitale tegn/åndedrett","rows":[{"cols":[{"width":"100%","children":[{"id":"klinisk_kontakt/vitale_tegn@vitale tegn/åndedrett/*history(en)/origin","rows":[]},{"id":"klinisk_kontakt/vitale_tegn@vitale tegn/åndedrett/uspesifisert_hendelse/frekvens","rows":[]},{"id":"klinisk_kontakt/vitale_tegn@vitale tegn/åndedrett/uspesifisert_hendelse/time","rows":[]}]}]}]},{"id":"klinisk_kontakt/vitale_tegn@vitale tegn/pulsoksymetri","rows":[{"cols":[{"width":"100%","children":[{"id":"klinisk_kontakt/vitale_tegn@vitale tegn/pulsoksymetri/*event_series(en)/origin","rows":[]},{"id":"klinisk_kontakt/vitale_tegn@vitale tegn/pulsoksymetri/uspesifisert_hendelse/spo₂","rows":[]},{"id":"klinisk_kontakt/vitale_tegn@vitale tegn/pulsoksymetri/uspesifisert_hendelse/innåndet_oksygen/på_romluft","rows":[]},{"id":"klinisk_kontakt/vitale_tegn@vitale tegn/pulsoksymetri/uspesifisert_hendelse/time","rows":[]}]}]}]},{"id":"klinisk_kontakt/vitale_tegn@vitale tegn/puls_hjertefrekvens","rows":[{"cols":[{"width":"100%","children":[{"id":"klinisk_kontakt/vitale_tegn@vitale tegn/puls_hjertefrekvens/history/origin","rows":[]},{"id":"klinisk_kontakt/vitale_tegn@vitale tegn/puls_hjertefrekvens/uspesifisert_hendelse/frekvens@Pulsfrekvens","rows":[]},{"id":"klinisk_kontakt/vitale_tegn@vitale tegn/puls_hjertefrekvens/uspesifisert_hendelse/time","rows":[]}]}]}]},{"id":"klinisk_kontakt/vitale_tegn@vitale tegn/avpu","rows":[{"cols":[{"width":"100%","children":[{"id":"klinisk_kontakt/vitale_tegn@vitale tegn/avpu/event_series/origin","rows":[]},{"id":"klinisk_kontakt/vitale_tegn@vitale tegn/avpu/uspesifikk_hendelse./avpu-observasjon","rows":[]},{"id":"klinisk_kontakt/vitale_tegn@vitale tegn/avpu/uspesifikk_hendelse./time","rows":[]}]}]}]}]}]}]}]},{"col":12,"row":1,"width":11,"height":120,"children":[{"id":"klinisk_kontakt/news","rows":[{"cols":[{"width":"100%","children":[{"id":"klinisk_kontakt/news/event_series/origin","rows":[]},{"id":"klinisk_kontakt/news/tidspunkt/totalskår","rows":[]},{"id":"klinisk_kontakt/news/tidspunkt","rows":[{"cols":[{"width":"100%","children":[{"id":"klinisk_kontakt/news/tidspunkt/respirasjonsfrekvens","rows":[]},{"id":"klinisk_kontakt/news/tidspunkt/oksygenmetning","rows":[]},{"id":"klinisk_kontakt/news/tidspunkt/tilførsel_av_oksygen","rows":[]},{"id":"klinisk_kontakt/news/tidspunkt/kroppstemperatur","rows":[]},{"id":"klinisk_kontakt/news/tidspunkt/systolisk_blodtrykk","rows":[]},{"id":"klinisk_kontakt/news/tidspunkt/hjertefrekvens_puls","rows":[]},{"id":"klinisk_kontakt/news/tidspunkt/bevissthetsgrad","rows":[]},{"id":"klinisk_kontakt/news/tidspunkt/time","rows":[]}]}]}]}]}]}]},{"id":"generic-field-12804","rows":[{"cols":[{"width":"100%","children":[{"id":"generic-field-38565","rows":[]}]}]}]},{"id":"generic-field-04759","rows":[{"cols":[{"width":"100%","children":[{"id":"generic-field-79375","rows":[]}]}]}]},{"id":"generic-field-90410","rows":[{"cols":[{"width":"100%","children":[{"id":"generic-field-95231","rows":[]}]}]}]},{"id":"generic-field-39657","rows":[{"cols":[{"width":"100%","children":[{"id":"generic-field-10134","rows":[]}]}]}]}]}]