[{"field":"prosedyrerapport/andre_anestesitype@Andre anestesitype/prosedyrenavn","conditions":[{"operator":"empty","actions":[{"action":"clear","target":"prosedyrerapport/andre_anestesitype@Andre anestesitype/ism_transition/transition"},{"action":"clear","target":"prosedyrerapport/andre_anestesitype@Andre anestesitype/ism_transition/current_state"},{"action":"clear","target":"prosedyrerapport/andre_anestesitype@Andre anestesitype/ism_transition/careflow_step"},{"action":"clear","target":"prosedyrerapport/andre_anestesitype@Andre anestesitype/prosedyretype"},{"action":"clear","target":"prosedyrerapport/andre_anestesitype@Andre anestesitype/prosedyredetaljer/prosedyrenavn"},{"action":"clear","target":"prosedyrerapport/andre_anestesitype@Andre anestesitype/prosedyredetaljer/legens_beskrivelse@Legens beskrivelse"},{"action":"hide","target":"prosedyrerapport/andre_anestesitype@Andre anestesitype/prosedyredetaljer"},{"action":"clear","target":"prosedyrerapport/andre_anestesitype@Andre anestesitype/prosedyredetaljer"}]},{"operator":"notempty","actions":[{"action":"set","target":"prosedyrerapport/andre_anestesitype@Andre anestesitype/ism_transition/current_state","value":{"code":"532"}},{"action":"set","target":"prosedyrerapport/andre_anestesitype@Andre anestesitype/ism_transition/careflow_step","value":{"code":"at0043"}},{"action":"set","target":"prosedyrerapport/andre_anestesitype@Andre anestesitype/prosedyretype","value":{"code":"399248000"}},{"action":"show","target":"prosedyrerapport/andre_anestesitype@Andre anestesitype/prosedyredetaljer"}]}]},{"field":"prosedyrerapport/tredje_anestesitype@Tredje anestesitype/prosedyrenavn","conditions":[{"operator":"empty","actions":[{"action":"clear","target":"prosedyrerapport/tredje_anestesitype@Tredje anestesitype/ism_transition/transition"},{"action":"clear","target":"prosedyrerapport/tredje_anestesitype@Tredje anestesitype/ism_transition/current_state"},{"action":"clear","target":"prosedyrerapport/tredje_anestesitype@Tredje anestesitype/ism_transition/careflow_step"},{"action":"clear","target":"prosedyrerapport/tredje_anestesitype@Tredje anestesitype/prosedyretype"},{"action":"clear","target":"prosedyrerapport/tredje_anestesitype@Tredje anestesitype/prosedyredetaljer/prosedyrenavn"},{"action":"clear","target":"prosedyrerapport/tredje_anestesitype@Tredje anestesitype/prosedyredetaljer/legens_beskrivelse@Legens beskrivelse"},{"action":"hide","target":"prosedyrerapport/tredje_anestesitype@Tredje anestesitype/prosedyredetaljer"},{"action":"clear","target":"prosedyrerapport/tredje_anestesitype@Tredje anestesitype/prosedyredetaljer"}]},{"operator":"notempty","actions":[{"action":"set","target":"prosedyrerapport/tredje_anestesitype@Tredje anestesitype/ism_transition/current_state","value":{"code":"532"}},{"action":"set","target":"prosedyrerapport/tredje_anestesitype@Tredje anestesitype/ism_transition/careflow_step","value":{"code":"at0043"}},{"action":"set","target":"prosedyrerapport/tredje_anestesitype@Tredje anestesitype/prosedyretype","value":{"code":"399248000"}},{"action":"show","target":"prosedyrerapport/tredje_anestesitype@Tredje anestesitype/prosedyredetaljer"}]}]},{"field":"prosedyrerapport/fjerde_anestesitype@Fjerde anestesitype/prosedyrenavn","conditions":[{"operator":"empty","actions":[{"action":"clear","target":"prosedyrerapport/fjerde_anestesitype@Fjerde anestesitype/ism_transition/transition"},{"action":"clear","target":"prosedyrerapport/fjerde_anestesitype@Fjerde anestesitype/ism_transition/current_state"},{"action":"clear","target":"prosedyrerapport/fjerde_anestesitype@Fjerde anestesitype/ism_transition/careflow_step"},{"action":"clear","target":"prosedyrerapport/fjerde_anestesitype@Fjerde anestesitype/prosedyretype"},{"action":"clear","target":"prosedyrerapport/fjerde_anestesitype@Fjerde anestesitype/prosedyredetaljer/prosedyrenavn"},{"action":"clear","target":"prosedyrerapport/fjerde_anestesitype@Fjerde anestesitype/prosedyredetaljer/legens_beskrivelse@Legens beskrivelse"},{"action":"hide","target":"prosedyrerapport/fjerde_anestesitype@Fjerde anestesitype/prosedyredetaljer"},{"action":"clear","target":"prosedyrerapport/fjerde_anestesitype@Fjerde anestesitype/prosedyredetaljer"}]},{"operator":"notempty","actions":[{"action":"set","target":"prosedyrerapport/fjerde_anestesitype@Fjerde anestesitype/ism_transition/current_state","value":{"code":"532"}},{"action":"set","target":"prosedyrerapport/fjerde_anestesitype@Fjerde anestesitype/ism_transition/careflow_step","value":{"code":"at0043"}},{"action":"set","target":"prosedyrerapport/fjerde_anestesitype@Fjerde anestesitype/prosedyretype","value":{"code":"399248000"}},{"action":"show","target":"prosedyrerapport/fjerde_anestesitype@Fjerde anestesitype/prosedyredetaljer"}]}]},{"field":"prosedyrerapport/femte_anestesitype@Femte anestesitype/prosedyrenavn","conditions":[{"operator":"empty","actions":[{"action":"clear","target":"prosedyrerapport/femte_anestesitype@Femte anestesitype/ism_transition/transition"},{"action":"clear","target":"prosedyrerapport/femte_anestesitype@Femte anestesitype/ism_transition/current_state"},{"action":"clear","target":"prosedyrerapport/femte_anestesitype@Femte anestesitype/ism_transition/careflow_step"},{"action":"clear","target":"prosedyrerapport/femte_anestesitype@Femte anestesitype/prosedyretype"},{"action":"clear","target":"prosedyrerapport/femte_anestesitype@Femte anestesitype/prosedyredetaljer/prosedyrenavn"},{"action":"clear","target":"prosedyrerapport/femte_anestesitype@Femte anestesitype/prosedyredetaljer/legens_beskrivelse@Legens beskrivelse"},{"action":"hide","target":"prosedyrerapport/femte_anestesitype@Femte anestesitype/prosedyredetaljer"},{"action":"clear","target":"prosedyrerapport/femte_anestesitype@Femte anestesitype/prosedyredetaljer"}]},{"operator":"notempty","actions":[{"action":"set","target":"prosedyrerapport/femte_anestesitype@Femte anestesitype/ism_transition/current_state","value":{"code":"532"}},{"action":"set","target":"prosedyrerapport/femte_anestesitype@Femte anestesitype/ism_transition/careflow_step","value":{"code":"at0043"}},{"action":"set","target":"prosedyrerapport/femte_anestesitype@Femte anestesitype/prosedyretype","value":{"code":"399248000"}},{"action":"show","target":"prosedyrerapport/femte_anestesitype@Femte anestesitype/prosedyredetaljer"}]}]},{"field":"prosedyrerapport/hovedprosedyre@Hovedprosedyre/prosedyrenavn","conditions":[{"operator":"notequals","value":{"value":"L Annen ledning","code":"L"},"actions":[{"action":"hide","target":"prosedyrerapport/hovedprosedyre@Hovedprosedyre/prosedyredetaljer"},{"action":"clear","target":"prosedyrerapport/hovedprosedyre@Hovedprosedyre/prosedyredetaljer"}]},{"operator":"equals","value":{"value":"L Annen ledning","code":"L"},"actions":[{"action":"show","target":"prosedyrerapport/hovedprosedyre@Hovedprosedyre/prosedyredetaljer"}]}]},{"field":"prosedyrerapport/andre_anestesitype@Andre anestesitype/prosedyrenavn","conditions":[{"operator":"notequals","value":{"value":"L Annen ledning","code":"L"},"actions":[{"action":"hide","target":"prosedyrerapport/andre_anestesitype@Andre anestesitype/prosedyredetaljer"},{"action":"clear","target":"prosedyrerapport/andre_anestesitype@Andre anestesitype/prosedyredetaljer"}]},{"operator":"equals","value":{"value":"L Annen ledning","code":"L"},"actions":[{"action":"show","target":"prosedyrerapport/andre_anestesitype@Andre anestesitype/prosedyredetaljer"}]}]},{"field":"prosedyrerapport/tredje_anestesitype@Tredje anestesitype/prosedyrenavn","conditions":[{"operator":"notequals","value":{"value":"L Annen ledning","code":"L"},"actions":[{"action":"hide","target":"prosedyrerapport/tredje_anestesitype@Tredje anestesitype/prosedyredetaljer"},{"action":"clear","target":"prosedyrerapport/tredje_anestesitype@Tredje anestesitype/prosedyredetaljer"}]},{"operator":"equals","value":{"value":"L Annen ledning","code":"L"},"actions":[{"action":"show","target":"prosedyrerapport/tredje_anestesitype@Tredje anestesitype/prosedyredetaljer"}]}]},{"field":"prosedyrerapport/fjerde_anestesitype@Fjerde anestesitype/prosedyrenavn","conditions":[{"operator":"notequals","value":{"value":"L Annen ledning","code":"L"},"actions":[{"action":"hide","target":"prosedyrerapport/fjerde_anestesitype@Fjerde anestesitype/prosedyredetaljer"},{"action":"clear","target":"prosedyrerapport/fjerde_anestesitype@Fjerde anestesitype/prosedyredetaljer"}]},{"operator":"equals","value":{"value":"L Annen ledning","code":"L"},"actions":[{"action":"show","target":"prosedyrerapport/fjerde_anestesitype@Fjerde anestesitype/prosedyredetaljer"}]}]},{"field":"prosedyrerapport/femte_anestesitype@Femte anestesitype/prosedyrenavn","conditions":[{"operator":"notequals","value":{"value":"L Annen ledning","code":"L"},"actions":[{"action":"hide","target":"prosedyrerapport/femte_anestesitype@Femte anestesitype/prosedyredetaljer"},{"action":"clear","target":"prosedyrerapport/femte_anestesitype@Femte anestesitype/prosedyredetaljer"}]},{"operator":"equals","value":{"value":"L Annen ledning","code":"L"},"actions":[{"action":"show","target":"prosedyrerapport/femte_anestesitype@Femte anestesitype/prosedyredetaljer"}]}]}]