{"formId":"form_root","name":"Form root","rmType":"FORM_DEFINITION","viewConfig":{"label":{"custom":false,"value":"","useLocalizations":false,"localizationsList":{}},"size":{"field":"inherit","label":"inherit","fill":"inherit"},"layout":{"valign":"inherit","align":"inherit"},"tags":[],"annotations":{"#VO":"openEHR-EHR-OBSERVATION.videre_oppfolging.v0?scope=episodeofcare"}},"language":"","templateLanguages":["nb"],"children":[{"localizedName":"Fieldset","localizedNames":{"nb":"Fieldset"},"min":0,"max":-1,"name":"Fieldset","rmType":"GENERIC_FIELDSET","fid":"generic-field-98432","formId":"generic-field-98432","children":[{"name":"Videre oppfølging","localizedName":"Videre oppfølging","rmType":"DV_CODED_TEXT","nodeId":"at0004","min":0,"max":1,"localizedNames":{"nb":"Videre oppfølging"},"localizedDescriptions":{"nb":"*"},"aqlPath":"/content[openEHR-EHR-OBSERVATION.videre_oppfolging.v0]/data[at0001]/events[at0002]/data[at0003]/items[at0004]/value","inputs":[{"suffix":"code","type":"CODED_TEXT","list":[{"value":"at0006","label":"Uavklart","localizedLabels":{"nb":"Uavklart"},"localizedDescriptions":{"nb":"Uavklart om videre oppfølging"}},{"value":"at0007","label":"Nei","localizedLabels":{"nb":"Nei"},"localizedDescriptions":{"nb":"Ingen oppfølging"}},{"value":"at0008","label":"Poliklinisk time","localizedLabels":{"nb":"Poliklinisk time"},"localizedDescriptions":{"nb":"Skal til poliklinisk time"}}]}],"fid":"videre_oppfølging/videre_oppfølging/videre_oppfølging","defaultValue":{"code":""},"formId":"videre_oppfølging/videre_oppfølging/videre_oppfølging","viewConfig":{"label":{"custom":true,"value":"Angi oppfølging","useLocalizations":false,"localizationsList":{}},"advanced":{"hidden":false,"readonly":false},"multiplicity":{"min":"0","max":"1"},"size":{"field":"inherit","label":"inherit","fill":"inherit"},"layout":{"label":{"valign":"inherit","align":"inherit"},"field":{"valign":"inherit","align":"inherit"}},"tags":[],"datasource":{"loadRemote":false,"loadRemoteUrl":"","terminology":""},"field":{"code":{"presentation":"combobox","columns":"4"}},"annotations":{"select":"{#VO:/data[at0001]/events[at0002]/data[at0003]/items[at0004]/value}"}}}],"viewConfig":{"label":{"custom":true,"value":"Videre oppfølging","useLocalizations":false,"localizationsList":{}},"advanced":{"hidden":false,"readonly":false,"render":false},"multiplicity":{"min":"0","max":"1"},"size":{"field":"inherit","label":"inherit","fill":"inherit"},"layout":{"label":{"valign":"inherit","align":"top"},"field":{"valign":"inherit","align":"inherit"}},"tags":[],"field":{}}}]}