{"name":"Form root","localizedNames":{},"localizedDescriptions":{},"rmType":"FORM_DEFINITION","min":0,"max":0,"formId":"form_root","viewConfig":{"label":{"custom":false,"useLocalizations":false},"size":{"field":"inherit","label":"inherit"},"layout":{"label":{"valign":"inherit","align":"inherit"},"field":{"valign":"inherit","align":"inherit"}},"annotations":{"#preopeval":"SELECT c/uid/value as cid, a FROM \r\nCOMPOSITION c \r\nCONTAINS ACTION a[openEHR-EHR-ACTION.procedure.v1]\r\nWHERE a/description/items[at0067]/value/defining_code/code_string = '387713003'\r\nORDER BY a/time/value DESC FETCH 1?scope=folder","#diagnose":"select c2 from composition c[openEHR-EHR-COMPOSITION.encounter.v1] contains CLUSTER c2[openEHR-EHR-CLUSTER.problem_diagnosis_dips.v1]\r\nlimit 1?scope=folder","#operasjonsside":"select c2 from composition c[openEHR-EHR-COMPOSITION.encounter.v1] contains CLUSTER c2[openEHR-EHR-CLUSTER.surgery_details_dips.v1] limit 1?scope=folder"}},"children":[{"name":"Problem/diagnose","localizedName":"Problem/diagnose","localizedNames":{"en":"*Problem/diagnose (nb)","nb":"Problem/diagnose"},"localizedDescriptions":{"nb":"Detaljer om én identifisert helsetilstand, skade, funksjonshemming eller annet forhold som påvirker et individs fysiske, mentale og/eller sosiale velvære.\n","en":"*Detaljer om én identifisert helsetilstand, skade, funksjonshemming eller annet forhold som påvirker et individs fysiske, mentale og/eller sosiale velvære.\n (nb)"},"rmType":"EVALUATION","nodeId":"openEHR-EHR-EVALUATION.problem_diagnosis.v1","min":1,"max":1,"aqlPath":"/content[openEHR-EHR-EVALUATION.problem_diagnosis.v1]","inputs":[],"formId":"prosedyrerapport/problem_diagnose","viewConfig":{"multiplicity":{"min":1,"max":1},"advanced":{"hidden":false,"readonly":false,"hideFrame":false,"render":false},"label":{"custom":false,"useLocalizations":false},"size":{"field":"inherit","label":"-1"},"layout":{"label":{"valign":"inherit","align":"top"},"field":{"valign":"inherit","align":"inherit"}},"annotations":{},"field":{},"tags":["HideLabel"]},"children":[{"name":"Problem/diagnosenavn","localizedName":"Diagnose","localizedNames":{"en":"Diagnose (en)","nb":"Diagnose"},"localizedDescriptions":{"nb":"Identifisering av problemet eller diagnosen ved hjelp av navn.","en":"*Identifisering av problemet eller diagnosen ved hjelp av navn. (nb)"},"rmType":"DV_CODED_TEXT","nodeId":"at0002","min":1,"max":1,"aqlPath":"/content[openEHR-EHR-EVALUATION.problem_diagnosis.v1]/data[at0001]/items[at0002]/value","inputs":[{"suffix":"code","type":"TEXT","terminology":"ICD10?subset=ICD10&language=en-GB","listOpen":false},{"suffix":"value","type":"TEXT","terminology":"ICD10?subset=ICD10&language=en-GB","listOpen":false}],"formId":"prosedyrerapport/problem_diagnose/problem_diagnosenavn","viewConfig":{"multiplicity":{"min":1,"max":1},"advanced":{"hidden":false,"readonly":false,"hideFrame":false,"render":false},"label":{"custom":false,"useLocalizations":false},"size":{"field":"inherit","label":"inherit"},"layout":{"label":{"valign":"inherit","align":"inherit"},"field":{"valign":"inherit","align":"inherit"}},"datasource":{"loadRemote":true,"loadRemoteUrl":"ICD10?subset=ICD10&language=en-GB"},"annotations":{"select":"{#diagnose:/items[at0001]/value}"},"field":{}}}]},{"name":"Spacer","localizedName":"","localizedNames":{"nb":""},"localizedDescriptions":{},"rmType":"GENERIC_SPACER","min":0,"max":1,"inputs":[],"formId":"generic-field-95003","viewConfig":{"annotations":{},"field":{"height":25,"input":{"height":25}}}},{"name":"Prosedyre","localizedName":"Prosedyre","localizedNames":{"en":"*Prosedyre (nb)","nb":"Prosedyre"},"localizedDescriptions":{"nb":"En klinisk aktivitet som er utført i undersøkende, diagnostisk, kurativ, terapeutisk, evaluerende, prognostisk eller palliativ hensikt.","en":"*En klinisk aktivitet som er utført i undersøkende, diagnostisk, kurativ, terapeutisk, evaluerende, prognostisk eller palliativ hensikt. (nb)"},"rmType":"ACTION","nodeId":"openEHR-EHR-ACTION.procedure.v1","min":1,"max":1,"aqlPath":"/content[openEHR-EHR-ACTION.procedure.v1]","inputs":[],"formId":"procedure_report/prosedyre","viewConfig":{"multiplicity":{"min":1,"max":1},"advanced":{"hidden":false,"readonly":false,"hideFrame":false,"render":false},"label":{"custom":false,"useLocalizations":false},"size":{"field":"inherit","label":"-1"},"layout":{"label":{"valign":"inherit","align":"inherit"},"field":{"valign":"inherit","align":"inherit"}},"annotations":{},"field":{},"tags":["HideLabel"]},"children":[{"name":"ism_transition","localizedName":"ism_transition","localizedNames":{"en":"*ism_transition (en)","nb":"ism_transition"},"localizedDescriptions":{"nb":"Prosedyren er planlagt.","en":"*Prosedyren er planlagt. (nb)"},"rmType":"ISM_TRANSITION","min":1,"max":1,"aqlPath":"/content[openEHR-EHR-ACTION.procedure.v1]/ism_transition","inputs":[],"formId":"procedure_report/prosedyre/ism_transition","viewConfig":{"multiplicity":{"min":1,"max":1},"advanced":{"hidden":true,"readonly":false,"hideFrame":false,"render":false},"label":{"custom":false,"useLocalizations":false},"size":{"field":"inherit","label":"inherit"},"layout":{"label":{"valign":"inherit","align":"inherit"},"field":{"valign":"inherit","align":"inherit"}},"annotations":{}},"children":[{"name":"Transition","localizedName":"Transition","localizedNames":{"en":"*Transition (en)","nb":"Transition"},"localizedDescriptions":{},"rmType":"DV_CODED_TEXT","min":0,"max":1,"aqlPath":"/content[openEHR-EHR-ACTION.procedure.v1]/ism_transition/transition","inputs":[{"suffix":"code","type":"TEXT","listOpen":false},{"suffix":"value","type":"TEXT","listOpen":false}],"formId":"procedure_report/prosedyre/ism_transition/transition","viewConfig":{"multiplicity":{"min":0,"max":1},"advanced":{"hidden":false,"readonly":false,"hideFrame":false,"render":false},"label":{"custom":false,"useLocalizations":false},"size":{"field":"inherit","label":"inherit"},"layout":{"label":{"valign":"inherit","align":"inherit"},"field":{"valign":"inherit","align":"inherit"}},"annotations":{},"field":{}}},{"name":"current_state","localizedName":"current_state","localizedNames":{"en":"*current_state (en)","nb":"current_state"},"localizedDescriptions":{"nb":"Prosedyren er planlagt.","en":"*Prosedyren er planlagt. (nb)"},"rmType":"DV_CODED_TEXT","min":1,"max":1,"aqlPath":"/content[openEHR-EHR-ACTION.procedure.v1]/ism_transition/current_state","inputs":[{"suffix":"code","type":"CODED_TEXT","list":[{"value":"526","label":"Planned","ordinal":0,"localizedLabels":{"en":"Planned","nb":"Planlagt"},"localizedDescriptions":{}},{"value":"524","label":"Initial","ordinal":0,"localizedLabels":{"en":"Initial","nb":"Initiell"},"localizedDescriptions":{}},{"value":"527","label":"Postponed","ordinal":0,"localizedLabels":{"en":"Postponed","nb":"Utsatt"},"localizedDescriptions":{}},{"value":"528","label":"Cancelled","ordinal":0,"localizedLabels":{"en":"Cancelled","nb":"Avbrutt"},"localizedDescriptions":{}},{"value":"529","label":"Scheduled","ordinal":0,"localizedLabels":{"en":"Scheduled","nb":"Planlagt"},"localizedDescriptions":{}},{"value":"245","label":"Active","ordinal":0,"localizedLabels":{"en":"Active","nb":"Aktiv"},"localizedDescriptions":{}},{"value":"530","label":"Suspended","ordinal":0,"localizedLabels":{"en":"Suspended","nb":"Suspendert"},"localizedDescriptions":{}},{"value":"531","label":"Aborted","ordinal":0,"localizedLabels":{"en":"Aborted","nb":"Avbrutt"},"localizedDescriptions":{}},{"value":"532","label":"Completed","ordinal":0,"localizedLabels":{"en":"Completed","nb":"Fullført"},"localizedDescriptions":{}}],"defaultValue":"532","listOpen":false}],"formId":"procedure_report/prosedyre/ism_transition/current_state","viewConfig":{"multiplicity":{"min":1,"max":1},"advanced":{"hidden":false,"readonly":false,"hideFrame":false,"render":false},"label":{"custom":false,"useLocalizations":false},"size":{"field":"inherit","label":"inherit"},"layout":{"label":{"valign":"inherit","align":"inherit"},"field":{"valign":"inherit","align":"inherit"}},"annotations":{},"field":{"code":{"presentation":"combobox","columns":"9"}}}},{"name":"careflow_step","localizedName":"careflow_step","localizedNames":{"en":"*careflow_step (en)","nb":"careflow_step"},"localizedDescriptions":{"nb":"Prosedyren er planlagt.","en":"*Prosedyren er planlagt. (nb)"},"rmType":"DV_CODED_TEXT","min":1,"max":1,"aqlPath":"/content[openEHR-EHR-ACTION.procedure.v1]/ism_transition/careflow_step","inputs":[{"suffix":"code","type":"CODED_TEXT","list":[{"value":"at0004","label":"Prosedyre planlagt","currentStates":["526"],"ordinal":0,"localizedLabels":{"nb":"Prosedyre planlagt","en":"*Prosedyre planlagt (nb)"},"localizedDescriptions":{"nb":"Prosedyren er planlagt.","en":"*Prosedyren er planlagt. (nb)"}},{"value":"at0034","label":"X - Prosedyre planlagt","currentStates":["524"],"ordinal":0,"localizedLabels":{"nb":"X - Prosedyre planlagt","en":"*X - Prosedyre planlagt (nb)"},"localizedDescriptions":{"nb":"Dette prosesstrinnet er satt ut av bruk, siden det ved en feil hadde statusen \"initial\". Bruk det nye prosesstrinnet \"Prosedyre planlagt\" (at0004) som har den korrekte statusen \"planned\".","en":"*Dette prosesstrinnet er satt ut av bruk, siden det ved en feil hadde statusen \"initial\". Bruk det nye prosesstrinnet \"Prosedyre planlagt\" (at0004) som har den korrekte statusen \"planned\". (nb)"}},{"value":"at0007","label":"Prosedyrerekvisisjon sendt","currentStates":["526"],"ordinal":0,"localizedLabels":{"nb":"Prosedyrerekvisisjon sendt","en":"*Prosedyrerekvisisjon sendt (nb)"},"localizedDescriptions":{"nb":"Det er sendt rekvisisjon for prosedyren.","en":"*Det er sendt rekvisisjon for prosedyren. (nb)"}},{"value":"at0035","label":"X - Prosedyrerekvisisjon sendt","currentStates":["524"],"ordinal":0,"localizedLabels":{"nb":"X - Prosedyrerekvisisjon sendt","en":"*X - Prosedyrerekvisisjon sendt (nb)"},"localizedDescriptions":{"nb":"Dette prosesstrinnet er satt ut av bruk, siden det ved en feil hadde statusen \"initial\". Bruk det nye prosesstrinnet \"Prosedyre planlagt\" (at0007) som har den korrekte statusen \"planned\".","en":"*Dette prosesstrinnet er satt ut av bruk, siden det ved en feil hadde statusen \"initial\". Bruk det nye prosesstrinnet \"Prosedyre planlagt\" (at0007) som har den korrekte statusen \"planned\". (nb)"}},{"value":"at0038","label":"Prosedyre utsatt","currentStates":["527"],"ordinal":0,"localizedLabels":{"nb":"Prosedyre utsatt","en":"*Prosedyre utsatt (nb)"},"localizedDescriptions":{"nb":"Prosedyren er utsatt.","en":"*Prosedyren er utsatt. (nb)"}},{"value":"at0039","label":"Prosedyre avlyst","currentStates":["528"],"ordinal":0,"localizedLabels":{"nb":"Prosedyre avlyst","en":"*Prosedyre avlyst (nb)"},"localizedDescriptions":{"nb":"Den planlagte prosedyren har blitt avlyst før den ble igangsatt.","en":"*Den planlagte prosedyren har blitt avlyst før den ble igangsatt. (nb)"}},{"value":"at0036","label":"Fastsatt tidspunkt for prosedyre","currentStates":["529"],"ordinal":0,"localizedLabels":{"nb":"Fastsatt tidspunkt for prosedyre","en":"*Fastsatt tidspunkt for prosedyre (nb)"},"localizedDescriptions":{"nb":"Tidspunkt for prosedyre er fastsatt.","en":"*Tidspunkt for prosedyre er fastsatt. (nb)"}},{"value":"at0068","label":"Prosedyre påbegynt","currentStates":["245"],"ordinal":0,"localizedLabels":{"nb":"Prosedyre påbegynt","en":"*Prosedyre påbegynt (nb)"},"localizedDescriptions":{"nb":"Prosedyren eller en del av en prosedyre som består av flere delprosedyrer er påbegynt.","en":"*Prosedyren eller en del av en prosedyre som består av flere delprosedyrer er påbegynt. (nb)"}},{"value":"at0047","label":"Prosedyre utført","currentStates":["245"],"ordinal":0,"localizedLabels":{"nb":"Prosedyre utført","en":"*Prosedyre utført (nb)"},"localizedDescriptions":{"nb":"Prosedyren eller en del av en prosedyre som består av flere delprosedyrer er utført.","en":"*Prosedyren eller en del av en prosedyre som består av flere delprosedyrer er utført. (nb)"}},{"value":"at0040","label":"Prosedyre midlertidig stanset","currentStates":["530"],"ordinal":0,"localizedLabels":{"nb":"Prosedyre midlertidig stanset","en":"*Prosedyre midlertidig stanset (nb)"},"localizedDescriptions":{"nb":"Prosedyren er suspendert/ midlertidig stanset.","en":"*Prosedyren er suspendert/ midlertidig stanset. (nb)"}},{"value":"at0041","label":"Prosedyre avbrutt","currentStates":["531"],"ordinal":0,"localizedLabels":{"nb":"Prosedyre avbrutt","en":"*Prosedyre avbrutt (nb)"},"localizedDescriptions":{"nb":"Prosedyren har blitt avbrutt.","en":"*Prosedyren har blitt avbrutt. (nb)"}},{"value":"at0043","label":"Prosedyre fullført","currentStates":["532"],"ordinal":0,"localizedLabels":{"nb":"Prosedyre fullført","en":"*Prosedyre fullført (nb)"},"localizedDescriptions":{"nb":"Prosedyren er utført og alle tilknyttede kliniske handlinger er fullførte.","en":"*Prosedyren er utført og alle tilknyttede kliniske handlinger er fullførte. (nb)"}}],"defaultValue":"at0043","listOpen":false}],"formId":"procedure_report/prosedyre/ism_transition/careflow_step","viewConfig":{"multiplicity":{"min":1,"max":1},"advanced":{"hidden":false,"readonly":false,"hideFrame":false,"render":false},"label":{"custom":false,"useLocalizations":false},"size":{"field":"inherit","label":"inherit"},"layout":{"label":{"valign":"inherit","align":"inherit"},"field":{"valign":"inherit","align":"inherit"}},"annotations":{},"field":{"code":{"presentation":"combobox","columns":"12"}}}}]},{"name":"Operasjonstype","localizedName":"Operasjonstype","localizedNames":{"en":"*Operasjonstype (en)","nb":"Operasjonstype"},"localizedDescriptions":{"nb":"Navnet på prosedyren.","en":"*Navnet på prosedyren. (nb)"},"rmType":"DV_CODED_TEXT","nodeId":"at0002","min":1,"max":1,"aqlPath":"/content[openEHR-EHR-ACTION.procedure.v1]/description[at0001]/items[at0002 and name/value='Operasjonstype']/value","inputs":[{"suffix":"code","type":"TEXT","terminology":"ARK-VI-OPERASJONSTYPER?subset=ARK-VI-OPERASJONSTYPER&language=en-GB","listOpen":false},{"suffix":"value","type":"TEXT","terminology":"ARK-VI-OPERASJONSTYPER?subset=ARK-VI-OPERASJONSTYPER&language=en-GB","listOpen":false}],"formId":"procedure_report/prosedyre/operasjonstype@Operasjonstype","viewConfig":{"multiplicity":{"min":1,"max":1},"advanced":{"hidden":false,"readonly":false,"hideFrame":false,"render":false},"label":{"custom":false,"useLocalizations":false},"size":{"field":"inherit","label":"inherit"},"layout":{"label":{"valign":"inherit","align":"top"},"field":{"valign":"inherit","align":"inherit"}},"datasource":{"loadRemote":true,"loadRemoteUrl":"ARK-VI-OPERASJONSTYPER?subset=ARK-VI-OPERASJONSTYPER&language=en-GB"},"annotations":{"select":"{#preopeval:/description[at0001]/items[at0002]/value}"},"field":{}}},{"name":"Fieldset","localizedName":"Fieldset","localizedNames":{"en":"*Fieldset (en)","nb":"Fieldset"},"localizedDescriptions":{},"rmType":"GENERIC_FIELDSET","min":0,"max":1,"inputs":[],"formId":"generic-field-18114","viewConfig":{"multiplicity":{"min":0,"max":1},"advanced":{"hidden":false,"readonly":false,"hideFrame":false,"render":false},"label":{"custom":false,"useLocalizations":false},"size":{"field":"inherit","label":"-1"},"layout":{"label":{"valign":"inherit","align":"inherit"},"field":{"valign":"inherit","align":"inherit"}},"annotations":{},"field":{"formId":null,"name":null},"tags":["HideLabel"]},"children":[{"name":"Operasjonsdetaljer","localizedName":"Operasjonsdetaljer","localizedNames":{"en":"*Operasjonsdetaljer (nb)","nb":"Operasjonsdetaljer"},"localizedDescriptions":{"nb":"Detaljer om en operasjon","en":"*Detaljer om en operasjon (nb)"},"rmType":"CLUSTER","nodeId":"openEHR-EHR-CLUSTER.surgery_details_dips.v1","min":1,"max":1,"aqlPath":"/content[openEHR-EHR-ACTION.procedure.v1]/description[at0001]/items[openEHR-EHR-CLUSTER.surgery_details_dips.v1]","inputs":[],"formId":"procedure_report/prosedyre/operasjonsdetaljer","viewConfig":{"multiplicity":{"min":1,"max":1},"advanced":{"hidden":false,"readonly":false,"hideFrame":false,"render":false},"label":{"custom":false,"useLocalizations":false},"size":{"field":"inherit","label":"-1"},"layout":{"label":{"valign":"inherit","align":"top"},"field":{"valign":"inherit","align":"inherit"}},"annotations":{},"field":{},"tags":["HideLabel"]},"children":[{"name":"Avdekning/incisjon","localizedName":"Avdekning/incisjon","localizedNames":{"en":"*Avdekning/incisjon (nb)","nb":"Avdekning/incisjon"},"localizedDescriptions":{"nb":"Avdekning og incisjon for et kirugisk inngrep.","en":"*Avdekning og incisjon for et kirugisk inngrep. (nb)"},"rmType":"CLUSTER","nodeId":"at0003","min":1,"max":1,"aqlPath":"/content[openEHR-EHR-ACTION.procedure.v1]/description[at0001]/items[openEHR-EHR-CLUSTER.surgery_details_dips.v1]/items[at0003]","inputs":[],"formId":"procedure_report/prosedyre/operasjonsdetaljer/avdekning_incisjon","viewConfig":{"multiplicity":{"min":1,"max":1},"advanced":{"hidden":false,"readonly":false,"hideFrame":false,"render":false},"label":{"custom":false,"useLocalizations":false},"size":{"field":"inherit","label":"-1"},"layout":{"label":{"valign":"inherit","align":"inherit"},"field":{"valign":"inherit","align":"inherit"}},"annotations":{},"field":{},"tags":["HideLabel"]},"children":[{"name":"Side","localizedName":"Side","localizedNames":{"en":"*Side (nb)","nb":"Side"},"localizedDescriptions":{"nb":"Side som skal avdekkes under operasjon.","en":"*Side som skal avdekkes under operasjon. (nb)"},"rmType":"DV_CODED_TEXT","nodeId":"at0005","min":0,"max":1,"aqlPath":"/content[openEHR-EHR-ACTION.procedure.v1]/description[at0001]/items[openEHR-EHR-CLUSTER.surgery_details_dips.v1]/items[at0003]/items[at0005]/value","inputs":[{"suffix":"code","type":"CODED_TEXT","list":[{"value":"7771000","label":"Venstre","ordinal":0,"localizedLabels":{"nb":"Venstre","en":"*Venstre (nb)"},"localizedDescriptions":{}},{"value":"24028007","label":"Høyre","ordinal":0,"localizedLabels":{"nb":"Høyre","en":"*Høyre (nb)"},"localizedDescriptions":{}},{"value":"51440002","label":"Bilateral","ordinal":0,"localizedLabels":{"nb":"Bilateral","en":"*Bilateral (nb)"},"localizedDescriptions":{}}],"listOpen":false}],"formId":"procedure_report/prosedyre/operasjonsdetaljer/avdekning_incisjon/side","viewConfig":{"multiplicity":{"min":0,"max":1},"advanced":{"hidden":false,"readonly":false,"hideFrame":false,"render":false},"label":{"custom":false,"useLocalizations":false},"size":{"field":"inherit","label":"inherit"},"layout":{"label":{"valign":"inherit","align":"inherit"},"field":{"valign":"inherit","align":"inherit"}},"annotations":{"select":"{#operasjonsside:/items[at0003]/items[at0005]/value}"},"field":{"code":{"presentation":"combobox","columns":"3"}}}}]},{"name":"Sårets renhetsgrad","localizedName":"Sårets renhetsgrad","localizedNames":{"en":"*Sårets renhetsgrad (nb)","nb":"Sårets renhetsgrad"},"localizedDescriptions":{"nb":"Beskrivelse av sårets renhetgrad under inngrepet.","en":"*Beskrivelse av sårets renhetgrad under inngrepet. (nb)"},"rmType":"DV_CODED_TEXT","nodeId":"at0009","min":1,"max":1,"aqlPath":"/content[openEHR-EHR-ACTION.procedure.v1]/description[at0001]/items[openEHR-EHR-CLUSTER.surgery_details_dips.v1]/items[at0009]/value","inputs":[{"suffix":"code","type":"CODED_TEXT","list":[{"value":"SR1","label":"Rene sår","ordinal":0,"localizedLabels":{"nb":"Rene sår","en":"*Rene sår (nb)"},"localizedDescriptions":{}},{"value":"SR2","label":"Rene-kontaminerte sår","ordinal":0,"localizedLabels":{"nb":"Rene-kontaminerte sår","en":"*Rene-kontaminerte sår (nb)"},"localizedDescriptions":{}},{"value":"SR3","label":"Kontaminerte sår","ordinal":0,"localizedLabels":{"nb":"Kontaminerte sår","en":"*Kontaminerte sår (nb)"},"localizedDescriptions":{}},{"value":"SR4","label":"Urene og infiserte sår","ordinal":0,"localizedLabels":{"nb":"Urene og infiserte sår","en":"*Urene og infiserte sår (nb)"},"localizedDescriptions":{}}],"listOpen":false}],"formId":"procedure_report/prosedyre/operasjonsdetaljer/sårets_renhetsgrad","viewConfig":{"multiplicity":{"min":1,"max":1},"advanced":{"hidden":false,"readonly":false,"hideFrame":false,"render":false},"label":{"custom":false,"useLocalizations":false},"size":{"field":"inherit","label":"inherit"},"layout":{"label":{"valign":"inherit","align":"inherit"},"field":{"valign":"inherit","align":"inherit"}},"annotations":{},"field":{"code":{"presentation":"combobox","columns":"4"}}}}]},{"name":"Reoperasjonsdetaljer","localizedName":"Reoperasjonsdetaljer","localizedNames":{"en":"*Reoperasjonsdetaljer (nb)","nb":"Reoperasjonsdetaljer"},"localizedDescriptions":{"nb":"Dokumentere detaljer om reoperasjon. ","en":"*Dokumentere detaljer om reoperasjon.  (nb)"},"rmType":"CLUSTER","nodeId":"openEHR-EHR-CLUSTER.reoperation_details.v1","min":1,"max":1,"aqlPath":"/content[openEHR-EHR-ACTION.procedure.v1]/description[at0001]/items[openEHR-EHR-CLUSTER.reoperation_details.v1]","inputs":[],"formId":"procedure_report/prosedyre/reoperasjonsdetaljer","viewConfig":{"multiplicity":{"min":1,"max":1},"advanced":{"hidden":false,"readonly":false,"hideFrame":false,"render":false},"label":{"custom":false,"useLocalizations":false},"size":{"field":"inherit","label":"-1"},"layout":{"label":{"valign":"inherit","align":"top"},"field":{"valign":"inherit","align":"inherit"}},"annotations":{},"field":{},"tags":["HideLabel"]},"children":[{"name":"Årsak til reoperasjon","localizedName":"Årsak til reoperasjon","localizedNames":{"en":"*Årsak til reoperasjon (nb)","nb":"Årsak til reoperasjon"},"localizedDescriptions":{"nb":"Årsaken til hvorfor det ble en reoperasjon.","en":"*Årsaken til hvorfor det ble en reoperasjon. (nb)"},"rmType":"DV_CODED_TEXT","nodeId":"at0001","min":0,"max":1,"aqlPath":"/content[openEHR-EHR-ACTION.procedure.v1]/description[at0001]/items[openEHR-EHR-CLUSTER.reoperation_details.v1]/items[at0001]/value","inputs":[{"suffix":"code","type":"CODED_TEXT","list":[{"value":"AR0","label":"Ny operasjon","ordinal":0,"localizedLabels":{"nb":"Ny operasjon","en":"*Ny operasjon (nb)"},"localizedDescriptions":{}},{"value":"AR1","label":"Reop. pga. Blødning","ordinal":0,"localizedLabels":{"nb":"Reop. pga. Blødning","en":"*Reop. pga. Blødning (nb)"},"localizedDescriptions":{}},{"value":"AR2","label":"Reop. pga. Infeksjon","ordinal":0,"localizedLabels":{"nb":"Reop. pga. Infeksjon","en":"*Reop. pga. Infeksjon (nb)"},"localizedDescriptions":{}},{"value":"AR3","label":"Reop. pga. Mekanisk","ordinal":0,"localizedLabels":{"nb":"Reop. pga. Mekanisk","en":"*Reop. pga. Mekanisk (nb)"},"localizedDescriptions":{}},{"value":"AR4","label":"Reop. annen årsak","ordinal":0,"localizedLabels":{"nb":"Reop. annen årsak","en":"*Reop. annen årsak (nb)"},"localizedDescriptions":{}},{"value":"AR5","label":"Ukjent om det er reoperasjon","ordinal":0,"localizedLabels":{"nb":"Ukjent om det er reoperasjon","en":"*Ukjent om det er reoperasjon (nb)"},"localizedDescriptions":{}}],"listOpen":false}],"formId":"procedure_report/prosedyre/reoperasjonsdetaljer/årsak_til_reoperasjon","viewConfig":{"multiplicity":{"min":0,"max":1},"advanced":{"hidden":false,"readonly":false,"hideFrame":false,"render":false},"label":{"custom":false,"useLocalizations":false},"size":{"field":"inherit","label":"inherit"},"layout":{"label":{"valign":"inherit","align":"inherit"},"field":{"valign":"inherit","align":"inherit"}},"annotations":{},"field":{"code":{"presentation":"combobox","columns":"6"}}}},{"name":"Kommentar","localizedName":"Kommentar annen årsak","localizedNames":{"en":"*Kommentar (nb)","nb":"Kommentar annen årsak"},"localizedDescriptions":{"nb":"Ytterligere dateljer vedrørende reoperasjon.","en":"*Ytterligere dateljer vedrørende reoperasjon. (nb)"},"rmType":"DV_TEXT","nodeId":"at0002","min":0,"max":1,"aqlPath":"/content[openEHR-EHR-ACTION.procedure.v1]/description[at0001]/items[openEHR-EHR-CLUSTER.reoperation_details.v1]/items[at0002]/value","inputs":[{"type":"TEXT","list":[],"listOpen":false}],"formId":"procedure_report/prosedyre/reoperasjonsdetaljer/kommentar","viewConfig":{"multiplicity":{"min":0,"max":1},"advanced":{"hidden":false,"readonly":false,"hideFrame":false,"render":false},"label":{"custom":false,"useLocalizations":false},"size":{"field":"inherit","label":"inherit"},"layout":{"label":{"valign":"inherit","align":"inherit"},"field":{"valign":"inherit","align":"inherit"}},"datasource":{"loadRemote":false,"parameters":{}},"annotations":{},"field":{"lines":null,"input":{}}}}]}]},{"name":"Prosedyredetaljer","localizedName":"Prosedyrekode","localizedNames":{"en":"*Prosedyredetaljer (nb)","nb":"Prosedyrekode"},"localizedDescriptions":{"nb":"Detaljer til prosedyre.","en":"*Detaljer til prosedyre. (nb)"},"rmType":"CLUSTER","nodeId":"openEHR-EHR-CLUSTER.procedure_details_dips.v1","min":0,"max":-1,"aqlPath":"/content[openEHR-EHR-ACTION.procedure.v1]/description[at0001]/items[openEHR-EHR-CLUSTER.procedure_details_dips.v1]","inputs":[],"formId":"procedure_report/prosedyre/prosedyredetaljer","viewConfig":{"multiplicity":{"min":0,"max":-1},"advanced":{"hidden":false,"readonly":false,"hideFrame":false,"render":false},"label":{"custom":false,"useLocalizations":false},"size":{"field":"inherit","label":"-1"},"layout":{"label":{"valign":"inherit","align":"inherit"},"field":{"valign":"inherit","align":"inherit"}},"annotations":{"select":"{#preopeval:/description[at0001]/items[openEHR-EHR-CLUSTER.procedure_details_dips.v1]}"},"field":{},"tags":["HideLabel","ShowAsTable"]},"children":[{"name":"Prosedyrenavn","localizedName":"Prosedyrekode","localizedNames":{"en":"*Prosedyrenavn (nb)","nb":"Prosedyrekode"},"localizedDescriptions":{"nb":"Identifisering av bestilt prosedyre. Kodes ofte med en ekstern terminologi.","en":"*Identifisering av bestilt prosedyre. Kodes ofte med en ekstern terminologi. (nb)"},"rmType":"DV_CODED_TEXT","nodeId":"at0001","min":0,"max":1,"aqlPath":"/content[openEHR-EHR-ACTION.procedure.v1]/description[at0001]/items[openEHR-EHR-CLUSTER.procedure_details_dips.v1]/items[at0001]/value","inputs":[{"suffix":"code","type":"TEXT","terminology":"NCSP?subset=NSCP&language=en-GB","listOpen":false},{"suffix":"value","type":"TEXT","terminology":"NCSP?subset=NSCP&language=en-GB","listOpen":false}],"formId":"procedure_report/prosedyre/prosedyredetaljer/prosedyrenavn","viewConfig":{"multiplicity":{"min":0,"max":1},"advanced":{"hidden":false,"readonly":false,"hideFrame":false,"render":false},"label":{"custom":false,"useLocalizations":false},"size":{"field":"inherit","label":"inherit"},"layout":{"label":{"valign":"inherit","align":"inherit"},"field":{"valign":"inherit","align":"inherit"}},"datasource":{"loadRemote":true,"loadRemoteUrl":"NCSP?subset=NSCP&language=en-GB"},"annotations":{"calcId":"prosedyrekode","description":null},"field":{}}},{"name":"Legens beskrivelse","localizedName":"Legens beskrivelse","localizedNames":{"en":"*Legens beskrivelse (en)","nb":"Legens beskrivelse"},"localizedDescriptions":{"nb":"En detaljert narrativ beskrivelse av bestilt prosedyre.","en":"*En detaljert narrativ beskrivelse av bestilt prosedyre. (nb)"},"rmType":"DV_TEXT","nodeId":"at0004","min":0,"max":1,"aqlPath":"/content[openEHR-EHR-ACTION.procedure.v1]/description[at0001]/items[openEHR-EHR-CLUSTER.procedure_details_dips.v1]/items[at0004 and name/value='Legens beskrivelse']/value","inputs":[{"type":"TEXT","list":[],"listOpen":false}],"formId":"procedure_report/prosedyre/prosedyredetaljer/legens_beskrivelse@Legens beskrivelse","viewConfig":{"multiplicity":{"min":0,"max":1},"advanced":{"hidden":false,"readonly":false,"hideFrame":false,"render":false},"label":{"custom":false,"useLocalizations":false},"size":{"field":"inherit","label":"inherit"},"layout":{"label":{"valign":"inherit","align":"inherit"},"field":{"valign":"inherit","align":"inherit"}},"datasource":{"loadRemote":false,"parameters":{}},"annotations":{},"field":{"lines":null,"input":{}}}},{"name":"Prosedyretype","localizedName":"Prosedyretype","localizedNames":{"en":"*Prosedyretype (nb)","nb":"Prosedyretype"},"localizedDescriptions":{"nb":"Detaljer vedrørende prosedyretype som er bestilt f.eks. kirurgisk, radiologisk etc.","en":"*Detaljer vedrørende prosedyretype som er bestilt f.eks. kirurgisk, radiologisk etc. (nb)"},"rmType":"DV_CODED_TEXT","nodeId":"at0002","min":0,"max":1,"aqlPath":"/content[openEHR-EHR-ACTION.procedure.v1]/description[at0001]/items[openEHR-EHR-CLUSTER.procedure_details_dips.v1]/items[at0002]/value","inputs":[{"suffix":"code","type":"CODED_TEXT","list":[{"value":"399455000","label":"Hovedprosedyre","ordinal":0,"localizedLabels":{"nb":"Hovedprosedyre","en":"*Hovedprosedyre (nb)"},"localizedDescriptions":{}},{"value":"262134003","label":"Sekundærprosedyre","ordinal":0,"localizedLabels":{"nb":"Sekundærprosedyre","en":"*Sekundærprosedyre (nb)"},"localizedDescriptions":{}},{"value":"261554009","label":"Reoperasjon","ordinal":0,"localizedLabels":{"nb":"Reoperasjon","en":"*Reoperasjon (nb)"},"localizedDescriptions":{}}],"listOpen":false}],"formId":"procedure_report/prosedyre/prosedyredetaljer/prosedyretype","viewConfig":{"multiplicity":{"min":0,"max":1},"advanced":{"hidden":false,"readonly":false,"hideFrame":false,"render":false},"label":{"custom":false,"useLocalizations":false},"size":{"field":"inherit","label":"inherit"},"layout":{"label":{"valign":"inherit","align":"inherit"},"field":{"valign":"inherit","align":"inherit"}},"annotations":{"description":""},"field":{"code":{"presentation":"combobox","columns":"3"}}}}]},{"name":"Fieldset","localizedName":"Fieldset","localizedNames":{"en":"*Fieldset (en)","nb":"Fieldset"},"localizedDescriptions":{},"rmType":"GENERIC_FIELDSET","min":0,"max":1,"inputs":[],"formId":"generic-field-76034","viewConfig":{"multiplicity":{"min":0,"max":1},"advanced":{"hidden":false,"readonly":false,"hideFrame":false,"render":false},"label":{"custom":false,"useLocalizations":false},"size":{"field":"inherit","label":"-1"},"layout":{"label":{"valign":"inherit","align":"top"},"field":{"valign":"inherit","align":"inherit"}},"annotations":{},"field":{"formId":null,"name":null},"tags":["HideLabel"]},"children":[{"name":"Start operasjon","localizedName":"Start operasjon","localizedNames":{"en":"*Start operasjon (en)","nb":"Start operasjon"},"localizedDescriptions":{"nb":"Dato/tid når prosedyren er planlagt utført.","en":"*Dato/tid når prosedyren er planlagt utført. (nb)"},"rmType":"DV_DATE_TIME","nodeId":"at0066","min":0,"max":1,"aqlPath":"/content[openEHR-EHR-ACTION.procedure.v1]/description[at0001]/items[at0066 and name/value='Start operasjon']/value","inputs":[{"type":"DATETIME","listOpen":false}],"formId":"procedure_report/prosedyre/start_operasjon@Start operasjon","viewConfig":{"multiplicity":{"min":0,"max":1},"advanced":{"hidden":false,"readonly":true,"hideFrame":false,"render":false},"label":{"custom":false,"useLocalizations":false},"size":{"field":"inherit","label":"inherit"},"layout":{"label":{"valign":"inherit","align":"inherit"},"field":{"valign":"inherit","align":"inherit"}},"annotations":{"calcId":"opstart"},"field":{"input":{"hideTime":false,"dateFormat":"","hideDate":false}}}},{"name":"Slutt operasjon","localizedName":"Slutt operasjon","localizedNames":{"en":"*Slutt operasjon (en)","nb":"Slutt operasjon"},"localizedDescriptions":{"nb":"Datoen og/eller tiden da hele eller den siste av komponentene i en kompleks prosedyre ble avsluttet.","en":"*Datoen og/eller tiden da hele eller den siste av komponentene i en kompleks prosedyre ble avsluttet. (nb)"},"rmType":"DV_DATE_TIME","nodeId":"at0060","min":0,"max":1,"aqlPath":"/content[openEHR-EHR-ACTION.procedure.v1]/description[at0001]/items[at0060 and name/value='Slutt operasjon']/value","inputs":[{"type":"DATETIME","listOpen":false}],"formId":"procedure_report/prosedyre/slutt_operasjon@Slutt operasjon","viewConfig":{"multiplicity":{"min":0,"max":1},"advanced":{"hidden":false,"readonly":true,"hideFrame":false,"render":false},"label":{"custom":false,"useLocalizations":false},"size":{"field":"inherit","label":"inherit"},"layout":{"label":{"valign":"inherit","align":"inherit"},"field":{"valign":"inherit","align":"inherit"}},"annotations":{"calcId":"opend"},"field":{"input":{"hideTime":false,"dateFormat":"","hideDate":false}}}},{"name":"Total varighet","localizedName":"Total varighet","localizedNames":{"en":"*Total varighet (nb)","nb":"Total varighet"},"localizedDescriptions":{"nb":"Den totale tiden som ble brukt til å fullføre prosedyren. Dette kan omfatte tidsbruk under den aktive fasen av prosedyren, og i tillegg tid da prosedyren var midlertidig stanset.","en":"*Den totale tiden som ble brukt til å fullføre prosedyren. Dette kan omfatte tidsbruk under den aktive fasen av prosedyren, og i tillegg tid da prosedyren var midlertidig stanset. (nb)"},"rmType":"DV_DURATION","nodeId":"at0061","min":0,"max":1,"aqlPath":"/content[openEHR-EHR-ACTION.procedure.v1]/description[at0001]/items[at0061]/value","inputs":[{"suffix":"hour","type":"INTEGER","defaultValue":"0","listOpen":false},{"suffix":"minute","type":"INTEGER","defaultValue":"0","listOpen":false}],"formId":"procedure_report/prosedyre/total_varighet","viewConfig":{"multiplicity":{"min":0,"max":1},"advanced":{"hidden":false,"readonly":false,"hideFrame":false,"render":false},"label":{"custom":false,"useLocalizations":false},"size":{"field":"inherit","label":"inherit"},"layout":{"label":{"valign":"inherit","align":"inherit"},"field":{"valign":"inherit","align":"inherit"}},"annotations":{"calc":"ISO8601DURATION(opstart, opend)"},"field":{"columns":"1","hidden":{"year":true,"month":true,"week":true,"day":true,"hour":false,"minute":false,"second":true}},"tags":["HideFieldLabel"]}}]},{"name":"Prosedyretype","localizedName":"Prosedyretype","localizedNames":{"en":"*Prosedyretype (nb)","nb":"Prosedyretype"},"localizedDescriptions":{"nb":"Typen prosedyre.","en":"*Typen prosedyre. (nb)"},"rmType":"DV_CODED_TEXT","nodeId":"at0067","min":0,"max":1,"aqlPath":"/content[openEHR-EHR-ACTION.procedure.v1]/description[at0001]/items[at0067]/value","inputs":[{"suffix":"code","type":"CODED_TEXT","list":[{"value":"387713003","label":"Kirurgi prosedyre","ordinal":0,"localizedLabels":{"nb":"Kirurgi prosedyre","en":"*Kirurgi prosedyre (nb)"},"localizedDescriptions":{}}],"defaultValue":"387713003","listOpen":false}],"formId":"procedure_report/prosedyre/prosedyretype","viewConfig":{"multiplicity":{"min":0,"max":1},"advanced":{"hidden":true,"readonly":false,"hideFrame":false,"render":false},"label":{"custom":false,"useLocalizations":false},"size":{"field":"inherit","label":"inherit"},"layout":{"label":{"valign":"inherit","align":"inherit"},"field":{"valign":"inherit","align":"inherit"}},"annotations":{},"field":{"code":{"presentation":"combobox","columns":"1"}}}},{"name":"other_participations","localizedName":"Utførende personell","localizedNames":{"en":"*other_participations (en)","nb":"Utførende personell"},"localizedDescriptions":{},"rmType":"PARTICIPATION","min":1,"max":100,"aqlPath":"/content[openEHR-EHR-ACTION.procedure.v1]/other_participations","inputs":[],"formId":"procedure_report/prosedyre/other_participations","viewConfig":{"multiplicity":{"min":1,"max":100},"advanced":{"hidden":false,"readonly":false,"hideFrame":false,"render":false},"label":{"custom":false,"useLocalizations":false},"size":{"field":"inherit","label":"-1"},"layout":{"label":{"valign":"inherit","align":"inherit"},"field":{"valign":"inherit","align":"inherit"}},"annotations":{},"field":{"name":null},"tags":["HideLabel","ShowAsTable"]},"children":[{"name":"function","localizedName":"Utførende personell funksjon","localizedNames":{"en":"*function (en)","nb":"Utførende personell funksjon"},"localizedDescriptions":{},"rmType":"DV_CODED_TEXT","min":1,"max":1,"aqlPath":"/content[openEHR-EHR-ACTION.procedure.v1]/other_participations/function","inputs":[{"suffix":"code","type":"TEXT","terminology":"ARK-FE-ROLLERIOPERASJON?subset=ARK-FE-ROLLERIOPERASJON&language=en-GB","listOpen":false},{"suffix":"value","type":"TEXT","terminology":"ARK-FE-ROLLERIOPERASJON?subset=ARK-FE-ROLLERIOPERASJON&language=en-GB","listOpen":false}],"formId":"procedure_report/prosedyre/function","viewConfig":{"multiplicity":{"min":1,"max":1},"advanced":{"hidden":false,"readonly":false,"hideFrame":false,"render":false},"label":{"custom":false,"useLocalizations":false},"size":{"field":"inherit","label":"inherit"},"layout":{"label":{"valign":"inherit","align":"inherit"},"field":{"valign":"inherit","align":"inherit"}},"datasource":{"loadRemote":true,"loadRemoteUrl":"ARK-FE-ROLLERIOPERASJON?subset=ARK-FE-ROLLERIOPERASJON&language=en-GB","parameters":{}},"annotations":{"codeditem.displayformat":"name","calcId":"funksjon","constraint.func":"any(\"equals\", \"276321\", $funksjon)","constraint.message":"Hovedoperatør må være satt"},"field":{},"tags":["ShowAsCombobox"]}},{"name":"performer","localizedName":"performer","localizedNames":{"en":"*performer (en)","nb":"Utførende personell navn"},"localizedDescriptions":{},"rmType":"PARTY_IDENTIFIED","min":1,"max":1,"aqlPath":"/content[openEHR-EHR-ACTION.procedure.v1]/other_participations/performer","inputs":[],"formId":"procedure_report/prosedyre/performer","viewConfig":{"multiplicity":{"min":1,"max":1},"advanced":{"hidden":false,"readonly":false,"hideFrame":false,"render":false},"label":{"custom":false,"useLocalizations":false},"size":{"field":"inherit","label":"inherit"},"layout":{"label":{"valign":"inherit","align":"inherit"},"field":{"valign":"inherit","align":"inherit"}},"annotations":{},"field":{"name":null}}}]}]},{"name":"EuroSCORE","localizedName":"EuroSCORE","localizedNames":{"en":"*EuroSCORE (nb)","nb":"EuroSCORE"},"localizedDescriptions":{"nb":"EuroSCORE sum.","en":"*EuroSCORE sum. (nb)"},"rmType":"DV_COUNT","nodeId":"at0024","min":0,"max":1,"aqlPath":"/content[openEHR-EHR-OBSERVATION.euroscore1_dips.v1]/data[at0001]/events[at0002]/data[at0003]/items[at0024]/value","inputs":[{"type":"INTEGER","defaultValue":"","listOpen":false}],"formId":"procedure_report/euroscore_dips/any_event/euroscore","viewConfig":{"multiplicity":{"min":0,"max":1},"advanced":{"hidden":false,"readonly":false,"hideFrame":false,"render":false},"label":{"custom":false,"useLocalizations":false},"size":{"field":"small","label":"inherit"},"layout":{"label":{"valign":"inherit","align":"top"},"field":{"valign":"inherit","align":"inherit"}},"annotations":{"calcId":"euro","constraint.func":"not(and(isblank(euro), or(or(or(any(\"startswith\", \"FNA\", prosedyrekode), any(\"startswith\", \"FNB\", prosedyrekode)), any(\"startswith\", \"FNC\", prosedyrekode)), any(\"startswith\", \"FNE\", prosedyrekode))))","constraint.message":"EuroSCORE må fylles ut."},"field":{}}},{"name":"Spacer","localizedName":"","localizedNames":{"nb":""},"localizedDescriptions":{},"rmType":"GENERIC_SPACER","min":0,"max":1,"inputs":[],"formId":"generic-field-04561","viewConfig":{"annotations":{},"field":{"height":20,"input":{"height":20}}}},{"name":"Tjeneste utført","localizedName":"Tjeneste utført","localizedNames":{"en":"*Tjeneste utført (nb)","nb":"Tjeneste utført"},"localizedDescriptions":{"nb":"Benyttes for å dokumentere om en spesifikk prosedyre/oppgave ble utført som endel av en helsetjeneste. ","en":"*Benyttes for å dokumentere om en spesifikk prosedyre/oppgave ble utført som endel av en helsetjeneste.  (nb)"},"rmType":"OBSERVATION","nodeId":"openEHR-EHR-OBSERVATION.service_performed_dips.v1","min":1,"max":1,"aqlPath":"/content[openEHR-EHR-OBSERVATION.service_performed_dips.v1]","inputs":[],"formId":"procedure_report/tjeneste_utført","viewConfig":{"multiplicity":{"min":1,"max":1},"advanced":{"hidden":false,"readonly":false,"hideFrame":false,"render":false},"label":{"custom":false,"useLocalizations":false},"size":{"field":"inherit","label":"-1"},"layout":{"label":{"valign":"inherit","align":"inherit"},"field":{"valign":"inherit","align":"inherit"}},"annotations":{},"field":{},"tags":["HideLabel"]},"children":[{"name":"Any event","localizedName":"Any event","localizedNames":{"en":"*Any event (nb)","nb":"Any event"},"localizedDescriptions":{"nb":"*","en":"** (nb)"},"rmType":"EVENT","nodeId":"at0002","min":1,"max":1,"aqlPath":"/content[openEHR-EHR-OBSERVATION.service_performed_dips.v1]/data[at0001]/events[at0002]","inputs":[],"formId":"procedure_report/tjeneste_utført/any_event","viewConfig":{"multiplicity":{"min":1,"max":1},"advanced":{"hidden":false,"readonly":false,"hideFrame":false,"render":false},"label":{"custom":false,"useLocalizations":false},"size":{"field":"inherit","label":"-1"},"layout":{"label":{"valign":"inherit","align":"inherit"},"field":{"valign":"inherit","align":"inherit"}},"annotations":{},"tags":["HideLabel"]},"children":[{"name":"Tjeneste","localizedName":"Tjeneste","localizedNames":{"en":"*Tjeneste (nb)","nb":"Tjeneste"},"localizedDescriptions":{"nb":"Definisjon av oppgaven/tjenesten som ble utført. Bør bruke terminologi for å klassifisere presist hvilken tjeneste som er vurdert. ","en":"*Definisjon av oppgaven/tjenesten som ble utført. Bør bruke terminologi for å klassifisere presist hvilken tjeneste som er vurdert.  (nb)"},"rmType":"DV_CODED_TEXT","nodeId":"at0004","min":0,"max":1,"aqlPath":"/content[openEHR-EHR-OBSERVATION.service_performed_dips.v1]/data[at0001]/events[at0002]/data[at0003]/items[at0004]/value","inputs":[{"suffix":"code","type":"CODED_TEXT","list":[{"value":"422181004","label":"Antibiotikaprofylakse","ordinal":0,"localizedLabels":{"nb":"Antibiotikaprofylakse","en":"*Antibiotikaprofylakse (nb)"},"localizedDescriptions":{}}],"defaultValue":"422181004","listOpen":false}],"formId":"procedure_report/tjeneste_utført/any_event/tjeneste","viewConfig":{"multiplicity":{"min":0,"max":1},"advanced":{"hidden":true,"readonly":false,"hideFrame":false,"render":false},"label":{"custom":false,"useLocalizations":false},"size":{"field":"inherit","label":"inherit"},"layout":{"label":{"valign":"inherit","align":"inherit"},"field":{"valign":"inherit","align":"inherit"}},"annotations":{},"field":{"code":{"presentation":"combobox","columns":"1"}}}},{"name":"Status","localizedName":"Antibiotikaprofylakse gitt","localizedNames":{"en":"*Status (nb)","nb":"Antibiotikaprofylakse gitt"},"localizedDescriptions":{"nb":"Angir status på den utførte tjenesten ","en":"*Angir status på den utførte tjenesten  (nb)"},"rmType":"DV_CODED_TEXT","nodeId":"at0005","min":1,"max":1,"aqlPath":"/content[openEHR-EHR-OBSERVATION.service_performed_dips.v1]/data[at0001]/events[at0002]/data[at0003]/items[at0005]/value","inputs":[{"suffix":"code","type":"CODED_TEXT","list":[{"value":"at0006","label":"Utført","ordinal":0,"localizedLabels":{"nb":"Utført","en":"*Utført (nb)"},"localizedDescriptions":{"nb":"Angir at den angitte tjenesten ble utført i henhold til plan. ","en":"*Angir at den angitte tjenesten ble utført i henhold til plan.  (nb)"}},{"value":"at0007","label":"Ikke utført","ordinal":0,"localizedLabels":{"nb":"Ikke utført","en":"*Ikke utført (nb)"},"localizedDescriptions":{"nb":"Angitt tjeneste ble ikke utført. ","en":"*Angitt tjeneste ble ikke utført.  (nb)"}}],"listOpen":false}],"formId":"procedure_report/tjeneste_utført/any_event/status","viewConfig":{"multiplicity":{"min":1,"max":1},"advanced":{"hidden":false,"readonly":false,"hideFrame":false,"render":false},"label":{"custom":false,"useLocalizations":false},"size":{"field":"inherit","label":"inherit"},"layout":{"label":{"valign":"inherit","align":"top"},"field":{"valign":"inherit","align":"inherit"}},"annotations":{"description":"Antibiotikaprofylakse defineres som bruk av antibiotika umiddelbart før, under og kort tid etter et operativt inngrep for å forebygge infeksjon ved å redusere bakterieantall i operasjonsområdet og hindre spredning til blod og vev."},"field":{"code":{"presentation":"radios","columns":"2"}}}}]}]}]}