{"formId":"form_root","name":"Form root","rmType":"FORM_DEFINITION","viewConfig":{"label":{"custom":false,"value":"","useLocalizations":true,"localizationsList":{"nb":"Hv oppfolging diag"}},"size":{"field":"inherit","label":"inherit","fill":"inherit"},"layout":{"label":{"valign":"inherit","align":"top"},"field":{"valign":"inherit","align":"inherit"}},"tags":[],"annotations":{"reuseComposition":"select c from composition c contains admin_entry e[openEHR-EHR-ADMIN_ENTRY.hv_oppfolging_diag.v0] where c/archetype_details/template_id/value = 'hv oppfolging diag' order by c/context/start_time/value desc fetch 1?scope=periodofcare"}},"language":"nb","templateLanguages":["nb"],"children":[{"name":"Oppfølging","localizedName":"Oppfølging","rmType":"DV_CODED_TEXT","nodeId":"at0002","min":0,"max":1,"localizedNames":{"nb":"Oppfølging"},"localizedDescriptions":{"nb":"Strukturert registrering av oppfølging"},"aqlPath":"/content[openEHR-EHR-ADMIN_ENTRY.hv_oppfolging_diag.v0]/data[at0001]/items[at0002]/value","inputs":[{"suffix":"code","type":"CODED_TEXT","list":[{"value":"at0006","label":"Annen sengepost","localizedLabels":{"nb":"Annen sengepost"},"localizedDescriptions":{"nb":"Annen sengepost"}},{"value":"at0007","label":"Annen poliklinikk","localizedLabels":{"nb":"Annen poliklinikk"},"localizedDescriptions":{"nb":"Annen poliklinikk"}},{"value":"at0008","label":"DIAG pol","localizedLabels":{"nb":"DIAG pol"},"localizedDescriptions":{"nb":"DIAG pol"}},{"value":"at0009","label":"Fastlege","localizedLabels":{"nb":"Fastlege"},"localizedDescriptions":{"nb":"Fastlege"}}]}],"fid":"hv_oppfolging_diag/hv_oppfolging_diag/oppfølging","formId":"hv_oppfolging_diag/hv_oppfolging_diag/oppfølging","defaultValue":{"code":""},"viewConfig":{"size":{"field":"inherit","label":"inherit","fill":"inherit"},"layout":{"label":{"valign":"inherit","align":"inherit"},"field":{"valign":"inherit","align":"inherit"}},"datasource":{"loadRemote":false,"loadRemoteUrl":"","terminology":""},"label":{"custom":false,"value":"","useLocalizations":true,"localizationsList":{"nb":"Oppfølging"}},"advanced":{"hidden":false,"readonly":false},"multiplicity":{"min":"0","max":"1"},"tags":[],"field":{"code":{"presentation":"combobox"}}}},{"name":"Merknad","localizedName":"Merknad","rmType":"DV_TEXT","nodeId":"at0003","min":0,"max":1,"localizedNames":{"nb":"Merknad"},"localizedDescriptions":{"nb":"Fritekstlig registrering av oppfølging"},"aqlPath":"/content[openEHR-EHR-ADMIN_ENTRY.hv_oppfolging_diag.v0]/data[at0001]/items[at0003]/value","inputs":[{"type":"TEXT"}],"fid":"hv_oppfolging_diag/hv_oppfolging_diag/merknad","formId":"hv_oppfolging_diag/hv_oppfolging_diag/merknad","defaultValue":{"value":""},"viewConfig":{"size":{"field":"inherit","label":"inherit","fill":"inherit"},"layout":{"label":{"valign":"inherit","align":"inherit"},"field":{"valign":"inherit","align":"inherit"}},"datasource":{"loadRemote":false,"loadRemoteUrl":"","terminology":""},"label":{"custom":false,"value":"","useLocalizations":true,"localizationsList":{"nb":"Merknad"}},"advanced":{"hidden":false,"readonly":false},"multiplicity":{"min":"0","max":"1"},"tags":[],"field":{"input":{"presentation":"textfield"}}}}]}