[{"col":1,"row":1,"width":12,"height":31,"children":[{"id":"selvregistrering/anamnese_olafia","rows":[{"cols":[{"width":"100%","children":[{"id":"selvregistrering/anamnese_olafia/plager"}]}]}]},{"id":"selvregistrering/soi-sammendrag","rows":[{"cols":[{"width":"100%","children":[{"id":"selvregistrering/soi-sammendrag/tidligere_soi"}]}]},{"cols":[{"width":"47%","children":[{"id":"selvregistrering/soi-sammendrag/hvilke_typer_soi"}]},{"width":"53%","children":[{"id":"selvregistrering/soi-sammendrag/klamydia"},{"id":"selvregistrering/soi-sammendrag/gonoré"}]}]}]},{"id":"selvregistrering/seksualhistorie","rows":[{"cols":[{"width":"100%","children":[{"id":"selvregistrering/seksualhistorie/kjønn_pasienten_har_hatt_sex_med"}]}]}]},{"id":"selvregistrering/seksuell_aktivitet","rows":[{"cols":[{"width":"100%","children":[{"id":"selvregistrering/seksuell_aktivitet/sexpartneres_kjønn"},{"id":"selvregistrering/seksuell_aktivitet/antall_partnere"}]}]}]}]}]