{"formId":"form_root","name":"Form root","rmType":"FORM_DEFINITION","viewConfig":{"label":{"custom":false,"value":"","useLocalizations":false,"localizationsList":{}},"size":{"field":"inherit","label":"inherit","fill":"inherit"},"layout":{"valign":"inherit","align":"inherit"},"tags":[]},"language":"","templateLanguages":["nb"],"children":[{"name":"Anamnese","localizedName":"Anamnese","rmType":"EVALUATION","nodeId":"openEHR-EHR-EVALUATION.anamnese_olafia.v1","min":"0","max":"1","localizedNames":{"nb":"Anamnese"},"localizedDescriptions":{"nb":"unknown"},"aqlPath":"/content[openEHR-EHR-EVALUATION.anamnese_olafia.v1]","children":[{"name":"Har du noen plager?","localizedName":"Har du noen plager?","rmType":"DV_CODED_TEXT","nodeId":"at0003","min":"0","max":"100","localizedNames":{"nb":"Har du noen plager?"},"localizedDescriptions":{"nb":"*"},"aqlPath":"/content[openEHR-EHR-EVALUATION.anamnese_olafia.v1]/data[at0001]/items[at0003]/value","inputs":[{"suffix":"code","type":"CODED_TEXT","list":[{"value":"CI01","label":"Utflod","localizedLabels":{"nb":"Utflod"}},{"value":"CI02","label":"Kløe","localizedLabels":{"nb":"Kløe"}},{"value":"CI03","label":"Vorter","localizedLabels":{"nb":"Vorter"}},{"value":"CI04","label":"Svie","localizedLabels":{"nb":"Svie"}},{"value":"CI05","label":"Sår","localizedLabels":{"nb":"Sår"}},{"value":"CI06","label":"Smerter","localizedLabels":{"nb":"Smerter"}},{"value":"CI07","label":"Utslett","localizedLabels":{"nb":"Utslett"}},{"value":"CI08","label":"Smerter, saml.","localizedLabels":{"nb":"Smerter, saml."}},{"value":"CI09","label":"Andre plager","localizedLabels":{"nb":"Andre plager"}}],"terminology":"Olafia"}],"formId":"selvregistrering/anamnese_olafia/plager","viewConfig":{"advanced":{"hidden":false,"readonly":false},"size":{"field":"inherit","label":"inherit","fill":"inherit"},"layout":{"label":{"valign":"inherit","align":"inherit"},"field":{"valign":"inherit","align":"inherit"}},"tags":["showasmulticombobox"],"datasource":{"loadRemote":false,"loadRemoteUrl":"","terminology":""},"field":{"code":{"presentation":"combobox"}}}}],"formId":"selvregistrering/anamnese_olafia","viewConfig":{"annotations":{"headerSize":"H1"},"advanced":{"hidden":false,"readonly":false,"render":false},"size":{"field":"inherit","label":"inherit","fill":"inherit"},"layout":{"label":{"valign":"inherit","align":"inherit"},"field":{"valign":"inherit","align":"inherit"}},"tags":[]}},{"name":"SOI-sammendrag","localizedName":"SOI-sammendrag","rmType":"EVALUATION","nodeId":"openEHR-EHR-EVALUATION.sti_summary.v1","min":"0","max":"1","localizedNames":{"nb":"SOI-sammendrag"},"localizedDescriptions":{"nb":"*"},"aqlPath":"/content[openEHR-EHR-EVALUATION.sti_summary.v1]","children":[{"name":"Tidligere SOI?","localizedName":"Tidligere SOI?","rmType":"DV_CODED_TEXT","nodeId":"at0002","min":"0","max":"1","localizedNames":{"nb":"Tidligere SOI?"},"localizedDescriptions":{"nb":"*"},"aqlPath":"/content[openEHR-EHR-EVALUATION.sti_summary.v1]/data[at0001]/items[at0002]/value","inputs":[{"suffix":"code","type":"CODED_TEXT","list":[{"value":"at0003","label":"Ja","localizedLabels":{"nb":"Ja"},"localizedDescriptions":{"nb":"*"}},{"value":"at0004","label":"Nei","localizedLabels":{"nb":"Nei"},"localizedDescriptions":{"nb":"*"}},{"value":"at0005","label":"Usikker","localizedLabels":{"nb":"Usikker"},"localizedDescriptions":{"nb":"*"}}]}],"formId":"selvregistrering/soi-sammendrag/tidligere_soi","viewConfig":{"advanced":{"hidden":false,"readonly":false},"size":{"field":"inherit","label":"inherit","fill":"inherit"},"layout":{"label":{"valign":"inherit","align":"inherit"},"field":{"valign":"inherit","align":"inherit"}},"tags":["showasradios"],"datasource":{"loadRemote":false,"loadRemoteUrl":"","terminology":""},"field":{"code":{"presentation":"combobox"}}}},{"name":"Hvilke typer SOI?","localizedName":"Hvilke typer SOI?","rmType":"DV_CODED_TEXT","nodeId":"at0007","min":"0","max":"100","localizedNames":{"nb":"Hvilke typer SOI?"},"localizedDescriptions":{"nb":"*"},"aqlPath":"/content[openEHR-EHR-EVALUATION.sti_summary.v1]/data[at0001]/items[at0007]/value","inputs":[{"suffix":"code","type":"CODED_TEXT","list":[{"value":"AG1","label":"Klamydia","localizedLabels":{"nb":"Klamydia"}},{"value":"AG2","label":"Gonoré","localizedLabels":{"nb":"Gonoré"}},{"value":"AG3","label":"Herpes","localizedLabels":{"nb":"Herpes"}},{"value":"AG4","label":"Mykoplasma","localizedLabels":{"nb":"Mykoplasma"}},{"value":"AG5","label":"Genitale vorter","localizedLabels":{"nb":"Genitale vorter"}},{"value":"AG6","label":"HIV","localizedLabels":{"nb":"HIV"}},{"value":"AG7","label":"Syfilis","localizedLabels":{"nb":"Syfilis"}},{"value":"AG8","label":"Hepatitt","localizedLabels":{"nb":"Hepatitt"}},{"value":"AG9","label":"Annen","localizedLabels":{"nb":"Annen"}}],"terminology":"Olafia"}],"formId":"selvregistrering/soi-sammendrag/hvilke_typer_soi","viewConfig":{"advanced":{"hidden":false,"readonly":false},"size":{"field":"inherit","label":"inherit","fill":"inherit"},"layout":{"label":{"valign":"top","align":"top"},"field":{"valign":"inherit","align":"inherit"}},"tags":["showasmulticombobox"],"datasource":{"loadRemote":false,"loadRemoteUrl":"","terminology":""},"field":{"code":{"presentation":"combobox"}}}},{"name":"Antall klamydiainf.","localizedName":"Antall klamydiainf.","rmType":"DV_COUNT","nodeId":"at0046","min":"0","max":"1","localizedNames":{"nb":"Antall klamydiainf."},"localizedDescriptions":{"nb":"*"},"aqlPath":"/content[openEHR-EHR-EVALUATION.sti_summary.v1]/data[at0001]/items[at0046]/value","inputs":[{"type":"INTEGER"}],"formId":"selvregistrering/soi-sammendrag/klamydia","viewConfig":{"advanced":{"hidden":false,"readonly":false},"size":{"field":"inherit","label":"inherit","fill":"inherit"},"layout":{"label":{"valign":"inherit","align":"inherit"},"field":{"valign":"inherit","align":"inherit"}},"tags":[],"datasource":{"loadRemote":false,"loadRemoteUrl":"","terminology":""}}},{"name":"Antall gonoréinf.","localizedName":"Antall gonoréinf.","rmType":"DV_COUNT","nodeId":"at0047","min":"0","max":"1","localizedNames":{"nb":"Antall gonoréinf."},"localizedDescriptions":{"nb":"*"},"aqlPath":"/content[openEHR-EHR-EVALUATION.sti_summary.v1]/data[at0001]/items[at0047]/value","inputs":[{"type":"INTEGER"}],"formId":"selvregistrering/soi-sammendrag/gonoré","viewConfig":{"advanced":{"hidden":false,"readonly":false},"size":{"field":"inherit","label":"inherit","fill":"inherit"},"layout":{"label":{"valign":"inherit","align":"inherit"},"field":{"valign":"inherit","align":"inherit"}},"tags":[],"datasource":{"loadRemote":false,"loadRemoteUrl":"","terminology":""}}}],"formId":"selvregistrering/soi-sammendrag","viewConfig":{"advanced":{"hidden":false,"readonly":false,"render":false},"size":{"field":"inherit","label":"inherit","fill":"inherit"},"layout":{"label":{"valign":"inherit","align":"inherit"},"field":{"valign":"inherit","align":"inherit"}},"tags":[]}},{"name":"Seksualhistorie","localizedName":"Seksualhistorie","rmType":"EVALUATION","nodeId":"openEHR-EHR-EVALUATION.sexual_history.v1","min":"0","max":"1","localizedNames":{"nb":"Seksualhistorie"},"localizedDescriptions":{"nb":"unknown"},"aqlPath":"/content[openEHR-EHR-EVALUATION.sexual_history.v1,'Seksualhistorie']","children":[{"name":"Har du noen gang tidligere hatt sex med:","localizedName":"Har du noen gang tidligere hatt sex med:","rmType":"DV_CODED_TEXT","nodeId":"at0004","min":"0","max":"100","localizedNames":{"nb":"Har du noen gang tidligere hatt sex med:"},"localizedDescriptions":{"nb":"*"},"aqlPath":"/content[openEHR-EHR-EVALUATION.sexual_history.v1,'Seksualhistorie']/data[at0001]/items[at0004]/value","inputs":[{"suffix":"code","type":"CODED_TEXT","list":[{"value":"AP1","label":"Menn","localizedLabels":{"nb":"Menn"}},{"value":"AP3","label":"Kvinner","localizedLabels":{"nb":"Kvinner"}},{"value":"AP4","label":"Trans","localizedLabels":{"nb":"Trans"}},{"value":"AP6","label":"Transkvinner","localizedLabels":{"nb":"Transkvinner"}},{"value":"AP8","label":"Transmenn","localizedLabels":{"nb":"Transmenn"}}],"terminology":"Olafia"}],"formId":"selvregistrering/seksualhistorie/kjønn_pasienten_har_hatt_sex_med","viewConfig":{"advanced":{"hidden":false,"readonly":false},"size":{"field":"inherit","label":"inherit","fill":"inherit"},"layout":{"label":{"valign":"inherit","align":"inherit"},"field":{"valign":"inherit","align":"inherit"}},"tags":["showasmulticombobox"],"datasource":{"loadRemote":false,"loadRemoteUrl":"","terminology":""},"field":{"code":{"presentation":"combobox"}}}}],"formId":"selvregistrering/seksualhistorie","viewConfig":{"advanced":{"hidden":false,"readonly":false,"render":false},"size":{"field":"inherit","label":"inherit","fill":"inherit"},"layout":{"label":{"valign":"inherit","align":"inherit"},"field":{"valign":"inherit","align":"inherit"}},"tags":[]}},{"name":"Seksuell aktivitet","localizedName":"Seksuell aktivitet","rmType":"OBSERVATION","nodeId":"openEHR-EHR-OBSERVATION.sexual_activity.v1","min":"0","max":"1","localizedNames":{"nb":"Seksuell aktivitet"},"localizedDescriptions":{"nb":"*"},"aqlPath":"/content[openEHR-EHR-OBSERVATION.sexual_activity.v1]","children":[{"name":"Sexpartneres kjønn","localizedName":"Sexpartneres kjønn","rmType":"DV_CODED_TEXT","nodeId":"at0012","min":"0","max":"100","localizedNames":{"nb":"Sexpartneres kjønn"},"localizedDescriptions":{"nb":"*"},"aqlPath":"/content[openEHR-EHR-OBSERVATION.sexual_activity.v1]/data[at0001]/events[at0007]/data[at0003]/items[at0012]/value","inputs":[{"suffix":"code","type":"CODED_TEXT","list":[{"value":"AP1","label":"Menn","localizedLabels":{"nb":"Menn"}},{"value":"AP3","label":"Kvinner","localizedLabels":{"nb":"Kvinner"}},{"value":"AP4","label":"Trans","localizedLabels":{"nb":"Trans"}},{"value":"AP6","label":"Transkvinner","localizedLabels":{"nb":"Transkvinner"}},{"value":"AP8","label":"Transmenn","localizedLabels":{"nb":"Transmenn"}}],"terminology":"Olafia"}],"formId":"selvregistrering/seksuell_aktivitet/sexpartneres_kjønn","viewConfig":{"advanced":{"hidden":false,"readonly":false},"size":{"field":"inherit","label":"inherit","fill":"inherit"},"layout":{"label":{"valign":"inherit","align":"inherit"},"field":{"valign":"inherit","align":"inherit"}},"tags":["showasmulticombobox"],"datasource":{"loadRemote":false,"loadRemoteUrl":"","terminology":""},"field":{"code":{"presentation":"combobox"}}}},{"name":"Antall partnere","localizedName":"Antall partnere","rmType":"DV_COUNT","nodeId":"at0011","min":"0","max":"1","localizedNames":{"nb":"Antall partnere"},"localizedDescriptions":{"nb":"*"},"aqlPath":"/content[openEHR-EHR-OBSERVATION.sexual_activity.v1]/data[at0001]/events[at0007]/data[at0003]/items[at0011]/value","inputs":[{"type":"INTEGER"}],"formId":"selvregistrering/seksuell_aktivitet/antall_partnere","viewConfig":{"advanced":{"hidden":false,"readonly":false},"size":{"field":"inherit","label":"inherit","fill":"inherit"},"layout":{"label":{"valign":"inherit","align":"inherit"},"field":{"valign":"inherit","align":"inherit"}},"tags":[],"datasource":{"loadRemote":false,"loadRemoteUrl":"","terminology":""}}}],"formId":"selvregistrering/seksuell_aktivitet","viewConfig":{"advanced":{"hidden":false,"readonly":false,"render":false},"size":{"field":"inherit","label":"inherit","fill":"inherit"},"layout":{"label":{"valign":"inherit","align":"inherit"},"field":{"valign":"inherit","align":"inherit"}},"tags":[]}}]}