[{"col":1,"row":1,"width":12,"height":37,"children":[{"id":"prosedyrerapport","rows":[{"cols":[{"width":"100%","children":[{"id":"prosedyrerapport/context/rapport_id","rows":[]},{"id":"prosedyrerapport/context/status","rows":[]},{"id":"prosedyrerapport/start_time","rows":[]},{"id":"prosedyrerapport/end_time","rows":[]},{"id":"prosedyrerapport/prosedyre","rows":[{"cols":[{"width":"100%","children":[{"id":"prosedyrerapport/prosedyre/ism_transition","rows":[{"cols":[{"width":"100%","children":[{"id":"prosedyrerapport/prosedyre/ism_transition/transition","rows":[]},{"id":"prosedyrerapport/prosedyre/ism_transition/current_state","rows":[]},{"id":"prosedyrerapport/prosedyre/ism_transition/careflow_step","rows":[]}]}]}]},{"id":"prosedyrerapport/prosedyre/prosedyrenavn","rows":[]},{"id":"prosedyrerapport/prosedyre/beskrivelse","rows":[]},{"id":"prosedyrerapport/prosedyre/kroppssted","rows":[]},{"id":"prosedyrerapport/prosedyre/time","rows":[]},{"id":"prosedyrerapport/prosedyre/other_participations","rows":[{"cols":[{"width":"100%","children":[{"id":"prosedyrerapport/prosedyre/other_participations/function","rows":[]},{"id":"prosedyrerapport/prosedyre/other_participations/performer","rows":[]},{"id":"prosedyrerapport/prosedyre/other_participations/mode","rows":[]},{"id":"prosedyrerapport/prosedyre/other_participations/time","rows":[{"cols":[{"width":"100%","children":[{"id":"prosedyrerapport/prosedyre/other_participations/time/upper"},{"id":"prosedyrerapport/prosedyre/other_participations/time/lower"}]}]}]}]}]}]},{"id":"prosedyrerapport/prosedyre/other_participations/provider","rows":[]}]}]}]}]}]}]}]}]