{"name":"Form root","localizedNames":{},"localizedDescriptions":{},"rmType":"FORM_DEFINITION","min":0,"max":0,"formId":"form_root","viewConfig":{"label":{"custom":false,"useLocalizations":false},"size":{"field":"inherit","label":"inherit"},"layout":{"label":{"valign":"inherit","align":"top"},"field":{"valign":"inherit","align":"inherit"}},"annotations":{"reuseComposition":"Select c from composition c contains admin_entry o[openEHR-EHR-ADMIN_ENTRY.hv_tm_kvarus_dips.v1] order by c/context/start_time/value DESC fetch 1?scope=periodofcare"}},"children":[{"name":"Basiskartlegging gjennomført","localizedName":"Basiskartlegging gjennomført","localizedNames":{"en":"*Basiskartlegging gjennomført (nb)","nb":"Basiskartlegging gjennomført"},"localizedDescriptions":{"nb":"*","en":"** (nb)"},"rmType":"DV_BOOLEAN","nodeId":"at0002","min":0,"max":1,"aqlPath":"/content[openEHR-EHR-ADMIN_ENTRY.hv_tm_kvarus_dips.v1]/data[at0001]/items[at0002]/value","inputs":[{"type":"BOOLEAN","defaultValue":"False","listOpen":false}],"formId":"hv_tm_kvarus/hv_tm_kvarus/basiskartlegging_gjennomført","viewConfig":{"multiplicity":{"min":0,"max":1},"advanced":{"hidden":false,"readonly":false,"hideFrame":false,"render":false},"label":{"custom":false,"useLocalizations":false},"size":{"field":"inherit","label":"inherit"},"layout":{"label":{"valign":"inherit","align":"inherit"},"field":{"valign":"inherit","align":"inherit"}},"annotations":{},"field":{"input":{"threeState":false}},"tags":["ShowAsRadios"]}},{"name":"Dato for gjennomført basiskartlegging","localizedName":"Dato for gjennomført basiskartlegging","localizedNames":{"en":"*Dato for gjennomført basiskartlegging (nb)","nb":"Dato for gjennomført basiskartlegging"},"localizedDescriptions":{"nb":"*","en":"** (nb)"},"rmType":"DV_DATE_TIME","nodeId":"at0003","min":0,"max":1,"aqlPath":"/content[openEHR-EHR-ADMIN_ENTRY.hv_tm_kvarus_dips.v1]/data[at0001]/items[at0003]/value","inputs":[{"type":"DATETIME","listOpen":false}],"formId":"hv_tm_kvarus/hv_tm_kvarus/dato_for_gjennomført_basiskartlegging","viewConfig":{"multiplicity":{"min":0,"max":1},"advanced":{"hidden":false,"readonly":false,"hideFrame":false,"render":false},"label":{"custom":false,"useLocalizations":false},"size":{"field":"medium","label":"inherit"},"layout":{"label":{"valign":"inherit","align":"inherit"},"field":{"valign":"inherit","align":"inherit"}},"annotations":{},"field":{"input":{"hideTime":false,"dateFormat":"","hideDate":false}}}},{"name":"Planlagt målepunkt","localizedName":"Planlagt målepunkt","localizedNames":{"en":"*Planlagt målepunkt (nb)","nb":"Planlagt målepunkt"},"localizedDescriptions":{"nb":"*","en":"** (nb)"},"rmType":"DV_DATE_TIME","nodeId":"at0004","min":0,"max":1,"aqlPath":"/content[openEHR-EHR-ADMIN_ENTRY.hv_tm_kvarus_dips.v1]/data[at0001]/items[at0004]/value","inputs":[{"type":"DATETIME","listOpen":false}],"formId":"hv_tm_kvarus/hv_tm_kvarus/planlagt_målepunkt","viewConfig":{"multiplicity":{"min":0,"max":1},"advanced":{"hidden":false,"readonly":false,"hideFrame":false,"render":false},"label":{"custom":false,"useLocalizations":false},"size":{"field":"medium","label":"inherit"},"layout":{"label":{"valign":"inherit","align":"inherit"},"field":{"valign":"inherit","align":"inherit"}},"annotations":{},"field":{"input":{"hideTime":false,"dateFormat":"","hideDate":false}}}},{"name":"Siste målepunkt","localizedName":"Siste målepunkt","localizedNames":{"en":"*Siste målepunkt (nb)","nb":"Siste målepunkt"},"localizedDescriptions":{"nb":"*","en":"** (nb)"},"rmType":"DV_DATE_TIME","nodeId":"at0005","min":0,"max":1,"aqlPath":"/content[openEHR-EHR-ADMIN_ENTRY.hv_tm_kvarus_dips.v1]/data[at0001]/items[at0005]/value","inputs":[{"type":"DATETIME","listOpen":false}],"formId":"hv_tm_kvarus/hv_tm_kvarus/siste_målepunkt","viewConfig":{"multiplicity":{"min":0,"max":1},"advanced":{"hidden":false,"readonly":false,"hideFrame":false,"render":false},"label":{"custom":false,"useLocalizations":false},"size":{"field":"medium","label":"inherit"},"layout":{"label":{"valign":"inherit","align":"inherit"},"field":{"valign":"inherit","align":"inherit"}},"annotations":{},"field":{"input":{"hideTime":false,"dateFormat":"","hideDate":false}}}}]}