[{"field":"hv_tm_kvarus/hv_tm_kvarus/basiskartlegging_gjennomført","conditions":[{"operator":"empty","actions":[{"action":"setOccurrences","target":"hv_tm_kvarus/hv_tm_kvarus/dato_for_gjennomført_basiskartlegging","value":{"value":"0..1"}},{"action":"disable","target":"hv_tm_kvarus/hv_tm_kvarus/dato_for_gjennomført_basiskartlegging"}]},{"operator":"notempty","actions":[{"action":"setOccurrences","target":"hv_tm_kvarus/hv_tm_kvarus/dato_for_gjennomført_basiskartlegging","value":{"value":"1..1"}},{"action":"enable","target":"hv_tm_kvarus/hv_tm_kvarus/dato_for_gjennomført_basiskartlegging"}]}]}]