{"formId":"form_root","name":"Form root","rmType":"FORM_DEFINITION","viewConfig":{"label":{"custom":false,"value":"","useLocalizations":false,"localizationsList":{}},"size":{"field":"inherit","label":"inherit","fill":"inherit"},"layout":{"label":{"valign":"inherit","align":"inherit"},"field":{"valign":"inherit","align":"inherit"}},"tags":[],"annotations":{"#pasientopplysninger":"openEHR-EHR-ADMIN_ENTRY.pasientopplysninger.v1?scope=patient","#arbeidsgiver":"openEHR-EHR-ADMIN_ENTRY.arbeidsforhold.v1?scope=patient","#diagnose":"openEHR-EHR-EVALUATION.diagnose_sykmelding.v1?scope=patient"}},"language":"","templateLanguages":["nb"],"children":[{"localizedName":"Sykmelding NJA","localizedNames":{"nb":"Fieldset"},"min":"0","max":"1","name":"Sykmelding NJA","rmType":"GENERIC_FIELDSET","formId":"generic-field-98985","viewConfig":{"advanced":{"hidden":false,"readonly":false},"size":{"field":"inherit","label":"inherit","fill":"inherit"},"layout":{"label":{"valign":"inherit","align":"inherit"},"field":{"valign":"inherit","align":"inherit"}}},"children":[{"localizedName":"Ved 100 % sykmelding  som passerer 8, 17 eller 39 uker, skal sykmelding med utdypende spørsmål fylles ut.","localizedNames":{"nb":"Fieldset"},"min":"0","max":"1","name":"Ved 100 % sykmelding  som passerer 8, 17 eller 39 uker, skal sykmelding med utdypende spørsmål fylles ut.","rmType":"GENERIC_FIELDSET","formId":"generic-field-75161","viewConfig":{"advanced":{"hidden":false,"readonly":false},"size":{"field":"inherit","label":"inherit","fill":"inherit"},"layout":{"label":{"valign":"inherit","align":"inherit"},"field":{"valign":"inherit","align":"inherit"}},"annotations":{"headerSize":"text"}},"children":[{"name":"Er dette aktuelt?","localizedName":"Er dette aktuelt?","rmType":"DV_CODED_TEXT","nodeId":"at0002","min":"0","max":"1","localizedNames":{"nb":"Vil du opprette en utvidet sykmelding"},"localizedDescriptions":{"nb":"*"},"aqlPath":"/content[openEHR-EHR-ADMIN_ENTRY.hjelpefelter_sykmld.v1]/data[at0001]/items[at0002]/value","inputs":[{"suffix":"code","type":"CODED_TEXT","list":[{"value":"at0008","label":"Ja","localizedLabels":{"nb":"Ja"},"localizedDescriptions":{"nb":"Ja"}}]}],"formId":"sykmelding/hjelpefelter_sykmld/vil_du_opprette_en_utvidet_sykmelding","viewConfig":{"advanced":{"hidden":false,"readonly":false},"size":{"field":"inherit","label":"inherit","fill":"inherit"},"layout":{"label":{"valign":"inherit","align":"inherit"},"field":{"valign":"inherit","align":"inherit"}},"datasource":{"loadRemote":false,"loadRemoteUrl":"","terminology":""},"tags":["showasradios"],"field":{"code":{"presentation":"combobox"}}}},{"name":"Når startet det legemeldte fraværet","localizedName":"Når startet det legemeldte fraværet","rmType":"DV_DATE","nodeId":"at0009","min":"0","max":"1","localizedNames":{"nb":"0 Når startet det legemeldte fraværet"},"localizedDescriptions":{"nb":"*"},"aqlPath":"/content[openEHR-EHR-ADMIN_ENTRY.pasientopplysninger.v1,'1 Pasientopplysninger']/data[at0001]/items[at0009]/value","inputs":[{"type":"DATE"}],"formId":"sykmelding/a1_pasientopplysninger/a0_når_startet_det_legemeldte_fraværet","viewConfig":{"advanced":{"hidden":false,"readonly":false},"size":{"field":"inherit","label":"inherit","fill":"inherit"},"layout":{"label":{"valign":"inherit","align":"inherit"},"field":{"valign":"inherit","align":"inherit"}},"tags":[],"datasource":{"loadRemote":false,"loadRemoteUrl":"","terminology":""},"field":{"input":{"dateFormat":"","hideDate":false,"hideTime":false}}}}]}]},{"localizedName":"Fieldset","localizedNames":{"nb":"Fieldset"},"min":"0","max":"1","name":"Fieldset","rmType":"GENERIC_FIELDSET","formId":"generic-field-34764","viewConfig":{"advanced":{"hidden":false,"readonly":false,"render":false},"size":{"field":"inherit","label":"inherit","fill":"inherit"},"layout":{"label":{"valign":"inherit","align":"inherit"},"field":{"valign":"inherit","align":"inherit"}},"tags":["hidelabel"]},"children":[{"name":"1 Pasientopplysninger","localizedName":"1 Pasientopplysninger","rmType":"ADMIN_ENTRY","nodeId":"openEHR-EHR-ADMIN_ENTRY.pasientopplysninger.v1","min":"0","max":"1","localizedNames":{"nb":"Pasientopplysninger"},"localizedDescriptions":{"nb":"unknown"},"aqlPath":"/content[openEHR-EHR-ADMIN_ENTRY.pasientopplysninger.v1,'1 Pasientopplysninger']","formId":"sykmelding/a1_pasientopplysninger","inputs":[{"type":"TEXT"}],"viewConfig":{"size":{"field":"inherit","label":"inherit","fill":"inherit"},"layout":{"label":{"valign":"top","align":"top"},"field":{"valign":"inherit","align":"inherit"}},"annotations":{},"advanced":{"hidden":false,"readonly":false,"render":true},"tags":[],"datasource":{"loadRemote":false,"loadRemoteUrl":"","terminology":""}},"children":[{"name":"1.1.2 Fornavn","localizedName":"1.1.2 Fornavn","rmType":"DV_TEXT","nodeId":"at0003","min":0,"max":1,"localizedNames":{"nb":"1.1.2 Fornavn"},"localizedDescriptions":{"nb":"*"},"aqlPath":"/content[openEHR-EHR-ADMIN_ENTRY.pasientopplysninger.v1,'1 Pasientopplysninger']/data[at0001]/items[at0003]/value","inputs":[{"type":"TEXT"}],"formId":"sykmelding/a1_pasientopplysninger/a1.1.2_fornavn","viewConfig":{"annotations":{"templatevariable":"[Pas.Fornavn]"}}},{"name":"1.1.1 Etternavn","localizedName":"1.1.1 Etternavn","rmType":"DV_TEXT","nodeId":"at0002","min":0,"max":1,"localizedNames":{"nb":"1.1.1 Etternavn"},"localizedDescriptions":{"nb":"*"},"aqlPath":"/content[openEHR-EHR-ADMIN_ENTRY.pasientopplysninger.v1,'1 Pasientopplysninger']/data[at0001]/items[at0002]/value","inputs":[{"type":"TEXT"}],"formId":"sykmelding/a1_pasientopplysninger/a1.1.1_etternavn","viewConfig":{"annotations":{"templatevariable":"[Pas.Etternavn]"}}},{"name":"1.2 Fødselsnummer","localizedName":"1.2 Fødselsnummer","rmType":"DV_TEXT","nodeId":"at0005","min":0,"max":1,"localizedNames":{"nb":"1.2 Fødselsnummer"},"localizedDescriptions":{"nb":"*"},"aqlPath":"/content[openEHR-EHR-ADMIN_ENTRY.pasientopplysninger.v1,'1 Pasientopplysninger']/data[at0001]/items[at0005]/value","inputs":[{"type":"TEXT"}],"formId":"sykmelding/a1_pasientopplysninger/a1.2_fødselsnummer","viewConfig":{"annotations":{"templatevariable":"[Pas.Fodselsnr]"}}},{"name":"1.3 Telefon","localizedName":"1.3 Telefon","rmType":"DV_TEXT","nodeId":"at0006","min":0,"max":1,"localizedNames":{"nb":"1.3 Telefon"},"localizedDescriptions":{"nb":"*"},"aqlPath":"/content[openEHR-EHR-ADMIN_ENTRY.pasientopplysninger.v1,'1 Pasientopplysninger']/data[at0001]/items[at0006]/value","inputs":[{"type":"TEXT"}],"formId":"sykmelding/a1_pasientopplysninger/a1.3_telefon","viewConfig":{"size":{"field":"inherit","label":"inherit","fill":"inherit"},"layout":{"label":{"valign":"inherit","align":"inherit"},"field":{"valign":"inherit","align":"inherit"}},"datasource":{"loadRemote":false,"loadRemoteUrl":"","terminology":""},"annotations":{"templateVariable":"[Pas.Telefon]"},"field":{"input":{"presentation":"textfield"}}}},{"name":"1.4 Navn på pasientens fastlege","localizedName":"1.4 Navn på pasientens fastlege","rmType":"DV_TEXT","nodeId":"at0007","min":0,"max":1,"localizedNames":{"nb":"1.4 Navn på pasientens fastlege"},"localizedDescriptions":{"nb":"*"},"aqlPath":"/content[openEHR-EHR-ADMIN_ENTRY.pasientopplysninger.v1,'1 Pasientopplysninger']/data[at0001]/items[at0007]/value","inputs":[{"type":"TEXT"}],"formId":"sykmelding/a1_pasientopplysninger/a1.4_navn_på_pasientens_fastlege","viewConfig":{"size":{"field":"inherit","label":"inherit","fill":"inherit"},"layout":{"field":{"valign":"inherit","align":"inherit"}},"datasource":{"loadRemote":false,"loadRemoteUrl":"","terminology":""},"annotations":{"templateVariable":"[Pas.Prim.Navn]"},"field":{"input":{"presentation":"textfield"}}}},{"name":"1.5 NAV-kontor","localizedName":"1.5 NAV-kontor","rmType":"DV_TEXT","nodeId":"at0008","min":0,"max":1,"localizedNames":{"nb":"1.5 NAV-kontor"},"localizedDescriptions":{"nb":"*"},"aqlPath":"/content[openEHR-EHR-ADMIN_ENTRY.pasientopplysninger.v1,'1 Pasientopplysninger']/data[at0001]/items[at0008]/value","inputs":[{"type":"TEXT"}],"formId":"sykmelding/a1_pasientopplysninger/a1.5_nav-kontor","viewConfig":{"size":{"field":"inherit","label":"inherit","fill":"inherit"},"layout":{"field":{"valign":"inherit","align":"inherit"}},"datasource":{"loadRemote":false,"loadRemoteUrl":"","terminology":""},"annotations":{},"field":{"input":{"presentation":"textfield"}}}}]},{"name":"2 Arbeidsgiver","localizedName":"2 Arbeidsgiver","rmType":"ADMIN_ENTRY","nodeId":"openEHR-EHR-ADMIN_ENTRY.arbeidsforhold.v1","min":"0","max":"1","localizedNames":{"nb":"Arbeidsforhold"},"localizedDescriptions":{"nb":"unknown"},"aqlPath":"/content[openEHR-EHR-ADMIN_ENTRY.arbeidsforhold.v1,'2 Arbeidsforhold']","formId":"sykmelding/a2_arbeidsforhold","inputs":[{"type":"TEXT"}],"viewConfig":{"size":{"field":"inherit","label":"inherit","fill":"inherit"},"layout":{"label":{"valign":"top","align":"top"},"field":{"valign":"inherit","align":"inherit"}},"annotations":{},"advanced":{"hidden":false,"readonly":false,"render":true},"tags":[],"datasource":{"loadRemote":false,"loadRemoteUrl":"","terminology":""}},"children":[{"name":"2.1 Pasient har","localizedName":"2.1 Pasient har","rmType":"DV_CODED_TEXT","nodeId":"at0005","min":"0","max":"1","localizedNames":{"nb":"2.1 Pasienten har"},"localizedDescriptions":{"nb":"*"},"aqlPath":"/content[openEHR-EHR-ADMIN_ENTRY.arbeidsforhold.v1,'2 Arbeidsforhold']/data[at0001]/items[at0005]/value","inputs":[{"suffix":"code","type":"CODED_TEXT","list":[{"value":"at0006","label":"En arbeidsgiver","localizedLabels":{"nb":"En arbeidsgiver"},"localizedDescriptions":{"nb":"En arbeidsgiver"}},{"value":"at0007","label":"Flere arbeidsgivere","localizedLabels":{"nb":"Flere arbeidsgivere"},"localizedDescriptions":{"nb":"Flere arbeidsgivere"}},{"value":"at0008","label":"Ingen arbeidsgivere","localizedLabels":{"nb":"Ingen arbeidsgivere"},"localizedDescriptions":{"nb":"Ingen arbeidsgivere"}}],"defaultValue":"at0006"}],"formId":"sykmelding/a2_arbeidsforhold/a2.1_pasienten_har","viewConfig":{"size":{"field":"inherit","label":"inherit","fill":"inherit"},"layout":{"label":{"valign":"inherit","align":"inherit"},"field":{"valign":"inherit","align":"inherit"}},"datasource":{"loadRemote":false,"loadRemoteUrl":"","terminology":""},"advanced":{"hidden":false,"readonly":false},"tags":[],"annotations":{"description":"Pasienten har"},"field":{"code":{"presentation":"combobox","columns":"4"}}}},{"name":"2.2 Arbeidsgiver for denne sykmeldingen","localizedName":"2.2 Arbeidsgiver for denne sykmeldingen","rmType":"DV_TEXT","nodeId":"at0002","min":0,"max":1,"localizedNames":{"nb":"2.2 Arbeidsgiver for denne sykmeldingen"},"localizedDescriptions":{"nb":"*"},"aqlPath":"/content[openEHR-EHR-ADMIN_ENTRY.arbeidsforhold.v1,'2 Arbeidsforhold']/data[at0001]/items[at0002]/value","inputs":[{"type":"TEXT"}],"formId":"sykmelding/a2_arbeidsforhold/a2.2_arbeidsgiver_for_denne_sykmeldingen","viewConfig":{"size":{"field":"inherit","label":"inherit","fill":"inherit"},"layout":{"field":{"valign":"inherit","align":"inherit"}},"datasource":{"loadRemote":false,"loadRemoteUrl":"","terminology":""},"annotations":{},"field":{"input":{"presentation":"textfield"}}}},{"name":"2.3 Yrke/stilling for dette arbeidsforholdet","localizedName":"2.3 Yrke/stilling for dette arbeidsforholdet","rmType":"DV_TEXT","nodeId":"at0003","min":0,"max":1,"localizedNames":{"nb":"2.3 Yrke/stilling for dette arbeidsforholdet"},"localizedDescriptions":{"nb":"*"},"aqlPath":"/content[openEHR-EHR-ADMIN_ENTRY.arbeidsforhold.v1,'2 Arbeidsforhold']/data[at0001]/items[at0003]/value","inputs":[{"type":"TEXT"}],"formId":"sykmelding/a2_arbeidsforhold/a2.3_yrke_stilling_for_dette_arbeidsforholdet","viewConfig":{"size":{"field":"inherit","label":"inherit","fill":"inherit"},"layout":{"field":{"valign":"inherit","align":"inherit"}},"datasource":{"loadRemote":false,"loadRemoteUrl":"","terminology":""},"annotations":{"templateVariable":"[Pas.Yrke]"},"field":{"input":{"presentation":"textfield"}}}},{"name":"2.4 Stillingsprosent","localizedName":"2.4 Stillingsprosent","rmType":"DV_QUANTITY","nodeId":"at0004","min":0,"max":1,"localizedNames":{"nb":"2.4 Stillingsprosent"},"localizedDescriptions":{"nb":"*"},"aqlPath":"/content[openEHR-EHR-ADMIN_ENTRY.arbeidsforhold.v1,'2 Arbeidsforhold']/data[at0001]/items[at0004]/value","inputs":[{"suffix":"magnitude","type":"DECIMAL","validation":{"range":{"minOp":">=","min":0,"maxOp":"<=","max":100},"precision":{"minOp":">=","min":0,"maxOp":"<=","max":0}},"defaultValue":100},{"suffix":"unit","type":"CODED_TEXT","list":[{"value":"%","label":"%","validation":{"range":{"minOp":">=","min":0,"maxOp":"<=","max":100},"precision":{"minOp":">=","min":0,"maxOp":"<=","max":0}}}],"defaultValue":"%"}],"formId":"sykmelding/a2_arbeidsforhold/a2.4_stillingsprosent","viewConfig":{"field":{"magnitude":{"presentation":"combobox"}},"size":{"field":"inherit","label":"inherit","fill":"inherit"},"layout":{"field":{"valign":"inherit","align":"inherit"}},"datasource":{"loadRemote":false,"loadRemoteUrl":"","terminology":""}}}]}]},{"name":"3 Diagnose sykmelding","localizedName":"3 Diagnose sykmelding","rmType":"EVALUATION","nodeId":"openEHR-EHR-EVALUATION.diagnose_sykmelding.v1","min":0,"max":1,"localizedNames":{"nb":"Diagnose sykmelding"},"localizedDescriptions":{"nb":"unknown"},"aqlPath":"/content[openEHR-EHR-EVALUATION.diagnose_sykmelding.v1,'3 Diagnose sykmelding']","formId":"sykmelding/a3_diagnose_sykmelding","viewConfig":{"size":{"field":"inherit","label":"inherit","fill":"inherit"},"layout":{"field":{"valign":"inherit","align":"inherit"}},"annotations":{}},"children":[{"name":"3.1 Hoveddiagnose","localizedName":"3.1 Hoveddiagnose","rmType":"CLUSTER","nodeId":"at0016","min":"0","max":"1","localizedNames":{"nb":"3.1 Hoveddiagnose"},"localizedDescriptions":{"nb":"*"},"aqlPath":"/content[openEHR-EHR-EVALUATION.diagnose_sykmelding.v1,'3 Diagnose sykmelding']/data[at0001]/items[at0016]","formId":"sykmelding/a3_diagnose_sykmelding/a3.1_hoveddiagnose","viewConfig":{"size":{"field":"inherit","label":"inherit","fill":"inherit"},"layout":{"label":{"valign":"top","align":"top"},"field":{"valign":"inherit","align":"inherit"}},"annotations":{"headerSize":"text"},"advanced":{"hidden":false,"readonly":false,"render":false},"tags":[]},"children":[{"name":"3.1.1 Kodesystem","localizedName":"3.1.1 Kodesystem","rmType":"DV_TEXT","nodeId":"at0003","min":"0","max":"1","localizedNames":{"nb":"3.1.1 Kodesystem"},"localizedDescriptions":{"nb":"*"},"aqlPath":"/content[openEHR-EHR-EVALUATION.diagnose_sykmelding.v1,'3 Diagnose sykmelding']/data[at0001]/items[at0016]/items[at0003]/value","inputs":[{"type":"TEXT","defaultValue":"ICD-10"}],"formId":"sykmelding/a3_diagnose_sykmelding/a3.1_hoveddiagnose/a3.1.1_kodesystem","viewConfig":{"size":{"field":"inherit","label":"inherit","fill":"inherit"},"layout":{"label":{"valign":"inherit","align":"inherit"},"field":{"valign":"inherit","align":"inherit"}},"datasource":{"loadRemote":false,"loadRemoteUrl":"","terminology":""},"advanced":{"hidden":true,"readonly":false},"tags":[],"field":{"input":{"presentation":"textfield"}}}},{"name":"3.1.2 Kode","localizedName":"3.1.2 Kode","rmType":"DV_TEXT","nodeId":"at0004","min":0,"max":1,"localizedNames":{"nb":"3.1.2 Kode"},"localizedDescriptions":{"nb":"*"},"aqlPath":"/content[openEHR-EHR-EVALUATION.diagnose_sykmelding.v1,'3 Diagnose sykmelding']/data[at0001]/items[at0016]/items[at0004]/value","inputs":[{"type":"TEXT"}],"formId":"sykmelding/a3_diagnose_sykmelding/a3.1_hoveddiagnose/a3.1.2_kode","viewConfig":{"annotations":{"TemplateVariable":"[OmsE.HovedDiagnoseKode]"},"size":{"field":"inherit","label":"inherit","fill":"inherit"},"layout":{"field":{"valign":"inherit","align":"inherit"}},"datasource":{"loadRemote":false,"loadRemoteUrl":"","terminology":""},"field":{"input":{"presentation":"textfield"}}}},{"name":"3.1.3 Diagnose","localizedName":"3.1.3 Diagnose","rmType":"DV_TEXT","nodeId":"at0005","min":0,"max":1,"localizedNames":{"nb":"3.1.3 Diagnose"},"localizedDescriptions":{"nb":"*"},"aqlPath":"/content[openEHR-EHR-EVALUATION.diagnose_sykmelding.v1,'3 Diagnose sykmelding']/data[at0001]/items[at0016]/items[at0005]/value","inputs":[{"type":"TEXT"}],"formId":"sykmelding/a3_diagnose_sykmelding/a3.1_hoveddiagnose/a3.1.3_diagnose","viewConfig":{"annotations":{"TemplateVariable":"[OmsE.HovedDiagnoseUtenKode]"},"size":{"field":"inherit","label":"inherit","fill":"inherit"},"layout":{"field":{"valign":"inherit","align":"inherit"}},"datasource":{"loadRemote":false,"loadRemoteUrl":"","terminology":""},"field":{"input":{"presentation":"textfield"}}}}]},{"name":"3.2 Bidiagnoser","localizedName":"3.2 Bidiagnoser","rmType":"CLUSTER","nodeId":"at0008","min":"0","max":"1","localizedNames":{"nb":"3.2 Bidiagnoser"},"localizedDescriptions":{"nb":"*"},"aqlPath":"/content[openEHR-EHR-EVALUATION.diagnose_sykmelding.v1,'3 Diagnose sykmelding']/data[at0001]/items[at0008]","formId":"sykmelding/a3_diagnose_sykmelding/a3.2_bidiagnoser","viewConfig":{"size":{"field":"inherit","label":"inherit","fill":"inherit"},"layout":{"label":{"valign":"top","align":"top"},"field":{"valign":"inherit","align":"inherit"}},"annotations":{"headersize":"text"},"advanced":{"hidden":false,"readonly":false,"render":true},"tags":["ForceMinMultiplicity"],"datasource":{"loadRemote":false,"loadRemoteUrl":"","terminology":""}},"children":[{"name":"3.2.1 Kodesystem","localizedName":"3.2.1 Kodesystem","rmType":"DV_TEXT","nodeId":"at0007","min":"0","max":"1","localizedNames":{"nb":"3.2.1 Kodesystem"},"localizedDescriptions":{"nb":"*"},"aqlPath":"/content[openEHR-EHR-EVALUATION.diagnose_sykmelding.v1,'3 Diagnose sykmelding']/data[at0001]/items[at0008]/items[at0007]/value","inputs":[{"type":"TEXT","defaultValue":"ICD-10"}],"formId":"sykmelding/a3_diagnose_sykmelding/a3.2_bidiagnoser/a3.2.1_kodesystem","viewConfig":{"size":{"field":"inherit","label":"inherit","fill":"inherit"},"layout":{"label":{"valign":"inherit","align":"inherit"},"field":{"valign":"inherit","align":"inherit"}},"datasource":{"loadRemote":false,"loadRemoteUrl":"","terminology":""},"advanced":{"hidden":true,"readonly":false},"tags":[],"field":{"input":{"presentation":"textfield"}}}},{"name":"3.2.2 Kode","localizedName":"3.2.2 Kode","rmType":"DV_TEXT","nodeId":"at0009","min":0,"max":1,"localizedNames":{"nb":"3.2.2 Kode"},"localizedDescriptions":{"nb":"*"},"aqlPath":"/content[openEHR-EHR-EVALUATION.diagnose_sykmelding.v1,'3 Diagnose sykmelding']/data[at0001]/items[at0008]/items[at0009]/value","inputs":[{"type":"TEXT"}],"formId":"sykmelding/a3_diagnose_sykmelding/a3.2_bidiagnoser/a3.2.2_kode","viewConfig":{"size":{"field":"inherit","label":"inherit","fill":"inherit"},"layout":{"field":{"valign":"inherit","align":"inherit"}},"datasource":{"loadRemote":false,"loadRemoteUrl":"","terminology":""},"field":{"input":{"presentation":"textfield"}}}},{"name":"3.2.3 Diagnose","localizedName":"3.2.3 Diagnose","rmType":"DV_TEXT","nodeId":"at0010","min":0,"max":1,"localizedNames":{"nb":"3.2.3 Diagnose"},"localizedDescriptions":{"nb":"*"},"aqlPath":"/content[openEHR-EHR-EVALUATION.diagnose_sykmelding.v1,'3 Diagnose sykmelding']/data[at0001]/items[at0008]/items[at0010]/value","inputs":[{"type":"TEXT"}],"formId":"sykmelding/a3_diagnose_sykmelding/a3.2_bidiagnoser/a3.2.3_diagnose","viewConfig":{"size":{"field":"inherit","label":"inherit","fill":"inherit"},"layout":{"field":{"valign":"inherit","align":"inherit"}},"datasource":{"loadRemote":false,"loadRemoteUrl":"","terminology":""},"field":{"input":{"presentation":"textfield"}}}}]},{"annotations":{"comment":"Generic input field used to add custom fields."},"inputs":[{"type":"TEXT","defaultValue":"Finn kode/diagnose"}],"localizedName":"*","localizedNames":{"nb":"Input"},"max":"1","min":"0","name":"*","rmType":"GENERIC_FIELD","formId":"generic-field-71569","viewConfig":{"advanced":{"hidden":false,"readonly":false},"size":{"field":"inherit","label":"inherit","fill":"inherit"},"layout":{"label":{"valign":"middle","align":"left"},"field":{"valign":"inherit","align":"inherit"}},"datasource":{"loadRemote":false,"loadRemoteUrl":"","terminology":""},"annotations":{"ShowAsHyperlink":"https://finnkode.helsedirektoratet.no/#|icd10|ICD10SysDel|-1|flowEdit annotations"},"tags":["hidelabel"],"field":{"input":{"presentation":"textfield"}}}},{"name":"3.3 Annen lovfestet fraværsgrunn § 8-4, 3. ledd - oppgis hvis relevant","localizedName":"3.3 Annen lovfestet fraværsgrunn § 8-4, 3. ledd - oppgis hvis relevant","rmType":"CLUSTER","nodeId":"at0015","min":"0","max":"1","localizedNames":{"nb":"3.3 Annen lovfestet fraværsgrunn paragraf 8-4, 3. ledd - oppgis hvis relevant"},"localizedDescriptions":{"nb":"*"},"aqlPath":"/content[openEHR-EHR-EVALUATION.diagnose_sykmelding.v1,'3 Diagnose sykmelding']/data[at0001]/items[at0015]","formId":"sykmelding/a3_diagnose_sykmelding/a3.3_annen_lovfestet_fraværsgrunn_paragraf_8-4_3._ledd_-_oppgis_hvis_relevant","viewConfig":{"size":{"field":"inherit","label":"inherit","fill":"inherit"},"layout":{"label":{"valign":"inherit","align":"inherit"},"field":{"valign":"inherit","align":"inherit"}},"annotations":{"headerSize":"text"},"advanced":{"hidden":false,"readonly":false,"render":false},"tags":["ForceMinMultiplicity"]},"children":[{"name":"3.3.1 Årsak","localizedName":"3.3.1 Årsak","rmType":"DV_CODED_TEXT","nodeId":"at0012","min":0,"max":1,"localizedNames":{"nb":"3.3.1 Årsak"},"localizedDescriptions":{"nb":"*"},"aqlPath":"/content[openEHR-EHR-EVALUATION.diagnose_sykmelding.v1,'3 Diagnose sykmelding']/data[at0001]/items[at0015]/items[at0012]/value","inputs":[{"suffix":"code","type":"CODED_TEXT","list":[{"value":"CY01","label":"Arbeidsrettede tiltak","localizedLabels":{"nb":""}},{"value":"CY02","label":"Barnløshet","localizedLabels":{"nb":""}},{"value":"CY03","label":"Behandling","localizedLabels":{"nb":""}},{"value":"CY04","label":"Donor","localizedLabels":{"nb":""}},{"value":"CY05","label":"Innleggelse i godkjent institusjon","localizedLabels":{"nb":""}},{"value":"CY06","label":"Kontrollundersøkelse","localizedLabels":{"nb":""}},{"value":"CY07","label":"Opplæringstiltak med tilskott","localizedLabels":{"nb":""}},{"value":"CY08","label":"Smittefare","localizedLabels":{"nb":""}},{"value":"CY09","label":"Sterilisering","localizedLabels":{"nb":""}},{"value":"CY010","label":"Svangerskapsavbrudd","localizedLabels":{"nb":""}}],"terminology":"Olafia"}],"formId":"sykmelding/a3_diagnose_sykmelding/a3.3_annen_lovfestet_fraværsgrunn_paragraf_8-4_3._ledd_-_oppgis_hvis_relevant/a3.3.1_årsak"},{"annotations":{"comment":"Generic input field used to add custom fields."},"inputs":[{"type":"TEXT","defaultValue":"Lenke til lovtekst om fraværsgrunn"}],"localizedName":"*","localizedNames":{"nb":"Input"},"max":"1","min":"0","name":"*","rmType":"GENERIC_FIELD","formId":"generic-field-34343","viewConfig":{"advanced":{"hidden":false,"readonly":false},"size":{"field":"inherit","label":"inherit","fill":"inherit"},"layout":{"label":{"valign":"inherit","align":"inherit"},"field":{"valign":"inherit","align":"inherit"}},"datasource":{"loadRemote":false,"loadRemoteUrl":"","terminology":""},"annotations":{"ShowAsHyperlink":"https://www.nav.no/rettskildene/Rundskriv/%C2%A7+8-4+Arbeidsuf%C3%B8rhet.147679.cms"},"tags":["hidelabel"],"field":{"input":{"presentation":"textfield"}}}},{"name":"3.3.2 Beskriv fravær (valgfritt)","localizedName":"3.3.2 Beskriv fravær (valgfritt)","rmType":"DV_TEXT","nodeId":"at0013","min":0,"max":1,"localizedNames":{"nb":"3.3.2 Beskrivelse av lovbestemt fravær"},"localizedDescriptions":{"nb":"*"},"aqlPath":"/content[openEHR-EHR-EVALUATION.diagnose_sykmelding.v1,'3 Diagnose sykmelding']/data[at0001]/items[at0015]/items[at0013]/value","inputs":[{"type":"TEXT"}],"formId":"sykmelding/a3_diagnose_sykmelding/a3.3_annen_lovfestet_fraværsgrunn_paragraf_8-4_3._ledd_-_oppgis_hvis_relevant/a3.3.2_beskrivelse_av_lovbestemt_fravær","viewConfig":{"size":{"field":"inherit","label":"inherit","fill":"inherit"},"layout":{"field":{"valign":"inherit","align":"inherit"}},"datasource":{"loadRemote":false,"loadRemoteUrl":"","terminology":""},"field":{"input":{"presentation":"textfield"}}}}]}]},{"localizedName":"Fieldset","localizedNames":{"nb":"Fieldset"},"min":"0","max":"1","name":"Fieldset","rmType":"GENERIC_FIELDSET","formId":"generic-field-14208","viewConfig":{"size":{"field":"inherit","label":"inherit","fill":"inherit"},"layout":{"label":{"valign":"inherit","align":"inherit"},"field":{"valign":"inherit","align":"inherit"}},"advanced":{"hidden":false,"readonly":false,"render":false},"tags":["hidelabel"]},"children":[{"name":"3.4 Sykdommen er svangerskapsrelatert","localizedName":"3.4 Sykdommen er svangerskapsrelatert","rmType":"DV_BOOLEAN","nodeId":"at0017","min":"0","max":"1","localizedNames":{"nb":"3.4 Sykdommen er svangerskapsrelatert"},"localizedDescriptions":{"nb":"*"},"aqlPath":"/content[openEHR-EHR-EVALUATION.diagnose_sykmelding.v1,'3 Diagnose sykmelding']/data[at0001]/items[at0017]/value","inputs":[{"type":"BOOLEAN","defaultValue":false}],"formId":"sykmelding/a3_diagnose_sykmelding/a3.4_sykdommen_er_svangerskapsrelatert","viewConfig":{"advanced":{"hidden":false,"readonly":false,"render":false},"size":{"field":"inherit","label":"inherit","fill":"inherit"},"layout":{"label":{"valign":"inherit","align":"inherit"},"field":{"valign":"inherit","align":"inherit"}},"datasource":{"loadRemote":false,"loadRemoteUrl":"","terminology":""},"field":{"input":{"threeState":false}}}},{"name":"3.5 Sykmeldingen kan skyldes en yrkesskade/yrkessykdom","localizedName":"3.5 Sykmeldingen kan skyldes en yrkesskade/yrkessykdom","rmType":"DV_BOOLEAN","nodeId":"at0018","min":"0","max":"1","localizedNames":{"nb":"3.5 Sykmeldingen kan skyldes en yrkesskade/yrkessykdom"},"localizedDescriptions":{"nb":"*"},"aqlPath":"/content[openEHR-EHR-EVALUATION.diagnose_sykmelding.v1,'3 Diagnose sykmelding']/data[at0001]/items[at0018]/value","inputs":[{"type":"BOOLEAN","defaultValue":false}],"formId":"sykmelding/a3_diagnose_sykmelding/a3.5_sykmeldingen_kan_skyldes_en_yrkesskade_yrkessykdom","viewConfig":{"advanced":{"hidden":false,"readonly":false,"render":false},"size":{"field":"inherit","label":"inherit","fill":"inherit"},"layout":{"label":{"valign":"inherit","align":"inherit"},"field":{"valign":"inherit","align":"inherit"}},"datasource":{"loadRemote":false,"loadRemoteUrl":"","terminology":""},"field":{"input":{"threeState":false}}}},{"name":"3.6 Eventuell skadedato","localizedName":"3.6 Eventuell skadedato","rmType":"DV_DATE","nodeId":"at0019","min":"0","max":"1","localizedNames":{"nb":"3.6 Eventuell skadedato"},"localizedDescriptions":{"nb":"*"},"aqlPath":"/content[openEHR-EHR-EVALUATION.diagnose_sykmelding.v1,'3 Diagnose sykmelding']/data[at0001]/items[at0019]/value","inputs":[{"type":"DATE"}],"formId":"sykmelding/a3_diagnose_sykmelding/a3.6_eventuell_skadedato","viewConfig":{"size":{"field":"inherit","label":"inherit","fill":"inherit"},"layout":{"label":{"valign":"inherit","align":"inherit"},"field":{"valign":"inherit","align":"inherit"}},"datasource":{"loadRemote":false,"loadRemoteUrl":"","terminology":""},"advanced":{"hidden":true,"readonly":false},"tags":[],"field":{"input":{"dateFormat":"","hideDate":false,"hideTime":false}}}},{"name":"3.7 Det er påtrengende nødvendig å skjerme pas. for med. opplysn. jf. pas.rett. loven §3-2 og 5-1","localizedName":"3.7 Det er påtrengende nødvendig å skjerme pas. for med. opplysn. jf. pas.rett. loven §3-2 og 5-1","rmType":"DV_BOOLEAN","nodeId":"at0020","min":"0","max":"1","localizedNames":{"nb":"3.7 Det er påtrengende nødvendig å skjerme pasienten for medisinske opplysninger, jf. pasient- og brukerrettighetsloven paragraf 3-2 og 5-1"},"localizedDescriptions":{"nb":"*"},"aqlPath":"/content[openEHR-EHR-EVALUATION.diagnose_sykmelding.v1,'3 Diagnose sykmelding']/data[at0001]/items[at0020]/value","inputs":[{"type":"BOOLEAN","defaultValue":false}],"formId":"sykmelding/a3_diagnose_sykmelding/a3.7_det_er_påtrengende_nødvendig_å_skjerme_pasienten_for_medisinske_opplysninger_jf._pasient-_og_brukerrettighetsloven_paragraf_3-2_og_5-1","viewConfig":{"size":{"field":"inherit","label":"inherit","fill":"inherit"},"layout":{"label":{"valign":"inherit","align":"inherit"},"field":{"valign":"inherit","align":"inherit"}},"datasource":{"loadRemote":false,"loadRemoteUrl":"","terminology":""},"advanced":{"hidden":false,"readonly":false},"tags":["hidelabel"],"field":{"input":{"threeState":false}},"annotations":{"description":"Det er påtrengende nødvendig å skjerme pasienten for medisinske opplysninger, jf. pasient- og brukerrettighetsloven §§ 3-2 og 5-1"}}}]},{"name":"4 Mulighet for arbeid","localizedName":"4 Mulighet for arbeid","rmType":"EVALUATION","nodeId":"openEHR-EHR-EVALUATION.mulighet_for_arbeid.v1","min":0,"max":1,"localizedNames":{"nb":"Mulighet for arbeid"},"localizedDescriptions":{"nb":"unknown"},"aqlPath":"/content[openEHR-EHR-EVALUATION.mulighet_for_arbeid.v1,'4 Mulighet for arbeid']","formId":"sykmelding/a4_mulighet_for_arbeid","viewConfig":{"size":{"field":"inherit","label":"inherit","fill":"inherit"},"layout":{"field":{"valign":"inherit","align":"inherit"}}},"children":[{"name":"4.1 Pasienten kan benytte avventende sykmelding","localizedName":"4.1 Pasienten kan benytte avventende sykmelding","rmType":"CLUSTER","nodeId":"at0002","min":"0","max":"1","localizedNames":{"nb":"4.1 Pasienten kan benytte avventende sykmelding"},"localizedDescriptions":{"nb":"*"},"aqlPath":"/content[openEHR-EHR-EVALUATION.mulighet_for_arbeid.v1,'4 Mulighet for arbeid']/data[at0001]/items[at0002]","formId":"sykmelding/a4_mulighet_for_arbeid/a4.1_pasienten_kan_benytte_avventende_sykmelding","viewConfig":{"size":{"field":"inherit","label":"inherit","fill":"inherit"},"layout":{"label":{"valign":"inherit","align":"inherit"},"field":{"valign":"inherit","align":"inherit"}},"advanced":{"hidden":false,"readonly":false},"tags":[],"annotations":{"headerSize":"text"},"datasource":{"loadRemote":false,"loadRemoteUrl":"","terminology":""}},"children":[{"name":"4.1.1 f.o.m","localizedName":"4.1.1 f.o.m","rmType":"DV_DATE","nodeId":"at0003","min":0,"max":1,"localizedNames":{"nb":"4.1.1 f.o.m"},"localizedDescriptions":{"nb":"*"},"aqlPath":"/content[openEHR-EHR-EVALUATION.mulighet_for_arbeid.v1,'4 Mulighet for arbeid']/data[at0001]/items[at0002]/items[at0003]/value","inputs":[{"type":"DATE"}],"formId":"sykmelding/a4_mulighet_for_arbeid/a4.1_pasienten_kan_benytte_avventende_sykmelding/a4.1.1_f.o.m","viewConfig":{"size":{"field":"inherit","label":"inherit","fill":"inherit"},"layout":{"field":{"valign":"inherit","align":"inherit"}},"datasource":{"loadRemote":false,"loadRemoteUrl":"","terminology":""},"field":{"input":{"dateFormat":"","hideDate":false,"hideTime":false}}}},{"name":"4.1.2 t.o.m","localizedName":"4.1.2 t.o.m","rmType":"DV_DATE","nodeId":"at0004","min":0,"max":1,"localizedNames":{"nb":"4.1.2 t.o.m"},"localizedDescriptions":{"nb":"*"},"aqlPath":"/content[openEHR-EHR-EVALUATION.mulighet_for_arbeid.v1,'4 Mulighet for arbeid']/data[at0001]/items[at0002]/items[at0004]/value","inputs":[{"type":"DATE"}],"formId":"sykmelding/a4_mulighet_for_arbeid/a4.1_pasienten_kan_benytte_avventende_sykmelding/a4.1.2_t.o.m","viewConfig":{"size":{"field":"inherit","label":"inherit","fill":"inherit"},"layout":{"field":{"valign":"inherit","align":"inherit"}},"datasource":{"loadRemote":false,"loadRemoteUrl":"","terminology":""},"field":{"input":{"dateFormat":"","hideDate":false,"hideTime":false}}}},{"name":"4.1.3 Innspill til arbeidsgiver om tilrettelegging","localizedName":"4.1.3 Innspill til arbeidsgiver om tilrettelegging","rmType":"DV_TEXT","nodeId":"at0031","min":"0","max":"1","localizedNames":{"nb":"4.1.3 Innspill til arbeidsgiver om tilrettelegging"},"localizedDescriptions":{"nb":"*"},"aqlPath":"/content[openEHR-EHR-EVALUATION.mulighet_for_arbeid.v1,'4 Mulighet for arbeid']/data[at0001]/items[at0002]/items[at0031]/value","inputs":[{"type":"TEXT"}],"formId":"sykmelding/a4_mulighet_for_arbeid/a4.1_pasienten_kan_benytte_avventende_sykmelding/a4.1.3_innspill_til_arbeidsgiver_om_tilrettelegging","viewConfig":{"advanced":{"hidden":false,"readonly":false},"size":{"field":"inherit","label":"inherit","fill":"inherit"},"layout":{"label":{"valign":"top","align":"top"},"field":{"valign":"inherit","align":"inherit"}},"datasource":{"loadRemote":false,"loadRemoteUrl":"","terminology":""},"tags":[],"field":{"input":{"presentation":"textfield","lines":"1"}}}}]},{"name":"4.2 Pasienten kan være i delvis arbeid (gradert sykmelding)","localizedName":"4.2 Pasienten kan være i delvis arbeid (gradert sykmelding)","rmType":"CLUSTER","nodeId":"at0005","min":0,"max":-1,"localizedNames":{"nb":"4.2 Pasienten kan være i delvis arbeid (gradert sykmelding)"},"localizedDescriptions":{"nb":"*"},"aqlPath":"/content[openEHR-EHR-EVALUATION.mulighet_for_arbeid.v1,'4 Mulighet for arbeid']/data[at0001]/items[at0005]","formId":"sykmelding/a4_mulighet_for_arbeid/a4.2_pasienten_kan_være_i_delvis_arbeid_gradert_sykmelding","viewConfig":{"annotations":{"headersize":"text"}},"children":[{"name":"4.2.1 f.o.m","localizedName":"4.2.1 f.o.m","rmType":"DV_DATE","nodeId":"at0006","min":0,"max":1,"localizedNames":{"nb":"4.2.1 f.o.m"},"localizedDescriptions":{"nb":"*"},"aqlPath":"/content[openEHR-EHR-EVALUATION.mulighet_for_arbeid.v1,'4 Mulighet for arbeid']/data[at0001]/items[at0005]/items[at0006]/value","inputs":[{"type":"DATE"}],"formId":"sykmelding/a4_mulighet_for_arbeid/a4.2_pasienten_kan_være_i_delvis_arbeid_gradert_sykmelding/a4.2.1_f.o.m"},{"name":"4.2.2 t.o.m","localizedName":"4.2.2 t.o.m","rmType":"DV_DATE","nodeId":"at0007","min":0,"max":1,"localizedNames":{"nb":"4.2.2 t.o.m"},"localizedDescriptions":{"nb":"*"},"aqlPath":"/content[openEHR-EHR-EVALUATION.mulighet_for_arbeid.v1,'4 Mulighet for arbeid']/data[at0001]/items[at0005]/items[at0007]/value","inputs":[{"type":"DATE"}],"formId":"sykmelding/a4_mulighet_for_arbeid/a4.2_pasienten_kan_være_i_delvis_arbeid_gradert_sykmelding/a4.2.2_t.o.m"},{"name":"4.2.3 Oppgi grad for sykmelding","localizedName":"4.2.3 Oppgi grad for sykmelding","rmType":"DV_QUANTITY","nodeId":"at0008","min":"0","max":"1","localizedNames":{"nb":"4.2.3 Oppgi grad for sykmelding"},"localizedDescriptions":{"nb":"*"},"aqlPath":"/content[openEHR-EHR-EVALUATION.mulighet_for_arbeid.v1,'4 Mulighet for arbeid']/data[at0001]/items[at0005]/items[at0008]/value","inputs":[{"suffix":"magnitude","type":"DECIMAL","validation":{"range":{"minOp":">=","min":0,"maxOp":"<=","max":100},"precision":{"minOp":">=","min":0,"maxOp":"<=","max":0}}},{"suffix":"unit","type":"CODED_TEXT","list":[{"value":"%","label":"%","validation":{"range":{"minOp":">=","min":0,"maxOp":"<=","max":100},"precision":{"minOp":">=","min":0,"maxOp":"<=","max":0}}}],"defaultValue":"%"}],"formId":"sykmelding/a4_mulighet_for_arbeid/a4.2_pasienten_kan_være_i_delvis_arbeid_gradert_sykmelding/a4.2.3_oppgi_grad_for_sykmelding","viewConfig":{"field":{"magnitude":{"presentation":"combobox"}},"advanced":{"hidden":false,"readonly":false},"size":{"field":"inherit","label":"inherit","fill":"inherit"},"layout":{"label":{"valign":"top","align":"top"},"field":{"valign":"inherit","align":"inherit"}},"tags":[],"datasource":{"loadRemote":false,"loadRemoteUrl":"","terminology":""}}},{"name":"4.2.4 Pasienten kan være i delvis arbeid ved bruk av reisetilskudd","localizedName":"4.2.4 Pasienten kan være i delvis arbeid ved bruk av reisetilskudd","rmType":"DV_BOOLEAN","nodeId":"at0009","min":0,"max":1,"localizedNames":{"nb":"4.2.4 Pasienten kan være i delvis arbeid ved bruk av reisetilskudd"},"localizedDescriptions":{"nb":"*"},"aqlPath":"/content[openEHR-EHR-EVALUATION.mulighet_for_arbeid.v1,'4 Mulighet for arbeid']/data[at0001]/items[at0005]/items[at0009]/value","inputs":[{"type":"BOOLEAN","defaultValue":false}],"formId":"sykmelding/a4_mulighet_for_arbeid/a4.2_pasienten_kan_være_i_delvis_arbeid_gradert_sykmelding/a4.2.4_pasienten_kan_være_i_delvis_arbeid_ved_bruk_av_reisetilskudd"}]},{"name":"4.3 Pasienten kan ikke være i arbeid (100% sykmelding)","localizedName":"4.3 Pasienten kan ikke være i arbeid (100% sykmelding)","rmType":"CLUSTER","nodeId":"at0010","min":"0","max":"1","localizedNames":{"nb":"4.3 Pasienten kan ikke være i arbeid (100% sykmelding)"},"localizedDescriptions":{"nb":"*"},"aqlPath":"/content[openEHR-EHR-EVALUATION.mulighet_for_arbeid.v1,'4 Mulighet for arbeid']/data[at0001]/items[at0010]","formId":"sykmelding/a4_mulighet_for_arbeid/a4.3_pasienten_kan_ikke_være_i_arbeid_100_sykmelding","viewConfig":{"size":{"field":"inherit","label":"inherit","fill":"inherit"},"layout":{"label":{"valign":"inherit","align":"inherit"},"field":{"valign":"inherit","align":"inherit"}},"annotations":{"headerSize":"text"},"advanced":{"hidden":false,"readonly":false},"tags":[],"datasource":{"loadRemote":false,"loadRemoteUrl":"","terminology":""}},"children":[{"name":"4.3.1 f.o.m","localizedName":"4.3.1 f.o.m","rmType":"DV_DATE","nodeId":"at0011","min":0,"max":1,"localizedNames":{"nb":"4.3.1 f.o.m"},"localizedDescriptions":{"nb":"*"},"aqlPath":"/content[openEHR-EHR-EVALUATION.mulighet_for_arbeid.v1,'4 Mulighet for arbeid']/data[at0001]/items[at0010]/items[at0011]/value","inputs":[{"type":"DATE"}],"formId":"sykmelding/a4_mulighet_for_arbeid/a4.3_pasienten_kan_ikke_være_i_arbeid_100_sykmelding/a4.3.1_f.o.m","viewConfig":{"size":{"field":"inherit","label":"inherit","fill":"inherit"},"layout":{"field":{"valign":"inherit","align":"inherit"}},"datasource":{"loadRemote":false,"loadRemoteUrl":"","terminology":""},"field":{"input":{"dateFormat":"","hideDate":false,"hideTime":false}}}},{"name":"4.3.2 t.o.m","localizedName":"4.3.2 t.o.m","rmType":"DV_DATE","nodeId":"at0012","min":0,"max":1,"localizedNames":{"nb":"4.3.2 t.o.m"},"localizedDescriptions":{"nb":"*"},"aqlPath":"/content[openEHR-EHR-EVALUATION.mulighet_for_arbeid.v1,'4 Mulighet for arbeid']/data[at0001]/items[at0010]/items[at0012]/value","inputs":[{"type":"DATE"}],"formId":"sykmelding/a4_mulighet_for_arbeid/a4.3_pasienten_kan_ikke_være_i_arbeid_100_sykmelding/a4.3.2_t.o.m","viewConfig":{"size":{"field":"inherit","label":"inherit","fill":"inherit"},"layout":{"field":{"valign":"inherit","align":"inherit"}},"datasource":{"loadRemote":false,"loadRemoteUrl":"","terminology":""},"field":{"input":{"dateFormat":"","hideDate":false,"hideTime":false}}}},{"name":"4.3.3 Det er medisinske årsaker som hindrer arbeidsrelatert aktivitet","localizedName":"4.3.3 Det er medisinske årsaker som hindrer arbeidsrelatert aktivitet","rmType":"DV_BOOLEAN","nodeId":"at0014","min":0,"max":1,"localizedNames":{"nb":"4.3.3 Det er medisinske årsaker som hindrer arbeidsrelatert aktivitet"},"localizedDescriptions":{"nb":"*"},"aqlPath":"/content[openEHR-EHR-EVALUATION.mulighet_for_arbeid.v1,'4 Mulighet for arbeid']/data[at0001]/items[at0010]/items[at0014]/value","inputs":[{"type":"BOOLEAN","defaultValue":false}],"formId":"sykmelding/a4_mulighet_for_arbeid/a4.3_pasienten_kan_ikke_være_i_arbeid_100_sykmelding/a4.3.3_det_er_medisinske_årsaker_som_hindrer_arbeidsrelatert_aktivitet","viewConfig":{"size":{"field":"inherit","label":"inherit","fill":"inherit"},"layout":{"field":{"valign":"inherit","align":"inherit"}},"datasource":{"loadRemote":false,"loadRemoteUrl":"","terminology":""},"field":{"input":{"threeState":false}}}},{"name":"Helsetilstanden hindrer pasienten i å være i aktivitet (for utvidet sykmld)","localizedName":"Helsetilstanden hindrer pasienten i å være i aktivitet (for utvidet sykmld)","rmType":"DV_BOOLEAN","nodeId":"at0015","min":"0","max":"1","localizedNames":{"nb":"Helsetilstanden hindrer pasienten i å være i aktivitet"},"localizedDescriptions":{"nb":"*"},"aqlPath":"/content[openEHR-EHR-EVALUATION.mulighet_for_arbeid.v1,'4 Mulighet for arbeid']/data[at0001]/items[at0010]/items[at0015]/value","inputs":[{"type":"BOOLEAN","defaultValue":false}],"formId":"sykmelding/a4_mulighet_for_arbeid/a4.3_pasienten_kan_ikke_være_i_arbeid_100_sykmelding/helsetilstanden_hindrer_pasienten_i_å_være_i_aktivitet","viewConfig":{"size":{"field":"inherit","label":"inherit","fill":"inherit"},"layout":{"label":{"valign":"inherit","align":"inherit"},"field":{"valign":"inherit","align":"inherit"}},"datasource":{"loadRemote":false,"loadRemoteUrl":"","terminology":""},"advanced":{"hidden":false,"readonly":false},"tags":[],"field":{"input":{"threeState":false}}}},{"name":"Aktivitet vil forverre helsetilstanden (for utvidet sykmld)","localizedName":"Aktivitet vil forverre helsetilstanden (for utvidet sykmld)","rmType":"DV_BOOLEAN","nodeId":"at0016","min":"0","max":"1","localizedNames":{"nb":"Aktivitet vil forverre helsetilstanden"},"localizedDescriptions":{"nb":"*"},"aqlPath":"/content[openEHR-EHR-EVALUATION.mulighet_for_arbeid.v1,'4 Mulighet for arbeid']/data[at0001]/items[at0010]/items[at0016]/value","inputs":[{"type":"BOOLEAN","defaultValue":false}],"formId":"sykmelding/a4_mulighet_for_arbeid/a4.3_pasienten_kan_ikke_være_i_arbeid_100_sykmelding/aktivitet_vil_forverre_helsetilstanden","viewConfig":{"size":{"field":"inherit","label":"inherit","fill":"inherit"},"layout":{"label":{"valign":"inherit","align":"inherit"},"field":{"valign":"inherit","align":"inherit"}},"datasource":{"loadRemote":false,"loadRemoteUrl":"","terminology":""},"advanced":{"hidden":false,"readonly":false},"tags":[],"field":{"input":{"threeState":false}}}},{"name":"Aktivitet vil hindre/forsinke bedring av helsetilstanden (for utvidet sykmld)","localizedName":"Aktivitet vil hindre/forsinke bedring av helsetilstanden (for utvidet sykmld)","rmType":"DV_BOOLEAN","nodeId":"at0017","min":"0","max":"1","localizedNames":{"nb":"Aktivitet vil hindre/forsinke bedring av helsetilstanden"},"localizedDescriptions":{"nb":"*"},"aqlPath":"/content[openEHR-EHR-EVALUATION.mulighet_for_arbeid.v1,'4 Mulighet for arbeid']/data[at0001]/items[at0010]/items[at0017]/value","inputs":[{"type":"BOOLEAN","defaultValue":false}],"formId":"sykmelding/a4_mulighet_for_arbeid/a4.3_pasienten_kan_ikke_være_i_arbeid_100_sykmelding/aktivitet_vil_hindre_forsinke_bedring_av_helsetilstanden","viewConfig":{"size":{"field":"inherit","label":"inherit","fill":"inherit"},"layout":{"label":{"valign":"inherit","align":"inherit"},"field":{"valign":"inherit","align":"inherit"}},"datasource":{"loadRemote":false,"loadRemoteUrl":"","terminology":""},"advanced":{"hidden":false,"readonly":false},"tags":[],"field":{"input":{"threeState":false}}}},{"name":"Annet (for utvidet sykmld)","localizedName":"Annet (for utvidet sykmld)","rmType":"DV_BOOLEAN","nodeId":"at0018","min":"0","max":"1","localizedNames":{"nb":"Annet"},"localizedDescriptions":{"nb":"*"},"aqlPath":"/content[openEHR-EHR-EVALUATION.mulighet_for_arbeid.v1,'4 Mulighet for arbeid']/data[at0001]/items[at0010]/items[at0018]/value","inputs":[{"type":"BOOLEAN","defaultValue":false}],"formId":"sykmelding/a4_mulighet_for_arbeid/a4.3_pasienten_kan_ikke_være_i_arbeid_100_sykmelding/annet","viewConfig":{"size":{"field":"inherit","label":"inherit","fill":"inherit"},"layout":{"label":{"valign":"inherit","align":"inherit"},"field":{"valign":"inherit","align":"inherit"}},"datasource":{"loadRemote":false,"loadRemoteUrl":"","terminology":""},"advanced":{"hidden":false,"readonly":false},"tags":[],"field":{"input":{"threeState":false}}}},{"name":"Beskriv årsaken til at arbeidsrelatert aktivitet ikke er mulig (for utvidet sykmld)","localizedName":"Beskriv årsaken til at arbeidsrelatert aktivitet ikke er mulig (for utvidet sykmld)","rmType":"DV_TEXT","nodeId":"at0019","min":"0","max":"1","localizedNames":{"nb":"Beskriv"},"localizedDescriptions":{"nb":"*"},"aqlPath":"/content[openEHR-EHR-EVALUATION.mulighet_for_arbeid.v1,'4 Mulighet for arbeid']/data[at0001]/items[at0010]/items[at0019]/value","inputs":[{"type":"TEXT"}],"formId":"sykmelding/a4_mulighet_for_arbeid/a4.3_pasienten_kan_ikke_være_i_arbeid_100_sykmelding/beskriv","viewConfig":{"size":{"field":"inherit","label":"inherit","fill":"inherit"},"layout":{"label":{"valign":"top","align":"top"},"field":{"valign":"inherit","align":"inherit"}},"datasource":{"loadRemote":false,"loadRemoteUrl":"","terminology":""},"advanced":{"hidden":false,"readonly":false},"tags":[],"field":{"input":{"presentation":"textfield"}}}},{"name":"4.3.4 Det er forhold på arbeidsplassen som hindrer arbeidsrelatert aktivitet","localizedName":"4.3.4 Det er forhold på arbeidsplassen som hindrer arbeidsrelatert aktivitet","rmType":"DV_BOOLEAN","nodeId":"at0021","min":0,"max":1,"localizedNames":{"nb":"4.3.4 Det er forhold på arbeidsplassen som hindrer arbeidsrelatert aktivitet"},"localizedDescriptions":{"nb":"*"},"aqlPath":"/content[openEHR-EHR-EVALUATION.mulighet_for_arbeid.v1,'4 Mulighet for arbeid']/data[at0001]/items[at0010]/items[at0021]/value","inputs":[{"type":"BOOLEAN","defaultValue":false}],"formId":"sykmelding/a4_mulighet_for_arbeid/a4.3_pasienten_kan_ikke_være_i_arbeid_100_sykmelding/a4.3.4_det_er_forhold_på_arbeidsplassen_som_hindrer_arbeidsrelatert_aktivitet","viewConfig":{"size":{"field":"inherit","label":"inherit","fill":"inherit"},"layout":{"field":{"valign":"inherit","align":"inherit"}},"datasource":{"loadRemote":false,"loadRemoteUrl":"","terminology":""},"field":{"input":{"threeState":false}}}},{"name":"Manglende tilrettelegging (for utvidet sykmld)","localizedName":"Manglende tilrettelegging (for utvidet sykmld)","rmType":"DV_BOOLEAN","nodeId":"at0022","min":"0","max":"1","localizedNames":{"nb":"Manglende tilrettelegging"},"localizedDescriptions":{"nb":"*"},"aqlPath":"/content[openEHR-EHR-EVALUATION.mulighet_for_arbeid.v1,'4 Mulighet for arbeid']/data[at0001]/items[at0010]/items[at0022]/value","inputs":[{"type":"BOOLEAN","defaultValue":false}],"formId":"sykmelding/a4_mulighet_for_arbeid/a4.3_pasienten_kan_ikke_være_i_arbeid_100_sykmelding/manglende_tilrettelegging","viewConfig":{"size":{"field":"inherit","label":"inherit","fill":"inherit"},"layout":{"label":{"valign":"inherit","align":"inherit"},"field":{"valign":"inherit","align":"inherit"}},"datasource":{"loadRemote":false,"loadRemoteUrl":"","terminology":""},"advanced":{"hidden":false,"readonly":false},"tags":[],"field":{"input":{"threeState":false}}}},{"name":"Annet (for utvidet sykmld)","localizedName":"Annet (for utvidet sykmld)","rmType":"DV_BOOLEAN","nodeId":"at0023","min":"0","max":"1","localizedNames":{"nb":"Annet"},"localizedDescriptions":{"nb":"*"},"aqlPath":"/content[openEHR-EHR-EVALUATION.mulighet_for_arbeid.v1,'4 Mulighet for arbeid']/data[at0001]/items[at0010]/items[at0023]/value","inputs":[{"type":"BOOLEAN","defaultValue":false}],"formId":"sykmelding/a4_mulighet_for_arbeid/a4.3_pasienten_kan_ikke_være_i_arbeid_100_sykmelding/annet2","viewConfig":{"size":{"field":"inherit","label":"inherit","fill":"inherit"},"layout":{"label":{"valign":"inherit","align":"inherit"},"field":{"valign":"inherit","align":"inherit"}},"datasource":{"loadRemote":false,"loadRemoteUrl":"","terminology":""},"advanced":{"hidden":false,"readonly":false},"tags":[],"field":{"input":{"threeState":false}}}},{"name":"Beskriv årsaken til at arbeidsrelatert aktivitet ikke er mulig (for utvidet sykmld)","localizedName":"Beskriv årsaken til at arbeidsrelatert aktivitet ikke er mulig (for utvidet sykmld)","rmType":"DV_TEXT","nodeId":"at0024","min":"0","max":"1","localizedNames":{"nb":"Beskriv"},"localizedDescriptions":{"nb":"*"},"aqlPath":"/content[openEHR-EHR-EVALUATION.mulighet_for_arbeid.v1,'4 Mulighet for arbeid']/data[at0001]/items[at0010]/items[at0024]/value","inputs":[{"type":"TEXT"}],"formId":"sykmelding/a4_mulighet_for_arbeid/a4.3_pasienten_kan_ikke_være_i_arbeid_100_sykmelding/beskriv2","viewConfig":{"size":{"field":"inherit","label":"inherit","fill":"inherit"},"layout":{"label":{"valign":"top","align":"top"},"field":{"valign":"inherit","align":"inherit"}},"datasource":{"loadRemote":false,"loadRemoteUrl":"","terminology":""},"advanced":{"hidden":false,"readonly":false},"tags":[],"field":{"input":{"presentation":"textfield"}}}}]},{"name":"4.4 Pasienten kan ikke være på arbeid på behandlingsdager","localizedName":"4.4 Pasienten kan ikke være på arbeid på behandlingsdager","rmType":"CLUSTER","nodeId":"at0020","min":"0","max":"100","localizedNames":{"nb":"4.4 Pasienten kan ikke være på arbeid på behandlingsdager"},"localizedDescriptions":{"nb":"*"},"aqlPath":"/content[openEHR-EHR-EVALUATION.mulighet_for_arbeid.v1,'4 Mulighet for arbeid']/data[at0001]/items[at0020]","formId":"sykmelding/a4_mulighet_for_arbeid/a4.4_pasienten_kan_ikke_være_på_arbeid_på_behandlingsdager","viewConfig":{"advanced":{"hidden":false,"readonly":false,"render":false},"size":{"field":"inherit","label":"inherit","fill":"inherit"},"layout":{"label":{"valign":"inherit","align":"inherit"},"field":{"valign":"inherit","align":"inherit"}},"tags":["ForceMinMultiplicity"],"annotations":{"headersize":"text"}},"children":[{"name":"4.4.1 f.o.m","localizedName":"4.4.1 f.o.m","rmType":"DV_DATE","nodeId":"at0025","min":0,"max":1,"localizedNames":{"nb":"4.4.1 f.o.m"},"localizedDescriptions":{"nb":"*"},"aqlPath":"/content[openEHR-EHR-EVALUATION.mulighet_for_arbeid.v1,'4 Mulighet for arbeid']/data[at0001]/items[at0020]/items[at0025]/value","inputs":[{"type":"DATE"}],"formId":"sykmelding/a4_mulighet_for_arbeid/a4.4_pasienten_kan_ikke_være_på_arbeid_på_behandlingsdager/a4.4.1_f.o.m"},{"name":"Oppgi antall dager i perioden","localizedName":"Oppgi antall dager i perioden","rmType":"DV_COUNT","nodeId":"at0027","min":"0","max":"1","localizedNames":{"nb":"Oppgi antall dager i perioden"},"localizedDescriptions":{"nb":"*"},"aqlPath":"/content[openEHR-EHR-EVALUATION.mulighet_for_arbeid.v1,'4 Mulighet for arbeid']/data[at0001]/items[at0020]/items[at0027]/value","inputs":[{"type":"INTEGER"}],"formId":"sykmelding/a4_mulighet_for_arbeid/a4.4_pasienten_kan_ikke_være_på_arbeid_på_behandlingsdager/oppgi_antall_dager_i_perioden","viewConfig":{"advanced":{"hidden":false,"readonly":false},"size":{"field":"inherit","label":"inherit","fill":"inherit"},"layout":{"label":{"valign":"top","align":"top"},"field":{"valign":"inherit","align":"inherit"}},"tags":[],"datasource":{"loadRemote":false,"loadRemoteUrl":"","terminology":""}}},{"name":"4.4.2 t.o.m","localizedName":"4.4.2 t.o.m","rmType":"DV_DATE","nodeId":"at0026","min":0,"max":1,"localizedNames":{"nb":"4.4.2 t.o.m"},"localizedDescriptions":{"nb":"*"},"aqlPath":"/content[openEHR-EHR-EVALUATION.mulighet_for_arbeid.v1,'4 Mulighet for arbeid']/data[at0001]/items[at0020]/items[at0026]/value","inputs":[{"type":"DATE"}],"formId":"sykmelding/a4_mulighet_for_arbeid/a4.4_pasienten_kan_ikke_være_på_arbeid_på_behandlingsdager/a4.4.2_t.o.m"}]},{"name":"4.5 Pasienten kan være i fullt arbeid ved bruk av reisetilskudd","localizedName":"4.5 Pasienten kan være i fullt arbeid ved bruk av reisetilskudd","rmType":"CLUSTER","nodeId":"at0028","min":"0","max":"1","localizedNames":{"nb":"4.5 Pasienten kan være i fullt arbeid ved bruk av reisetilstkudd"},"localizedDescriptions":{"nb":"*"},"aqlPath":"/content[openEHR-EHR-EVALUATION.mulighet_for_arbeid.v1,'4 Mulighet for arbeid']/data[at0001]/items[at0028]","formId":"sykmelding/a4_mulighet_for_arbeid/a4.5_pasienten_kan_være_i_fullt_arbeid_ved_bruk_av_reisetilstkudd","viewConfig":{"size":{"field":"inherit","label":"inherit","fill":"inherit"},"layout":{"label":{"valign":"inherit","align":"inherit"},"field":{"valign":"inherit","align":"inherit"}},"annotations":{"headerSize":"text"},"advanced":{"hidden":false,"readonly":false},"tags":["ForceMinMultiplicity"],"datasource":{"loadRemote":false,"loadRemoteUrl":"","terminology":""}},"children":[{"name":"4.5.1 f.o.m","localizedName":"4.5.1 f.o.m","rmType":"DV_DATE","nodeId":"at0029","min":0,"max":1,"localizedNames":{"nb":"4.5.1 f.o.m"},"localizedDescriptions":{"nb":"*"},"aqlPath":"/content[openEHR-EHR-EVALUATION.mulighet_for_arbeid.v1,'4 Mulighet for arbeid']/data[at0001]/items[at0028]/items[at0029]/value","inputs":[{"type":"DATE"}],"formId":"sykmelding/a4_mulighet_for_arbeid/a4.5_pasienten_kan_være_i_fullt_arbeid_ved_bruk_av_reisetilstkudd/a4.5.1_f.o.m","viewConfig":{"size":{"field":"inherit","label":"inherit","fill":"inherit"},"layout":{"field":{"valign":"inherit","align":"inherit"}},"datasource":{"loadRemote":false,"loadRemoteUrl":"","terminology":""},"field":{"input":{"dateFormat":"","hideDate":false,"hideTime":false}}}},{"name":"4.5.2 t.o.m","localizedName":"4.5.2 t.o.m","rmType":"DV_DATE","nodeId":"at0030","min":0,"max":1,"localizedNames":{"nb":"4.5.2 t.o.m"},"localizedDescriptions":{"nb":"*"},"aqlPath":"/content[openEHR-EHR-EVALUATION.mulighet_for_arbeid.v1,'4 Mulighet for arbeid']/data[at0001]/items[at0028]/items[at0030]/value","inputs":[{"type":"DATE"}],"formId":"sykmelding/a4_mulighet_for_arbeid/a4.5_pasienten_kan_være_i_fullt_arbeid_ved_bruk_av_reisetilstkudd/a4.5.2_t.o.m","viewConfig":{"size":{"field":"inherit","label":"inherit","fill":"inherit"},"layout":{"field":{"valign":"inherit","align":"inherit"}},"datasource":{"loadRemote":false,"loadRemoteUrl":"","terminology":""},"field":{"input":{"dateFormat":"","hideDate":false,"hideTime":false}}}}]}]},{"name":"5 Friskmelding","localizedName":"5 Friskmelding","rmType":"EVALUATION","nodeId":"openEHR-EHR-EVALUATION.friskmelding.v1","min":0,"max":1,"localizedNames":{"nb":"Friskmelding"},"localizedDescriptions":{"nb":"unknown"},"aqlPath":"/content[openEHR-EHR-EVALUATION.friskmelding.v1,'5 Friskmelding']","formId":"sykmelding/a5_friskmelding","viewConfig":{"size":{"field":"inherit","label":"inherit","fill":"inherit"},"layout":{"field":{"valign":"inherit","align":"inherit"}}},"children":[{"name":"5.1 Pasienten er 100% arbeidsfør etter denne perioden","localizedName":"5.1 Pasienten er 100% arbeidsfør etter denne perioden","rmType":"DV_BOOLEAN","nodeId":"at0002","min":0,"max":1,"localizedNames":{"nb":"5.1 Pasienten er 100% arbeidsfør etter denne perioden"},"localizedDescriptions":{"nb":"*"},"aqlPath":"/content[openEHR-EHR-EVALUATION.friskmelding.v1,'5 Friskmelding']/data[at0001]/items[at0004]/items[at0002]/value","inputs":[{"type":"BOOLEAN","defaultValue":false}],"formId":"sykmelding/a5_friskmelding/a5_friskmelding/a5.1_pasienten_er_100_arbeidsfør_etter_denne_perioden","viewConfig":{"size":{"field":"inherit","label":"inherit","fill":"inherit"},"layout":{"field":{"valign":"inherit","align":"inherit"}},"datasource":{"loadRemote":false,"loadRemoteUrl":"","terminology":""},"field":{"input":{"threeState":false}}}},{"name":"5.1.1 Beskriv eventuelle hensyn som må tas på arbeidsplassen","localizedName":"5.1.1 Beskriv eventuelle hensyn som må tas på arbeidsplassen","rmType":"DV_TEXT","nodeId":"at0003","min":"0","max":"1","localizedNames":{"nb":"5.1.1 Beskriv eventuelle hensyn som må tas på arbeidsplassen"},"localizedDescriptions":{"nb":"*"},"aqlPath":"/content[openEHR-EHR-EVALUATION.friskmelding.v1,'5 Friskmelding']/data[at0001]/items[at0004]/items[at0003]/value","inputs":[{"type":"TEXT"}],"formId":"sykmelding/a5_friskmelding/a5_friskmelding/a5.1.1_beskriv_eventuelle_hensyn_som_må_tas_på_arbeidsplassen","viewConfig":{"advanced":{"hidden":false,"readonly":false},"size":{"field":"inherit","label":"inherit","fill":"inherit"},"layout":{"label":{"valign":"inherit","align":"top"},"field":{"valign":"inherit","align":"inherit"}},"tags":[],"datasource":{"loadRemote":false,"loadRemoteUrl":"","terminology":""},"field":{"input":{"presentation":"textfield"}}}},{"name":"5.2 Pasient med arbeidsgiver: Utdypende opplysninger ved 8, 17 og 39 uker","localizedName":"5.2 Pasient med arbeidsgiver: Utdypende opplysninger ved 8, 17 og 39 uker","rmType":"CLUSTER","nodeId":"at0005","min":"0","max":"1","localizedNames":{"nb":"5.2 Pasient med arbeidsgiver: Utdypende opplysninger ved 8, 17 og 39 uker"},"localizedDescriptions":{"nb":"*"},"aqlPath":"/content[openEHR-EHR-EVALUATION.friskmelding.v1,'5 Friskmelding']/data[at0001]/items[at0005]","formId":"sykmelding/a5_friskmelding/a5.2_pasient_med_arbeidsgiver_utdypende_opplysninger_ved_8_17_og_39_uker","viewConfig":{"size":{"field":"inherit","label":"inherit","fill":"inherit"},"layout":{"label":{"valign":"inherit","align":"inherit"},"field":{"valign":"inherit","align":"inherit"}},"annotations":{"headerSize":"text"},"advanced":{"hidden":false,"readonly":false},"tags":[],"datasource":{"loadRemote":false,"loadRemoteUrl":"","terminology":""}},"inputs":[{"type":"TEXT"}],"children":[{"name":"5.2.1 Jeg antar at pasienten på sikt kan komme tilbake til eget eller annet arbeid hos samme arb.giver","localizedName":"5.2.1 Jeg antar at pasienten på sikt kan komme tilbake til eget eller annet arbeid hos samme arb.giver","rmType":"DV_BOOLEAN","nodeId":"at0006","min":0,"max":1,"localizedNames":{"nb":"5.2.1 Jeg antar at pasienten på sikt kan komme tilbake til eget eller annet arbeid hos samme arbeidsgiver"},"localizedDescriptions":{"nb":"*"},"aqlPath":"/content[openEHR-EHR-EVALUATION.friskmelding.v1,'5 Friskmelding']/data[at0001]/items[at0005]/items[at0006]/value","inputs":[{"type":"BOOLEAN","defaultValue":false}],"formId":"sykmelding/a5_friskmelding/a5.2_pasient_med_arbeidsgiver_utdypende_opplysninger_ved_8_17_og_39_uker/a5.2.1_jeg_antar_at_pasienten_på_sikt_kan_komme_tilbake_til_eget_eller_annet_arbeid_hos_samme_arbeidsgiver","viewConfig":{"size":{"field":"inherit","label":"inherit","fill":"inherit"},"layout":{"field":{"valign":"inherit","align":"inherit"}},"datasource":{"loadRemote":false,"loadRemoteUrl":"","terminology":""},"field":{"input":{"threeState":false}}}},{"name":"Hvis Ja, oppgi dato for når du antar at dette vil skje","localizedName":"Hvis Ja, oppgi dato for når du antar at dette vil skje","rmType":"DV_DATE","nodeId":"at0007","min":"0","max":"1","localizedNames":{"nb":"Hvis Ja, oppgi dato for når du antar at dette vil skje"},"localizedDescriptions":{"nb":"*"},"aqlPath":"/content[openEHR-EHR-EVALUATION.friskmelding.v1,'5 Friskmelding']/data[at0001]/items[at0005]/items[at0007]/value","inputs":[{"type":"DATE"}],"formId":"sykmelding/a5_friskmelding/a5.2_pasient_med_arbeidsgiver_utdypende_opplysninger_ved_8_17_og_39_uker/hvis_ja_oppgi_dato_for_når_du_antar_at_dette_vil_skje","viewConfig":{"size":{"field":"inherit","label":"inherit","fill":"inherit"},"layout":{"label":{"valign":"inherit","align":"inherit"},"field":{"valign":"inherit","align":"inherit"}},"datasource":{"loadRemote":false,"loadRemoteUrl":"","terminology":""},"advanced":{"hidden":false,"readonly":false},"tags":[],"field":{"input":{"dateFormat":"","hideDate":false,"hideTime":false}}}},{"name":"5.2.2 Jeg antar at pasienten på sikt kan komme i arbeid hos annen arbeidsgiver","localizedName":"5.2.2 Jeg antar at pasienten på sikt kan komme i arbeid hos annen arbeidsgiver","rmType":"DV_BOOLEAN","nodeId":"at0008","min":0,"max":1,"localizedNames":{"nb":"5.2.2 Jeg antar at pasienten på sikt kan komme i arbeid hos annen arbeidsgiver"},"localizedDescriptions":{"nb":"*"},"aqlPath":"/content[openEHR-EHR-EVALUATION.friskmelding.v1,'5 Friskmelding']/data[at0001]/items[at0005]/items[at0008]/value","inputs":[{"type":"BOOLEAN","defaultValue":false}],"formId":"sykmelding/a5_friskmelding/a5.2_pasient_med_arbeidsgiver_utdypende_opplysninger_ved_8_17_og_39_uker/a5.2.2_jeg_antar_at_pasienten_på_sikt_kan_komme_i_arbeid_hos_annen_arbeidsgiver","viewConfig":{"size":{"field":"inherit","label":"inherit","fill":"inherit"},"layout":{"field":{"valign":"inherit","align":"inherit"}},"datasource":{"loadRemote":false,"loadRemoteUrl":"","terminology":""},"field":{"input":{"threeState":false}}}},{"name":"5.2.3 Hvis usikker: Når antar du å kunne gi tilbakemelding på dette?","localizedName":"5.2.3 Hvis usikker: Når antar du å kunne gi tilbakemelding på dette?","rmType":"DV_DATE","nodeId":"at0009","min":"0","max":"1","localizedNames":{"nb":"5.2.3 Hvis usikker: Når antar du å kunne gi tilbakemelding på dette?"},"localizedDescriptions":{"nb":"*"},"aqlPath":"/content[openEHR-EHR-EVALUATION.friskmelding.v1,'5 Friskmelding']/data[at0001]/items[at0005]/items[at0009]/value","inputs":[{"type":"DATE"}],"formId":"sykmelding/a5_friskmelding/a5.2_pasient_med_arbeidsgiver_utdypende_opplysninger_ved_8_17_og_39_uker/a5.2.3_hvis_usikker_når_antar_du_å_kunne_gi_tilbakemelding_på_dette","viewConfig":{"size":{"field":"inherit","label":"inherit","fill":"inherit"},"layout":{"label":{"valign":"inherit","align":"inherit"},"field":{"valign":"inherit","align":"inherit"}},"datasource":{"loadRemote":false,"loadRemoteUrl":"","terminology":""},"advanced":{"hidden":false,"readonly":false},"tags":[],"field":{"input":{"dateFormat":"","hideDate":false,"hideTime":false}}}}]},{"name":"5.3 Pasient uten arbeidsgiver: Utdypende opplysninger ved 8,17 og 39 uker","localizedName":"5.3 Pasient uten arbeidsgiver: Utdypende opplysninger ved 8,17 og 39 uker","rmType":"CLUSTER","nodeId":"at0010","min":0,"max":1,"localizedNames":{"nb":"5.3 Pasient uten arbeidsgiver: Utdypende opplysninger ved 8,17 og 39 uker"},"localizedDescriptions":{"nb":"*"},"aqlPath":"/content[openEHR-EHR-EVALUATION.friskmelding.v1,'5 Friskmelding']/data[at0001]/items[at0010]","formId":"sykmelding/a5_friskmelding/a5.3_pasient_uten_arbeidsgiver_utdypende_opplysninger_ved_8_17_og_39_uker","viewConfig":{"size":{"field":"inherit","label":"inherit","fill":"inherit"},"layout":{"field":{"valign":"inherit","align":"inherit"}},"annotations":{"headerSize":"text"}},"inputs":[{"type":"TEXT"}],"children":[{"name":"5.3.1 Jeg antar at pasienten på sikt kan komme tilbake i arbeid","localizedName":"5.3.1 Jeg antar at pasienten på sikt kan komme tilbake i arbeid","rmType":"DV_BOOLEAN","nodeId":"at0011","min":0,"max":1,"localizedNames":{"nb":"5.3.1 Jeg antar at pasienten på sikt kan komme tilbake i arbeid"},"localizedDescriptions":{"nb":"*"},"aqlPath":"/content[openEHR-EHR-EVALUATION.friskmelding.v1,'5 Friskmelding']/data[at0001]/items[at0010]/items[at0011]/value","inputs":[{"type":"BOOLEAN","defaultValue":false}],"formId":"sykmelding/a5_friskmelding/a5.3_pasient_uten_arbeidsgiver_utdypende_opplysninger_ved_8_17_og_39_uker/a5.3.1_jeg_antar_at_pasienten_på_sikt_kan_komme_tilbake_i_arbeid","viewConfig":{"size":{"field":"inherit","label":"inherit","fill":"inherit"},"layout":{"field":{"valign":"inherit","align":"inherit"}},"datasource":{"loadRemote":false,"loadRemoteUrl":"","terminology":""},"annotations":{},"field":{"input":{"threeState":false}}}},{"name":"Hvis Ja, oppgi dato når du antar at dette kan skje:","localizedName":"Hvis Ja, oppgi dato når du antar at dette kan skje:","rmType":"DV_DATE","nodeId":"at0012","min":0,"max":1,"localizedNames":{"nb":"Hvis Ja, oppgi dato når du antar at dette kan skje:"},"localizedDescriptions":{"nb":"*"},"aqlPath":"/content[openEHR-EHR-EVALUATION.friskmelding.v1,'5 Friskmelding']/data[at0001]/items[at0010]/items[at0012]/value","inputs":[{"type":"DATE"}],"formId":"sykmelding/a5_friskmelding/a5.3_pasient_uten_arbeidsgiver_utdypende_opplysninger_ved_8_17_og_39_uker/hvis_ja_oppgi_dato_når_du_antar_at_dette_kan_skje","viewConfig":{"size":{"field":"inherit","label":"inherit","fill":"inherit"},"layout":{"field":{"valign":"inherit","align":"inherit"}},"datasource":{"loadRemote":false,"loadRemoteUrl":"","terminology":""},"annotations":{},"field":{"input":{"dateFormat":"","hideDate":false,"hideTime":false}}}},{"name":"5.3.2 Hvis usikker: Når antar du å kunne gi tilbakemelding på dette?","localizedName":"5.3.2 Hvis usikker: Når antar du å kunne gi tilbakemelding på dette?","rmType":"DV_DATE","nodeId":"at0013","min":0,"max":1,"localizedNames":{"nb":"5.3.2 Hvis usikker: Når antar du å kunne gi tilbakemelding på dette?"},"localizedDescriptions":{"nb":"*"},"aqlPath":"/content[openEHR-EHR-EVALUATION.friskmelding.v1,'5 Friskmelding']/data[at0001]/items[at0010]/items[at0013]/value","inputs":[{"type":"DATE"}],"formId":"sykmelding/a5_friskmelding/a5.3_pasient_uten_arbeidsgiver_utdypende_opplysninger_ved_8_17_og_39_uker/a5.3.2_hvis_usikker_når_antar_du_å_kunne_gi_tilbakemelding_på_dette"}]}]},{"name":"6.2 Utdypende opplysninger 8,17 og 39 uker","localizedName":"6.2 Utdypende opplysninger 8,17 og 39 uker","rmType":"CLUSTER","nodeId":"at0002","min":0,"max":1,"localizedNames":{"nb":"6.2 Utdypende opplysninger 8,17 og 39 uker"},"localizedDescriptions":{"nb":"*"},"aqlPath":"/content[openEHR-EHR-EVALUATION.utdypende_opplysninger.v1,'6 Utdypende opplysninger']/data[at0001]/items[at0002]","formId":"sykmelding/a6_utdypende_opplysninger/a6.2_utdypende_opplysninger_8_17_og_39_uker","inputs":[{"type":"TEXT"}],"viewConfig":{"size":{"field":"inherit","label":"inherit","fill":"inherit"},"layout":{"field":{"valign":"inherit","align":"inherit"}},"annotations":{}},"children":[{"name":"6.2.1 Beskriv kort sykehistorie, symptomer og funn i dagens situasjon","localizedName":"6.2.1 Beskriv kort sykehistorie, symptomer og funn i dagens situasjon","rmType":"DV_TEXT","nodeId":"at0003","min":"0","max":"1","localizedNames":{"nb":"6.2.1 Beskriv kort sykehistorie, symptomer og funn i dagens situasjon"},"localizedDescriptions":{"nb":"*"},"aqlPath":"/content[openEHR-EHR-EVALUATION.utdypende_opplysninger.v1,'6 Utdypende opplysninger']/data[at0001]/items[at0002]/items[at0003]/value","inputs":[{"type":"TEXT"}],"formId":"sykmelding/a6_utdypende_opplysninger/a6.2_utdypende_opplysninger_8_17_og_39_uker/a6.2.1_beskriv_kort_sykehistorie_symptomer_og_funn_i_dagens_situasjon","viewConfig":{"advanced":{"hidden":false,"readonly":false},"size":{"field":"large","label":"inherit","fill":"inherit"},"layout":{"label":{"valign":"inherit","align":"top"},"field":{"valign":"inherit","align":"inherit"}},"tags":[],"datasource":{"loadRemote":false,"loadRemoteUrl":"","terminology":""},"field":{"input":{"presentation":"textfield"}}}},{"name":"6.2.2 Hvordan påvirker sykdommen arbeidsevnen?","localizedName":"6.2.2 Hvordan påvirker sykdommen arbeidsevnen?","rmType":"DV_TEXT","nodeId":"at0005","min":"0","max":"1","localizedNames":{"nb":"6.2.2 Hvordan påvirker sykdommen arbeidsevnen?"},"localizedDescriptions":{"nb":"*"},"aqlPath":"/content[openEHR-EHR-EVALUATION.utdypende_opplysninger.v1,'6 Utdypende opplysninger']/data[at0001]/items[at0002]/items[at0005]/value","inputs":[{"type":"TEXT"}],"formId":"sykmelding/a6_utdypende_opplysninger/a6.2_utdypende_opplysninger_8_17_og_39_uker/a6.2.2_hvordan_påvirker_sykdommen_arbeidsevnen","viewConfig":{"advanced":{"hidden":false,"readonly":false},"size":{"field":"large","label":"inherit","fill":"inherit"},"layout":{"label":{"valign":"inherit","align":"top"},"field":{"valign":"inherit","align":"inherit"}},"tags":[],"datasource":{"loadRemote":false,"loadRemoteUrl":"","terminology":""},"field":{"input":{"presentation":"textfield"}}}},{"name":"6.2.3 Har behandlingen frem til nå bedret arbeidsevnen?","localizedName":"6.2.3 Har behandlingen frem til nå bedret arbeidsevnen?","rmType":"DV_TEXT","nodeId":"at0006","min":"0","max":"1","localizedNames":{"nb":"6.2.3 Har behandlingen frem til nå bedret arbeidsevnen?"},"localizedDescriptions":{"nb":"*"},"aqlPath":"/content[openEHR-EHR-EVALUATION.utdypende_opplysninger.v1,'6 Utdypende opplysninger']/data[at0001]/items[at0002]/items[at0006]/value","inputs":[{"type":"TEXT"}],"formId":"sykmelding/a6_utdypende_opplysninger/a6.2_utdypende_opplysninger_8_17_og_39_uker/a6.2.3_har_behandlingen_frem_til_nå_bedret_arbeidsevnen","viewConfig":{"advanced":{"hidden":false,"readonly":false},"size":{"field":"large","label":"inherit","fill":"inherit"},"layout":{"label":{"valign":"inherit","align":"top"},"field":{"valign":"inherit","align":"inherit"}},"tags":[],"datasource":{"loadRemote":false,"loadRemoteUrl":"","terminology":""},"field":{"input":{"presentation":"textfield"}}}},{"name":"6.2.4 Beskriv pågående og planlagt henvisning, utredning og/eller behandling","localizedName":"6.2.4 Beskriv pågående og planlagt henvisning, utredning og/eller behandling","rmType":"DV_TEXT","nodeId":"at0007","min":"0","max":"1","localizedNames":{"nb":"6.2.4 Beskriv pågående og planlagt henvisning, utredning og/eller behandling"},"localizedDescriptions":{"nb":"*"},"aqlPath":"/content[openEHR-EHR-EVALUATION.utdypende_opplysninger.v1,'6 Utdypende opplysninger']/data[at0001]/items[at0002]/items[at0007]/value","inputs":[{"type":"TEXT"}],"formId":"sykmelding/a6_utdypende_opplysninger/a6.2_utdypende_opplysninger_8_17_og_39_uker/a6.2.4_beskriv_pågående_og_planlagt_henvisning_utredning_og_eller_behandling","viewConfig":{"advanced":{"hidden":false,"readonly":false},"size":{"field":"large","label":"inherit","fill":"inherit"},"layout":{"label":{"valign":"inherit","align":"top"},"field":{"valign":"inherit","align":"inherit"}},"tags":[],"datasource":{"loadRemote":false,"loadRemoteUrl":"","terminology":""},"field":{"input":{"presentation":"textfield"}}}}]},{"name":"7 Hva skal til for å bedre arbeidsevnen?","localizedName":"7 Hva skal til for å bedre arbeidsevnen?","rmType":"EVALUATION","nodeId":"openEHR-EHR-EVALUATION.bedring_av_arbeidsevnen.v1","min":0,"max":1,"localizedNames":{"nb":"Bedring av arbeidsevnen"},"localizedDescriptions":{"nb":"unknown"},"aqlPath":"/content[openEHR-EHR-EVALUATION.bedring_av_arbeidsevnen.v1,'7 Bedring av arbeidsevnen']","formId":"sykmelding/a7_bedring_av_arbeidsevnen","viewConfig":{"size":{"field":"inherit","label":"inherit","fill":"inherit"},"layout":{"field":{"valign":"inherit","align":"inherit"}},"annotations":{}},"children":[{"name":"7.1 Tilrettelegging/hensyn som bør tas på arbeidsplassen. Beskriv","localizedName":"7.1 Tilrettelegging/hensyn som bør tas på arbeidsplassen. Beskriv","rmType":"DV_TEXT","nodeId":"at0002","min":"0","max":"1","localizedNames":{"nb":"7.1 Tilrettelegging/hensyn som bør tas på arbeidsplassen. Beskriv"},"localizedDescriptions":{"nb":"*"},"aqlPath":"/content[openEHR-EHR-EVALUATION.bedring_av_arbeidsevnen.v1,'7 Bedring av arbeidsevnen']/data[at0001]/items[at0002]/value","inputs":[{"type":"TEXT"}],"formId":"sykmelding/a7_bedring_av_arbeidsevnen/a7.1_tilrettelegging_hensyn_som_bør_tas_på_arbeidsplassen._beskriv","viewConfig":{"advanced":{"hidden":false,"readonly":false},"size":{"field":"large","label":"inherit","fill":"inherit"},"layout":{"label":{"valign":"inherit","align":"top"},"field":{"valign":"inherit","align":"inherit"}},"tags":[],"datasource":{"loadRemote":false,"loadRemoteUrl":"","terminology":""},"field":{"input":{"presentation":"textfield"}}}},{"name":"7.2 Tiltak i regi av/innspill til NAV. Beskriv. (Hvis NAV bør ta tak i dette nå, bruk felt 8.)","localizedName":"7.2 Tiltak i regi av/innspill til NAV. Beskriv. (Hvis NAV bør ta tak i dette nå, bruk felt 8.)","rmType":"DV_TEXT","nodeId":"at0003","min":"0","max":"1","localizedNames":{"nb":"7.2 Tiltak i regi av/innspill til NAV. Beskriv. (Hvis NAV bør ta tak i dette nå, bruk felt8.)"},"localizedDescriptions":{"nb":"*"},"aqlPath":"/content[openEHR-EHR-EVALUATION.bedring_av_arbeidsevnen.v1,'7 Bedring av arbeidsevnen']/data[at0001]/items[at0003]/value","inputs":[{"type":"TEXT"}],"formId":"sykmelding/a7_bedring_av_arbeidsevnen/a7.2_tiltak_i_regi_av_innspill_til_nav._beskriv._hvis_nav_bør_ta_tak_i_dette_nå_bruk_felt8.","viewConfig":{"advanced":{"hidden":false,"readonly":false},"size":{"field":"large","label":"inherit","fill":"inherit"},"layout":{"label":{"valign":"inherit","align":"top"},"field":{"valign":"inherit","align":"inherit"}},"tags":[],"datasource":{"loadRemote":false,"loadRemoteUrl":"","terminology":""},"field":{"input":{"presentation":"textfield"}}}},{"name":"7.3 Eventuelle andre tiltak/innspill. Beskriv","localizedName":"7.3 Eventuelle andre tiltak/innspill. Beskriv","rmType":"DV_TEXT","nodeId":"at0004","min":"0","max":"1","localizedNames":{"nb":"7.3 Eventuelle andre tiltak/inspill. Beskriv"},"localizedDescriptions":{"nb":"*"},"aqlPath":"/content[openEHR-EHR-EVALUATION.bedring_av_arbeidsevnen.v1,'7 Bedring av arbeidsevnen']/data[at0001]/items[at0004]/value","inputs":[{"type":"TEXT"}],"formId":"sykmelding/a7_bedring_av_arbeidsevnen/a7.3_eventuelle_andre_tiltak_inspill._beskriv","viewConfig":{"advanced":{"hidden":false,"readonly":false},"size":{"field":"large","label":"inherit","fill":"inherit"},"layout":{"label":{"valign":"top","align":"top"},"field":{"valign":"inherit","align":"inherit"}},"tags":[],"datasource":{"loadRemote":false,"loadRemoteUrl":"","terminology":""},"field":{"input":{"presentation":"textfield","lines":"1"}}}}]},{"name":"8 Melding til nav","localizedName":"8 Melding til nav","rmType":"ADMIN_ENTRY","nodeId":"openEHR-EHR-ADMIN_ENTRY.melding_til_nav.v1","min":0,"max":1,"localizedNames":{"nb":"Melding til nav"},"localizedDescriptions":{"nb":"unknown"},"aqlPath":"/content[openEHR-EHR-ADMIN_ENTRY.melding_til_nav.v1,'8 Melding til nav']","formId":"sykmelding/a8_melding_til_nav","viewConfig":{"size":{"field":"inherit","label":"inherit","fill":"inherit"},"layout":{"field":{"valign":"inherit","align":"inherit"}},"annotations":{}},"children":[{"name":"8.1 NAV bør ta tak i saken nå","localizedName":"8.1 NAV bør ta tak i saken nå","rmType":"DV_BOOLEAN","nodeId":"at0002","min":0,"max":1,"localizedNames":{"nb":"8.1 NAV bør ta tak i saken nå"},"localizedDescriptions":{"nb":"*"},"aqlPath":"/content[openEHR-EHR-ADMIN_ENTRY.melding_til_nav.v1,'8 Melding til nav']/data[at0001]/items[at0002]/value","inputs":[{"type":"BOOLEAN","defaultValue":false}],"formId":"sykmelding/a8_melding_til_nav/a8.1_nav_bør_ta_tak_i_saken_nå","viewConfig":{"size":{"field":"inherit","label":"inherit","fill":"inherit"},"layout":{"field":{"valign":"inherit","align":"inherit"}},"datasource":{"loadRemote":false,"loadRemoteUrl":"","terminology":""},"field":{"input":{"threeState":false}}}},{"name":"8.2 Begrunn hvorfor","localizedName":"8.2 Begrunn hvorfor","rmType":"DV_TEXT","nodeId":"at0003","min":"0","max":"1","localizedNames":{"nb":"8.2 Begrunn hvorfor"},"localizedDescriptions":{"nb":"*"},"aqlPath":"/content[openEHR-EHR-ADMIN_ENTRY.melding_til_nav.v1,'8 Melding til nav']/data[at0001]/items[at0003]/value","inputs":[{"type":"TEXT"}],"formId":"sykmelding/a8_melding_til_nav/a8.2_begrunn_hvorfor","viewConfig":{"size":{"field":"inherit","label":"inherit","fill":"inherit"},"layout":{"label":{"valign":"top","align":"top"},"field":{"valign":"inherit","align":"inherit"}},"datasource":{"loadRemote":false,"loadRemoteUrl":"","terminology":""},"advanced":{"hidden":false,"readonly":false},"tags":[],"field":{"input":{"presentation":"textfield","lines":"1"}}}}]},{"name":"9 Melding til arbeidsgiver","localizedName":"9 Melding til arbeidsgiver","rmType":"ADMIN_ENTRY","nodeId":"openEHR-EHR-ADMIN_ENTRY.melding_til_arbeidsgiver.v1","min":0,"max":1,"localizedNames":{"nb":"Melding til arbeidsgiver"},"localizedDescriptions":{"nb":"unknown"},"aqlPath":"/content[openEHR-EHR-ADMIN_ENTRY.melding_til_arbeidsgiver.v1,'9 Melding til arbeidsgiver']","formId":"sykmelding/a9_melding_til_arbeidsgiver","viewConfig":{"size":{"field":"inherit","label":"inherit","fill":"inherit"},"layout":{"field":{"valign":"inherit","align":"inherit"}},"annotations":{}},"children":[{"name":"9.1 Innspill til arbeidsgiver","localizedName":"9.1 Innspill til arbeidsgiver","rmType":"DV_TEXT","nodeId":"at0002","min":"0","max":"1","localizedNames":{"nb":"9.1 Innspill til arbeidsgriver"},"localizedDescriptions":{"nb":"*"},"aqlPath":"/content[openEHR-EHR-ADMIN_ENTRY.melding_til_arbeidsgiver.v1,'9 Melding til arbeidsgiver']/data[at0001]/items[at0002]/value","inputs":[{"type":"TEXT"}],"formId":"sykmelding/a9_melding_til_arbeidsgiver/a9.1_innspill_til_arbeidsgriver","viewConfig":{"size":{"field":"inherit","label":"inherit","fill":"inherit"},"layout":{"label":{"valign":"top","align":"top"},"field":{"valign":"inherit","align":"inherit"}},"datasource":{"loadRemote":false,"loadRemoteUrl":"","terminology":""},"advanced":{"hidden":false,"readonly":false},"tags":[],"field":{"input":{"presentation":"textfield","lines":"1"}}}}]},{"name":"11 Tilbakedatering","localizedName":"11 Tilbakedatering","rmType":"ADMIN_ENTRY","nodeId":"openEHR-EHR-ADMIN_ENTRY.tilbakedatering.v1","min":"0","max":"1","localizedNames":{"nb":"Tilbakedatering"},"localizedDescriptions":{"nb":"unknown"},"aqlPath":"/content[openEHR-EHR-ADMIN_ENTRY.tilbakedatering.v1,'11 Tilbakedatering']","formId":"sykmelding/a11_tilbakedatering","viewConfig":{"size":{"field":"inherit","label":"inherit","fill":"inherit"},"layout":{"label":{"valign":"top","align":"top"},"field":{"valign":"inherit","align":"inherit"}},"advanced":{"hidden":false,"readonly":false,"render":false},"tags":[],"annotations":{}},"children":[{"name":"11.1 Hvis denne sykmeldingen er tilbakedatert, oppgi dato for dokumenterbar kontakt med pasienten","localizedName":"11.1 Hvis denne sykmeldingen er tilbakedatert, oppgi dato for dokumenterbar kontakt med pasienten","rmType":"DV_DATE","nodeId":"at0002","min":"0","max":"1","localizedNames":{"nb":"11.1 Hvis denne sykmeldingen er tilbakedatert, oppgi dato for dokumenterbar kontakt med pasienten"},"localizedDescriptions":{"nb":"*"},"aqlPath":"/content[openEHR-EHR-ADMIN_ENTRY.tilbakedatering.v1,'11 Tilbakedatering']/data[at0001]/items[at0002]/value","inputs":[{"type":"DATE"}],"formId":"sykmelding/a11_tilbakedatering/a11.1_hvis_denne_sykmeldingen_er_tilbakedatert_oppgi_dato_for_dokumenterbar_kontakt_med_pasienten","viewConfig":{"size":{"field":"inherit","label":"inherit","fill":"inherit"},"layout":{"label":{"valign":"inherit","align":"inherit"},"field":{"valign":"inherit","align":"inherit"}},"datasource":{"loadRemote":false,"loadRemoteUrl":"","terminology":""},"advanced":{"hidden":false,"readonly":false},"tags":["hidelabel"]}},{"name":"11.2 Eller begrunn hvorfor du har tilbakedatert","localizedName":"11.2 Eller begrunn hvorfor du har tilbakedatert","rmType":"DV_TEXT","nodeId":"at0003","min":"0","max":"1","localizedNames":{"nb":"11.2 Eller begrunn hvorfor du har tilbakedatert"},"localizedDescriptions":{"nb":"*"},"aqlPath":"/content[openEHR-EHR-ADMIN_ENTRY.tilbakedatering.v1,'11 Tilbakedatering']/data[at0001]/items[at0003]/value","inputs":[{"type":"TEXT"}],"formId":"sykmelding/a11_tilbakedatering/a11.2_eller_begrunn_hvorfor_du_har_tilbakedatert","viewConfig":{"advanced":{"hidden":false,"readonly":false},"size":{"field":"large","label":"inherit","fill":"inherit"},"layout":{"label":{"valign":"top","align":"top"},"field":{"valign":"inherit","align":"inherit"}},"tags":[],"datasource":{"loadRemote":false,"loadRemoteUrl":"","terminology":""},"field":{"input":{"presentation":"textfield","lines":"1"}}}}]},{"name":"12 Sykmeldingsbekreftelse","localizedName":"12 Sykmeldingsbekreftelse","rmType":"ADMIN_ENTRY","nodeId":"openEHR-EHR-ADMIN_ENTRY.sykmeldingsbekreftelse.v1","min":0,"max":1,"localizedNames":{"nb":"Sykmeldingsbekreftelse"},"localizedDescriptions":{"nb":"unknown"},"aqlPath":"/content[openEHR-EHR-ADMIN_ENTRY.sykmeldingsbekreftelse.v1,'12 Sykmeldingsbekreftelse']","formId":"sykmelding/a12_sykmeldingsbekreftelse","children":[{"name":"12.1 Dato","localizedName":"12.1 Dato","rmType":"DV_DATE","nodeId":"at0010","min":0,"max":1,"localizedNames":{"nb":"12.1 Dato"},"localizedDescriptions":{"nb":"*"},"aqlPath":"/content[openEHR-EHR-ADMIN_ENTRY.sykmeldingsbekreftelse.v1,'12 Sykmeldingsbekreftelse']/data[at0001]/items[at0010]/value","inputs":[{"type":"DATE"}],"formId":"sykmelding/a12_sykmeldingsbekreftelse/a12.1_dato","viewConfig":{"annotations":{"Calc":"TODAY()"}}},{"name":"12.2 Sykmelders navn","localizedName":"12.2 Sykmelders navn","rmType":"DV_TEXT","nodeId":"at0004","min":0,"max":1,"localizedNames":{"nb":"12.2 Sykmelders navn"},"localizedDescriptions":{"nb":"*"},"aqlPath":"/content[openEHR-EHR-ADMIN_ENTRY.sykmeldingsbekreftelse.v1,'12 Sykmeldingsbekreftelse']/data[at0001]/items[at0004]/value","inputs":[{"type":"TEXT"}],"formId":"sykmelding/a12_sykmeldingsbekreftelse/a12.2_sykmelders_navn","viewConfig":{"annotations":{"templatevariable":"[Bru.Navn]"}}},{"name":"12.4 HPR-nummer","localizedName":"12.4 HPR-nummer","rmType":"DV_COUNT","nodeId":"at0005","min":0,"max":1,"localizedNames":{"nb":"12.4 HPR-nummer"},"localizedDescriptions":{"nb":"*"},"aqlPath":"/content[openEHR-EHR-ADMIN_ENTRY.sykmeldingsbekreftelse.v1,'12 Sykmeldingsbekreftelse']/data[at0001]/items[at0005]/value","inputs":[{"type":"INTEGER"}],"formId":"sykmelding/a12_sykmeldingsbekreftelse/a12.4_hpr-nummer","viewConfig":{"annotations":{"templatevariable":"[Forf.Per.Hprnr]"}}},{"name":"12.5 Telefon","localizedName":"12.5 Telefon","rmType":"DV_TEXT","nodeId":"at0006","min":0,"max":1,"localizedNames":{"nb":"12.5 Telefon"},"localizedDescriptions":{"nb":"*"},"aqlPath":"/content[openEHR-EHR-ADMIN_ENTRY.sykmeldingsbekreftelse.v1,'12 Sykmeldingsbekreftelse']/data[at0001]/items[at0006]/value","inputs":[{"type":"TEXT"}],"formId":"sykmelding/a12_sykmeldingsbekreftelse/a12.5_telefon","viewConfig":{"annotations":{"templatevariable":"[Omse.Avd.Telefon]"}}},{"name":"12.6 Org. navn","localizedName":"12.6 Org. navn","rmType":"DV_TEXT","nodeId":"at0009","min":0,"max":1,"localizedNames":{"nb":"12.6 Adresse 3"},"localizedDescriptions":{"nb":"*"},"aqlPath":"/content[openEHR-EHR-ADMIN_ENTRY.sykmeldingsbekreftelse.v1,'12 Sykmeldingsbekreftelse']/data[at0001]/items[at0009]/value","inputs":[{"type":"TEXT","defaultValue":"Oslo universitetssykehus HF"}],"formId":"sykmelding/a12_sykmeldingsbekreftelse/a12.6_adresse_3"},{"name":"12.6 Avd. navn","localizedName":"12.6 Avd. navn","rmType":"DV_TEXT","nodeId":"at0007","min":0,"max":1,"localizedNames":{"nb":"12.6 Adresse"},"localizedDescriptions":{"nb":"*"},"aqlPath":"/content[openEHR-EHR-ADMIN_ENTRY.sykmeldingsbekreftelse.v1,'12 Sykmeldingsbekreftelse']/data[at0001]/items[at0007]/value","inputs":[{"type":"TEXT"}],"formId":"sykmelding/a12_sykmeldingsbekreftelse/a12.6_adresse","viewConfig":{"annotations":{"templatevariable":"[Omse.Avd.Ansvarsomraade]"}}},{"name":"12.6 Adresse inkl postnr og sted","localizedName":"12.6 Adresse inkl postnr og sted","rmType":"DV_TEXT","nodeId":"at0008","min":0,"max":1,"localizedNames":{"nb":"12.6 Adresse 2"},"localizedDescriptions":{"nb":"*"},"aqlPath":"/content[openEHR-EHR-ADMIN_ENTRY.sykmeldingsbekreftelse.v1,'12 Sykmeldingsbekreftelse']/data[at0001]/items[at0008]/value","inputs":[{"type":"TEXT"}],"formId":"sykmelding/a12_sykmeldingsbekreftelse/a12.6_adresse_2","viewConfig":{"annotations":{"templatevariable":"[Omse.Avd.Adressepoststed]"}}}]}]}