{"formId":"form_root","name":"Form root","rmType":"FORM_DEFINITION","viewConfig":{"label":{"custom":false,"value":"","useLocalizations":false,"localizationsList":{}},"size":{"field":"inherit","label":"inherit","fill":"inherit"},"layout":{"valign":"inherit","align":"inherit"},"tags":[],"annotations":{"#proc_req":"select c/uid/value as cid, i from composition c contains instruction i[openEHR-EHR-INSTRUCTION.request-procedure.v1] where i/activities[at0001]/description[at0009]/items[at0.2]/value/defining_code/code_string='P1' order by c/context/start_time/value desc fetch 1?scope=folder","#diag":"openEHR-EHR-EVALUATION.problem_diagnosis.v1?scope=folder","#time":"openEHR-EHR-CLUSTER.estimated_surgery_time.v1?scope=folder","#pri":"openEHR-EHR-CLUSTER.priority_details.v1?scope=folder","#add_info_patient":"openEHR-EHR-CLUSTER.additional_information_patient_surgery.v1?scope=folder","#req_med_pers":"openEHR-EHR-CLUSTER.required_medical_personell.v1?scope=folder","#add_proc":"openEHR-EHR-CLUSTER.additional_procedure_code.v1?scope=folder","#importantinfo":"openEHR-EHR-CLUSTER.important_information.v1?scope=folder","#ane_req":"openEHR-EHR-CLUSTER.anesthesia_requested.v1?scope=folder","#asa":"openEHR-EHR-CLUSTER.asa_status.v1?scope=folder","#spec_req":"openEHR-EHR-CLUSTER.special_requirements_surgery.v1?scope=folder","#proc_act":"openEHR-EHR-ACTION.procedure.v1?scope=folder","#care_level":"openEHR-EHR-CLUSTER.care_level.v1?scope=folder"}},"language":"nb","templateLanguages":["nb"],"children":[{"localizedName":"Fieldset","localizedNames":{"nb":"Operasjon"},"min":0,"max":-1,"name":"Fieldset","rmType":"GENERIC_FIELDSET","fid":"generic-field-48261","formId":"generic-field-48261","children":[{"name":"Prosedyretype","localizedName":"Prosedyretype","rmType":"DV_CODED_TEXT","nodeId":"at0.2","min":0,"max":1,"localizedNames":{"nb":"Prosedyretype"},"localizedDescriptions":{"nb":"Beskrivelse av prosedyretypen."},"annotations":{"comment":"For eksempel: Utredning, operasjon eller terapi."},"aqlPath":"/content[openEHR-EHR-INSTRUCTION.request-procedure.v1]/activities[at0001]/description[at0009]/items[at0.2]/value","inputs":[{"suffix":"code","type":"CODED_TEXT","list":[{"value":"P1","label":"Kirurgi","localizedLabels":{"nb":"Kirurgi"}}],"terminology":"Surgery.prosedyrerekvisisjon"}],"fid":"beslutningsnotat/prosedyrerekvirering/rekvirering/prosedyretype","formId":"beslutningsnotat/prosedyrerekvirering/rekvirering/prosedyretype","viewConfig":{"label":{"custom":false,"value":"","useLocalizations":false,"localizationsList":{}},"advanced":{"hidden":true,"readonly":false},"multiplicity":{"min":"0","max":"1"},"size":{"field":"inherit","label":"inherit","fill":"inherit"},"layout":{"label":{"valign":"inherit","align":"inherit"},"field":{"valign":"inherit","align":"inherit"}},"tags":[],"datasource":{"loadRemote":true,"loadRemoteUrl":"Surgery.prosedyrerekvisisjon","terminology":""},"field":{"code":{"presentation":"combobox","columns":"4"}}},"defaultValue":{"code":"P1"}},{"name":"Indikasjon","localizedName":"Indikasjon","rmType":"DV_TEXT","nodeId":"at0062","min":1,"max":1,"localizedNames":{"nb":"Rekvireringsårsak"},"localizedDescriptions":{"nb":"En kort beskrivelse av årsaken eller indikasjon for rekvireringen."},"annotations":{"comment":"Koding av rekvireringsårsaken med et kodeverk er ønskelig, dersom tilgjengelig."},"aqlPath":"/content[openEHR-EHR-INSTRUCTION.request-procedure.v1]/activities[at0001]/description[at0009]/items[at0062,'Indikasjon']/value","inputs":[{"type":"TEXT"}],"fid":"beslutningsnotat/prosedyrerekvirering/rekvirering/indikasjon","formId":"beslutningsnotat/prosedyrerekvirering/rekvirering/indikasjon","viewConfig":{"annotations":{"select":"{#proc_req:/activities[at0001]/description[at0009]/items[at0062]/value}"},"label":{"custom":true,"value":"Indikasjon","useLocalizations":true,"localizationsList":{"nb":"Indikasjon"}},"advanced":{"hidden":false,"readonly":false},"multiplicity":{"min":"1","max":"1"},"size":{"field":"inherit","label":"inherit","fill":"inherit"},"layout":{"label":{"valign":"inherit","align":"inherit"},"field":{"valign":"inherit","align":"inherit"}},"tags":[],"datasource":{"loadRemote":false,"loadRemoteUrl":"","terminology":""},"field":{"input":{"presentation":"textfield","lines":"1"}}},"defaultValue":{"value":""}},{"name":"Prosedyrenavn","localizedName":"Prosedyrenavn","rmType":"DV_CODED_TEXT","nodeId":"at0002","min":1,"max":1,"localizedNames":{"nb":"Prosedyrenavn"},"localizedDescriptions":{"nb":"Navnet på prosedyren."},"annotations":{"comment":"Koding av prosedyren med en terminologi er ønskelig, om mulig."},"aqlPath":"/content[openEHR-EHR-ACTION.procedure.v1]/description[at0001]/items[at0002]/value","inputs":[{"suffix":"code","type":"TEXT","terminology":"ARK-VI-OPERASJONSTYPER?subset=ARK-VI-OPERASJONSTYPER&language=en-GB"},{"suffix":"value","type":"TEXT","terminology":"ARK-VI-OPERASJONSTYPER?subset=ARK-VI-OPERASJONSTYPER&language=en-GB"}],"fid":"beslutningsnotat/prosedyre/prosedyrenavn","formId":"beslutningsnotat/prosedyre/prosedyrenavn","viewConfig":{"label":{"custom":true,"value":"Planlagt inngrep","useLocalizations":true,"localizationsList":{"nb":"Planlagt inngrep"}},"annotations":{"select":"{#proc_act:/description[at0001]/items[at0002]/value}","calcId":"proc_name"},"advanced":{"hidden":false,"readonly":false},"multiplicity":{"min":"1","max":"1"},"size":{"field":"inherit","label":"inherit","fill":"inherit"},"layout":{"label":{"valign":"inherit","align":"inherit"},"field":{"valign":"inherit","align":"inherit"}},"tags":[],"datasource":{"loadRemote":true,"loadRemoteUrl":"ARK-VI-OPERASJONSTYPER?subset=ARK-VI-OPERASJONSTYPER&language=en-GB","terminology":""},"field":{"code":{"presentation":"textfield","lines":"1"},"value":{"presentation":"textfield","lines":"1"}}},"defaultValue":{"code":"","value":""}},{"name":"Beskrivelse","localizedName":"Beskrivelse","rmType":"DV_TEXT","nodeId":"at0049","min":0,"max":1,"localizedNames":{"nb":"Beskrivelse"},"localizedDescriptions":{"nb":"Fritekstbeskrivelse av prosedyren, tilpasset det aktuelle prosesstrinnet."},"annotations":{"comment":"For eksempel en beskrivelse av utførelsen og funnene fra prosedyren, det avbrutte forsøket, eller avlysningen av prosedyren."},"aqlPath":"/content[openEHR-EHR-ACTION.procedure.v1]/description[at0001]/items[at0049]/value","inputs":[{"type":"TEXT"}],"fid":"beslutningsnotat/prosedyre/beskrivelse","formId":"beslutningsnotat/prosedyre/beskrivelse","viewConfig":{"annotations":{"select":"{#proc_act:/description[at0001]/items[at0049]/value}","calcId":"proc_descr","description":"Beskrivelse av prosedyren"},"label":{"custom":true,"value":"Beskrivelse","useLocalizations":true,"localizationsList":{"nb":"Beskrivelse"}},"advanced":{"hidden":false,"readonly":false},"multiplicity":{"min":"0","max":"1"},"size":{"field":"inherit","label":"inherit","fill":"inherit"},"layout":{"label":{"valign":"inherit","align":"inherit"},"field":{"valign":"inherit","align":"inherit"}},"tags":[],"datasource":{"loadRemote":false,"loadRemoteUrl":"","terminology":""},"field":{"input":{"presentation":"textfield","lines":"1"}}},"defaultValue":{"value":""}},{"name":"Careflow_step","rmType":"DV_CODED_TEXT","min":0,"max":1,"aqlPath":"/content[openEHR-EHR-ACTION.procedure.v1]/ism_transition/careflow_step","inputs":[{"suffix":"code","type":"CODED_TEXT","list":[{"value":"at0034","label":"Prosedyre planlagt","localizedLabels":{"nb":"Prosedyre planlagt"},"currentStates":["524"]},{"value":"at0035","label":"Prosedyrerekvisisjon sendt","localizedLabels":{"nb":"Prosedyrerekvisisjon sendt"},"currentStates":["524"]},{"value":"at0038","label":"Prosedyre utsatt","localizedLabels":{"nb":"Prosedyre utsatt"},"currentStates":["527"]},{"value":"at0039","label":"Prosedyre avlyst","localizedLabels":{"nb":"Prosedyre avlyst"},"currentStates":["528"]},{"value":"at0036","label":"Fastsatt tidspunkt for prosedyre","localizedLabels":{"nb":"Fastsatt tidspunkt for prosedyre"},"currentStates":["529"]},{"value":"at0068","label":"Prosedyre påbegynt","localizedLabels":{"nb":"Prosedyre påbegynt"},"currentStates":["245"]},{"value":"at0047","label":"Prosedyre utført","localizedLabels":{"nb":"Prosedyre utført"},"currentStates":["245"]},{"value":"at0040","label":"Prosedyre midlertidig stanset","localizedLabels":{"nb":"Prosedyre midlertidig stanset"},"currentStates":["530"]},{"value":"at0041","label":"Prosedyre avbrutt","localizedLabels":{"nb":"Prosedyre avbrutt"},"currentStates":["531"]},{"value":"at0043","label":"Prosedyre fullført","localizedLabels":{"nb":"Prosedyre fullført"},"currentStates":["532"]}]}],"inContext":true,"fid":"beslutningsnotat/prosedyre/ism_transition/careflow_step","defaultValue":{"code":"at0034"},"formId":"beslutningsnotat/prosedyre/ism_transition/careflow_step","viewConfig":{"label":{"custom":false,"value":"","useLocalizations":false,"localizationsList":{}},"advanced":{"hidden":true,"readonly":false},"multiplicity":{"min":"0","max":"1"},"size":{"field":"inherit","label":"inherit","fill":"inherit"},"layout":{"label":{"valign":"inherit","align":"inherit"},"field":{"valign":"inherit","align":"inherit"}},"tags":[],"datasource":{"loadRemote":false,"loadRemoteUrl":"","terminology":""},"field":{"code":{"presentation":"combobox","columns":"4"}}}},{"name":"Estimert knivtid","localizedName":"Estimert knivtid","rmType":"DV_DURATION","nodeId":"at0001","min":0,"max":1,"localizedNames":{"nb":"Estimert knivtid"},"localizedDescriptions":{"nb":"Estimat av tiden som en kirurgisk prosedyre vil ta fra kirurgen har påbegynt inngrepet med f.eks. å sette snitt, til kirurgen har avslkuttet inngrepet."},"aqlPath":"/content[openEHR-EHR-INSTRUCTION.request-procedure.v1]/activities[at0001]/description[at0009]/items[openEHR-EHR-CLUSTER.estimated_surgery_time.v1]/items[at0001]/value","inputs":[{"suffix":"hour","type":"INTEGER","validation":{"range":{"minOp":">=","min":0}},"defaultValue":0},{"suffix":"minute","type":"INTEGER","validation":{"range":{"minOp":">=","min":0}},"defaultValue":0}],"fid":"beslutningsnotat/prosedyrerekvirering/rekvirering/estimert_knivtid/estimert_knivtid","formId":"beslutningsnotat/prosedyrerekvirering/rekvirering/estimert_knivtid/estimert_knivtid","viewConfig":{"annotations":{"select":"{#time:/items[at0001]/value}"},"label":{"custom":true,"value":"Estimert knivtid","useLocalizations":true,"localizationsList":{"nb":"Estimert knivtid"}},"advanced":{"hidden":false,"readonly":false},"multiplicity":{"min":"0","max":"1"},"size":{"field":"inherit","label":"inherit","fill":"inherit"},"layout":{"label":{"valign":"inherit","align":"inherit"},"field":{"valign":"inherit","align":"inherit"}},"tags":[],"datasource":{"loadRemote":false,"loadRemoteUrl":"","terminology":""},"field":{"columns":"2"}},"defaultValue":{"hour":0,"minute":0}},{"name":"Gjennomsnitts knivtid","localizedName":"Gjennomsnitts knivtid","rmType":"DV_DURATION","nodeId":"at0003","min":0,"max":1,"localizedNames":{"nb":"Gjennomsnitts knivtid"},"localizedDescriptions":{"nb":"Beregnet gjennomsnitts knivtid for en gitt type prosedyre."},"aqlPath":"/content[openEHR-EHR-INSTRUCTION.request-procedure.v1]/activities[at0001]/description[at0009]/items[openEHR-EHR-CLUSTER.estimated_surgery_time.v1]/items[at0003]/value","inputs":[{"suffix":"hour","type":"INTEGER","validation":{"range":{"minOp":">=","min":0}},"defaultValue":0},{"suffix":"minute","type":"INTEGER","validation":{"range":{"minOp":">=","min":0}},"defaultValue":0}],"fid":"beslutningsnotat/prosedyrerekvirering/rekvirering/estimert_knivtid/gjennomsnitts_knivtid","formId":"beslutningsnotat/prosedyrerekvirering/rekvirering/estimert_knivtid/gjennomsnitts_knivtid","viewConfig":{"annotations":{"resetAction":"call(surgery:calculateKnifeTime?beslutningsnotat/prosedyre/prosedyrenavn)","description":"Median knivtid for en gitt prosedyretype"},"label":{"custom":true,"value":"Median knivtid","useLocalizations":true,"localizationsList":{"nb":"Median knivtid"}},"advanced":{"hidden":false,"readonly":true},"multiplicity":{"min":"0","max":"1"},"size":{"field":"inherit","label":"inherit","fill":"inherit"},"layout":{"label":{"valign":"inherit","align":"inherit"},"field":{"valign":"inherit","align":"inherit"}},"tags":[],"datasource":{"loadRemote":false,"loadRemoteUrl":"","terminology":""},"field":{"columns":"2"}},"defaultValue":{"hour":0,"minute":0}},{"name":"Problem/diagnose","localizedName":"Problem/diagnose","rmType":"EVALUATION","nodeId":"openEHR-EHR-EVALUATION.problem_diagnosis.v1","min":0,"max":-1,"localizedNames":{"nb":"Problem/diagnose"},"localizedDescriptions":{"nb":"Detaljer om én enkelt identifisert helsetilstand, skade, funksjonshemming eller andre forhold som påvirker et individs fysiske, mentale og/eller sosiale velvære."},"annotations":{"comment":"Det er i praksis ikke lett å oppnå et klart skille mellom et problem og en diagnose. I klinisk dokumentasjon med denne arketypen ses problem og diagnose som et kontinuum, med økende krav til detaljer og støttende evidens for å underbygge en diagnose."},"aqlPath":"/content[openEHR-EHR-EVALUATION.problem_diagnosis.v1]","fid":"beslutningsnotat/problem_diagnose","formId":"beslutningsnotat/problem_diagnose","viewConfig":{"label":{"custom":true,"value":"Problem/diagnose","useLocalizations":true,"localizationsList":{"nb":"Problem/diagnose"}},"advanced":{"hidden":false,"readonly":false,"render":false},"multiplicity":{"min":"0","max":"100"},"size":{"field":"inherit","label":"inherit","fill":"inherit"},"layout":{"label":{"valign":"inherit","align":"inherit"},"field":{"valign":"inherit","align":"inherit"}},"tags":["ForceMinMultiplicity"],"field":{},"annotations":{"select":"{#diag}","HeaderSize":"text"}},"children":[{"name":"Problem/diagnosenavn","localizedName":"Problem/diagnosenavn","rmType":"DV_CODED_TEXT","nodeId":"at0002","min":1,"max":1,"localizedNames":{"nb":"Problem/diagnosenavn"},"localizedDescriptions":{"nb":"Identifisering av problemet eller diagnosen ved hjelp av navn."},"annotations":{"comment":"Koding av navnet på problemet eller diagnosen med en terminologi er foretrukket, der det er mulig."},"aqlPath":"/content[openEHR-EHR-EVALUATION.problem_diagnosis.v1]/data[at0001]/items[at0002]/value","inputs":[{"suffix":"code","type":"TEXT","terminology":"ICD10?subset=ICD10&language=en-GB"},{"suffix":"value","type":"TEXT","terminology":"ICD10?subset=ICD10&language=en-GB"}],"formId":"beslutningsnotat/problem_diagnose/problem_diagnosenavn","viewConfig":{"annotations":{},"label":{"custom":true,"value":"Problem/diagnosenavn","useLocalizations":true,"localizationsList":{"nb":"Problem/diagnosenavn"}},"advanced":{"hidden":false,"readonly":false},"multiplicity":{"min":"1","max":"1"},"size":{"field":"inherit","label":"inherit","fill":"inherit"},"layout":{"label":{"valign":"inherit","align":"inherit"},"field":{"valign":"inherit","align":"inherit"}},"tags":[],"datasource":{"loadRemote":true,"loadRemoteUrl":"ICD10?subset=ICD10&language=en-GB","terminology":""},"field":{"code":{"presentation":"textfield","lines":"1"},"value":{"presentation":"textfield","lines":"1"}}},"defaultValue":{"code":"","value":""},"fid":"beslutningsnotat/problem_diagnose/problem_diagnosenavn"}]},{"name":"Tilleggsprosedyre","localizedName":"Tilleggsprosedyre","rmType":"CLUSTER","nodeId":"openEHR-EHR-CLUSTER.additional_procedure_code.v1","min":0,"max":-1,"localizedNames":{"nb":"Tilleggsprosedyre"},"localizedDescriptions":{"nb":"Tilleggsprosedyrer som bestilles."},"aqlPath":"/content[openEHR-EHR-ACTION.procedure.v1]/description[at0001]/items[openEHR-EHR-CLUSTER.additional_procedure_code.v1]","fid":"beslutningsnotat/prosedyre/tilleggsprosedyre","formId":"beslutningsnotat/prosedyre/tilleggsprosedyre","viewConfig":{"label":{"custom":true,"value":"Tilleggsprosedyre","useLocalizations":true,"localizationsList":{"nb":"Tilleggsprosedyre"}},"advanced":{"hidden":false,"readonly":false,"render":false},"multiplicity":{"min":"0","max":"100"},"size":{"field":"inherit","label":"inherit","fill":"inherit"},"layout":{"label":{"valign":"inherit","align":"inherit"},"field":{"valign":"inherit","align":"inherit"}},"tags":["ForceMinMultiplicity"],"field":{},"annotations":{"select":"{#proc_act:/description[at0001]/items[openEHR-EHR-CLUSTER.additional_procedure_code.v1]}","HeaderSize":"text"}},"children":[{"name":"Planlagt prosedyre","localizedName":"Planlagt prosedyre","rmType":"DV_CODED_TEXT","nodeId":"at0001","min":1,"max":-1,"localizedNames":{"nb":"Planlagt prosedyre"},"localizedDescriptions":{"nb":"Identifisering av bestilt prosedyre. Kodes ofte med en ekstern terminologi."},"aqlPath":"/content[openEHR-EHR-ACTION.procedure.v1]/description[at0001]/items[openEHR-EHR-CLUSTER.additional_procedure_code.v1]/items[at0001]/value","inputs":[{"suffix":"code","type":"TEXT","terminology":"ARK-VI-OPERASJONSTYPER?subset=ARK-VI-OPERASJONSTYPER&language=en-GB"},{"suffix":"value","type":"TEXT","terminology":"ARK-VI-OPERASJONSTYPER?subset=ARK-VI-OPERASJONSTYPER&language=en-GB"}],"formId":"beslutningsnotat/prosedyre/tilleggsprosedyre/planlagt_prosedyre","viewConfig":{"annotations":{"description":"Navnet på prosedyren"},"label":{"custom":true,"value":"Planlagt inngrep","useLocalizations":true,"localizationsList":{"nb":"Planlagt inngrep"}},"advanced":{"hidden":false,"readonly":false},"multiplicity":{"min":"1","max":"100"},"size":{"field":"inherit","label":"inherit","fill":"inherit"},"layout":{"label":{"valign":"inherit","align":"inherit"},"field":{"valign":"inherit","align":"inherit"}},"tags":[],"datasource":{"loadRemote":true,"loadRemoteUrl":"ARK-VI-OPERASJONSTYPER?subset=ARK-VI-OPERASJONSTYPER&language=en-GB","terminology":""},"field":{"code":{"presentation":"textfield","lines":"1"},"value":{"presentation":"textfield","lines":"1"}}},"defaultValue":{"code":"","value":""},"fid":"beslutningsnotat/prosedyre/tilleggsprosedyre/planlagt_prosedyre"},{"name":"Indikasjon","localizedName":"Indikasjon","rmType":"DV_TEXT","nodeId":"at0003","min":0,"max":1,"localizedNames":{"nb":"Indikasjon"},"localizedDescriptions":{"nb":"En kort beskrivelse av indikasjon eller grunn for bestillingen. Dette blir ofte kodet med en ekstern terminologi."},"aqlPath":"/content[openEHR-EHR-ACTION.procedure.v1]/description[at0001]/items[openEHR-EHR-CLUSTER.additional_procedure_code.v1]/items[at0003]/value","inputs":[{"type":"TEXT"}],"formId":"beslutningsnotat/prosedyre/tilleggsprosedyre/indikasjon","viewConfig":{"annotations":{"description":"En kort beskrivelse av årsak eller indikasjon for rekvireringen"},"label":{"custom":true,"value":"Indikasjon","useLocalizations":true,"localizationsList":{"nb":"Indikasjon"}},"advanced":{"hidden":false,"readonly":false},"multiplicity":{"min":"0","max":"1"},"size":{"field":"inherit","label":"inherit","fill":"inherit"},"layout":{"label":{"valign":"inherit","align":"inherit"},"field":{"valign":"inherit","align":"inherit"}},"tags":[],"datasource":{"loadRemote":false,"loadRemoteUrl":"","terminology":""},"field":{"input":{"presentation":"textfield","lines":"1"}}},"defaultValue":{"value":""},"fid":"beslutningsnotat/prosedyre/tilleggsprosedyre/indikasjon"},{"name":"Beskrivelse prosedyre","localizedName":"Beskrivelse prosedyre","rmType":"DV_TEXT","nodeId":"at0004","min":0,"max":1,"localizedNames":{"nb":"Beskrivelse prosedyre"},"localizedDescriptions":{"nb":"En detaljert narrativ beskrivelse av bestilt prosedyre."},"aqlPath":"/content[openEHR-EHR-ACTION.procedure.v1]/description[at0001]/items[openEHR-EHR-CLUSTER.additional_procedure_code.v1]/items[at0004]/value","inputs":[{"type":"TEXT"}],"formId":"beslutningsnotat/prosedyre/tilleggsprosedyre/beskrivelse_prosedyre","viewConfig":{"annotations":{"description":"Beskrivelse av prosedyren"},"label":{"custom":true,"value":"Beskrivelse","useLocalizations":true,"localizationsList":{"nb":"Beskrivelse"}},"advanced":{"hidden":false,"readonly":false},"multiplicity":{"min":"0","max":"1"},"size":{"field":"inherit","label":"inherit","fill":"inherit"},"layout":{"label":{"valign":"inherit","align":"inherit"},"field":{"valign":"inherit","align":"inherit"}},"tags":[],"datasource":{"loadRemote":false,"loadRemoteUrl":"","terminology":""},"field":{"input":{"presentation":"textfield","lines":"1"}}},"defaultValue":{"value":""},"fid":"beslutningsnotat/prosedyre/tilleggsprosedyre/beskrivelse_prosedyre"}]}],"viewConfig":{"label":{"custom":true,"value":"Operasjon","useLocalizations":true,"localizationsList":{"nb":"Operasjon"}},"advanced":{"hidden":false,"readonly":false,"render":false},"multiplicity":{"min":"0","max":"1"},"size":{"field":"large","label":"inherit","fill":"inherit"},"layout":{"label":{"valign":"inherit","align":"top"},"field":{"valign":"inherit","align":"inherit"}},"tags":[],"field":{}}},{"localizedName":"Fieldset","localizedNames":{"nb":"Prioritet og omsorg"},"min":0,"max":-1,"name":"Fieldset","rmType":"GENERIC_FIELDSET","fid":"generic-field-60357","formId":"generic-field-60357","children":[{"name":"Hastegrad","localizedName":"Hastegrad","rmType":"DV_CODED_TEXT","nodeId":"at0068","min":1,"max":1,"localizedNames":{"nb":"Hastegrad"},"localizedDescriptions":{"nb":"Rekvirentens hastegrad."},"aqlPath":"/content[openEHR-EHR-INSTRUCTION.request-procedure.v1]/activities[at0001]/description[at0009]/items[at0068]/value","inputs":[{"suffix":"code","type":"CODED_TEXT","list":[{"value":"1","label":"Ø-Hjelp","localizedLabels":{"nb":"Ø-Hjelp"}},{"value":"2","label":"Elektiv","localizedLabels":{"nb":"Elektiv"}}],"terminology":"Surgery.Hastegrad"}],"fid":"beslutningsnotat/prosedyrerekvirering/rekvirering/hastegrad","formId":"beslutningsnotat/prosedyrerekvirering/rekvirering/hastegrad","viewConfig":{"annotations":{"select":"{#proc_req:/activities[at0001]/description[at0009]/items[at0068]/value}"},"label":{"custom":true,"value":"Hastegrad","useLocalizations":true,"localizationsList":{"nb":"Hastegrad"}},"advanced":{"hidden":false,"readonly":false},"multiplicity":{"min":"1","max":"1"},"size":{"field":"inherit","label":"inherit","fill":"inherit"},"layout":{"label":{"valign":"inherit","align":"inherit"},"field":{"valign":"inherit","align":"inherit"}},"tags":["ShowAsRadios"],"datasource":{"loadRemote":true,"loadRemoteUrl":"Surgery.Hastegrad","terminology":""},"field":{"code":{"presentation":"combobox","columns":"4"}}},"defaultValue":{"code":""}},{"name":"Fargekode hastegrad","localizedName":"Fargekode hastegrad","rmType":"DV_CODED_TEXT","nodeId":"at0009","min":0,"max":1,"localizedNames":{"nb":"Fargekode hastegrad"},"localizedDescriptions":{"nb":"Gir en rask kategosrisering av hastegrad basert på fragekoder. Kodeverk bør bruker der det finnes."},"aqlPath":"/content[openEHR-EHR-INSTRUCTION.request-procedure.v1]/activities[at0001]/description[at0009]/items[openEHR-EHR-CLUSTER.priority_details.v1]/items[at0009]/value","inputs":[{"suffix":"code","type":"TEXT","terminology":"ARK-VI-OPERASJONSPRIORITET?subset=ARK-VI-OPERASJONSPRIORITET&language=en-GB"},{"suffix":"value","type":"TEXT","terminology":"ARK-VI-OPERASJONSPRIORITET?subset=ARK-VI-OPERASJONSPRIORITET&language=en-GB"}],"fid":"beslutningsnotat/prosedyrerekvirering/rekvirering/hastegrad_detaljer/fargekode_hastegrad","formId":"beslutningsnotat/prosedyrerekvirering/rekvirering/hastegrad_detaljer/fargekode_hastegrad","viewConfig":{"annotations":{"select":"{#pri:/items[at0009]/value}","description":"Kategorisering av hastegrad basert på fargekoder."},"label":{"custom":true,"value":"Prioritet","useLocalizations":true,"localizationsList":{"nb":"Prioritet"}},"advanced":{"hidden":false,"readonly":false},"multiplicity":{"min":"0","max":"1"},"size":{"field":"inherit","label":"inherit","fill":"inherit"},"layout":{"label":{"valign":"inherit","align":"inherit"},"field":{"valign":"inherit","align":"inherit"}},"tags":["ShowAsCombobox"],"datasource":{"loadRemote":true,"loadRemoteUrl":"ARK-VI-OPERASJONSPRIORITET?subset=ARK-VI-OPERASJONSPRIORITET&language=en-GB","terminology":""},"field":{"code":{"presentation":"textfield","lines":"1"},"value":{"presentation":"textfield","lines":"1"}}},"defaultValue":{"code":"","value":""}},{"name":"Fargekode varighet","localizedName":"Fargekode varighet","rmType":"DV_DURATION","nodeId":"at0010","min":0,"max":1,"localizedNames":{"nb":"Fargekode varighet"},"localizedDescriptions":{"nb":"Definerer fragekodens varighet f.eks. rød betyr innenfor 6 timer."},"aqlPath":"/content[openEHR-EHR-INSTRUCTION.request-procedure.v1]/activities[at0001]/description[at0009]/items[openEHR-EHR-CLUSTER.priority_details.v1]/items[at0010]/value","inputs":[{"suffix":"year","type":"INTEGER","validation":{"range":{"minOp":">=","min":0}},"defaultValue":0},{"suffix":"month","type":"INTEGER","validation":{"range":{"minOp":">=","min":0}},"defaultValue":0},{"suffix":"day","type":"INTEGER","validation":{"range":{"minOp":">=","min":0}},"defaultValue":0},{"suffix":"week","type":"INTEGER","validation":{"range":{"minOp":">=","min":0}},"defaultValue":0},{"suffix":"hour","type":"INTEGER","validation":{"range":{"minOp":">=","min":0}},"defaultValue":0},{"suffix":"minute","type":"INTEGER","validation":{"range":{"minOp":">=","min":0}},"defaultValue":0},{"suffix":"second","type":"INTEGER","validation":{"range":{"minOp":">=","min":0}},"defaultValue":0}],"fid":"beslutningsnotat/prosedyrerekvirering/rekvirering/hastegrad_detaljer/fargekode_varighet","formId":"beslutningsnotat/prosedyrerekvirering/rekvirering/hastegrad_detaljer/fargekode_varighet","viewConfig":{"label":{"custom":false,"value":"","useLocalizations":false,"localizationsList":{}},"advanced":{"hidden":true,"readonly":false},"multiplicity":{"min":"0","max":"1"},"size":{"field":"inherit","label":"inherit","fill":"inherit"},"layout":{"label":{"valign":"inherit","align":"inherit"},"field":{"valign":"inherit","align":"inherit"}},"tags":[],"datasource":{"loadRemote":false,"loadRemoteUrl":"","terminology":""},"field":{"columns":"7"}},"defaultValue":{"year":0,"month":0,"day":0,"week":0,"hour":0,"minute":0,"second":0}},{"localizedName":"Fieldset","localizedNames":{"nb":"Dersom du krysser av her vil pasienten vises på operasjonsprogrammet i Classic på det tidspunktet du har angitt. Hvis du ikke krysser av her vil inntakskontoret få en hasteoppgave i sin arbeidsflyt for å sette pasienten opp til operasjon på det tidspunktet du har angitt."},"min":0,"max":-1,"name":"Fieldset","rmType":"GENERIC_FIELDSET","fid":"generic-field-56163","formId":"generic-field-56163","viewConfig":{"label":{"custom":true,"value":"Dersom du krysser av her vil pasienten vises på operasjonsprogrammet i Classic på det tidspunktet du har angitt. Hvis du ikke krysser av her vil inntakskontoret få en hasteoppgave i sin arbeidsflyt for å sette pasienten opp til operasjon på det tidspunktet du har angitt.","useLocalizations":true,"localizationsList":{"nb":"Dersom du krysser av her vil pasienten vises på operasjonsprogrammet i Classic på det tidspunktet du har angitt. Hvis du ikke krysser av her vil inntakskontoret få en hasteoppgave i sin arbeidsflyt for å sette pasienten opp til operasjon på det tidspunktet du har angitt."}},"annotations":{"HeaderSize":"text","AlertType":"note"},"advanced":{"hidden":true,"readonly":false,"render":false},"multiplicity":{"min":"0","max":"1"},"size":{"field":"inherit","label":"inherit","fill":"inherit"},"layout":{"label":{"valign":"inherit","align":"inherit"},"field":{"valign":"inherit","align":"inherit"}},"tags":[],"field":{}},"inputs":[{"type":"TEXT"}],"children":[{"name":"Skal pasienten settes på operasjonsprogrammet?","localizedName":"Skal pasienten settes på operasjonsprogrammet?","rmType":"DV_BOOLEAN","nodeId":"at0008","min":0,"max":1,"localizedNames":{"nb":"Skal pasienten settes på operasjonsprogrammet?"},"localizedDescriptions":{"nb":"Ja indikerer at pasienten settes på operasjonsprogrammet og vises umiddelbart, nei indikerer at pasienten settes på operasjonsprogrammet på et senere tidspunkt avhengig av angitt ønsket tidspunkt."},"aqlPath":"/content[openEHR-EHR-INSTRUCTION.request-procedure.v1]/activities[at0001]/description[at0009]/items[openEHR-EHR-CLUSTER.priority_details.v1]/items[at0008]/value","inputs":[{"type":"BOOLEAN","list":[{"value":"true","label":"true"}]}],"fid":"beslutningsnotat/prosedyrerekvirering/rekvirering/hastegrad_detaljer/skal_pasienten_settes_på_operasjonsprogrammet","defaultValue":{"value":false},"formId":"beslutningsnotat/prosedyrerekvirering/rekvirering/hastegrad_detaljer/skal_pasienten_settes_på_operasjonsprogrammet","viewConfig":{"label":{"custom":true,"value":"Skal pasienten settes på operasjonsprogrammet?","useLocalizations":true,"localizationsList":{"nb":"Skal pasienten settes på operasjonsprogrammet?"}},"advanced":{"hidden":false,"readonly":false},"multiplicity":{"min":"0","max":"1"},"size":{"field":"inherit","label":"inherit","fill":"inherit"},"layout":{"label":{"valign":"inherit","align":"left"},"field":{"valign":"inherit","align":"inherit"}},"tags":["showAsCheckbox"],"datasource":{"loadRemote":false,"loadRemoteUrl":"","terminology":""},"annotations":{"select":"{#pri:/items[at0008]/value}","description":""},"field":{"input":{"threeState":false}}}}]},{"name":"Ønskes gjennomført innen ","localizedName":"Ønskes gjennomført innen ","rmType":"DV_DATE_TIME","nodeId":"at0040.1","min":1,"max":1,"localizedNames":{"nb":"Ønsket dato/tid for fullført prosedyre"},"localizedDescriptions":{"nb":"Dato/tid for når prosedyren bør være utført eller avsluttet."},"annotations":{"comment":"I praksis vil klinikere ofte rekvirere prosedyrer med ikke-eksakte tidsangivelser, f.eks. om 3 måneder, 6 måneder eller 12 måneder. Kliniske systemer krever mer eksakte parametre å jobbe med, og \"3 mnd\" vil konverteres til en eksakt dato 3 måneder fra registreringsdatoen, og lagres i dette dataelementet."},"aqlPath":"/content[openEHR-EHR-INSTRUCTION.request-procedure.v1]/activities[at0001]/description[at0009]/items[at0040.1,'Ønskes gjennomført innen ']/value","inputs":[{"type":"DATETIME"}],"fid":"beslutningsnotat/prosedyrerekvirering/rekvirering/ønskes_gjennomført_innen","formId":"beslutningsnotat/prosedyrerekvirering/rekvirering/ønskes_gjennomført_innen","viewConfig":{"annotations":{"select":"{#proc_req:/activities[at0001]/description[at0009]/items[at0040.1]/value}","calcId":"frist","resetAction":"CALCULATE_DATE(beslutningsnotat/prosedyrerekvirering/rekvirering/hastegrad_detaljer/fargekode_varighet)"},"label":{"custom":true,"value":"Ønskes gjennomført innen ","useLocalizations":true,"localizationsList":{"nb":"Ønskes gjennomført innen"}},"advanced":{"hidden":true,"readonly":false},"multiplicity":{"min":"1","max":"1"},"size":{"field":"inherit","label":"inherit","fill":"inherit"},"layout":{"label":{"valign":"inherit","align":"inherit"},"field":{"valign":"inherit","align":"inherit"}},"tags":[],"datasource":{"loadRemote":false,"loadRemoteUrl":"","terminology":""},"field":{}},"defaultValue":{"value":""}},{"name":"Tidligste dato/tid for start av prosedyre","localizedName":"Tidligste dato/tid for start av prosedyre","rmType":"DV_DATE_TIME","nodeId":"at0145.1","min":0,"max":1,"localizedNames":{"nb":"Tidligste dato/tid for start av prosedyre"},"localizedDescriptions":{"nb":"Tidligste akseptable dato for å påbegynne prosedyren."},"annotations":{"comment":"I noen tilfeller må en viss tid løpe før en prosedyre kan utføres, f.eks. ved noen gastroskopier er en avhengig av at pasienten har seponert legemidler i en periode før prosedyren."},"aqlPath":"/content[openEHR-EHR-INSTRUCTION.request-procedure.v1]/activities[at0001]/description[at0009]/items[at0145.1]/value","inputs":[{"type":"DATETIME"}],"fid":"beslutningsnotat/prosedyrerekvirering/rekvirering/tidligste_dato_tid_for_start_av_prosedyre","formId":"beslutningsnotat/prosedyrerekvirering/rekvirering/tidligste_dato_tid_for_start_av_prosedyre","viewConfig":{"annotations":{"select":"{#proc_req:/activities[at0001]/description[at0009]/items[at0145.1]/value}"},"label":{"custom":true,"value":"Tidligste dato for start av prosedyre","useLocalizations":true,"localizationsList":{"nb":"Tidligste dato for start av prosedyre"}},"advanced":{"hidden":true,"readonly":false},"multiplicity":{"min":"0","max":"1"},"size":{"field":"inherit","label":"inherit","fill":"inherit"},"layout":{"label":{"valign":"inherit","align":"inherit"},"field":{"valign":"inherit","align":"inherit"}},"tags":[],"datasource":{"loadRemote":false,"loadRemoteUrl":"","terminology":""},"field":{}},"defaultValue":{"value":""}},{"name":"Kalkulert tidsfrist","localizedName":"Kalkulert tidsfrist","rmType":"DV_DATE_TIME","nodeId":"at0144.1","min":0,"max":1,"localizedNames":{"nb":"Seneste dato/tid for fullført prosedyre"},"localizedDescriptions":{"nb":"Seneste akseptable dato for å fullføre prosedyren."},"annotations":{"comment":"Eksempel: I noen tilfeller må en prosedyre være utført før en annen hendelse, f.eks. planlagt kirurgi."},"aqlPath":"/content[openEHR-EHR-INSTRUCTION.request-procedure.v1]/activities[at0001]/description[at0009]/items[at0144.1,'Kalkulert tidsfrist']/value","inputs":[{"type":"DATETIME"}],"fid":"beslutningsnotat/prosedyrerekvirering/rekvirering/kalkulert_tidsfrist","formId":"beslutningsnotat/prosedyrerekvirering/rekvirering/kalkulert_tidsfrist","viewConfig":{"label":{"custom":true,"value":"Kalkulert tidsfrist","useLocalizations":true,"localizationsList":{"nb":"Kalkulert tidsfrist"}},"advanced":{"hidden":false,"readonly":false},"multiplicity":{"min":"0","max":"1"},"size":{"field":"inherit","label":"inherit","fill":"inherit"},"layout":{"label":{"valign":"inherit","align":"inherit"},"field":{"valign":"inherit","align":"inherit"}},"tags":["IMPORTANT"],"datasource":{"loadRemote":false,"loadRemoteUrl":"","terminology":""},"annotations":{"calc":"frist"},"field":{}},"defaultValue":{"value":""}}],"viewConfig":{"label":{"custom":true,"value":"Prioritet og omsorg","useLocalizations":true,"localizationsList":{"nb":"Prioritet og omsorg"}},"advanced":{"hidden":false,"readonly":false,"render":false},"multiplicity":{"min":"0","max":"1"},"size":{"field":"large","label":"inherit","fill":"inherit"},"layout":{"label":{"valign":"inherit","align":"top"},"field":{"valign":"inherit","align":"inherit"}},"tags":[],"field":{}}},{"name":"Omsorgsnivå","localizedName":"Omsorgsnivå","rmType":"CLUSTER","nodeId":"openEHR-EHR-CLUSTER.care_level.v1","min":0,"max":1,"localizedNames":{"nb":"Omsorgsnivå"},"localizedDescriptions":{"nb":"Modellerer omsorgsnivå for utføring av helsetjenesten"},"aqlPath":"/content[openEHR-EHR-INSTRUCTION.request-procedure.v1]/activities[at0001]/description[at0009]/items[openEHR-EHR-CLUSTER.care_level.v1]","fid":"beslutningsnotat/prosedyrerekvirering/rekvirering/omsorgsnivå","formId":"beslutningsnotat/prosedyrerekvirering/rekvirering/omsorgsnivå","children":[{"name":"Omsorgsnivå","localizedName":"Omsorgsnivå","rmType":"DV_CODED_TEXT","nodeId":"at0001","min":1,"max":1,"localizedNames":{"nb":"Omsorgsnivå"},"localizedDescriptions":{"nb":"Beskrivelse av nivået som et tiltak i helsetjenesten skal utføres på f.eks. poliklinisk omsorg, innleggelse."},"aqlPath":"/content[openEHR-EHR-INSTRUCTION.request-procedure.v1]/activities[at0001]/description[at0009]/items[openEHR-EHR-CLUSTER.care_level.v1]/items[at0001]/value","inputs":[{"suffix":"code","type":"TEXT","terminology":"ARK-VI-NPROMSNIVAA?subset=ARK-VI-NPROMSNIVAA&language=en-GB"},{"suffix":"value","type":"TEXT","terminology":"ARK-VI-NPROMSNIVAA?subset=ARK-VI-NPROMSNIVAA&language=en-GB"}],"formId":"beslutningsnotat/prosedyrerekvirering/rekvirering/omsorgsnivå/omsorgsnivå","viewConfig":{"label":{"custom":true,"value":"Omsorgsnivå","useLocalizations":true,"localizationsList":{"nb":"Omsorgsnivå"}},"advanced":{"hidden":false,"readonly":false},"multiplicity":{"min":"1","max":"1"},"size":{"field":"inherit","label":"inherit","fill":"inherit"},"layout":{"label":{"valign":"inherit","align":"top"},"field":{"valign":"inherit","align":"inherit"}},"tags":["ShowAsCombobox"],"datasource":{"loadRemote":true,"loadRemoteUrl":"ARK-VI-NPROMSNIVAA?subset=ARK-VI-NPROMSNIVAA&language=en-GB","terminology":""},"annotations":{"select":"{#care_level:/items[at0001]/value}"},"field":{"code":{"presentation":"textfield","lines":"1"},"value":{"presentation":"textfield","lines":"1"}}},"defaultValue":{"code":"","value":""},"fid":"beslutningsnotat/prosedyrerekvirering/rekvirering/omsorgsnivå/omsorgsnivå"},{"name":"Behandlingssted","localizedName":"Behandlingssted","rmType":"DV_CODED_TEXT","nodeId":"at0002","min":0,"max":1,"localizedNames":{"nb":"Behandlingssted"},"localizedDescriptions":{"nb":"Beskrivelse ab lokasjon hvor en gitt behandling skal gis."},"aqlPath":"/content[openEHR-EHR-INSTRUCTION.request-procedure.v1]/activities[at0001]/description[at0009]/items[openEHR-EHR-CLUSTER.care_level.v1]/items[at0002]/value","inputs":[{"suffix":"code","type":"TEXT","terminology":"DIPS-LOCALIZATION?subset=SURGERY&language=en-GB"},{"suffix":"value","type":"TEXT","terminology":"DIPS-LOCALIZATION?subset=SURGERY&language=en-GB"}],"formId":"beslutningsnotat/prosedyrerekvirering/rekvirering/omsorgsnivå/behandlingssted","viewConfig":{"label":{"custom":true,"value":"Behandlingssted","useLocalizations":true,"localizationsList":{"nb":"Behandlingssted"}},"advanced":{"hidden":false,"readonly":false},"multiplicity":{"min":"1","max":"1"},"size":{"field":"inherit","label":"inherit","fill":"inherit"},"layout":{"label":{"valign":"inherit","align":"top"},"field":{"valign":"inherit","align":"inherit"}},"tags":["ShowAsCombobox"],"datasource":{"loadRemote":true,"loadRemoteUrl":"DIPS-LOCALIZATION?subset=SURGERY&language=en-GB","terminology":""},"annotations":{"select":"{#care_level:/items[at0002]/value}"},"field":{"code":{"presentation":"textfield","lines":"1"},"value":{"presentation":"textfield","lines":"1"}}},"defaultValue":{"code":"","value":""},"fid":"beslutningsnotat/prosedyrerekvirering/rekvirering/omsorgsnivå/behandlingssted"}],"viewConfig":{"label":{"custom":true,"value":"Omsorgsnivå","useLocalizations":true,"localizationsList":{"nb":"Omsorgsnivå"}},"advanced":{"hidden":false,"readonly":false,"render":false},"multiplicity":{"min":"1","max":"1"},"size":{"field":"inherit","label":"inherit","fill":"inherit"},"layout":{"label":{"valign":"inherit","align":"inherit"},"field":{"valign":"inherit","align":"inherit"}},"tags":["HideLabel"],"field":{}}},{"name":"Viktig informasjon","localizedName":"Viktig informasjon","rmType":"CLUSTER","nodeId":"openEHR-EHR-CLUSTER.important_information.v1","min":0,"max":1,"localizedNames":{"nb":"Viktig informasjon"},"localizedDescriptions":{"nb":"Beskriver viktig informasjon i forbindelse med behandling, utredning eller andre helstjenester som ytes for en pasient."},"aqlPath":"/content[openEHR-EHR-INSTRUCTION.request-procedure.v1]/activities[at0001]/description[at0009]/items[openEHR-EHR-CLUSTER.important_information.v1]","fid":"beslutningsnotat/prosedyrerekvirering/rekvirering/viktig_informasjon","formId":"beslutningsnotat/prosedyrerekvirering/rekvirering/viktig_informasjon","children":[{"name":"Viktig informasjon","localizedName":"Viktig informasjon","rmType":"DV_TEXT","nodeId":"at0001","min":0,"max":1,"localizedNames":{"nb":"Viktig informasjon"},"localizedDescriptions":{"nb":"En narrativ beskrivelse av viktig informasjon."},"aqlPath":"/content[openEHR-EHR-INSTRUCTION.request-procedure.v1]/activities[at0001]/description[at0009]/items[openEHR-EHR-CLUSTER.important_information.v1]/items[at0001]/value","inputs":[{"type":"TEXT"}],"formId":"beslutningsnotat/prosedyrerekvirering/rekvirering/viktig_informasjon/viktig_informasjon","viewConfig":{"annotations":{"select":"{#importantinfo:/items[at0001]/value}","description":""},"label":{"custom":true,"value":"Viktig informasjon","useLocalizations":true,"localizationsList":{"nb":"Viktig informasjon"}},"advanced":{"hidden":false,"readonly":false},"multiplicity":{"min":"0","max":"1"},"size":{"field":"inherit","label":-1,"fill":"inherit"},"layout":{"label":{"valign":"inherit","align":"inherit"},"field":{"valign":"inherit","align":"inherit"}},"tags":[],"datasource":{"loadRemote":false,"loadRemoteUrl":"","terminology":""},"field":{"input":{"presentation":"textfield","lines":"1"}}},"defaultValue":{"value":""},"fid":"beslutningsnotat/prosedyrerekvirering/rekvirering/viktig_informasjon/viktig_informasjon"}],"viewConfig":{"annotations":{"AlertType":"Important","HeaderSize":"text"},"label":{"custom":true,"value":"Viktig informasjon","useLocalizations":true,"localizationsList":{"nb":"Viktig informasjon"}},"advanced":{"hidden":false,"readonly":false,"render":false},"multiplicity":{"min":"1","max":"1"},"size":{"field":"inherit","label":"inherit","fill":"inherit"},"layout":{"label":{"valign":"inherit","align":"inherit"},"field":{"valign":"inherit","align":"inherit"}},"tags":[],"field":{}}},{"localizedName":"Fieldset","localizedNames":{"nb":"Pasient"},"min":0,"max":-1,"name":"Fieldset","rmType":"GENERIC_FIELDSET","fid":"generic-field-26014","formId":"generic-field-26014","children":[{"name":"Ønsket anestesi","localizedName":"Ønsket anestesi","rmType":"DV_CODED_TEXT","nodeId":"at0001","min":1,"max":1,"localizedNames":{"nb":"Ønsket anestesi"},"localizedDescriptions":{"nb":"Anestesitypen/formen som ønskes i forbindelse med en planlagt prosedyre."},"aqlPath":"/content[openEHR-EHR-INSTRUCTION.request-procedure.v1]/activities[at0001]/description[at0009]/items[openEHR-EHR-CLUSTER.anesthesia_requested.v1]/items[at0001]/value","inputs":[{"suffix":"code","type":"TEXT","terminology":"ARK-UDS%20-%20%C3%98NSKET%20ANESTESI?subset=ARK-UDS%20-%20%C3%98NSKET%20ANESTESI&language=en-GB"},{"suffix":"value","type":"TEXT","terminology":"ARK-UDS%20-%20%C3%98NSKET%20ANESTESI?subset=ARK-UDS%20-%20%C3%98NSKET%20ANESTESI&language=en-GB"}],"fid":"beslutningsnotat/prosedyrerekvirering/rekvirering/ønsket_anestesi/ønsket_anestesi","formId":"beslutningsnotat/prosedyrerekvirering/rekvirering/ønsket_anestesi/ønsket_anestesi","viewConfig":{"annotations":{"select":"{#ane_req:/items[at0001]/value}"},"label":{"custom":true,"value":"Ønsket anestesi","useLocalizations":true,"localizationsList":{"nb":"Ønsket anestesi"}},"advanced":{"hidden":false,"readonly":false},"multiplicity":{"min":"1","max":"1"},"size":{"field":"inherit","label":"inherit","fill":"inherit"},"layout":{"label":{"valign":"inherit","align":"inherit"},"field":{"valign":"inherit","align":"inherit"}},"tags":["ShowAsCombobox"],"datasource":{"loadRemote":true,"loadRemoteUrl":"ARK-UDS%20-%20%C3%98NSKET%20ANESTESI?subset=ARK-UDS%20-%20%C3%98NSKET%20ANESTESI&language=en-GB","terminology":""},"field":{"code":{"presentation":"textfield","lines":"1"},"value":{"presentation":"textfield","lines":"1"}}},"defaultValue":{"code":"","value":""}},{"name":"Kommentar","localizedName":"Kommentar","rmType":"DV_TEXT","nodeId":"at0002","min":0,"max":1,"localizedNames":{"nb":"Kommentar"},"localizedDescriptions":{"nb":"Detaljert beskrivelse av spesielle forhold rundt ønsket anestesi f.eks. bagrunn for valget, anestesi ønsket av pasient etc."},"aqlPath":"/content[openEHR-EHR-INSTRUCTION.request-procedure.v1]/activities[at0001]/description[at0009]/items[openEHR-EHR-CLUSTER.anesthesia_requested.v1]/items[at0002]/value","inputs":[{"type":"TEXT"}],"fid":"beslutningsnotat/prosedyrerekvirering/rekvirering/ønsket_anestesi/kommentar","formId":"beslutningsnotat/prosedyrerekvirering/rekvirering/ønsket_anestesi/kommentar","viewConfig":{"annotations":{"select":"{#ane_req:/items[at0002]/value}"},"label":{"custom":true,"value":"Merknad ønsket anestesi","useLocalizations":true,"localizationsList":{"nb":"Merknad ønsket anestesi"}},"advanced":{"hidden":false,"readonly":false},"multiplicity":{"min":"0","max":"1"},"size":{"field":"inherit","label":"inherit","fill":"inherit"},"layout":{"label":{"valign":"inherit","align":"inherit"},"field":{"valign":"inherit","align":"inherit"}},"tags":[],"datasource":{"loadRemote":false,"loadRemoteUrl":"","terminology":""},"field":{"input":{"presentation":"textfield","lines":"1"}}},"defaultValue":{"value":""}},{"name":"ASA-status","localizedName":"ASA-status","rmType":"DV_CODED_TEXT","nodeId":"at0001","min":1,"max":1,"localizedNames":{"nb":"ASA-status"},"localizedDescriptions":{"nb":"Et individs vurderte preoperative status."},"aqlPath":"/content[openEHR-EHR-INSTRUCTION.request-procedure.v1]/activities[at0001]/description[at0009]/items[openEHR-EHR-CLUSTER.asa_status.v1]/items[at0001]/value","inputs":[{"suffix":"code","type":"CODED_TEXT","list":[{"value":"at0003","label":"ASA I","localizedLabels":{"nb":"ASA I"},"localizedDescriptions":{"nb":"Frisk pasient. Ingen organisk, fysiologisk, biokjemisk eller psykiatrisk forstyrrelse. Den aktuelle lidelsen er lokalisert og gir ikke generelle systemforstyrrelser. Mindre enn 5 sigaretters røyking per dag. Alder under 80 år. Eksempel: Frisk 50-åring, ikke-røyker, til åreknuteoperasjon."}},{"value":"at0004","label":"ASA II","localizedLabels":{"nb":"ASA II"},"localizedDescriptions":{"nb":"Moderat organisk lidelse eller forstyrrelse som ikke forårsaker funksjonelle begrensninger, men som kan medføre spesielle forholdsregler eller anestesitekniske tiltak. Lidelsen(e) kan enten være forårsaket av den aktuelle sykdommen pasienten skal opereres for, eller av en annen patologisk prosess. Alder over 80 år og nyfødte under 3 måneder. Mer enn 5 sigaretters røyking per dag. Eksempler: Lett organisk hjertesykdom. Ukomplisert diabetes (type 1 og 2). Godartet, ukomplisert hypertensjon. Frisk 20-åring med kjeveleddsperre."}},{"value":"at0005","label":"ASA III","localizedLabels":{"nb":"ASA III"},"localizedDescriptions":{"nb":"Alvorlig organisk sykdom eller forstyrrelse som gir definerte funksjonelle begrensninger. Eksempler: Diabetes med organkomplikasjoner. Invalidiserende hjertesykdom. Moderat til alvorlig lungesykdom. Angina pectoris. Gjennomgått hjerteinfarkt (mer enn 6 måneder siden)."}},{"value":"at0006","label":"ASA IV","localizedLabels":{"nb":"ASA IV"},"localizedDescriptions":{"nb":"Livstruende organisk sykdom som ikke behøver å være relatert til den aktuelle kirurgiske lidelsen eller som ikke alltid bedres ved det kirurgiske inngrepet. Eksempler: Malign hypertensjon. Nylig gjennomgått hjerteinfarkt (mindre enn 6 måneder siden). Sterkt framskreden lever-, nyre-, lunge- eller endokrin dysfunksjon. Manifest hjertesvikt. Ustabil angina pectoris. Subaraknoidalblødning, pasienten våken eller somnolent."}},{"value":"at0007","label":"ASA V","localizedLabels":{"nb":"ASA V"},"localizedDescriptions":{"nb":"Moribund pasient som ikke forventes å overleve 24 timer, med eller uten kirurgi. Eksempler: Pasient i sjokk med aortaaneurisme. Dypt komatøs pasient med intrakraniell blødning."}},{"value":"at0008","label":"ASA VI","localizedLabels":{"nb":"ASA VI"},"localizedDescriptions":{"nb":"Erklært hjernedød pasient som skal få organer fjernet for donasjon."}}]}],"fid":"beslutningsnotat/prosedyrerekvirering/rekvirering/asa-klassifikasjon/asa-status","formId":"beslutningsnotat/prosedyrerekvirering/rekvirering/asa-klassifikasjon/asa-status","viewConfig":{"annotations":{"select":"{#asa:/items[at0001]/value}"},"label":{"custom":true,"value":"ASA-status","useLocalizations":true,"localizationsList":{"nb":"ASA-status"}},"advanced":{"hidden":false,"readonly":false},"multiplicity":{"min":"1","max":"1"},"size":{"field":"inherit","label":"inherit","fill":"inherit"},"layout":{"label":{"valign":"inherit","align":"inherit"},"field":{"valign":"inherit","align":"inherit"}},"tags":[],"datasource":{"loadRemote":false,"loadRemoteUrl":"","terminology":""},"field":{"code":{"presentation":"combobox","columns":"4"}}},"defaultValue":{"code":""}},{"name":"Kommentar","localizedName":"Kommentar","rmType":"DV_TEXT","nodeId":"at0014","min":0,"max":1,"localizedNames":{"nb":"Kommentar"},"localizedDescriptions":{"nb":"Fritekstvurdering av individets ASA-status."},"aqlPath":"/content[openEHR-EHR-INSTRUCTION.request-procedure.v1]/activities[at0001]/description[at0009]/items[openEHR-EHR-CLUSTER.asa_status.v1]/items[at0014]/value","inputs":[{"type":"TEXT"}],"fid":"beslutningsnotat/prosedyrerekvirering/rekvirering/asa-klassifikasjon/kommentar","formId":"beslutningsnotat/prosedyrerekvirering/rekvirering/asa-klassifikasjon/kommentar","viewConfig":{"annotations":{"select":"{#asa:/items[at0014]/value}"},"label":{"custom":true,"value":"Merknad ASA","useLocalizations":true,"localizationsList":{"nb":"Merknad ASA"}},"advanced":{"hidden":false,"readonly":false},"multiplicity":{"min":"0","max":"1"},"size":{"field":"inherit","label":"inherit","fill":"inherit"},"layout":{"label":{"valign":"inherit","align":"inherit"},"field":{"valign":"inherit","align":"inherit"}},"tags":[],"datasource":{"loadRemote":false,"loadRemoteUrl":"","terminology":""},"field":{"input":{"presentation":"textfield","lines":"1"}}},"defaultValue":{"value":""}},{"annotations":{"comment":"Generic input field used to add custom fields."},"inputs":[{"type":"TEXT"}],"localizedName":"Input","localizedNames":{"nb":"Input"},"max":-1,"min":0,"name":"Input","rmType":"GENERIC_FIELD","fid":"generic-field-82808","formId":"generic-field-82808","viewConfig":{"annotations":{"ShowAsHyperlink":"http://intranett.unn.no/getfile.php/UNN%20INTRA/Enhet/OPIN_INTRA/Dokumenter/ASA-klassifisering_UNN_Troms%C3%B8_v02.pdf"},"label":{"custom":false,"value":"","useLocalizations":false,"localizationsList":{}},"advanced":{"hidden":false,"readonly":false},"multiplicity":{"min":"0","max":"1"},"size":{"field":"large","label":-1,"fill":"inherit"},"layout":{"label":{"valign":"inherit","align":"left"},"field":{"valign":"inherit","align":"inherit"}},"tags":[],"datasource":{"loadRemote":false,"loadRemoteUrl":"","terminology":""},"field":{"input":{"presentation":"textfield","lines":"1"},"type":"DV_TEXT"}},"defaultValue":{"value":"ASA klassifisering UNN"}},{"name":"Medisiner som skal seponeres","localizedName":"Medisiner som skal seponeres","rmType":"DV_TEXT","nodeId":"at0004","min":0,"max":1,"localizedNames":{"nb":"Medisiner som skal seponeres"},"localizedDescriptions":{"nb":"Medisiner som pasaienten må seponere i forkant av en kirurgisk prosedyre f.eks. Marevan."},"aqlPath":"/content[openEHR-EHR-INSTRUCTION.request-procedure.v1]/activities[at0001]/description[at0009]/items[openEHR-EHR-CLUSTER.additional_information_patient_surgery.v1]/items[at0004]/value","inputs":[{"type":"TEXT"}],"fid":"beslutningsnotat/prosedyrerekvirering/rekvirering/tilleggsinformasjon_pasient/medisiner_som_skal_seponeres","formId":"beslutningsnotat/prosedyrerekvirering/rekvirering/tilleggsinformasjon_pasient/medisiner_som_skal_seponeres","viewConfig":{"annotations":{"select":"{#add_info_patient:/items[at0004]/value}"},"label":{"custom":true,"value":"Medisiner som skal seponeres","useLocalizations":true,"localizationsList":{"nb":"Medisiner som skal seponeres"}},"advanced":{"hidden":false,"readonly":false},"multiplicity":{"min":"0","max":"1"},"size":{"field":"inherit","label":"inherit","fill":"inherit"},"layout":{"label":{"valign":"inherit","align":"inherit"},"field":{"valign":"inherit","align":"inherit"}},"tags":[],"datasource":{"loadRemote":false,"loadRemoteUrl":"","terminology":""},"field":{"input":{"presentation":"textfield","lines":"1"}}},"defaultValue":{"value":""}},{"name":"Tolk","localizedName":"Tolk","rmType":"DV_TEXT","nodeId":"at0014","min":0,"max":1,"localizedNames":{"nb":"Tolk"},"localizedDescriptions":{"nb":"Behov for tolk hos pasienten."},"aqlPath":"/content[openEHR-EHR-INSTRUCTION.request-procedure.v1]/activities[at0001]/description[at0009]/items[openEHR-EHR-CLUSTER.additional_information_patient_surgery.v1]/items[at0014]/value","inputs":[{"type":"TEXT"}],"fid":"beslutningsnotat/prosedyrerekvirering/rekvirering/tilleggsinformasjon_pasient/tolk","formId":"beslutningsnotat/prosedyrerekvirering/rekvirering/tilleggsinformasjon_pasient/tolk","viewConfig":{"annotations":{"select":"{#add_info_patient:/items[at0014]/value}"},"label":{"custom":true,"value":"Tolk","useLocalizations":true,"localizationsList":{"nb":"Tolk"}},"advanced":{"hidden":false,"readonly":false},"multiplicity":{"min":"0","max":"1"},"size":{"field":"inherit","label":"inherit","fill":"inherit"},"layout":{"label":{"valign":"inherit","align":"inherit"},"field":{"valign":"inherit","align":"inherit"}},"tags":[],"datasource":{"loadRemote":false,"loadRemoteUrl":"","terminology":""},"field":{"input":{"presentation":"textfield","lines":"1"}}},"defaultValue":{"value":""}},{"name":"Annen informasjon","localizedName":"Annen informasjon","rmType":"DV_TEXT","nodeId":"at0008","min":0,"max":1,"localizedNames":{"nb":"Annen informasjon"},"localizedDescriptions":{"nb":"Andre viktige forhold ved pasienten som har betydning for planlegging av en kirurgisk prosedyre."},"aqlPath":"/content[openEHR-EHR-INSTRUCTION.request-procedure.v1]/activities[at0001]/description[at0009]/items[openEHR-EHR-CLUSTER.additional_information_patient_surgery.v1]/items[at0008]/value","inputs":[{"type":"TEXT"}],"fid":"beslutningsnotat/prosedyrerekvirering/rekvirering/tilleggsinformasjon_pasient/annen_informasjon","formId":"beslutningsnotat/prosedyrerekvirering/rekvirering/tilleggsinformasjon_pasient/annen_informasjon","viewConfig":{"annotations":{"select":"{#add_info_patient:/items[at0008]/value}"},"label":{"custom":true,"value":"Annen informasjon","useLocalizations":true,"localizationsList":{"nb":"Annen informasjon"}},"advanced":{"hidden":false,"readonly":false},"multiplicity":{"min":"0","max":"1"},"size":{"field":"inherit","label":"inherit","fill":"inherit"},"layout":{"label":{"valign":"inherit","align":"inherit"},"field":{"valign":"inherit","align":"inherit"}},"tags":[],"datasource":{"loadRemote":false,"loadRemoteUrl":"","terminology":""},"field":{"input":{"presentation":"textfield","lines":"1"}}},"defaultValue":{"value":""}}],"viewConfig":{"label":{"custom":true,"value":"Pasient","useLocalizations":true,"localizationsList":{"nb":"Pasient"}},"advanced":{"hidden":false,"readonly":false,"render":false},"multiplicity":{"min":"0","max":"1"},"size":{"field":"large","label":"inherit","fill":"inherit"},"layout":{"label":{"valign":"inherit","align":"top"},"field":{"valign":"inherit","align":"inherit"}},"tags":[],"field":{}}},{"localizedName":"Fieldset","localizedNames":{"nb":"Operasjondetaljer"},"min":0,"max":-1,"name":"Fieldset","rmType":"GENERIC_FIELDSET","fid":"generic-field-22093","formId":"generic-field-22093","children":[{"name":"Spesielle behov kirurgi","localizedName":"Spesielle behov kirurgi","rmType":"CLUSTER","nodeId":"openEHR-EHR-CLUSTER.special_requirements_surgery.v1","min":0,"max":1,"localizedNames":{"nb":"Spesielle behov kirurgi"},"localizedDescriptions":{"nb":"Spesialutstyr og eller ressurser som brukes på operasjonsstue i forbindelse med kirurgi. Midlertidig arketype som  brukes i påvente av at gjeldende instruction med activity og action er på plass."},"aqlPath":"/content[openEHR-EHR-INSTRUCTION.request-procedure.v1]/activities[at0001]/description[at0009]/items[openEHR-EHR-CLUSTER.special_requirements_surgery.v1]","fid":"beslutningsnotat/prosedyrerekvirering/rekvirering/spesielle_behov_kirurgi","formId":"beslutningsnotat/prosedyrerekvirering/rekvirering/spesielle_behov_kirurgi","viewConfig":{"label":{"custom":true,"value":"Spesielle behov kirurgi","useLocalizations":true,"localizationsList":{"nb":"Spesielle behov kirurgi"}},"advanced":{"hidden":false,"readonly":false,"render":false},"multiplicity":{"min":"1","max":"1"},"size":{"field":"inherit","label":"inherit","fill":"inherit"},"layout":{"label":{"valign":"inherit","align":"top"},"field":{"valign":"inherit","align":"inherit"}},"tags":["HideLabel"],"field":{}},"children":[{"name":"Spesialutstyr","localizedName":"Spesialutstyr","rmType":"DV_TEXT","nodeId":"at0007","min":0,"max":-1,"localizedNames":{"nb":"Spesialutstyr"},"localizedDescriptions":{"nb":"Spesialutstyr som brukes på operasjonsstue i forbindelse med kirurgi."},"aqlPath":"/content[openEHR-EHR-INSTRUCTION.request-procedure.v1]/activities[at0001]/description[at0009]/items[openEHR-EHR-CLUSTER.special_requirements_surgery.v1]/items[at0007]/value","inputs":[{"type":"TEXT"}],"fid":"beslutningsnotat/prosedyrerekvirering/rekvirering/spesielle_behov_kirurgi/spesialutstyr","formId":"beslutningsnotat/prosedyrerekvirering/rekvirering/spesielle_behov_kirurgi/spesialutstyr","viewConfig":{"annotations":{"select":"{#spec_req:/items[at0007]/value}"},"label":{"custom":true,"value":"Spesialutstyr","useLocalizations":true,"localizationsList":{"nb":"Spesialutstyr"}},"advanced":{"hidden":false,"readonly":false},"multiplicity":{"min":"0","max":"1"},"size":{"field":"inherit","label":"inherit","fill":"inherit"},"layout":{"label":{"valign":"inherit","align":"inherit"},"field":{"valign":"inherit","align":"inherit"}},"tags":[],"datasource":{"loadRemote":false,"loadRemoteUrl":"","terminology":""},"field":{"input":{"presentation":"textfield","lines":"1"}}},"defaultValue":{"value":""}},{"name":"Blodprodukter","localizedName":"Blodprodukter","rmType":"DV_TEXT","nodeId":"at0010","min":0,"max":1,"localizedNames":{"nb":"Blodprodukter"},"localizedDescriptions":{"nb":"Beskriver et behov for blodprodukter under planalgt kirurgi."},"aqlPath":"/content[openEHR-EHR-INSTRUCTION.request-procedure.v1]/activities[at0001]/description[at0009]/items[openEHR-EHR-CLUSTER.special_requirements_surgery.v1]/items[at0010]/value","inputs":[{"type":"TEXT"}],"formId":"beslutningsnotat/prosedyrerekvirering/rekvirering/spesielle_behov_kirurgi/blodprodukter","viewConfig":{"annotations":{"select":"{#spec_req:/items[at0010]/value}"},"label":{"custom":true,"value":"Blodprodukter","useLocalizations":true,"localizationsList":{"nb":"Blodprodukter"}},"advanced":{"hidden":false,"readonly":false},"multiplicity":{"min":"0","max":"1"},"size":{"field":"inherit","label":"inherit","fill":"inherit"},"layout":{"label":{"valign":"inherit","align":"inherit"},"field":{"valign":"inherit","align":"inherit"}},"tags":[],"datasource":{"loadRemote":false,"loadRemoteUrl":"","terminology":""},"field":{"input":{"presentation":"textfield","lines":"1"}}},"defaultValue":{"value":""},"fid":"beslutningsnotat/prosedyrerekvirering/rekvirering/spesielle_behov_kirurgi/blodprodukter"},{"name":"Andre behov","localizedName":"Andre behov","rmType":"DV_TEXT","nodeId":"at0014","min":0,"max":1,"localizedNames":{"nb":"Andre behov"},"localizedDescriptions":{"nb":"Andre behov på operasjonsstuen som ikke omfattes av punktene ovenfor."},"aqlPath":"/content[openEHR-EHR-INSTRUCTION.request-procedure.v1]/activities[at0001]/description[at0009]/items[openEHR-EHR-CLUSTER.special_requirements_surgery.v1]/items[at0014]/value","inputs":[{"type":"TEXT"}],"formId":"beslutningsnotat/prosedyrerekvirering/rekvirering/spesielle_behov_kirurgi/andre_behov","viewConfig":{"annotations":{"select":"{#spec_req:/items[at0014]/value}"},"label":{"custom":true,"value":"Andre behov","useLocalizations":true,"localizationsList":{"nb":"Andre behov"}},"advanced":{"hidden":false,"readonly":false},"multiplicity":{"min":"0","max":"1"},"size":{"field":"inherit","label":"inherit","fill":"inherit"},"layout":{"label":{"valign":"inherit","align":"inherit"},"field":{"valign":"inherit","align":"inherit"}},"tags":[],"datasource":{"loadRemote":false,"loadRemoteUrl":"","terminology":""},"field":{"input":{"presentation":"textfield","lines":"1"}}},"defaultValue":{"value":""},"fid":"beslutningsnotat/prosedyrerekvirering/rekvirering/spesielle_behov_kirurgi/andre_behov"}]},{"name":"Ønsket helsepersonell","localizedName":"Ønsket helsepersonell","rmType":"CLUSTER","nodeId":"openEHR-EHR-CLUSTER.required_medical_personell.v1","min":0,"max":-1,"localizedNames":{"nb":"Ønsket helsepersonell"},"localizedDescriptions":{"nb":"Helsepersonell som ønskes skal utføre en prosedyre. Midlertidig arketype som  brukes i påvente av at gjeldende instruction med activity og action er på plass."},"aqlPath":"/content[openEHR-EHR-INSTRUCTION.request-procedure.v1]/activities[at0001]/description[at0009]/items[openEHR-EHR-CLUSTER.required_medical_personell.v1]","fid":"beslutningsnotat/prosedyrerekvirering/rekvirering/ønsket_helsepersonell","formId":"beslutningsnotat/prosedyrerekvirering/rekvirering/ønsket_helsepersonell","viewConfig":{"label":{"custom":false,"value":"","useLocalizations":false,"localizationsList":{}},"advanced":{"hidden":false,"readonly":false,"render":false},"multiplicity":{"min":"0","max":"100"},"size":{"field":"inherit","label":"inherit","fill":"inherit"},"layout":{"label":{"valign":"inherit","align":"inherit"},"field":{"valign":"inherit","align":"inherit"}},"tags":["ForceMinMultiplicity","HideLabel"],"field":{}},"children":[{"name":"Navngitt behandler","localizedName":"Navngitt behandler","rmType":"DV_CODED_TEXT","nodeId":"at0001","min":0,"max":-1,"localizedNames":{"nb":"Navngitt behandler"},"localizedDescriptions":{"nb":"En eller flere navngitte helsepersonell som en ønsker skal utføre en prosedyre. Dette kan være lege, sykepleier, radiolog etc.. "},"aqlPath":"/content[openEHR-EHR-INSTRUCTION.request-procedure.v1]/activities[at0001]/description[at0009]/items[openEHR-EHR-CLUSTER.required_medical_personell.v1]/items[at0001]/value","inputs":[{"suffix":"code","type":"TEXT","terminology":"dips?subset=HEALTHCAREPARTY&language=en-GB"},{"suffix":"value","type":"TEXT","terminology":"dips?subset=HEALTHCAREPARTY&language=en-GB"}],"formId":"beslutningsnotat/prosedyrerekvirering/rekvirering/ønsket_helsepersonell/navngitt_behandler","viewConfig":{"label":{"custom":true,"value":"Navngitt behandler","useLocalizations":true,"localizationsList":{"nb":"Navngitt behandler"}},"advanced":{"hidden":false,"readonly":false},"multiplicity":{"min":"0","max":"1"},"size":{"field":"inherit","label":"inherit","fill":"inherit"},"layout":{"label":{"valign":"inherit","align":"top"},"field":{"valign":"inherit","align":"inherit"}},"tags":[],"datasource":{"loadRemote":true,"loadRemoteUrl":"dips?subset=HEALTHCAREPARTY&language=en-GB","terminology":""},"annotations":{"select":"{#req_med_pers:/items[at0001]/value}"},"field":{"code":{"presentation":"textfield","lines":"1"},"value":{"presentation":"textfield","lines":"1"}}},"defaultValue":{"code":"","value":""},"fid":"beslutningsnotat/prosedyrerekvirering/rekvirering/ønsket_helsepersonell/navngitt_behandler"},{"name":"Obligatorisk","localizedName":"Obligatorisk","rmType":"DV_BOOLEAN","nodeId":"at0004","min":0,"max":-1,"localizedNames":{"nb":"Obligatorisk"},"localizedDescriptions":{"nb":"Sann indikerer at ønsket personell er nødvendig for å kunne gjennomføre prosedyren. "},"aqlPath":"/content[openEHR-EHR-INSTRUCTION.request-procedure.v1]/activities[at0001]/description[at0009]/items[openEHR-EHR-CLUSTER.required_medical_personell.v1]/items[at0004]/value","inputs":[{"type":"BOOLEAN","list":[{"value":"true","label":"true"}]}],"defaultValue":{"value":false},"formId":"beslutningsnotat/prosedyrerekvirering/rekvirering/ønsket_helsepersonell/obligatorisk","viewConfig":{"annotations":{"select":"{#req_med_pers:/items[at0004]/value}","description":"Er angitt behandler obligatorisk for at prosedyren skal kunne gjennomføres?"},"label":{"custom":true,"value":"Obligatorisk","useLocalizations":true,"localizationsList":{"nb":"Obligatorisk"}},"advanced":{"hidden":false,"readonly":false},"multiplicity":{"min":"0","max":"1"},"size":{"field":"inherit","label":"inherit","fill":"inherit"},"layout":{"label":{"valign":"inherit","align":"inherit"},"field":{"valign":"bottom","align":"inherit"}},"tags":[],"datasource":{"loadRemote":false,"loadRemoteUrl":"","terminology":""},"field":{"input":{"threeState":false}}},"fid":"beslutningsnotat/prosedyrerekvirering/rekvirering/ønsket_helsepersonell/obligatorisk"}]}],"viewConfig":{"label":{"custom":true,"value":"Operasjondetaljer","useLocalizations":true,"localizationsList":{"nb":"Operasjondetaljer"}},"advanced":{"hidden":false,"readonly":false,"render":false},"multiplicity":{"min":"0","max":"1"},"size":{"field":"large","label":"inherit","fill":"inherit"},"layout":{"label":{"valign":"inherit","align":"inherit"},"field":{"valign":"inherit","align":"inherit"}},"tags":[],"field":{}}},{"name":"Prosedyrenavn","localizedName":"Prosedyrenavn","rmType":"DV_CODED_TEXT","nodeId":"at0121.1","min":1,"max":1,"localizedNames":{"nb":"Prosedyrenavn"},"localizedDescriptions":{"nb":"Identifikasjon av den prosedyren som ønskes utført."},"annotations":{"comment":"Koding av prosedyrenavnet med et kodeverk er ønskelig, dersom tilgjengelig."},"aqlPath":"/content[openEHR-EHR-INSTRUCTION.request-procedure.v1]/activities[at0001]/description[at0009]/items[at0121.1]/value","inputs":[{"suffix":"code","type":"TEXT","terminology":"ARK-VI-OPERASJONSTYPER?subset=ARK-VI-OPERASJONSTYPER&language=en-GB"},{"suffix":"value","type":"TEXT","terminology":"ARK-VI-OPERASJONSTYPER?subset=ARK-VI-OPERASJONSTYPER&language=en-GB"}],"fid":"beslutningsnotat/prosedyrerekvirering/rekvirering/prosedyrenavn","formId":"beslutningsnotat/prosedyrerekvirering/rekvirering/prosedyrenavn","defaultValue":{"code":"","value":""},"viewConfig":{"label":{"custom":true,"value":"Prosedyrenavn instruction","useLocalizations":false,"localizationsList":{}},"advanced":{"hidden":true,"readonly":false},"multiplicity":{"min":"1","max":"1"},"size":{"field":"inherit","label":"inherit","fill":"inherit"},"layout":{"label":{"valign":"inherit","align":"inherit"},"field":{"valign":"inherit","align":"inherit"}},"tags":["IMPORTANT"],"datasource":{"loadRemote":true,"loadRemoteUrl":"ARK-VI-OPERASJONSTYPER?subset=ARK-VI-OPERASJONSTYPER&language=en-GB","terminology":""},"annotations":{"calc":"proc_name"},"field":{"code":{"presentation":"textfield","lines":"1"},"value":{"presentation":"textfield","lines":"1"}}}},{"name":"Prosedyrebeskrivelse","localizedName":"Prosedyrebeskrivelse","rmType":"DV_TEXT","nodeId":"at0135.1","min":0,"max":1,"localizedNames":{"nb":"Prosedyrebeskrivelse"},"localizedDescriptions":{"nb":"Fritekst beskrivelse av prosedyren som er rekvirert."},"aqlPath":"/content[openEHR-EHR-INSTRUCTION.request-procedure.v1]/activities[at0001]/description[at0009]/items[at0135.1]/value","inputs":[{"type":"TEXT"}],"fid":"beslutningsnotat/prosedyrerekvirering/rekvirering/prosedyrebeskrivelse","formId":"beslutningsnotat/prosedyrerekvirering/rekvirering/prosedyrebeskrivelse","defaultValue":{"value":""},"viewConfig":{"label":{"custom":true,"value":"Prosedyrebeskrivelse instruction","useLocalizations":false,"localizationsList":{}},"advanced":{"hidden":true,"readonly":false},"multiplicity":{"min":"0","max":"1"},"size":{"field":"inherit","label":"inherit","fill":"inherit"},"layout":{"label":{"valign":"inherit","align":"inherit"},"field":{"valign":"inherit","align":"inherit"}},"tags":["IMPORTANT"],"datasource":{"loadRemote":false,"loadRemoteUrl":"","terminology":""},"annotations":{"calc":"proc_descr"},"field":{"input":{"presentation":"textfield","lines":"1"}}}}]}