[{"field":"beslutningsnotat/prosedyrerekvirering/rekvirering/hastegrad","conditions":[{"operator":"equals","value":{"code":"1"},"actions":[{"action":"show","target":"beslutningsnotat/prosedyrerekvirering/rekvirering/hastegrad_detaljer/fargekode_hastegrad","value":{"code":"","value":""}},{"action":"reset","target":"beslutningsnotat/prosedyrerekvirering/rekvirering/tidligste_dato_tid_for_start_av_prosedyre","value":{"value":""}},{"action":"hide","target":"beslutningsnotat/prosedyrerekvirering/rekvirering/tidligste_dato_tid_for_start_av_prosedyre","value":{"value":""}},{"action":"hide","target":"beslutningsnotat/prosedyrerekvirering/rekvirering/ønskes_gjennomført_innen","value":{"value":""}},{"action":"set","target":"beslutningsnotat/prosedyrerekvirering/rekvirering/hastegrad_detaljer/skal_pasienten_settes_på_operasjonsprogrammet","value":{"value":true}}]},{"operator":"empty","value":null,"actions":[{"action":"hide","target":"beslutningsnotat/prosedyrerekvirering/rekvirering/hastegrad_detaljer/fargekode_hastegrad","value":{"code":"","value":""}},{"action":"hide","target":"beslutningsnotat/prosedyrerekvirering/rekvirering/tidligste_dato_tid_for_start_av_prosedyre","value":{"value":""}},{"action":"hide","target":"beslutningsnotat/prosedyrerekvirering/rekvirering/ønskes_gjennomført_innen","value":{"value":""}},{"action":"hide","target":"generic-field-56163","value":{"value":""}}]},{"operator":"equals","value":{"code":"2"},"actions":[{"action":"hide","target":"beslutningsnotat/prosedyrerekvirering/rekvirering/hastegrad_detaljer/fargekode_hastegrad","value":{"code":"","value":""}},{"action":"hide","target":"generic-field-56163","value":{"value":""}},{"action":"reset","target":"beslutningsnotat/prosedyrerekvirering/rekvirering/hastegrad_detaljer/fargekode_hastegrad","value":{"code":"","value":""}},{"action":"clear","target":"beslutningsnotat/prosedyrerekvirering/rekvirering/hastegrad_detaljer/skal_pasienten_settes_på_operasjonsprogrammet","value":{"value":true}},{"action":"show","target":"beslutningsnotat/prosedyrerekvirering/rekvirering/ønskes_gjennomført_innen","value":{"value":""}},{"action":"show","target":"beslutningsnotat/prosedyrerekvirering/rekvirering/tidligste_dato_tid_for_start_av_prosedyre","value":{"value":""}},{"action":"clear","target":"beslutningsnotat/prosedyrerekvirering/rekvirering/ønskes_gjennomført_innen","value":{"value":""}}]}]},{"field":"beslutningsnotat/prosedyrerekvirering/rekvirering/hastegrad_detaljer/fargekode_hastegrad","conditions":[{"operator":"notempty","value":null,"actions":[{"action":"reset","target":"beslutningsnotat/prosedyrerekvirering/rekvirering/ønskes_gjennomført_innen","value":{"value":""}}]},{"operator":"equals","value":{"code":"1","value":""},"actions":[{"action":"hide","target":"generic-field-56163","value":{"value":""}},{"action":"set","target":"beslutningsnotat/prosedyrerekvirering/rekvirering/hastegrad_detaljer/fargekode_varighet","value":{"year":0,"month":0,"day":0,"week":0,"hour":6,"minute":0,"second":0}},{"action":"hide","target":"beslutningsnotat/prosedyrerekvirering/rekvirering/ønskes_gjennomført_innen","value":{"value":""}}]},{"operator":"equals","value":{"code":"2","value":""},"actions":[{"action":"hide","target":"generic-field-56163","value":{"value":""}},{"action":"set","target":"beslutningsnotat/prosedyrerekvirering/rekvirering/hastegrad_detaljer/fargekode_varighet","value":{"year":0,"month":0,"day":0,"week":0,"hour":24,"minute":0,"second":0}},{"action":"hide","target":"beslutningsnotat/prosedyrerekvirering/rekvirering/ønskes_gjennomført_innen","value":{"value":""}}]},{"operator":"equals","value":{"code":"3","value":""},"actions":[{"action":"show","target":"generic-field-56163","value":{"value":""}},{"action":"set","target":"beslutningsnotat/prosedyrerekvirering/rekvirering/hastegrad_detaljer/fargekode_varighet","value":{"year":0,"month":0,"day":0,"week":0,"hour":72,"minute":0,"second":0}},{"action":"hide","target":"beslutningsnotat/prosedyrerekvirering/rekvirering/ønskes_gjennomført_innen","value":{"value":""}}]}]},{"field":"beslutningsnotat/prosedyrerekvirering/rekvirering/hastegrad_detaljer/fargekode_varighet","conditions":[{"operator":"notempty","value":null,"actions":[{"action":"reset","target":"beslutningsnotat/prosedyrerekvirering/rekvirering/ønskes_gjennomført_innen","value":{"value":""}}]}]},{"field":"beslutningsnotat/prosedyrerekvirering/rekvirering/ønskes_gjennomført_innen","conditions":[{"operator":"notempty","value":null,"actions":[{"action":"reset","target":"beslutningsnotat/prosedyrerekvirering/rekvirering/kalkulert_tidsfrist","value":{"value":""}}]}]},{"field":"beslutningsnotat/prosedyre/prosedyrenavn","conditions":[{"operator":"notempty","value":null,"actions":[{"action":"reset","target":"beslutningsnotat/prosedyrerekvirering/rekvirering/estimert_knivtid/gjennomsnitts_knivtid","value":{"hour":0,"minute":0}}]}]},{"field":"beslutningsnotat/prosedyrerekvirering/rekvirering/hastegrad_detaljer/skal_pasienten_settes_på_operasjonsprogrammet","conditions":[{"operator":"empty","value":null,"actions":[{"action":"show","target":"beslutningsnotat/prosedyrerekvirering/rekvirering/ønskes_gjennomført_innen","value":{"value":""}},{"action":"show","target":"beslutningsnotat/prosedyrerekvirering/rekvirering/tidligste_dato_tid_for_start_av_prosedyre","value":{"value":""}}]},{"operator":"is","value":{"value":true},"actions":[{"action":"hide","target":"beslutningsnotat/prosedyrerekvirering/rekvirering/ønskes_gjennomført_innen","value":{"value":""}},{"action":"hide","target":"beslutningsnotat/prosedyrerekvirering/rekvirering/tidligste_dato_tid_for_start_av_prosedyre","value":{"value":""}}]}]}]