[{"col":1,"row":1,"width":12,"height":31,"children":[{"id":"generic-field-48261","rows":[{"cols":[{"width":"100%","children":[{"id":"beslutningsnotat/prosedyrerekvirering/rekvirering/prosedyretype"},{"id":"beslutningsnotat/prosedyrerekvirering/rekvirering/indikasjon"},{"id":"beslutningsnotat/prosedyre/prosedyrenavn"},{"id":"beslutningsnotat/prosedyre/beskrivelse"},{"id":"beslutningsnotat/prosedyre/ism_transition/careflow_step"}]}]},{"cols":[{"width":"50%","children":[{"id":"beslutningsnotat/prosedyrerekvirering/rekvirering/estimert_knivtid/estimert_knivtid"}]},{"width":"50%","children":[{"id":"beslutningsnotat/prosedyrerekvirering/rekvirering/estimert_knivtid/gjennomsnitts_knivtid"}]}]},{"cols":[{"width":"100%","children":[{"id":"beslutningsnotat/problem_diagnose","rows":[{"cols":[{"width":"100%","children":[{"id":"beslutningsnotat/problem_diagnose/problem_diagnosenavn"}]}]}]}]}]},{"cols":[{"width":"100%","children":[{"id":"beslutningsnotat/prosedyre/tilleggsprosedyre","rows":[{"cols":[{"width":"100%","children":[{"id":"beslutningsnotat/prosedyre/tilleggsprosedyre/planlagt_prosedyre"},{"id":"beslutningsnotat/prosedyre/tilleggsprosedyre/indikasjon"},{"id":"beslutningsnotat/prosedyre/tilleggsprosedyre/beskrivelse_prosedyre"}]}]}]}]}]}]}]},{"col":1,"row":32,"width":12,"height":19,"children":[{"id":"generic-field-60357","rows":[{"cols":[{"width":"100%","children":[{"id":"beslutningsnotat/prosedyrerekvirering/rekvirering/hastegrad"}]}]},{"cols":[{"width":"100%","children":[{"id":"beslutningsnotat/prosedyrerekvirering/rekvirering/hastegrad_detaljer/fargekode_hastegrad"}]}]},{"cols":[{"width":"100%","children":[{"id":"beslutningsnotat/prosedyrerekvirering/rekvirering/hastegrad_detaljer/fargekode_varighet"},{"id":"generic-field-56163","rows":[{"cols":[{"width":"100%","children":[{"id":"beslutningsnotat/prosedyrerekvirering/rekvirering/hastegrad_detaljer/skal_pasienten_settes_på_operasjonsprogrammet"}]}]}]}]}]},{"cols":[{"width":"50%","children":[{"id":"beslutningsnotat/prosedyrerekvirering/rekvirering/ønskes_gjennomført_innen"}]},{"width":"50%","children":[{"id":"beslutningsnotat/prosedyrerekvirering/rekvirering/tidligste_dato_tid_for_start_av_prosedyre"}]}]},{"cols":[{"width":"100%","children":[{"id":"beslutningsnotat/prosedyrerekvirering/rekvirering/kalkulert_tidsfrist"}]}]}]},{"id":"beslutningsnotat/prosedyrerekvirering/rekvirering/omsorgsnivå","rows":[{"cols":[{"width":"50%","children":[{"id":"beslutningsnotat/prosedyrerekvirering/rekvirering/omsorgsnivå/omsorgsnivå"}]},{"width":"50%","children":[{"id":"beslutningsnotat/prosedyrerekvirering/rekvirering/omsorgsnivå/behandlingssted"}]}]}]}]},{"col":1,"row":51,"width":12,"height":4,"children":[{"id":"beslutningsnotat/prosedyrerekvirering/rekvirering/viktig_informasjon","rows":[{"cols":[{"width":"100%","children":[{"id":"beslutningsnotat/prosedyrerekvirering/rekvirering/viktig_informasjon/viktig_informasjon"}]}]}]}]},{"col":1,"row":55,"width":12,"height":14,"children":[{"id":"generic-field-26014","rows":[{"cols":[{"width":"49%","children":[{"id":"beslutningsnotat/prosedyrerekvirering/rekvirering/ønsket_anestesi/ønsket_anestesi"}]},{"width":"48%","children":[{"id":"beslutningsnotat/prosedyrerekvirering/rekvirering/ønsket_anestesi/kommentar"}]}]},{"cols":[{"width":"49%","children":[{"id":"beslutningsnotat/prosedyrerekvirering/rekvirering/asa-klassifikasjon/asa-status"}]},{"width":"48%","children":[{"id":"beslutningsnotat/prosedyrerekvirering/rekvirering/asa-klassifikasjon/kommentar"},{"id":"generic-field-82808"}]}]},{"cols":[{"width":"49%","children":[{"id":"beslutningsnotat/prosedyrerekvirering/rekvirering/tilleggsinformasjon_pasient/medisiner_som_skal_seponeres"}]},{"width":"48%","children":[{"id":"beslutningsnotat/prosedyrerekvirering/rekvirering/tilleggsinformasjon_pasient/tolk"}]}]},{"cols":[{"width":"100%","children":[{"id":"beslutningsnotat/prosedyrerekvirering/rekvirering/tilleggsinformasjon_pasient/annen_informasjon"}]}]}]}]},{"col":1,"row":69,"width":12,"height":13,"children":[{"id":"generic-field-22093","rows":[{"cols":[{"width":"100%","children":[{"id":"beslutningsnotat/prosedyrerekvirering/rekvirering/spesielle_behov_kirurgi","rows":[{"cols":[{"width":"50%","children":[{"id":"beslutningsnotat/prosedyrerekvirering/rekvirering/spesielle_behov_kirurgi/spesialutstyr"},{"id":"beslutningsnotat/prosedyrerekvirering/rekvirering/spesielle_behov_kirurgi/blodprodukter"}]},{"width":"50%","children":[{"id":"beslutningsnotat/prosedyrerekvirering/rekvirering/spesielle_behov_kirurgi/andre_behov"}]}]}]}]}]},{"cols":[{"width":"100%","children":[{"id":"beslutningsnotat/prosedyrerekvirering/rekvirering/ønsket_helsepersonell","rows":[{"cols":[{"width":"50%","children":[{"id":"beslutningsnotat/prosedyrerekvirering/rekvirering/ønsket_helsepersonell/navngitt_behandler"}]},{"width":"50%","children":[{"id":"beslutningsnotat/prosedyrerekvirering/rekvirering/ønsket_helsepersonell/obligatorisk"}]}]}]}]}]}]},{"id":"beslutningsnotat/prosedyrerekvirering/rekvirering/prosedyrenavn","rows":[]},{"id":"beslutningsnotat/prosedyrerekvirering/rekvirering/prosedyrebeskrivelse","rows":[]}]}]