{"formId":"form_root","name":"Form root","rmType":"FORM_DEFINITION","viewConfig":{"label":{"custom":false,"value":"","useLocalizations":false,"localizationsList":{}},"size":{"field":"inherit","label":"inherit","fill":"inherit"},"layout":{"valign":"inherit","align":"inherit"},"tags":[],"annotations":{"#PU":"openEHR-EHR-ADMIN_ENTRY.hv_pasientliste_geriatri_utreise.v1?scope=episodeofcare"}},"language":"nb","templateLanguages":["nb"],"children":[{"localizedName":"Planlagt utreisedato","localizedNames":{"nb":"Planlagt utreisedato"},"min":"0","max":"1","name":"Planlagt utreisedato","rmType":"GENERIC_FIELDSET","formId":"generic-field-45412","children":[{"name":"Planlagt utreisedato","localizedName":"Planlagt utreisedato","rmType":"DV_DATE","nodeId":"at0002","min":"0","max":"1","localizedNames":{"nb":"Utreise"},"localizedDescriptions":{"nb":"*"},"aqlPath":"/content[openEHR-EHR-ADMIN_ENTRY.hv_pasientliste_geriatri_utreise.v1]/data[at0001]/items[at0002]/value","inputs":[{"type":"DATE"}],"formId":"hv_pasientliste_geriatri_utreise/hv_pasientliste_geriatri_utreise/utreise","viewConfig":{"advanced":{"hidden":false,"readonly":false},"size":{"field":"inherit","label":"inherit","fill":"inherit"},"layout":{"label":{"valign":"inherit","align":"top"},"field":{"valign":"inherit","align":"inherit"}},"tags":[],"datasource":{"loadRemote":false,"loadRemoteUrl":"","terminology":""},"annotations":{"select":"{#PU:/data[at0001]/items[at0002]/value}"},"field":{"input":{"dateFormat":"","hideDate":false,"hideTime":false}}}}],"viewConfig":{"advanced":{"hidden":false,"readonly":false,"render":false},"size":{"field":"inherit","label":"inherit","fill":"inherit"},"layout":{"label":{"valign":"inherit","align":"inherit"},"field":{"valign":"inherit","align":"inherit"}},"tags":["HideLabel"],"annotations":{"AlertType":"success"}}}]}