{"formId":"form_root","name":"Form root","rmType":"FORM_DEFINITION","viewConfig":{"label":{"custom":false,"value":"","useLocalizations":false,"localizationsList":{}},"size":{"field":"inherit","label":"inherit","fill":"inherit"},"layout":{"valign":"inherit","align":"inherit"},"tags":[]},"templateLanguages":["nb"],"children":[{"localizedName":"Fieldset","localizedNames":{"nb":"Fieldset"},"min":0,"max":-1,"name":"Fieldset","rmType":"GENERIC_FIELDSET","fid":"generic-field-18979","formId":"generic-field-18979","viewConfig":{"label":{"custom":true,"value":"KAT","useLocalizations":false,"localizationsList":{}},"advanced":{"hidden":false,"readonly":false,"render":false},"multiplicity":{"min":"0","max":"1"},"size":{"field":"inherit","label":"inherit","fill":"inherit"},"layout":{"label":{"valign":"inherit","align":"top"},"field":{"valign":"inherit","align":"inherit"}},"tags":[],"field":{}},"children":[{"name":"Time","rmType":"DV_DATE_TIME","min":1,"max":1,"aqlPath":"/content[openEHR-EHR-ACTION.kat_status.v0]/time","inputs":[{"type":"DATETIME"}],"inContext":true,"fid":"kat_status/kat_status/time","formId":"kat_status/kat_status/time","viewConfig":{},"defaultValue":{"value":""}}]},{"name":"Careflow_step","rmType":"DV_CODED_TEXT","min":0,"max":1,"aqlPath":"/content[openEHR-EHR-ACTION.kat_status.v0]/ism_transition/careflow_step","inputs":[{"suffix":"code","type":"CODED_TEXT","list":[{"value":"at0003","label":"Lagt inn","localizedLabels":{"nb":"Lagt inn"},"currentStates":["245"]},{"value":"at0004","label":"Stelt/skylt","localizedLabels":{"nb":"Stelt/skylt"},"currentStates":["245"]},{"value":"at0005","label":"Fjernet","localizedLabels":{"nb":"Fjernet"},"currentStates":["532"]}]}],"inContext":true,"fid":"kat_status/kat_status/ism_transition/careflow_step","formId":"kat_status/kat_status/ism_transition/careflow_step","viewConfig":{"label":{"custom":true,"value":"Utført handling","useLocalizations":false,"localizationsList":{}},"advanced":{"hidden":false,"readonly":false},"multiplicity":{"min":"0","max":"1"},"size":{"field":"inherit","label":"inherit","fill":"inherit"},"layout":{"label":{"valign":"inherit","align":"top"},"field":{"valign":"inherit","align":"inherit"}},"tags":[],"datasource":{"loadRemote":false,"loadRemoteUrl":"","terminology":""},"field":{"code":{"presentation":"combobox","columns":"4"}}},"defaultValue":{"code":""}},{"name":"Merknad","localizedName":"Merknad","rmType":"DV_TEXT","nodeId":"at0002","min":0,"max":1,"localizedNames":{"nb":"Merknad"},"localizedDescriptions":{"nb":"*"},"aqlPath":"/content[openEHR-EHR-ACTION.kat_status.v0]/description[at0001]/items[at0002]/value","inputs":[{"type":"TEXT"}],"fid":"kat_status/kat_status/merknad","formId":"kat_status/kat_status/merknad","viewConfig":{"label":{"custom":false,"value":"","useLocalizations":false,"localizationsList":{}},"advanced":{"hidden":false,"readonly":false},"multiplicity":{"min":"0","max":"1"},"size":{"field":"inherit","label":"inherit","fill":"inherit"},"layout":{"label":{"valign":"inherit","align":"top"},"field":{"valign":"inherit","align":"inherit"}},"tags":[],"datasource":{"loadRemote":false,"loadRemoteUrl":"","terminology":""},"field":{"input":{"presentation":"textfield","lines":"1"}}},"defaultValue":{"value":""}}]}