[{"col":1,"row":1,"width":29,"height":9,"children":[{"id":"generic-field-91187","rows":[{"cols":[{"width":"100%","children":[{"id":"generic-field-53125","rows":[]}]}]}]}]},{"col":1,"row":10,"width":14,"height":9,"children":[{"id":"klinisk_kontakt/høyde_lengde","rows":[{"cols":[{"width":"100%","children":[{"id":"klinisk_kontakt/høyde_lengde/uspesifisert_hendelse","rows":[{"cols":[{"width":"100%","children":[{"id":"klinisk_kontakt/høyde_lengde/uspesifisert_hendelse/høyde_lengde","rows":[]},{"id":"klinisk_kontakt/høyde_lengde/uspesifisert_hendelse/time","rows":[]}]}]}]}]}]}]}]},{"col":15,"row":10,"width":15,"height":9,"children":[{"id":"klinisk_kontakt/kroppsvekt","rows":[{"cols":[{"width":"100%","children":[{"id":"klinisk_kontakt/kroppsvekt/uspesifisert_hendelse","rows":[{"cols":[{"width":"100%","children":[{"id":"klinisk_kontakt/kroppsvekt/uspesifisert_hendelse/kroppsvekt","rows":[]},{"id":"klinisk_kontakt/kroppsvekt/uspesifisert_hendelse/time","rows":[]}]}]}]}]}]}]}]},{"col":1,"row":19,"width":29,"height":13,"children":[{"id":"klinisk_kontakt/kroppsmasseindeks","rows":[{"cols":[{"width":"100%","children":[{"id":"klinisk_kontakt/kroppsmasseindeks/uspesifisert_hendelse/kroppsmasseindeks","rows":[]}]}]}]}]},{"col":1,"row":32,"width":29,"height":100,"children":[{"id":"klinisk_kontakt","rows":[{"cols":[{"width":"100%","children":[{"id":"klinisk_kontakt/nrs_2002","rows":[{"cols":[{"width":"100%","children":[{"id":"klinisk_kontakt/nrs_2002/event_series/origin","rows":[]},{"id":"klinisk_kontakt/nrs_2002/uspesifisert_hendelse","rows":[{"cols":[{"width":"100%","children":[{"id":"klinisk_kontakt/nrs_2002/uspesifisert_hendelse/time","rows":[]},{"id":"klinisk_kontakt/nrs_2002/uspesifisert_hendelse/innledende_screening","rows":[{"cols":[{"width":"100%","children":[{"id":"klinisk_kontakt/nrs_2002/uspesifisert_hendelse/innledende_screening/er_bmi_<_20,5","rows":[]},{"id":"klinisk_kontakt/nrs_2002/uspesifisert_hendelse/innledende_screening/har_pasienten_tapt_vekt_i_løpet_av_de_3_siste_månedene","rows":[]},{"id":"klinisk_kontakt/nrs_2002/uspesifisert_hendelse/innledende_screening/har_pasienten_hatt_redusert_næringsinntak_i_den_siste_uken","rows":[]},{"id":"klinisk_kontakt/nrs_2002/uspesifisert_hendelse/innledende_screening/er_pasienten_alvorlig___kritisk_syk","rows":[]}]}]}]},{"id":"klinisk_kontakt/nrs_2002/uspesifisert_hendelse/hovedscreening","rows":[{"cols":[{"width":"100%","children":[{"id":"klinisk_kontakt/nrs_2002/uspesifisert_hendelse/hovedscreening/sykdommens_alvorlighetsgrad","rows":[]},{"id":"klinisk_kontakt/nrs_2002/uspesifisert_hendelse/hovedscreening/ernæringsstatus","rows":[]},{"id":"klinisk_kontakt/nrs_2002/uspesifisert_hendelse/hovedscreening/er_pasientens_alder_≥_70_år","rows":[]}]}]}]}]}]}]}]}]}]}]}]}]},{"id":"klinisk_kontakt/nrs_2002/uspesifisert_hendelse/hovedscreening/total_score","rows":[]},{"id":"generic-field-96688","rows":[{"cols":[{"width":"100%","children":[{"id":"generic-field-51083","rows":[]}]}]}]},{"id":"generic-field-68096","rows":[{"cols":[{"width":"100%","children":[{"id":"generic-field-30114","rows":[{"cols":[{"width":"100%","children":[{"id":"generic-field-95863","rows":[]}]}]}]},{"id":"generic-field-37364","rows":[{"cols":[{"width":"100%","children":[{"id":"generic-field-35634","rows":[]}]}]}]}]}]}]},{"id":"generic-field-58885","rows":[{"cols":[{"width":"100%","children":[{"id":"generic-field-73711","rows":[]},{"id":"generic-field-71155","rows":[]},{"id":"generic-field-25529","rows":[]},{"id":"generic-field-82981","rows":[]},{"id":"generic-field-06252","rows":[]},{"id":"generic-field-62032","rows":[]}]}]}]}]}]