[{"field":"generic-field-86650","conditions":[{"operator":"equals","value":{"value":"LAV RISIKO"},"actions":[{"action":"show","target":"generic-field-92540"},{"action":"show","target":"generic-field-58459"}]},{"operator":"notequals","value":{"value":"LAV RISIKO"},"actions":[{"action":"hide","target":"generic-field-92540"},{"action":"hide","target":"generic-field-58459"}]},{"operator":"equals","value":{"value":"MODERAT RISIKO"},"actions":[{"action":"show","target":"generic-field-48868"},{"action":"show","target":"generic-field-64668"}]},{"operator":"notequals","value":{"value":"MODERAT RISIKO"},"actions":[{"action":"hide","target":"generic-field-48868"},{"action":"hide","target":"generic-field-64668"}]},{"operator":"equals","value":{"value":"HØY RISIKO"},"actions":[{"action":"show","target":"generic-field-83484"},{"action":"show","target":"generic-field-97048"}]},{"operator":"notequals","value":{"value":"HØY RISIKO"},"actions":[{"action":"hide","target":"generic-field-83484"},{"action":"hide","target":"generic-field-97048"}]}]},{"field":"klinisk_kontakt/stratify/uspesifisert_hendelse/poeng_totalt","conditions":[{"operator":"empty","actions":[{"action":"hide","target":"klinisk_kontakt/stratify/uspesifisert_hendelse/poeng_totalt"}]},{"operator":"notempty","actions":[{"action":"show","target":"klinisk_kontakt/stratify/uspesifisert_hendelse/poeng_totalt"}]}]}]