{"name":"Form root","localizedNames":{},"localizedDescriptions":{},"rmType":"FORM_DEFINITION","min":0,"max":0,"formId":"form_root","viewConfig":{"label":{"custom":false,"useLocalizations":false},"size":{"field":"inherit","label":"inherit"},"layout":{"label":{"valign":"inherit","align":"inherit"},"field":{"valign":"inherit","align":"inherit"}},"annotations":{}},"children":[{"name":"Perifert venekateter","localizedName":"Perifert venekateter","localizedNames":{"en":"*Perifert venekateter (en)","nb":"Perifert venekateter"},"localizedDescriptions":{"nb":"En klinisk aktivitet som er utført i undersøkende, diagnostisk, kurativ, terapeutisk, evaluerende, prognostisk eller palliativ hensikt.","en":"*En klinisk aktivitet som er utført i undersøkende, diagnostisk, kurativ, terapeutisk, evaluerende, prognostisk eller palliativ hensikt. (nb)"},"rmType":"ACTION","nodeId":"openEHR-EHR-ACTION.procedure.v1","min":0,"max":1,"aqlPath":"/content[openEHR-EHR-ACTION.procedure.v1 and name/value='Perifert venekateter']","inputs":[],"formId":"klinisk_kontakt/perifert_venekateter@Perifert venekateter","viewConfig":{"multiplicity":{"min":0,"max":1},"advanced":{"hidden":false,"readonly":false,"hideFrame":false,"render":false},"label":{"custom":false,"useLocalizations":false},"size":{"field":"inherit","label":"inherit"},"layout":{"label":{"valign":"inherit","align":"inherit"},"field":{"valign":"inherit","align":"inherit"}},"annotations":{},"field":{}},"children":[{"name":"ism_transition","localizedName":"ism_transition","localizedNames":{"en":"*ism_transition (en)","nb":"ism_transition"},"localizedDescriptions":{},"rmType":"ISM_TRANSITION","min":1,"max":1,"aqlPath":"/content[openEHR-EHR-ACTION.procedure.v1 and name/value='Perifert venekateter']/ism_transition","inputs":[],"formId":"klinisk_kontakt/perifert_venekateter@Perifert venekateter/ism_transition","viewConfig":{"multiplicity":{"min":1,"max":1},"advanced":{"hidden":false,"readonly":false,"hideFrame":false,"render":false},"label":{"custom":false,"useLocalizations":false},"size":{"field":"inherit","label":"inherit"},"layout":{"label":{"valign":"inherit","align":"inherit"},"field":{"valign":"inherit","align":"inherit"}},"annotations":{}},"children":[{"name":"current_state","localizedName":"current_state","localizedNames":{"en":"*current_state (en)","nb":"current_state"},"localizedDescriptions":{},"rmType":"DV_CODED_TEXT","min":1,"max":1,"aqlPath":"/content[openEHR-EHR-ACTION.procedure.v1 and name/value='Perifert venekateter']/ism_transition/current_state","inputs":[{"suffix":"code","type":"CODED_TEXT","list":[{"value":"526","label":"Planned","ordinal":0,"localizedLabels":{"en":"Planned","nb":"Planlagt"},"localizedDescriptions":{}},{"value":"524","label":"Initial","ordinal":0,"localizedLabels":{"en":"Initial","nb":"Initiell"},"localizedDescriptions":{}},{"value":"527","label":"Postponed","ordinal":0,"localizedLabels":{"en":"Postponed","nb":"Utsatt"},"localizedDescriptions":{}},{"value":"528","label":"Cancelled","ordinal":0,"localizedLabels":{"en":"Cancelled","nb":"Avbrutt"},"localizedDescriptions":{}},{"value":"529","label":"Scheduled","ordinal":0,"localizedLabels":{"en":"Scheduled","nb":"Planlagt"},"localizedDescriptions":{}},{"value":"245","label":"Active","ordinal":0,"localizedLabels":{"en":"Active","nb":"Aktiv"},"localizedDescriptions":{}},{"value":"530","label":"Suspended","ordinal":0,"localizedLabels":{"en":"Suspended","nb":"Suspendert"},"localizedDescriptions":{}},{"value":"531","label":"Aborted","ordinal":0,"localizedLabels":{"en":"Aborted","nb":"Avbrutt"},"localizedDescriptions":{}},{"value":"532","label":"Completed","ordinal":0,"localizedLabels":{"en":"Completed","nb":"Fullført"},"localizedDescriptions":{}}],"listOpen":false}],"formId":"klinisk_kontakt/perifert_venekateter@Perifert venekateter/ism_transition/current_state","viewConfig":{"multiplicity":{"min":1,"max":1},"advanced":{"hidden":false,"readonly":false,"hideFrame":false,"render":false},"label":{"custom":false,"useLocalizations":false},"size":{"field":"inherit","label":"inherit"},"layout":{"label":{"valign":"inherit","align":"inherit"},"field":{"valign":"inherit","align":"inherit"}},"annotations":{},"field":{"code":{"presentation":"combobox","columns":"9"}}}},{"name":"careflow_step","localizedName":"careflow_step","localizedNames":{"en":"*careflow_step (en)","nb":"careflow_step"},"localizedDescriptions":{},"rmType":"DV_CODED_TEXT","min":1,"max":1,"aqlPath":"/content[openEHR-EHR-ACTION.procedure.v1 and name/value='Perifert venekateter']/ism_transition/careflow_step","inputs":[{"suffix":"code","type":"CODED_TEXT","list":[{"value":"at0004","label":"Prosedyre planlagt","currentStates":["526"],"ordinal":0,"localizedLabels":{"nb":"Prosedyre planlagt","en":"*Prosedyre planlagt (nb)"},"localizedDescriptions":{"nb":"Prosedyren er planlagt.","en":"*Prosedyren er planlagt. (nb)"}},{"value":"at0034","label":"X - Prosedyre planlagt","currentStates":["524"],"ordinal":0,"localizedLabels":{"nb":"X - Prosedyre planlagt","en":"*X - Prosedyre planlagt (nb)"},"localizedDescriptions":{"nb":"Dette prosesstrinnet er satt ut av bruk, siden det ved en feil hadde statusen \"initial\". Bruk det nye prosesstrinnet \"Prosedyre planlagt\" (at0004) som har den korrekte statusen \"planned\".","en":"*Dette prosesstrinnet er satt ut av bruk, siden det ved en feil hadde statusen \"initial\". Bruk det nye prosesstrinnet \"Prosedyre planlagt\" (at0004) som har den korrekte statusen \"planned\". (nb)"}},{"value":"at0007","label":"Prosedyrerekvisisjon sendt","currentStates":["526"],"ordinal":0,"localizedLabels":{"nb":"Prosedyrerekvisisjon sendt","en":"*Prosedyrerekvisisjon sendt (nb)"},"localizedDescriptions":{"nb":"Det er sendt rekvisisjon for prosedyren.","en":"*Det er sendt rekvisisjon for prosedyren. (nb)"}},{"value":"at0035","label":"X - Prosedyrerekvisisjon sendt","currentStates":["524"],"ordinal":0,"localizedLabels":{"nb":"X - Prosedyrerekvisisjon sendt","en":"*X - Prosedyrerekvisisjon sendt (nb)"},"localizedDescriptions":{"nb":"Dette prosesstrinnet er satt ut av bruk, siden det ved en feil hadde statusen \"initial\". Bruk det nye prosesstrinnet \"Prosedyre planlagt\" (at0007) som har den korrekte statusen \"planned\".","en":"*Dette prosesstrinnet er satt ut av bruk, siden det ved en feil hadde statusen \"initial\". Bruk det nye prosesstrinnet \"Prosedyre planlagt\" (at0007) som har den korrekte statusen \"planned\". (nb)"}},{"value":"at0038","label":"Prosedyre utsatt","currentStates":["527"],"ordinal":0,"localizedLabels":{"nb":"Prosedyre utsatt","en":"*Prosedyre utsatt (nb)"},"localizedDescriptions":{"nb":"Prosedyren er utsatt.","en":"*Prosedyren er utsatt. (nb)"}},{"value":"at0039","label":"Prosedyre avlyst","currentStates":["528"],"ordinal":0,"localizedLabels":{"nb":"Prosedyre avlyst","en":"*Prosedyre avlyst (nb)"},"localizedDescriptions":{"nb":"Den planlagte prosedyren har blitt avlyst før den ble igangsatt.","en":"*Den planlagte prosedyren har blitt avlyst før den ble igangsatt. (nb)"}},{"value":"at0036","label":"Fastsatt tidspunkt for prosedyre","currentStates":["529"],"ordinal":0,"localizedLabels":{"nb":"Fastsatt tidspunkt for prosedyre","en":"*Fastsatt tidspunkt for prosedyre (nb)"},"localizedDescriptions":{"nb":"Tidspunkt for prosedyre er fastsatt.","en":"*Tidspunkt for prosedyre er fastsatt. (nb)"}},{"value":"at0068","label":"Prosedyre påbegynt","currentStates":["245"],"ordinal":0,"localizedLabels":{"nb":"Prosedyre påbegynt","en":"*Prosedyre påbegynt (nb)"},"localizedDescriptions":{"nb":"Prosedyren eller en del av en prosedyre som består av flere delprosedyrer er påbegynt.","en":"*Prosedyren eller en del av en prosedyre som består av flere delprosedyrer er påbegynt. (nb)"}},{"value":"at0047","label":"Prosedyre utført","currentStates":["245"],"ordinal":0,"localizedLabels":{"nb":"Prosedyre utført","en":"*Prosedyre utført (nb)"},"localizedDescriptions":{"nb":"Prosedyren eller en del av en prosedyre som består av flere delprosedyrer er utført.","en":"*Prosedyren eller en del av en prosedyre som består av flere delprosedyrer er utført. (nb)"}},{"value":"at0040","label":"Prosedyre midlertidig stanset","currentStates":["530"],"ordinal":0,"localizedLabels":{"nb":"Prosedyre midlertidig stanset","en":"*Prosedyre midlertidig stanset (nb)"},"localizedDescriptions":{"nb":"Prosedyren er suspendert/ midlertidig stanset.","en":"*Prosedyren er suspendert/ midlertidig stanset. (nb)"}},{"value":"at0041","label":"Prosedyre avbrutt","currentStates":["531"],"ordinal":0,"localizedLabels":{"nb":"Prosedyre avbrutt","en":"*Prosedyre avbrutt (nb)"},"localizedDescriptions":{"nb":"Prosedyren har blitt avbrutt.","en":"*Prosedyren har blitt avbrutt. (nb)"}},{"value":"at0043","label":"Prosedyre fullført","currentStates":["532"],"ordinal":0,"localizedLabels":{"nb":"Prosedyre fullført","en":"*Prosedyre fullført (nb)"},"localizedDescriptions":{"nb":"Prosedyren er utført og alle tilknyttede kliniske handlinger er fullførte.","en":"*Prosedyren er utført og alle tilknyttede kliniske handlinger er fullførte. (nb)"}}],"listOpen":false}],"formId":"klinisk_kontakt/perifert_venekateter@Perifert venekateter/ism_transition/careflow_step","viewConfig":{"multiplicity":{"min":1,"max":1},"advanced":{"hidden":false,"readonly":false,"hideFrame":false,"render":false},"label":{"custom":false,"useLocalizations":false},"size":{"field":"inherit","label":"inherit"},"layout":{"label":{"valign":"inherit","align":"inherit"},"field":{"valign":"inherit","align":"inherit"}},"annotations":{},"field":{"code":{"presentation":"combobox","columns":"12"}}}}]},{"name":"Innleggelse av perifert venekateter.","localizedName":"Innleggelse av perifert venekateter.","localizedNames":{"en":"*Innleggelse av perifert venekateter. (en)","nb":"Innleggelse av perifert venekateter."},"localizedDescriptions":{"nb":"Navnet på prosedyren.","en":"*Navnet på prosedyren. (nb)"},"rmType":"DV_CODED_TEXT","nodeId":"at0002","min":1,"max":1,"aqlPath":"/content[openEHR-EHR-ACTION.procedure.v1 and name/value='Perifert venekateter']/description[at0001]/items[at0002 and name/value='Innleggelse av perifert venekateter.']/value","inputs":[{"suffix":"code","type":"CODED_TEXT","list":[{"value":"735414004","label":"innføring av perifert venekateter (prosedyre)","ordinal":0,"localizedLabels":{"nb":"innføring av perifert venekateter (prosedyre)","en":"*innføring av perifert venekateter (prosedyre) (nb)"},"localizedDescriptions":{}}],"defaultValue":"735414004","listOpen":false}],"formId":"klinisk_kontakt/perifert_venekateter@Perifert venekateter/innleggelse_av_perifert_venekateter.@Innleggelse av perifert venekateter.","viewConfig":{"multiplicity":{"min":1,"max":1},"advanced":{"hidden":false,"readonly":false,"hideFrame":false,"render":false},"label":{"custom":false,"useLocalizations":false},"size":{"field":"inherit","label":"inherit"},"layout":{"label":{"valign":"inherit","align":"inherit"},"field":{"valign":"inherit","align":"inherit"}},"annotations":{},"field":{"code":{"presentation":"combobox","columns":"1"}}}},{"name":"PVK","localizedName":"PVK","localizedNames":{"en":"*PVK (en)","nb":"PVK"},"localizedDescriptions":{"nb":"Et instrument, apparat, implantat, materiale, programvare eller lignende som er benyttet i utførelsen av helsetjenester. I denne konteksten er medisinsk utstyr et bredt spekter utstyr med fysiske, mekaniske, termiske, programvaremessige eller tilsvarende virkemåter. Utstyr som har en farmakologisk, metabolsk eller immunologisk virkning ekskluderes spesifikt. \n\nArketypen tar høyde for registrering av engangsutstyr samt varig utstyr som krever sporing, vedlikehold eller jevnlig kalibrering, og tar høyde for at hvert enkelt medisinsk utstyr har spesifikke behov for dataregistrering.","en":"*Et instrument, apparat, implantat, materiale, programvare eller lignende som er benyttet i utførelsen av helsetjenester. I denne konteksten er medisinsk utstyr et bredt spekter utstyr med fysiske, mekaniske, termiske, programvaremessige eller tilsvarende virkemåter. Utstyr som har en farmakologisk, metabolsk eller immunologisk virkning ekskluderes spesifikt. \n\nArketypen tar høyde for registrering av engangsutstyr samt varig utstyr som krever sporing, vedlikehold eller jevnlig kalibrering, og tar høyde for at hvert enkelt medisinsk utstyr har spesifikke behov for dataregistrering. (nb)"},"rmType":"CLUSTER","nodeId":"openEHR-EHR-CLUSTER.device.v1","min":0,"max":1,"aqlPath":"/content[openEHR-EHR-ACTION.procedure.v1 and name/value='Perifert venekateter']/description[at0001]/items[openEHR-EHR-CLUSTER.device.v1 and name/value='PVK']","inputs":[],"formId":"klinisk_kontakt/perifert_venekateter@Perifert venekateter/pvk@PVK","viewConfig":{"multiplicity":{"min":0,"max":1},"advanced":{"hidden":false,"readonly":false,"hideFrame":false,"render":false},"label":{"custom":false,"useLocalizations":false},"size":{"field":"inherit","label":"inherit"},"layout":{"label":{"valign":"inherit","align":"inherit"},"field":{"valign":"inherit","align":"inherit"}},"annotations":{},"field":{}},"children":[{"name":"Perifert venekateter","localizedName":"Perifert venekateter","localizedNames":{"en":"*Perifert venekateter (en)","nb":"Perifert venekateter"},"localizedDescriptions":{"nb":"Identifisering av det medisinske utstyret, fortrinnsvis ved et vanlig navn, et formelt og fullstendig navn, eller om nødvendig ved utstyrets klasse eller kategori.","en":"*Identifisering av det medisinske utstyret, fortrinnsvis ved et vanlig navn, et formelt og fullstendig navn, eller om nødvendig ved utstyrets klasse eller kategori. (nb)"},"rmType":"DV_TEXT","nodeId":"at0001","min":1,"max":1,"aqlPath":"/content[openEHR-EHR-ACTION.procedure.v1 and name/value='Perifert venekateter']/description[at0001]/items[openEHR-EHR-CLUSTER.device.v1 and name/value='PVK']/items[at0001 and name/value='Perifert venekateter']/value","inputs":[{"type":"TEXT","list":[],"listOpen":false}],"formId":"klinisk_kontakt/perifert_venekateter@Perifert venekateter/pvk@PVK/perifert_venekateter@Perifert venekateter","viewConfig":{"multiplicity":{"min":1,"max":1},"advanced":{"hidden":false,"readonly":false,"hideFrame":false,"render":false},"label":{"custom":false,"useLocalizations":false},"size":{"field":"inherit","label":"inherit"},"layout":{"label":{"valign":"inherit","align":"inherit"},"field":{"valign":"inherit","align":"inherit"}},"datasource":{"loadRemote":false,"parameters":{}},"annotations":{},"field":{"lines":null,"input":{}}}},{"name":"Type","localizedName":"Type","localizedNames":{"en":"*Type (nb)","nb":"Type"},"localizedDescriptions":{"nb":"Kategori eller type medisinsk utstyr.","en":"*Kategori eller type medisinsk utstyr. (nb)"},"rmType":"DV_TEXT","nodeId":"at0003","min":0,"max":1,"aqlPath":"/content[openEHR-EHR-ACTION.procedure.v1 and name/value='Perifert venekateter']/description[at0001]/items[openEHR-EHR-CLUSTER.device.v1 and name/value='PVK']/items[at0003]/value","inputs":[{"type":"TEXT","list":[],"listOpen":false}],"formId":"klinisk_kontakt/perifert_venekateter@Perifert venekateter/pvk@PVK/type","viewConfig":{"multiplicity":{"min":0,"max":1},"advanced":{"hidden":false,"readonly":false,"hideFrame":false,"render":false},"label":{"custom":false,"useLocalizations":false},"size":{"field":"inherit","label":"inherit"},"layout":{"label":{"valign":"inherit","align":"inherit"},"field":{"valign":"inherit","align":"inherit"}},"datasource":{"loadRemote":false,"parameters":{}},"annotations":{},"field":{"lines":null,"input":{}}}}]},{"name":"Dato/tid for avslutning av prosedyren","localizedName":"Dato/tid for avslutning av prosedyren","localizedNames":{"en":"*Dato/tid for avslutning av prosedyren (nb)","nb":"Dato/tid for avslutning av prosedyren"},"localizedDescriptions":{"nb":"Datoen og/eller tiden da hele eller den siste av komponentene i en kompleks prosedyre ble avsluttet.","en":"*Datoen og/eller tiden da hele eller den siste av komponentene i en kompleks prosedyre ble avsluttet. (nb)"},"rmType":"DV_DATE_TIME","nodeId":"at0060","min":0,"max":1,"aqlPath":"/content[openEHR-EHR-ACTION.procedure.v1 and name/value='Perifert venekateter']/description[at0001]/items[at0060]/value","inputs":[{"type":"DATETIME","listOpen":false}],"formId":"klinisk_kontakt/perifert_venekateter@Perifert venekateter/dato_tid_for_avslutning_av_prosedyren","viewConfig":{"multiplicity":{"min":0,"max":1},"advanced":{"hidden":false,"readonly":false,"hideFrame":false,"render":false},"label":{"custom":false,"useLocalizations":false},"size":{"field":"inherit","label":"inherit"},"layout":{"label":{"valign":"inherit","align":"inherit"},"field":{"valign":"inherit","align":"inherit"}},"annotations":{},"field":{"input":{"hideTime":false,"dateFormat":"","hideDate":false}}}},{"name":"Prosedyretype","localizedName":"Prosedyretype","localizedNames":{"en":"*Prosedyretype (nb)","nb":"Prosedyretype"},"localizedDescriptions":{"nb":"Typen prosedyre.","en":"*Typen prosedyre. (nb)"},"rmType":"DV_TEXT","nodeId":"at0067","min":0,"max":1,"aqlPath":"/content[openEHR-EHR-ACTION.procedure.v1 and name/value='Perifert venekateter']/description[at0001]/items[at0067]/value","inputs":[{"type":"TEXT","list":[],"listOpen":false}],"formId":"klinisk_kontakt/perifert_venekateter@Perifert venekateter/prosedyretype","viewConfig":{"multiplicity":{"min":0,"max":1},"advanced":{"hidden":false,"readonly":false,"hideFrame":false,"render":false},"label":{"custom":false,"useLocalizations":false},"size":{"field":"inherit","label":"inherit"},"layout":{"label":{"valign":"inherit","align":"inherit"},"field":{"valign":"inherit","align":"inherit"}},"datasource":{"loadRemote":false,"parameters":{}},"annotations":{},"field":{"lines":null,"input":{}}}},{"name":"Kommentar","localizedName":"Kommentar","localizedNames":{"en":"*Kommentar (nb)","nb":"Kommentar"},"localizedDescriptions":{"nb":"Ytterligere fritekstbeskrivelse av aktivitet eller prosesstrinn som ikke er registrert i andre felt.","en":"*Ytterligere fritekstbeskrivelse av aktivitet eller prosesstrinn som ikke er registrert i andre felt. (nb)"},"rmType":"DV_TEXT","nodeId":"at0005","min":0,"max":1,"aqlPath":"/content[openEHR-EHR-ACTION.procedure.v1 and name/value='Perifert venekateter']/description[at0001]/items[at0005]/value","inputs":[{"type":"TEXT","list":[],"listOpen":false}],"formId":"klinisk_kontakt/perifert_venekateter@Perifert venekateter/kommentar","viewConfig":{"multiplicity":{"min":0,"max":1},"advanced":{"hidden":false,"readonly":false,"hideFrame":false,"render":false},"label":{"custom":false,"useLocalizations":false},"size":{"field":"inherit","label":"inherit"},"layout":{"label":{"valign":"inherit","align":"inherit"},"field":{"valign":"inherit","align":"inherit"}},"datasource":{"loadRemote":false,"parameters":{}},"annotations":{},"field":{"lines":null,"input":{}}}}]},{"name":"Perifert venekateter","localizedName":"Perifert venekateter","localizedNames":{"en":"*Perifert venekateter (en)","nb":"Perifert venekateter"},"localizedDescriptions":{"nb":"En pågående og persistent oversikt over medisinsk utstyr som er tilpasset eller implantert.","en":"*En pågående og persistent oversikt over medisinsk utstyr som er tilpasset eller implantert. (nb)"},"rmType":"EVALUATION","nodeId":"openEHR-EHR-EVALUATION.device_summary.v0","min":0,"max":1,"aqlPath":"/content[openEHR-EHR-EVALUATION.device_summary.v0 and name/value='Perifert venekateter']","inputs":[],"formId":"klinisk_kontakt/perifert_venekateter@Perifert venekateter2","viewConfig":{"multiplicity":{"min":0,"max":1},"advanced":{"hidden":false,"readonly":false,"hideFrame":false,"render":false},"label":{"custom":false,"useLocalizations":false},"size":{"field":"inherit","label":"inherit"},"layout":{"label":{"valign":"inherit","align":"inherit"},"field":{"valign":"inherit","align":"inherit"}},"annotations":{},"field":{}},"children":[{"name":"PVK","localizedName":"PVK","localizedNames":{"en":"*PVK (en)","nb":"PVK"},"localizedDescriptions":{"nb":"Kategori eller type medisinsk utstyr.","en":"*Kategori eller type medisinsk utstyr. (nb)"},"rmType":"DV_TEXT","nodeId":"at0020","min":0,"max":1,"aqlPath":"/content[openEHR-EHR-EVALUATION.device_summary.v0 and name/value='Perifert venekateter']/data[at0001]/items[at0020 and name/value='PVK']/value","inputs":[{"type":"TEXT","list":[],"listOpen":false}],"formId":"klinisk_kontakt/perifert_venekateter@Perifert venekateter2/pvk@PVK","viewConfig":{"multiplicity":{"min":0,"max":1},"advanced":{"hidden":false,"readonly":false,"hideFrame":false,"render":false},"label":{"custom":false,"useLocalizations":false},"size":{"field":"inherit","label":"inherit"},"layout":{"label":{"valign":"inherit","align":"inherit"},"field":{"valign":"inherit","align":"inherit"}},"datasource":{"loadRemote":false,"parameters":{}},"annotations":{},"field":{"lines":null,"input":{}}}},{"name":"Status","localizedName":"Status","localizedNames":{"en":"*Status (nb)","nb":"Status"},"localizedDescriptions":{"nb":"Utsagn om tilpasning eller implantering av utstyr ved dato for \"Sist oppdatert\".","en":"*Utsagn om tilpasning eller implantering av utstyr ved dato for \"Sist oppdatert\". (nb)"},"rmType":"DV_CODED_TEXT","nodeId":"at0002","min":0,"max":1,"aqlPath":"/content[openEHR-EHR-EVALUATION.device_summary.v0 and name/value='Perifert venekateter']/data[at0001]/items[at0002]/value","inputs":[{"suffix":"code","type":"CODED_TEXT","list":[{"value":"at0004","label":"Nåværende","ordinal":0,"localizedLabels":{"nb":"Nåværende","en":"*Nåværende (nb)"},"localizedDescriptions":{"nb":"Utstyret for øyeblikket i bruk eller implantert.","en":"*Utstyret for øyeblikket i bruk eller implantert. (nb)"}},{"value":"at0005","label":"Tidligere","ordinal":0,"localizedLabels":{"nb":"Tidligere","en":"*Tidligere (nb)"},"localizedDescriptions":{"nb":"Utstyret har tidligere vært tilpasset eller implantert.","en":"*Utstyret har tidligere vært tilpasset eller implantert. (nb)"}}],"listOpen":false}],"formId":"klinisk_kontakt/perifert_venekateter@Perifert venekateter2/status","viewConfig":{"multiplicity":{"min":0,"max":1},"advanced":{"hidden":false,"readonly":false,"hideFrame":false,"render":false},"label":{"custom":false,"useLocalizations":false},"size":{"field":"inherit","label":"inherit"},"layout":{"label":{"valign":"inherit","align":"inherit"},"field":{"valign":"inherit","align":"inherit"}},"annotations":{},"field":{"code":{"presentation":"combobox","columns":"2"}}}},{"name":"Beskrivelse","localizedName":"Beskrivelse","localizedNames":{"en":"*Beskrivelse (nb)","nb":"Beskrivelse"},"localizedDescriptions":{"nb":"Fritekstbeskrivelse om bruken av det tilpassede eller implanterte utstyret.","en":"*Fritekstbeskrivelse om bruken av det tilpassede eller implanterte utstyret. (nb)"},"rmType":"DV_TEXT","nodeId":"at0015","min":0,"max":1,"aqlPath":"/content[openEHR-EHR-EVALUATION.device_summary.v0 and name/value='Perifert venekateter']/data[at0001]/items[at0015]/value","inputs":[{"type":"TEXT","list":[],"listOpen":false}],"formId":"klinisk_kontakt/perifert_venekateter@Perifert venekateter2/beskrivelse","viewConfig":{"multiplicity":{"min":0,"max":1},"advanced":{"hidden":false,"readonly":false,"hideFrame":false,"render":false},"label":{"custom":false,"useLocalizations":false},"size":{"field":"inherit","label":"inherit"},"layout":{"label":{"valign":"inherit","align":"inherit"},"field":{"valign":"inherit","align":"inherit"}},"datasource":{"loadRemote":false,"parameters":{}},"annotations":{},"field":{"lines":null,"input":{}}}},{"name":"Detaljer","localizedName":"Detaljer","localizedNames":{"en":"*Detaljer (nb)","nb":"Detaljer"},"localizedDescriptions":{"nb":"Detaljer om hvert enkelt medisinsk utstyr.","en":"*Detaljer om hvert enkelt medisinsk utstyr. (nb)"},"rmType":"CLUSTER","nodeId":"at0022","min":0,"max":-1,"aqlPath":"/content[openEHR-EHR-EVALUATION.device_summary.v0 and name/value='Perifert venekateter']/data[at0001]/items[at0022]","inputs":[],"formId":"klinisk_kontakt/perifert_venekateter@Perifert venekateter2/detaljer","viewConfig":{"multiplicity":{"min":0,"max":-1},"advanced":{"hidden":false,"readonly":false,"hideFrame":false,"render":false},"label":{"custom":false,"useLocalizations":false},"size":{"field":"inherit","label":"inherit"},"layout":{"label":{"valign":"inherit","align":"inherit"},"field":{"valign":"inherit","align":"inherit"}},"annotations":{},"field":{}},"children":[{"name":"Lagt inn","localizedName":"Lagt inn","localizedNames":{"en":"*Lagt inn (en)","nb":"Lagt inn"},"localizedDescriptions":{"nb":"Dato for tilpasning eller implantering av det medisinske utstyret.","en":"*Dato for tilpasning eller implantering av det medisinske utstyret. (nb)"},"rmType":"DV_DATE_TIME","nodeId":"at0008","min":0,"max":1,"aqlPath":"/content[openEHR-EHR-EVALUATION.device_summary.v0 and name/value='Perifert venekateter']/data[at0001]/items[at0022]/items[at0008 and name/value='Lagt inn']/value","inputs":[{"type":"DATETIME","listOpen":false}],"formId":"klinisk_kontakt/perifert_venekateter@Perifert venekateter2/detaljer/lagt_inn@Lagt inn","viewConfig":{"multiplicity":{"min":0,"max":1},"advanced":{"hidden":false,"readonly":false,"hideFrame":false,"render":false},"label":{"custom":false,"useLocalizations":false},"size":{"field":"inherit","label":"inherit"},"layout":{"label":{"valign":"inherit","align":"inherit"},"field":{"valign":"inherit","align":"inherit"}},"annotations":{},"field":{"input":{"hideTime":false,"dateFormat":"","hideDate":false}}}},{"name":"Seponert","localizedName":"Seponert","localizedNames":{"en":"*Seponert (en)","nb":"Seponert"},"localizedDescriptions":{"nb":"Datoen da bruk av det medisinske utstyret opphørte eller ble fjernet.","en":"*Datoen da bruk av det medisinske utstyret opphørte eller ble fjernet. (nb)"},"rmType":"DV_DATE_TIME","nodeId":"at0009","min":0,"max":1,"aqlPath":"/content[openEHR-EHR-EVALUATION.device_summary.v0 and name/value='Perifert venekateter']/data[at0001]/items[at0022]/items[at0009 and name/value='Seponert']/value","inputs":[{"type":"DATETIME","listOpen":false}],"formId":"klinisk_kontakt/perifert_venekateter@Perifert venekateter2/detaljer/seponert@Seponert","viewConfig":{"multiplicity":{"min":0,"max":1},"advanced":{"hidden":false,"readonly":false,"hideFrame":false,"render":false},"label":{"custom":false,"useLocalizations":false},"size":{"field":"inherit","label":"inherit"},"layout":{"label":{"valign":"inherit","align":"inherit"},"field":{"valign":"inherit","align":"inherit"}},"annotations":{},"field":{"input":{"hideTime":false,"dateFormat":"","hideDate":false}}}},{"name":"Neste skifte","localizedName":"Neste skifte","localizedNames":{"en":"*Neste skifte (en)","nb":"Neste skifte"},"localizedDescriptions":{"nb":"Dato da det medisinske utstyret skal gjennomgås på nytt.","en":"*Dato da det medisinske utstyret skal gjennomgås på nytt. (nb)"},"rmType":"DV_DATE_TIME","nodeId":"at0019","min":0,"max":1,"aqlPath":"/content[openEHR-EHR-EVALUATION.device_summary.v0 and name/value='Perifert venekateter']/data[at0001]/items[at0022]/items[at0019 and name/value='Neste skifte']/value","inputs":[{"type":"DATETIME","listOpen":false}],"formId":"klinisk_kontakt/perifert_venekateter@Perifert venekateter2/detaljer/neste_skifte@Neste skifte","viewConfig":{"multiplicity":{"min":0,"max":1},"advanced":{"hidden":false,"readonly":false,"hideFrame":false,"render":false},"label":{"custom":false,"useLocalizations":false},"size":{"field":"inherit","label":"inherit"},"layout":{"label":{"valign":"inherit","align":"inherit"},"field":{"valign":"inherit","align":"inherit"}},"annotations":{},"field":{"input":{"hideTime":false,"dateFormat":"","hideDate":false}}}}]}]}]}