[{"col":1,"row":1,"width":12,"height":60,"children":[{"id":"klinisk_kontakt/perifert_venekateter@Perifert venekateter","rows":[{"cols":[{"width":"100%","children":[{"id":"klinisk_kontakt/perifert_venekateter@Perifert venekateter/ism_transition","rows":[{"cols":[{"width":"100%","children":[{"id":"klinisk_kontakt/perifert_venekateter@Perifert venekateter/ism_transition/current_state","rows":[]},{"id":"klinisk_kontakt/perifert_venekateter@Perifert venekateter/ism_transition/careflow_step","rows":[]}]}]}]},{"id":"klinisk_kontakt/perifert_venekateter@Perifert venekateter/innleggelse_av_perifert_venekateter.@Innleggelse av perifert venekateter.","rows":[]},{"id":"klinisk_kontakt/perifert_venekateter@Perifert venekateter/pvk@PVK","rows":[{"cols":[{"width":"100%","children":[{"id":"klinisk_kontakt/perifert_venekateter@Perifert venekateter/pvk@PVK/perifert_venekateter@Perifert venekateter","rows":[]},{"id":"klinisk_kontakt/perifert_venekateter@Perifert venekateter/pvk@PVK/type","rows":[]}]}]}]},{"id":"klinisk_kontakt/perifert_venekateter@Perifert venekateter/dato_tid_for_avslutning_av_prosedyren","rows":[]},{"id":"klinisk_kontakt/perifert_venekateter@Perifert venekateter/prosedyretype","rows":[]},{"id":"klinisk_kontakt/perifert_venekateter@Perifert venekateter/kommentar","rows":[]}]}]}]},{"id":"klinisk_kontakt/perifert_venekateter@Perifert venekateter2","rows":[{"cols":[{"width":"100%","children":[{"id":"klinisk_kontakt/perifert_venekateter@Perifert venekateter2/pvk@PVK","rows":[]},{"id":"klinisk_kontakt/perifert_venekateter@Perifert venekateter2/status","rows":[]},{"id":"klinisk_kontakt/perifert_venekateter@Perifert venekateter2/beskrivelse","rows":[]},{"id":"klinisk_kontakt/perifert_venekateter@Perifert venekateter2/detaljer","rows":[{"cols":[{"width":"100%","children":[{"id":"klinisk_kontakt/perifert_venekateter@Perifert venekateter2/detaljer/lagt_inn@Lagt inn","rows":[]},{"id":"klinisk_kontakt/perifert_venekateter@Perifert venekateter2/detaljer/seponert@Seponert","rows":[]},{"id":"klinisk_kontakt/perifert_venekateter@Perifert venekateter2/detaljer/neste_skifte@Neste skifte","rows":[]}]}]}]}]}]}]}]}]