{"formId":"form_root","name":"Form root","rmType":"FORM_DEFINITION","viewConfig":{"label":{"custom":false,"value":"","useLocalizations":false,"localizationsList":{}},"size":{"field":"inherit","label":"inherit","fill":"inherit"},"layout":{"valign":"inherit","align":"inherit"},"tags":[],"annotations":{"#MDT":"openEHR-EHR-OBSERVATION.mdt_mote_status.v0?scope=episodeofcare"}},"language":"nb","templateLanguages":["nb"],"children":[{"localizedName":"Fieldset","localizedNames":{"nb":"MDT"},"min":0,"max":-1,"name":"Fieldset","rmType":"GENERIC_FIELDSET","fid":"generic-field-59620","formId":"generic-field-59620","children":[{"name":"MDT-møte status","localizedName":"MDT-møte status","rmType":"DV_CODED_TEXT","nodeId":"at0004","min":0,"max":1,"localizedNames":{"nb":"MDT-møte status"},"localizedDescriptions":{"nb":"*"},"aqlPath":"/content[openEHR-EHR-OBSERVATION.mdt_mote_status.v0]/data[at0001]/events[at0002]/data[at0003]/items[at0004]/value","inputs":[{"suffix":"code","type":"CODED_TEXT","list":[{"value":"at0006","label":"Ikke planlagt","localizedLabels":{"nb":"Ikke planlagt"},"localizedDescriptions":{"nb":"MDT-møte ikke planlagt"}},{"value":"at0007","label":"Planlagt","localizedLabels":{"nb":"Planlagt"},"localizedDescriptions":{"nb":"MDT-møte planlagt"}},{"value":"at0008","label":"Utført","localizedLabels":{"nb":"Utført"},"localizedDescriptions":{"nb":"MDT-møte utført"}}]}],"fid":"mdt_møte/mdt_møte/mdt-møte_status","formId":"mdt_møte/mdt_møte/mdt-møte_status","viewConfig":{"annotations":{"select":"{#MDT:/data[at0001]/events[at0002]/data[at0003]/items[at0004]/value}"},"size":{"field":"inherit","label":"inherit","fill":"inherit"},"layout":{"label":{"valign":"inherit","align":"inherit"},"field":{"valign":"inherit","align":"inherit"}},"datasource":{"loadRemote":false,"loadRemoteUrl":"","terminology":""},"label":{"custom":false,"value":"","useLocalizations":true,"localizationsList":{"nb":"MDT møtestatus"}},"advanced":{"hidden":false,"readonly":false},"multiplicity":{"min":"0","max":"1"},"tags":[],"field":{"code":{"presentation":"combobox","columns":"4"}}},"defaultValue":{"code":""}},{"name":"Time","rmType":"DV_DATE_TIME","min":1,"max":1,"aqlPath":"/content[openEHR-EHR-OBSERVATION.mdt_mote_status.v0]/data[at0001]/events[at0002]/time","inputs":[{"type":"DATETIME"}],"inContext":true,"fid":"mdt_møte/mdt_møte/time","formId":"mdt_møte/mdt_møte/time","viewConfig":{"label":{"custom":true,"value":"Tidspunkt","useLocalizations":false,"localizationsList":{}},"advanced":{"hidden":true,"readonly":false},"multiplicity":{"min":"0","max":"1"},"size":{"field":"inherit","label":"inherit","fill":"inherit"},"layout":{"label":{"valign":"inherit","align":"inherit"},"field":{"valign":"inherit","align":"inherit"}},"tags":[],"datasource":{"loadRemote":false,"loadRemoteUrl":"","terminology":""},"field":{"input":{"dateFormat":"","hideDate":false,"hideTime":false}}},"defaultValue":{"value":""}}],"viewConfig":{"label":{"custom":true,"value":"Status for multidisiplinært team møte","useLocalizations":true,"localizationsList":{"nb":"MDT"}},"advanced":{"hidden":false,"readonly":false,"render":false},"multiplicity":{"min":"0","max":"1"},"size":{"field":"inherit","label":"inherit","fill":"inherit"},"layout":{"label":{"valign":"inherit","align":"top"},"field":{"valign":"inherit","align":"inherit"}},"tags":[],"field":{}}}]}