{"formId":"form_root","name":"Form root","rmType":"FORM_DEFINITION","viewConfig":{"label":{"custom":false,"value":"","useLocalizations":false,"localizationsList":{}},"size":{"field":"inherit","label":"inherit","fill":"inherit"},"layout":{"valign":"inherit","align":"inherit"},"tags":[],"annotations":{"#MDT":"openEHR-EHR-OBSERVATION.mdt_mote_status.v0?scope=episodeofcare"}},"language":"nb","templateLanguages":["nb"],"children":[{"localizedName":"Status for multidisiplinært team møte","localizedNames":{"nb":"MDT"},"min":"0","max":"1","name":"Status for multidisiplinært team møte","rmType":"GENERIC_FIELDSET","formId":"generic-field-59620","children":[{"name":"MDT-møte status","localizedName":"MDT-møte status","rmType":"DV_CODED_TEXT","nodeId":"at0004","min":"0","max":"1","localizedNames":{"nb":"MDT møtestatus"},"localizedDescriptions":{"nb":"*"},"aqlPath":"/content[openEHR-EHR-OBSERVATION.mdt_mote_status.v0]/data[at0001]/events[at0002]/data[at0003]/items[at0004]/value","inputs":[{"suffix":"code","type":"CODED_TEXT","list":[{"value":"at0006","label":"Ikke planlagt","localizedLabels":{"nb":"Ikke planlagt"},"localizedDescriptions":{"nb":"MDT-møte ikke planlagt"}},{"value":"at0007","label":"Planlagt","localizedLabels":{"nb":"Planlagt"},"localizedDescriptions":{"nb":"MDT-møte planlagt"}},{"value":"at0008","label":"Utført","localizedLabels":{"nb":"Utført"},"localizedDescriptions":{"nb":"MDT-møte utført"}}]}],"formId":"mdt_møte/mdt_møte/mdt-møte_status","viewConfig":{"annotations":{"select":"{#MDT:/data[at0001]/events[at0002]/data[at0003]/items[at0004]/value}"},"size":{"field":"inherit","label":"inherit","fill":"inherit"},"layout":{"label":{"valign":"inherit","align":"inherit"},"field":{"valign":"inherit","align":"inherit"}},"datasource":{"loadRemote":false,"loadRemoteUrl":"","terminology":""},"advanced":{"hidden":false,"readonly":false},"tags":[],"field":{"code":{"presentation":"combobox","columns":"4"}}}},{"name":"Tidspunkt","rmType":"DV_DATE_TIME","min":"0","max":"1","aqlPath":"/content[openEHR-EHR-OBSERVATION.mdt_mote_status.v0]/data[at0001]/events[at0002]/time","inputs":[{"type":"DATETIME"}],"inContext":true,"formId":"mdt_møte/mdt_møte/time","viewConfig":{"advanced":{"hidden":true,"readonly":false},"size":{"field":"inherit","label":"inherit","fill":"inherit"},"layout":{"label":{"valign":"inherit","align":"inherit"},"field":{"valign":"inherit","align":"inherit"}},"tags":[],"datasource":{"loadRemote":false,"loadRemoteUrl":"","terminology":""},"field":{"input":{"dateFormat":"","hideDate":false,"hideTime":false}}},"localizedName":"Tidspunkt"}],"viewConfig":{"advanced":{"hidden":false,"readonly":false,"render":false},"size":{"field":"inherit","label":"inherit","fill":"inherit"},"layout":{"label":{"valign":"inherit","align":"top"},"field":{"valign":"inherit","align":"inherit"}},"tags":[]}}]}