[{"col":1,"row":1,"width":12,"height":28,"children":[{"id":"generic-field-24400","rows":[{"cols":[{"width":"100%","children":[{"id":"anamnese_og_selvregistrering/anamnese_olafia/kjønn"},{"id":"anamnese_og_selvregistrering/anamnese_olafia/språk"},{"id":"anamnese_og_selvregistrering/hvorfor_kommer_du_til_olafiaklinikken/klinisk_kontaktårsak"},{"id":"anamnese_og_selvregistrering/hvorfor_kommer_du_til_olafiaklinikken/administrativ_kontaktårsak"},{"id":"anamnese_og_selvregistrering/anamnese_olafia/utfyllende_opplysninger"}]}]},{"cols":[{"width":"50%","children":[{"id":"anamnese_og_selvregistrering/anamnese_olafia/plager"}]},{"width":"50%","children":[{"id":"anamnese_og_selvregistrering/anamnese_olafia/utfyllende_opplysninger_om_plager"}]}]},{"cols":[{"width":"100%","children":[{"id":"anamnese_og_selvregistrering/anamnese/graviditet","rows":[{"cols":[{"width":"100%","children":[{"id":"anamnese_og_selvregistrering/anamnese/graviditet/er_du_gravid"}]}]},{"cols":[{"width":"50%","children":[{"id":"anamnese_og_selvregistrering/anamnese/graviditet/gestasjonsalder_-_uker"},{"id":"anamnese_og_selvregistrering/anamnese/graviditet/første_dag_av_siste_menstruasjon"},{"id":"anamnese_og_selvregistrering/anamnese/graviditet/har_ikke_menstruasjon"}]},{"width":"50%","children":[{"id":"anamnese_og_selvregistrering/anamnese/graviditet/utfyllende_opplysninger"}]}]}]}]}]},{"cols":[{"width":"100%","children":[{"id":"anamnese_og_selvregistrering/anamnese_olafia/prevensjonsmiddel"}]}]}]}]},{"col":1,"row":29,"width":12,"height":38,"children":[{"id":"generic-field-18043","rows":[{"cols":[{"width":"100%","children":[{"id":"anamnese_og_selvregistrering/seksualhistorie/noen_gang_hatt_sex"}]}]}]},{"id":"generic-field-74636","rows":[{"cols":[{"width":"100%","children":[{"id":"anamnese_og_selvregistrering/seksuell_aktivitet/seksuelt_aktiv"}]}]}]},{"id":"generic-field-81348","rows":[{"cols":[{"width":"100%","children":[{"id":"anamnese_og_selvregistrering/seksuell_aktivitet/sexpartneres_kjønn"},{"id":"anamnese_og_selvregistrering/seksuell_aktivitet/beskrivelse_til_sexpartners_kjønn"},{"id":"anamnese_og_selvregistrering/seksuell_aktivitet/typer_sex"},{"id":"anamnese_og_selvregistrering/seksuell_aktivitet/antall_partnere"},{"id":"anamnese_og_selvregistrering/seksuell_aktivitet/sex_med_sexarbeider"},{"id":"anamnese_og_selvregistrering/seksuell_aktivitet/har_du_motatt_betaling_for_sex"},{"id":"anamnese_og_selvregistrering/seksuell_aktivitet/sexpartnere_har_vært_fra"},{"id":"anamnese_og_selvregistrering/seksuell_aktivitet/sexpartnere_har_vært_fra_nasjonalitet"},{"id":"anamnese_og_selvregistrering/seksuell_aktivitet/seksualpartner","rows":[{"cols":[{"width":"50%","children":[{"id":"anamnese_og_selvregistrering/seksuell_aktivitet/seksualpartner/identifikasjon_alias"},{"id":"anamnese_og_selvregistrering/seksuell_aktivitet/seksualpartner/dato_for_siste_sex"},{"id":"anamnese_og_selvregistrering/seksuell_aktivitet/seksualpartner/lengde_av_seksuelt_forhold"},{"id":"anamnese_og_selvregistrering/seksuell_aktivitet/seksualpartner/partnerkjønn"}]},{"width":"50%","children":[{"id":"anamnese_og_selvregistrering/seksuell_aktivitet/seksualpartner/partner_type"},{"id":"anamnese_og_selvregistrering/seksuell_aktivitet/seksualpartner/partner_kategori"},{"id":"anamnese_og_selvregistrering/seksuell_aktivitet/seksualpartner/vil_det_seksuelle_forholde_fortsette"},{"id":"anamnese_og_selvregistrering/seksuell_aktivitet/seksualpartner/ufrivillig_sex"}]}]},{"cols":[{"width":"100%","children":[]}]},{"cols":[{"width":"50%","children":[{"id":"anamnese_og_selvregistrering/seksuell_aktivitet/seksualpartner/risikofaktorer"}]},{"width":"50%","children":[{"id":"anamnese_og_selvregistrering/seksuell_aktivitet/seksualpartner/beskrivelse_risikofaktorer"}]}]},{"cols":[{"width":"100%","children":[{"id":"anamnese_og_selvregistrering/seksuell_aktivitet/seksualpartner/annet"}]}]},{"cols":[{"width":"100%","children":[{"id":"anamnese_og_selvregistrering/seksuell_aktivitet/seksualpartner/seksuell_kontakt","rows":[{"cols":[{"width":"100%","children":[{"id":"anamnese_og_selvregistrering/seksuell_aktivitet/seksualpartner/seksuell_kontakt/kontakttype"},{"id":"anamnese_og_selvregistrering/seksuell_aktivitet/seksualpartner/seksuell_kontakt/barrierebruk"},{"id":"anamnese_og_selvregistrering/seksuell_aktivitet/seksualpartner/seksuell_kontakt/barrieretype"},{"id":"anamnese_og_selvregistrering/seksuell_aktivitet/seksualpartner/seksuell_kontakt/slimhinne_eksponert_for_sæd"}]}]}]}]}]}]}]}]}]}]},{"col":1,"row":67,"width":12,"height":33,"children":[{"id":"anamnese_og_selvregistrering/seksualhistorie","rows":[{"cols":[{"width":"100%","children":[{"id":"anamnese_og_selvregistrering/seksualhistorie/alder_ved_seksuell_debut"},{"id":"anamnese_og_selvregistrering/seksualhistorie/kjønn_pasienten_har_hatt_sex_med"},{"id":"anamnese_og_selvregistrering/seksualhistorie/beskrivelse_til_kjønn_pas_har_hatt_sex_med"}]}]}]},{"id":"generic-field-25940","rows":[{"cols":[{"width":"100%","children":[{"id":"anamnese_og_selvregistrering/anamnese/blood_borne_infection_risk/har_du_tatt_rusmiddel_eller_kroppsbyggermidler_med_sprøyte"},{"id":"anamnese_og_selvregistrering/anamnese/blood_borne_infection_risk/stukket_deg_på_brukt_sprøyte"},{"id":"anamnese_og_selvregistrering/anamnese/blood_borne_infection_risk/pasienten_selv_eller_partner_bodd_i_risikoområde_for_hepatitt_eller_hiv_i_mer_enn_6_måneder"}]}]}]},{"id":"generic-field-28927","rows":[{"cols":[{"width":"100%","children":[{"id":"anamnese_og_selvregistrering/soi-sammendrag/tidligere_testet_for_seksuelt_overførbare_sykdommer_soi"},{"id":"anamnese_og_selvregistrering/soi-sammendrag/tidligere_soi"}]}]},{"cols":[{"width":"50%","children":[{"id":"anamnese_og_selvregistrering/soi-sammendrag/hvilke_typer_soi"}]},{"width":"50%","children":[{"id":"anamnese_og_selvregistrering/soi-sammendrag/klamydia"},{"id":"anamnese_og_selvregistrering/soi-sammendrag/gonoré"},{"id":"anamnese_og_selvregistrering/soi-sammendrag/mykoplasma"},{"id":"anamnese_og_selvregistrering/soi-sammendrag/hvis_annen_spesifiser"}]}]},{"cols":[{"width":"100%","children":[{"id":"anamnese_og_selvregistrering/soi-sammendrag/infeksjon","rows":[{"cols":[{"width":"50%","children":[{"id":"anamnese_og_selvregistrering/soi-sammendrag/infeksjon/type_soi"},{"id":"anamnese_og_selvregistrering/soi-sammendrag/infeksjon/hvis_annen_spesifiser"},{"id":"anamnese_og_selvregistrering/soi-sammendrag/infeksjon/behandling"},{"id":"anamnese_og_selvregistrering/soi-sammendrag/infeksjon/behandling_av_partner"}]},{"width":"50%","children":[{"id":"anamnese_og_selvregistrering/soi-sammendrag/infeksjon/diagnostisert_av"},{"id":"anamnese_og_selvregistrering/soi-sammendrag/infeksjon/grad_av_sikkerhet"},{"id":"anamnese_og_selvregistrering/soi-sammendrag/infeksjon/fullført_behandling"},{"id":"anamnese_og_selvregistrering/soi-sammendrag/infeksjon/resultat"}]}]}]}]}]}]}]},{"col":1,"row":100,"width":12,"height":4,"children":[{"id":"anamnese_og_selvregistrering/anamnese/naturlige_funksjoner/siste_vannlating","rows":[]}]},{"col":1,"row":104,"width":12,"height":4,"children":[{"id":"generic-field-13427","rows":[{"cols":[{"width":"100%","children":[{"id":"anamnese_og_selvregistrering/anamnese/anamnese"}]}]}]}]}]