{"formId":"form_root","name":"Form root","rmType":"FORM_DEFINITION","viewConfig":{"label":{"custom":false,"value":"","useLocalizations":false,"localizationsList":{}},"size":{"field":"inherit","label":"inherit","fill":"inherit"},"layout":{"valign":"inherit","align":"inherit"},"tags":[],"annotations":{"#LMG":"openEHR-EHR-OBSERVATION.legemiddelgjennomgang_status.v0?scope=episodeofcare"}},"language":"","templateLanguages":["nb"],"children":[{"localizedName":"Legemiddelgjennomgang","localizedNames":{"nb":"Fieldset"},"min":0,"max":-1,"name":"Legemiddelgjennomgang","rmType":"GENERIC_FIELDSET","formId":"generic-field-66588","children":[{"name":"Legemiddelgjennomgang utført","localizedName":"Legemiddelgjennomgang utført","rmType":"DV_BOOLEAN","nodeId":"at0010","min":0,"max":1,"localizedNames":{"nb":"Legemiddelgjennomgang utført"},"localizedDescriptions":{"nb":"Kryss av når legemiddelgjennomgang er utført på denne kontakten."},"aqlPath":"/content[openEHR-EHR-OBSERVATION.legemiddelgjennomgang_status.v0]/data[at0001]/events[at0002]/data[at0003]/items[at0010]/value","inputs":[{"type":"BOOLEAN","defaultValue":false}],"formId":"legemiddelgjennomgang_status/legemiddelgjennomgang_status/legemiddelgjennomgang_utført","viewConfig":{"annotations":{"select":"{#LMG:/data[at0001]/events[at0002]/data[at0003]/items[at0010]/value}"}}},{"name":"Dato for gjennomgang","localizedName":"Dato for gjennomgang","rmType":"DV_DATE","nodeId":"at0009","min":"0","max":"1","localizedNames":{"nb":"Dato for gjennomgang"},"localizedDescriptions":{"nb":"*"},"aqlPath":"/content[openEHR-EHR-OBSERVATION.legemiddelgjennomgang_status.v0]/data[at0001]/events[at0002]/data[at0003]/items[at0009]/value","inputs":[{"type":"DATE"}],"formId":"legemiddelgjennomgang_status/legemiddelgjennomgang_status/dato_for_gjennomgang","viewConfig":{"advanced":{"hidden":false,"readonly":false},"size":{"field":"inherit","label":"inherit","fill":"inherit"},"layout":{"label":{"valign":"inherit","align":"top"},"field":{"valign":"inherit","align":"inherit"}},"tags":[],"datasource":{"loadRemote":false,"loadRemoteUrl":"","terminology":""},"annotations":{"select":"{#LMG:/data[at0001]/events[at0002]/data[at0003]/items[at0009]/value}"}}}]}]}