[{"field":"legemiddelgjennomgang_status/legemiddelgjennomgang_status/legemiddelgjennomgang_utført","conditions":[{"operator":"empty","value":null,"actions":[{"action":"hide","target":"legemiddelgjennomgang_status/legemiddelgjennomgang_status/dato_for_gjennomgang","value":{"value":""}}]},{"operator":"is","value":{"value":false},"actions":[{"action":"hide","target":"legemiddelgjennomgang_status/legemiddelgjennomgang_status/dato_for_gjennomgang","value":{"value":""}}]},{"operator":"is","value":{"value":true},"actions":[{"action":"show","target":"legemiddelgjennomgang_status/legemiddelgjennomgang_status/dato_for_gjennomgang","value":{"value":""}}]},{"operator":"is","value":{"value":true},"actions":[{"action":"reset","target":"legemiddelgjennomgang_status/legemiddelgjennomgang_status/dato_for_gjennomgang","value":{"value":""}}]},{"operator":"empty","value":null,"actions":[{"action":"clear","target":"legemiddelgjennomgang_status/legemiddelgjennomgang_status/dato_for_gjennomgang","value":{"value":""}}]},{"operator":"is","value":{"value":false},"actions":[{"action":"clear","target":"legemiddelgjennomgang_status/legemiddelgjennomgang_status/dato_for_gjennomgang","value":{"value":""}}]}]},{"field":"legemiddelgjennomgang_status/legemiddelgjennomgang_status/legemiddelgjennomgang_utført","conditions":[{"operator":"empty","value":null,"actions":[{"action":"clear","target":"legemiddelgjennomgang_status/legemiddelgjennomgang_status/dato_for_gjennomgang","value":{"value":""}}]}]}]