{"formId":"form_root","name":"Form root","rmType":"FORM_DEFINITION","viewConfig":{"label":{"custom":false,"value":"","useLocalizations":false,"localizationsList":{}},"size":{"field":"inherit","label":"inherit","fill":"inherit"},"layout":{"valign":"inherit","align":"inherit"},"tags":[],"annotations":{"#PVK":"openEHR-EHR-OBSERVATION.pvk_status.v1?scope=episodeofcare"}},"language":"","templateLanguages":["nb"],"children":[{"name":"PVK Status","localizedName":"PVK Status","rmType":"OBSERVATION","nodeId":"openEHR-EHR-OBSERVATION.pvk_status.v1","min":0,"max":-1,"localizedNames":{"nb":"PVK Status"},"localizedDescriptions":{"nb":"unknown"},"aqlPath":"/content[openEHR-EHR-OBSERVATION.pvk_status.v1]","children":[{"name":"Status PVK","localizedName":"Status PVK","rmType":"DV_CODED_TEXT","nodeId":"at0004","min":0,"max":1,"localizedNames":{"nb":"Status PVK"},"localizedDescriptions":{"nb":"*"},"aqlPath":"/content[openEHR-EHR-OBSERVATION.pvk_status.v1]/data[at0001]/events[at0002]/data[at0003]/items[at0004]/value","inputs":[{"suffix":"code","type":"CODED_TEXT","list":[{"value":"at0006","label":"Lagt inn","localizedLabels":{"nb":"Lagt inn"},"localizedDescriptions":{"nb":"*"}},{"value":"at0007","label":"Stelt","localizedLabels":{"nb":"Stelt"},"localizedDescriptions":{"nb":"*"}},{"value":"at0008","label":"Fjernet","localizedLabels":{"nb":"Fjernet"},"localizedDescriptions":{"nb":"*"}}]}],"formId":"pvk_status/pvk_status/status_pvk","viewConfig":{"annotations":{"select":"{#PVK:/data[at0001]/events[at0002]/data[at0003]/items[at0004]/value}"},"size":{"field":"inherit","label":"inherit","fill":"inherit"},"layout":{"label":{"valign":"inherit","align":"inherit"},"field":{"valign":"inherit","align":"inherit"}},"datasource":{"loadRemote":false,"loadRemoteUrl":"","terminology":""},"label":{"custom":false,"value":"","useLocalizations":false,"localizationsList":{}},"advanced":{"hidden":true,"readonly":false},"multiplicity":{"min":"0","max":"1"},"tags":[],"field":{"code":{"presentation":"combobox","columns":"4"}}},"defaultValue":{"code":""},"fid":"pvk_status/pvk_status/status_pvk"},{"name":"PVK Lagt inn dato","localizedName":"PVK Lagt inn dato","rmType":"DV_DATE_TIME","nodeId":"at0005","min":0,"max":1,"localizedNames":{"nb":"PVK Lagt inn dato"},"localizedDescriptions":{"nb":"*"},"aqlPath":"/content[openEHR-EHR-OBSERVATION.pvk_status.v1]/data[at0001]/events[at0002]/data[at0003]/items[at0005]/value","inputs":[{"type":"DATETIME"}],"formId":"pvk_status/pvk_status/pvk_lagt_inn_dato","viewConfig":{"annotations":{"select":"{#PVK:/data[at0001]/events[at0002]/data[at0003]/items[at0005]/value}"},"size":{"field":"inherit","label":"inherit","fill":"inherit"},"layout":{"label":{"valign":"inherit","align":"inherit"},"field":{"valign":"inherit","align":"inherit"}},"datasource":{"loadRemote":false,"loadRemoteUrl":"","terminology":""},"label":{"custom":false,"value":"","useLocalizations":false,"localizationsList":{}},"advanced":{"hidden":false,"readonly":false},"multiplicity":{"min":"0","max":"1"},"tags":[],"field":{"input":{"dateFormat":"","hideDate":false,"hideTime":true}}},"defaultValue":{"value":""},"fid":"pvk_status/pvk_status/pvk_lagt_inn_dato"}],"fid":"pvk_status/pvk_status","formId":"pvk_status/pvk_status","viewConfig":{"label":{"custom":false,"value":"","useLocalizations":false,"localizationsList":{}},"advanced":{"hidden":false,"readonly":false,"render":false},"multiplicity":{"min":"1","max":"1"},"size":{"field":"inherit","label":"inherit","fill":"inherit"},"layout":{"label":{"valign":"inherit","align":"top"},"field":{"valign":"inherit","align":"inherit"}},"tags":[],"field":{}}}]}