{"name":"Form root","localizedNames":{},"localizedDescriptions":{},"rmType":"FORM_DEFINITION","min":0,"max":0,"formId":"form_root","viewConfig":{"label":{"custom":false,"useLocalizations":false},"size":{"field":"inherit","label":"inherit"},"layout":{"label":{"valign":"inherit","align":"inherit"},"field":{"valign":"inherit","align":"inherit"}},"annotations":{"#otherdiseases":"SELECT c/uid as cid,o FROM COMPOSITION c contains (SECTION o[openEHR-EHR-SECTION.adhoc.v1] or ( EVALUATION e1[openEHR-EHR-EVALUATION.problem_diagnosis.v1] or EVALUATION e2[openEHR-EHR-EVALUATION.exclusion_specific.v1] or EVALUATION e3[openEHR-EHR-EVALUATION.precaution.v1])) where c/context/start_time/value>current-date() - P3M and (o/name/value='Andre sykdommer' or e2/name/value='Ingen andre sykdommer' or e3/name/value='Andre sykdommer') order by c/context/start_time/value desc limit 1","#noknowndisease":"SELECT c/uid as cid,o FROM COMPOSITION c contains EVALUATION o[openEHR-EHR-EVALUATION.exclusion_global.v1] where c/context/start_time/value>current-date() - P3M and o/archetype_details/template_id/value='PreoperativeRiskFactorsTEST' order by c/context/start_time/value desc limit 1","#smokehistory":"SELECT c/uid as cid, o FROM COMPOSITION c CONTAINS EVALUATION o[openEHR-EHR-EVALUATION.tobacco_smoking_summary.v1] order by c/context/start_time/value desc LIMIT 1","#smokelesshistory":"SELECT c/uid as cid, o FROM COMPOSITION c CONTAINS EVALUATION o[openEHR-EHR-EVALUATION.smokeless_tobacco_summary_dips.v1] order by c/context/start_time/value desc LIMIT 1","#medication":"select c/uid as cid, e from composition c contains (SECTION s[openEHR-EHR-SECTION.adhoc.v1] and EVALUATION e[openEHR-EHR-EVALUATION.precaution.v1]) where e/name/value ='Faste medisiner' and (e/archetype_details/template_id/value = 'PreoperativeRiskFactors' or e/archetype_details/template_id/value = 'PreoperativeRiskFactorsTEST') order by c/context/start_time desc limit 1","#respiration":"SELECT c/uid as cid,o FROM COMPOSITION c contains (SECTION o[openEHR-EHR-SECTION.adhoc.v1] or ( EVALUATION e1[openEHR-EHR-EVALUATION.problem_diagnosis.v1] or EVALUATION e2[openEHR-EHR-EVALUATION.exclusion_specific.v1] or EVALUATION e3[openEHR-EHR-EVALUATION.precaution.v1])) where (o/name/value='Respirasjon' or e2/name/value='Ingen respirasjonssykdommer' or e3/name/value='Respirasjon') order by c/context/start_time/value desc limit 1","#sirkulation":"SELECT c/uid as cid,o FROM COMPOSITION c contains (SECTION o[openEHR-EHR-SECTION.adhoc.v1] or ( EVALUATION e1[openEHR-EHR-EVALUATION.problem_diagnosis.v1] or EVALUATION e2[openEHR-EHR-EVALUATION.exclusion_specific.v1] or EVALUATION e3[openEHR-EHR-EVALUATION.precaution.v1])) where (o/name/value='Sirkulasjon' or e2/name/value='Ingen sirkulasjonssykdommer' or e1/name/value='Hjertesvikt klassifisering' or e3/name/value='Sirkulasjon') order by c/context/start_time/value desc limit 1"}},"children":[{"name":"Ingen kjente sykdommer","localizedName":"Ingen kjente sykdommer","localizedNames":{"en":"*Ingen kjente sykdommer (en)","nb":"Ingen kjente sykdommer"},"localizedDescriptions":{"nb":"Et overordnet eksklusjonsutsagn om alle problemer/diagnoser, familiære sykdommer, legemidler, prosedyrer, overfølsomheter eller andre kliniske konsepter som ikke er tilstede hos et individ, enten i nåtid eller fortid.","en":"*Et overordnet eksklusjonsutsagn om alle problemer/diagnoser, familiære sykdommer, legemidler, prosedyrer, overfølsomheter eller andre kliniske konsepter som ikke er tilstede hos et individ, enten i nåtid eller fortid. (nb)"},"rmType":"EVALUATION","nodeId":"openEHR-EHR-EVALUATION.exclusion_global.v1","min":1,"max":1,"aqlPath":"/content[openEHR-EHR-EVALUATION.exclusion_global.v1 and name/value='Ingen kjente sykdommer']","inputs":[],"formId":"klinisk_kontakt/ingen_kjente_sykdommer@Ingen kjente sykdommer","viewConfig":{"multiplicity":{"min":1,"max":1},"advanced":{"hidden":false,"readonly":false,"hideFrame":false,"render":false},"label":{"custom":false,"useLocalizations":false},"size":{"field":"inherit","label":"inherit"},"layout":{"label":{"valign":"inherit","align":"inherit"},"field":{"valign":"inherit","align":"inherit"}},"annotations":{"validateemptycontainer":"FALSE","headerSize":"Text","select":"{#noknowndisease}"},"field":{}},"children":[{"name":"Overordnet eksklusjon av problemer/diagnoser","localizedName":"Overordnet eksklusjon av problemer/diagnoser","localizedNames":{"en":"*Overordnet eksklusjon av problemer/diagnoser (en)","nb":"Overordnet eksklusjon av problemer/diagnoser"},"localizedDescriptions":{"nb":"Et overordnet eksklusjonsutsagn om alle problemer/diagnoser, familiære sykdommer, legemidler, prosedyrer, overfølsomheter eller andre kliniske konsepter.","en":"*Et overordnet eksklusjonsutsagn om alle problemer/diagnoser, familiære sykdommer, legemidler, prosedyrer, overfølsomheter eller andre kliniske konsepter. (nb)"},"rmType":"DV_CODED_TEXT","nodeId":"at0002","min":1,"max":1,"aqlPath":"/content[openEHR-EHR-EVALUATION.exclusion_global.v1 and name/value='Ingen kjente sykdommer']/data[at0001]/items[at0002 and name/value='Overordnet eksklusjon av problemer/diagnoser']/value","inputs":[{"suffix":"code","type":"CODED_TEXT","list":[{"value":"315215002","label":"Ingen tidligere sykdommer","ordinal":0,"localizedLabels":{"nb":"Ingen tidligere sykdommer","en":"*Ingen tidligere sykdommer (nb)"},"localizedDescriptions":{}}],"listOpen":false}],"formId":"klinisk_kontakt/ingen_kjente_sykdommer@Ingen kjente sykdommer/overordnet_eksklusjonsutsagn@Overordnet eksklusjon av problemer/diagnoser","viewConfig":{"multiplicity":{"min":1,"max":1},"advanced":{"hidden":false,"readonly":false,"hideFrame":false,"render":false},"label":{"custom":false,"useLocalizations":false},"size":{"field":"inherit","label":"-1"},"layout":{"label":{"valign":"inherit","align":"top"},"field":{"valign":"inherit","align":"inherit"}},"annotations":{"nullflavour":"271"},"field":{"code":{"presentation":"radios","columns":"1"}},"tags":["HideLabel"]}}]},{"name":"Fieldset","localizedName":"Fieldset","localizedNames":{"en":"*Fieldset (en)","nb":"Fieldset"},"localizedDescriptions":{},"rmType":"GENERIC_FIELDSET","min":0,"max":1,"inputs":[],"formId":"generic-field-04094","viewConfig":{"multiplicity":{"min":0,"max":1},"advanced":{"hidden":false,"readonly":false,"hideFrame":false,"render":false},"label":{"custom":false,"useLocalizations":false},"size":{"field":"inherit","label":"-1"},"layout":{"label":{"valign":"inherit","align":"inherit"},"field":{"valign":"inherit","align":"inherit"}},"annotations":{},"field":{"formId":null,"name":null},"tags":["HideLabel"]},"children":[{"name":"Spacer","localizedName":"","localizedNames":{"nb":""},"localizedDescriptions":{},"rmType":"GENERIC_SPACER","min":0,"max":1,"inputs":[],"formId":"generic-field-78265","viewConfig":{"annotations":{},"field":{"height":10,"input":{"height":10}}}},{"name":"Fieldset","localizedName":"Fieldset","localizedNames":{"en":"*Fieldset (en)","nb":"Fieldset"},"localizedDescriptions":{},"rmType":"GENERIC_FIELDSET","min":0,"max":1,"inputs":[],"formId":"generic-field-93970","viewConfig":{"multiplicity":{"min":0,"max":1},"advanced":{"hidden":false,"readonly":false,"hideFrame":false,"render":false},"label":{"custom":false,"useLocalizations":false},"size":{"field":"inherit","label":"-1"},"layout":{"label":{"valign":"inherit","align":"inherit"},"field":{"valign":"inherit","align":"inherit"}},"annotations":{},"field":{"formId":null,"name":null},"tags":["HideLabel"]},"children":[{"name":"Sirkulasjon","localizedName":"Sirkulasjon","localizedNames":{"en":"*Sirkulasjon (en)","nb":"Sirkulasjon"},"localizedDescriptions":{"nb":"En generisk seksjonsoverskrift som skal gis nytt navn i en templat for å passe i en gitt klinisk kontekst.","en":"*En generisk seksjonsoverskrift som skal gis nytt navn i en templat for å passe i en gitt klinisk kontekst. (nb)"},"rmType":"SECTION","nodeId":"openEHR-EHR-SECTION.adhoc.v1","min":1,"max":1,"aqlPath":"/content[openEHR-EHR-SECTION.adhoc.v1 and name/value='Sirkulasjon']","inputs":[],"formId":"klinisk_kontakt/sirkulasjon@Sirkulasjon","viewConfig":{"multiplicity":{"min":1,"max":1},"advanced":{"hidden":false,"readonly":false,"hideFrame":false,"render":false},"label":{"custom":false,"useLocalizations":false},"size":{"field":"inherit","label":"inherit"},"layout":{"label":{"valign":"inherit","align":"inherit"},"field":{"valign":"inherit","align":"inherit"}},"annotations":{"select":"{#sirkulation}"},"field":{}},"children":[{"name":"Ingen sirkulasjonssykdommer","localizedName":"Ingen sirkulasjonssykdommer","localizedNames":{"en":"*Ingen sirkulasjonssykdommer (en)","nb":"Ingen sirkulasjonssykdommer"},"localizedDescriptions":{"nb":"Et utsagn om eksklusjon av en spesifikk problem/diagnose, familiær sykdom, legemiddel, prosedyre, overfølsomhet eller andre kliniske konsepter som ikke er tilstede hos et individ, enten i nåtid eller fortid.","en":"*Et utsagn om eksklusjon av en spesifikk problem/diagnose, familiær sykdom, legemiddel, prosedyre, overfølsomhet eller andre kliniske konsepter som ikke er tilstede hos et individ, enten i nåtid eller fortid. (nb)"},"rmType":"EVALUATION","nodeId":"openEHR-EHR-EVALUATION.exclusion_specific.v1","min":1,"max":1,"aqlPath":"/content[openEHR-EHR-SECTION.adhoc.v1 and name/value='Sirkulasjon']/items[openEHR-EHR-EVALUATION.exclusion_specific.v1 and name/value='Ingen sirkulasjonssykdommer']","inputs":[],"formId":"klinisk_kontakt/sirkulasjon@Sirkulasjon/ingen_sirkulasjonssykdommer@Ingen sirkulasjonssykdommer","viewConfig":{"multiplicity":{"min":1,"max":1},"advanced":{"hidden":false,"readonly":false,"hideFrame":false,"render":false},"label":{"custom":false,"useLocalizations":false},"size":{"field":"inherit","label":"-1"},"layout":{"label":{"valign":"inherit","align":"inherit"},"field":{"valign":"inherit","align":"inherit"}},"annotations":{"validateemptycontainer":"FALSE"},"field":{},"tags":["HideLabel"]},"children":[{"name":"Ingen kjente sirkulasjonssykdommer","localizedName":"Ingen kjente sirkulasjonssykdommer","localizedNames":{"en":"*Ingen kjente sirkulasjonssykdommer (en)","nb":"Ingen kjente sirkulasjonssykdommer"},"localizedDescriptions":{"nb":"Et kvalifiserende utsagn om eksklusjonen av en problem/diagnose, familiær sykdom, legemiddel, prosedyre, overfølsomhet eller andre kliniske konsepter.","en":"*Et kvalifiserende utsagn om eksklusjonen av en problem/diagnose, familiær sykdom, legemiddel, prosedyre, overfølsomhet eller andre kliniske konsepter. (nb)"},"rmType":"DV_CODED_TEXT","nodeId":"at0002","min":0,"max":1,"aqlPath":"/content[openEHR-EHR-SECTION.adhoc.v1 and name/value='Sirkulasjon']/items[openEHR-EHR-EVALUATION.exclusion_specific.v1 and name/value='Ingen sirkulasjonssykdommer']/data[at0001]/items[at0002 and name/value='Ingen kjente sirkulasjonssykdommer']/value","inputs":[{"suffix":"code","type":"CODED_TEXT","list":[{"value":"160254003","label":"Ingen kjente sirkulasjonssykdommer","ordinal":0,"localizedLabels":{"nb":"Ingen kjente sirkulasjonssykdommer","en":"*Ingen kjente sirkulasjonssykdommer (nb)"},"localizedDescriptions":{}}],"listOpen":false}],"formId":"klinisk_kontakt/sirkulasjon@Sirkulasjon/ingen_sirkulasjonssykdommer@Ingen sirkulasjonssykdommer/ingen_kjente_sirkulasjonssykdommer@Ingen kjente sirkulasjonssykdommer","viewConfig":{"multiplicity":{"min":0,"max":1},"advanced":{"hidden":false,"readonly":false,"hideFrame":false,"render":false},"label":{"custom":false,"useLocalizations":false},"size":{"field":"inherit","label":"-1"},"layout":{"label":{"valign":"inherit","align":"top"},"field":{"valign":"inherit","align":"inherit"}},"annotations":{},"field":{"code":{"presentation":"radios","columns":"1"}},"tags":["HideLabel"]}},{"name":"Problem/diagnose","localizedName":"Problem/diagnose","localizedNames":{"en":"*Problem/diagnose (en)","nb":"Problem/diagnose"},"localizedDescriptions":{"nb":"Navngiving av det spesifikke konseptet som ekskluderes.","en":"*Navngiving av det spesifikke konseptet som ekskluderes. (nb)"},"rmType":"DV_CODED_TEXT","nodeId":"at0003","min":1,"max":1,"aqlPath":"/content[openEHR-EHR-SECTION.adhoc.v1 and name/value='Sirkulasjon']/items[openEHR-EHR-EVALUATION.exclusion_specific.v1 and name/value='Ingen sirkulasjonssykdommer']/data[at0001]/items[at0003 and name/value='Problem/diagnose']/value","inputs":[{"suffix":"code","type":"CODED_TEXT","list":[{"value":"49601007","label":"Sirkulasjonssykdommer","ordinal":0,"localizedLabels":{"nb":"Sirkulasjonssykdommer","en":"*Sirkulasjonssykdommer (nb)"},"localizedDescriptions":{}}],"listOpen":false}],"formId":"klinisk_kontakt/sirkulasjon@Sirkulasjon/ingen_sirkulasjonssykdommer@Ingen sirkulasjonssykdommer/ekskludert_konsept@Problem/diagnose","viewConfig":{"multiplicity":{"min":1,"max":1},"advanced":{"hidden":true,"readonly":false,"hideFrame":false,"render":false},"label":{"custom":false,"useLocalizations":false},"size":{"field":"inherit","label":"inherit"},"layout":{"label":{"valign":"inherit","align":"top"},"field":{"valign":"inherit","align":"inherit"}},"annotations":{},"field":{"code":{"presentation":"combobox","columns":"1"}}}}]},{"name":"Fieldset","localizedName":"Fieldset","localizedNames":{"en":"*Fieldset (en)","nb":"Spacer 1"},"localizedDescriptions":{},"rmType":"GENERIC_FIELDSET","min":0,"max":1,"inputs":[],"formId":"generic-field-76462","viewConfig":{"multiplicity":{"min":0,"max":1},"advanced":{"hidden":false,"readonly":false,"hideFrame":false,"render":false},"label":{"custom":false,"useLocalizations":false},"size":{"field":"inherit","label":"-1"},"layout":{"label":{"valign":"inherit","align":"inherit"},"field":{"valign":"inherit","align":"inherit"}},"annotations":{},"field":{"formId":null,"name":null},"tags":["HideLabel"]},"children":[{"name":"Spacer","localizedName":"","localizedNames":{"nb":""},"localizedDescriptions":{},"rmType":"GENERIC_SPACER","min":0,"max":1,"inputs":[],"formId":"generic-field-30886","viewConfig":{"annotations":{},"field":{"height":25,"input":{"height":25}}}}]},{"name":"Sirkulasjon","localizedName":"Sirkulasjon","localizedNames":{"en":"*Sirkulasjon (en)","nb":"Sirkulasjon"},"localizedDescriptions":{"nb":"En klinisk tilstand eller status som er unik eller særegen for et individ, og som regnes som viktig informasjon i forbindelse med beslutninger om behandling.","en":"*En klinisk tilstand eller status som er unik eller særegen for et individ, og som regnes som viktig informasjon i forbindelse med beslutninger om behandling. (nb)"},"rmType":"EVALUATION","nodeId":"openEHR-EHR-EVALUATION.precaution.v1","min":1,"max":1,"aqlPath":"/content[openEHR-EHR-SECTION.adhoc.v1 and name/value='Sirkulasjon']/items[openEHR-EHR-EVALUATION.precaution.v1 and name/value='Sirkulasjon']","inputs":[],"formId":"klinisk_kontakt/sirkulasjon@Sirkulasjon/sirkulasjon@Sirkulasjon","viewConfig":{"multiplicity":{"min":1,"max":1},"advanced":{"hidden":false,"readonly":false,"hideFrame":false,"render":false},"label":{"custom":false,"useLocalizations":false},"size":{"field":"inherit","label":"-1"},"layout":{"label":{"valign":"inherit","align":"inherit"},"field":{"valign":"inherit","align":"inherit"}},"annotations":{"validateemptycontainer":"FALSE"},"field":{},"tags":["HideLabel"]},"children":[{"name":"Underlag","localizedName":"Underlag","localizedNames":{"en":"*Underlag (nb)","nb":"Underlag"},"localizedDescriptions":{"nb":"Beskrivelse av underlaget som understøtter forholdsregelen.","en":"*Beskrivelse av underlaget som understøtter forholdsregelen. (nb)"},"rmType":"DV_CODED_TEXT","nodeId":"at0003","min":0,"max":-1,"aqlPath":"/content[openEHR-EHR-SECTION.adhoc.v1 and name/value='Sirkulasjon']/items[openEHR-EHR-EVALUATION.precaution.v1 and name/value='Sirkulasjon']/data[at0001]/items[at0003]/value","inputs":[{"suffix":"code","type":"TEXT","terminology":"ARK-ANE-SIRKULASJON?subset=ARK-ANE-SIRKULASJON&language=en-GB","listOpen":false},{"suffix":"value","type":"TEXT","terminology":"ARK-ANE-SIRKULASJON?subset=ARK-ANE-SIRKULASJON&language=en-GB","listOpen":false}],"formId":"klinisk_kontakt/sirkulasjon@Sirkulasjon/sirkulasjon@Sirkulasjon/underlag","viewConfig":{"multiplicity":{"min":0,"max":-1},"advanced":{"hidden":false,"readonly":false,"hideFrame":false,"render":false},"label":{"custom":false,"useLocalizations":false},"size":{"field":"inherit","label":"-1"},"layout":{"label":{"valign":"inherit","align":"top"},"field":{"valign":"inherit","align":"inherit"}},"datasource":{"loadRemote":true,"loadRemoteUrl":"ARK-ANE-SIRKULASJON?subset=ARK-ANE-SIRKULASJON&language=en-GB"},"annotations":{"codeditem.displayformat":"name","calcId":"Disease1"},"field":{},"tags":["ShowAsSelectionList","HideLabel"]}},{"name":"Sirkulasjonssykdommer","localizedName":"Sirkulasjonssykdommer","localizedNames":{"en":"*Sirkulasjonssykdommer (en)","nb":"Sirkulasjonssykdommer"},"localizedDescriptions":{"nb":"Navnet på tilstanden eller statusen.","en":"*Navnet på tilstanden eller statusen. (nb)"},"rmType":"DV_CODED_TEXT","nodeId":"at0002","min":1,"max":1,"aqlPath":"/content[openEHR-EHR-SECTION.adhoc.v1 and name/value='Sirkulasjon']/items[openEHR-EHR-EVALUATION.precaution.v1 and name/value='Sirkulasjon']/data[at0001]/items[at0002 and name/value='Sirkulasjonssykdommer']/value","inputs":[{"suffix":"code","type":"CODED_TEXT","list":[{"value":"49601007","label":"Sirkulasjonssykdommer","ordinal":0,"localizedLabels":{"nb":"Sirkulasjonssykdommer","en":"*Sirkulasjonssykdommer (nb)"},"localizedDescriptions":{}}],"listOpen":false}],"formId":"klinisk_kontakt/sirkulasjon@Sirkulasjon/sirkulasjon@Sirkulasjon/sirkulasjonssykdommer@Sirkulasjonssykdommer","viewConfig":{"multiplicity":{"min":1,"max":1},"advanced":{"hidden":true,"readonly":false,"hideFrame":false,"render":false},"label":{"custom":false,"useLocalizations":false},"size":{"field":"inherit","label":"inherit"},"layout":{"label":{"valign":"inherit","align":"top"},"field":{"valign":"inherit","align":"inherit"}},"annotations":{},"field":{"code":{"presentation":"combobox","columns":"1"}}}}]},{"name":"Hjertesvikt klassifisering","localizedName":"Hjertesvikt klassifisering","localizedNames":{"en":"*Hjertesvikt klassifisering (en)","nb":"Hjertesvikt klassifisering"},"localizedDescriptions":{"nb":"Detaljer om én identifisert helsetilstand, skade, funksjonshemming eller annet forhold som påvirker et individs fysiske, mentale og/eller sosiale velvære.\n","en":"*Detaljer om én identifisert helsetilstand, skade, funksjonshemming eller annet forhold som påvirker et individs fysiske, mentale og/eller sosiale velvære.\n (nb)"},"rmType":"EVALUATION","nodeId":"openEHR-EHR-EVALUATION.problem_diagnosis.v1","min":1,"max":1,"aqlPath":"/content[openEHR-EHR-SECTION.adhoc.v1 and name/value='Sirkulasjon']/items[openEHR-EHR-EVALUATION.problem_diagnosis.v1 and name/value='Hjertesvikt klassifisering']","inputs":[],"formId":"klinisk_kontakt/sirkulasjon@Sirkulasjon/hjertesvikt_klassifisering@Hjertesvikt klassifisering","viewConfig":{"multiplicity":{"min":1,"max":1},"advanced":{"hidden":false,"readonly":false,"hideFrame":false,"render":false},"label":{"custom":false,"useLocalizations":false},"size":{"field":"inherit","label":"-1"},"layout":{"label":{"valign":"inherit","align":"inherit"},"field":{"valign":"inherit","align":"inherit"}},"annotations":{"validateemptycontainer":"FALSE"},"field":{},"tags":["HideLabel"]},"children":[{"name":"Hjertesvikt","localizedName":"Hjertesvikt","localizedNames":{"en":"*Hjertesvikt (en)","nb":"Hjertesvikt"},"localizedDescriptions":{"nb":"Identifisering av problemet eller diagnosen ved hjelp av navn.","en":"*Identifisering av problemet eller diagnosen ved hjelp av navn. (nb)"},"rmType":"DV_CODED_TEXT","nodeId":"at0002","min":1,"max":1,"aqlPath":"/content[openEHR-EHR-SECTION.adhoc.v1 and name/value='Sirkulasjon']/items[openEHR-EHR-EVALUATION.problem_diagnosis.v1 and name/value='Hjertesvikt klassifisering']/data[at0001]/items[at0002 and name/value='Hjertesvikt']/value","inputs":[{"suffix":"code","type":"CODED_TEXT","list":[{"value":"84114007","label":"Hjertesvikt","ordinal":0,"localizedLabels":{"nb":"Hjertesvikt","en":"*Hjertesvikt (nb)"},"localizedDescriptions":{}}],"listOpen":false}],"formId":"klinisk_kontakt/sirkulasjon@Sirkulasjon/hjertesvikt_klassifisering@Hjertesvikt klassifisering/hjertesvikt@Hjertesvikt","viewConfig":{"multiplicity":{"min":1,"max":1},"advanced":{"hidden":false,"readonly":false,"hideFrame":false,"render":false},"label":{"custom":false,"useLocalizations":false},"size":{"field":"inherit","label":"-1"},"layout":{"label":{"valign":"inherit","align":"inherit"},"field":{"valign":"inherit","align":"inherit"}},"annotations":{"calcId":"heartfailure"},"field":{"code":{"presentation":"radios","columns":"1"}},"tags":["HideLabel"]}},{"name":"NYHA klassifikasjon av hjertesvikt","localizedName":"NYHA klassifikasjon av hjertesvikt","localizedNames":{"en":"*NYHA klassifikasjon av hjertesvikt (nb)","nb":"NYHA klassifikasjon av hjertesvikt"},"localizedDescriptions":{"nb":"En klassifikasjon av symptomer relatert til hjertesvikt, definert av New York Heart Association.","en":"*En klassifikasjon av symptomer relatert til hjertesvikt, definert av New York Heart Association. (nb)"},"rmType":"CLUSTER","nodeId":"openEHR-EHR-CLUSTER.nyha_heart_failure.v1","min":1,"max":1,"aqlPath":"/content[openEHR-EHR-SECTION.adhoc.v1 and name/value='Sirkulasjon']/items[openEHR-EHR-EVALUATION.problem_diagnosis.v1 and name/value='Hjertesvikt klassifisering']/data[at0001]/items[openEHR-EHR-CLUSTER.nyha_heart_failure.v1]","inputs":[],"formId":"klinisk_kontakt/sirkulasjon@Sirkulasjon/hjertesvikt_klassifisering@Hjertesvikt klassifisering/nyha_klassifikasjon_av_hjertesvikt","viewConfig":{"multiplicity":{"min":1,"max":1},"advanced":{"hidden":false,"readonly":false,"hideFrame":false,"render":false},"label":{"custom":false,"useLocalizations":false},"size":{"field":"inherit","label":"inherit"},"layout":{"label":{"valign":"inherit","align":"inherit"},"field":{"valign":"inherit","align":"inherit"}},"annotations":{"headerSize":"Text"},"field":{}},"children":[{"name":"Funksjonell kapasitet","localizedName":"Funksjonell kapasitet","localizedNames":{"en":"*Funksjonell kapasitet (nb)","nb":"Funksjonell kapasitet"},"localizedDescriptions":{"nb":"Den funksjonelle klassifiseringen av hjertesvikt, basert på pasientsymptomer.","en":"*Den funksjonelle klassifiseringen av hjertesvikt, basert på pasientsymptomer. (nb)"},"rmType":"DV_CODED_TEXT","nodeId":"at0001","min":0,"max":1,"aqlPath":"/content[openEHR-EHR-SECTION.adhoc.v1 and name/value='Sirkulasjon']/items[openEHR-EHR-EVALUATION.problem_diagnosis.v1 and name/value='Hjertesvikt klassifisering']/data[at0001]/items[openEHR-EHR-CLUSTER.nyha_heart_failure.v1]/items[at0001]/value","inputs":[{"suffix":"code","type":"CODED_TEXT","list":[{"value":"at0002","label":"Klasse I","ordinal":0,"localizedLabels":{"nb":"Klasse I","en":"*Klasse I (nb)"},"localizedDescriptions":{"nb":"Ingen begrensninger i fysisk kapasitet. Vanlig fysisk aktivitet forårsaker ikke uvanlig tretthet, hjertebank eller pustebesvær.","en":"*Ingen begrensninger i fysisk kapasitet. Vanlig fysisk aktivitet forårsaker ikke uvanlig tretthet, hjertebank eller pustebesvær. (nb)"}},{"value":"at0003","label":"Klasse II","ordinal":0,"localizedLabels":{"nb":"Klasse II","en":"*Klasse II (nb)"},"localizedDescriptions":{"nb":"Liten begrensning i fysisk kapasitet. Har det bra i hvile. Vanlig fysisk aktivitet forårsaker tretthet, hjertebank eller pustebesvær.","en":"*Liten begrensning i fysisk kapasitet. Har det bra i hvile. Vanlig fysisk aktivitet forårsaker tretthet, hjertebank eller pustebesvær. (nb)"}},{"value":"at0004","label":"Klasse III","ordinal":0,"localizedLabels":{"nb":"Klasse III","en":"*Klasse III (nb)"},"localizedDescriptions":{"nb":"Merkbar begrensning i fysisk kapasitet. Har det bra i hvile. Mindre enn vanlig fysisk aktivitet forårsaker tretthet, hjertebank eller pustebesvær.","en":"*Merkbar begrensning i fysisk kapasitet. Har det bra i hvile. Mindre enn vanlig fysisk aktivitet forårsaker tretthet, hjertebank eller pustebesvær. (nb)"}},{"value":"at0005","label":"Klasse IV","ordinal":0,"localizedLabels":{"nb":"Klasse IV","en":"*Klasse IV (nb)"},"localizedDescriptions":{"nb":"Ikke i stand til å utføre fysisk aktivitet uten ubehag. Symptomer på hjertesvikt i hvile. Hvis fysisk aktivitet utføres, øker ubehaget.","en":"*Ikke i stand til å utføre fysisk aktivitet uten ubehag. Symptomer på hjertesvikt i hvile. Hvis fysisk aktivitet utføres, øker ubehaget. (nb)"}}],"listOpen":false}],"formId":"klinisk_kontakt/sirkulasjon@Sirkulasjon/hjertesvikt_klassifisering@Hjertesvikt klassifisering/nyha_klassifikasjon_av_hjertesvikt/funksjonell_kapasitet","viewConfig":{"multiplicity":{"min":0,"max":1},"advanced":{"hidden":false,"readonly":false,"hideFrame":false,"render":false},"label":{"custom":false,"useLocalizations":false},"size":{"field":"inherit","label":"inherit"},"layout":{"label":{"valign":"inherit","align":"inherit"},"field":{"valign":"inherit","align":"inherit"}},"annotations":{},"field":{"code":{"presentation":"combobox","columns":"4"}}}},{"name":"Objektiv vurdering","localizedName":"Objektiv vurdering","localizedNames":{"en":"*Objektiv vurdering (nb)","nb":"Objektiv vurdering"},"localizedDescriptions":{"nb":"Klassifiseringen av hjertesvikt basert på en objektiv vurdering.","en":"*Klassifiseringen av hjertesvikt basert på en objektiv vurdering. (nb)"},"rmType":"DV_CODED_TEXT","nodeId":"at0006","min":0,"max":1,"aqlPath":"/content[openEHR-EHR-SECTION.adhoc.v1 and name/value='Sirkulasjon']/items[openEHR-EHR-EVALUATION.problem_diagnosis.v1 and name/value='Hjertesvikt klassifisering']/data[at0001]/items[openEHR-EHR-CLUSTER.nyha_heart_failure.v1]/items[at0006]/value","inputs":[{"suffix":"code","type":"CODED_TEXT","list":[{"value":"at0007","label":"Klasse A","ordinal":0,"localizedLabels":{"nb":"Klasse A","en":"*Klasse A (nb)"},"localizedDescriptions":{"nb":"Ingen objektive tegn på kardiovaskulær sykdom. Ingen symptomer og ingen begrensninger i vanlig fysisk aktivitet.","en":"*Ingen objektive tegn på kardiovaskulær sykdom. Ingen symptomer og ingen begrensninger i vanlig fysisk aktivitet. (nb)"}},{"value":"at0008","label":"Klasse B","ordinal":0,"localizedLabels":{"nb":"Klasse B","en":"*Klasse B (nb)"},"localizedDescriptions":{"nb":"Objektive tegn på lett kardiovaskulær sykdom. Milde symptomer og liten begrensning ved vanlig fysisk aktivitet. Har det bra i hvile.","en":"*Objektive tegn på lett kardiovaskulær sykdom. Milde symptomer og liten begrensning ved vanlig fysisk aktivitet. Har det bra i hvile. (nb)"}},{"value":"at0009","label":"Klasse C","ordinal":0,"localizedLabels":{"nb":"Klasse C","en":"*Klasse C (nb)"},"localizedDescriptions":{"nb":"Objektive tegn på moderat kardiovaskulær sykdom. Markert begrensning i fysisk kapasitet på grunn av symptomer, også ved mindre enn vanlig aktivitet. Har det bra kun i hvile.","en":"*Objektive tegn på moderat kardiovaskulær sykdom. Markert begrensning i fysisk kapasitet på grunn av symptomer, også ved mindre enn vanlig aktivitet. Har det bra kun i hvile. (nb)"}},{"value":"at0010","label":"Klasse D","ordinal":0,"localizedLabels":{"nb":"Klasse D","en":"*Klasse D (nb)"},"localizedDescriptions":{"nb":"Objektive tegn på alvorlig kardiovaskulær sykdom. Store begrensninger. Opplever symptomer selv i hvile.","en":"*Objektive tegn på alvorlig kardiovaskulær sykdom. Store begrensninger. Opplever symptomer selv i hvile. (nb)"}}],"listOpen":false}],"formId":"klinisk_kontakt/sirkulasjon@Sirkulasjon/hjertesvikt_klassifisering@Hjertesvikt klassifisering/nyha_klassifikasjon_av_hjertesvikt/objektiv_vurdering","viewConfig":{"multiplicity":{"min":0,"max":1},"advanced":{"hidden":false,"readonly":false,"hideFrame":false,"render":false},"label":{"custom":false,"useLocalizations":false},"size":{"field":"inherit","label":"inherit"},"layout":{"label":{"valign":"inherit","align":"inherit"},"field":{"valign":"inherit","align":"inherit"}},"annotations":{},"field":{"code":{"presentation":"combobox","columns":"4"}}}}]}]},{"name":"Input","localizedName":"Input","localizedNames":{"en":"*Input (en)","nb":"If text hide no disease in sirkulation"},"localizedDescriptions":{},"rmType":"GENERIC_FIELD","min":0,"max":-1,"inputs":[{"type":"TEXT","list":[],"listOpen":false}],"formId":"generic-field-36928","viewConfig":{"multiplicity":{"min":0,"max":-1},"advanced":{"hidden":true,"readonly":false,"hideFrame":false,"render":false},"label":{"custom":false,"useLocalizations":false},"size":{"field":"inherit","label":"inherit"},"layout":{"label":{"valign":"inherit","align":"top"},"field":{"valign":"inherit","align":"inherit"}},"annotations":{"calc":"CONCATENATE($Disease1/value/defining_code/code_string/value,$heartfailure/value/defining_code/code_string)"},"field":{"lines":null,"input":{},"type":"DV_TEXT"}}}]},{"name":"Respirasjon","localizedName":"Respirasjon","localizedNames":{"en":"*Respirasjon (en)","nb":"Respirasjon"},"localizedDescriptions":{"nb":"En generisk seksjonsoverskrift som skal gis nytt navn i en templat for å passe i en gitt klinisk kontekst.","en":"*En generisk seksjonsoverskrift som skal gis nytt navn i en templat for å passe i en gitt klinisk kontekst. (nb)"},"rmType":"SECTION","nodeId":"openEHR-EHR-SECTION.adhoc.v1","min":1,"max":1,"aqlPath":"/content[openEHR-EHR-SECTION.adhoc.v1 and name/value='Respirasjon']","inputs":[],"formId":"klinisk_kontakt/respirasjon@Respirasjon","viewConfig":{"multiplicity":{"min":1,"max":1},"advanced":{"hidden":false,"readonly":false,"hideFrame":false,"render":false},"label":{"custom":false,"useLocalizations":false},"size":{"field":"inherit","label":"inherit"},"layout":{"label":{"valign":"inherit","align":"inherit"},"field":{"valign":"inherit","align":"inherit"}},"annotations":{"select":"{#respiration}"},"field":{}},"children":[{"name":"Ingen respirasjonssykdommer","localizedName":"Ingen respirasjonssykdommer","localizedNames":{"en":"*Ingen respirasjonssykdommer (en)","nb":"Ingen respirasjonssykdommer"},"localizedDescriptions":{"nb":"Et utsagn om eksklusjon av en spesifikk problem/diagnose, familiær sykdom, legemiddel, prosedyre, overfølsomhet eller andre kliniske konsepter som ikke er tilstede hos et individ, enten i nåtid eller fortid.","en":"*Et utsagn om eksklusjon av en spesifikk problem/diagnose, familiær sykdom, legemiddel, prosedyre, overfølsomhet eller andre kliniske konsepter som ikke er tilstede hos et individ, enten i nåtid eller fortid. (nb)"},"rmType":"EVALUATION","nodeId":"openEHR-EHR-EVALUATION.exclusion_specific.v1","min":1,"max":1,"aqlPath":"/content[openEHR-EHR-SECTION.adhoc.v1 and name/value='Respirasjon']/items[openEHR-EHR-EVALUATION.exclusion_specific.v1 and name/value='Ingen respirasjonssykdommer']","inputs":[],"formId":"klinisk_kontakt/respirasjon@Respirasjon/ingen_respirasjonssykdommer@Ingen respirasjonssykdommer","viewConfig":{"multiplicity":{"min":1,"max":1},"advanced":{"hidden":false,"readonly":false,"hideFrame":false,"render":false},"label":{"custom":false,"useLocalizations":false},"size":{"field":"inherit","label":"-1"},"layout":{"label":{"valign":"inherit","align":"inherit"},"field":{"valign":"inherit","align":"inherit"}},"annotations":{"validateemptycontainer":"FALSE"},"field":{},"tags":["HideLabel"]},"children":[{"name":"Ingen kjente respirasjonssykdommer","localizedName":"Ingen kjente respirasjonssykdommer","localizedNames":{"en":"*Ingen kjente respirasjonssykdommer (en)","nb":"Ingen kjente respirasjonssykdommer"},"localizedDescriptions":{"nb":"Et kvalifiserende utsagn om eksklusjonen av en problem/diagnose, familiær sykdom, legemiddel, prosedyre, overfølsomhet eller andre kliniske konsepter.","en":"*Et kvalifiserende utsagn om eksklusjonen av en problem/diagnose, familiær sykdom, legemiddel, prosedyre, overfølsomhet eller andre kliniske konsepter. (nb)"},"rmType":"DV_CODED_TEXT","nodeId":"at0002","min":0,"max":1,"aqlPath":"/content[openEHR-EHR-SECTION.adhoc.v1 and name/value='Respirasjon']/items[openEHR-EHR-EVALUATION.exclusion_specific.v1 and name/value='Ingen respirasjonssykdommer']/data[at0001]/items[at0002 and name/value='Ingen kjente respirasjonssykdommer']/value","inputs":[{"suffix":"code","type":"CODED_TEXT","list":[{"value":"160258000","label":"Ingen kjente respirasjonssykdommer","ordinal":0,"localizedLabels":{"nb":"Ingen kjente respirasjonssykdommer","en":"*Ingen kjente respirasjonssykdommer (nb)"},"localizedDescriptions":{}}],"listOpen":false}],"formId":"klinisk_kontakt/respirasjon@Respirasjon/ingen_respirasjonssykdommer@Ingen respirasjonssykdommer/ingen_kjente_respirasjonssykdommer@Ingen kjente respirasjonssykdommer","viewConfig":{"multiplicity":{"min":0,"max":1},"advanced":{"hidden":false,"readonly":false,"hideFrame":false,"render":false},"label":{"custom":false,"useLocalizations":false},"size":{"field":"inherit","label":"-1"},"layout":{"label":{"valign":"inherit","align":"top"},"field":{"valign":"inherit","align":"inherit"}},"annotations":{},"field":{"code":{"presentation":"radios","columns":"1"}},"tags":["HideLabel"]}},{"name":"Problem/diagnose","localizedName":"Problem/diagnose","localizedNames":{"en":"*Problem/diagnose (en)","nb":"Problem/diagnose"},"localizedDescriptions":{"nb":"Navngiving av det spesifikke konseptet som ekskluderes.","en":"*Navngiving av det spesifikke konseptet som ekskluderes. (nb)"},"rmType":"DV_CODED_TEXT","nodeId":"at0003","min":1,"max":1,"aqlPath":"/content[openEHR-EHR-SECTION.adhoc.v1 and name/value='Respirasjon']/items[openEHR-EHR-EVALUATION.exclusion_specific.v1 and name/value='Ingen respirasjonssykdommer']/data[at0001]/items[at0003 and name/value='Problem/diagnose']/value","inputs":[{"suffix":"code","type":"CODED_TEXT","list":[{"value":"50043002","label":"Respirasjonssykdommer","ordinal":0,"localizedLabels":{"nb":"Respirasjonssykdommer","en":"*Respirasjonssykdommer (nb)"},"localizedDescriptions":{}}],"listOpen":false}],"formId":"klinisk_kontakt/respirasjon@Respirasjon/ingen_respirasjonssykdommer@Ingen respirasjonssykdommer/ekskludert_konsept@Problem/diagnose","viewConfig":{"multiplicity":{"min":1,"max":1},"advanced":{"hidden":true,"readonly":false,"hideFrame":false,"render":false},"label":{"custom":false,"useLocalizations":false},"size":{"field":"inherit","label":"inherit"},"layout":{"label":{"valign":"inherit","align":"top"},"field":{"valign":"inherit","align":"inherit"}},"annotations":{},"field":{"code":{"presentation":"combobox","columns":"1"}}}}]},{"name":"Fieldset","localizedName":"Fieldset","localizedNames":{"en":"*Fieldset (en)","nb":"spacer 2"},"localizedDescriptions":{},"rmType":"GENERIC_FIELDSET","min":1,"max":1,"inputs":[],"formId":"generic-field-44031","viewConfig":{"multiplicity":{"min":1,"max":1},"advanced":{"hidden":false,"readonly":false,"hideFrame":false,"render":false},"label":{"custom":false,"useLocalizations":false},"size":{"field":"inherit","label":"-1"},"layout":{"label":{"valign":"inherit","align":"inherit"},"field":{"valign":"inherit","align":"inherit"}},"annotations":{},"field":{"formId":null,"name":null},"tags":["HideLabel"]},"children":[{"name":"Spacer","localizedName":"","localizedNames":{"nb":""},"localizedDescriptions":{},"rmType":"GENERIC_SPACER","min":0,"max":1,"inputs":[],"formId":"generic-field-59783","viewConfig":{"annotations":{},"field":{"height":25,"input":{"height":25}}}}]},{"name":"Respirasjon","localizedName":"Respirasjon","localizedNames":{"en":"*Respirasjon (en)","nb":"Respirasjon"},"localizedDescriptions":{"nb":"En klinisk tilstand eller status som er unik eller særegen for et individ, og som regnes som viktig informasjon i forbindelse med beslutninger om behandling.","en":"*En klinisk tilstand eller status som er unik eller særegen for et individ, og som regnes som viktig informasjon i forbindelse med beslutninger om behandling. (nb)"},"rmType":"EVALUATION","nodeId":"openEHR-EHR-EVALUATION.precaution.v1","min":1,"max":1,"aqlPath":"/content[openEHR-EHR-SECTION.adhoc.v1 and name/value='Respirasjon']/items[openEHR-EHR-EVALUATION.precaution.v1 and name/value='Respirasjon']","inputs":[],"formId":"klinisk_kontakt/respirasjon@Respirasjon/respirasjon@Respirasjon","viewConfig":{"multiplicity":{"min":1,"max":1},"advanced":{"hidden":false,"readonly":false,"hideFrame":false,"render":false},"label":{"custom":false,"useLocalizations":false},"size":{"field":"inherit","label":"-1"},"layout":{"label":{"valign":"inherit","align":"top"},"field":{"valign":"inherit","align":"inherit"}},"annotations":{"validateemptycontainer":"False"},"field":{},"tags":["HideLabel"]},"children":[{"name":"Underlag","localizedName":"Underlag","localizedNames":{"en":"*Underlag (nb)","nb":"Underlag"},"localizedDescriptions":{"nb":"Beskrivelse av underlaget som understøtter forholdsregelen.","en":"*Beskrivelse av underlaget som understøtter forholdsregelen. (nb)"},"rmType":"DV_CODED_TEXT","nodeId":"at0003","min":0,"max":-1,"aqlPath":"/content[openEHR-EHR-SECTION.adhoc.v1 and name/value='Respirasjon']/items[openEHR-EHR-EVALUATION.precaution.v1 and name/value='Respirasjon']/data[at0001]/items[at0003]/value","inputs":[{"suffix":"code","type":"TEXT","terminology":"ARK-ANE-RESPIRASJON?subset=ARK-ANE-RESPIRASJON&language=en-GB","listOpen":false},{"suffix":"value","type":"TEXT","terminology":"ARK-ANE-RESPIRASJON?subset=ARK-ANE-RESPIRASJON&language=en-GB","listOpen":false}],"formId":"klinisk_kontakt/respirasjon@Respirasjon/respirasjon@Respirasjon/underlag","viewConfig":{"multiplicity":{"min":0,"max":-1},"advanced":{"hidden":false,"readonly":false,"hideFrame":false,"render":false},"label":{"custom":false,"useLocalizations":false},"size":{"field":"inherit","label":"-1"},"layout":{"label":{"valign":"inherit","align":"inherit"},"field":{"valign":"inherit","align":"inherit"}},"datasource":{"loadRemote":true,"loadRemoteUrl":"ARK-ANE-RESPIRASJON?subset=ARK-ANE-RESPIRASJON&language=en-GB"},"annotations":{"codeditem.displayformat":"name","calcId":"Disease2"},"field":{},"tags":["HideLabel","ShowAsSelectionList"]}},{"name":"Respirasjonssykdommer","localizedName":"Respirasjonssykdommer","localizedNames":{"en":"*Respirasjonssykdommer (en)","nb":"Respirasjonssykdommer"},"localizedDescriptions":{"nb":"Navnet på tilstanden eller statusen.","en":"*Navnet på tilstanden eller statusen. (nb)"},"rmType":"DV_CODED_TEXT","nodeId":"at0002","min":1,"max":1,"aqlPath":"/content[openEHR-EHR-SECTION.adhoc.v1 and name/value='Respirasjon']/items[openEHR-EHR-EVALUATION.precaution.v1 and name/value='Respirasjon']/data[at0001]/items[at0002 and name/value='Respirasjonssykdommer']/value","inputs":[{"suffix":"code","type":"CODED_TEXT","list":[{"value":"50043002","label":"Respirasjonssykdommer","ordinal":0,"localizedLabels":{"nb":"Respirasjonssykdommer","en":"*Respirasjonssykdommer (nb)"},"localizedDescriptions":{}}],"listOpen":false}],"formId":"klinisk_kontakt/respirasjon@Respirasjon/respirasjon@Respirasjon/respirasjonssykdommer@Respirasjonssykdommer","viewConfig":{"multiplicity":{"min":1,"max":1},"advanced":{"hidden":true,"readonly":false,"hideFrame":false,"render":false},"label":{"custom":false,"useLocalizations":false},"size":{"field":"inherit","label":"inherit"},"layout":{"label":{"valign":"inherit","align":"inherit"},"field":{"valign":"inherit","align":"inherit"}},"annotations":{},"field":{"code":{"presentation":"combobox","columns":"1"}}}}]},{"name":"Input","localizedName":"Input","localizedNames":{"en":"*Input (en)","nb":"If text hide no disease in resipration"},"localizedDescriptions":{},"rmType":"GENERIC_FIELD","min":0,"max":-1,"inputs":[{"type":"TEXT","list":[],"listOpen":false}],"formId":"generic-field-89348","viewConfig":{"multiplicity":{"min":0,"max":-1},"advanced":{"hidden":true,"readonly":false,"hideFrame":false,"render":false},"label":{"custom":false,"useLocalizations":false},"size":{"field":"inherit","label":"inherit"},"layout":{"label":{"valign":"inherit","align":"top"},"field":{"valign":"inherit","align":"inherit"}},"annotations":{"calc":"$Disease2/value/value"},"field":{"lines":null,"input":{},"type":"DV_TEXT"}}}]},{"name":"Kommentar","localizedName":"Kommentar","localizedNames":{"en":"*Kommentar (nb)","nb":"Kommentar"},"localizedDescriptions":{"nb":"Ytterligere informasjon om forholdsregelen, som ikke kan registreres i andre felter.","en":"*Ytterligere informasjon om forholdsregelen, som ikke kan registreres i andre felter. (nb)"},"rmType":"DV_TEXT","nodeId":"at0008","min":0,"max":1,"aqlPath":"/content[openEHR-EHR-SECTION.adhoc.v1 and name/value='Sirkulasjon']/items[openEHR-EHR-EVALUATION.precaution.v1 and name/value='Sirkulasjon']/data[at0001]/items[at0008]/value","inputs":[{"type":"TEXT","list":[],"listOpen":false}],"formId":"klinisk_kontakt/sirkulasjon@Sirkulasjon/sirkulasjon@Sirkulasjon/kommentar","viewConfig":{"multiplicity":{"min":0,"max":1},"advanced":{"hidden":false,"readonly":false,"hideFrame":false,"render":false},"label":{"custom":false,"useLocalizations":false},"size":{"field":"inherit","label":"inherit"},"layout":{"label":{"valign":"inherit","align":"top"},"field":{"valign":"inherit","align":"inherit"}},"datasource":{"loadRemote":false,"parameters":{}},"annotations":{"description":"Ytterligere informasjon."},"field":{"lines":"3","input":{"lines":3}}}},{"name":"Kommentar","localizedName":"Kommentar","localizedNames":{"en":"*Kommentar (nb)","nb":"Kommentar"},"localizedDescriptions":{"nb":"Ytterligere informasjon om forholdsregelen, som ikke kan registreres i andre felter.","en":"*Ytterligere informasjon om forholdsregelen, som ikke kan registreres i andre felter. (nb)"},"rmType":"DV_TEXT","nodeId":"at0008","min":0,"max":1,"aqlPath":"/content[openEHR-EHR-SECTION.adhoc.v1 and name/value='Respirasjon']/items[openEHR-EHR-EVALUATION.precaution.v1 and name/value='Respirasjon']/data[at0001]/items[at0008]/value","inputs":[{"type":"TEXT","list":[],"listOpen":false}],"formId":"klinisk_kontakt/respirasjon@Respirasjon/respirasjon@Respirasjon/kommentar","viewConfig":{"multiplicity":{"min":0,"max":1},"advanced":{"hidden":false,"readonly":false,"hideFrame":false,"render":false},"label":{"custom":false,"useLocalizations":false},"size":{"field":"inherit","label":"inherit"},"layout":{"label":{"valign":"inherit","align":"top"},"field":{"valign":"inherit","align":"inherit"}},"datasource":{"loadRemote":false,"parameters":{}},"annotations":{"description":"Ytterligere informasjon."},"field":{"lines":"3","input":{"lines":3}}}}]},{"name":"Spacer","localizedName":"","localizedNames":{"nb":""},"localizedDescriptions":{},"rmType":"GENERIC_SPACER","min":0,"max":1,"inputs":[],"formId":"generic-field-16680","viewConfig":{"annotations":{},"field":{"height":25,"input":{"height":25}}}},{"name":"Fieldset","localizedName":"Fieldset","localizedNames":{"en":"Andre sykdommer/sykdommer i andre organer","nb":"Andre sykdommer/sykdommer i andre organer"},"localizedDescriptions":{},"rmType":"GENERIC_FIELDSET","min":1,"max":1,"inputs":[],"formId":"generic-field-85240","viewConfig":{"multiplicity":{"min":1,"max":1},"advanced":{"hidden":false,"readonly":false,"hideFrame":false,"render":false},"label":{"custom":false,"useLocalizations":false},"size":{"field":"inherit","label":"inherit"},"layout":{"label":{"valign":"inherit","align":"inherit"},"field":{"valign":"inherit","align":"inherit"}},"annotations":{"headerSize":"Text"},"field":{"formId":null,"name":null}},"children":[{"name":"Andre sykdommer","localizedName":"Andre sykdommer","localizedNames":{"en":"Andre sykdommer/sykdommer i andre organer ","nb":"Andre sykdommer/sykdommer i andre organer"},"localizedDescriptions":{"nb":"En generisk seksjonsoverskrift som skal gis nytt navn i en templat for å passe i en gitt klinisk kontekst.","en":"*En generisk seksjonsoverskrift som skal gis nytt navn i en templat for å passe i en gitt klinisk kontekst. (nb)"},"rmType":"SECTION","nodeId":"openEHR-EHR-SECTION.adhoc.v1","min":1,"max":1,"aqlPath":"/content[openEHR-EHR-SECTION.adhoc.v1 and name/value='Andre sykdommer']","inputs":[],"formId":"klinisk_kontakt/andre_sykdommer@Andre sykdommer","viewConfig":{"multiplicity":{"min":1,"max":1},"advanced":{"hidden":false,"readonly":false,"hideFrame":false,"render":false},"label":{"custom":false,"useLocalizations":false},"size":{"field":"inherit","label":"-1"},"layout":{"label":{"valign":"inherit","align":"inherit"},"field":{"valign":"inherit","align":"inherit"}},"annotations":{"select":"{#otherdiseases}"},"field":{},"tags":["HideLabel"]},"children":[{"name":"Ingen andre sykdommer","localizedName":"Ingen andre sykdommer","localizedNames":{"en":"*Ingen andre sykdommer (en)","nb":"Ingen andre sykdommer"},"localizedDescriptions":{"nb":"Et utsagn om eksklusjon av en spesifikk problem/diagnose, familiær sykdom, legemiddel, prosedyre, overfølsomhet eller andre kliniske konsepter som ikke er tilstede hos et individ, enten i nåtid eller fortid.","en":"*Et utsagn om eksklusjon av en spesifikk problem/diagnose, familiær sykdom, legemiddel, prosedyre, overfølsomhet eller andre kliniske konsepter som ikke er tilstede hos et individ, enten i nåtid eller fortid. (nb)"},"rmType":"EVALUATION","nodeId":"openEHR-EHR-EVALUATION.exclusion_specific.v1","min":1,"max":1,"aqlPath":"/content[openEHR-EHR-SECTION.adhoc.v1 and name/value='Andre sykdommer']/items[openEHR-EHR-EVALUATION.exclusion_specific.v1 and name/value='Ingen andre sykdommer']","inputs":[],"formId":"klinisk_kontakt/andre_sykdommer@Andre sykdommer/ingen_andre_sykdommer@Ingen andre sykdommer","viewConfig":{"multiplicity":{"min":1,"max":1},"advanced":{"hidden":false,"readonly":false,"hideFrame":false,"render":false},"label":{"custom":false,"useLocalizations":false},"size":{"field":"inherit","label":"-1"},"layout":{"label":{"valign":"inherit","align":"inherit"},"field":{"valign":"inherit","align":"inherit"}},"annotations":{"validateemptycontainer":"False"},"field":{},"tags":["HideLabel"]},"children":[{"name":"Ingen andre kjente sykdommer","localizedName":"Ingen andre kjente sykdommer","localizedNames":{"en":"*Ingen andre kjente sykdommer (en)","nb":"Ingen andre kjente sykdommer"},"localizedDescriptions":{"nb":"Et kvalifiserende utsagn om eksklusjonen av en problem/diagnose, familiær sykdom, legemiddel, prosedyre, overfølsomhet eller andre kliniske konsepter.","en":"*Et kvalifiserende utsagn om eksklusjonen av en problem/diagnose, familiær sykdom, legemiddel, prosedyre, overfølsomhet eller andre kliniske konsepter. (nb)"},"rmType":"DV_TEXT","nodeId":"at0002","min":0,"max":1,"aqlPath":"/content[openEHR-EHR-SECTION.adhoc.v1 and name/value='Andre sykdommer']/items[openEHR-EHR-EVALUATION.exclusion_specific.v1 and name/value='Ingen andre sykdommer']/data[at0001]/items[at0002 and name/value='Ingen andre kjente sykdommer']/value","inputs":[{"type":"TEXT","list":[{"value":"Ingen andre kjente sykdommer","label":"Ingen andre kjente sykdommer","ordinal":0,"localizedLabels":{},"localizedDescriptions":{}}],"listOpen":false}],"formId":"klinisk_kontakt/andre_sykdommer@Andre sykdommer/ingen_andre_sykdommer@Ingen andre sykdommer/ingen_andre_kjente_sykdommer@Ingen andre kjente sykdommer","viewConfig":{"multiplicity":{"min":0,"max":1},"advanced":{"hidden":false,"readonly":false,"hideFrame":false,"render":false},"label":{"custom":false,"useLocalizations":false},"size":{"field":"inherit","label":"-1"},"layout":{"label":{"valign":"inherit","align":"top"},"field":{"valign":"inherit","align":"inherit"}},"datasource":{"loadRemote":false,"parameters":{}},"annotations":{},"field":{"input":{"presentation":"combobox","columns":"1"}},"tags":["HideLabel"]}},{"name":"Problem/diagnose","localizedName":"Problem/diagnose","localizedNames":{"en":"*Problem/diagnose (en)","nb":"Problem/diagnose"},"localizedDescriptions":{"nb":"Navngiving av det spesifikke konseptet som ekskluderes.","en":"*Navngiving av det spesifikke konseptet som ekskluderes. (nb)"},"rmType":"DV_CODED_TEXT","nodeId":"at0003","min":1,"max":1,"aqlPath":"/content[openEHR-EHR-SECTION.adhoc.v1 and name/value='Andre sykdommer']/items[openEHR-EHR-EVALUATION.exclusion_specific.v1 and name/value='Ingen andre sykdommer']/data[at0001]/items[at0003 and name/value='Problem/diagnose']/value","inputs":[{"suffix":"code","type":"CODED_TEXT","list":[{"value":"64572001","label":"Sykdommer generelt","ordinal":0,"localizedLabels":{"nb":"Sykdommer generelt","en":"*Sykdommer generelt (nb)"},"localizedDescriptions":{}}],"listOpen":false}],"formId":"klinisk_kontakt/andre_sykdommer@Andre sykdommer/ingen_andre_sykdommer@Ingen andre sykdommer/ekskludert_konsept@Problem/diagnose","viewConfig":{"multiplicity":{"min":1,"max":1},"advanced":{"hidden":true,"readonly":false,"hideFrame":false,"render":false},"label":{"custom":false,"useLocalizations":false},"size":{"field":"inherit","label":"inherit"},"layout":{"label":{"valign":"inherit","align":"top"},"field":{"valign":"inherit","align":"inherit"}},"annotations":{},"field":{"code":{"presentation":"combobox","columns":"1"}}}}]},{"name":"Fieldset","localizedName":"Fieldset","localizedNames":{"en":"*Fieldset (en)","nb":"spacer 3"},"localizedDescriptions":{},"rmType":"GENERIC_FIELDSET","min":0,"max":1,"inputs":[],"formId":"generic-field-07527","viewConfig":{"multiplicity":{"min":0,"max":1},"advanced":{"hidden":false,"readonly":false,"hideFrame":false,"render":false},"label":{"custom":false,"useLocalizations":false},"size":{"field":"inherit","label":"-1"},"layout":{"label":{"valign":"inherit","align":"inherit"},"field":{"valign":"inherit","align":"inherit"}},"annotations":{},"field":{"formId":null,"name":null},"tags":["HideLabel"]},"children":[{"name":"Spacer","localizedName":"","localizedNames":{"nb":""},"localizedDescriptions":{},"rmType":"GENERIC_SPACER","min":0,"max":1,"inputs":[],"formId":"generic-field-02203","viewConfig":{"annotations":{},"field":{"height":25,"input":{"height":25}}}}]},{"name":"Andre sykdommer","localizedName":"Andre sykdommer","localizedNames":{"en":"*Andre sykdommer (en)","nb":"Andre sykdommer"},"localizedDescriptions":{"nb":"En klinisk tilstand eller status som er unik eller særegen for et individ, og som regnes som viktig informasjon i forbindelse med beslutninger om behandling.","en":"*En klinisk tilstand eller status som er unik eller særegen for et individ, og som regnes som viktig informasjon i forbindelse med beslutninger om behandling. (nb)"},"rmType":"EVALUATION","nodeId":"openEHR-EHR-EVALUATION.precaution.v1","min":1,"max":1,"aqlPath":"/content[openEHR-EHR-SECTION.adhoc.v1 and name/value='Andre sykdommer']/items[openEHR-EHR-EVALUATION.precaution.v1 and name/value='Andre sykdommer']","inputs":[],"formId":"klinisk_kontakt/andre_sykdommer@Andre sykdommer/andre_sykdommer@Andre sykdommer","viewConfig":{"multiplicity":{"min":1,"max":1},"advanced":{"hidden":false,"readonly":false,"hideFrame":false,"render":false},"label":{"custom":false,"useLocalizations":false},"size":{"field":"inherit","label":"-1"},"layout":{"label":{"valign":"inherit","align":"top"},"field":{"valign":"inherit","align":"inherit"}},"annotations":{"validateemptycontainer":"False"},"field":{},"tags":["HideLabel"]},"children":[{"name":"Underlag","localizedName":"Underlag","localizedNames":{"en":"*Underlag (nb)","nb":"Underlag"},"localizedDescriptions":{"nb":"Beskrivelse av underlaget som understøtter forholdsregelen.","en":"*Beskrivelse av underlaget som understøtter forholdsregelen. (nb)"},"rmType":"DV_CODED_TEXT","nodeId":"at0003","min":0,"max":-1,"aqlPath":"/content[openEHR-EHR-SECTION.adhoc.v1 and name/value='Andre sykdommer']/items[openEHR-EHR-EVALUATION.precaution.v1 and name/value='Andre sykdommer']/data[at0001]/items[at0003]/value","inputs":[{"suffix":"code","type":"TEXT","terminology":"ARK-ANE-ANDRE_TILSTANDER?subset=ARK-ANE-ANDRE_TILSTANDER&language=en-GB","listOpen":false},{"suffix":"value","type":"TEXT","terminology":"ARK-ANE-ANDRE_TILSTANDER?subset=ARK-ANE-ANDRE_TILSTANDER&language=en-GB","listOpen":false}],"formId":"klinisk_kontakt/andre_sykdommer@Andre sykdommer/andre_sykdommer@Andre sykdommer/underlag","viewConfig":{"multiplicity":{"min":0,"max":-1},"advanced":{"hidden":false,"readonly":false,"hideFrame":false,"render":false},"label":{"custom":false,"useLocalizations":false},"size":{"field":"inherit","label":"-1"},"layout":{"label":{"valign":"inherit","align":"inherit"},"field":{"valign":"inherit","align":"inherit"}},"datasource":{"loadRemote":true,"loadRemoteUrl":"ARK-ANE-ANDRE_TILSTANDER?subset=ARK-ANE-ANDRE_TILSTANDER&language=en-GB"},"annotations":{"codeditem.displayformat":"name","calcId":"Disease3"},"field":{},"tags":["ShowAsSelectionList","HideLabel"]}},{"name":"Kommentar","localizedName":"Kommentar","localizedNames":{"en":"*Kommentar (nb)","nb":"Kommentar"},"localizedDescriptions":{"nb":"Ytterligere informasjon om forholdsregelen, som ikke kan registreres i andre felter.","en":"*Ytterligere informasjon om forholdsregelen, som ikke kan registreres i andre felter. (nb)"},"rmType":"DV_TEXT","nodeId":"at0008","min":0,"max":1,"aqlPath":"/content[openEHR-EHR-SECTION.adhoc.v1 and name/value='Andre sykdommer']/items[openEHR-EHR-EVALUATION.precaution.v1 and name/value='Andre sykdommer']/data[at0001]/items[at0008]/value","inputs":[{"type":"TEXT","list":[],"listOpen":false}],"formId":"klinisk_kontakt/andre_sykdommer@Andre sykdommer/andre_sykdommer@Andre sykdommer/kommentar","viewConfig":{"multiplicity":{"min":0,"max":1},"advanced":{"hidden":false,"readonly":false,"hideFrame":false,"render":false},"label":{"custom":false,"useLocalizations":false},"size":{"field":"inherit","label":"inherit"},"layout":{"label":{"valign":"inherit","align":"inherit"},"field":{"valign":"inherit","align":"inherit"}},"datasource":{"loadRemote":false,"parameters":{}},"annotations":{"description":"Ytterligere informasjon."},"field":{"lines":"3","input":{"lines":3}}}},{"name":"Andre sykdommer","localizedName":"Andre sykdommer","localizedNames":{"en":"*Andre sykdommer (en)","nb":"Andre sykdommer"},"localizedDescriptions":{"nb":"Navnet på tilstanden eller statusen.","en":"*Navnet på tilstanden eller statusen. (nb)"},"rmType":"DV_CODED_TEXT","nodeId":"at0002","min":1,"max":1,"aqlPath":"/content[openEHR-EHR-SECTION.adhoc.v1 and name/value='Andre sykdommer']/items[openEHR-EHR-EVALUATION.precaution.v1 and name/value='Andre sykdommer']/data[at0001]/items[at0002 and name/value='Andre sykdommer']/value","inputs":[{"suffix":"code","type":"CODED_TEXT","list":[{"value":"64572001","label":"Sykdommer generelt","ordinal":0,"localizedLabels":{"nb":"Sykdommer generelt","en":"*Sykdommer generelt (nb)"},"localizedDescriptions":{}}],"listOpen":false}],"formId":"klinisk_kontakt/andre_sykdommer@Andre sykdommer/andre_sykdommer@Andre sykdommer/andre_sykdommer@Andre sykdommer","viewConfig":{"multiplicity":{"min":1,"max":1},"advanced":{"hidden":true,"readonly":false,"hideFrame":false,"render":false},"label":{"custom":false,"useLocalizations":false},"size":{"field":"inherit","label":"inherit"},"layout":{"label":{"valign":"inherit","align":"inherit"},"field":{"valign":"inherit","align":"inherit"}},"annotations":{},"field":{"code":{"presentation":"combobox","columns":"1"}}}}]}]},{"name":"Input","localizedName":"Input","localizedNames":{"en":"*Input (en)","nb":"If text hide no disease in other diseases"},"localizedDescriptions":{},"rmType":"GENERIC_FIELD","min":0,"max":-1,"inputs":[{"type":"TEXT","list":[],"listOpen":false}],"formId":"generic-field-01494","viewConfig":{"multiplicity":{"min":0,"max":-1},"advanced":{"hidden":true,"readonly":false,"hideFrame":false,"render":false},"label":{"custom":false,"useLocalizations":false},"size":{"field":"inherit","label":"inherit"},"layout":{"label":{"valign":"inherit","align":"inherit"},"field":{"valign":"inherit","align":"inherit"}},"annotations":{"calcOnce":"$Disease3/value/value"},"field":{"lines":null,"input":{},"type":"DV_TEXT"}}}]}]},{"name":"Undersøkelsessfunn lunge","localizedName":"Undersøkelsessfunn lunge","localizedNames":{"en":"*Undersøkelsessfunn lunge (en)","nb":"Undersøkelsessfunn lunge"},"localizedDescriptions":{"nb":"Funn ved fysisk undersøkelse av et organsystem eller anatomisk struktur.","en":"*Funn ved fysisk undersøkelse av et organsystem eller anatomisk struktur. (nb)"},"rmType":"CLUSTER","nodeId":"openEHR-EHR-CLUSTER.exam.v1","min":1,"max":1,"aqlPath":"/content[openEHR-EHR-OBSERVATION.exam.v1]/data[at0001]/events[at0002]/data[at0003]/items[openEHR-EHR-CLUSTER.exam.v1 and name/value='Undersøkelsessfunn lunge']","inputs":[],"formId":"klinisk_kontakt/funn_ved_fysisk_undersøkelse/uspesifisert_hendelse/undersøkelsessfunn_lunge@Undersøkelsessfunn lunge","viewConfig":{"multiplicity":{"min":1,"max":1},"advanced":{"hidden":false,"readonly":false,"hideFrame":false,"render":false},"label":{"custom":false,"useLocalizations":false},"size":{"field":"inherit","label":"inherit"},"layout":{"label":{"valign":"inherit","align":"inherit"},"field":{"valign":"inherit","align":"inherit"}},"annotations":{},"field":{}},"children":[{"name":"Undersøkt system eller struktur","localizedName":"Undersøkt system eller struktur","localizedNames":{"en":"*Undersøkt system eller struktur (nb)","nb":"Undersøkt system eller struktur"},"localizedDescriptions":{"nb":"Navngiving av det undersøkte systemet eller strukturen.","en":"*Navngiving av det undersøkte systemet eller strukturen. (nb)"},"rmType":"DV_CODED_TEXT","nodeId":"at0001","min":0,"max":1,"aqlPath":"/content[openEHR-EHR-OBSERVATION.exam.v1]/data[at0001]/events[at0002]/data[at0003]/items[openEHR-EHR-CLUSTER.exam.v1 and name/value='Undersøkelsessfunn lunge']/items[at0001]/value","inputs":[{"suffix":"code","type":"CODED_TEXT","list":[{"value":"74101002","label":"Lunge","ordinal":0,"localizedLabels":{"nb":"Lunge","en":"*Lunge (nb)"},"localizedDescriptions":{}}],"defaultValue":"74101002","listOpen":false}],"formId":"klinisk_kontakt/funn_ved_fysisk_undersøkelse/uspesifisert_hendelse/undersøkelsessfunn_lunge@Undersøkelsessfunn lunge/undersøkt_system_eller_struktur","viewConfig":{"multiplicity":{"min":0,"max":1},"advanced":{"hidden":true,"readonly":false,"hideFrame":false,"render":false},"label":{"custom":false,"useLocalizations":false},"size":{"field":"inherit","label":"inherit"},"layout":{"label":{"valign":"inherit","align":"inherit"},"field":{"valign":"inherit","align":"inherit"}},"annotations":{"IncludeIfContainerHasValue":"cluster"},"field":{"code":{"presentation":"combobox","columns":"1"}}}},{"name":"Uten anmerkning","localizedName":"Uten anmerkning","localizedNames":{"en":"*Uten anmerkning (nb)","nb":"Uten anmerkning"},"localizedDescriptions":{"nb":"Utsagn om at ingen avvik var oppdaget ved undersøkelsen (U.a.).","en":"*Utsagn om at ingen avvik var oppdaget ved undersøkelsen (U.a.). (nb)"},"rmType":"DV_BOOLEAN","nodeId":"at0002","min":0,"max":1,"aqlPath":"/content[openEHR-EHR-OBSERVATION.exam.v1]/data[at0001]/events[at0002]/data[at0003]/items[openEHR-EHR-CLUSTER.exam.v1 and name/value='Undersøkelsessfunn lunge']/items[at0002]/value","inputs":[{"type":"BOOLEAN","list":[{"value":"true","label":"true","ordinal":0,"localizedLabels":{},"localizedDescriptions":{}}],"defaultValue":"False","listOpen":false}],"formId":"klinisk_kontakt/funn_ved_fysisk_undersøkelse/uspesifisert_hendelse/undersøkelsessfunn_lunge@Undersøkelsessfunn lunge/uten_anmerkning","viewConfig":{"multiplicity":{"min":0,"max":1},"advanced":{"hidden":false,"readonly":false,"hideFrame":false,"render":false},"label":{"custom":false,"useLocalizations":false},"size":{"field":"inherit","label":"inherit"},"layout":{"label":{"valign":"inherit","align":"inherit"},"field":{"valign":"inherit","align":"inherit"}},"annotations":{},"field":{"input":{"threeState":false}}}},{"name":"Klinisk beskrivelse","localizedName":"Klinisk beskrivelse","localizedNames":{"en":"*Klinisk beskrivelse (nb)","nb":"Klinisk beskrivelse"},"localizedDescriptions":{"nb":"Fritekstbeskrivelse av de overordnede funnene ved den fysiske undersøkelsen.","en":"*Fritekstbeskrivelse av de overordnede funnene ved den fysiske undersøkelsen. (nb)"},"rmType":"DV_TEXT","nodeId":"at0003","min":0,"max":1,"aqlPath":"/content[openEHR-EHR-OBSERVATION.exam.v1]/data[at0001]/events[at0002]/data[at0003]/items[openEHR-EHR-CLUSTER.exam.v1 and name/value='Undersøkelsessfunn lunge']/items[at0003]/value","inputs":[{"type":"TEXT","list":[],"listOpen":false}],"formId":"klinisk_kontakt/funn_ved_fysisk_undersøkelse/uspesifisert_hendelse/undersøkelsessfunn_lunge@Undersøkelsessfunn lunge/klinisk_beskrivelse","viewConfig":{"multiplicity":{"min":0,"max":1},"advanced":{"hidden":false,"readonly":false,"hideFrame":false,"render":false},"label":{"custom":false,"useLocalizations":false},"size":{"field":"inherit","label":"inherit"},"layout":{"label":{"valign":"inherit","align":"inherit"},"field":{"valign":"inherit","align":"inherit"}},"datasource":{"loadRemote":false,"parameters":{}},"annotations":{},"field":{"lines":null,"input":{}}}}]},{"name":"Undersøkelsesfunn hjerte","localizedName":"Undersøkelsesfunn hjerte","localizedNames":{"en":"*Undersøkelsesfunn hjerte (en)","nb":"Undersøkelsesfunn hjerte"},"localizedDescriptions":{"nb":"Funn ved fysisk undersøkelse av et organsystem eller anatomisk struktur.","en":"*Funn ved fysisk undersøkelse av et organsystem eller anatomisk struktur. (nb)"},"rmType":"CLUSTER","nodeId":"openEHR-EHR-CLUSTER.exam.v1","min":1,"max":1,"aqlPath":"/content[openEHR-EHR-OBSERVATION.exam.v1]/data[at0001]/events[at0002]/data[at0003]/items[openEHR-EHR-CLUSTER.exam.v1 and name/value='Undersøkelsesfunn hjerte']","inputs":[],"formId":"klinisk_kontakt/funn_ved_fysisk_undersøkelse/uspesifisert_hendelse/undersøkelsesfunn_hjerte@Undersøkelsesfunn hjerte","viewConfig":{"multiplicity":{"min":1,"max":1},"advanced":{"hidden":false,"readonly":false,"hideFrame":false,"render":false},"label":{"custom":false,"useLocalizations":false},"size":{"field":"inherit","label":"inherit"},"layout":{"label":{"valign":"inherit","align":"inherit"},"field":{"valign":"inherit","align":"inherit"}},"annotations":{},"field":{}},"children":[{"name":"Undersøkt system eller struktur","localizedName":"Undersøkt system eller struktur","localizedNames":{"en":"*Undersøkt system eller struktur (nb)","nb":"Undersøkt system eller struktur"},"localizedDescriptions":{"nb":"Navngiving av det undersøkte systemet eller strukturen.","en":"*Navngiving av det undersøkte systemet eller strukturen. (nb)"},"rmType":"DV_CODED_TEXT","nodeId":"at0001","min":0,"max":1,"aqlPath":"/content[openEHR-EHR-OBSERVATION.exam.v1]/data[at0001]/events[at0002]/data[at0003]/items[openEHR-EHR-CLUSTER.exam.v1 and name/value='Undersøkelsesfunn hjerte']/items[at0001]/value","inputs":[{"suffix":"code","type":"CODED_TEXT","list":[{"value":"80891009","label":"Hjerte","ordinal":0,"localizedLabels":{"nb":"Hjerte","en":"*Hjerte (nb)"},"localizedDescriptions":{}}],"defaultValue":"80891009","listOpen":false}],"formId":"klinisk_kontakt/funn_ved_fysisk_undersøkelse/uspesifisert_hendelse/undersøkelsesfunn_hjerte@Undersøkelsesfunn hjerte/undersøkt_system_eller_struktur","viewConfig":{"multiplicity":{"min":0,"max":1},"advanced":{"hidden":true,"readonly":false,"hideFrame":false,"render":false},"label":{"custom":false,"useLocalizations":false},"size":{"field":"inherit","label":"inherit"},"layout":{"label":{"valign":"inherit","align":"inherit"},"field":{"valign":"inherit","align":"inherit"}},"annotations":{"IncludeIfContainerHasValue":"cluster"},"field":{"code":{"presentation":"combobox","columns":"1"}}}},{"name":"Uten anmerkning","localizedName":"Uten anmerkning","localizedNames":{"en":"*Uten anmerkning (nb)","nb":"Uten anmerkning"},"localizedDescriptions":{"nb":"Utsagn om at ingen avvik var oppdaget ved undersøkelsen (U.a.).","en":"*Utsagn om at ingen avvik var oppdaget ved undersøkelsen (U.a.). (nb)"},"rmType":"DV_BOOLEAN","nodeId":"at0002","min":0,"max":1,"aqlPath":"/content[openEHR-EHR-OBSERVATION.exam.v1]/data[at0001]/events[at0002]/data[at0003]/items[openEHR-EHR-CLUSTER.exam.v1 and name/value='Undersøkelsesfunn hjerte']/items[at0002]/value","inputs":[{"type":"BOOLEAN","list":[{"value":"true","label":"true","ordinal":0,"localizedLabels":{},"localizedDescriptions":{}}],"defaultValue":"False","listOpen":false}],"formId":"klinisk_kontakt/funn_ved_fysisk_undersøkelse/uspesifisert_hendelse/undersøkelsesfunn_hjerte@Undersøkelsesfunn hjerte/uten_anmerkning","viewConfig":{"multiplicity":{"min":0,"max":1},"advanced":{"hidden":false,"readonly":false,"hideFrame":false,"render":false},"label":{"custom":false,"useLocalizations":false},"size":{"field":"inherit","label":"inherit"},"layout":{"label":{"valign":"inherit","align":"inherit"},"field":{"valign":"inherit","align":"inherit"}},"annotations":{},"field":{"input":{"threeState":false}}}},{"name":"Klinisk beskrivelse","localizedName":"Klinisk beskrivelse","localizedNames":{"en":"*Klinisk beskrivelse (nb)","nb":"Klinisk beskrivelse"},"localizedDescriptions":{"nb":"Fritekstbeskrivelse av de overordnede funnene ved den fysiske undersøkelsen.","en":"*Fritekstbeskrivelse av de overordnede funnene ved den fysiske undersøkelsen. (nb)"},"rmType":"DV_TEXT","nodeId":"at0003","min":0,"max":1,"aqlPath":"/content[openEHR-EHR-OBSERVATION.exam.v1]/data[at0001]/events[at0002]/data[at0003]/items[openEHR-EHR-CLUSTER.exam.v1 and name/value='Undersøkelsesfunn hjerte']/items[at0003]/value","inputs":[{"type":"TEXT","list":[],"listOpen":false}],"formId":"klinisk_kontakt/funn_ved_fysisk_undersøkelse/uspesifisert_hendelse/undersøkelsesfunn_hjerte@Undersøkelsesfunn hjerte/klinisk_beskrivelse","viewConfig":{"multiplicity":{"min":0,"max":1},"advanced":{"hidden":false,"readonly":false,"hideFrame":false,"render":false},"label":{"custom":false,"useLocalizations":false},"size":{"field":"inherit","label":"inherit"},"layout":{"label":{"valign":"inherit","align":"inherit"},"field":{"valign":"inherit","align":"inherit"}},"datasource":{"loadRemote":false,"parameters":{}},"annotations":{},"field":{"lines":null,"input":{}}}}]},{"name":"Legemidler i bruk classic dips","localizedName":"Legemidler i bruk classic dips","localizedNames":{"en":"*Legemidler i bruk classic dips (nb)","nb":"Legemidler i bruk classic dips \r\n(OBS! Om data ikke jevnlig oppdateres i Legemidler i bruk i classic kan dette være eldre data!)"},"localizedDescriptions":{"nb":"Midlertidig arketype for uthenting av Legemidler i Bruk (LiB). Arketypen baserer seg på legemiddeldata registrert i Classic. Arketypen er tenkt brukt i skjema som epikrise, PLO-skjema etc.","en":"*Midlertidig arketype for uthenting av Legemidler i Bruk (LiB). Arketypen baserer seg på legemiddeldata registrert i Classic. Arketypen er tenkt brukt i skjema som epikrise, PLO-skjema etc. (nb)"},"rmType":"OBSERVATION","nodeId":"openEHR-EHR-OBSERVATION.legemidler_i_bruk_classic_dips.v2","min":0,"max":100,"aqlPath":"/content[openEHR-EHR-OBSERVATION.legemidler_i_bruk_classic_dips.v2]","inputs":[],"formId":"klinisk_kontakt/legemidler_i_bruk_classic_dips","viewConfig":{"multiplicity":{"min":0,"max":100},"advanced":{"hidden":false,"readonly":true,"hideFrame":false,"render":false},"label":{"custom":false,"useLocalizations":false},"size":{"field":"inherit","label":"inherit"},"layout":{"label":{"valign":"inherit","align":"inherit"},"field":{"valign":"inherit","align":"inherit"}},"annotations":{"vas.data":"DIPS.MedCenter.Medication","alertType":"tip"},"field":{},"tags":["ShowAsTable"]},"children":[{"name":"Origin","localizedName":"Origin","localizedNames":{"en":"*Event Series (nb)","nb":"Event Series"},"localizedDescriptions":{"nb":"@ internal @","en":"*@ internal @ (nb)"},"rmType":"DV_DATE_TIME","min":0,"max":1,"aqlPath":"/content[openEHR-EHR-OBSERVATION.legemidler_i_bruk_classic_dips.v2]/data[at0001]/origin","inputs":[{"type":"DATETIME","listOpen":false}],"formId":"klinisk_kontakt/legemidler_i_bruk_classic_dips/event_series/origin","viewConfig":{"multiplicity":{"min":0,"max":1},"advanced":{"hidden":false,"readonly":false,"hideFrame":false,"render":false},"label":{"custom":false,"useLocalizations":false},"size":{"field":"inherit","label":"inherit"},"layout":{"label":{"valign":"inherit","align":"inherit"},"field":{"valign":"inherit","align":"inherit"}},"annotations":{},"field":{"input":{"hideTime":false,"dateFormat":"","hideDate":false}}}},{"name":"Navn/form/styrke","localizedName":"Navn/form/styrke","localizedNames":{"en":"*Navn/form/styrke (nb)","nb":"Navn/form/styrke"},"localizedDescriptions":{"nb":"Navn/form/styrke fra FEST","en":"*Navn/form/styrke fra FEST (nb)"},"rmType":"DV_TEXT","nodeId":"at0025","min":0,"max":1,"aqlPath":"/content[openEHR-EHR-OBSERVATION.legemidler_i_bruk_classic_dips.v2]/data[at0001]/events[at0002]/data[at0003]/items[at0025]/value","inputs":[{"type":"TEXT","list":[],"listOpen":false}],"formId":"klinisk_kontakt/legemidler_i_bruk_classic_dips/any_event/navn_form_styrke","viewConfig":{"multiplicity":{"min":0,"max":1},"advanced":{"hidden":false,"readonly":true,"hideFrame":false,"render":false},"label":{"custom":false,"useLocalizations":false},"size":{"field":"inherit","label":"inherit"},"layout":{"label":{"valign":"inherit","align":"inherit"},"field":{"valign":"inherit","align":"inherit"}},"datasource":{"loadRemote":false,"parameters":{}},"annotations":{},"field":{"lines":null,"input":{}}}},{"name":"Virkestoff","localizedName":"Virkestoff","localizedNames":{"en":"*Virkestoff (nb)","nb":"Virkestoff"},"localizedDescriptions":{"nb":"Legemidlets virkestoffnavn","en":"*Legemidlets virkestoffnavn (nb)"},"rmType":"DV_TEXT","nodeId":"at0005","min":0,"max":1,"aqlPath":"/content[openEHR-EHR-OBSERVATION.legemidler_i_bruk_classic_dips.v2]/data[at0001]/events[at0002]/data[at0003]/items[at0005]/value","inputs":[{"type":"TEXT","list":[],"listOpen":false}],"formId":"klinisk_kontakt/legemidler_i_bruk_classic_dips/any_event/virkestoff","viewConfig":{"multiplicity":{"min":0,"max":1},"advanced":{"hidden":false,"readonly":true,"hideFrame":false,"render":false},"label":{"custom":false,"useLocalizations":false},"size":{"field":"inherit","label":"inherit"},"layout":{"label":{"valign":"inherit","align":"inherit"},"field":{"valign":"inherit","align":"inherit"}},"datasource":{"loadRemote":false,"parameters":{}},"annotations":{},"field":{"lines":null,"input":{}}}},{"name":"Bruk","localizedName":"Bruk","localizedNames":{"en":"*Bruk (nb)","nb":"Bruk"},"localizedDescriptions":{"nb":"Gruppering legemidlene mtp bruk - fast, kur, behov","en":"*Gruppering legemidlene mtp bruk - fast, kur, behov (nb)"},"rmType":"DV_TEXT","nodeId":"at0012","min":0,"max":1,"aqlPath":"/content[openEHR-EHR-OBSERVATION.legemidler_i_bruk_classic_dips.v2]/data[at0001]/events[at0002]/data[at0003]/items[at0012]/value","inputs":[{"type":"TEXT","list":[],"listOpen":false}],"formId":"klinisk_kontakt/legemidler_i_bruk_classic_dips/any_event/bruk","viewConfig":{"multiplicity":{"min":0,"max":1},"advanced":{"hidden":false,"readonly":true,"hideFrame":false,"render":false},"label":{"custom":false,"useLocalizations":false},"size":{"field":"inherit","label":"inherit"},"layout":{"label":{"valign":"inherit","align":"inherit"},"field":{"valign":"inherit","align":"inherit"}},"datasource":{"loadRemote":false,"parameters":{}},"annotations":{},"field":{"lines":null,"input":{}}}},{"name":"Time","localizedName":"Time","localizedNames":{"en":"*Any event (nb)","nb":"Tidspunkt"},"localizedDescriptions":{"nb":"*","en":"** (nb)"},"rmType":"DV_DATE_TIME","min":0,"max":1,"aqlPath":"/content[openEHR-EHR-OBSERVATION.legemidler_i_bruk_classic_dips.v2]/data[at0001]/events[at0002]/time","inputs":[{"type":"DATETIME","listOpen":false}],"formId":"klinisk_kontakt/legemidler_i_bruk_classic_dips/any_event/time","viewConfig":{"multiplicity":{"min":0,"max":1},"advanced":{"hidden":false,"readonly":true,"hideFrame":false,"render":false},"label":{"custom":false,"useLocalizations":false},"size":{"field":"inherit","label":"inherit"},"layout":{"label":{"valign":"inherit","align":"inherit"},"field":{"valign":"inherit","align":"inherit"}},"annotations":{},"field":{"input":{"hideTime":false,"dateFormat":"","hideDate":false}}}}]},{"name":"Faste medisiner","localizedName":"Faste medisiner","localizedNames":{"en":"*Faste medisiner (en)","nb":"Faste medisiner"},"localizedDescriptions":{"nb":"En klinisk tilstand eller status som er unik eller særegen for et individ, og som regnes som viktig informasjon i forbindelse med beslutninger om behandling.","en":"*En klinisk tilstand eller status som er unik eller særegen for et individ, og som regnes som viktig informasjon i forbindelse med beslutninger om behandling. (nb)"},"rmType":"EVALUATION","nodeId":"openEHR-EHR-EVALUATION.precaution.v1","min":1,"max":1,"aqlPath":"/content[openEHR-EHR-SECTION.adhoc.v1 and name/value='Faste medisiner']/items[openEHR-EHR-EVALUATION.precaution.v1 and name/value='Faste medisiner']","inputs":[],"formId":"klinisk_kontakt/faste_medisiner@Faste medisiner/faste_medisiner@Faste medisiner","viewConfig":{"multiplicity":{"min":1,"max":1},"advanced":{"hidden":false,"readonly":false,"hideFrame":false,"render":false},"label":{"custom":false,"useLocalizations":false},"size":{"field":"inherit","label":"inherit"},"layout":{"label":{"valign":"inherit","align":"inherit"},"field":{"valign":"inherit","align":"inherit"}},"annotations":{"headerSize":"Text","description":null,"select":"{#medication}"},"field":{}},"children":[{"name":"Bruker faste medisiner","localizedName":"Bruker faste medisiner","localizedNames":{"en":"*Bruker faste medisiner (en)","nb":"Bruker faste medisiner"},"localizedDescriptions":{"nb":"Navnet på tilstanden eller statusen.","en":"*Navnet på tilstanden eller statusen. (nb)"},"rmType":"DV_TEXT","nodeId":"at0002","min":1,"max":1,"aqlPath":"/content[openEHR-EHR-SECTION.adhoc.v1 and name/value='Faste medisiner']/items[openEHR-EHR-EVALUATION.precaution.v1 and name/value='Faste medisiner']/data[at0001]/items[at0002 and name/value='Bruker faste medisiner']/value","inputs":[{"type":"TEXT","list":[{"value":"Ja","label":"Ja","ordinal":0,"localizedLabels":{},"localizedDescriptions":{}},{"value":"Nei","label":"Nei","ordinal":0,"localizedLabels":{},"localizedDescriptions":{}}],"listOpen":false}],"formId":"klinisk_kontakt/faste_medisiner@Faste medisiner/faste_medisiner@Faste medisiner/bruker_faste_medisiner@Bruker faste medisiner","viewConfig":{"multiplicity":{"min":1,"max":1},"advanced":{"hidden":false,"readonly":false,"hideFrame":false,"render":false},"label":{"custom":false,"useLocalizations":false},"size":{"field":"inherit","label":"inherit"},"layout":{"label":{"valign":"inherit","align":"inherit"},"field":{"valign":"inherit","align":"inherit"}},"datasource":{"loadRemote":false,"parameters":{}},"annotations":{"calcId":"bfm","description":"Angir om pasienten bruker faste medisiner eller ikke."},"field":{"input":{"presentation":"combobox","columns":"2"}},"tags":["ShowAsRadios"]}},{"name":"Fieldset","localizedName":"Fieldset","localizedNames":{"en":"*Fieldset (en)","nb":"Fieldset"},"localizedDescriptions":{},"rmType":"GENERIC_FIELDSET","min":0,"max":1,"inputs":[],"formId":"generic-field-31770","viewConfig":{"multiplicity":{"min":0,"max":1},"advanced":{"hidden":true,"readonly":false,"hideFrame":false,"render":false},"label":{"custom":false,"useLocalizations":false},"size":{"field":"inherit","label":"-1"},"layout":{"label":{"valign":"inherit","align":"inherit"},"field":{"valign":"inherit","align":"inherit"}},"annotations":{},"field":{"formId":null,"name":null},"tags":["HideLabel"]},"children":[{"name":"Faste medisiner","localizedName":"Faste medisiner","localizedNames":{"en":"*Faste medisiner (en)","nb":"Faste medisiner"},"localizedDescriptions":{"nb":"Beskrivelse av underlaget som understøtter forholdsregelen.","en":"*Beskrivelse av underlaget som understøtter forholdsregelen. (nb)"},"rmType":"DV_TEXT","nodeId":"at0003","min":0,"max":1,"aqlPath":"/content[openEHR-EHR-SECTION.adhoc.v1 and name/value='Faste medisiner']/items[openEHR-EHR-EVALUATION.precaution.v1 and name/value='Faste medisiner']/data[at0001]/items[at0003 and name/value='Faste medisiner']/value","inputs":[{"type":"TEXT","list":[],"listOpen":false}],"formId":"klinisk_kontakt/faste_medisiner@Faste medisiner/faste_medisiner@Faste medisiner/faste_medisiner@Faste medisiner","viewConfig":{"multiplicity":{"min":0,"max":1},"advanced":{"hidden":false,"readonly":false,"hideFrame":false,"render":false},"label":{"custom":false,"useLocalizations":false},"size":{"field":"inherit","label":"inherit"},"layout":{"label":{"valign":"inherit","align":"inherit"},"field":{"valign":"inherit","align":"inherit"}},"datasource":{"loadRemote":false,"parameters":{}},"annotations":{"calcId":"fm","description":"Beskrivelse av hvilke faste medisiner pasienten bruker. "},"field":{"lines":null,"input":{}}}}]},{"name":"Kommentar","localizedName":"Kommentar","localizedNames":{"en":"*Kommentar (nb)","nb":"Kommentar"},"localizedDescriptions":{"nb":"Ytterligere informasjon om forholdsregelen, som ikke kan registreres i andre felter.","en":"*Ytterligere informasjon om forholdsregelen, som ikke kan registreres i andre felter. (nb)"},"rmType":"DV_TEXT","nodeId":"at0008","min":0,"max":1,"aqlPath":"/content[openEHR-EHR-SECTION.adhoc.v1 and name/value='Faste medisiner']/items[openEHR-EHR-EVALUATION.precaution.v1 and name/value='Faste medisiner']/data[at0001]/items[at0008]/value","inputs":[{"type":"TEXT","list":[],"listOpen":false}],"formId":"klinisk_kontakt/faste_medisiner@Faste medisiner/faste_medisiner@Faste medisiner/kommentar","viewConfig":{"multiplicity":{"min":0,"max":1},"advanced":{"hidden":false,"readonly":false,"hideFrame":false,"render":false},"label":{"custom":false,"useLocalizations":false},"size":{"field":"inherit","label":"inherit"},"layout":{"label":{"valign":"inherit","align":"inherit"},"field":{"valign":"inherit","align":"inherit"}},"datasource":{"loadRemote":false,"parameters":{}},"annotations":{},"field":{"lines":null,"input":{}}}}]}]}