[{"col":1,"row":1,"width":7,"height":46,"children":[{"id":"generic-field-81734","rows":[{"cols":[{"width":"25%","children":[{"id":"hv_ernaeringrisikovurdering/kroppsvekt/aktuell_vekt/kroppsvekt"}]},{"width":"25%","children":[{"id":"hv_ernaeringrisikovurdering/kroppsvekt/vekt_for_en_måned_siden/kroppsvekt"}]},{"width":"25%","children":[{"id":"hv_ernaeringrisikovurdering/kroppsvekt/vekt_for_to_måneder_siden/kroppsvekt/value"}]},{"width":"25%","children":[{"id":"hv_ernaeringrisikovurdering/kroppsvekt/vekt_for_tre_måneder_siden/kroppsvekt"}]}]},{"cols":[{"width":"25%","children":[{"id":"hv_ernaeringrisikovurdering/høyde_lengde/uspesifisert_hendelse/høyde_lengde"}]},{"width":"25%","children":[]},{"width":"25%","children":[]},{"width":"25%","children":[]}]},{"cols":[{"width":"50%","children":[{"id":"hv_ernaeringrisikovurdering/prosentvis_endring_av_vekt_og_matinntak/matinntak_endring/matinntak_siste_uken"}]},{"width":"50%","children":[]}]},{"cols":[{"width":"50%","children":[{"id":"hv_ernaeringrisikovurdering/hv_ernaeringsscreening_allmenntilstand/allmenntilstand"}]},{"width":"50%","children":[]}]},{"cols":[{"width":"50%","children":[{"id":"hv_ernaeringrisikovurdering/screening_for_ernæringsmessig_risiko/uspesifisert_hendelse/hovedscreening/sykdommens_alvorlighetsgrad"}]},{"width":"50%","children":[]}]},{"cols":[{"width":"50%","children":[{"id":"hv_ernaeringrisikovurdering/hv_ernaeringsscreening_behandling/planlagt_behandling_som_vil_medføre_vekttap"}]},{"width":"50%","children":[{"id":"hv_ernaeringrisikovurdering/screening_for_ernæringsmessig_risiko/uspesifisert_hendelse/hovedscreening/total_score"}]}]}]},{"id":"generic-field-87336","rows":[{"cols":[{"width":"100%","children":[]}]}]},{"id":"generic-field-38322","rows":[{"cols":[{"width":"100%","children":[]}]}]},{"id":"generic-field-90005","rows":[{"cols":[{"width":"50%","children":[{"id":"hv_ernaeringrisikovurdering/er_kalk_dips/total_score_aldersjustert"},{"id":"hv_ernaeringrisikovurdering/kroppsmasseindeks/uspesifisert_hendelse/kroppsmasseindeks"},{"id":"hv_ernaeringrisikovurdering/er_kalk_dips/vt1_score"},{"id":"hv_ernaeringrisikovurdering/er_kalk_dips/vt2_score"},{"id":"hv_ernaeringrisikovurdering/er_kalk_dips/vt3_score"},{"id":"hv_ernaeringrisikovurdering/er_kalk_dips/sykdommens_alvorlighet_score"},{"id":"hv_ernaeringrisikovurdering/er_kalk_dips/behandling_score"},{"id":"hv_ernaeringrisikovurdering/er_kalk_dips/allmenntilstand_bmi_score"},{"id":"hv_ernaeringrisikovurdering/er_kalk_dips/alder_ved_screening"},{"id":"hv_ernaeringrisikovurdering/er_kalk_dips/risikoangivelse"},{"id":"hv_ernaeringrisikovurdering/er_kalk_dips/alders_score"}]},{"width":"50%","children":[{"id":"hv_ernaeringrisikovurdering/er_kalk_dips/bmi_score"},{"id":"hv_ernaeringrisikovurdering/er_kalk_dips/matinntak_score"},{"id":"hv_ernaeringrisikovurdering/er_kalk_dips/vt1"},{"id":"hv_ernaeringrisikovurdering/er_kalk_dips/vt2"},{"id":"hv_ernaeringrisikovurdering/er_kalk_dips/vt3"}]}]},{"cols":[{"width":"50%","children":[]},{"width":"50%","children":[]}]}]}]}]