[{"col":1,"row":1,"width":16,"height":19,"children":[{"id":"anestesivurdering","rows":[{"cols":[{"width":"100%","children":[{"id":"anestesivurdering/viktige_faktorer_som_kan_påvirke_anestesi@Viktige faktorer som kan påvirke anestesi","rows":[{"cols":[{"width":"100%","children":[{"id":"anestesivurdering/viktige_faktorer_som_kan_påvirke_anestesi@Viktige faktorer som kan påvirke anestesi/anestesi_prosedyre@Anestesi prosedyre","rows":[]}]}]}]},{"id":"generic-field-45564","rows":[{"cols":[{"width":"50%","children":[{"id":"anestesivurdering/viktige_faktorer_som_kan_påvirke_anestesi@Viktige faktorer som kan påvirke anestesi/underlag","rows":[]}]},{"width":"50%","children":[{"id":"anestesivurdering/viktige_faktorer_som_kan_påvirke_anestesi@Viktige faktorer som kan påvirke anestesi/utfyllende_anestesianmerkninger@Utfyllende anestesianmerkninger","rows":[]}]}]}]}]}]}]},{"id":"generic-field-23383","rows":[]}]},{"col":1,"row":20,"width":16,"height":69,"children":[{"id":"generic-field-83597","rows":[{"cols":[{"width":"100%","children":[{"id":"generic-field-50768","rows":[{"cols":[{"width":"50%","children":[{"id":"anestesivurdering/allmenntilstand@Allmenntilstand","rows":[{"cols":[{"width":"100%","children":[{"id":"anestesivurdering/allmenntilstand@Allmenntilstand/allmenntilstand@Allmenntilstand","rows":[]}]}]}]},{"id":"anestesivurdering/aktivitetsnivå@Aktivitetsnivå","rows":[{"cols":[{"width":"100%","children":[{"id":"anestesivurdering/aktivitetsnivå@Aktivitetsnivå/aktivitetsnivå@Aktivitetsnivå","rows":[]}]}]}]},{"id":"anestesivurdering/tannstatus@Tannstatus","rows":[{"cols":[{"width":"100%","children":[{"id":"anestesivurdering/tannstatus@Tannstatus/tannstatus@Tannstatus","rows":[]}]}]}]},{"id":"anestesivurdering/intubasjonsforhold@Intubasjonsforhold","rows":[{"cols":[{"width":"100%","children":[{"id":"anestesivurdering/intubasjonsforhold@Intubasjonsforhold/intubasjonsforhold@Intubasjonsforhold","rows":[]}]}]}]},{"id":"anestesivurdering/anatomiske_forhold_luftveier@Anatomiske forhold luftveier/modifisert_mallampati-klassifikasjon","rows":[{"cols":[{"width":"100%","children":[{"id":"anestesivurdering/anatomiske_forhold_luftveier@Anatomiske forhold luftveier/modifisert_mallampati-klassifikasjon/mallampati-klassifikasjon","rows":[]}]}]}]}]},{"width":"50%","children":[{"id":"generic-field-49975","rows":[{"cols":[{"width":"100%","children":[{"id":"anestesivurdering/sammendrag_kommentar_anestesivurdering@Sammendrag/kommentar anestesivurdering/sammendrag","rows":[]}]}]}]}]}]}]},{"id":"anestesivurdering/asa-klassifikasjon","rows":[{"cols":[{"width":"100%","children":[{"id":"anestesivurdering/asa-klassifikasjon/uspesifisert_tidspunkthendelse","rows":[{"cols":[{"width":"50%","children":[{"id":"anestesivurdering/asa-klassifikasjon/uspesifisert_tidspunkthendelse/asa-status","rows":[]}]},{"width":"50%","children":[]}]}]}]}]}]}]}]}]}]},{"col":1,"row":89,"width":16,"height":116,"children":[{"id":"generic-field-36165","rows":[{"cols":[{"width":"100%","children":[{"id":"anestesivurdering/hovedprosedyre@Hovedprosedyre/rekvirering","rows":[{"cols":[{"width":"50%","children":[{"id":"anestesivurdering/hovedprosedyre@Hovedprosedyre/rekvirering/prosedyrenavn","rows":[]},{"id":"anestesivurdering/hovedprosedyre@Hovedprosedyre/rekvirering/kommentar@Kommentar","rows":[]},{"id":"anestesivurdering/hovedprosedyre@Hovedprosedyre/rekvirering/prosedyretype","rows":[]},{"id":"anestesivurdering/hovedprosedyre@Hovedprosedyre/rekvirering/prosedyredetaljer","rows":[{"cols":[{"width":"50%","children":[{"id":"anestesivurdering/hovedprosedyre@Hovedprosedyre/rekvirering/prosedyredetaljer/prosedyrenavn","rows":[]},{"id":"anestesivurdering/hovedprosedyre@Hovedprosedyre/rekvirering/prosedyredetaljer/prosedyretype","rows":[]}]},{"width":"50%","children":[{"id":"anestesivurdering/hovedprosedyre@Hovedprosedyre/rekvirering/prosedyredetaljer/legens_beskrivelse@Legens beskrivelse","rows":[]}]}]}]}]},{"width":"50%","children":[{"id":"anestesivurdering/hovedprosedyre@Hovedprosedyre/rekvirering/planlagt_luftveistilgang@Planlagt luftveistilgang","rows":[{"cols":[{"width":"100%","children":[{"id":"anestesivurdering/hovedprosedyre@Hovedprosedyre/rekvirering/planlagt_luftveistilgang@Planlagt luftveistilgang/prosedyrenavn","rows":[]}]}]}]}]}]}]},{"id":"anestesivurdering/andre_anestesitype@Andre anestesitype","rows":[{"cols":[{"width":"50%","children":[{"id":"anestesivurdering/andre_anestesitype@Andre anestesitype/rekvirering/prosedyrenavn","rows":[]},{"id":"anestesivurdering/andre_anestesitype@Andre anestesitype/rekvirering/prosedyrebeskrivelse","rows":[]},{"id":"anestesivurdering/andre_anestesitype@Andre anestesitype/rekvirering/prosedyretype","rows":[]},{"id":"anestesivurdering/andre_anestesitype@Andre anestesitype/rekvirering/prosedyredetaljer","rows":[{"cols":[{"width":"50%","children":[{"id":"anestesivurdering/andre_anestesitype@Andre anestesitype/rekvirering/prosedyredetaljer/prosedyrenavn","rows":[]},{"id":"anestesivurdering/andre_anestesitype@Andre anestesitype/rekvirering/prosedyredetaljer/prosedyretype","rows":[]}]},{"width":"50%","children":[{"id":"anestesivurdering/andre_anestesitype@Andre anestesitype/rekvirering/prosedyredetaljer/legens_beskrivelse@Legens beskrivelse","rows":[]}]}]}]}]},{"width":"50%","children":[]}]}]},{"id":"anestesivurdering/tredje_anestesitype@Tredje anestesitype","rows":[{"cols":[{"width":"50%","children":[{"id":"anestesivurdering/tredje_anestesitype@Tredje anestesitype/rekvirering/prosedyrenavn","rows":[]},{"id":"anestesivurdering/tredje_anestesitype@Tredje anestesitype/rekvirering/prosedyrebeskrivelse","rows":[]},{"id":"anestesivurdering/tredje_anestesitype@Tredje anestesitype/rekvirering/prosedyretype","rows":[]},{"id":"anestesivurdering/tredje_anestesitype@Tredje anestesitype/rekvirering/prosedyredetaljer","rows":[{"cols":[{"width":"50%","children":[{"id":"anestesivurdering/tredje_anestesitype@Tredje anestesitype/rekvirering/prosedyredetaljer/prosedyrenavn","rows":[]},{"id":"anestesivurdering/tredje_anestesitype@Tredje anestesitype/rekvirering/prosedyredetaljer/prosedyretype","rows":[]}]},{"width":"50%","children":[{"id":"anestesivurdering/tredje_anestesitype@Tredje anestesitype/rekvirering/prosedyredetaljer/legens_beskrivelse@Legens beskrivelse","rows":[]}]}]}]}]},{"width":"50%","children":[]}]}]},{"id":"anestesivurdering/fjerde_anestesitype@Fjerde anestesitype","rows":[{"cols":[{"width":"50%","children":[{"id":"anestesivurdering/fjerde_anestesitype@Fjerde anestesitype/rekvirering/prosedyrenavn","rows":[]},{"id":"anestesivurdering/fjerde_anestesitype@Fjerde anestesitype/rekvirering/prosedyrebeskrivelse","rows":[]},{"id":"anestesivurdering/fjerde_anestesitype@Fjerde anestesitype/rekvirering/prosedyretype","rows":[]},{"id":"anestesivurdering/fjerde_anestesitype@Fjerde anestesitype/rekvirering/prosedyredetaljer","rows":[{"cols":[{"width":"50%","children":[{"id":"anestesivurdering/fjerde_anestesitype@Fjerde anestesitype/rekvirering/prosedyredetaljer/prosedyrenavn","rows":[]},{"id":"anestesivurdering/fjerde_anestesitype@Fjerde anestesitype/rekvirering/prosedyredetaljer/prosedyretype","rows":[]}]},{"width":"50%","children":[{"id":"anestesivurdering/fjerde_anestesitype@Fjerde anestesitype/rekvirering/prosedyredetaljer/legens_beskrivelse@Legens beskrivelse","rows":[]}]}]}]}]},{"width":"50%","children":[]}]}]},{"id":"anestesivurdering/femte_anestesitype@Femte anestesitype","rows":[{"cols":[{"width":"50%","children":[{"id":"anestesivurdering/femte_anestesitype@Femte anestesitype/rekvirering/prosedyrenavn","rows":[]},{"id":"anestesivurdering/femte_anestesitype@Femte anestesitype/rekvirering/prosedyrebeskrivelse","rows":[]},{"id":"anestesivurdering/femte_anestesitype@Femte anestesitype/rekvirering/prosedyretype","rows":[]},{"id":"anestesivurdering/femte_anestesitype@Femte anestesitype/rekvirering/prosedyredetaljer","rows":[{"cols":[{"width":"50%","children":[{"id":"anestesivurdering/femte_anestesitype@Femte anestesitype/rekvirering/prosedyredetaljer/prosedyrenavn","rows":[]},{"id":"anestesivurdering/femte_anestesitype@Femte anestesitype/rekvirering/prosedyredetaljer/prosedyretype","rows":[]}]},{"width":"50%","children":[{"id":"anestesivurdering/femte_anestesitype@Femte anestesitype/rekvirering/prosedyredetaljer/legens_beskrivelse@Legens beskrivelse","rows":[]}]}]}]}]},{"width":"50%","children":[]}]}]}]}]}]},{"id":"generic-field-48290","rows":[{"cols":[{"width":"50%","children":[{"id":"anestesivurdering/hovedprosedyre@Hovedprosedyre/rekvirering/plan_for_innledning@Plan for innledning","rows":[{"cols":[{"width":"100%","children":[{"id":"anestesivurdering/hovedprosedyre@Hovedprosedyre/rekvirering/plan_for_innledning@Plan for innledning/prosedyrenavn","rows":[]}]}]}]}]},{"width":"50%","children":[{"id":"anestesivurdering/hovedprosedyre@Hovedprosedyre/rekvirering/postoperativ_overvåking@Postoperativ overvåking","rows":[{"cols":[{"width":"100%","children":[{"id":"anestesivurdering/hovedprosedyre@Hovedprosedyre/rekvirering/postoperativ_overvåking@Postoperativ overvåking/prosedyrenavn","rows":[]}]}]}]}]}]},{"cols":[{"width":"100%","children":[]}]},{"cols":[{"width":"100%","children":[]}]}]}]},{"col":1,"row":205,"width":16,"height":58,"children":[{"id":"anestesivurdering/hovedprosedyre@Hovedprosedyre/rekvirering/preoperative_forberedelser@Preoperative forberedelser","rows":[{"cols":[{"width":"50%","children":[{"id":"anestesivurdering/hovedprosedyre@Hovedprosedyre/rekvirering/preoperative_forberedelser@Preoperative forberedelser/ekg","rows":[]},{"id":"anestesivurdering/hovedprosedyre@Hovedprosedyre/rekvirering/preoperative_forberedelser@Preoperative forberedelser/inr","rows":[]},{"id":"anestesivurdering/hovedprosedyre@Hovedprosedyre/rekvirering/preoperative_forberedelser@Preoperative forberedelser/premedikasjon","rows":[]},{"id":"anestesivurdering/hovedprosedyre@Hovedprosedyre/rekvirering/preoperative_forberedelser@Preoperative forberedelser/egne_morgenmedisiner","rows":[]}]},{"width":"50%","children":[{"id":"generic-field-18819","rows":[]},{"id":"anestesivurdering/hovedprosedyre@Hovedprosedyre/rekvirering/preoperative_forberedelser@Preoperative forberedelser/skriftlig_informasjon_er_gitt","rows":[]}]}]}]},{"id":"generic-field-10692","rows":[{"cols":[{"width":"50%","children":[{"id":"anestesivurdering/hovedprosedyre@Hovedprosedyre/rekvirering/detaljer_om_følgende_supplerende_informasjon","rows":[]}]},{"width":"50%","children":[]}]}]}]},{"col":1,"row":263,"width":16,"height":57,"children":[{"id":"generic-field-12741","rows":[{"cols":[{"width":"50%","children":[{"id":"anestesivurdering/prosedyre","rows":[{"cols":[{"width":"100%","children":[{"id":"anestesivurdering/prosedyre/metode","rows":[]},{"id":"anestesivurdering/prosedyre/ism_transition","rows":[{"cols":[{"width":"100%","children":[{"id":"anestesivurdering/prosedyre/ism_transition/transition","rows":[]},{"id":"anestesivurdering/prosedyre/ism_transition/current_state","rows":[]},{"id":"anestesivurdering/prosedyre/ism_transition/careflow_step","rows":[]}]}]}]},{"id":"anestesivurdering/prosedyre/anestesitilysn@Anestesitilysn","rows":[]}]}]}]}]},{"width":"50%","children":[{"id":"anestesivurdering/informasjon_gitt@Informasjon gitt","rows":[{"cols":[{"width":"100%","children":[{"id":"anestesivurdering/informasjon_gitt@Informasjon gitt/informasjon_gitt@Informasjon gitt","rows":[]},{"id":"anestesivurdering/informasjon_gitt@Informasjon gitt/ism_transition","rows":[{"cols":[{"width":"100%","children":[{"id":"anestesivurdering/informasjon_gitt@Informasjon gitt/ism_transition/transition","rows":[]},{"id":"anestesivurdering/informasjon_gitt@Informasjon gitt/ism_transition/current_state","rows":[]},{"id":"anestesivurdering/informasjon_gitt@Informasjon gitt/ism_transition/careflow_step","rows":[]}]}]}]},{"id":"anestesivurdering/informasjon_gitt@Informasjon gitt/informasjon_gitt@Informasjon gitt2","rows":[]}]}]}]}]}]}]}]},{"col":1,"row":320,"width":8,"height":51,"children":[{"id":"anestesivurdering/anestesisykepleier@Anestesisykepleier","rows":[{"cols":[{"width":"100%","children":[{"id":"anestesivurdering/anestesisykepleier@Anestesisykepleier/vurdering_av_anestesisykepleier@Vurdering av anestesisykepleier","rows":[{"cols":[{"width":"100%","children":[{"id":"anestesivurdering/anestesisykepleier@Anestesisykepleier/vurdering_av_anestesisykepleier@Vurdering av anestesisykepleier/ism_transition","rows":[{"cols":[{"width":"100%","children":[{"id":"anestesivurdering/anestesisykepleier@Anestesisykepleier/vurdering_av_anestesisykepleier@Vurdering av anestesisykepleier/ism_transition/current_state","rows":[]},{"id":"anestesivurdering/anestesisykepleier@Anestesisykepleier/vurdering_av_anestesisykepleier@Vurdering av anestesisykepleier/ism_transition/careflow_step","rows":[]}]}]}]},{"id":"anestesivurdering/anestesisykepleier@Anestesisykepleier/vurdering_av_anestesisykepleier@Vurdering av anestesisykepleier/prosedyrenavn","rows":[]},{"id":"anestesivurdering/anestesisykepleier@Anestesisykepleier/vurdering_av_anestesisykepleier@Vurdering av anestesisykepleier/provider","rows":[]},{"id":"anestesivurdering/anestesisykepleier@Anestesisykepleier/vurdering_av_anestesisykepleier@Vurdering av anestesisykepleier/resultat","rows":[]},{"id":"anestesivurdering/anestesisykepleier@Anestesisykepleier/vurdering_av_anestesisykepleier@Vurdering av anestesisykepleier/kommentar","rows":[]},{"id":"anestesivurdering/anestesisykepleier@Anestesisykepleier/vurdering_av_anestesisykepleier@Vurdering av anestesisykepleier/other_participations","rows":[{"cols":[{"width":"100%","children":[{"id":"anestesivurdering/anestesisykepleier@Anestesisykepleier/vurdering_av_anestesisykepleier@Vurdering av anestesisykepleier/performer","rows":[]},{"id":"anestesivurdering/anestesisykepleier@Anestesisykepleier/vurdering_av_anestesisykepleier@Vurdering av anestesisykepleier/other_participations/function","rows":[]}]}]}]}]}]}]}]}]}]},{"id":"generic-field-01786","rows":[]}]},{"col":9,"row":320,"width":8,"height":51,"children":[{"id":"anestesivurdering/anestesilege@Anestesilege","rows":[{"cols":[{"width":"100%","children":[{"id":"anestesivurdering/anestesilege@Anestesilege/vurdering_av_anestesilege@Vurdering av anestesilege","rows":[{"cols":[{"width":"100%","children":[{"id":"anestesivurdering/anestesilege@Anestesilege/vurdering_av_anestesilege@Vurdering av anestesilege/ism_transition","rows":[{"cols":[{"width":"100%","children":[{"id":"anestesivurdering/anestesilege@Anestesilege/vurdering_av_anestesilege@Vurdering av anestesilege/ism_transition/current_state","rows":[]},{"id":"anestesivurdering/anestesilege@Anestesilege/vurdering_av_anestesilege@Vurdering av anestesilege/ism_transition/careflow_step","rows":[]}]}]}]},{"id":"anestesivurdering/anestesilege@Anestesilege/vurdering_av_anestesilege@Vurdering av anestesilege/prosedyrenavn","rows":[]},{"id":"anestesivurdering/anestesilege@Anestesilege/vurdering_av_anestesilege@Vurdering av anestesilege/provider","rows":[]},{"id":"anestesivurdering/anestesilege@Anestesilege/vurdering_av_anestesilege@Vurdering av anestesilege/resultat","rows":[]},{"id":"anestesivurdering/anestesilege@Anestesilege/vurdering_av_anestesilege@Vurdering av anestesilege/kommentar","rows":[]}]}]}]}]}]}]}]}]