{"name":"Form root","localizedNames":{},"localizedDescriptions":{},"rmType":"FORM_DEFINITION","min":0,"max":0,"formId":"form_root","viewConfig":{"label":{"custom":false,"useLocalizations":false},"size":{"field":"inherit","label":"inherit"},"layout":{"label":{"valign":"inherit","align":"inherit"},"field":{"valign":"inherit","align":"inherit"}},"annotations":{"#decision":"SELECT c/uid/value as cid, i \r\nFROM COMPOSITION c \r\nCONTAINS INSTRUCTION i[openEHR-EHR-INSTRUCTION.request-procedure.v1] \r\nWHERE c/archetype_details/template_id/value = 'SurgeryRequest' \r\nORDER BY c/context/start_time/value DESC FETCH 1?scope=folder","#SurgeryEmergencyPriority":"select c2/items[at0009]/value/defining_code/code_string from composition c contains CLUSTER c2[openEHR-EHR-CLUSTER.priority_details_dips.v1] order by c/context/start/time desc fetch 1?scope=folder"}},"children":[{"name":"Endelig klarering av operatør","localizedName":"Endelig klarering av operatør","localizedNames":{"en":"*Endelig klarering av operatør (en)","nb":"Endelig klarering av operatør"},"localizedDescriptions":{"nb":"En generisk seksjonsoverskrift som skal gis nytt navn i en templat for å passe i en gitt klinisk kontekst.","en":"*En generisk seksjonsoverskrift som skal gis nytt navn i en templat for å passe i en gitt klinisk kontekst. (nb)"},"rmType":"SECTION","nodeId":"openEHR-EHR-SECTION.adhoc.v1","min":1,"max":1,"aqlPath":"/content[openEHR-EHR-SECTION.adhoc.v1 and name/value='Endelig klarering av operatør']","inputs":[],"formId":"operatørvurdering/endelig_klarering_av_operatør@Endelig klarering av operatør","viewConfig":{"multiplicity":{"min":1,"max":1},"advanced":{"hidden":false,"readonly":false,"hideFrame":false,"render":false},"label":{"custom":false,"useLocalizations":false},"size":{"field":"inherit","label":"inherit"},"layout":{"label":{"valign":"inherit","align":"inherit"},"field":{"valign":"inherit","align":"inherit"}},"annotations":{"headerSize":"text"},"field":{}},"children":[{"name":"Klarering operatør","localizedName":"Klarering operatør","localizedNames":{"en":"*Klarering operatør (en)","nb":"Klarering operatør"},"localizedDescriptions":{"nb":"En klinisk aktivitet som er utført i undersøkende, diagnostisk, kurativ, terapeutisk, evaluerende, prognostisk eller palliativ hensikt.","en":"*En klinisk aktivitet som er utført i undersøkende, diagnostisk, kurativ, terapeutisk, evaluerende, prognostisk eller palliativ hensikt. (nb)"},"rmType":"ACTION","nodeId":"openEHR-EHR-ACTION.procedure.v1","min":1,"max":1,"aqlPath":"/content[openEHR-EHR-SECTION.adhoc.v1 and name/value='Endelig klarering av operatør']/items[openEHR-EHR-ACTION.procedure.v1 and name/value='Klarering operatør']","inputs":[],"formId":"operatørvurdering/endelig_klarering_av_operatør@Endelig klarering av operatør/klarering_operatør@Klarering operatør","viewConfig":{"multiplicity":{"min":1,"max":1},"advanced":{"hidden":false,"readonly":false,"hideFrame":false,"render":false},"label":{"custom":false,"useLocalizations":false},"size":{"field":"inherit","label":"-1"},"layout":{"label":{"valign":"inherit","align":"top"},"field":{"valign":"inherit","align":"inherit"}},"annotations":{},"field":{},"tags":["HideLabel"]},"children":[{"name":"ism_transition","localizedName":"ism_transition","localizedNames":{"en":"*ism_transition (en)","nb":"ism_transition"},"localizedDescriptions":{},"rmType":"ISM_TRANSITION","min":1,"max":1,"aqlPath":"/content[openEHR-EHR-SECTION.adhoc.v1 and name/value='Endelig klarering av operatør']/items[openEHR-EHR-ACTION.procedure.v1 and name/value='Klarering operatør']/ism_transition","inputs":[],"formId":"operatørvurdering/endelig_klarering_av_operatør@Endelig klarering av operatør/klarering_operatør@Klarering operatør/ism_transition","viewConfig":{"multiplicity":{"min":1,"max":1},"advanced":{"hidden":true,"readonly":false,"hideFrame":false,"render":false},"label":{"custom":false,"useLocalizations":false},"size":{"field":"inherit","label":"inherit"},"layout":{"label":{"valign":"inherit","align":"inherit"},"field":{"valign":"inherit","align":"inherit"}},"annotations":{}},"children":[{"name":"current_state","localizedName":"current_state","localizedNames":{"en":"*current_state (en)","nb":"current_state"},"localizedDescriptions":{},"rmType":"DV_CODED_TEXT","min":1,"max":1,"aqlPath":"/content[openEHR-EHR-SECTION.adhoc.v1 and name/value='Endelig klarering av operatør']/items[openEHR-EHR-ACTION.procedure.v1 and name/value='Klarering operatør']/ism_transition/current_state","inputs":[{"suffix":"code","type":"CODED_TEXT","list":[{"value":"526","label":"Planned","ordinal":0,"localizedLabels":{"en":"Planned","nb":"Planlagt"},"localizedDescriptions":{}},{"value":"524","label":"Initial","ordinal":0,"localizedLabels":{"en":"Initial","nb":"Initiell"},"localizedDescriptions":{}},{"value":"527","label":"Postponed","ordinal":0,"localizedLabels":{"en":"Postponed","nb":"Utsatt"},"localizedDescriptions":{}},{"value":"528","label":"Cancelled","ordinal":0,"localizedLabels":{"en":"Cancelled","nb":"Avbrutt"},"localizedDescriptions":{}},{"value":"529","label":"Scheduled","ordinal":0,"localizedLabels":{"en":"Scheduled","nb":"Planlagt"},"localizedDescriptions":{}},{"value":"245","label":"Active","ordinal":0,"localizedLabels":{"en":"Active","nb":"Aktiv"},"localizedDescriptions":{}},{"value":"530","label":"Suspended","ordinal":0,"localizedLabels":{"en":"Suspended","nb":"Suspendert"},"localizedDescriptions":{}},{"value":"531","label":"Aborted","ordinal":0,"localizedLabels":{"en":"Aborted","nb":"Avbrutt"},"localizedDescriptions":{}},{"value":"532","label":"Completed","ordinal":0,"localizedLabels":{"en":"Completed","nb":"Fullført"},"localizedDescriptions":{}}],"listOpen":false}],"formId":"operatørvurdering/endelig_klarering_av_operatør@Endelig klarering av operatør/klarering_operatør@Klarering operatør/ism_transition/current_state","viewConfig":{"multiplicity":{"min":1,"max":1},"advanced":{"hidden":false,"readonly":false,"hideFrame":false,"render":false},"label":{"custom":false,"useLocalizations":false},"size":{"field":"inherit","label":"inherit"},"layout":{"label":{"valign":"inherit","align":"inherit"},"field":{"valign":"inherit","align":"inherit"}},"annotations":{},"field":{"code":{"presentation":"combobox","columns":"9"}}}},{"name":"careflow_step","localizedName":"careflow_step","localizedNames":{"en":"*careflow_step (en)","nb":"careflow_step"},"localizedDescriptions":{},"rmType":"DV_CODED_TEXT","min":1,"max":1,"aqlPath":"/content[openEHR-EHR-SECTION.adhoc.v1 and name/value='Endelig klarering av operatør']/items[openEHR-EHR-ACTION.procedure.v1 and name/value='Klarering operatør']/ism_transition/careflow_step","inputs":[{"suffix":"code","type":"CODED_TEXT","list":[{"value":"at0004","label":"Prosedyre planlagt","currentStates":["526"],"ordinal":0,"localizedLabels":{"nb":"Prosedyre planlagt","en":"*Prosedyre planlagt (nb)"},"localizedDescriptions":{"nb":"Prosedyren er planlagt.","en":"*Prosedyren er planlagt. (nb)"}},{"value":"at0034","label":"X - Prosedyre planlagt","currentStates":["524"],"ordinal":0,"localizedLabels":{"nb":"X - Prosedyre planlagt","en":"*X - Prosedyre planlagt (nb)"},"localizedDescriptions":{"nb":"Dette prosesstrinnet er satt ut av bruk, siden det ved en feil hadde statusen \"initial\". Bruk det nye prosesstrinnet \"Prosedyre planlagt\" (at0004) som har den korrekte statusen \"planned\".","en":"*Dette prosesstrinnet er satt ut av bruk, siden det ved en feil hadde statusen \"initial\". Bruk det nye prosesstrinnet \"Prosedyre planlagt\" (at0004) som har den korrekte statusen \"planned\". (nb)"}},{"value":"at0007","label":"Prosedyrerekvisisjon sendt","currentStates":["526"],"ordinal":0,"localizedLabels":{"nb":"Prosedyrerekvisisjon sendt","en":"*Prosedyrerekvisisjon sendt (nb)"},"localizedDescriptions":{"nb":"Det er sendt rekvisisjon for prosedyren.","en":"*Det er sendt rekvisisjon for prosedyren. (nb)"}},{"value":"at0035","label":"X - Prosedyrerekvisisjon sendt","currentStates":["524"],"ordinal":0,"localizedLabels":{"nb":"X - Prosedyrerekvisisjon sendt","en":"*X - Prosedyrerekvisisjon sendt (nb)"},"localizedDescriptions":{"nb":"Dette prosesstrinnet er satt ut av bruk, siden det ved en feil hadde statusen \"initial\". Bruk det nye prosesstrinnet \"Prosedyre planlagt\" (at0007) som har den korrekte statusen \"planned\".","en":"*Dette prosesstrinnet er satt ut av bruk, siden det ved en feil hadde statusen \"initial\". Bruk det nye prosesstrinnet \"Prosedyre planlagt\" (at0007) som har den korrekte statusen \"planned\". (nb)"}},{"value":"at0038","label":"Prosedyre utsatt","currentStates":["527"],"ordinal":0,"localizedLabels":{"nb":"Prosedyre utsatt","en":"*Prosedyre utsatt (nb)"},"localizedDescriptions":{"nb":"Prosedyren er utsatt.","en":"*Prosedyren er utsatt. (nb)"}},{"value":"at0039","label":"Prosedyre avlyst","currentStates":["528"],"ordinal":0,"localizedLabels":{"nb":"Prosedyre avlyst","en":"*Prosedyre avlyst (nb)"},"localizedDescriptions":{"nb":"Den planlagte prosedyren har blitt avlyst før den ble igangsatt.","en":"*Den planlagte prosedyren har blitt avlyst før den ble igangsatt. (nb)"}},{"value":"at0036","label":"Fastsatt tidspunkt for prosedyre","currentStates":["529"],"ordinal":0,"localizedLabels":{"nb":"Fastsatt tidspunkt for prosedyre","en":"*Fastsatt tidspunkt for prosedyre (nb)"},"localizedDescriptions":{"nb":"Tidspunkt for prosedyre er fastsatt.","en":"*Tidspunkt for prosedyre er fastsatt. (nb)"}},{"value":"at0068","label":"Prosedyre påbegynt","currentStates":["245"],"ordinal":0,"localizedLabels":{"nb":"Prosedyre påbegynt","en":"*Prosedyre påbegynt (nb)"},"localizedDescriptions":{"nb":"Prosedyren eller en del av en prosedyre som består av flere delprosedyrer er påbegynt.","en":"*Prosedyren eller en del av en prosedyre som består av flere delprosedyrer er påbegynt. (nb)"}},{"value":"at0047","label":"Prosedyre utført","currentStates":["245"],"ordinal":0,"localizedLabels":{"nb":"Prosedyre utført","en":"*Prosedyre utført (nb)"},"localizedDescriptions":{"nb":"Prosedyren eller en del av en prosedyre som består av flere delprosedyrer er utført.","en":"*Prosedyren eller en del av en prosedyre som består av flere delprosedyrer er utført. (nb)"}},{"value":"at0040","label":"Prosedyre midlertidig stanset","currentStates":["530"],"ordinal":0,"localizedLabels":{"nb":"Prosedyre midlertidig stanset","en":"*Prosedyre midlertidig stanset (nb)"},"localizedDescriptions":{"nb":"Prosedyren er suspendert/ midlertidig stanset.","en":"*Prosedyren er suspendert/ midlertidig stanset. (nb)"}},{"value":"at0041","label":"Prosedyre avbrutt","currentStates":["531"],"ordinal":0,"localizedLabels":{"nb":"Prosedyre avbrutt","en":"*Prosedyre avbrutt (nb)"},"localizedDescriptions":{"nb":"Prosedyren har blitt avbrutt.","en":"*Prosedyren har blitt avbrutt. (nb)"}},{"value":"at0043","label":"Prosedyre fullført","currentStates":["532"],"ordinal":0,"localizedLabels":{"nb":"Prosedyre fullført","en":"*Prosedyre fullført (nb)"},"localizedDescriptions":{"nb":"Prosedyren er utført og alle tilknyttede kliniske handlinger er fullførte.","en":"*Prosedyren er utført og alle tilknyttede kliniske handlinger er fullførte. (nb)"}}],"listOpen":false}],"formId":"operatørvurdering/endelig_klarering_av_operatør@Endelig klarering av operatør/klarering_operatør@Klarering operatør/ism_transition/careflow_step","viewConfig":{"multiplicity":{"min":1,"max":1},"advanced":{"hidden":false,"readonly":false,"hideFrame":false,"render":false},"label":{"custom":false,"useLocalizations":false},"size":{"field":"inherit","label":"inherit"},"layout":{"label":{"valign":"inherit","align":"inherit"},"field":{"valign":"inherit","align":"inherit"}},"annotations":{},"field":{"code":{"presentation":"combobox","columns":"12"}}}}]},{"name":"Prosedyrenavn","localizedName":"Prosedyrenavn","localizedNames":{"en":"*Prosedyrenavn (nb)","nb":"Prosedyrenavn"},"localizedDescriptions":{"nb":"Navnet på prosedyren.","en":"*Navnet på prosedyren. (nb)"},"rmType":"DV_CODED_TEXT","nodeId":"at0002","min":1,"max":1,"aqlPath":"/content[openEHR-EHR-SECTION.adhoc.v1 and name/value='Endelig klarering av operatør']/items[openEHR-EHR-ACTION.procedure.v1 and name/value='Klarering operatør']/description[at0001]/items[at0002]/value","inputs":[{"suffix":"code","type":"CODED_TEXT","list":[{"value":"110466009","label":"Preoperativ evaluering","ordinal":0,"localizedLabels":{"nb":"Preoperativ evaluering","en":"*Preoperativ evaluering (nb)"},"localizedDescriptions":{}}],"listOpen":false}],"formId":"operatørvurdering/endelig_klarering_av_operatør@Endelig klarering av operatør/klarering_operatør@Klarering operatør/prosedyrenavn","viewConfig":{"multiplicity":{"min":1,"max":1},"advanced":{"hidden":true,"readonly":false,"hideFrame":false,"render":false},"label":{"custom":false,"useLocalizations":false},"size":{"field":"inherit","label":"inherit"},"layout":{"label":{"valign":"inherit","align":"inherit"},"field":{"valign":"inherit","align":"inherit"}},"annotations":{},"field":{"code":{"presentation":"combobox","columns":"1"}}}},{"name":"provider","localizedName":"Ansvarlig lege","localizedNames":{"en":"*provider (en)","nb":"Ansvarlig lege"},"localizedDescriptions":{},"rmType":"PARTY_IDENTIFIED","min":0,"max":1,"aqlPath":"/content[openEHR-EHR-SECTION.adhoc.v1 and name/value='Endelig klarering av operatør']/items[openEHR-EHR-ACTION.procedure.v1 and name/value='Klarering operatør']/provider","inputs":[],"formId":"operatørvurdering/endelig_klarering_av_operatør@Endelig klarering av operatør/klarering_operatør@Klarering operatør/provider","viewConfig":{"multiplicity":{"min":0,"max":1},"advanced":{"hidden":false,"readonly":false,"hideFrame":false,"render":false},"label":{"custom":false,"useLocalizations":false},"size":{"field":"inherit","label":"inherit"},"layout":{"label":{"valign":"inherit","align":"inherit"},"field":{"valign":"inherit","align":"inherit"}},"annotations":{},"field":{"name":null}}},{"name":"Resultat","localizedName":"Resultat","localizedNames":{"en":"*Resultat (nb)","nb":"Resultat"},"localizedDescriptions":{"nb":"Resultatet av den utførte prosedyren.","en":"*Resultatet av den utførte prosedyren. (nb)"},"rmType":"DV_CODED_TEXT","nodeId":"at0048","min":0,"max":1,"aqlPath":"/content[openEHR-EHR-SECTION.adhoc.v1 and name/value='Endelig klarering av operatør']/items[openEHR-EHR-ACTION.procedure.v1 and name/value='Klarering operatør']/description[at0001]/items[at0048]/value","inputs":[{"suffix":"code","type":"CODED_TEXT","list":[{"value":"713671003","label":"Klarert for operasjon","ordinal":0,"localizedLabels":{"nb":"Klarert for operasjon","en":"*Klarert for operasjon (nb)"},"localizedDescriptions":{}},{"value":"702370009","label":"Ikke klarert for operasjon","ordinal":0,"localizedLabels":{"nb":"Ikke klarert for operasjon","en":"*Ikke klarert for operasjon (nb)"},"localizedDescriptions":{}}],"listOpen":false}],"formId":"operatørvurdering/endelig_klarering_av_operatør@Endelig klarering av operatør/klarering_operatør@Klarering operatør/resultat","viewConfig":{"multiplicity":{"min":0,"max":1},"advanced":{"hidden":false,"readonly":false,"hideFrame":false,"render":false},"label":{"custom":false,"useLocalizations":false},"size":{"field":"inherit","label":"-1"},"layout":{"label":{"valign":"inherit","align":"inherit"},"field":{"valign":"inherit","align":"inherit"}},"annotations":{},"field":{"code":{"presentation":"radios","columns":"2"}},"tags":["HideLabel"]}},{"name":"Kommentar","localizedName":"Kommentar","localizedNames":{"en":"*Kommentar (nb)","nb":"Kommentar"},"localizedDescriptions":{"nb":"Ytterligere fritekstbeskrivelse av aktivitet eller prosesstrinn som ikke er registrert i andre felt.","en":"*Ytterligere fritekstbeskrivelse av aktivitet eller prosesstrinn som ikke er registrert i andre felt. (nb)"},"rmType":"DV_TEXT","nodeId":"at0005","min":0,"max":1,"aqlPath":"/content[openEHR-EHR-SECTION.adhoc.v1 and name/value='Endelig klarering av operatør']/items[openEHR-EHR-ACTION.procedure.v1 and name/value='Klarering operatør']/description[at0001]/items[at0005]/value","inputs":[{"type":"TEXT","list":[],"listOpen":false}],"formId":"operatørvurdering/endelig_klarering_av_operatør@Endelig klarering av operatør/klarering_operatør@Klarering operatør/kommentar","viewConfig":{"multiplicity":{"min":0,"max":1},"advanced":{"hidden":false,"readonly":false,"hideFrame":false,"render":false},"label":{"custom":false,"useLocalizations":false},"size":{"field":"inherit","label":"inherit"},"layout":{"label":{"valign":"inherit","align":"inherit"},"field":{"valign":"inherit","align":"inherit"}},"datasource":{"loadRemote":false,"parameters":{}},"annotations":{},"field":{"lines":null,"input":{}}}}]}]},{"name":"Spacer","localizedName":"","localizedNames":{"nb":""},"localizedDescriptions":{},"rmType":"GENERIC_SPACER","min":0,"max":1,"inputs":[],"formId":"generic-field-93700","viewConfig":{"annotations":{},"field":{"height":25,"input":{"height":25}}}},{"name":"Fieldset","localizedName":"Fieldset","localizedNames":{"en":"*Fieldset (en)","nb":"Fieldset"},"localizedDescriptions":{},"rmType":"GENERIC_FIELDSET","min":1,"max":1,"inputs":[],"formId":"generic-field-15703","viewConfig":{"multiplicity":{"min":1,"max":1},"advanced":{"hidden":false,"readonly":false,"hideFrame":false,"render":false},"label":{"custom":false,"useLocalizations":false},"size":{"field":"inherit","label":"-1"},"layout":{"label":{"valign":"inherit","align":"inherit"},"field":{"valign":"inherit","align":"inherit"}},"annotations":{},"field":{"formId":null,"name":null},"tags":["HideLabel"]},"children":[{"name":"Problem/diagnose","localizedName":"Problem/diagnose","localizedNames":{"en":"*Problem/diagnose (nb)","nb":"Problem/diagnose"},"localizedDescriptions":{"nb":"Detaljer om én identifisert helsetilstand, skade, funksjonshemming eller annet forhold som påvirker et individs fysiske, mentale og/eller sosiale velvære.\n","en":"*Detaljer om én identifisert helsetilstand, skade, funksjonshemming eller annet forhold som påvirker et individs fysiske, mentale og/eller sosiale velvære.\n (nb)"},"rmType":"EVALUATION","nodeId":"openEHR-EHR-EVALUATION.problem_diagnosis.v1","min":1,"max":1,"aqlPath":"/content[openEHR-EHR-EVALUATION.problem_diagnosis.v1]","inputs":[],"formId":"utvidet_operasjonsbestilling/problem_diagnose","viewConfig":{"multiplicity":{"min":1,"max":1},"advanced":{"hidden":false,"readonly":false,"hideFrame":false,"render":false},"label":{"custom":false,"useLocalizations":false},"size":{"field":"inherit","label":"-1"},"layout":{"label":{"valign":"inherit","align":"top"},"field":{"valign":"inherit","align":"inherit"}},"annotations":{},"field":{},"tags":["HideLabel"]},"children":[{"name":"Indikasjon/diagnose","localizedName":"Indikasjon/diagnose","localizedNames":{"en":"*Indikasjon (en)","nb":"Indikasjon/diagnose"},"localizedDescriptions":{"nb":"Identifisering av problemet eller diagnosen ved hjelp av navn.","en":"*Identifisering av problemet eller diagnosen ved hjelp av navn. (nb)"},"rmType":"DV_TEXT","nodeId":"at0002","min":1,"max":1,"aqlPath":"/content[openEHR-EHR-EVALUATION.problem_diagnosis.v1]/data[at0001]/items[at0002 and name/value='Indikasjon']/value","inputs":[{"type":"TEXT","list":[],"listOpen":false}],"formId":"utvidet_operasjonsbestilling/problem_diagnose/indikasjon@Indikasjon","viewConfig":{"multiplicity":{"min":1,"max":1},"advanced":{"hidden":false,"readonly":false,"hideFrame":false,"render":false},"label":{"custom":false,"useLocalizations":false},"size":{"field":"inherit","label":"inherit"},"layout":{"label":{"valign":"inherit","align":"inherit"},"field":{"valign":"inherit","align":"inherit"}},"datasource":{"loadRemote":false,"parameters":{}},"annotations":{},"field":{"lines":null,"input":{}}}}]},{"name":"Reoperasjonsdetaljer","localizedName":"Reoperasjonsdetaljer","localizedNames":{"en":"*Reoperasjonsdetaljer (nb)","nb":"Reoperasjonsdetaljer"},"localizedDescriptions":{"nb":"Dokumentere detaljer om reoperasjon. ","en":"*Dokumentere detaljer om reoperasjon.  (nb)"},"rmType":"CLUSTER","nodeId":"openEHR-EHR-CLUSTER.reoperation_details.v1","min":1,"max":1,"aqlPath":"/content[openEHR-EHR-ACTION.procedure.v1]/description[at0001]/items[openEHR-EHR-CLUSTER.reoperation_details.v1]","inputs":[],"formId":"operatørvurdering/prosedyre/reoperasjonsdetaljer","viewConfig":{"multiplicity":{"min":1,"max":1},"advanced":{"hidden":false,"readonly":false,"hideFrame":false,"render":false},"label":{"custom":false,"useLocalizations":false},"size":{"field":"inherit","label":"-1"},"layout":{"label":{"valign":"inherit","align":"inherit"},"field":{"valign":"inherit","align":"inherit"}},"annotations":{},"field":{},"tags":["HideLabel"]},"children":[{"name":"Årsak til reoperasjon","localizedName":"Reoperasjon?","localizedNames":{"en":"*Årsak til reoperasjon (nb)","nb":"Reoperasjon?"},"localizedDescriptions":{"nb":"Årsaken til hvorfor det ble en reoperasjon.","en":"*Årsaken til hvorfor det ble en reoperasjon. (nb)"},"rmType":"DV_CODED_TEXT","nodeId":"at0001","min":0,"max":1,"aqlPath":"/content[openEHR-EHR-ACTION.procedure.v1]/description[at0001]/items[openEHR-EHR-CLUSTER.reoperation_details.v1]/items[at0001]/value","inputs":[{"suffix":"code","type":"CODED_TEXT","list":[{"value":"AR0","label":"Ny operasjon","ordinal":0,"localizedLabels":{"nb":"Ny operasjon","en":"*Ny operasjon (nb)"},"localizedDescriptions":{}},{"value":"AR1","label":"Reop. pga. blødning","ordinal":0,"localizedLabels":{"nb":"Reop. pga. blødning","en":"*Reop. pga. blødning (nb)"},"localizedDescriptions":{}},{"value":"AR2","label":"Reop. pga. infeksjon","ordinal":0,"localizedLabels":{"nb":"Reop. pga. infeksjon","en":"*Reop. pga. infeksjon (nb)"},"localizedDescriptions":{}},{"value":"AR3","label":"Reop. pga. mekanisk","ordinal":0,"localizedLabels":{"nb":"Reop. pga. mekanisk","en":"*Reop. pga. mekanisk (nb)"},"localizedDescriptions":{}},{"value":"AR4","label":"Reop. annen årsak","ordinal":0,"localizedLabels":{"nb":"Reop. annen årsak","en":"*Reop. annen årsak (nb)"},"localizedDescriptions":{}},{"value":"AR5","label":"Ukjent om det er reoperasjon","ordinal":0,"localizedLabels":{"nb":"Ukjent om det er reoperasjon","en":"*Ukjent om det er reoperasjon (nb)"},"localizedDescriptions":{}}],"defaultValue":"AR0","listOpen":false}],"formId":"operatørvurdering/prosedyre/reoperasjonsdetaljer/årsak_til_reoperasjon","viewConfig":{"multiplicity":{"min":0,"max":1},"advanced":{"hidden":false,"readonly":false,"hideFrame":false,"render":false},"label":{"custom":false,"useLocalizations":false},"size":{"field":"inherit","label":"inherit"},"layout":{"label":{"valign":"inherit","align":"top"},"field":{"valign":"inherit","align":"inherit"}},"annotations":{"description":"Angir om dette er en reoperasjon og eventuell årsak til dette."},"field":{"code":{"presentation":"combobox","columns":"6"}}}}]},{"name":"Diagnosekode","localizedName":"Diagnosekode","localizedNames":{"en":"*Problem/diagnose detaljer (nb)","nb":"Diagnosekode"},"localizedDescriptions":{"nb":"Brukes for å registrere detaljer til problem/diagnose blant annet ICD koder.","en":"*Brukes for å registrere detaljer til problem/diagnose blant annet ICD koder. (nb)"},"rmType":"CLUSTER","nodeId":"openEHR-EHR-CLUSTER.problem_diagnosis_dips.v1","min":0,"max":-1,"aqlPath":"/content[openEHR-EHR-EVALUATION.problem_diagnosis.v1]/data[at0001]/items[openEHR-EHR-CLUSTER.problem_diagnosis_dips.v1]","inputs":[],"formId":"utvidet_operasjonsbestilling/problem_diagnose/problem_diagnose_detaljer","viewConfig":{"multiplicity":{"min":0,"max":-1},"advanced":{"hidden":false,"readonly":false,"hideFrame":false,"render":false},"label":{"custom":false,"useLocalizations":false},"size":{"field":"inherit","label":"-1"},"layout":{"label":{"valign":"inherit","align":"inherit"},"field":{"valign":"inherit","align":"inherit"}},"annotations":{},"field":{},"tags":["HideLabel","ShowAsTable"]},"children":[{"name":"Diagnosekode","localizedName":"Diagnosekode","localizedNames":{"en":"*Diagnosenavn (nb)","nb":"Diagnosekode"},"localizedDescriptions":{"nb":"Navnet på problem/diagnose","en":"*Navnet på problem/diagnose (nb)"},"rmType":"DV_CODED_TEXT","nodeId":"at0001","min":0,"max":1,"aqlPath":"/content[openEHR-EHR-EVALUATION.problem_diagnosis.v1]/data[at0001]/items[openEHR-EHR-CLUSTER.problem_diagnosis_dips.v1]/items[at0001]/value","inputs":[{"suffix":"code","type":"TEXT","terminology":"ICD10?subset=ICD10&language=en-GB","listOpen":false},{"suffix":"value","type":"TEXT","terminology":"ICD10?subset=ICD10&language=en-GB","listOpen":false}],"formId":"utvidet_operasjonsbestilling/problem_diagnose/problem_diagnose_detaljer/diagnosenavn","viewConfig":{"multiplicity":{"min":0,"max":1},"advanced":{"hidden":false,"readonly":false,"hideFrame":false,"render":false},"label":{"custom":false,"useLocalizations":false},"size":{"field":"inherit","label":"inherit"},"layout":{"label":{"valign":"inherit","align":"inherit"},"field":{"valign":"inherit","align":"inherit"}},"datasource":{"loadRemote":true,"loadRemoteUrl":"ICD10?subset=ICD10&language=en-GB"},"annotations":{},"field":{}}}]}]},{"name":"Prosedyre","localizedName":"Prosedyre","localizedNames":{"en":"*Prosedyre (nb)","nb":"Prosedyre"},"localizedDescriptions":{"nb":"En klinisk aktivitet som er utført i undersøkende, diagnostisk, kurativ, terapeutisk, evaluerende, prognostisk eller palliativ hensikt.","en":"*En klinisk aktivitet som er utført i undersøkende, diagnostisk, kurativ, terapeutisk, evaluerende, prognostisk eller palliativ hensikt. (nb)"},"rmType":"ACTION","nodeId":"openEHR-EHR-ACTION.procedure.v1","min":1,"max":1,"aqlPath":"/content[openEHR-EHR-ACTION.procedure.v1]","inputs":[],"formId":"utvidet_operasjonsbestilling/prosedyre","viewConfig":{"multiplicity":{"min":1,"max":1},"advanced":{"hidden":false,"readonly":false,"hideFrame":false,"render":false},"label":{"custom":false,"useLocalizations":false},"size":{"field":"inherit","label":"-1"},"layout":{"label":{"valign":"inherit","align":"inherit"},"field":{"valign":"inherit","align":"inherit"}},"annotations":{},"field":{},"tags":["HideLabel"]},"children":[{"name":"ism_transition","localizedName":"ism_transition","localizedNames":{"en":"*ism_transition (en)","nb":"ism_transition"},"localizedDescriptions":{"nb":"Prosedyren er planlagt.","en":"*Prosedyren er planlagt. (nb)"},"rmType":"ISM_TRANSITION","min":1,"max":1,"aqlPath":"/content[openEHR-EHR-ACTION.procedure.v1]/ism_transition","inputs":[],"formId":"operatørvurdering/prosedyre/ism_transition","viewConfig":{"multiplicity":{"min":1,"max":1},"advanced":{"hidden":true,"readonly":false,"hideFrame":false,"render":false},"label":{"custom":false,"useLocalizations":false},"size":{"field":"inherit","label":"-1"},"layout":{"label":{"valign":"inherit","align":"inherit"},"field":{"valign":"inherit","align":"inherit"}},"annotations":{},"tags":["HideLabel"]},"children":[{"name":"Transition","localizedName":"Transition","localizedNames":{"en":"*Transition (en)","nb":"Transition"},"localizedDescriptions":{},"rmType":"DV_CODED_TEXT","min":0,"max":1,"aqlPath":"/content[openEHR-EHR-ACTION.procedure.v1]/ism_transition/transition","inputs":[{"suffix":"code","type":"TEXT","listOpen":false},{"suffix":"value","type":"TEXT","listOpen":false}],"formId":"operatørvurdering/prosedyre/ism_transition/transition","viewConfig":{"multiplicity":{"min":0,"max":1},"advanced":{"hidden":false,"readonly":false,"hideFrame":false,"render":false},"label":{"custom":false,"useLocalizations":false},"size":{"field":"inherit","label":"inherit"},"layout":{"label":{"valign":"inherit","align":"inherit"},"field":{"valign":"inherit","align":"inherit"}},"annotations":{},"field":{}}},{"name":"current_state","localizedName":"current_state","localizedNames":{"en":"*current_state (en)","nb":"current_state"},"localizedDescriptions":{"nb":"Prosedyren er planlagt.","en":"*Prosedyren er planlagt. (nb)"},"rmType":"DV_CODED_TEXT","min":1,"max":1,"aqlPath":"/content[openEHR-EHR-ACTION.procedure.v1]/ism_transition/current_state","inputs":[{"suffix":"code","type":"CODED_TEXT","list":[{"value":"526","label":"Planned","ordinal":0,"localizedLabels":{"en":"Planned","nb":"Planlagt"},"localizedDescriptions":{}},{"value":"524","label":"Initial","ordinal":0,"localizedLabels":{"en":"Initial","nb":"Initiell"},"localizedDescriptions":{}},{"value":"527","label":"Postponed","ordinal":0,"localizedLabels":{"en":"Postponed","nb":"Utsatt"},"localizedDescriptions":{}},{"value":"528","label":"Cancelled","ordinal":0,"localizedLabels":{"en":"Cancelled","nb":"Avbrutt"},"localizedDescriptions":{}},{"value":"529","label":"Scheduled","ordinal":0,"localizedLabels":{"en":"Scheduled","nb":"Planlagt"},"localizedDescriptions":{}},{"value":"245","label":"Active","ordinal":0,"localizedLabels":{"en":"Active","nb":"Aktiv"},"localizedDescriptions":{}},{"value":"530","label":"Suspended","ordinal":0,"localizedLabels":{"en":"Suspended","nb":"Suspendert"},"localizedDescriptions":{}},{"value":"531","label":"Aborted","ordinal":0,"localizedLabels":{"en":"Aborted","nb":"Avbrutt"},"localizedDescriptions":{}},{"value":"532","label":"Completed","ordinal":0,"localizedLabels":{"en":"Completed","nb":"Fullført"},"localizedDescriptions":{}}],"defaultValue":"526","listOpen":false}],"formId":"operatørvurdering/prosedyre/ism_transition/current_state","viewConfig":{"multiplicity":{"min":1,"max":1},"advanced":{"hidden":false,"readonly":false,"hideFrame":false,"render":false},"label":{"custom":false,"useLocalizations":false},"size":{"field":"inherit","label":"inherit"},"layout":{"label":{"valign":"inherit","align":"inherit"},"field":{"valign":"inherit","align":"inherit"}},"annotations":{},"field":{"code":{"presentation":"combobox","columns":"9"}}}},{"name":"careflow_step","localizedName":"careflow_step","localizedNames":{"en":"*careflow_step (en)","nb":"careflow_step"},"localizedDescriptions":{"nb":"Prosedyren er planlagt.","en":"*Prosedyren er planlagt. (nb)"},"rmType":"DV_CODED_TEXT","min":1,"max":1,"aqlPath":"/content[openEHR-EHR-ACTION.procedure.v1]/ism_transition/careflow_step","inputs":[{"suffix":"code","type":"CODED_TEXT","list":[{"value":"at0004","label":"Prosedyre planlagt","currentStates":["526"],"ordinal":0,"localizedLabels":{"nb":"Prosedyre planlagt","en":"*Prosedyre planlagt (nb)"},"localizedDescriptions":{"nb":"Prosedyren er planlagt.","en":"*Prosedyren er planlagt. (nb)"}},{"value":"at0034","label":"X - Prosedyre planlagt","currentStates":["524"],"ordinal":0,"localizedLabels":{"nb":"X - Prosedyre planlagt","en":"*X - Prosedyre planlagt (nb)"},"localizedDescriptions":{"nb":"Dette prosesstrinnet er satt ut av bruk, siden det ved en feil hadde statusen \"initial\". Bruk det nye prosesstrinnet \"Prosedyre planlagt\" (at0004) som har den korrekte statusen \"planned\".","en":"*Dette prosesstrinnet er satt ut av bruk, siden det ved en feil hadde statusen \"initial\". Bruk det nye prosesstrinnet \"Prosedyre planlagt\" (at0004) som har den korrekte statusen \"planned\". (nb)"}},{"value":"at0007","label":"Prosedyrerekvisisjon sendt","currentStates":["526"],"ordinal":0,"localizedLabels":{"nb":"Prosedyrerekvisisjon sendt","en":"*Prosedyrerekvisisjon sendt (nb)"},"localizedDescriptions":{"nb":"Det er sendt rekvisisjon for prosedyren.","en":"*Det er sendt rekvisisjon for prosedyren. (nb)"}},{"value":"at0035","label":"X - Prosedyrerekvisisjon sendt","currentStates":["524"],"ordinal":0,"localizedLabels":{"nb":"X - Prosedyrerekvisisjon sendt","en":"*X - Prosedyrerekvisisjon sendt (nb)"},"localizedDescriptions":{"nb":"Dette prosesstrinnet er satt ut av bruk, siden det ved en feil hadde statusen \"initial\". Bruk det nye prosesstrinnet \"Prosedyre planlagt\" (at0007) som har den korrekte statusen \"planned\".","en":"*Dette prosesstrinnet er satt ut av bruk, siden det ved en feil hadde statusen \"initial\". Bruk det nye prosesstrinnet \"Prosedyre planlagt\" (at0007) som har den korrekte statusen \"planned\". (nb)"}},{"value":"at0038","label":"Prosedyre utsatt","currentStates":["527"],"ordinal":0,"localizedLabels":{"nb":"Prosedyre utsatt","en":"*Prosedyre utsatt (nb)"},"localizedDescriptions":{"nb":"Prosedyren er utsatt.","en":"*Prosedyren er utsatt. (nb)"}},{"value":"at0039","label":"Prosedyre avlyst","currentStates":["528"],"ordinal":0,"localizedLabels":{"nb":"Prosedyre avlyst","en":"*Prosedyre avlyst (nb)"},"localizedDescriptions":{"nb":"Den planlagte prosedyren har blitt avlyst før den ble igangsatt.","en":"*Den planlagte prosedyren har blitt avlyst før den ble igangsatt. (nb)"}},{"value":"at0036","label":"Fastsatt tidspunkt for prosedyre","currentStates":["529"],"ordinal":0,"localizedLabels":{"nb":"Fastsatt tidspunkt for prosedyre","en":"*Fastsatt tidspunkt for prosedyre (nb)"},"localizedDescriptions":{"nb":"Tidspunkt for prosedyre er fastsatt.","en":"*Tidspunkt for prosedyre er fastsatt. (nb)"}},{"value":"at0068","label":"Prosedyre påbegynt","currentStates":["245"],"ordinal":0,"localizedLabels":{"nb":"Prosedyre påbegynt","en":"*Prosedyre påbegynt (nb)"},"localizedDescriptions":{"nb":"Prosedyren eller en del av en prosedyre som består av flere delprosedyrer er påbegynt.","en":"*Prosedyren eller en del av en prosedyre som består av flere delprosedyrer er påbegynt. (nb)"}},{"value":"at0047","label":"Prosedyre utført","currentStates":["245"],"ordinal":0,"localizedLabels":{"nb":"Prosedyre utført","en":"*Prosedyre utført (nb)"},"localizedDescriptions":{"nb":"Prosedyren eller en del av en prosedyre som består av flere delprosedyrer er utført.","en":"*Prosedyren eller en del av en prosedyre som består av flere delprosedyrer er utført. (nb)"}},{"value":"at0040","label":"Prosedyre midlertidig stanset","currentStates":["530"],"ordinal":0,"localizedLabels":{"nb":"Prosedyre midlertidig stanset","en":"*Prosedyre midlertidig stanset (nb)"},"localizedDescriptions":{"nb":"Prosedyren er suspendert/ midlertidig stanset.","en":"*Prosedyren er suspendert/ midlertidig stanset. (nb)"}},{"value":"at0041","label":"Prosedyre avbrutt","currentStates":["531"],"ordinal":0,"localizedLabels":{"nb":"Prosedyre avbrutt","en":"*Prosedyre avbrutt (nb)"},"localizedDescriptions":{"nb":"Prosedyren har blitt avbrutt.","en":"*Prosedyren har blitt avbrutt. (nb)"}},{"value":"at0043","label":"Prosedyre fullført","currentStates":["532"],"ordinal":0,"localizedLabels":{"nb":"Prosedyre fullført","en":"*Prosedyre fullført (nb)"},"localizedDescriptions":{"nb":"Prosedyren er utført og alle tilknyttede kliniske handlinger er fullførte.","en":"*Prosedyren er utført og alle tilknyttede kliniske handlinger er fullførte. (nb)"}}],"defaultValue":"at0004","listOpen":false}],"formId":"operatørvurdering/prosedyre/ism_transition/careflow_step","viewConfig":{"multiplicity":{"min":1,"max":1},"advanced":{"hidden":false,"readonly":false,"hideFrame":false,"render":false},"label":{"custom":false,"useLocalizations":false},"size":{"field":"inherit","label":"inherit"},"layout":{"label":{"valign":"inherit","align":"inherit"},"field":{"valign":"inherit","align":"inherit"}},"annotations":{},"field":{"code":{"presentation":"combobox","columns":"12"}}}}]},{"name":"Prosedyretype","localizedName":"Prosedyretype","localizedNames":{"en":"*Prosedyretype (nb)","nb":"Prosedyretype"},"localizedDescriptions":{"nb":"Typen prosedyre.","en":"*Typen prosedyre. (nb)"},"rmType":"DV_CODED_TEXT","nodeId":"at0067","min":0,"max":1,"aqlPath":"/content[openEHR-EHR-ACTION.procedure.v1]/description[at0001]/items[at0067]/value","inputs":[{"suffix":"code","type":"CODED_TEXT","list":[{"value":"387713003","label":"Kirurgi prosedyre","ordinal":0,"localizedLabels":{"nb":"Kirurgi prosedyre","en":"*Kirurgi prosedyre (nb)"},"localizedDescriptions":{}}],"defaultValue":"387713003","listOpen":false}],"formId":"operatørvurdering/prosedyre/prosedyretype","viewConfig":{"multiplicity":{"min":0,"max":1},"advanced":{"hidden":true,"readonly":false,"hideFrame":false,"render":false},"label":{"custom":false,"useLocalizations":false},"size":{"field":"inherit","label":"inherit"},"layout":{"label":{"valign":"inherit","align":"inherit"},"field":{"valign":"inherit","align":"inherit"}},"annotations":{},"field":{"code":{"presentation":"combobox","columns":"1"}}}},{"name":"Fieldset","localizedName":"Fieldset","localizedNames":{"en":"*Fieldset (en)","nb":"Fieldset"},"localizedDescriptions":{},"rmType":"GENERIC_FIELDSET","min":0,"max":1,"inputs":[],"formId":"generic-field-04346","viewConfig":{"multiplicity":{"min":0,"max":1},"advanced":{"hidden":false,"readonly":false,"hideFrame":false,"render":false},"label":{"custom":false,"useLocalizations":false},"size":{"field":"inherit","label":"-1"},"layout":{"label":{"valign":"inherit","align":"inherit"},"field":{"valign":"inherit","align":"inherit"}},"annotations":{},"field":{"formId":null,"name":null},"tags":["HideLabel","ShowAsTable"]},"children":[{"name":"Operasjonstype","localizedName":"Operasjonstype","localizedNames":{"en":"*Operasjonstype (en)","nb":"Operasjonstype"},"localizedDescriptions":{"nb":"Navnet på prosedyren.","en":"*Navnet på prosedyren. (nb)"},"rmType":"DV_CODED_TEXT","nodeId":"at0002","min":1,"max":1,"aqlPath":"/content[openEHR-EHR-ACTION.procedure.v1]/description[at0001]/items[at0002 and name/value='Operasjonstype']/value","inputs":[{"suffix":"code","type":"TEXT","terminology":"ARK-VI-OPERASJONSTYPER?subset=ARK-VI-OPERASJONSTYPER&language=en-GB","listOpen":false},{"suffix":"value","type":"TEXT","terminology":"ARK-VI-OPERASJONSTYPER?subset=ARK-VI-OPERASJONSTYPER&language=en-GB","listOpen":false}],"formId":"utvidet_operasjonsbestilling/prosedyre/operasjonstype@Operasjonstype","viewConfig":{"multiplicity":{"min":1,"max":1},"advanced":{"hidden":false,"readonly":false,"hideFrame":false,"render":false},"label":{"custom":false,"useLocalizations":false},"size":{"field":"inherit","label":"inherit"},"layout":{"label":{"valign":"inherit","align":"top"},"field":{"valign":"inherit","align":"inherit"}},"datasource":{"loadRemote":true,"loadRemoteUrl":"ARK-VI-OPERASJONSTYPER?subset=ARK-VI-OPERASJONSTYPER&language=en-GB"},"annotations":{"select":"{#decision:/activities[at0001]/description[at0009]/items[at0121.1 and name/value='Operasjonstype']/value}","codeditem.displayformat":"name"},"field":{}}},{"name":"Beskrivelse","localizedName":"Beskrivelse","localizedNames":{"en":"*Beskrivelse (nb)","nb":"Beskrivelse"},"localizedDescriptions":{"nb":"Fritekstbeskrivelse av prosedyren, tilpasset det aktuelle prosesstrinnet.","en":"*Fritekstbeskrivelse av prosedyren, tilpasset det aktuelle prosesstrinnet. (nb)"},"rmType":"DV_TEXT","nodeId":"at0049","min":0,"max":1,"aqlPath":"/content[openEHR-EHR-ACTION.procedure.v1]/description[at0001]/items[at0049]/value","inputs":[{"type":"TEXT","list":[],"listOpen":false}],"formId":"utvidet_operasjonsbestilling/prosedyre/beskrivelse","viewConfig":{"multiplicity":{"min":0,"max":1},"advanced":{"hidden":false,"readonly":false,"hideFrame":false,"render":false},"label":{"custom":false,"useLocalizations":false},"size":{"field":"inherit","label":"inherit"},"layout":{"label":{"valign":"inherit","align":"top"},"field":{"valign":"inherit","align":"inherit"}},"datasource":{"loadRemote":false,"parameters":{}},"annotations":{"description":"Fritekstbeskrivelse av operasjonstype.","select":"{#decision:/activities[at0001]/description[at0009]/items[at0135.1]/value}"},"field":{"lines":null,"input":{}}}}]},{"name":"Prosedyrekode","localizedName":"Prosedyrekode","localizedNames":{"en":"*Prosedyredetaljer (nb)","nb":"Prosedyrekode"},"localizedDescriptions":{"nb":"Detaljer til prosedyre.","en":"*Detaljer til prosedyre. (nb)"},"rmType":"CLUSTER","nodeId":"openEHR-EHR-CLUSTER.procedure_details_dips.v1","min":0,"max":-1,"aqlPath":"/content[openEHR-EHR-ACTION.procedure.v1]/description[at0001]/items[openEHR-EHR-CLUSTER.procedure_details_dips.v1]","inputs":[],"formId":"utvidet_operasjonsbestilling/prosedyre/prosedyredetaljer","viewConfig":{"multiplicity":{"min":0,"max":-1},"advanced":{"hidden":false,"readonly":false,"hideFrame":false,"render":false},"label":{"custom":false,"useLocalizations":false},"size":{"field":"inherit","label":"-1"},"layout":{"label":{"valign":"inherit","align":"top"},"field":{"valign":"inherit","align":"inherit"}},"annotations":{"select":"{#decision:/activities[at0001]/description[at0009]/items[openEHR-EHR-CLUSTER.procedure_details_dips.v1]}"},"field":{},"tags":["HideLabel","ShowAsTable"]},"children":[{"name":"Prosedyrekode","localizedName":"Prosedyrekode","localizedNames":{"en":"*Prosedyrenavn (nb)","nb":"Prosedyrekode"},"localizedDescriptions":{"nb":"Identifisering av bestilt prosedyre. Kodes ofte med en ekstern terminologi.","en":"*Identifisering av bestilt prosedyre. Kodes ofte med en ekstern terminologi. (nb)"},"rmType":"DV_CODED_TEXT","nodeId":"at0001","min":1,"max":1,"aqlPath":"/content[openEHR-EHR-ACTION.procedure.v1]/description[at0001]/items[openEHR-EHR-CLUSTER.procedure_details_dips.v1]/items[at0001]/value","inputs":[{"suffix":"code","type":"TEXT","terminology":"NCSP?subset=NCSP&language=en-GB","listOpen":false},{"suffix":"value","type":"TEXT","terminology":"NCSP?subset=NCSP&language=en-GB","listOpen":false}],"formId":"utvidet_operasjonsbestilling/prosedyre/prosedyredetaljer/prosedyrenavn","viewConfig":{"multiplicity":{"min":1,"max":1},"advanced":{"hidden":false,"readonly":false,"hideFrame":false,"render":false},"label":{"custom":false,"useLocalizations":false},"size":{"field":"inherit","label":"inherit"},"layout":{"label":{"valign":"inherit","align":"inherit"},"field":{"valign":"inherit","align":"inherit"}},"datasource":{"loadRemote":true,"loadRemoteUrl":"NCSP?subset=NCSP&language=en-GB"},"annotations":{"description":""},"field":{}}},{"name":"Legens beskrivelse","localizedName":"Legens beskrivelse","localizedNames":{"en":"*Legens beskrivelse (en)","nb":"Legens beskrivelse"},"localizedDescriptions":{"nb":"En detaljert narrativ beskrivelse av bestilt prosedyre.","en":"*En detaljert narrativ beskrivelse av bestilt prosedyre. (nb)"},"rmType":"DV_TEXT","nodeId":"at0004","min":0,"max":1,"aqlPath":"/content[openEHR-EHR-ACTION.procedure.v1]/description[at0001]/items[openEHR-EHR-CLUSTER.procedure_details_dips.v1]/items[at0004 and name/value='Legens beskrivelse']/value","inputs":[{"type":"TEXT","list":[],"listOpen":false}],"formId":"operatørvurdering/prosedyre/prosedyredetaljer/legens_beskrivelse@Legens beskrivelse","viewConfig":{"multiplicity":{"min":0,"max":1},"advanced":{"hidden":false,"readonly":false,"hideFrame":false,"render":false},"label":{"custom":false,"useLocalizations":false},"size":{"field":"inherit","label":"inherit"},"layout":{"label":{"valign":"inherit","align":"inherit"},"field":{"valign":"inherit","align":"inherit"}},"datasource":{"loadRemote":false,"parameters":{}},"annotations":{},"field":{"lines":null,"input":{}}}},{"name":"Prosedyretype","localizedName":"Prosedyretype","localizedNames":{"en":"*Prosedyretype (nb)","nb":"Prosedyretype"},"localizedDescriptions":{"nb":"Detaljer vedrørende prosedyretype som er bestilt f.eks. kirurgisk, radiologisk etc.","en":"*Detaljer vedrørende prosedyretype som er bestilt f.eks. kirurgisk, radiologisk etc. (nb)"},"rmType":"DV_CODED_TEXT","nodeId":"at0002","min":0,"max":1,"aqlPath":"/content[openEHR-EHR-ACTION.procedure.v1]/description[at0001]/items[openEHR-EHR-CLUSTER.procedure_details_dips.v1]/items[at0002]/value","inputs":[{"suffix":"code","type":"CODED_TEXT","list":[{"value":"399455000","label":"Hovedprosedyre","ordinal":0,"localizedLabels":{"nb":"Hovedprosedyre","en":"*Hovedprosedyre (nb)"},"localizedDescriptions":{}},{"value":"262134003","label":"Sekundærprosedyre","ordinal":0,"localizedLabels":{"nb":"Sekundærprosedyre","en":"*Sekundærprosedyre (nb)"},"localizedDescriptions":{}},{"value":"261554009","label":"Reoperasjon","ordinal":0,"localizedLabels":{"nb":"Reoperasjon","en":"*Reoperasjon (nb)"},"localizedDescriptions":{}}],"listOpen":false}],"formId":"operatørvurdering/prosedyre/prosedyredetaljer/prosedyretype","viewConfig":{"multiplicity":{"min":0,"max":1},"advanced":{"hidden":false,"readonly":false,"hideFrame":false,"render":false},"label":{"custom":false,"useLocalizations":false},"size":{"field":"inherit","label":"inherit"},"layout":{"label":{"valign":"inherit","align":"inherit"},"field":{"valign":"inherit","align":"inherit"}},"annotations":{"description":"Beskriver om prosedyre er hoved-, sekundærprosedyre eller reoperasjon."},"field":{"code":{"presentation":"combobox","columns":"3"}}}}]}]},{"name":"Operasjonsdetaljer","localizedName":"Operasjonsdetaljer","localizedNames":{"en":"*Operasjonsdetaljer (nb)","nb":"Operasjonsdetaljer"},"localizedDescriptions":{"nb":"Detaljer om en operasjon","en":"*Detaljer om en operasjon (nb)"},"rmType":"CLUSTER","nodeId":"openEHR-EHR-CLUSTER.surgery_details_dips.v1","min":1,"max":1,"aqlPath":"/content[openEHR-EHR-ACTION.procedure.v1]/description[at0001]/items[openEHR-EHR-CLUSTER.surgery_details_dips.v1]","inputs":[],"formId":"operatørvurdering/prosedyre/operasjonsdetaljer","viewConfig":{"multiplicity":{"min":1,"max":1},"advanced":{"hidden":false,"readonly":false,"hideFrame":false,"render":false},"label":{"custom":false,"useLocalizations":false},"size":{"field":"inherit","label":"inherit"},"layout":{"label":{"valign":"inherit","align":"top"},"field":{"valign":"inherit","align":"inherit"}},"annotations":{"headerSize":"Text"},"field":{}},"children":[{"name":"Operasjonsleie","localizedName":"Operasjonsleie","localizedNames":{"en":"*Operasjonsleie (nb)","nb":"Operasjonsleie"},"localizedDescriptions":{"nb":"Leiring av pasienten under operasjon f.eks. rygg, mage, sideleie etc.","en":"*Leiring av pasienten under operasjon f.eks. rygg, mage, sideleie etc. (nb)"},"rmType":"DV_TEXT","nodeId":"at0002","min":0,"max":1,"aqlPath":"/content[openEHR-EHR-ACTION.procedure.v1]/description[at0001]/items[openEHR-EHR-CLUSTER.surgery_details_dips.v1]/items[at0002]/value","inputs":[{"type":"TEXT","list":[{"value":"Ryggleie","label":"Ryggleie","ordinal":0,"localizedLabels":{},"localizedDescriptions":{}},{"value":"Ryggleie  med bensprik","label":"Ryggleie  med bensprik","ordinal":0,"localizedLabels":{},"localizedDescriptions":{}},{"value":"Ryggleie med lave benholdere","label":"Ryggleie med lave benholdere","ordinal":0,"localizedLabels":{},"localizedDescriptions":{}},{"value":"Ryggleie med armbord","label":"Ryggleie med armbord","ordinal":0,"localizedLabels":{},"localizedDescriptions":{}},{"value":"Mageleie","label":"Mageleie","ordinal":0,"localizedLabels":{},"localizedDescriptions":{}},{"value":"Sideleie høyre","label":"Sideleie høyre","ordinal":0,"localizedLabels":{},"localizedDescriptions":{}},{"value":"Sideleie venstre","label":"Sideleie venstre","ordinal":0,"localizedLabels":{},"localizedDescriptions":{}},{"value":"Strekk venstre","label":"Strekk venstre","ordinal":0,"localizedLabels":{},"localizedDescriptions":{}},{"value":"Strekk høyre","label":"Strekk høyre","ordinal":0,"localizedLabels":{},"localizedDescriptions":{}},{"value":"Hoftestrekk","label":"Hoftestrekk","ordinal":0,"localizedLabels":{},"localizedDescriptions":{}},{"value":"Calcaneus strekk","label":"Calcaneus strekk","ordinal":0,"localizedLabels":{},"localizedDescriptions":{}},{"value":"Kne - Profix","label":"Kne - Profix","ordinal":0,"localizedLabels":{},"localizedDescriptions":{}},{"value":"Kne - Oxford","label":"Kne - Oxford","ordinal":0,"localizedLabels":{},"localizedDescriptions":{}},{"value":"Ryggleie total kneprotese","label":"Ryggleie total kneprotese","ordinal":0,"localizedLabels":{},"localizedDescriptions":{}},{"value":"Beachchair","label":"Beachchair","ordinal":0,"localizedLabels":{},"localizedDescriptions":{}},{"value":"Gyn","label":"Gyn","ordinal":0,"localizedLabels":{},"localizedDescriptions":{}},{"value":"Skråleie","label":"Skråleie","ordinal":0,"localizedLabels":{},"localizedDescriptions":{}}],"listOpen":true}],"formId":"operatørvurdering/prosedyre/operasjonsdetaljer/operasjonsleie","viewConfig":{"multiplicity":{"min":0,"max":1},"advanced":{"hidden":false,"readonly":false,"hideFrame":false,"render":false},"label":{"custom":false,"useLocalizations":false},"size":{"field":"inherit","label":"inherit"},"layout":{"label":{"valign":"inherit","align":"inherit"},"field":{"valign":"inherit","align":"inherit"}},"datasource":{"loadRemote":false,"parameters":{}},"annotations":{},"field":{"input":{"presentation":"combobox","columns":"17"}}}},{"name":"Avdekning/incisjon","localizedName":"Avdekning/incisjon","localizedNames":{"en":"*Avdekning/incisjon (nb)","nb":"Avdekning/incisjon"},"localizedDescriptions":{"nb":"Avdekning og incisjon for et kirugisk inngrep.","en":"*Avdekning og incisjon for et kirugisk inngrep. (nb)"},"rmType":"CLUSTER","nodeId":"at0003","min":1,"max":1,"aqlPath":"/content[openEHR-EHR-ACTION.procedure.v1]/description[at0001]/items[openEHR-EHR-CLUSTER.surgery_details_dips.v1]/items[at0003]","inputs":[],"formId":"operatørvurdering/prosedyre/operasjonsdetaljer/avdekning_incisjon","viewConfig":{"multiplicity":{"min":1,"max":1},"advanced":{"hidden":false,"readonly":false,"hideFrame":false,"render":false},"label":{"custom":false,"useLocalizations":false},"size":{"field":"inherit","label":"-1"},"layout":{"label":{"valign":"inherit","align":"inherit"},"field":{"valign":"inherit","align":"inherit"}},"annotations":{},"field":{},"tags":["HideLabel"]},"children":[{"name":"Avdekning/incisjon","localizedName":"Avdekning/incisjon","localizedNames":{"en":"*Avdekning/incisjon (nb)","nb":"Avdekning/incisjon"},"localizedDescriptions":{"nb":"Avdekning og incisjon for et kirugisk inngrep.","en":"*Avdekning og incisjon for et kirugisk inngrep. (nb)"},"rmType":"DV_TEXT","nodeId":"at0004","min":0,"max":1,"aqlPath":"/content[openEHR-EHR-ACTION.procedure.v1]/description[at0001]/items[openEHR-EHR-CLUSTER.surgery_details_dips.v1]/items[at0003]/items[at0004]/value","inputs":[{"type":"TEXT","list":[],"listOpen":false}],"formId":"operatørvurdering/prosedyre/operasjonsdetaljer/avdekning_incisjon/avdekning_incisjon","viewConfig":{"multiplicity":{"min":0,"max":1},"advanced":{"hidden":false,"readonly":false,"hideFrame":false,"render":false},"label":{"custom":false,"useLocalizations":false},"size":{"field":"inherit","label":"inherit"},"layout":{"label":{"valign":"inherit","align":"inherit"},"field":{"valign":"inherit","align":"inherit"}},"datasource":{"loadRemote":false,"parameters":{}},"annotations":{},"field":{"lines":null,"input":{}}}},{"name":"Side","localizedName":"Side","localizedNames":{"en":"*Side (nb)","nb":"Side"},"localizedDescriptions":{"nb":"Side som skal avdekkes under operasjon.","en":"*Side som skal avdekkes under operasjon. (nb)"},"rmType":"DV_CODED_TEXT","nodeId":"at0005","min":1,"max":1,"aqlPath":"/content[openEHR-EHR-ACTION.procedure.v1]/description[at0001]/items[openEHR-EHR-CLUSTER.surgery_details_dips.v1]/items[at0003]/items[at0005]/value","inputs":[{"suffix":"code","type":"CODED_TEXT","list":[{"value":"7771000","label":"Venstre","ordinal":0,"localizedLabels":{"nb":"Venstre","en":"*Venstre (nb)"},"localizedDescriptions":{}},{"value":"24028007","label":"Høyre","ordinal":0,"localizedLabels":{"nb":"Høyre","en":"*Høyre (nb)"},"localizedDescriptions":{}},{"value":"51440002","label":"Bilateral","ordinal":0,"localizedLabels":{"nb":"Bilateral","en":"*Bilateral (nb)"},"localizedDescriptions":{}},{"value":"385432009","label":"Ikke aktuelt","ordinal":0,"localizedLabels":{"nb":"Ikke aktuelt","en":"*Ikke aktuelt (nb)"},"localizedDescriptions":{}}],"listOpen":false}],"formId":"operatørvurdering/prosedyre/operasjonsdetaljer/avdekning_incisjon/side","viewConfig":{"multiplicity":{"min":1,"max":1},"advanced":{"hidden":false,"readonly":false,"hideFrame":false,"render":false},"label":{"custom":false,"useLocalizations":false},"size":{"field":"inherit","label":"inherit"},"layout":{"label":{"valign":"inherit","align":"inherit"},"field":{"valign":"inherit","align":"inherit"}},"annotations":{},"field":{"code":{"presentation":"radios","columns":"4"}},"tags":["ShowAsRadios"]}}]},{"name":"Kommentar","localizedName":"Kommentar","localizedNames":{"en":"*Kommentar (nb)","nb":"Kommentar"},"localizedDescriptions":{"nb":"Informasjon vedrørende inngrepet, som er viktig å formidle, men som ikke er en advarsel. ","en":"*Informasjon vedrørende inngrepet, som er viktig å formidle, men som ikke er en advarsel.  (nb)"},"rmType":"DV_TEXT","nodeId":"at0008","min":0,"max":1,"aqlPath":"/content[openEHR-EHR-ACTION.procedure.v1]/description[at0001]/items[openEHR-EHR-CLUSTER.surgery_details_dips.v1]/items[at0008]/value","inputs":[{"type":"TEXT","list":[],"listOpen":false}],"formId":"operatørvurdering/prosedyre/operasjonsdetaljer/kommentar","viewConfig":{"multiplicity":{"min":0,"max":1},"advanced":{"hidden":false,"readonly":false,"hideFrame":false,"render":false},"label":{"custom":false,"useLocalizations":false},"size":{"field":"inherit","label":"inherit"},"layout":{"label":{"valign":"inherit","align":"inherit"},"field":{"valign":"inherit","align":"inherit"}},"datasource":{"loadRemote":false,"parameters":{}},"annotations":{},"field":{"lines":"3","input":{"lines":3}}}}]},{"name":"Fieldset","localizedName":"Fieldset","localizedNames":{"en":"*Fieldset (en)","nb":"Planlagt profylakse under operasjon"},"localizedDescriptions":{},"rmType":"GENERIC_FIELDSET","min":1,"max":1,"inputs":[],"formId":"generic-field-03641","viewConfig":{"multiplicity":{"min":1,"max":1},"advanced":{"hidden":false,"readonly":false,"hideFrame":false,"render":false},"label":{"custom":false,"useLocalizations":false},"size":{"field":"inherit","label":"inherit"},"layout":{"label":{"valign":"inherit","align":"top"},"field":{"valign":"inherit","align":"inherit"}},"annotations":{},"field":{"formId":null,"name":null}},"children":[{"name":"Begrunnelse","localizedName":"Begrunnelse","localizedNames":{"en":"*Begrunnelse (nb)","nb":"Antibiotikaprofylakse"},"localizedDescriptions":{"nb":"Begrunnelse for anbefalingen.","en":"*Begrunnelse for anbefalingen. (nb)"},"rmType":"DV_CODED_TEXT","nodeId":"at0003","min":0,"max":1,"aqlPath":"/content[openEHR-EHR-EVALUATION.recommendation.v1 and name/value='Antibiotikaprofylakse under operasjon']/data[at0001]/items[at0003]/value","inputs":[{"suffix":"code","type":"TEXT","terminology":"ARK-UDS-D-OPR-AB-PROFYLAKSE?subset=ARK-UDS-D-OPR-AB-PROFYLAKSE&language=en-GB","listOpen":false},{"suffix":"value","type":"TEXT","terminology":"ARK-UDS-D-OPR-AB-PROFYLAKSE?subset=ARK-UDS-D-OPR-AB-PROFYLAKSE&language=en-GB","listOpen":false}],"formId":"operatørvurdering/antibiotikaprofylakse_under_operasjon@Antibiotikaprofylakse under operasjon/begrunnelse","viewConfig":{"multiplicity":{"min":0,"max":1},"advanced":{"hidden":false,"readonly":false,"hideFrame":false,"render":false},"label":{"custom":false,"useLocalizations":false},"size":{"field":"inherit","label":"inherit"},"layout":{"label":{"valign":"inherit","align":"inherit"},"field":{"valign":"inherit","align":"inherit"}},"datasource":{"loadRemote":true,"loadRemoteUrl":"ARK-UDS-D-OPR-AB-PROFYLAKSE?subset=ARK-UDS-D-OPR-AB-PROFYLAKSE&language=en-GB"},"annotations":{"codeditem.displayformat":"name"},"field":{}}},{"name":"Begrunnelse","localizedName":"Begrunnelse","localizedNames":{"en":"*Begrunnelse (nb)","nb":"Tromboseprofylakse"},"localizedDescriptions":{"nb":"Begrunnelse for anbefalingen.","en":"*Begrunnelse for anbefalingen. (nb)"},"rmType":"DV_CODED_TEXT","nodeId":"at0003","min":0,"max":1,"aqlPath":"/content[openEHR-EHR-EVALUATION.recommendation.v1 and name/value='Tromboseprofylakse under operasjon']/data[at0001]/items[at0003]/value","inputs":[{"suffix":"code","type":"TEXT","terminology":"ARK-UDS-D-OPR-TROMBOSEPROFYLAKSE?subset=ARK-UDS-D-OPR-TROMBOSEPROFYLAKSE&language=en-GB","listOpen":false},{"suffix":"value","type":"TEXT","terminology":"ARK-UDS-D-OPR-TROMBOSEPROFYLAKSE?subset=ARK-UDS-D-OPR-TROMBOSEPROFYLAKSE&language=en-GB","listOpen":false}],"formId":"operatørvurdering/tromboseprofylakse_under_operasjon@Tromboseprofylakse under operasjon/begrunnelse","viewConfig":{"multiplicity":{"min":0,"max":1},"advanced":{"hidden":false,"readonly":false,"hideFrame":false,"render":false},"label":{"custom":false,"useLocalizations":false},"size":{"field":"inherit","label":"inherit"},"layout":{"label":{"valign":"inherit","align":"inherit"},"field":{"valign":"inherit","align":"inherit"}},"datasource":{"loadRemote":true,"loadRemoteUrl":"ARK-UDS-D-OPR-TROMBOSEPROFYLAKSE?subset=ARK-UDS-D-OPR-TROMBOSEPROFYLAKSE&language=en-GB"},"annotations":{"codeditem.displayformat":"name"},"field":{}}},{"name":"Begrunnelse","localizedName":"Begrunnelse","localizedNames":{"en":"*Begrunnelse (nb)","nb":"Fibrinolysehemmer"},"localizedDescriptions":{"nb":"Begrunnelse for anbefalingen.","en":"*Begrunnelse for anbefalingen. (nb)"},"rmType":"DV_CODED_TEXT","nodeId":"at0003","min":0,"max":1,"aqlPath":"/content[openEHR-EHR-EVALUATION.recommendation.v1 and name/value='Fibrinolysehemmer']/data[at0001]/items[at0003]/value","inputs":[{"suffix":"code","type":"TEXT","terminology":"ARK-UDS-D-OPR-FIBRINOLYSEHEMMERE?subset=ARK-UDS-D-OPR-FIBRINOLYSEHEMMERE&language=en-GB","listOpen":false},{"suffix":"value","type":"TEXT","terminology":"ARK-UDS-D-OPR-FIBRINOLYSEHEMMERE?subset=ARK-UDS-D-OPR-FIBRINOLYSEHEMMERE&language=en-GB","listOpen":false}],"formId":"operatørvurdering/fibrinolysehemmer@Fibrinolysehemmer/begrunnelse","viewConfig":{"multiplicity":{"min":0,"max":1},"advanced":{"hidden":false,"readonly":false,"hideFrame":false,"render":false},"label":{"custom":false,"useLocalizations":false},"size":{"field":"inherit","label":"inherit"},"layout":{"label":{"valign":"inherit","align":"inherit"},"field":{"valign":"inherit","align":"inherit"}},"datasource":{"loadRemote":true,"loadRemoteUrl":"ARK-UDS-D-OPR-FIBRINOLYSEHEMMERE?subset=ARK-UDS-D-OPR-FIBRINOLYSEHEMMERE&language=en-GB"},"annotations":{"codeditem.displayformat":"name"},"field":{}}}]}]}