[{"col":1,"row":1,"width":6,"height":26,"children":[{"id":"operatørvurdering/endelig_klarering_av_operatør@Endelig klarering av operatør","rows":[{"cols":[{"width":"100%","children":[{"id":"operatørvurdering/endelig_klarering_av_operatør@Endelig klarering av operatør/klarering_operatør@Klarering operatør","rows":[{"cols":[{"width":"100%","children":[{"id":"operatørvurdering/endelig_klarering_av_operatør@Endelig klarering av operatør/klarering_operatør@Klarering operatør/ism_transition","rows":[{"cols":[{"width":"100%","children":[{"id":"operatørvurdering/endelig_klarering_av_operatør@Endelig klarering av operatør/klarering_operatør@Klarering operatør/ism_transition/current_state","rows":[]},{"id":"operatørvurdering/endelig_klarering_av_operatør@Endelig klarering av operatør/klarering_operatør@Klarering operatør/ism_transition/careflow_step","rows":[]}]}]}]},{"id":"operatørvurdering/endelig_klarering_av_operatør@Endelig klarering av operatør/klarering_operatør@Klarering operatør/prosedyrenavn","rows":[]},{"id":"operatørvurdering/endelig_klarering_av_operatør@Endelig klarering av operatør/klarering_operatør@Klarering operatør/provider","rows":[]},{"id":"operatørvurdering/endelig_klarering_av_operatør@Endelig klarering av operatør/klarering_operatør@Klarering operatør/resultat","rows":[]},{"id":"operatørvurdering/endelig_klarering_av_operatør@Endelig klarering av operatør/klarering_operatør@Klarering operatør/kommentar","rows":[]}]}]}]}]}]}]}]},{"col":7,"row":1,"width":6,"height":26,"children":[{"id":"generic-field-93700","rows":[]}]},{"col":1,"row":27,"width":12,"height":46,"children":[{"id":"generic-field-15703","rows":[{"cols":[{"width":"60%","children":[{"id":"utvidet_operasjonsbestilling/problem_diagnose","rows":[{"cols":[{"width":"100%","children":[{"id":"utvidet_operasjonsbestilling/problem_diagnose/indikasjon@Indikasjon","rows":[]}]}]}]}]},{"width":"40%","children":[{"id":"operatørvurdering/prosedyre/reoperasjonsdetaljer","rows":[{"cols":[{"width":"100%","children":[{"id":"operatørvurdering/prosedyre/reoperasjonsdetaljer/årsak_til_reoperasjon","rows":[]}]}]}]}]}]},{"cols":[{"width":"100%","children":[{"id":"utvidet_operasjonsbestilling/problem_diagnose/problem_diagnose_detaljer","rows":[{"cols":[{"width":"100%","children":[{"id":"utvidet_operasjonsbestilling/problem_diagnose/problem_diagnose_detaljer/diagnosenavn","rows":[]}]}]}]}]}]},{"cols":[{"width":"100%","children":[]}]}]},{"id":"utvidet_operasjonsbestilling/prosedyre","rows":[{"cols":[{"width":"100%","children":[{"id":"operatørvurdering/prosedyre/ism_transition","rows":[{"cols":[{"width":"100%","children":[{"id":"operatørvurdering/prosedyre/ism_transition/transition","rows":[]},{"id":"operatørvurdering/prosedyre/ism_transition/current_state","rows":[]},{"id":"operatørvurdering/prosedyre/ism_transition/careflow_step","rows":[]}]}]}]},{"id":"operatørvurdering/prosedyre/prosedyretype","rows":[]},{"id":"generic-field-04346","rows":[{"cols":[{"width":"60%","children":[{"id":"utvidet_operasjonsbestilling/prosedyre/operasjonstype@Operasjonstype","rows":[]}]},{"width":"40%","children":[{"id":"utvidet_operasjonsbestilling/prosedyre/beskrivelse","rows":[]}]}]}]},{"id":"utvidet_operasjonsbestilling/prosedyre/prosedyredetaljer","rows":[{"cols":[{"width":"100%","children":[{"id":"utvidet_operasjonsbestilling/prosedyre/prosedyredetaljer/prosedyrenavn","rows":[]},{"id":"operatørvurdering/prosedyre/prosedyredetaljer/legens_beskrivelse@Legens beskrivelse","rows":[]},{"id":"operatørvurdering/prosedyre/prosedyredetaljer/prosedyretype","rows":[]}]}]}]}]}]}]}]},{"col":1,"row":73,"width":12,"height":24,"children":[{"id":"operatørvurdering/prosedyre/operasjonsdetaljer","rows":[{"cols":[{"width":"58%","children":[{"id":"operatørvurdering/prosedyre/operasjonsdetaljer/operasjonsleie","rows":[]},{"id":"operatørvurdering/prosedyre/operasjonsdetaljer/avdekning_incisjon","rows":[{"cols":[{"width":"100%","children":[{"id":"operatørvurdering/prosedyre/operasjonsdetaljer/avdekning_incisjon/avdekning_incisjon","rows":[]},{"id":"operatørvurdering/prosedyre/operasjonsdetaljer/avdekning_incisjon/side","rows":[]}]}]}]}]},{"width":"42%","children":[{"id":"operatørvurdering/prosedyre/operasjonsdetaljer/kommentar","rows":[]}]}]}]},{"id":"generic-field-03641","rows":[{"cols":[{"width":"100%","children":[{"id":"operatørvurdering/antibiotikaprofylakse_under_operasjon@Antibiotikaprofylakse under operasjon/begrunnelse","rows":[]},{"id":"operatørvurdering/tromboseprofylakse_under_operasjon@Tromboseprofylakse under operasjon/begrunnelse","rows":[]},{"id":"operatørvurdering/fibrinolysehemmer@Fibrinolysehemmer/begrunnelse","rows":[]}]}]}]}]}]