{"name":"Form root","localizedNames":{},"localizedDescriptions":{},"rmType":"FORM_DEFINITION","min":0,"max":0,"formId":"form_root","viewConfig":{"label":{"custom":false,"useLocalizations":false},"size":{"field":"inherit","label":"inherit"},"layout":{"label":{"valign":"inherit","align":"inherit"},"field":{"valign":"inherit","align":"inherit"}},"annotations":{"#decision":"SELECT c/uid/value as cid, i \r\nFROM COMPOSITION c \r\nCONTAINS INSTRUCTION i[openEHR-EHR-INSTRUCTION.request-procedure.v1] \r\nWHERE c/archetype_details/template_id/value = 'SurgeryRequest' \r\nORDER BY c/context/start_time/value DESC FETCH 1?scope=folder","#SurgeryEmergencyPriority":"select c2/items[at0009]/value/defining_code/code_string from composition c contains CLUSTER c2[openEHR-EHR-CLUSTER.priority_details_dips.v1] order by c/context/start/time desc fetch 1?scope=folder"}},"children":[{"name":"Admin planlegging","localizedName":"Preoperativ administrativ planlegging","localizedNames":{"en":"*Admin planlegging (en)","nb":"Preoperativ administrativ planlegging"},"localizedDescriptions":{"nb":"En generisk seksjonsoverskrift som skal gis nytt navn i en templat for å passe i en gitt klinisk kontekst.","en":"*En generisk seksjonsoverskrift som skal gis nytt navn i en templat for å passe i en gitt klinisk kontekst. (nb)"},"rmType":"SECTION","nodeId":"openEHR-EHR-SECTION.adhoc.v1","min":1,"max":1,"aqlPath":"/content[openEHR-EHR-SECTION.adhoc.v1 and name/value='Admin planlegging']","inputs":[],"formId":"operatørvurdering/admin_planlegging@Admin planlegging","viewConfig":{"multiplicity":{"min":1,"max":1},"advanced":{"hidden":false,"readonly":false,"hideFrame":false,"render":false},"label":{"custom":false,"useLocalizations":false},"size":{"field":"inherit","label":"-1"},"layout":{"label":{"valign":"inherit","align":"inherit"},"field":{"valign":"inherit","align":"inherit"}},"annotations":{},"field":{},"tags":["HideLabel"]},"children":[{"name":"Preoperativ administrativ planlegging","localizedName":"Preoperativ administrativ planlegging","localizedNames":{"en":"*Preoperativ administrativ planlegging (nb)","nb":"Preoperativ administrativ planlegging"},"localizedDescriptions":{"nb":"unknown","en":"*unknown (nb)"},"rmType":"ADMIN_ENTRY","nodeId":"openEHR-EHR-ADMIN_ENTRY.surgery_administrative_planning_dips.v1","min":1,"max":1,"aqlPath":"/content[openEHR-EHR-SECTION.adhoc.v1 and name/value='Admin planlegging']/items[openEHR-EHR-ADMIN_ENTRY.surgery_administrative_planning_dips.v1]","inputs":[],"formId":"operatørvurdering/admin_planlegging@Admin planlegging/preoperativ_administrativ_planlegging","viewConfig":{"multiplicity":{"min":1,"max":1},"advanced":{"hidden":false,"readonly":false,"hideFrame":false,"render":false},"label":{"custom":false,"useLocalizations":false},"size":{"field":"inherit","label":"inherit"},"layout":{"label":{"valign":"inherit","align":"inherit"},"field":{"valign":"inherit","align":"inherit"}},"annotations":{},"field":{}},"children":[{"name":"Turnuslege skal ta innkomst","localizedName":"Turnuslege skal ta innkomst","localizedNames":{"en":"*Turnuslege skal ta innkomst (nb)","nb":"Turnuslege skal ta innkomst"},"localizedDescriptions":{"nb":"Turnuslege skal ta innkomst","en":"*Turnuslege skal ta innkomst (nb)"},"rmType":"DV_BOOLEAN","nodeId":"at0004","min":0,"max":1,"aqlPath":"/content[openEHR-EHR-SECTION.adhoc.v1 and name/value='Admin planlegging']/items[openEHR-EHR-ADMIN_ENTRY.surgery_administrative_planning_dips.v1]/data[at0001]/items[at0004]/value","inputs":[{"type":"BOOLEAN","list":[{"value":"true","label":"true","ordinal":0,"localizedLabels":{},"localizedDescriptions":{}}],"defaultValue":"False","listOpen":false}],"formId":"operatørvurdering/admin_planlegging@Admin planlegging/preoperativ_administrativ_planlegging/turnuslege_skal_ta_innkomst","viewConfig":{"multiplicity":{"min":0,"max":1},"advanced":{"hidden":false,"readonly":false,"hideFrame":false,"render":false},"label":{"custom":false,"useLocalizations":false},"size":{"field":"inherit","label":"inherit"},"layout":{"label":{"valign":"inherit","align":"inherit"},"field":{"valign":"inherit","align":"inherit"}},"annotations":{},"field":{"input":{"threeState":false}}}},{"name":"Ønsker rehab opphold","localizedName":"Ønsker rehab opphold","localizedNames":{"en":"*Ønsker rehab opphold (nb)","nb":"Ønsker rehab opphold"},"localizedDescriptions":{"nb":"Pasienten ønsker rehab opphold.","en":"*Pasienten ønsker rehab opphold. (nb)"},"rmType":"DV_BOOLEAN","nodeId":"at0007","min":0,"max":1,"aqlPath":"/content[openEHR-EHR-SECTION.adhoc.v1 and name/value='Admin planlegging']/items[openEHR-EHR-ADMIN_ENTRY.surgery_administrative_planning_dips.v1]/data[at0001]/items[at0007]/value","inputs":[{"type":"BOOLEAN","list":[{"value":"true","label":"true","ordinal":0,"localizedLabels":{},"localizedDescriptions":{}}],"defaultValue":"False","listOpen":false}],"formId":"operatørvurdering/admin_planlegging@Admin planlegging/preoperativ_administrativ_planlegging/ønsker_rehab_opphold","viewConfig":{"multiplicity":{"min":0,"max":1},"advanced":{"hidden":false,"readonly":false,"hideFrame":false,"render":false},"label":{"custom":false,"useLocalizations":false},"size":{"field":"inherit","label":"inherit"},"layout":{"label":{"valign":"inherit","align":"inherit"},"field":{"valign":"inherit","align":"inherit"}},"annotations":{},"field":{"input":{"threeState":false}}}},{"name":"Kort varsel","localizedName":"Kort varsel","localizedNames":{"en":"*Kort varsel (nb)","nb":"Kort varsel"},"localizedDescriptions":{"nb":"Pasienten kan komme på kort varsel","en":"*Pasienten kan komme på kort varsel (nb)"},"rmType":"DV_BOOLEAN","nodeId":"at0008","min":0,"max":1,"aqlPath":"/content[openEHR-EHR-SECTION.adhoc.v1 and name/value='Admin planlegging']/items[openEHR-EHR-ADMIN_ENTRY.surgery_administrative_planning_dips.v1]/data[at0001]/items[at0008]/value","inputs":[{"type":"BOOLEAN","list":[{"value":"true","label":"true","ordinal":0,"localizedLabels":{},"localizedDescriptions":{}}],"defaultValue":"False","listOpen":false}],"formId":"operatørvurdering/admin_planlegging@Admin planlegging/preoperativ_administrativ_planlegging/kort_varsel","viewConfig":{"multiplicity":{"min":0,"max":1},"advanced":{"hidden":false,"readonly":false,"hideFrame":false,"render":false},"label":{"custom":false,"useLocalizations":false},"size":{"field":"inherit","label":"inherit"},"layout":{"label":{"valign":"inherit","align":"inherit"},"field":{"valign":"inherit","align":"inherit"}},"annotations":{},"field":{"input":{"threeState":false}}}},{"name":"Spacer","localizedName":"","localizedNames":{"nb":""},"localizedDescriptions":{},"rmType":"GENERIC_SPACER","min":0,"max":1,"inputs":[],"formId":"generic-field-31717","viewConfig":{"annotations":{},"field":{"height":25,"input":{"height":25}}}}]},{"name":"Spacer","localizedName":"","localizedNames":{"nb":""},"localizedDescriptions":{},"rmType":"GENERIC_SPACER","min":0,"max":1,"inputs":[],"formId":"generic-field-01773","viewConfig":{"annotations":{},"field":{"height":25,"input":{"height":25}}}},{"name":"Medisink vurdering","localizedName":"Medisink vurdering","localizedNames":{"en":"*Medisink vurdering (nb)","nb":"Medisink vurdering"},"localizedDescriptions":{"nb":"Infomrasjon om pasienten er henvist medisink vurdering.","en":"*Infomrasjon om pasienten er henvist medisink vurdering. (nb)"},"rmType":"CLUSTER","nodeId":"at0010","min":1,"max":1,"aqlPath":"/content[openEHR-EHR-SECTION.adhoc.v1 and name/value='Admin planlegging']/items[openEHR-EHR-ADMIN_ENTRY.surgery_administrative_planning_dips.v1]/data[at0001]/items[at0010]","inputs":[],"formId":"operatørvurdering/admin_planlegging@Admin planlegging/preoperativ_administrativ_planlegging/medisink_vurdering","viewConfig":{"multiplicity":{"min":1,"max":1},"advanced":{"hidden":false,"readonly":false,"hideFrame":false,"render":false},"label":{"custom":false,"useLocalizations":false},"size":{"field":"inherit","label":"-1"},"layout":{"label":{"valign":"inherit","align":"inherit"},"field":{"valign":"inherit","align":"inherit"}},"annotations":{},"field":{},"tags":["HideLabel"]},"children":[{"name":"Er henvist medisink vurdering","localizedName":"Er henvist medisink vurdering","localizedNames":{"en":"*Er henvist medisink vurdering (nb)","nb":"Er henvist medisink vurdering"},"localizedDescriptions":{"nb":"Pasienten er henvist medisink vurdering.","en":"*Pasienten er henvist medisink vurdering. (nb)"},"rmType":"DV_BOOLEAN","nodeId":"at0009","min":0,"max":1,"aqlPath":"/content[openEHR-EHR-SECTION.adhoc.v1 and name/value='Admin planlegging']/items[openEHR-EHR-ADMIN_ENTRY.surgery_administrative_planning_dips.v1]/data[at0001]/items[at0010]/items[at0009]/value","inputs":[{"type":"BOOLEAN","list":[{"value":"true","label":"true","ordinal":0,"localizedLabels":{},"localizedDescriptions":{}}],"defaultValue":"False","listOpen":false}],"formId":"operatørvurdering/admin_planlegging@Admin planlegging/preoperativ_administrativ_planlegging/medisink_vurdering/er_henvist_medisink_vurdering","viewConfig":{"multiplicity":{"min":0,"max":1},"advanced":{"hidden":false,"readonly":false,"hideFrame":false,"render":false},"label":{"custom":false,"useLocalizations":false},"size":{"field":"inherit","label":"inherit"},"layout":{"label":{"valign":"inherit","align":"inherit"},"field":{"valign":"inherit","align":"inherit"}},"annotations":{},"field":{"input":{"threeState":false}}}},{"name":"Utført dato","localizedName":"Utført dato","localizedNames":{"en":"*Utført dato (nb)","nb":"Utført dato"},"localizedDescriptions":{"nb":"Dato for når medisinsk vurdering er utført.","en":"*Dato for når medisinsk vurdering er utført. (nb)"},"rmType":"DV_DATE_TIME","nodeId":"at0011","min":0,"max":1,"aqlPath":"/content[openEHR-EHR-SECTION.adhoc.v1 and name/value='Admin planlegging']/items[openEHR-EHR-ADMIN_ENTRY.surgery_administrative_planning_dips.v1]/data[at0001]/items[at0010]/items[at0011]/value","inputs":[{"type":"DATETIME","listOpen":false}],"formId":"operatørvurdering/admin_planlegging@Admin planlegging/preoperativ_administrativ_planlegging/medisink_vurdering/utført_dato","viewConfig":{"multiplicity":{"min":0,"max":1},"advanced":{"hidden":false,"readonly":false,"hideFrame":false,"render":false},"label":{"custom":false,"useLocalizations":false},"size":{"field":"inherit","label":"inherit"},"layout":{"label":{"valign":"inherit","align":"top"},"field":{"valign":"inherit","align":"inherit"}},"annotations":{},"field":{"input":{"hideTime":false,"dateFormat":"","hideDate":false}}}}]},{"name":"Preoperativ røntgen","localizedName":"Preoperativ røntgen","localizedNames":{"en":"*Preoperativ røntgen (nb)","nb":"Preoperativ røntgen"},"localizedDescriptions":{"nb":"Informasjon om preoperativ røntgen.","en":"*Informasjon om preoperativ røntgen. (nb)"},"rmType":"CLUSTER","nodeId":"at0013","min":1,"max":1,"aqlPath":"/content[openEHR-EHR-SECTION.adhoc.v1 and name/value='Admin planlegging']/items[openEHR-EHR-ADMIN_ENTRY.surgery_administrative_planning_dips.v1]/data[at0001]/items[at0013]","inputs":[],"formId":"operatørvurdering/admin_planlegging@Admin planlegging/preoperativ_administrativ_planlegging/preoperativ_røntgen","viewConfig":{"multiplicity":{"min":1,"max":1},"advanced":{"hidden":false,"readonly":false,"hideFrame":false,"render":false},"label":{"custom":false,"useLocalizations":false},"size":{"field":"inherit","label":"-1"},"layout":{"label":{"valign":"inherit","align":"inherit"},"field":{"valign":"inherit","align":"inherit"}},"annotations":{},"field":{},"tags":["HideLabel"]},"children":[{"name":"Er henvist rtg. preop.","localizedName":"Er henvist rtg. preop.","localizedNames":{"en":"*Er henvist rtg. preop. (nb)","nb":"Er henvist rtg. preop."},"localizedDescriptions":{"nb":"Pasienten er henvist til preoperativ røntgen.","en":"*Pasienten er henvist til preoperativ røntgen. (nb)"},"rmType":"DV_BOOLEAN","nodeId":"at0012","min":0,"max":1,"aqlPath":"/content[openEHR-EHR-SECTION.adhoc.v1 and name/value='Admin planlegging']/items[openEHR-EHR-ADMIN_ENTRY.surgery_administrative_planning_dips.v1]/data[at0001]/items[at0013]/items[at0012]/value","inputs":[{"type":"BOOLEAN","list":[{"value":"true","label":"true","ordinal":0,"localizedLabels":{},"localizedDescriptions":{}}],"defaultValue":"False","listOpen":false}],"formId":"operatørvurdering/admin_planlegging@Admin planlegging/preoperativ_administrativ_planlegging/preoperativ_røntgen/er_henvist_rtg._preop.","viewConfig":{"multiplicity":{"min":0,"max":1},"advanced":{"hidden":false,"readonly":false,"hideFrame":false,"render":false},"label":{"custom":false,"useLocalizations":false},"size":{"field":"inherit","label":"inherit"},"layout":{"label":{"valign":"inherit","align":"inherit"},"field":{"valign":"inherit","align":"inherit"}},"annotations":{},"field":{"input":{"threeState":false}}}},{"name":"Fått time","localizedName":"Fått time","localizedNames":{"en":"*Fått time (en)","nb":"Fått time"},"localizedDescriptions":{"nb":"Dato for når pasienten har fått time til preoperativ røntgen.","en":"*Dato for når pasienten har fått time til preoperativ røntgen. (nb)"},"rmType":"DV_DATE_TIME","nodeId":"at0014","min":0,"max":1,"aqlPath":"/content[openEHR-EHR-SECTION.adhoc.v1 and name/value='Admin planlegging']/items[openEHR-EHR-ADMIN_ENTRY.surgery_administrative_planning_dips.v1]/data[at0001]/items[at0013]/items[at0014 and name/value='Fått time']/value","inputs":[{"type":"DATETIME","listOpen":false}],"formId":"operatørvurdering/admin_planlegging@Admin planlegging/preoperativ_administrativ_planlegging/preoperativ_røntgen/fått_time@Fått time","viewConfig":{"multiplicity":{"min":0,"max":1},"advanced":{"hidden":false,"readonly":false,"hideFrame":false,"render":false},"label":{"custom":false,"useLocalizations":false},"size":{"field":"inherit","label":"inherit"},"layout":{"label":{"valign":"inherit","align":"top"},"field":{"valign":"inherit","align":"inherit"}},"annotations":{},"field":{"input":{"hideTime":false,"dateFormat":"","hideDate":false}}}}]}]},{"name":"Fieldset","localizedName":"Fieldset","localizedNames":{"en":"*Fieldset (en)","nb":"Fieldset"},"localizedDescriptions":{},"rmType":"GENERIC_FIELDSET","min":0,"max":1,"inputs":[],"formId":"generic-field-86527","viewConfig":{"multiplicity":{"min":0,"max":1},"advanced":{"hidden":false,"readonly":false,"hideFrame":false,"render":false},"label":{"custom":false,"useLocalizations":false},"size":{"field":"inherit","label":"-1"},"layout":{"label":{"valign":"inherit","align":"inherit"},"field":{"valign":"inherit","align":"inherit"}},"annotations":{},"field":{"formId":null,"name":null},"tags":["HideLabel"]},"children":[{"name":"Oppmøte","localizedName":"Oppmøte","localizedNames":{"en":"*Oppmøte (nb)","nb":"Oppmøte"},"localizedDescriptions":{"nb":"Hvor skal pasienten møte? Bruk gjerne intenre kodeverk.","en":"*Hvor skal pasienten møte? Bruk gjerne intenre kodeverk. (nb)"},"rmType":"DV_CODED_TEXT","nodeId":"at0002","min":0,"max":1,"aqlPath":"/content[openEHR-EHR-SECTION.adhoc.v1 and name/value='Admin planlegging']/items[openEHR-EHR-ADMIN_ENTRY.surgery_administrative_planning_dips.v1]/data[at0001]/items[at0002]/value","inputs":[{"suffix":"code","type":"TEXT","terminology":"ARK-UDS-D-ADM-OPPMOETE?subset=ARK-UDS-D-ADM-OPPMOETE&language=en-GB","listOpen":false},{"suffix":"value","type":"TEXT","terminology":"ARK-UDS-D-ADM-OPPMOETE?subset=ARK-UDS-D-ADM-OPPMOETE&language=en-GB","listOpen":false}],"formId":"operatørvurdering/admin_planlegging@Admin planlegging/preoperativ_administrativ_planlegging/oppmøte","viewConfig":{"multiplicity":{"min":0,"max":1},"advanced":{"hidden":false,"readonly":false,"hideFrame":false,"render":false},"label":{"custom":false,"useLocalizations":false},"size":{"field":"inherit","label":"inherit"},"layout":{"label":{"valign":"inherit","align":"top"},"field":{"valign":"inherit","align":"inherit"}},"datasource":{"loadRemote":true,"loadRemoteUrl":"ARK-UDS-D-ADM-OPPMOETE?subset=ARK-UDS-D-ADM-OPPMOETE&language=en-GB","parameters":{}},"annotations":{},"field":{},"tags":["ShowAsCombobox"]}},{"name":"Beskjed til koordinator","localizedName":"Beskjed til koordinator","localizedNames":{"en":"*Beskjed til koordinator (nb)","nb":"Beskjed til koordinator"},"localizedDescriptions":{"nb":"Fritekst beskjed til koordinator.","en":"*Fritekst beskjed til koordinator. (nb)"},"rmType":"DV_TEXT","nodeId":"at0016","min":0,"max":1,"aqlPath":"/content[openEHR-EHR-SECTION.adhoc.v1 and name/value='Admin planlegging']/items[openEHR-EHR-ADMIN_ENTRY.surgery_administrative_planning_dips.v1]/data[at0001]/items[at0016]/value","inputs":[{"type":"TEXT","list":[],"listOpen":false}],"formId":"operatørvurdering/admin_planlegging@Admin planlegging/preoperativ_administrativ_planlegging/beskjed_til_koordinator","viewConfig":{"multiplicity":{"min":0,"max":1},"advanced":{"hidden":false,"readonly":false,"hideFrame":false,"render":false},"label":{"custom":false,"useLocalizations":false},"size":{"field":"inherit","label":"inherit"},"layout":{"label":{"valign":"inherit","align":"top"},"field":{"valign":"inherit","align":"inherit"}},"datasource":{"loadRemote":false,"parameters":{}},"annotations":{},"field":{"lines":null,"input":{}}}},{"name":"Type anestesiklarering","localizedName":"Type anestesiklarering","localizedNames":{"en":"*Type anestesiklarering (nb)","nb":"Type anestesiklarering"},"localizedDescriptions":{"nb":"Angir type anestesiklarering f.eks. ved journalinnsyn eller ved poliklinisk kontakt","en":"*Angir type anestesiklarering f.eks. ved journalinnsyn eller ved poliklinisk kontakt (nb)"},"rmType":"DV_TEXT","nodeId":"at0005","min":0,"max":1,"aqlPath":"/content[openEHR-EHR-SECTION.adhoc.v1 and name/value='Admin planlegging']/items[openEHR-EHR-ADMIN_ENTRY.surgery_administrative_planning_dips.v1]/data[at0001]/items[at0005]/value","inputs":[{"type":"TEXT","list":[],"listOpen":false}],"formId":"operatørvurdering/admin_planlegging@Admin planlegging/preoperativ_administrativ_planlegging/type_anestesiklarering","viewConfig":{"multiplicity":{"min":0,"max":1},"advanced":{"hidden":false,"readonly":false,"hideFrame":false,"render":false},"label":{"custom":false,"useLocalizations":false},"size":{"field":"inherit","label":"inherit"},"layout":{"label":{"valign":"inherit","align":"top"},"field":{"valign":"inherit","align":"inherit"}},"datasource":{"loadRemote":false,"parameters":{}},"annotations":{},"field":{"lines":null,"input":{}}}}]}]}