[{"col":1,"row":1,"width":12,"height":33,"children":[{"id":"operatørvurdering/admin_planlegging@Admin planlegging","rows":[{"cols":[{"width":"50%","children":[{"id":"operatørvurdering/admin_planlegging@Admin planlegging/preoperativ_administrativ_planlegging","rows":[{"cols":[{"width":"100%","children":[{"id":"operatørvurdering/admin_planlegging@Admin planlegging/preoperativ_administrativ_planlegging/turnuslege_skal_ta_innkomst","rows":[]},{"id":"operatørvurdering/admin_planlegging@Admin planlegging/preoperativ_administrativ_planlegging/ønsker_rehab_opphold","rows":[]},{"id":"operatørvurdering/admin_planlegging@Admin planlegging/preoperativ_administrativ_planlegging/kort_varsel","rows":[]},{"id":"generic-field-31717","rows":[]}]}]}]}]},{"width":"50%","children":[{"id":"generic-field-01773","rows":[]},{"id":"operatørvurdering/admin_planlegging@Admin planlegging/preoperativ_administrativ_planlegging/medisink_vurdering","rows":[{"cols":[{"width":"100%","children":[{"id":"operatørvurdering/admin_planlegging@Admin planlegging/preoperativ_administrativ_planlegging/medisink_vurdering/er_henvist_medisink_vurdering","rows":[]},{"id":"operatørvurdering/admin_planlegging@Admin planlegging/preoperativ_administrativ_planlegging/medisink_vurdering/utført_dato","rows":[]}]}]}]},{"id":"operatørvurdering/admin_planlegging@Admin planlegging/preoperativ_administrativ_planlegging/preoperativ_røntgen","rows":[{"cols":[{"width":"100%","children":[{"id":"operatørvurdering/admin_planlegging@Admin planlegging/preoperativ_administrativ_planlegging/preoperativ_røntgen/er_henvist_rtg._preop.","rows":[]},{"id":"operatørvurdering/admin_planlegging@Admin planlegging/preoperativ_administrativ_planlegging/preoperativ_røntgen/fått_time@Fått time","rows":[]}]}]}]}]}]}]},{"id":"generic-field-86527","rows":[{"cols":[{"width":"50%","children":[{"id":"operatørvurdering/admin_planlegging@Admin planlegging/preoperativ_administrativ_planlegging/oppmøte","rows":[]},{"id":"operatørvurdering/admin_planlegging@Admin planlegging/preoperativ_administrativ_planlegging/beskjed_til_koordinator","rows":[]}]},{"width":"50%","children":[{"id":"operatørvurdering/admin_planlegging@Admin planlegging/preoperativ_administrativ_planlegging/type_anestesiklarering","rows":[]}]}]}]}]}]