[{"field":"operatørvurdering/admin_planlegging@Admin planlegging/preoperativ_administrativ_planlegging/medisink_vurdering/er_henvist_medisink_vurdering","conditions":[{"operator":"is","value":{"value":"True"},"actions":[{"action":"show","target":"operatørvurdering/admin_planlegging@Admin planlegging/preoperativ_administrativ_planlegging/medisink_vurdering/utført_dato"}]},{"operator":"isnot","value":{"value":"True"},"actions":[{"action":"hide","target":"operatørvurdering/admin_planlegging@Admin planlegging/preoperativ_administrativ_planlegging/medisink_vurdering/utført_dato"},{"action":"clear","target":"operatørvurdering/admin_planlegging@Admin planlegging/preoperativ_administrativ_planlegging/medisink_vurdering/utført_dato"}]}]},{"field":"operatørvurdering/admin_planlegging@Admin planlegging/preoperativ_administrativ_planlegging/preoperativ_røntgen/er_henvist_rtg._preop.","conditions":[{"operator":"is","value":{"value":"True"},"actions":[{"action":"show","target":"operatørvurdering/admin_planlegging@Admin planlegging/preoperativ_administrativ_planlegging/preoperativ_røntgen/fått_time@Fått time"}]},{"operator":"isnot","value":{"value":"True"},"actions":[{"action":"hide","target":"operatørvurdering/admin_planlegging@Admin planlegging/preoperativ_administrativ_planlegging/preoperativ_røntgen/fått_time@Fått time"},{"action":"clear","target":"operatørvurdering/admin_planlegging@Admin planlegging/preoperativ_administrativ_planlegging/preoperativ_røntgen/fått_time@Fått time"}]}]}]