{"formId":"form_root","name":"Form root","rmType":"FORM_DEFINITION","viewConfig":{"label":{"custom":false,"value":"","useLocalizations":true,"localizationsList":{"nb":"Tilsyn:"}},"size":{"field":"inherit","label":"inherit","fill":"inherit"},"layout":{"label":{"valign":"inherit","align":"inherit"},"field":{"valign":"inherit","align":"inherit"}},"tags":[],"annotations":{"#TILSYN":"openEHR-EHR-ADMIN_ENTRY.hv_pasientliste_tilsyn.v0?scope=episodeofcare"}},"language":"nb","templateLanguages":["nb"],"children":[{"name":"Tilsyn","localizedName":"Tilsyn","rmType":"DV_TEXT","nodeId":"at0002","min":0,"max":-1,"localizedNames":{"nb":"Tilsyn"},"localizedDescriptions":{"nb":"Registrer tilsyn"},"aqlPath":"/content[openEHR-EHR-ADMIN_ENTRY.hv_pasientliste_tilsyn.v0]/data[at0001]/items[at0002]/value","inputs":[{"type":"TEXT"}],"fid":"tilsyn_pasientliste/hv_pasientliste_tilsyn/tilsyn","formId":"tilsyn_pasientliste/hv_pasientliste_tilsyn/tilsyn","viewConfig":{"label":{"custom":false,"value":"","useLocalizations":true,"localizationsList":{"nb":"Tilsyn"}},"advanced":{"hidden":false,"readonly":false},"multiplicity":{"min":"0","max":"1"},"size":{"field":"inherit","label":"inherit","fill":"inherit"},"layout":{"label":{"valign":"inherit","align":"top"},"field":{"valign":"inherit","align":"inherit"}},"tags":[],"datasource":{"loadRemote":false,"loadRemoteUrl":"","terminology":""},"field":{"input":{"presentation":"textarea","lines":"2"}},"annotations":{"select":"{#TILSYN:/data[at0001]/items[at0002]/value}"}},"defaultValue":{"value":""}}]}