[{"field":"operatørvurdering/informasjon_gitt@Informasjon gitt/informasjon_gitt@Informasjon gitt","conditions":[{"operator":"equals","value":{"value":"Ja"},"actions":[{"action":"set","target":"operatørvurdering/informasjon_gitt@Informasjon gitt/ism_transition/current_state","value":{"code":"532"}},{"action":"set","target":"operatørvurdering/informasjon_gitt@Informasjon gitt/ism_transition/careflow_step","value":{"code":"at0013"}},{"action":"set","target":"operatørvurdering/informasjon_gitt@Informasjon gitt/informasjon_gitt@Informasjon gitt2","value":{"code":"171035004"}}]},{"operator":"equals","value":{"value":"Nei"},"actions":[{"action":"set","target":"operatørvurdering/informasjon_gitt@Informasjon gitt/ism_transition/current_state","value":{"code":"528"}},{"action":"set","target":"operatørvurdering/informasjon_gitt@Informasjon gitt/ism_transition/careflow_step","value":{"code":"at0015"}},{"action":"clear","target":"operatørvurdering/informasjon_gitt@Informasjon gitt/informasjon_gitt@Informasjon gitt2"}]}]},{"field":"operatørvurdering/blodtomhet@Blodtomhet/forespørsel/blodtomhet@Blodtomhet","conditions":[{"operator":"notempty","actions":[{"action":"set","target":"operatørvurdering/blodtomhet@Blodtomhet/forespørsel/tjenestetype","value":{"code":"71388002"}}]},{"operator":"empty","actions":[{"action":"clear","target":"operatørvurdering/blodtomhet@Blodtomhet/forespørsel/tjenestetype"}]}]},{"field":"operatørvurdering/gips@Gips/forespørsel/anvende_gips@Anvende gips","conditions":[{"operator":"equals","value":{"code":"118643004"},"actions":[{"action":"set","target":"operatørvurdering/gips@Gips/forespørsel/tjenestetype","value":{"code":"71388002"}}]},{"operator":"notequals","value":{"code":"118643004"},"actions":[{"action":"clear","target":"operatørvurdering/gips@Gips/forespørsel/tjenestetype"}]}]},{"field":"generic-field-60146","conditions":[{"operator":"notequals","value":{"value":"P5"},"actions":[{"action":"hide","target":"utvidet_operasjonsbestilling/prosedyre/helsetjenesteressurs"},{"action":"clear","target":"utvidet_operasjonsbestilling/prosedyre/helsetjenesteressurs"}]},{"operator":"equals","value":{"value":"P5"},"actions":[{"action":"show","target":"utvidet_operasjonsbestilling/prosedyre/helsetjenesteressurs"}]}]},{"field":"operatørvurdering/endelig_klarering_av_operatør@Endelig klarering av operatør/klarering_operatør@Klarering operatør/resultat","conditions":[{"operator":"empty","actions":[{"action":"hide","target":"generic-field-04377"},{"action":"set","target":"operatørvurdering/endelig_klarering_av_operatør@Endelig klarering av operatør/klarering_operatør@Klarering operatør/ism_transition/current_state","value":{"code":"245"}},{"action":"set","target":"operatørvurdering/endelig_klarering_av_operatør@Endelig klarering av operatør/klarering_operatør@Klarering operatør/ism_transition/careflow_step","value":{"code":"at0068"}},{"action":"set","target":"operatørvurdering/endelig_klarering_av_operatør@Endelig klarering av operatør/klarering_operatør@Klarering operatør/prosedyrenavn","value":{"code":"110466009"}},{"action":"setOccurrences","target":"operatørvurdering/endelig_klarering_av_operatør@Endelig klarering av operatør/klarering_operatør@Klarering operatør/provider","value":{"value":"0..1"}}]},{"operator":"notempty","actions":[{"action":"show","target":"generic-field-04377"},{"action":"set","target":"operatørvurdering/endelig_klarering_av_operatør@Endelig klarering av operatør/klarering_operatør@Klarering operatør/ism_transition/current_state","value":{"code":"532"}},{"action":"set","target":"operatørvurdering/endelig_klarering_av_operatør@Endelig klarering av operatør/klarering_operatør@Klarering operatør/ism_transition/careflow_step","value":{"code":"at0043"}},{"action":"set","target":"operatørvurdering/endelig_klarering_av_operatør@Endelig klarering av operatør/klarering_operatør@Klarering operatør/prosedyrenavn","value":{"code":"110466009"}},{"action":"setOccurrences","target":"operatørvurdering/endelig_klarering_av_operatør@Endelig klarering av operatør/klarering_operatør@Klarering operatør/provider","value":{"value":"1..1"}}]}]},{"field":"operatørvurdering/blodprøver@Blodprøver/forespørsel/blodprøver_skal_tas@Blodprøver skal tas","conditions":[{"operator":"notempty","actions":[{"action":"set","target":"operatørvurdering/blodprøver@Blodprøver/forespørsel/tjenestetype","value":{"code":"71388002"}}]},{"operator":"empty","actions":[{"action":"clear","target":"operatørvurdering/blodprøver@Blodprøver/forespørsel/tjenestetype"}]}]},{"field":"operatørvurdering/tarmtømming@Tarmtømming/forespørsel/tarmtømming@Tarmtømming","conditions":[{"operator":"notempty","actions":[{"action":"set","target":"operatørvurdering/tarmtømming@Tarmtømming/forespørsel/tjenestetype","value":{"code":"71388002"}}]},{"operator":"empty","actions":[{"action":"clear","target":"operatørvurdering/tarmtømming@Tarmtømming/forespørsel/tjenestetype"}]}]},{"field":"operatørvurdering/antibiotikaprofylakse_under_operasjon@Antibiotikaprofylakse under operasjon/begrunnelse","conditions":[{"operator":"empty","actions":[{"action":"clear","target":"operatørvurdering/antibiotikaprofylakse_under_operasjon@Antibiotikaprofylakse under operasjon/anbefaling"}]},{"operator":"notempty","actions":[{"action":"set","target":"operatørvurdering/antibiotikaprofylakse_under_operasjon@Antibiotikaprofylakse under operasjon/anbefaling","value":{"code":"422181004"}}]}]},{"field":"operatørvurdering/tromboseprofylakse_under_operasjon@Tromboseprofylakse under operasjon/begrunnelse","conditions":[{"operator":"empty","actions":[{"action":"clear","target":"operatørvurdering/tromboseprofylakse_under_operasjon@Tromboseprofylakse under operasjon/anbefaling"}]},{"operator":"notempty","actions":[{"action":"set","target":"operatørvurdering/tromboseprofylakse_under_operasjon@Tromboseprofylakse under operasjon/anbefaling","value":{"code":"421728001"}}]}]},{"field":"operatørvurdering/fibrinolysehemmer@Fibrinolysehemmer/begrunnelse","conditions":[{"operator":"empty","actions":[{"action":"clear","target":"operatørvurdering/fibrinolysehemmer@Fibrinolysehemmer/anbefaling"}]},{"operator":"notempty","actions":[{"action":"set","target":"operatørvurdering/fibrinolysehemmer@Fibrinolysehemmer/anbefaling","value":{"code":"109006003"}}]}]}]