[{"field":"pakkeforlop_kreft_status/hv_pakkeforlop_kreft_status/er_pasienten_i_pakkeforløp_kreft","conditions":[{"operator":"equals","value":{"code":"at0007"},"actions":[{"action":"show","target":"pakkeforlop_kreft_status/hv_pakkeforlop_kreft_status/time","value":{"value":""}}]},{"operator":"empty","value":null,"actions":[{"action":"hide","target":"pakkeforlop_kreft_status/hv_pakkeforlop_kreft_status/time","value":{"value":""}},{"action":"clear","target":"pakkeforlop_kreft_status/hv_pakkeforlop_kreft_status/time","value":{"value":""}}]},{"operator":"equals","value":{"code":"at0008"},"actions":[{"action":"hide","target":"pakkeforlop_kreft_status/hv_pakkeforlop_kreft_status/time","value":{"value":""}},{"action":"clear","target":"pakkeforlop_kreft_status/hv_pakkeforlop_kreft_status/time","value":{"value":""}}]},{"operator":"equals","value":{"code":"at0009"},"actions":[{"action":"hide","target":"pakkeforlop_kreft_status/hv_pakkeforlop_kreft_status/time","value":{"value":""}},{"action":"clear","target":"pakkeforlop_kreft_status/hv_pakkeforlop_kreft_status/time","value":{"value":""}}]}]}]