[{"field":"generic-field-66515","conditions":[{"operator":"equals","value":{"code":"1"},"actions":[{"action":"set","target":"legemiddelsamstemming/legemiddelsamstemming@Legemiddelsamstemming/prosedyrenavn","value":{"value":"Legemiddelsamstemming"}},{"action":"set","target":"legemiddelsamstemming/legemiddelsamstemming@Legemiddelsamstemming/beskrivelse","value":{"code":"182836005"}},{"action":"set","target":"legemiddelsamstemming/legemiddelsamstemming@Legemiddelsamstemming/ism_transition/current_state","value":{"code":"532"}},{"action":"set","target":"legemiddelsamstemming/legemiddelsamstemming@Legemiddelsamstemming/ism_transition/careflow_step","value":{"code":"at0043"}},{"action":"show","target":"legemiddelsamstemming/legemiddelsamstemming@Legemiddelsamstemming/time"},{"action":"reset","target":"legemiddelsamstemming/legemiddelsamstemming@Legemiddelsamstemming/time"}]},{"operator":"equals","value":{"code":"2"},"actions":[{"action":"set","target":"legemiddelsamstemming/legemiddelsamstemming@Legemiddelsamstemming/prosedyrenavn","value":{"value":"Legemiddelsamstemming"}},{"action":"set","target":"legemiddelsamstemming/legemiddelsamstemming@Legemiddelsamstemming/beskrivelse","value":{"code":"182836005"}},{"action":"set","target":"legemiddelsamstemming/legemiddelsamstemming@Legemiddelsamstemming/ism_transition/current_state","value":{"code":"526"}},{"action":"set","target":"legemiddelsamstemming/legemiddelsamstemming@Legemiddelsamstemming/ism_transition/careflow_step","value":{"code":"at0004"}},{"action":"show","target":"legemiddelsamstemming/legemiddelsamstemming@Legemiddelsamstemming/time"}]},{"operator":"empty","actions":[{"action":"clear","target":"legemiddelsamstemming/legemiddelsamstemming@Legemiddelsamstemming/prosedyrenavn"},{"action":"clear","target":"legemiddelsamstemming/legemiddelsamstemming@Legemiddelsamstemming/beskrivelse"},{"action":"clear","target":"legemiddelsamstemming/legemiddelsamstemming@Legemiddelsamstemming/ism_transition/current_state"},{"action":"clear","target":"legemiddelsamstemming/legemiddelsamstemming@Legemiddelsamstemming/ism_transition/careflow_step"},{"action":"clear","target":"legemiddelsamstemming/legemiddelsamstemming@Legemiddelsamstemming/time"}]}]},{"field":"legemiddelsamstemming/faste_medisiner@Faste medisiner/tilstand","conditions":[{"operator":"equals","value":{"code":"715035002"},"actions":[{"action":"show","target":"generic-field-66515"},{"action":"setOccurrences","target":"generic-field-66515","value":{"value":"1..1"}}]},{"operator":"equals","value":{"code":"715036001"},"actions":[{"action":"reset","target":"generic-field-66515"},{"action":"setOccurrences","target":"generic-field-66515","value":{"value":"0..1"}},{"action":"hide","target":"generic-field-66515"}]},{"operator":"empty","actions":[{"action":"reset","target":"generic-field-66515"},{"action":"setOccurrences","target":"generic-field-66515","value":{"value":"0..1"}},{"action":"hide","target":"generic-field-66515"}]}]}]