{"name":"Form root","localizedNames":{},"localizedDescriptions":{},"rmType":"FORM_DEFINITION","min":0,"max":0,"formId":"form_root","viewConfig":{"label":{"custom":false,"useLocalizations":false},"size":{"field":"inherit","label":"inherit"},"layout":{"label":{"valign":"inherit","align":"inherit"},"field":{"valign":"inherit","align":"inherit"}},"annotations":{"reuseComposition":"SELECT c FROM COMPOSITION c[openEHR-EHR-COMPOSITION.hn_ald_hjerteskole_dips.v1] order by c/context/start_time/value desc fetch 1?scope=periodofcare"}},"children":[{"name":"Skal pasienten ha hjerteskole?","localizedName":"Skal pasienten ha hjerteskole?","localizedNames":{"en":"*Skal pasienten ha hjerteskole? (nb)","nb":"Skal pasienten ha hjerteskole?"},"localizedDescriptions":{"nb":"Angi om pasienten skal ha hjerteskole?","en":"*Angi om pasienten skal ha hjerteskole? (nb)"},"rmType":"DV_CODED_TEXT","nodeId":"at0005","min":0,"max":1,"aqlPath":"/content[openEHR-EHR-OBSERVATION.hn_ald_hjerteskole_dips.v1]/data[at0001]/events[at0002]/data[at0003]/items[at0005]/value","inputs":[{"suffix":"code","type":"CODED_TEXT","list":[{"value":"at0006","label":"Ja","ordinal":0,"localizedLabels":{"nb":"Ja","en":"*Ja (nb)"},"localizedDescriptions":{"nb":"Pasienten skal ha hjerteskole","en":"*Pasienten skal ha hjerteskole (nb)"}},{"value":"at0007","label":"Nei","ordinal":0,"localizedLabels":{"nb":"Nei","en":"*Nei (nb)"},"localizedDescriptions":{"nb":"Pasienten skal ikke ha hjerteskole","en":"*Pasienten skal ikke ha hjerteskole (nb)"}},{"value":"at0008","label":"Ikke avklart","ordinal":0,"localizedLabels":{"nb":"Ikke avklart","en":"*Ikke avklart (nb)"},"localizedDescriptions":{"nb":"Det er ikke avklart om pasienten skal ha hjerteskole","en":"*Det er ikke avklart om pasienten skal ha hjerteskole (nb)"}}],"listOpen":false}],"formId":"hn_ald_hjerteskole_dips/hn_ald_hjerteskole_dips/any_event/skal_pasienten_ha_hjerteskole","viewConfig":{"multiplicity":{"min":0,"max":1},"advanced":{"hidden":false,"readonly":false,"hideFrame":false,"render":false},"label":{"custom":false,"useLocalizations":false},"size":{"field":"inherit","label":"inherit"},"layout":{"label":{"valign":"inherit","align":"top"},"field":{"valign":"inherit","align":"inherit"}},"annotations":{"nullflavour":"271"},"field":{"code":{"presentation":"radios","columns":"3"}}}}]}