[{"col":1,"row":1,"width":12,"height":21,"children":[{"id":"generic-field-26272","rows":[{"cols":[{"width":"100%","children":[{"id":"hv_tm_overdoserisiko/hv_tm_overdoserisiko/overdosesamtale","rows":[]},{"id":"hv_tm_overdoserisiko/hv_tm_overdoserisiko/dato_gjennomført","rows":[]}]}]}]},{"id":"hv_tm_overdoserisiko/hv_tm_overdoserisiko/mottatt_overdosekort","rows":[]},{"id":"generic-field-42717","rows":[{"cols":[{"width":"100%","children":[{"id":"hv_tm_overdoserisiko/hv_tm_overdoserisiko/vurdering_overdoserisiko","rows":[]},{"id":"hv_tm_overdoserisiko/hv_tm_overdoserisiko/dato_for_vurdering_av_overdoserisiko","rows":[]}]}]}]}]}]