[{"field":"hv_tm_overdoserisiko/hv_tm_overdoserisiko/vurdering_overdoserisiko","conditions":[{"operator":"empty","actions":[{"action":"disable","target":"hv_tm_overdoserisiko/hv_tm_overdoserisiko/dato_for_vurdering_av_overdoserisiko"},{"action":"clear","target":"hv_tm_overdoserisiko/hv_tm_overdoserisiko/dato_for_vurdering_av_overdoserisiko"},{"action":"setOccurrences","target":"hv_tm_overdoserisiko/hv_tm_overdoserisiko/dato_for_vurdering_av_overdoserisiko","value":{"value":"0..1"}}]},{"operator":"notempty","actions":[{"action":"enable","target":"hv_tm_overdoserisiko/hv_tm_overdoserisiko/dato_for_vurdering_av_overdoserisiko"},{"action":"reset","target":"hv_tm_overdoserisiko/hv_tm_overdoserisiko/dato_for_vurdering_av_overdoserisiko"},{"action":"setOccurrences","target":"hv_tm_overdoserisiko/hv_tm_overdoserisiko/dato_for_vurdering_av_overdoserisiko","value":{"value":"1..1"}}]}]},{"field":"hv_tm_overdoserisiko/hv_tm_overdoserisiko/overdosesamtale","conditions":[{"operator":"empty","actions":[{"action":"disable","target":"hv_tm_overdoserisiko/hv_tm_overdoserisiko/dato_gjennomført"},{"action":"clear","target":"hv_tm_overdoserisiko/hv_tm_overdoserisiko/dato_gjennomført"},{"action":"setOccurrences","target":"hv_tm_overdoserisiko/hv_tm_overdoserisiko/dato_gjennomført","value":{"value":"0..1"}}]},{"operator":"notempty","actions":[{"action":"enable","target":"hv_tm_overdoserisiko/hv_tm_overdoserisiko/dato_gjennomført"},{"action":"reset","target":"hv_tm_overdoserisiko/hv_tm_overdoserisiko/dato_gjennomført"},{"action":"setOccurrences","target":"hv_tm_overdoserisiko/hv_tm_overdoserisiko/dato_gjennomført","value":{"value":"1..1"}}]}]}]