{"name":"Form root","localizedNames":{},"localizedDescriptions":{},"rmType":"FORM_DEFINITION","min":0,"max":0,"formId":"form_root","viewConfig":{"label":{"custom":false,"useLocalizations":false},"size":{"field":"inherit","label":"inherit"},"layout":{"label":{"valign":"inherit","align":"top"},"field":{"valign":"inherit","align":"inherit"}},"annotations":{}},"children":[{"name":"Fieldset","localizedName":"Overdosesamtale","localizedNames":{"en":"*Fieldset (en)","nb":"Overdosesamtale"},"localizedDescriptions":{},"rmType":"GENERIC_FIELDSET","min":0,"max":1,"inputs":[],"formId":"generic-field-26272","viewConfig":{"multiplicity":{"min":0,"max":1},"advanced":{"hidden":false,"readonly":false,"hideFrame":false,"render":false},"label":{"custom":false,"useLocalizations":false},"size":{"field":"inherit","label":"inherit"},"layout":{"label":{"valign":"inherit","align":"inherit"},"field":{"valign":"inherit","align":"inherit"}},"annotations":{},"field":{"formId":null,"name":null}},"children":[{"name":"Overdosesamtale","localizedName":"Overdosesamtale","localizedNames":{"en":"*Overdosesamtale (nb)","nb":"Overdosesamtale"},"localizedDescriptions":{"nb":"*","en":"** (nb)"},"rmType":"DV_BOOLEAN","nodeId":"at0002","min":0,"max":1,"aqlPath":"/content[openEHR-EHR-EVALUATION.hv_tm_overdoserisiko_dips.v1]/data[at0001]/items[at0002]/value","inputs":[{"type":"BOOLEAN","listOpen":false}],"formId":"hv_tm_overdoserisiko/hv_tm_overdoserisiko/overdosesamtale","viewConfig":{"multiplicity":{"min":0,"max":1},"advanced":{"hidden":false,"readonly":false,"hideFrame":false,"render":false},"label":{"custom":false,"useLocalizations":false},"size":{"field":"inherit","label":"inherit"},"layout":{"label":{"valign":"inherit","align":"inherit"},"field":{"valign":"inherit","align":"inherit"}},"annotations":{},"field":{"input":{"threeState":true}},"tags":["ShowAsRadios"]}},{"name":"Dato gjennomført","localizedName":"Dato gjennomført","localizedNames":{"en":"*Dato gjennomført (nb)","nb":"Dato gjennomført"},"localizedDescriptions":{"nb":"*","en":"** (nb)"},"rmType":"DV_DATE_TIME","nodeId":"at0003","min":0,"max":1,"aqlPath":"/content[openEHR-EHR-EVALUATION.hv_tm_overdoserisiko_dips.v1]/data[at0001]/items[at0003]/value","inputs":[{"type":"DATETIME","listOpen":false}],"formId":"hv_tm_overdoserisiko/hv_tm_overdoserisiko/dato_gjennomført","viewConfig":{"multiplicity":{"min":0,"max":1},"advanced":{"hidden":false,"readonly":false,"hideFrame":false,"render":false},"label":{"custom":false,"useLocalizations":false},"size":{"field":"inherit","label":"inherit"},"layout":{"label":{"valign":"inherit","align":"inherit"},"field":{"valign":"inherit","align":"inherit"}},"annotations":{},"field":{"input":{"hideTime":false,"dateFormat":"","hideDate":false}}}}]},{"name":"Mottatt overdosekort","localizedName":"Mottatt overdosekort","localizedNames":{"en":"*Mottatt overdosekort (nb)","nb":"Er overdosekortet mottat?"},"localizedDescriptions":{"nb":"*","en":"** (nb)"},"rmType":"DV_BOOLEAN","nodeId":"at0004","min":0,"max":1,"aqlPath":"/content[openEHR-EHR-EVALUATION.hv_tm_overdoserisiko_dips.v1]/data[at0001]/items[at0004]/value","inputs":[{"type":"BOOLEAN","listOpen":false}],"formId":"hv_tm_overdoserisiko/hv_tm_overdoserisiko/mottatt_overdosekort","viewConfig":{"multiplicity":{"min":0,"max":1},"advanced":{"hidden":false,"readonly":false,"hideFrame":false,"render":false},"label":{"custom":false,"useLocalizations":false},"size":{"field":"inherit","label":"inherit"},"layout":{"label":{"valign":"inherit","align":"inherit"},"field":{"valign":"inherit","align":"inherit"}},"annotations":{},"field":{"input":{"threeState":true}},"tags":["ShowAsRadios"]}},{"name":"Fieldset","localizedName":"Overdoserisiko","localizedNames":{"en":"*Fieldset (en)","nb":"Overdoserisiko"},"localizedDescriptions":{},"rmType":"GENERIC_FIELDSET","min":0,"max":1,"inputs":[],"formId":"generic-field-42717","viewConfig":{"multiplicity":{"min":0,"max":1},"advanced":{"hidden":false,"readonly":false,"hideFrame":false,"render":false},"label":{"custom":false,"useLocalizations":false},"size":{"field":"inherit","label":"inherit"},"layout":{"label":{"valign":"inherit","align":"inherit"},"field":{"valign":"inherit","align":"inherit"}},"annotations":{},"field":{"formId":null,"name":null}},"children":[{"name":"Vurdering overdoserisiko","localizedName":"Vurdering overdoserisiko","localizedNames":{"en":"*Vurdering overdoserisiko (nb)","nb":"Vurdering overdoserisiko"},"localizedDescriptions":{"nb":"*","en":"** (nb)"},"rmType":"DV_ORDINAL","nodeId":"at0005","min":0,"max":1,"aqlPath":"/content[openEHR-EHR-EVALUATION.hv_tm_overdoserisiko_dips.v1]/data[at0001]/items[at0005]/value","inputs":[{"type":"CODED_TEXT","list":[{"value":"at0006","label":"Lav","ordinal":1,"localizedLabels":{"nb":"Lav","en":"*Lav (nb)"},"localizedDescriptions":{"nb":"*","en":"** (nb)"}},{"value":"at0007","label":"Moderat","ordinal":2,"localizedLabels":{"nb":"Moderat","en":"*Moderat (nb)"},"localizedDescriptions":{"nb":"*","en":"** (nb)"}},{"value":"at0008","label":"Høy","ordinal":3,"localizedLabels":{"nb":"Høy","en":"*Høy (nb)"},"localizedDescriptions":{"nb":"*","en":"** (nb)"}}],"listOpen":false}],"formId":"hv_tm_overdoserisiko/hv_tm_overdoserisiko/vurdering_overdoserisiko","viewConfig":{"multiplicity":{"min":0,"max":1},"advanced":{"hidden":false,"readonly":false,"hideFrame":false,"render":false},"label":{"custom":false,"useLocalizations":false},"size":{"field":"inherit","label":"inherit"},"layout":{"label":{"valign":"inherit","align":"inherit"},"field":{"valign":"inherit","align":"inherit"}},"annotations":{},"field":{"presentation":"radios","columns":"3","input":{"presentation":"radios","columns":"3"}}}},{"name":"Dato for vurdering av overdoserisiko","localizedName":"Dato for vurdering av overdoserisiko","localizedNames":{"en":"*Dato for vurdering av overdoserisiko (nb)","nb":"Dato for vurdering av overdoserisiko"},"localizedDescriptions":{"nb":"*","en":"** (nb)"},"rmType":"DV_DATE_TIME","nodeId":"at0009","min":0,"max":1,"aqlPath":"/content[openEHR-EHR-EVALUATION.hv_tm_overdoserisiko_dips.v1]/data[at0001]/items[at0009]/value","inputs":[{"type":"DATETIME","listOpen":false}],"formId":"hv_tm_overdoserisiko/hv_tm_overdoserisiko/dato_for_vurdering_av_overdoserisiko","viewConfig":{"multiplicity":{"min":0,"max":1},"advanced":{"hidden":false,"readonly":false,"hideFrame":false,"render":false},"label":{"custom":false,"useLocalizations":false},"size":{"field":"inherit","label":"inherit"},"layout":{"label":{"valign":"inherit","align":"inherit"},"field":{"valign":"inherit","align":"inherit"}},"annotations":{"templateVariable":"[Sys.Now]"},"field":{"input":{"hideTime":false,"dateFormat":"","hideDate":false}}}}]}]}