{"name":"Form root","localizedNames":{},"localizedDescriptions":{},"rmType":"FORM_DEFINITION","min":0,"max":0,"formId":"form_root","viewConfig":{"label":{"custom":false,"useLocalizations":false},"size":{"field":"inherit","label":"inherit"},"layout":{"label":{"valign":"inherit","align":"inherit"},"field":{"valign":"inherit","align":"inherit"}},"annotations":{"reuseComposition":"SELECT c FROM COMPOSITION c[openEHR-EHR-COMPOSITION.trombose_risiko.v0] order by c/context/start_time/value desc fetch 1?scope=periodofcare"}},"children":[{"name":"Er pasienten i risiko for trombose?","localizedName":"Er pasienten i risiko for trombose?","localizedNames":{"en":"*Er pasienten i risiko for trombose? (nb)","nb":"Er pasienten i risiko for trombose?"},"localizedDescriptions":{"nb":"*","en":"** (nb)"},"rmType":"DV_CODED_TEXT","nodeId":"at0004","min":0,"max":1,"aqlPath":"/content[openEHR-EHR-OBSERVATION.tr.v2]/data[at0001]/events[at0002]/data[at0003]/items[at0004]/value","inputs":[{"suffix":"code","type":"CODED_TEXT","list":[{"value":"at0005","label":"Ja","ordinal":0,"localizedLabels":{"nb":"Ja","en":"*Ja (nb)"},"localizedDescriptions":{"nb":"Pasienten har risiko for utvikling av trombose og/eller allerede trombose.","en":"*Pasienten har risiko for utvikling av trombose og/eller allerede trombose. (nb)"}},{"value":"at0006","label":"Nei","ordinal":0,"localizedLabels":{"nb":"Nei","en":"*Nei (nb)"},"localizedDescriptions":{"nb":"Det er ingen risiko for utvikling av trombose nå, ny screening kreves senere.","en":"*Det er ingen risiko for utvikling av trombose nå, ny screening kreves senere. (nb)"}},{"value":"at0007","label":"Vet ikke","ordinal":0,"localizedLabels":{"nb":"Vet ikke","en":"*Vet ikke (nb)"},"localizedDescriptions":{"nb":"Det er ikke tatt stilling til om pasienten er i fare for å utvikle trombose eller har utviklet trombose.","en":"*Det er ikke tatt stilling til om pasienten er i fare for å utvikle trombose eller har utviklet trombose. (nb)"}}],"listOpen":false}],"formId":"tromboserisiko/tromboserisiko_v2/any_event/er_pasienten_i_risiko_for_trombose","viewConfig":{"multiplicity":{"min":0,"max":1},"advanced":{"hidden":false,"readonly":false,"hideFrame":false,"render":false},"label":{"custom":false,"useLocalizations":false},"size":{"field":"inherit","label":"inherit"},"layout":{"label":{"valign":"inherit","align":"inherit"},"field":{"valign":"inherit","align":"inherit"}},"annotations":{"nullflavour":"271"},"field":{"code":{"presentation":"combobox","columns":"3"}},"tags":["ShowAsRadios"]}},{"name":"Angi medikamentell profylakse med:","localizedName":"Angi medikamentell profylakse med:","localizedNames":{"en":"Please check if profylaksis is administred:","nb":"Angi medikamentell profylakse med:"},"localizedDescriptions":{},"rmType":"GENERIC_FIELDSET","min":0,"max":1,"inputs":[],"formId":"generic-field-02013","viewConfig":{"multiplicity":{"min":0,"max":1},"advanced":{"hidden":false,"readonly":false,"hideFrame":false,"render":false},"label":{"custom":false,"useLocalizations":false},"size":{"field":"inherit","label":"inherit"},"layout":{"label":{"valign":"inherit","align":"inherit"},"field":{"valign":"inherit","align":"inherit"}},"annotations":{"nullflavour":"271\r\n"},"field":{"formId":null,"name":null}},"children":[{"name":"Antikoagulanter","localizedName":"Antikoagulanter","localizedNames":{"en":"Anticoagulation","nb":"Antikoagulanter"},"localizedDescriptions":{"nb":"Det er iverksatt behandling med antikoagulanter","en":"*Det er iverksatt behandling med antikoagulanter (nb)"},"rmType":"DV_BOOLEAN","nodeId":"at0008","min":0,"max":1,"aqlPath":"/content[openEHR-EHR-OBSERVATION.tr.v2]/data[at0001]/events[at0002]/data[at0003]/items[at0008]/value","inputs":[{"type":"BOOLEAN","listOpen":false}],"formId":"tromboserisiko/tromboserisiko_v2/any_event/antikoagulanter","viewConfig":{"multiplicity":{"min":0,"max":1},"advanced":{"hidden":false,"readonly":false,"hideFrame":false,"render":false},"label":{"custom":false,"useLocalizations":false},"size":{"field":"inherit","label":"inherit"},"layout":{"label":{"valign":"inherit","align":"inherit"},"field":{"valign":"inherit","align":"inherit"}},"annotations":{},"field":{"input":{"threeState":false}}}},{"name":"Blodplatehemmer","localizedName":"Blodplatehemmer","localizedNames":{"en":"Platelet inhibitors","nb":"Blodplatehemmer"},"localizedDescriptions":{"nb":"Det er iverksatt behandling med blodplatehemmere","en":"*Det er iverksatt behandling med blodplatehemmere (nb)"},"rmType":"DV_BOOLEAN","nodeId":"at0009","min":0,"max":1,"aqlPath":"/content[openEHR-EHR-OBSERVATION.tr.v2]/data[at0001]/events[at0002]/data[at0003]/items[at0009]/value","inputs":[{"type":"BOOLEAN","listOpen":false}],"formId":"tromboserisiko/tromboserisiko_v2/any_event/blodplatehemmer","viewConfig":{"multiplicity":{"min":0,"max":1},"advanced":{"hidden":false,"readonly":false,"hideFrame":false,"render":false},"label":{"custom":false,"useLocalizations":false},"size":{"field":"inherit","label":"inherit"},"layout":{"label":{"valign":"inherit","align":"inherit"},"field":{"valign":"inherit","align":"inherit"}},"annotations":{},"field":{"input":{"threeState":false}}}}]}]}