{"name":"Form root","localizedNames":{},"localizedDescriptions":{},"rmType":"FORM_DEFINITION","min":0,"max":0,"formId":"form_root","viewConfig":{"label":{"custom":false,"useLocalizations":false},"size":{"field":"inherit","label":"inherit"},"layout":{"label":{"valign":"inherit","align":"inherit"},"field":{"valign":"inherit","align":"inherit"}},"annotations":{}},"children":[{"name":"Antibiotikabehandling","localizedName":"Antibiotikabehandling","localizedNames":{"en":"*Antibiotikabehandling (en)","nb":"Antibiotikabehandling"},"localizedDescriptions":{"nb":"En klinisk tilstand eller status som er unik eller særegen for et individ, og som regnes som viktig informasjon i forbindelse med beslutninger om behandling.","en":"*En klinisk tilstand eller status som er unik eller særegen for et individ, og som regnes som viktig informasjon i forbindelse med beslutninger om behandling. (nb)"},"rmType":"EVALUATION","nodeId":"openEHR-EHR-EVALUATION.precaution.v1","min":0,"max":1,"aqlPath":"/content[openEHR-EHR-EVALUATION.precaution.v1 and name/value='Antibiotikabehandling']","inputs":[],"formId":"klinisk_kontakt/antibiotikabehandling@Antibiotikabehandling","viewConfig":{"multiplicity":{"min":0,"max":1},"advanced":{"hidden":false,"readonly":false,"hideFrame":false,"render":false},"label":{"custom":false,"useLocalizations":false},"size":{"field":"inherit","label":"inherit"},"layout":{"label":{"valign":"inherit","align":"inherit"},"field":{"valign":"inherit","align":"inherit"}},"annotations":{},"field":{}},"children":[{"name":"Antibiotikabehandling","localizedName":"Antibiotikabehandling","localizedNames":{"en":"*Antibiotikabehandling (en)","nb":"Antibiotikabehandling"},"localizedDescriptions":{"nb":"Navnet på tilstanden eller statusen.","en":"*Navnet på tilstanden eller statusen. (nb)"},"rmType":"DV_TEXT","nodeId":"at0002","min":1,"max":1,"aqlPath":"/content[openEHR-EHR-EVALUATION.precaution.v1 and name/value='Antibiotikabehandling']/data[at0001]/items[at0002 and name/value='Antibiotikabehandling']/value","inputs":[{"type":"TEXT","list":[],"defaultValue":"","listOpen":false}],"formId":"klinisk_kontakt/antibiotikabehandling@Antibiotikabehandling/antibiotikabehandling@Antibiotikabehandling","viewConfig":{"multiplicity":{"min":1,"max":1},"advanced":{"hidden":false,"readonly":false,"hideFrame":false,"render":false},"label":{"custom":false,"useLocalizations":false},"size":{"field":"inherit","label":"inherit"},"layout":{"label":{"valign":"inherit","align":"inherit"},"field":{"valign":"inherit","align":"inherit"}},"datasource":{"loadRemote":false,"parameters":{}},"annotations":{},"field":{"lines":null,"input":{}}}},{"name":"Status","localizedName":"Status","localizedNames":{"en":"*Status (nb)","nb":"Status"},"localizedDescriptions":{"nb":"Forholdsregelens nåværende status.","en":"*Forholdsregelens nåværende status. (nb)"},"rmType":"DV_CODED_TEXT","nodeId":"at0014","min":0,"max":1,"aqlPath":"/content[openEHR-EHR-EVALUATION.precaution.v1 and name/value='Antibiotikabehandling']/data[at0001]/items[at0014]/value","inputs":[{"suffix":"code","type":"CODED_TEXT","list":[],"listOpen":false}],"formId":"klinisk_kontakt/antibiotikabehandling@Antibiotikabehandling/status","viewConfig":{"multiplicity":{"min":0,"max":1},"advanced":{"hidden":false,"readonly":false,"hideFrame":false,"render":false},"label":{"custom":false,"useLocalizations":false},"size":{"field":"inherit","label":"inherit"},"layout":{"label":{"valign":"inherit","align":"inherit"},"field":{"valign":"inherit","align":"inherit"}},"annotations":{},"field":{}}},{"name":"Kategori","localizedName":"Kategori","localizedNames":{"en":"*Kategori (nb)","nb":"Kategori"},"localizedDescriptions":{"nb":"Type \"Tilstand\".","en":"*Type \"Tilstand\". (nb)"},"rmType":"DV_CODED_TEXT","nodeId":"at0013","min":0,"max":1,"aqlPath":"/content[openEHR-EHR-EVALUATION.precaution.v1 and name/value='Antibiotikabehandling']/data[at0001]/items[at0013]/value","inputs":[{"suffix":"code","type":"CODED_TEXT","list":[{"value":"281789004","label":"antibiotikabehandling (prosedyre)","ordinal":0,"localizedLabels":{"nb":"antibiotikabehandling (prosedyre)","en":"*antibiotikabehandling (prosedyre) (nb)"},"localizedDescriptions":{}}],"defaultValue":"281789004","listOpen":false}],"formId":"klinisk_kontakt/antibiotikabehandling@Antibiotikabehandling/kategori","viewConfig":{"multiplicity":{"min":0,"max":1},"advanced":{"hidden":true,"readonly":false,"hideFrame":false,"render":false},"label":{"custom":false,"useLocalizations":false},"size":{"field":"inherit","label":"inherit"},"layout":{"label":{"valign":"inherit","align":"inherit"},"field":{"valign":"inherit","align":"inherit"}},"annotations":{},"field":{"code":{"presentation":"combobox","columns":"1"}}}}]}]}