{"name":"Form root","localizedNames":{},"localizedDescriptions":{},"rmType":"FORM_DEFINITION","min":0,"max":0,"formId":"form_root","viewConfig":{"label":{"custom":false,"useLocalizations":false},"size":{"field":"inherit","label":"inherit"},"layout":{"label":{"valign":"inherit","align":"inherit"},"field":{"valign":"inherit","align":"inherit"}},"annotations":{}},"children":[{"name":"Klinisk kontakt","localizedName":"Klinisk kontakt","localizedNames":{"en":"*Klinisk kontakt (nb)","nb":"Klinisk kontakt"},"localizedDescriptions":{"nb":"Interaksjon, kontakt eller omsorgshendelse mellom et individ og helsepersonell.","en":"*Interaksjon, kontakt eller omsorgshendelse mellom et individ og helsepersonell. (nb)"},"rmType":"COMPOSITION","nodeId":"openEHR-EHR-COMPOSITION.encounter.v1","min":1,"max":1,"aqlPath":"/","inputs":[],"formId":"klinisk_kontakt","viewConfig":{"multiplicity":{"min":1,"max":1},"advanced":{"hidden":false,"readonly":false,"hideFrame":false,"render":false},"label":{"custom":false,"useLocalizations":false},"size":{"field":"inherit","label":"-1"},"layout":{"label":{"valign":"inherit","align":"top"},"field":{"valign":"inherit","align":"inherit"}},"annotations":{},"field":{},"tags":["HideLabel"]},"children":[{"name":"Blodtrykk","localizedName":"Blodtrykk","localizedNames":{"en":"*Blodtrykk (nb)","nb":"Blodtrykk"},"localizedDescriptions":{"nb":"Måling av blodtrykket som uttrykk for det arterielle blodtrykk i det systemiske kretsløp.","en":"*Måling av blodtrykket som uttrykk for det arterielle blodtrykk i det systemiske kretsløp. (nb)"},"rmType":"OBSERVATION","nodeId":"openEHR-EHR-OBSERVATION.blood_pressure.v1","min":1,"max":1,"aqlPath":"/content[openEHR-EHR-OBSERVATION.blood_pressure.v1]","inputs":[],"formId":"klinisk_kontakt/blodtrykk","viewConfig":{"multiplicity":{"min":1,"max":1},"advanced":{"hidden":false,"readonly":false,"hideFrame":false,"render":false},"label":{"custom":false,"useLocalizations":false},"size":{"field":"inherit","label":"-1"},"layout":{"label":{"valign":"inherit","align":"inherit"},"field":{"valign":"inherit","align":"inherit"}},"annotations":{},"field":{},"tags":["HideLabel"]},"children":[{"name":"Uspesifisert hendelse","localizedName":"Uspesifisert hendelse","localizedNames":{"en":"*Uspesifisert hendelse (nb)","nb":"Blodtrykksmåling"},"localizedDescriptions":{"nb":"Standard, uspesifisert tidspunkt eller tidsintervall som kan defineres mer eksplisitt i en template eller i en applikasjon.","en":"*Standard, uspesifisert tidspunkt eller tidsintervall som kan defineres mer eksplisitt i en template eller i en applikasjon. (nb)"},"rmType":"EVENT","nodeId":"at0006","min":0,"max":-1,"aqlPath":"/content[openEHR-EHR-OBSERVATION.blood_pressure.v1]/data[at0001]/events[at0006]","inputs":[],"formId":"klinisk_kontakt/blodtrykk/uspesifisert_hendelse","viewConfig":{"multiplicity":{"min":0,"max":-1},"advanced":{"hidden":false,"readonly":false,"hideFrame":false,"render":false},"label":{"custom":false,"useLocalizations":false},"size":{"field":"inherit","label":"inherit"},"layout":{"label":{"valign":"inherit","align":"inherit"},"field":{"valign":"inherit","align":"inherit"}},"annotations":{}},"children":[{"name":"Systolisk","localizedName":"Systolisk","localizedNames":{"en":"*Systolisk (nb)","nb":"Systolisk"},"localizedDescriptions":{"nb":"Maksimalt systemisk arterielt blodtrykk - målt i systolen, det vil si i hjertets kontraksjonsfase.","en":"*Maksimalt systemisk arterielt blodtrykk - målt i systolen, det vil si i hjertets kontraksjonsfase. (nb)"},"rmType":"DV_QUANTITY","nodeId":"at0004","min":0,"max":1,"aqlPath":"/content[openEHR-EHR-OBSERVATION.blood_pressure.v1]/data[at0001]/events[at0006]/data[at0003]/items[at0004]/value","inputs":[{"suffix":"magnitude","type":"DECIMAL","defaultValue":"","listOpen":false},{"suffix":"unit","type":"CODED_TEXT","list":[{"value":"mm[Hg]","label":"mm[Hg]","validation":{"range":{"minOp":">=","min":0.0,"maxOp":"<","max":1000.0},"precision":{"minOp":">=","min":0.0,"maxOp":"<=","max":0.0}},"ordinal":0,"localizedLabels":{},"localizedDescriptions":{}}],"defaultValue":"mm[Hg]","listOpen":false}],"formId":"klinisk_kontakt/blodtrykk/uspesifisert_hendelse/systolisk","viewConfig":{"multiplicity":{"min":0,"max":1},"advanced":{"hidden":false,"readonly":false,"hideFrame":false,"render":false},"label":{"custom":false,"useLocalizations":false},"size":{"field":"medium","label":"inherit"},"layout":{"label":{"valign":"inherit","align":"inherit"},"field":{"valign":"inherit","align":"inherit"}},"annotations":{},"field":{},"tags":[]}},{"name":"Diastolisk","localizedName":"Diastolisk","localizedNames":{"en":"*Diastolisk (nb)","nb":"Diastolisk"},"localizedDescriptions":{"nb":"Laveste systemiske arterielle blodtrykk - målt i diastolen, det vil si under hjertets relaksasjonsfase.","en":"*Laveste systemiske arterielle blodtrykk - målt i diastolen, det vil si under hjertets relaksasjonsfase. (nb)"},"rmType":"DV_QUANTITY","nodeId":"at0005","min":0,"max":1,"aqlPath":"/content[openEHR-EHR-OBSERVATION.blood_pressure.v1]/data[at0001]/events[at0006]/data[at0003]/items[at0005]/value","inputs":[{"suffix":"magnitude","type":"DECIMAL","defaultValue":"","listOpen":false},{"suffix":"unit","type":"CODED_TEXT","list":[{"value":"mm[Hg]","label":"mm[Hg]","validation":{"range":{"minOp":">=","min":0.0,"maxOp":"<","max":1000.0},"precision":{"minOp":">=","min":0.0,"maxOp":"<=","max":0.0}},"ordinal":0,"localizedLabels":{},"localizedDescriptions":{}}],"defaultValue":"mm[Hg]","listOpen":false}],"formId":"klinisk_kontakt/blodtrykk/uspesifisert_hendelse/diastolisk","viewConfig":{"multiplicity":{"min":0,"max":1},"advanced":{"hidden":false,"readonly":false,"hideFrame":false,"render":false},"label":{"custom":false,"useLocalizations":false},"size":{"field":"medium","label":"inherit"},"layout":{"label":{"valign":"inherit","align":"inherit"},"field":{"valign":"inherit","align":"inherit"}},"annotations":{},"field":{},"tags":[]}},{"name":"Time","localizedName":"Time","localizedNames":{"en":"*Time (en)","nb":"Registert tidspunkt"},"localizedDescriptions":{},"rmType":"DV_DATE_TIME","min":0,"max":1,"aqlPath":"/content[openEHR-EHR-OBSERVATION.blood_pressure.v1]/data[at0001]/events[at0006]/time","inputs":[{"type":"DATETIME","listOpen":false}],"formId":"klinisk_kontakt/blodtrykk/uspesifisert_hendelse/time","viewConfig":{"multiplicity":{"min":0,"max":1},"advanced":{"hidden":false,"readonly":false,"hideFrame":false,"render":false},"label":{"custom":false,"useLocalizations":false},"size":{"field":"inherit","label":"inherit"},"layout":{"label":{"valign":"inherit","align":"inherit"},"field":{"valign":"inherit","align":"inherit"}},"annotations":{"templateVariable":"[sys.Now]"},"field":{"input":{"hideTime":false,"dateFormat":"","hideDate":false}}}}]}]},{"name":"Problem/diagnose","localizedName":"Problem/diagnose","localizedNames":{"en":"*Problem/diagnose (nb)","nb":"Problem/diagnose"},"localizedDescriptions":{"nb":"Detaljer om én identifisert helsetilstand, skade, funksjonshemming eller annet forhold som påvirker et individs fysiske, mentale og/eller sosiale velvære.\n","en":"*Detaljer om én identifisert helsetilstand, skade, funksjonshemming eller annet forhold som påvirker et individs fysiske, mentale og/eller sosiale velvære.\n (nb)"},"rmType":"EVALUATION","nodeId":"openEHR-EHR-EVALUATION.problem_diagnosis.v1","min":0,"max":1,"aqlPath":"/content[openEHR-EHR-EVALUATION.problem_diagnosis.v1]","inputs":[],"formId":"klinisk_kontakt/problem_diagnose","viewConfig":{"multiplicity":{"min":0,"max":1},"advanced":{"hidden":false,"readonly":false,"hideFrame":false,"render":false},"label":{"custom":false,"useLocalizations":false},"size":{"field":"inherit","label":"-1"},"layout":{"label":{"valign":"inherit","align":"inherit"},"field":{"valign":"inherit","align":"inherit"}},"annotations":{"validateemptycontainer":"False"},"field":{},"tags":["HideLabel"]},"children":[{"name":"Problem/diagnosenavn","localizedName":"Problem/diagnosenavn","localizedNames":{"en":"*Problem/diagnosenavn (nb)","nb":"Har pasienten diagnose?"},"localizedDescriptions":{"nb":"Identifisering av problemet eller diagnosen ved hjelp av navn.","en":"*Identifisering av problemet eller diagnosen ved hjelp av navn. (nb)"},"rmType":"DV_CODED_TEXT","nodeId":"at0002","min":1,"max":1,"aqlPath":"/content[openEHR-EHR-EVALUATION.problem_diagnosis.v1]/data[at0001]/items[at0002]/value","inputs":[{"suffix":"code","type":"CODED_TEXT","list":[{"value":"44054006","label":"Diabetes type 2","ordinal":0,"localizedLabels":{"nb":"Diabetes type 2","en":"*Diabetes type 2 (nb)"},"localizedDescriptions":{}}],"listOpen":false}],"formId":"klinisk_kontakt/problem_diagnose/problem_diagnosenavn","viewConfig":{"multiplicity":{"min":1,"max":1},"advanced":{"hidden":false,"readonly":false,"hideFrame":false,"render":false},"label":{"custom":false,"useLocalizations":false},"size":{"field":"inherit","label":"inherit"},"layout":{"label":{"valign":"inherit","align":"inherit"},"field":{"valign":"inherit","align":"inherit"}},"annotations":{},"field":{"code":{"presentation":"radios","columns":"1"}}}}]},{"name":"Uspesifisert hendelse","localizedName":"Uspesifisert hendelse","localizedNames":{"en":"*Uspesifisert hendelse (nb)","nb":"Blodprøve"},"localizedDescriptions":{"nb":"Standard, uspesifisert tidspunkt eller tidsintervall som kan defineres mer eksplisitt i en templat eller i en applikasjon.","en":"*Standard, uspesifisert tidspunkt eller tidsintervall som kan defineres mer eksplisitt i en templat eller i en applikasjon. (nb)"},"rmType":"EVENT","nodeId":"at0002","min":1,"max":1,"aqlPath":"/content[openEHR-EHR-OBSERVATION.laboratory_test_result.v1]/data[at0001]/events[at0002]","inputs":[],"formId":"klinisk_kontakt/laboratorieresultat/uspesifisert_hendelse","viewConfig":{"multiplicity":{"min":1,"max":1},"advanced":{"hidden":false,"readonly":false,"hideFrame":false,"render":false},"label":{"custom":false,"useLocalizations":false},"size":{"field":"inherit","label":"-1"},"layout":{"label":{"valign":"inherit","align":"inherit"},"field":{"valign":"inherit","align":"inherit"}},"annotations":{"validateemptycontainer":"False"},"tags":["HideLabel"]},"children":[{"name":"Undersøkelsesnavn","localizedName":"Undersøkelsesnavn","localizedNames":{"en":"*Undersøkelsesnavn (nb)","nb":"Undersøkelsesnavn"},"localizedDescriptions":{"nb":"Navn på laboratorieundersøkelsen som er utført på prøvematerialet.","en":"*Navn på laboratorieundersøkelsen som er utført på prøvematerialet. (nb)"},"rmType":"DV_CODED_TEXT","nodeId":"at0005","min":1,"max":1,"aqlPath":"/content[openEHR-EHR-OBSERVATION.laboratory_test_result.v1]/data[at0001]/events[at0002]/data[at0003]/items[at0005]/value","inputs":[{"suffix":"code","type":"CODED_TEXT","list":[{"value":"17888004","label":"HDL analyse","ordinal":0,"localizedLabels":{"nb":"HDL analyse","en":"*HDL analyse (nb)"},"localizedDescriptions":{}}],"listOpen":false}],"formId":"klinisk_kontakt/laboratorieresultat/uspesifisert_hendelse/undersøkelsesnavn","viewConfig":{"multiplicity":{"min":1,"max":1},"advanced":{"hidden":true,"readonly":false,"hideFrame":false,"render":false},"label":{"custom":false,"useLocalizations":false},"size":{"field":"inherit","label":"inherit"},"layout":{"label":{"valign":"inherit","align":"inherit"},"field":{"valign":"inherit","align":"inherit"}},"annotations":{},"field":{"code":{"presentation":"combobox","columns":"1"}}}},{"name":"Analyseresultat","localizedName":"Analyseresultat","localizedNames":{"en":"*Analyseresultat (nb)","nb":"Analyseresultat"},"localizedDescriptions":{"nb":"Resultatet av en individuell laboratorieanalyse.","en":"*Resultatet av en individuell laboratorieanalyse. (nb)"},"rmType":"CLUSTER","nodeId":"openEHR-EHR-CLUSTER.laboratory_test_analyte.v1","min":0,"max":1,"aqlPath":"/content[openEHR-EHR-OBSERVATION.laboratory_test_result.v1]/data[at0001]/events[at0002]/data[at0003]/items[openEHR-EHR-CLUSTER.laboratory_test_analyte.v1]","inputs":[],"formId":"klinisk_kontakt/laboratorieresultat/uspesifisert_hendelse/analyseresultat","viewConfig":{"multiplicity":{"min":0,"max":1},"advanced":{"hidden":false,"readonly":false,"hideFrame":false,"render":false},"label":{"custom":false,"useLocalizations":false},"size":{"field":"inherit","label":"inherit"},"layout":{"label":{"valign":"inherit","align":"inherit"},"field":{"valign":"inherit","align":"inherit"}},"annotations":{},"field":{}},"children":[{"name":"Analysenavn","localizedName":"Analysenavn","localizedNames":{"en":"*Analysenavn (nb)","nb":"Analysenavn"},"localizedDescriptions":{"nb":"Navnet på analyseresultatet.","en":"*Navnet på analyseresultatet. (nb)"},"rmType":"DV_CODED_TEXT","nodeId":"at0024","min":0,"max":1,"aqlPath":"/content[openEHR-EHR-OBSERVATION.laboratory_test_result.v1]/data[at0001]/events[at0002]/data[at0003]/items[openEHR-EHR-CLUSTER.laboratory_test_analyte.v1]/items[at0024]/value","inputs":[{"suffix":"code","type":"CODED_TEXT","list":[{"value":"102737005","label":"HDL Kolesterol","ordinal":0,"localizedLabels":{"nb":"HDL Kolesterol","en":"*HDL Kolesterol (nb)"},"localizedDescriptions":{}}],"listOpen":false}],"formId":"klinisk_kontakt/laboratorieresultat/uspesifisert_hendelse/analyseresultat/analysenavn","viewConfig":{"multiplicity":{"min":0,"max":1},"advanced":{"hidden":true,"readonly":false,"hideFrame":false,"render":false},"label":{"custom":false,"useLocalizations":false},"size":{"field":"inherit","label":"inherit"},"layout":{"label":{"valign":"inherit","align":"inherit"},"field":{"valign":"inherit","align":"inherit"}},"annotations":{},"field":{"code":{"presentation":"combobox","columns":"1"}}}},{"name":"Analyseresultat","localizedName":"Analyseresultat","localizedNames":{"en":"*Analyseresultat (nb)","nb":"Analyseresultat"},"localizedDescriptions":{"nb":"Verdien av analyseresultatet.","en":"*Verdien av analyseresultatet. (nb)"},"rmType":"DV_QUANTITY","nodeId":"at0001","min":0,"max":1,"aqlPath":"/content[openEHR-EHR-OBSERVATION.laboratory_test_result.v1]/data[at0001]/events[at0002]/data[at0003]/items[openEHR-EHR-CLUSTER.laboratory_test_analyte.v1]/items[at0001]/value","inputs":[{"suffix":"magnitude","type":"DECIMAL","defaultValue":"","listOpen":false},{"suffix":"unit","type":"CODED_TEXT","list":[{"value":"mg/dl","label":"mg/dl","validation":{"range":{"minOp":">","maxOp":"<"}},"ordinal":0,"localizedLabels":{},"localizedDescriptions":{}}],"defaultValue":"mg/dl","listOpen":false}],"formId":"klinisk_kontakt/laboratorieresultat/uspesifisert_hendelse/analyseresultat/analyseresultat","viewConfig":{"multiplicity":{"min":0,"max":1},"advanced":{"hidden":false,"readonly":false,"hideFrame":false,"render":false},"label":{"custom":false,"useLocalizations":false},"size":{"field":"inherit","label":"inherit"},"layout":{"label":{"valign":"inherit","align":"inherit"},"field":{"valign":"inherit","align":"inherit"}},"annotations":{},"field":{}}}]}]}]}]}