[{"col":1,"row":1,"width":12,"height":69,"children":[{"id":"klinisk_kontakt","rows":[{"cols":[{"width":"100%","children":[{"id":"klinisk_kontakt/blodtrykk","rows":[{"cols":[{"width":"100%","children":[{"id":"klinisk_kontakt/blodtrykk/uspesifisert_hendelse","rows":[{"cols":[{"width":"49%","children":[{"id":"klinisk_kontakt/blodtrykk/uspesifisert_hendelse/systolisk","rows":[]},{"id":"klinisk_kontakt/blodtrykk/uspesifisert_hendelse/diastolisk","rows":[]},{"id":"klinisk_kontakt/blodtrykk/uspesifisert_hendelse/time","rows":[]}]},{"width":"51%","children":[]}]}]}]}]}]},{"id":"klinisk_kontakt/problem_diagnose","rows":[{"cols":[{"width":"100%","children":[{"id":"klinisk_kontakt/problem_diagnose/problem_diagnosenavn","rows":[]}]}]}]},{"id":"klinisk_kontakt/laboratorieresultat/uspesifisert_hendelse","rows":[{"cols":[{"width":"100%","children":[{"id":"klinisk_kontakt/laboratorieresultat/uspesifisert_hendelse/undersøkelsesnavn","rows":[]},{"id":"klinisk_kontakt/laboratorieresultat/uspesifisert_hendelse/analyseresultat","rows":[{"cols":[{"width":"100%","children":[{"id":"klinisk_kontakt/laboratorieresultat/uspesifisert_hendelse/analyseresultat/analysenavn","rows":[]},{"id":"klinisk_kontakt/laboratorieresultat/uspesifisert_hendelse/analyseresultat/analyseresultat","rows":[]}]}]}]}]}]}]}]}]}]}]}]