[{"field":"anestesivurdering/anestesisykepleier@Anestesisykepleier/vurdering_av_anestesisykepleier@Vurdering av anestesisykepleier/resultat","conditions":[{"operator":"empty","actions":[{"action":"set","target":"anestesivurdering/anestesisykepleier@Anestesisykepleier/vurdering_av_anestesisykepleier@Vurdering av anestesisykepleier/ism_transition/current_state","value":{"code":"245"}},{"action":"set","target":"anestesivurdering/anestesisykepleier@Anestesisykepleier/vurdering_av_anestesisykepleier@Vurdering av anestesisykepleier/ism_transition/careflow_step","value":{"code":"at0068"}},{"action":"set","target":"anestesivurdering/anestesisykepleier@Anestesisykepleier/vurdering_av_anestesisykepleier@Vurdering av anestesisykepleier/prosedyrenavn","value":{"code":"83874006"}},{"action":"hide","target":"anestesivurdering/anestesisykepleier@Anestesisykepleier/vurdering_av_anestesisykepleier@Vurdering av anestesisykepleier/kommentar"},{"action":"clear","target":"anestesivurdering/anestesisykepleier@Anestesisykepleier/vurdering_av_anestesisykepleier@Vurdering av anestesisykepleier/kommentar"}]},{"operator":"notempty","actions":[{"action":"set","target":"anestesivurdering/anestesisykepleier@Anestesisykepleier/vurdering_av_anestesisykepleier@Vurdering av anestesisykepleier/ism_transition/current_state","value":{"code":"532"}},{"action":"set","target":"anestesivurdering/anestesisykepleier@Anestesisykepleier/vurdering_av_anestesisykepleier@Vurdering av anestesisykepleier/ism_transition/careflow_step","value":{"code":"at0043"}},{"action":"set","target":"anestesivurdering/anestesisykepleier@Anestesisykepleier/vurdering_av_anestesisykepleier@Vurdering av anestesisykepleier/prosedyrenavn","value":{"code":"83874006"}},{"action":"show","target":"anestesivurdering/anestesisykepleier@Anestesisykepleier/vurdering_av_anestesisykepleier@Vurdering av anestesisykepleier/kommentar"}]}]},{"field":"anestesivurdering/anestesilege@Anestesilege/vurdering_av_anestesilege@Vurdering av anestesilege/resultat","conditions":[{"operator":"empty","actions":[{"action":"set","target":"anestesivurdering/anestesilege@Anestesilege/vurdering_av_anestesilege@Vurdering av anestesilege/ism_transition/current_state","value":{"code":"245"}},{"action":"set","target":"anestesivurdering/anestesilege@Anestesilege/vurdering_av_anestesilege@Vurdering av anestesilege/ism_transition/careflow_step","value":{"code":"at0068"}},{"action":"set","target":"anestesivurdering/anestesilege@Anestesilege/vurdering_av_anestesilege@Vurdering av anestesilege/prosedyrenavn","value":{"code":"83874006"}},{"action":"hide","target":"anestesivurdering/anestesilege@Anestesilege/vurdering_av_anestesilege@Vurdering av anestesilege/kommentar"},{"action":"clear","target":"anestesivurdering/anestesilege@Anestesilege/vurdering_av_anestesilege@Vurdering av anestesilege/kommentar"}]},{"operator":"notempty","actions":[{"action":"set","target":"anestesivurdering/anestesilege@Anestesilege/vurdering_av_anestesilege@Vurdering av anestesilege/ism_transition/current_state","value":{"code":"532"}},{"action":"set","target":"anestesivurdering/anestesilege@Anestesilege/vurdering_av_anestesilege@Vurdering av anestesilege/ism_transition/careflow_step","value":{"code":"at0043"}},{"action":"set","target":"anestesivurdering/anestesilege@Anestesilege/vurdering_av_anestesilege@Vurdering av anestesilege/prosedyrenavn","value":{"code":"83874006"}},{"action":"show","target":"anestesivurdering/anestesilege@Anestesilege/vurdering_av_anestesilege@Vurdering av anestesilege/kommentar"}]}]},{"field":"anestesivurdering/prosedyrerekvirering/rekvirering/prosedyrenavn","conditions":[{"operator":"equals","value":{"value":"ssssssss","code":"ssss"},"actions":[{"action":"show","target":"anestesivurdering/prosedyrerekvirering/rekvirering/prosedyredetaljer"},{"action":"setOccurrences","target":"anestesivurdering/prosedyrerekvirering/rekvirering/prosedyredetaljer/prosedyrenavn","value":{"value":"1..1"}}]},{"operator":"notequals","value":{"value":"ssssssss","code":"ssss"},"actions":[{"action":"hide","target":"anestesivurdering/prosedyrerekvirering/rekvirering/prosedyredetaljer"},{"action":"hide","target":"anestesivurdering/prosedyrerekvirering/rekvirering/prosedyredetaljer/prosedyrenavn"},{"action":"clear","target":"anestesivurdering/prosedyrerekvirering/rekvirering/prosedyredetaljer/prosedyrenavn"},{"action":"setOccurrences","target":"anestesivurdering/prosedyrerekvirering/rekvirering/prosedyredetaljer/prosedyrenavn","value":{"value":"0..1"}}]}]}]