[{"field":"trygg_kirurgi/annet_diverse@Annet/diverse/annet_diverse@Annet/diverse","conditions":[{"operator":"is","value":{"value":"True"},"actions":[{"action":"show","target":"trygg_kirurgi/annet_diverse@Annet/diverse/beskrivelse"},{"action":"setOccurrences","target":"trygg_kirurgi/annet_diverse@Annet/diverse/beskrivelse","value":{"value":"1..1"}}]},{"operator":"isnot","value":{"value":"True"},"actions":[{"action":"hide","target":"trygg_kirurgi/annet_diverse@Annet/diverse/beskrivelse"},{"action":"clear","target":"trygg_kirurgi/annet_diverse@Annet/diverse/beskrivelse"},{"action":"setOccurrences","target":"trygg_kirurgi/annet_diverse@Annet/diverse/beskrivelse","value":{"value":"0..1"}}]}]},{"field":"trygg_kirurgi/spesielle_hendelser_anestesi@Spesielle hendelser anestesi/spesielle_hendelser_anestesi@Spesielle hendelser anestesi","conditions":[{"operator":"is","value":{"value":"True"},"actions":[{"action":"show","target":"trygg_kirurgi/spesielle_hendelser_anestesi@Spesielle hendelser anestesi/beskrivelse"},{"action":"setOccurrences","target":"trygg_kirurgi/spesielle_hendelser_anestesi@Spesielle hendelser anestesi/beskrivelse","value":{"value":"1..1"}}]},{"operator":"isnot","value":{"value":"True"},"actions":[{"action":"hide","target":"trygg_kirurgi/spesielle_hendelser_anestesi@Spesielle hendelser anestesi/beskrivelse"},{"action":"clear","target":"trygg_kirurgi/spesielle_hendelser_anestesi@Spesielle hendelser anestesi/beskrivelse"},{"action":"setOccurrences","target":"trygg_kirurgi/spesielle_hendelser_anestesi@Spesielle hendelser anestesi/beskrivelse","value":{"value":"0..1"}}]}]},{"field":"trygg_kirurgi/kirurgisk_komplikasjon@Kirurgisk komplikasjon/kirurgisk_komplikasjon@Kirurgisk komplikasjon","conditions":[{"operator":"is","value":{"value":"True"},"actions":[{"action":"show","target":"trygg_kirurgi/kirurgisk_komplikasjon@Kirurgisk komplikasjon/beskrivelse"},{"action":"setOccurrences","target":"trygg_kirurgi/kirurgisk_komplikasjon@Kirurgisk komplikasjon/beskrivelse","value":{"value":"1..1"}}]},{"operator":"isnot","value":{"value":"True"},"actions":[{"action":"hide","target":"trygg_kirurgi/kirurgisk_komplikasjon@Kirurgisk komplikasjon/beskrivelse"},{"action":"clear","target":"trygg_kirurgi/kirurgisk_komplikasjon@Kirurgisk komplikasjon/beskrivelse"},{"action":"setOccurrences","target":"trygg_kirurgi/kirurgisk_komplikasjon@Kirurgisk komplikasjon/beskrivelse","value":{"value":"0..1"}}]}]},{"field":"trygg_kirurgi/feil_svikt_mangel_på_utstyr@Feil/svikt/mangel på utstyr/feil_svikt_mangel_på_utstyr@Feil/svikt/mangel på utstyr","conditions":[{"operator":"is","value":{"value":"True"},"actions":[{"action":"show","target":"trygg_kirurgi/feil_svikt_mangel_på_utstyr@Feil/svikt/mangel på utstyr/beskrivelse"},{"action":"setOccurrences","target":"trygg_kirurgi/feil_svikt_mangel_på_utstyr@Feil/svikt/mangel på utstyr/beskrivelse","value":{"value":"1..1"}}]},{"operator":"isnot","value":{"value":"True"},"actions":[{"action":"hide","target":"trygg_kirurgi/feil_svikt_mangel_på_utstyr@Feil/svikt/mangel på utstyr/beskrivelse"},{"action":"clear","target":"trygg_kirurgi/feil_svikt_mangel_på_utstyr@Feil/svikt/mangel på utstyr/beskrivelse"},{"action":"setOccurrences","target":"trygg_kirurgi/feil_svikt_mangel_på_utstyr@Feil/svikt/mangel på utstyr/beskrivelse","value":{"value":"0..1"}}]}]},{"field":"trygg_kirurgi/endring_i_bestilt_inngrep@Endring i bestilt inngrep/endring_i_bestilt_inngrep@Endring i bestilt inngrep","conditions":[{"operator":"is","value":{"value":"True"},"actions":[{"action":"show","target":"trygg_kirurgi/endring_i_bestilt_inngrep@Endring i bestilt inngrep/beskrivelse"},{"action":"setOccurrences","target":"trygg_kirurgi/endring_i_bestilt_inngrep@Endring i bestilt inngrep/beskrivelse","value":{"value":"1..1"}}]},{"operator":"isnot","value":{"value":"True"},"actions":[{"action":"hide","target":"trygg_kirurgi/endring_i_bestilt_inngrep@Endring i bestilt inngrep/beskrivelse"},{"action":"clear","target":"trygg_kirurgi/endring_i_bestilt_inngrep@Endring i bestilt inngrep/beskrivelse"},{"action":"setOccurrences","target":"trygg_kirurgi/endring_i_bestilt_inngrep@Endring i bestilt inngrep/beskrivelse","value":{"value":"0..1"}}]}]},{"field":"trygg_kirurgi/endring_i_bestilt_anestesimetode@Endring i bestilt anestesimetode/endring_i_bestilt_anestesimetode@Endring i bestilt anestesimetode","conditions":[{"operator":"is","value":{"value":"True"},"actions":[{"action":"show","target":"trygg_kirurgi/endring_i_bestilt_anestesimetode@Endring i bestilt anestesimetode/beskrivelse"},{"action":"setOccurrences","target":"trygg_kirurgi/endring_i_bestilt_anestesimetode@Endring i bestilt anestesimetode/beskrivelse","value":{"value":"1..1"}}]},{"operator":"isnot","value":{"value":"True"},"actions":[{"action":"hide","target":"trygg_kirurgi/endring_i_bestilt_anestesimetode@Endring i bestilt anestesimetode/beskrivelse"},{"action":"clear","target":"trygg_kirurgi/endring_i_bestilt_anestesimetode@Endring i bestilt anestesimetode/beskrivelse"},{"action":"setOccurrences","target":"trygg_kirurgi/endring_i_bestilt_anestesimetode@Endring i bestilt anestesimetode/beskrivelse","value":{"value":"0..1"}}]}]},{"field":"trygg_kirurgi/prosedyre_ikke_fulgt_@Prosedyre ikke fulgt /prosedyre_ikke_fulgt_@Prosedyre ikke fulgt ","conditions":[{"operator":"is","value":{"value":"True"},"actions":[{"action":"show","target":"trygg_kirurgi/prosedyre_ikke_fulgt_@Prosedyre ikke fulgt /beskrivelse"},{"action":"setOccurrences","target":"trygg_kirurgi/prosedyre_ikke_fulgt_@Prosedyre ikke fulgt /beskrivelse","value":{"value":"1..1"}}]},{"operator":"isnot","value":{"value":"True"},"actions":[{"action":"hide","target":"trygg_kirurgi/prosedyre_ikke_fulgt_@Prosedyre ikke fulgt /beskrivelse"},{"action":"clear","target":"trygg_kirurgi/prosedyre_ikke_fulgt_@Prosedyre ikke fulgt /beskrivelse"},{"action":"setOccurrences","target":"trygg_kirurgi/prosedyre_ikke_fulgt_@Prosedyre ikke fulgt /beskrivelse","value":{"value":"0..1"}}]}]}]