[{"col":1,"row":1,"width":12,"height":208,"children":[{"id":"trygg_kirurgi/sjekkliste_trygg_kirurgi_forberedelse","rows":[{"cols":[{"width":"100%","children":[{"id":"trygg_kirurgi/sjekkliste_trygg_kirurgi_forberedelse/ism_transition","rows":[{"cols":[{"width":"100%","children":[{"id":"trygg_kirurgi/sjekkliste_trygg_kirurgi_forberedelse/ism_transition/transition","rows":[]},{"id":"trygg_kirurgi/sjekkliste_trygg_kirurgi_forberedelse/ism_transition/current_state","rows":[]},{"id":"trygg_kirurgi/sjekkliste_trygg_kirurgi_forberedelse/ism_transition/careflow_step","rows":[]}]}]}]},{"id":"trygg_kirurgi/sjekkliste_trygg_kirurgi_forberedelse/er_sjekkliste_for_trygg_kirurgi_forberedelse_gjennomført","rows":[]},{"id":"trygg_kirurgi/sjekkliste_trygg_kirurgi_forberedelse/er_temperatur_målt_preoperativt@Er temperatur målt preoperativt?","rows":[]},{"id":"trygg_kirurgi/sjekkliste_trygg_kirurgi_forberedelse/preoperativ_hårklipp_korrekt_utført","rows":[]},{"id":"trygg_kirurgi/sjekkliste_trygg_kirurgi_forberedelse/risiko_for_hypotermi","rows":[]},{"id":"trygg_kirurgi/sjekkliste_trygg_kirurgi_forberedelse/time","rows":[]}]}]}]},{"id":"trygg_kirurgi/sjekkliste_trygg_kirurgi_time-out","rows":[{"cols":[{"width":"100%","children":[{"id":"trygg_kirurgi/sjekkliste_trygg_kirurgi_time-out/ism_transition","rows":[{"cols":[{"width":"100%","children":[{"id":"trygg_kirurgi/sjekkliste_trygg_kirurgi_time-out/ism_transition/transition","rows":[]},{"id":"trygg_kirurgi/sjekkliste_trygg_kirurgi_time-out/ism_transition/current_state","rows":[]},{"id":"trygg_kirurgi/sjekkliste_trygg_kirurgi_time-out/ism_transition/careflow_step","rows":[]}]}]}]},{"id":"trygg_kirurgi/sjekkliste_trygg_kirurgi_time-out/er_sjekkliste_for_trygg_kirurgi_time-out_gjennomført","rows":[]},{"id":"trygg_kirurgi/sjekkliste_trygg_kirurgi_time-out/er_antibiotikaprofylakse_gitt_i_henhold_til_prosedyrer_for_operasjonen_som_skal_gjennomføres_særlig_mht_tidspunkt","rows":[]},{"id":"trygg_kirurgi/sjekkliste_trygg_kirurgi_time-out/time","rows":[]}]}]}]},{"id":"trygg_kirurgi/sjekkliste_trygg_kirurgi_avslutning","rows":[{"cols":[{"width":"100%","children":[{"id":"trygg_kirurgi/sjekkliste_trygg_kirurgi_avslutning/ism_transition","rows":[{"cols":[{"width":"100%","children":[{"id":"trygg_kirurgi/sjekkliste_trygg_kirurgi_avslutning/ism_transition/transition","rows":[]},{"id":"trygg_kirurgi/sjekkliste_trygg_kirurgi_avslutning/ism_transition/current_state","rows":[]},{"id":"trygg_kirurgi/sjekkliste_trygg_kirurgi_avslutning/ism_transition/careflow_step","rows":[]}]}]}]},{"id":"trygg_kirurgi/sjekkliste_trygg_kirurgi_avslutning/er_sjekkliste_for_trygg_kirurgi_avslutning_gjennomført","rows":[]},{"id":"trygg_kirurgi/sjekkliste_trygg_kirurgi_avslutning/time","rows":[]}]}]}]},{"id":"generic-field-69898","rows":[{"cols":[{"width":"100%","children":[{"id":"generic-field-82564","rows":[{"cols":[{"width":"28%","children":[{"id":"trygg_kirurgi/sjekkliste_trygg_kirurgi_forberedelse/tidspunkt_preoperativ_hårklipp_utført","rows":[]}]},{"width":"28%","children":[{"id":"trygg_kirurgi/sjekkliste_trygg_kirurgi_time-out/tidspunkt_for_gitt_antibiotikaprofylakse","rows":[]}]},{"width":"44%","children":[]}]}]},{"id":"generic-field-55621","rows":[]},{"id":"trygg_kirurgi/preoperativ_temperatur@Preoperativ temperatur","rows":[{"cols":[{"width":"28%","children":[{"id":"trygg_kirurgi/preoperativ_temperatur@Preoperativ temperatur/uspesifisert_hendelse","rows":[{"cols":[{"width":"100%","children":[{"id":"trygg_kirurgi/preoperativ_temperatur@Preoperativ temperatur/uspesifisert_hendelse/temperatur","rows":[]}]}]}]},{"id":"trygg_kirurgi/preoperativ_temperatur@Preoperativ temperatur/*history(en)/origin","rows":[]}]},{"width":"28%","children":[{"id":"trygg_kirurgi/preoperativ_temperatur@Preoperativ temperatur/uspesifisert_hendelse/time","rows":[]}]},{"width":"44%","children":[]}]}]},{"id":"trygg_kirurgi/perioperativ_temperatur@Perioperativ temperatur","rows":[{"cols":[{"width":"28%","children":[{"id":"trygg_kirurgi/perioperativ_temperatur@Perioperativ temperatur/uspesifisert_hendelse","rows":[{"cols":[{"width":"100%","children":[{"id":"trygg_kirurgi/perioperativ_temperatur@Perioperativ temperatur/uspesifisert_hendelse/temperatur","rows":[]}]}]}]},{"id":"trygg_kirurgi/perioperativ_temperatur@Perioperativ temperatur/*history(en)/origin","rows":[]}]},{"width":"28%","children":[{"id":"trygg_kirurgi/perioperativ_temperatur@Perioperativ temperatur/uspesifisert_hendelse/time","rows":[]}]},{"width":"44%","children":[]}]}]},{"id":"trygg_kirurgi/postoperativ_temperatur@Postoperativ temperatur","rows":[{"cols":[{"width":"28%","children":[{"id":"trygg_kirurgi/postoperativ_temperatur@Postoperativ temperatur/uspesifisert_hendelse","rows":[{"cols":[{"width":"100%","children":[{"id":"trygg_kirurgi/postoperativ_temperatur@Postoperativ temperatur/uspesifisert_hendelse/temperatur","rows":[]}]}]}]},{"id":"trygg_kirurgi/postoperativ_temperatur@Postoperativ temperatur/*history(en)/origin","rows":[]}]},{"width":"28%","children":[{"id":"trygg_kirurgi/postoperativ_temperatur@Postoperativ temperatur/uspesifisert_hendelse/time","rows":[]}]},{"width":"44%","children":[]}]}]}]}]}]},{"id":"generic-field-68619","rows":[{"cols":[{"width":"100%","children":[{"id":"trygg_kirurgi/spesielle_hendelser_anestesi@Spesielle hendelser anestesi","rows":[{"cols":[{"width":"50%","children":[{"id":"trygg_kirurgi/spesielle_hendelser_anestesi@Spesielle hendelser anestesi/spesielle_hendelser_anestesi@Spesielle hendelser anestesi","rows":[]}]},{"width":"50%","children":[{"id":"trygg_kirurgi/spesielle_hendelser_anestesi@Spesielle hendelser anestesi/beskrivelse","rows":[]}]}]}]},{"id":"trygg_kirurgi/kirurgisk_komplikasjon@Kirurgisk komplikasjon","rows":[{"cols":[{"width":"50%","children":[{"id":"trygg_kirurgi/kirurgisk_komplikasjon@Kirurgisk komplikasjon/kirurgisk_komplikasjon@Kirurgisk komplikasjon","rows":[]}]},{"width":"50%","children":[{"id":"trygg_kirurgi/kirurgisk_komplikasjon@Kirurgisk komplikasjon/beskrivelse","rows":[]}]}]}]},{"id":"trygg_kirurgi/feil_svikt_mangel_på_utstyr@Feil/svikt/mangel på utstyr","rows":[{"cols":[{"width":"50%","children":[{"id":"trygg_kirurgi/feil_svikt_mangel_på_utstyr@Feil/svikt/mangel på utstyr/feil_svikt_mangel_på_utstyr@Feil/svikt/mangel på utstyr","rows":[]}]},{"width":"50%","children":[{"id":"trygg_kirurgi/feil_svikt_mangel_på_utstyr@Feil/svikt/mangel på utstyr/beskrivelse","rows":[]}]}]}]},{"id":"trygg_kirurgi/endring_i_bestilt_inngrep@Endring i bestilt inngrep","rows":[{"cols":[{"width":"50%","children":[{"id":"trygg_kirurgi/endring_i_bestilt_inngrep@Endring i bestilt inngrep/endring_i_bestilt_inngrep@Endring i bestilt inngrep","rows":[]}]},{"width":"50%","children":[{"id":"trygg_kirurgi/endring_i_bestilt_inngrep@Endring i bestilt inngrep/beskrivelse","rows":[]}]}]}]},{"id":"trygg_kirurgi/endring_i_bestilt_anestesimetode@Endring i bestilt anestesimetode","rows":[{"cols":[{"width":"50%","children":[{"id":"trygg_kirurgi/endring_i_bestilt_anestesimetode@Endring i bestilt anestesimetode/endring_i_bestilt_anestesimetode@Endring i bestilt anestesimetode","rows":[]}]},{"width":"50%","children":[{"id":"trygg_kirurgi/endring_i_bestilt_anestesimetode@Endring i bestilt anestesimetode/beskrivelse","rows":[]}]}]}]},{"id":"trygg_kirurgi/prosedyre_ikke_fulgt_@Prosedyre ikke fulgt ","rows":[{"cols":[{"width":"50%","children":[{"id":"trygg_kirurgi/prosedyre_ikke_fulgt_@Prosedyre ikke fulgt /prosedyre_ikke_fulgt_@Prosedyre ikke fulgt ","rows":[]}]},{"width":"50%","children":[{"id":"trygg_kirurgi/prosedyre_ikke_fulgt_@Prosedyre ikke fulgt /beskrivelse","rows":[]}]}]}]},{"id":"trygg_kirurgi/annet_diverse@Annet/diverse","rows":[{"cols":[{"width":"50%","children":[{"id":"trygg_kirurgi/annet_diverse@Annet/diverse/annet_diverse@Annet/diverse","rows":[]}]},{"width":"50%","children":[{"id":"trygg_kirurgi/annet_diverse@Annet/diverse/beskrivelse","rows":[]}]}]}]}]}]}]}]}]