{"name":"Form root","localizedNames":{},"localizedDescriptions":{},"rmType":"FORM_DEFINITION","min":0,"max":0,"formId":"form_root","viewConfig":{"label":{"custom":false,"useLocalizations":false},"size":{"field":"inherit","label":"inherit"},"layout":{"label":{"valign":"inherit","align":"inherit"},"field":{"valign":"inherit","align":"inherit"}},"annotations":{}},"children":[{"name":"Sjekkliste trygg kirurgi forberedelse","localizedName":"Sjekkliste trygg kirurgi forberedelse","localizedNames":{"en":"*Sjekkliste trygg kirurgi forberedelse (nb)","nb":"Sjekkliste trygg kirurgi forberedelse"},"localizedDescriptions":{"nb":"Brukes for å dokumentere at rutiner for Trygg kirurgi forberedelse er utført. \nFormålet med tiltakspakken trygg kirurgi fra pasientsikkerhetskampanjen er å redusere komplikasjoner i tilknytning til kirurgi, med vekt på postoperative sårinfeksjoner (POSI).","en":"*Brukes for å dokumentere at rutiner for Trygg kirurgi forberedelse er utført. \nFormålet med tiltakspakken trygg kirurgi fra pasientsikkerhetskampanjen er å redusere komplikasjoner i tilknytning til kirurgi, med vekt på postoperative sårinfeksjoner (POSI). (nb)"},"rmType":"ACTION","nodeId":"openEHR-EHR-ACTION.surgical_safety_checklist_preparation_dips.v1","min":1,"max":1,"aqlPath":"/content[openEHR-EHR-ACTION.surgical_safety_checklist_preparation_dips.v1]","inputs":[],"formId":"trygg_kirurgi/sjekkliste_trygg_kirurgi_forberedelse","viewConfig":{"multiplicity":{"min":1,"max":1},"advanced":{"hidden":false,"readonly":false,"hideFrame":false,"render":false},"label":{"custom":false,"useLocalizations":false},"size":{"field":"inherit","label":"inherit"},"layout":{"label":{"valign":"inherit","align":"inherit"},"field":{"valign":"inherit","align":"inherit"}},"annotations":{"headerSize":"text"},"field":{}},"children":[{"name":"ism_transition","localizedName":"ism_transition","localizedNames":{"en":"*ism_transition (en)","nb":"ism_transition"},"localizedDescriptions":{},"rmType":"ISM_TRANSITION","min":1,"max":1,"aqlPath":"/content[openEHR-EHR-ACTION.surgical_safety_checklist_preparation_dips.v1]/ism_transition","inputs":[],"formId":"trygg_kirurgi/sjekkliste_trygg_kirurgi_forberedelse/ism_transition","viewConfig":{"multiplicity":{"min":1,"max":1},"advanced":{"hidden":true,"readonly":false,"hideFrame":false,"render":false},"label":{"custom":false,"useLocalizations":false},"size":{"field":"inherit","label":"inherit"},"layout":{"label":{"valign":"inherit","align":"inherit"},"field":{"valign":"inherit","align":"inherit"}},"annotations":{}},"children":[{"name":"Transition","localizedName":"Transition","localizedNames":{"en":"*Transition (en)","nb":"Transition"},"localizedDescriptions":{},"rmType":"DV_CODED_TEXT","min":0,"max":1,"aqlPath":"/content[openEHR-EHR-ACTION.surgical_safety_checklist_preparation_dips.v1]/ism_transition/transition","inputs":[{"suffix":"code","type":"TEXT","listOpen":false},{"suffix":"value","type":"TEXT","listOpen":false}],"formId":"trygg_kirurgi/sjekkliste_trygg_kirurgi_forberedelse/ism_transition/transition","viewConfig":{"multiplicity":{"min":0,"max":1},"advanced":{"hidden":true,"readonly":false,"hideFrame":false,"render":false},"label":{"custom":false,"useLocalizations":false},"size":{"field":"inherit","label":"inherit"},"layout":{"label":{"valign":"inherit","align":"inherit"},"field":{"valign":"inherit","align":"inherit"}},"annotations":{},"field":{}}},{"name":"current_state","localizedName":"current_state","localizedNames":{"en":"*current_state (en)","nb":"current_state"},"localizedDescriptions":{},"rmType":"DV_CODED_TEXT","min":1,"max":1,"aqlPath":"/content[openEHR-EHR-ACTION.surgical_safety_checklist_preparation_dips.v1]/ism_transition/current_state","inputs":[{"suffix":"code","type":"CODED_TEXT","list":[{"value":"245","label":"Active","ordinal":0,"hidden":false,"localizedLabels":{"en":"Active","nb":"Aktiv"},"localizedDescriptions":{}}],"defaultValue":"245","listOpen":false}],"formId":"trygg_kirurgi/sjekkliste_trygg_kirurgi_forberedelse/ism_transition/current_state","viewConfig":{"multiplicity":{"min":1,"max":1},"advanced":{"hidden":true,"readonly":false,"hideFrame":false,"render":false},"label":{"custom":false,"useLocalizations":false},"size":{"field":"inherit","label":"inherit"},"layout":{"label":{"valign":"inherit","align":"inherit"},"field":{"valign":"inherit","align":"inherit"}},"annotations":{},"field":{"code":{"presentation":"combobox","columns":"1"}}}},{"name":"careflow_step","localizedName":"careflow_step","localizedNames":{"en":"*careflow_step (en)","nb":"careflow_step"},"localizedDescriptions":{},"rmType":"DV_CODED_TEXT","min":1,"max":1,"aqlPath":"/content[openEHR-EHR-ACTION.surgical_safety_checklist_preparation_dips.v1]/ism_transition/careflow_step","inputs":[{"suffix":"code","type":"CODED_TEXT","list":[{"value":"at0045","label":"Forberedelse","currentStates":["245"],"ordinal":0,"hidden":false,"localizedLabels":{"nb":"Forberedelse","en":"*Forberedelse (nb)"},"localizedDescriptions":{"nb":"*","en":"** (nb)"}}],"defaultValue":"at0045","listOpen":false}],"formId":"trygg_kirurgi/sjekkliste_trygg_kirurgi_forberedelse/ism_transition/careflow_step","viewConfig":{"multiplicity":{"min":1,"max":1},"advanced":{"hidden":true,"readonly":false,"hideFrame":false,"render":false},"label":{"custom":false,"useLocalizations":false},"size":{"field":"inherit","label":"inherit"},"layout":{"label":{"valign":"inherit","align":"inherit"},"field":{"valign":"inherit","align":"inherit"}},"annotations":{},"field":{"code":{"presentation":"combobox","columns":"1"}}}}]},{"name":"Er sjekkliste for trygg kirurgi forberedelse gjennomført?","localizedName":"Er sjekkliste for trygg kirurgi forberedelse gjennomført?","localizedNames":{"en":"Er sjekkliste for trygg kirurgi forberedelse gjennomført?","nb":"Er sjekkliste for trygg kirurgi forberedelse gjennomført?"},"localizedDescriptions":{"nb":"Ja indikerer at sjekkliste for trygg kirurgi forberedelse er gjennomført.","en":"*Ja indikerer at sjekkliste for trygg kirurgi forberedelse er gjennomført. (nb)"},"rmType":"DV_BOOLEAN","nodeId":"at0002","min":1,"max":1,"aqlPath":"/content[openEHR-EHR-ACTION.surgical_safety_checklist_preparation_dips.v1]/description[at0001]/items[at0002]/value","inputs":[{"type":"BOOLEAN","listOpen":false}],"formId":"trygg_kirurgi/sjekkliste_trygg_kirurgi_forberedelse/er_sjekkliste_for_trygg_kirurgi_forberedelse_gjennomført","viewConfig":{"multiplicity":{"min":1,"max":1},"advanced":{"hidden":false,"readonly":false,"hideFrame":false,"render":false},"label":{"custom":false,"useLocalizations":false},"size":{"field":"inherit","label":"3"},"layout":{"label":{"valign":"inherit","align":"inherit"},"field":{"valign":"inherit","align":"inherit"}},"annotations":{},"field":{"input":{"threeState":true}},"tags":["ShowAsRadios"]}},{"name":"Er temperatur målt preoperativt?","localizedName":"Er temperatur målt preoperativt?","localizedNames":{"en":"*Er temperatur målt preoperativt? (en)","nb":"Er temperatur målt preoperativt?"},"localizedDescriptions":{"nb":"Er temperatur målt?","en":"*Er temperatur målt? (nb)"},"rmType":"DV_CODED_TEXT","nodeId":"at0027","min":0,"max":1,"aqlPath":"/content[openEHR-EHR-ACTION.surgical_safety_checklist_preparation_dips.v1]/description[at0001]/items[at0027 and name/value='Er temperatur målt preoperativt?']/value","inputs":[{"suffix":"code","type":"CODED_TEXT","list":[{"value":"at0028","label":"Ja","ordinal":0,"hidden":false,"localizedLabels":{"nb":"Ja","en":"*Ja (nb)"},"localizedDescriptions":{"nb":"Temperatur er målt.","en":"*Temperatur er målt. (nb)"}},{"value":"at0029","label":"Nei","ordinal":0,"hidden":false,"localizedLabels":{"nb":"Nei","en":"*Nei (nb)"},"localizedDescriptions":{"nb":"Temperatur er ikke målt.","en":"*Temperatur er ikke målt. (nb)"}}],"listOpen":false}],"formId":"trygg_kirurgi/sjekkliste_trygg_kirurgi_forberedelse/er_temperatur_målt_preoperativt@Er temperatur målt preoperativt?","viewConfig":{"multiplicity":{"min":0,"max":1},"advanced":{"hidden":false,"readonly":false,"hideFrame":false,"render":false},"label":{"custom":false,"useLocalizations":false},"size":{"field":"inherit","label":"inherit"},"layout":{"label":{"valign":"inherit","align":"top"},"field":{"valign":"inherit","align":"inherit"}},"annotations":{"headerSize":"text"},"field":{"code":{"presentation":"radios","columns":"1"}}}},{"name":"Preoperativ hårklipp korrekt utført?","localizedName":"Preoperativ hårklipp korrekt utført?","localizedNames":{"en":"*Preoperativ hårklipp korrekt utført? (nb)","nb":"Preoperativ hårklipp korrekt utført?"},"localizedDescriptions":{"nb":"Er preoperativ hårklipp korrekt utført?","en":"*Er preoperativ hårklipp korrekt utført? (nb)"},"rmType":"DV_CODED_TEXT","nodeId":"at0019","min":0,"max":1,"aqlPath":"/content[openEHR-EHR-ACTION.surgical_safety_checklist_preparation_dips.v1]/description[at0001]/items[at0019]/value","inputs":[{"suffix":"code","type":"CODED_TEXT","list":[{"value":"at0020","label":"Ja","ordinal":0,"hidden":false,"localizedLabels":{"nb":"Ja","en":"*Ja (nb)"},"localizedDescriptions":{"nb":"Preoperativ hårklipp er korrekt utført.","en":"*Preoperativ hårklipp er korrekt utført. (nb)"}},{"value":"at0021","label":"Nei","ordinal":0,"hidden":false,"localizedLabels":{"nb":"Nei","en":"*Nei (nb)"},"localizedDescriptions":{"nb":"Preoperativ hårklipp er ikke korrekt utført.","en":"*Preoperativ hårklipp er ikke korrekt utført. (nb)"}},{"value":"at0022","label":"Ikke aktuelt","ordinal":0,"hidden":false,"localizedLabels":{"nb":"Ikke aktuelt","en":"*Ikke aktuelt (nb)"},"localizedDescriptions":{"nb":"Det er ikke aktuelt med preoperativ hårklipp. ","en":"*Det er ikke aktuelt med preoperativ hårklipp.  (nb)"}}],"listOpen":false}],"formId":"trygg_kirurgi/sjekkliste_trygg_kirurgi_forberedelse/preoperativ_hårklipp_korrekt_utført","viewConfig":{"multiplicity":{"min":0,"max":1},"advanced":{"hidden":false,"readonly":false,"hideFrame":false,"render":false},"label":{"custom":false,"useLocalizations":false},"size":{"field":"inherit","label":"inherit"},"layout":{"label":{"valign":"inherit","align":"top"},"field":{"valign":"inherit","align":"inherit"}},"annotations":{"headerSize":"text"},"field":{"code":{"presentation":"radios","columns":"1"}}}},{"name":"Risiko for hypotermi?","localizedName":"Risiko for hypotermi?","localizedNames":{"en":"*Risiko for hypotermi? (nb)","nb":"Risiko for hypotermi?"},"localizedDescriptions":{"nb":"Er det risiko for hypotermi?","en":"*Er det risiko for hypotermi? (nb)"},"rmType":"DV_CODED_TEXT","nodeId":"at0030","min":0,"max":1,"aqlPath":"/content[openEHR-EHR-ACTION.surgical_safety_checklist_preparation_dips.v1]/description[at0001]/items[at0030]/value","inputs":[{"suffix":"code","type":"CODED_TEXT","list":[{"value":"at0031","label":"Ja, og tiltak er planlagt eller iverksatt","ordinal":0,"hidden":false,"localizedLabels":{"nb":"Ja, og tiltak er planlagt eller iverksatt","en":"*Ja, og tiltak er planlagt eller iverksatt (nb)"},"localizedDescriptions":{"nb":"Det er risiko for hypotermi og tiltak er planlagt eller iverksatt","en":"*Det er risiko for hypotermi og tiltak er planlagt eller iverksatt (nb)"}},{"value":"at0032","label":"Nei","ordinal":0,"hidden":false,"localizedLabels":{"nb":"Nei","en":"*Nei (nb)"},"localizedDescriptions":{"nb":"Det er ikke risiko for hypotermi.","en":"*Det er ikke risiko for hypotermi. (nb)"}}],"listOpen":false}],"formId":"trygg_kirurgi/sjekkliste_trygg_kirurgi_forberedelse/risiko_for_hypotermi","viewConfig":{"multiplicity":{"min":0,"max":1},"advanced":{"hidden":false,"readonly":false,"hideFrame":false,"render":false},"label":{"custom":false,"useLocalizations":false},"size":{"field":"inherit","label":"inherit"},"layout":{"label":{"valign":"inherit","align":"top"},"field":{"valign":"inherit","align":"inherit"}},"annotations":{"headerSize":"text"},"field":{"code":{"presentation":"radios","columns":"1"}}}},{"name":"Time","localizedName":"Time","localizedNames":{"en":"*Time (en)","nb":"Time"},"localizedDescriptions":{},"rmType":"DV_DATE_TIME","min":0,"max":1,"aqlPath":"/content[openEHR-EHR-ACTION.surgical_safety_checklist_preparation_dips.v1]/time","inputs":[{"type":"DATETIME","listOpen":false}],"formId":"trygg_kirurgi/sjekkliste_trygg_kirurgi_forberedelse/time","viewConfig":{"multiplicity":{"min":0,"max":1},"advanced":{"hidden":true,"readonly":false,"hideFrame":false,"render":false},"label":{"custom":false,"useLocalizations":false},"size":{"field":"inherit","label":"inherit"},"layout":{"label":{"valign":"inherit","align":"inherit"},"field":{"valign":"inherit","align":"inherit"}},"annotations":{},"field":{"input":{"hideTime":false,"dateFormat":"","hideDate":false}}}}]},{"name":"Sjekkliste trygg kirurgi time-out","localizedName":"Sjekkliste trygg kirurgi time-out","localizedNames":{"en":"*Sjekkliste trygg kirurgi time-out (nb)","nb":"Sjekkliste trygg kirurgi time-out"},"localizedDescriptions":{"nb":"Brukes for å dokumentere at rutiner for Trygg kirurgi time-out er utført. \nFormålet med tiltakspakken trygg kirurgi fra pasientsikkerhetskampanjen er å redusere komplikasjoner i tilknytning til kirurgi, med vekt på postoperative sårinfeksjoner (POSI).","en":"*Brukes for å dokumentere at rutiner for Trygg kirurgi time-out er utført. \nFormålet med tiltakspakken trygg kirurgi fra pasientsikkerhetskampanjen er å redusere komplikasjoner i tilknytning til kirurgi, med vekt på postoperative sårinfeksjoner (POSI). (nb)"},"rmType":"ACTION","nodeId":"openEHR-EHR-ACTION.surgical_safety_checklist_time_out_dips.v1","min":1,"max":1,"aqlPath":"/content[openEHR-EHR-ACTION.surgical_safety_checklist_time_out_dips.v1]","inputs":[],"formId":"trygg_kirurgi/sjekkliste_trygg_kirurgi_time-out","viewConfig":{"multiplicity":{"min":1,"max":1},"advanced":{"hidden":false,"readonly":false,"hideFrame":false,"render":false},"label":{"custom":false,"useLocalizations":false},"size":{"field":"inherit","label":"inherit"},"layout":{"label":{"valign":"inherit","align":"inherit"},"field":{"valign":"inherit","align":"inherit"}},"annotations":{"headerSize":"text","validateemptycontainer":"False"},"field":{}},"children":[{"name":"ism_transition","localizedName":"ism_transition","localizedNames":{"en":"*ism_transition (en)","nb":"ism_transition"},"localizedDescriptions":{},"rmType":"ISM_TRANSITION","min":1,"max":1,"aqlPath":"/content[openEHR-EHR-ACTION.surgical_safety_checklist_time_out_dips.v1]/ism_transition","inputs":[],"formId":"trygg_kirurgi/sjekkliste_trygg_kirurgi_time-out/ism_transition","viewConfig":{"multiplicity":{"min":1,"max":1},"advanced":{"hidden":true,"readonly":false,"hideFrame":false,"render":false},"label":{"custom":false,"useLocalizations":false},"size":{"field":"inherit","label":"inherit"},"layout":{"label":{"valign":"inherit","align":"inherit"},"field":{"valign":"inherit","align":"inherit"}},"annotations":{}},"children":[{"name":"Transition","localizedName":"Transition","localizedNames":{"en":"*Transition (en)","nb":"Transition"},"localizedDescriptions":{},"rmType":"DV_CODED_TEXT","min":0,"max":1,"aqlPath":"/content[openEHR-EHR-ACTION.surgical_safety_checklist_time_out_dips.v1]/ism_transition/transition","inputs":[{"suffix":"code","type":"TEXT","listOpen":false},{"suffix":"value","type":"TEXT","listOpen":false}],"formId":"trygg_kirurgi/sjekkliste_trygg_kirurgi_time-out/ism_transition/transition","viewConfig":{"multiplicity":{"min":0,"max":1},"advanced":{"hidden":true,"readonly":false,"hideFrame":false,"render":false},"label":{"custom":false,"useLocalizations":false},"size":{"field":"inherit","label":"inherit"},"layout":{"label":{"valign":"inherit","align":"inherit"},"field":{"valign":"inherit","align":"inherit"}},"annotations":{},"field":{}}},{"name":"current_state","localizedName":"current_state","localizedNames":{"en":"*current_state (en)","nb":"current_state"},"localizedDescriptions":{},"rmType":"DV_CODED_TEXT","min":1,"max":1,"aqlPath":"/content[openEHR-EHR-ACTION.surgical_safety_checklist_time_out_dips.v1]/ism_transition/current_state","inputs":[{"suffix":"code","type":"CODED_TEXT","list":[{"value":"245","label":"Active","ordinal":0,"hidden":false,"localizedLabels":{"en":"Active","nb":"Aktiv"},"localizedDescriptions":{}}],"defaultValue":"245","listOpen":false}],"formId":"trygg_kirurgi/sjekkliste_trygg_kirurgi_time-out/ism_transition/current_state","viewConfig":{"multiplicity":{"min":1,"max":1},"advanced":{"hidden":true,"readonly":false,"hideFrame":false,"render":false},"label":{"custom":false,"useLocalizations":false},"size":{"field":"inherit","label":"inherit"},"layout":{"label":{"valign":"inherit","align":"inherit"},"field":{"valign":"inherit","align":"inherit"}},"annotations":{},"field":{"code":{"presentation":"combobox","columns":"1"}}}},{"name":"careflow_step","localizedName":"careflow_step","localizedNames":{"en":"*careflow_step (en)","nb":"careflow_step"},"localizedDescriptions":{},"rmType":"DV_CODED_TEXT","min":1,"max":1,"aqlPath":"/content[openEHR-EHR-ACTION.surgical_safety_checklist_time_out_dips.v1]/ism_transition/careflow_step","inputs":[{"suffix":"code","type":"CODED_TEXT","list":[{"value":"at0037","label":"Time-out","currentStates":["245"],"ordinal":0,"hidden":false,"localizedLabels":{"nb":"Time-out","en":"*Time-out (nb)"},"localizedDescriptions":{"nb":"*","en":"** (nb)"}}],"defaultValue":"at0037","listOpen":false}],"formId":"trygg_kirurgi/sjekkliste_trygg_kirurgi_time-out/ism_transition/careflow_step","viewConfig":{"multiplicity":{"min":1,"max":1},"advanced":{"hidden":true,"readonly":false,"hideFrame":false,"render":false},"label":{"custom":false,"useLocalizations":false},"size":{"field":"inherit","label":"inherit"},"layout":{"label":{"valign":"inherit","align":"inherit"},"field":{"valign":"inherit","align":"inherit"}},"annotations":{},"field":{"code":{"presentation":"combobox","columns":"1"}}}}]},{"name":"Er sjekkliste for trygg kirurgi time-out gjennomført?","localizedName":"Er sjekkliste for trygg kirurgi time-out gjennomført?","localizedNames":{"en":"*Er sjekkliste for trygg kirurgi time-out gjennomført? (nb)","nb":"Er sjekkliste for trygg kirurgi time-out gjennomført?"},"localizedDescriptions":{"nb":"Avhuking indikerer at sjekkliste for trygg kirurgi time-out er gjennomført.","en":"*Avhuking indikerer at sjekkliste for trygg kirurgi time-out er gjennomført. (nb)"},"rmType":"DV_BOOLEAN","nodeId":"at0003","min":1,"max":1,"aqlPath":"/content[openEHR-EHR-ACTION.surgical_safety_checklist_time_out_dips.v1]/description[at0001]/items[at0003]/value","inputs":[{"type":"BOOLEAN","listOpen":false}],"formId":"trygg_kirurgi/sjekkliste_trygg_kirurgi_time-out/er_sjekkliste_for_trygg_kirurgi_time-out_gjennomført","viewConfig":{"multiplicity":{"min":1,"max":1},"advanced":{"hidden":false,"readonly":false,"hideFrame":false,"render":false},"label":{"custom":false,"useLocalizations":false},"size":{"field":"inherit","label":"inherit"},"layout":{"label":{"valign":"inherit","align":"inherit"},"field":{"valign":"inherit","align":"inherit"}},"annotations":{"headerSize":"text"},"field":{"input":{"threeState":true}},"tags":["ShowAsRadios"]}},{"name":"Er antibiotikaprofylakse gitt i henhold til prosedyrer for operasjonen som skal gjennomføres? Særlig mht tidspunkt","localizedName":"Er antibiotikaprofylakse gitt i henhold til prosedyrer for operasjonen som skal gjennomføres? Særlig mht tidspunkt","localizedNames":{"en":"*Er antibiotikaprofylakse gitt i henhold til prosedyrer for operasjonen som skal gjennomføres? Særlig mht tidspunkt (nb)","nb":"Er antibiotikaprofylakse gitt i henhold til prosedyrer for operasjonen som skal gjennomføres? Særlig mht tidspunkt"},"localizedDescriptions":{"nb":"Dokumentasjon av gjennomgang av hvorvidt antibiotikaprofylakse er gitt i henhold til prosedyrer for operasjonen som skal gjennomføres. Særlig mht tidspunkt.","en":"*Dokumentasjon av gjennomgang av hvorvidt antibiotikaprofylakse er gitt i henhold til prosedyrer for operasjonen som skal gjennomføres. Særlig mht tidspunkt. (nb)"},"rmType":"DV_CODED_TEXT","nodeId":"at0020","min":0,"max":1,"aqlPath":"/content[openEHR-EHR-ACTION.surgical_safety_checklist_time_out_dips.v1]/description[at0001]/items[at0020]/value","inputs":[{"suffix":"code","type":"CODED_TEXT","list":[{"value":"at0021","label":"Ja","ordinal":0,"hidden":false,"localizedLabels":{"nb":"Ja","en":"*Ja (nb)"},"localizedDescriptions":{"nb":"Antibiotikaprofylakse er gitt i henhold til prosedyrer for operasjonen som skal gjennomføres. Særlig mht tidspunkt.","en":"*Antibiotikaprofylakse er gitt i henhold til prosedyrer for operasjonen som skal gjennomføres. Særlig mht tidspunkt. (nb)"}},{"value":"at0022","label":"Nei","ordinal":0,"hidden":false,"localizedLabels":{"nb":"Nei","en":"*Nei (nb)"},"localizedDescriptions":{"nb":"Antibiotikaprofylakse er ikke gitt i henhold til prosedyrer for operasjonen som skal gjennomføres.","en":"*Antibiotikaprofylakse er ikke gitt i henhold til prosedyrer for operasjonen som skal gjennomføres. (nb)"}},{"value":"at0023","label":"Ikke aktuelt","ordinal":0,"hidden":false,"localizedLabels":{"nb":"Ikke aktuelt","en":"*Ikke aktuelt (nb)"},"localizedDescriptions":{"nb":"Det er ikke aktuelt med antibiotikaprofylakse.","en":"*Det er ikke aktuelt med antibiotikaprofylakse. (nb)"}}],"listOpen":false}],"formId":"trygg_kirurgi/sjekkliste_trygg_kirurgi_time-out/er_antibiotikaprofylakse_gitt_i_henhold_til_prosedyrer_for_operasjonen_som_skal_gjennomføres_særlig_mht_tidspunkt","viewConfig":{"multiplicity":{"min":0,"max":1},"advanced":{"hidden":false,"readonly":false,"hideFrame":false,"render":false},"label":{"custom":false,"useLocalizations":false},"size":{"field":"inherit","label":"inherit"},"layout":{"label":{"valign":"inherit","align":"top"},"field":{"valign":"inherit","align":"inherit"}},"annotations":{"headerSize":"Text"},"field":{"code":{"presentation":"radios","columns":"1"}}}},{"name":"Time","localizedName":"Time","localizedNames":{"en":"*Time (en)","nb":"Time"},"localizedDescriptions":{},"rmType":"DV_DATE_TIME","min":0,"max":1,"aqlPath":"/content[openEHR-EHR-ACTION.surgical_safety_checklist_time_out_dips.v1]/time","inputs":[{"type":"DATETIME","listOpen":false}],"formId":"trygg_kirurgi/sjekkliste_trygg_kirurgi_time-out/time","viewConfig":{"multiplicity":{"min":0,"max":1},"advanced":{"hidden":true,"readonly":false,"hideFrame":false,"render":false},"label":{"custom":false,"useLocalizations":false},"size":{"field":"inherit","label":"inherit"},"layout":{"label":{"valign":"inherit","align":"inherit"},"field":{"valign":"inherit","align":"inherit"}},"annotations":{},"field":{"input":{"hideTime":false,"dateFormat":"","hideDate":false}}}}]},{"name":"Sjekkliste trygg kirurgi avslutning","localizedName":"Sjekkliste trygg kirurgi avslutning","localizedNames":{"en":"*Sjekkliste trygg kirurgi avslutning (nb)","nb":"Sjekkliste trygg kirurgi avslutning"},"localizedDescriptions":{"nb":"Brukes for å dokumentere at rutiner for Trygg kirurgi er utført. \nFormålet med tiltakspakken trygg kirurgi fra pasientsikkerhetskampanjen er å redusere komplikasjoner i tilknytning til kirurgi, med vekt på postoperative sårinfeksjoner (POSI).","en":"*Brukes for å dokumentere at rutiner for Trygg kirurgi er utført. \nFormålet med tiltakspakken trygg kirurgi fra pasientsikkerhetskampanjen er å redusere komplikasjoner i tilknytning til kirurgi, med vekt på postoperative sårinfeksjoner (POSI). (nb)"},"rmType":"ACTION","nodeId":"openEHR-EHR-ACTION.surgical_safety_checklist_conclusion_dips.v1","min":1,"max":1,"aqlPath":"/content[openEHR-EHR-ACTION.surgical_safety_checklist_conclusion_dips.v1]","inputs":[],"formId":"trygg_kirurgi/sjekkliste_trygg_kirurgi_avslutning","viewConfig":{"multiplicity":{"min":1,"max":1},"advanced":{"hidden":false,"readonly":false,"hideFrame":false,"render":false},"label":{"custom":false,"useLocalizations":false},"size":{"field":"inherit","label":"inherit"},"layout":{"label":{"valign":"inherit","align":"inherit"},"field":{"valign":"inherit","align":"inherit"}},"annotations":{"headerSize":"text","validateemptycontainer":"False"},"field":{}},"children":[{"name":"ism_transition","localizedName":"ism_transition","localizedNames":{"en":"*ism_transition (en)","nb":"ism_transition"},"localizedDescriptions":{},"rmType":"ISM_TRANSITION","min":1,"max":1,"aqlPath":"/content[openEHR-EHR-ACTION.surgical_safety_checklist_conclusion_dips.v1]/ism_transition","inputs":[],"formId":"trygg_kirurgi/sjekkliste_trygg_kirurgi_avslutning/ism_transition","viewConfig":{"multiplicity":{"min":1,"max":1},"advanced":{"hidden":true,"readonly":false,"hideFrame":false,"render":false},"label":{"custom":false,"useLocalizations":false},"size":{"field":"inherit","label":"inherit"},"layout":{"label":{"valign":"inherit","align":"inherit"},"field":{"valign":"inherit","align":"inherit"}},"annotations":{}},"children":[{"name":"Transition","localizedName":"Transition","localizedNames":{"en":"*Transition (en)","nb":"Transition"},"localizedDescriptions":{},"rmType":"DV_CODED_TEXT","min":0,"max":1,"aqlPath":"/content[openEHR-EHR-ACTION.surgical_safety_checklist_conclusion_dips.v1]/ism_transition/transition","inputs":[{"suffix":"code","type":"TEXT","listOpen":false},{"suffix":"value","type":"TEXT","listOpen":false}],"formId":"trygg_kirurgi/sjekkliste_trygg_kirurgi_avslutning/ism_transition/transition","viewConfig":{"multiplicity":{"min":0,"max":1},"advanced":{"hidden":true,"readonly":false,"hideFrame":false,"render":false},"label":{"custom":false,"useLocalizations":false},"size":{"field":"inherit","label":"inherit"},"layout":{"label":{"valign":"inherit","align":"inherit"},"field":{"valign":"inherit","align":"inherit"}},"annotations":{},"field":{}}},{"name":"current_state","localizedName":"current_state","localizedNames":{"en":"*current_state (en)","nb":"current_state"},"localizedDescriptions":{},"rmType":"DV_CODED_TEXT","min":1,"max":1,"aqlPath":"/content[openEHR-EHR-ACTION.surgical_safety_checklist_conclusion_dips.v1]/ism_transition/current_state","inputs":[{"suffix":"code","type":"CODED_TEXT","list":[{"value":"532","label":"Completed","ordinal":0,"hidden":false,"localizedLabels":{"en":"Completed","nb":"Fullført"},"localizedDescriptions":{}}],"defaultValue":"532","listOpen":false}],"formId":"trygg_kirurgi/sjekkliste_trygg_kirurgi_avslutning/ism_transition/current_state","viewConfig":{"multiplicity":{"min":1,"max":1},"advanced":{"hidden":true,"readonly":false,"hideFrame":false,"render":false},"label":{"custom":false,"useLocalizations":false},"size":{"field":"inherit","label":"inherit"},"layout":{"label":{"valign":"inherit","align":"inherit"},"field":{"valign":"inherit","align":"inherit"}},"annotations":{},"field":{"code":{"presentation":"combobox","columns":"1"}}}},{"name":"careflow_step","localizedName":"careflow_step","localizedNames":{"en":"*careflow_step (en)","nb":"careflow_step"},"localizedDescriptions":{},"rmType":"DV_CODED_TEXT","min":1,"max":1,"aqlPath":"/content[openEHR-EHR-ACTION.surgical_safety_checklist_conclusion_dips.v1]/ism_transition/careflow_step","inputs":[{"suffix":"code","type":"CODED_TEXT","list":[{"value":"at0016","label":"Avslutning","currentStates":["532"],"ordinal":0,"hidden":false,"localizedLabels":{"nb":"Avslutning","en":"*Avslutning (nb)"},"localizedDescriptions":{"nb":"*","en":"** (nb)"}}],"defaultValue":"at0016","listOpen":false}],"formId":"trygg_kirurgi/sjekkliste_trygg_kirurgi_avslutning/ism_transition/careflow_step","viewConfig":{"multiplicity":{"min":1,"max":1},"advanced":{"hidden":true,"readonly":false,"hideFrame":false,"render":false},"label":{"custom":false,"useLocalizations":false},"size":{"field":"inherit","label":"inherit"},"layout":{"label":{"valign":"inherit","align":"inherit"},"field":{"valign":"inherit","align":"inherit"}},"annotations":{},"field":{"code":{"presentation":"combobox","columns":"1"}}}}]},{"name":"Er sjekkliste for trygg kirurgi avslutning gjennomført?","localizedName":"Er sjekkliste for trygg kirurgi avslutning gjennomført?","localizedNames":{"en":"*Er sjekkliste for trygg kirurgi avslutning gjennomført? (nb)","nb":"Er sjekkliste for trygg kirurgi avslutning gjennomført?"},"localizedDescriptions":{"nb":"Avhuking indikerer at sjekkliste for trygg kirurgi avslutning er gjennomført.","en":"*Avhuking indikerer at sjekkliste for trygg kirurgi avslutning er gjennomført. (nb)"},"rmType":"DV_BOOLEAN","nodeId":"at0002","min":1,"max":1,"aqlPath":"/content[openEHR-EHR-ACTION.surgical_safety_checklist_conclusion_dips.v1]/description[at0001]/items[at0002]/value","inputs":[{"type":"BOOLEAN","listOpen":false}],"formId":"trygg_kirurgi/sjekkliste_trygg_kirurgi_avslutning/er_sjekkliste_for_trygg_kirurgi_avslutning_gjennomført","viewConfig":{"multiplicity":{"min":1,"max":1},"advanced":{"hidden":false,"readonly":false,"hideFrame":false,"render":false},"label":{"custom":false,"useLocalizations":false},"size":{"field":"inherit","label":"inherit"},"layout":{"label":{"valign":"inherit","align":"inherit"},"field":{"valign":"inherit","align":"inherit"}},"annotations":{"headerSize":"text"},"field":{"input":{"threeState":true}},"tags":["ShowAsRadios"]}},{"name":"Time","localizedName":"Time","localizedNames":{"en":"*Time (en)","nb":"Time"},"localizedDescriptions":{},"rmType":"DV_DATE_TIME","min":0,"max":1,"aqlPath":"/content[openEHR-EHR-ACTION.surgical_safety_checklist_conclusion_dips.v1]/time","inputs":[{"type":"DATETIME","listOpen":false}],"formId":"trygg_kirurgi/sjekkliste_trygg_kirurgi_avslutning/time","viewConfig":{"multiplicity":{"min":0,"max":1},"advanced":{"hidden":true,"readonly":false,"hideFrame":false,"render":false},"label":{"custom":false,"useLocalizations":false},"size":{"field":"inherit","label":"inherit"},"layout":{"label":{"valign":"inherit","align":"inherit"},"field":{"valign":"inherit","align":"inherit"}},"annotations":{},"field":{"input":{"hideTime":false,"dateFormat":"","hideDate":false}}}}]},{"name":"Sett inn detaljerte opplysninger","localizedName":"Sett inn detaljerte opplysninger","localizedNames":{"en":"*Fieldset (en)","nb":"Sett inn detaljerte opplysninger"},"localizedDescriptions":{},"rmType":"GENERIC_FIELDSET","min":0,"max":1,"inputs":[],"formId":"generic-field-69898","viewConfig":{"multiplicity":{"min":0,"max":1},"advanced":{"hidden":false,"readonly":false,"hideFrame":false,"render":false},"label":{"custom":false,"useLocalizations":false},"size":{"field":"inherit","label":"-1"},"layout":{"label":{"valign":"inherit","align":"inherit"},"field":{"valign":"inherit","align":"inherit"}},"annotations":{"headerSize":"text"},"field":{"formId":null,"name":null},"tags":["ForceMinMultiplicity","HideLabel"]},"children":[{"name":"Tidspunkt preoperativ hårklipp og gitt antibiotikaprofylakse","localizedName":"Tidspunkt preoperativ hårklipp og gitt antibiotikaprofylakse","localizedNames":{"en":"*Fieldset (en)","nb":"Tidspunkt preoperativ hårklipp og gitt antibiotikaprofylakse"},"localizedDescriptions":{},"rmType":"GENERIC_FIELDSET","min":0,"max":1,"inputs":[],"formId":"generic-field-82564","viewConfig":{"multiplicity":{"min":0,"max":1},"advanced":{"hidden":false,"readonly":false,"hideFrame":false,"render":false},"label":{"custom":false,"useLocalizations":false},"size":{"field":"inherit","label":"inherit"},"layout":{"label":{"valign":"inherit","align":"inherit"},"field":{"valign":"inherit","align":"inherit"}},"annotations":{"headerSize":"text"},"field":{"formId":null,"name":null}},"children":[{"name":"Tidspunkt preoperativ hårklipp utført","localizedName":"Tidspunkt preoperativ hårklipp utført","localizedNames":{"en":"*Tidspunkt preoperativ hårklipp utført (nb)","nb":"Tidspunkt preoperativ hårklipp utført"},"localizedDescriptions":{"nb":"Tidspunkt når preoperativ hårklipp ble utført.","en":"*Tidspunkt når preoperativ hårklipp ble utført. (nb)"},"rmType":"DV_DATE_TIME","nodeId":"at0042","min":0,"max":1,"aqlPath":"/content[openEHR-EHR-ACTION.surgical_safety_checklist_preparation_dips.v1]/description[at0001]/items[at0042]/value","inputs":[{"type":"DATETIME","listOpen":false}],"formId":"trygg_kirurgi/sjekkliste_trygg_kirurgi_forberedelse/tidspunkt_preoperativ_hårklipp_utført","viewConfig":{"multiplicity":{"min":0,"max":1},"advanced":{"hidden":false,"readonly":false,"hideFrame":false,"render":false},"label":{"custom":false,"useLocalizations":false},"size":{"field":"inherit","label":"inherit"},"layout":{"label":{"valign":"inherit","align":"top"},"field":{"valign":"inherit","align":"inherit"}},"annotations":{},"field":{"input":{"hideTime":false,"dateFormat":"","hideDate":false}}}},{"name":"Tidspunkt for gitt antibiotikaprofylakse","localizedName":"Tidspunkt for gitt antibiotikaprofylakse","localizedNames":{"en":"*Tidspunkt for gitt antibiotikaprofylakse (nb)","nb":"Tidspunkt for gitt antibiotikaprofylakse"},"localizedDescriptions":{"nb":"Tidspunkt for gitt antibiotikaprofylakse.","en":"*Tidspunkt for gitt antibiotikaprofylakse. (nb)"},"rmType":"DV_DATE_TIME","nodeId":"at0038","min":0,"max":1,"aqlPath":"/content[openEHR-EHR-ACTION.surgical_safety_checklist_time_out_dips.v1]/description[at0001]/items[at0038]/value","inputs":[{"type":"DATETIME","listOpen":false}],"formId":"trygg_kirurgi/sjekkliste_trygg_kirurgi_time-out/tidspunkt_for_gitt_antibiotikaprofylakse","viewConfig":{"multiplicity":{"min":0,"max":1},"advanced":{"hidden":false,"readonly":false,"hideFrame":false,"render":false},"label":{"custom":false,"useLocalizations":false},"size":{"field":"inherit","label":"inherit"},"layout":{"label":{"valign":"inherit","align":"top"},"field":{"valign":"inherit","align":"inherit"}},"annotations":{},"field":{"input":{"hideTime":false,"dateFormat":"","hideDate":false}}}}]},{"name":"Spacer","localizedName":"","localizedNames":{"nb":""},"localizedDescriptions":{},"rmType":"GENERIC_SPACER","min":0,"max":1,"inputs":[],"formId":"generic-field-55621","viewConfig":{"annotations":{},"field":{"height":15,"input":{"height":15}}}},{"name":"Preoperativ temperatur","localizedName":"Preoperativ temperatur","localizedNames":{"en":"*Preoperativ temperatur (en)","nb":"Preoperativ temperatur"},"localizedDescriptions":{"nb":"Måling av kroppstemperatur som skal gjenspeile et individs kjernetemperatur.","en":"*Måling av kroppstemperatur som skal gjenspeile et individs kjernetemperatur. (nb)"},"rmType":"OBSERVATION","nodeId":"openEHR-EHR-OBSERVATION.body_temperature.v2","min":1,"max":1,"aqlPath":"/content[openEHR-EHR-OBSERVATION.body_temperature.v2 and name/value='Preoperativ temperatur']","inputs":[],"formId":"trygg_kirurgi/preoperativ_temperatur@Preoperativ temperatur","viewConfig":{"multiplicity":{"min":1,"max":1},"advanced":{"hidden":false,"readonly":false,"hideFrame":false,"render":false},"label":{"custom":false,"useLocalizations":false},"size":{"field":"inherit","label":"inherit"},"layout":{"label":{"valign":"inherit","align":"inherit"},"field":{"valign":"inherit","align":"inherit"}},"annotations":{"headerSize":"text","validateemptycontainer":"FALSE"},"field":{}},"children":[{"name":"Uspesifisert hendelse","localizedName":"Uspesifisert hendelse","localizedNames":{"en":"*Uspesifisert hendelse (nb)","nb":"Uspesifisert hendelse"},"localizedDescriptions":{"nb":"Standard, uspesifisert tidspunkt eller tidsintervall som kan defineres mer eksplisitt i en template eller i en applikasjon.","en":"*Standard, uspesifisert tidspunkt eller tidsintervall som kan defineres mer eksplisitt i en template eller i en applikasjon. (nb)"},"rmType":"EVENT","nodeId":"at0003","min":1,"max":1,"aqlPath":"/content[openEHR-EHR-OBSERVATION.body_temperature.v2 and name/value='Preoperativ temperatur']/data[at0002]/events[at0003]","inputs":[],"formId":"trygg_kirurgi/preoperativ_temperatur@Preoperativ temperatur/uspesifisert_hendelse","viewConfig":{"multiplicity":{"min":1,"max":1},"advanced":{"hidden":false,"readonly":false,"hideFrame":false,"render":false},"label":{"custom":false,"useLocalizations":false},"size":{"field":"inherit","label":"-1"},"layout":{"label":{"valign":"inherit","align":"inherit"},"field":{"valign":"inherit","align":"inherit"}},"annotations":{},"tags":["HideLabel"]},"children":[{"name":"Temperatur","localizedName":"Temperatur","localizedNames":{"en":"*Temperatur (nb)","nb":"Temperatur"},"localizedDescriptions":{"nb":"Målt kroppstemperatur som uttrykk for kjernetemperatur.","en":"*Målt kroppstemperatur som uttrykk for kjernetemperatur. (nb)"},"rmType":"DV_QUANTITY","nodeId":"at0004","min":1,"max":1,"aqlPath":"/content[openEHR-EHR-OBSERVATION.body_temperature.v2 and name/value='Preoperativ temperatur']/data[at0002]/events[at0003]/data[at0001]/items[at0004]/value","inputs":[{"suffix":"magnitude","type":"DECIMAL","defaultValue":"","listOpen":false},{"suffix":"unit","type":"CODED_TEXT","list":[{"value":"Cel","label":"Cel","validation":{"range":{"minOp":">=","min":0.0,"maxOp":"<","max":50.0},"precision":{"minOp":">=","min":1.0,"maxOp":"<=","max":1.0}},"ordinal":0,"hidden":false,"localizedLabels":{},"localizedDescriptions":{}}],"listOpen":false}],"formId":"trygg_kirurgi/preoperativ_temperatur@Preoperativ temperatur/uspesifisert_hendelse/temperatur","viewConfig":{"multiplicity":{"min":1,"max":1},"advanced":{"hidden":false,"readonly":false,"hideFrame":false,"render":false},"label":{"custom":false,"useLocalizations":false},"size":{"field":"inherit","label":"inherit"},"layout":{"label":{"valign":"inherit","align":"top"},"field":{"valign":"inherit","align":"inherit"}},"annotations":{},"field":{}}}]},{"name":"Origin","localizedName":"Origin","localizedNames":{"en":"*Origin (en)","nb":"Origin"},"localizedDescriptions":{},"rmType":"DV_DATE_TIME","min":0,"max":1,"aqlPath":"/content[openEHR-EHR-OBSERVATION.body_temperature.v2 and name/value='Preoperativ temperatur']/data[at0002]/origin","inputs":[{"type":"DATETIME","listOpen":false}],"formId":"trygg_kirurgi/preoperativ_temperatur@Preoperativ temperatur/*history(en)/origin","viewConfig":{"multiplicity":{"min":0,"max":1},"advanced":{"hidden":true,"readonly":false,"hideFrame":false,"render":false},"label":{"custom":false,"useLocalizations":false},"size":{"field":"inherit","label":"inherit"},"layout":{"label":{"valign":"inherit","align":"inherit"},"field":{"valign":"inherit","align":"inherit"}},"annotations":{},"field":{"input":{"hideTime":false,"dateFormat":"","hideDate":false}}}},{"name":"Tidspunkt","localizedName":"Tidspunkt","localizedNames":{"en":"*Time (en)","nb":"Tidspunkt"},"localizedDescriptions":{},"rmType":"DV_DATE_TIME","min":0,"max":1,"aqlPath":"/content[openEHR-EHR-OBSERVATION.body_temperature.v2 and name/value='Preoperativ temperatur']/data[at0002]/events[at0003]/time","inputs":[{"type":"DATETIME","listOpen":false}],"formId":"trygg_kirurgi/preoperativ_temperatur@Preoperativ temperatur/uspesifisert_hendelse/time","viewConfig":{"multiplicity":{"min":0,"max":1},"advanced":{"hidden":false,"readonly":false,"hideFrame":false,"render":false},"label":{"custom":false,"useLocalizations":false},"size":{"field":"inherit","label":"inherit"},"layout":{"label":{"valign":"inherit","align":"top"},"field":{"valign":"inherit","align":"inherit"}},"annotations":{},"field":{"input":{"hideTime":false,"dateFormat":"","hideDate":false}}}}]},{"name":"Perioperativ temperatur","localizedName":"Perioperativ temperatur","localizedNames":{"en":"*Perioperativ temperatur (en)","nb":"Perioperativ temperatur"},"localizedDescriptions":{"nb":"Måling av kroppstemperatur som skal gjenspeile et individs kjernetemperatur.","en":"*Måling av kroppstemperatur som skal gjenspeile et individs kjernetemperatur. (nb)"},"rmType":"OBSERVATION","nodeId":"openEHR-EHR-OBSERVATION.body_temperature.v2","min":1,"max":1,"aqlPath":"/content[openEHR-EHR-OBSERVATION.body_temperature.v2 and name/value='Perioperativ temperatur']","inputs":[],"formId":"trygg_kirurgi/perioperativ_temperatur@Perioperativ temperatur","viewConfig":{"multiplicity":{"min":1,"max":1},"advanced":{"hidden":false,"readonly":false,"hideFrame":false,"render":false},"label":{"custom":false,"useLocalizations":false},"size":{"field":"inherit","label":"inherit"},"layout":{"label":{"valign":"inherit","align":"inherit"},"field":{"valign":"inherit","align":"inherit"}},"annotations":{"headerSize":"text","validateemptycontainer":"FALSE"},"field":{}},"children":[{"name":"Uspesifisert hendelse","localizedName":"Uspesifisert hendelse","localizedNames":{"en":"*Uspesifisert hendelse (nb)","nb":"Uspesifisert hendelse"},"localizedDescriptions":{"nb":"Standard, uspesifisert tidspunkt eller tidsintervall som kan defineres mer eksplisitt i en template eller i en applikasjon.","en":"*Standard, uspesifisert tidspunkt eller tidsintervall som kan defineres mer eksplisitt i en template eller i en applikasjon. (nb)"},"rmType":"EVENT","nodeId":"at0003","min":1,"max":1,"aqlPath":"/content[openEHR-EHR-OBSERVATION.body_temperature.v2 and name/value='Perioperativ temperatur']/data[at0002]/events[at0003]","inputs":[],"formId":"trygg_kirurgi/perioperativ_temperatur@Perioperativ temperatur/uspesifisert_hendelse","viewConfig":{"multiplicity":{"min":1,"max":1},"advanced":{"hidden":false,"readonly":false,"hideFrame":false,"render":false},"label":{"custom":false,"useLocalizations":false},"size":{"field":"inherit","label":"-1"},"layout":{"label":{"valign":"inherit","align":"inherit"},"field":{"valign":"inherit","align":"inherit"}},"annotations":{},"tags":["HideLabel"]},"children":[{"name":"Temperatur","localizedName":"Temperatur","localizedNames":{"en":"*Temperatur (nb)","nb":"Temperatur"},"localizedDescriptions":{"nb":"Målt kroppstemperatur som uttrykk for kjernetemperatur.","en":"*Målt kroppstemperatur som uttrykk for kjernetemperatur. (nb)"},"rmType":"DV_QUANTITY","nodeId":"at0004","min":1,"max":1,"aqlPath":"/content[openEHR-EHR-OBSERVATION.body_temperature.v2 and name/value='Perioperativ temperatur']/data[at0002]/events[at0003]/data[at0001]/items[at0004]/value","inputs":[{"suffix":"magnitude","type":"DECIMAL","defaultValue":"","listOpen":false},{"suffix":"unit","type":"CODED_TEXT","list":[{"value":"Cel","label":"Cel","validation":{"range":{"minOp":">=","min":0.0,"maxOp":"<","max":50.0},"precision":{"minOp":">=","min":1.0,"maxOp":"<=","max":1.0}},"ordinal":0,"hidden":false,"localizedLabels":{},"localizedDescriptions":{}}],"listOpen":false}],"formId":"trygg_kirurgi/perioperativ_temperatur@Perioperativ temperatur/uspesifisert_hendelse/temperatur","viewConfig":{"multiplicity":{"min":1,"max":1},"advanced":{"hidden":false,"readonly":false,"hideFrame":false,"render":false},"label":{"custom":false,"useLocalizations":false},"size":{"field":"inherit","label":"inherit"},"layout":{"label":{"valign":"inherit","align":"top"},"field":{"valign":"inherit","align":"inherit"}},"annotations":{},"field":{}}}]},{"name":"Origin","localizedName":"Origin","localizedNames":{"en":"*Origin (en)","nb":"Origin"},"localizedDescriptions":{},"rmType":"DV_DATE_TIME","min":0,"max":1,"aqlPath":"/content[openEHR-EHR-OBSERVATION.body_temperature.v2 and name/value='Perioperativ temperatur']/data[at0002]/origin","inputs":[{"type":"DATETIME","listOpen":false}],"formId":"trygg_kirurgi/perioperativ_temperatur@Perioperativ temperatur/*history(en)/origin","viewConfig":{"multiplicity":{"min":0,"max":1},"advanced":{"hidden":true,"readonly":false,"hideFrame":false,"render":false},"label":{"custom":false,"useLocalizations":false},"size":{"field":"inherit","label":"inherit"},"layout":{"label":{"valign":"inherit","align":"inherit"},"field":{"valign":"inherit","align":"inherit"}},"annotations":{},"field":{"input":{"hideTime":false,"dateFormat":"","hideDate":false}}}},{"name":"Tidspunkt","localizedName":"Tidspunkt","localizedNames":{"en":"*Time (en)","nb":"Tidspunkt"},"localizedDescriptions":{},"rmType":"DV_DATE_TIME","min":0,"max":1,"aqlPath":"/content[openEHR-EHR-OBSERVATION.body_temperature.v2 and name/value='Perioperativ temperatur']/data[at0002]/events[at0003]/time","inputs":[{"type":"DATETIME","listOpen":false}],"formId":"trygg_kirurgi/perioperativ_temperatur@Perioperativ temperatur/uspesifisert_hendelse/time","viewConfig":{"multiplicity":{"min":0,"max":1},"advanced":{"hidden":false,"readonly":false,"hideFrame":false,"render":false},"label":{"custom":false,"useLocalizations":false},"size":{"field":"inherit","label":"inherit"},"layout":{"label":{"valign":"inherit","align":"top"},"field":{"valign":"inherit","align":"inherit"}},"annotations":{},"field":{"input":{"hideTime":false,"dateFormat":"","hideDate":false}}}}]},{"name":"Postoperativ temperatur","localizedName":"Postoperativ temperatur","localizedNames":{"en":"*Postoperativ temperatur (en)","nb":"Postoperativ temperatur"},"localizedDescriptions":{"nb":"Måling av kroppstemperatur som skal gjenspeile et individs kjernetemperatur.","en":"*Måling av kroppstemperatur som skal gjenspeile et individs kjernetemperatur. (nb)"},"rmType":"OBSERVATION","nodeId":"openEHR-EHR-OBSERVATION.body_temperature.v2","min":1,"max":1,"aqlPath":"/content[openEHR-EHR-OBSERVATION.body_temperature.v2 and name/value='Postoperativ temperatur']","inputs":[],"formId":"trygg_kirurgi/postoperativ_temperatur@Postoperativ temperatur","viewConfig":{"multiplicity":{"min":1,"max":1},"advanced":{"hidden":false,"readonly":false,"hideFrame":false,"render":false},"label":{"custom":false,"useLocalizations":false},"size":{"field":"inherit","label":"inherit"},"layout":{"label":{"valign":"inherit","align":"inherit"},"field":{"valign":"inherit","align":"inherit"}},"annotations":{"headerSize":"text","validateemptycontainer":"FALSE"},"field":{}},"children":[{"name":"Uspesifisert hendelse","localizedName":"Uspesifisert hendelse","localizedNames":{"en":"*Uspesifisert hendelse (nb)","nb":"Uspesifisert hendelse"},"localizedDescriptions":{"nb":"Standard, uspesifisert tidspunkt eller tidsintervall som kan defineres mer eksplisitt i en template eller i en applikasjon.","en":"*Standard, uspesifisert tidspunkt eller tidsintervall som kan defineres mer eksplisitt i en template eller i en applikasjon. (nb)"},"rmType":"EVENT","nodeId":"at0003","min":1,"max":1,"aqlPath":"/content[openEHR-EHR-OBSERVATION.body_temperature.v2 and name/value='Postoperativ temperatur']/data[at0002]/events[at0003]","inputs":[],"formId":"trygg_kirurgi/postoperativ_temperatur@Postoperativ temperatur/uspesifisert_hendelse","viewConfig":{"multiplicity":{"min":1,"max":1},"advanced":{"hidden":false,"readonly":false,"hideFrame":false,"render":false},"label":{"custom":false,"useLocalizations":false},"size":{"field":"inherit","label":"-1"},"layout":{"label":{"valign":"inherit","align":"inherit"},"field":{"valign":"inherit","align":"inherit"}},"annotations":{},"tags":["HideLabel"]},"children":[{"name":"Temperatur","localizedName":"Temperatur","localizedNames":{"en":"*Temperatur (nb)","nb":"Temperatur"},"localizedDescriptions":{"nb":"Målt kroppstemperatur som uttrykk for kjernetemperatur.","en":"*Målt kroppstemperatur som uttrykk for kjernetemperatur. (nb)"},"rmType":"DV_QUANTITY","nodeId":"at0004","min":1,"max":1,"aqlPath":"/content[openEHR-EHR-OBSERVATION.body_temperature.v2 and name/value='Postoperativ temperatur']/data[at0002]/events[at0003]/data[at0001]/items[at0004]/value","inputs":[{"suffix":"magnitude","type":"DECIMAL","defaultValue":"","listOpen":false},{"suffix":"unit","type":"CODED_TEXT","list":[{"value":"Cel","label":"Cel","validation":{"range":{"minOp":">=","min":0.0,"maxOp":"<","max":50.0},"precision":{"minOp":">=","min":1.0,"maxOp":"<=","max":1.0}},"ordinal":0,"hidden":false,"localizedLabels":{},"localizedDescriptions":{}}],"listOpen":false}],"formId":"trygg_kirurgi/postoperativ_temperatur@Postoperativ temperatur/uspesifisert_hendelse/temperatur","viewConfig":{"multiplicity":{"min":1,"max":1},"advanced":{"hidden":false,"readonly":false,"hideFrame":false,"render":false},"label":{"custom":false,"useLocalizations":false},"size":{"field":"inherit","label":"inherit"},"layout":{"label":{"valign":"inherit","align":"top"},"field":{"valign":"inherit","align":"inherit"}},"annotations":{},"field":{}}}]},{"name":"Origin","localizedName":"Origin","localizedNames":{"en":"*Origin (en)","nb":"Origin"},"localizedDescriptions":{},"rmType":"DV_DATE_TIME","min":0,"max":1,"aqlPath":"/content[openEHR-EHR-OBSERVATION.body_temperature.v2 and name/value='Postoperativ temperatur']/data[at0002]/origin","inputs":[{"type":"DATETIME","listOpen":false}],"formId":"trygg_kirurgi/postoperativ_temperatur@Postoperativ temperatur/*history(en)/origin","viewConfig":{"multiplicity":{"min":0,"max":1},"advanced":{"hidden":true,"readonly":false,"hideFrame":false,"render":false},"label":{"custom":false,"useLocalizations":false},"size":{"field":"inherit","label":"inherit"},"layout":{"label":{"valign":"inherit","align":"inherit"},"field":{"valign":"inherit","align":"inherit"}},"annotations":{},"field":{"input":{"hideTime":false,"dateFormat":"","hideDate":false}}}},{"name":"Tidspunkt","localizedName":"Tidspunkt","localizedNames":{"en":"*Time (en)","nb":"Tidspunkt"},"localizedDescriptions":{},"rmType":"DV_DATE_TIME","min":0,"max":1,"aqlPath":"/content[openEHR-EHR-OBSERVATION.body_temperature.v2 and name/value='Postoperativ temperatur']/data[at0002]/events[at0003]/time","inputs":[{"type":"DATETIME","listOpen":false}],"formId":"trygg_kirurgi/postoperativ_temperatur@Postoperativ temperatur/uspesifisert_hendelse/time","viewConfig":{"multiplicity":{"min":0,"max":1},"advanced":{"hidden":false,"readonly":false,"hideFrame":false,"render":false},"label":{"custom":false,"useLocalizations":false},"size":{"field":"inherit","label":"inherit"},"layout":{"label":{"valign":"inherit","align":"top"},"field":{"valign":"inherit","align":"inherit"}},"annotations":{},"field":{"input":{"hideTime":false,"dateFormat":"","hideDate":false}}}}]}]},{"name":"Fieldset","localizedName":"Avvik/endringer/hendelser","localizedNames":{"en":"*Fieldset (en)","nb":"Avvik/endringer/hendelser"},"localizedDescriptions":{},"rmType":"GENERIC_FIELDSET","min":0,"max":1,"inputs":[],"formId":"generic-field-68619","viewConfig":{"multiplicity":{"min":0,"max":1},"advanced":{"hidden":false,"readonly":false,"hideFrame":false,"render":false},"label":{"custom":false,"useLocalizations":false},"size":{"field":"inherit","label":"inherit"},"layout":{"label":{"valign":"inherit","align":"inherit"},"field":{"valign":"inherit","align":"inherit"}},"annotations":{},"field":{"formId":null,"name":null},"tags":["ForceMinMultiplicity"]},"children":[{"name":"Spesielle hendelser anestesi","localizedName":"Spesielle hendelser anestesi","localizedNames":{"en":"*Spesielle hendelser anestesi (en)","nb":"Spesielle hendelser anestesi"},"localizedDescriptions":{"nb":"Dokumentasjon av uønskede hendelser.","en":"*Dokumentasjon av uønskede hendelser. (nb)"},"rmType":"ADMIN_ENTRY","nodeId":"openEHR-EHR-ADMIN_ENTRY.adverse_event_dips.v1","min":1,"max":1,"aqlPath":"/content[openEHR-EHR-ADMIN_ENTRY.adverse_event_dips.v1 and name/value='Spesielle hendelser anestesi']","inputs":[],"formId":"trygg_kirurgi/spesielle_hendelser_anestesi@Spesielle hendelser anestesi","viewConfig":{"multiplicity":{"min":1,"max":1},"advanced":{"hidden":false,"readonly":false,"hideFrame":false,"render":false},"label":{"custom":false,"useLocalizations":false},"size":{"field":"inherit","label":"-1"},"layout":{"label":{"valign":"inherit","align":"inherit"},"field":{"valign":"inherit","align":"inherit"}},"annotations":{},"field":{},"tags":["HideLabel"]},"children":[{"name":"Spesielle hendelser anestesi","localizedName":"Spesielle hendelser anestesi","localizedNames":{"en":"*Spesielle hendelser anestesi (en)","nb":"Spesielle hendelser anestesi"},"localizedDescriptions":{"nb":"Navnet på den uønskete hendelsen. Dette elementet kan enten brukes som et tekstfelt, helst i kobinasjon med et kodeverk, eller som bools felt.","en":"*Navnet på den uønskete hendelsen. Dette elementet kan enten brukes som et tekstfelt, helst i kobinasjon med et kodeverk, eller som bools felt. (nb)"},"rmType":"DV_BOOLEAN","nodeId":"at0006","min":0,"max":1,"aqlPath":"/content[openEHR-EHR-ADMIN_ENTRY.adverse_event_dips.v1 and name/value='Spesielle hendelser anestesi']/data[at0001]/items[at0006 and name/value='Spesielle hendelser anestesi']/value","inputs":[{"type":"BOOLEAN","defaultValue":"False","listOpen":false}],"formId":"trygg_kirurgi/spesielle_hendelser_anestesi@Spesielle hendelser anestesi/spesielle_hendelser_anestesi@Spesielle hendelser anestesi","viewConfig":{"multiplicity":{"min":0,"max":1},"advanced":{"hidden":false,"readonly":false,"hideFrame":false,"render":false},"label":{"custom":false,"useLocalizations":false},"size":{"field":"inherit","label":"inherit"},"layout":{"label":{"valign":"inherit","align":"inherit"},"field":{"valign":"inherit","align":"inherit"}},"annotations":{},"field":{"input":{"threeState":false}}}},{"name":"Beskrivelse","localizedName":"Beskrivelse","localizedNames":{"en":"*Beskrivelse (nb)","nb":"Beskrivelse"},"localizedDescriptions":{"nb":"Tekstlige beskrivelse/kommentar til hendelsen.","en":"*Tekstlige beskrivelse/kommentar til hendelsen. (nb)"},"rmType":"DV_CODED_TEXT","nodeId":"at0003","min":0,"max":1,"aqlPath":"/content[openEHR-EHR-ADMIN_ENTRY.adverse_event_dips.v1 and name/value='Spesielle hendelser anestesi']/data[at0001]/items[at0003]/value","inputs":[{"suffix":"code","type":"TEXT","terminology":"ARK-ANE-ANESTESIPROBLEM?subset=ARK-ANE-ANESTESIPROBLEM&language=en-GB","listOpen":false},{"suffix":"value","type":"TEXT","terminology":"ARK-ANE-ANESTESIPROBLEM?subset=ARK-ANE-ANESTESIPROBLEM&language=en-GB","listOpen":false}],"formId":"trygg_kirurgi/spesielle_hendelser_anestesi@Spesielle hendelser anestesi/beskrivelse","viewConfig":{"multiplicity":{"min":0,"max":1},"advanced":{"hidden":false,"readonly":false,"hideFrame":false,"render":false},"label":{"custom":false,"useLocalizations":false},"size":{"field":"inherit","label":"inherit"},"layout":{"label":{"valign":"inherit","align":"top"},"field":{"valign":"inherit","align":"inherit"}},"datasource":{"loadRemote":true,"loadRemoteUrl":"ARK-ANE-ANESTESIPROBLEM?subset=ARK-ANE-ANESTESIPROBLEM&language=en-GB"},"annotations":{"codeditem.displayformat":"name"},"field":{},"tags":["ShowAsCombobox"]}}]},{"name":"Kirurgisk komplikasjon","localizedName":"Kirurgisk komplikasjon","localizedNames":{"en":"*Kirurgisk komplikasjon (en)","nb":"Kirurgisk komplikasjon"},"localizedDescriptions":{"nb":"Dokumentasjon av uønskede hendelser.","en":"*Dokumentasjon av uønskede hendelser. (nb)"},"rmType":"ADMIN_ENTRY","nodeId":"openEHR-EHR-ADMIN_ENTRY.adverse_event_dips.v1","min":1,"max":1,"aqlPath":"/content[openEHR-EHR-ADMIN_ENTRY.adverse_event_dips.v1 and name/value='Kirurgisk komplikasjon']","inputs":[],"formId":"trygg_kirurgi/kirurgisk_komplikasjon@Kirurgisk komplikasjon","viewConfig":{"multiplicity":{"min":1,"max":1},"advanced":{"hidden":false,"readonly":false,"hideFrame":false,"render":false},"label":{"custom":false,"useLocalizations":false},"size":{"field":"inherit","label":"-1"},"layout":{"label":{"valign":"inherit","align":"inherit"},"field":{"valign":"inherit","align":"inherit"}},"annotations":{},"field":{},"tags":["HideLabel"]},"children":[{"name":"Kirurgisk komplikasjon","localizedName":"Kirurgisk komplikasjon","localizedNames":{"en":"*Kirurgisk komplikasjon (en)","nb":"Kirurgisk komplikasjon"},"localizedDescriptions":{"nb":"Navnet på den uønskete hendelsen. Dette elementet kan enten brukes som et tekstfelt, helst i kobinasjon med et kodeverk, eller som bools felt.","en":"*Navnet på den uønskete hendelsen. Dette elementet kan enten brukes som et tekstfelt, helst i kobinasjon med et kodeverk, eller som bools felt. (nb)"},"rmType":"DV_BOOLEAN","nodeId":"at0006","min":0,"max":1,"aqlPath":"/content[openEHR-EHR-ADMIN_ENTRY.adverse_event_dips.v1 and name/value='Kirurgisk komplikasjon']/data[at0001]/items[at0006 and name/value='Kirurgisk komplikasjon']/value","inputs":[{"type":"BOOLEAN","defaultValue":"False","listOpen":false}],"formId":"trygg_kirurgi/kirurgisk_komplikasjon@Kirurgisk komplikasjon/kirurgisk_komplikasjon@Kirurgisk komplikasjon","viewConfig":{"multiplicity":{"min":0,"max":1},"advanced":{"hidden":false,"readonly":false,"hideFrame":false,"render":false},"label":{"custom":false,"useLocalizations":false},"size":{"field":"inherit","label":"inherit"},"layout":{"label":{"valign":"inherit","align":"inherit"},"field":{"valign":"inherit","align":"inherit"}},"annotations":{},"field":{"input":{"threeState":false}}}},{"name":"Beskrivelse","localizedName":"Beskrivelse","localizedNames":{"en":"*Beskrivelse (nb)","nb":"Beskrivelse"},"localizedDescriptions":{"nb":"Tekstlige beskrivelse/kommentar til hendelsen.","en":"*Tekstlige beskrivelse/kommentar til hendelsen. (nb)"},"rmType":"DV_TEXT","nodeId":"at0003","min":0,"max":1,"aqlPath":"/content[openEHR-EHR-ADMIN_ENTRY.adverse_event_dips.v1 and name/value='Kirurgisk komplikasjon']/data[at0001]/items[at0003]/value","inputs":[{"type":"TEXT","list":[],"listOpen":false}],"formId":"trygg_kirurgi/kirurgisk_komplikasjon@Kirurgisk komplikasjon/beskrivelse","viewConfig":{"multiplicity":{"min":0,"max":1},"advanced":{"hidden":false,"readonly":false,"hideFrame":false,"render":false},"label":{"custom":false,"useLocalizations":false},"size":{"field":"inherit","label":"inherit"},"layout":{"label":{"valign":"inherit","align":"top"},"field":{"valign":"inherit","align":"inherit"}},"datasource":{"loadRemote":false,"parameters":{}},"annotations":{},"field":{"lines":null,"input":{}}}}]},{"name":"Feil/svikt/mangel på utstyr","localizedName":"Feil/svikt/mangel på utstyr","localizedNames":{"en":"*Feil/svikt/mangel på utstyr (en)","nb":"Feil/svikt/mangel på utstyr"},"localizedDescriptions":{"nb":"Dokumentasjon av uønskede hendelser.","en":"*Dokumentasjon av uønskede hendelser. (nb)"},"rmType":"ADMIN_ENTRY","nodeId":"openEHR-EHR-ADMIN_ENTRY.adverse_event_dips.v1","min":1,"max":1,"aqlPath":"/content[openEHR-EHR-ADMIN_ENTRY.adverse_event_dips.v1 and name/value='Feil/svikt/mangel på utstyr']","inputs":[],"formId":"trygg_kirurgi/feil_svikt_mangel_på_utstyr@Feil/svikt/mangel på utstyr","viewConfig":{"multiplicity":{"min":1,"max":1},"advanced":{"hidden":false,"readonly":false,"hideFrame":false,"render":false},"label":{"custom":false,"useLocalizations":false},"size":{"field":"inherit","label":"-1"},"layout":{"label":{"valign":"inherit","align":"inherit"},"field":{"valign":"inherit","align":"inherit"}},"annotations":{},"field":{},"tags":["HideLabel"]},"children":[{"name":"Feil/svikt/mangel på utstyr","localizedName":"Feil/svikt/mangel på utstyr","localizedNames":{"en":"*Feil/svikt/mangel på utstyr (en)","nb":"Feil/svikt/mangel på utstyr"},"localizedDescriptions":{"nb":"Navnet på den uønskete hendelsen. Dette elementet kan enten brukes som et tekstfelt, helst i kobinasjon med et kodeverk, eller som bools felt.","en":"*Navnet på den uønskete hendelsen. Dette elementet kan enten brukes som et tekstfelt, helst i kobinasjon med et kodeverk, eller som bools felt. (nb)"},"rmType":"DV_BOOLEAN","nodeId":"at0006","min":0,"max":1,"aqlPath":"/content[openEHR-EHR-ADMIN_ENTRY.adverse_event_dips.v1 and name/value='Feil/svikt/mangel på utstyr']/data[at0001]/items[at0006 and name/value='Feil/svikt/mangel på utstyr']/value","inputs":[{"type":"BOOLEAN","defaultValue":"False","listOpen":false}],"formId":"trygg_kirurgi/feil_svikt_mangel_på_utstyr@Feil/svikt/mangel på utstyr/feil_svikt_mangel_på_utstyr@Feil/svikt/mangel på utstyr","viewConfig":{"multiplicity":{"min":0,"max":1},"advanced":{"hidden":false,"readonly":false,"hideFrame":false,"render":false},"label":{"custom":false,"useLocalizations":false},"size":{"field":"inherit","label":"inherit"},"layout":{"label":{"valign":"inherit","align":"inherit"},"field":{"valign":"inherit","align":"inherit"}},"annotations":{},"field":{"input":{"threeState":false}}}},{"name":"Beskrivelse","localizedName":"Beskrivelse","localizedNames":{"en":"*Beskrivelse (nb)","nb":"Beskrivelse"},"localizedDescriptions":{"nb":"Tekstlige beskrivelse/kommentar til hendelsen.","en":"*Tekstlige beskrivelse/kommentar til hendelsen. (nb)"},"rmType":"DV_TEXT","nodeId":"at0003","min":0,"max":1,"aqlPath":"/content[openEHR-EHR-ADMIN_ENTRY.adverse_event_dips.v1 and name/value='Feil/svikt/mangel på utstyr']/data[at0001]/items[at0003]/value","inputs":[{"type":"TEXT","list":[],"listOpen":false}],"formId":"trygg_kirurgi/feil_svikt_mangel_på_utstyr@Feil/svikt/mangel på utstyr/beskrivelse","viewConfig":{"multiplicity":{"min":0,"max":1},"advanced":{"hidden":false,"readonly":false,"hideFrame":false,"render":false},"label":{"custom":false,"useLocalizations":false},"size":{"field":"inherit","label":"inherit"},"layout":{"label":{"valign":"inherit","align":"top"},"field":{"valign":"inherit","align":"inherit"}},"datasource":{"loadRemote":false,"parameters":{}},"annotations":{},"field":{"lines":null,"input":{}}}}]},{"name":"Endring i bestilt inngrep","localizedName":"Endring i bestilt inngrep","localizedNames":{"en":"*Endring i bestilt inngrep (en)","nb":"Endring i bestilt inngrep"},"localizedDescriptions":{"nb":"Dokumentasjon av uønskede hendelser.","en":"*Dokumentasjon av uønskede hendelser. (nb)"},"rmType":"ADMIN_ENTRY","nodeId":"openEHR-EHR-ADMIN_ENTRY.adverse_event_dips.v1","min":1,"max":1,"aqlPath":"/content[openEHR-EHR-ADMIN_ENTRY.adverse_event_dips.v1 and name/value='Endring i bestilt inngrep']","inputs":[],"formId":"trygg_kirurgi/endring_i_bestilt_inngrep@Endring i bestilt inngrep","viewConfig":{"multiplicity":{"min":1,"max":1},"advanced":{"hidden":false,"readonly":false,"hideFrame":false,"render":false},"label":{"custom":false,"useLocalizations":false},"size":{"field":"inherit","label":"-1"},"layout":{"label":{"valign":"inherit","align":"inherit"},"field":{"valign":"inherit","align":"inherit"}},"annotations":{},"field":{},"tags":["HideLabel"]},"children":[{"name":"Endring i bestilt inngrep","localizedName":"Endring i bestilt inngrep","localizedNames":{"en":"*Endring i bestilt inngrep (en)","nb":"Endring i bestilt inngrep"},"localizedDescriptions":{"nb":"Navnet på den uønskete hendelsen. Dette elementet kan enten brukes som et tekstfelt, helst i kobinasjon med et kodeverk, eller som bools felt.","en":"*Navnet på den uønskete hendelsen. Dette elementet kan enten brukes som et tekstfelt, helst i kobinasjon med et kodeverk, eller som bools felt. (nb)"},"rmType":"DV_BOOLEAN","nodeId":"at0006","min":0,"max":1,"aqlPath":"/content[openEHR-EHR-ADMIN_ENTRY.adverse_event_dips.v1 and name/value='Endring i bestilt inngrep']/data[at0001]/items[at0006 and name/value='Endring i bestilt inngrep']/value","inputs":[{"type":"BOOLEAN","defaultValue":"False","listOpen":false}],"formId":"trygg_kirurgi/endring_i_bestilt_inngrep@Endring i bestilt inngrep/endring_i_bestilt_inngrep@Endring i bestilt inngrep","viewConfig":{"multiplicity":{"min":0,"max":1},"advanced":{"hidden":false,"readonly":false,"hideFrame":false,"render":false},"label":{"custom":false,"useLocalizations":false},"size":{"field":"inherit","label":"inherit"},"layout":{"label":{"valign":"inherit","align":"inherit"},"field":{"valign":"inherit","align":"inherit"}},"annotations":{},"field":{"input":{"threeState":false}}}},{"name":"Beskrivelse","localizedName":"Beskrivelse","localizedNames":{"en":"*Beskrivelse (nb)","nb":"Beskrivelse"},"localizedDescriptions":{"nb":"Tekstlige beskrivelse/kommentar til hendelsen.","en":"*Tekstlige beskrivelse/kommentar til hendelsen. (nb)"},"rmType":"DV_CODED_TEXT","nodeId":"at0003","min":0,"max":1,"aqlPath":"/content[openEHR-EHR-ADMIN_ENTRY.adverse_event_dips.v1 and name/value='Endring i bestilt inngrep']/data[at0001]/items[at0003]/value","inputs":[{"suffix":"code","type":"TEXT","terminology":"ARK-OPR-ARENA-TRYGG KIRURGI-ENDRING BEST INNGR?subset=ARK-OPR-ARENA-TRYGG KIRURGI-ENDRING BEST INNGR&language=en-GB","listOpen":false},{"suffix":"value","type":"TEXT","terminology":"ARK-OPR-ARENA-TRYGG KIRURGI-ENDRING BEST INNGR?subset=ARK-OPR-ARENA-TRYGG KIRURGI-ENDRING BEST INNGR&language=en-GB","listOpen":false}],"formId":"trygg_kirurgi/endring_i_bestilt_inngrep@Endring i bestilt inngrep/beskrivelse","viewConfig":{"multiplicity":{"min":0,"max":1},"advanced":{"hidden":false,"readonly":false,"hideFrame":false,"render":false},"label":{"custom":false,"useLocalizations":false},"size":{"field":"inherit","label":"inherit"},"layout":{"label":{"valign":"inherit","align":"top"},"field":{"valign":"inherit","align":"inherit"}},"datasource":{"loadRemote":true,"loadRemoteUrl":"ARK-OPR-ARENA-TRYGG KIRURGI-ENDRING BEST INNGR?subset=ARK-OPR-ARENA-TRYGG KIRURGI-ENDRING BEST INNGR&language=en-GB"},"annotations":{"codeditem.displayformat":"name"},"field":{},"tags":["ShowAsCombobox"]}}]},{"name":"Endring i bestilt anestesimetode","localizedName":"Endring i bestilt anestesimetode","localizedNames":{"en":"*Endring i bestilt anestesimetode (en)","nb":"Endring i bestilt anestesimetode"},"localizedDescriptions":{"nb":"Dokumentasjon av uønskede hendelser.","en":"*Dokumentasjon av uønskede hendelser. (nb)"},"rmType":"ADMIN_ENTRY","nodeId":"openEHR-EHR-ADMIN_ENTRY.adverse_event_dips.v1","min":1,"max":1,"aqlPath":"/content[openEHR-EHR-ADMIN_ENTRY.adverse_event_dips.v1 and name/value='Endring i bestilt anestesimetode']","inputs":[],"formId":"trygg_kirurgi/endring_i_bestilt_anestesimetode@Endring i bestilt anestesimetode","viewConfig":{"multiplicity":{"min":1,"max":1},"advanced":{"hidden":false,"readonly":false,"hideFrame":false,"render":false},"label":{"custom":false,"useLocalizations":false},"size":{"field":"inherit","label":"-1"},"layout":{"label":{"valign":"inherit","align":"inherit"},"field":{"valign":"inherit","align":"inherit"}},"annotations":{},"field":{},"tags":["HideLabel"]},"children":[{"name":"Endring i bestilt anestesimetode","localizedName":"Endring i bestilt anestesimetode","localizedNames":{"en":"*Endring i bestilt anestesimetode (en)","nb":"Endring i bestilt anestesimetode"},"localizedDescriptions":{"nb":"Navnet på den uønskete hendelsen. Dette elementet kan enten brukes som et tekstfelt, helst i kobinasjon med et kodeverk, eller som bools felt.","en":"*Navnet på den uønskete hendelsen. Dette elementet kan enten brukes som et tekstfelt, helst i kobinasjon med et kodeverk, eller som bools felt. (nb)"},"rmType":"DV_BOOLEAN","nodeId":"at0006","min":0,"max":1,"aqlPath":"/content[openEHR-EHR-ADMIN_ENTRY.adverse_event_dips.v1 and name/value='Endring i bestilt anestesimetode']/data[at0001]/items[at0006 and name/value='Endring i bestilt anestesimetode']/value","inputs":[{"type":"BOOLEAN","defaultValue":"False","listOpen":false}],"formId":"trygg_kirurgi/endring_i_bestilt_anestesimetode@Endring i bestilt anestesimetode/endring_i_bestilt_anestesimetode@Endring i bestilt anestesimetode","viewConfig":{"multiplicity":{"min":0,"max":1},"advanced":{"hidden":false,"readonly":false,"hideFrame":false,"render":false},"label":{"custom":false,"useLocalizations":false},"size":{"field":"inherit","label":"inherit"},"layout":{"label":{"valign":"inherit","align":"inherit"},"field":{"valign":"inherit","align":"inherit"}},"annotations":{},"field":{"input":{"threeState":false}}}},{"name":"Beskrivelse","localizedName":"Beskrivelse","localizedNames":{"en":"*Beskrivelse (nb)","nb":"Beskrivelse"},"localizedDescriptions":{"nb":"Tekstlige beskrivelse/kommentar til hendelsen.","en":"*Tekstlige beskrivelse/kommentar til hendelsen. (nb)"},"rmType":"DV_CODED_TEXT","nodeId":"at0003","min":0,"max":1,"aqlPath":"/content[openEHR-EHR-ADMIN_ENTRY.adverse_event_dips.v1 and name/value='Endring i bestilt anestesimetode']/data[at0001]/items[at0003]/value","inputs":[{"suffix":"code","type":"TEXT","terminology":"ARK-OPR-ARENA-TRYGG KIRURGI-ENDRING BEST ANEST?subset=ARK-OPR-ARENA-TRYGG KIRURGI-ENDRING BEST ANEST&language=en-GB","listOpen":false},{"suffix":"value","type":"TEXT","terminology":"ARK-OPR-ARENA-TRYGG KIRURGI-ENDRING BEST ANEST?subset=ARK-OPR-ARENA-TRYGG KIRURGI-ENDRING BEST ANEST&language=en-GB","listOpen":false}],"formId":"trygg_kirurgi/endring_i_bestilt_anestesimetode@Endring i bestilt anestesimetode/beskrivelse","viewConfig":{"multiplicity":{"min":0,"max":1},"advanced":{"hidden":false,"readonly":false,"hideFrame":false,"render":false},"label":{"custom":false,"useLocalizations":false},"size":{"field":"inherit","label":"inherit"},"layout":{"label":{"valign":"inherit","align":"top"},"field":{"valign":"inherit","align":"inherit"}},"datasource":{"loadRemote":true,"loadRemoteUrl":"ARK-OPR-ARENA-TRYGG KIRURGI-ENDRING BEST ANEST?subset=ARK-OPR-ARENA-TRYGG KIRURGI-ENDRING BEST ANEST&language=en-GB"},"annotations":{"codeditem.displayformat":"name"},"field":{},"tags":["ShowAsCombobox"]}}]},{"name":"Prosedyre ikke fulgt ","localizedName":"Prosedyre ikke fulgt ","localizedNames":{"en":"*Prosedyre ikke fulgt  (en)","nb":"Prosedyre ikke fulgt "},"localizedDescriptions":{"nb":"Dokumentasjon av uønskede hendelser.","en":"*Dokumentasjon av uønskede hendelser. (nb)"},"rmType":"ADMIN_ENTRY","nodeId":"openEHR-EHR-ADMIN_ENTRY.adverse_event_dips.v1","min":1,"max":1,"aqlPath":"/content[openEHR-EHR-ADMIN_ENTRY.adverse_event_dips.v1 and name/value='Prosedyre ikke fulgt ']","inputs":[],"formId":"trygg_kirurgi/prosedyre_ikke_fulgt_@Prosedyre ikke fulgt ","viewConfig":{"multiplicity":{"min":1,"max":1},"advanced":{"hidden":false,"readonly":false,"hideFrame":false,"render":false},"label":{"custom":false,"useLocalizations":false},"size":{"field":"inherit","label":"-1"},"layout":{"label":{"valign":"inherit","align":"inherit"},"field":{"valign":"inherit","align":"inherit"}},"annotations":{},"field":{},"tags":["HideLabel"]},"children":[{"name":"Prosedyre ikke fulgt ","localizedName":"Prosedyre ikke fulgt ","localizedNames":{"en":"*Prosedyre ikke fulgt  (en)","nb":"Prosedyre ikke fulgt "},"localizedDescriptions":{"nb":"Navnet på den uønskete hendelsen. Dette elementet kan enten brukes som et tekstfelt, helst i kobinasjon med et kodeverk, eller som bools felt.","en":"*Navnet på den uønskete hendelsen. Dette elementet kan enten brukes som et tekstfelt, helst i kobinasjon med et kodeverk, eller som bools felt. (nb)"},"rmType":"DV_BOOLEAN","nodeId":"at0006","min":0,"max":1,"aqlPath":"/content[openEHR-EHR-ADMIN_ENTRY.adverse_event_dips.v1 and name/value='Prosedyre ikke fulgt ']/data[at0001]/items[at0006 and name/value='Prosedyre ikke fulgt ']/value","inputs":[{"type":"BOOLEAN","defaultValue":"False","listOpen":false}],"formId":"trygg_kirurgi/prosedyre_ikke_fulgt_@Prosedyre ikke fulgt /prosedyre_ikke_fulgt_@Prosedyre ikke fulgt ","viewConfig":{"multiplicity":{"min":0,"max":1},"advanced":{"hidden":false,"readonly":false,"hideFrame":false,"render":false},"label":{"custom":false,"useLocalizations":false},"size":{"field":"inherit","label":"inherit"},"layout":{"label":{"valign":"inherit","align":"inherit"},"field":{"valign":"inherit","align":"inherit"}},"annotations":{},"field":{"input":{"threeState":false}}}},{"name":"Beskrivelse","localizedName":"Beskrivelse","localizedNames":{"en":"*Beskrivelse (nb)","nb":"Beskrivelse"},"localizedDescriptions":{"nb":"Tekstlige beskrivelse/kommentar til hendelsen.","en":"*Tekstlige beskrivelse/kommentar til hendelsen. (nb)"},"rmType":"DV_TEXT","nodeId":"at0003","min":0,"max":1,"aqlPath":"/content[openEHR-EHR-ADMIN_ENTRY.adverse_event_dips.v1 and name/value='Prosedyre ikke fulgt ']/data[at0001]/items[at0003]/value","inputs":[{"type":"TEXT","list":[],"listOpen":false}],"formId":"trygg_kirurgi/prosedyre_ikke_fulgt_@Prosedyre ikke fulgt /beskrivelse","viewConfig":{"multiplicity":{"min":0,"max":1},"advanced":{"hidden":false,"readonly":false,"hideFrame":false,"render":false},"label":{"custom":false,"useLocalizations":false},"size":{"field":"inherit","label":"inherit"},"layout":{"label":{"valign":"inherit","align":"top"},"field":{"valign":"inherit","align":"inherit"}},"datasource":{"loadRemote":false,"parameters":{}},"annotations":{},"field":{"lines":null,"input":{}}}}]},{"name":"Annet/diverse","localizedName":"Annet/diverse","localizedNames":{"en":"*Annet/diverse (en)","nb":"Annet/diverse"},"localizedDescriptions":{"nb":"Dokumentasjon av uønskede hendelser.","en":"*Dokumentasjon av uønskede hendelser. (nb)"},"rmType":"ADMIN_ENTRY","nodeId":"openEHR-EHR-ADMIN_ENTRY.adverse_event_dips.v1","min":1,"max":1,"aqlPath":"/content[openEHR-EHR-ADMIN_ENTRY.adverse_event_dips.v1 and name/value='Annet/diverse']","inputs":[],"formId":"trygg_kirurgi/annet_diverse@Annet/diverse","viewConfig":{"multiplicity":{"min":1,"max":1},"advanced":{"hidden":false,"readonly":false,"hideFrame":false,"render":false},"label":{"custom":false,"useLocalizations":false},"size":{"field":"inherit","label":"-1"},"layout":{"label":{"valign":"inherit","align":"inherit"},"field":{"valign":"inherit","align":"inherit"}},"annotations":{},"field":{},"tags":["HideLabel"]},"children":[{"name":"Annet/diverse","localizedName":"Annet/diverse","localizedNames":{"en":"*Annet/diverse (en)","nb":"Annet/diverse"},"localizedDescriptions":{"nb":"Navnet på den uønskete hendelsen. Dette elementet kan enten brukes som et tekstfelt, helst i kobinasjon med et kodeverk, eller som bools felt.","en":"*Navnet på den uønskete hendelsen. Dette elementet kan enten brukes som et tekstfelt, helst i kobinasjon med et kodeverk, eller som bools felt. (nb)"},"rmType":"DV_BOOLEAN","nodeId":"at0006","min":0,"max":1,"aqlPath":"/content[openEHR-EHR-ADMIN_ENTRY.adverse_event_dips.v1 and name/value='Annet/diverse']/data[at0001]/items[at0006 and name/value='Annet/diverse']/value","inputs":[{"type":"BOOLEAN","defaultValue":"False","listOpen":false}],"formId":"trygg_kirurgi/annet_diverse@Annet/diverse/annet_diverse@Annet/diverse","viewConfig":{"multiplicity":{"min":0,"max":1},"advanced":{"hidden":false,"readonly":false,"hideFrame":false,"render":false},"label":{"custom":false,"useLocalizations":false},"size":{"field":"inherit","label":"inherit"},"layout":{"label":{"valign":"inherit","align":"inherit"},"field":{"valign":"inherit","align":"inherit"}},"annotations":{},"field":{"input":{"threeState":false}}}},{"name":"Beskrivelse","localizedName":"Beskrivelse","localizedNames":{"en":"*Beskrivelse (nb)","nb":"Beskrivelse"},"localizedDescriptions":{"nb":"Tekstlige beskrivelse/kommentar til hendelsen.","en":"*Tekstlige beskrivelse/kommentar til hendelsen. (nb)"},"rmType":"DV_TEXT","nodeId":"at0003","min":0,"max":1,"aqlPath":"/content[openEHR-EHR-ADMIN_ENTRY.adverse_event_dips.v1 and name/value='Annet/diverse']/data[at0001]/items[at0003]/value","inputs":[{"type":"TEXT","list":[],"listOpen":false}],"formId":"trygg_kirurgi/annet_diverse@Annet/diverse/beskrivelse","viewConfig":{"multiplicity":{"min":0,"max":1},"advanced":{"hidden":false,"readonly":false,"hideFrame":false,"render":false},"label":{"custom":false,"useLocalizations":false},"size":{"field":"inherit","label":"inherit"},"layout":{"label":{"valign":"inherit","align":"top"},"field":{"valign":"inherit","align":"inherit"}},"datasource":{"loadRemote":false,"parameters":{}},"annotations":{},"field":{"lines":null,"input":{}}}}]}]}]}