{"name":"Form root","localizedNames":{},"localizedDescriptions":{},"rmType":"FORM_DEFINITION","min":0,"max":0,"formId":"form_root","viewConfig":{"label":{"custom":false,"useLocalizations":false},"size":{"field":"inherit","label":"inherit"},"layout":{"label":{"valign":"inherit","align":"inherit"},"field":{"valign":"inherit","align":"inherit"}},"annotations":{"#moving":"select\r\nc/uid as cid, a\r\nfrom\r\n   composition c[openEHR-EHR-COMPOSITION.encounter.v1]\r\ncontains\r\n   ADMIN_ENTRY a[openEHR-EHR-ADMIN_ENTRY.administrativ_informasjon_dips.v2]\r\nwhere\r\n   a/name/value = 'Flytteliste'\r\norder by c/context/start_time DESC fetch 1?scope=episodeofcare\r\n"}},"children":[{"name":"Flytteliste","localizedName":"Flytteliste","localizedNames":{"en":"*Flytteliste (en)","nb":"Flytteliste"},"localizedDescriptions":{"nb":"Kan benyttes i kolonne i pasientliste for å sende/vise beskjeder. ","en":"*Kan benyttes i kolonne i pasientliste for å sende/vise beskjeder.  (nb)"},"rmType":"ADMIN_ENTRY","nodeId":"openEHR-EHR-ADMIN_ENTRY.administrativ_informasjon_dips.v2","min":1,"max":1,"aqlPath":"/content[openEHR-EHR-ADMIN_ENTRY.administrativ_informasjon_dips.v2 and name/value='Flytteliste']","inputs":[],"formId":"klinisk_kontakt/flytteliste@Flytteliste","viewConfig":{"multiplicity":{"min":1,"max":1},"advanced":{"hidden":false,"readonly":false,"hideFrame":false,"render":false},"label":{"custom":false,"useLocalizations":false},"size":{"field":"inherit","label":"-1"},"layout":{"label":{"valign":"inherit","align":"inherit"},"field":{"valign":"inherit","align":"inherit"}},"annotations":{"selectreadonly":"{#moving}"},"field":{},"tags":["HideLabel"]},"children":[{"name":"Informasjon/beskjed","localizedName":"Informasjon/beskjed","localizedNames":{"en":"*Informasjon/beskjed (nb)","nb":"Informasjon/beskjed"},"localizedDescriptions":{"nb":"*","en":"** (nb)"},"rmType":"CLUSTER","nodeId":"at0016","min":1,"max":1,"aqlPath":"/content[openEHR-EHR-ADMIN_ENTRY.administrativ_informasjon_dips.v2 and name/value='Flytteliste']/data[at0001]/items[at0016]","inputs":[],"formId":"klinisk_kontakt/flytteliste@Flytteliste/informasjon_beskjed","viewConfig":{"multiplicity":{"min":1,"max":1},"advanced":{"hidden":false,"readonly":false,"hideFrame":false,"render":false},"label":{"custom":false,"useLocalizations":false},"size":{"field":"inherit","label":"-1"},"layout":{"label":{"valign":"inherit","align":"inherit"},"field":{"valign":"inherit","align":"inherit"}},"annotations":{},"field":{},"tags":["HideLabel"]},"children":[{"name":"Informasjon/beskjed","localizedName":"Flytteliste","localizedNames":{"en":"*Flytteliste (nb)","nb":"Flytteliste"},"localizedDescriptions":{"nb":"Innhold i beskjed","en":"*Innhold i beskjed (nb)"},"rmType":"DV_TEXT","nodeId":"at0002","min":0,"max":1,"aqlPath":"/content[openEHR-EHR-ADMIN_ENTRY.administrativ_informasjon_dips.v2 and name/value='Flytteliste']/data[at0001]/items[at0016]/items[at0002]/value","inputs":[{"type":"TEXT","list":[],"listOpen":false}],"formId":"klinisk_kontakt/flytteliste@Flytteliste/informasjon_beskjed/informasjon_beskjed","viewConfig":{"multiplicity":{"min":0,"max":1},"advanced":{"hidden":false,"readonly":false,"hideFrame":false,"render":false},"label":{"custom":false,"useLocalizations":false},"size":{"field":"inherit","label":"inherit"},"layout":{"label":{"valign":"inherit","align":"inherit"},"field":{"valign":"inherit","align":"inherit"}},"datasource":{"loadRemote":false,"parameters":{}},"annotations":{"nullflavour":"271"},"field":{"lines":null,"input":{}}}}]}]}]}