{"name":"Form root","localizedNames":{},"localizedDescriptions":{},"rmType":"FORM_DEFINITION","min":0,"max":0,"formId":"form_root","viewConfig":{"label":{"custom":false,"useLocalizations":false},"size":{"field":"inherit","label":"inherit"},"layout":{"label":{"valign":"inherit","align":"inherit"},"field":{"valign":"inherit","align":"inherit"}},"annotations":{"form.mode":"InfieldTopAlignedLabels"}},"children":[{"name":"Bestilling av utstyr for operasjon","localizedName":"Bestilling av utstyr for operasjon","localizedNames":{"en":"*Bestilling av utstyr for operasjon (en)","nb":"Bestilling av utstyr for operasjon"},"localizedDescriptions":{"nb":"Dokument som sendes fra en helsetjenesteyter til en annen, med hensikt om å forespørre om råd, en tjeneste eller overføring av ansvar.","en":"*Dokument som sendes fra en helsetjenesteyter til en annen, med hensikt om å forespørre om råd, en tjeneste eller overføring av ansvar. (nb)"},"rmType":"COMPOSITION","nodeId":"openEHR-EHR-COMPOSITION.request.v1","min":1,"max":1,"aqlPath":"/","inputs":[],"formId":"bestilling_av_utstyr_for_operasjon","viewConfig":{"multiplicity":{"min":1,"max":1},"advanced":{"hidden":false,"readonly":false,"hideFrame":false,"render":false},"label":{"custom":false,"useLocalizations":false},"size":{"field":"inherit","label":"-1"},"layout":{"label":{"valign":"inherit","align":"inherit"},"field":{"valign":"inherit","align":"inherit"}},"annotations":{},"field":{},"tags":["HideLabel"]},"children":[{"name":"Status","localizedName":"Status","localizedNames":{"en":"*Status (en)","nb":"Status"},"localizedDescriptions":{"nb":"Brukes for å dokumentere tilstand/status i en klinisk prosess. Kan gjerne brukes i persistente oppføringer for å definere tilstanden på den samlede prosessen.","en":"*Brukes for å dokumentere tilstand/status i en klinisk prosess. Kan gjerne brukes i persistente oppføringer for å definere tilstanden på den samlede prosessen. (nb)"},"rmType":"CLUSTER","nodeId":"openEHR-EHR-CLUSTER.process_state_dips.v1","min":1,"max":1,"aqlPath":"/context/other_context[at0001]/items[openEHR-EHR-CLUSTER.process_state_dips.v1 and name/value='Status']","inputs":[],"formId":"bestilling_av_utstyr_for_operasjon/value/status@Status","viewConfig":{"multiplicity":{"min":1,"max":1},"advanced":{"hidden":false,"readonly":false,"hideFrame":false,"render":false},"label":{"custom":false,"useLocalizations":false},"size":{"field":"inherit","label":"-1"},"layout":{"label":{"valign":"inherit","align":"top"},"field":{"valign":"inherit","align":"inherit"}},"annotations":{"validateemptycontainer":"FALSE"},"field":{},"tags":["HideLabel"]},"children":[{"name":"Overordnet status på bestillingen","localizedName":"Overordnet status på bestillingen","localizedNames":{"en":"*Status (nb)","nb":"Overordnet status på bestillingen"},"localizedDescriptions":{"nb":"Status. Bruk gjerne kode tilpasset den enkelte prosesstype.","en":"*Status. Bruk gjerne kode tilpasset den enkelte prosesstype. (nb)"},"rmType":"DV_CODED_TEXT","nodeId":"at0001","min":1,"max":1,"aqlPath":"/context/other_context[at0001]/items[openEHR-EHR-CLUSTER.process_state_dips.v1 and name/value='Status']/items[at0001]/value","inputs":[{"suffix":"code","type":"CODED_TEXT","list":[{"value":"S1","label":"Planlagt","ordinal":0,"localizedLabels":{"nb":"Planlagt","en":"*Planlagt (nb)"},"localizedDescriptions":{}},{"value":"S2","label":"Bestilt","ordinal":0,"localizedLabels":{"nb":"Bestilt","en":"*Bestilt (nb)"},"localizedDescriptions":{}},{"value":"S3","label":"Klart for operasjon","ordinal":0,"localizedLabels":{"nb":"Klart for operasjon","en":"*Klart for operasjon (nb)"},"localizedDescriptions":{}},{"value":"S4","label":"Kansellert","ordinal":0,"localizedLabels":{"nb":"Kansellert","en":"*Kansellert (nb)"},"localizedDescriptions":{}},{"value":"S5","label":"Ikke aktuelt","ordinal":0,"localizedLabels":{"nb":"Ikke aktuelt","en":"*Ikke aktuelt (nb)"},"localizedDescriptions":{}}],"listOpen":false}],"formId":"bestilling_av_utstyr_for_operasjon/value/status@Status/status","viewConfig":{"multiplicity":{"min":1,"max":1},"advanced":{"hidden":false,"readonly":false,"hideFrame":false,"render":false},"label":{"custom":false,"useLocalizations":false},"size":{"field":"inherit","label":"inherit"},"layout":{"label":{"valign":"inherit","align":"inherit"},"field":{"valign":"inherit","align":"inherit"}},"annotations":{},"field":{"code":{"presentation":"combobox","columns":"5"}}}},{"name":"Kommentar","localizedName":"Kommentar","localizedNames":{"en":"*Kommentar (nb)","nb":"Kommentar"},"localizedDescriptions":{"nb":"Kommentar til status.","en":"*Kommentar til status. (nb)"},"rmType":"DV_TEXT","nodeId":"at0002","min":0,"max":1,"aqlPath":"/context/other_context[at0001]/items[openEHR-EHR-CLUSTER.process_state_dips.v1 and name/value='Status']/items[at0002]/value","inputs":[{"type":"TEXT","list":[],"listOpen":false}],"formId":"bestilling_av_utstyr_for_operasjon/value/status@Status/kommentar","viewConfig":{"multiplicity":{"min":0,"max":1},"advanced":{"hidden":false,"readonly":false,"hideFrame":false,"render":false},"label":{"custom":false,"useLocalizations":false},"size":{"field":"inherit","label":"inherit"},"layout":{"label":{"valign":"inherit","align":"inherit"},"field":{"valign":"inherit","align":"inherit"}},"datasource":{"loadRemote":false,"parameters":{}},"annotations":{},"field":{"lines":null,"input":{}}}}]}]}]}