{"formId":"form_root","name":"Form root","rmType":"FORM_DEFINITION","viewConfig":{"label":{"custom":false,"value":"","useLocalizations":false,"localizationsList":{}},"size":{"field":"inherit","label":"inherit"},"layout":{"valign":"inherit","align":"inherit"},"tags":[]},"language":"","children":[{"name":"Trygg kirurgi forberedelse","localizedName":"Trygg kirurgi forberedelse","rmType":"EVALUATION","nodeId":"openEHR-EHR-EVALUATION.trygg_kirurgi_forberedelse.v1","min":"1","max":"1","aqlPath":"/content[openEHR-EHR-EVALUATION.trygg_kirurgi_forberedelse.v1]","children":[{"name":"Har pasienten bekreftet?","localizedName":"Har pasienten bekreftet?","rmType":"CLUSTER","nodeId":"at0043","min":"0","max":"1","aqlPath":"/content[openEHR-EHR-EVALUATION.trygg_kirurgi_forberedelse.v1]/data[at0001]/items[at0043]","children":[{"name":"Identitet","localizedName":"Identitet","rmType":"DV_BOOLEAN","nodeId":"at0040","min":0,"max":1,"aqlPath":"/content[openEHR-EHR-EVALUATION.trygg_kirurgi_forberedelse.v1]/data[at0001]/items[at0043]/items[at0040]/value","inputs":[{"type":"BOOLEAN"}],"formId":"pasientsikkerhetskampanjen_trygg_kirurgi/trygg_kirurgi_forberedelse/har_pasienten_bekreftet/identitet"},{"name":"Operasjonsfelt","localizedName":"Operasjonsfelt","rmType":"DV_BOOLEAN","nodeId":"at0042","min":0,"max":1,"aqlPath":"/content[openEHR-EHR-EVALUATION.trygg_kirurgi_forberedelse.v1]/data[at0001]/items[at0043]/items[at0042]/value","inputs":[{"type":"BOOLEAN"}],"formId":"pasientsikkerhetskampanjen_trygg_kirurgi/trygg_kirurgi_forberedelse/har_pasienten_bekreftet/operasjonsfelt"},{"name":"Type inngrep","localizedName":"Type inngrep","rmType":"DV_BOOLEAN","nodeId":"at0041","min":0,"max":1,"aqlPath":"/content[openEHR-EHR-EVALUATION.trygg_kirurgi_forberedelse.v1]/data[at0001]/items[at0043]/items[at0041]/value","inputs":[{"type":"BOOLEAN"}],"formId":"pasientsikkerhetskampanjen_trygg_kirurgi/trygg_kirurgi_forberedelse/har_pasienten_bekreftet/type_inngrep"}],"formId":"pasientsikkerhetskampanjen_trygg_kirurgi/trygg_kirurgi_forberedelse/har_pasienten_bekreftet","viewConfig":{"advanced":{"hidden":false,"readonly":false},"size":{"field":"inherit","label":"inherit"},"layout":{"label":{"valign":"inherit","align":"left"},"field":{"valign":"inherit","align":"inherit"}},"tags":[]}},{"name":"Er operasjonsfelt merket?","localizedName":"Er operasjonsfelt merket?","rmType":"CLUSTER","nodeId":"at0044","min":"0","max":"1","aqlPath":"/content[openEHR-EHR-EVALUATION.trygg_kirurgi_forberedelse.v1]/data[at0001]/items[at0044]","children":[{"name":"Ja","localizedName":"Ja","rmType":"DV_BOOLEAN","nodeId":"at0046","min":0,"max":1,"aqlPath":"/content[openEHR-EHR-EVALUATION.trygg_kirurgi_forberedelse.v1]/data[at0001]/items[at0044]/items[at0046]/value","inputs":[{"type":"BOOLEAN"}],"formId":"pasientsikkerhetskampanjen_trygg_kirurgi/trygg_kirurgi_forberedelse/er_operasjonsfelt_merket/ja"},{"name":"Ikke aktuelt","localizedName":"Ikke aktuelt","rmType":"DV_BOOLEAN","nodeId":"at0045","min":0,"max":1,"aqlPath":"/content[openEHR-EHR-EVALUATION.trygg_kirurgi_forberedelse.v1]/data[at0001]/items[at0044]/items[at0045]/value","inputs":[{"type":"BOOLEAN"}],"formId":"pasientsikkerhetskampanjen_trygg_kirurgi/trygg_kirurgi_forberedelse/er_operasjonsfelt_merket/ikke_aktuelt"}],"formId":"pasientsikkerhetskampanjen_trygg_kirurgi/trygg_kirurgi_forberedelse/er_operasjonsfelt_merket","viewConfig":{"advanced":{"hidden":false,"readonly":false},"size":{"field":"inherit","label":"inherit"},"layout":{"label":{"valign":"inherit","align":"inherit"},"field":{"valign":"inherit","align":"inherit"}},"tags":[]}},{"name":"Er anestesisjekk utført og medikamenter kontrollert?","localizedName":"Er anestesisjekk utført og medikamenter kontrollert?","rmType":"CLUSTER","nodeId":"at0047","min":0,"max":1,"aqlPath":"/content[openEHR-EHR-EVALUATION.trygg_kirurgi_forberedelse.v1]/data[at0001]/items[at0047]","children":[{"name":"Ja","localizedName":"Ja","rmType":"DV_BOOLEAN","nodeId":"at0064","min":0,"max":1,"aqlPath":"/content[openEHR-EHR-EVALUATION.trygg_kirurgi_forberedelse.v1]/data[at0001]/items[at0047]/items[at0064]/value","inputs":[{"type":"BOOLEAN"}],"formId":"pasientsikkerhetskampanjen_trygg_kirurgi/trygg_kirurgi_forberedelse/er_anestesisjekk_utført_og_medikamenter_kontrollert/ja"}],"formId":"pasientsikkerhetskampanjen_trygg_kirurgi/trygg_kirurgi_forberedelse/er_anestesisjekk_utført_og_medikamenter_kontrollert"},{"name":"Har pasienten:","localizedName":"Har pasienten:","rmType":"CLUSTER","nodeId":"at0048","min":0,"max":1,"aqlPath":"/content[openEHR-EHR-EVALUATION.trygg_kirurgi_forberedelse.v1]/data[at0001]/items[at0048]","children":[{"name":"Kjent allergi","localizedName":"Kjent allergi","rmType":"CLUSTER","nodeId":"at0052","min":0,"max":1,"aqlPath":"/content[openEHR-EHR-EVALUATION.trygg_kirurgi_forberedelse.v1]/data[at0001]/items[at0048]/items[at0052]","children":[{"name":"Ja","localizedName":"Ja","rmType":"DV_BOOLEAN","nodeId":"at0063","min":0,"max":1,"aqlPath":"/content[openEHR-EHR-EVALUATION.trygg_kirurgi_forberedelse.v1]/data[at0001]/items[at0048]/items[at0052]/items[at0063]/value","inputs":[{"type":"BOOLEAN"}],"formId":"pasientsikkerhetskampanjen_trygg_kirurgi/trygg_kirurgi_forberedelse/har_pasienten/kjent_allergi/ja"},{"name":"Nei","localizedName":"Nei","rmType":"DV_BOOLEAN","nodeId":"at0062","min":0,"max":1,"aqlPath":"/content[openEHR-EHR-EVALUATION.trygg_kirurgi_forberedelse.v1]/data[at0001]/items[at0048]/items[at0052]/items[at0062]/value","inputs":[{"type":"BOOLEAN"}],"formId":"pasientsikkerhetskampanjen_trygg_kirurgi/trygg_kirurgi_forberedelse/har_pasienten/kjent_allergi/nei"}],"formId":"pasientsikkerhetskampanjen_trygg_kirurgi/trygg_kirurgi_forberedelse/har_pasienten/kjent_allergi"},{"name":"Vanskelig luftvei / risiko for aspirasjon?","localizedName":"Vanskelig luftvei / risiko for aspirasjon?","rmType":"CLUSTER","nodeId":"at0051","min":0,"max":1,"aqlPath":"/content[openEHR-EHR-EVALUATION.trygg_kirurgi_forberedelse.v1]/data[at0001]/items[at0048]/items[at0051]","children":[{"name":"Ja, og utstyr / assistanse er tilgjengelig","localizedName":"Ja, og utstyr / assistanse er tilgjengelig","rmType":"DV_BOOLEAN","nodeId":"at0061","min":0,"max":1,"aqlPath":"/content[openEHR-EHR-EVALUATION.trygg_kirurgi_forberedelse.v1]/data[at0001]/items[at0048]/items[at0051]/items[at0061]/value","inputs":[{"type":"BOOLEAN"}],"formId":"pasientsikkerhetskampanjen_trygg_kirurgi/trygg_kirurgi_forberedelse/har_pasienten/vanskelig_luftvei_risiko_for_aspirasjon/ja_og_utstyr_assistanse_er_tilgjengelig"},{"name":"Nei","localizedName":"Nei","rmType":"DV_BOOLEAN","nodeId":"at0060","min":0,"max":1,"aqlPath":"/content[openEHR-EHR-EVALUATION.trygg_kirurgi_forberedelse.v1]/data[at0001]/items[at0048]/items[at0051]/items[at0060]/value","inputs":[{"type":"BOOLEAN"}],"formId":"pasientsikkerhetskampanjen_trygg_kirurgi/trygg_kirurgi_forberedelse/har_pasienten/vanskelig_luftvei_risiko_for_aspirasjon/nei"}],"formId":"pasientsikkerhetskampanjen_trygg_kirurgi/trygg_kirurgi_forberedelse/har_pasienten/vanskelig_luftvei_risiko_for_aspirasjon"},{"name":"Risiko for >500 ml blodtap? (>7 ml / kg hos barn)","localizedName":"Risiko for >500 ml blodtap? (>7 ml / kg hos barn)","rmType":"CLUSTER","nodeId":"at0050","min":0,"max":1,"aqlPath":"/content[openEHR-EHR-EVALUATION.trygg_kirurgi_forberedelse.v1]/data[at0001]/items[at0048]/items[at0050]","children":[{"name":"Ja, og adekvat intravenøs tilgang og væske er tilgjengelig","localizedName":"Ja, og adekvat intravenøs tilgang og væske er tilgjengelig","rmType":"DV_BOOLEAN","nodeId":"at0059","min":0,"max":1,"aqlPath":"/content[openEHR-EHR-EVALUATION.trygg_kirurgi_forberedelse.v1]/data[at0001]/items[at0048]/items[at0050]/items[at0059]/value","inputs":[{"type":"BOOLEAN"}],"formId":"pasientsikkerhetskampanjen_trygg_kirurgi/trygg_kirurgi_forberedelse/har_pasienten/risiko_for_500_ml_blodtap_7_ml_kg_hos_barn/ja_og_adekvat_intravenøs_tilgang_og_væske_er_tilgjengelig"},{"name":"Nei","localizedName":"Nei","rmType":"DV_BOOLEAN","nodeId":"at0058","min":0,"max":1,"aqlPath":"/content[openEHR-EHR-EVALUATION.trygg_kirurgi_forberedelse.v1]/data[at0001]/items[at0048]/items[at0050]/items[at0058]/value","inputs":[{"type":"BOOLEAN"}],"formId":"pasientsikkerhetskampanjen_trygg_kirurgi/trygg_kirurgi_forberedelse/har_pasienten/risiko_for_500_ml_blodtap_7_ml_kg_hos_barn/nei"}],"formId":"pasientsikkerhetskampanjen_trygg_kirurgi/trygg_kirurgi_forberedelse/har_pasienten/risiko_for_500_ml_blodtap_7_ml_kg_hos_barn"},{"name":"Risiko for  hypotermi?","localizedName":"Risiko for  hypotermi?","rmType":"CLUSTER","nodeId":"at0049","min":0,"max":1,"aqlPath":"/content[openEHR-EHR-EVALUATION.trygg_kirurgi_forberedelse.v1]/data[at0001]/items[at0048]/items[at0049]","children":[{"name":"Ja, og tiltak er planlagt eller iverksatt","localizedName":"Ja, og tiltak er planlagt eller iverksatt","rmType":"DV_BOOLEAN","nodeId":"at0057","min":0,"max":1,"aqlPath":"/content[openEHR-EHR-EVALUATION.trygg_kirurgi_forberedelse.v1]/data[at0001]/items[at0048]/items[at0049]/items[at0057]/value","inputs":[{"type":"BOOLEAN"}],"formId":"pasientsikkerhetskampanjen_trygg_kirurgi/trygg_kirurgi_forberedelse/har_pasienten/risiko_for_hypotermi/ja_og_tiltak_er_planlagt_eller_iverksatt"},{"name":"Nei","localizedName":"Nei","rmType":"DV_BOOLEAN","nodeId":"at0056","min":0,"max":1,"aqlPath":"/content[openEHR-EHR-EVALUATION.trygg_kirurgi_forberedelse.v1]/data[at0001]/items[at0048]/items[at0049]/items[at0056]/value","inputs":[{"type":"BOOLEAN"}],"formId":"pasientsikkerhetskampanjen_trygg_kirurgi/trygg_kirurgi_forberedelse/har_pasienten/risiko_for_hypotermi/nei"}],"formId":"pasientsikkerhetskampanjen_trygg_kirurgi/trygg_kirurgi_forberedelse/har_pasienten/risiko_for_hypotermi"}],"formId":"pasientsikkerhetskampanjen_trygg_kirurgi/trygg_kirurgi_forberedelse/har_pasienten"},{"name":"Er nødvendig billedinformasjon tilgjengelig?","localizedName":"Er nødvendig billedinformasjon tilgjengelig?","rmType":"CLUSTER","nodeId":"at0053","min":0,"max":1,"aqlPath":"/content[openEHR-EHR-EVALUATION.trygg_kirurgi_forberedelse.v1]/data[at0001]/items[at0053]","children":[{"name":"Ja","localizedName":"Ja","rmType":"DV_BOOLEAN","nodeId":"at0054","min":0,"max":1,"aqlPath":"/content[openEHR-EHR-EVALUATION.trygg_kirurgi_forberedelse.v1]/data[at0001]/items[at0053]/items[at0054]/value","inputs":[{"type":"BOOLEAN"}],"formId":"pasientsikkerhetskampanjen_trygg_kirurgi/trygg_kirurgi_forberedelse/er_nødvendig_billedinformasjon_tilgjengelig/ja"},{"name":"Ikke aktuelt","localizedName":"Ikke aktuelt","rmType":"DV_BOOLEAN","nodeId":"at0055","min":0,"max":1,"aqlPath":"/content[openEHR-EHR-EVALUATION.trygg_kirurgi_forberedelse.v1]/data[at0001]/items[at0053]/items[at0055]/value","inputs":[{"type":"BOOLEAN"}],"formId":"pasientsikkerhetskampanjen_trygg_kirurgi/trygg_kirurgi_forberedelse/er_nødvendig_billedinformasjon_tilgjengelig/ikke_aktuelt"}],"formId":"pasientsikkerhetskampanjen_trygg_kirurgi/trygg_kirurgi_forberedelse/er_nødvendig_billedinformasjon_tilgjengelig"}],"formId":"pasientsikkerhetskampanjen_trygg_kirurgi/trygg_kirurgi_forberedelse","viewConfig":{"advanced":{"hidden":false,"readonly":false},"size":{"field":"inherit","label":"inherit"},"layout":{"label":{"valign":"top","align":"left"},"field":{"valign":"inherit","align":"inherit"}},"tags":[],"annotations":{"ShowAsWizard":"edit"}}},{"name":"Trygg kirurgi time out","localizedName":"Trygg kirurgi time out","rmType":"EVALUATION","nodeId":"openEHR-EHR-EVALUATION.trygg_kirurgi_time_out.v1","min":"1","max":"1","aqlPath":"/content[openEHR-EHR-EVALUATION.trygg_kirurgi_time_out.v1]","children":[{"name":"Er alle i teamet presentert for hverandre med navn og funksjon?","localizedName":"Er alle i teamet presentert for hverandre med navn og funksjon?","rmType":"CLUSTER","nodeId":"at0002","min":0,"max":1,"aqlPath":"/content[openEHR-EHR-EVALUATION.trygg_kirurgi_time_out.v1]/data[at0001]/items[at0002]","children":[{"name":"Ja","localizedName":"Ja","rmType":"DV_BOOLEAN","nodeId":"at0010","min":0,"max":1,"aqlPath":"/content[openEHR-EHR-EVALUATION.trygg_kirurgi_time_out.v1]/data[at0001]/items[at0002]/items[at0010]/value","inputs":[{"type":"BOOLEAN"}],"formId":"pasientsikkerhetskampanjen_trygg_kirurgi/trygg_kirurgi_time_out/er_alle_i_teamet_presentert_for_hverandre_med_navn_og_funksjon/ja"}],"formId":"pasientsikkerhetskampanjen_trygg_kirurgi/trygg_kirurgi_time_out/er_alle_i_teamet_presentert_for_hverandre_med_navn_og_funksjon"},{"name":"Kirurg, operasjonssykepleier, anestesilege og anestesisykepleier bekrefter muntlig:","localizedName":"Kirurg, operasjonssykepleier, anestesilege og anestesisykepleier bekrefter muntlig:","rmType":"CLUSTER","nodeId":"at0003","min":0,"max":1,"aqlPath":"/content[openEHR-EHR-EVALUATION.trygg_kirurgi_time_out.v1]/data[at0001]/items[at0003]","children":[{"name":"Hva er pasientens navn?","localizedName":"Hva er pasientens navn?","rmType":"DV_BOOLEAN","nodeId":"at0013","min":0,"max":1,"aqlPath":"/content[openEHR-EHR-EVALUATION.trygg_kirurgi_time_out.v1]/data[at0001]/items[at0003]/items[at0013]/value","inputs":[{"type":"BOOLEAN"}],"formId":"pasientsikkerhetskampanjen_trygg_kirurgi/trygg_kirurgi_time_out/kirurg_operasjonssykepleier_anestesilege_og_anestesisykepleier_bekrefter_muntlig/hva_er_pasientens_navn"},{"name":"Hva er planlagt prosedyre, operasjonsfelt og  -side?","localizedName":"Hva er planlagt prosedyre, operasjonsfelt og  -side?","rmType":"DV_BOOLEAN","nodeId":"at0012","min":0,"max":1,"aqlPath":"/content[openEHR-EHR-EVALUATION.trygg_kirurgi_time_out.v1]/data[at0001]/items[at0003]/items[at0012]/value","inputs":[{"type":"BOOLEAN"}],"formId":"pasientsikkerhetskampanjen_trygg_kirurgi/trygg_kirurgi_time_out/kirurg_operasjonssykepleier_anestesilege_og_anestesisykepleier_bekrefter_muntlig/hva_er_planlagt_prosedyre_operasjonsfelt_og_-side"},{"name":"Er pasienten i rett leie?","localizedName":"Er pasienten i rett leie?","rmType":"DV_BOOLEAN","nodeId":"at0011","min":0,"max":1,"aqlPath":"/content[openEHR-EHR-EVALUATION.trygg_kirurgi_time_out.v1]/data[at0001]/items[at0003]/items[at0011]/value","inputs":[{"type":"BOOLEAN"}],"formId":"pasientsikkerhetskampanjen_trygg_kirurgi/trygg_kirurgi_time_out/kirurg_operasjonssykepleier_anestesilege_og_anestesisykepleier_bekrefter_muntlig/er_pasienten_i_rett_leie"}],"formId":"pasientsikkerhetskampanjen_trygg_kirurgi/trygg_kirurgi_time_out/kirurg_operasjonssykepleier_anestesilege_og_anestesisykepleier_bekrefter_muntlig"},{"name":"Gjennomgang av potensielt risikofylte hendelser","localizedName":"Gjennomgang av potensielt risikofylte hendelser","rmType":"CLUSTER","nodeId":"at0004","min":0,"max":1,"aqlPath":"/content[openEHR-EHR-EVALUATION.trygg_kirurgi_time_out.v1]/data[at0001]/items[at0004]","children":[{"name":"Kirurg:","localizedName":"Kirurg:","rmType":"CLUSTER","nodeId":"at0009","min":0,"max":1,"aqlPath":"/content[openEHR-EHR-EVALUATION.trygg_kirurgi_time_out.v1]/data[at0001]/items[at0004]/items[at0009]","children":[{"name":"Hva er forventet blodtap?","localizedName":"Hva er forventet blodtap?","rmType":"DV_BOOLEAN","nodeId":"at0017","min":0,"max":1,"aqlPath":"/content[openEHR-EHR-EVALUATION.trygg_kirurgi_time_out.v1]/data[at0001]/items[at0004]/items[at0009]/items[at0017]/value","inputs":[{"type":"BOOLEAN"}],"formId":"pasientsikkerhetskampanjen_trygg_kirurgi/trygg_kirurgi_time_out/gjennomgang_av_potensielt_risikofylte_hendelser/kirurg/hva_er_forventet_blodtap"},{"name":"Er det noen risikofaktorer teamet bør kjenne til?","localizedName":"Er det noen risikofaktorer teamet bør kjenne til?","rmType":"DV_BOOLEAN","nodeId":"at0016","min":0,"max":1,"aqlPath":"/content[openEHR-EHR-EVALUATION.trygg_kirurgi_time_out.v1]/data[at0001]/items[at0004]/items[at0009]/items[at0016]/value","inputs":[{"type":"BOOLEAN"}],"formId":"pasientsikkerhetskampanjen_trygg_kirurgi/trygg_kirurgi_time_out/gjennomgang_av_potensielt_risikofylte_hendelser/kirurg/er_det_noen_risikofaktorer_teamet_bør_kjenne_til"},{"name":"Er det behov for spesielt utstyr eller ekstra undersøkelser?","localizedName":"Er det behov for spesielt utstyr eller ekstra undersøkelser?","rmType":"DV_BOOLEAN","nodeId":"at0015","min":0,"max":1,"aqlPath":"/content[openEHR-EHR-EVALUATION.trygg_kirurgi_time_out.v1]/data[at0001]/items[at0004]/items[at0009]/items[at0015]/value","inputs":[{"type":"BOOLEAN"}],"formId":"pasientsikkerhetskampanjen_trygg_kirurgi/trygg_kirurgi_time_out/gjennomgang_av_potensielt_risikofylte_hendelser/kirurg/er_det_behov_for_spesielt_utstyr_eller_ekstra_undersøkelser"},{"name":"Hva er forventet varighet av operasjonen?","localizedName":"Hva er forventet varighet av operasjonen?","rmType":"DV_BOOLEAN","nodeId":"at0014","min":0,"max":1,"aqlPath":"/content[openEHR-EHR-EVALUATION.trygg_kirurgi_time_out.v1]/data[at0001]/items[at0004]/items[at0009]/items[at0014]/value","inputs":[{"type":"BOOLEAN"}],"formId":"pasientsikkerhetskampanjen_trygg_kirurgi/trygg_kirurgi_time_out/gjennomgang_av_potensielt_risikofylte_hendelser/kirurg/hva_er_forventet_varighet_av_operasjonen"}],"formId":"pasientsikkerhetskampanjen_trygg_kirurgi/trygg_kirurgi_time_out/gjennomgang_av_potensielt_risikofylte_hendelser/kirurg"},{"name":"Anestesilege og anestesisykepleier:","localizedName":"Anestesilege og anestesisykepleier:","rmType":"CLUSTER","nodeId":"at0008","min":0,"max":1,"aqlPath":"/content[openEHR-EHR-EVALUATION.trygg_kirurgi_time_out.v1]/data[at0001]/items[at0004]/items[at0008]","children":[{"name":"Hva er pasientens ASA-klassifikasjon?","localizedName":"Hva er pasientens ASA-klassifikasjon?","rmType":"DV_BOOLEAN","nodeId":"at0019","min":0,"max":1,"aqlPath":"/content[openEHR-EHR-EVALUATION.trygg_kirurgi_time_out.v1]/data[at0001]/items[at0004]/items[at0008]/items[at0019]/value","inputs":[{"type":"BOOLEAN"}],"formId":"pasientsikkerhetskampanjen_trygg_kirurgi/trygg_kirurgi_time_out/gjennomgang_av_potensielt_risikofylte_hendelser/anestesilege_og_anestesisykepleier/hva_er_pasientens_asa-klassifikasjon"},{"name":"er det særlige risikofaktorer ved anestesien som teamet bør kjenne til?","localizedName":"er det særlige risikofaktorer ved anestesien som teamet bør kjenne til?","rmType":"DV_BOOLEAN","nodeId":"at0018","min":0,"max":1,"aqlPath":"/content[openEHR-EHR-EVALUATION.trygg_kirurgi_time_out.v1]/data[at0001]/items[at0004]/items[at0008]/items[at0018]/value","inputs":[{"type":"BOOLEAN"}],"formId":"pasientsikkerhetskampanjen_trygg_kirurgi/trygg_kirurgi_time_out/gjennomgang_av_potensielt_risikofylte_hendelser/anestesilege_og_anestesisykepleier/er_det_særlige_risikofaktorer_ved_anestesien_som_teamet_bør_kjenne_til"}],"formId":"pasientsikkerhetskampanjen_trygg_kirurgi/trygg_kirurgi_time_out/gjennomgang_av_potensielt_risikofylte_hendelser/anestesilege_og_anestesisykepleier"},{"name":"Operasjonssykepleier:","localizedName":"Operasjonssykepleier:","rmType":"CLUSTER","nodeId":"at0007","min":0,"max":1,"aqlPath":"/content[openEHR-EHR-EVALUATION.trygg_kirurgi_time_out.v1]/data[at0001]/items[at0004]/items[at0007]","children":[{"name":"Er steriliteten på instrumentene bekreftet (inkludert indikatorer)?","localizedName":"Er steriliteten på instrumentene bekreftet (inkludert indikatorer)?","rmType":"DV_BOOLEAN","nodeId":"at0020","min":0,"max":1,"aqlPath":"/content[openEHR-EHR-EVALUATION.trygg_kirurgi_time_out.v1]/data[at0001]/items[at0004]/items[at0007]/items[at0020]/value","inputs":[{"type":"BOOLEAN"}],"formId":"pasientsikkerhetskampanjen_trygg_kirurgi/trygg_kirurgi_time_out/gjennomgang_av_potensielt_risikofylte_hendelser/operasjonssykepleier/er_steriliteten_på_instrumentene_bekreftet_inkludert_indikatorer"},{"name":"Er det utfordringer knyttet til bruken av utstyret?","localizedName":"Er det utfordringer knyttet til bruken av utstyret?","rmType":"DV_BOOLEAN","nodeId":"at0021","min":0,"max":1,"aqlPath":"/content[openEHR-EHR-EVALUATION.trygg_kirurgi_time_out.v1]/data[at0001]/items[at0004]/items[at0007]/items[at0021]/value","inputs":[{"type":"BOOLEAN"}],"formId":"pasientsikkerhetskampanjen_trygg_kirurgi/trygg_kirurgi_time_out/gjennomgang_av_potensielt_risikofylte_hendelser/operasjonssykepleier/er_det_utfordringer_knyttet_til_bruken_av_utstyret"}],"formId":"pasientsikkerhetskampanjen_trygg_kirurgi/trygg_kirurgi_time_out/gjennomgang_av_potensielt_risikofylte_hendelser/operasjonssykepleier"}],"formId":"pasientsikkerhetskampanjen_trygg_kirurgi/trygg_kirurgi_time_out/gjennomgang_av_potensielt_risikofylte_hendelser"},{"name":"Spesielle infeksjonsforebyggende tiltak","localizedName":"Spesielle infeksjonsforebyggende tiltak","rmType":"CLUSTER","nodeId":"at0005","min":0,"max":1,"aqlPath":"/content[openEHR-EHR-EVALUATION.trygg_kirurgi_time_out.v1]/data[at0001]/items[at0005]","children":[{"name":"Ikke aktuelt","localizedName":"Ikke aktuelt","rmType":"DV_BOOLEAN","nodeId":"at0028","min":0,"max":1,"aqlPath":"/content[openEHR-EHR-EVALUATION.trygg_kirurgi_time_out.v1]/data[at0001]/items[at0005]/items[at0028]/value","inputs":[{"type":"BOOLEAN"}],"formId":"pasientsikkerhetskampanjen_trygg_kirurgi/trygg_kirurgi_time_out/spesielle_infeksjonsforebyggende_tiltak/ikke_aktuelt"},{"name":"er antibiotikaprofylakse fullført i løpet av de siste 60 minuttene?","localizedName":"er antibiotikaprofylakse fullført i løpet av de siste 60 minuttene?","rmType":"DV_BOOLEAN","nodeId":"at0027","min":0,"max":1,"aqlPath":"/content[openEHR-EHR-EVALUATION.trygg_kirurgi_time_out.v1]/data[at0001]/items[at0005]/items[at0027]/value","inputs":[{"type":"BOOLEAN"}],"formId":"pasientsikkerhetskampanjen_trygg_kirurgi/trygg_kirurgi_time_out/spesielle_infeksjonsforebyggende_tiltak/er_antibiotikaprofylakse_fullført_i_løpet_av_de_siste_60_minuttene"},{"name":"Er tiltak for å forebygge hypotermi iverksatt?","localizedName":"Er tiltak for å forebygge hypotermi iverksatt?","rmType":"DV_BOOLEAN","nodeId":"at0026","min":0,"max":1,"aqlPath":"/content[openEHR-EHR-EVALUATION.trygg_kirurgi_time_out.v1]/data[at0001]/items[at0005]/items[at0026]/value","inputs":[{"type":"BOOLEAN"}],"formId":"pasientsikkerhetskampanjen_trygg_kirurgi/trygg_kirurgi_time_out/spesielle_infeksjonsforebyggende_tiltak/er_tiltak_for_å_forebygge_hypotermi_iverksatt"},{"name":"For pasienter med diabetes: Er blodsukkeret innenfor normalområdet?","localizedName":"For pasienter med diabetes: Er blodsukkeret innenfor normalområdet?","rmType":"DV_BOOLEAN","nodeId":"at0025","min":0,"max":1,"aqlPath":"/content[openEHR-EHR-EVALUATION.trygg_kirurgi_time_out.v1]/data[at0001]/items[at0005]/items[at0025]/value","inputs":[{"type":"BOOLEAN"}],"formId":"pasientsikkerhetskampanjen_trygg_kirurgi/trygg_kirurgi_time_out/spesielle_infeksjonsforebyggende_tiltak/for_pasienter_med_diabetes_er_blodsukkeret_innenfor_normalområdet"}],"formId":"pasientsikkerhetskampanjen_trygg_kirurgi/trygg_kirurgi_time_out/spesielle_infeksjonsforebyggende_tiltak"},{"name":"Er tromboseprofylakse gitt?","localizedName":"Er tromboseprofylakse gitt?","rmType":"CLUSTER","nodeId":"at0006","min":0,"max":1,"aqlPath":"/content[openEHR-EHR-EVALUATION.trygg_kirurgi_time_out.v1]/data[at0001]/items[at0006]","children":[{"name":"Ikke aktuelt","localizedName":"Ikke aktuelt","rmType":"DV_BOOLEAN","nodeId":"at0024","min":0,"max":1,"aqlPath":"/content[openEHR-EHR-EVALUATION.trygg_kirurgi_time_out.v1]/data[at0001]/items[at0006]/items[at0024]/value","inputs":[{"type":"BOOLEAN"}],"formId":"pasientsikkerhetskampanjen_trygg_kirurgi/trygg_kirurgi_time_out/er_tromboseprofylakse_gitt/ikke_aktuelt"},{"name":"Ja","localizedName":"Ja","rmType":"DV_BOOLEAN","nodeId":"at0023","min":0,"max":1,"aqlPath":"/content[openEHR-EHR-EVALUATION.trygg_kirurgi_time_out.v1]/data[at0001]/items[at0006]/items[at0023]/value","inputs":[{"type":"BOOLEAN"}],"formId":"pasientsikkerhetskampanjen_trygg_kirurgi/trygg_kirurgi_time_out/er_tromboseprofylakse_gitt/ja"},{"name":"Nei","localizedName":"Nei","rmType":"DV_BOOLEAN","nodeId":"at0022","min":0,"max":1,"aqlPath":"/content[openEHR-EHR-EVALUATION.trygg_kirurgi_time_out.v1]/data[at0001]/items[at0006]/items[at0022]/value","inputs":[{"type":"BOOLEAN"}],"formId":"pasientsikkerhetskampanjen_trygg_kirurgi/trygg_kirurgi_time_out/er_tromboseprofylakse_gitt/nei"},{"name":"Hvorfor:","localizedName":"Hvorfor:","rmType":"DV_TEXT","nodeId":"at0029","min":"0","max":"1","aqlPath":"/content[openEHR-EHR-EVALUATION.trygg_kirurgi_time_out.v1]/data[at0001]/items[at0006]/items[at0029]/value","inputs":[{"type":"TEXT"}],"formId":"pasientsikkerhetskampanjen_trygg_kirurgi/trygg_kirurgi_time_out/er_tromboseprofylakse_gitt/hvorfor","viewConfig":{"advanced":{"hidden":false,"readonly":false},"size":{"field":"large","label":"inherit"},"layout":{"label":{"valign":"inherit","align":"inherit"},"field":{"valign":"inherit","align":"inherit"}},"tags":[],"datasource":{"loadRemote":false,"loadRemoteUrl":""},"field":{"input":{"presentation":"textarea","lines":"3"}}}}],"formId":"pasientsikkerhetskampanjen_trygg_kirurgi/trygg_kirurgi_time_out/er_tromboseprofylakse_gitt"}],"formId":"pasientsikkerhetskampanjen_trygg_kirurgi/trygg_kirurgi_time_out","viewConfig":{"advanced":{"hidden":false,"readonly":false},"size":{"field":"inherit","label":"inherit"},"layout":{"label":{"valign":"inherit","align":"left"},"field":{"valign":"inherit","align":"inherit"}},"tags":[]}},{"name":"Trygg kirurgi avslutning","localizedName":"Trygg kirurgi avslutning","rmType":"EVALUATION","nodeId":"openEHR-EHR-EVALUATION.trygg_kirurgi_avslutning.v1","min":"1","max":"1","aqlPath":"/content[openEHR-EHR-EVALUATION.trygg_kirurgi_avslutning.v1]","children":[{"name":"Teamet gjennomgår muntlig:","localizedName":"Teamet gjennomgår muntlig:","rmType":"CLUSTER","nodeId":"at0002","min":0,"max":1,"aqlPath":"/content[openEHR-EHR-EVALUATION.trygg_kirurgi_avslutning.v1]/data[at0001]/items[at0002]","children":[{"name":"Hvilke inngrep er gjennomført?","localizedName":"Hvilke inngrep er gjennomført?","rmType":"DV_BOOLEAN","nodeId":"at0007","min":0,"max":1,"aqlPath":"/content[openEHR-EHR-EVALUATION.trygg_kirurgi_avslutning.v1]/data[at0001]/items[at0002]/items[at0007]/value","inputs":[{"type":"BOOLEAN"}],"formId":"pasientsikkerhetskampanjen_trygg_kirurgi/trygg_kirurgi_avslutning/teamet_gjennomgår_muntlig/hvilke_inngrep_er_gjennomført"},{"name":"Stemmer antall instrumenter, kompresser/duker, nåler og utstyr forøvrig (eller ikke aktuelt)?","localizedName":"Stemmer antall instrumenter, kompresser/duker, nåler og utstyr forøvrig (eller ikke aktuelt)?","rmType":"DV_BOOLEAN","nodeId":"at0006","min":0,"max":1,"aqlPath":"/content[openEHR-EHR-EVALUATION.trygg_kirurgi_avslutning.v1]/data[at0001]/items[at0002]/items[at0006]/value","inputs":[{"type":"BOOLEAN"}],"formId":"pasientsikkerhetskampanjen_trygg_kirurgi/trygg_kirurgi_avslutning/teamet_gjennomgår_muntlig/stemmer_antall_instrumenter_kompresser_duker_nåler_og_utstyr_forøvrig_eller_ikke_aktuelt"},{"name":"Er prøvematerialet riktig merket (inklusive pasienten identitet) og lagt på riktig medium?","localizedName":"Er prøvematerialet riktig merket (inklusive pasienten identitet) og lagt på riktig medium?","rmType":"DV_BOOLEAN","nodeId":"at0005","min":0,"max":1,"aqlPath":"/content[openEHR-EHR-EVALUATION.trygg_kirurgi_avslutning.v1]/data[at0001]/items[at0002]/items[at0005]/value","inputs":[{"type":"BOOLEAN"}],"formId":"pasientsikkerhetskampanjen_trygg_kirurgi/trygg_kirurgi_avslutning/teamet_gjennomgår_muntlig/er_prøvematerialet_riktig_merket_inklusive_pasienten_identitet_og_lagt_på_riktig_medium"},{"name":"Har det vært problemer med utstyret som det skal varsles om?","localizedName":"Har det vært problemer med utstyret som det skal varsles om?","rmType":"DV_BOOLEAN","nodeId":"at0003","min":0,"max":1,"aqlPath":"/content[openEHR-EHR-EVALUATION.trygg_kirurgi_avslutning.v1]/data[at0001]/items[at0002]/items[at0003]/value","inputs":[{"type":"BOOLEAN"}],"formId":"pasientsikkerhetskampanjen_trygg_kirurgi/trygg_kirurgi_avslutning/teamet_gjennomgår_muntlig/har_det_vært_problemer_med_utstyret_som_det_skal_varsles_om"},{"name":"Hva er viktig for postoperativ behandling av denne pasienten?","localizedName":"Hva er viktig for postoperativ behandling av denne pasienten?","rmType":"DV_BOOLEAN","nodeId":"at0004","min":0,"max":1,"aqlPath":"/content[openEHR-EHR-EVALUATION.trygg_kirurgi_avslutning.v1]/data[at0001]/items[at0002]/items[at0004]/value","inputs":[{"type":"BOOLEAN"}],"formId":"pasientsikkerhetskampanjen_trygg_kirurgi/trygg_kirurgi_avslutning/teamet_gjennomgår_muntlig/hva_er_viktig_for_postoperativ_behandling_av_denne_pasienten"}],"formId":"pasientsikkerhetskampanjen_trygg_kirurgi/trygg_kirurgi_avslutning/teamet_gjennomgår_muntlig"},{"name":"Lokale tillegg","localizedName":"Lokale tillegg","rmType":"DV_TEXT","nodeId":"at0009","min":"0","max":"1","aqlPath":"/content[openEHR-EHR-EVALUATION.trygg_kirurgi_avslutning.v1]/data[at0001]/items[at0009]/value","inputs":[{"type":"TEXT"}],"formId":"pasientsikkerhetskampanjen_trygg_kirurgi/trygg_kirurgi_avslutning/lokale_tillegg","viewConfig":{"advanced":{"hidden":true,"readonly":false},"size":{"field":"inherit","label":"inherit"},"layout":{"label":{"valign":"inherit","align":"inherit"},"field":{"valign":"inherit","align":"inherit"}},"tags":[],"datasource":{"loadRemote":false,"loadRemoteUrl":""},"field":{"input":{"presentation":"textarea","lines":"8"}}}}],"formId":"pasientsikkerhetskampanjen_trygg_kirurgi/trygg_kirurgi_avslutning","viewConfig":{"advanced":{"hidden":false,"readonly":false},"size":{"field":"inherit","label":"inherit"},"layout":{"label":{"valign":"inherit","align":"left"},"field":{"valign":"inherit","align":"inherit"}},"tags":[]}}]}