{"formId":"form_root","name":"Form root","rmType":"FORM_DEFINITION","viewConfig":{"label":{"custom":false,"value":"","useLocalizations":true,"localizationsList":{"nb":"Pakkeforløp slutt"}},"size":{"field":"inherit","label":"inherit","fill":"inherit"},"layout":{"label":{"valign":"inherit","align":"inherit"},"field":{"valign":"inherit","align":"inherit"}},"tags":[],"annotations":{"reuseComposition":"select c from composition c contains admin_entry e[openEHR-EHR-ADMIN_ENTRY.hv_pakkeforlop_slutt.v0] where c/archetype_details/template_id/value = 'hv pakkeforlop slutt' order by c/context/start_time/value desc fetch 1?scope=episodeofcare"}},"language":"nb","templateLanguages":["nb"],"children":[{"name":"Pakkeforløp slutt","localizedName":"Pakkeforløp slutt","rmType":"DV_CODED_TEXT","nodeId":"at0002","min":"0","max":"1","localizedNames":{"nb":"Pakkeforløp slutt"},"localizedDescriptions":{"nb":"Registrer pakkeforløp slutt"},"aqlPath":"/content[openEHR-EHR-ADMIN_ENTRY.hv_pakkeforlop_slutt.v0]/data[at0001]/items[at0002]/value","inputs":[{"suffix":"code","type":"CODED_TEXT","list":[{"value":"at0003","label":"Nytt PK","localizedLabels":{"nb":"Nytt PK"},"localizedDescriptions":{"nb":"Nytt pakkeforløp"}},{"value":"at0004","label":"Annen avd","localizedLabels":{"nb":"Annen avd"},"localizedDescriptions":{"nb":"Annen avdeling"}},{"value":"at0005","label":"Fastlege","localizedLabels":{"nb":"Fastlege"},"localizedDescriptions":{"nb":"Fastlege"}}]}],"formId":"hv_pakkeforlop_slutt/hv_pakkeforlop_slutt/pakkeforløp_slutt","viewConfig":{"size":{"field":"inherit","label":"inherit","fill":"inherit"},"layout":{"label":{"valign":"inherit","align":"top"},"field":{"valign":"inherit","align":"inherit"}},"datasource":{"loadRemote":false,"loadRemoteUrl":"","terminology":""},"advanced":{"hidden":false,"readonly":false},"tags":[],"field":{"code":{"presentation":"combobox","columns":"4"}}}}]}