{"name":"Form root","localizedNames":{},"localizedDescriptions":{},"rmType":"FORM_DEFINITION","min":0,"max":0,"formId":"form_root","viewConfig":{"label":{"custom":false,"useLocalizations":false},"size":{"field":"inherit","label":"inherit"},"layout":{"label":{"valign":"inherit","align":"inherit"},"field":{"valign":"inherit","align":"inherit"}},"annotations":{"#portor":"select\r\nc/uid as cid, a\r\nfrom\r\n   composition c[openEHR-EHR-COMPOSITION.encounter.v1]\r\ncontains\r\n   ADMIN_ENTRY a[openEHR-EHR-ADMIN_ENTRY.logistic_services_dips.v0]\r\nwhere\r\n   a/name/value = 'Status portørtjenester'\r\norder by c/context/start_time DESC fetch 1?scope=episodeofcare\r\n"}},"children":[{"name":"Status portørtjenester","localizedName":"Status portørtjenester","localizedNames":{"en":"*Status portørtjenester (en)","nb":"Status portørtjenester"},"localizedDescriptions":{"nb":"Brukes for å angi informasjon om logistikktjenester i forbindelse med utøvelse av helsehjelp.","en":"*Brukes for å angi informasjon om logistikktjenester i forbindelse med utøvelse av helsehjelp. (nb)"},"rmType":"ADMIN_ENTRY","nodeId":"openEHR-EHR-ADMIN_ENTRY.logistic_services_dips.v0","min":1,"max":1,"aqlPath":"/content[openEHR-EHR-ADMIN_ENTRY.logistic_services_dips.v0 and name/value='Status portørtjenester']","inputs":[],"formId":"klinisk_kontakt/status_portørtjenester@Status portørtjenester","viewConfig":{"multiplicity":{"min":1,"max":1},"advanced":{"hidden":false,"readonly":false,"hideFrame":false,"render":false},"label":{"custom":false,"useLocalizations":false},"size":{"field":"inherit","label":"-1"},"layout":{"label":{"valign":"inherit","align":"inherit"},"field":{"valign":"inherit","align":"inherit"}},"annotations":{"selectreadonly":"{#portor}"},"field":{},"tags":["HideLabel"]},"children":[{"name":"Portør","localizedName":"Portør","localizedNames":{"en":"*Portør (en)","nb":"Portør"},"localizedDescriptions":{"nb":"Angir type tjeneste. ","en":"*Angir type tjeneste.  (nb)"},"rmType":"DV_CODED_TEXT","nodeId":"at0002","min":0,"max":1,"aqlPath":"/content[openEHR-EHR-ADMIN_ENTRY.logistic_services_dips.v0 and name/value='Status portørtjenester']/data[at0001]/items[at0002 and name/value='Portør']/value","inputs":[{"suffix":"code","type":"CODED_TEXT","list":[{"value":"274273009","label":"portør (occupation)","ordinal":0,"localizedLabels":{"nb":"portør (occupation)","en":"*portør (occupation) (nb)"},"localizedDescriptions":{}}],"defaultValue":"274273009","listOpen":false}],"formId":"klinisk_kontakt/status_portørtjenester@Status portørtjenester/portør@Portør","viewConfig":{"multiplicity":{"min":0,"max":1},"advanced":{"hidden":true,"readonly":false,"hideFrame":false,"render":false},"label":{"custom":false,"useLocalizations":false},"size":{"field":"inherit","label":"inherit"},"layout":{"label":{"valign":"inherit","align":"inherit"},"field":{"valign":"inherit","align":"inherit"}},"annotations":{},"field":{"code":{"presentation":"combobox","columns":"1"}}}},{"name":"Beskrivelse","localizedName":"Beskrivelse portør","localizedNames":{"en":"*Beskrivelse (nb)","nb":"Beskrivelse portør"},"localizedDescriptions":{"nb":"Tekstlig beskrivelse av tjenesten","en":"*Tekstlig beskrivelse av tjenesten (nb)"},"rmType":"DV_TEXT","nodeId":"at0005","min":0,"max":1,"aqlPath":"/content[openEHR-EHR-ADMIN_ENTRY.logistic_services_dips.v0 and name/value='Status portørtjenester']/data[at0001]/items[at0005]/value","inputs":[{"type":"TEXT","list":[],"listOpen":false}],"formId":"klinisk_kontakt/status_portørtjenester@Status portørtjenester/beskrivelse","viewConfig":{"multiplicity":{"min":0,"max":1},"advanced":{"hidden":false,"readonly":false,"hideFrame":false,"render":false},"label":{"custom":false,"useLocalizations":false},"size":{"field":"inherit","label":"inherit"},"layout":{"label":{"valign":"inherit","align":"inherit"},"field":{"valign":"inherit","align":"inherit"}},"datasource":{"loadRemote":false,"parameters":{}},"annotations":{},"field":{"lines":null,"input":{}}}},{"name":"Status","localizedName":"Status","localizedNames":{"en":"*Status (nb)","nb":"Status"},"localizedDescriptions":{"nb":"Status på tjenester f.eks. bestilt, ringt etter osv.","en":"*Status på tjenester f.eks. bestilt, ringt etter osv. (nb)"},"rmType":"DV_TEXT","nodeId":"at0003","min":0,"max":1,"aqlPath":"/content[openEHR-EHR-ADMIN_ENTRY.logistic_services_dips.v0 and name/value='Status portørtjenester']/data[at0001]/items[at0003]/value","inputs":[{"type":"TEXT","list":[],"listOpen":false}],"formId":"klinisk_kontakt/status_portørtjenester@Status portørtjenester/status","viewConfig":{"multiplicity":{"min":0,"max":1},"advanced":{"hidden":false,"readonly":false,"hideFrame":false,"render":false},"label":{"custom":false,"useLocalizations":false},"size":{"field":"inherit","label":"inherit"},"layout":{"label":{"valign":"inherit","align":"inherit"},"field":{"valign":"inherit","align":"inherit"}},"datasource":{"loadRemote":false,"parameters":{}},"annotations":{"nullflavour":"271"},"field":{"lines":null,"input":{}}}}]}]}