{"name":"Form root","localizedNames":{},"localizedDescriptions":{},"rmType":"FORM_DEFINITION","min":0,"max":0,"formId":"form_root","viewConfig":{"label":{"custom":false,"useLocalizations":false},"size":{"field":"inherit","label":"inherit"},"layout":{"label":{"valign":"inherit","align":"top"},"field":{"valign":"inherit","align":"inherit"}},"annotations":{"reuseComposition":"Select c from composition c contains admin_entry o[openEHR-EHR-ADMIN_ENTRY.hv_tm_forlopsregistrering.v1] order by c/context/start_time/value desc fetch 1"}},"children":[{"name":"Hv tm forlopsregistrering","localizedName":"Hv tm forlopsregistrering","localizedNames":{"en":"*Hv tm forlopsregistrering (nb)","nb":"Hv tm forlopsregistrering"},"localizedDescriptions":{"nb":"unknown","en":"*unknown (nb)"},"rmType":"ADMIN_ENTRY","nodeId":"openEHR-EHR-ADMIN_ENTRY.hv_tm_forlopsregistrering_dips.v1","min":1,"max":1,"aqlPath":"/content[openEHR-EHR-ADMIN_ENTRY.hv_tm_forlopsregistrering_dips.v1]","inputs":[],"formId":"hv_tm_forlopsregistrering_dips/hv_tm_forlopsregistrering","viewConfig":{"multiplicity":{"min":1,"max":1},"advanced":{"hidden":false,"readonly":false,"hideFrame":false,"render":false},"label":{"custom":false,"useLocalizations":false},"size":{"field":"inherit","label":"-1"},"layout":{"label":{"valign":"inherit","align":"inherit"},"field":{"valign":"inherit","align":"inherit"}},"annotations":{},"field":{},"tags":["HideLabel"]},"children":[{"name":"Fieldset","localizedName":"Forløpsfase","localizedNames":{"en":"*Fieldset (en)","nb":"Forløpsfase"},"localizedDescriptions":{},"rmType":"GENERIC_FIELDSET","min":0,"max":1,"inputs":[],"formId":"generic-field-52568","viewConfig":{"multiplicity":{"min":0,"max":1},"advanced":{"hidden":false,"readonly":false,"hideFrame":false,"render":false},"label":{"custom":false,"useLocalizations":false},"size":{"field":"inherit","label":"inherit"},"layout":{"label":{"valign":"inherit","align":"inherit"},"field":{"valign":"inherit","align":"inherit"}},"annotations":{},"field":{"formId":null,"name":null}},"children":[{"name":"Fase","localizedName":"Fase","localizedNames":{"en":"*Fase (nb)","nb":"Fase"},"localizedDescriptions":{"nb":"*","en":"** (nb)"},"rmType":"DV_ORDINAL","nodeId":"at0003","min":0,"max":1,"aqlPath":"/content[openEHR-EHR-ADMIN_ENTRY.hv_tm_forlopsregistrering_dips.v1]/data[at0001]/items[at0003]/value","inputs":[{"type":"CODED_TEXT","list":[{"value":"at0004","label":"Fase 1","ordinal":1,"localizedLabels":{"nb":"Fase 1","en":"*Fase 1 (nb)"},"localizedDescriptions":{"nb":"*","en":"** (nb)"}},{"value":"at0005","label":"Fase 2","ordinal":2,"localizedLabels":{"nb":"Fase 2","en":"*Fase 2 (nb)"},"localizedDescriptions":{"nb":"*","en":"** (nb)"}},{"value":"at0022","label":"Fase 3","ordinal":3,"localizedLabels":{"nb":"Fase 3","en":"*Fase 3 (nb)"},"localizedDescriptions":{"nb":"*","en":"** (nb)"}},{"value":"at0023","label":"Fase 4","ordinal":4,"localizedLabels":{"nb":"Fase 4","en":"*Fase 4 (nb)"},"localizedDescriptions":{"nb":"*","en":"** (nb)"}}],"listOpen":false}],"formId":"hv_tm_forlopsregistrering_dips/hv_tm_forlopsregistrering/fase","viewConfig":{"multiplicity":{"min":0,"max":1},"advanced":{"hidden":false,"readonly":false,"hideFrame":false,"render":false},"label":{"custom":false,"useLocalizations":false},"size":{"field":"inherit","label":"-1"},"layout":{"label":{"valign":"inherit","align":"inherit"},"field":{"valign":"inherit","align":"inherit"}},"annotations":{},"field":{"presentation":"radios","columns":"1","input":{"presentation":"radios","columns":"1"}},"tags":["HideLabel"]}}]},{"name":"Spacer","localizedName":"","localizedNames":{"nb":""},"localizedDescriptions":{},"rmType":"GENERIC_SPACER","min":0,"max":1,"inputs":[],"formId":"generic-field-50643","viewConfig":{"annotations":{},"field":{"height":21,"input":{"height":21}}}},{"name":"Fieldset","localizedName":"Følgeprivilegium","localizedNames":{"en":"*Fieldset (en)","nb":"Følgeprivilegium"},"localizedDescriptions":{},"rmType":"GENERIC_FIELDSET","min":0,"max":1,"inputs":[],"formId":"generic-field-33002","viewConfig":{"multiplicity":{"min":0,"max":1},"advanced":{"hidden":false,"readonly":false,"hideFrame":false,"render":false},"label":{"custom":false,"useLocalizations":false},"size":{"field":"inherit","label":"inherit"},"layout":{"label":{"valign":"inherit","align":"inherit"},"field":{"valign":"inherit","align":"inherit"}},"annotations":{},"field":{"formId":null,"name":null}},"children":[{"name":"Følgeprivilegium","localizedName":"Følgeprivilegium","localizedNames":{"en":"*Følgeprivilegium (nb)","nb":"Følgeprivilegium"},"localizedDescriptions":{"nb":"*","en":"** (nb)"},"rmType":"DV_BOOLEAN","nodeId":"at0024","min":0,"max":1,"aqlPath":"/content[openEHR-EHR-ADMIN_ENTRY.hv_tm_forlopsregistrering_dips.v1]/data[at0001]/items[at0024]/value","inputs":[{"type":"BOOLEAN","listOpen":false}],"formId":"hv_tm_forlopsregistrering_dips/hv_tm_forlopsregistrering/følgeprivilegium","viewConfig":{"multiplicity":{"min":0,"max":1},"advanced":{"hidden":false,"readonly":false,"hideFrame":false,"render":false},"label":{"custom":false,"useLocalizations":false},"size":{"field":"inherit","label":"inherit"},"layout":{"label":{"valign":"inherit","align":"inherit"},"field":{"valign":"inherit","align":"inherit"}},"annotations":{},"field":{"input":{"threeState":true}},"tags":["ShowAsRadios"]}}]},{"name":"Siste PK-samtale","localizedName":"Siste PK-samtale","localizedNames":{"en":"*Siste PK-samtale (nb)","nb":"Siste PK-samtale"},"localizedDescriptions":{"nb":"*","en":"** (nb)"},"rmType":"DV_DATE_TIME","nodeId":"at0009","min":0,"max":1,"aqlPath":"/content[openEHR-EHR-ADMIN_ENTRY.hv_tm_forlopsregistrering_dips.v1]/data[at0001]/items[at0009]/value","inputs":[{"type":"DATETIME","listOpen":false}],"formId":"hv_tm_forlopsregistrering_dips/hv_tm_forlopsregistrering/siste_pk-samtale","viewConfig":{"multiplicity":{"min":0,"max":1},"advanced":{"hidden":false,"readonly":false,"hideFrame":false,"render":false},"label":{"custom":false,"useLocalizations":false},"size":{"field":"large","label":"inherit"},"layout":{"label":{"valign":"inherit","align":"inherit"},"field":{"valign":"inherit","align":"inherit"}},"annotations":{},"field":{"input":{"hideTime":false,"dateFormat":"","hideDate":false}},"tags":[]}},{"name":"rød t-skjorte","localizedName":"rød t-skjorte","localizedNames":{"en":"*rød t-skjorte (nb)","nb":"rød t-skjorte"},"localizedDescriptions":{"nb":"*","en":"** (nb)"},"rmType":"DV_DATE_TIME","nodeId":"at0011","min":0,"max":1,"aqlPath":"/content[openEHR-EHR-ADMIN_ENTRY.hv_tm_forlopsregistrering_dips.v1]/data[at0001]/items[at0011]/value","inputs":[{"type":"DATETIME","listOpen":false}],"formId":"hv_tm_forlopsregistrering_dips/hv_tm_forlopsregistrering/rød_t-skjorte","viewConfig":{"multiplicity":{"min":0,"max":1},"advanced":{"hidden":false,"readonly":false,"hideFrame":false,"render":false},"label":{"custom":false,"useLocalizations":false},"size":{"field":"large","label":"inherit"},"layout":{"label":{"valign":"inherit","align":"inherit"},"field":{"valign":"inherit","align":"inherit"}},"annotations":{},"field":{"input":{"hideTime":false,"dateFormat":"","hideDate":false}},"tags":[]}},{"name":"blå t-skjorte","localizedName":"blå t-skjorte","localizedNames":{"en":"*blå t-skjorte (nb)","nb":"blå t-skjorte"},"localizedDescriptions":{"nb":"*","en":"** (nb)"},"rmType":"DV_DATE_TIME","nodeId":"at0010","min":0,"max":1,"aqlPath":"/content[openEHR-EHR-ADMIN_ENTRY.hv_tm_forlopsregistrering_dips.v1]/data[at0001]/items[at0010]/value","inputs":[{"type":"DATETIME","listOpen":false}],"formId":"hv_tm_forlopsregistrering_dips/hv_tm_forlopsregistrering/blå_t-skjorte","viewConfig":{"multiplicity":{"min":0,"max":1},"advanced":{"hidden":false,"readonly":false,"hideFrame":false,"render":false},"label":{"custom":false,"useLocalizations":false},"size":{"field":"large","label":"inherit"},"layout":{"label":{"valign":"inherit","align":"inherit"},"field":{"valign":"inherit","align":"inherit"}},"annotations":{},"field":{"input":{"hideTime":false,"dateFormat":"","hideDate":false}},"tags":[]}},{"name":"Fieldset","localizedName":"Miljørapport","localizedNames":{"en":"*Fieldset (en)","nb":"Miljørapport"},"localizedDescriptions":{},"rmType":"GENERIC_FIELDSET","min":0,"max":1,"inputs":[],"formId":"generic-field-18835","viewConfig":{"multiplicity":{"min":0,"max":1},"advanced":{"hidden":false,"readonly":false,"hideFrame":false,"render":false},"label":{"custom":false,"useLocalizations":false},"size":{"field":"inherit","label":"inherit"},"layout":{"label":{"valign":"inherit","align":"inherit"},"field":{"valign":"inherit","align":"inherit"}},"annotations":{},"field":{"formId":null,"name":null}},"children":[{"name":"Miljørapport ferdig","localizedName":"Miljørapport ferdig","localizedNames":{"en":"*Miljørapport ferdig (nb)","nb":"Miljørapport ferdig"},"localizedDescriptions":{"nb":"*","en":"** (nb)"},"rmType":"DV_ORDINAL","nodeId":"at0012","min":0,"max":1,"aqlPath":"/content[openEHR-EHR-ADMIN_ENTRY.hv_tm_forlopsregistrering_dips.v1]/data[at0001]/items[at0012]/value","inputs":[{"type":"CODED_TEXT","list":[{"value":"at0013","label":"1","ordinal":1,"localizedLabels":{"nb":"1","en":"*1 (nb)"},"localizedDescriptions":{"nb":"*","en":"** (nb)"}},{"value":"at0014","label":"2","ordinal":2,"localizedLabels":{"nb":"2","en":"*2 (nb)"},"localizedDescriptions":{"nb":"*","en":"** (nb)"}},{"value":"at0015","label":"3","ordinal":3,"localizedLabels":{"nb":"3","en":"*3 (nb)"},"localizedDescriptions":{"nb":"*","en":"** (nb)"}},{"value":"at0016","label":"4","ordinal":4,"localizedLabels":{"nb":"4","en":"*4 (nb)"},"localizedDescriptions":{"nb":"*","en":"** (nb)"}},{"value":"at0017","label":"5","ordinal":5,"localizedLabels":{"nb":"5","en":"*5 (nb)"},"localizedDescriptions":{"nb":"*","en":"** (nb)"}},{"value":"at0018","label":"6","ordinal":6,"localizedLabels":{"nb":"6","en":"*6 (nb)"},"localizedDescriptions":{"nb":"*","en":"** (nb)"}}],"listOpen":false}],"formId":"hv_tm_forlopsregistrering_dips/hv_tm_forlopsregistrering/miljørapport_ferdig","viewConfig":{"multiplicity":{"min":0,"max":1},"advanced":{"hidden":false,"readonly":false,"hideFrame":false,"render":false},"label":{"custom":false,"useLocalizations":false},"size":{"field":"inherit","label":"inherit"},"layout":{"label":{"valign":"inherit","align":"inherit"},"field":{"valign":"inherit","align":"inherit"}},"annotations":{},"field":{"presentation":"radios","columns":"6","input":{"presentation":"radios","columns":"6"}}}},{"name":"Planlagt miljørapport","localizedName":"Planlagt miljørapport","localizedNames":{"en":"*Planlagt miljørapport (nb)","nb":"Planlagt miljørapport"},"localizedDescriptions":{"nb":"*","en":"** (nb)"},"rmType":"DV_DATE_TIME","nodeId":"at0019","min":0,"max":1,"aqlPath":"/content[openEHR-EHR-ADMIN_ENTRY.hv_tm_forlopsregistrering_dips.v1]/data[at0001]/items[at0019]/value","inputs":[{"type":"DATETIME","listOpen":false}],"formId":"hv_tm_forlopsregistrering_dips/hv_tm_forlopsregistrering/planlagt_miljørapport","viewConfig":{"multiplicity":{"min":0,"max":1},"advanced":{"hidden":false,"readonly":false,"hideFrame":false,"render":false},"label":{"custom":false,"useLocalizations":false},"size":{"field":"inherit","label":"inherit"},"layout":{"label":{"valign":"inherit","align":"inherit"},"field":{"valign":"inherit","align":"inherit"}},"annotations":{},"field":{"input":{"hideTime":false,"dateFormat":"","hideDate":false}}}},{"name":"Ferdigstilt miljørapport","localizedName":"Ferdigstilt miljørapport","localizedNames":{"en":"*Ferdigstilt miljørapport (nb)","nb":"Ferdigstilt miljørapport"},"localizedDescriptions":{"nb":"*","en":"** (nb)"},"rmType":"DV_DATE_TIME","nodeId":"at0020","min":0,"max":1,"aqlPath":"/content[openEHR-EHR-ADMIN_ENTRY.hv_tm_forlopsregistrering_dips.v1]/data[at0001]/items[at0020]/value","inputs":[{"type":"DATETIME","listOpen":false}],"formId":"hv_tm_forlopsregistrering_dips/hv_tm_forlopsregistrering/ferdigstilt_miljørapport","viewConfig":{"multiplicity":{"min":0,"max":1},"advanced":{"hidden":false,"readonly":false,"hideFrame":false,"render":false},"label":{"custom":false,"useLocalizations":false},"size":{"field":"inherit","label":"inherit"},"layout":{"label":{"valign":"inherit","align":"inherit"},"field":{"valign":"inherit","align":"inherit"}},"annotations":{},"field":{"input":{"hideTime":false,"dateFormat":"","hideDate":false}}}}]},{"name":"Merknad","localizedName":"Merknad","localizedNames":{"en":"*Merknad (nb)","nb":"Merknad"},"localizedDescriptions":{"nb":"*","en":"** (nb)"},"rmType":"DV_TEXT","nodeId":"at0021","min":0,"max":1,"aqlPath":"/content[openEHR-EHR-ADMIN_ENTRY.hv_tm_forlopsregistrering_dips.v1]/data[at0001]/items[at0021]/value","inputs":[{"type":"TEXT","list":[],"listOpen":false}],"formId":"hv_tm_forlopsregistrering_dips/hv_tm_forlopsregistrering/merknad","viewConfig":{"multiplicity":{"min":0,"max":1},"advanced":{"hidden":false,"readonly":false,"hideFrame":false,"render":false},"label":{"custom":false,"useLocalizations":false},"size":{"field":"inherit","label":"inherit"},"layout":{"label":{"valign":"inherit","align":"inherit"},"field":{"valign":"inherit","align":"inherit"}},"datasource":{"loadRemote":false,"parameters":{}},"annotations":{},"field":{"lines":null,"input":{}}}}]}]}