[{"col":1,"row":1,"width":12,"height":53,"children":[{"id":"hv_tm_forlopsregistrering_dips/hv_tm_forlopsregistrering","rows":[{"cols":[{"width":"50%","children":[{"id":"generic-field-52568","rows":[{"cols":[{"width":"100%","children":[{"id":"hv_tm_forlopsregistrering_dips/hv_tm_forlopsregistrering/fase","rows":[]}]}]}]},{"id":"generic-field-50643","rows":[]}]},{"width":"50%","children":[{"id":"generic-field-33002","rows":[{"cols":[{"width":"100%","children":[{"id":"hv_tm_forlopsregistrering_dips/hv_tm_forlopsregistrering/følgeprivilegium","rows":[]}]}]}]}]}]},{"cols":[{"width":"50%","children":[{"id":"hv_tm_forlopsregistrering_dips/hv_tm_forlopsregistrering/siste_pk-samtale","rows":[]},{"id":"hv_tm_forlopsregistrering_dips/hv_tm_forlopsregistrering/rød_t-skjorte","rows":[]},{"id":"hv_tm_forlopsregistrering_dips/hv_tm_forlopsregistrering/blå_t-skjorte","rows":[]}]},{"width":"50%","children":[{"id":"generic-field-18835","rows":[{"cols":[{"width":"100%","children":[{"id":"hv_tm_forlopsregistrering_dips/hv_tm_forlopsregistrering/miljørapport_ferdig","rows":[]},{"id":"hv_tm_forlopsregistrering_dips/hv_tm_forlopsregistrering/planlagt_miljørapport","rows":[]},{"id":"hv_tm_forlopsregistrering_dips/hv_tm_forlopsregistrering/ferdigstilt_miljørapport","rows":[]}]}]}]}]}]},{"cols":[{"width":"100%","children":[{"id":"hv_tm_forlopsregistrering_dips/hv_tm_forlopsregistrering/merknad","rows":[]}]}]}]}]}]