[{"col":1,"row":1,"width":12,"height":16,"children":[{"id":"generic-field-66491","rows":[{"cols":[{"width":"100%","children":[]}]}]},{"id":"nems_score_og_mekanisk_ventilasjon/nems_score","rows":[{"cols":[{"width":"100%","children":[{"id":"nems_score_og_mekanisk_ventilasjon/nems_score/basal_monitorering"},{"id":"nems_score_og_mekanisk_ventilasjon/nems_score/intravenøs_medisinering"},{"id":"nems_score_og_mekanisk_ventilasjon/nems_score/respirasjon"},{"id":"nems_score_og_mekanisk_ventilasjon/nems_score/vasoaktiv_terapi"},{"id":"nems_score_og_mekanisk_ventilasjon/nems_score/dialyse"},{"id":"nems_score_og_mekanisk_ventilasjon/nems_score/spesiell_intervensjon_i_intensivavdeling"},{"id":"nems_score_og_mekanisk_ventilasjon/nems_score/spesiell_intervensjon_utenfor_intensivavdeling"},{"id":"nems_score_og_mekanisk_ventilasjon/nems_score/nems_score"},{"id":"nems_score_og_mekanisk_ventilasjon/nems_score/time"}]}]}]}]},{"col":1,"row":17,"width":12,"height":14,"children":[{"id":"nems_score_og_mekanisk_ventilasjon/mekanisk_ventilasjon","rows":[{"cols":[{"width":"100%","children":[{"id":"nems_score_og_mekanisk_ventilasjon/mekanisk_ventilasjon/tube_kontrollert"},{"id":"nems_score_og_mekanisk_ventilasjon/mekanisk_ventilasjon/tube_støttet"},{"id":"nems_score_og_mekanisk_ventilasjon/mekanisk_ventilasjon/cpap_niv"},{"id":"nems_score_og_mekanisk_ventilasjon/mekanisk_ventilasjon/hfov"},{"id":"nems_score_og_mekanisk_ventilasjon/mekanisk_ventilasjon/hfov_inh.gass"},{"id":"nems_score_og_mekanisk_ventilasjon/mekanisk_ventilasjon/respirator_inh.gass"},{"id":"nems_score_og_mekanisk_ventilasjon/mekanisk_ventilasjon/hf-cpap"}]}]}]}]}]