[{"col":1,"row":1,"width":12,"height":4,"children":[{"id":"generic-field-39368","rows":[{"cols":[{"width":"100%","children":[]}]}]}]},{"col":1,"row":5,"width":12,"height":14,"children":[{"id":"kontakt/us._av_penis","rows":[{"cols":[{"width":"100%","children":[{"id":"kontakt/us._av_penis/uspesifisert_hendelse/undersøkelsesstatus/status"},{"id":"kontakt/us._av_penis/uspesifisert_hendelse/undersøkelsesstatus/kommentar"},{"id":"kontakt/us._av_penis/uspesifisert_hendelse/vurdering_av_funn"},{"id":"kontakt/us._av_penis/uspesifisert_hendelse/beskrivelse"},{"id":"generic-field-84986","rows":[{"cols":[{"width":"100%","children":[{"id":"kontakt/us._av_penis/uspesifisert_hendelse/exam_urethra/mengde_av_utflod"},{"id":"kontakt/us._av_penis/uspesifisert_hendelse/exam_urethra/utseende_av_utflod"},{"id":"kontakt/us._av_penis/uspesifisert_hendelse/exam_skin/hudfunn","rows":[{"cols":[{"width":"100%","children":[{"id":"kontakt/us._av_penis/uspesifisert_hendelse/exam_skin/hudfunn/funn"},{"id":"kontakt/us._av_penis/uspesifisert_hendelse/exam_skin/hudfunn/grad"}]}]}]}]}]}]}]}]}]}]},{"col":1,"row":19,"width":12,"height":9,"children":[{"id":"kontakt/us._av_scrotum","rows":[{"cols":[{"width":"100%","children":[{"id":"kontakt/us._av_scrotum/uspesifisert_hendelse/undersøkelsesstatus/status"},{"id":"kontakt/us._av_scrotum/uspesifisert_hendelse/undersøkelsesstatus/kommentar"},{"id":"kontakt/us._av_scrotum/uspesifisert_hendelse/vurdering_av_funn"},{"id":"kontakt/us._av_scrotum/uspesifisert_hendelse/beskrivelse"}]}]}]}]},{"col":1,"row":28,"width":12,"height":16,"children":[{"id":"kontakt/us._av_anus","rows":[{"cols":[{"width":"100%","children":[{"id":"kontakt/us._av_anus/uspesifisert_hendelse/undersøkelsesstatus/status"},{"id":"kontakt/us._av_anus/uspesifisert_hendelse/undersøkelsesstatus/kommentar"},{"id":"kontakt/us._av_anus/uspesifisert_hendelse/vurdering_av_funn"},{"id":"kontakt/us._av_anus/uspesifisert_hendelse/beskrivelse"},{"id":"generic-field-39881","rows":[{"cols":[{"width":"100%","children":[{"id":"kontakt/us._av_anus/uspesifisert_hendelse/exam_anus/mengde_utflod"},{"id":"kontakt/us._av_anus/uspesifisert_hendelse/exam_anus/farge_på_utflod"},{"id":"kontakt/us._av_anus/uspesifisert_hendelse/exam_anus/hemorroider"},{"id":"kontakt/us._av_anus/uspesifisert_hendelse/exam_skin/hudfunn","rows":[{"cols":[{"width":"100%","children":[{"id":"kontakt/us._av_anus/uspesifisert_hendelse/exam_skin/hudfunn/funn"},{"id":"kontakt/us._av_anus/uspesifisert_hendelse/exam_skin/hudfunn/grad"}]}]}]}]}]}]}]}]}]}]},{"col":1,"row":44,"width":12,"height":7,"children":[{"id":"kontakt/rektaleksplorasjon","rows":[{"cols":[{"width":"100%","children":[{"id":"kontakt/rektaleksplorasjon/uspesifisert_hendelse/undersøkelsesstatus/status"},{"id":"kontakt/rektaleksplorasjon/uspesifisert_hendelse/undersøkelsesstatus/kommentar"},{"id":"kontakt/rektaleksplorasjon/uspesifisert_hendelse/vurdering_av_funn"},{"id":"kontakt/rektaleksplorasjon/uspesifisert_hendelse/beskrivelse"}]}]}]}]},{"col":1,"row":51,"width":12,"height":16,"children":[{"id":"kontakt/us._av_perianalområdet","rows":[{"cols":[{"width":"100%","children":[{"id":"kontakt/us._av_perianalområdet/uspesifisert_hendelse/undersøkelsesstatus/status"},{"id":"kontakt/us._av_perianalområdet/uspesifisert_hendelse/undersøkelsesstatus/kommentar"},{"id":"kontakt/us._av_perianalområdet/uspesifisert_hendelse/vurdering_av_funn"},{"id":"kontakt/us._av_perianalområdet/uspesifisert_hendelse/beskrivelse"},{"id":"generic-field-73589","rows":[{"cols":[{"width":"100%","children":[{"id":"kontakt/us._av_perianalområdet/uspesifisert_hendelse/exam_skin/hudfunn","rows":[{"cols":[{"width":"100%","children":[{"id":"kontakt/us._av_perianalområdet/uspesifisert_hendelse/exam_skin/hudfunn/funn"},{"id":"kontakt/us._av_perianalområdet/uspesifisert_hendelse/exam_skin/hudfunn/grad"}]}]}]}]}]}]}]}]}]}]},{"col":1,"row":67,"width":12,"height":14,"children":[{"id":"kontakt/us._av_vagina","rows":[{"cols":[{"width":"100%","children":[{"id":"kontakt/us._av_vagina/uspesifisert_hendelse/undersøkelsesstatus/status"},{"id":"kontakt/us._av_vagina/uspesifisert_hendelse/undersøkelsesstatus/kommentar"},{"id":"kontakt/us._av_vagina/uspesifisert_hendelse/vurdering_av_funn"},{"id":"kontakt/us._av_vagina/uspesifisert_hendelse/beskrivelse"},{"id":"generic-field-89106","rows":[{"cols":[{"width":"100%","children":[{"id":"kontakt/us._av_vagina/uspesifisert_hendelse/exam_vagina/mengde_av_utflod"},{"id":"kontakt/us._av_vagina/uspesifisert_hendelse/exam_vagina/farge_på_utflod"},{"id":"kontakt/us._av_vagina/uspesifisert_hendelse/exam_vagina/konsistens_av_utflod"},{"id":"kontakt/us._av_vagina/uspesifisert_hendelse/exam_vagina/slimhinne"},{"id":"kontakt/us._av_vagina/uspesifisert_hendelse/exam_vagina/smerte_ømhet"}]}]}]}]}]}]}]},{"col":1,"row":81,"width":12,"height":11,"children":[{"id":"kontakt/us._av_cervix","rows":[{"cols":[{"width":"100%","children":[{"id":"kontakt/us._av_cervix/uspesifisert_hendelse/undersøkelsesstatus/status"},{"id":"kontakt/us._av_cervix/uspesifisert_hendelse/undersøkelsesstatus/kommentar"},{"id":"kontakt/us._av_cervix/uspesifisert_hendelse/vurdering_av_funn"},{"id":"kontakt/us._av_cervix/uspesifisert_hendelse/beskrivelse"},{"id":"generic-field-10262","rows":[{"cols":[{"width":"100%","children":[{"id":"kontakt/us._av_cervix/uspesifisert_hendelse/exam_cervix/farge_på_utflod"},{"id":"kontakt/us._av_cervix/uspesifisert_hendelse/exam_cervix/polypper"},{"id":"kontakt/us._av_cervix/uspesifisert_hendelse/exam_cervix/funn_ved_portio"}]}]}]}]}]}]}]},{"col":1,"row":92,"width":12,"height":7,"children":[{"id":"kontakt/bimanuell_palpasjon","rows":[{"cols":[{"width":"100%","children":[{"id":"kontakt/bimanuell_palpasjon/uspesifisert_hendelse/undersøkelsesstatus/status"},{"id":"kontakt/bimanuell_palpasjon/uspesifisert_hendelse/undersøkelsesstatus/kommentar"},{"id":"kontakt/bimanuell_palpasjon/uspesifisert_hendelse/vurdering_av_funn"},{"id":"kontakt/bimanuell_palpasjon/uspesifisert_hendelse/beskrivelse"}]}]}]}]},{"col":1,"row":99,"width":12,"height":14,"children":[{"id":"kontakt/us._av_vulva","rows":[{"cols":[{"width":"100%","children":[{"id":"kontakt/us._av_vulva/uspesifisert_hendelse/undersøkelsesstatus/status"},{"id":"kontakt/us._av_vulva/uspesifisert_hendelse/undersøkelsesstatus/kommentar"},{"id":"kontakt/us._av_vulva/uspesifisert_hendelse/vurdering_av_funn"},{"id":"kontakt/us._av_vulva/uspesifisert_hendelse/beskrivelse"},{"id":"generic-field-97245","rows":[{"cols":[{"width":"100%","children":[{"id":"kontakt/us._av_vulva/uspesifisert_hendelse/exam_vulva/bartholinitt"},{"id":"kontakt/us._av_vulva/uspesifisert_hendelse/exam_skin/hudfunn","rows":[{"cols":[{"width":"100%","children":[{"id":"kontakt/us._av_vulva/uspesifisert_hendelse/exam_skin/hudfunn/funn"},{"id":"kontakt/us._av_vulva/uspesifisert_hendelse/exam_skin/hudfunn/grad"}]}]}]}]}]}]}]}]}]}]},{"col":1,"row":113,"width":12,"height":7,"children":[{"id":"kontakt/us._av_lepper_og_munnhule","rows":[{"cols":[{"width":"100%","children":[{"id":"kontakt/us._av_lepper_og_munnhule/uspesifisert_hendelse/undersøkelsesstatus/status"},{"id":"kontakt/us._av_lepper_og_munnhule/uspesifisert_hendelse/undersøkelsesstatus/kommentar"},{"id":"kontakt/us._av_lepper_og_munnhule/uspesifisert_hendelse/vurdering_av_funn"},{"id":"kontakt/us._av_lepper_og_munnhule/uspesifisert_hendelse/beskrivelse"}]}]}]}]},{"col":1,"row":120,"width":12,"height":7,"children":[{"id":"kontakt/us_av_øyne","rows":[{"cols":[{"width":"100%","children":[{"id":"kontakt/us_av_øyne/uspesifisert_hendelse/undersøkelsesstatus/status"},{"id":"kontakt/us_av_øyne/uspesifisert_hendelse/undersøkelsesstatus/kommentar"},{"id":"kontakt/us_av_øyne/uspesifisert_hendelse/vurdering_av_funn"},{"id":"kontakt/us_av_øyne/uspesifisert_hendelse/beskrivelse"}]}]}]}]},{"col":1,"row":127,"width":12,"height":7,"children":[{"id":"kontakt/us._av_pubis_inguinalt","rows":[{"cols":[{"width":"100%","children":[{"id":"kontakt/us._av_pubis_inguinalt/uspesifisert_hendelse/undersøkelsesstatus/status"},{"id":"kontakt/us._av_pubis_inguinalt/uspesifisert_hendelse/undersøkelsesstatus/kommentar"},{"id":"kontakt/us._av_pubis_inguinalt/uspesifisert_hendelse/vurdering_av_funn"},{"id":"kontakt/us._av_pubis_inguinalt/uspesifisert_hendelse/beskrivelse"}]}]}]}]},{"col":1,"row":134,"width":12,"height":7,"children":[{"id":"kontakt/us._av_nevro","rows":[{"cols":[{"width":"100%","children":[{"id":"kontakt/us._av_nevro/uspesifisert_hendelse/undersøkelsesstatus/status"},{"id":"kontakt/us._av_nevro/uspesifisert_hendelse/undersøkelsesstatus/kommentar"},{"id":"kontakt/us._av_nevro/uspesifisert_hendelse/vurdering_av_funn"},{"id":"kontakt/us._av_nevro/uspesifisert_hendelse/beskrivelse"}]}]}]}]},{"col":1,"row":141,"width":12,"height":7,"children":[{"id":"kontakt/us._av_hiv_pos.","rows":[{"cols":[{"width":"100%","children":[{"id":"kontakt/us._av_hiv_pos./uspesifisert_hendelse/undersøkelsesstatus/status"},{"id":"kontakt/us._av_hiv_pos./uspesifisert_hendelse/undersøkelsesstatus/kommentar"},{"id":"kontakt/us._av_hiv_pos./uspesifisert_hendelse/vurdering_av_funn"},{"id":"kontakt/us._av_hiv_pos./uspesifisert_hendelse/beskrivelse"}]}]}]}]},{"col":1,"row":148,"width":12,"height":7,"children":[{"id":"kontakt/us._av_ledd","rows":[{"cols":[{"width":"100%","children":[{"id":"kontakt/us._av_ledd/uspesifisert_hendelse/undersøkelsesstatus/status"},{"id":"kontakt/us._av_ledd/uspesifisert_hendelse/undersøkelsesstatus/kommentar"},{"id":"kontakt/us._av_ledd/uspesifisert_hendelse/vurdering_av_funn"},{"id":"kontakt/us._av_ledd/uspesifisert_hendelse/beskrivelse"}]}]}]}]},{"col":1,"row":155,"width":12,"height":7,"children":[{"id":"kontakt/us._av_hud","rows":[{"cols":[{"width":"100%","children":[{"id":"kontakt/us._av_hud/uspesifisert_hendelse/undersøkelsesstatus/status"},{"id":"kontakt/us._av_hud/uspesifisert_hendelse/undersøkelsesstatus/kommentar"},{"id":"kontakt/us._av_hud/uspesifisert_hendelse/vurdering_av_funn"},{"id":"kontakt/us._av_hud/uspesifisert_hendelse/beskrivelse"}]}]}]}]},{"col":1,"row":162,"width":12,"height":8,"children":[{"id":"kontakt/annen_us.","rows":[{"cols":[{"width":"100%","children":[{"id":"kontakt/annen_us./uspesifisert_hendelse/vurdering_av_funn"},{"id":"kontakt/annen_us./uspesifisert_hendelse/beskrivelse"}]}]}]}]},{"col":1,"row":170,"width":12,"height":16,"children":[{"id":"kontakt/blodtrykk","rows":[{"cols":[{"width":"50%","children":[{"id":"kontakt/blodtrykk/uspesifisert_hendelse/systolisk"}]},{"width":"50%","children":[]}]},{"cols":[{"width":"50%","children":[{"id":"kontakt/blodtrykk/uspesifisert_hendelse/diastolisk"}]},{"width":"50%","children":[]}]}]},{"id":"kontakt/puls_hjertefrekvens","rows":[{"cols":[{"width":"50%","children":[{"id":"kontakt/puls_hjertefrekvens/uspesifisert_hendelse/pulsfrekvens"}]},{"width":"50%","children":[]}]}]},{"id":"kontakt/høyde_lengde","rows":[{"cols":[{"width":"50%","children":[{"id":"kontakt/høyde_lengde/uspesifisert_hendelse/høyde_lengde"}]},{"width":"50%","children":[]}]}]},{"id":"kontakt/kroppsvekt","rows":[{"cols":[{"width":"50%","children":[{"id":"kontakt/kroppsvekt/uspesifisert_hendelse/kroppsvekt"}]},{"width":"50%","children":[]}]}]}]}]