[{"field":"personskadeskjema/skaderegistrering/aktivitet_ved_skade","conditions":[{"operator":"equals","value":{"value":"at0027"},"actions":[{"action":"show","target":"personskadeskjema/skaderegistrering/arbeidsgivers_bransje","value":{"value":""}}]},{"operator":"notequals","value":{"value":"at0027"},"actions":[{"action":"hide","target":"personskadeskjema/skaderegistrering/arbeidsgivers_bransje","value":{"value":""}},{"action":"clear","target":"personskadeskjema/skaderegistrering/arbeidsgivers_bransje","value":{"value":""}}]}]},{"field":"personskadeskjema/skaderegistrering/skadested","conditions":[{"operator":"equals","value":{"code":"at0073"},"actions":[{"action":"show","target":"personskadeskjema/skaderegistrering/fremkomstmiddel_vei","value":{"code":""}}]},{"operator":"notequals","value":{"code":"at0073"},"actions":[{"action":"hide","target":"personskadeskjema/skaderegistrering/fremkomstmiddel_vei","value":{"code":""}},{"action":"clear","target":"personskadeskjema/skaderegistrering/fremkomstmiddel_vei","value":{"code":""}}]},{"operator":"equals","value":{"code":"at0081"},"actions":[{"action":"show","target":"personskadeskjema/skaderegistrering/framkomstmiddel_utmark","value":{"value":""}}]},{"operator":"notequals","value":{"code":"at0081"},"actions":[{"action":"hide","target":"personskadeskjema/skaderegistrering/framkomstmiddel_utmark","value":{"value":""}},{"action":"clear","target":"personskadeskjema/skaderegistrering/framkomstmiddel_utmark","value":{"value":""}}]}]}]