{"formId":"form_root","name":"Form root","rmType":"FORM_DEFINITION","viewConfig":{"label":{"custom":false,"value":"","useLocalizations":false,"localizationsList":{}},"size":{"field":"inherit","label":"inherit","fill":"inherit"},"layout":{"label":{"valign":"inherit","align":"top"},"field":{"valign":"inherit","align":"inherit"}},"tags":[]},"language":"","templateLanguages":["nb"],"children":[{"name":"Skaderegistrering","localizedName":"Skaderegistrering","rmType":"EVALUATION","nodeId":"openEHR-EHR-EVALUATION.skaderegistrering_fmds.v1","min":1,"max":1,"localizedNames":{"nb":"Skaderegistrering"},"localizedDescriptions":{"nb":"Registrering av felles minimum datasett til NPR."},"aqlPath":"/content[openEHR-EHR-EVALUATION.skaderegistrering_fmds.v1]","formId":"personskadeskjema/skaderegistrering","viewConfig":{"size":{"field":"inherit","label":"inherit","fill":"inherit"},"layout":{"field":{"valign":"inherit","align":"inherit"}}},"children":[{"name":"Når","localizedName":"Når","rmType":"DV_DATE_TIME","nodeId":"at0002","min":1,"max":1,"localizedNames":{"nb":"Når"},"localizedDescriptions":{"nb":"Angir dato og tidspunkt skaden oppsto."},"annotations":{"default":"ValueConstraint=datetimepast;"},"aqlPath":"/content[openEHR-EHR-EVALUATION.skaderegistrering_fmds.v1]/data[at0001]/items[at0002]/value","inputs":[{"type":"DATETIME"}],"formId":"personskadeskjema/skaderegistrering/når","viewConfig":{"size":{"field":"inherit","label":"inherit","fill":"inherit"},"layout":{"field":{"valign":"inherit","align":"inherit"}},"datasource":{"loadRemote":false,"loadRemoteUrl":"","terminology":""},"field":{"input":{"dateFormat":"","hideDate":false,"hideTime":false}}}},{"name":"Kontaktårsak skade","localizedName":"Kontaktårsak skade","rmType":"DV_ORDINAL","nodeId":"at0007","min":1,"max":1,"localizedNames":{"nb":"Kontaktårsak skade"},"localizedDescriptions":{"nb":"Angir om skade skyldes vold, ulykke, etc."},"aqlPath":"/content[openEHR-EHR-EVALUATION.skaderegistrering_fmds.v1]/data[at0001]/items[at0007]/value","inputs":[{"type":"CODED_TEXT","list":[{"value":"at0008","label":"1- Ulykkesskade","localizedLabels":{"nb":"1- Ulykkesskade"},"localizedDescriptions":{"nb":"En ulykke er en ufrivillig hendelse forårsaket av en hurtigvirkende kraft eller påvirkning som kan ytre seg i en skade på kroppen. Her brukesulykkesbegrepet i videste forstand."},"ordinal":1},{"value":"at0009","label":"2 - Villet egenskade","localizedLabels":{"nb":"2 - Villet egenskade"},"localizedDescriptions":{"nb":"Selvpåført skade er villet egenskade som selvmordsforsøk, selvmord, villet forgiftning, villet overdose av alkohol, narkotika, tabelltter eller annen villet egenskade"},"ordinal":2},{"value":"at0010","label":"3 - Vold, overfall","localizedLabels":{"nb":"3 - Vold, overfall"},"localizedDescriptions":{"nb":"*"},"ordinal":3},{"value":"at0011","label":"98 - Skade etter lovhjemlet inngripen, krigshandling","localizedLabels":{"nb":"98 - Skade etter lovhjemlet inngripen, krigshandling"},"localizedDescriptions":{"nb":"Skader som oppstår i sammenstøt med politi, ordensmakt"},"ordinal":98},{"value":"at0012","label":"99 - Ukjent kontaktårsak","localizedLabels":{"nb":"99 - Ukjent kontaktårsak"},"localizedDescriptions":{"nb":"*"},"ordinal":99}]}],"formId":"personskadeskjema/skaderegistrering/kontaktårsak_skade","viewConfig":{"size":{"field":"inherit","label":"inherit","fill":"inherit"},"layout":{"field":{"valign":"inherit","align":"inherit"}},"datasource":{"loadRemote":false,"loadRemoteUrl":"","terminology":""},"field":{"input":{"presentation":"combobox"}}}},{"name":"Skademekanisme","localizedName":"Skademekanisme","rmType":"DV_ORDINAL","nodeId":"at0013","min":1,"max":1,"localizedNames":{"nb":"Skademekanisme"},"localizedDescriptions":{"nb":"Angir akutt eller plutseling påvirkning mot kroppen av fysisk agens, som mekanisk energi, varme, elektrisitet, kjemikalier og stråling, og i en mengde eller størrelse som overstiger den menneskelige organismens toleransenivå. I noen tilfeller (drukning og forfrysning9 som et plutselig fravær av nødvendig agens som oksygen eller varme.\n\nKommentar: Selv om det ikke er noe skarpt skille mellom sykdom og skade, oppstår skaden nesten umiddelbart etter kontakt med den påvirkende faktoren."},"aqlPath":"/content[openEHR-EHR-EVALUATION.skaderegistrering_fmds.v1]/data[at0001]/items[at0013]/value","inputs":[{"type":"CODED_TEXT","list":[{"value":"at0115","label":"1- Fall fra høyde, også i/fra trapp","localizedLabels":{"nb":"1- Fall fra høyde, også i/fra trapp"},"localizedDescriptions":{"nb":"Fall fra høyere til lavere plan"},"ordinal":1},{"value":"at0116","label":"2- Annet fall","localizedLabels":{"nb":"2- Annet fall"},"localizedDescriptions":{"nb":"Inklusiv: fall på bakke, gulv, på ski, skøyter osv.\nEksklusiv: vrikke ankel uten fall (O) \n"},"ordinal":2},{"value":"at0117","label":"3- Sammenstøt, påkjørsel","localizedLabels":{"nb":"3- Sammenstøt, påkjørsel"},"localizedDescriptions":{"nb":"Inklusiv: Slag og støt i/fra kjørende transportmiddel,\nsammenstøt med personer, dyr, slag, spark av menneske, dyr. "},"ordinal":3},{"value":"at0118","label":"4 -Klemt, fanget, knust","localizedLabels":{"nb":"4 -Klemt, fanget, knust"},"localizedDescriptions":{"nb":"Klemt i dør, klemt fast eller fanget i noe (f.eks. maskiner), knust,\noverkjørt. "},"ordinal":4},{"value":"at0119","label":"5- Kutt (ikke fall), bitt, stikk, skutt","localizedLabels":{"nb":"5- Kutt (ikke fall), bitt, stikk, skutt"},"localizedDescriptions":{"nb":"Inklusiv: Klippet, skåret, saget, revet, hugget, stukket, annen\ninntrengning (prosjektil, flis, partikkel).\nDyrebitt, klort, insektsstikk.\nEksklusiv: bitt, stikk av giftig dyr, plante (A). "},"ordinal":5},{"value":"at0120","label":"6- Kvelning, drukning","localizedLabels":{"nb":"6- Kvelning, drukning"},"localizedDescriptions":{"nb":"Inklusiv: kvelning pga. luftmangel, blokkering av luftvei, begravd\nav snø, jord, korn etc., druknet, nærdruknet. "},"ordinal":6},{"value":"at0137","label":"7 - Åpen ild, flamme, røyk","localizedLabels":{"nb":"7 - Åpen ild, flamme, røyk"},"localizedDescriptions":{"nb":"Eksklusiv: forbrenning av varm væske eller overflate (A)"},"ordinal":7},{"value":"at0121","label":"9- Akutt overbelastning","localizedLabels":{"nb":"9- Akutt overbelastning"},"localizedDescriptions":{"nb":"Akutt overbelastning av kropp/kroppsdel, strekning, vridning\npga. egen voldsom bevegelse eller anstrengende stilling.\nEksklusiv: Langvarig overbelastning mer enn 48 timer. "},"ordinal":9},{"value":"at0122","label":"98 - Annen skademekanisme","localizedLabels":{"nb":"98 - Annen skademekanisme"},"localizedDescriptions":{"nb":"Inklusiv: forgiftning, etsning, fremmedlegeme, forbrenning av\nvarm væske og overflate, elektrisitet, stråling, støy, vibrasjon,\nnaturkrefter, giftig dyr/plante \n"},"ordinal":98},{"value":"at0123","label":"99 - Ukjent skademekanisme","localizedLabels":{"nb":"99 - Ukjent skademekanisme"},"localizedDescriptions":{"nb":"*"},"ordinal":99}]}],"formId":"personskadeskjema/skaderegistrering/skademekanisme","viewConfig":{"size":{"field":"inherit","label":"inherit","fill":"inherit"},"layout":{"field":{"valign":"inherit","align":"inherit"}},"datasource":{"loadRemote":false,"loadRemoteUrl":"","terminology":""},"field":{"input":{"presentation":"combobox"}}}},{"name":"Aktivitet ved skade","localizedName":"Aktivitet ved skade","rmType":"DV_ORDINAL","nodeId":"at0026","min":1,"max":1,"localizedNames":{"nb":"Aktivitet ved skade"},"localizedDescriptions":{"nb":"Angir den skadedes hovedaktivitet i skadeøyeblikket, eller den type situasjon den skadede var i."},"annotations":{"default":"ShowElementIf=/content[openEHR-EHR-EVALUATION.skaderegistrering_fmds.v1 and name/value='Skaderegistrering']/data[at0001]/items[at0036]|1;"},"aqlPath":"/content[openEHR-EHR-EVALUATION.skaderegistrering_fmds.v1]/data[at0001]/items[at0026]/value","inputs":[{"type":"CODED_TEXT","list":[{"value":"at0027","label":"1 - Inntektsgivende arbeid","localizedLabels":{"nb":"1 - Inntektsgivende arbeid"},"localizedDescriptions":{"nb":"Dersom ja; angi arbeidsgivers bransje"},"ordinal":1},{"value":"at0029","label":"2 - Utdanning (også i SFO og barnehage)","localizedLabels":{"nb":"2 - Utdanning (også i SFO og barnehage)"},"localizedDescriptions":{"nb":"Også skolefritidsordning(SFO) og i barnehage"},"ordinal":2},{"value":"at0030","label":"3 - Sport, idrett, mosjon i utdanning","localizedLabels":{"nb":"3 - Sport, idrett, mosjon i utdanning"},"localizedDescriptions":{"nb":"*"},"ordinal":3},{"value":"at0131","label":"4 - Sport, idrett, mosjon i fritid","localizedLabels":{"nb":"4 - Sport, idrett, mosjon i fritid"},"localizedDescriptions":{"nb":"*"},"ordinal":4},{"value":"at0107","label":"5 - Friluftsliv,  jakt og fiske i fritid og i utmark","localizedLabels":{"nb":"5 - Friluftsliv,  jakt og fiske i fritid og i utmark"},"localizedDescriptions":{"nb":"*"},"ordinal":5},{"value":"at0033","label":"98 - Annen aktivitet","localizedLabels":{"nb":"98 - Annen aktivitet"},"localizedDescriptions":{"nb":"Som lek, hobby, hus- og hagearbeid (etc)"},"ordinal":98},{"value":"at0034","label":"99 - Ukjent aktivitet","localizedLabels":{"nb":"99 - Ukjent aktivitet"},"localizedDescriptions":{"nb":"*"},"ordinal":99}]}],"formId":"personskadeskjema/skaderegistrering/aktivitet_ved_skade","viewConfig":{"size":{"field":"inherit","label":"inherit","fill":"inherit"},"layout":{"field":{"valign":"inherit","align":"inherit"}},"datasource":{"loadRemote":false,"loadRemoteUrl":"","terminology":""},"field":{"input":{"presentation":"combobox"}}}},{"name":"Arbeidsgivers bransje","localizedName":"Arbeidsgivers bransje","rmType":"DV_ORDINAL","nodeId":"at0036","min":0,"max":1,"localizedNames":{"nb":"Arbeidsgivers bransje"},"localizedDescriptions":{"nb":"Angis hvis aktivet ved skade er 1."},"aqlPath":"/content[openEHR-EHR-EVALUATION.skaderegistrering_fmds.v1]/data[at0001]/items[at0036]/value","inputs":[{"type":"CODED_TEXT","list":[{"value":"at0108","label":"1- Jordbruk, skogbruk og fiske","localizedLabels":{"nb":"1- Jordbruk, skogbruk og fiske"},"localizedDescriptions":{"nb":"*"},"ordinal":1},{"value":"at0109","label":"2- Industri","localizedLabels":{"nb":"2- Industri"},"localizedDescriptions":{"nb":"*"},"ordinal":2},{"value":"at0111","label":"3- Bygg- og anlegg","localizedLabels":{"nb":"3- Bygg- og anlegg"},"localizedDescriptions":{"nb":"Bygge- og anleggsvirksomhet"},"ordinal":3},{"value":"at0112","label":"4- Transport","localizedLabels":{"nb":"4- Transport"},"localizedDescriptions":{"nb":"*"},"ordinal":4},{"value":"at0132","label":"5 - Helse og sosial","localizedLabels":{"nb":"5 - Helse og sosial"},"localizedDescriptions":{"nb":"*"},"ordinal":5},{"value":"at0113","label":"98 - Annen bransje","localizedLabels":{"nb":"98 - Annen bransje"},"localizedDescriptions":{"nb":"*"},"ordinal":98},{"value":"at0114","label":"99 - Ukjent bransje","localizedLabels":{"nb":"99 - Ukjent bransje"},"localizedDescriptions":{"nb":"*"},"ordinal":99}]}],"formId":"personskadeskjema/skaderegistrering/arbeidsgivers_bransje","viewConfig":{"size":{"field":"inherit","label":"inherit","fill":"inherit"},"layout":{"field":{"valign":"inherit","align":"inherit"}},"datasource":{"loadRemote":false,"loadRemoteUrl":"","terminology":""},"field":{"input":{"presentation":"combobox"}}}},{"name":"Lokal aktivitet ved skade (SKLV)","localizedName":"Lokal aktivitet ved skade (SKLV)","rmType":"DV_CODED_TEXT","nodeId":"at0002","min":1,"max":1,"localizedNames":{"nb":"Lokal aktivitet ved skade (SKLV)"},"localizedDescriptions":{"nb":"Lokal registrering av aktivitet ved skade. Kan knyttes til lokalt kodeverk i EPJ. "},"aqlPath":"/content[openEHR-EHR-EVALUATION.skaderegistrering_fmds.v1]/data[at0001]/items[openEHR-EHR-CLUSTER.skadelegevakt_skaderegistrering.v1]/items[at0002]/value","inputs":[{"suffix":"code","type":"TEXT","terminology":"Dips?subset=ARK-PERSONSKADELOKALAKTIVITET&language=en-GB"},{"suffix":"value","type":"TEXT","terminology":"Dips?subset=ARK-PERSONSKADELOKALAKTIVITET&language=en-GB"}],"formId":"personskadeskjema/skaderegistrering/lokal_aktivitet_sklv/lokal_aktivitet_ved_skade_sklv","viewConfig":{"size":{"field":"inherit","label":"inherit","fill":"inherit"},"layout":{"field":{"valign":"inherit","align":"inherit"}},"datasource":{"loadRemote":false,"loadRemoteUrl":"","terminology":""},"field":{"code":{"presentation":"textfield"},"value":{"presentation":"textfield"}}}},{"name":"Alvorlighet ved skade","localizedName":"Alvorlighet ved skade","rmType":"DV_ORDINAL","nodeId":"at0001","min":"1","max":"1","localizedNames":{"nb":"Alvorlighet ved skade"},"localizedDescriptions":{"nb":"AIS-skalaen (Abbreviated Injury Scale) klassifiserer skaden ut fra trussel mot livets bestående. Skalaen brukes internasjonalt og har særlig innpass i trafikkmedisin. Forgiftninger finnes ikke i AIS-skalaen, men er her tatt med fordelt på de enkelte kategorier etter skjønn. Nedenfor er en oversikt over de vanligste skadene og hvordan de klassifiseres etter de seks verdiene: 1 Liten, 2 Moderat, 3 Alvorlig, 4 Meget alvorlig, 5 Kritisk og 6 Dødelig. "},"aqlPath":"/content[openEHR-EHR-EVALUATION.skaderegistrering_fmds.v1]/data[at0001]/items[openEHR-EHR-CLUSTER.ais_scale.v1]/items[at0001]/value","inputs":[{"type":"CODED_TEXT","list":[{"value":"at0002","label":"1 Liten skade (AIS 1)","localizedLabels":{"nb":"1 Liten skade (AIS 1)"},"localizedDescriptions":{"nb":"1. og 2. gradsforbrenning til 10%. Cerebrale skader uten bevisstløshet. Forgiftning som ikke forårsaker behandling. Tannskader. Mindre kutt og kontusjoner. Distorsjoner og frakturer i fingre/tær"},"ordinal":1},{"value":"at0003","label":"2 Moderat skade (AIS 2)","localizedLabels":{"nb":"2 Moderat skade (AIS 2)"},"localizedDescriptions":{"nb":"3. gradsforbrenning 1- 5%. Cerebrale skader med bevisstløshet < 15 min. Forgiftning\nbehandlet med tømming av magesekk og observasjoner uten regulær innleggelse. Kutt og \nlaserasjoner < 10 cm. Ikke-dislokerte frakturer av lange knokler, bekken og kranium. \nKnusning av fingre og tær \n"},"ordinal":2},{"value":"at0004","label":"3 Alvorlig skade (AIS 3)","localizedLabels":{"nb":"3 Alvorlig skade (AIS 3)"},"localizedDescriptions":{"nb":"3. gradsforbrenning 5 - 30 %. Cerebrale skader inkl. forgiftninger med bevisstløshet > 15\nmin. og amnesi < 3 timer med innleggelse. Kutt og laserasjoner >10 cm. Mutiple costa-frakturer. Pneumothorax. Luksasjon av større ledd. Dislokerte frakturer av lange knokler.\nNerve- og karskade i ekstremitetene.\n"},"ordinal":3},{"value":"at0008","label":"9 Uoppgitt skadealvor","localizedLabels":{"nb":"9 Uoppgitt skadealvor"},"localizedDescriptions":{"nb":"Ikke angitt"},"ordinal":9}]}],"formId":"personskadeskjema/skaderegistrering/ais_scala/alvorlighet_ved_skade","viewConfig":{"size":{"field":"inherit","label":"inherit","fill":"inherit"},"layout":{"label":{"valign":"inherit","align":"inherit"},"field":{"valign":"inherit","align":"inherit"}},"datasource":{"loadRemote":false,"loadRemoteUrl":"","terminology":""},"advanced":{"hidden":false,"readonly":false},"tags":["ShowAsRadios"],"field":{"input":{"presentation":"combobox","columns":"4"}}}},{"name":"Skadested","localizedName":"Skadested","rmType":"DV_CODED_TEXT","nodeId":"at0072","min":1,"max":1,"localizedNames":{"nb":"Skadested"},"localizedDescriptions":{"nb":"Skadestedet er det stedet hvor skadehendelsen oppsto eller startet. F.eks. bil som kjører ut for veien og \nhavner i en elv – da er veien å betrakte som skadestedet. "},"annotations":{"default":"ShowElementIf=/content[openEHR-EHR-EVALUATION.skaderegistrering_fmds.v1 and name/value='Skaderegistrering']/data[at0001]/items[at0086]|1 - Vei, gate, fortau, gang- , sykkelvei, trafikkulykke;ShowElementIf=/content[openEHR-EHR-EVALUATION.skaderegistrering_fmds.v1 and name/value='Skaderegistrering']/data[at0001]/items[at0124]|10 - Fri natur, utmark,  hav, sjø og vann;"},"aqlPath":"/content[openEHR-EHR-EVALUATION.skaderegistrering_fmds.v1]/data[at0001]/items[at0072]/value","inputs":[{"suffix":"code","type":"CODED_TEXT","list":[{"value":"at0073","label":"1 - Vei, gate, fortau, gang- , sykkelvei, trafikkulykke","localizedLabels":{"nb":"1 - Vei, gate, fortau, gang- , sykkelvei, trafikkulykke"},"localizedDescriptions":{"nb":"Dvs. kjøretøy i bevegelse var innblandet (også sykkelvelt). Dersom ja: Fremkomstmiddel til den skadede (se nedenfor). Gate, vei som er åpen for alminnelig ferdsel, også i trikk."}},{"value":"at0130","label":"2 - Vei, gate, fortau, gang-, sykkelvei, ikke trafikkulykke","localizedLabels":{"nb":"2 - Vei, gate, fortau, gang-, sykkelvei, ikke trafikkulykke"},"localizedDescriptions":{"nb":"Gate, vei som er åpen for alminnelig ferdsel, også i trikk."}},{"value":"at0075","label":"3 - Bolig inne","localizedLabels":{"nb":"3 - Bolig inne"},"localizedDescriptions":{"nb":"Bolig, fritidshus, hytte, vernet bolig for"}},{"value":"at0133","label":"4 - Bolig ute. hage, gårdsplass, boligområde","localizedLabels":{"nb":"4 - Bolig ute. hage, gårdsplass, boligområde"},"localizedDescriptions":{"nb":"Utvendige bygningsdeler som utvendig trapp, altan, tak,"}},{"value":"at0076","label":"5 - Jordbruksbedrift, skogbruk","localizedLabels":{"nb":"5 - Jordbruksbedrift, skogbruk"},"localizedDescriptions":{"nb":"Inklusiv: gårdstun, driftsbygninger, dyrket mark, gårdsvei,"}},{"value":"at0077","label":"6 - Institusjon, syke-, aldershjem","localizedLabels":{"nb":"6 - Institusjon, syke-, aldershjem"},"localizedDescriptions":{"nb":"Fritidshjem, ungdomsklubb, døgninstitusjoner for barn og"}},{"value":"at0078","label":"7 - Lekeplass","localizedLabels":{"nb":"7 - Lekeplass"},"localizedDescriptions":{"nb":"Opparbeidet lekeplass på skole, SFO, barnehage, park,"}},{"value":"at0079","label":"8 - Skole, barnehage, SFO","localizedLabels":{"nb":"8 - Skole, barnehage, SFO"},"localizedDescriptions":{"nb":"Benyttes for alle utdanningssteder (skole, høyskole, universitet, barnehage, etc.). SFO: skolefritidsordning. Inklusiv: Høyskole, universitet,"}},{"value":"at0080","label":"9 - Sport og idrettsområde (også på skole, universitet)","localizedLabels":{"nb":"9 - Sport og idrettsområde (også på skole, universitet)"},"localizedDescriptions":{"nb":"Inklusiv: Idrettsanlegg inne og ute med bygninger og"}},{"value":"at0081","label":"10 - Fri natur, utmark,  hav, sjø og vann","localizedLabels":{"nb":"10 - Fri natur, utmark,  hav, sjø og vann"},"localizedDescriptions":{"nb":"Inklusiv: Utmark, skog, fjellområde, sti, turvei, preparerte. Dersom ja, angi type fremkomstmiddel. "}},{"value":"at0082","label":"98 - Annet skadested","localizedLabels":{"nb":"98 - Annet skadested"},"localizedDescriptions":{"nb":"Transportområde som stasjon, flyplass, i vogn på skinner"}},{"value":"at0083","label":"99 - Ukjent skadested","localizedLabels":{"nb":"99 - Ukjent skadested"},"localizedDescriptions":{"nb":"*"}}]}],"formId":"personskadeskjema/skaderegistrering/skadested","viewConfig":{"size":{"field":"inherit","label":"inherit","fill":"inherit"},"layout":{"field":{"valign":"inherit","align":"inherit"}},"datasource":{"loadRemote":false,"loadRemoteUrl":"","terminology":""},"field":{"code":{"presentation":"combobox"}}}},{"name":"Fremkomstmiddel (vei)","localizedName":"Fremkomstmiddel (vei)","rmType":"DV_CODED_TEXT","nodeId":"at0086","min":0,"max":1,"localizedNames":{"nb":"Fremkomstmiddel (vei)"},"localizedDescriptions":{"nb":"*"},"aqlPath":"/content[openEHR-EHR-EVALUATION.skaderegistrering_fmds.v1]/data[at0001]/items[at0086]/value","inputs":[{"suffix":"code","type":"CODED_TEXT","list":[{"value":"at0087","label":"1 - Til fots","localizedLabels":{"nb":"1 - Til fots"},"localizedDescriptions":{"nb":"*"}},{"value":"at0088","label":"2 - Sykkel","localizedLabels":{"nb":"2 - Sykkel"},"localizedDescriptions":{"nb":"*"}},{"value":"at0089","label":"3 - Moped","localizedLabels":{"nb":"3 - Moped"},"localizedDescriptions":{"nb":"*"}},{"value":"at0090","label":"4 - Motorsykkel","localizedLabels":{"nb":"4 - Motorsykkel"},"localizedDescriptions":{"nb":"*"}},{"value":"at0091","label":"5 - Personbil/varebil","localizedLabels":{"nb":"5 - Personbil/varebil"},"localizedDescriptions":{"nb":"*"}},{"value":"at0092","label":"6 - Lastebil","localizedLabels":{"nb":"6 - Lastebil"},"localizedDescriptions":{"nb":"*"}},{"value":"at0093","label":"7 - Buss","localizedLabels":{"nb":"7 - Buss"},"localizedDescriptions":{"nb":"*"}},{"value":"at0094","label":"8 - Trikk/tog/bane","localizedLabels":{"nb":"8 - Trikk/tog/bane"},"localizedDescriptions":{"nb":"*"}},{"value":"at0095","label":"9 - AVT/firhjuling","localizedLabels":{"nb":"9 - AVT/firhjuling"},"localizedDescriptions":{"nb":"Også trehjuling, beltegående, uavhengig av slagvolum"}},{"value":"at0096","label":"98 - Annet spesifisert","localizedLabels":{"nb":"98 - Annet spesifisert"},"localizedDescriptions":{"nb":"*"}},{"value":"at0097","label":"99 - Ukjent","localizedLabels":{"nb":"99 - Ukjent"},"localizedDescriptions":{"nb":"*"}}]}],"formId":"personskadeskjema/skaderegistrering/fremkomstmiddel_vei","viewConfig":{"size":{"field":"inherit","label":"inherit","fill":"inherit"},"layout":{"field":{"valign":"inherit","align":"inherit"}},"datasource":{"loadRemote":false,"loadRemoteUrl":"","terminology":""},"field":{"code":{"presentation":"combobox"}}}},{"name":"Framkomstmiddel (utmark)","localizedName":"Framkomstmiddel (utmark)","rmType":"DV_ORDINAL","nodeId":"at0124","min":0,"max":1,"localizedNames":{"nb":"Framkomstmiddel (utmark)"},"localizedDescriptions":{"nb":"*"},"aqlPath":"/content[openEHR-EHR-EVALUATION.skaderegistrering_fmds.v1]/data[at0001]/items[at0124]/value","inputs":[{"type":"CODED_TEXT","list":[{"value":"at0125","label":"1- ATV/4-hjuling","localizedLabels":{"nb":"1- ATV/4-hjuling"},"localizedDescriptions":{"nb":"*"},"ordinal":1},{"value":"at0126","label":"2- Snøskuter","localizedLabels":{"nb":"2- Snøskuter"},"localizedDescriptions":{"nb":"*"},"ordinal":2},{"value":"at0127","label":"3- Vannskuter","localizedLabels":{"nb":"3- Vannskuter"},"localizedDescriptions":{"nb":"*"},"ordinal":3},{"value":"at0134","label":"4 - Sykkel","localizedLabels":{"nb":"4 - Sykkel"},"localizedDescriptions":{"nb":"*"},"ordinal":4},{"value":"at0135","label":"5 - Ski/snøbrett/mv","localizedLabels":{"nb":"5 - Ski/snøbrett/mv"},"localizedDescriptions":{"nb":"*"},"ordinal":5},{"value":"at0128","label":"98 - Annet","localizedLabels":{"nb":"98 - Annet"},"localizedDescriptions":{"nb":"*"},"ordinal":98},{"value":"at0129","label":"99 - Ukjent","localizedLabels":{"nb":"99 - Ukjent"},"localizedDescriptions":{"nb":"*"},"ordinal":99}]}],"formId":"personskadeskjema/skaderegistrering/framkomstmiddel_utmark","viewConfig":{"size":{"field":"inherit","label":"inherit","fill":"inherit"},"layout":{"field":{"valign":"inherit","align":"inherit"}},"datasource":{"loadRemote":false,"loadRemoteUrl":"","terminology":""},"field":{"input":{"presentation":"combobox"}}}},{"name":"Skadekommune","localizedName":"Skadekommune","rmType":"DV_CODED_TEXT","nodeId":"at0102","min":1,"max":1,"localizedNames":{"nb":"Skadekommune"},"localizedDescriptions":{"nb":"*"},"annotations":{"default":"ShowAs=search;"},"aqlPath":"/content[openEHR-EHR-EVALUATION.skaderegistrering_fmds.v1]/data[at0001]/items[at0102]/value","inputs":[{"suffix":"code","type":"TEXT","terminology":"Dips?subset=FE-KOMMUNE&language=en-GB"},{"suffix":"value","type":"TEXT","terminology":"Dips?subset=FE-KOMMUNE&language=en-GB"}],"formId":"personskadeskjema/skaderegistrering/skadekommune","viewConfig":{"size":{"field":"inherit","label":"inherit","fill":"inherit"},"layout":{"field":{"valign":"inherit","align":"inherit"}},"datasource":{"loadRemote":false,"loadRemoteUrl":"","terminology":""},"field":{"code":{"presentation":"textfield"},"value":{"presentation":"textfield"}}}}]}]}