[{"field":"bestilling_av_utstyr_for_operasjon/rekvirering_av_utstyr_til_bestilling@Rekvirering av utstyr til bestilling/current_activity/helsetjenesteressurs/navn_på_ressurs","conditions":[{"operator":"notempty","actions":[{"action":"setOccurrences","target":"bestilling_av_utstyr_for_operasjon/rekvirering_av_utstyr_til_bestilling@Rekvirering av utstyr til bestilling/current_activity/helsetjenesteressurs/status","value":{"value":"1..1"}}]},{"operator":"empty","actions":[{"action":"setOccurrences","target":"bestilling_av_utstyr_for_operasjon/rekvirering_av_utstyr_til_bestilling@Rekvirering av utstyr til bestilling/current_activity/helsetjenesteressurs/status","value":{"value":"0..1"}}]}]},{"field":"bestilling_av_utstyr_for_operasjon/utstyr_til_booking@Utstyr til booking/current_activity/helsetjenesteressurs/navn_på_ressurs","conditions":[{"operator":"notempty","actions":[{"action":"setOccurrences","target":"bestilling_av_utstyr_for_operasjon/utstyr_til_booking@Utstyr til booking/current_activity/helsetjenesteressurs/status","value":{"value":"1..1"}}]},{"operator":"empty","actions":[{"action":"setOccurrences","target":"bestilling_av_utstyr_for_operasjon/utstyr_til_booking@Utstyr til booking/current_activity/helsetjenesteressurs/status","value":{"value":"0..1"}}]}]},{"field":"bestilling_av_utstyr_for_operasjon/spesialutstyr@Spesialutstyr/current_activity/helsetjenesteressurs/navn_på_ressurs","conditions":[{"operator":"notempty","actions":[{"action":"setOccurrences","target":"bestilling_av_utstyr_for_operasjon/spesialutstyr@Spesialutstyr/current_activity/helsetjenesteressurs/status","value":{"value":"1..1"}}]},{"operator":"empty","actions":[{"action":"setOccurrences","target":"bestilling_av_utstyr_for_operasjon/spesialutstyr@Spesialutstyr/current_activity/helsetjenesteressurs/status","value":{"value":"0..1"}}]}]},{"field":"generic-field-40419","conditions":[{"operator":"equals","value":{"value":"0"},"actions":[{"action":"setOccurrences","target":"bestilling_av_utstyr_for_operasjon/rekvirering_av_utstyr_til_bestilling@Rekvirering av utstyr til bestilling/current_activity/helsetjenesteressurs/navn_på_ressurs","value":{"value":"1..1"}},{"action":"setOccurrences","target":"bestilling_av_utstyr_for_operasjon/utstyr_til_booking@Utstyr til booking/current_activity/helsetjenesteressurs/navn_på_ressurs","value":{"value":"1..1"}},{"action":"setOccurrences","target":"bestilling_av_utstyr_for_operasjon/spesialutstyr@Spesialutstyr/current_activity/helsetjenesteressurs/navn_på_ressurs","value":{"value":"1..1"}}]},{"operator":"notequals","value":{"value":"0"},"actions":[{"action":"setOccurrences","target":"bestilling_av_utstyr_for_operasjon/rekvirering_av_utstyr_til_bestilling@Rekvirering av utstyr til bestilling/current_activity/helsetjenesteressurs/navn_på_ressurs","value":{"value":"0..1"}},{"action":"setOccurrences","target":"bestilling_av_utstyr_for_operasjon/utstyr_til_booking@Utstyr til booking/current_activity/helsetjenesteressurs/navn_på_ressurs","value":{"value":"0..1"}},{"action":"setOccurrences","target":"bestilling_av_utstyr_for_operasjon/spesialutstyr@Spesialutstyr/current_activity/helsetjenesteressurs/navn_på_ressurs","value":{"value":"0..1"}}]}]}]