{"name":"Form root","localizedNames":{},"localizedDescriptions":{},"rmType":"FORM_DEFINITION","min":0,"max":0,"formId":"form_root","viewConfig":{"label":{"custom":false,"useLocalizations":false},"size":{"field":"inherit","label":"inherit"},"layout":{"label":{"valign":"inherit","align":"inherit"},"field":{"valign":"inherit","align":"inherit"}},"annotations":{}},"children":[{"name":"Bestilling av utstyr for operasjon","localizedName":"Bestilling av utstyr for operasjon","localizedNames":{"en":"*Bestilling av utstyr for operasjon (en)","nb":"Bestilling av utstyr for operasjon"},"localizedDescriptions":{"nb":"Dokument som sendes fra en helsetjenesteyter til en annen, med hensikt om å forespørre om råd, en tjeneste eller overføring av ansvar.","en":"*Dokument som sendes fra en helsetjenesteyter til en annen, med hensikt om å forespørre om råd, en tjeneste eller overføring av ansvar. (nb)"},"rmType":"COMPOSITION","nodeId":"openEHR-EHR-COMPOSITION.request.v1","min":1,"max":1,"aqlPath":"/","inputs":[],"formId":"bestilling_av_utstyr_for_operasjon","viewConfig":{"multiplicity":{"min":1,"max":1},"advanced":{"hidden":false,"readonly":false,"hideFrame":false,"render":false},"label":{"custom":false,"useLocalizations":false},"size":{"field":"inherit","label":"-1"},"layout":{"label":{"valign":"inherit","align":"inherit"},"field":{"valign":"inherit","align":"inherit"}},"annotations":{},"field":{},"tags":["HideLabel"]},"children":[{"name":"Rekvirering av utstyr til bestilling","localizedName":"Rekvirering av utstyr til bestilling","localizedNames":{"en":"*Rekvirering av utstyr til bestilling (en)","nb":"Rekvirering av utstyr til bestilling"},"localizedDescriptions":{"nb":"Benyttes for å rekvirere/bestille helsetjenesteressurser som kreves for å gjennomføre en helsetjeneste (f.eks. en operasjon).","en":"*Benyttes for å rekvirere/bestille helsetjenesteressurser som kreves for å gjennomføre en helsetjeneste (f.eks. en operasjon). (nb)"},"rmType":"INSTRUCTION","nodeId":"openEHR-EHR-INSTRUCTION.healthcare_resource_request_dips.v1","min":1,"max":1,"aqlPath":"/content[openEHR-EHR-INSTRUCTION.healthcare_resource_request_dips.v1 and name/value='Rekvirering av utstyr til bestilling']","inputs":[],"formId":"bestilling_av_utstyr_for_operasjon/rekvirering_av_utstyr_til_bestilling@Rekvirering av utstyr til bestilling","viewConfig":{"multiplicity":{"min":1,"max":1},"advanced":{"hidden":false,"readonly":false,"hideFrame":false,"render":false},"label":{"custom":false,"useLocalizations":false},"size":{"field":"inherit","label":"-1"},"layout":{"label":{"valign":"inherit","align":"inherit"},"field":{"valign":"inherit","align":"inherit"}},"annotations":{},"field":{},"tags":["HideLabel"]},"children":[{"name":"Current Activity","localizedName":"Current Activity","localizedNames":{"en":"*Current Activity (nb)","nb":"Current Activity"},"localizedDescriptions":{"nb":"Current Activity","en":"*Current Activity (nb)"},"rmType":"ACTIVITY","nodeId":"at0001","min":1,"max":1,"aqlPath":"/content[openEHR-EHR-INSTRUCTION.healthcare_resource_request_dips.v1 and name/value='Rekvirering av utstyr til bestilling']/activities[at0001]","inputs":[],"formId":"bestilling_av_utstyr_for_operasjon/rekvirering_av_utstyr_til_bestilling@Rekvirering av utstyr til bestilling/current_activity","viewConfig":{"multiplicity":{"min":1,"max":1},"advanced":{"hidden":false,"readonly":false,"hideFrame":false,"render":false},"label":{"custom":false,"useLocalizations":false},"size":{"field":"inherit","label":"-1"},"layout":{"label":{"valign":"inherit","align":"inherit"},"field":{"valign":"inherit","align":"inherit"}},"annotations":{},"tags":["HideLabel"]},"children":[{"name":"Ressurstype","localizedName":"Ressurstype","localizedNames":{"en":"*Ressurstype (nb)","nb":"Ressurstype"},"localizedDescriptions":{"nb":"Angir ressurstypen som f.eks. medisinsk utstyr, pleiepunkt (ponint of care) eller helsepersonell/profesjon.","en":"*Angir ressurstypen som f.eks. medisinsk utstyr, pleiepunkt (ponint of care) eller helsepersonell/profesjon. (nb)"},"rmType":"DV_CODED_TEXT","nodeId":"at0003","min":0,"max":1,"aqlPath":"/content[openEHR-EHR-INSTRUCTION.healthcare_resource_request_dips.v1 and name/value='Rekvirering av utstyr til bestilling']/activities[at0001]/description[at0002]/items[at0003]/value","inputs":[{"suffix":"code","type":"CODED_TEXT","list":[{"value":"1","label":"Operasjonsstue","ordinal":0,"localizedLabels":{"nb":"Operasjonsstue","en":"*Operasjonsstue (nb)"},"localizedDescriptions":{}},{"value":"A","label":"Assistent","ordinal":0,"localizedLabels":{"nb":"Assistent","en":"*Assistent (nb)"},"localizedDescriptions":{}},{"value":"B","label":"Behandler/Person","ordinal":0,"localizedLabels":{"nb":"Behandler/Person","en":"*Behandler/Person (nb)"},"localizedDescriptions":{}},{"value":"HK","label":"Hovedkirurg","ordinal":0,"localizedLabels":{"nb":"Hovedkirurg","en":"*Hovedkirurg (nb)"},"localizedDescriptions":{}},{"value":"L","label":"Lokale","ordinal":0,"localizedLabels":{"nb":"Lokale","en":"*Lokale (nb)"},"localizedDescriptions":{}},{"value":"OT","label":"Operasjonsteam","ordinal":0,"localizedLabels":{"nb":"Operasjonsteam","en":"*Operasjonsteam (nb)"},"localizedDescriptions":{}},{"value":"P","label":"Post/Avdeling","ordinal":0,"localizedLabels":{"nb":"Post/Avdeling","en":"*Post/Avdeling (nb)"},"localizedDescriptions":{}},{"value":"R","label":"Røntgenlaboratorium","ordinal":0,"localizedLabels":{"nb":"Røntgenlaboratorium","en":"*Røntgenlaboratorium (nb)"},"localizedDescriptions":{}},{"value":"U","label":"Utstyr","ordinal":0,"localizedLabels":{"nb":"Utstyr","en":"*Utstyr (nb)"},"localizedDescriptions":{}}],"defaultValue":"U","listOpen":false}],"formId":"bestilling_av_utstyr_for_operasjon/rekvirering_av_utstyr_til_bestilling@Rekvirering av utstyr til bestilling/current_activity/ressurstype","viewConfig":{"multiplicity":{"min":0,"max":1},"advanced":{"hidden":true,"readonly":false,"hideFrame":false,"render":false},"label":{"custom":false,"useLocalizations":false},"size":{"field":"inherit","label":"inherit"},"layout":{"label":{"valign":"inherit","align":"inherit"},"field":{"valign":"inherit","align":"inherit"}},"annotations":{"IncludeIfContainerHasValue":"activity"},"field":{"code":{"presentation":"combobox","columns":"9"}}}},{"name":"Utstyr til bestilling","localizedName":"Utstyr til bestilling","localizedNames":{"en":"*Helsetjenesteressurs (nb)","nb":"Utstyr til bestilling"},"localizedDescriptions":{"nb":"Brukes for å angi en ressurs som er nødvendig for å utføre helstjenester","en":"*Brukes for å angi en ressurs som er nødvendig for å utføre helstjenester (nb)"},"rmType":"CLUSTER","nodeId":"openEHR-EHR-CLUSTER.healthcare_resource_dips.v1","min":1,"max":100,"aqlPath":"/content[openEHR-EHR-INSTRUCTION.healthcare_resource_request_dips.v1 and name/value='Rekvirering av utstyr til bestilling']/activities[at0001]/description[at0002]/items[openEHR-EHR-CLUSTER.healthcare_resource_dips.v1]","inputs":[],"formId":"bestilling_av_utstyr_for_operasjon/rekvirering_av_utstyr_til_bestilling@Rekvirering av utstyr til bestilling/current_activity/helsetjenesteressurs","viewConfig":{"multiplicity":{"min":1,"max":100},"advanced":{"hidden":false,"readonly":false,"hideFrame":false,"render":false},"label":{"custom":false,"useLocalizations":false},"size":{"field":"inherit","label":"-1"},"layout":{"label":{"valign":"inherit","align":"inherit"},"field":{"valign":"inherit","align":"inherit"}},"annotations":{"headerSize":"Text"},"field":{},"tags":["ShowAsTable","HideLabel"]},"children":[{"name":"Utstyr til bestilling","localizedName":"Utstyr til bestilling","localizedNames":{"en":"Utstyr til bestilling","nb":"Utstyr til bestilling"},"localizedDescriptions":{"nb":"Beskrivelse av den konkrete ressursen. Kan være fritekst eller defineres med kodeverk. ","en":"*Beskrivelse av den konkrete ressursen. Kan være fritekst eller defineres med kodeverk.  (nb)"},"rmType":"DV_TEXT","nodeId":"at0002","min":0,"max":1,"aqlPath":"/content[openEHR-EHR-INSTRUCTION.healthcare_resource_request_dips.v1 and name/value='Rekvirering av utstyr til bestilling']/activities[at0001]/description[at0002]/items[openEHR-EHR-CLUSTER.healthcare_resource_dips.v1]/items[at0002]/value","inputs":[{"type":"TEXT","list":[],"listOpen":false}],"formId":"bestilling_av_utstyr_for_operasjon/rekvirering_av_utstyr_til_bestilling@Rekvirering av utstyr til bestilling/current_activity/helsetjenesteressurs/navn_på_ressurs","viewConfig":{"multiplicity":{"min":0,"max":1},"advanced":{"hidden":false,"readonly":false,"hideFrame":false,"render":false},"label":{"custom":false,"useLocalizations":false},"size":{"field":"inherit","label":"inherit"},"layout":{"label":{"valign":"inherit","align":"inherit"},"field":{"valign":"inherit","align":"inherit"}},"datasource":{"loadRemote":false,"parameters":{}},"annotations":{"description":"Navn på utstyr som skal bestilles.","calcId":"su_bestillingutstyr"},"field":{"lines":null,"input":{}}}},{"name":"Status","localizedName":"Status","localizedNames":{"en":"*Status (nb)","nb":"Status"},"localizedDescriptions":{"nb":"Benyttes for å anig status dersom f.eks. ressursen allerede er bestilt.","en":"*Benyttes for å anig status dersom f.eks. ressursen allerede er bestilt. (nb)"},"rmType":"DV_CODED_TEXT","nodeId":"at0005","min":0,"max":1,"aqlPath":"/content[openEHR-EHR-INSTRUCTION.healthcare_resource_request_dips.v1 and name/value='Rekvirering av utstyr til bestilling']/activities[at0001]/description[at0002]/items[openEHR-EHR-CLUSTER.healthcare_resource_dips.v1]/items[at0005]/value","inputs":[{"suffix":"code","type":"CODED_TEXT","list":[{"value":"S1","label":"Planlagt","ordinal":0,"localizedLabels":{"nb":"Planlagt","en":"*Planlagt (nb)"},"localizedDescriptions":{}},{"value":"S2","label":"Bestilt","ordinal":0,"localizedLabels":{"nb":"Bestilt","en":"*Bestilt (nb)"},"localizedDescriptions":{}},{"value":"S3","label":"Klart for operasjon","ordinal":0,"localizedLabels":{"nb":"Klart for operasjon","en":"*Klart for operasjon (nb)"},"localizedDescriptions":{}},{"value":"S4","label":"Kansellert","ordinal":0,"localizedLabels":{"nb":"Kansellert","en":"*Kansellert (nb)"},"localizedDescriptions":{}},{"value":"S5","label":"Ikke aktuelt","ordinal":0,"localizedLabels":{"nb":"Ikke aktuelt","en":"*Ikke aktuelt (nb)"},"localizedDescriptions":{}}],"defaultValue":"S1","listOpen":false}],"formId":"bestilling_av_utstyr_for_operasjon/rekvirering_av_utstyr_til_bestilling@Rekvirering av utstyr til bestilling/current_activity/helsetjenesteressurs/status","viewConfig":{"multiplicity":{"min":0,"max":1},"advanced":{"hidden":false,"readonly":false,"hideFrame":false,"render":false},"label":{"custom":false,"useLocalizations":false},"size":{"field":"inherit","label":"inherit"},"layout":{"label":{"valign":"inherit","align":"inherit"},"field":{"valign":"inherit","align":"inherit"}},"annotations":{"description":"Angir status på bestillingen.","calcid":"su_status","includeifcontainerhasvalue":"activity"},"field":{"code":{"presentation":"combobox","columns":"5"}}}},{"name":"Kommentar","localizedName":"Kommentar","localizedNames":{"en":"*Kommentar (nb)","nb":"Kommentar"},"localizedDescriptions":{"nb":"Ytterligere valgfri kommentar/beskrivelse til ressursen.","en":"*Ytterligere valgfri kommentar/beskrivelse til ressursen. (nb)"},"rmType":"DV_TEXT","nodeId":"at0006","min":0,"max":1,"aqlPath":"/content[openEHR-EHR-INSTRUCTION.healthcare_resource_request_dips.v1 and name/value='Rekvirering av utstyr til bestilling']/activities[at0001]/description[at0002]/items[openEHR-EHR-CLUSTER.healthcare_resource_dips.v1]/items[at0006]/value","inputs":[{"type":"TEXT","list":[],"listOpen":false}],"formId":"bestilling_av_utstyr_for_operasjon/rekvirering_av_utstyr_til_bestilling@Rekvirering av utstyr til bestilling/current_activity/helsetjenesteressurs/kommentar","viewConfig":{"multiplicity":{"min":0,"max":1},"advanced":{"hidden":false,"readonly":false,"hideFrame":false,"render":false},"label":{"custom":false,"useLocalizations":false},"size":{"field":"inherit","label":"inherit"},"layout":{"label":{"valign":"inherit","align":"inherit"},"field":{"valign":"inherit","align":"inherit"}},"datasource":{"loadRemote":false,"parameters":{}},"annotations":{},"field":{"lines":null,"input":{}}}}]}]}]},{"name":"Utstyr til booking","localizedName":"Utstyr til booking","localizedNames":{"en":"*Utstyr til booking (en)","nb":"Utstyr til booking"},"localizedDescriptions":{"nb":"Benyttes for å rekvirere/bestille helsetjenesteressurser som kreves for å gjennomføre en helsetjeneste (f.eks. en operasjon).","en":"*Benyttes for å rekvirere/bestille helsetjenesteressurser som kreves for å gjennomføre en helsetjeneste (f.eks. en operasjon). (nb)"},"rmType":"INSTRUCTION","nodeId":"openEHR-EHR-INSTRUCTION.healthcare_resource_request_dips.v1","min":1,"max":1,"aqlPath":"/content[openEHR-EHR-INSTRUCTION.healthcare_resource_request_dips.v1 and name/value='Utstyr til booking']","inputs":[],"formId":"bestilling_av_utstyr_for_operasjon/utstyr_til_booking@Utstyr til booking","viewConfig":{"multiplicity":{"min":1,"max":1},"advanced":{"hidden":true,"readonly":false,"hideFrame":false,"render":false},"label":{"custom":false,"useLocalizations":false},"size":{"field":"inherit","label":"-1"},"layout":{"label":{"valign":"inherit","align":"inherit"},"field":{"valign":"inherit","align":"inherit"}},"annotations":{},"field":{},"tags":["HideLabel"]},"children":[{"name":"Current Activity","localizedName":"Current Activity","localizedNames":{"en":"*Current Activity (nb)","nb":"Current Activity"},"localizedDescriptions":{"nb":"Current Activity","en":"*Current Activity (nb)"},"rmType":"ACTIVITY","nodeId":"at0001","min":1,"max":1,"aqlPath":"/content[openEHR-EHR-INSTRUCTION.healthcare_resource_request_dips.v1 and name/value='Utstyr til booking']/activities[at0001]","inputs":[],"formId":"bestilling_av_utstyr_for_operasjon/utstyr_til_booking@Utstyr til booking/current_activity","viewConfig":{"multiplicity":{"min":1,"max":1},"advanced":{"hidden":true,"readonly":false,"hideFrame":false,"render":false},"label":{"custom":false,"useLocalizations":false},"size":{"field":"inherit","label":"-1"},"layout":{"label":{"valign":"inherit","align":"inherit"},"field":{"valign":"inherit","align":"inherit"}},"annotations":{},"tags":["HideLabel"]},"children":[{"name":"Ressurstype","localizedName":"Ressurstype","localizedNames":{"en":"*Ressurstype (nb)","nb":"Ressurstype"},"localizedDescriptions":{"nb":"Angir ressurstypen som f.eks. medisinsk utstyr, pleiepunkt (ponint of care) eller helsepersonell/profesjon.","en":"*Angir ressurstypen som f.eks. medisinsk utstyr, pleiepunkt (ponint of care) eller helsepersonell/profesjon. (nb)"},"rmType":"DV_CODED_TEXT","nodeId":"at0003","min":0,"max":1,"aqlPath":"/content[openEHR-EHR-INSTRUCTION.healthcare_resource_request_dips.v1 and name/value='Utstyr til booking']/activities[at0001]/description[at0002]/items[at0003]/value","inputs":[{"suffix":"code","type":"CODED_TEXT","list":[{"value":"1","label":"Operasjonsstue","ordinal":0,"localizedLabels":{"nb":"Operasjonsstue","en":"*Operasjonsstue (nb)"},"localizedDescriptions":{}},{"value":"A","label":"Assistent","ordinal":0,"localizedLabels":{"nb":"Assistent","en":"*Assistent (nb)"},"localizedDescriptions":{}},{"value":"B","label":"Behandler/Person","ordinal":0,"localizedLabels":{"nb":"Behandler/Person","en":"*Behandler/Person (nb)"},"localizedDescriptions":{}},{"value":"HK","label":"Hovedkirurg","ordinal":0,"localizedLabels":{"nb":"Hovedkirurg","en":"*Hovedkirurg (nb)"},"localizedDescriptions":{}},{"value":"L","label":"Lokale","ordinal":0,"localizedLabels":{"nb":"Lokale","en":"*Lokale (nb)"},"localizedDescriptions":{}},{"value":"OT","label":"Operasjonsteam","ordinal":0,"localizedLabels":{"nb":"Operasjonsteam","en":"*Operasjonsteam (nb)"},"localizedDescriptions":{}},{"value":"P","label":"Post/Avdeling","ordinal":0,"localizedLabels":{"nb":"Post/Avdeling","en":"*Post/Avdeling (nb)"},"localizedDescriptions":{}},{"value":"R","label":"Røntgenlaboratorium","ordinal":0,"localizedLabels":{"nb":"Røntgenlaboratorium","en":"*Røntgenlaboratorium (nb)"},"localizedDescriptions":{}},{"value":"U","label":"Utstyr","ordinal":0,"localizedLabels":{"nb":"Utstyr","en":"*Utstyr (nb)"},"localizedDescriptions":{}}],"defaultValue":"U","listOpen":false}],"formId":"bestilling_av_utstyr_for_operasjon/utstyr_til_booking@Utstyr til booking/current_activity/ressurstype","viewConfig":{"multiplicity":{"min":0,"max":1},"advanced":{"hidden":true,"readonly":false,"hideFrame":false,"render":false},"label":{"custom":false,"useLocalizations":false},"size":{"field":"inherit","label":"inherit"},"layout":{"label":{"valign":"inherit","align":"inherit"},"field":{"valign":"inherit","align":"inherit"}},"annotations":{"IncludeIfContainerHasValue":"activity"},"field":{"code":{"presentation":"combobox","columns":"9"}}}},{"name":"Utstyr til booking","localizedName":"Utstyr til booking","localizedNames":{"en":"*Helsetjenesteressurs (nb)","nb":"Utstyr til booking"},"localizedDescriptions":{"nb":"Brukes for å angi en ressurs som er nødvendig for å utføre helstjenester","en":"*Brukes for å angi en ressurs som er nødvendig for å utføre helstjenester (nb)"},"rmType":"CLUSTER","nodeId":"openEHR-EHR-CLUSTER.healthcare_resource_dips.v1","min":1,"max":100,"aqlPath":"/content[openEHR-EHR-INSTRUCTION.healthcare_resource_request_dips.v1 and name/value='Utstyr til booking']/activities[at0001]/description[at0002]/items[openEHR-EHR-CLUSTER.healthcare_resource_dips.v1]","inputs":[],"formId":"bestilling_av_utstyr_for_operasjon/utstyr_til_booking@Utstyr til booking/current_activity/helsetjenesteressurs","viewConfig":{"multiplicity":{"min":1,"max":100},"advanced":{"hidden":true,"readonly":false,"hideFrame":false,"render":false},"label":{"custom":false,"useLocalizations":false},"size":{"field":"inherit","label":"-1"},"layout":{"label":{"valign":"inherit","align":"inherit"},"field":{"valign":"inherit","align":"inherit"}},"annotations":{"headerSize":"Text"},"field":{},"tags":["ShowAsTable","HideLabel"]},"children":[{"name":"Utstyr til booking","localizedName":"Utstyr til booking","localizedNames":{"en":"Utstyr til booking","nb":"Utstyr til booking"},"localizedDescriptions":{"nb":"Beskrivelse av den konkrete ressursen. Kan være fritekst eller defineres med kodeverk. ","en":"*Beskrivelse av den konkrete ressursen. Kan være fritekst eller defineres med kodeverk.  (nb)"},"rmType":"DV_TEXT","nodeId":"at0002","min":0,"max":1,"aqlPath":"/content[openEHR-EHR-INSTRUCTION.healthcare_resource_request_dips.v1 and name/value='Utstyr til booking']/activities[at0001]/description[at0002]/items[openEHR-EHR-CLUSTER.healthcare_resource_dips.v1]/items[at0002]/value","inputs":[{"type":"TEXT","list":[],"listOpen":false}],"formId":"bestilling_av_utstyr_for_operasjon/utstyr_til_booking@Utstyr til booking/current_activity/helsetjenesteressurs/navn_på_ressurs","viewConfig":{"multiplicity":{"min":0,"max":1},"advanced":{"hidden":false,"readonly":false,"hideFrame":false,"render":false},"label":{"custom":false,"useLocalizations":false},"size":{"field":"inherit","label":"inherit"},"layout":{"label":{"valign":"inherit","align":"inherit"},"field":{"valign":"inherit","align":"inherit"}},"datasource":{"loadRemote":false,"parameters":{}},"annotations":{"description":"Utstyr som bestilles via timebok","calcId":"su_bookingutstyr"},"field":{"lines":null,"input":{}}}},{"name":"Status","localizedName":"Status","localizedNames":{"en":"*Status (nb)","nb":"Status"},"localizedDescriptions":{"nb":"Benyttes for å anig status dersom f.eks. ressursen allerede er bestilt.","en":"*Benyttes for å anig status dersom f.eks. ressursen allerede er bestilt. (nb)"},"rmType":"DV_CODED_TEXT","nodeId":"at0005","min":0,"max":1,"aqlPath":"/content[openEHR-EHR-INSTRUCTION.healthcare_resource_request_dips.v1 and name/value='Utstyr til booking']/activities[at0001]/description[at0002]/items[openEHR-EHR-CLUSTER.healthcare_resource_dips.v1]/items[at0005]/value","inputs":[{"suffix":"code","type":"CODED_TEXT","list":[{"value":"S1","label":"Planlagt","ordinal":0,"localizedLabels":{"nb":"Planlagt","en":"*Planlagt (nb)"},"localizedDescriptions":{}},{"value":"S2","label":"Bestilt","ordinal":0,"localizedLabels":{"nb":"Bestilt","en":"*Bestilt (nb)"},"localizedDescriptions":{}},{"value":"S3","label":"Klart for operasjon","ordinal":0,"localizedLabels":{"nb":"Klart for operasjon","en":"*Klart for operasjon (nb)"},"localizedDescriptions":{}},{"value":"S4","label":"Kansellert","ordinal":0,"localizedLabels":{"nb":"Kansellert","en":"*Kansellert (nb)"},"localizedDescriptions":{}},{"value":"S5","label":"Ikke aktuelt","ordinal":0,"localizedLabels":{"nb":"Ikke aktuelt","en":"*Ikke aktuelt (nb)"},"localizedDescriptions":{}}],"defaultValue":"S1","listOpen":false}],"formId":"bestilling_av_utstyr_for_operasjon/utstyr_til_booking@Utstyr til booking/current_activity/helsetjenesteressurs/status","viewConfig":{"multiplicity":{"min":0,"max":1},"advanced":{"hidden":false,"readonly":false,"hideFrame":false,"render":false},"label":{"custom":false,"useLocalizations":false},"size":{"field":"inherit","label":"inherit"},"layout":{"label":{"valign":"inherit","align":"inherit"},"field":{"valign":"inherit","align":"inherit"}},"annotations":{"description":"Angir status på bestillingen.","calcId":"su_booking_status"},"field":{"code":{"presentation":"combobox","columns":"5"}}}}]}]}]},{"name":"Spesialutstyr","localizedName":"Spesialutstyr","localizedNames":{"en":"*Spesialutstyr (en)","nb":"Spesialutstyr"},"localizedDescriptions":{"nb":"Benyttes for å rekvirere/bestille helsetjenesteressurser som kreves for å gjennomføre en helsetjeneste (f.eks. en operasjon).","en":"*Benyttes for å rekvirere/bestille helsetjenesteressurser som kreves for å gjennomføre en helsetjeneste (f.eks. en operasjon). (nb)"},"rmType":"INSTRUCTION","nodeId":"openEHR-EHR-INSTRUCTION.healthcare_resource_request_dips.v1","min":1,"max":1,"aqlPath":"/content[openEHR-EHR-INSTRUCTION.healthcare_resource_request_dips.v1 and name/value='Spesialutstyr']","inputs":[],"formId":"bestilling_av_utstyr_for_operasjon/spesialutstyr@Spesialutstyr","viewConfig":{"multiplicity":{"min":1,"max":1},"advanced":{"hidden":false,"readonly":false,"hideFrame":false,"render":false},"label":{"custom":false,"useLocalizations":false},"size":{"field":"inherit","label":"-1"},"layout":{"label":{"valign":"inherit","align":"inherit"},"field":{"valign":"inherit","align":"inherit"}},"annotations":{},"field":{},"tags":["HideLabel"]},"children":[{"name":"Current Activity","localizedName":"Current Activity","localizedNames":{"en":"*Current Activity (nb)","nb":"Current Activity"},"localizedDescriptions":{"nb":"Current Activity","en":"*Current Activity (nb)"},"rmType":"ACTIVITY","nodeId":"at0001","min":1,"max":1,"aqlPath":"/content[openEHR-EHR-INSTRUCTION.healthcare_resource_request_dips.v1 and name/value='Spesialutstyr']/activities[at0001]","inputs":[],"formId":"bestilling_av_utstyr_for_operasjon/spesialutstyr@Spesialutstyr/current_activity","viewConfig":{"multiplicity":{"min":1,"max":1},"advanced":{"hidden":false,"readonly":false,"hideFrame":false,"render":false},"label":{"custom":false,"useLocalizations":false},"size":{"field":"inherit","label":"-1"},"layout":{"label":{"valign":"inherit","align":"inherit"},"field":{"valign":"inherit","align":"inherit"}},"annotations":{},"tags":["HideLabel"]},"children":[{"name":"Ressurstype","localizedName":"Ressurstype","localizedNames":{"en":"*Ressurstype (nb)","nb":"Ressurstype"},"localizedDescriptions":{"nb":"Angir ressurstypen som f.eks. medisinsk utstyr, pleiepunkt (ponint of care) eller helsepersonell/profesjon.","en":"*Angir ressurstypen som f.eks. medisinsk utstyr, pleiepunkt (ponint of care) eller helsepersonell/profesjon. (nb)"},"rmType":"DV_CODED_TEXT","nodeId":"at0003","min":0,"max":1,"aqlPath":"/content[openEHR-EHR-INSTRUCTION.healthcare_resource_request_dips.v1 and name/value='Spesialutstyr']/activities[at0001]/description[at0002]/items[at0003]/value","inputs":[{"suffix":"code","type":"CODED_TEXT","list":[{"value":"1","label":"Operasjonsstue","ordinal":0,"localizedLabels":{"nb":"Operasjonsstue","en":"*Operasjonsstue (nb)"},"localizedDescriptions":{}},{"value":"A","label":"Assistent","ordinal":0,"localizedLabels":{"nb":"Assistent","en":"*Assistent (nb)"},"localizedDescriptions":{}},{"value":"B","label":"Behandler/Person","ordinal":0,"localizedLabels":{"nb":"Behandler/Person","en":"*Behandler/Person (nb)"},"localizedDescriptions":{}},{"value":"HK","label":"Hovedkirurg","ordinal":0,"localizedLabels":{"nb":"Hovedkirurg","en":"*Hovedkirurg (nb)"},"localizedDescriptions":{}},{"value":"L","label":"Lokale","ordinal":0,"localizedLabels":{"nb":"Lokale","en":"*Lokale (nb)"},"localizedDescriptions":{}},{"value":"OT","label":"Operasjonsteam","ordinal":0,"localizedLabels":{"nb":"Operasjonsteam","en":"*Operasjonsteam (nb)"},"localizedDescriptions":{}},{"value":"P","label":"Post/Avdeling","ordinal":0,"localizedLabels":{"nb":"Post/Avdeling","en":"*Post/Avdeling (nb)"},"localizedDescriptions":{}},{"value":"R","label":"Røntgenlaboratorium","ordinal":0,"localizedLabels":{"nb":"Røntgenlaboratorium","en":"*Røntgenlaboratorium (nb)"},"localizedDescriptions":{}},{"value":"U","label":"Utstyr","ordinal":0,"localizedLabels":{"nb":"Utstyr","en":"*Utstyr (nb)"},"localizedDescriptions":{}}],"defaultValue":"U","listOpen":false}],"formId":"bestilling_av_utstyr_for_operasjon/spesialutstyr@Spesialutstyr/current_activity/ressurstype","viewConfig":{"multiplicity":{"min":0,"max":1},"advanced":{"hidden":true,"readonly":false,"hideFrame":false,"render":false},"label":{"custom":false,"useLocalizations":false},"size":{"field":"inherit","label":"inherit"},"layout":{"label":{"valign":"inherit","align":"inherit"},"field":{"valign":"inherit","align":"inherit"}},"annotations":{"IncludeIfContainerHasValue":"activity"},"field":{"code":{"presentation":"combobox","columns":"9"}}}},{"name":"Spesialutstyr","localizedName":"Spesialutstyr","localizedNames":{"en":"*Helsetjenesteressurs (nb)","nb":"Spesialutstyr"},"localizedDescriptions":{"nb":"Brukes for å angi en ressurs som er nødvendig for å utføre helstjenester","en":"*Brukes for å angi en ressurs som er nødvendig for å utføre helstjenester (nb)"},"rmType":"CLUSTER","nodeId":"openEHR-EHR-CLUSTER.healthcare_resource_dips.v1","min":1,"max":100,"aqlPath":"/content[openEHR-EHR-INSTRUCTION.healthcare_resource_request_dips.v1 and name/value='Spesialutstyr']/activities[at0001]/description[at0002]/items[openEHR-EHR-CLUSTER.healthcare_resource_dips.v1]","inputs":[],"formId":"bestilling_av_utstyr_for_operasjon/spesialutstyr@Spesialutstyr/current_activity/helsetjenesteressurs","viewConfig":{"multiplicity":{"min":1,"max":100},"advanced":{"hidden":false,"readonly":false,"hideFrame":false,"render":false},"label":{"custom":false,"useLocalizations":false},"size":{"field":"inherit","label":"inherit"},"layout":{"label":{"valign":"inherit","align":"inherit"},"field":{"valign":"inherit","align":"inherit"}},"annotations":{"headerSize":"Text"},"field":{},"tags":["ShowAsTable"]},"children":[{"name":"Utstyr som ikke inngår i standard/prosedyre","localizedName":"Utstyr som ikke inngår i standard/prosedyre","localizedNames":{"en":"*Navn på ressurs (nb)","nb":"Utstyr som ikke inngår i standard/prosedyre"},"localizedDescriptions":{"nb":"Beskrivelse av den konkrete ressursen. Kan være fritekst eller defineres med kodeverk. ","en":"*Beskrivelse av den konkrete ressursen. Kan være fritekst eller defineres med kodeverk.  (nb)"},"rmType":"DV_TEXT","nodeId":"at0002","min":0,"max":1,"aqlPath":"/content[openEHR-EHR-INSTRUCTION.healthcare_resource_request_dips.v1 and name/value='Spesialutstyr']/activities[at0001]/description[at0002]/items[openEHR-EHR-CLUSTER.healthcare_resource_dips.v1]/items[at0002]/value","inputs":[{"type":"TEXT","list":[],"listOpen":false}],"formId":"bestilling_av_utstyr_for_operasjon/spesialutstyr@Spesialutstyr/current_activity/helsetjenesteressurs/navn_på_ressurs","viewConfig":{"multiplicity":{"min":0,"max":1},"advanced":{"hidden":false,"readonly":false,"hideFrame":false,"render":false},"label":{"custom":false,"useLocalizations":false},"size":{"field":"inherit","label":"inherit"},"layout":{"label":{"valign":"inherit","align":"inherit"},"field":{"valign":"inherit","align":"inherit"}},"datasource":{"loadRemote":false,"parameters":{}},"annotations":{"description":"","calcid":"su_spesialutstyr"},"field":{"lines":null,"input":{}}}},{"name":"Status","localizedName":"Status","localizedNames":{"en":"*Status (nb)","nb":"Status"},"localizedDescriptions":{"nb":"Benyttes for å anig status dersom f.eks. ressursen allerede er bestilt.","en":"*Benyttes for å anig status dersom f.eks. ressursen allerede er bestilt. (nb)"},"rmType":"DV_CODED_TEXT","nodeId":"at0005","min":0,"max":1,"aqlPath":"/content[openEHR-EHR-INSTRUCTION.healthcare_resource_request_dips.v1 and name/value='Spesialutstyr']/activities[at0001]/description[at0002]/items[openEHR-EHR-CLUSTER.healthcare_resource_dips.v1]/items[at0005]/value","inputs":[{"suffix":"code","type":"CODED_TEXT","list":[{"value":"S1","label":"Planlagt","ordinal":0,"localizedLabels":{"nb":"Planlagt","en":"*Planlagt (nb)"},"localizedDescriptions":{}},{"value":"S2","label":"Bestilt","ordinal":0,"localizedLabels":{"nb":"Bestilt","en":"*Bestilt (nb)"},"localizedDescriptions":{}},{"value":"S3","label":"Klart for operasjon","ordinal":0,"localizedLabels":{"nb":"Klart for operasjon","en":"*Klart for operasjon (nb)"},"localizedDescriptions":{}},{"value":"S4","label":"Kansellert","ordinal":0,"localizedLabels":{"nb":"Kansellert","en":"*Kansellert (nb)"},"localizedDescriptions":{}},{"value":"S5","label":"Ikke aktuelt","ordinal":0,"localizedLabels":{"nb":"Ikke aktuelt","en":"*Ikke aktuelt (nb)"},"localizedDescriptions":{}}],"defaultValue":"S1","listOpen":false}],"formId":"bestilling_av_utstyr_for_operasjon/spesialutstyr@Spesialutstyr/current_activity/helsetjenesteressurs/status","viewConfig":{"multiplicity":{"min":0,"max":1},"advanced":{"hidden":false,"readonly":false,"hideFrame":false,"render":false},"label":{"custom":false,"useLocalizations":false},"size":{"field":"inherit","label":"inherit"},"layout":{"label":{"valign":"inherit","align":"inherit"},"field":{"valign":"inherit","align":"inherit"}},"annotations":{"description":"Anigr status på bestillingen.","IncludeIfContainerHasValue":"activity"},"field":{"code":{"presentation":"combobox","columns":"5"}}}}]}]}]},{"name":"Spacer","localizedName":"","localizedNames":{"nb":""},"localizedDescriptions":{},"rmType":"GENERIC_SPACER","min":0,"max":1,"inputs":[],"formId":"generic-field-37163","viewConfig":{"annotations":{},"field":{"height":20,"input":{"height":20}}}},{"name":"Overordnet bestillingsstatus","localizedName":"Overordnet bestillingsstatus","localizedNames":{"en":"*Status (en)","nb":"Overordnet bestillingsstatus"},"localizedDescriptions":{"nb":"Brukes for å dokumentere tilstand/status i en klinisk prosess. Kan gjerne brukes i persistente oppføringer for å definere tilstanden på den samlede prosessen.","en":"*Brukes for å dokumentere tilstand/status i en klinisk prosess. Kan gjerne brukes i persistente oppføringer for å definere tilstanden på den samlede prosessen. (nb)"},"rmType":"CLUSTER","nodeId":"openEHR-EHR-CLUSTER.process_state_dips.v1","min":1,"max":1,"aqlPath":"/context/other_context[at0001]/items[openEHR-EHR-CLUSTER.process_state_dips.v1 and name/value='Status']","inputs":[],"formId":"bestilling_av_utstyr_for_operasjon/value/status@Status","viewConfig":{"multiplicity":{"min":1,"max":1},"advanced":{"hidden":false,"readonly":false,"hideFrame":false,"render":false},"label":{"custom":false,"useLocalizations":false},"size":{"field":"inherit","label":"inherit"},"layout":{"label":{"valign":"inherit","align":"top"},"field":{"valign":"inherit","align":"inherit"}},"annotations":{"headerSize":"Text"},"field":{}},"children":[{"name":"Overordnet status på bestillingen","localizedName":"Overordnet status på bestillingen","localizedNames":{"en":"*Status (nb)","nb":"Overordnet status på bestillingen"},"localizedDescriptions":{"nb":"Status. Bruk gjerne kode tilpasset den enkelte prosesstype.","en":"*Status. Bruk gjerne kode tilpasset den enkelte prosesstype. (nb)"},"rmType":"DV_CODED_TEXT","nodeId":"at0001","min":1,"max":1,"aqlPath":"/context/other_context[at0001]/items[openEHR-EHR-CLUSTER.process_state_dips.v1 and name/value='Status']/items[at0001]/value","inputs":[{"suffix":"code","type":"CODED_TEXT","list":[{"value":"S1","label":"Planlagt","ordinal":0,"localizedLabels":{"nb":"Planlagt","en":"*Planlagt (nb)"},"localizedDescriptions":{}},{"value":"S2","label":"Bestilt","ordinal":0,"localizedLabels":{"nb":"Bestilt","en":"*Bestilt (nb)"},"localizedDescriptions":{}},{"value":"S3","label":"Klart for operasjon","ordinal":0,"localizedLabels":{"nb":"Klart for operasjon","en":"*Klart for operasjon (nb)"},"localizedDescriptions":{}},{"value":"S4","label":"Kansellert","ordinal":0,"localizedLabels":{"nb":"Kansellert","en":"*Kansellert (nb)"},"localizedDescriptions":{}},{"value":"S5","label":"Ikke aktuelt","ordinal":0,"localizedLabels":{"nb":"Ikke aktuelt","en":"*Ikke aktuelt (nb)"},"localizedDescriptions":{}}],"listOpen":false}],"formId":"bestilling_av_utstyr_for_operasjon/value/status@Status/status","viewConfig":{"multiplicity":{"min":1,"max":1},"advanced":{"hidden":false,"readonly":false,"hideFrame":false,"render":false},"label":{"custom":false,"useLocalizations":false},"size":{"field":"inherit","label":"inherit"},"layout":{"label":{"valign":"inherit","align":"inherit"},"field":{"valign":"inherit","align":"inherit"}},"annotations":{"description":"Status på hele utstyrs-bestillingen sett under ett."},"field":{"code":{"presentation":"combobox","columns":"5"}}}},{"name":"Kommentar","localizedName":"Kommentar","localizedNames":{"en":"*Kommentar (nb)","nb":"Kommentar"},"localizedDescriptions":{"nb":"Kommentar til status.","en":"*Kommentar til status. (nb)"},"rmType":"DV_TEXT","nodeId":"at0002","min":0,"max":1,"aqlPath":"/context/other_context[at0001]/items[openEHR-EHR-CLUSTER.process_state_dips.v1 and name/value='Status']/items[at0002]/value","inputs":[{"type":"TEXT","list":[],"listOpen":false}],"formId":"bestilling_av_utstyr_for_operasjon/value/status@Status/kommentar","viewConfig":{"multiplicity":{"min":0,"max":1},"advanced":{"hidden":false,"readonly":false,"hideFrame":false,"render":false},"label":{"custom":false,"useLocalizations":false},"size":{"field":"inherit","label":"inherit"},"layout":{"label":{"valign":"inherit","align":"inherit"},"field":{"valign":"inherit","align":"inherit"}},"datasource":{"loadRemote":false,"parameters":{}},"annotations":{},"field":{"lines":null,"input":{}}}}]}]},{"name":"Input","localizedName":"Hjelpefelt","localizedNames":{"en":"*Input (en)","nb":"Hjelpefelt"},"localizedDescriptions":{},"rmType":"GENERIC_FIELD","min":0,"max":-1,"inputs":[{"type":"TEXT","list":[],"listOpen":false}],"formId":"generic-field-40419","viewConfig":{"multiplicity":{"min":0,"max":-1},"advanced":{"hidden":true,"readonly":false,"hideFrame":false,"render":false},"label":{"custom":false,"useLocalizations":false},"size":{"field":"inherit","label":"3"},"layout":{"label":{"valign":"inherit","align":"inherit"},"field":{"valign":"inherit","align":"inherit"}},"annotations":{"calc":"sum(if(isnull($su_bestillingutstyr), 0, 1), \r\nif(isnull($su_bookingutstyr), 0, 1), \r\nif(isnull($su_spesialutstyr), 0, 1))"},"field":{"lines":null,"input":{},"type":"DV_TEXT"}}}]}