{"formId":"form_root","name":"Form root","rmType":"FORM_DEFINITION","viewConfig":{"label":{"custom":false,"value":"","useLocalizations":false,"localizationsList":{}},"size":{"field":"inherit","label":"inherit","fill":"inherit"},"layout":{"valign":"inherit","align":"inherit"},"tags":[],"annotations":{"#sistesaps":"select c/uid/value as cid, o from composition c contains observation o[openEHR-EHR-OBSERVATION.saps_score.v0] order by o/data/origin desc limit 1?scope=folder","#nems":"SELECT c/uid/value as cid, o FROM COMPOSITION c CONTAINS OBSERVATION o[openEHR-EHR-OBSERVATION.nems_score.v0] ORDER BY o/data/origin/value DESC?scope=folder"}},"language":"","templateLanguages":["nb"],"children":[{"localizedName":"Fieldset","localizedNames":{"nb":"SAPS registrering"},"min":0,"max":-1,"name":"Fieldset","rmType":"GENERIC_FIELDSET","fid":"generic-field-88292","formId":"generic-field-88292","children":[{"name":"Saps score","localizedName":"Saps score","rmType":"OBSERVATION","nodeId":"openEHR-EHR-OBSERVATION.saps_score.v0","min":0,"max":-1,"localizedNames":{"nb":"Saps score"},"localizedDescriptions":{"nb":"unknown"},"aqlPath":"/content[openEHR-EHR-OBSERVATION.saps_score.v0]","children":[{"name":"SAPS score","localizedName":"SAPS score","rmType":"DV_COUNT","nodeId":"at0025","min":0,"max":1,"localizedNames":{"nb":"SAPS score"},"localizedDescriptions":{"nb":"*"},"aqlPath":"/content[openEHR-EHR-OBSERVATION.saps_score.v0]/data[at0001]/events[at0002]/data[at0003]/items[at0025]/value","inputs":[{"type":"INTEGER","validation":{"range":{"minOp":">=","min":0}}}],"formId":"klinisk_kontakt/saps_score/saps_score","viewConfig":{"label":{"custom":false,"value":"","useLocalizations":false,"localizationsList":{}},"size":{"field":"inherit","label":"inherit","fill":"inherit"},"layout":{"label":{"valign":"inherit","align":"inherit"},"field":{"valign":"inherit","align":"inherit"}},"datasource":{"loadRemote":false,"loadRemoteUrl":"","terminology":""},"field":{}},"fid":"klinisk_kontakt/saps_score/saps_score"},{"name":"Mortalitet score","localizedName":"Mortalitet score","rmType":"DV_COUNT","nodeId":"at0026","min":0,"max":1,"localizedNames":{"nb":"Mortalitet score"},"localizedDescriptions":{"nb":"*"},"aqlPath":"/content[openEHR-EHR-OBSERVATION.saps_score.v0]/data[at0001]/events[at0002]/data[at0003]/items[at0026]/value","inputs":[{"type":"INTEGER","validation":{"range":{"minOp":">=","min":0}}}],"formId":"klinisk_kontakt/saps_score/mortalitet_score","viewConfig":{"label":{"custom":false,"value":"","useLocalizations":false,"localizationsList":{}},"size":{"field":"inherit","label":"inherit","fill":"inherit"},"layout":{"label":{"valign":"inherit","align":"inherit"},"field":{"valign":"inherit","align":"inherit"}},"datasource":{"loadRemote":false,"loadRemoteUrl":"","terminology":""},"field":{}},"fid":"klinisk_kontakt/saps_score/mortalitet_score"}],"fid":"klinisk_kontakt/saps_score","formId":"klinisk_kontakt/saps_score","viewConfig":{"label":{"custom":true,"value":"SAPS score","useLocalizations":false,"localizationsList":{}},"size":{"field":"inherit","label":"inherit","fill":"inherit"},"layout":{"label":{"valign":"inherit","align":"inherit"},"field":{"valign":"inherit","align":"inherit"}},"field":{},"annotations":{"selectreadonly":"{#sistesaps}"},"advanced":{"hidden":false,"readonly":false,"render":false},"multiplicity":{"min":"0","max":"1"},"tags":["HideLabel"]}}],"viewConfig":{"label":{"custom":true,"value":"SAPS registrering","useLocalizations":true,"localizationsList":{"nb":"SAPS registrering"}},"size":{"field":"inherit","label":"inherit","fill":"inherit"},"layout":{"label":{"valign":"inherit","align":"inherit"},"field":{"valign":"inherit","align":"inherit"}},"field":{},"advanced":{"hidden":false,"readonly":false,"render":false},"multiplicity":{"min":"1","max":"1"},"tags":[]}},{"localizedName":"Fieldset","localizedNames":{"nb":"NEMS registrering"},"min":0,"max":-1,"name":"Fieldset","rmType":"GENERIC_FIELDSET","fid":"generic-field-74967","formId":"generic-field-74967","children":[{"name":"Nems score","localizedName":"Nems score","rmType":"OBSERVATION","nodeId":"openEHR-EHR-OBSERVATION.nems_score.v0","min":0,"max":-1,"localizedNames":{"nb":"Nems score"},"localizedDescriptions":{"nb":"unknown"},"aqlPath":"/content[openEHR-EHR-OBSERVATION.nems_score.v0]","children":[{"name":"Time","rmType":"DV_DATE_TIME","min":1,"max":1,"aqlPath":"/content[openEHR-EHR-OBSERVATION.nems_score.v0]/data[at0001]/events[at0002]/time","inputs":[{"type":"DATETIME"}],"inContext":true,"fid":"klinisk_kontakt/nems_score/time","formId":"klinisk_kontakt/nems_score/time","viewConfig":{"label":{"custom":true,"value":"Tidspunkt","useLocalizations":false,"localizationsList":{}},"size":{"field":"inherit","label":"inherit","fill":"inherit"},"layout":{"label":{"valign":"inherit","align":"inherit"},"field":{"valign":"inherit","align":"inherit"}},"datasource":{"loadRemote":false,"loadRemoteUrl":"","terminology":""},"advanced":{"hidden":false,"readonly":false},"multiplicity":{"min":"1","max":"1"},"tags":[],"field":{"input":{"dateFormat":"","hideDate":false,"hideTime":false}}},"defaultValue":{"value":""}},{"name":"Nems Score","localizedName":"Nems Score","rmType":"DV_COUNT","nodeId":"at0015","min":0,"max":1,"localizedNames":{"nb":"Nems Score"},"localizedDescriptions":{"nb":"*"},"aqlPath":"/content[openEHR-EHR-OBSERVATION.nems_score.v0]/data[at0001]/events[at0002]/data[at0003]/items[at0015]/value","inputs":[{"type":"INTEGER","validation":{"range":{"minOp":">=","min":0}}}],"formId":"klinisk_kontakt/nems_score/nems_score","viewConfig":{"label":{"custom":false,"value":"","useLocalizations":false,"localizationsList":{}},"size":{"field":"inherit","label":"inherit","fill":"inherit"},"layout":{"label":{"valign":"inherit","align":"inherit"},"field":{"valign":"inherit","align":"inherit"}},"datasource":{"loadRemote":false,"loadRemoteUrl":"","terminology":""},"advanced":{"hidden":false,"readonly":false},"multiplicity":{"min":"1","max":"1"},"tags":[],"field":{}},"fid":"klinisk_kontakt/nems_score/nems_score"}],"fid":"klinisk_kontakt/nems_score","formId":"klinisk_kontakt/nems_score","viewConfig":{"label":{"custom":true,"value":"NEMS score","useLocalizations":false,"localizationsList":{}},"size":{"field":"inherit","label":"inherit","fill":"inherit"},"layout":{"label":{"valign":"inherit","align":"inherit"},"field":{"valign":"inherit","align":"inherit"}},"field":{},"advanced":{"hidden":false,"readonly":false,"render":false},"multiplicity":{"min":"0","max":"100"},"tags":["hidelabel"],"annotations":{"selectreadonly":"{#nems}"}}}],"viewConfig":{"label":{"custom":true,"value":"NEMS registrering","useLocalizations":true,"localizationsList":{"nb":"NEMS registrering"}},"advanced":{"hidden":false,"readonly":false,"render":false},"multiplicity":{"min":"0","max":"100"},"size":{"field":"inherit","label":"inherit","fill":"inherit"},"layout":{"label":{"valign":"inherit","align":"inherit"},"field":{"valign":"inherit","align":"inherit"}},"field":{},"tags":[]}}]}