[{"col":1,"row":1,"width":6,"height":8,"children":[{"id":"hv_ernaeringrisikovurdering/kroppsvekt/uspesifisert_hendelse/kroppsvekt","rows":[]},{"id":"hv_ernaeringrisikovurdering/kroppsvekt/uspesifisert_hendelse/kommentar","rows":[]}]},{"col":7,"row":1,"width":6,"height":8,"children":[{"id":"hv_ernaeringrisikovurdering/høyde_lengde/uspesifisert_hendelse/høyde_lengde","rows":[]},{"id":"generic-field-03174","rows":[{"cols":[{"width":"100%","children":[]}]}]}]},{"col":1,"row":9,"width":6,"height":16,"children":[{"id":"hv_ernaeringrisikovurdering/tidligere_kroppsvekt@Tidligere kroppsvekt/tidligere_kroppsvekt@Tidligere kroppsvekt/uspesifisert_hendelse/tidligere_kroppsvekt@Tidligere kroppsvekt","rows":[]},{"id":"hv_ernaeringrisikovurdering/tidligere_kroppsvekt@Tidligere kroppsvekt/tidligere_kroppsvekt@Tidligere kroppsvekt/uspesifisert_hendelse/time","rows":[]},{"id":"hv_ernaeringrisikovurdering/hv_tm_ernaring_regelverk_for_risiko_dips/any_event/antall_måneder_siden_forrige_vekt","rows":[]},{"id":"hv_ernaeringrisikovurdering/hv_tm_ernaring_regelverk_for_risiko_dips/any_event/månedspoeng","rows":[]},{"id":"hv_ernaeringrisikovurdering/hv_tm_ernaring_regelverk_for_risiko_dips/any_event/prosentpoeng","rows":[]},{"id":"hv_ernaeringrisikovurdering/hv_tm_ernaring_regelverk_for_risiko_dips/any_event/månedprosent","rows":[]}]},{"col":7,"row":9,"width":6,"height":16,"children":[{"id":"hv_ernaeringrisikovurdering/kroppsmasseindeks/uspesifisert_hendelse/kroppsmasseindeks","rows":[]},{"id":"hv_ernaeringrisikovurdering/hv_ernaeringsscreening_allmenntilstand/allmenntilstand","rows":[]},{"id":"hv_ernaeringrisikovurdering/hv_tm_weightlossdegree_dips/any_event/grad_av_vekttap","rows":[]}]},{"col":1,"row":25,"width":12,"height":7,"children":[{"id":"generic-field-44058","rows":[{"cols":[{"width":"50%","children":[{"id":"hv_ernaeringrisikovurdering/hv_tm_weightlossdegree_dips/any_event/vekttap_beregning_kg","rows":[]}]},{"width":"50%","children":[{"id":"hv_ernaeringrisikovurdering/hv_tm_weightlossdegree_dips/any_event/beregnet_vekttap_i_prosent","rows":[]}]}]}]}]},{"col":1,"row":32,"width":12,"height":5,"children":[{"id":"hv_ernaeringrisikovurdering/hv_tm_food_intake_reduction_dips/any_event/har_pasienten_hatt_redusert_matinntak_siste_uke2","rows":[]}]},{"col":1,"row":37,"width":12,"height":4,"children":[{"id":"hv_ernaeringrisikovurdering/screening_for_ernæringsmessig_risiko/uspesifisert_hendelse/hovedscreening/ernæringsstatus","rows":[]}]},{"col":1,"row":41,"width":12,"height":5,"children":[{"id":"hv_ernaeringrisikovurdering/screening_for_ernæringsmessig_risiko/uspesifisert_hendelse/hovedscreening/sykdommens_alvorlighetsgrad","rows":[]}]},{"col":1,"row":46,"width":12,"height":5,"children":[]},{"col":1,"row":51,"width":12,"height":8,"children":[{"id":"hv_ernaeringrisikovurdering/hv_ernaeringsscreening_behandling/planlagt_behandling_som_vil_medføre_vekttap3","rows":[]},{"id":"hv_ernaeringrisikovurdering/er_kalk_dips/any_event/behandling_score","rows":[]}]},{"col":1,"row":59,"width":12,"height":177,"children":[{"id":"hv_ernaeringrisikovurdering/hv_tm_ernaring_regelverk_for_risiko_dips/any_event/1.\ternæring_og_almenntilstand_(0-3_skår):_max","rows":[]},{"id":"hv_ernaeringrisikovurdering/hv_tm_ernaring_regelverk_for_risiko_dips/any_event/3.\tøkt_behov_pga_sykdom_skade_(0-3_skår):_max","rows":[]},{"id":"hv_ernaeringrisikovurdering/hv_tm_ernaring_regelverk_for_risiko_dips/any_event/alder_ved_screening","rows":[]},{"id":"hv_ernaeringrisikovurdering/screening_for_ernæringsmessig_risiko/uspesifisert_hendelse/hovedscreening/er_pasientens_alder_≥_70_år","rows":[]},{"id":"hv_ernaeringrisikovurdering/hv_tm_ernaring_regelverk_for_risiko_dips/any_event/alder_(0-1_skår):_max","rows":[]},{"id":"hv_ernaeringrisikovurdering/screening_for_ernæringsmessig_risiko/uspesifisert_hendelse/hovedscreening/total_score","rows":[]},{"id":"hv_ernaeringrisikovurdering/hv_ps_er/ernæringsmessig_risiko2","rows":[]},{"id":"generic-field-44804","rows":[{"cols":[{"width":"100%","children":[]}]}]},{"id":"generic-field-49393","rows":[{"cols":[{"width":"100%","children":[{"id":"generic-field-78178","rows":[{"cols":[{"width":"100%","children":[]}]}]},{"id":"generic-field-33176","rows":[{"cols":[{"width":"100%","children":[]}]}]}]}]}]},{"id":"generic-field-16024","rows":[{"cols":[{"width":"100%","children":[{"id":"generic-field-65332","rows":[{"cols":[{"width":"100%","children":[]}]}]}]}]}]},{"id":"generic-field-71062","rows":[{"cols":[{"width":"100%","children":[{"id":"hv_ernaeringrisikovurdering/er_kalk_dips/any_event/matinntak_score","rows":[]},{"id":"hv_ernaeringrisikovurdering/hv_tm_ernaring_regelverk_for_risiko_dips/any_event/vekttap","rows":[]},{"id":"hv_ernaeringrisikovurdering/hv_tm_ernaring_regelverk_for_risiko_dips/any_event/bmi_18,5_-_20,5","rows":[]},{"id":"hv_ernaeringrisikovurdering/hv_tm_ernaring_regelverk_for_risiko_dips/any_event/bmi_<_18,5_+_nedsatt_allmenntilstand","rows":[]},{"id":"hv_ernaeringrisikovurdering/hv_tm_ernaring_regelverk_for_risiko_dips/any_event/bmi<18,5","rows":[]},{"id":"hv_ernaeringrisikovurdering/er_kalk_dips/any_event/allmenntilstand_bmi_score","rows":[]},{"id":"hv_ernaeringrisikovurdering/hv_tm_ernaring_regelverk_for_risiko_dips/any_event/nedsatt_allmenntilstand","rows":[]},{"id":"hv_ernaeringrisikovurdering/hv_tm_ernaring_regelverk_for_risiko_dips/any_event/bmi_18,5_-_20,5_+_normal_allmenntilstand","rows":[]},{"id":"hv_ernaeringrisikovurdering/hv_tm_ernaring_regelverk_for_risiko_dips/any_event/>5_%_vekttap_siste_2_mnd","rows":[]}]}]}]}]},{"col":1,"row":236,"width":12,"height":2,"children":[]}]