[{"col":1,"row":1,"width":12,"height":13,"children":[{"id":"generic-field-44083","rows":[{"cols":[{"width":"50%","children":[{"id":"plo_status_v3/plo_status/tidligmelding_sendt"}]},{"width":"50%","children":[{"id":"plo_status_v3/plo_status/tm_dato"}]}]},{"cols":[{"width":"50%","children":[{"id":"plo_status_v3/plo_status/helseopplysninger_sendt"}]},{"width":"50%","children":[{"id":"plo_status_v3/plo_status/ho_dato"}]}]},{"cols":[{"width":"50%","children":[{"id":"plo_status_v3/plo_status/utskrivingsklar_pasient_sendt"}]},{"width":"50%","children":[{"id":"plo_status_v3/plo_status/uk_dato"}]}]}]}]}]