[{"col":1,"row":1,"width":25,"height":253,"children":[{"id":"vte_screening/screening_for_tromboserisiko","rows":[{"cols":[{"width":"100%","children":[{"id":"vte_screening/screening_for_tromboserisiko/any_event","rows":[{"cols":[{"width":"100%","children":[{"id":"vte_screening/screening_for_tromboserisiko/any_event/time","rows":[]},{"id":"vte_screening/screening_for_tromboserisiko/any_event/innledende_screening","rows":[{"cols":[{"width":"100%","children":[{"id":"vte_screening/screening_for_tromboserisiko/any_event/innledende_screening/type_pasient","rows":[]}]}]}]},{"id":"vte_screening/screening_for_tromboserisiko/any_event/tromboserisiko","rows":[{"cols":[{"width":"100%","children":[{"id":"vte_screening/screening_for_tromboserisiko/any_event/tromboserisiko/pasientrelatert","rows":[{"cols":[{"width":"100%","children":[{"id":"vte_screening/screening_for_tromboserisiko/any_event/tromboserisiko/pasientrelatert/alder_>_60","rows":[]},{"id":"vte_screening/screening_for_tromboserisiko/any_event/tromboserisiko/pasientrelatert/aktiv_kreft_eller_pågående_kreftbehandling","rows":[]},{"id":"vte_screening/screening_for_tromboserisiko/any_event/tromboserisiko/pasientrelatert/dehydrert","rows":[]},{"id":"vte_screening/screening_for_tromboserisiko/any_event/tromboserisiko/pasientrelatert/kjent_trombofili","rows":[]},{"id":"vte_screening/screening_for_tromboserisiko/any_event/tromboserisiko/pasientrelatert/sykelig_overvekt","rows":[]},{"id":"vte_screening/screening_for_tromboserisiko/any_event/tromboserisiko/pasientrelatert/en_eller_flere_medisinsk_relevante_komorbiditeter","rows":[]},{"id":"vte_screening/screening_for_tromboserisiko/any_event/tromboserisiko/pasientrelatert/førstegradsslektning_med_tidligere_venøs_trombose","rows":[]},{"id":"vte_screening/screening_for_tromboserisiko/any_event/tromboserisiko/pasientrelatert/bruker_hormontilskudd_(hrt)","rows":[]},{"id":"vte_screening/screening_for_tromboserisiko/any_event/tromboserisiko/pasientrelatert/bruker_antikonsepsjonsmiddel_som_inneholder_østrogen","rows":[]},{"id":"vte_screening/screening_for_tromboserisiko/any_event/tromboserisiko/pasientrelatert/varicer_med_thrombophlebitt","rows":[]},{"id":"vte_screening/screening_for_tromboserisiko/any_event/tromboserisiko/pasientrelatert/gravid_eller_<_6_uker_post_partum","rows":[]}]}]}]},{"id":"vte_screening/screening_for_tromboserisiko/any_event/tromboserisiko/innleggelsesrelatert","rows":[{"cols":[{"width":"100%","children":[{"id":"vte_screening/screening_for_tromboserisiko/any_event/tromboserisiko/innleggelsesrelatert/betydelig_redusert_mobilitet_>_3_dager","rows":[]},{"id":"vte_screening/screening_for_tromboserisiko/any_event/tromboserisiko/innleggelsesrelatert/hofte_eller_kneoperasjon","rows":[]},{"id":"vte_screening/screening_for_tromboserisiko/any_event/tromboserisiko/innleggelsesrelatert/hoftebrudd","rows":[]},{"id":"vte_screening/screening_for_tromboserisiko/any_event/tromboserisiko/innleggelsesrelatert/total_operasjonstid_(anestesi_+_kirurgi)_>_90_min","rows":[]},{"id":"vte_screening/screening_for_tromboserisiko/any_event/tromboserisiko/innleggelsesrelatert/kirurgi_på_nedre_ekstremitet_med_operasjonstid_(anestesi_+_kirurgi)_>60_min","rows":[]},{"id":"vte_screening/screening_for_tromboserisiko/any_event/tromboserisiko/innleggelsesrelatert/akutt_kirurgisk_innleggelse_med_betennelsestilstand_eller_intra-abdominell_tilstand","rows":[]},{"id":"vte_screening/screening_for_tromboserisiko/any_event/tromboserisiko/innleggelsesrelatert/innleggelse_på_intensivavdelingen","rows":[]},{"id":"vte_screening/screening_for_tromboserisiko/any_event/tromboserisiko/innleggelsesrelatert/kirurgi_som_medfører_betydelig_reduksjon_i_mobilitet","rows":[]}]}]}]},{"id":"vte_screening/screening_for_tromboserisiko/any_event/tromboserisiko/tromboserisiko","rows":[]}]}]}]},{"id":"vte_screening/screening_for_tromboserisiko/any_event/blødningsrisiko","rows":[{"cols":[{"width":"100%","children":[{"id":"vte_screening/screening_for_tromboserisiko/any_event/blødningsrisiko/pasientrelatert","rows":[{"cols":[{"width":"100%","children":[{"id":"vte_screening/screening_for_tromboserisiko/any_event/blødningsrisiko/pasientrelatert/aktiv_blødning","rows":[]},{"id":"vte_screening/screening_for_tromboserisiko/any_event/blødningsrisiko/pasientrelatert/ervervet_blødningsforstyrrelse","rows":[]},{"id":"vte_screening/screening_for_tromboserisiko/any_event/blødningsrisiko/pasientrelatert/bruk_av_antikoagulantia_med_kjent_økt_risiko_for_blødning","rows":[]},{"id":"vte_screening/screening_for_tromboserisiko/any_event/blødningsrisiko/pasientrelatert/akutt_slaganfall","rows":[]},{"id":"vte_screening/screening_for_tromboserisiko/any_event/blødningsrisiko/pasientrelatert/trombocytopeni","rows":[]},{"id":"vte_screening/screening_for_tromboserisiko/any_event/blødningsrisiko/pasientrelatert/ukontrollert_systolisk_hypertensjon","rows":[]},{"id":"vte_screening/screening_for_tromboserisiko/any_event/blødningsrisiko/pasientrelatert/ubehandlete_arvelige_blødningssykdommer","rows":[]}]}]}]},{"id":"vte_screening/screening_for_tromboserisiko/any_event/blødningsrisiko/innleggelsesrelatert","rows":[{"cols":[{"width":"100%","children":[{"id":"vte_screening/screening_for_tromboserisiko/any_event/blødningsrisiko/innleggelsesrelatert/nevrokirurgi,_spinalkirurgi_eller_øyekirurgi","rows":[]},{"id":"vte_screening/screening_for_tromboserisiko/any_event/blødningsrisiko/innleggelsesrelatert/annen_prosedyre_med_høy_blødningsrisiko","rows":[]},{"id":"vte_screening/screening_for_tromboserisiko/any_event/blødningsrisiko/innleggelsesrelatert/forventet_lumbal_spinal_epiduralanestesi_innen_de_neste_12_timene","rows":[]},{"id":"vte_screening/screening_for_tromboserisiko/any_event/blødningsrisiko/innleggelsesrelatert/lumbal_spinal_epiduralanestesi_de_siste_4_timene","rows":[]}]}]}]},{"id":"vte_screening/screening_for_tromboserisiko/any_event/blødningsrisiko/blødningsrisiko","rows":[]}]}]}]}]}]}]}]}]}]},{"id":"vte_screening/tromboserisiko@Tromboserisiko","rows":[{"cols":[{"width":"100%","children":[{"id":"vte_screening/tromboserisiko@Tromboserisiko/tromboserisiko@Tromboserisiko","rows":[]}]}]}]},{"id":"vte_screening/blødningsrisiko@Blødningsrisiko","rows":[{"cols":[{"width":"100%","children":[{"id":"vte_screening/blødningsrisiko@Blødningsrisiko/blødningsrisiko@Blødningsrisiko","rows":[]}]}]}]}]}]