[{"col":1,"row":1,"width":12,"height":8,"children":[{"id":"generic-field-79350","rows":[{"cols":[{"width":"50%","children":[{"id":"epikrise/utskrivelsesinformasjon/starttid"},{"id":"epikrise/utskrivelsesinformasjon/utskrivende_enhet"},{"id":"epikrise/utskrivelsesinformasjon/fastlege"}]},{"width":"50%","children":[{"id":"epikrise/utskrivelsesinformasjon/sluttid"},{"id":"epikrise/utskrivelsesinformasjon/utskrevet_til"}]}]}]}]},{"col":1,"row":9,"width":12,"height":4,"children":[{"id":"epikrise/problem_diagnose","rows":[{"cols":[{"width":"100%","children":[{"id":"epikrise/problem_diagnose/problem_diagnosenavn"}]}]}]}]},{"col":1,"row":13,"width":12,"height":18,"children":[{"id":"generic-field-22966","rows":[{"cols":[{"width":"100%","children":[{"id":"epikrise/kontaktårsak/klinisk_kontaktårsak"},{"id":"epikrise/anamnese/anamnese"},{"id":"epikrise/familie-_og_sosialanamnese","rows":[{"cols":[{"width":"100%","children":[{"id":"epikrise/familie-_og_sosialanamnese/beskrivelse"}]}]}]}]}]}]},{"id":"epikrise/familie-_og_sosialanamnese/mindrearige_barn_med_behov_for_oppfolging","rows":[{"cols":[{"width":"100%","children":[{"id":"epikrise/familie-_og_sosialanamnese/mindrearige_barn_med_behov_for_oppfolging/barn_med_behov_for_oppfølging"},{"id":"epikrise/familie-_og_sosialanamnese/mindrearige_barn_med_behov_for_oppfolging/utfyllende_informasjon"}]}]}]}]},{"col":1,"row":31,"width":12,"height":9,"children":[{"id":"epikrise/prosedyre","rows":[{"cols":[{"width":"100%","children":[{"id":"epikrise/prosedyre/prosedyrenavn"}]}]},{"cols":[{"width":"50%","children":[{"id":"epikrise/prosedyre/beskrivelse"}]},{"width":"50%","children":[{"id":"epikrise/prosedyre/resultat"}]}]},{"cols":[{"width":"100%","children":[{"id":"epikrise/prosedyre/ism_transition/careflow_step"}]}]}]}]},{"col":1,"row":40,"width":12,"height":6,"children":[{"id":"epikrise/sammendrag_funn_og_undersokelser","rows":[{"cols":[{"width":"100%","children":[{"id":"epikrise/sammendrag_funn_og_undersokelser/funn_og_undersøkelsesresultater"},{"id":"epikrise/sammendrag_funn_og_undersokelser/ubesvarte_prøver_og_undersøkelser"}]}]}]}]},{"col":1,"row":46,"width":12,"height":79,"children":[{"id":"epikrise/legemiddelforordning","rows":[{"cols":[{"width":"100%","children":[{"id":"epikrise/legemiddelforordning/forordning/legemiddel"},{"id":"epikrise/legemiddelforordning/forordning/beskrivelse_av_doseringsanvisninger"},{"id":"epikrise/legemiddelforordning/forordning/bruksområde"},{"id":"epikrise/legemiddelforordning/medication_prescription_no/refusjonshjemmel"},{"id":"epikrise/legemiddelforordning/medication_prescription_no/refusjonskode"}]}]}]}]},{"col":1,"row":125,"width":12,"height":38,"children":[{"id":"generic-field-19529","rows":[{"cols":[{"width":"100%","children":[{"id":"epikrise/forløp_og_vurdering","rows":[{"cols":[{"width":"100%","children":[{"id":"epikrise/forløp_og_vurdering/sammendrag"}]}]}]},{"id":"epikrise/videre_oppfølging","rows":[{"cols":[{"width":"100%","children":[{"id":"epikrise/videre_oppfølging/oppfølgingsaktivitet/tjeneste"},{"id":"epikrise/videre_oppfølging/oppfølgingsaktivitet/detaljer"}]}]},{"cols":[{"width":"50%","children":[{"id":"epikrise/videre_oppfølging/oppfølgingsaktivitet/avtalens_dato_og_tid"}]},{"width":"50%","children":[]}]}]},{"id":"epikrise/aktuelt_funksjonsniva_og_hjelpetiltak","rows":[{"cols":[{"width":"100%","children":[{"id":"epikrise/aktuelt_funksjonsniva_og_hjelpetiltak/funksjonsnivå"},{"id":"epikrise/aktuelt_funksjonsniva_og_hjelpetiltak/anbefalte_hjelpetiltak"},{"id":"epikrise/aktuelt_funksjonsniva_og_hjelpetiltak/oppsummering"}]}]}]},{"id":"epikrise/informasjon_til_pasient_og_parorende","rows":[{"cols":[{"width":"100%","children":[{"id":"epikrise/informasjon_til_pasient_og_parorende/beskrivelse_av_informasjonen_som_er_gitt"}]}]}]}]}]}]}]}]