[{"field":"dips_bds/bds_sjekkliste_trygg_kirurgi_2/uønskede_hendelser/endring_i_bestilt_inngrep","conditions":[{"operator":"is","value":{"value":"True"},"actions":[{"action":"show","target":"dips_bds/bds_sjekkliste_trygg_kirurgi_2/uønskede_hendelser/nyttfelt"}]},{"operator":"isnot","value":{"value":"True"},"actions":[{"action":"hide","target":"dips_bds/bds_sjekkliste_trygg_kirurgi_2/uønskede_hendelser/nyttfelt"},{"action":"clear","target":"dips_bds/bds_sjekkliste_trygg_kirurgi_2/uønskede_hendelser/nyttfelt"}]}]},{"field":"dips_bds/bds_sjekkliste_trygg_kirurgi_2/uønskede_hendelser/endring_i_best._anestesimetode","conditions":[{"operator":"is","value":{"value":"True"},"actions":[{"action":"show","target":"dips_bds/bds_sjekkliste_trygg_kirurgi_2/uønskede_hendelser/nyttfelt2"}]},{"operator":"isnot","value":{"value":"True"},"actions":[{"action":"hide","target":"dips_bds/bds_sjekkliste_trygg_kirurgi_2/uønskede_hendelser/nyttfelt2"},{"action":"clear","target":"dips_bds/bds_sjekkliste_trygg_kirurgi_2/uønskede_hendelser/nyttfelt2"}]}]},{"field":"dips_bds/bds_sjekkliste_trygg_kirurgi_2/uønskede_hendelser/feil_svikt_mangel_på_utstyr","conditions":[{"operator":"is","value":{"value":"True"},"actions":[{"action":"show","target":"dips_bds/bds_sjekkliste_trygg_kirurgi_2/uønskede_hendelser/nyttfelt4"}]},{"operator":"isnot","value":{"value":"True"},"actions":[{"action":"hide","target":"dips_bds/bds_sjekkliste_trygg_kirurgi_2/uønskede_hendelser/nyttfelt4"},{"action":"clear","target":"dips_bds/bds_sjekkliste_trygg_kirurgi_2/uønskede_hendelser/nyttfelt4"}]}]},{"field":"dips_bds/bds_sjekkliste_trygg_kirurgi_2/uønskede_hendelser/kirurgisk_komplikasjon","conditions":[{"operator":"is","value":{"value":"True"},"actions":[{"action":"show","target":"dips_bds/bds_sjekkliste_trygg_kirurgi_2/uønskede_hendelser/nyttfelt5"}]},{"operator":"isnot","value":{"value":"True"},"actions":[{"action":"hide","target":"dips_bds/bds_sjekkliste_trygg_kirurgi_2/uønskede_hendelser/nyttfelt5"},{"action":"clear","target":"dips_bds/bds_sjekkliste_trygg_kirurgi_2/uønskede_hendelser/nyttfelt5"}]}]},{"field":"dips_bds/bds_sjekkliste_trygg_kirurgi_2/uønskede_hendelser/spesielle_hendelser_anestesi","conditions":[{"operator":"is","value":{"value":"True"},"actions":[{"action":"show","target":"dips_bds/bds_sjekkliste_trygg_kirurgi_2/uønskede_hendelser/nyttfelt6"}]},{"operator":"isnot","value":{"value":"True"},"actions":[{"action":"hide","target":"dips_bds/bds_sjekkliste_trygg_kirurgi_2/uønskede_hendelser/nyttfelt6"},{"action":"clear","target":"dips_bds/bds_sjekkliste_trygg_kirurgi_2/uønskede_hendelser/nyttfelt6"}]}]},{"field":"dips_bds/bds_sjekkliste_trygg_kirurgi_2/uønskede_hendelser/annet_diverse","conditions":[{"operator":"is","value":{"value":"True"},"actions":[{"action":"show","target":"dips_bds/bds_sjekkliste_trygg_kirurgi_2/uønskede_hendelser/nyttfelt7"}]},{"operator":"isnot","value":{"value":"True"},"actions":[{"action":"hide","target":"dips_bds/bds_sjekkliste_trygg_kirurgi_2/uønskede_hendelser/nyttfelt7"},{"action":"clear","target":"dips_bds/bds_sjekkliste_trygg_kirurgi_2/uønskede_hendelser/nyttfelt7"}]}]},{"field":"dips_bds/bds_sjekkliste_trygg_kirurgi_2/uønskede_hendelser/prosedyre_ikke_fulgt","conditions":[{"operator":"is","value":{"value":"True"},"actions":[{"action":"show","target":"dips_bds/bds_sjekkliste_trygg_kirurgi_2/uønskede_hendelser/nyttfelt3"}]},{"operator":"isnot","value":{"value":"True"},"actions":[{"action":"hide","target":"dips_bds/bds_sjekkliste_trygg_kirurgi_2/uønskede_hendelser/nyttfelt3"},{"action":"clear","target":"dips_bds/bds_sjekkliste_trygg_kirurgi_2/uønskede_hendelser/nyttfelt3"}]}]},{"field":"dips_bds/bds_sjekkliste_trygg_kirurgi_2/uønskede_hendelser/uønskede_hendelser","conditions":[{"operator":"is","value":{"value":"True"},"actions":[{"action":"show","target":"dips_bds/bds_sjekkliste_trygg_kirurgi_2/uønskede_hendelser/endring_i_bestilt_inngrep"},{"action":"show","target":"dips_bds/bds_sjekkliste_trygg_kirurgi_2/uønskede_hendelser/endring_i_best._anestesimetode"},{"action":"show","target":"dips_bds/bds_sjekkliste_trygg_kirurgi_2/uønskede_hendelser/prosedyre_ikke_fulgt"},{"action":"show","target":"dips_bds/bds_sjekkliste_trygg_kirurgi_2/uønskede_hendelser/feil_svikt_mangel_på_utstyr"},{"action":"show","target":"dips_bds/bds_sjekkliste_trygg_kirurgi_2/uønskede_hendelser/kirurgisk_komplikasjon"},{"action":"show","target":"dips_bds/bds_sjekkliste_trygg_kirurgi_2/uønskede_hendelser/spesielle_hendelser_anestesi"},{"action":"show","target":"dips_bds/bds_sjekkliste_trygg_kirurgi_2/uønskede_hendelser/annet_diverse"}]},{"operator":"isnot","value":{"value":"True"},"actions":[{"action":"hide","target":"dips_bds/bds_sjekkliste_trygg_kirurgi_2/uønskede_hendelser/endring_i_bestilt_inngrep"},{"action":"clear","target":"dips_bds/bds_sjekkliste_trygg_kirurgi_2/uønskede_hendelser/endring_i_bestilt_inngrep"},{"action":"hide","target":"dips_bds/bds_sjekkliste_trygg_kirurgi_2/uønskede_hendelser/endring_i_best._anestesimetode"},{"action":"clear","target":"dips_bds/bds_sjekkliste_trygg_kirurgi_2/uønskede_hendelser/endring_i_best._anestesimetode"},{"action":"hide","target":"dips_bds/bds_sjekkliste_trygg_kirurgi_2/uønskede_hendelser/prosedyre_ikke_fulgt"},{"action":"clear","target":"dips_bds/bds_sjekkliste_trygg_kirurgi_2/uønskede_hendelser/prosedyre_ikke_fulgt"},{"action":"hide","target":"dips_bds/bds_sjekkliste_trygg_kirurgi_2/uønskede_hendelser/feil_svikt_mangel_på_utstyr"},{"action":"clear","target":"dips_bds/bds_sjekkliste_trygg_kirurgi_2/uønskede_hendelser/feil_svikt_mangel_på_utstyr"},{"action":"hide","target":"dips_bds/bds_sjekkliste_trygg_kirurgi_2/uønskede_hendelser/kirurgisk_komplikasjon"},{"action":"clear","target":"dips_bds/bds_sjekkliste_trygg_kirurgi_2/uønskede_hendelser/kirurgisk_komplikasjon"},{"action":"hide","target":"dips_bds/bds_sjekkliste_trygg_kirurgi_2/uønskede_hendelser/spesielle_hendelser_anestesi"},{"action":"clear","target":"dips_bds/bds_sjekkliste_trygg_kirurgi_2/uønskede_hendelser/spesielle_hendelser_anestesi"},{"action":"hide","target":"dips_bds/bds_sjekkliste_trygg_kirurgi_2/uønskede_hendelser/annet_diverse"},{"action":"clear","target":"dips_bds/bds_sjekkliste_trygg_kirurgi_2/uønskede_hendelser/annet_diverse"}]}]},{"field":"dips_bds/bds_sjekkliste_trygg_kirurgi_2/temperatur/ikke_målt","conditions":[{"operator":"isnot","value":{"value":"True"},"actions":[{"action":"show","target":"dips_bds/bds_sjekkliste_trygg_kirurgi_2/temperatur/preoperativt"},{"action":"show","target":"dips_bds/bds_sjekkliste_trygg_kirurgi_2/temperatur/klokken"}]},{"operator":"is","value":{"value":"True"},"actions":[{"action":"hide","target":"dips_bds/bds_sjekkliste_trygg_kirurgi_2/temperatur/preoperativt"},{"action":"clear","target":"dips_bds/bds_sjekkliste_trygg_kirurgi_2/temperatur/preoperativt"},{"action":"hide","target":"dips_bds/bds_sjekkliste_trygg_kirurgi_2/temperatur/klokken"},{"action":"clear","target":"dips_bds/bds_sjekkliste_trygg_kirurgi_2/temperatur/klokken"}]}]},{"field":"dips_bds/bds_sjekkliste_trygg_kirurgi_2/temperatur/ikke_målt2","conditions":[{"operator":"isnot","value":{"value":"True"},"actions":[{"action":"show","target":"dips_bds/bds_sjekkliste_trygg_kirurgi_2/temperatur/postoperativt"},{"action":"show","target":"dips_bds/bds_sjekkliste_trygg_kirurgi_2/temperatur/klokken2"}]},{"operator":"is","value":{"value":"True"},"actions":[{"action":"hide","target":"dips_bds/bds_sjekkliste_trygg_kirurgi_2/temperatur/postoperativt"},{"action":"clear","target":"dips_bds/bds_sjekkliste_trygg_kirurgi_2/temperatur/postoperativt"},{"action":"hide","target":"dips_bds/bds_sjekkliste_trygg_kirurgi_2/temperatur/klokken2"},{"action":"clear","target":"dips_bds/bds_sjekkliste_trygg_kirurgi_2/temperatur/klokken2"}]}]}]