{"name":"Form root","localizedNames":{},"localizedDescriptions":{},"rmType":"FORM_DEFINITION","min":0,"max":0,"formId":"form_root","viewConfig":{"label":{"custom":false,"useLocalizations":false},"size":{"field":"inherit","label":"inherit"},"layout":{"label":{"valign":"inherit","align":"inherit"},"field":{"valign":"inherit","align":"inherit"}},"annotations":{}},"children":[{"name":"Tid og dato for opr.start","localizedName":"Tid og dato for opr.start","localizedNames":{"en":"*Tid og dato for opr.start (nb)","nb":"Tid og dato for opr.start"},"localizedDescriptions":{"nb":"*","en":"** (nb)"},"rmType":"CLUSTER","nodeId":"at0002","min":0,"max":1,"aqlPath":"/content[openEHR-EHR-EVALUATION.dips_bds_sjekkliste_trygg_kirurgi_2.v1]/data[at0001]/items[at0002]","inputs":[],"formId":"dips_bds/bds_sjekkliste_trygg_kirurgi_2/tid_og_dato_for_opr.start","viewConfig":{"multiplicity":{"min":0,"max":1},"advanced":{"hidden":false,"readonly":false,"hideFrame":false,"render":false},"label":{"custom":false,"useLocalizations":false},"size":{"field":"inherit","label":"inherit"},"layout":{"label":{"valign":"inherit","align":"inherit"},"field":{"valign":"inherit","align":"inherit"}},"annotations":{},"field":{}},"children":[{"name":"Operasjonsstart","localizedName":"Operasjonsstart","localizedNames":{"en":"*Operasjonsstart (nb)","nb":"Operasjonsstart"},"localizedDescriptions":{"nb":"*","en":"** (nb)"},"rmType":"DV_DATE_TIME","nodeId":"at0003","min":0,"max":1,"aqlPath":"/content[openEHR-EHR-EVALUATION.dips_bds_sjekkliste_trygg_kirurgi_2.v1]/data[at0001]/items[at0002]/items[at0003]/value","inputs":[{"type":"DATETIME","validation":{"pattern":"yyyy-mm-ddTHH:MM:SS"},"listOpen":false}],"formId":"dips_bds/bds_sjekkliste_trygg_kirurgi_2/tid_og_dato_for_opr.start/operasjonsstart","viewConfig":{"multiplicity":{"min":0,"max":1},"advanced":{"hidden":false,"readonly":false,"hideFrame":false,"render":false},"label":{"custom":false,"useLocalizations":false},"size":{"field":"medium","label":"inherit"},"layout":{"label":{"valign":"inherit","align":"inherit"},"field":{"valign":"inherit","align":"inherit"}},"annotations":{},"field":{"input":{"hideTime":false,"dateFormat":"","hideDate":false}}}}]},{"name":"Hårklipp","localizedName":"Hårklipp","localizedNames":{"en":"*Hårklipp (nb)","nb":"Hårklipp"},"localizedDescriptions":{"nb":"*","en":"** (nb)"},"rmType":"CLUSTER","nodeId":"at0005","min":0,"max":1,"aqlPath":"/content[openEHR-EHR-EVALUATION.dips_bds_sjekkliste_trygg_kirurgi_2.v1]/data[at0001]/items[at0005]","inputs":[],"formId":"dips_bds/bds_sjekkliste_trygg_kirurgi_2/hårklipp","viewConfig":{"multiplicity":{"min":0,"max":1},"advanced":{"hidden":false,"readonly":false,"hideFrame":false,"render":false},"label":{"custom":false,"useLocalizations":false},"size":{"field":"inherit","label":"inherit"},"layout":{"label":{"valign":"inherit","align":"inherit"},"field":{"valign":"inherit","align":"inherit"}},"annotations":{},"field":{}},"children":[{"name":"Hårklipp er utført iht. prosedyre","localizedName":"Hårklipp er utført iht. prosedyre","localizedNames":{"en":"*Hårklipp er utført iht. prosedyre (nb)","nb":"Hårklipp er utført iht. prosedyre"},"localizedDescriptions":{"nb":"*","en":"** (nb)"},"rmType":"DV_CODED_TEXT","nodeId":"at0006","min":0,"max":1,"aqlPath":"/content[openEHR-EHR-EVALUATION.dips_bds_sjekkliste_trygg_kirurgi_2.v1]/data[at0001]/items[at0005]/items[at0006]/value","inputs":[{"suffix":"code","type":"CODED_TEXT","list":[{"value":"at0053","label":"Ja","ordinal":0,"localizedLabels":{"nb":"Ja","en":"*Ja (nb)"},"localizedDescriptions":{"nb":"Ja","en":"*Ja (nb)"}},{"value":"at0054","label":"Nei","ordinal":0,"localizedLabels":{"nb":"Nei","en":"*Nei (nb)"},"localizedDescriptions":{"nb":"Nei","en":"*Nei (nb)"}},{"value":"at0055","label":"Ikke relevant","ordinal":0,"localizedLabels":{"nb":"Ikke relevant","en":"*Ikke relevant (nb)"},"localizedDescriptions":{"nb":"Ikke relevant","en":"*Ikke relevant (nb)"}}],"listOpen":false}],"formId":"dips_bds/bds_sjekkliste_trygg_kirurgi_2/hårklipp/hårklipp_er_utført_iht._prosedyre","viewConfig":{"multiplicity":{"min":0,"max":1},"advanced":{"hidden":false,"readonly":false,"hideFrame":false,"render":false},"label":{"custom":false,"useLocalizations":false},"size":{"field":"inherit","label":"inherit"},"layout":{"label":{"valign":"inherit","align":"top"},"field":{"valign":"inherit","align":"inherit"}},"annotations":{},"field":{"code":{"presentation":"radios","columns":"1"}}}}]},{"name":"Infeksjonsforebygging","localizedName":"Infeksjonsforebygging","localizedNames":{"en":"*Infeksjonsforebygging (nb)","nb":"Infeksjonsforebygging"},"localizedDescriptions":{"nb":"*","en":"** (nb)"},"rmType":"CLUSTER","nodeId":"at0010","min":0,"max":1,"aqlPath":"/content[openEHR-EHR-EVALUATION.dips_bds_sjekkliste_trygg_kirurgi_2.v1]/data[at0001]/items[at0010]","inputs":[],"formId":"dips_bds/bds_sjekkliste_trygg_kirurgi_2/infeksjonsforebygging","viewConfig":{"multiplicity":{"min":0,"max":1},"advanced":{"hidden":false,"readonly":false,"hideFrame":false,"render":false},"label":{"custom":false,"useLocalizations":false},"size":{"field":"inherit","label":"inherit"},"layout":{"label":{"valign":"inherit","align":"inherit"},"field":{"valign":"inherit","align":"inherit"}},"annotations":{},"field":{}},"children":[{"name":"Fullført antibiotika profylakse siste 60 min","localizedName":"Fullført antibiotika profylakse siste 60 min","localizedNames":{"en":"*Fullført antibiotika profylakse siste 60 min (nb)","nb":"Fullført antibiotika profylakse siste 60 min"},"localizedDescriptions":{"nb":"*","en":"** (nb)"},"rmType":"DV_CODED_TEXT","nodeId":"at0011","min":0,"max":1,"aqlPath":"/content[openEHR-EHR-EVALUATION.dips_bds_sjekkliste_trygg_kirurgi_2.v1]/data[at0001]/items[at0010]/items[at0011]/value","inputs":[{"suffix":"code","type":"CODED_TEXT","list":[{"value":"at0057","label":"Ja","ordinal":0,"localizedLabels":{"nb":"Ja","en":"*Ja (nb)"},"localizedDescriptions":{"nb":"Ja","en":"*Ja (nb)"}},{"value":"at0058","label":"Nei","ordinal":0,"localizedLabels":{"nb":"Nei","en":"*Nei (nb)"},"localizedDescriptions":{"nb":"Nei","en":"*Nei (nb)"}},{"value":"at0059","label":"Ikke relevant","ordinal":0,"localizedLabels":{"nb":"Ikke relevant","en":"*Ikke relevant (nb)"},"localizedDescriptions":{"nb":"Ikke relevant","en":"*Ikke relevant (nb)"}}],"listOpen":false}],"formId":"dips_bds/bds_sjekkliste_trygg_kirurgi_2/infeksjonsforebygging/fullført_antibiotika_profylakse_siste_60_min","viewConfig":{"multiplicity":{"min":0,"max":1},"advanced":{"hidden":false,"readonly":false,"hideFrame":false,"render":false},"label":{"custom":false,"useLocalizations":false},"size":{"field":"inherit","label":"inherit"},"layout":{"label":{"valign":"inherit","align":"top"},"field":{"valign":"inherit","align":"inherit"}},"annotations":{},"field":{"code":{"presentation":"radios","columns":"1"}}}}]},{"name":"Sjekkliste Trygg kirurgi","localizedName":"Sjekkliste Trygg kirurgi","localizedNames":{"en":"*Sjekkliste Trygg kirurgi (nb)","nb":"Sjekkliste Trygg kirurgi"},"localizedDescriptions":{"nb":"*","en":"** (nb)"},"rmType":"CLUSTER","nodeId":"at0017","min":0,"max":1,"aqlPath":"/content[openEHR-EHR-EVALUATION.dips_bds_sjekkliste_trygg_kirurgi_2.v1]/data[at0001]/items[at0017]","inputs":[],"formId":"dips_bds/bds_sjekkliste_trygg_kirurgi_2/sjekkliste_trygg_kirurgi","viewConfig":{"multiplicity":{"min":0,"max":1},"advanced":{"hidden":false,"readonly":false,"hideFrame":false,"render":false},"label":{"custom":false,"useLocalizations":false},"size":{"field":"inherit","label":"inherit"},"layout":{"label":{"valign":"inherit","align":"inherit"},"field":{"valign":"inherit","align":"inherit"}},"annotations":{},"field":{}},"children":[{"name":"Er gjennomgått muntlig iht. prosedyre","localizedName":"Er gjennomgått muntlig iht. prosedyre","localizedNames":{"en":"*Er gjennomgått muntlig iht. prosedyre (nb)","nb":"Er gjennomgått muntlig iht. prosedyre"},"localizedDescriptions":{"nb":"*","en":"** (nb)"},"rmType":"DV_TEXT","nodeId":"at0018","min":0,"max":1,"aqlPath":"/content[openEHR-EHR-EVALUATION.dips_bds_sjekkliste_trygg_kirurgi_2.v1]/data[at0001]/items[at0017]/items[at0018]/value","inputs":[{"type":"TEXT","list":[],"defaultValue":"Er gjennomgått muntlig iht. prosedyre","listOpen":false}],"formId":"dips_bds/bds_sjekkliste_trygg_kirurgi_2/sjekkliste_trygg_kirurgi/er_gjennomgått_muntlig_iht._prosedyre","viewConfig":{"multiplicity":{"min":0,"max":1},"advanced":{"hidden":false,"readonly":true,"hideFrame":false,"render":false},"label":{"custom":false,"useLocalizations":false},"size":{"field":"inherit","label":"-1"},"layout":{"label":{"valign":"inherit","align":"inherit"},"field":{"valign":"inherit","align":"inherit"}},"datasource":{"loadRemote":false,"parameters":{}},"annotations":{},"field":{"lines":null,"input":{}},"tags":["HideLabel"]}},{"name":"Forberedelse","localizedName":"Forberedelse","localizedNames":{"en":"*Forberedelse (nb)","nb":"Forberedelse"},"localizedDescriptions":{"nb":"*","en":"** (nb)"},"rmType":"DV_BOOLEAN","nodeId":"at0021","min":0,"max":1,"aqlPath":"/content[openEHR-EHR-EVALUATION.dips_bds_sjekkliste_trygg_kirurgi_2.v1]/data[at0001]/items[at0017]/items[at0021]/value","inputs":[{"type":"BOOLEAN","defaultValue":"False","listOpen":false}],"formId":"dips_bds/bds_sjekkliste_trygg_kirurgi_2/sjekkliste_trygg_kirurgi/forberedelse","viewConfig":{"multiplicity":{"min":0,"max":1},"advanced":{"hidden":false,"readonly":false,"hideFrame":false,"render":false},"label":{"custom":false,"useLocalizations":false},"size":{"field":"inherit","label":"inherit"},"layout":{"label":{"valign":"inherit","align":"inherit"},"field":{"valign":"inherit","align":"inherit"}},"annotations":{},"field":{"input":{"threeState":false}}}},{"name":"Time-out","localizedName":"Time-out","localizedNames":{"en":"*Time-out (nb)","nb":"Time-out"},"localizedDescriptions":{"nb":"*","en":"** (nb)"},"rmType":"DV_BOOLEAN","nodeId":"at0024","min":0,"max":1,"aqlPath":"/content[openEHR-EHR-EVALUATION.dips_bds_sjekkliste_trygg_kirurgi_2.v1]/data[at0001]/items[at0017]/items[at0024]/value","inputs":[{"type":"BOOLEAN","defaultValue":"False","listOpen":false}],"formId":"dips_bds/bds_sjekkliste_trygg_kirurgi_2/sjekkliste_trygg_kirurgi/time-out","viewConfig":{"multiplicity":{"min":0,"max":1},"advanced":{"hidden":false,"readonly":false,"hideFrame":false,"render":false},"label":{"custom":false,"useLocalizations":false},"size":{"field":"inherit","label":"inherit"},"layout":{"label":{"valign":"inherit","align":"inherit"},"field":{"valign":"inherit","align":"inherit"}},"annotations":{},"field":{"input":{"threeState":false}}}},{"name":"Avslutning","localizedName":"Avslutning","localizedNames":{"en":"*Avslutning (nb)","nb":"Avslutning"},"localizedDescriptions":{"nb":"*","en":"** (nb)"},"rmType":"DV_BOOLEAN","nodeId":"at0027","min":0,"max":1,"aqlPath":"/content[openEHR-EHR-EVALUATION.dips_bds_sjekkliste_trygg_kirurgi_2.v1]/data[at0001]/items[at0017]/items[at0027]/value","inputs":[{"type":"BOOLEAN","defaultValue":"False","listOpen":false}],"formId":"dips_bds/bds_sjekkliste_trygg_kirurgi_2/sjekkliste_trygg_kirurgi/avslutning","viewConfig":{"multiplicity":{"min":0,"max":1},"advanced":{"hidden":false,"readonly":false,"hideFrame":false,"render":false},"label":{"custom":false,"useLocalizations":false},"size":{"field":"inherit","label":"inherit"},"layout":{"label":{"valign":"inherit","align":"inherit"},"field":{"valign":"inherit","align":"inherit"}},"annotations":{},"field":{"input":{"threeState":false}}}}]},{"name":"Temperatur","localizedName":"Temperatur","localizedNames":{"en":"*Temperatur (nb)","nb":"Temperatur"},"localizedDescriptions":{"nb":"*","en":"** (nb)"},"rmType":"CLUSTER","nodeId":"at0029","min":0,"max":1,"aqlPath":"/content[openEHR-EHR-EVALUATION.dips_bds_sjekkliste_trygg_kirurgi_2.v1]/data[at0001]/items[at0029]","inputs":[],"formId":"dips_bds/bds_sjekkliste_trygg_kirurgi_2/temperatur","viewConfig":{"multiplicity":{"min":0,"max":1},"advanced":{"hidden":false,"readonly":false,"hideFrame":false,"render":false},"label":{"custom":false,"useLocalizations":false},"size":{"field":"inherit","label":"-1"},"layout":{"label":{"valign":"inherit","align":"inherit"},"field":{"valign":"inherit","align":"inherit"}},"annotations":{},"field":{},"tags":["HideLabel"]},"children":[{"name":"Fieldset","localizedName":"Fieldset","localizedNames":{"en":"*Fieldset (en)","nb":"Temperatur preoperativt"},"localizedDescriptions":{},"rmType":"GENERIC_FIELDSET","min":0,"max":1,"inputs":[],"formId":"generic-field-42196","viewConfig":{"multiplicity":{"min":0,"max":1},"advanced":{"hidden":false,"readonly":false,"hideFrame":false,"render":false},"label":{"custom":false,"useLocalizations":false},"size":{"field":"inherit","label":"inherit"},"layout":{"label":{"valign":"inherit","align":"inherit"},"field":{"valign":"inherit","align":"inherit"}},"annotations":{},"field":{"formId":null,"name":null}},"children":[{"name":"Ikke målt","localizedName":"Ikke målt","localizedNames":{"en":"*Ikke målt (nb)","nb":"Ikke målt"},"localizedDescriptions":{"nb":"*","en":"** (nb)"},"rmType":"DV_BOOLEAN","nodeId":"at0032","min":0,"max":1,"aqlPath":"/content[openEHR-EHR-EVALUATION.dips_bds_sjekkliste_trygg_kirurgi_2.v1]/data[at0001]/items[at0029]/items[at0032]/value","inputs":[{"type":"BOOLEAN","list":[{"value":"true","label":"true","ordinal":0,"localizedLabels":{},"localizedDescriptions":{}}],"defaultValue":"False","listOpen":false}],"formId":"dips_bds/bds_sjekkliste_trygg_kirurgi_2/temperatur/ikke_målt","viewConfig":{"multiplicity":{"min":0,"max":1},"advanced":{"hidden":false,"readonly":false,"hideFrame":false,"render":false},"label":{"custom":false,"useLocalizations":false},"size":{"field":"inherit","label":"inherit"},"layout":{"label":{"valign":"inherit","align":"inherit"},"field":{"valign":"inherit","align":"inherit"}},"annotations":{},"field":{"input":{"threeState":false}}}},{"name":"Preoperativt","localizedName":"Preoperativt","localizedNames":{"en":"*Preoperativt (nb)","nb":"Temperatur"},"localizedDescriptions":{"nb":"*","en":"** (nb)"},"rmType":"DV_QUANTITY","nodeId":"at0030","min":0,"max":1,"aqlPath":"/content[openEHR-EHR-EVALUATION.dips_bds_sjekkliste_trygg_kirurgi_2.v1]/data[at0001]/items[at0029]/items[at0030]/value","inputs":[{"suffix":"magnitude","type":"DECIMAL","defaultValue":"","listOpen":false},{"suffix":"unit","type":"CODED_TEXT","list":[{"value":"°C","label":"°C","validation":{"range":{"minOp":">","maxOp":"<"},"precision":{"minOp":">=","min":1.0,"maxOp":"<=","max":1.0}},"ordinal":0,"localizedLabels":{},"localizedDescriptions":{}}],"defaultValue":"°C","listOpen":false}],"formId":"dips_bds/bds_sjekkliste_trygg_kirurgi_2/temperatur/preoperativt","viewConfig":{"multiplicity":{"min":0,"max":1},"advanced":{"hidden":false,"readonly":false,"hideFrame":false,"render":false},"label":{"custom":false,"useLocalizations":false},"size":{"field":"small","label":"inherit"},"layout":{"label":{"valign":"inherit","align":"inherit"},"field":{"valign":"inherit","align":"inherit"}},"annotations":{},"field":{}}},{"name":"Klokken","localizedName":"Klokken","localizedNames":{"en":"*Klokken (nb)","nb":"Klokken"},"localizedDescriptions":{"nb":"*","en":"** (nb)"},"rmType":"DV_DATE_TIME","nodeId":"at0031","min":0,"max":1,"aqlPath":"/content[openEHR-EHR-EVALUATION.dips_bds_sjekkliste_trygg_kirurgi_2.v1]/data[at0001]/items[at0029]/items[at0031]/value","inputs":[{"type":"DATETIME","validation":{"pattern":"yyyy-mm-ddTHH:MM:SS"},"listOpen":false}],"formId":"dips_bds/bds_sjekkliste_trygg_kirurgi_2/temperatur/klokken","viewConfig":{"multiplicity":{"min":0,"max":1},"advanced":{"hidden":false,"readonly":false,"hideFrame":false,"render":false},"label":{"custom":false,"useLocalizations":false},"size":{"field":"medium","label":"inherit"},"layout":{"label":{"valign":"inherit","align":"inherit"},"field":{"valign":"inherit","align":"inherit"}},"annotations":{},"field":{"input":{"hideTime":false,"dateFormat":"","hideDate":false}}}}]},{"name":"Fieldset","localizedName":"Fieldset","localizedNames":{"en":"*Fieldset (en)","nb":"Temperatur postoperativt"},"localizedDescriptions":{},"rmType":"GENERIC_FIELDSET","min":0,"max":1,"inputs":[],"formId":"generic-field-54033","viewConfig":{"multiplicity":{"min":0,"max":1},"advanced":{"hidden":false,"readonly":false,"hideFrame":false,"render":false},"label":{"custom":false,"useLocalizations":false},"size":{"field":"inherit","label":"inherit"},"layout":{"label":{"valign":"inherit","align":"inherit"},"field":{"valign":"inherit","align":"inherit"}},"annotations":{},"field":{"formId":null,"name":null}},"children":[{"name":"Ikke målt","localizedName":"Ikke målt","localizedNames":{"en":"*Ikke målt (nb)","nb":"Ikke målt"},"localizedDescriptions":{"nb":"*","en":"** (nb)"},"rmType":"DV_BOOLEAN","nodeId":"at0035","min":0,"max":1,"aqlPath":"/content[openEHR-EHR-EVALUATION.dips_bds_sjekkliste_trygg_kirurgi_2.v1]/data[at0001]/items[at0029]/items[at0035]/value","inputs":[{"type":"BOOLEAN","list":[{"value":"true","label":"true","ordinal":0,"localizedLabels":{},"localizedDescriptions":{}}],"defaultValue":"False","listOpen":false}],"formId":"dips_bds/bds_sjekkliste_trygg_kirurgi_2/temperatur/ikke_målt2","viewConfig":{"multiplicity":{"min":0,"max":1},"advanced":{"hidden":false,"readonly":false,"hideFrame":false,"render":false},"label":{"custom":false,"useLocalizations":false},"size":{"field":"inherit","label":"inherit"},"layout":{"label":{"valign":"inherit","align":"inherit"},"field":{"valign":"inherit","align":"inherit"}},"annotations":{},"field":{"input":{"threeState":false}}}},{"name":"Postoperativt","localizedName":"Postoperativt","localizedNames":{"en":"*Postoperativt (nb)","nb":"Temperatur"},"localizedDescriptions":{"nb":"*","en":"** (nb)"},"rmType":"DV_QUANTITY","nodeId":"at0033","min":0,"max":1,"aqlPath":"/content[openEHR-EHR-EVALUATION.dips_bds_sjekkliste_trygg_kirurgi_2.v1]/data[at0001]/items[at0029]/items[at0033]/value","inputs":[{"suffix":"magnitude","type":"DECIMAL","defaultValue":"","listOpen":false},{"suffix":"unit","type":"CODED_TEXT","list":[{"value":"°C","label":"°C","validation":{"range":{"minOp":">","maxOp":"<"},"precision":{"minOp":">=","min":1.0,"maxOp":"<=","max":1.0}},"ordinal":0,"localizedLabels":{},"localizedDescriptions":{}}],"defaultValue":"°C","listOpen":false}],"formId":"dips_bds/bds_sjekkliste_trygg_kirurgi_2/temperatur/postoperativt","viewConfig":{"multiplicity":{"min":0,"max":1},"advanced":{"hidden":false,"readonly":false,"hideFrame":false,"render":false},"label":{"custom":false,"useLocalizations":false},"size":{"field":"small","label":"inherit"},"layout":{"label":{"valign":"inherit","align":"inherit"},"field":{"valign":"inherit","align":"inherit"}},"annotations":{},"field":{}}},{"name":"Klokken","localizedName":"Klokken","localizedNames":{"en":"*Klokken (nb)","nb":"Klokken"},"localizedDescriptions":{"nb":"*","en":"** (nb)"},"rmType":"DV_DATE_TIME","nodeId":"at0034","min":0,"max":1,"aqlPath":"/content[openEHR-EHR-EVALUATION.dips_bds_sjekkliste_trygg_kirurgi_2.v1]/data[at0001]/items[at0029]/items[at0034]/value","inputs":[{"type":"DATETIME","validation":{"pattern":"yyyy-mm-ddTHH:MM:SS"},"listOpen":false}],"formId":"dips_bds/bds_sjekkliste_trygg_kirurgi_2/temperatur/klokken2","viewConfig":{"multiplicity":{"min":0,"max":1},"advanced":{"hidden":false,"readonly":false,"hideFrame":false,"render":false},"label":{"custom":false,"useLocalizations":false},"size":{"field":"medium","label":"inherit"},"layout":{"label":{"valign":"inherit","align":"inherit"},"field":{"valign":"inherit","align":"inherit"}},"annotations":{},"field":{"input":{"hideTime":false,"dateFormat":"","hideDate":false}}}}]}]},{"name":"Uønskede hendelser","localizedName":"Uønskede hendelser","localizedNames":{"en":"*Uønskede hendelser (nb)","nb":"Uønskede hendelser"},"localizedDescriptions":{"nb":"*","en":"** (nb)"},"rmType":"CLUSTER","nodeId":"at0036","min":0,"max":1,"aqlPath":"/content[openEHR-EHR-EVALUATION.dips_bds_sjekkliste_trygg_kirurgi_2.v1]/data[at0001]/items[at0036]","inputs":[],"formId":"dips_bds/bds_sjekkliste_trygg_kirurgi_2/uønskede_hendelser","viewConfig":{"multiplicity":{"min":0,"max":1},"advanced":{"hidden":false,"readonly":false,"hideFrame":false,"render":false},"label":{"custom":false,"useLocalizations":false},"size":{"field":"inherit","label":"inherit"},"layout":{"label":{"valign":"inherit","align":"inherit"},"field":{"valign":"inherit","align":"inherit"}},"annotations":{},"field":{}},"children":[{"name":"Uønskede hendelser","localizedName":"Uønskede hendelser","localizedNames":{"en":"*Uønskede hendelser (nb)","nb":"Uønskede hendelser har oppstått"},"localizedDescriptions":{"nb":"*","en":"** (nb)"},"rmType":"DV_BOOLEAN","nodeId":"at0060","min":0,"max":1,"aqlPath":"/content[openEHR-EHR-EVALUATION.dips_bds_sjekkliste_trygg_kirurgi_2.v1]/data[at0001]/items[at0036]/items[at0060]/value","inputs":[{"type":"BOOLEAN","defaultValue":"False","listOpen":false}],"formId":"dips_bds/bds_sjekkliste_trygg_kirurgi_2/uønskede_hendelser/uønskede_hendelser","viewConfig":{"multiplicity":{"min":0,"max":1},"advanced":{"hidden":false,"readonly":false,"hideFrame":false,"render":false},"label":{"custom":false,"useLocalizations":false},"size":{"field":"inherit","label":"inherit"},"layout":{"label":{"valign":"inherit","align":"inherit"},"field":{"valign":"inherit","align":"inherit"}},"annotations":{},"field":{"input":{"threeState":false}}}},{"name":"Spacer","localizedName":"","localizedNames":{"nb":""},"localizedDescriptions":{},"rmType":"GENERIC_SPACER","min":0,"max":1,"inputs":[],"formId":"generic-field-81040","viewConfig":{"annotations":{},"field":{"height":10,"input":{"height":10}}}},{"name":"Endring i bestilt inngrep","localizedName":"Endring i bestilt inngrep","localizedNames":{"en":"*Endring i bestilt inngrep (nb)","nb":"Endring i bestilt inngrep"},"localizedDescriptions":{"nb":"*","en":"** (nb)"},"rmType":"DV_BOOLEAN","nodeId":"at0039","min":0,"max":1,"aqlPath":"/content[openEHR-EHR-EVALUATION.dips_bds_sjekkliste_trygg_kirurgi_2.v1]/data[at0001]/items[at0036]/items[at0039]/value","inputs":[{"type":"BOOLEAN","defaultValue":"False","listOpen":false}],"formId":"dips_bds/bds_sjekkliste_trygg_kirurgi_2/uønskede_hendelser/endring_i_bestilt_inngrep","viewConfig":{"multiplicity":{"min":0,"max":1},"advanced":{"hidden":false,"readonly":false,"hideFrame":false,"render":false},"label":{"custom":false,"useLocalizations":false},"size":{"field":"inherit","label":"inherit"},"layout":{"label":{"valign":"inherit","align":"inherit"},"field":{"valign":"inherit","align":"inherit"}},"annotations":{},"field":{"input":{"threeState":false}}}},{"name":"NyttFelt","localizedName":"NyttFelt","localizedNames":{"en":"*NyttFelt (nb)","nb":"NyttFelt"},"localizedDescriptions":{"nb":"*","en":"** (nb)"},"rmType":"DV_TEXT","nodeId":"at0040","min":0,"max":1,"aqlPath":"/content[openEHR-EHR-EVALUATION.dips_bds_sjekkliste_trygg_kirurgi_2.v1]/data[at0001]/items[at0036]/items[at0040]/value","inputs":[{"type":"TEXT","list":[],"listOpen":false}],"formId":"dips_bds/bds_sjekkliste_trygg_kirurgi_2/uønskede_hendelser/nyttfelt","viewConfig":{"multiplicity":{"min":0,"max":1},"advanced":{"hidden":false,"readonly":false,"hideFrame":false,"render":false},"label":{"custom":false,"useLocalizations":false},"size":{"field":"inherit","label":"inherit"},"layout":{"label":{"valign":"inherit","align":"inherit"},"field":{"valign":"inherit","align":"inherit"}},"datasource":{"loadRemote":false,"parameters":{}},"annotations":{},"field":{"lines":null,"input":{}}}},{"name":"Endring i best. anestesimetode","localizedName":"Endring i best. anestesimetode","localizedNames":{"en":"*Endring i best. anestesimetode (nb)","nb":"Endring i best. anestesimetode"},"localizedDescriptions":{"nb":"*","en":"** (nb)"},"rmType":"DV_BOOLEAN","nodeId":"at0041","min":0,"max":1,"aqlPath":"/content[openEHR-EHR-EVALUATION.dips_bds_sjekkliste_trygg_kirurgi_2.v1]/data[at0001]/items[at0036]/items[at0041]/value","inputs":[{"type":"BOOLEAN","defaultValue":"False","listOpen":false}],"formId":"dips_bds/bds_sjekkliste_trygg_kirurgi_2/uønskede_hendelser/endring_i_best._anestesimetode","viewConfig":{"multiplicity":{"min":0,"max":1},"advanced":{"hidden":false,"readonly":false,"hideFrame":false,"render":false},"label":{"custom":false,"useLocalizations":false},"size":{"field":"inherit","label":"inherit"},"layout":{"label":{"valign":"inherit","align":"inherit"},"field":{"valign":"inherit","align":"inherit"}},"annotations":{},"field":{"input":{"threeState":false}}}},{"name":"NyttFelt","localizedName":"NyttFelt","localizedNames":{"en":"*NyttFelt (nb)","nb":"NyttFelt"},"localizedDescriptions":{"nb":"*","en":"** (nb)"},"rmType":"DV_TEXT","nodeId":"at0042","min":0,"max":1,"aqlPath":"/content[openEHR-EHR-EVALUATION.dips_bds_sjekkliste_trygg_kirurgi_2.v1]/data[at0001]/items[at0036]/items[at0042]/value","inputs":[{"type":"TEXT","list":[],"listOpen":false}],"formId":"dips_bds/bds_sjekkliste_trygg_kirurgi_2/uønskede_hendelser/nyttfelt2","viewConfig":{"multiplicity":{"min":0,"max":1},"advanced":{"hidden":false,"readonly":false,"hideFrame":false,"render":false},"label":{"custom":false,"useLocalizations":false},"size":{"field":"inherit","label":"inherit"},"layout":{"label":{"valign":"inherit","align":"inherit"},"field":{"valign":"inherit","align":"inherit"}},"datasource":{"loadRemote":false,"parameters":{}},"annotations":{},"field":{"lines":null,"input":{}}}},{"name":"Prosedyre ikke fulgt","localizedName":"Prosedyre ikke fulgt","localizedNames":{"en":"*Prosedyre ikke fulgt (nb)","nb":"Prosedyre ikke fulgt"},"localizedDescriptions":{"nb":"*","en":"** (nb)"},"rmType":"DV_BOOLEAN","nodeId":"at0043","min":0,"max":1,"aqlPath":"/content[openEHR-EHR-EVALUATION.dips_bds_sjekkliste_trygg_kirurgi_2.v1]/data[at0001]/items[at0036]/items[at0043]/value","inputs":[{"type":"BOOLEAN","defaultValue":"False","listOpen":false}],"formId":"dips_bds/bds_sjekkliste_trygg_kirurgi_2/uønskede_hendelser/prosedyre_ikke_fulgt","viewConfig":{"multiplicity":{"min":0,"max":1},"advanced":{"hidden":false,"readonly":false,"hideFrame":false,"render":false},"label":{"custom":false,"useLocalizations":false},"size":{"field":"inherit","label":"inherit"},"layout":{"label":{"valign":"inherit","align":"inherit"},"field":{"valign":"inherit","align":"inherit"}},"annotations":{},"field":{"input":{"threeState":false}}}},{"name":"NyttFelt","localizedName":"NyttFelt","localizedNames":{"en":"*NyttFelt (nb)","nb":"NyttFelt"},"localizedDescriptions":{"nb":"*","en":"** (nb)"},"rmType":"DV_TEXT","nodeId":"at0044","min":0,"max":1,"aqlPath":"/content[openEHR-EHR-EVALUATION.dips_bds_sjekkliste_trygg_kirurgi_2.v1]/data[at0001]/items[at0036]/items[at0044]/value","inputs":[{"type":"TEXT","list":[],"listOpen":false}],"formId":"dips_bds/bds_sjekkliste_trygg_kirurgi_2/uønskede_hendelser/nyttfelt3","viewConfig":{"multiplicity":{"min":0,"max":1},"advanced":{"hidden":false,"readonly":false,"hideFrame":false,"render":false},"label":{"custom":false,"useLocalizations":false},"size":{"field":"inherit","label":"inherit"},"layout":{"label":{"valign":"inherit","align":"inherit"},"field":{"valign":"inherit","align":"inherit"}},"datasource":{"loadRemote":false,"parameters":{}},"annotations":{},"field":{"lines":null,"input":{}}}},{"name":"Feil/svikt/mangel på utstyr","localizedName":"Feil/svikt/mangel på utstyr","localizedNames":{"en":"*Feil/svikt/mangel på utstyr (nb)","nb":"Feil/svikt/mangel på utstyr"},"localizedDescriptions":{"nb":"*","en":"** (nb)"},"rmType":"DV_BOOLEAN","nodeId":"at0045","min":0,"max":1,"aqlPath":"/content[openEHR-EHR-EVALUATION.dips_bds_sjekkliste_trygg_kirurgi_2.v1]/data[at0001]/items[at0036]/items[at0045]/value","inputs":[{"type":"BOOLEAN","defaultValue":"False","listOpen":false}],"formId":"dips_bds/bds_sjekkliste_trygg_kirurgi_2/uønskede_hendelser/feil_svikt_mangel_på_utstyr","viewConfig":{"multiplicity":{"min":0,"max":1},"advanced":{"hidden":false,"readonly":false,"hideFrame":false,"render":false},"label":{"custom":false,"useLocalizations":false},"size":{"field":"inherit","label":"inherit"},"layout":{"label":{"valign":"inherit","align":"inherit"},"field":{"valign":"inherit","align":"inherit"}},"annotations":{},"field":{"input":{"threeState":false}}}},{"name":"NyttFelt","localizedName":"NyttFelt","localizedNames":{"en":"*NyttFelt (nb)","nb":"NyttFelt"},"localizedDescriptions":{"nb":"*","en":"** (nb)"},"rmType":"DV_TEXT","nodeId":"at0046","min":0,"max":1,"aqlPath":"/content[openEHR-EHR-EVALUATION.dips_bds_sjekkliste_trygg_kirurgi_2.v1]/data[at0001]/items[at0036]/items[at0046]/value","inputs":[{"type":"TEXT","list":[],"listOpen":false}],"formId":"dips_bds/bds_sjekkliste_trygg_kirurgi_2/uønskede_hendelser/nyttfelt4","viewConfig":{"multiplicity":{"min":0,"max":1},"advanced":{"hidden":false,"readonly":false,"hideFrame":false,"render":false},"label":{"custom":false,"useLocalizations":false},"size":{"field":"inherit","label":"inherit"},"layout":{"label":{"valign":"inherit","align":"inherit"},"field":{"valign":"inherit","align":"inherit"}},"datasource":{"loadRemote":false,"parameters":{}},"annotations":{},"field":{"lines":null,"input":{}}}},{"name":"Kirurgisk komplikasjon","localizedName":"Kirurgisk komplikasjon","localizedNames":{"en":"*Kirurgisk komplikasjon (nb)","nb":"Kirurgisk komplikasjon"},"localizedDescriptions":{"nb":"*","en":"** (nb)"},"rmType":"DV_BOOLEAN","nodeId":"at0047","min":0,"max":1,"aqlPath":"/content[openEHR-EHR-EVALUATION.dips_bds_sjekkliste_trygg_kirurgi_2.v1]/data[at0001]/items[at0036]/items[at0047]/value","inputs":[{"type":"BOOLEAN","defaultValue":"False","listOpen":false}],"formId":"dips_bds/bds_sjekkliste_trygg_kirurgi_2/uønskede_hendelser/kirurgisk_komplikasjon","viewConfig":{"multiplicity":{"min":0,"max":1},"advanced":{"hidden":false,"readonly":false,"hideFrame":false,"render":false},"label":{"custom":false,"useLocalizations":false},"size":{"field":"inherit","label":"inherit"},"layout":{"label":{"valign":"inherit","align":"inherit"},"field":{"valign":"inherit","align":"inherit"}},"annotations":{},"field":{"input":{"threeState":false}}}},{"name":"NyttFelt","localizedName":"NyttFelt","localizedNames":{"en":"*NyttFelt (nb)","nb":"NyttFelt"},"localizedDescriptions":{"nb":"*","en":"** (nb)"},"rmType":"DV_TEXT","nodeId":"at0048","min":0,"max":1,"aqlPath":"/content[openEHR-EHR-EVALUATION.dips_bds_sjekkliste_trygg_kirurgi_2.v1]/data[at0001]/items[at0036]/items[at0048]/value","inputs":[{"type":"TEXT","list":[],"listOpen":false}],"formId":"dips_bds/bds_sjekkliste_trygg_kirurgi_2/uønskede_hendelser/nyttfelt5","viewConfig":{"multiplicity":{"min":0,"max":1},"advanced":{"hidden":false,"readonly":false,"hideFrame":false,"render":false},"label":{"custom":false,"useLocalizations":false},"size":{"field":"inherit","label":"inherit"},"layout":{"label":{"valign":"inherit","align":"inherit"},"field":{"valign":"inherit","align":"inherit"}},"datasource":{"loadRemote":false,"parameters":{}},"annotations":{},"field":{"lines":null,"input":{}}}},{"name":"Spesielle hendelser anestesi","localizedName":"Spesielle hendelser anestesi","localizedNames":{"en":"*Spesielle hendelser anestesi (nb)","nb":"Spesielle hendelser anestesi"},"localizedDescriptions":{"nb":"*","en":"** (nb)"},"rmType":"DV_BOOLEAN","nodeId":"at0049","min":0,"max":1,"aqlPath":"/content[openEHR-EHR-EVALUATION.dips_bds_sjekkliste_trygg_kirurgi_2.v1]/data[at0001]/items[at0036]/items[at0049]/value","inputs":[{"type":"BOOLEAN","defaultValue":"False","listOpen":false}],"formId":"dips_bds/bds_sjekkliste_trygg_kirurgi_2/uønskede_hendelser/spesielle_hendelser_anestesi","viewConfig":{"multiplicity":{"min":0,"max":1},"advanced":{"hidden":false,"readonly":false,"hideFrame":false,"render":false},"label":{"custom":false,"useLocalizations":false},"size":{"field":"inherit","label":"inherit"},"layout":{"label":{"valign":"inherit","align":"inherit"},"field":{"valign":"inherit","align":"inherit"}},"annotations":{},"field":{"input":{"threeState":false}}}},{"name":"NyttFelt","localizedName":"NyttFelt","localizedNames":{"en":"*NyttFelt (nb)","nb":"NyttFelt"},"localizedDescriptions":{"nb":"*","en":"** (nb)"},"rmType":"DV_TEXT","nodeId":"at0051","min":0,"max":1,"aqlPath":"/content[openEHR-EHR-EVALUATION.dips_bds_sjekkliste_trygg_kirurgi_2.v1]/data[at0001]/items[at0036]/items[at0051]/value","inputs":[{"type":"TEXT","list":[],"listOpen":false}],"formId":"dips_bds/bds_sjekkliste_trygg_kirurgi_2/uønskede_hendelser/nyttfelt6","viewConfig":{"multiplicity":{"min":0,"max":1},"advanced":{"hidden":false,"readonly":false,"hideFrame":false,"render":false},"label":{"custom":false,"useLocalizations":false},"size":{"field":"inherit","label":"inherit"},"layout":{"label":{"valign":"inherit","align":"inherit"},"field":{"valign":"inherit","align":"inherit"}},"datasource":{"loadRemote":false,"parameters":{}},"annotations":{},"field":{"lines":null,"input":{}}}},{"name":"Annet/diverse","localizedName":"Annet/diverse","localizedNames":{"en":"*Annet/diverse (nb)","nb":"Annet/diverse"},"localizedDescriptions":{"nb":"*","en":"** (nb)"},"rmType":"DV_BOOLEAN","nodeId":"at0052","min":0,"max":1,"aqlPath":"/content[openEHR-EHR-EVALUATION.dips_bds_sjekkliste_trygg_kirurgi_2.v1]/data[at0001]/items[at0036]/items[at0052]/value","inputs":[{"type":"BOOLEAN","defaultValue":"False","listOpen":false}],"formId":"dips_bds/bds_sjekkliste_trygg_kirurgi_2/uønskede_hendelser/annet_diverse","viewConfig":{"multiplicity":{"min":0,"max":1},"advanced":{"hidden":false,"readonly":false,"hideFrame":false,"render":false},"label":{"custom":false,"useLocalizations":false},"size":{"field":"inherit","label":"inherit"},"layout":{"label":{"valign":"inherit","align":"inherit"},"field":{"valign":"inherit","align":"inherit"}},"annotations":{},"field":{"input":{"threeState":false}}}},{"name":"NyttFelt","localizedName":"NyttFelt","localizedNames":{"en":"*NyttFelt (nb)","nb":"NyttFelt"},"localizedDescriptions":{"nb":"*","en":"** (nb)"},"rmType":"DV_TEXT","nodeId":"at0061","min":0,"max":1,"aqlPath":"/content[openEHR-EHR-EVALUATION.dips_bds_sjekkliste_trygg_kirurgi_2.v1]/data[at0001]/items[at0036]/items[at0061]/value","inputs":[{"type":"TEXT","list":[],"listOpen":false}],"formId":"dips_bds/bds_sjekkliste_trygg_kirurgi_2/uønskede_hendelser/nyttfelt7","viewConfig":{"multiplicity":{"min":0,"max":1},"advanced":{"hidden":false,"readonly":false,"hideFrame":false,"render":false},"label":{"custom":false,"useLocalizations":false},"size":{"field":"inherit","label":"inherit"},"layout":{"label":{"valign":"inherit","align":"inherit"},"field":{"valign":"inherit","align":"inherit"}},"datasource":{"loadRemote":false,"parameters":{}},"annotations":{},"field":{"lines":null,"input":{}}}}]}]}