[{"col":1,"row":1,"width":12,"height":78,"children":[{"id":"dips_bds/bds_sjekkliste_trygg_kirurgi_2/tid_og_dato_for_opr.start","rows":[{"cols":[{"width":"100%","children":[{"id":"dips_bds/bds_sjekkliste_trygg_kirurgi_2/tid_og_dato_for_opr.start/operasjonsstart","rows":[]}]}]}]},{"id":"dips_bds/bds_sjekkliste_trygg_kirurgi_2/hårklipp","rows":[{"cols":[{"width":"100%","children":[{"id":"dips_bds/bds_sjekkliste_trygg_kirurgi_2/hårklipp/hårklipp_er_utført_iht._prosedyre","rows":[]}]}]}]},{"id":"dips_bds/bds_sjekkliste_trygg_kirurgi_2/infeksjonsforebygging","rows":[{"cols":[{"width":"100%","children":[{"id":"dips_bds/bds_sjekkliste_trygg_kirurgi_2/infeksjonsforebygging/fullført_antibiotika_profylakse_siste_60_min","rows":[]}]}]}]},{"id":"dips_bds/bds_sjekkliste_trygg_kirurgi_2/sjekkliste_trygg_kirurgi","rows":[{"cols":[{"width":"100%","children":[{"id":"dips_bds/bds_sjekkliste_trygg_kirurgi_2/sjekkliste_trygg_kirurgi/er_gjennomgått_muntlig_iht._prosedyre","rows":[]},{"id":"dips_bds/bds_sjekkliste_trygg_kirurgi_2/sjekkliste_trygg_kirurgi/forberedelse","rows":[]},{"id":"dips_bds/bds_sjekkliste_trygg_kirurgi_2/sjekkliste_trygg_kirurgi/time-out","rows":[]},{"id":"dips_bds/bds_sjekkliste_trygg_kirurgi_2/sjekkliste_trygg_kirurgi/avslutning","rows":[]}]}]}]},{"id":"dips_bds/bds_sjekkliste_trygg_kirurgi_2/temperatur","rows":[{"cols":[{"width":"100%","children":[{"id":"generic-field-42196","rows":[{"cols":[{"width":"100%","children":[{"id":"dips_bds/bds_sjekkliste_trygg_kirurgi_2/temperatur/ikke_målt","rows":[]},{"id":"dips_bds/bds_sjekkliste_trygg_kirurgi_2/temperatur/preoperativt","rows":[]},{"id":"dips_bds/bds_sjekkliste_trygg_kirurgi_2/temperatur/klokken","rows":[]}]}]}]},{"id":"generic-field-54033","rows":[{"cols":[{"width":"100%","children":[{"id":"dips_bds/bds_sjekkliste_trygg_kirurgi_2/temperatur/ikke_målt2","rows":[]},{"id":"dips_bds/bds_sjekkliste_trygg_kirurgi_2/temperatur/postoperativt","rows":[]},{"id":"dips_bds/bds_sjekkliste_trygg_kirurgi_2/temperatur/klokken2","rows":[]}]}]}]}]}]}]},{"id":"dips_bds/bds_sjekkliste_trygg_kirurgi_2/uønskede_hendelser","rows":[{"cols":[{"width":"100%","children":[{"id":"dips_bds/bds_sjekkliste_trygg_kirurgi_2/uønskede_hendelser/uønskede_hendelser","rows":[]},{"id":"generic-field-81040","rows":[]},{"id":"dips_bds/bds_sjekkliste_trygg_kirurgi_2/uønskede_hendelser/endring_i_bestilt_inngrep","rows":[]},{"id":"dips_bds/bds_sjekkliste_trygg_kirurgi_2/uønskede_hendelser/nyttfelt","rows":[]},{"id":"dips_bds/bds_sjekkliste_trygg_kirurgi_2/uønskede_hendelser/endring_i_best._anestesimetode","rows":[]},{"id":"dips_bds/bds_sjekkliste_trygg_kirurgi_2/uønskede_hendelser/nyttfelt2","rows":[]},{"id":"dips_bds/bds_sjekkliste_trygg_kirurgi_2/uønskede_hendelser/prosedyre_ikke_fulgt","rows":[]},{"id":"dips_bds/bds_sjekkliste_trygg_kirurgi_2/uønskede_hendelser/nyttfelt3","rows":[]},{"id":"dips_bds/bds_sjekkliste_trygg_kirurgi_2/uønskede_hendelser/feil_svikt_mangel_på_utstyr","rows":[]},{"id":"dips_bds/bds_sjekkliste_trygg_kirurgi_2/uønskede_hendelser/nyttfelt4","rows":[]},{"id":"dips_bds/bds_sjekkliste_trygg_kirurgi_2/uønskede_hendelser/kirurgisk_komplikasjon","rows":[]},{"id":"dips_bds/bds_sjekkliste_trygg_kirurgi_2/uønskede_hendelser/nyttfelt5","rows":[]},{"id":"dips_bds/bds_sjekkliste_trygg_kirurgi_2/uønskede_hendelser/spesielle_hendelser_anestesi","rows":[]},{"id":"dips_bds/bds_sjekkliste_trygg_kirurgi_2/uønskede_hendelser/nyttfelt6","rows":[]},{"id":"dips_bds/bds_sjekkliste_trygg_kirurgi_2/uønskede_hendelser/annet_diverse","rows":[]},{"id":"dips_bds/bds_sjekkliste_trygg_kirurgi_2/uønskede_hendelser/nyttfelt7","rows":[]}]}]}]}]}]