{
	"formId": "form_root",
	"name": "Form root",
	"rmType": "FORM_DEFINITION",
	"viewConfig": {
		"label": {
			"custom": true,
			"value": "Anamnese og selvregistrering",
			"useLocalizations": true,
			"localizationsList": {
				"nb": "Anamnese og selvregistrering",
				"en": "Narrative and selfregistr"
			}
		},
		"size": {
			"field": "inherit",
			"label": "inherit",
			"fill": "inherit"
		},
		"layout": {
			"label": {
				"valign": "inherit",
				"align": "inherit"
			},
			"field": {
				"valign": "inherit",
				"align": "inherit"
			}
		},
		"tags": [],
		"annotations": {
			"reuseComposition": "select c from composition c[openEHR-EHR-COMPOSITION.encounter.v1] where c/archetype_details/template_id/value = 'Anamnese v5' order by c/context/start_time/value desc fetch 1?scope=episodeofcare"
		}
	},
	"language": "en",
	"templateLanguages": [
		"nb",
		"en"
	],
	"children": [
		{
			"localizedName": "Fieldset",
			"localizedNames": {
				"nb": "Innledende spørsmål",
				"en": "Preliminary questions"
			},
			"min": 0,
			"max": -1,
			"name": "Fieldset",
			"rmType": "GENERIC_FIELDSET",
			"fid": "generic-field-26509",
			"formId": "generic-field-26509",
			"children": [
				{
					"name": "Kjønn",
					"localizedName": "Kjønn",
					"rmType": "DV_CODED_TEXT",
					"nodeId": "at0002",
					"min": 1,
					"max": 1,
					"localizedNames": {
						"nb": "Kjønn",
						"en": "Sex"
					},
					"localizedDescriptions": {
						"nb": "*"
					},
					"aqlPath": "/content[openEHR-EHR-EVALUATION.anamnese_olafia.v1]/data[at0001]/items[at0002]/value",
					"inputs": [
						{
							"suffix": "code",
							"type": "CODED_TEXT",
							"list": [
								{
									"value": "APA",
									"label": "Mann",
									"localizedLabels": {
										"nb": "Mann",
										"en": "Man"
									}
								},
								{
									"value": "AP2",
									"label": "Kvinne",
									"localizedLabels": {
										"nb": "Kvinne",
										"en": "Woman"
									}
								},
								{
									"value": "AP4",
									"label": "Trans",
									"localizedLabels": {
										"nb": "Trans",
										"en": "Transgender"
									}
								}
							],
							"terminology": "Olafia"
						}
					],
					"fid": "anamnese_og_selvregistrering/anamnese_olafia/kjønn",
					"formId": "anamnese_og_selvregistrering/anamnese_olafia/kjønn",
					"viewConfig": {
						"label": {
							"custom": true,
							"value": "Kjønn",
							"useLocalizations": true,
							"localizationsList": {
								"nb": "Kjønn",
								"en": "Sex"
							}
						},
						"advanced": {
							"hidden": false,
							"readonly": false
						},
						"multiplicity": {
							"min": "1",
							"max": "1"
						},
						"size": {
							"field": "inherit",
							"label": "inherit",
							"fill": "inherit"
						},
						"layout": {
							"label": {
								"valign": "inherit",
								"align": "inherit"
							},
							"field": {
								"valign": "inherit",
								"align": "inherit"
							}
						},
						"datasource": {
							"loadRemote": false,
							"loadRemoteUrl": "",
							"terminology": ""
						},
						"tags": [
							"showasradios"
						]
					},
					"defaultValue": {
						"code": ""
					}
				},
				{
					"name": "Språk",
					"localizedName": "Språk",
					"rmType": "DV_TEXT",
					"nodeId": "at0004",
					"min": 0,
					"max": 1,
					"localizedNames": {
						"nb": "Språk",
						"en": "Language"
					},
					"localizedDescriptions": {
						"nb": "*"
					},
					"aqlPath": "/content[openEHR-EHR-EVALUATION.anamnese_olafia.v1]/data[at0001]/items[at0004]/value",
					"inputs": [
						{
							"type": "TEXT"
						}
					],
					"fid": "anamnese_og_selvregistrering/anamnese_olafia/språk",
					"formId": "anamnese_og_selvregistrering/anamnese_olafia/språk",
					"viewConfig": {
						"label": {
							"custom": true,
							"value": "Språk",
							"useLocalizations": true,
							"localizationsList": {
								"nb": "Språk",
								"en": "Language"
							}
						},
						"advanced": {
							"hidden": true,
							"readonly": false
						},
						"multiplicity": {
							"min": "0",
							"max": "1"
						},
						"size": {
							"field": "inherit",
							"label": "inherit",
							"fill": "inherit"
						},
						"layout": {
							"label": {
								"valign": "inherit",
								"align": "inherit"
							},
							"field": {
								"valign": "inherit",
								"align": "inherit"
							}
						},
						"datasource": {
							"loadRemote": false,
							"loadRemoteUrl": "",
							"terminology": ""
						},
						"tags": [],
						"field": {
							"input": {
								"presentation": "textfield"
							}
						}
					},
					"defaultValue": {
						"value": "Norsk"
					}
				},
				{
					"name": "Klinisk kontaktårsak",
					"localizedName": "Klinisk kontaktårsak",
					"rmType": "DV_CODED_TEXT",
					"nodeId": "at0004",
					"min": 1,
					"max": -1,
					"localizedNames": {
						"nb": "Klinisk kontaktårsak",
						"en": "Presenting problem"
					},
					"localizedDescriptions": {
						"nb": "Klinisk eller sosial årsak til at individet oppsøker helsevesenet."
					},
					"annotations": {
						"comment": "Koding av \"Klinisk problemstilling\" med en terminologi foretrekkes når mulig. Kliniske årsaker kan omfatte helseproblemer, symptomer, eller fysiske sykdomstegn. Eksempler: Helseproblemer - ønske om å slutte å røyke eller vold i hjemmet, symptomer - magesmerter eller kortpusthet, fysiske sykdomstegn - endret bevissthetsnivå. \"Hovedproblemstilling\" kan bli benyttet som et synonym for \"Klinisk kontaktårsak\" i templater."
					},
					"aqlPath": "/content[openEHR-EHR-EVALUATION.reason_for_encounter.v1,'Hvorfor kommer du til Olafiaklinikken?']/data[at0001]/items[at0004]/value",
					"inputs": [
						{
							"suffix": "code",
							"type": "CODED_TEXT",
							"list": [
								{
									"value": "ANA",
									"label": "Ønsker kun sjekk (ingen plager)",
									"localizedLabels": {
										"nb": "Ønsker kun sjekk (ingen plager)",
										"en": "Routine sexual health check-up (no symptoms)"
									}
								},
								{
									"value": "AN1",
									"label": "Har plager nå som kan skyldes kjønnssykdom",
									"localizedLabels": {
										"nb": "Har plager nå som kan skyldes kjønnssykdom",
										"en": "I have symptoms that may be a sexually transmitted infection"
									}
								},
								{
									"value": "AN2",
									"label": "Innkalt av Olafiaklinikken som smittekontakt",
									"localizedLabels": {
										"nb": "Innkalt av Olafiaklinikken som smittekontakt",
										"en": "(I have been) called in by Olafiaklinikken "
									}
								},
								{
									"value": "AN3",
									"label": "Oppfordret av partner som smittekontakt",
									"localizedLabels": {
										"nb": "Oppfordret av partner som smittekontakt",
										"en": "I had sex with someone who has an infection"
									}
								},
								{
									"value": "AN4",
									"label": "Henvist fra annen lege",
									"localizedLabels": {
										"nb": "Henvist fra annen lege",
										"en": "Referral from other doctor"
									}
								},
								{
									"value": "AN5",
									"label": "Møtt for behandling",
									"localizedLabels": {
										"nb": "Møtt for behandling",
										"en": "I have returned for treatment/vaccination"
									}
								},
								{
									"value": "AN6",
									"label": "Møtt for kontroll",
									"localizedLabels": {
										"nb": "Møtt for kontroll",
										"en": "I have returned for control / test of cure"
									}
								},
								{
									"value": "AN7",
									"label": "Annen årsak",
									"localizedLabels": {
										"nb": "Annen årsak",
										"en": "Other"
									}
								}
							],
							"terminology": "Olafia"
						}
					],
					"fid": "anamnese_og_selvregistrering/hvorfor_kommer_du_til_olafiaklinikken/klinisk_kontaktårsak",
					"formId": "anamnese_og_selvregistrering/hvorfor_kommer_du_til_olafiaklinikken/klinisk_kontaktårsak",
					"viewConfig": {
						"label": {
							"custom": true,
							"value": "Hvorfor kommer du til Olafiaklinikken?",
							"useLocalizations": true,
							"localizationsList": {
								"nb": "Hvorfor kommer du til Olafiaklinikken?",
								"en": "What is the reason for your visit to Olafiaklinikken?"
							}
						},
						"size": {
							"field": "inherit",
							"label": "inherit",
							"fill": "inherit"
						},
						"layout": {
							"label": {
								"valign": "top",
								"align": "top"
							},
							"field": {
								"valign": "inherit",
								"align": "inherit"
							}
						},
						"datasource": {
							"loadRemote": false,
							"loadRemoteUrl": "",
							"terminology": ""
						},
						"advanced": {
							"hidden": false,
							"readonly": false
						},
						"multiplicity": {
							"min": "1",
							"max": "1"
						},
						"tags": [
							"showasradios"
						],
						"annotations": {
							"description": "*"
						}
					},
					"defaultValue": {
						"code": ""
					}
				},
				{
					"name": "Plager",
					"localizedName": "Plager",
					"rmType": "DV_CODED_TEXT",
					"nodeId": "at0003",
					"min": 0,
					"max": -1,
					"localizedNames": {
						"nb": "Plager",
						"en": "Ailments"
					},
					"localizedDescriptions": {
						"nb": "*"
					},
					"aqlPath": "/content[openEHR-EHR-EVALUATION.anamnese_olafia.v1]/data[at0001]/items[at0003]/value",
					"inputs": [
						{
							"suffix": "code",
							"type": "CODED_TEXT",
							"list": [
								{
									"value": "AOA",
									"label": "Nei",
									"localizedLabels": {
										"nb": "Nei",
										"en": "No"
									}
								},
								{
									"value": "AOB",
									"label": "Kløe/svie i urinrør",
									"localizedLabels": {
										"nb": "Kløe/svie i urinrør",
										"en": "Itch/burning sensation in urethra"
									}
								},
								{
									"value": "AO1",
									"label": "Kløe/svie i underliv",
									"localizedLabels": {
										"nb": "Kløe/svie i underliv",
										"en": "Itch/burning sensation in genital area"
									}
								},
								{
									"value": "AO2",
									"label": "Svie ved vannlatning",
									"localizedLabels": {
										"nb": "Svie ved vannlatning",
										"en": "Burning sensation while urinating"
									}
								},
								{
									"value": "AO3",
									"label": "Utflod fra urinrør",
									"localizedLabels": {
										"nb": "Utflod fra urinrør",
										"en": "Discharge from urethra/penis"
									}
								},
								{
									"value": "AO4",
									"label": "Endret vaginalutflod",
									"localizedLabels": {
										"nb": "Endret vaginalutflod",
										"en": "Change in vaginal discharge"
									}
								},
								{
									"value": "AO5",
									"label": "Genitale sår",
									"localizedLabels": {
										"nb": "Genitale sår",
										"en": "Genital sores"
									}
								},
								{
									"value": "AO6",
									"label": "Vorter",
									"localizedLabels": {
										"nb": "Vorter",
										"en": "Genital warts"
									}
								},
								{
									"value": "AO7",
									"label": "Smerter i nedre del av magen",
									"localizedLabels": {
										"nb": "Smerter i nedre del av magen",
										"en": "Pain in lower abdominal area"
									}
								},
								{
									"value": "AO8",
									"label": "Annet",
									"localizedLabels": {
										"nb": "Annet",
										"en": "Other"
									}
								}
							],
							"terminology": "Olafia"
						}
					],
					"fid": "anamnese_og_selvregistrering/anamnese_olafia/plager",
					"formId": "anamnese_og_selvregistrering/anamnese_olafia/plager",
					"viewConfig": {
						"label": {
							"custom": true,
							"value": "Har du noen av disse plagene nå?",
							"useLocalizations": true,
							"localizationsList": {
								"nb": "Har du noen av disse plagene nå?",
								"en": "Do you have any of these symptoms now?"
							}
						},
						"size": {
							"field": "inherit",
							"label": "inherit",
							"fill": "inherit"
						},
						"layout": {
							"label": {
								"valign": "top",
								"align": "top"
							},
							"field": {
								"valign": "inherit",
								"align": "inherit"
							}
						},
						"datasource": {
							"loadRemote": false,
							"loadRemoteUrl": "",
							"terminology": ""
						},
						"advanced": {
							"hidden": false,
							"readonly": false
						},
						"multiplicity": {
							"min": "0",
							"max": "100"
						},
						"tags": [
							"showasmulticombobox"
						]
					},
					"defaultValue": {
						"code": ""
					}
				},
				{
					"name": "Graviditet",
					"localizedName": "Graviditet",
					"rmType": "CLUSTER",
					"nodeId": "openEHR-EHR-CLUSTER.reported_pregnancy_bf_ous.v1",
					"min": 0,
					"max": -1,
					"localizedNames": {
						"nb": "Graviditet",
						"en": "Pregnancy"
					},
					"localizedDescriptions": {
						"nb": "unknown"
					},
					"aqlPath": "/content[openEHR-EHR-OBSERVATION.story.v1]/data[at0001]/events[at0002]/data[at0003]/items[openEHR-EHR-CLUSTER.reported_pregnancy_bf_ous.v1]",
					"fid": "anamnese_og_selvregistrering/anamnese/graviditet",
					"formId": "anamnese_og_selvregistrering/anamnese/graviditet",
					"viewConfig": {
						"label": {
							"custom": true,
							"value": "Graviditet",
							"useLocalizations": true,
							"localizationsList": {
								"nb": "Graviditet",
								"en": "Pregnancy"
							}
						},
						"advanced": {
							"hidden": false,
							"readonly": false,
							"render": true
						},
						"multiplicity": {
							"min": "1",
							"max": "1"
						},
						"size": {
							"field": "inherit",
							"label": "inherit",
							"fill": "inherit"
						},
						"layout": {
							"label": {
								"valign": "inherit",
								"align": "inherit"
							},
							"field": {
								"valign": "inherit",
								"align": "inherit"
							}
						},
						"tags": [],
						"field": {},
						"datasource": {
							"loadRemote": false,
							"loadRemoteUrl": "",
							"terminology": ""
						}
					},
					"inputs": [
						{
							"type": "TEXT"
						}
					],
					"children": [
						{
							"name": "Er du gravid?",
							"localizedName": "Er du gravid?",
							"rmType": "DV_CODED_TEXT",
							"nodeId": "at0001",
							"min": 0,
							"max": 1,
							"localizedNames": {
								"nb": "Er du gravid?",
								"en": "Are you pregnant?"
							},
							"localizedDescriptions": {
								"nb": "*"
							},
							"aqlPath": "/content[openEHR-EHR-OBSERVATION.story.v1]/data[at0001]/events[at0002]/data[at0003]/items[openEHR-EHR-CLUSTER.reported_pregnancy_bf_ous.v1]/items[at0001]/value",
							"inputs": [
								{
									"suffix": "code",
									"type": "CODED_TEXT",
									"list": [
										{
											"value": "at0002",
											"label": "Ja",
											"localizedLabels": {
												"nb": "Ja",
												"en": "Yes"
											},
											"localizedDescriptions": {
												"nb": "*",
												"en": "*"
											}
										},
										{
											"value": "at0003",
											"label": "Nei",
											"localizedLabels": {
												"nb": "Nei",
												"en": "No"
											},
											"localizedDescriptions": {
												"nb": "*",
												"en": "*"
											}
										},
										{
											"value": "at0004",
											"label": "Usikker",
											"localizedLabels": {
												"nb": "Usikker",
												"en": "Not sure"
											},
											"localizedDescriptions": {
												"nb": "*",
												"en": "*"
											}
										}
									]
								}
							],
							"formId": "anamnese_og_selvregistrering/anamnese/graviditet/er_du_gravid",
							"viewConfig": {
								"label": {
									"custom": true,
									"value": "Er du gravid?",
									"useLocalizations": true,
									"localizationsList": {
										"nb": "Er du gravid?",
										"en": "Are you pregnant?"
									}
								},
								"advanced": {
									"hidden": false,
									"readonly": false
								},
								"multiplicity": {
									"min": "0",
									"max": "1"
								},
								"size": {
									"field": "inherit",
									"label": "inherit",
									"fill": "inherit"
								},
								"layout": {
									"label": {
										"valign": "inherit",
										"align": "inherit"
									},
									"field": {
										"valign": "inherit",
										"align": "inherit"
									}
								},
								"tags": [
									"showasradios"
								],
								"datasource": {
									"loadRemote": false,
									"loadRemoteUrl": "",
									"terminology": ""
								}
							},
							"defaultValue": {
								"code": ""
							},
							"fid": "anamnese_og_selvregistrering/anamnese/graviditet/er_du_gravid"
						},
						{
							"name": "Gestasjonsalder - uker",
							"localizedName": "Gestasjonsalder - uker",
							"rmType": "DV_COUNT",
							"nodeId": "at0010",
							"min": 0,
							"max": 1,
							"localizedNames": {
								"nb": "Gestasjonsalder - uker",
								"en": "Gestational age - weeks"
							},
							"localizedDescriptions": {
								"nb": "*"
							},
							"aqlPath": "/content[openEHR-EHR-OBSERVATION.story.v1]/data[at0001]/events[at0002]/data[at0003]/items[openEHR-EHR-CLUSTER.reported_pregnancy_bf_ous.v1]/items[at0010]/value",
							"inputs": [
								{
									"type": "INTEGER",
									"validation": {
										"range": {
											"minOp": ">=",
											"min": 0,
											"maxOp": "<=",
											"max": 43
										}
									}
								}
							],
							"formId": "anamnese_og_selvregistrering/anamnese/graviditet/gestasjonsalder_-_uker",
							"viewConfig": {
								"label": {
									"custom": true,
									"value": "Hvor mange uker gravid er du?",
									"useLocalizations": true,
									"localizationsList": {
										"nb": "Hvor mange uker gravid er du?",
										"en": "How many weeks pregnant are you?"
									}
								},
								"advanced": {
									"hidden": false,
									"readonly": false
								},
								"multiplicity": {
									"min": "0",
									"max": "1"
								},
								"size": {
									"field": "inherit",
									"label": "inherit",
									"fill": "inherit"
								},
								"layout": {
									"label": {
										"valign": "top",
										"align": "top"
									},
									"field": {
										"valign": "inherit",
										"align": "inherit"
									}
								},
								"tags": [],
								"datasource": {
									"loadRemote": false,
									"loadRemoteUrl": "",
									"terminology": ""
								},
								"field": {}
							},
							"defaultValue": {},
							"fid": "anamnese_og_selvregistrering/anamnese/graviditet/gestasjonsalder_-_uker"
						},
						{
							"name": "Første dag av siste menstruasjon",
							"localizedName": "Første dag av siste menstruasjon",
							"rmType": "DV_DATE",
							"nodeId": "at0009",
							"min": 0,
							"max": 1,
							"localizedNames": {
								"nb": "Første dag av siste menstruasjon",
								"en": "First day of last menstruation"
							},
							"localizedDescriptions": {
								"nb": "*"
							},
							"aqlPath": "/content[openEHR-EHR-OBSERVATION.story.v1]/data[at0001]/events[at0002]/data[at0003]/items[openEHR-EHR-CLUSTER.reported_pregnancy_bf_ous.v1]/items[at0009]/value",
							"inputs": [
								{
									"type": "DATE"
								}
							],
							"formId": "anamnese_og_selvregistrering/anamnese/graviditet/første_dag_av_siste_menstruasjon",
							"viewConfig": {
								"label": {
									"custom": true,
									"value": "Første dag av siste menstruasjon",
									"useLocalizations": true,
									"localizationsList": {
										"nb": "Første dag av siste menstruasjon",
										"en": "First day of last menstruation"
									}
								},
								"advanced": {
									"hidden": false,
									"readonly": false
								},
								"multiplicity": {
									"min": "0",
									"max": "1"
								},
								"size": {
									"field": "inherit",
									"label": "inherit",
									"fill": "inherit"
								},
								"layout": {
									"label": {
										"valign": "top",
										"align": "top"
									},
									"field": {
										"valign": "inherit",
										"align": "inherit"
									}
								},
								"tags": [],
								"datasource": {
									"loadRemote": false,
									"loadRemoteUrl": "",
									"terminology": ""
								},
								"field": {
									"input": {
										"dateFormat": "",
										"hideDate": false,
										"hideTime": false
									}
								}
							},
							"defaultValue": {
								"value": ""
							},
							"fid": "anamnese_og_selvregistrering/anamnese/graviditet/første_dag_av_siste_menstruasjon"
						},
						{
							"name": "Har ikke menstruasjon",
							"localizedName": "Har ikke menstruasjon",
							"rmType": "DV_BOOLEAN",
							"nodeId": "at0013",
							"min": 0,
							"max": 1,
							"localizedNames": {
								"nb": "Har ikke menstruasjon",
								"en": "Do not menstruation"
							},
							"localizedDescriptions": {
								"nb": "*"
							},
							"aqlPath": "/content[openEHR-EHR-OBSERVATION.story.v1]/data[at0001]/events[at0002]/data[at0003]/items[openEHR-EHR-CLUSTER.reported_pregnancy_bf_ous.v1]/items[at0013]/value",
							"inputs": [
								{
									"type": "BOOLEAN",
									"list": [
										{
											"value": "true",
											"label": "true"
										}
									]
								}
							],
							"fid": "anamnese_og_selvregistrering/anamnese/graviditet/har_ikke_menstruasjon",
							"formId": "anamnese_og_selvregistrering/anamnese/graviditet/har_ikke_menstruasjon",
							"viewConfig": {
								"label": {
									"custom": true,
									"value": "Har ikke menstruasjon",
									"useLocalizations": true,
									"localizationsList": {
										"nb": "Har ikke menstruasjon",
										"en": "I don´t menstruate"
									}
								},
								"size": {
									"field": "inherit",
									"label": "inherit",
									"fill": "inherit"
								},
								"layout": {
									"label": {
										"valign": "inherit",
										"align": "inherit"
									},
									"field": {
										"valign": "inherit",
										"align": "inherit"
									}
								},
								"datasource": {
									"loadRemote": false,
									"loadRemoteUrl": "",
									"terminology": ""
								},
								"advanced": {
									"hidden": false,
									"readonly": false
								},
								"multiplicity": {
									"min": "0",
									"max": "1"
								},
								"tags": [],
								"field": {
									"input": {
										"threeState": false
									}
								}
							},
							"defaultValue": {
								"value": false
							}
						}
					]
				},
				{
					"name": "Prevensjonsmiddel",
					"localizedName": "Prevensjonsmiddel",
					"rmType": "DV_CODED_TEXT",
					"nodeId": "at0016",
					"min": 0,
					"max": -1,
					"localizedNames": {
						"nb": "Prevensjonsmiddel",
						"en": "contraception"
					},
					"localizedDescriptions": {
						"nb": "*"
					},
					"aqlPath": "/content[openEHR-EHR-EVALUATION.anamnese_olafia.v1]/data[at0001]/items[at0016]/value",
					"inputs": [
						{
							"suffix": "code",
							"type": "CODED_TEXT",
							"list": [
								{
									"value": "CM01",
									"label": "Ingen",
									"localizedLabels": {
										"nb": "Ingen",
										"en": "None"
									}
								},
								{
									"value": "CM02",
									"label": "Kondom",
									"localizedLabels": {
										"nb": "Kondom",
										"en": "Condom"
									}
								},
								{
									"value": "CM03",
									"label": "P-piller/minipiller",
									"localizedLabels": {
										"nb": "P-piller/minipiller",
										"en": "Combined oral contraceptive pill/mini-pill"
									}
								},
								{
									"value": "CM04",
									"label": "P-stav",
									"localizedLabels": {
										"nb": "P-stav",
										"en": "Contraception implant"
									}
								},
								{
									"value": "CM05",
									"label": "P-sprøyte",
									"localizedLabels": {
										"nb": "P-sprøyte",
										"en": "Hormonal injection"
									}
								},
								{
									"value": "CM06",
									"label": "Hormonspiral",
									"localizedLabels": {
										"nb": "Hormonspiral",
										"en": "Hormonal IUD (intrauterine device)"
									}
								},
								{
									"value": "CM07",
									"label": "Kobberspiral",
									"localizedLabels": {
										"nb": "Kobberspiral",
										"en": "Copper IUD (intrauterine device)"
									}
								},
								{
									"value": "CM08",
									"label": "P-ring",
									"localizedLabels": {
										"nb": "P-ring",
										"en": "Vaginal ring"
									}
								},
								{
									"value": "CM09",
									"label": "Avbrutt samleie/sikre perioder",
									"localizedLabels": {
										"nb": "Avbrutt samleie/sikre perioder",
										"en": "Interrupted intercourse/safe periods"
									}
								},
								{
									"value": "CM10",
									"label": "Annet",
									"localizedLabels": {
										"nb": "Annet",
										"en": "Other"
									}
								}
							],
							"terminology": "Olafia"
						}
					],
					"fid": "anamnese_og_selvregistrering/anamnese_olafia/prevensjonsmiddel",
					"formId": "anamnese_og_selvregistrering/anamnese_olafia/prevensjonsmiddel",
					"viewConfig": {
						"label": {
							"custom": true,
							"value": "Hva slags prevensjonsmiddel bruker du eller partner?",
							"useLocalizations": true,
							"localizationsList": {
								"nb": "Hva slags prevensjonsmiddel bruker du eller partner?",
								"en": "What kind of contraception do you or your partner use?"
							}
						},
						"advanced": {
							"hidden": false,
							"readonly": false
						},
						"multiplicity": {
							"min": "0",
							"max": "100"
						},
						"size": {
							"field": "inherit",
							"label": "inherit",
							"fill": "inherit"
						},
						"layout": {
							"label": {
								"valign": "top",
								"align": "top"
							},
							"field": {
								"valign": "inherit",
								"align": "inherit"
							}
						},
						"datasource": {
							"loadRemote": false,
							"loadRemoteUrl": "",
							"terminology": ""
						},
						"tags": [
							"showasmulticombobox"
						]
					},
					"defaultValue": {
						"code": ""
					}
				}
			],
			"viewConfig": {
				"label": {
					"custom": true,
					"value": "Innledende spørsmål",
					"useLocalizations": true,
					"localizationsList": {
						"nb": "Innledende spørsmål",
						"en": "Preliminary questions"
					}
				},
				"size": {
					"field": "inherit",
					"label": "inherit",
					"fill": "inherit"
				},
				"layout": {
					"label": {
						"valign": "inherit",
						"align": "inherit"
					},
					"field": {
						"valign": "inherit",
						"align": "inherit"
					}
				},
				"field": {},
				"advanced": {
					"hidden": false,
					"readonly": false,
					"render": false
				},
				"multiplicity": {
					"min": "0",
					"max": "1"
				},
				"tags": []
			}
		},
		{
			"localizedName": "Fieldset",
			"localizedNames": {
				"nb": "Seksualhistorie",
				"en": "Sexual history"
			},
			"min": 0,
			"max": -1,
			"name": "Fieldset",
			"rmType": "GENERIC_FIELDSET",
			"fid": "generic-field-76063",
			"formId": "generic-field-76063",
			"children": [
				{
					"name": "Noen gang hatt sex?",
					"localizedName": "Noen gang hatt sex?",
					"rmType": "DV_CODED_TEXT",
					"nodeId": "at0002",
					"min": 0,
					"max": 1,
					"localizedNames": {
						"nb": "Noen gang hatt sex?",
						"en": "Ever had sex?"
					},
					"localizedDescriptions": {
						"nb": "*"
					},
					"aqlPath": "/content[openEHR-EHR-EVALUATION.sexual_history.v1,'Seksualhistorie']/data[at0001]/items[at0002]/value",
					"inputs": [
						{
							"suffix": "code",
							"type": "CODED_TEXT",
							"list": [
								{
									"value": "at0009",
									"label": "Ja",
									"localizedLabels": {
										"nb": "Ja",
										"en": "Yes"
									},
									"localizedDescriptions": {
										"nb": "*",
										"en": "*"
									}
								},
								{
									"value": "at0010",
									"label": "Nei",
									"localizedLabels": {
										"nb": "Nei",
										"en": "No"
									},
									"localizedDescriptions": {
										"nb": "*",
										"en": "*"
									}
								}
							]
						}
					],
					"fid": "anamnese_og_selvregistrering/seksualhistorie/noen_gang_hatt_sex",
					"formId": "anamnese_og_selvregistrering/seksualhistorie/noen_gang_hatt_sex",
					"viewConfig": {
						"label": {
							"custom": true,
							"value": "Har du noen gang hatt sex?",
							"useLocalizations": true,
							"localizationsList": {
								"nb": "Har du noen gang hatt sex?",
								"en": "Have you ever had sex?"
							}
						},
						"advanced": {
							"hidden": false,
							"readonly": false
						},
						"multiplicity": {
							"min": "1",
							"max": "1"
						},
						"size": {
							"field": "inherit",
							"label": "inherit",
							"fill": "inherit"
						},
						"layout": {
							"label": {
								"valign": "inherit",
								"align": "inherit"
							},
							"field": {
								"valign": "inherit",
								"align": "inherit"
							}
						},
						"tags": [
							"showasradios"
						],
						"datasource": {
							"loadRemote": false,
							"loadRemoteUrl": "",
							"terminology": ""
						}
					},
					"defaultValue": {
						"code": ""
					}
				}
			],
			"viewConfig": {
				"label": {
					"custom": true,
					"value": "Seksualhistorie",
					"useLocalizations": true,
					"localizationsList": {
						"nb": "Seksualhistorie",
						"en": "Sexual history"
					}
				},
				"advanced": {
					"hidden": false,
					"readonly": false,
					"render": true
				},
				"multiplicity": {
					"min": "0",
					"max": "1"
				},
				"size": {
					"field": "inherit",
					"label": "inherit",
					"fill": "inherit"
				},
				"layout": {
					"label": {
						"valign": "inherit",
						"align": "inherit"
					},
					"field": {
						"valign": "inherit",
						"align": "inherit"
					}
				},
				"field": {},
				"tags": []
			}
		},
		{
			"localizedName": "Fieldset",
			"localizedNames": {
				"nb": "Seksuell aktivitet siste 6 måneder",
				"en": "Sexual activity last 6 months"
			},
			"min": 0,
			"max": -1,
			"name": "Fieldset",
			"rmType": "GENERIC_FIELDSET",
			"fid": "generic-field-64330",
			"inputs": [
				{
					"type": "TEXT"
				}
			],
			"formId": "generic-field-64330",
			"children": [
				{
					"name": "Seksuelt aktiv",
					"localizedName": "Seksuelt aktiv",
					"rmType": "DV_CODED_TEXT",
					"nodeId": "at0009",
					"min": 0,
					"max": 1,
					"localizedNames": {
						"nb": "Seksuelt aktiv",
						"en": "Sexually active"
					},
					"localizedDescriptions": {
						"nb": "*"
					},
					"aqlPath": "/content[openEHR-EHR-OBSERVATION.sexual_activity.v1]/data[at0001]/events[at0007]/data[at0003]/items[at0009]/value",
					"inputs": [
						{
							"suffix": "code",
							"type": "CODED_TEXT",
							"list": [
								{
									"value": "at0022",
									"label": "Ja",
									"localizedLabels": {
										"nb": "Ja",
										"en": "Yes"
									},
									"localizedDescriptions": {
										"nb": "*",
										"en": "*"
									}
								},
								{
									"value": "at0023",
									"label": "Nei",
									"localizedLabels": {
										"nb": "Nei",
										"en": "No"
									},
									"localizedDescriptions": {
										"nb": "*",
										"en": "*"
									}
								}
							]
						}
					],
					"formId": "anamnese_og_selvregistrering/seksuell_aktivitet/seksuelt_aktiv",
					"viewConfig": {
						"label": {
							"custom": true,
							"value": "Har du hatt sex siste 6 mndr?",
							"useLocalizations": true,
							"localizationsList": {
								"nb": "Har du hatt sex siste 6 mndr?",
								"en": "Have you been sexually active the last 6 months?"
							}
						},
						"advanced": {
							"hidden": false,
							"readonly": false
						},
						"multiplicity": {
							"min": "1",
							"max": "1"
						},
						"size": {
							"field": "inherit",
							"label": "inherit",
							"fill": "inherit"
						},
						"layout": {
							"label": {
								"valign": "inherit",
								"align": "inherit"
							},
							"field": {
								"valign": "inherit",
								"align": "inherit"
							}
						},
						"tags": [
							"showasradios"
						],
						"datasource": {
							"loadRemote": false,
							"loadRemoteUrl": "",
							"terminology": ""
						}
					},
					"defaultValue": {
						"code": ""
					},
					"fid": "anamnese_og_selvregistrering/seksuell_aktivitet/seksuelt_aktiv"
				}
			],
			"viewConfig": {
				"label": {
					"custom": true,
					"value": "Seksuell aktivitet siste 6 måneder",
					"useLocalizations": true,
					"localizationsList": {
						"nb": "Seksuell aktivitet siste 6 måneder",
						"en": "Sexual activity last 6 months"
					}
				},
				"advanced": {
					"hidden": false,
					"readonly": false,
					"render": false
				},
				"multiplicity": {
					"min": "0",
					"max": "1"
				},
				"size": {
					"field": "inherit",
					"label": "inherit",
					"fill": "inherit"
				},
				"layout": {
					"label": {
						"valign": "inherit",
						"align": "inherit"
					},
					"field": {
						"valign": "inherit",
						"align": "inherit"
					}
				},
				"field": {},
				"tags": []
			}
		},
		{
			"localizedName": "Fieldset",
			"localizedNames": {
				"nb": "Detaljer siste 6 mndr"
			},
			"min": 0,
			"max": -1,
			"name": "Fieldset",
			"rmType": "GENERIC_FIELDSET",
			"fid": "generic-field-81348",
			"inputs": [
				{
					"type": "TEXT"
				}
			],
			"formId": "generic-field-81348",
			"children": [
				{
					"name": "Sexpartneres kjønn",
					"localizedName": "Sexpartneres kjønn",
					"rmType": "DV_CODED_TEXT",
					"nodeId": "at0012",
					"min": 0,
					"max": -1,
					"localizedNames": {
						"nb": "Sexpartneres kjønn",
						"en": "Genders of sex partners"
					},
					"localizedDescriptions": {
						"nb": "*"
					},
					"aqlPath": "/content[openEHR-EHR-OBSERVATION.sexual_activity.v1]/data[at0001]/events[at0007]/data[at0003]/items[at0012]/value",
					"inputs": [
						{
							"suffix": "code",
							"type": "CODED_TEXT",
							"list": [
								{
									"value": "AP1",
									"label": "Menn",
									"localizedLabels": {
										"nb": "Menn",
										"en": "Men"
									}
								},
								{
									"value": "AP3",
									"label": "Kvinner",
									"localizedLabels": {
										"nb": "Kvinner",
										"en": "Women"
									}
								},
								{
									"value": "AP4",
									"label": "Trans",
									"localizedLabels": {
										"nb": "Trans",
										"en": "Transgender"
									}
								}
							],
							"terminology": "Olafia"
						}
					],
					"formId": "anamnese_og_selvregistrering/seksuell_aktivitet/sexpartneres_kjønn",
					"viewConfig": {
						"label": {
							"custom": true,
							"value": "Sexpartner(e)s kjønn",
							"useLocalizations": true,
							"localizationsList": {
								"nb": "Sexpartner(e)s kjønn",
								"en": "Genders of sex partner(s)"
							}
						},
						"advanced": {
							"hidden": false,
							"readonly": false
						},
						"multiplicity": {
							"min": "0",
							"max": "100"
						},
						"size": {
							"field": "inherit",
							"label": "inherit",
							"fill": "inherit"
						},
						"layout": {
							"label": {
								"valign": "inherit",
								"align": "inherit"
							},
							"field": {
								"valign": "inherit",
								"align": "inherit"
							}
						},
						"tags": [
							"showasmulticombobox"
						],
						"datasource": {
							"loadRemote": false,
							"loadRemoteUrl": "",
							"terminology": ""
						}
					},
					"defaultValue": {
						"code": ""
					},
					"fid": "anamnese_og_selvregistrering/seksuell_aktivitet/sexpartneres_kjønn"
				},
				{
					"name": "Typer sex",
					"localizedName": "Typer sex",
					"rmType": "DV_CODED_TEXT",
					"nodeId": "at0025",
					"min": 0,
					"max": -1,
					"localizedNames": {
						"nb": "Typer sex",
						"en": "Types of sex"
					},
					"localizedDescriptions": {
						"nb": "*"
					},
					"aqlPath": "/content[openEHR-EHR-OBSERVATION.sexual_activity.v1]/data[at0001]/events[at0007]/data[at0003]/items[at0025]/value",
					"inputs": [
						{
							"suffix": "code",
							"type": "CODED_TEXT",
							"list": [
								{
									"value": "at0027",
									"label": "Vaginal (skjede)",
									"localizedLabels": {
										"nb": "Vaginal (skjede)",
										"en": "Vaginal"
									},
									"localizedDescriptions": {
										"nb": "*",
										"en": "*"
									}
								},
								{
									"value": "at0028",
									"label": "Oral (munn)",
									"localizedLabels": {
										"nb": "Oral (munn)",
										"en": "Oral (mouth)"
									},
									"localizedDescriptions": {
										"nb": "*",
										"en": "*"
									}
								},
								{
									"value": "at0026",
									"label": "Anal (endetarm)",
									"localizedLabels": {
										"nb": "Anal (endetarm)",
										"en": "Anal (rectum)"
									},
									"localizedDescriptions": {
										"nb": "*",
										"en": "*"
									}
								}
							]
						}
					],
					"formId": "anamnese_og_selvregistrering/seksuell_aktivitet/typer_sex",
					"viewConfig": {
						"label": {
							"custom": true,
							"value": "Typer sex",
							"useLocalizations": true,
							"localizationsList": {
								"nb": "Typer sex",
								"en": "What kind of sex have you had?"
							}
						},
						"advanced": {
							"hidden": false,
							"readonly": false
						},
						"multiplicity": {
							"min": "0",
							"max": "100"
						},
						"size": {
							"field": "inherit",
							"label": "inherit",
							"fill": "inherit"
						},
						"layout": {
							"label": {
								"valign": "inherit",
								"align": "inherit"
							},
							"field": {
								"valign": "inherit",
								"align": "inherit"
							}
						},
						"tags": [
							"showasmulticombobox"
						],
						"datasource": {
							"loadRemote": false,
							"loadRemoteUrl": "",
							"terminology": ""
						}
					},
					"defaultValue": {
						"code": ""
					},
					"fid": "anamnese_og_selvregistrering/seksuell_aktivitet/typer_sex"
				},
				{
					"name": "Antall partnere",
					"localizedName": "Antall partnere",
					"rmType": "DV_COUNT",
					"nodeId": "at0011",
					"min": 0,
					"max": 1,
					"localizedNames": {
						"nb": "Antall partnere",
						"en": "Number of partners"
					},
					"localizedDescriptions": {
						"nb": "*"
					},
					"aqlPath": "/content[openEHR-EHR-OBSERVATION.sexual_activity.v1]/data[at0001]/events[at0007]/data[at0003]/items[at0011]/value",
					"inputs": [
						{
							"type": "INTEGER"
						}
					],
					"formId": "anamnese_og_selvregistrering/seksuell_aktivitet/antall_partnere",
					"viewConfig": {
						"label": {
							"custom": true,
							"value": "Antall partnere siste 6 mndr",
							"useLocalizations": true,
							"localizationsList": {
								"nb": "Antall partnere siste 6 mndr",
								"en": "Number of sex partners last 6 months"
							}
						},
						"advanced": {
							"hidden": false,
							"readonly": false
						},
						"multiplicity": {
							"min": "0",
							"max": "1"
						},
						"size": {
							"field": "inherit",
							"label": "inherit",
							"fill": "inherit"
						},
						"layout": {
							"label": {
								"valign": "inherit",
								"align": "inherit"
							},
							"field": {
								"valign": "inherit",
								"align": "inherit"
							}
						},
						"tags": [],
						"datasource": {
							"loadRemote": false,
							"loadRemoteUrl": "",
							"terminology": ""
						},
						"field": {}
					},
					"defaultValue": {},
					"fid": "anamnese_og_selvregistrering/seksuell_aktivitet/antall_partnere"
				},
				{
					"name": "Sex med sexarbeider",
					"localizedName": "Sex med sexarbeider",
					"rmType": "DV_CODED_TEXT",
					"nodeId": "at0036",
					"min": 0,
					"max": 1,
					"localizedNames": {
						"nb": "Sex med sexarbeider",
						"en": "Sex with sexworker"
					},
					"localizedDescriptions": {
						"nb": "*"
					},
					"aqlPath": "/content[openEHR-EHR-OBSERVATION.sexual_activity.v1]/data[at0001]/events[at0007]/data[at0003]/items[at0036]/value",
					"inputs": [
						{
							"suffix": "code",
							"type": "CODED_TEXT",
							"list": [
								{
									"value": "at0037",
									"label": "Ja",
									"localizedLabels": {
										"nb": "Ja",
										"en": "Yes"
									},
									"localizedDescriptions": {
										"nb": "*",
										"en": "*"
									}
								},
								{
									"value": "at0038",
									"label": "Nei",
									"localizedLabels": {
										"nb": "Nei",
										"en": "No"
									},
									"localizedDescriptions": {
										"nb": "*",
										"en": "*"
									}
								},
								{
									"value": "at0039",
									"label": "Usikker",
									"localizedLabels": {
										"nb": "Usikker",
										"en": "Not sure"
									},
									"localizedDescriptions": {
										"nb": "*",
										"en": "*"
									}
								}
							]
						}
					],
					"formId": "anamnese_og_selvregistrering/seksuell_aktivitet/sex_med_sexarbeider",
					"viewConfig": {
						"label": {
							"custom": true,
							"value": "Sex med sexarbeider",
							"useLocalizations": true,
							"localizationsList": {
								"nb": "Sex med sexarbeider",
								"en": "Had sex with a sex worker"
							}
						},
						"advanced": {
							"hidden": false,
							"readonly": false
						},
						"multiplicity": {
							"min": "0",
							"max": "1"
						},
						"size": {
							"field": "inherit",
							"label": "inherit",
							"fill": "inherit"
						},
						"layout": {
							"label": {
								"valign": "inherit",
								"align": "inherit"
							},
							"field": {
								"valign": "inherit",
								"align": "inherit"
							}
						},
						"tags": [
							"showasradios"
						],
						"datasource": {
							"loadRemote": false,
							"loadRemoteUrl": "",
							"terminology": ""
						}
					},
					"defaultValue": {
						"code": ""
					},
					"fid": "anamnese_og_selvregistrering/seksuell_aktivitet/sex_med_sexarbeider"
				},
				{
					"name": "Har du motatt betaling for sex?",
					"localizedName": "Har du motatt betaling for sex?",
					"rmType": "DV_CODED_TEXT",
					"nodeId": "at0041",
					"min": 0,
					"max": 1,
					"localizedNames": {
						"nb": "Har du motatt betaling for sex?",
						"en": "Have you received money for sex?"
					},
					"localizedDescriptions": {
						"nb": "*"
					},
					"aqlPath": "/content[openEHR-EHR-OBSERVATION.sexual_activity.v1]/data[at0001]/events[at0007]/data[at0003]/items[at0041]/value",
					"inputs": [
						{
							"suffix": "code",
							"type": "CODED_TEXT",
							"list": [
								{
									"value": "at0042",
									"label": "Ja",
									"localizedLabels": {
										"nb": "Ja",
										"en": "Yes"
									},
									"localizedDescriptions": {
										"nb": "*",
										"en": "*"
									}
								},
								{
									"value": "at0043",
									"label": "Nei",
									"localizedLabels": {
										"nb": "Nei",
										"en": "No"
									},
									"localizedDescriptions": {
										"nb": "*",
										"en": "*"
									}
								}
							]
						}
					],
					"formId": "anamnese_og_selvregistrering/seksuell_aktivitet/har_du_motatt_betaling_for_sex",
					"viewConfig": {
						"label": {
							"custom": true,
							"value": "Har du mottatt betaling for sex?",
							"useLocalizations": true,
							"localizationsList": {
								"nb": "Har du mottatt betaling for sex?",
								"en": "Have you received money for sex?"
							}
						},
						"advanced": {
							"hidden": false,
							"readonly": false
						},
						"multiplicity": {
							"min": "0",
							"max": "1"
						},
						"size": {
							"field": "inherit",
							"label": "inherit",
							"fill": "inherit"
						},
						"layout": {
							"label": {
								"valign": "inherit",
								"align": "inherit"
							},
							"field": {
								"valign": "inherit",
								"align": "inherit"
							}
						},
						"tags": [
							"showasradios"
						],
						"datasource": {
							"loadRemote": false,
							"loadRemoteUrl": "",
							"terminology": ""
						}
					},
					"defaultValue": {
						"code": ""
					},
					"fid": "anamnese_og_selvregistrering/seksuell_aktivitet/har_du_motatt_betaling_for_sex"
				},
				{
					"name": "Sexpartnere har vært fra",
					"localizedName": "Sexpartnere har vært fra",
					"rmType": "DV_CODED_TEXT",
					"nodeId": "at0040",
					"min": 0,
					"max": -1,
					"localizedNames": {
						"nb": "Sexpartnere har vært fra",
						"en": "Sex partner(s) have been from"
					},
					"localizedDescriptions": {
						"nb": "*"
					},
					"aqlPath": "/content[openEHR-EHR-OBSERVATION.sexual_activity.v1]/data[at0001]/events[at0007]/data[at0003]/items[at0040]/value",
					"inputs": [
						{
							"suffix": "code",
							"type": "CODED_TEXT",
							"list": [
								{
									"value": "AQA",
									"label": "Skandinavia",
									"localizedLabels": {
										"nb": "Skandinavia",
										"en": "Scandinavia"
									}
								},
								{
									"value": "AQ1",
									"label": "Vest-Europa, utenom skandinavia",
									"localizedLabels": {
										"nb": "Vest-Europa, utenom skandinavia",
										"en": "Western Europe, ouside of Scandinavia"
									}
								},
								{
									"value": "AQ2",
									"label": "Øst-Europa",
									"localizedLabels": {
										"nb": "Øst-Europa",
										"en": "Eastern Europe"
									}
								},
								{
									"value": "AQ3",
									"label": "Afrika",
									"localizedLabels": {
										"nb": "Afrika",
										"en": "Africa"
									}
								},
								{
									"value": "AQ4",
									"label": "Sør- og mellom-Amerika",
									"localizedLabels": {
										"nb": "Sør- og mellom-Amerika",
										"en": "South- and Central America"
									}
								},
								{
									"value": "AQ5",
									"label": "Nord-Amerika",
									"localizedLabels": {
										"nb": "Nord-Amerika",
										"en": "North America"
									}
								},
								{
									"value": "AQ6",
									"label": "Asia",
									"localizedLabels": {
										"nb": "Asia",
										"en": "Asia"
									}
								},
								{
									"value": "AQ7",
									"label": "Australia",
									"localizedLabels": {
										"nb": "Australia",
										"en": "Australia"
									}
								}
							],
							"terminology": "Olafia"
						}
					],
					"formId": "anamnese_og_selvregistrering/seksuell_aktivitet/sexpartnere_har_vært_fra",
					"viewConfig": {
						"label": {
							"custom": true,
							"value": "Sexpartner(e) har vært fra",
							"useLocalizations": true,
							"localizationsList": {
								"nb": "Sexpartnere har vært fra",
								"en": "Sex partner(s) have been from"
							}
						},
						"advanced": {
							"hidden": false,
							"readonly": false
						},
						"multiplicity": {
							"min": "0",
							"max": "100"
						},
						"size": {
							"field": "inherit",
							"label": "inherit",
							"fill": "inherit"
						},
						"layout": {
							"label": {
								"valign": "inherit",
								"align": "inherit"
							},
							"field": {
								"valign": "inherit",
								"align": "inherit"
							}
						},
						"tags": [
							"showasmulticombobox"
						],
						"datasource": {
							"loadRemote": false,
							"loadRemoteUrl": "",
							"terminology": ""
						}
					},
					"defaultValue": {
						"code": ""
					},
					"fid": "anamnese_og_selvregistrering/seksuell_aktivitet/sexpartnere_har_vært_fra"
				}
			],
			"viewConfig": {
				"label": {
					"custom": true,
					"value": "Detaljer siste 6 mndr",
					"useLocalizations": true,
					"localizationsList": {
						"nb": "Detaljer siste 6 mndr"
					}
				},
				"advanced": {
					"hidden": false,
					"readonly": false,
					"render": false
				},
				"multiplicity": {
					"min": "0",
					"max": "1"
				},
				"size": {
					"field": "inherit",
					"label": "inherit",
					"fill": "inherit"
				},
				"layout": {
					"label": {
						"valign": "inherit",
						"align": "inherit"
					},
					"field": {
						"valign": "inherit",
						"align": "inherit"
					}
				},
				"tags": [
					"hidelabel"
				],
				"field": {}
			}
		},
		{
			"name": "Seksualhistorie",
			"localizedName": "Seksualhistorie",
			"rmType": "EVALUATION",
			"nodeId": "openEHR-EHR-EVALUATION.sexual_history.v1",
			"min": 0,
			"max": 1,
			"localizedNames": {
				"nb": "Seksuelt overførbare infeksjoner (SOI)",
				"en": "Sexually transmitted infections (STI)"
			},
			"localizedDescriptions": {
				"nb": "unknown"
			},
			"aqlPath": "/content[openEHR-EHR-EVALUATION.sexual_history.v1,'Seksualhistorie']",
			"fid": "anamnese_og_selvregistrering/seksualhistorie",
			"formId": "anamnese_og_selvregistrering/seksualhistorie",
			"inputs": [
				{
					"type": "TEXT"
				}
			],
			"children": [
				{
					"name": "Alder ved seksuell debut",
					"localizedName": "Alder ved seksuell debut",
					"rmType": "DV_QUANTITY",
					"nodeId": "at0003",
					"min": 0,
					"max": 1,
					"localizedNames": {
						"nb": "Alder ved seksuell debut",
						"en": "Age of sexual debut"
					},
					"localizedDescriptions": {
						"nb": "*"
					},
					"aqlPath": "/content[openEHR-EHR-EVALUATION.sexual_history.v1,'Seksualhistorie']/data[at0001]/items[at0003]/value",
					"inputs": [
						{
							"suffix": "magnitude",
							"type": "DECIMAL",
							"validation": {
								"precision": {
									"minOp": ">=",
									"min": 0,
									"maxOp": "<=",
									"max": 0
								}
							}
						},
						{
							"suffix": "unit",
							"type": "CODED_TEXT",
							"list": [
								{
									"value": "a",
									"label": "a",
									"validation": {
										"precision": {
											"minOp": ">=",
											"min": 0,
											"maxOp": "<=",
											"max": 0
										}
									}
								}
							]
						}
					],
					"formId": "anamnese_og_selvregistrering/seksualhistorie/alder_ved_seksuell_debut",
					"viewConfig": {
						"field": {
							"magnitude": {
								"presentation": "combobox"
							}
						},
						"label": {
							"custom": true,
							"value": "Alder ved seksuell debut",
							"useLocalizations": true,
							"localizationsList": {
								"nb": "Alder ved seksuell debut",
								"en": "How old were you when you first had sex ?"
							}
						},
						"advanced": {
							"hidden": false,
							"readonly": false
						},
						"multiplicity": {
							"min": "0",
							"max": "1"
						},
						"size": {
							"field": "inherit",
							"label": "inherit",
							"fill": "inherit"
						},
						"layout": {
							"label": {
								"valign": "inherit",
								"align": "inherit"
							},
							"field": {
								"valign": "inherit",
								"align": "inherit"
							}
						},
						"tags": [],
						"datasource": {
							"loadRemote": false,
							"loadRemoteUrl": "",
							"terminology": ""
						}
					},
					"defaultValue": {
						"unit": "a"
					},
					"fid": "anamnese_og_selvregistrering/seksualhistorie/alder_ved_seksuell_debut"
				},
				{
					"name": "Kjønn pasienten har hatt sex med",
					"localizedName": "Kjønn pasienten har hatt sex med",
					"rmType": "DV_CODED_TEXT",
					"nodeId": "at0004",
					"min": 0,
					"max": -1,
					"localizedNames": {
						"nb": "Kjønn pasienten har hatt sex med",
						"en": "Genders had sex with"
					},
					"localizedDescriptions": {
						"nb": "*"
					},
					"aqlPath": "/content[openEHR-EHR-EVALUATION.sexual_history.v1,'Seksualhistorie']/data[at0001]/items[at0004]/value",
					"inputs": [
						{
							"suffix": "code",
							"type": "CODED_TEXT",
							"list": [
								{
									"value": "AP1",
									"label": "Menn",
									"localizedLabels": {
										"nb": "Menn",
										"en": "Men"
									}
								},
								{
									"value": "AP3",
									"label": "Kvinner",
									"localizedLabels": {
										"nb": "Kvinner",
										"en": "Women"
									}
								},
								{
									"value": "AP4",
									"label": "Trans",
									"localizedLabels": {
										"nb": "Trans",
										"en": "Transgender"
									}
								}
							],
							"terminology": "Olafia"
						}
					],
					"formId": "anamnese_og_selvregistrering/seksualhistorie/kjønn_pasienten_har_hatt_sex_med",
					"viewConfig": {
						"label": {
							"custom": true,
							"value": "Hvilke(t) kjønn har du noen gang hatt sex med?",
							"useLocalizations": true,
							"localizationsList": {
								"nb": "Hvilke(t) kjønn har du noen gang hatt sex med?",
								"en": "Have you ever had sex with"
							}
						},
						"advanced": {
							"hidden": false,
							"readonly": false
						},
						"multiplicity": {
							"min": "0",
							"max": "100"
						},
						"size": {
							"field": "inherit",
							"label": "inherit",
							"fill": "inherit"
						},
						"layout": {
							"label": {
								"valign": "inherit",
								"align": "inherit"
							},
							"field": {
								"valign": "inherit",
								"align": "inherit"
							}
						},
						"tags": [
							"showasmulticombobox"
						],
						"datasource": {
							"loadRemote": false,
							"loadRemoteUrl": "",
							"terminology": ""
						}
					},
					"defaultValue": {
						"code": ""
					},
					"fid": "anamnese_og_selvregistrering/seksualhistorie/kjønn_pasienten_har_hatt_sex_med"
				}
			],
			"viewConfig": {
				"label": {
					"custom": true,
					"value": "Seksuelt overførbare infeksjoner (SOI)",
					"useLocalizations": true,
					"localizationsList": {
						"nb": "Seksuelt overførbare infeksjoner (SOI)",
						"en": "Sexually transmitted infections (STI)"
					}
				},
				"advanced": {
					"hidden": false,
					"readonly": false
				},
				"multiplicity": {
					"min": "0",
					"max": "1"
				},
				"size": {
					"field": "inherit",
					"label": "inherit",
					"fill": "inherit"
				},
				"layout": {
					"label": {
						"valign": "inherit",
						"align": "inherit"
					},
					"field": {
						"valign": "inherit",
						"align": "inherit"
					}
				},
				"tags": [],
				"field": {},
				"datasource": {
					"loadRemote": false,
					"loadRemoteUrl": "",
					"terminology": ""
				}
			}
		},
		{
			"localizedName": "Fieldset",
			"localizedNames": {
				"nb": "SOI sammendrag"
			},
			"min": 0,
			"max": -1,
			"name": "Fieldset",
			"rmType": "GENERIC_FIELDSET",
			"fid": "generic-field-28927",
			"inputs": [
				{
					"type": "TEXT"
				}
			],
			"formId": "generic-field-28927",
			"children": [
				{
					"name": "Tidligere testet for seksuelt overførbare sykdommer (SOI)?",
					"localizedName": "Tidligere testet for seksuelt overførbare sykdommer (SOI)?",
					"rmType": "DV_CODED_TEXT",
					"nodeId": "at0014",
					"min": 0,
					"max": 1,
					"localizedNames": {
						"nb": "Tidligere testet for seksuelt overførbare sykdommer (SOI)?",
						"en": "Ever tested for a sexually transmitted infection (STI)?"
					},
					"localizedDescriptions": {
						"nb": "*"
					},
					"aqlPath": "/content[openEHR-EHR-EVALUATION.sti_summary.v1]/data[at0001]/items[at0014]/value",
					"inputs": [
						{
							"suffix": "code",
							"type": "CODED_TEXT",
							"list": [
								{
									"value": "at0034",
									"label": "Ja",
									"localizedLabels": {
										"nb": "Ja",
										"en": "Yes"
									},
									"localizedDescriptions": {
										"nb": "*",
										"en": "*"
									}
								},
								{
									"value": "at0035",
									"label": "Nei",
									"localizedLabels": {
										"nb": "Nei",
										"en": "No"
									},
									"localizedDescriptions": {
										"nb": "*",
										"en": "*"
									}
								},
								{
									"value": "at0036",
									"label": "Usikker",
									"localizedLabels": {
										"nb": "Usikker",
										"en": "Not sure"
									},
									"localizedDescriptions": {
										"nb": "*",
										"en": "*"
									}
								}
							]
						}
					],
					"formId": "anamnese_og_selvregistrering/soi-sammendrag/tidligere_testet_for_seksuelt_overførbare_sykdommer_soi",
					"viewConfig": {
						"label": {
							"custom": true,
							"value": "Har du blitt testet for kjønnssykdom(mer) tidligere?",
							"useLocalizations": true,
							"localizationsList": {
								"nb": "Har du blitt testet for kjønnssykdom(mer) tidligere?",
								"en": "Have you been tested for any sexually trasmitted infection(s) before?"
							}
						},
						"advanced": {
							"hidden": false,
							"readonly": false
						},
						"multiplicity": {
							"min": "0",
							"max": "1"
						},
						"size": {
							"field": "inherit",
							"label": "inherit",
							"fill": "inherit"
						},
						"layout": {
							"label": {
								"valign": "top",
								"align": "top"
							},
							"field": {
								"valign": "inherit",
								"align": "inherit"
							}
						},
						"tags": [
							"showasradios"
						],
						"datasource": {
							"loadRemote": false,
							"loadRemoteUrl": "",
							"terminology": ""
						}
					},
					"defaultValue": {
						"code": ""
					},
					"fid": "anamnese_og_selvregistrering/soi-sammendrag/tidligere_testet_for_seksuelt_overførbare_sykdommer_soi"
				},
				{
					"name": "Tidligere SOI?",
					"localizedName": "Tidligere SOI?",
					"rmType": "DV_CODED_TEXT",
					"nodeId": "at0002",
					"min": 0,
					"max": 1,
					"localizedNames": {
						"nb": "Tidligere SOI?",
						"en": "Previously had STI?"
					},
					"localizedDescriptions": {
						"nb": "*"
					},
					"aqlPath": "/content[openEHR-EHR-EVALUATION.sti_summary.v1]/data[at0001]/items[at0002]/value",
					"inputs": [
						{
							"suffix": "code",
							"type": "CODED_TEXT",
							"list": [
								{
									"value": "at0003",
									"label": "Ja",
									"localizedLabels": {
										"nb": "Ja",
										"en": "Yes"
									},
									"localizedDescriptions": {
										"nb": "*",
										"en": "*"
									}
								},
								{
									"value": "at0004",
									"label": "Nei",
									"localizedLabels": {
										"nb": "Nei",
										"en": "No"
									},
									"localizedDescriptions": {
										"nb": "*",
										"en": "*"
									}
								},
								{
									"value": "at0005",
									"label": "Usikker",
									"localizedLabels": {
										"nb": "Usikker",
										"en": "Not sure"
									},
									"localizedDescriptions": {
										"nb": "*",
										"en": "*"
									}
								}
							]
						}
					],
					"formId": "anamnese_og_selvregistrering/soi-sammendrag/tidligere_soi",
					"viewConfig": {
						"label": {
							"custom": true,
							"value": "Har du tidligere fått påvist kjønnssykdom(mer)?",
							"useLocalizations": true,
							"localizationsList": {
								"nb": "Har du tidligere fått påvist kjønnssykdom(mer)?",
								"en": "Have you ever been diagnosed with a sexually transmitted infection?"
							}
						},
						"advanced": {
							"hidden": false,
							"readonly": false
						},
						"multiplicity": {
							"min": "0",
							"max": "1"
						},
						"size": {
							"field": "inherit",
							"label": "inherit",
							"fill": "inherit"
						},
						"layout": {
							"label": {
								"valign": "top",
								"align": "top"
							},
							"field": {
								"valign": "inherit",
								"align": "inherit"
							}
						},
						"tags": [
							"showasradios"
						],
						"datasource": {
							"loadRemote": false,
							"loadRemoteUrl": "",
							"terminology": ""
						}
					},
					"defaultValue": {
						"code": ""
					},
					"fid": "anamnese_og_selvregistrering/soi-sammendrag/tidligere_soi"
				},
				{
					"name": "Hvilke typer SOI?",
					"localizedName": "Hvilke typer SOI?",
					"rmType": "DV_CODED_TEXT",
					"nodeId": "at0007",
					"min": 0,
					"max": -1,
					"localizedNames": {
						"nb": "Hvilke typer SOI?",
						"en": "Which types of STI?\""
					},
					"localizedDescriptions": {
						"nb": "*"
					},
					"aqlPath": "/content[openEHR-EHR-EVALUATION.sti_summary.v1]/data[at0001]/items[at0007]/value",
					"inputs": [
						{
							"suffix": "code",
							"type": "CODED_TEXT",
							"list": [
								{
									"value": "CV01",
									"label": "Klamydia",
									"localizedLabels": {
										"nb": "Klamydia",
										"en": "Chlamydia"
									}
								},
								{
									"value": "CV02",
									"label": "Gonoré",
									"localizedLabels": {
										"nb": "Gonoré",
										"en": "Gonorrhea"
									}
								},
								{
									"value": "CV03",
									"label": "Herpes",
									"localizedLabels": {
										"nb": "Herpes",
										"en": "Herpes"
									}
								},
								{
									"value": "CV04",
									"label": "Mykoplasma",
									"localizedLabels": {
										"nb": "Mykoplasma",
										"en": "Mycoplasma"
									}
								},
								{
									"value": "CV05",
									"label": "Genitale vorter",
									"localizedLabels": {
										"nb": "Genitale vorter",
										"en": "Genital warts"
									}
								},
								{
									"value": "CV06",
									"label": "HIV",
									"localizedLabels": {
										"nb": "HIV",
										"en": "HIV"
									}
								},
								{
									"value": "CV07",
									"label": "Syfilis",
									"localizedLabels": {
										"nb": "Syfilis",
										"en": "Syphilis"
									}
								},
								{
									"value": "CV08",
									"label": "Hepatitt",
									"localizedLabels": {
										"nb": "Hepatitt",
										"en": "Hepatitis"
									}
								},
								{
									"value": "CV09",
									"label": "Annen",
									"localizedLabels": {
										"nb": "Annen",
										"en": "Other"
									}
								}
							],
							"terminology": "Olafia"
						}
					],
					"formId": "anamnese_og_selvregistrering/soi-sammendrag/hvilke_typer_soi",
					"viewConfig": {
						"label": {
							"custom": true,
							"value": "Hvilke(n) type(r) kjønnssykdom(mer) har du tidligere fått påvist?",
							"useLocalizations": true,
							"localizationsList": {
								"nb": "Hvilke(n) type(r) kjønnssykdom(mer) har du tidligere fått påvist?",
								"en": "Which sexually transmitted infection(s) have you ever been diagnosed with?"
							}
						},
						"advanced": {
							"hidden": false,
							"readonly": false
						},
						"multiplicity": {
							"min": "0",
							"max": "100"
						},
						"size": {
							"field": "inherit",
							"label": "inherit",
							"fill": "inherit"
						},
						"layout": {
							"label": {
								"valign": "inherit",
								"align": "inherit"
							},
							"field": {
								"valign": "inherit",
								"align": "inherit"
							}
						},
						"tags": [
							"showasmulticombobox"
						],
						"datasource": {
							"loadRemote": false,
							"loadRemoteUrl": "",
							"terminology": ""
						}
					},
					"defaultValue": {
						"code": ""
					},
					"fid": "anamnese_og_selvregistrering/soi-sammendrag/hvilke_typer_soi"
				},
				{
					"name": "Klamydia",
					"localizedName": "Klamydia",
					"rmType": "DV_COUNT",
					"nodeId": "at0046",
					"min": 0,
					"max": 1,
					"localizedNames": {
						"nb": "Klamydia",
						"en": "Klamydia"
					},
					"localizedDescriptions": {
						"nb": "*"
					},
					"aqlPath": "/content[openEHR-EHR-EVALUATION.sti_summary.v1]/data[at0001]/items[at0046]/value",
					"inputs": [
						{
							"type": "INTEGER"
						}
					],
					"formId": "anamnese_og_selvregistrering/soi-sammendrag/klamydia",
					"viewConfig": {
						"label": {
							"custom": true,
							"value": "Antall klamydiainfeksjoner",
							"useLocalizations": true,
							"localizationsList": {
								"nb": "Antall klamydiainfeksjoner",
								"en": "How many chlamydia infections"
							}
						},
						"advanced": {
							"hidden": true,
							"readonly": false
						},
						"multiplicity": {
							"min": "0",
							"max": "1"
						},
						"size": {
							"field": "inherit",
							"label": "inherit",
							"fill": "inherit"
						},
						"layout": {
							"label": {
								"valign": "inherit",
								"align": "inherit"
							},
							"field": {
								"valign": "inherit",
								"align": "inherit"
							}
						},
						"tags": [],
						"datasource": {
							"loadRemote": false,
							"loadRemoteUrl": "",
							"terminology": ""
						},
						"field": {}
					},
					"defaultValue": {},
					"fid": "anamnese_og_selvregistrering/soi-sammendrag/klamydia"
				},
				{
					"name": "Gonoré",
					"localizedName": "Gonoré",
					"rmType": "DV_COUNT",
					"nodeId": "at0047",
					"min": 0,
					"max": 1,
					"localizedNames": {
						"nb": "Gonoré",
						"en": "Gonoré"
					},
					"localizedDescriptions": {
						"nb": "*"
					},
					"aqlPath": "/content[openEHR-EHR-EVALUATION.sti_summary.v1]/data[at0001]/items[at0047]/value",
					"inputs": [
						{
							"type": "INTEGER"
						}
					],
					"formId": "anamnese_og_selvregistrering/soi-sammendrag/gonoré",
					"viewConfig": {
						"label": {
							"custom": true,
							"value": "Antall gonoréinfeksjoner",
							"useLocalizations": true,
							"localizationsList": {
								"nb": "Antall gonoréinfeksjoner",
								"en": "How many gonorrhea infections"
							}
						},
						"advanced": {
							"hidden": true,
							"readonly": false
						},
						"multiplicity": {
							"min": "0",
							"max": "1"
						},
						"size": {
							"field": "inherit",
							"label": "inherit",
							"fill": "inherit"
						},
						"layout": {
							"label": {
								"valign": "inherit",
								"align": "inherit"
							},
							"field": {
								"valign": "inherit",
								"align": "inherit"
							}
						},
						"tags": [],
						"datasource": {
							"loadRemote": false,
							"loadRemoteUrl": "",
							"terminology": ""
						},
						"field": {}
					},
					"defaultValue": {},
					"fid": "anamnese_og_selvregistrering/soi-sammendrag/gonoré"
				},
				{
					"name": "Mykoplasma",
					"localizedName": "Mykoplasma",
					"rmType": "DV_COUNT",
					"nodeId": "at0048",
					"min": 0,
					"max": 1,
					"localizedNames": {
						"nb": "Mykoplasma",
						"en": "Mykoplasma"
					},
					"localizedDescriptions": {
						"nb": "*"
					},
					"aqlPath": "/content[openEHR-EHR-EVALUATION.sti_summary.v1]/data[at0001]/items[at0048]/value",
					"inputs": [
						{
							"type": "INTEGER"
						}
					],
					"formId": "anamnese_og_selvregistrering/soi-sammendrag/mykoplasma",
					"viewConfig": {
						"label": {
							"custom": true,
							"value": "Antall mykoplasmainfeksjoner",
							"useLocalizations": true,
							"localizationsList": {
								"nb": "Antall mykoplasmainfeksjoner",
								"en": "How many mycoplasma infections"
							}
						},
						"advanced": {
							"hidden": true,
							"readonly": false
						},
						"multiplicity": {
							"min": "0",
							"max": "1"
						},
						"size": {
							"field": "inherit",
							"label": "inherit",
							"fill": "inherit"
						},
						"layout": {
							"label": {
								"valign": "top",
								"align": "top"
							},
							"field": {
								"valign": "inherit",
								"align": "inherit"
							}
						},
						"tags": [],
						"datasource": {
							"loadRemote": false,
							"loadRemoteUrl": "",
							"terminology": ""
						},
						"field": {}
					},
					"defaultValue": {},
					"fid": "anamnese_og_selvregistrering/soi-sammendrag/mykoplasma"
				}
			],
			"viewConfig": {
				"label": {
					"custom": true,
					"value": "SOI sammendrag",
					"useLocalizations": true,
					"localizationsList": {
						"nb": "SOI sammendrag"
					}
				},
				"advanced": {
					"hidden": false,
					"readonly": false,
					"render": false
				},
				"multiplicity": {
					"min": "0",
					"max": "1"
				},
				"size": {
					"field": "inherit",
					"label": "inherit",
					"fill": "inherit"
				},
				"layout": {
					"label": {
						"valign": "top",
						"align": "top"
					},
					"field": {
						"valign": "inherit",
						"align": "inherit"
					}
				},
				"tags": [
					"hidelabel"
				],
				"field": {}
			}
		},
		{
			"name": "Status olafia",
			"localizedName": "Status olafia",
			"rmType": "EVALUATION",
			"nodeId": "openEHR-EHR-EVALUATION.status_olafia.v1",
			"min": 0,
			"max": -1,
			"localizedNames": {
				"nb": "Status olafia",
				"en": "Status olafia"
			},
			"localizedDescriptions": {
				"nb": "unknown",
				"en": "*"
			},
			"aqlPath": "/content[openEHR-EHR-EVALUATION.status_olafia.v1]",
			"fid": "anamnese_og_selvregistrering/status_olafia",
			"formId": "anamnese_og_selvregistrering/status_olafia",
			"children": [
				{
					"name": "Status",
					"localizedName": "Status",
					"rmType": "DV_CODED_TEXT",
					"nodeId": "at0002",
					"min": 0,
					"max": 1,
					"localizedNames": {
						"nb": "Status",
						"en": "Status"
					},
					"localizedDescriptions": {
						"nb": "*",
						"en": "**"
					},
					"aqlPath": "/content[openEHR-EHR-EVALUATION.status_olafia.v1]/data[at0001]/items[at0002]/value",
					"inputs": [
						{
							"suffix": "code",
							"type": "CODED_TEXT",
							"list": [
								{
									"value": "AZA",
									"label": "Selvregistrering utført",
									"localizedLabels": {
										"nb": "Selvregistrering utført",
										"en": ""
									}
								},
								{
									"value": "AZB",
									"label": "Venter på sykepleier",
									"localizedLabels": {
										"nb": "Venter på sykepleier",
										"en": ""
									}
								},
								{
									"value": "AZ1",
									"label": "Hos sykepleier",
									"localizedLabels": {
										"nb": "Hos sykepleier",
										"en": ""
									}
								},
								{
									"value": "AZ2",
									"label": "Venter på lege",
									"localizedLabels": {
										"nb": "Venter på lege",
										"en": ""
									}
								},
								{
									"value": "AZ3",
									"label": "Hos lege",
									"localizedLabels": {
										"nb": "Hos lege",
										"en": ""
									}
								},
								{
									"value": "AZ5",
									"label": "Ferdig for dagen",
									"localizedLabels": {
										"nb": "Ferdig for dagen",
										"en": ""
									}
								},
								{
									"value": "AZ4",
									"label": "Ferdig for dagen (Endre \"smittefarlig sykdom\")",
									"localizedLabels": {
										"nb": "Ferdig for dagen (Endre \"smittefarlig sykdom\")",
										"en": ""
									}
								}
							],
							"terminology": "Olafia"
						}
					],
					"defaultValue": {
						"code": "AZA"
					},
					"formId": "anamnese_og_selvregistrering/status_olafia/status",
					"viewConfig": {
						"label": {
							"custom": false,
							"value": "",
							"useLocalizations": true,
							"localizationsList": {
								"nb": "Status",
								"en": "Status"
							}
						},
						"size": {
							"field": "inherit",
							"label": "inherit",
							"fill": "inherit"
						},
						"layout": {
							"label": {
								"valign": "inherit",
								"align": "inherit"
							},
							"field": {
								"valign": "inherit",
								"align": "inherit"
							}
						},
						"datasource": {
							"loadRemote": false,
							"loadRemoteUrl": "",
							"terminology": ""
						},
						"advanced": {
							"hidden": false,
							"readonly": false
						},
						"multiplicity": {
							"min": "0",
							"max": "1"
						},
						"tags": [],
						"field": {
							"code": {
								"presentation": "combobox"
							}
						}
					},
					"fid": "anamnese_og_selvregistrering/status_olafia/status"
				}
			],
			"viewConfig": {
				"label": {
					"custom": false,
					"value": "",
					"useLocalizations": true,
					"localizationsList": {
						"nb": "Status olafia",
						"en": "Status olafia"
					}
				},
				"size": {
					"field": "inherit",
					"label": "inherit",
					"fill": "inherit"
				},
				"layout": {
					"label": {
						"valign": "inherit",
						"align": "inherit"
					},
					"field": {
						"valign": "inherit",
						"align": "inherit"
					}
				},
				"field": {},
				"advanced": {
					"hidden": true,
					"readonly": false,
					"render": false
				},
				"multiplicity": {
					"min": "0",
					"max": "100"
				},
				"tags": []
			}
		}
	]
}