[{"field":"anamnese_og_selvregistrering/seksualhistorie/noen_gang_hatt_sex","conditions":[{"operator":"equals","value":{"code":"at0009"},"actions":[{"action":"show","target":"anamnese_og_selvregistrering/seksuell_aktivitet/seksuelt_aktiv","value":{"code":""}},{"action":"show","target":"anamnese_og_selvregistrering/seksualhistorie","value":{"value":""}},{"action":"show","target":"generic-field-28927","value":{"value":""}},{"action":"clear","target":"anamnese_og_selvregistrering/seksuell_aktivitet/seksuelt_aktiv","value":{"code":"at0023"}},{"action":"show","target":"generic-field-64330","value":{"value":""}}]},{"operator":"notequals","value":{"code":"at0009"},"actions":[{"action":"hide","target":"anamnese_og_selvregistrering/seksuell_aktivitet/seksuelt_aktiv","value":{"code":""}},{"action":"set","target":"anamnese_og_selvregistrering/seksuell_aktivitet/seksuelt_aktiv","value":{"code":"at0023"}},{"action":"hide","target":"generic-field-81348","value":{"value":""}},{"action":"clear","target":"generic-field-81348","value":{"value":""}},{"action":"hide","target":"anamnese_og_selvregistrering/seksualhistorie","value":{"value":""}},{"action":"clear","target":"anamnese_og_selvregistrering/seksualhistorie","value":{"value":""}},{"action":"hide","target":"generic-field-28927","value":{"value":""}},{"action":"reset","target":"generic-field-28927","value":{"value":""}},{"action":"reset","target":"anamnese_og_selvregistrering/seksualhistorie/alder_ved_seksuell_debut","value":{"unit":"a"}},{"action":"hide","target":"generic-field-64330","value":{"value":""}}]}]},{"field":"anamnese_og_selvregistrering/soi-sammendrag/tidligere_testet_for_seksuelt_overførbare_sykdommer_soi","conditions":[{"operator":"equals","value":{"code":"at0034"},"actions":[{"action":"show","target":"anamnese_og_selvregistrering/soi-sammendrag/tidligere_soi","value":{"code":""}}]},{"operator":"notequals","value":{"code":"at0034"},"actions":[{"action":"hide","target":"anamnese_og_selvregistrering/soi-sammendrag/tidligere_soi","value":{"code":""}},{"action":"clear","target":"anamnese_og_selvregistrering/soi-sammendrag/tidligere_soi","value":{"code":""}},{"action":"hide","target":"anamnese_og_selvregistrering/soi-sammendrag/hvilke_typer_soi","value":{"code":""}},{"action":"clear","target":"anamnese_og_selvregistrering/soi-sammendrag/hvilke_typer_soi","value":{"code":""}},{"action":"hide","target":"anamnese_og_selvregistrering/soi-sammendrag/klamydia","value":null},{"action":"clear","target":"anamnese_og_selvregistrering/soi-sammendrag/klamydia","value":null},{"action":"hide","target":"anamnese_og_selvregistrering/soi-sammendrag/gonoré","value":null},{"action":"clear","target":"anamnese_og_selvregistrering/soi-sammendrag/gonoré","value":null},{"action":"hide","target":"anamnese_og_selvregistrering/soi-sammendrag/mykoplasma","value":null},{"action":"clear","target":"anamnese_og_selvregistrering/soi-sammendrag/mykoplasma","value":null}]}]},{"field":"anamnese_og_selvregistrering/seksuell_aktivitet/seksuelt_aktiv","conditions":[{"operator":"equals","value":{"code":"at0022"},"actions":[{"action":"show","target":"generic-field-81348","value":{"value":""}}]},{"operator":"notequals","value":{"code":"at0022"},"actions":[{"action":"hide","target":"generic-field-81348","value":{"value":""}},{"action":"clear","target":"generic-field-81348","value":{"value":""}}]}]},{"field":"anamnese_og_selvregistrering/soi-sammendrag/tidligere_soi","conditions":[{"operator":"equals","value":{"code":"at0003"},"actions":[{"action":"show","target":"anamnese_og_selvregistrering/soi-sammendrag/hvilke_typer_soi","value":{"code":""}}]},{"operator":"notequals","value":{"code":"at0003"},"actions":[{"action":"hide","target":"anamnese_og_selvregistrering/soi-sammendrag/hvilke_typer_soi","value":{"code":""}},{"action":"clear","target":"anamnese_og_selvregistrering/soi-sammendrag/hvilke_typer_soi","value":{"code":""}},{"action":"hide","target":"anamnese_og_selvregistrering/soi-sammendrag/klamydia","value":null},{"action":"clear","target":"anamnese_og_selvregistrering/soi-sammendrag/klamydia","value":null},{"action":"hide","target":"anamnese_og_selvregistrering/soi-sammendrag/gonoré","value":null},{"action":"clear","target":"anamnese_og_selvregistrering/soi-sammendrag/gonoré","value":null},{"action":"hide","target":"anamnese_og_selvregistrering/soi-sammendrag/mykoplasma","value":null},{"action":"clear","target":"anamnese_og_selvregistrering/soi-sammendrag/mykoplasma","value":null}]}]},{"field":"anamnese_og_selvregistrering/anamnese_olafia/kjønn","conditions":[{"operator":"equals","value":{"code":"AP2"},"actions":[{"action":"show","target":"anamnese_og_selvregistrering/anamnese/graviditet","value":{"value":""}}]},{"operator":"equals","value":{"code":"AP7"},"actions":[{"action":"show","target":"anamnese_og_selvregistrering/anamnese/graviditet","value":{"value":""}}]},{"operator":"equals","value":{"code":"AP4"},"actions":[{"action":"show","target":"anamnese_og_selvregistrering/anamnese/graviditet","value":{"value":""}}]},{"operator":"equals","value":{"code":"APA"},"actions":[{"action":"hide","target":"anamnese_og_selvregistrering/anamnese/graviditet","value":{"value":""}},{"action":"clear","target":"anamnese_og_selvregistrering/anamnese/graviditet","value":{"value":""}}]},{"operator":"equals","value":{"code":"AP5"},"actions":[{"action":"hide","target":"anamnese_og_selvregistrering/anamnese/graviditet","value":{"value":""}},{"action":"clear","target":"anamnese_og_selvregistrering/anamnese/graviditet","value":{"value":""}}]},{"operator":"empty","value":null,"actions":[{"action":"hide","target":"anamnese_og_selvregistrering/anamnese/graviditet","value":{"value":""}},{"action":"clear","target":"anamnese_og_selvregistrering/anamnese/graviditet","value":{"value":""}}]}]},{"field":"anamnese_og_selvregistrering/anamnese/graviditet/er_du_gravid","conditions":[{"operator":"equals","value":{"code":"at0002"},"actions":[{"action":"show","target":"anamnese_og_selvregistrering/anamnese/graviditet/gestasjonsalder_-_uker","value":null},{"action":"hide","target":"anamnese_og_selvregistrering/anamnese/graviditet/første_dag_av_siste_menstruasjon","value":{"value":""}},{"action":"clear","target":"anamnese_og_selvregistrering/anamnese/graviditet/første_dag_av_siste_menstruasjon","value":{"value":""}},{"action":"hide","target":"anamnese_og_selvregistrering/anamnese/graviditet/har_ikke_menstruasjon","value":{"value":false}},{"action":"clear","target":"anamnese_og_selvregistrering/anamnese/graviditet/har_ikke_menstruasjon","value":{"value":false}}]},{"operator":"equals","value":{"code":"at0003"},"actions":[{"action":"hide","target":"anamnese_og_selvregistrering/anamnese/graviditet/gestasjonsalder_-_uker","value":null},{"action":"clear","target":"anamnese_og_selvregistrering/anamnese/graviditet/gestasjonsalder_-_uker","value":null},{"action":"show","target":"anamnese_og_selvregistrering/anamnese/graviditet/første_dag_av_siste_menstruasjon","value":{"value":""}},{"action":"show","target":"anamnese_og_selvregistrering/anamnese/graviditet/har_ikke_menstruasjon","value":{"value":false}}]},{"operator":"equals","value":{"code":"at0004"},"actions":[{"action":"hide","target":"anamnese_og_selvregistrering/anamnese/graviditet/gestasjonsalder_-_uker","value":null},{"action":"clear","target":"anamnese_og_selvregistrering/anamnese/graviditet/gestasjonsalder_-_uker","value":null},{"action":"show","target":"anamnese_og_selvregistrering/anamnese/graviditet/første_dag_av_siste_menstruasjon","value":{"value":""}},{"action":"show","target":"anamnese_og_selvregistrering/anamnese/graviditet/har_ikke_menstruasjon","value":{"value":false}}]},{"operator":"empty","value":null,"actions":[{"action":"hide","target":"anamnese_og_selvregistrering/anamnese/graviditet/gestasjonsalder_-_uker","value":null},{"action":"clear","target":"anamnese_og_selvregistrering/anamnese/graviditet/gestasjonsalder_-_uker","value":null},{"action":"hide","target":"anamnese_og_selvregistrering/anamnese/graviditet/første_dag_av_siste_menstruasjon","value":{"value":""}},{"action":"clear","target":"anamnese_og_selvregistrering/anamnese/graviditet/første_dag_av_siste_menstruasjon","value":{"value":""}},{"action":"clear","target":"anamnese_og_selvregistrering/anamnese/graviditet/har_ikke_menstruasjon","value":{"value":false}},{"action":"hide","target":"anamnese_og_selvregistrering/anamnese/graviditet/har_ikke_menstruasjon","value":{"value":false}}]}]},{"field":"anamnese_og_selvregistrering/soi-sammendrag/hvilke_typer_soi","conditions":[{"operator":"equals","value":{"code":"CV01"},"actions":[{"action":"show","target":"anamnese_og_selvregistrering/soi-sammendrag/klamydia","value":null}]},{"operator":"equals","value":{"code":"CV02"},"actions":[{"action":"show","target":"anamnese_og_selvregistrering/soi-sammendrag/gonoré","value":null}]},{"operator":"equals","value":{"code":"CV04"},"actions":[{"action":"show","target":"anamnese_og_selvregistrering/soi-sammendrag/mykoplasma","value":null}]}]},{"field":"anamnese_og_selvregistrering/hvorfor_kommer_du_til_olafiaklinikken/klinisk_kontaktårsak","conditions":[{"operator":"equals","value":{"code":"ANA"},"actions":[{"action":"hide","target":"anamnese_og_selvregistrering/anamnese_olafia/plager","value":{"code":""}},{"action":"clear","target":"anamnese_og_selvregistrering/anamnese_olafia/plager","value":{"code":""}}]},{"operator":"notequals","value":{"code":"ANA"},"actions":[{"action":"show","target":"anamnese_og_selvregistrering/anamnese_olafia/plager","value":{"code":""}}]},{"operator":"empty","value":null,"actions":[{"action":"hide","target":"anamnese_og_selvregistrering/anamnese_olafia/plager","value":{"code":""}},{"action":"clear","target":"anamnese_og_selvregistrering/anamnese_olafia/plager","value":{"code":""}}]}]}]