[{"col":1,"row":1,"width":12,"height":65,"children":[{"id":"klinisk_kontakt","rows":[{"cols":[{"width":"100%","children":[{"id":"klinisk_kontakt/urinkateter@Urinkateter","rows":[{"cols":[{"width":"100%","children":[{"id":"klinisk_kontakt/urinkateter@Urinkateter/ism_transition","rows":[{"cols":[{"width":"100%","children":[{"id":"klinisk_kontakt/urinkateter@Urinkateter/ism_transition/current_state","rows":[]},{"id":"klinisk_kontakt/urinkateter@Urinkateter/ism_transition/careflow_step","rows":[]}]}]}]},{"id":"klinisk_kontakt/urinkateter@Urinkateter/kateterisering@Kateterisering","rows":[]},{"id":"klinisk_kontakt/urinkateter@Urinkateter/metode","rows":[]},{"id":"klinisk_kontakt/urinkateter@Urinkateter/urinkateter@Urinkateter","rows":[{"cols":[{"width":"100%","children":[{"id":"klinisk_kontakt/urinkateter@Urinkateter/urinkateter@Urinkateter/urinkateter@Urinkateter","rows":[]},{"id":"klinisk_kontakt/urinkateter@Urinkateter/urinkateter@Urinkateter/type","rows":[]}]}]}]},{"id":"klinisk_kontakt/urinkateter@Urinkateter/begrunnelse","rows":[]},{"id":"klinisk_kontakt/urinkateter@Urinkateter/kommentar","rows":[]},{"id":"klinisk_kontakt/urinkateter@Urinkateter/time","rows":[]}]}]}]}]}]}]}]}]