[{"field":"sykmelding/hjelpefelter_sykmld/vil_du_opprette_en_utvidet_sykmelding","conditions":[{"operator":"equals","value":{"code":"at0008"},"actions":[{"action":"show","target":"sykmelding/a5_friskmelding/a5.2_pasient_med_arbeidsgiver_utdypende_opplysninger_ved_8_17_og_39_uker","value":{"value":""}},{"action":"show","target":"sykmelding/a5_friskmelding/a5.3_pasient_uten_arbeidsgiver_utdypende_opplysninger_ved_8_17_og_39_uker","value":{"value":""}},{"action":"show","target":"sykmelding/a6_utdypende_opplysninger/a6.2_utdypende_opplysninger_8_17_og_39_uker","value":{"value":""}},{"action":"show","target":"sykmelding/a4_mulighet_for_arbeid/a4.3_pasienten_kan_ikke_være_i_arbeid_100_sykmelding/helsetilstanden_hindrer_pasienten_i_å_være_i_aktivitet","value":{"value":false}},{"action":"show","target":"sykmelding/a4_mulighet_for_arbeid/a4.3_pasienten_kan_ikke_være_i_arbeid_100_sykmelding/aktivitet_vil_forverre_helsetilstanden","value":{"value":false}},{"action":"show","target":"sykmelding/a4_mulighet_for_arbeid/a4.3_pasienten_kan_ikke_være_i_arbeid_100_sykmelding/aktivitet_vil_hindre_forsinke_bedring_av_helsetilstanden","value":{"value":false}},{"action":"show","target":"sykmelding/a4_mulighet_for_arbeid/a4.3_pasienten_kan_ikke_være_i_arbeid_100_sykmelding/annet","value":{"value":false}},{"action":"show","target":"sykmelding/a4_mulighet_for_arbeid/a4.3_pasienten_kan_ikke_være_i_arbeid_100_sykmelding/beskriv","value":{"value":""}},{"action":"show","target":"sykmelding/a4_mulighet_for_arbeid/a4.3_pasienten_kan_ikke_være_i_arbeid_100_sykmelding/manglende_tilrettelegging","value":{"value":false}},{"action":"show","target":"sykmelding/a4_mulighet_for_arbeid/a4.3_pasienten_kan_ikke_være_i_arbeid_100_sykmelding/annet2","value":{"value":false}},{"action":"show","target":"sykmelding/a4_mulighet_for_arbeid/a4.3_pasienten_kan_ikke_være_i_arbeid_100_sykmelding/beskriv2","value":{"value":""}}]},{"operator":"notequals","value":{"code":"at0008"},"actions":[{"action":"hide","target":"sykmelding/a5_friskmelding/a5.2_pasient_med_arbeidsgiver_utdypende_opplysninger_ved_8_17_og_39_uker","value":{"value":""}},{"action":"clear","target":"sykmelding/a5_friskmelding/a5.2_pasient_med_arbeidsgiver_utdypende_opplysninger_ved_8_17_og_39_uker","value":{"value":""}},{"action":"hide","target":"sykmelding/a5_friskmelding/a5.3_pasient_uten_arbeidsgiver_utdypende_opplysninger_ved_8_17_og_39_uker","value":{"value":""}},{"action":"clear","target":"sykmelding/a5_friskmelding/a5.3_pasient_uten_arbeidsgiver_utdypende_opplysninger_ved_8_17_og_39_uker","value":{"value":""}},{"action":"hide","target":"sykmelding/a6_utdypende_opplysninger/a6.2_utdypende_opplysninger_8_17_og_39_uker","value":{"value":""}},{"action":"clear","target":"sykmelding/a6_utdypende_opplysninger/a6.2_utdypende_opplysninger_8_17_og_39_uker","value":{"value":""}},{"action":"hide","target":"sykmelding/a4_mulighet_for_arbeid/a4.3_pasienten_kan_ikke_være_i_arbeid_100_sykmelding/helsetilstanden_hindrer_pasienten_i_å_være_i_aktivitet","value":{"value":false}},{"action":"clear","target":"sykmelding/a4_mulighet_for_arbeid/a4.3_pasienten_kan_ikke_være_i_arbeid_100_sykmelding/helsetilstanden_hindrer_pasienten_i_å_være_i_aktivitet","value":{"value":false}},{"action":"hide","target":"sykmelding/a4_mulighet_for_arbeid/a4.3_pasienten_kan_ikke_være_i_arbeid_100_sykmelding/aktivitet_vil_forverre_helsetilstanden","value":{"value":false}},{"action":"clear","target":"sykmelding/a4_mulighet_for_arbeid/a4.3_pasienten_kan_ikke_være_i_arbeid_100_sykmelding/aktivitet_vil_forverre_helsetilstanden","value":{"value":false}},{"action":"hide","target":"sykmelding/a4_mulighet_for_arbeid/a4.3_pasienten_kan_ikke_være_i_arbeid_100_sykmelding/aktivitet_vil_hindre_forsinke_bedring_av_helsetilstanden","value":{"value":false}},{"action":"clear","target":"sykmelding/a4_mulighet_for_arbeid/a4.3_pasienten_kan_ikke_være_i_arbeid_100_sykmelding/aktivitet_vil_hindre_forsinke_bedring_av_helsetilstanden","value":{"value":false}},{"action":"hide","target":"sykmelding/a4_mulighet_for_arbeid/a4.3_pasienten_kan_ikke_være_i_arbeid_100_sykmelding/annet","value":{"value":false}},{"action":"clear","target":"sykmelding/a4_mulighet_for_arbeid/a4.3_pasienten_kan_ikke_være_i_arbeid_100_sykmelding/annet2","value":{"value":false}},{"action":"hide","target":"sykmelding/a4_mulighet_for_arbeid/a4.3_pasienten_kan_ikke_være_i_arbeid_100_sykmelding/beskriv","value":{"value":""}},{"action":"clear","target":"sykmelding/a4_mulighet_for_arbeid/a4.3_pasienten_kan_ikke_være_i_arbeid_100_sykmelding/beskriv","value":{"value":""}},{"action":"hide","target":"sykmelding/a4_mulighet_for_arbeid/a4.3_pasienten_kan_ikke_være_i_arbeid_100_sykmelding/manglende_tilrettelegging","value":{"value":false}},{"action":"clear","target":"sykmelding/a4_mulighet_for_arbeid/a4.3_pasienten_kan_ikke_være_i_arbeid_100_sykmelding/manglende_tilrettelegging","value":{"value":false}},{"action":"hide","target":"sykmelding/a4_mulighet_for_arbeid/a4.3_pasienten_kan_ikke_være_i_arbeid_100_sykmelding/annet2","value":{"value":false}},{"action":"clear","target":"sykmelding/a4_mulighet_for_arbeid/a4.3_pasienten_kan_ikke_være_i_arbeid_100_sykmelding/annet2","value":{"value":false}},{"action":"hide","target":"sykmelding/a4_mulighet_for_arbeid/a4.3_pasienten_kan_ikke_være_i_arbeid_100_sykmelding/beskriv2","value":{"value":""}},{"action":"clear","target":"sykmelding/a4_mulighet_for_arbeid/a4.3_pasienten_kan_ikke_være_i_arbeid_100_sykmelding/beskriv2","value":{"value":""}}]}]},{"field":"sykmelding/a3_diagnose_sykmelding/a3.5_sykmeldingen_kan_skyldes_en_yrkesskade_yrkessykdom","conditions":[{"operator":"is","value":{"value":true},"actions":[{"action":"show","target":"sykmelding/a3_diagnose_sykmelding/a3.6_eventuell_skadedato","value":{"value":""}}]},{"operator":"is","value":{"value":false},"actions":[{"action":"hide","target":"sykmelding/a3_diagnose_sykmelding/a3.6_eventuell_skadedato","value":{"value":""}},{"action":"clear","target":"sykmelding/a3_diagnose_sykmelding/a3.6_eventuell_skadedato","value":{"value":""}}]},{"operator":"empty","value":null,"actions":[{"action":"hide","target":"sykmelding/a3_diagnose_sykmelding/a3.6_eventuell_skadedato","value":{"value":""}},{"action":"clear","target":"sykmelding/a3_diagnose_sykmelding/a3.6_eventuell_skadedato","value":{"value":""}}]}]},{"field":"sykmelding/a5_friskmelding/a5_friskmelding/a5.1_pasienten_er_100_arbeidsfør_etter_denne_perioden","conditions":[{"operator":"is","value":{"value":true},"actions":[{"action":"clear","target":"sykmelding/hjelpefelter_sykmld/vil_du_opprette_en_utvidet_sykmelding","value":{"code":""}}]}]}]