{"formId":"form_root","name":"Form root","rmType":"FORM_DEFINITION","viewConfig":{"label":{"custom":false,"value":"","useLocalizations":false,"localizationsList":{}},"size":{"field":"inherit","label":"inherit","fill":"inherit"},"layout":{"valign":"inherit","align":"inherit"},"tags":[],"annotations":{"#skaltil":"openEHR-EHR-ACTION.emergency_follow_up.v1"}},"language":"","templateLanguages":["nb"],"children":[{"name":"Skal til","localizedName":"Skal til","rmType":"DV_CODED_TEXT","nodeId":"at0002","min":0,"max":1,"localizedNames":{"nb":"Skal til"},"localizedDescriptions":{"nb":"Behandlingssted pasientens er planlagt til. Behøver ikke være meldt. "},"aqlPath":"/content[openEHR-EHR-ACTION.emergency_follow_up.v1]/description[at0001]/items[at0002]/value","inputs":[{"suffix":"code","type":"TEXT","terminology":"Dips?subset=ARK-AKMM1SENGEPOSTER"},{"suffix":"value","type":"TEXT","terminology":"Dips?subset=ARK-AKMM1SENGEPOSTER"}],"fid":"oppdatere_statusinformasjon_akuttmottak/skal_til/skal_til","formId":"oppdatere_statusinformasjon_akuttmottak/skal_til/skal_til","defaultValue":{"code":"","value":""},"viewConfig":{"annotations":{"select":"{#skaltil:/description[at0001]/items[at0002]/value}"},"label":{"custom":false,"value":"","useLocalizations":false,"localizationsList":{}},"advanced":{"hidden":false,"readonly":false},"multiplicity":{"min":"0","max":"1"},"size":{"field":"inherit","label":"inherit","fill":"inherit"},"layout":{"label":{"valign":"inherit","align":"inherit"},"field":{"valign":"inherit","align":"inherit"}},"tags":["showascombobox"],"datasource":{"loadRemote":false,"loadRemoteUrl":"","terminology":""},"field":{"code":{"presentation":"textfield"},"value":{"presentation":"textfield"}}}},{"name":"Beskrivelse","localizedName":"Beskrivelse","rmType":"DV_TEXT","nodeId":"at0003","min":0,"max":1,"localizedNames":{"nb":"Beskrivelse"},"localizedDescriptions":{"nb":"Nærmere beskrivelse om hvor pasienten skal og/eller kommentarer til forflytningen."},"aqlPath":"/content[openEHR-EHR-ACTION.emergency_follow_up.v1]/description[at0001]/items[at0003]/value","inputs":[{"type":"TEXT"}],"fid":"oppdatere_statusinformasjon_akuttmottak/skal_til/beskrivelse","formId":"oppdatere_statusinformasjon_akuttmottak/skal_til/beskrivelse","defaultValue":{"value":""},"viewConfig":{"annotations":{"select":"{#skaltil:/description[at0001]/items[at0003]/value}"},"size":{"field":"inherit","label":"inherit","fill":"inherit"},"layout":{"field":{"valign":"inherit","align":"inherit"}},"datasource":{"loadRemote":false,"loadRemoteUrl":"","terminology":""},"field":{"input":{"presentation":"textfield"}}}},{"name":"Careflow_step","rmType":"DV_CODED_TEXT","min":0,"max":1,"aqlPath":"/content[openEHR-EHR-ACTION.emergency_follow_up.v1]/ism_transition/careflow_step","inputs":[{"suffix":"code","type":"CODED_TEXT","list":[{"value":"at0004","label":"Oppfølging angitt","localizedLabels":{"nb":"Oppfølging angitt"},"currentStates":["532"]}]}],"inContext":true,"fid":"oppdatere_statusinformasjon_akuttmottak/skal_til/ism_transition/careflow_step","formId":"oppdatere_statusinformasjon_akuttmottak/skal_til/ism_transition/careflow_step","defaultValue":{"code":"at0004"},"viewConfig":{"label":{"custom":false,"value":"","useLocalizations":false,"localizationsList":{}},"advanced":{"hidden":true,"readonly":false},"multiplicity":{"min":"0","max":"1"},"size":{"field":"inherit","label":"inherit","fill":"inherit"},"layout":{"label":{"valign":"inherit","align":"inherit"},"field":{"valign":"inherit","align":"inherit"}},"tags":[],"datasource":{"loadRemote":false,"loadRemoteUrl":"","terminology":""},"field":{"code":{"presentation":"combobox"}}}}]}