{"formId":"form_root","name":"Form root","rmType":"FORM_DEFINITION","viewConfig":{"label":{"custom":false,"value":"","useLocalizations":false,"localizationsList":{}},"size":{"field":"inherit","label":"inherit","fill":"inherit"},"layout":{"valign":"inherit","align":"inherit"},"tags":[],"annotations":{"#plan":"openEHR-EHR-OBSERVATION.plan_tavlemote.v0?scope=episodeofcare"}},"language":"","templateLanguages":["nb"],"children":[{"localizedName":"Fieldset","localizedNames":{"nb":"Fieldset"},"min":0,"max":-1,"name":"Fieldset","rmType":"GENERIC_FIELDSET","fid":"generic-field-7615","formId":"generic-field-7615","children":[{"name":"Plan","localizedName":"Plan","rmType":"DV_TEXT","nodeId":"at0004","min":0,"max":1,"localizedNames":{"nb":"Plan"},"localizedDescriptions":{"nb":"*"},"aqlPath":"/content[openEHR-EHR-OBSERVATION.plan_tavlemote.v0]/data[at0001]/events[at0002]/data[at0003]/items[at0004]/value","inputs":[{"type":"TEXT"}],"fid":"plan_tavlemote/plan_tavlemote/plan","formId":"plan_tavlemote/plan_tavlemote/plan","viewConfig":{"label":{"custom":true,"value":"Plan","useLocalizations":false,"localizationsList":{}},"advanced":{"hidden":false,"readonly":false},"multiplicity":{"min":"0","max":"1"},"size":{"field":"inherit","label":"inherit","fill":"inherit"},"layout":{"label":{"valign":"inherit","align":"top"},"field":{"valign":"inherit","align":"inherit"}},"tags":["HideLabel"],"datasource":{"loadRemote":false,"loadRemoteUrl":"","terminology":""},"annotations":{"Description":"Plan/aktiviteter for pasient","select":"{#plan:/data[at0001]/events[at0002]/data[at0003]/items[at0004]/value}"},"field":{"input":{"presentation":"textarea","lines":"3"}}},"defaultValue":{"value":""}}],"viewConfig":{"label":{"custom":true,"value":"Plan"}}}]}