{"formId":"form_root","name":"Form root","rmType":"FORM_DEFINITION","viewConfig":{"label":{"custom":true,"value":"Hotell","useLocalizations":true,"localizationsList":{"nb":"Hotell"}},"size":{"field":"inherit","label":"inherit","fill":"inherit"},"layout":{"label":{"valign":"inherit","align":"inherit"},"field":{"valign":"inherit","align":"inherit"}},"tags":[],"annotations":{"reuseComposition":"select c from composition c contains ADMIN_ENTRY e[openEHR-EHR-ADMIN_ENTRY.hv_diag_hotell.v0] where c/archetype_details/template_id/value = 'hv diag hotell' order by c/context/start_time/value desc fetch 1?scope=periodofcare"}},"language":"nb","templateLanguages":["nb"],"children":[{"name":"Hotell?","localizedName":"Hotell?","rmType":"DV_CODED_TEXT","nodeId":"at0008","min":"0","max":"1","localizedNames":{"nb":"Hotell?"},"localizedDescriptions":{"nb":"Skal pasienten til hotellpost?"},"aqlPath":"/content[openEHR-EHR-ADMIN_ENTRY.hv_diag_hotell.v0]/data[at0001]/items[at0008]/value","inputs":[{"suffix":"code","type":"CODED_TEXT","list":[{"value":"at0009","label":"Ja","localizedLabels":{"nb":"Ja"},"localizedDescriptions":{"nb":"Pasienten skal til hotellpost"}},{"value":"at0010","label":"Nei","localizedLabels":{"nb":"Nei"},"localizedDescriptions":{"nb":"Pasienten skal ikke til hotellpost"}},{"value":"at0011","label":"Uavklart","localizedLabels":{"nb":"Uavklart"},"localizedDescriptions":{"nb":"Vet ikke om pasienten skal på hotellpost"}}],"defaultValue":"at0011"}],"formId":"hv_diag_hotell/hv_diag_hotell/hotell2","viewConfig":{"size":{"field":"inherit","label":"inherit","fill":"inherit"},"layout":{"label":{"valign":"inherit","align":"top"},"field":{"valign":"inherit","align":"inherit"}},"datasource":{"loadRemote":false,"loadRemoteUrl":"","terminology":""},"advanced":{"hidden":false,"readonly":false},"tags":[],"field":{"code":{"presentation":"combobox"}}}}]}