{"formId":"form_root","name":"Form root","rmType":"FORM_DEFINITION","viewConfig":{"label":{"custom":false,"value":"","useLocalizations":false,"localizationsList":{}},"size":{"field":"inherit","label":"inherit","fill":"inherit"},"layout":{"label":{"valign":"inherit","align":"inherit"},"field":{"valign":"inherit","align":"inherit"}},"tags":[]},"language":"nb","templateLanguages":["nb"],"children":[{"localizedName":"Fieldset","localizedNames":{"nb":"GAF (Global funksjonsskåring)"},"min":0,"max":-1,"name":"Fieldset","rmType":"GENERIC_FIELDSET","fid":"generic-field-58184","formId":"generic-field-58184","children":[{"name":"Registreringstidspunkt","localizedName":"Registreringstidspunkt","rmType":"DV_ORDINAL","nodeId":"at0007","min":0,"max":1,"localizedNames":{"nb":"Registreringstidspunkt"},"localizedDescriptions":{"nb":"Angir for rapporteringsformål om det er GAF inn eller GAF ut"},"aqlPath":"/content[openEHR-EHR-OBSERVATION.gaf.v0]/data[at0001]/events[at0002]/data[at0003]/items[at0007]/value","inputs":[{"type":"CODED_TEXT","list":[{"value":"at0008","label":"GAF inn","localizedLabels":{"nb":"GAF inn"},"localizedDescriptions":{"nb":"Angis ved innleggelse, eller ved start av en konsultasjonserie eller dagbehandlingsserie"},"ordinal":0},{"value":"at0020","label":"GAF under opphold","localizedLabels":{"nb":"GAF under opphold"},"localizedDescriptions":{"nb":"Angis under oppholdet"},"ordinal":1},{"value":"at0009","label":"GAF ut","localizedLabels":{"nb":"GAF ut"},"localizedDescriptions":{"nb":"Angis ved utskrivelse etter innleggelse, eller ved avslutning av en konsultasjonserie eller dagbehandlingsserie"},"ordinal":2}]}],"fid":"encounter/gaf/registreringstidspunkt","formId":"encounter/gaf/registreringstidspunkt","viewConfig":{"label":{"custom":true,"value":"Registreringstidspunkt","useLocalizations":true,"localizationsList":{"nb":"Registreringstidspunkt"}},"advanced":{"hidden":false,"readonly":false},"multiplicity":{"min":"0","max":"1"},"size":{"field":"inherit","label":"inherit","fill":"inherit"},"layout":{"label":{"valign":"inherit","align":"inherit"},"field":{"valign":"inherit","align":"inherit"}},"datasource":{"loadRemote":false,"loadRemoteUrl":"","terminology":""},"tags":[],"field":{"input":{"presentation":"combobox","columns":"4"}},"annotations":{"description":"Angi type GAF registrering"}},"defaultValue":{"value":""}},{"name":"GAF F","localizedName":"GAF F","rmType":"DV_COUNT","nodeId":"at0005","min":0,"max":1,"localizedNames":{"nb":"GAF F"},"localizedDescriptions":{"nb":"100 - 91 Førsteklasses fungering innen et vidt spekter av aktiviteter, livsproblemer blir aldri uhåndterlige, andre søker seg til personen på grunn av hans eller hennes mange positive kvaliteter.\n90 - 81 God fungering på alle områder, interessert i og engasjert i et bredt spekter av aktiviteter, sosialt velfungerende, generelt sett tilfreds med livet, kun dagligdagse problemer og bekymringer ( f.eks. en gang i blant en krangel med noen i familien ).\n80 - 71 Ikke mer enn lett reduksjon i sosial, yrkesmessig eller skolemessig fungering ( f.eks. midlertidig komme på etterskudd med skolearbeid ).\n70 - 61 Noen vansker med å fungere sosialt, yrkesmessig eller i utdanning ( f.eks. sporadisk skulking, tyveri innenfor hjemmet ), men fungerer generelt sett ganske bra, har noen meningsfulle mellommenneskelige forhold.\n60 - 51 Moderate vansker sosialt, i yrke eller utdanning ( f.eks. få venner, konflikter med arbeidskolleger ).\n50 - 41 Alvorlige vansker med å fungere sosialt, i yrke eller utdanning ( f.eks. ingen venner, klarer ikke å holde på en jobb ).\n40 - 31 Større funksjonssvikt innen flere områder, så som i arbeid, utdanning og familieforhold ( f.eks. deprimert mann som unngår venner, forsømmer familien, og ute av stand til å arbeide; barn som ofte juler opp yngre barn, er trassig hjemme, og mislykkes på skolen ).\n30 - 21 Ute av stand til å fungere på nesten alle områder ( f.eks. holder sengen hele dagen; ingen jobb, venner eller hjem ). Se også GAF-S(symptomer)\n20 - 11 Av og til svikt i å sørge for et minimum av personlig hygiene (f.eks. griser med avføring ). Se også GAF-S (symptomer)\n10 - 1 Vedvarende ute av stand til å skjøtte et minimum av personlig hygiene."},"aqlPath":"/content[openEHR-EHR-OBSERVATION.gaf.v0]/data[at0001]/events[at0002]/data[at0003]/items[at0005]/value","inputs":[{"type":"INTEGER","validation":{"range":{"minOp":">=","min":0,"maxOp":"<=","max":100}}}],"fid":"encounter/gaf/gaf_f","formId":"encounter/gaf/gaf_f","viewConfig":{"label":{"custom":true,"value":"GAF F","useLocalizations":true,"localizationsList":{"nb":"GAF F"}},"advanced":{"hidden":false,"readonly":false},"multiplicity":{"min":"0","max":"1"},"size":{"field":"inherit","label":"inherit","fill":"inherit"},"layout":{"label":{"valign":"inherit","align":"inherit"},"field":{"valign":"inherit","align":"inherit"}},"datasource":{"loadRemote":false,"loadRemoteUrl":"","terminology":""},"tags":[],"field":{}}},{"name":"GAF S","localizedName":"GAF S","rmType":"DV_COUNT","nodeId":"at0004","min":0,"max":1,"localizedNames":{"nb":"GAF S"},"localizedDescriptions":{"nb":"100 - 91 Ingen symptomer\n90 - 81 Ingen eller minimale symptomer (feks lett angst foran en eksamen)\n80 - 71 Hvis symptomer foreligger er de forbigående og forståelige reaksjoner på psykososiale påkjenninger ( f.eks. konsentrasjonsvansker etter en krangel i familien ).\n70 - 61 Noen lette symptomer ( f.eks. deprimert sinnstemning og lettere søvnløshet )\n60 - 51 Moderate symptomer ( f.eks. avflatede følelser og omstendelig språk, sporadiske panikkanfall ).\n50 - 41 Alvorlige symptomer ( f.eks. selvmordstanker, alvorlige tvangsritualer, hyppige butikktyveri ).\n40 - 31 Endel forstyrrelse i realitetstesting, kommunikasjon, dømmekraft, tankevirksomhet eller stemningsleie ( f.eks. talen er iblant ulogisk, uklar eller irrelevant ).\n30 - 21 Adferden er betydelig påvirket av vrangforestillinger eller hallusinasjoner, eller alvorlig svikt i kommunikasjon eller dømmekraft\n( f.eks. av og til usammenhengende tale, svært upassende adferd, stadige selvmordstanker).\n20 - 11 En viss fare for å kunne skade seg selv eller andre ( f.eks. selvmordsforsøk uten klar forventning om å dø; ofte voldelig; manisk oppstemthet), eller grov svikt i kommunikasjon ( f.eks. stort sett usammenhengende eller stum ).\n10 - 1 Vedvarende fare for å skade seg selv eller andre alvorlig ( f.eks. gjentatte voldshandlinger ), eller alvorlig selvmordshandling med klar forventning om å dø."},"aqlPath":"/content[openEHR-EHR-OBSERVATION.gaf.v0]/data[at0001]/events[at0002]/data[at0003]/items[at0004]/value","inputs":[{"type":"INTEGER","validation":{"range":{"minOp":">=","min":0,"maxOp":"<=","max":100}}}],"fid":"encounter/gaf/gaf_s","formId":"encounter/gaf/gaf_s","viewConfig":{"label":{"custom":true,"value":"GAF S","useLocalizations":true,"localizationsList":{"nb":"GAF S"}},"advanced":{"hidden":false,"readonly":false},"multiplicity":{"min":"0","max":"1"},"size":{"field":"inherit","label":"inherit","fill":"inherit"},"layout":{"label":{"valign":"inherit","align":"inherit"},"field":{"valign":"inherit","align":"inherit"}},"datasource":{"loadRemote":false,"loadRemoteUrl":"","terminology":""},"tags":[],"field":{}}},{"name":"Dato og klokkeslett for vurdering","localizedName":"Dato og klokkeslett for vurdering","rmType":"DV_DATE_TIME","nodeId":"at0019","min":0,"max":1,"localizedNames":{"nb":"Dato og klokkeslett for vurdering"},"localizedDescriptions":{"nb":"*"},"aqlPath":"/content[openEHR-EHR-OBSERVATION.gaf.v0]/data[at0001]/events[at0002]/data[at0003]/items[at0019]/value","inputs":[{"type":"DATETIME"}],"fid":"encounter/gaf/dato_og_klokkeslett_for_vurdering","formId":"encounter/gaf/dato_og_klokkeslett_for_vurdering","viewConfig":{"label":{"custom":true,"value":"Dato og klokkeslett for vurdering","useLocalizations":true,"localizationsList":{"nb":"Dato og klokkeslett for vurdering"}},"advanced":{"hidden":false,"readonly":false},"multiplicity":{"min":"0","max":"1"},"size":{"field":"inherit","label":"inherit","fill":"inherit"},"layout":{"label":{"valign":"inherit","align":"inherit"},"field":{"valign":"inherit","align":"inherit"}},"datasource":{"loadRemote":false,"loadRemoteUrl":"","terminology":""},"tags":[],"field":{"input":{"dateFormat":"","hideDate":false,"hideTime":false}}},"defaultValue":{"value":""}}],"viewConfig":{"label":{"custom":true,"value":"GAF (Global funksjonsskåring)","useLocalizations":true,"localizationsList":{"nb":"GAF (Global funksjonsskåring)"}},"advanced":{"hidden":false,"readonly":false,"render":false},"multiplicity":{"min":"0","max":"1"},"size":{"field":"inherit","label":"inherit","fill":"inherit"},"layout":{"label":{"valign":"inherit","align":"top"},"field":{"valign":"inherit","align":"inherit"}},"tags":[],"field":{}}}]}