[{"col":1,"row":1,"width":12,"height":6,"children":[{"id":"generic-field-78403","rows":[{"cols":[{"width":"100%","children":[]}]}]},{"id":"pna_soi/pna/uspesifisert_hendelse/prøvenavn","rows":[]},{"id":"pna_soi/pna/pna_pasientnært_analyseutstyr","rows":[]}]},{"col":1,"row":18,"width":12,"height":8,"children":[{"id":"pna_soi/pna/uspesifisert_hendelse/cervix-utstryk","rows":[{"cols":[{"width":"100%","children":[{"id":"pna_soi/pna/uspesifisert_hendelse/cervix-utstryk/hvite_blodceller/analysesvar"},{"id":"pna_soi/pna/uspesifisert_hendelse/cervix-utstryk/gonokokker/analysesvar"},{"id":"pna_soi/pna/uspesifisert_hendelse/cervix-utstryk/kokkoide_anaerobe_bakterier/analysesvar"}]}]}]}]},{"col":1,"row":7,"width":12,"height":11,"children":[{"id":"pna_soi/pna/uspesifisert_hendelse/uretrautstryk","rows":[{"cols":[{"width":"100%","children":[{"id":"pna_soi/pna/uspesifisert_hendelse/uretrautstryk/hvite_blodceller/analysesvar"},{"id":"pna_soi/pna/uspesifisert_hendelse/uretrautstryk/gonokokker/analysesvar"},{"id":"pna_soi/pna/uspesifisert_hendelse/uretrautstryk/kokkoide_anaerobe_bakterier/analysesvar"},{"id":"pna_soi/pna/uspesifisert_hendelse/uretrautstryk/ratio_monocytt_polymorfonukleære_leukocytter/analysesvar"}]}]}]}]},{"col":1,"row":26,"width":12,"height":16,"children":[{"id":"pna_soi/pna/uspesifisert_hendelse/våtpreparat","rows":[{"cols":[{"width":"100%","children":[{"id":"pna_soi/pna/uspesifisert_hendelse/våtpreparat/ph/analysesvar"},{"id":"pna_soi/pna/uspesifisert_hendelse/våtpreparat/snifftest/analysesvar"},{"id":"pna_soi/pna/uspesifisert_hendelse/våtpreparat/sopp/analysesvar"},{"id":"pna_soi/pna/uspesifisert_hendelse/våtpreparat/laktobaciller/analysesvar"},{"id":"pna_soi/pna/uspesifisert_hendelse/våtpreparat/ratio_leukocytter_epitelceller/analysesvar"},{"id":"pna_soi/pna/uspesifisert_hendelse/våtpreparat/epitelceller/analysesvar"}]}]}]}]},{"col":1,"row":42,"width":12,"height":17,"children":[{"id":"pna_soi/pna/uspesifisert_hendelse/annet","rows":[{"cols":[{"width":"100%","children":[{"id":"pna_soi/pna/uspesifisert_hendelse/annet/u-stix-leukocytter/analysesvar"},{"id":"pna_soi/pna/uspesifisert_hendelse/annet/u-stix_-_nitritt/analysesvar"},{"id":"pna_soi/pna/uspesifisert_hendelse/annet/u-stix_-_blod/analysesvar"},{"id":"pna_soi/pna/uspesifisert_hendelse/annet/graviditetstest/analysesvar"}]}]}]}]}]