[{"col":1,"row":1,"width":12,"height":18,"children":[{"id":"generic-field-24400","rows":[{"cols":[{"width":"100%","children":[{"id":"anamnese_og_selvregistrering/anamnese_olafia/kjønn"},{"id":"anamnese_og_selvregistrering/anamnese_olafia/språk"},{"id":"anamnese_og_selvregistrering/hvorfor_kommer_du_til_olafiaklinikken/klinisk_kontaktårsak"}]}]},{"cols":[{"width":"100%","children":[{"id":"anamnese_og_selvregistrering/anamnese_olafia/plager"}]}]},{"cols":[{"width":"100%","children":[{"id":"anamnese_og_selvregistrering/anamnese/graviditet","rows":[{"cols":[{"width":"100%","children":[{"id":"anamnese_og_selvregistrering/anamnese/graviditet/er_du_gravid"}]}]},{"cols":[{"width":"58%","children":[{"id":"anamnese_og_selvregistrering/anamnese/graviditet/gestasjonsalder_-_uker"},{"id":"anamnese_og_selvregistrering/anamnese/graviditet/første_dag_av_siste_menstruasjon"},{"id":"anamnese_og_selvregistrering/anamnese/graviditet/har_ikke_menstruasjon"}]},{"width":"42%","children":[]}]}]},{"id":"anamnese_og_selvregistrering/anamnese_olafia/prevensjonsmiddel"}]}]}]}]},{"col":1,"row":19,"width":12,"height":17,"children":[{"id":"generic-field-16198","rows":[{"cols":[{"width":"100%","children":[{"id":"anamnese_og_selvregistrering/seksualhistorie/noen_gang_hatt_sex"}]}]}]},{"id":"generic-field-74636","rows":[{"cols":[{"width":"100%","children":[{"id":"anamnese_og_selvregistrering/seksuell_aktivitet/seksuelt_aktiv"}]}]}]},{"id":"generic-field-81348","rows":[{"cols":[{"width":"100%","children":[{"id":"anamnese_og_selvregistrering/seksuell_aktivitet/sexpartneres_kjønn"},{"id":"anamnese_og_selvregistrering/seksuell_aktivitet/typer_sex"},{"id":"anamnese_og_selvregistrering/seksuell_aktivitet/antall_partnere"},{"id":"anamnese_og_selvregistrering/seksuell_aktivitet/sex_med_sexarbeider"},{"id":"anamnese_og_selvregistrering/seksuell_aktivitet/har_du_motatt_betaling_for_sex"},{"id":"anamnese_og_selvregistrering/seksuell_aktivitet/sexpartnere_har_vært_fra"}]}]}]}]},{"col":1,"row":36,"width":12,"height":23,"children":[{"id":"anamnese_og_selvregistrering/seksualhistorie","rows":[{"cols":[{"width":"100%","children":[{"id":"anamnese_og_selvregistrering/seksualhistorie/alder_ved_seksuell_debut"},{"id":"anamnese_og_selvregistrering/seksualhistorie/kjønn_pasienten_har_hatt_sex_med"}]}]}]},{"id":"generic-field-28927","rows":[{"cols":[{"width":"100%","children":[{"id":"anamnese_og_selvregistrering/soi-sammendrag/tidligere_testet_for_seksuelt_overførbare_sykdommer_soi"},{"id":"anamnese_og_selvregistrering/soi-sammendrag/tidligere_soi"}]}]},{"cols":[{"width":"72%","children":[{"id":"anamnese_og_selvregistrering/soi-sammendrag/hvilke_typer_soi"}]},{"width":"28%","children":[]}]},{"cols":[{"width":"35%","children":[{"id":"anamnese_og_selvregistrering/soi-sammendrag/klamydia"},{"id":"anamnese_og_selvregistrering/soi-sammendrag/gonoré"},{"id":"anamnese_og_selvregistrering/soi-sammendrag/mykoplasma"}]},{"width":"65%","children":[]}]}]},{"id":"anamnese_og_selvregistrering/status_olafia","rows":[{"cols":[{"width":"100%","children":[{"id":"anamnese_og_selvregistrering/status_olafia/status"}]}]}]}]}]