[{"field":"kat_status/kat_status/status_kat","conditions":[{"operator":"empty","value":null,"actions":[{"action":"clear","target":"kat_status/kat_status/indikasjon","value":null},{"action":"hide","target":"kat_status/kat_status/indikasjon","value":null}]},{"operator":"equals","value":{"code":"at0008"},"actions":[{"action":"hide","target":"kat_status/kat_status/indikasjon","value":null},{"action":"clear","target":"kat_status/kat_status/indikasjon","value":null}]},{"operator":"equals","value":{"code":"at0006"},"actions":[{"action":"show","target":"kat_status/kat_status/indikasjon","value":null}]},{"operator":"equals","value":{"code":"at0007"},"actions":[{"action":"show","target":"kat_status/kat_status/indikasjon","value":null}]}]}]