[{"col":1,"row":1,"width":20,"height":56,"children":[{"id":"preoperativ_sjekkliste/*container(en)/sjekkliste_preopr_diakonhjemmet","rows":[{"cols":[{"width":"100%","children":[{"id":"generic-field-10855","rows":[]},{"id":"preoperativ_sjekkliste/*container(en)/sjekkliste_preopr_diakonhjemmet/id-armbånd_sjekket","rows":[]},{"id":"preoperativ_sjekkliste/*container(en)/sjekkliste_preopr_diakonhjemmet/operasjonsfelt_markert_av_kirurg","rows":[]},{"id":"generic-field-63109","rows":[]}]}]},{"cols":[{"width":"50%","children":[{"id":"generic-field-87186","rows":[{"cols":[{"width":"100%","children":[{"id":"preoperativ_sjekkliste/*container(en)/sjekkliste_preopr_diakonhjemmet/sist_spist","rows":[]},{"id":"preoperativ_sjekkliste/*container(en)/sjekkliste_preopr_diakonhjemmet/sist_drukket","rows":[]},{"id":"preoperativ_sjekkliste/*container(en)/sjekkliste_preopr_diakonhjemmet/premedikasjon_gitt","rows":[]},{"id":"preoperativ_sjekkliste/*container(en)/sjekkliste_preopr_diakonhjemmet/antibiotikaprofylakse_gitt","rows":[]},{"id":"preoperativ_sjekkliste/*container(en)/sjekkliste_preopr_diakonhjemmet/innlagt_pvk","rows":[]},{"id":"preoperativ_sjekkliste/*container(en)/sjekkliste_preopr_diakonhjemmet/pretransfusjonsprøve_tatt","rows":[]},{"id":"preoperativ_sjekkliste/*container(en)/sjekkliste_preopr_diakonhjemmet/pretransfusjonsprøve_sendt","rows":[]},{"id":"preoperativ_sjekkliste/*container(en)/sjekkliste_preopr_diakonhjemmet/ventrikkelsonde","rows":[]},{"id":"preoperativ_sjekkliste/*container(en)/sjekkliste_preopr_diakonhjemmet/inr_tatt_på_operasjonsdag","rows":[]},{"id":"generic-field-83151","rows":[]},{"id":"preoperativ_sjekkliste/*container(en)/sjekkliste_preopr_diakonhjemmet/retningslinje_for_diabetes_er_fulgt","rows":[]}]}]}]}]},{"width":"50%","children":[{"id":"generic-field-46513","rows":[{"cols":[{"width":"100%","children":[{"id":"preoperativ_sjekkliste/*container(en)/sjekkliste_preopr_diakonhjemmet/sist_vannlatning","rows":[]},{"id":"preoperativ_sjekkliste/*container(en)/sjekkliste_preopr_diakonhjemmet/innlagt_blærekateter","rows":[]},{"id":"preoperativ_sjekkliste/*container(en)/sjekkliste_preopr_diakonhjemmet/temperatur","rows":[]},{"id":"preoperativ_sjekkliste/*container(en)/sjekkliste_preopr_diakonhjemmet/dusj_utført","rows":[]},{"id":"preoperativ_sjekkliste/*container(en)/sjekkliste_preopr_diakonhjemmet/munnstell_utført","rows":[]},{"id":"preoperativ_sjekkliste/*container(en)/sjekkliste_preopr_diakonhjemmet/hårfjerning_utført","rows":[]},{"id":"preoperativ_sjekkliste/*container(en)/sjekkliste_preopr_diakonhjemmet/sminke,_neglelakk,_smykker,_piercing_og_klokke_er_fjernet","rows":[]},{"id":"preoperativ_sjekkliste/*container(en)/sjekkliste_preopr_diakonhjemmet/ren_seng_merket_med_navn","rows":[]},{"id":"preoperativ_sjekkliste/*container(en)/sjekkliste_preopr_diakonhjemmet/navle_rengjort_(gastro)","rows":[]},{"id":"preoperativ_sjekkliste/*container(en)/sjekkliste_preopr_diakonhjemmet/tarm_tømt_(gastro)","rows":[]}]}]}]}]}]},{"cols":[{"width":"100%","children":[{"id":"generic-field-96247","rows":[]},{"id":"preoperativ_sjekkliste/*container(en)/sjekkliste_preopr_diakonhjemmet/merknader","rows":[]},{"id":"generic-field-24928","rows":[]}]}]},{"cols":[{"width":"50%","children":[{"id":"preoperativ_sjekkliste/*container(en)/sjekkliste_preopr_diakonhjemmet/tilbudt_deponi_av_verdisaker","rows":[]},{"id":"preoperativ_sjekkliste/*container(en)/sjekkliste_preopr_diakonhjemmet/deponert_verdisaker","rows":[]},{"id":"preoperativ_sjekkliste/*container(en)/sjekkliste_preopr_diakonhjemmet/briller_medfølger","rows":[]},{"id":"preoperativ_sjekkliste/*container(en)/sjekkliste_preopr_diakonhjemmet/høreapparat_medfølger","rows":[]},{"id":"preoperativ_sjekkliste/*container(en)/sjekkliste_preopr_diakonhjemmet/pasienten_har_tannprotese","rows":[]}]},{"width":"50%","children":[{"id":"generic-field-85628","rows":[{"cols":[{"width":"100%","children":[{"id":"preoperativ_sjekkliste/*container(en)/sjekkliste_preopr_diakonhjemmet/transport_hjem","rows":[]},{"id":"preoperativ_sjekkliste/*container(en)/sjekkliste_preopr_diakonhjemmet/tilsyn_operasjonsdøgn","rows":[]}]}]}]}]}]}]},{"id":"generic-field-70691","rows":[]}]}]