{"formId":"form_root","name":"Form root","rmType":"FORM_DEFINITION","viewConfig":{"label":{"custom":false,"value":"","useLocalizations":false,"localizationsList":{}},"size":{"field":"inherit","label":"inherit","fill":"inherit"},"layout":{"label":{"valign":"inherit","align":"top"},"field":{"valign":"inherit","align":"inherit"}},"tags":[],"annotations":{"reuseComposition":"select c from composition c contains observation e[openEHR-EHR-OBSERVATION.plo_status.v2] where c/archetype_details/template_id/value = 'HV PLO status V3' order by c/context/start_time/value desc limit 1"}},"templateLanguages":["nb"],"children":[{"localizedName":"Fieldset","localizedNames":{"nb":"Fieldset"},"min":"0","max":"1","name":"Fieldset","rmType":"GENERIC_FIELDSET","formId":"generic-field-44083","viewConfig":{"size":{"field":"inherit","label":"inherit","fill":"inherit"},"layout":{"label":{"valign":"inherit","align":"top"},"field":{"valign":"inherit","align":"inherit"}},"advanced":{"hidden":false,"readonly":false,"render":false},"tags":["HideLabel"]},"children":[{"name":"Tidligmelding sendt","localizedName":"Tidligmelding sendt","rmType":"DV_CODED_TEXT","nodeId":"at0014","min":0,"max":1,"localizedNames":{"nb":"Tidligmelding sendt"},"localizedDescriptions":{"nb":"Er tidligmelding sendt?"},"aqlPath":"/content[openEHR-EHR-OBSERVATION.plo_status.v2]/data[at0001]/events[at0002]/data[at0003]/items[at0014]/value","inputs":[{"suffix":"code","type":"CODED_TEXT","list":[{"value":"at0016","label":"Ja","localizedLabels":{"nb":"Ja"},"localizedDescriptions":{"nb":"Melding sendt"}},{"value":"at0017","label":"Nei","localizedLabels":{"nb":"Nei"},"localizedDescriptions":{"nb":"Melding er ikke sendt"}},{"value":"at0018","label":"Vet ikke","localizedLabels":{"nb":"Vet ikke"},"localizedDescriptions":{"nb":"Uavklart om melding er sendt"}},{"value":"at0019","label":"Ikke aktuelt","localizedLabels":{"nb":"Ikke aktuelt"},"localizedDescriptions":{"nb":"Det er ikke aktuelt å sende tidligmelding"}}]}],"formId":"plo_status_v3/plo_status/tidligmelding_sendt","viewConfig":{"size":{"field":"inherit","label":"inherit","fill":"inherit"},"layout":{"field":{"valign":"inherit","align":"inherit"}},"datasource":{"loadRemote":false,"loadRemoteUrl":"","terminology":""},"field":{"code":{"presentation":"combobox"}}}},{"name":"TM Dato","localizedName":"TM Dato","rmType":"DV_DATE","nodeId":"at0015","min":0,"max":1,"localizedNames":{"nb":"TM Dato"},"localizedDescriptions":{"nb":"Dato for tidligmelding sendt"},"aqlPath":"/content[openEHR-EHR-OBSERVATION.plo_status.v2]/data[at0001]/events[at0002]/data[at0003]/items[at0015]/value","inputs":[{"type":"DATE"}],"formId":"plo_status_v3/plo_status/tm_dato","viewConfig":{"size":{"field":"inherit","label":"inherit","fill":"inherit"},"layout":{"field":{"valign":"inherit","align":"inherit"}},"datasource":{"loadRemote":false,"loadRemoteUrl":"","terminology":""},"field":{"input":{"dateFormat":"","hideDate":false,"hideTime":false}}}},{"name":"Helseopplysninger sendt","localizedName":"Helseopplysninger sendt","rmType":"DV_CODED_TEXT","nodeId":"at0004","min":0,"max":1,"localizedNames":{"nb":"Helseopplysninger sendt"},"localizedDescriptions":{"nb":"Er melding om helseopplysninger sendt?"},"aqlPath":"/content[openEHR-EHR-OBSERVATION.plo_status.v2]/data[at0001]/events[at0002]/data[at0003]/items[at0004]/value","inputs":[{"suffix":"code","type":"CODED_TEXT","list":[{"value":"at0008","label":"Ja","localizedLabels":{"nb":"Ja"},"localizedDescriptions":{"nb":"Melding sendt"}},{"value":"at0009","label":"Nei","localizedLabels":{"nb":"Nei"},"localizedDescriptions":{"nb":"Melding er ikke sendt"}},{"value":"at0010","label":"Vet ikke","localizedLabels":{"nb":"Vet ikke"},"localizedDescriptions":{"nb":"Uavklart om melding er sendt"}},{"value":"at0020","label":"Ikke aktuelt","localizedLabels":{"nb":"Ikke aktuelt"},"localizedDescriptions":{"nb":"Det er ikke aktuelt å sende melding om helseopplysninger"}}]}],"formId":"plo_status_v3/plo_status/helseopplysninger_sendt","viewConfig":{"size":{"field":"inherit","label":"inherit","fill":"inherit"},"layout":{"field":{"valign":"inherit","align":"inherit"}},"datasource":{"loadRemote":false,"loadRemoteUrl":"","terminology":""},"field":{"code":{"presentation":"combobox"}}}},{"name":"HO Dato","localizedName":"HO Dato","rmType":"DV_DATE","nodeId":"at0005","min":0,"max":1,"localizedNames":{"nb":"HO Dato"},"localizedDescriptions":{"nb":"Dato for helseopplysninger sendt"},"aqlPath":"/content[openEHR-EHR-OBSERVATION.plo_status.v2]/data[at0001]/events[at0002]/data[at0003]/items[at0005]/value","inputs":[{"type":"DATE"}],"formId":"plo_status_v3/plo_status/ho_dato","viewConfig":{"size":{"field":"inherit","label":"inherit","fill":"inherit"},"layout":{"field":{"valign":"inherit","align":"inherit"}},"datasource":{"loadRemote":false,"loadRemoteUrl":"","terminology":""},"field":{"input":{"dateFormat":"","hideDate":false,"hideTime":false}}}},{"name":"Utskrivingsklar pasient sendt","localizedName":"Utskrivingsklar pasient sendt","rmType":"DV_CODED_TEXT","nodeId":"at0006","min":0,"max":1,"localizedNames":{"nb":"Utskrivingsklar pasient sendt"},"localizedDescriptions":{"nb":"Er melding om utskrivingsklar pasient sendt?"},"aqlPath":"/content[openEHR-EHR-OBSERVATION.plo_status.v2]/data[at0001]/events[at0002]/data[at0003]/items[at0006]/value","inputs":[{"suffix":"code","type":"CODED_TEXT","list":[{"value":"at0011","label":"Ja","localizedLabels":{"nb":"Ja"},"localizedDescriptions":{"nb":"Melding sendt"}},{"value":"at0012","label":"Nei","localizedLabels":{"nb":"Nei"},"localizedDescriptions":{"nb":"Melding er ikke sendt"}},{"value":"at0013","label":"Vet ikke","localizedLabels":{"nb":"Vet ikke"},"localizedDescriptions":{"nb":"Uavklart om melding er sendt"}},{"value":"at0021","label":"Ikke aktuelt","localizedLabels":{"nb":"Ikke aktuelt"},"localizedDescriptions":{"nb":"Det er ikke aktuelt å sende melding om utskrivingsklar pasient"}}]}],"formId":"plo_status_v3/plo_status/utskrivingsklar_pasient_sendt","viewConfig":{"size":{"field":"inherit","label":"inherit","fill":"inherit"},"layout":{"field":{"valign":"inherit","align":"inherit"}},"datasource":{"loadRemote":false,"loadRemoteUrl":"","terminology":""},"field":{"code":{"presentation":"combobox"}}}},{"name":"UK Dato","localizedName":"UK Dato","rmType":"DV_DATE","nodeId":"at0007","min":0,"max":1,"localizedNames":{"nb":"UK Dato"},"localizedDescriptions":{"nb":"Dato for melding om utskskrivingsklar pasient sendt"},"aqlPath":"/content[openEHR-EHR-OBSERVATION.plo_status.v2]/data[at0001]/events[at0002]/data[at0003]/items[at0007]/value","inputs":[{"type":"DATE"}],"formId":"plo_status_v3/plo_status/uk_dato","viewConfig":{"size":{"field":"inherit","label":"inherit","fill":"inherit"},"layout":{"field":{"valign":"inherit","align":"inherit"}},"datasource":{"loadRemote":false,"loadRemoteUrl":"","terminology":""},"field":{"input":{"dateFormat":"","hideDate":false,"hideTime":false}}}}]}]}