[{"field":"generic-field-54956","conditions":[{"operator":"equals","value":{"value":"Kvinne"},"actions":[{"action":"show","target":"vekstkurve/tanner_stadier_jente@Tanner stadier jente"},{"action":"hide","target":"vekstkurve/tanner_stadier_gutt@Tanner stadier gutt"},{"action":"clear","target":"vekstkurve/tanner_stadier_gutt@Tanner stadier gutt"},{"action":"hide","target":"vekstkurve/testikkelvolum"},{"action":"clear","target":"vekstkurve/testikkelvolum"},{"action":"show","target":"vekstkurve/menstruasjonssyklus-sammendrag"}]},{"operator":"equals","value":{"value":"Mann"},"actions":[{"action":"show","target":"vekstkurve/tanner_stadier_gutt@Tanner stadier gutt"},{"action":"hide","target":"vekstkurve/tanner_stadier_jente@Tanner stadier jente"},{"action":"clear","target":"vekstkurve/tanner_stadier_jente@Tanner stadier jente"},{"action":"show","target":"vekstkurve/testikkelvolum"},{"action":"setOccurrences","target":"vekstkurve/menstruasjonssyklus-sammendrag","value":{"value":"0..1"}}]}]},{"field":"vekstkurve/kroppsoverflate/formel/value","conditions":[{"operator":"equals","value":{"code":"at0012"},"actions":[{"action":"set","target":"generic-field-67989","value":{"value":"Dubois and Dubois"}}]},{"operator":"equals","value":{"code":"at0013"},"actions":[{"action":"set","target":"generic-field-67989","value":{"value":"Mosteller"}}]},{"operator":"equals","value":{"code":"at0014"},"actions":[{"action":"set","target":"generic-field-67989","value":{"value":"Haycock"}}]},{"operator":"equals","value":{"code":"at0015"},"actions":[{"action":"set","target":"generic-field-67989","value":{"value":"Gehan and George"}}]},{"operator":"equals","value":{"code":"at0016"},"actions":[{"action":"set","target":"generic-field-67989","value":{"value":"Boyd"}}]},{"operator":"equals","value":{"code":"at0017"},"actions":[{"action":"set","target":"generic-field-67989","value":{"value":"Fujimoto"}}]},{"operator":"equals","value":{"code":"at0018"},"actions":[{"action":"set","target":"generic-field-67989","value":{"value":"Takihara"}}]},{"operator":"empty","actions":[{"action":"set","target":"generic-field-67989","value":{"value":"Tom"}}]}]},{"field":"vekstkurve/kroppsmasseindeks/uspesifisert_hendelse/kroppsmasseindeks","conditions":[{"operator":"empty","actions":[{"action":"hide","target":"vekstkurve/kroppsmasseindeks"},{"action":"clear","target":"vekstkurve/kroppsmasseindeks"}]},{"operator":"notempty","actions":[{"action":"show","target":"vekstkurve/kroppsmasseindeks"}]}]},{"field":"vekstkurve/kroppsoverflate/uspesifisert_hendelse/kroppsoverflate","conditions":[{"operator":"empty","actions":[{"action":"hide","target":"vekstkurve/kroppsoverflate"},{"action":"clear","target":"vekstkurve/kroppsoverflate"},{"action":"hide","target":"vekstkurve/kroppsoverflate/formel/value"},{"action":"clear","target":"vekstkurve/kroppsoverflate/formel/value"}]},{"operator":"notempty","actions":[{"action":"show","target":"vekstkurve/kroppsoverflate"},{"action":"set","target":"vekstkurve/kroppsoverflate/formel/value","value":{"code":"at0013"}}]}]}]