{"name":"Form root","localizedNames":{},"localizedDescriptions":{},"rmType":"FORM_DEFINITION","min":0,"max":0,"formId":"form_root","viewConfig":{"label":{"custom":false,"useLocalizations":false},"size":{"field":"inherit","label":"inherit"},"layout":{"label":{"valign":"inherit","align":"inherit"},"field":{"valign":"inherit","align":"inherit"}},"annotations":{"#menarche":"select o, c/uid/value as cid\r\nfrom composition c contains evaluation o[openEHR-EHR-EVALUATION.menstrual_cycle_summary_dips.v1]\r\norder by c/context/start_time/value desc\r\nlimit 1","#HeightAql":"select o, c/uid/value as cid\r\nfrom composition c contains observation o[openEHR-EHR-OBSERVATION.height.v1]\r\nWHERE o/data[at0001]/events[at0002]/time/value>current-date-time()-P1D\r\norder by o/data[at0001]/events[at0002]/time/value desc\r\nlimit 1","#WeightAql":"select o, c/uid/value as cid\r\nfrom composition c contains observation o[openEHR-EHR-OBSERVATION.body_weight.v1]\r\nWHERE o/data[at0002]/events[at0003]/time/value>current-date-time()-P1D\r\norder by o/data[at0002]/events[at0003]/time/value desc\r\nlimit 1"}},"children":[{"name":"Dato for måling","localizedName":"Dato for måling","localizedNames":{"en":"*Input (en)","nb":"Dato for måling"},"localizedDescriptions":{},"rmType":"GENERIC_FIELD","min":0,"max":-1,"inputs":[{"type":"TEXT","list":[],"listOpen":false}],"formId":"generic-field-84164","viewConfig":{"multiplicity":{"min":0,"max":-1},"advanced":{"hidden":false,"readonly":false,"hideFrame":false,"render":false},"label":{"custom":false,"useLocalizations":false},"size":{"field":"inherit","label":"inherit"},"layout":{"label":{"valign":"inherit","align":"inherit"},"field":{"valign":"inherit","align":"inherit"}},"annotations":{},"field":{"lines":null,"input":{},"type":"DV_TEXT"}}},{"name":"Masseenhet","localizedName":"Masseenhet","localizedNames":{"en":"*Input (en)","nb":"Masseenhet"},"localizedDescriptions":{},"rmType":"GENERIC_FIELD","min":0,"max":-1,"inputs":[{"type":"TEXT","list":[],"listOpen":false}],"formId":"generic-field-50693","viewConfig":{"multiplicity":{"min":0,"max":-1},"advanced":{"hidden":true,"readonly":false,"hideFrame":false,"render":false},"label":{"custom":false,"useLocalizations":false},"size":{"field":"inherit","label":"inherit"},"layout":{"label":{"valign":"inherit","align":"inherit"},"field":{"valign":"inherit","align":"inherit"}},"annotations":{"calcId":"massunit"},"field":{"lines":null,"input":{},"type":"DV_TEXT"}}},{"name":"Formel valgt","localizedName":"Formel valgt","localizedNames":{"en":"*Input (en)","nb":"Formel valgt"},"localizedDescriptions":{},"rmType":"GENERIC_FIELD","min":0,"max":-1,"inputs":[{"type":"TEXT","list":[],"listOpen":false}],"formId":"generic-field-67989","viewConfig":{"multiplicity":{"min":0,"max":-1},"advanced":{"hidden":true,"readonly":false,"hideFrame":false,"render":false},"label":{"custom":false,"useLocalizations":false},"size":{"field":"inherit","label":"inherit"},"layout":{"label":{"valign":"inherit","align":"inherit"},"field":{"valign":"inherit","align":"inherit"}},"annotations":{"calcId":"formula"},"field":{"lines":null,"input":{},"type":"DV_TEXT"}}},{"name":"Utregning","localizedName":"Utregning","localizedNames":{"en":"*Input (en)","nb":"Utregning"},"localizedDescriptions":{},"rmType":"GENERIC_FIELD","min":0,"max":-1,"inputs":[{"type":"TEXT","list":[],"listOpen":false}],"formId":"generic-field-79364","viewConfig":{"multiplicity":{"min":0,"max":-1},"advanced":{"hidden":true,"readonly":false,"hideFrame":false,"render":false},"label":{"custom":false,"useLocalizations":false},"size":{"field":"inherit","label":"inherit"},"layout":{"label":{"valign":"inherit","align":"inherit"},"field":{"valign":"inherit","align":"inherit"}},"annotations":{"calc":"IF(formula=\"Dubois and Dubois\", 0.007184 * ($height)^(0.725) * ($weight/$massunit)^(0.425), IF(formula=\"Mosteller\", sqrt(($height * $weight/$massunit) / 3600), IF(formula=\"Haycock\", \"Ja, Haycock\", IF(formula=\"Gehan and George\", \"Ja, Gehan and George\", IF(formula=\"Boyd\", \"Ja, Boyd\", IF(formula=\"Fujimoto\", \"Ja, Fujimoto\", IF(formula=\"Takihara\", \"Ja, Takihara\")))))))","calcId":"calculatedSurface"},"field":{"lines":null,"input":{},"type":"DV_TEXT"}}},{"name":"Alder","localizedName":"Alder","localizedNames":{"en":"*Input (en)","nb":"Alder"},"localizedDescriptions":{},"rmType":"GENERIC_FIELD","min":0,"max":-1,"inputs":[{"type":"TEXT","list":[],"listOpen":false}],"formId":"generic-field-58556","viewConfig":{"multiplicity":{"min":0,"max":-1},"advanced":{"hidden":true,"readonly":false,"hideFrame":false,"render":false},"label":{"custom":false,"useLocalizations":false},"size":{"field":"inherit","label":"inherit"},"layout":{"label":{"valign":"inherit","align":"inherit"},"field":{"valign":"inherit","align":"inherit"}},"annotations":{"templateVariable":"[Pas.Alder]"},"field":{"lines":null,"input":{"name":""},"type":"DV_TEXT"}}},{"name":"Høyde/Lengde","localizedName":"Høyde/Lengde","localizedNames":{"en":"Height/Length","nb":"Høyde/Lengde"},"localizedDescriptions":{"nb":"Individets høyde eller lengde målt fra isse til fotsåle. Høyde måles stående og lengde liggende.","en":"*Individets høyde eller lengde målt fra isse til fotsåle. Høyde måles stående og lengde liggende. (nb)"},"rmType":"OBSERVATION","nodeId":"openEHR-EHR-OBSERVATION.height.v1","min":0,"max":1,"aqlPath":"/content[openEHR-EHR-OBSERVATION.height.v1]","inputs":[],"formId":"vekstkurve/høyde_lengde","viewConfig":{"multiplicity":{"min":0,"max":1},"advanced":{"hidden":false,"readonly":false,"hideFrame":false,"render":false},"label":{"custom":false,"useLocalizations":false},"size":{"field":"inherit","label":"inherit"},"layout":{"label":{"valign":"inherit","align":"inherit"},"field":{"valign":"inherit","align":"inherit"}},"annotations":{"validateemptycontainer":"false","selectreadonly":"{#HeightAql}"},"field":{}},"children":[{"name":"Dato for måling","localizedName":"Dato for måling","localizedNames":{"en":"Time","nb":"Dato for måling"},"localizedDescriptions":{},"rmType":"DV_DATE_TIME","min":0,"max":1,"aqlPath":"/content[openEHR-EHR-OBSERVATION.height.v1]/data[at0001]/events[at0002]/time","inputs":[{"type":"DATETIME","listOpen":false}],"formId":"vekstkurve/høyde_lengde/uspesifisert_hendelse/time","viewConfig":{"multiplicity":{"min":0,"max":1},"advanced":{"hidden":true,"readonly":false,"hideFrame":false,"render":false},"label":{"custom":false,"useLocalizations":false},"size":{"field":"inherit","label":"inherit"},"layout":{"label":{"valign":"inherit","align":"inherit"},"field":{"valign":"inherit","align":"inherit"}},"annotations":{"calcId":"time","templateVariable":"[Sys.Now]"},"field":{"input":{"hideTime":false,"dateFormat":"","hideDate":false}}}},{"name":"Høyde/lengde","localizedName":"Høyde/lengde","localizedNames":{"en":"Height/Length","nb":"Høyde/lengde"},"localizedDescriptions":{"nb":"Høyde/lengde fra isse til fotsåle.","en":"*Høyde/lengde fra isse til fotsåle. (nb)"},"rmType":"DV_QUANTITY","nodeId":"at0004","min":1,"max":1,"aqlPath":"/content[openEHR-EHR-OBSERVATION.height.v1]/data[at0001]/events[at0002]/data[at0003]/items[at0004]/value","inputs":[{"suffix":"magnitude","type":"DECIMAL","defaultValue":"","listOpen":false},{"suffix":"unit","type":"CODED_TEXT","list":[{"value":"cm","label":"cm","validation":{"range":{"minOp":">=","min":0.0,"maxOp":"<=","max":500.0}},"ordinal":0,"localizedLabels":{},"localizedDescriptions":{}}],"listOpen":false}],"formId":"vekstkurve/høyde_lengde/uspesifisert_hendelse/høyde_lengde","viewConfig":{"multiplicity":{"min":1,"max":1},"advanced":{"hidden":false,"readonly":false,"hideFrame":false,"render":false},"label":{"custom":false,"useLocalizations":false},"size":{"field":"inherit","label":"inherit"},"layout":{"label":{"valign":"inherit","align":"inherit"},"field":{"valign":"inherit","align":"inherit"}},"annotations":{"calcId":"height"},"field":{}}},{"name":"Kroppsstilling","localizedName":"Kroppsstilling","localizedNames":{"en":"Body position","nb":"Kroppsstilling"},"localizedDescriptions":{"nb":"Individets kroppsstilling på måletidspunktet.","en":"*Individets kroppsstilling på måletidspunktet. (nb)"},"rmType":"DV_CODED_TEXT","nodeId":"at0014","min":1,"max":1,"aqlPath":"/content[openEHR-EHR-OBSERVATION.height.v1]/data[at0001]/events[at0002]/state[at0013]/items[at0014]/value","inputs":[{"suffix":"code","type":"CODED_TEXT","list":[{"value":"at0016","label":"Stående","ordinal":0,"localizedLabels":{"nb":"Stående","en":"*Stående (nb)"},"localizedDescriptions":{"nb":"Høyde måles optimalt uten sko, uten sokker (for å se fotstillingen skikkelig), rumpen inntil veggen, skuldrene inntil veggen, hodet i Frankfurt stilling (nedre orbitalkant horisontalt med ytre øregang). En skal si til vedkommende \"stå rett\", men ikke skyve opp hodet.","en":"*Høyde måles optimalt uten sko, uten sokker (for å se fotstillingen skikkelig), rumpen inntil veggen, skuldrene inntil veggen, hodet i Frankfurt stilling (nedre orbitalkant horisontalt med ytre øregang). En skal si til vedkommende \"stå rett\", men ikke skyve opp hodet. (nb)"}},{"value":"at0020","label":"Liggende","ordinal":0,"localizedLabels":{"nb":"Liggende","en":"*Liggende (nb)"},"localizedDescriptions":{"nb":"Lengde måles i en helt utstrakt, liggende posisjon med bekkenet flatt, beina strekte og føtter verken flektert eller ekstendert.","en":"*Lengde måles i en helt utstrakt, liggende posisjon med bekkenet flatt, beina strekte og føtter verken flektert eller ekstendert. (nb)"}}],"listOpen":false}],"formId":"vekstkurve/høyde_lengde/uspesifisert_hendelse/kroppsstilling","viewConfig":{"multiplicity":{"min":1,"max":1},"advanced":{"hidden":false,"readonly":false,"hideFrame":false,"render":false},"label":{"custom":false,"useLocalizations":false},"size":{"field":"inherit","label":"inherit"},"layout":{"label":{"valign":"inherit","align":"inherit"},"field":{"valign":"inherit","align":"inherit"}},"annotations":{},"field":{"code":{"presentation":"combobox","columns":"2"}}}},{"name":"Kommentar","localizedName":"Kommentar","localizedNames":{"en":"Comment","nb":"Kommentar"},"localizedDescriptions":{"nb":"Ytterligere beskrivelse av målingen av høyde/lengde som ikke dekkes i andre felt.","en":"*Ytterligere beskrivelse av målingen av høyde/lengde som ikke dekkes i andre felt. (nb)"},"rmType":"DV_TEXT","nodeId":"at0018","min":0,"max":1,"aqlPath":"/content[openEHR-EHR-OBSERVATION.height.v1]/data[at0001]/events[at0002]/data[at0003]/items[at0018]/value","inputs":[{"type":"TEXT","list":[],"listOpen":false}],"formId":"vekstkurve/høyde_lengde/uspesifisert_hendelse/kommentar","viewConfig":{"multiplicity":{"min":0,"max":1},"advanced":{"hidden":false,"readonly":false,"hideFrame":false,"render":false},"label":{"custom":false,"useLocalizations":false},"size":{"field":"inherit","label":"inherit"},"layout":{"label":{"valign":"inherit","align":"inherit"},"field":{"valign":"inherit","align":"inherit"}},"annotations":{},"field":{"lines":null,"input":{}},"tags":["ForceMinMultiplicity"]}}]},{"name":"Kroppsvekt","localizedName":"Kroppsvekt","localizedNames":{"en":"Body weight","nb":"Kroppsvekt"},"localizedDescriptions":{"nb":"Individets kroppsvekt.","en":"*Individets kroppsvekt. (nb)"},"rmType":"OBSERVATION","nodeId":"openEHR-EHR-OBSERVATION.body_weight.v1","min":0,"max":1,"aqlPath":"/content[openEHR-EHR-OBSERVATION.body_weight.v1]","inputs":[],"formId":"vekstkurve/kroppsvekt","viewConfig":{"multiplicity":{"min":0,"max":1},"advanced":{"hidden":false,"readonly":false,"hideFrame":false,"render":false},"label":{"custom":false,"useLocalizations":false},"size":{"field":"inherit","label":"inherit"},"layout":{"label":{"valign":"inherit","align":"inherit"},"field":{"valign":"inherit","align":"inherit"}},"annotations":{"validateemptycontainer":"false","selectreadonly":"{#WeightAql}"},"field":{}},"children":[{"name":"Dato for måling","localizedName":"Dato for måling","localizedNames":{"en":"Time","nb":"Dato for måling"},"localizedDescriptions":{},"rmType":"DV_DATE_TIME","min":0,"max":1,"aqlPath":"/content[openEHR-EHR-OBSERVATION.body_weight.v1]/data[at0002]/events[at0003]/time","inputs":[{"type":"DATETIME","listOpen":false}],"formId":"vekstkurve/kroppsvekt/uspesifisert_hendelse/time","viewConfig":{"multiplicity":{"min":0,"max":1},"advanced":{"hidden":true,"readonly":false,"hideFrame":false,"render":false},"label":{"custom":false,"useLocalizations":false},"size":{"field":"inherit","label":"inherit"},"layout":{"label":{"valign":"inherit","align":"inherit"},"field":{"valign":"inherit","align":"inherit"}},"annotations":{"calc":"time"},"field":{"input":{"hideTime":false,"dateFormat":"","hideDate":false}}}},{"name":"Kroppsvekt","localizedName":"Kroppsvekt","localizedNames":{"en":"Body weight","nb":"Kroppsvekt"},"localizedDescriptions":{"nb":"Et individs totale kroppsmasse.","en":"*Et individs totale kroppsmasse. (nb)"},"rmType":"DV_QUANTITY","nodeId":"at0004","min":1,"max":1,"aqlPath":"/content[openEHR-EHR-OBSERVATION.body_weight.v1]/data[at0002]/events[at0003]/data[at0001]/items[at0004]/value","inputs":[{"suffix":"magnitude","type":"DECIMAL","defaultValue":"","listOpen":false},{"suffix":"unit","type":"CODED_TEXT","list":[{"value":"kg","label":"kg","validation":{"range":{"minOp":">=","min":0.0,"maxOp":"<","max":1000.0}},"ordinal":0,"localizedLabels":{},"localizedDescriptions":{}},{"value":"g","label":"g","validation":{"range":{"minOp":">=","min":0.0,"maxOp":"<","max":100000.0},"precision":{"minOp":">=","min":0.0,"maxOp":"<=","max":0.0}},"ordinal":0,"localizedLabels":{},"localizedDescriptions":{}}],"defaultValue":"kg","listOpen":false}],"formId":"vekstkurve/kroppsvekt/uspesifisert_hendelse/kroppsvekt","viewConfig":{"multiplicity":{"min":1,"max":1},"advanced":{"hidden":false,"readonly":false,"hideFrame":false,"render":false},"label":{"custom":false,"useLocalizations":false},"size":{"field":"inherit","label":"inherit"},"layout":{"label":{"valign":"inherit","align":"inherit"},"field":{"valign":"inherit","align":"inherit"}},"annotations":{"calcId":"weight"},"field":{}}},{"name":"Påkledning","localizedName":"Påkledning","localizedNames":{"en":"*Påkledning (nb)","nb":"Påkledning"},"localizedDescriptions":{"nb":"Beskrivelse av personens påkledning på måletidspunktet.","en":"*Beskrivelse av personens påkledning på måletidspunktet. (nb)"},"rmType":"DV_CODED_TEXT","nodeId":"at0009","min":0,"max":1,"aqlPath":"/content[openEHR-EHR-OBSERVATION.body_weight.v1]/data[at0002]/events[at0003]/state[at0008]/items[at0009]/value","inputs":[{"suffix":"code","type":"CODED_TEXT","list":[{"value":"at0013","label":"Naken","ordinal":0,"localizedLabels":{"nb":"Naken","en":"*Naken (nb)"},"localizedDescriptions":{"nb":"Uten klær.","en":"*Uten klær. (nb)"}},{"value":"at0011","label":"Lette klær / undertøy","ordinal":0,"localizedLabels":{"nb":"Lette klær / undertøy","en":"*Lette klær / undertøy (nb)"},"localizedDescriptions":{"nb":"Påkledning som ikke endrer vekten signifikant.","en":"*Påkledning som ikke endrer vekten signifikant. (nb)"}},{"value":"at0042","label":"Fullt påkledt uten sko","ordinal":0,"localizedLabels":{"nb":"Fullt påkledt uten sko","en":"*Fullt påkledt uten sko (nb)"},"localizedDescriptions":{"nb":"Påkledning som kan øke vekten signifikant, uten sko.","en":"*Påkledning som kan øke vekten signifikant, uten sko. (nb)"}},{"value":"at0010","label":"Fullt påkledt inklusive sko","ordinal":0,"localizedLabels":{"nb":"Fullt påkledt inklusive sko","en":"*Fullt påkledt inklusive sko (nb)"},"localizedDescriptions":{"nb":"Påkledning som kan øke vekten signifikant, inklusive sko.","en":"*Påkledning som kan øke vekten signifikant, inklusive sko. (nb)"}},{"value":"at0017","label":"Bleie","ordinal":0,"localizedLabels":{"nb":"Bleie","en":"*Bleie (nb)"},"localizedDescriptions":{"nb":"Bare ikledt bleie - kan legge til signifikant vekt.","en":"*Bare ikledt bleie - kan legge til signifikant vekt. (nb)"}}],"listOpen":false}],"formId":"vekstkurve/kroppsvekt/uspesifisert_hendelse/påkledning","viewConfig":{"multiplicity":{"min":0,"max":1},"advanced":{"hidden":false,"readonly":false,"hideFrame":false,"render":false},"label":{"custom":false,"useLocalizations":false},"size":{"field":"inherit","label":"inherit"},"layout":{"label":{"valign":"inherit","align":"inherit"},"field":{"valign":"inherit","align":"inherit"}},"annotations":{},"field":{"code":{"presentation":"combobox","columns":"5"}}}},{"name":"Kommentar","localizedName":"Kommentar","localizedNames":{"en":"Comment","nb":"Kommentar"},"localizedDescriptions":{"nb":"Ytterligere beskrivelse av målingen av kroppsvekt som ikke dekkes i andre felt.","en":"*Ytterligere beskrivelse av målingen av kroppsvekt som ikke dekkes i andre felt. (nb)"},"rmType":"DV_TEXT","nodeId":"at0024","min":0,"max":1,"aqlPath":"/content[openEHR-EHR-OBSERVATION.body_weight.v1]/data[at0002]/events[at0003]/data[at0001]/items[at0024]/value","inputs":[{"type":"TEXT","list":[],"listOpen":false}],"formId":"vekstkurve/kroppsvekt/uspesifisert_hendelse/kommentar","viewConfig":{"multiplicity":{"min":0,"max":1},"advanced":{"hidden":false,"readonly":false,"hideFrame":false,"render":false},"label":{"custom":false,"useLocalizations":false},"size":{"field":"inherit","label":"inherit"},"layout":{"label":{"valign":"inherit","align":"inherit"},"field":{"valign":"inherit","align":"inherit"}},"annotations":{},"field":{"lines":null,"input":{}},"tags":["ForceMinMultiplicity"]}}]},{"name":"Hodeomkrets","localizedName":"Hodeomkrets","localizedNames":{"en":"Head circumference","nb":"Hodeomkrets"},"localizedDescriptions":{"nb":"Måling av den lengste distansen rundt hodet.","en":"*Måling av den lengste distansen rundt hodet. (nb)"},"rmType":"OBSERVATION","nodeId":"openEHR-EHR-OBSERVATION.head_circumference.v1","min":0,"max":1,"aqlPath":"/content[openEHR-EHR-OBSERVATION.head_circumference.v1]","inputs":[],"formId":"vekstkurve/hodeomkrets","viewConfig":{"multiplicity":{"min":0,"max":1},"advanced":{"hidden":false,"readonly":false,"hideFrame":false,"render":false},"label":{"custom":false,"useLocalizations":false},"size":{"field":"inherit","label":"inherit"},"layout":{"label":{"valign":"inherit","align":"inherit"},"field":{"valign":"inherit","align":"inherit"}},"annotations":{},"field":{}},"children":[{"name":"Dato for måling","localizedName":"Dato for måling","localizedNames":{"en":"Time","nb":"Dato for måling"},"localizedDescriptions":{},"rmType":"DV_DATE_TIME","min":0,"max":1,"aqlPath":"/content[openEHR-EHR-OBSERVATION.head_circumference.v1]/data[at0001]/events[at0010]/time","inputs":[{"type":"DATETIME","listOpen":false}],"formId":"vekstkurve/hodeomkrets/uspesifisert_hendelse/time","viewConfig":{"multiplicity":{"min":0,"max":1},"advanced":{"hidden":true,"readonly":false,"hideFrame":false,"render":false},"label":{"custom":false,"useLocalizations":false},"size":{"field":"inherit","label":"inherit"},"layout":{"label":{"valign":"inherit","align":"inherit"},"field":{"valign":"inherit","align":"inherit"}},"annotations":{"calc":"time"},"field":{"input":{"hideTime":false,"dateFormat":"","hideDate":false}}}},{"localizedNames":{"en":"*Fieldset (en)","nb":""},"localizedDescriptions":{},"rmType":"GENERIC_FIELDSET","min":0,"max":1,"inputs":[],"formId":"generic-field-06825","viewConfig":{"multiplicity":{"min":0,"max":1},"advanced":{"hidden":false,"readonly":false,"hideFrame":false,"render":false},"label":{"custom":false,"useLocalizations":false},"size":{"field":"inherit","label":"inherit"},"layout":{"label":{"valign":"inherit","align":"inherit"},"field":{"valign":"inherit","align":"inherit"}},"annotations":{},"field":{"formId":null,"name":null}},"children":[{"name":"Hodeomkrets","localizedName":"Hodeomkrets","localizedNames":{"en":"Head circumference","nb":"Hodeomkrets"},"localizedDescriptions":{"nb":"Måling av den lengste distansen rundt hodet.","en":"*Måling av den lengste distansen rundt hodet. (nb)"},"rmType":"DV_QUANTITY","nodeId":"at0004","min":1,"max":1,"aqlPath":"/content[openEHR-EHR-OBSERVATION.head_circumference.v1]/data[at0001]/events[at0010]/data[at0003]/items[at0004]/value","inputs":[{"suffix":"magnitude","type":"DECIMAL","defaultValue":"","listOpen":false},{"suffix":"unit","type":"CODED_TEXT","list":[{"value":"cm","label":"cm","validation":{"range":{"minOp":">=","min":0.0,"maxOp":"<=","max":100.0}},"ordinal":0,"localizedLabels":{},"localizedDescriptions":{}}],"listOpen":false}],"formId":"vekstkurve/hodeomkrets/uspesifisert_hendelse/hodeomkrets","viewConfig":{"multiplicity":{"min":1,"max":1},"advanced":{"hidden":false,"readonly":false,"hideFrame":false,"render":false},"label":{"custom":false,"useLocalizations":false},"size":{"field":"inherit","label":"inherit"},"layout":{"label":{"valign":"inherit","align":"inherit"},"field":{"valign":"inherit","align":"inherit"}},"annotations":{},"field":{}}},{"name":"Kommentar","localizedName":"Kommentar","localizedNames":{"en":"Comment","nb":"Kommentar"},"localizedDescriptions":{"nb":"Ytterligere fritekst om hodeomkretsen som ikke er registrert i andre felt.","en":"*Ytterligere fritekst om hodeomkretsen som ikke er registrert i andre felt. (nb)"},"rmType":"DV_TEXT","nodeId":"at0007","min":0,"max":1,"aqlPath":"/content[openEHR-EHR-OBSERVATION.head_circumference.v1]/data[at0001]/events[at0010]/data[at0003]/items[at0007]/value","inputs":[{"type":"TEXT","list":[],"listOpen":false}],"formId":"vekstkurve/hodeomkrets/uspesifisert_hendelse/kommentar","viewConfig":{"multiplicity":{"min":0,"max":1},"advanced":{"hidden":false,"readonly":false,"hideFrame":false,"render":false},"label":{"custom":false,"useLocalizations":false},"size":{"field":"inherit","label":"inherit"},"layout":{"label":{"valign":"inherit","align":"inherit"},"field":{"valign":"inherit","align":"inherit"}},"annotations":{},"field":{"lines":null,"input":{}},"tags":["ForceMinMultiplicity"]}}]}]},{"name":"Kroppsmasseindeks","localizedName":"Kroppsmasseindeks","localizedNames":{"en":"Body mass index","nb":"Kroppsmasseindeks"},"localizedDescriptions":{"nb":"Beregnet verdi som gjenspeiler individets kroppsmasse på grunnlag av dens høyde og vekt.","en":"*Beregnet verdi som gjenspeiler individets kroppsmasse på grunnlag av dens høyde og vekt. (nb)"},"rmType":"OBSERVATION","nodeId":"openEHR-EHR-OBSERVATION.body_mass_index.v1","min":1,"max":1,"aqlPath":"/content[openEHR-EHR-OBSERVATION.body_mass_index.v1]","inputs":[],"formId":"vekstkurve/kroppsmasseindeks","viewConfig":{"multiplicity":{"min":1,"max":1},"advanced":{"hidden":false,"readonly":false,"hideFrame":false,"render":false},"label":{"custom":false,"useLocalizations":false},"size":{"field":"inherit","label":"inherit"},"layout":{"label":{"valign":"inherit","align":"inherit"},"field":{"valign":"inherit","align":"inherit"}},"annotations":{"validateemptycontainer":"false"},"field":{}},"children":[{"name":"Dato for måling","localizedName":"Dato for måling","localizedNames":{"en":"*Time (en)","nb":"Dato for måling"},"localizedDescriptions":{},"rmType":"DV_DATE_TIME","min":0,"max":1,"aqlPath":"/content[openEHR-EHR-OBSERVATION.body_mass_index.v1]/data[at0001]/events[at0002]/time","inputs":[{"type":"DATETIME","listOpen":false}],"formId":"vekstkurve/kroppsmasseindeks/uspesifisert_hendelse/time","viewConfig":{"multiplicity":{"min":0,"max":1},"advanced":{"hidden":false,"readonly":true,"hideFrame":false,"render":false},"label":{"custom":false,"useLocalizations":false},"size":{"field":"inherit","label":"inherit"},"layout":{"label":{"valign":"inherit","align":"inherit"},"field":{"valign":"inherit","align":"inherit"}},"annotations":{},"field":{"input":{"hideTime":false,"dateFormat":"","hideDate":false}}}},{"name":"KMI","localizedName":"KMI","localizedNames":{"en":"BMI","nb":"KMI"},"localizedDescriptions":{"nb":"Indeks som beskriver forholdet mellom vekt og høyde.","en":"*Indeks som beskriver forholdet mellom vekt og høyde. (nb)"},"rmType":"DV_QUANTITY","nodeId":"at0004","min":1,"max":1,"aqlPath":"/content[openEHR-EHR-OBSERVATION.body_mass_index.v1]/data[at0001]/events[at0002]/data[at0003]/items[at0004]/value","inputs":[{"suffix":"magnitude","type":"DECIMAL","defaultValue":"","listOpen":false},{"suffix":"unit","type":"CODED_TEXT","list":[{"value":"kg/m2","label":"kg/m2","validation":{"range":{"minOp":">=","min":0.0,"maxOp":"<","max":500.0},"precision":{"minOp":">=","min":1.0,"maxOp":"<=","max":1.0}},"ordinal":0,"localizedLabels":{},"localizedDescriptions":{}}],"listOpen":false}],"formId":"vekstkurve/kroppsmasseindeks/uspesifisert_hendelse/kroppsmasseindeks","viewConfig":{"multiplicity":{"min":1,"max":1},"advanced":{"hidden":false,"readonly":false,"hideFrame":false,"render":false},"label":{"custom":false,"useLocalizations":false},"size":{"field":"inherit","label":"inherit"},"layout":{"label":{"valign":"inherit","align":"inherit"},"field":{"valign":"inherit","align":"inherit"}},"annotations":{"calc":"(weight)/((height/100)*(height/100))","calcId":"kmi"},"field":{}}},{"name":"Metode","localizedName":"Metode","localizedNames":{"en":"*Metode (nb)","nb":"Metode"},"localizedDescriptions":{"nb":"Metode for registrering av kroppsmasseindeks.","en":"*Metode for registrering av kroppsmasseindeks. (nb)"},"rmType":"DV_CODED_TEXT","nodeId":"at0006","min":0,"max":1,"aqlPath":"/content[openEHR-EHR-OBSERVATION.body_mass_index.v1]/protocol[at0005]/items[at0006]/value","inputs":[{"suffix":"code","type":"CODED_TEXT","list":[{"value":"at0007","label":"Automatisk registrering","ordinal":0,"localizedLabels":{"nb":"Automatisk registrering","en":"*Automatisk registrering (nb)"},"localizedDescriptions":{"nb":"Kroppsmasseindeks beregnes og legges inn automatisk, uten brukermedvirkning.","en":"*Kroppsmasseindeks beregnes og legges inn automatisk, uten brukermedvirkning. (nb)"}},{"value":"at0008","label":"Manuell registrering","ordinal":0,"localizedLabels":{"nb":"Manuell registrering","en":"*Manuell registrering (nb)"},"localizedDescriptions":{"nb":"Kroppsmasseindeks beregnes og registreres manuelt av brukeren.","en":"*Kroppsmasseindeks beregnes og registreres manuelt av brukeren. (nb)"}}],"listOpen":false}],"formId":"vekstkurve/kroppsmasseindeks/metode","viewConfig":{"multiplicity":{"min":0,"max":1},"advanced":{"hidden":true,"readonly":false,"hideFrame":false,"render":false},"label":{"custom":false,"useLocalizations":false},"size":{"field":"inherit","label":"inherit"},"layout":{"label":{"valign":"inherit","align":"inherit"},"field":{"valign":"inherit","align":"inherit"}},"annotations":{},"field":{"code":{"presentation":"combobox","columns":"2"}}}},{"name":"Kommentar","localizedName":"Kommentar","localizedNames":{"en":"Comment","nb":"Kommentar"},"localizedDescriptions":{"nb":"Kommentar om registrert BMI, f.eks notat om at at målingene som ble brukt var av typen justert vekt / høyde, eller om høyde er målt, oppgitt eller estimert.","en":"*Kommentar om registrert BMI, f.eks notat om at at målingene som ble brukt var av typen justert vekt / høyde, eller om høyde er målt, oppgitt eller estimert. (nb)"},"rmType":"DV_TEXT","nodeId":"at0011","min":0,"max":1,"aqlPath":"/content[openEHR-EHR-OBSERVATION.body_mass_index.v1]/protocol[at0005]/items[at0011]/value","inputs":[{"type":"TEXT","list":[],"listOpen":false}],"formId":"vekstkurve/kroppsmasseindeks/kommentar","viewConfig":{"multiplicity":{"min":0,"max":1},"advanced":{"hidden":false,"readonly":false,"hideFrame":false,"render":false},"label":{"custom":false,"useLocalizations":false},"size":{"field":"inherit","label":"inherit"},"layout":{"label":{"valign":"inherit","align":"inherit"},"field":{"valign":"inherit","align":"inherit"}},"annotations":{},"field":{"lines":null,"input":{}},"tags":["ForceMinMultiplicity"]}}]},{"name":"Kroppsoverflate","localizedName":"Kroppsoverflate","localizedNames":{"en":"Body surface area for kg","nb":"Kroppsoverflate"},"localizedDescriptions":{"nb":"Kroppsoverflate er den målte eller kalkulerte overflaten av menneskekroppen.","en":"*Kroppsoverflate er den målte eller kalkulerte overflaten av menneskekroppen. (nb)"},"rmType":"OBSERVATION","nodeId":"openEHR-EHR-OBSERVATION.body_surface_area_dips.v1","min":1,"max":1,"aqlPath":"/content[openEHR-EHR-OBSERVATION.body_surface_area_dips.v1]","inputs":[],"formId":"vekstkurve/kroppsoverflate","viewConfig":{"multiplicity":{"min":1,"max":1},"advanced":{"hidden":false,"readonly":false,"hideFrame":false,"render":false},"label":{"custom":false,"useLocalizations":false},"size":{"field":"inherit","label":"inherit"},"layout":{"label":{"valign":"inherit","align":"inherit"},"field":{"valign":"inherit","align":"inherit"}},"annotations":{"validateemptycontainer":"false"},"field":{}},"children":[{"name":"Dato for måling","localizedName":"Dato for måling","localizedNames":{"en":"*Time (en)","nb":"Dato for måling"},"localizedDescriptions":{},"rmType":"DV_DATE_TIME","min":0,"max":1,"aqlPath":"/content[openEHR-EHR-OBSERVATION.body_surface_area_dips.v1]/data[at0001]/events[at0002]/time","inputs":[{"type":"DATETIME","listOpen":false}],"formId":"vekstkurve/kroppsoverflate/uspesifisert_hendelse/time","viewConfig":{"multiplicity":{"min":0,"max":1},"advanced":{"hidden":true,"readonly":true,"hideFrame":false,"render":false},"label":{"custom":false,"useLocalizations":false},"size":{"field":"inherit","label":"inherit"},"layout":{"label":{"valign":"inherit","align":"inherit"},"field":{"valign":"inherit","align":"inherit"}},"annotations":{},"field":{"input":{"hideTime":false,"dateFormat":"","hideDate":false}}}},{"name":"Kroppsoverflate","localizedName":"Kroppsoverflate","localizedNames":{"en":"*Kroppsoverflate (nb)","nb":"Kroppsoverflate"},"localizedDescriptions":{"nb":"Den målte eller kalkulerte overflaten av menneskekroppen.","en":"*Den målte eller kalkulerte overflaten av menneskekroppen. (nb)"},"rmType":"DV_QUANTITY","nodeId":"at0004","min":1,"max":1,"aqlPath":"/content[openEHR-EHR-OBSERVATION.body_surface_area_dips.v1]/data[at0001]/events[at0002]/data[at0003]/items[at0004]/value","inputs":[{"suffix":"magnitude","type":"DECIMAL","defaultValue":"","listOpen":false},{"suffix":"unit","type":"CODED_TEXT","list":[{"value":"m2","label":"m2","validation":{"range":{"minOp":">","maxOp":"<"},"precision":{"minOp":">=","min":2.0,"maxOp":"<=","max":2.0}},"ordinal":0,"localizedLabels":{},"localizedDescriptions":{}}],"listOpen":false}],"formId":"vekstkurve/kroppsoverflate/uspesifisert_hendelse/kroppsoverflate","viewConfig":{"multiplicity":{"min":1,"max":1},"advanced":{"hidden":false,"readonly":false,"hideFrame":false,"render":false},"label":{"custom":false,"useLocalizations":false},"size":{"field":"inherit","label":"inherit"},"layout":{"label":{"valign":"inherit","align":"inherit"},"field":{"valign":"inherit","align":"inherit"}},"annotations":{"calc":"sqrt(height*(weight)/3600)"},"field":{}}},{"name":"Kommentar","localizedName":"Kommentar","localizedNames":{"en":"Comment","nb":"Kommentar"},"localizedDescriptions":{"nb":"Ytterligere kommentar om kroppsarealestimering.","en":"*Ytterligere kommentar om kroppsarealestimering. (nb)"},"rmType":"DV_TEXT","nodeId":"at0019","min":0,"max":1,"aqlPath":"/content[openEHR-EHR-OBSERVATION.body_surface_area_dips.v1]/data[at0001]/events[at0002]/data[at0003]/items[at0019]/value","inputs":[{"type":"TEXT","list":[],"listOpen":false}],"formId":"vekstkurve/kroppsoverflate/uspesifisert_hendelse/kommentar","viewConfig":{"multiplicity":{"min":0,"max":1},"advanced":{"hidden":false,"readonly":false,"hideFrame":false,"render":false},"label":{"custom":false,"useLocalizations":false},"size":{"field":"inherit","label":"inherit"},"layout":{"label":{"valign":"inherit","align":"inherit"},"field":{"valign":"inherit","align":"inherit"}},"annotations":{},"field":{"lines":null,"input":{}},"tags":["ForceMinMultiplicity"]}},{"name":"Metode","localizedName":"Metode","localizedNames":{"en":"Method","nb":"Metode"},"localizedDescriptions":{"nb":"Metoden brukt til å estimere kroppsoverflaten.","en":"*Metoden brukt til å estimere kroppsoverflaten. (nb)"},"rmType":"DV_CODED_TEXT","nodeId":"at0009","min":0,"max":1,"aqlPath":"/content[openEHR-EHR-OBSERVATION.body_surface_area_dips.v1]/protocol[at0005]/items[at0009]/value","inputs":[{"suffix":"code","type":"CODED_TEXT","list":[{"value":"at0010","label":"Automatisk oppføring","ordinal":0,"localizedLabels":{"nb":"Automatisk oppføring","en":"*Automatisk oppføring (nb)"},"localizedDescriptions":{"nb":"Kroppsoverflaten ble kalkulering automatisk uten å involvere brukeren.","en":"*Kroppsoverflaten ble kalkulering automatisk uten å involvere brukeren. (nb)"}},{"value":"at0011","label":"Direkte oppføring","ordinal":0,"localizedLabels":{"nb":"Direkte oppføring","en":"*Direkte oppføring (nb)"},"localizedDescriptions":{"nb":"Kroppsoverflaten ble kalkulert og registrert av brukeren.","en":"*Kroppsoverflaten ble kalkulert og registrert av brukeren. (nb)"}}],"listOpen":false}],"formId":"vekstkurve/kroppsoverflate/metode","viewConfig":{"multiplicity":{"min":0,"max":1},"advanced":{"hidden":true,"readonly":false,"hideFrame":false,"render":false},"label":{"custom":false,"useLocalizations":false},"size":{"field":"inherit","label":"inherit"},"layout":{"label":{"valign":"inherit","align":"inherit"},"field":{"valign":"inherit","align":"inherit"}},"annotations":{},"field":{"code":{"presentation":"combobox","columns":"2"}}}},{"name":"Formel","localizedName":"Formel","localizedNames":{"en":"*Formel (nb)","nb":"Formel"},"localizedDescriptions":{"nb":"Formelen brukt til å kalkulere kroppsoverflate.","en":"*Formelen brukt til å kalkulere kroppsoverflate. (nb)"},"rmType":"DV_CODED_TEXT","nodeId":"","min":1,"max":1,"aqlPath":"/content[openEHR-EHR-OBSERVATION.body_surface_area_dips.v1]/protocol[at0005]/items[at0006]/value","inputs":[{"suffix":"code","type":"CODED_TEXT","list":[{"value":"at0012","label":"Dubois and Dubois","ordinal":0,"localizedLabels":{"nb":"Dubois and Dubois","en":"*Dubois and Dubois (nb)"},"localizedDescriptions":{"nb":"Dubois and Dubois formelen ble brukt til å estimere kroppsoverflate.","en":"*Dubois and Dubois formelen ble brukt til å estimere kroppsoverflate. (nb)"}},{"value":"at0013","label":"Mosteller","ordinal":0,"localizedLabels":{"nb":"Mosteller","en":"*Mosteller (nb)"},"localizedDescriptions":{"nb":"Mosteller formelen ble brukt til å estimere kroppsoverflate.","en":"*Mosteller formelen ble brukt til å estimere kroppsoverflate. (nb)"}},{"value":"at0014","label":"Haycock","ordinal":0,"localizedLabels":{"nb":"Haycock","en":"*Haycock (nb)"},"localizedDescriptions":{"nb":"Haycock formelen ble brukt til å estimere kroppsoverflate.","en":"*Haycock formelen ble brukt til å estimere kroppsoverflate. (nb)"}},{"value":"at0015","label":"Gehan and George","ordinal":0,"localizedLabels":{"nb":"Gehan and George","en":"*Gehan and George (nb)"},"localizedDescriptions":{"nb":"Gehan and George formelen ble brukt til å estimere kroppsoverflate.","en":"*Gehan and George formelen ble brukt til å estimere kroppsoverflate. (nb)"}},{"value":"at0016","label":"Boyd","ordinal":0,"localizedLabels":{"nb":"Boyd","en":"*Boyd (nb)"},"localizedDescriptions":{"nb":"Boyd formelen ble brukt til å estimere kroppsoverflate.","en":"*Boyd formelen ble brukt til å estimere kroppsoverflate. (nb)"}},{"value":"at0017","label":"Fujimoto","ordinal":0,"localizedLabels":{"nb":"Fujimoto","en":"*Fujimoto (nb)"},"localizedDescriptions":{"nb":"Fujimoto formelen ble brukt til å estimere kroppsoverflate.","en":"*Fujimoto formelen ble brukt til å estimere kroppsoverflate. (nb)"}},{"value":"at0018","label":"Takihara","ordinal":0,"localizedLabels":{"nb":"Takihara","en":"*Takihara (nb)"},"localizedDescriptions":{"nb":"Takihara formelen ble brukt til å estimere kroppsoverflate.","en":"*Takihara formelen ble brukt til å estimere kroppsoverflate. (nb)"}}],"listOpen":false}],"formId":"vekstkurve/kroppsoverflate/formel/value","viewConfig":{"multiplicity":{"min":1,"max":1},"advanced":{"hidden":true,"readonly":false,"hideFrame":false,"render":false},"label":{"custom":false,"useLocalizations":false},"size":{"field":"inherit","label":"inherit"},"layout":{"label":{"valign":"inherit","align":"inherit"},"field":{"valign":"inherit","align":"inherit"}},"annotations":{},"field":{"code":{"presentation":"combobox","columns":"7"}}}}]},{"name":"Mageomkrets","localizedName":"Mageomkrets","localizedNames":{"en":"Waist circumference","nb":"Mageomkrets"},"localizedDescriptions":{"nb":"Målingen er avstanden rundt midjen rett over hoftekammen.","en":"*Målingen er avstanden rundt midjen rett over hoftekammen. (nb)"},"rmType":"OBSERVATION","nodeId":"openEHR-EHR-OBSERVATION.waist_circumference_dips.v1","min":0,"max":1,"aqlPath":"/content[openEHR-EHR-OBSERVATION.waist_circumference_dips.v1]","inputs":[],"formId":"vekstkurve/midjeomkrets","viewConfig":{"multiplicity":{"min":0,"max":1},"advanced":{"hidden":false,"readonly":false,"hideFrame":false,"render":false},"label":{"custom":false,"useLocalizations":false},"size":{"field":"inherit","label":"inherit"},"layout":{"label":{"valign":"inherit","align":"inherit"},"field":{"valign":"inherit","align":"inherit"}},"annotations":{},"field":{},"tags":["ForceMinMultiplicity"]},"children":[{"name":"Dato for måling","localizedName":"Dato for måling","localizedNames":{"en":"*Time (en)","nb":"Dato for måling"},"localizedDescriptions":{},"rmType":"DV_DATE_TIME","min":0,"max":1,"aqlPath":"/content[openEHR-EHR-OBSERVATION.waist_circumference_dips.v1]/data[at0001]/events[at0010]/time","inputs":[{"type":"DATETIME","listOpen":false}],"formId":"vekstkurve/midjeomkrets/uspesifisert_hendelse/time","viewConfig":{"multiplicity":{"min":0,"max":1},"advanced":{"hidden":true,"readonly":false,"hideFrame":false,"render":false},"label":{"custom":false,"useLocalizations":false},"size":{"field":"inherit","label":"inherit"},"layout":{"label":{"valign":"inherit","align":"inherit"},"field":{"valign":"inherit","align":"inherit"}},"annotations":{"calc":"time"},"field":{"input":{"hideTime":false,"dateFormat":"","hideDate":false}}}},{"localizedNames":{"en":"*Fieldset (en)","nb":""},"localizedDescriptions":{},"rmType":"GENERIC_FIELDSET","min":0,"max":1,"inputs":[],"formId":"generic-field-13299","viewConfig":{"multiplicity":{"min":0,"max":1},"advanced":{"hidden":false,"readonly":false,"hideFrame":false,"render":false},"label":{"custom":false,"useLocalizations":false},"size":{"field":"inherit","label":"inherit"},"layout":{"label":{"valign":"inherit","align":"inherit"},"field":{"valign":"inherit","align":"inherit"}},"annotations":{},"field":{"formId":null,"name":null}},"children":[{"name":"Mageomkrets","localizedName":"Mageomkrets","localizedNames":{"en":"Waist circumference","nb":"Mageomkrets"},"localizedDescriptions":{"nb":"Målingen er avstanden rundt midjen rett over hoftekammen.","en":"*Målingen er avstanden rundt midjen rett over hoftekammen. (nb)"},"rmType":"DV_QUANTITY","nodeId":"at0004","min":1,"max":1,"aqlPath":"/content[openEHR-EHR-OBSERVATION.waist_circumference_dips.v1]/data[at0001]/events[at0010]/data[at0003]/items[at0004]/value","inputs":[{"suffix":"magnitude","type":"DECIMAL","defaultValue":"","listOpen":false},{"suffix":"unit","type":"CODED_TEXT","list":[{"value":"cm","label":"cm","validation":{"range":{"minOp":">=","min":0.0,"maxOp":"<=","max":400.0},"precision":{"minOp":">=","min":1.0,"maxOp":"<=","max":1.0}},"ordinal":0,"localizedLabels":{},"localizedDescriptions":{}}],"listOpen":false}],"formId":"vekstkurve/midjeomkrets/uspesifisert_hendelse/mageomfang","viewConfig":{"multiplicity":{"min":1,"max":1},"advanced":{"hidden":false,"readonly":false,"hideFrame":false,"render":false},"label":{"custom":false,"useLocalizations":false},"size":{"field":"inherit","label":"inherit"},"layout":{"label":{"valign":"inherit","align":"inherit"},"field":{"valign":"inherit","align":"inherit"}},"annotations":{},"field":{}}},{"name":"Kommentar","localizedName":"Kommentar","localizedNames":{"en":"Comment","nb":"Kommentar"},"localizedDescriptions":{"nb":"Ytterligere detaljer om midjeomkretsen ikke spesifisert i andre felt.","en":"*Ytterligere detaljer om midjeomkretsen ikke spesifisert i andre felt. (nb)"},"rmType":"DV_TEXT","nodeId":"at0007","min":0,"max":1,"aqlPath":"/content[openEHR-EHR-OBSERVATION.waist_circumference_dips.v1]/data[at0001]/events[at0010]/data[at0003]/items[at0007]/value","inputs":[{"type":"TEXT","list":[],"listOpen":false}],"formId":"vekstkurve/midjeomkrets/uspesifisert_hendelse/kommentar","viewConfig":{"multiplicity":{"min":0,"max":1},"advanced":{"hidden":false,"readonly":false,"hideFrame":false,"render":false},"label":{"custom":false,"useLocalizations":false},"size":{"field":"inherit","label":"inherit"},"layout":{"label":{"valign":"inherit","align":"inherit"},"field":{"valign":"inherit","align":"inherit"}},"annotations":{},"field":{"lines":null,"input":{}},"tags":["ForceMinMultiplicity"]}}]}]},{"name":"Skjelettalder","localizedName":"Skjelettalder","localizedNames":{"en":"Bone age","nb":"Skjelettalder"},"localizedDescriptions":{"nb":"*","en":"** (nb)"},"rmType":"OBSERVATION","nodeId":"openEHR-EHR-OBSERVATION.bone_age_dips.v1","min":0,"max":1,"aqlPath":"/content[openEHR-EHR-OBSERVATION.bone_age_dips.v1]","inputs":[],"formId":"vekstkurve/skjelettalder","viewConfig":{"multiplicity":{"min":0,"max":1},"advanced":{"hidden":false,"readonly":false,"hideFrame":false,"render":false},"label":{"custom":false,"useLocalizations":false},"size":{"field":"inherit","label":"inherit"},"layout":{"label":{"valign":"inherit","align":"inherit"},"field":{"valign":"inherit","align":"inherit"}},"annotations":{},"field":{},"tags":["ForceMinMultiplicity"]},"children":[{"name":"Dato for måling","localizedName":"Dato for måling","localizedNames":{"en":"Time","nb":"Dato for måling"},"localizedDescriptions":{},"rmType":"DV_DATE_TIME","min":0,"max":1,"aqlPath":"/content[openEHR-EHR-OBSERVATION.bone_age_dips.v1]/data[at0001]/events[at0002]/time","inputs":[{"type":"DATETIME","listOpen":false}],"formId":"vekstkurve/skjelettalder/any_event/time","viewConfig":{"multiplicity":{"min":0,"max":1},"advanced":{"hidden":true,"readonly":false,"hideFrame":false,"render":false},"label":{"custom":false,"useLocalizations":false},"size":{"field":"inherit","label":"inherit"},"layout":{"label":{"valign":"inherit","align":"inherit"},"field":{"valign":"inherit","align":"inherit"}},"annotations":{"calc":"time"},"field":{"input":{"hideTime":false,"dateFormat":"","hideDate":false}}}},{"localizedNames":{"en":"*Fieldset (en)","nb":""},"localizedDescriptions":{},"rmType":"GENERIC_FIELDSET","min":0,"max":1,"inputs":[],"formId":"generic-field-92989","viewConfig":{"multiplicity":{"min":0,"max":1},"advanced":{"hidden":false,"readonly":false,"hideFrame":false,"render":false},"label":{"custom":false,"useLocalizations":false},"size":{"field":"inherit","label":"inherit"},"layout":{"label":{"valign":"inherit","align":"inherit"},"field":{"valign":"inherit","align":"inherit"}},"annotations":{},"field":{"formId":null,"name":null}},"children":[{"name":"Alder","localizedName":"Alder","localizedNames":{"en":"*År (nb)","nb":"Alder"},"localizedDescriptions":{"nb":"Bone age in years for the child at this date.","en":"*Bone age in years for the child at this date. (nb)"},"rmType":"DV_DURATION","nodeId":"at0004","min":1,"max":1,"aqlPath":"/content[openEHR-EHR-OBSERVATION.bone_age_dips.v1]/data[at0001]/events[at0002]/data[at0003]/items[at0004]/value","inputs":[{"suffix":"year","type":"INTEGER","validation":{"range":{"minOp":">","min":0.0,"maxOp":"<","max":50.0}},"listOpen":false},{"suffix":"month","type":"INTEGER","listOpen":false}],"formId":"vekstkurve/skjelettalder/any_event/år","viewConfig":{"multiplicity":{"min":1,"max":1},"advanced":{"hidden":false,"readonly":false,"hideFrame":false,"render":false},"label":{"custom":false,"useLocalizations":false},"size":{"field":"inherit","label":"inherit"},"layout":{"label":{"valign":"inherit","align":"inherit"},"field":{"valign":"inherit","align":"inherit"}},"annotations":{},"field":{"columns":"2","hidden":{"year":false,"month":false,"week":true,"day":true,"hour":true,"minute":true,"second":true}}}},{"name":"Kommentar","localizedName":"Kommentar","localizedNames":{"en":"*Kommentar (nb)","nb":"Kommentar"},"localizedDescriptions":{"nb":"*","en":"** (nb)"},"rmType":"DV_TEXT","nodeId":"at0005","min":0,"max":1,"aqlPath":"/content[openEHR-EHR-OBSERVATION.bone_age_dips.v1]/data[at0001]/events[at0002]/data[at0003]/items[at0005]/value","inputs":[{"type":"TEXT","list":[],"listOpen":false}],"formId":"vekstkurve/skjelettalder/any_event/kommentar","viewConfig":{"multiplicity":{"min":0,"max":1},"advanced":{"hidden":false,"readonly":false,"hideFrame":false,"render":false},"label":{"custom":false,"useLocalizations":false},"size":{"field":"inherit","label":"inherit"},"layout":{"label":{"valign":"inherit","align":"inherit"},"field":{"valign":"inherit","align":"inherit"}},"annotations":{},"field":{"lines":null,"input":{}},"tags":["ForceMinMultiplicity"]}}]}]},{"name":"Kjønn","localizedName":"Kjønn","localizedNames":{"en":"*Input (en)","nb":"Kjønn"},"localizedDescriptions":{},"rmType":"GENERIC_FIELD","min":0,"max":-1,"inputs":[{"type":"TEXT","list":[],"listOpen":false}],"formId":"generic-field-54956","viewConfig":{"multiplicity":{"min":0,"max":-1},"advanced":{"hidden":true,"readonly":true,"hideFrame":false,"render":false},"label":{"custom":false,"useLocalizations":false},"size":{"field":"inherit","label":"inherit"},"layout":{"label":{"valign":"inherit","align":"inherit"},"field":{"valign":"inherit","align":"inherit"}},"annotations":{"templateVariable":"[Pas.Kjonn]"},"field":{"lines":null,"input":{},"type":"DV_TEXT"}}},{"name":"Tanner-stadier","localizedName":"Tanner-stadier","localizedNames":{"en":"*Tanner stadier jente (en)","nb":"Tanner-stadier"},"localizedDescriptions":{},"rmType":"OBSERVATION","nodeId":"openEHR-EHR-OBSERVATION.tanner_dips.v1","min":0,"max":1,"aqlPath":"/content[openEHR-EHR-OBSERVATION.tanner_dips.v1 and name/value='Tanner stadier jente']","inputs":[],"formId":"vekstkurve/tanner_stadier_jente@Tanner stadier jente","viewConfig":{"multiplicity":{"min":0,"max":1},"advanced":{"hidden":false,"readonly":false,"hideFrame":false,"render":false},"label":{"custom":false,"useLocalizations":false},"size":{"field":"inherit","label":"inherit"},"layout":{"label":{"valign":"inherit","align":"inherit"},"field":{"valign":"inherit","align":"inherit"}},"annotations":{},"field":{},"tags":["ForceMinMultiplicity"]},"children":[{"name":"Dato for måling","localizedName":"Dato for måling","localizedNames":{"en":"*Time (en)","nb":"Dato for måling"},"localizedDescriptions":{},"rmType":"DV_DATE_TIME","min":0,"max":1,"aqlPath":"/content[openEHR-EHR-OBSERVATION.tanner_dips.v1 and name/value='Tanner stadier jente']/data[at0001]/events[at0002]/time","inputs":[{"type":"DATETIME","listOpen":false}],"formId":"vekstkurve/tanner_stadier_jente@Tanner stadier jente/uspesifisert_hendelse/time","viewConfig":{"multiplicity":{"min":0,"max":1},"advanced":{"hidden":true,"readonly":false,"hideFrame":false,"render":false},"label":{"custom":false,"useLocalizations":false},"size":{"field":"inherit","label":"inherit"},"layout":{"label":{"valign":"inherit","align":"inherit"},"field":{"valign":"inherit","align":"inherit"}},"annotations":{"calc":"time"},"field":{"input":{"hideTime":false,"dateFormat":"","hideDate":false}}}},{"name":"Bryst","localizedName":"Bryst","localizedNames":{"en":"*Bryst (nb)","nb":"Bryst"},"localizedDescriptions":{"nb":"Stadier for utvikling av bryst hos unge kvinner.","en":"*Stadier for utvikling av bryst hos unge kvinner. (nb)"},"rmType":"DV_CODED_TEXT","nodeId":"at0005","min":0,"max":1,"aqlPath":"/content[openEHR-EHR-OBSERVATION.tanner_dips.v1 and name/value='Tanner stadier jente']/data[at0001]/events[at0002]/data[at0003]/items[at0005]/value","inputs":[{"suffix":"code","type":"CODED_TEXT","list":[{"value":"at0012","label":"B1","ordinal":0,"localizedLabels":{"nb":"B1","en":"*B1 (nb)"},"localizedDescriptions":{"nb":"Ingen synlig brystutvikling.","en":"*Ingen synlig brystutvikling. (nb)"}},{"value":"at0013","label":"B2","ordinal":0,"localizedLabels":{"nb":"B2","en":"*B2 (nb)"},"localizedDescriptions":{"nb":"Begynnende brystutvikling, bryst og papille lett forhøyet, areolas diameter lett økt.","en":"*Begynnende brystutvikling, bryst og papille lett forhøyet, areolas diameter lett økt. (nb)"}},{"value":"at0014","label":"B3","ordinal":0,"localizedLabels":{"nb":"B3","en":"*B3 (nb)"},"localizedDescriptions":{"nb":"Videre vekst av brystet men fortsatt jevn kontur.","en":"*Videre vekst av brystet men fortsatt jevn kontur. (nb)"}},{"value":"at0015","label":"B4","ordinal":0,"localizedLabels":{"nb":"B4","en":"*B4 (nb)"},"localizedDescriptions":{"nb":"Areola og papille skilles ut som en egen kontur på brystet (hevet fra resten av brystkonturen).","en":"*Areola og papille skilles ut som en egen kontur på brystet (hevet fra resten av brystkonturen). (nb)"}},{"value":"at0016","label":"B5","ordinal":0,"localizedLabels":{"nb":"B5","en":"*B5 (nb)"},"localizedDescriptions":{"nb":"Voksen. Kun papillen er hevet ut fra resten av bryskonturen.","en":"*Voksen. Kun papillen er hevet ut fra resten av bryskonturen. (nb)"}}],"listOpen":false}],"formId":"vekstkurve/tanner_stadier_jente@Tanner stadier jente/uspesifisert_hendelse/bryst","viewConfig":{"multiplicity":{"min":0,"max":1},"advanced":{"hidden":false,"readonly":false,"hideFrame":false,"render":false},"label":{"custom":false,"useLocalizations":false},"size":{"field":"inherit","label":"inherit"},"layout":{"label":{"valign":"inherit","align":"inherit"},"field":{"valign":"inherit","align":"inherit"}},"annotations":{},"field":{"code":{"presentation":"radios","columns":"5"}}}},{"name":"Pubesbehåring","localizedName":"Pubesbehåring","localizedNames":{"en":"*Pubesbehåring (nb)","nb":"Pubesbehåring"},"localizedDescriptions":{"nb":"Stadier for utvikling av pubesbehåring hos kvinner og menn.","en":"*Stadier for utvikling av pubesbehåring hos kvinner og menn. (nb)"},"rmType":"DV_CODED_TEXT","nodeId":"at0006","min":0,"max":1,"aqlPath":"/content[openEHR-EHR-OBSERVATION.tanner_dips.v1 and name/value='Tanner stadier jente']/data[at0001]/events[at0002]/data[at0003]/items[at0006]/value","inputs":[{"suffix":"code","type":"CODED_TEXT","list":[{"value":"at0017","label":"P1","ordinal":0,"localizedLabels":{"nb":"P1","en":"*P1 (nb)"},"localizedDescriptions":{"nb":"Ingen pubesbehåring (på samme nivå som eventuell behåring på abdomen).","en":"*Ingen pubesbehåring (på samme nivå som eventuell behåring på abdomen). (nb)"}},{"value":"at0018","label":"P2","ordinal":0,"localizedLabels":{"nb":"P2","en":"*P2 (nb)"},"localizedDescriptions":{"nb":"Kvinner: Begynnende vekst av lyse, tynne, rette hår langs labia. Kan være lett å overse. Menn: Sparsom vekst av lett pigmentert, rett, dunaktig hår. Hovedsakelig ved basis av penis. Kan være lett å overse.","en":"*Kvinner: Begynnende vekst av lyse, tynne, rette hår langs labia. Kan være lett å overse. Menn: Sparsom vekst av lett pigmentert, rett, dunaktig hår. Hovedsakelig ved basis av penis. Kan være lett å overse. (nb)"}},{"value":"at0019","label":"P3","ordinal":0,"localizedLabels":{"nb":"P3","en":"*P3 (nb)"},"localizedDescriptions":{"nb":"Mørkere, tykkere og mer krøllete behåring. Sparsom utbredelse opp mot abdomen.","en":"*Mørkere, tykkere og mer krøllete behåring. Sparsom utbredelse opp mot abdomen. (nb)"}},{"value":"at0020","label":"P4","ordinal":0,"localizedLabels":{"nb":"P4","en":"*P4 (nb)"},"localizedDescriptions":{"nb":"Voksen type behåring, men ubredelse er mindre. Brer seg ikke over til mediale del av låret.","en":"*Voksen type behåring, men ubredelse er mindre. Brer seg ikke over til mediale del av låret. (nb)"}},{"value":"at0021","label":"P5","ordinal":0,"localizedLabels":{"nb":"P5","en":"*P5 (nb)"},"localizedDescriptions":{"nb":"Voksen mengde og utbredelse i form av invertert triangel og behåringen kan bre seg over til mediale del av låret.","en":"*Voksen mengde og utbredelse i form av invertert triangel og behåringen kan bre seg over til mediale del av låret. (nb)"}}],"listOpen":false}],"formId":"vekstkurve/tanner_stadier_jente@Tanner stadier jente/uspesifisert_hendelse/pubesbehåring","viewConfig":{"multiplicity":{"min":0,"max":1},"advanced":{"hidden":false,"readonly":false,"hideFrame":false,"render":false},"label":{"custom":false,"useLocalizations":false},"size":{"field":"inherit","label":"inherit"},"layout":{"label":{"valign":"inherit","align":"inherit"},"field":{"valign":"inherit","align":"inherit"}},"annotations":{},"field":{"code":{"presentation":"radios","columns":"5"}}}},{"name":"Kommentar","localizedName":"Kommentar","localizedNames":{"en":"*Kommentar (nb)","nb":"Kommentar"},"localizedDescriptions":{"nb":"Ytterligere fritekst om Tanner stadiene som ikke er registrert i andre felt.","en":"*Ytterligere fritekst om Tanner stadiene som ikke er registrert i andre felt. (nb)"},"rmType":"DV_TEXT","nodeId":"at0027","min":0,"max":1,"aqlPath":"/content[openEHR-EHR-OBSERVATION.tanner_dips.v1 and name/value='Tanner stadier jente']/data[at0001]/events[at0002]/data[at0003]/items[at0027]/value","inputs":[{"type":"TEXT","list":[],"listOpen":false}],"formId":"vekstkurve/tanner_stadier_jente@Tanner stadier jente/uspesifisert_hendelse/kommentar","viewConfig":{"multiplicity":{"min":0,"max":1},"advanced":{"hidden":false,"readonly":false,"hideFrame":false,"render":false},"label":{"custom":false,"useLocalizations":false},"size":{"field":"inherit","label":"inherit"},"layout":{"label":{"valign":"inherit","align":"inherit"},"field":{"valign":"inherit","align":"inherit"}},"annotations":{},"field":{"lines":null,"input":{}},"tags":["ForceMinMultiplicity"]}}]},{"name":"Tanner-stadier","localizedName":"Tanner-stadier","localizedNames":{"en":"*Tanner stadier gutt (en)","nb":"Tanner-stadier"},"localizedDescriptions":{},"rmType":"OBSERVATION","nodeId":"openEHR-EHR-OBSERVATION.tanner_dips.v1","min":0,"max":1,"aqlPath":"/content[openEHR-EHR-OBSERVATION.tanner_dips.v1 and name/value='Tanner stadier gutt']","inputs":[],"formId":"vekstkurve/tanner_stadier_gutt@Tanner stadier gutt","viewConfig":{"multiplicity":{"min":0,"max":1},"advanced":{"hidden":false,"readonly":false,"hideFrame":false,"render":false},"label":{"custom":false,"useLocalizations":false},"size":{"field":"inherit","label":"inherit"},"layout":{"label":{"valign":"inherit","align":"inherit"},"field":{"valign":"inherit","align":"inherit"}},"annotations":{},"field":{},"tags":["ForceMinMultiplicity"]},"children":[{"name":"Dato for måling","localizedName":"Dato for måling","localizedNames":{"en":"*Time (en)","nb":"Dato for måling"},"localizedDescriptions":{},"rmType":"DV_DATE_TIME","min":0,"max":1,"aqlPath":"/content[openEHR-EHR-OBSERVATION.tanner_dips.v1 and name/value='Tanner stadier gutt']/data[at0001]/events[at0002]/time","inputs":[{"type":"DATETIME","listOpen":false}],"formId":"vekstkurve/tanner_stadier_gutt@Tanner stadier gutt/uspesifisert_hendelse/time","viewConfig":{"multiplicity":{"min":0,"max":1},"advanced":{"hidden":true,"readonly":false,"hideFrame":false,"render":false},"label":{"custom":false,"useLocalizations":false},"size":{"field":"inherit","label":"inherit"},"layout":{"label":{"valign":"inherit","align":"inherit"},"field":{"valign":"inherit","align":"inherit"}},"annotations":{"calc":"time"},"field":{"input":{"hideTime":false,"dateFormat":"","hideDate":false}}}},{"name":"Genitalia","localizedName":"Genitalia","localizedNames":{"en":"*Genitalia (nb)","nb":"Genitalia"},"localizedDescriptions":{"nb":"Stadier for utvikling av mannlige genitalia.","en":"*Stadier for utvikling av mannlige genitalia. (nb)"},"rmType":"DV_CODED_TEXT","nodeId":"at0004","min":0,"max":1,"aqlPath":"/content[openEHR-EHR-OBSERVATION.tanner_dips.v1 and name/value='Tanner stadier gutt']/data[at0001]/events[at0002]/data[at0003]/items[at0004]/value","inputs":[{"suffix":"code","type":"CODED_TEXT","list":[{"value":"at0007","label":"G1","ordinal":0,"localizedLabels":{"nb":"G1","en":"*G1 (nb)"},"localizedDescriptions":{"nb":"Testikler, skrotum og penis slik som i tidlig barndom.","en":"*Testikler, skrotum og penis slik som i tidlig barndom. (nb)"}},{"value":"at0008","label":"G2","ordinal":0,"localizedLabels":{"nb":"G2","en":"*G2 (nb)"},"localizedDescriptions":{"nb":"Skrotum og testikler har vokst og teksturen av skrotumhud er grovere.","en":"*Skrotum og testikler har vokst og teksturen av skrotumhud er grovere. (nb)"}},{"value":"at0009","label":"G3","ordinal":0,"localizedLabels":{"nb":"G3","en":"*G3 (nb)"},"localizedDescriptions":{"nb":"Penis har vokst, mest i lengden. Skrotum og testikler har vokst ytterligere.","en":"*Penis har vokst, mest i lengden. Skrotum og testikler har vokst ytterligere. (nb)"}},{"value":"at0010","label":"G4","ordinal":0,"localizedLabels":{"nb":"G4","en":"*G4 (nb)"},"localizedDescriptions":{"nb":"Penis har vokst i lengde og tykkelse. Begynnende utvikling av glans. Testes og skrotum vokser videre og skrotal hud er mørkere.","en":"*Penis har vokst i lengde og tykkelse. Begynnende utvikling av glans. Testes og skrotum vokser videre og skrotal hud er mørkere. (nb)"}},{"value":"at0011","label":"G5","ordinal":0,"localizedLabels":{"nb":"G5","en":"*G5 (nb)"},"localizedDescriptions":{"nb":"Voksent utseende på genitalia.","en":"*Voksent utseende på genitalia. (nb)"}}],"listOpen":false}],"formId":"vekstkurve/tanner_stadier_gutt@Tanner stadier gutt/uspesifisert_hendelse/genitalia","viewConfig":{"multiplicity":{"min":0,"max":1},"advanced":{"hidden":false,"readonly":false,"hideFrame":false,"render":false},"label":{"custom":false,"useLocalizations":false},"size":{"field":"inherit","label":"inherit"},"layout":{"label":{"valign":"inherit","align":"inherit"},"field":{"valign":"inherit","align":"inherit"}},"annotations":{},"field":{"code":{"presentation":"radios","columns":"5"}}}},{"name":"Pubesbehåring","localizedName":"Pubesbehåring","localizedNames":{"en":"*Pubesbehåring (nb)","nb":"Pubesbehåring"},"localizedDescriptions":{"nb":"Stadier for utvikling av pubesbehåring hos kvinner og menn.","en":"*Stadier for utvikling av pubesbehåring hos kvinner og menn. (nb)"},"rmType":"DV_CODED_TEXT","nodeId":"at0006","min":0,"max":1,"aqlPath":"/content[openEHR-EHR-OBSERVATION.tanner_dips.v1 and name/value='Tanner stadier gutt']/data[at0001]/events[at0002]/data[at0003]/items[at0006]/value","inputs":[{"suffix":"code","type":"CODED_TEXT","list":[{"value":"at0017","label":"P1","ordinal":0,"localizedLabels":{"nb":"P1","en":"*P1 (nb)"},"localizedDescriptions":{"nb":"Ingen pubesbehåring (på samme nivå som eventuell behåring på abdomen).","en":"*Ingen pubesbehåring (på samme nivå som eventuell behåring på abdomen). (nb)"}},{"value":"at0018","label":"P2","ordinal":0,"localizedLabels":{"nb":"P2","en":"*P2 (nb)"},"localizedDescriptions":{"nb":"Kvinner: Begynnende vekst av lyse, tynne, rette hår langs labia. Kan være lett å overse. Menn: Sparsom vekst av lett pigmentert, rett, dunaktig hår. Hovedsakelig ved basis av penis. Kan være lett å overse.","en":"*Kvinner: Begynnende vekst av lyse, tynne, rette hår langs labia. Kan være lett å overse. Menn: Sparsom vekst av lett pigmentert, rett, dunaktig hår. Hovedsakelig ved basis av penis. Kan være lett å overse. (nb)"}},{"value":"at0019","label":"P3","ordinal":0,"localizedLabels":{"nb":"P3","en":"*P3 (nb)"},"localizedDescriptions":{"nb":"Mørkere, tykkere og mer krøllete behåring. Sparsom utbredelse opp mot abdomen.","en":"*Mørkere, tykkere og mer krøllete behåring. Sparsom utbredelse opp mot abdomen. (nb)"}},{"value":"at0020","label":"P4","ordinal":0,"localizedLabels":{"nb":"P4","en":"*P4 (nb)"},"localizedDescriptions":{"nb":"Voksen type behåring, men ubredelse er mindre. Brer seg ikke over til mediale del av låret.","en":"*Voksen type behåring, men ubredelse er mindre. Brer seg ikke over til mediale del av låret. (nb)"}},{"value":"at0021","label":"P5","ordinal":0,"localizedLabels":{"nb":"P5","en":"*P5 (nb)"},"localizedDescriptions":{"nb":"Voksen mengde og utbredelse i form av invertert triangel og behåringen kan bre seg over til mediale del av låret.","en":"*Voksen mengde og utbredelse i form av invertert triangel og behåringen kan bre seg over til mediale del av låret. (nb)"}}],"listOpen":false}],"formId":"vekstkurve/tanner_stadier_gutt@Tanner stadier gutt/uspesifisert_hendelse/pubesbehåring","viewConfig":{"multiplicity":{"min":0,"max":1},"advanced":{"hidden":false,"readonly":false,"hideFrame":false,"render":false},"label":{"custom":false,"useLocalizations":false},"size":{"field":"inherit","label":"inherit"},"layout":{"label":{"valign":"inherit","align":"inherit"},"field":{"valign":"inherit","align":"inherit"}},"annotations":{},"field":{"code":{"presentation":"radios","columns":"5"}}}},{"name":"Kommentar","localizedName":"Kommentar","localizedNames":{"en":"*Kommentar (nb)","nb":"Kommentar"},"localizedDescriptions":{"nb":"Ytterligere fritekst om Tanner stadiene som ikke er registrert i andre felt.","en":"*Ytterligere fritekst om Tanner stadiene som ikke er registrert i andre felt. (nb)"},"rmType":"DV_TEXT","nodeId":"at0027","min":0,"max":1,"aqlPath":"/content[openEHR-EHR-OBSERVATION.tanner_dips.v1 and name/value='Tanner stadier gutt']/data[at0001]/events[at0002]/data[at0003]/items[at0027]/value","inputs":[{"type":"TEXT","list":[],"listOpen":false}],"formId":"vekstkurve/tanner_stadier_gutt@Tanner stadier gutt/uspesifisert_hendelse/kommentar","viewConfig":{"multiplicity":{"min":0,"max":1},"advanced":{"hidden":false,"readonly":false,"hideFrame":false,"render":false},"label":{"custom":false,"useLocalizations":false},"size":{"field":"inherit","label":"inherit"},"layout":{"label":{"valign":"inherit","align":"inherit"},"field":{"valign":"inherit","align":"inherit"}},"annotations":{},"field":{"lines":null,"input":{}},"tags":["ForceMinMultiplicity"]}}]},{"name":"Testikkelvolum","localizedName":"Testikkelvolum","localizedNames":{"en":"Testicle volume","nb":"Testikkelvolum"},"localizedDescriptions":{"nb":"Testiklenens volum enten målt eller utregnet.","en":"*Testiklenens volum enten målt eller utregnet. (nb)"},"rmType":"OBSERVATION","nodeId":"openEHR-EHR-OBSERVATION.testicular_volume_dips.v1","min":0,"max":2,"aqlPath":"/content[openEHR-EHR-OBSERVATION.testicular_volume_dips.v1]","inputs":[],"formId":"vekstkurve/testikkelvolum","viewConfig":{"multiplicity":{"min":0,"max":2},"advanced":{"hidden":false,"readonly":false,"hideFrame":false,"render":false},"label":{"custom":false,"useLocalizations":false},"size":{"field":"inherit","label":"inherit"},"layout":{"label":{"valign":"inherit","align":"inherit"},"field":{"valign":"inherit","align":"inherit"}},"annotations":{},"field":{},"tags":["ForceMinMultiplicity"]},"children":[{"name":"Dato for måling","localizedName":"Dato for måling","localizedNames":{"en":"Time","nb":"Dato for måling"},"localizedDescriptions":{},"rmType":"DV_DATE_TIME","min":0,"max":1,"aqlPath":"/content[openEHR-EHR-OBSERVATION.testicular_volume_dips.v1]/data[at0001]/events[at0002]/time","inputs":[{"type":"DATETIME","listOpen":false}],"formId":"vekstkurve/testikkelvolum/uspesifisert_hendelse/time","viewConfig":{"multiplicity":{"min":0,"max":1},"advanced":{"hidden":true,"readonly":false,"hideFrame":false,"render":false},"label":{"custom":false,"useLocalizations":false},"size":{"field":"inherit","label":"inherit"},"layout":{"label":{"valign":"inherit","align":"inherit"},"field":{"valign":"inherit","align":"inherit"}},"annotations":{"calc":"time"},"field":{"input":{"hideTime":false,"dateFormat":"","hideDate":false}}}},{"name":"Testikkelvolum","localizedName":"Testikkelvolum","localizedNames":{"en":"*Testikkelvolum (nb)","nb":"Testikkelvolum"},"localizedDescriptions":{"nb":"Målt eller utregnet testikkelvolum.","en":"*Målt eller utregnet testikkelvolum. (nb)"},"rmType":"DV_QUANTITY","nodeId":"at0010","min":1,"max":1,"aqlPath":"/content[openEHR-EHR-OBSERVATION.testicular_volume_dips.v1]/data[at0001]/events[at0002]/data[at0003]/items[at0010]/value","inputs":[{"suffix":"magnitude","type":"DECIMAL","defaultValue":"","listOpen":false},{"suffix":"unit","type":"CODED_TEXT","list":[{"value":"ml","label":"ml","validation":{"range":{"minOp":">=","min":0.0,"maxOp":"<"},"precision":{"minOp":">=","min":2.0,"maxOp":"<=","max":2.0}},"ordinal":0,"localizedLabels":{},"localizedDescriptions":{}}],"listOpen":false}],"formId":"vekstkurve/testikkelvolum/uspesifisert_hendelse/testikkelvolum","viewConfig":{"multiplicity":{"min":1,"max":1},"advanced":{"hidden":false,"readonly":false,"hideFrame":false,"render":false},"label":{"custom":false,"useLocalizations":false},"size":{"field":"inherit","label":"inherit"},"layout":{"label":{"valign":"inherit","align":"inherit"},"field":{"valign":"inherit","align":"inherit"}},"annotations":{},"field":{}}},{"name":"Kroppssted","localizedName":"Kroppssted","localizedNames":{"en":"*Kroppssted (nb)","nb":"Kroppssted"},"localizedDescriptions":{"nb":"Testikkelen som ble målt.","en":"*Testikkelen som ble målt. (nb)"},"rmType":"DV_CODED_TEXT","nodeId":"","min":1,"max":1,"aqlPath":"/content[openEHR-EHR-OBSERVATION.testicular_volume_dips.v1]/data[at0001]/events[at0002]/data[at0003]/items[at0016]/value","inputs":[{"suffix":"code","type":"CODED_TEXT","list":[{"value":"at0017","label":"Venstre testikkel","ordinal":0,"localizedLabels":{"nb":"Venstre testikkel","en":"*Venstre testikkel (nb)"},"localizedDescriptions":{"nb":"Måling av venstre testikkel.","en":"*Måling av venstre testikkel. (nb)"}},{"value":"at0018","label":"Høyre testikkel","ordinal":0,"localizedLabels":{"nb":"Høyre testikkel","en":"*Høyre testikkel (nb)"},"localizedDescriptions":{"nb":"Måling av høyre testikkel.","en":"*Måling av høyre testikkel. (nb)"}}],"listOpen":false}],"formId":"vekstkurve/testikkelvolum/uspesifisert_hendelse/kroppssted/value","viewConfig":{"multiplicity":{"min":1,"max":1},"advanced":{"hidden":false,"readonly":false,"hideFrame":false,"render":false},"label":{"custom":false,"useLocalizations":false},"size":{"field":"inherit","label":"inherit"},"layout":{"label":{"valign":"inherit","align":"inherit"},"field":{"valign":"inherit","align":"inherit"}},"annotations":{},"field":{"code":{"presentation":"radios","columns":"2"}}}},{"name":"Kommentar","localizedName":"Kommentar","localizedNames":{"en":"Comment","nb":"Kommentar"},"localizedDescriptions":{"nb":"Ytterligere fritekst om målingen som ikke er dekket av andre felt.","en":"*Ytterligere fritekst om målingen som ikke er dekket av andre felt. (nb)"},"rmType":"DV_TEXT","nodeId":"at0005","min":0,"max":1,"aqlPath":"/content[openEHR-EHR-OBSERVATION.testicular_volume_dips.v1]/data[at0001]/events[at0002]/data[at0003]/items[at0005]/value","inputs":[{"type":"TEXT","list":[],"listOpen":false}],"formId":"vekstkurve/testikkelvolum/uspesifisert_hendelse/kommentar","viewConfig":{"multiplicity":{"min":0,"max":1},"advanced":{"hidden":false,"readonly":false,"hideFrame":false,"render":false},"label":{"custom":false,"useLocalizations":false},"size":{"field":"inherit","label":"inherit"},"layout":{"label":{"valign":"inherit","align":"inherit"},"field":{"valign":"inherit","align":"inherit"}},"annotations":{},"field":{"lines":null,"input":{}},"tags":["ForceMinMultiplicity"]}},{"name":"Metode","localizedName":"Metode","localizedNames":{"en":"*Metode (nb)","nb":"Metode"},"localizedDescriptions":{"nb":"Metoden som ble benyttet for å måle testiklene.","en":"*Metoden som ble benyttet for å måle testiklene. (nb)"},"rmType":"DV_TEXT","nodeId":"at0013","min":0,"max":1,"aqlPath":"/content[openEHR-EHR-OBSERVATION.testicular_volume_dips.v1]/protocol[at0006]/items[at0013]/value","inputs":[{"type":"TEXT","list":[],"defaultValue":"Palpasjon","listOpen":false}],"formId":"vekstkurve/testikkelvolum/metode","viewConfig":{"multiplicity":{"min":0,"max":1},"advanced":{"hidden":true,"readonly":false,"hideFrame":false,"render":false},"label":{"custom":false,"useLocalizations":false},"size":{"field":"inherit","label":"inherit"},"layout":{"label":{"valign":"inherit","align":"inherit"},"field":{"valign":"inherit","align":"inherit"}},"annotations":{},"field":{"lines":null,"input":{}}}}]},{"name":"Subscapulær hudfold","localizedName":"Subscapulær hudfold","localizedNames":{"en":"*Subscapulær hudfold (nb)","nb":"Subscapulær hudfold"},"localizedDescriptions":{"nb":"Brukes for å måle subskapulær hudfold.","en":"*Brukes for å måle subskapulær hudfold. (nb)"},"rmType":"OBSERVATION","nodeId":"openEHR-EHR-OBSERVATION.subscapular_skinfold_dips.v0","min":0,"max":1,"aqlPath":"/content[openEHR-EHR-OBSERVATION.subscapular_skinfold_dips.v0]","inputs":[],"formId":"vekstkurve/subscapulær_hudfold","viewConfig":{"multiplicity":{"min":0,"max":1},"advanced":{"hidden":false,"readonly":false,"hideFrame":false,"render":false},"label":{"custom":false,"useLocalizations":false},"size":{"field":"inherit","label":"inherit"},"layout":{"label":{"valign":"inherit","align":"inherit"},"field":{"valign":"inherit","align":"inherit"}},"annotations":{},"field":{},"tags":["ForceMinMultiplicity"]},"children":[{"name":"Dato for måling","localizedName":"Dato for måling","localizedNames":{"en":"*Time (en)","nb":"Dato for måling"},"localizedDescriptions":{},"rmType":"DV_DATE_TIME","min":0,"max":1,"aqlPath":"/content[openEHR-EHR-OBSERVATION.subscapular_skinfold_dips.v0]/data[at0001]/events[at0002]/time","inputs":[{"type":"DATETIME","listOpen":false}],"formId":"vekstkurve/subscapulær_hudfold/any_event/time","viewConfig":{"multiplicity":{"min":0,"max":1},"advanced":{"hidden":true,"readonly":false,"hideFrame":false,"render":false},"label":{"custom":false,"useLocalizations":false},"size":{"field":"inherit","label":"inherit"},"layout":{"label":{"valign":"inherit","align":"inherit"},"field":{"valign":"inherit","align":"inherit"}},"annotations":{"calc":"time"},"field":{"input":{"hideTime":false,"dateFormat":"","hideDate":false}}}},{"localizedNames":{"en":"*Fieldset (en)","nb":""},"localizedDescriptions":{},"rmType":"GENERIC_FIELDSET","min":0,"max":1,"inputs":[],"formId":"generic-field-59879","viewConfig":{"multiplicity":{"min":0,"max":1},"advanced":{"hidden":false,"readonly":false,"hideFrame":false,"render":false},"label":{"custom":false,"useLocalizations":false},"size":{"field":"inherit","label":"inherit"},"layout":{"label":{"valign":"inherit","align":"inherit"},"field":{"valign":"inherit","align":"inherit"}},"annotations":{},"field":{"formId":null,"name":null}},"children":[{"name":"Subskapulær hudfold","localizedName":"Subskapulær hudfold","localizedNames":{"en":"*Subskapulær hudfold (nb)","nb":"Subskapulær hudfold"},"localizedDescriptions":{"nb":"Finn nedre hjørne av skulderbladet (angulus inferior scapulae). Merk et punkt som ligger 2 cm nedenfor i 45 graders vinkel mot midten av ryggen. Dra ut en hudfold mellom tommel og pekefinger tilsvarende dette punktet. Hudfoldmåleren holdes i 90 grader mot kroppsoverflaten og man måler 1 cm nedenfor punktet man har merket.","en":"*Finn nedre hjørne av skulderbladet (angulus inferior scapulae). Merk et punkt som ligger 2 cm nedenfor i 45 graders vinkel mot midten av ryggen. Dra ut en hudfold mellom tommel og pekefinger tilsvarende dette punktet. Hudfoldmåleren holdes i 90 grader mot kroppsoverflaten og man måler 1 cm nedenfor punktet man har merket. (nb)"},"rmType":"DV_QUANTITY","nodeId":"at0004","min":1,"max":1,"aqlPath":"/content[openEHR-EHR-OBSERVATION.subscapular_skinfold_dips.v0]/data[at0001]/events[at0002]/data[at0003]/items[at0004]/value","inputs":[{"suffix":"magnitude","type":"DECIMAL","defaultValue":"","listOpen":false},{"suffix":"unit","type":"CODED_TEXT","list":[{"value":"mm","label":"mm","validation":{"range":{"minOp":">=","min":0.0,"maxOp":"<=","max":500.0}},"ordinal":0,"localizedLabels":{},"localizedDescriptions":{}}],"listOpen":false}],"formId":"vekstkurve/subscapulær_hudfold/any_event/subskapulær_hudfold","viewConfig":{"multiplicity":{"min":1,"max":1},"advanced":{"hidden":false,"readonly":false,"hideFrame":false,"render":false},"label":{"custom":false,"useLocalizations":false},"size":{"field":"inherit","label":"inherit"},"layout":{"label":{"valign":"inherit","align":"inherit"},"field":{"valign":"inherit","align":"inherit"}},"annotations":{},"field":{}}},{"name":"Kommentar","localizedName":"Kommentar","localizedNames":{"en":"*Kommentar (nb)","nb":"Kommentar"},"localizedDescriptions":{"nb":"Kommentar til målingen.","en":"*Kommentar til målingen. (nb)"},"rmType":"DV_TEXT","nodeId":"at0005","min":0,"max":1,"aqlPath":"/content[openEHR-EHR-OBSERVATION.subscapular_skinfold_dips.v0]/data[at0001]/events[at0002]/data[at0003]/items[at0005]/value","inputs":[{"type":"TEXT","list":[],"listOpen":false}],"formId":"vekstkurve/subscapulær_hudfold/any_event/kommentar","viewConfig":{"multiplicity":{"min":0,"max":1},"advanced":{"hidden":false,"readonly":false,"hideFrame":false,"render":false},"label":{"custom":false,"useLocalizations":false},"size":{"field":"inherit","label":"inherit"},"layout":{"label":{"valign":"inherit","align":"inherit"},"field":{"valign":"inherit","align":"inherit"}},"annotations":{},"field":{"lines":null,"input":{}},"tags":["ForceMinMultiplicity"]}}]}]},{"name":"Tricepshudfold","localizedName":"Tricepshudfold","localizedNames":{"en":"*Tricepshudfold (nb)","nb":"Tricepshudfold"},"localizedDescriptions":{"nb":"Brukes for å registrere måling av tricepshudfold.","en":"*Brukes for å registrere måling av tricepshudfold. (nb)"},"rmType":"OBSERVATION","nodeId":"openEHR-EHR-OBSERVATION.triceps_skinfold_dips.v0","min":0,"max":1,"aqlPath":"/content[openEHR-EHR-OBSERVATION.triceps_skinfold_dips.v0]","inputs":[],"formId":"vekstkurve/tricepshudfold","viewConfig":{"multiplicity":{"min":0,"max":1},"advanced":{"hidden":false,"readonly":false,"hideFrame":false,"render":false},"label":{"custom":false,"useLocalizations":false},"size":{"field":"inherit","label":"inherit"},"layout":{"label":{"valign":"inherit","align":"inherit"},"field":{"valign":"inherit","align":"inherit"}},"annotations":{},"field":{},"tags":["ForceMinMultiplicity"]},"children":[{"name":"Dato for måling","localizedName":"Dato for måling","localizedNames":{"en":"*Time (en)","nb":"Dato for måling"},"localizedDescriptions":{},"rmType":"DV_DATE_TIME","min":0,"max":1,"aqlPath":"/content[openEHR-EHR-OBSERVATION.triceps_skinfold_dips.v0]/data[at0001]/events[at0002]/time","inputs":[{"type":"DATETIME","listOpen":false}],"formId":"vekstkurve/tricepshudfold/any_event/time","viewConfig":{"multiplicity":{"min":0,"max":1},"advanced":{"hidden":true,"readonly":false,"hideFrame":false,"render":false},"label":{"custom":false,"useLocalizations":false},"size":{"field":"inherit","label":"inherit"},"layout":{"label":{"valign":"inherit","align":"inherit"},"field":{"valign":"inherit","align":"inherit"}},"annotations":{"calc":"time"},"field":{"input":{"hideTime":false,"dateFormat":"","hideDate":false}}}},{"localizedNames":{"en":"*Fieldset (en)","nb":""},"localizedDescriptions":{},"rmType":"GENERIC_FIELDSET","min":0,"max":1,"inputs":[],"formId":"generic-field-15187","viewConfig":{"multiplicity":{"min":0,"max":1},"advanced":{"hidden":false,"readonly":false,"hideFrame":false,"render":false},"label":{"custom":false,"useLocalizations":false},"size":{"field":"inherit","label":"inherit"},"layout":{"label":{"valign":"inherit","align":"inherit"},"field":{"valign":"inherit","align":"inherit"}},"annotations":{},"field":{"formId":null,"name":null}},"children":[{"name":"Tricepshudfold","localizedName":"Tricepshudfold","localizedNames":{"en":"*Tricepshudfold (nb)","nb":"Tricepshudfold"},"localizedDescriptions":{"nb":"Finn den øverste kanten av spolebeinet (caput radii) og det ytre fremspringet av skulderbladet (acromion scapulae) og merk disse punktene. Mål avstanden mellom disse og merk av midtpunktet på baksiden av overarmen. Dra ut en hudfold mellom tommel og pekefinger tilsvarende dette punktet. Hudfoldmåleren holdes i 90 grader mot hudfoldene, i armens lengderetning, og settes på 1 cm nedenfor punktet man har merket.","en":"*Finn den øverste kanten av spolebeinet (caput radii) og det ytre fremspringet av skulderbladet (acromion scapulae) og merk disse punktene. Mål avstanden mellom disse og merk av midtpunktet på baksiden av overarmen. Dra ut en hudfold mellom tommel og pekefinger tilsvarende dette punktet. Hudfoldmåleren holdes i 90 grader mot hudfoldene, i armens lengderetning, og settes på 1 cm nedenfor punktet man har merket. (nb)"},"rmType":"DV_QUANTITY","nodeId":"at0004","min":1,"max":1,"aqlPath":"/content[openEHR-EHR-OBSERVATION.triceps_skinfold_dips.v0]/data[at0001]/events[at0002]/data[at0003]/items[at0004]/value","inputs":[{"suffix":"magnitude","type":"DECIMAL","defaultValue":"","listOpen":false},{"suffix":"unit","type":"CODED_TEXT","list":[{"value":"mm","label":"mm","validation":{"range":{"minOp":">=","min":0.0,"maxOp":"<=","max":500.0}},"ordinal":0,"localizedLabels":{},"localizedDescriptions":{}}],"listOpen":false}],"formId":"vekstkurve/tricepshudfold/any_event/tricepshudfold","viewConfig":{"multiplicity":{"min":1,"max":1},"advanced":{"hidden":false,"readonly":false,"hideFrame":false,"render":false},"label":{"custom":false,"useLocalizations":false},"size":{"field":"inherit","label":"inherit"},"layout":{"label":{"valign":"inherit","align":"inherit"},"field":{"valign":"inherit","align":"inherit"}},"annotations":{},"field":{}}},{"name":"Kommentar","localizedName":"Kommentar","localizedNames":{"en":"*Kommentar (nb)","nb":"Kommentar"},"localizedDescriptions":{"nb":"Kommentar til målingen.","en":"*Kommentar til målingen. (nb)"},"rmType":"DV_TEXT","nodeId":"at0005","min":0,"max":1,"aqlPath":"/content[openEHR-EHR-OBSERVATION.triceps_skinfold_dips.v0]/data[at0001]/events[at0002]/data[at0003]/items[at0005]/value","inputs":[{"type":"TEXT","list":[],"listOpen":false}],"formId":"vekstkurve/tricepshudfold/any_event/kommentar","viewConfig":{"multiplicity":{"min":0,"max":1},"advanced":{"hidden":false,"readonly":false,"hideFrame":false,"render":false},"label":{"custom":false,"useLocalizations":false},"size":{"field":"inherit","label":"inherit"},"layout":{"label":{"valign":"inherit","align":"inherit"},"field":{"valign":"inherit","align":"inherit"}},"annotations":{},"field":{"lines":null,"input":{}},"tags":["ForceMinMultiplicity"]}}]}]},{"name":"Sittehøyde","localizedName":"Sittehøyde","localizedNames":{"en":"Sitting height","nb":"Sittehøyde"},"localizedDescriptions":{},"rmType":"OBSERVATION","nodeId":"openEHR-EHR-OBSERVATION.body_segment_dips.v1","min":0,"max":1,"aqlPath":"/content[openEHR-EHR-OBSERVATION.body_segment_dips.v1 and name/value='SittingHeight']","inputs":[],"formId":"vekstkurve/sittingheight@SittingHeight","viewConfig":{"multiplicity":{"min":0,"max":1},"advanced":{"hidden":false,"readonly":false,"hideFrame":false,"render":false},"label":{"custom":false,"useLocalizations":false},"size":{"field":"inherit","label":"inherit"},"layout":{"label":{"valign":"inherit","align":"inherit"},"field":{"valign":"inherit","align":"inherit"}},"annotations":{},"field":{},"tags":["ForceMinMultiplicity"]},"children":[{"name":"Dato for måling","localizedName":"Dato for måling","localizedNames":{"en":"*Time (en)","nb":"Dato for måling"},"localizedDescriptions":{},"rmType":"DV_DATE_TIME","min":0,"max":1,"aqlPath":"/content[openEHR-EHR-OBSERVATION.body_segment_dips.v1 and name/value='SittingHeight']/data[at0001]/events[at0002]/time","inputs":[{"type":"DATETIME","listOpen":false}],"formId":"vekstkurve/sittingheight@SittingHeight/uspesifisert_hendelse/time","viewConfig":{"multiplicity":{"min":0,"max":1},"advanced":{"hidden":true,"readonly":false,"hideFrame":false,"render":false},"label":{"custom":false,"useLocalizations":false},"size":{"field":"inherit","label":"inherit"},"layout":{"label":{"valign":"inherit","align":"inherit"},"field":{"valign":"inherit","align":"inherit"}},"annotations":{"calc":"time"},"field":{"input":{"hideTime":false,"dateFormat":"","hideDate":false}}}},{"localizedNames":{"en":"*Fieldset (en)","nb":""},"localizedDescriptions":{},"rmType":"GENERIC_FIELDSET","min":0,"max":1,"inputs":[],"formId":"generic-field-73982","viewConfig":{"multiplicity":{"min":0,"max":1},"advanced":{"hidden":false,"readonly":false,"hideFrame":false,"render":false},"label":{"custom":false,"useLocalizations":false},"size":{"field":"inherit","label":"inherit"},"layout":{"label":{"valign":"inherit","align":"inherit"},"field":{"valign":"inherit","align":"inherit"}},"annotations":{},"field":{"formId":null,"name":null}},"children":[{"name":"Sittende høyde","localizedName":"Sittende høyde","localizedNames":{"en":"*Sittende høyde (en)","nb":"Sittende høyde"},"localizedDescriptions":{},"rmType":"DV_QUANTITY","nodeId":"at0013","min":1,"max":1,"aqlPath":"/content[openEHR-EHR-OBSERVATION.body_segment_dips.v1 and name/value='SittingHeight']/data[at0001]/events[at0002]/data[at0003]/items[at0013 and name/value='Sittende høyde']/value","inputs":[{"suffix":"magnitude","type":"DECIMAL","defaultValue":"","listOpen":false},{"suffix":"unit","type":"CODED_TEXT","list":[{"value":"cm","label":"cm","validation":{"range":{"minOp":">=","min":0.0,"maxOp":"<"},"precision":{"minOp":">=","min":1.0,"maxOp":"<=","max":1.0}},"ordinal":0,"localizedLabels":{},"localizedDescriptions":{}}],"listOpen":false}],"formId":"vekstkurve/sittingheight@SittingHeight/uspesifisert_hendelse/høyde@Sittende høyde","viewConfig":{"multiplicity":{"min":1,"max":1},"advanced":{"hidden":false,"readonly":false,"hideFrame":false,"render":false},"label":{"custom":false,"useLocalizations":false},"size":{"field":"inherit","label":"inherit"},"layout":{"label":{"valign":"inherit","align":"inherit"},"field":{"valign":"inherit","align":"inherit"}},"annotations":{},"field":{}}},{"name":"Kommentar","localizedName":"Kommentar","localizedNames":{"en":"Comment","nb":"Kommentar"},"localizedDescriptions":{"nb":"Tilleggsinformasjon om målingene som ikke fanges opp i dataelementene for måling","en":"*Tilleggsinformasjon om målingene som ikke fanges opp i dataelementene for måling (nb)"},"rmType":"DV_TEXT","nodeId":"at0025","min":0,"max":1,"aqlPath":"/content[openEHR-EHR-OBSERVATION.body_segment_dips.v1 and name/value='SittingHeight']/data[at0001]/events[at0002]/data[at0003]/items[at0025]/value","inputs":[{"type":"TEXT","list":[],"listOpen":false}],"formId":"vekstkurve/sittingheight@SittingHeight/uspesifisert_hendelse/kommentar","viewConfig":{"multiplicity":{"min":0,"max":1},"advanced":{"hidden":false,"readonly":false,"hideFrame":false,"render":false},"label":{"custom":false,"useLocalizations":false},"size":{"field":"inherit","label":"inherit"},"layout":{"label":{"valign":"inherit","align":"inherit"},"field":{"valign":"inherit","align":"inherit"}},"annotations":{},"field":{"lines":null,"input":{}},"tags":["ForceMinMultiplicity"]}}]}]},{"name":"Armspenn","localizedName":"Armspenn","localizedNames":{"en":"Armspan","nb":"Armspenn"},"localizedDescriptions":{},"rmType":"OBSERVATION","nodeId":"openEHR-EHR-OBSERVATION.body_segment_dips.v1","min":0,"max":1,"aqlPath":"/content[openEHR-EHR-OBSERVATION.body_segment_dips.v1 and name/value='Armspan']","inputs":[],"formId":"vekstkurve/armspan@Armspan","viewConfig":{"multiplicity":{"min":0,"max":1},"advanced":{"hidden":false,"readonly":false,"hideFrame":false,"render":false},"label":{"custom":false,"useLocalizations":false},"size":{"field":"inherit","label":"inherit"},"layout":{"label":{"valign":"inherit","align":"inherit"},"field":{"valign":"inherit","align":"inherit"}},"annotations":{},"field":{},"tags":["ForceMinMultiplicity"]},"children":[{"name":"Dato for måling","localizedName":"Dato for måling","localizedNames":{"en":"Time","nb":"Dato for måling"},"localizedDescriptions":{},"rmType":"DV_DATE_TIME","min":0,"max":1,"aqlPath":"/content[openEHR-EHR-OBSERVATION.body_segment_dips.v1 and name/value='Armspan']/data[at0001]/events[at0002]/time","inputs":[{"type":"DATETIME","listOpen":false}],"formId":"vekstkurve/armspan@Armspan/uspesifisert_hendelse/time","viewConfig":{"multiplicity":{"min":0,"max":1},"advanced":{"hidden":true,"readonly":false,"hideFrame":false,"render":false},"label":{"custom":false,"useLocalizations":false},"size":{"field":"inherit","label":"inherit"},"layout":{"label":{"valign":"inherit","align":"inherit"},"field":{"valign":"inherit","align":"inherit"}},"annotations":{"calc":"time"},"field":{"input":{"hideTime":false,"dateFormat":"","hideDate":false}}}},{"localizedNames":{"en":"*Fieldset (en)","nb":""},"localizedDescriptions":{},"rmType":"GENERIC_FIELDSET","min":0,"max":1,"inputs":[],"formId":"generic-field-56113","viewConfig":{"multiplicity":{"min":0,"max":1},"advanced":{"hidden":false,"readonly":false,"hideFrame":false,"render":false},"label":{"custom":false,"useLocalizations":false},"size":{"field":"inherit","label":"inherit"},"layout":{"label":{"valign":"inherit","align":"inherit"},"field":{"valign":"inherit","align":"inherit"}},"annotations":{},"field":{"formId":null,"name":null}},"children":[{"name":"Armspenn","localizedName":"Armspenn","localizedNames":{"en":"Armspan","nb":"Armspenn"},"localizedDescriptions":{},"rmType":"DV_QUANTITY","nodeId":"at0004","min":1,"max":1,"aqlPath":"/content[openEHR-EHR-OBSERVATION.body_segment_dips.v1 and name/value='Armspan']/data[at0001]/events[at0002]/data[at0003]/items[at0004 and name/value='Armspenn']/value","inputs":[{"suffix":"magnitude","type":"DECIMAL","defaultValue":"","listOpen":false},{"suffix":"unit","type":"CODED_TEXT","list":[{"value":"cm","label":"cm","validation":{"range":{"minOp":">=","min":0.0,"maxOp":"<"},"precision":{"minOp":">=","min":1.0,"maxOp":"<=","max":1.0}},"ordinal":0,"localizedLabels":{},"localizedDescriptions":{}}],"listOpen":false}],"formId":"vekstkurve/armspan@Armspan/uspesifisert_hendelse/lengde@Armspenn","viewConfig":{"multiplicity":{"min":1,"max":1},"advanced":{"hidden":false,"readonly":false,"hideFrame":false,"render":false},"label":{"custom":false,"useLocalizations":false},"size":{"field":"inherit","label":"inherit"},"layout":{"label":{"valign":"inherit","align":"inherit"},"field":{"valign":"inherit","align":"inherit"}},"annotations":{},"field":{}}},{"name":"Kommentar","localizedName":"Kommentar","localizedNames":{"en":"Comment","nb":"Kommentar"},"localizedDescriptions":{"nb":"Tilleggsinformasjon om målingene som ikke fanges opp i dataelementene for måling","en":"*Tilleggsinformasjon om målingene som ikke fanges opp i dataelementene for måling (nb)"},"rmType":"DV_TEXT","nodeId":"at0025","min":0,"max":1,"aqlPath":"/content[openEHR-EHR-OBSERVATION.body_segment_dips.v1 and name/value='Armspan']/data[at0001]/events[at0002]/data[at0003]/items[at0025]/value","inputs":[{"type":"TEXT","list":[],"listOpen":false}],"formId":"vekstkurve/armspan@Armspan/uspesifisert_hendelse/kommentar","viewConfig":{"multiplicity":{"min":0,"max":1},"advanced":{"hidden":false,"readonly":false,"hideFrame":false,"render":false},"label":{"custom":false,"useLocalizations":false},"size":{"field":"inherit","label":"inherit"},"layout":{"label":{"valign":"inherit","align":"inherit"},"field":{"valign":"inherit","align":"inherit"}},"annotations":{},"field":{"lines":null,"input":{}},"tags":["ForceMinMultiplicity"]}}]}]},{"name":"Fotlengde","localizedName":"Fotlengde","localizedNames":{"en":"Foot Length","nb":"Fotlengde"},"localizedDescriptions":{},"rmType":"OBSERVATION","nodeId":"openEHR-EHR-OBSERVATION.body_segment_dips.v1","min":0,"max":1,"aqlPath":"/content[openEHR-EHR-OBSERVATION.body_segment_dips.v1 and name/value='FootLength']","inputs":[],"formId":"vekstkurve/footlength@FootLength","viewConfig":{"multiplicity":{"min":0,"max":1},"advanced":{"hidden":false,"readonly":false,"hideFrame":false,"render":false},"label":{"custom":false,"useLocalizations":false},"size":{"field":"inherit","label":"inherit"},"layout":{"label":{"valign":"inherit","align":"inherit"},"field":{"valign":"inherit","align":"inherit"}},"annotations":{},"field":{},"tags":["ForceMinMultiplicity"]},"children":[{"name":"Dato for måling","localizedName":"Dato for måling","localizedNames":{"en":"Time","nb":"Dato for måling"},"localizedDescriptions":{},"rmType":"DV_DATE_TIME","min":0,"max":1,"aqlPath":"/content[openEHR-EHR-OBSERVATION.body_segment_dips.v1 and name/value='FootLength']/data[at0001]/events[at0002]/time","inputs":[{"type":"DATETIME","listOpen":false}],"formId":"vekstkurve/footlength@FootLength/uspesifisert_hendelse/time","viewConfig":{"multiplicity":{"min":0,"max":1},"advanced":{"hidden":true,"readonly":false,"hideFrame":false,"render":false},"label":{"custom":false,"useLocalizations":false},"size":{"field":"inherit","label":"inherit"},"layout":{"label":{"valign":"inherit","align":"inherit"},"field":{"valign":"inherit","align":"inherit"}},"annotations":{"calc":"time"},"field":{"input":{"hideTime":false,"dateFormat":"","hideDate":false}}}},{"localizedNames":{"en":"*Fieldset (en)","nb":""},"localizedDescriptions":{},"rmType":"GENERIC_FIELDSET","min":0,"max":1,"inputs":[],"formId":"generic-field-77610","viewConfig":{"multiplicity":{"min":0,"max":1},"advanced":{"hidden":false,"readonly":false,"hideFrame":false,"render":false},"label":{"custom":false,"useLocalizations":false},"size":{"field":"inherit","label":"inherit"},"layout":{"label":{"valign":"inherit","align":"inherit"},"field":{"valign":"inherit","align":"inherit"}},"annotations":{},"field":{"formId":null,"name":null}},"children":[{"name":"Fotlengde","localizedName":"Fotlengde","localizedNames":{"en":"Foot length","nb":"Fotlengde"},"localizedDescriptions":{},"rmType":"DV_QUANTITY","nodeId":"at0004","min":1,"max":1,"aqlPath":"/content[openEHR-EHR-OBSERVATION.body_segment_dips.v1 and name/value='FootLength']/data[at0001]/events[at0002]/data[at0003]/items[at0004 and name/value='Fotlengde']/value","inputs":[{"suffix":"magnitude","type":"DECIMAL","defaultValue":"","listOpen":false},{"suffix":"unit","type":"CODED_TEXT","list":[{"value":"cm","label":"cm","validation":{"range":{"minOp":">=","min":0.0,"maxOp":"<"},"precision":{"minOp":">=","min":1.0,"maxOp":"<=","max":1.0}},"ordinal":0,"localizedLabels":{},"localizedDescriptions":{}}],"listOpen":false}],"formId":"vekstkurve/footlength@FootLength/uspesifisert_hendelse/lengde@Fotlengde","viewConfig":{"multiplicity":{"min":1,"max":1},"advanced":{"hidden":false,"readonly":false,"hideFrame":false,"render":false},"label":{"custom":false,"useLocalizations":false},"size":{"field":"inherit","label":"inherit"},"layout":{"label":{"valign":"inherit","align":"inherit"},"field":{"valign":"inherit","align":"inherit"}},"annotations":{},"field":{}}},{"name":"Kommentar","localizedName":"Kommentar","localizedNames":{"en":"Comment","nb":"Kommentar"},"localizedDescriptions":{"nb":"Tilleggsinformasjon om målingene som ikke fanges opp i dataelementene for måling","en":"*Tilleggsinformasjon om målingene som ikke fanges opp i dataelementene for måling (nb)"},"rmType":"DV_TEXT","nodeId":"at0025","min":0,"max":1,"aqlPath":"/content[openEHR-EHR-OBSERVATION.body_segment_dips.v1 and name/value='FootLength']/data[at0001]/events[at0002]/data[at0003]/items[at0025]/value","inputs":[{"type":"TEXT","list":[],"listOpen":false}],"formId":"vekstkurve/footlength@FootLength/uspesifisert_hendelse/kommentar","viewConfig":{"multiplicity":{"min":0,"max":1},"advanced":{"hidden":false,"readonly":false,"hideFrame":false,"render":false},"label":{"custom":false,"useLocalizations":false},"size":{"field":"inherit","label":"inherit"},"layout":{"label":{"valign":"inherit","align":"inherit"},"field":{"valign":"inherit","align":"inherit"}},"annotations":{},"field":{"lines":null,"input":{}},"tags":["ForceMinMultiplicity"]}}]}]},{"name":"Kjønn","localizedName":"Kjønn","localizedNames":{"en":"*Input (en)","nb":"Kjønn"},"localizedDescriptions":{},"rmType":"GENERIC_FIELD","min":0,"max":-1,"inputs":[{"type":"TEXT","list":[],"listOpen":false}],"formId":"generic-field-34830","viewConfig":{"multiplicity":{"min":0,"max":-1},"advanced":{"hidden":true,"readonly":false,"hideFrame":false,"render":false},"label":{"custom":false,"useLocalizations":false},"size":{"field":"inherit","label":"inherit"},"layout":{"label":{"valign":"inherit","align":"inherit"},"field":{"valign":"inherit","align":"inherit"}},"annotations":{"templateVariable":"[Pas.Kjonn]"},"field":{"lines":null,"input":{},"type":"DV_TEXT"}}},{"name":"Menarke","localizedName":"Menarke","localizedNames":{"en":"*Menstruasjonssyklus-sammendrag (nb)","nb":"Menarke"},"localizedDescriptions":{"nb":"Oversikt over viktige hendelser knyttet til relevante datoer om menstruasjon.","en":"*Oversikt over viktige hendelser knyttet til relevante datoer om menstruasjon. (nb)"},"rmType":"EVALUATION","nodeId":"openEHR-EHR-EVALUATION.menstrual_cycle_summary_dips.v1","min":0,"max":1,"aqlPath":"/content[openEHR-EHR-EVALUATION.menstrual_cycle_summary_dips.v1]","inputs":[],"formId":"vekstkurve/menstruasjonssyklus-sammendrag","viewConfig":{"multiplicity":{"min":0,"max":1},"advanced":{"hidden":false,"readonly":false,"hideFrame":false,"render":false},"label":{"custom":false,"useLocalizations":false},"size":{"field":"inherit","label":"inherit"},"layout":{"label":{"valign":"inherit","align":"inherit"},"field":{"valign":"inherit","align":"inherit"}},"annotations":{"selectreadonly":"{#menarche}"},"field":{},"tags":["ForceMinMultiplicity"]},"children":[{"name":"Dato for menarke","localizedName":"Dato for menarke","localizedNames":{"en":"*Menarke (nb)","nb":"Dato for menarke"},"localizedDescriptions":{"nb":"Dato for første menstruasjon. Deldatoer, som år og måned eller bare år er tillatt.","en":"*Dato for første menstruasjon. Deldatoer, som år og måned eller bare år er tillatt. (nb)"},"rmType":"DV_DATE","nodeId":"at0002","min":0,"max":1,"aqlPath":"/content[openEHR-EHR-EVALUATION.menstrual_cycle_summary_dips.v1]/data[at0001]/items[at0002]/value","inputs":[{"type":"DATE","listOpen":false}],"formId":"vekstkurve/menstruasjonssyklus-sammendrag/menarke","viewConfig":{"multiplicity":{"min":0,"max":1},"advanced":{"hidden":false,"readonly":false,"hideFrame":false,"render":false},"label":{"custom":false,"useLocalizations":false},"size":{"field":"inherit","label":"inherit"},"layout":{"label":{"valign":"inherit","align":"inherit"},"field":{"valign":"inherit","align":"inherit"}},"annotations":{},"field":{"input":{"hideTime":false,"dateFormat":"","hideDate":false}}}}]}]}