[{"col":1,"row":1,"width":12,"height":10,"children":[{"id":"generic-field-84164","rows":[]},{"id":"generic-field-50693","rows":[]},{"id":"generic-field-67989","rows":[]},{"id":"generic-field-79364","rows":[]},{"id":"generic-field-58556","rows":[]}]},{"col":1,"row":11,"width":6,"height":14,"children":[{"id":"vekstkurve/høyde_lengde","rows":[{"cols":[{"width":"100%","children":[{"id":"vekstkurve/høyde_lengde/uspesifisert_hendelse/time","rows":[]},{"id":"vekstkurve/høyde_lengde/uspesifisert_hendelse/høyde_lengde","rows":[]},{"id":"vekstkurve/høyde_lengde/uspesifisert_hendelse/kroppsstilling","rows":[]},{"id":"vekstkurve/høyde_lengde/uspesifisert_hendelse/kommentar","rows":[]}]}]}]}]},{"col":7,"row":11,"width":6,"height":14,"children":[{"id":"vekstkurve/kroppsvekt","rows":[{"cols":[{"width":"100%","children":[{"id":"vekstkurve/kroppsvekt/uspesifisert_hendelse/time","rows":[]},{"id":"vekstkurve/kroppsvekt/uspesifisert_hendelse/kroppsvekt","rows":[]},{"id":"vekstkurve/kroppsvekt/uspesifisert_hendelse/påkledning","rows":[]},{"id":"vekstkurve/kroppsvekt/uspesifisert_hendelse/kommentar","rows":[]}]}]}]}]},{"col":1,"row":25,"width":12,"height":9,"children":[{"id":"vekstkurve/hodeomkrets","rows":[{"cols":[{"width":"100%","children":[{"id":"vekstkurve/hodeomkrets/uspesifisert_hendelse/time","rows":[]},{"id":"generic-field-06825","rows":[{"cols":[{"width":"50%","children":[{"id":"vekstkurve/hodeomkrets/uspesifisert_hendelse/hodeomkrets","rows":[]}]},{"width":"50%","children":[{"id":"vekstkurve/hodeomkrets/uspesifisert_hendelse/kommentar","rows":[]}]}]}]}]}]}]}]},{"col":1,"row":34,"width":6,"height":19,"children":[{"id":"vekstkurve/kroppsmasseindeks","rows":[{"cols":[{"width":"100%","children":[{"id":"vekstkurve/kroppsmasseindeks/uspesifisert_hendelse/time","rows":[]},{"id":"vekstkurve/kroppsmasseindeks/uspesifisert_hendelse/kroppsmasseindeks","rows":[]},{"id":"vekstkurve/kroppsmasseindeks/metode","rows":[]},{"id":"vekstkurve/kroppsmasseindeks/kommentar","rows":[]}]}]}]}]},{"col":7,"row":34,"width":6,"height":19,"children":[{"id":"vekstkurve/kroppsoverflate","rows":[{"cols":[{"width":"100%","children":[{"id":"vekstkurve/kroppsoverflate/uspesifisert_hendelse/time","rows":[]},{"id":"vekstkurve/kroppsoverflate/uspesifisert_hendelse/kroppsoverflate","rows":[]},{"id":"vekstkurve/kroppsoverflate/uspesifisert_hendelse/kommentar","rows":[]},{"id":"vekstkurve/kroppsoverflate/metode","rows":[]},{"id":"vekstkurve/kroppsoverflate/formel/value","rows":[]}]}]}]}]},{"col":1,"row":53,"width":12,"height":7,"children":[{"id":"vekstkurve/midjeomkrets","rows":[{"cols":[{"width":"100%","children":[{"id":"vekstkurve/midjeomkrets/uspesifisert_hendelse/time","rows":[]},{"id":"generic-field-13299","rows":[{"cols":[{"width":"50%","children":[{"id":"vekstkurve/midjeomkrets/uspesifisert_hendelse/mageomfang","rows":[]}]},{"width":"50%","children":[{"id":"vekstkurve/midjeomkrets/uspesifisert_hendelse/kommentar","rows":[]}]}]}]}]}]}]}]},{"col":1,"row":60,"width":12,"height":8,"children":[{"id":"vekstkurve/skjelettalder","rows":[{"cols":[{"width":"100%","children":[{"id":"vekstkurve/skjelettalder/any_event/time","rows":[]},{"id":"generic-field-92989","rows":[{"cols":[{"width":"50%","children":[{"id":"vekstkurve/skjelettalder/any_event/år","rows":[]}]},{"width":"50%","children":[{"id":"vekstkurve/skjelettalder/any_event/kommentar","rows":[]}]}]}]}]}]}]}]},{"col":1,"row":68,"width":12,"height":24,"children":[{"id":"generic-field-54956","rows":[]},{"id":"vekstkurve/tanner_stadier_jente@Tanner stadier jente","rows":[{"cols":[{"width":"100%","children":[{"id":"vekstkurve/tanner_stadier_jente@Tanner stadier jente/uspesifisert_hendelse/time","rows":[]},{"id":"vekstkurve/tanner_stadier_jente@Tanner stadier jente/uspesifisert_hendelse/bryst","rows":[]},{"id":"vekstkurve/tanner_stadier_jente@Tanner stadier jente/uspesifisert_hendelse/pubesbehåring","rows":[]},{"id":"vekstkurve/tanner_stadier_jente@Tanner stadier jente/uspesifisert_hendelse/kommentar","rows":[]}]}]}]},{"id":"vekstkurve/tanner_stadier_gutt@Tanner stadier gutt","rows":[{"cols":[{"width":"100%","children":[{"id":"vekstkurve/tanner_stadier_gutt@Tanner stadier gutt/uspesifisert_hendelse/time","rows":[]},{"id":"vekstkurve/tanner_stadier_gutt@Tanner stadier gutt/uspesifisert_hendelse/genitalia","rows":[]},{"id":"vekstkurve/tanner_stadier_gutt@Tanner stadier gutt/uspesifisert_hendelse/pubesbehåring","rows":[]},{"id":"vekstkurve/tanner_stadier_gutt@Tanner stadier gutt/uspesifisert_hendelse/kommentar","rows":[]}]}]}]}]},{"col":1,"row":92,"width":12,"height":16,"children":[{"id":"vekstkurve/testikkelvolum","rows":[{"cols":[{"width":"100%","children":[{"id":"vekstkurve/testikkelvolum/uspesifisert_hendelse/time","rows":[]},{"id":"vekstkurve/testikkelvolum/uspesifisert_hendelse/testikkelvolum","rows":[]},{"id":"vekstkurve/testikkelvolum/uspesifisert_hendelse/kroppssted/value","rows":[]},{"id":"vekstkurve/testikkelvolum/uspesifisert_hendelse/kommentar","rows":[]},{"id":"vekstkurve/testikkelvolum/metode","rows":[]}]}]}]}]},{"col":1,"row":108,"width":12,"height":11,"children":[{"id":"vekstkurve/subscapulær_hudfold","rows":[{"cols":[{"width":"100%","children":[{"id":"vekstkurve/subscapulær_hudfold/any_event/time","rows":[]},{"id":"generic-field-59879","rows":[{"cols":[{"width":"50%","children":[{"id":"vekstkurve/subscapulær_hudfold/any_event/subskapulær_hudfold","rows":[]}]},{"width":"50%","children":[{"id":"vekstkurve/subscapulær_hudfold/any_event/kommentar","rows":[]}]}]}]}]}]}]}]},{"col":1,"row":119,"width":12,"height":11,"children":[{"id":"vekstkurve/tricepshudfold","rows":[{"cols":[{"width":"100%","children":[{"id":"vekstkurve/tricepshudfold/any_event/time","rows":[]},{"id":"generic-field-15187","rows":[{"cols":[{"width":"50%","children":[{"id":"vekstkurve/tricepshudfold/any_event/tricepshudfold","rows":[]}]},{"width":"50%","children":[{"id":"vekstkurve/tricepshudfold/any_event/kommentar","rows":[]}]}]}]}]}]}]}]},{"col":1,"row":130,"width":12,"height":11,"children":[{"id":"vekstkurve/sittingheight@SittingHeight","rows":[{"cols":[{"width":"100%","children":[{"id":"vekstkurve/sittingheight@SittingHeight/uspesifisert_hendelse/time","rows":[]},{"id":"generic-field-73982","rows":[{"cols":[{"width":"50%","children":[{"id":"vekstkurve/sittingheight@SittingHeight/uspesifisert_hendelse/høyde@Sittende høyde","rows":[]}]},{"width":"50%","children":[{"id":"vekstkurve/sittingheight@SittingHeight/uspesifisert_hendelse/kommentar","rows":[]}]}]}]}]}]}]}]},{"col":1,"row":141,"width":12,"height":11,"children":[{"id":"vekstkurve/armspan@Armspan","rows":[{"cols":[{"width":"100%","children":[{"id":"vekstkurve/armspan@Armspan/uspesifisert_hendelse/time","rows":[]},{"id":"generic-field-56113","rows":[{"cols":[{"width":"50%","children":[{"id":"vekstkurve/armspan@Armspan/uspesifisert_hendelse/lengde@Armspenn","rows":[]}]},{"width":"50%","children":[{"id":"vekstkurve/armspan@Armspan/uspesifisert_hendelse/kommentar","rows":[]}]}]}]}]}]}]}]},{"col":1,"row":152,"width":12,"height":9,"children":[{"id":"vekstkurve/footlength@FootLength","rows":[{"cols":[{"width":"100%","children":[{"id":"vekstkurve/footlength@FootLength/uspesifisert_hendelse/time","rows":[]},{"id":"generic-field-77610","rows":[{"cols":[{"width":"50%","children":[{"id":"vekstkurve/footlength@FootLength/uspesifisert_hendelse/lengde@Fotlengde","rows":[]}]},{"width":"50%","children":[{"id":"vekstkurve/footlength@FootLength/uspesifisert_hendelse/kommentar","rows":[]}]}]}]}]}]}]}]},{"col":1,"row":161,"width":12,"height":15,"children":[{"id":"generic-field-34830","rows":[]},{"id":"vekstkurve/menstruasjonssyklus-sammendrag","rows":[{"cols":[{"width":"100%","children":[{"id":"vekstkurve/menstruasjonssyklus-sammendrag/menarke","rows":[]}]}]}]}]}]