[{"field":"hv_ernaeringrisikovurdering/kroppsmasseindeks/uspesifisert_hendelse/kroppsmasseindeks","conditions":[{"operator":"lt","value":{"magnitude":20.5,"unit":"kg/m2"},"actions":[{"action":"set","target":"hv_ernaeringrisikovurdering/screening_for_ernæringsmessig_risiko/uspesifisert_hendelse/innledende_screening/er_bmi_20_5","value":{"value":true}}]},{"operator":"ge","value":{"magnitude":20.5,"unit":"kg/m2"},"actions":[{"action":"set","target":"hv_ernaeringrisikovurdering/screening_for_ernæringsmessig_risiko/uspesifisert_hendelse/innledende_screening/er_bmi_20_5","value":{"value":false}}]},{"operator":"empty","value":null,"actions":[{"action":"clear","target":"hv_ernaeringrisikovurdering/screening_for_ernæringsmessig_risiko/uspesifisert_hendelse/innledende_screening/er_bmi_20_5","value":{"value":false}}]}]},{"field":"hv_ernaeringrisikovurdering/overarmsomkrets/uspesifisert_hendelse/venstre_overarm_omkrets_uac","conditions":[{"operator":"empty","value":null,"actions":[{"action":"clear","target":"hv_ernaeringrisikovurdering/overarmsomkrets_til_bmi/bmi_utledet_av_overarmsomkrets","value":{"value":""}}]},{"operator":"ge","value":{"magnitude":23.5,"unit":"cm"},"actions":[{"action":"set","target":"hv_ernaeringrisikovurdering/overarmsomkrets_til_bmi/bmi_utledet_av_overarmsomkrets","value":{"value":"at0008"}}]},{"operator":"gt","value":{"magnitude":30,"unit":"cm"},"actions":[{"action":"set","target":"hv_ernaeringrisikovurdering/overarmsomkrets_til_bmi/bmi_utledet_av_overarmsomkrets","value":{"value":"at0009"}}]},{"operator":"le","value":{"magnitude":23.4,"unit":"cm"},"actions":[{"action":"set","target":"hv_ernaeringrisikovurdering/overarmsomkrets_til_bmi/bmi_utledet_av_overarmsomkrets","value":{"value":"at0007"}}]}]},{"field":"generic-field-7713","conditions":[{"operator":"ge","value":{"value":"70"},"actions":[{"action":"set","target":"hv_ernaeringrisikovurdering/screening_for_ernæringsmessig_risiko/uspesifisert_hendelse/hovedscreening/er_pasientens_alder_70_år","value":{"value":"at0029"}}]},{"operator":"lt","value":{"value":"70"},"actions":[{"action":"set","target":"hv_ernaeringrisikovurdering/screening_for_ernæringsmessig_risiko/uspesifisert_hendelse/hovedscreening/er_pasientens_alder_70_år","value":{"value":"at0028"}}]}]},{"field":"hv_ernaeringrisikovurdering/screening_for_ernæringsmessig_risiko/uspesifisert_hendelse/hovedscreening/total_score","conditions":[{"operator":"ge","value":{"value":3},"actions":[{"action":"show","target":"generic-field-60860","value":{"value":""}}]},{"operator":"lt","value":{"value":3},"actions":[{"action":"hide","target":"generic-field-60860","value":{"value":""}}]}]}]