{"formId":"form_root","name":"Form root","rmType":"FORM_DEFINITION","viewConfig":{"label":{"custom":false,"value":"","useLocalizations":false,"localizationsList":{}},"size":{"field":"inherit","label":"inherit","fill":"inherit"},"layout":{"valign":"inherit","align":"inherit"},"tags":[],"annotations":{"#ern":"openEHR-EHR-OBSERVATION.nutritional_risk_screening.v1?scope=episodeofcare","#BW":"openEHR-EHR-OBSERVATION.body_weight.v1?scope=episodeofcare","#HL":"openEHR-EHR-OBSERVATION.height.v1?scope=episodeofcare","#UAC":"openEHR-EHR-OBSERVATION.body_segment.v0?scope=episodeofcare","#PVE":"openEHR-EHR-OBSERVATION.prosentvis_endring_av_vekt_og_matinntak.v1?scope=episodeofcare"}},"language":"nb","templateLanguages":["nb"],"children":[{"name":"Dato for screening","localizedName":"Dato for screening","rmType":"DV_DATE","nodeId":"at0033","min":"0","max":"1","localizedNames":{"nb":"Dato for screening"},"localizedDescriptions":{"nb":"*"},"aqlPath":"/content[openEHR-EHR-OBSERVATION.nutritional_risk_screening.v1]/data[at0001]/events[at0002]/data[at0003]/items[at0031]/items[at0033]/value","inputs":[{"type":"DATE"}],"formId":"hv_ernaeringrisikovurdering/screening_for_ernæringsmessig_risiko/uspesifisert_hendelse/innledende_screening/dato_for_screening","viewConfig":{"annotations":{"TemplateVariable":"[Sys.Now]"},"advanced":{"hidden":false,"readonly":false},"size":{"field":"inherit","label":"inherit","fill":"inherit"},"layout":{"label":{"valign":"inherit","align":"top"},"field":{"valign":"inherit","align":"inherit"}},"tags":[],"datasource":{"loadRemote":false,"loadRemoteUrl":"","terminology":""},"field":{"input":{"dateFormat":"","hideDate":false,"hideTime":false}}}},{"localizedName":"Målinger for ernæringsmessig risiko","localizedNames":{"nb":"Målinger for ernæringsmessig risiko"},"min":"0","max":"1","name":"Målinger for ernæringsmessig risiko","rmType":"GENERIC_FIELDSET","formId":"generic-field-99322","viewConfig":{"advanced":{"hidden":false,"readonly":false,"render":false},"size":{"field":"inherit","label":"inherit","fill":"inherit"},"layout":{"label":{"valign":"inherit","align":"top"},"field":{"valign":"inherit","align":"inherit"}},"tags":[]},"children":[{"name":"Høyde/lengde","localizedName":"Høyde/lengde","rmType":"DV_QUANTITY","nodeId":"at0004","min":0,"max":1,"localizedNames":{"nb":"Høyde/lengde"},"localizedDescriptions":{"nb":"Høyde/lengde fra isse til fotsåle."},"aqlPath":"/content[openEHR-EHR-OBSERVATION.height.v1]/data[at0001]/events[at0002]/data[at0003]/items[at0004]/value","inputs":[{"suffix":"magnitude","type":"DECIMAL","validation":{"range":{"minOp":">=","min":0,"maxOp":"<=","max":500}}},{"suffix":"unit","type":"CODED_TEXT","list":[{"value":"cm","label":"cm","validation":{"range":{"minOp":">=","min":0,"maxOp":"<=","max":500}}}],"defaultValue":"cm"}],"formId":"hv_ernaeringrisikovurdering/høyde_lengde/uspesifisert_hendelse/høyde_lengde","viewConfig":{"field":{"magnitude":{"presentation":"combobox"}},"annotations":{"CalcId":"HoydeLengde","select":"{#HL:/data[at0001]/events[at0002]/data[at0003]/items[at0004]/value}"},"size":{"field":"inherit","label":"inherit","fill":"inherit"},"layout":{"field":{"valign":"inherit","align":"inherit"}},"datasource":{"loadRemote":false,"loadRemoteUrl":"","terminology":""}}},{"name":"Kroppsvekt","localizedName":"Kroppsvekt","rmType":"DV_QUANTITY","nodeId":"at0004","min":0,"max":1,"localizedNames":{"nb":"Kroppsvekt"},"localizedDescriptions":{"nb":"Et individs totale kroppsmasse."},"aqlPath":"/content[openEHR-EHR-OBSERVATION.body_weight.v1,'Aktuell kroppsvekt']/data[at0002]/events[at0003]/data[at0001]/items[at0004]/value","inputs":[{"suffix":"magnitude","type":"DECIMAL"},{"suffix":"unit","type":"CODED_TEXT","list":[{"value":"kg","label":"kg","validation":{"range":{"minOp":">=","min":0,"maxOp":"<","max":1000}}},{"value":"g","label":"g","validation":{"range":{"minOp":">=","min":0,"maxOp":"<","max":100000},"precision":{"minOp":">=","min":0,"maxOp":"<=","max":0}}}]}],"formId":"hv_ernaeringrisikovurdering/aktuell_kroppsvekt/uspesifisert_hendelse/kroppsvekt","viewConfig":{"field":{"magnitude":{"presentation":"combobox"}},"annotations":{"CalcId":"Kroppsvekt","select":"{#BW:/data[at0002]/events[at0003]/data[at0001]/items[at0004]/value}"},"size":{"field":"inherit","label":"inherit","fill":"inherit"},"layout":{"field":{"valign":"inherit","align":"inherit"}},"datasource":{"loadRemote":false,"loadRemoteUrl":"","terminology":""}}},{"name":"Kroppsmasseindeks","localizedName":"Kroppsmasseindeks","rmType":"DV_QUANTITY","nodeId":"at0004","min":"0","max":"1","localizedNames":{"nb":"Kroppsmasseindeks"},"localizedDescriptions":{"nb":"Indeks som beskriver forholdet mellom vekt og høyde."},"aqlPath":"/content[openEHR-EHR-OBSERVATION.body_mass_index.v1]/data[at0001]/events[at0002]/data[at0003]/items[at0004]/value","inputs":[{"suffix":"magnitude","type":"DECIMAL","validation":{"range":{"minOp":">=","min":0,"maxOp":"<","max":500},"precision":{"minOp":">=","min":1,"maxOp":"<=","max":1}}},{"suffix":"unit","type":"CODED_TEXT","list":[{"value":"kg/m2","label":"kg/m2","validation":{"range":{"minOp":">=","min":0,"maxOp":"<","max":500},"precision":{"minOp":">=","min":1,"maxOp":"<=","max":1}}}],"defaultValue":"kg/m2"}],"formId":"hv_ernaeringrisikovurdering/kroppsmasseindeks/uspesifisert_hendelse/kroppsmasseindeks","viewConfig":{"field":{"magnitude":{"presentation":"combobox"}},"advanced":{"hidden":false,"readonly":false},"size":{"field":"inherit","label":"inherit","fill":"inherit"},"layout":{"label":{"valign":"inherit","align":"inherit"},"field":{"valign":"inherit","align":"inherit"}},"tags":[],"datasource":{"loadRemote":false,"loadRemoteUrl":"","terminology":""},"annotations":{"CalcId":"Kroppsmasseindeks","calc":"Kroppsvekt / ((HoydeLengde/100)^2)"}}},{"name":"Overarm omkrets (UAC)","rmType":"DV_QUANTITY","nodeId":"at0016","min":"0","max":"1","localizedNames":{"nb":"Venstre overarm omkrets (UAC)"},"localizedDescriptions":{"nb":"Måling av omkrets av venstre overarm ved midtpunktet mellom akromion prosessus på skulderbladet og olekranon prosessus på ulna. Også referert til som Mid-Upper Arm Circumference (MUAC)."},"aqlPath":"/content[openEHR-EHR-OBSERVATION.body_segment.v0,'Overarmsomkrets']/data[at0001]/events[at0002]/data[at0003]/items[at0016,'Venstre overarm omkrets (UAC)']/value","inputs":[{"suffix":"magnitude","type":"DECIMAL"},{"suffix":"unit","type":"CODED_TEXT","list":[{"value":"cm","label":"cm","validation":{"range":{"minOp":">=","min":0},"precision":{"minOp":">=","min":1,"maxOp":"<=","max":1}}},{"value":"mm","label":"mm","validation":{"range":{"minOp":">=","min":0},"precision":{"minOp":">=","min":0,"maxOp":"<=","max":0}}}]}],"formId":"hv_ernaeringrisikovurdering/overarmsomkrets/uspesifisert_hendelse/venstre_overarm_omkrets_uac","viewConfig":{"field":{"magnitude":{"presentation":"combobox"}},"advanced":{"hidden":false,"readonly":false},"size":{"field":"inherit","label":"inherit","fill":"inherit"},"layout":{"label":{"valign":"inherit","align":"inherit"},"field":{"valign":"inherit","align":"inherit"}},"tags":[],"datasource":{"loadRemote":false,"loadRemoteUrl":"","terminology":""},"annotations":{"select":"{#UAC:/data[at0001]/events[at0002]/data[at0003]/items[at0016]/value}"}},"localizedName":"Overarm omkrets (UAC)"},{"name":"BMI utledet av overarmsomkrets","localizedName":"BMI utledet av overarmsomkrets","rmType":"DV_ORDINAL","nodeId":"at0006","min":0,"max":1,"localizedNames":{"nb":"BMI utledet av overarmsomkrets"},"localizedDescriptions":{"nb":"Brukes til å utlede BMI fra overarmsomkrets"},"aqlPath":"/content[openEHR-EHR-OBSERVATION.overarmsomkrets_til_bmi.v1]/data[at0001]/events[at0002]/data[at0003]/items[at0006]/value","inputs":[{"type":"CODED_TEXT","list":[{"value":"at0007","label":"Mindre enn 23,5cm - undervektig","localizedLabels":{"nb":"Mindre enn 23,5cm - undervektig"},"localizedDescriptions":{"nb":"Undervekt"},"ordinal":1},{"value":"at0008","label":"Mellom 23,5 og 30 cm - Normalvektig","localizedLabels":{"nb":"Mellom 23,5 og 30 cm - Normalvektig"},"localizedDescriptions":{"nb":"Normalvekt"},"ordinal":2},{"value":"at0009","label":"Over 30cm - overvektig","localizedLabels":{"nb":"Over 30cm - overvektig"},"localizedDescriptions":{"nb":"Overvekt"},"ordinal":3}]}],"formId":"hv_ernaeringrisikovurdering/overarmsomkrets_til_bmi/bmi_utledet_av_overarmsomkrets","viewConfig":{"size":{"field":"inherit","label":"inherit","fill":"inherit"},"layout":{"field":{"valign":"inherit","align":"inherit"}},"datasource":{"loadRemote":false,"loadRemoteUrl":"","terminology":""},"field":{"input":{"presentation":"combobox"}}}}]},{"localizedName":"Tidligere vektmåling","localizedNames":{"nb":"Tidligere vektmåling"},"min":"0","max":"1","name":"Tidligere vektmåling","rmType":"GENERIC_FIELDSET","formId":"generic-field-52623","viewConfig":{"advanced":{"hidden":false,"readonly":false,"render":false},"size":{"field":"inherit","label":"inherit","fill":"inherit"},"layout":{"label":{"valign":"inherit","align":"top"},"field":{"valign":"inherit","align":"inherit"}},"tags":[]},"children":[{"name":"Tidspunkt for tidligere måling","rmType":"DV_DATE_TIME","min":"0","max":"1","aqlPath":"/content[openEHR-EHR-OBSERVATION.body_weight.v1,'Tidligere kroppsvekt']/data[at0002]/events[at0003]/time","inputs":[{"type":"DATETIME"}],"inContext":true,"formId":"hv_ernaeringrisikovurdering/tidligere_kroppsvekt/uspesifisert_hendelse/time","viewConfig":{"advanced":{"hidden":false,"readonly":false},"size":{"field":"inherit","label":"inherit","fill":"inherit"},"layout":{"label":{"valign":"inherit","align":"inherit"},"field":{"valign":"inherit","align":"inherit"}},"tags":[],"datasource":{"loadRemote":false,"loadRemoteUrl":"","terminology":""},"field":{"input":{"dateFormat":"","hideDate":false,"hideTime":false}},"annotations":{}},"localizedName":"Tidspunkt for tidligere måling"},{"name":"Tidligere kroppsvekt","localizedName":"Tidligere kroppsvekt","rmType":"DV_QUANTITY","nodeId":"at0004","min":0,"max":1,"localizedNames":{"nb":"Kroppsvekt"},"localizedDescriptions":{"nb":"Et individs totale kroppsmasse."},"aqlPath":"/content[openEHR-EHR-OBSERVATION.body_weight.v1,'Tidligere kroppsvekt']/data[at0002]/events[at0003]/data[at0001]/items[at0004]/value","inputs":[{"suffix":"magnitude","type":"DECIMAL"},{"suffix":"unit","type":"CODED_TEXT","list":[{"value":"kg","label":"kg","validation":{"range":{"minOp":">=","min":0,"maxOp":"<","max":1000}}},{"value":"g","label":"g","validation":{"range":{"minOp":">=","min":0,"maxOp":"<","max":100000},"precision":{"minOp":">=","min":0,"maxOp":"<=","max":0}}}]}],"formId":"hv_ernaeringrisikovurdering/tidligere_kroppsvekt/uspesifisert_hendelse/kroppsvekt","viewConfig":{"field":{"magnitude":{"presentation":"combobox"}},"annotations":{"CalcId":"TidligereKroppsvekt"},"size":{"field":"inherit","label":"inherit","fill":"inherit"},"layout":{"field":{"valign":"inherit","align":"inherit"}},"datasource":{"loadRemote":false,"loadRemoteUrl":"","terminology":""}}},{"name":"Vekttap i prosent","localizedName":"Vekttap i prosent","rmType":"DV_QUANTITY","nodeId":"at0004","min":0,"max":1,"localizedNames":{"nb":"Vekttap i prosent"},"localizedDescriptions":{"nb":"Benyttes for angi prosentvis endring av kroppsvekt over tid."},"aqlPath":"/content[openEHR-EHR-OBSERVATION.prosentvis_endring_av_vekt_og_matinntak.v1]/data[at0001]/events[at0002]/data[at0003]/items[at0006]/items[at0004]/value","inputs":[{"suffix":"magnitude","type":"DECIMAL"},{"suffix":"unit","type":"CODED_TEXT","list":[{"value":"%","label":"%"}],"defaultValue":"%"}],"formId":"hv_ernaeringrisikovurdering/prosentvis_endring_av_vekt_og_matinntak/vekttap/vekttap_i_prosent","viewConfig":{"field":{"magnitude":{"presentation":"combobox"}},"annotations":{"calc":"((TidligereKroppsvekt-Kroppsvekt)/TidligereKroppsvekt)*100"},"size":{"field":"inherit","label":"inherit","fill":"inherit"},"layout":{"field":{"valign":"inherit","align":"inherit"}},"datasource":{"loadRemote":false,"loadRemoteUrl":"","terminology":""}}},{"name":"Supplerende opplysninger til tidligere måling","localizedName":"Supplerende opplysninger til tidligere måling","rmType":"DV_TEXT","nodeId":"at0025","min":"0","max":"1","dependsOn":["justert_vekt","kommentar","kroppsvekt"],"localizedNames":{"nb":"Supplerende opplysninger til tidligere måling"},"localizedDescriptions":{"nb":"Registering av emner eller faktorer som kan ha betydning for måling av kroppsvekten, f.eks. inntak av mat og drikke, stort saltinntak, menstruasjonssyklus, tidspunkt for avføring, ødem eller uke av graviditet."},"aqlPath":"/content[openEHR-EHR-OBSERVATION.body_weight.v1,'Tidligere kroppsvekt']/data[at0002]/events[at0003]/state[at0008]/items[at0025]/value","inputs":[{"type":"TEXT"}],"formId":"hv_ernaeringrisikovurdering/tidligere_kroppsvekt/uspesifisert_hendelse/konfunderende_faktorer","viewConfig":{"advanced":{"hidden":false,"readonly":false},"size":{"field":"inherit","label":"inherit","fill":"inherit"},"layout":{"label":{"valign":"inherit","align":"top"},"field":{"valign":"inherit","align":"inherit"}},"tags":[],"datasource":{"loadRemote":false,"loadRemoteUrl":"","terminology":""},"annotations":{},"field":{"input":{"presentation":"textfield","lines":"1"}}}}]},{"annotations":{"comment":"Generic input field used to add custom fields."},"inputs":[{"type":"TEXT"}],"localizedName":"Pas.Alder","localizedNames":{"nb":"Input"},"max":"1","min":"0","name":"Pas.Alder","rmType":"GENERIC_FIELD","formId":"generic-field-7713","viewConfig":{"annotations":{"TemplateVariable":"[Pas.Alder]"},"advanced":{"hidden":true,"readonly":false},"size":{"field":"inherit","label":"inherit","fill":"inherit"},"layout":{"label":{"valign":"inherit","align":"inherit"},"field":{"valign":"inherit","align":"inherit"}},"tags":[],"datasource":{"loadRemote":false,"loadRemoteUrl":"","terminology":""},"field":{"input":{"presentation":"textfield"}}}},{"annotations":{"comment":"Generic input field used to add custom fields."},"inputs":[{"type":"TEXT"}],"localizedName":"Sum innledende screening","localizedNames":{"nb":"Input"},"max":"1","min":"0","name":"Sum innledende screening","rmType":"GENERIC_FIELD","formId":"generic-field-61661","viewConfig":{"advanced":{"hidden":true,"readonly":false},"size":{"field":"inherit","label":"inherit","fill":"inherit"},"layout":{"label":{"valign":"inherit","align":"inherit"},"field":{"valign":"inherit","align":"inherit"}},"tags":[],"datasource":{"loadRemote":false,"loadRemoteUrl":"","terminology":""},"field":{"input":{"presentation":"textfield"}}}},{"localizedName":"Innledende screening","localizedNames":{"nb":"Innledende screening"},"min":"0","max":"1","name":"Innledende screening","rmType":"GENERIC_FIELDSET","formId":"generic-field-60097","viewConfig":{"size":{"field":"inherit","label":"inherit","fill":"inherit"},"layout":{"label":{"valign":"inherit","align":"inherit"},"field":{"valign":"inherit","align":"inherit"}},"advanced":{"hidden":false,"readonly":false,"render":false},"tags":[]},"children":[{"name":"Tidspunkt for screening","localizedName":"Tidspunkt for screening","rmType":"DV_CODED_TEXT","nodeId":"at0028","min":0,"max":1,"localizedNames":{"nb":"Tidspunkt for screening"},"localizedDescriptions":{"nb":"*"},"aqlPath":"/content[openEHR-EHR-OBSERVATION.prosentvis_endring_av_vekt_og_matinntak.v1]/data[at0001]/events[at0002]/data[at0003]/items[at0028]/value","inputs":[{"suffix":"code","type":"CODED_TEXT","list":[{"value":"at0029","label":"Ved innkomst","localizedLabels":{"nb":"Ved innkomst"},"localizedDescriptions":{"nb":"*"}},{"value":"at0030","label":"Under opphold","localizedLabels":{"nb":"Under opphold"},"localizedDescriptions":{"nb":"*"}},{"value":"at0031","label":"Poliklinisk time","localizedLabels":{"nb":"Poliklinisk time"},"localizedDescriptions":{"nb":"*"}}]}],"formId":"hv_ernaeringrisikovurdering/prosentvis_endring_av_vekt_og_matinntak/tidspunkt_for_screening","viewConfig":{"size":{"field":"inherit","label":"inherit","fill":"inherit"},"layout":{"field":{"valign":"inherit","align":"inherit"}},"datasource":{"loadRemote":false,"loadRemoteUrl":"","terminology":""},"field":{"code":{"presentation":"combobox"}},"annotations":{"select":"{#PVE:/data[at0001]/events[at0002]/data[at0003]/items[at0028]/value}"}}},{"name":"BMI < 20,5? (Settes automatisk)","localizedName":"BMI < 20,5? (Settes automatisk)","rmType":"DV_BOOLEAN","nodeId":"at0004","min":"0","max":"1","localizedNames":{"nb":"Er BMI < 20,5?"},"localizedDescriptions":{"nb":"Er pasientens BMI under 20,5?"},"aqlPath":"/content[openEHR-EHR-OBSERVATION.nutritional_risk_screening.v1]/data[at0001]/events[at0002]/data[at0003]/items[at0031]/items[at0004]/value","inputs":[{"type":"BOOLEAN","defaultValue":false}],"formId":"hv_ernaeringrisikovurdering/screening_for_ernæringsmessig_risiko/uspesifisert_hendelse/innledende_screening/er_bmi_20_5","viewConfig":{"annotations":{"CalcId":"ErBMIover205","select":"{#ERN:/data[at0001]/events[at0002]/data[at0003]/items[at0031]/items[at0004]/value}"},"size":{"field":"inherit","label":"inherit","fill":"inherit"},"layout":{"label":{"valign":"inherit","align":"inherit"},"field":{"valign":"inherit","align":"inherit"}},"datasource":{"loadRemote":false,"loadRemoteUrl":"","terminology":""},"advanced":{"hidden":false,"readonly":true},"tags":[],"field":{"input":{"threeState":false}}}},{"name":"Har pasienten tapt vekt i løpet av de 3 siste månedene?","localizedName":"Har pasienten tapt vekt i løpet av de 3 siste månedene?","rmType":"DV_BOOLEAN","nodeId":"at0005","min":0,"max":1,"localizedNames":{"nb":"Har pasienten tapt vekt i løpet av de 3 siste månedene?"},"localizedDescriptions":{"nb":"Vekttap de siste 3 månedene?"},"aqlPath":"/content[openEHR-EHR-OBSERVATION.nutritional_risk_screening.v1]/data[at0001]/events[at0002]/data[at0003]/items[at0031]/items[at0005]/value","inputs":[{"type":"BOOLEAN","defaultValue":false}],"formId":"hv_ernaeringrisikovurdering/screening_for_ernæringsmessig_risiko/uspesifisert_hendelse/innledende_screening/har_pasienten_tapt_vekt_i_løpet_av_de_3_siste_månedene","viewConfig":{"annotations":{"CalcId":"TapVektSiste3mnd","select":"{#ERN:/data[at0001]/events[at0002]/data[at0003]/items[at0031]/items[at0005]/value}"},"size":{"field":"inherit","label":"inherit","fill":"inherit"},"layout":{"field":{"valign":"inherit","align":"inherit"}},"datasource":{"loadRemote":false,"loadRemoteUrl":"","terminology":""},"field":{"input":{"threeState":false}}}},{"name":"Har pasienten hatt redusert næringsinntak i den siste uken?","localizedName":"Har pasienten hatt redusert næringsinntak i den siste uken?","rmType":"DV_BOOLEAN","nodeId":"at0006","min":0,"max":1,"localizedNames":{"nb":"Har pasienten hatt redusert næringsinntak i den siste uken?"},"localizedDescriptions":{"nb":"Redusert næringsinntak siste uken?"},"aqlPath":"/content[openEHR-EHR-OBSERVATION.nutritional_risk_screening.v1]/data[at0001]/events[at0002]/data[at0003]/items[at0031]/items[at0006]/value","inputs":[{"type":"BOOLEAN","defaultValue":false}],"formId":"hv_ernaeringrisikovurdering/screening_for_ernæringsmessig_risiko/uspesifisert_hendelse/innledende_screening/har_pasienten_hatt_redusert_næringsinntak_i_den_siste_uken","viewConfig":{"annotations":{"CalcId":"RedNaeringInntakSisteUke","select":"{#ERN:/data[at0001]/events[at0002]/data[at0003]/items[at0031]/items[at0006]/value}"},"size":{"field":"inherit","label":"inherit","fill":"inherit"},"layout":{"field":{"valign":"inherit","align":"inherit"}},"datasource":{"loadRemote":false,"loadRemoteUrl":"","terminology":""},"field":{"input":{"threeState":false}}}},{"name":"Er pasienten alvorlig / kritisk syk?","localizedName":"Er pasienten alvorlig / kritisk syk?","rmType":"DV_BOOLEAN","nodeId":"at0007","min":0,"max":1,"localizedNames":{"nb":"Er pasienten alvorlig / kritisk syk?"},"localizedDescriptions":{"nb":"Har pasienten en økt stressmetabolisme i forbindelse med aktuell sykdom (traume, intensivpasient)."},"aqlPath":"/content[openEHR-EHR-OBSERVATION.nutritional_risk_screening.v1]/data[at0001]/events[at0002]/data[at0003]/items[at0031]/items[at0007]/value","inputs":[{"type":"BOOLEAN","defaultValue":false}],"formId":"hv_ernaeringrisikovurdering/screening_for_ernæringsmessig_risiko/uspesifisert_hendelse/innledende_screening/er_pasienten_alvorlig_kritisk_syk","viewConfig":{"annotations":{"CalcId":"AlvorligKritiskSyk","select":"{#ERN:/data[at0001]/events[at0002]/data[at0003]/items[at0031]/items[at0007]/value}"},"size":{"field":"inherit","label":"inherit","fill":"inherit"},"layout":{"field":{"valign":"inherit","align":"inherit"}},"datasource":{"loadRemote":false,"loadRemoteUrl":"","terminology":""},"field":{"input":{"threeState":false}}}}]},{"localizedName":"Hovedscreening","localizedNames":{"nb":"Hovedscreening"},"min":"0","max":"1","name":"Hovedscreening","rmType":"GENERIC_FIELDSET","formId":"generic-field-46653","viewConfig":{"size":{"field":"inherit","label":"inherit","fill":"inherit"},"layout":{"label":{"valign":"inherit","align":"inherit"},"field":{"valign":"inherit","align":"inherit"}},"advanced":{"hidden":false,"readonly":false,"render":false},"tags":[]},"children":[{"name":"Ernæringsstatus","localizedName":"Ernæringsstatus","rmType":"DV_ORDINAL","nodeId":"at0016","min":0,"max":1,"localizedNames":{"nb":"Ernæringsstatus"},"localizedDescriptions":{"nb":"Ernæringsstatus (≈ grad av svekkelse)."},"aqlPath":"/content[openEHR-EHR-OBSERVATION.nutritional_risk_screening.v1]/data[at0001]/events[at0002]/data[at0003]/items[at0032]/items[at0016]/value","inputs":[{"type":"CODED_TEXT","list":[{"value":"at0018","label":"Fraværende","localizedLabels":{"nb":"Fraværende"},"localizedDescriptions":{"nb":"Normal ernæringsstatus."},"ordinal":0},{"value":"at0019","label":"Mild","localizedLabels":{"nb":"Mild"},"localizedDescriptions":{"nb":"Vekttap > 5 % i løpet av 3 måneder, eller matinntak 50-75 % av normalt behov i siste uke."},"ordinal":1},{"value":"at0020","label":"Moderat","localizedLabels":{"nb":"Moderat"},"localizedDescriptions":{"nb":"Vekttap > 5 % i løpet av 2 måneder, eller BMI 18.5-20.5 + nedsatt almenntilstand, eller matinntak 25-50 % av normalt behov i siste uke."},"ordinal":2},{"value":"at0021","label":"Alvorlig","localizedLabels":{"nb":"Alvorlig"},"localizedDescriptions":{"nb":"Vekttap > 5 % i løpet av 1 måned (>15 % siste 3 måneder), eller BMI<18.5 + nedsatt almenntilstand, eller matinntak 0-25 % av normalt behov siste uke."},"ordinal":3}]}],"formId":"hv_ernaeringrisikovurdering/screening_for_ernæringsmessig_risiko/uspesifisert_hendelse/hovedscreening/ernæringsstatus","viewConfig":{"annotations":{"CalcId":"ErnaeringStatus","select":"{#ERN:/data[at0001]/events[at0002]/data[at0003]/items[at0032]/items[at0016]/value}"},"size":{"field":"inherit","label":"inherit","fill":"inherit"},"layout":{"field":{"valign":"inherit","align":"inherit"}},"datasource":{"loadRemote":false,"loadRemoteUrl":"","terminology":""},"field":{"input":{"presentation":"combobox"}}}},{"name":"Sykdommens alvorlighetsgrad","localizedName":"Sykdommens alvorlighetsgrad","rmType":"DV_ORDINAL","nodeId":"at0017","min":0,"max":1,"localizedNames":{"nb":"Sykdommens alvorlighetsgrad"},"localizedDescriptions":{"nb":"Sykdommens alvorlighetsgrad (≈ økt\nbehov)."},"annotations":{"comment":"* indikerer at en studie direkte underbygger inndelingen av sykdommens alvorlighetsgrad i mild, moderat og alvorlig sykdom til pasienter med den diagnosen.\n\n# indikerer at diagnosen er basert på prototypene gitt nedenfor:\n\nSkår=1: en pasient med kronisk sykdom innlagt på sykehus på grunn av komplikasjoner. Pasienten er avkreftet, men er oppegående. Proteinbehovet er økt, men kan dekkes med mat og/eller næringstilskudd i de fleste tilfeller.\n\nSkår=2: en pasient som er sengeliggende på grunn av sykdom, f.eks etter stor abdominal kirurgi. Proteinbehov er vesentlig økt, men kan dekkes, selv om sondeernæring og/eller intravenøs ernæringstilførsel er nødvendig i mange tilfeller.\n\nSkår=3: en intensivpasient med behov for respiratorstøtte etc. Proteinbehovet er økt og kan ikke dekkes, selv med sondeernæring og/eller intravenøs ernæringstilførsel. Nedbrytning av proteiner og\nnitrogentap kan bli betydelig hemmet."},"aqlPath":"/content[openEHR-EHR-OBSERVATION.nutritional_risk_screening.v1]/data[at0001]/events[at0002]/data[at0003]/items[at0032]/items[at0017]/value","inputs":[{"type":"CODED_TEXT","list":[{"value":"at0022","label":"Normal","localizedLabels":{"nb":"Normal"},"localizedDescriptions":{"nb":"Normale ernæringsbehov."},"ordinal":0},{"value":"at0023","label":"Mild","localizedLabels":{"nb":"Mild"},"localizedDescriptions":{"nb":"Lårhalsbrudd*, kronisk syke pasienter* spesielt de med akutte komplikasjoner, levercirrose*, KOLS*, kronisk hemodialyse#, diabetes#, kreftsykdommer#."},"ordinal":1},{"value":"at0024","label":"Moderat","localizedLabels":{"nb":"Moderat"},"localizedDescriptions":{"nb":"Omfattende abdominal kirurgi*, slag*, alvorlig lungebetennelse#, maligne blodsykdommer#."},"ordinal":2},{"value":"at0025","label":"Alvorlig","localizedLabels":{"nb":"Alvorlig"},"localizedDescriptions":{"nb":"Hodeskade*, benmargstransplantasjon*, intensivpasienter (APACHE skår>10)."},"ordinal":3}]}],"formId":"hv_ernaeringrisikovurdering/screening_for_ernæringsmessig_risiko/uspesifisert_hendelse/hovedscreening/sykdommens_alvorlighetsgrad","viewConfig":{"annotations":{"CalcId":"SykdomAlvorlighetGrad","select":"{#ERN:/data[at0001]/events[at0002]/data[at0003]/items[at0032]/items[at0017]/value}"},"size":{"field":"inherit","label":"inherit","fill":"inherit"},"layout":{"field":{"valign":"inherit","align":"inherit"}},"datasource":{"loadRemote":false,"loadRemoteUrl":"","terminology":""},"field":{"input":{"presentation":"combobox"}}}},{"name":"Er pasientens alder ≥ 70 år?","localizedName":"Er pasientens alder ≥ 70 år?","rmType":"DV_ORDINAL","nodeId":"at0027","min":0,"max":1,"localizedNames":{"nb":"Er pasientens alder ≥ 70 år?"},"localizedDescriptions":{"nb":"Er pasienten 70 år eller eldre?"},"aqlPath":"/content[openEHR-EHR-OBSERVATION.nutritional_risk_screening.v1]/data[at0001]/events[at0002]/data[at0003]/items[at0032]/items[at0027]/value","inputs":[{"type":"CODED_TEXT","list":[{"value":"at0028","label":"Nei","localizedLabels":{"nb":"Nei"},"localizedDescriptions":{"nb":"Pasienten er yngre enn 70 år."},"ordinal":0},{"value":"at0029","label":"Ja","localizedLabels":{"nb":"Ja"},"localizedDescriptions":{"nb":"Pasienten er 70 år eller eldre."},"ordinal":1}]}],"formId":"hv_ernaeringrisikovurdering/screening_for_ernæringsmessig_risiko/uspesifisert_hendelse/hovedscreening/er_pasientens_alder_70_år","viewConfig":{"annotations":{"CalcId":"AlderOver70","select":"{#ERN:/data[at0001]/events[at0002]/data[at0003]/items[at0032]/items[at0027]/value}"},"size":{"field":"inherit","label":"inherit","fill":"inherit"},"layout":{"field":{"valign":"inherit","align":"inherit"}},"datasource":{"loadRemote":false,"loadRemoteUrl":"","terminology":""},"field":{"input":{"presentation":"combobox"}}}},{"name":"Total score","localizedName":"Total score","rmType":"DV_COUNT","nodeId":"at0030","min":"0","max":"1","localizedNames":{"nb":"Total score"},"localizedDescriptions":{"nb":"Summen av score fra ernæringsstatus, sykdommens alvorlighetsgrad og alder."},"aqlPath":"/content[openEHR-EHR-OBSERVATION.nutritional_risk_screening.v1]/data[at0001]/events[at0002]/data[at0003]/items[at0032]/items[at0030]/value","inputs":[{"type":"INTEGER"}],"formId":"hv_ernaeringrisikovurdering/screening_for_ernæringsmessig_risiko/uspesifisert_hendelse/hovedscreening/total_score","viewConfig":{"advanced":{"hidden":false,"readonly":false},"size":{"field":"inherit","label":"inherit","fill":"inherit"},"layout":{"label":{"valign":"inherit","align":"inherit"},"field":{"valign":"inherit","align":"inherit"}},"tags":[],"datasource":{"loadRemote":false,"loadRemoteUrl":"","terminology":""},"annotations":{"CalcId":"TotalScore","calc":"ErnaeringStatus+SykdomAlvorlighetGrad+AlderOver70","select":"{#ERN:/data[at0001]/events[at0002]/data[at0003]/items[at0032]/items[at0030]/value}"}}}]},{"localizedName":"Total aldersjustert score er over eller lik 3 poeng","localizedNames":{"nb":"Total aldersjustert score er over eller lik 3 poeng"},"min":"0","max":"1","name":"Total aldersjustert score er over eller lik 3 poeng","rmType":"GENERIC_FIELDSET","formId":"generic-field-60860","inputs":[{"type":"TEXT"}],"viewConfig":{"annotations":{"AlertType":"Info"},"size":{"field":"inherit","label":"inherit","fill":"inherit"},"layout":{"label":{"valign":"inherit","align":"inherit"},"field":{"valign":"inherit","align":"inherit"}},"advanced":{"hidden":false,"readonly":false,"render":false},"tags":[]},"children":[{"localizedName":"Lag ernæringsplan og sett diagnosekode E46","localizedNames":{"nb":"Lag ernæringsplan og sett diagnosekode E46"},"min":"0","max":"1","name":"Lag ernæringsplan og sett diagnosekode E46","rmType":"GENERIC_FIELDSET","formId":"generic-field-21809","viewConfig":{"size":{"field":"inherit","label":"inherit","fill":"inherit"},"layout":{"label":{"valign":"inherit","align":"inherit"},"field":{"valign":"inherit","align":"inherit"}},"advanced":{"hidden":false,"readonly":false,"render":false},"tags":[]},"children":[]}]}]}