{"formId":"form_root","name":"Form root","rmType":"FORM_DEFINITION","viewConfig":{"label":{"custom":false,"value":"","useLocalizations":true,"localizationsList":{"nb":"Pakkeforlop kreft status"}},"size":{"field":"inherit","label":"inherit","fill":"inherit"},"layout":{"label":{"valign":"inherit","align":"inherit"},"field":{"valign":"inherit","align":"inherit"}},"tags":[],"annotations":{"reuseComposition":"select c from composition c contains observation e[openEHR-EHR-OBSERVATION.hv_pakkeforlop_kreft_status.v0] where c/archetype_details/template_id/value = 'hv pakkeforløp kreft status' order by c/context/start_time/value desc limit 1"}},"language":"nb","templateLanguages":["nb"],"children":[{"name":"Er pasienten i pakkeforløp kreft?","localizedName":"Er pasienten i pakkeforløp kreft?","rmType":"DV_CODED_TEXT","nodeId":"at0004","min":"0","max":"1","localizedNames":{"nb":"Er pasienten i pakkeforløp kreft?"},"localizedDescriptions":{"nb":"Er pasienten i pakkeforløp kreft nå?"},"aqlPath":"/content[openEHR-EHR-OBSERVATION.hv_pakkeforlop_kreft_status.v0]/data[at0001]/events[at0002]/data[at0003]/items[at0004]/value","inputs":[{"suffix":"code","type":"CODED_TEXT","list":[{"value":"at0007","label":"Ja","localizedLabels":{"nb":"Ja"},"localizedDescriptions":{"nb":"Pasienten er i et aktivt pakkeforløp for kreft"}},{"value":"at0008","label":"Nei","localizedLabels":{"nb":"Nei"},"localizedDescriptions":{"nb":"Pasienten er ikke i et aktivt pakkeforløp for kreft"}},{"value":"at0009","label":"Vet ikke","localizedLabels":{"nb":"Vet ikke"},"localizedDescriptions":{"nb":"Det er usikkert om pasienten er i et aktivt pakkeforløp for kreft"}}],"defaultValue":"at0009"}],"formId":"pakkeforlop_kreft_status/hv_pakkeforlop_kreft_status/er_pasienten_i_pakkeforløp_kreft","viewConfig":{"size":{"field":"inherit","label":"inherit","fill":"inherit"},"layout":{"label":{"valign":"inherit","align":"top"},"field":{"valign":"inherit","align":"inherit"}},"datasource":{"loadRemote":false,"loadRemoteUrl":"","terminology":""},"advanced":{"hidden":false,"readonly":false},"tags":[],"field":{"code":{"presentation":"combobox","columns":"4"}}}},{"name":"Pakkeforløp start dato","rmType":"DV_DATE_TIME","min":"1","max":"1","aqlPath":"/content[openEHR-EHR-OBSERVATION.hv_pakkeforlop_kreft_status.v0]/data[at0001]/events[at0002]/time","inputs":[{"type":"DATETIME"}],"inContext":true,"formId":"pakkeforlop_kreft_status/hv_pakkeforlop_kreft_status/time","viewConfig":{"size":{"field":"inherit","label":"inherit","fill":"inherit"},"layout":{"label":{"valign":"inherit","align":"top"},"field":{"valign":"inherit","align":"inherit"}},"datasource":{"loadRemote":false,"loadRemoteUrl":"","terminology":""},"advanced":{"hidden":false,"readonly":false},"tags":[],"field":{"input":{"dateFormat":"","hideDate":false,"hideTime":true}}},"localizedName":"Pakkeforløp start dato"}]}