{"formId":"form_root","name":"Form root","rmType":"FORM_DEFINITION","viewConfig":{"label":{"custom":false,"value":"","useLocalizations":false,"localizationsList":{}},"size":{"field":"inherit","label":"inherit","fill":"inherit"},"layout":{"valign":"inherit","align":"inherit"},"tags":[],"annotations":{"reuseComposition":"select c from composition c contains admin_entry e[openEHR-EHR-ADMIN_ENTRY.hv_pasientliste_geriatri_utreise.v2] where c/archetype_details/template_id/value = 'HV Pasientliste Geriatri Utreise V2' order by c/context/start_time/value desc limit 1"}},"language":"nb","templateLanguages":["nb"],"children":[{"name":"Utreise","localizedName":"Utreise","rmType":"DV_DATE","nodeId":"at0002","min":"0","max":"1","localizedNames":{"nb":"Utreisedato"},"localizedDescriptions":{"nb":"*"},"aqlPath":"/content[openEHR-EHR-ADMIN_ENTRY.hv_pasientliste_geriatri_utreise.v2]/data[at0001]/items[at0002]/value","inputs":[{"type":"DATE"}],"formId":"hv_pasientliste_geriatri_utreise/hv_pasientliste_geriatri_utreise/utreise","viewConfig":{"size":{"field":"inherit","label":"inherit","fill":"inherit"},"layout":{"label":{"valign":"inherit","align":"top"},"field":{"valign":"inherit","align":"inherit"}},"datasource":{"loadRemote":false,"loadRemoteUrl":"","terminology":""},"advanced":{"hidden":false,"readonly":false},"tags":[],"field":{"input":{"dateFormat":"","hideDate":false,"hideTime":false}}}},{"name":"Ut til","localizedName":"Ut til","rmType":"DV_CODED_TEXT","nodeId":"at0003","min":"0","max":"1","localizedNames":{"nb":"Ut til"},"localizedDescriptions":{"nb":"Registrer hvor pasienten skal reise ut til"},"aqlPath":"/content[openEHR-EHR-ADMIN_ENTRY.hv_pasientliste_geriatri_utreise.v2]/data[at0001]/items[at0003]/value","inputs":[{"suffix":"code","type":"CODED_TEXT","list":[{"value":"at0005","label":"Hjem","localizedLabels":{"nb":"Hjem"},"localizedDescriptions":{"nb":"Pasienten utskrives til hjemmet"}},{"value":"at0006","label":"Institusjon","localizedLabels":{"nb":"Institusjon"},"localizedDescriptions":{"nb":"Pasienten utskrives til annen institusjon"}},{"value":"at0007","label":"Overflyttet/post","localizedLabels":{"nb":"Overflyttet/post"},"localizedDescriptions":{"nb":"Pasienten overflyttes til annen avdeling eller post"}},{"value":"at0008","label":"Hotell","localizedLabels":{"nb":"Hotell"},"localizedDescriptions":{"nb":"Pasienten sendes til hotell"}}]}],"formId":"hv_pasientliste_geriatri_utreise/hv_pasientliste_geriatri_utreise/ut_til","viewConfig":{"size":{"field":"inherit","label":"inherit","fill":"inherit"},"layout":{"label":{"valign":"inherit","align":"top"},"field":{"valign":"inherit","align":"inherit"}},"datasource":{"loadRemote":false,"loadRemoteUrl":"","terminology":""},"advanced":{"hidden":false,"readonly":false},"tags":[],"field":{"code":{"presentation":"combobox","columns":"4"}}}},{"name":"Merknad","localizedName":"Merknad","rmType":"DV_TEXT","nodeId":"at0004","min":"0","max":"1","localizedNames":{"nb":"Merknad"},"localizedDescriptions":{"nb":"Merknadsfelt for ekstra opplysninger vedrørende utreise"},"aqlPath":"/content[openEHR-EHR-ADMIN_ENTRY.hv_pasientliste_geriatri_utreise.v2]/data[at0001]/items[at0004]/value","inputs":[{"type":"TEXT"}],"formId":"hv_pasientliste_geriatri_utreise/hv_pasientliste_geriatri_utreise/merknad","viewConfig":{"size":{"field":"inherit","label":"inherit","fill":"inherit"},"layout":{"label":{"valign":"inherit","align":"top"},"field":{"valign":"inherit","align":"inherit"}},"datasource":{"loadRemote":false,"loadRemoteUrl":"","terminology":""},"advanced":{"hidden":false,"readonly":false},"tags":[],"field":{"input":{"presentation":"textfield","lines":"1"}}}}]}