[{"field":"kontakt/us._av_penis/uspesifisert_hendelse/undersøkelsesstatus/status","conditions":[{"operator":"equals","value":{"code":"ATA"},"actions":[{"action":"show","target":"kontakt/us._av_penis/uspesifisert_hendelse/vurdering_av_funn","value":{"code":""}},{"action":"hide","target":"kontakt/us._av_penis/uspesifisert_hendelse/undersøkelsesstatus/kommentar","value":{"value":""}},{"action":"clear","target":"kontakt/us._av_penis/uspesifisert_hendelse/undersøkelsesstatus/kommentar","value":{"value":""}}]},{"operator":"equals","value":{"code":"ATB"},"actions":[{"action":"hide","target":"kontakt/us._av_penis/uspesifisert_hendelse/vurdering_av_funn","value":{"code":""}},{"action":"clear","target":"kontakt/us._av_penis/uspesifisert_hendelse/vurdering_av_funn","value":{"code":""}},{"action":"hide","target":"kontakt/us._av_penis/uspesifisert_hendelse/beskrivelse","value":{"value":""}},{"action":"clear","target":"kontakt/us._av_penis/uspesifisert_hendelse/beskrivelse","value":{"value":""}},{"action":"hide","target":"generic-field-84986","value":{"value":""}},{"action":"clear","target":"generic-field-84986","value":{"value":""}},{"action":"show","target":"kontakt/us._av_penis/uspesifisert_hendelse/undersøkelsesstatus/kommentar","value":{"value":""}}]},{"operator":"empty","value":null,"actions":[{"action":"hide","target":"kontakt/us._av_penis/uspesifisert_hendelse/undersøkelsesstatus/kommentar","value":{"value":""}},{"action":"clear","target":"kontakt/us._av_penis/uspesifisert_hendelse/undersøkelsesstatus/kommentar","value":{"value":""}},{"action":"hide","target":"kontakt/us._av_penis/uspesifisert_hendelse/vurdering_av_funn","value":{"code":""}},{"action":"clear","target":"kontakt/us._av_penis/uspesifisert_hendelse/vurdering_av_funn","value":{"code":""}},{"action":"hide","target":"kontakt/us._av_penis/uspesifisert_hendelse/beskrivelse","value":{"value":""}},{"action":"clear","target":"kontakt/us._av_penis/uspesifisert_hendelse/beskrivelse","value":{"value":""}},{"action":"hide","target":"generic-field-84986","value":{"value":""}},{"action":"clear","target":"generic-field-84986","value":{"value":""}}]}]},{"field":"kontakt/us._av_penis/uspesifisert_hendelse/vurdering_av_funn","conditions":[{"operator":"equals","value":{"code":"Y01"},"actions":[{"action":"set","target":"kontakt/us._av_penis/uspesifisert_hendelse/beskrivelse","value":{"value":"Upåfallende hud og slimhinne uten erosjoner/sår, vesikler eller kondylomer. Ingen utflod."}},{"action":"hide","target":"generic-field-84986","value":{"value":""}},{"action":"clear","target":"generic-field-84986","value":{"value":""}},{"action":"show","target":"kontakt/us._av_penis/uspesifisert_hendelse/beskrivelse","value":{"value":""}}]},{"operator":"equals","value":{"code":"Y02"},"actions":[{"action":"clear","target":"kontakt/us._av_penis/uspesifisert_hendelse/beskrivelse","value":{"value":"Upåfallende hud og slimhinne uten erosjoner/sår, vesikler eller kondylomer. Ingen utflod."}},{"action":"show","target":"generic-field-84986","value":{"value":""}},{"action":"show","target":"kontakt/us._av_penis/uspesifisert_hendelse/beskrivelse","value":{"value":""}}]},{"operator":"empty","value":null,"actions":[{"action":"hide","target":"kontakt/us._av_penis/uspesifisert_hendelse/beskrivelse","value":{"value":""}},{"action":"clear","target":"kontakt/us._av_penis/uspesifisert_hendelse/beskrivelse","value":{"value":""}},{"action":"hide","target":"generic-field-84986","value":{"value":""}},{"action":"clear","target":"generic-field-84986","value":{"value":""}}]}]},{"field":"kontakt/us._av_scrotum/uspesifisert_hendelse/undersøkelsesstatus/status","conditions":[{"operator":"equals","value":{"code":"ATA"},"actions":[{"action":"show","target":"kontakt/us._av_scrotum/uspesifisert_hendelse/vurdering_av_funn","value":{"code":""}},{"action":"hide","target":"kontakt/us._av_scrotum/uspesifisert_hendelse/undersøkelsesstatus/kommentar","value":{"value":""}},{"action":"clear","target":"kontakt/us._av_penis/uspesifisert_hendelse/undersøkelsesstatus/kommentar","value":{"value":""}}]},{"operator":"equals","value":{"code":"ATB"},"actions":[{"action":"hide","target":"kontakt/us._av_scrotum/uspesifisert_hendelse/vurdering_av_funn","value":{"code":""}},{"action":"clear","target":"kontakt/us._av_scrotum/uspesifisert_hendelse/vurdering_av_funn","value":{"code":""}},{"action":"show","target":"kontakt/us._av_scrotum/uspesifisert_hendelse/undersøkelsesstatus/kommentar","value":{"value":""}}]},{"operator":"empty","value":null,"actions":[{"action":"hide","target":"kontakt/us._av_scrotum/uspesifisert_hendelse/vurdering_av_funn","value":{"code":""}},{"action":"clear","target":"kontakt/us._av_scrotum/uspesifisert_hendelse/vurdering_av_funn","value":{"code":""}},{"action":"hide","target":"kontakt/us._av_scrotum/uspesifisert_hendelse/beskrivelse","value":{"value":""}},{"action":"clear","target":"kontakt/us._av_scrotum/uspesifisert_hendelse/beskrivelse","value":{"value":""}},{"action":"hide","target":"kontakt/us._av_scrotum/uspesifisert_hendelse/undersøkelsesstatus/kommentar","value":{"value":""}},{"action":"clear","target":"kontakt/us._av_scrotum/uspesifisert_hendelse/undersøkelsesstatus/kommentar","value":{"value":""}}]}]},{"field":"kontakt/us._av_scrotum/uspesifisert_hendelse/vurdering_av_funn","conditions":[{"operator":"equals","value":{"code":"Y01"},"actions":[{"action":"set","target":"kontakt/us._av_scrotum/uspesifisert_hendelse/beskrivelse","value":{"value":"Upåfallende hud. Testis og bitestikler palperes uømme, glatte og normalt store."}},{"action":"show","target":"kontakt/us._av_scrotum/uspesifisert_hendelse/beskrivelse","value":{"value":"Upåfallende hud. Testis og bitestikler palperes uømme, glatte og normalt store."}}]},{"operator":"equals","value":{"code":"Y02"},"actions":[{"action":"show","target":"kontakt/us._av_scrotum/uspesifisert_hendelse/beskrivelse","value":{"value":"Upåfallende hud. Testis og bitestikler palperes uømme, glatte og normalt store."}},{"action":"clear","target":"kontakt/us._av_scrotum/uspesifisert_hendelse/beskrivelse","value":{"value":"Upåfallende hud. Testis og bitestikler palperes uømme, glatte og normalt store."}}]},{"operator":"empty","value":null,"actions":[{"action":"hide","target":"kontakt/us._av_scrotum/uspesifisert_hendelse/beskrivelse","value":{"value":"Upåfallende hud. Testis og bitestikler palperes uømme, glatte og normalt store."}},{"action":"clear","target":"kontakt/us._av_scrotum/uspesifisert_hendelse/beskrivelse","value":{"value":"Upåfallende hud. Testis og bitestikler palperes uømme, glatte og normalt store."}}]}]},{"field":"kontakt/us._av_anus/uspesifisert_hendelse/undersøkelsesstatus/status","conditions":[{"operator":"equals","value":{"code":"ATA"},"actions":[{"action":"show","target":"kontakt/us._av_anus/uspesifisert_hendelse/vurdering_av_funn","value":{"code":""}},{"action":"hide","target":"kontakt/us._av_anus/uspesifisert_hendelse/undersøkelsesstatus/kommentar","value":{"value":""}},{"action":"clear","target":"kontakt/us._av_anus/uspesifisert_hendelse/undersøkelsesstatus/kommentar","value":{"value":""}}]},{"operator":"equals","value":{"code":"ATB"},"actions":[{"action":"show","target":"kontakt/us._av_anus/uspesifisert_hendelse/undersøkelsesstatus/kommentar","value":{"value":""}},{"action":"hide","target":"kontakt/us._av_anus/uspesifisert_hendelse/vurdering_av_funn","value":{"code":""}},{"action":"clear","target":"kontakt/us._av_anus/uspesifisert_hendelse/vurdering_av_funn","value":{"code":""}},{"action":"hide","target":"kontakt/us._av_anus/uspesifisert_hendelse/beskrivelse","value":{"value":""}},{"action":"clear","target":"kontakt/us._av_anus/uspesifisert_hendelse/beskrivelse","value":{"value":""}},{"action":"hide","target":"generic-field-39881","value":{"value":""}},{"action":"clear","target":"generic-field-39881","value":{"value":""}}]},{"operator":"empty","value":null,"actions":[{"action":"hide","target":"kontakt/us._av_anus/uspesifisert_hendelse/undersøkelsesstatus/kommentar","value":{"value":""}},{"action":"clear","target":"kontakt/us._av_anus/uspesifisert_hendelse/undersøkelsesstatus/kommentar","value":{"value":""}},{"action":"hide","target":"kontakt/us._av_anus/uspesifisert_hendelse/vurdering_av_funn","value":{"code":""}},{"action":"clear","target":"kontakt/us._av_anus/uspesifisert_hendelse/vurdering_av_funn","value":{"code":""}},{"action":"hide","target":"kontakt/us._av_anus/uspesifisert_hendelse/beskrivelse","value":{"value":""}},{"action":"clear","target":"kontakt/us._av_anus/uspesifisert_hendelse/beskrivelse","value":{"value":""}},{"action":"hide","target":"generic-field-39881","value":{"value":""}},{"action":"clear","target":"generic-field-39881","value":{"value":""}}]}]},{"field":"kontakt/us._av_anus/uspesifisert_hendelse/vurdering_av_funn","conditions":[{"operator":"equals","value":{"code":"Y01"},"actions":[{"action":"show","target":"kontakt/us._av_anus/uspesifisert_hendelse/beskrivelse","value":{"value":""}},{"action":"set","target":"kontakt/us._av_anus/uspesifisert_hendelse/beskrivelse","value":{"value":"Ved anoscopi upåfallende slimhinne uten erosjoner/sår, fissurer, hemorroider eller kondylomer. Ingen utflod."}},{"action":"hide","target":"generic-field-39881","value":{"value":""}},{"action":"clear","target":"generic-field-39881","value":{"value":""}}]},{"operator":"equals","value":{"code":"Y02"},"actions":[{"action":"show","target":"kontakt/us._av_anus/uspesifisert_hendelse/beskrivelse","value":{"value":"Ved anoscopi upåfallende slimhinne uten erosjoner/sår, fissurer, hemorroider eller kondylomer. Ingen utflod."}},{"action":"clear","target":"kontakt/us._av_anus/uspesifisert_hendelse/beskrivelse","value":{"value":"Ved anoscopi upåfallende slimhinne uten erosjoner/sår, fissurer, hemorroider eller kondylomer. Ingen utflod."}},{"action":"show","target":"generic-field-39881","value":{"value":""}}]},{"operator":"empty","value":null,"actions":[{"action":"hide","target":"kontakt/us._av_anus/uspesifisert_hendelse/beskrivelse","value":{"value":"Ved anoscopi upåfallende slimhinne uten erosjoner/sår, fissurer, hemorroider eller kondylomer. Ingen utflod."}},{"action":"clear","target":"kontakt/us._av_anus/uspesifisert_hendelse/beskrivelse","value":{"value":"Ved anoscopi upåfallende slimhinne uten erosjoner/sår, fissurer, hemorroider eller kondylomer. Ingen utflod."}},{"action":"hide","target":"generic-field-39881","value":{"value":""}},{"action":"clear","target":"generic-field-39881","value":{"value":""}}]}]},{"field":"kontakt/rektaleksplorasjon/uspesifisert_hendelse/undersøkelsesstatus/status","conditions":[{"operator":"equals","value":{"code":"ATA"},"actions":[{"action":"show","target":"kontakt/rektaleksplorasjon/uspesifisert_hendelse/vurdering_av_funn","value":{"code":""}},{"action":"hide","target":"kontakt/rektaleksplorasjon/uspesifisert_hendelse/undersøkelsesstatus/kommentar","value":{"value":""}},{"action":"clear","target":"kontakt/rektaleksplorasjon/uspesifisert_hendelse/undersøkelsesstatus/kommentar","value":{"value":""}}]},{"operator":"equals","value":{"code":"ATB"},"actions":[{"action":"hide","target":"kontakt/rektaleksplorasjon/uspesifisert_hendelse/vurdering_av_funn","value":{"code":""}},{"action":"clear","target":"kontakt/rektaleksplorasjon/uspesifisert_hendelse/vurdering_av_funn","value":{"code":""}},{"action":"show","target":"kontakt/rektaleksplorasjon/uspesifisert_hendelse/undersøkelsesstatus/kommentar","value":{"value":""}}]},{"operator":"empty","value":null,"actions":[{"action":"hide","target":"kontakt/rektaleksplorasjon/uspesifisert_hendelse/undersøkelsesstatus/kommentar","value":{"value":""}},{"action":"clear","target":"kontakt/rektaleksplorasjon/uspesifisert_hendelse/undersøkelsesstatus/kommentar","value":{"value":""}},{"action":"hide","target":"kontakt/rektaleksplorasjon/uspesifisert_hendelse/vurdering_av_funn","value":{"code":""}},{"action":"clear","target":"kontakt/rektaleksplorasjon/uspesifisert_hendelse/vurdering_av_funn","value":{"code":""}},{"action":"hide","target":"kontakt/rektaleksplorasjon/uspesifisert_hendelse/beskrivelse","value":{"value":""}},{"action":"clear","target":"kontakt/rektaleksplorasjon/uspesifisert_hendelse/beskrivelse","value":{"value":""}}]}]},{"field":"kontakt/rektaleksplorasjon/uspesifisert_hendelse/vurdering_av_funn","conditions":[{"operator":"equals","value":{"code":"Y01"},"actions":[{"action":"show","target":"kontakt/rektaleksplorasjon/uspesifisert_hendelse/beskrivelse","value":{"value":""}},{"action":"set","target":"kontakt/rektaleksplorasjon/uspesifisert_hendelse/beskrivelse","value":{"value":"Normal sfinktertonus, ingen oppfylninger, prostata normalstor, jevn overflate, velavgrenset, fast elastisk konsistens."}}]},{"operator":"equals","value":{"code":"Y02"},"actions":[{"action":"show","target":"kontakt/rektaleksplorasjon/uspesifisert_hendelse/beskrivelse","value":{"value":"Normal sfinktertonus, ingen oppfylninger, prostata normalstor, jevn overflate, velavgrenset, fast elastisk konsistens."}},{"action":"clear","target":"kontakt/rektaleksplorasjon/uspesifisert_hendelse/beskrivelse","value":{"value":"Normal sfinktertonus, ingen oppfylninger, prostata normalstor, jevn overflate, velavgrenset, fast elastisk konsistens."}}]},{"operator":"empty","value":null,"actions":[{"action":"hide","target":"kontakt/rektaleksplorasjon/uspesifisert_hendelse/beskrivelse","value":{"value":"Normal sfinktertonus, ingen oppfylninger, prostata normalstor, jevn overflate, velavgrenset, fast elastisk konsistens."}},{"action":"clear","target":"kontakt/rektaleksplorasjon/uspesifisert_hendelse/beskrivelse","value":{"value":"Normal sfinktertonus, ingen oppfylninger, prostata normalstor, jevn overflate, velavgrenset, fast elastisk konsistens."}}]}]},{"field":"kontakt/us._av_perianalområdet/uspesifisert_hendelse/undersøkelsesstatus/status","conditions":[{"operator":"equals","value":{"code":"ATA"},"actions":[{"action":"show","target":"kontakt/us._av_perianalområdet/uspesifisert_hendelse/vurdering_av_funn","value":{"code":""}},{"action":"hide","target":"kontakt/us._av_perianalområdet/uspesifisert_hendelse/undersøkelsesstatus/kommentar","value":{"value":""}},{"action":"clear","target":"kontakt/us._av_perianalområdet/uspesifisert_hendelse/undersøkelsesstatus/kommentar","value":{"value":""}}]},{"operator":"equals","value":{"code":"ATB"},"actions":[{"action":"show","target":"kontakt/us._av_perianalområdet/uspesifisert_hendelse/undersøkelsesstatus/kommentar","value":{"value":""}},{"action":"hide","target":"kontakt/us._av_perianalområdet/uspesifisert_hendelse/vurdering_av_funn","value":{"code":""}},{"action":"clear","target":"kontakt/us._av_perianalområdet/uspesifisert_hendelse/vurdering_av_funn","value":{"code":""}},{"action":"hide","target":"kontakt/us._av_perianalområdet/uspesifisert_hendelse/beskrivelse","value":{"value":""}},{"action":"clear","target":"kontakt/us._av_perianalområdet/uspesifisert_hendelse/beskrivelse","value":{"value":""}},{"action":"hide","target":"generic-field-73589","value":{"value":""}},{"action":"clear","target":"generic-field-73589","value":{"value":""}}]},{"operator":"empty","value":null,"actions":[{"action":"hide","target":"kontakt/us._av_perianalområdet/uspesifisert_hendelse/undersøkelsesstatus/kommentar","value":{"value":""}},{"action":"clear","target":"kontakt/us._av_perianalområdet/uspesifisert_hendelse/undersøkelsesstatus/kommentar","value":{"value":""}},{"action":"hide","target":"kontakt/us._av_perianalområdet/uspesifisert_hendelse/vurdering_av_funn","value":{"code":""}},{"action":"clear","target":"kontakt/us._av_perianalområdet/uspesifisert_hendelse/vurdering_av_funn","value":{"code":""}},{"action":"hide","target":"kontakt/us._av_perianalområdet/uspesifisert_hendelse/beskrivelse","value":{"value":""}},{"action":"clear","target":"kontakt/us._av_perianalområdet/uspesifisert_hendelse/beskrivelse","value":{"value":""}},{"action":"hide","target":"generic-field-73589","value":{"value":""}},{"action":"hide","target":"generic-field-73589","value":{"value":""}}]}]},{"field":"kontakt/us._av_perianalområdet/uspesifisert_hendelse/vurdering_av_funn","conditions":[{"operator":"equals","value":{"code":"Y01"},"actions":[{"action":"show","target":"kontakt/us._av_perianalområdet/uspesifisert_hendelse/beskrivelse","value":{"value":""}},{"action":"set","target":"kontakt/us._av_perianalområdet/uspesifisert_hendelse/beskrivelse","value":{"value":"Upåfallende hud uten erosjoner/sår, vesikler eller kondylomer."}},{"action":"show","target":"generic-field-73589","value":{"value":""}}]},{"operator":"equals","value":{"code":"Y02"},"actions":[{"action":"show","target":"kontakt/us._av_perianalområdet/uspesifisert_hendelse/beskrivelse","value":{"value":"Upåfallend hud uten erosjoner/sår, vesikler eller kondylomer."}},{"action":"clear","target":"kontakt/us._av_perianalområdet/uspesifisert_hendelse/beskrivelse","value":{"value":"Upåfallend hud uten erosjoner/sår, vesikler eller kondylomer."}},{"action":"show","target":"generic-field-73589","value":{"value":""}}]},{"operator":"empty","value":null,"actions":[{"action":"hide","target":"kontakt/us._av_perianalområdet/uspesifisert_hendelse/beskrivelse","value":{"value":"Upåfallend hud uten erosjoner/sår, vesikler eller kondylomer."}},{"action":"clear","target":"kontakt/us._av_perianalområdet/uspesifisert_hendelse/beskrivelse","value":{"value":"Upåfallend hud uten erosjoner/sår, vesikler eller kondylomer."}},{"action":"hide","target":"generic-field-73589","value":{"value":""}},{"action":"clear","target":"generic-field-73589","value":{"value":""}}]}]},{"field":"kontakt/us._av_vagina/uspesifisert_hendelse/undersøkelsesstatus/status","conditions":[{"operator":"equals","value":{"code":"ATA"},"actions":[{"action":"show","target":"kontakt/us._av_vagina/uspesifisert_hendelse/vurdering_av_funn","value":{"code":""}},{"action":"hide","target":"kontakt/us._av_vagina/uspesifisert_hendelse/undersøkelsesstatus/kommentar","value":{"value":""}},{"action":"clear","target":"kontakt/us._av_vagina/uspesifisert_hendelse/undersøkelsesstatus/kommentar","value":{"value":""}}]},{"operator":"equals","value":{"code":"ATB"},"actions":[{"action":"show","target":"kontakt/us._av_vagina/uspesifisert_hendelse/undersøkelsesstatus/kommentar","value":{"value":""}},{"action":"hide","target":"kontakt/us._av_vagina/uspesifisert_hendelse/vurdering_av_funn","value":{"code":""}},{"action":"clear","target":"kontakt/us._av_vagina/uspesifisert_hendelse/vurdering_av_funn","value":{"code":""}},{"action":"hide","target":"kontakt/us._av_vagina/uspesifisert_hendelse/beskrivelse","value":{"value":""}},{"action":"clear","target":"kontakt/us._av_vagina/uspesifisert_hendelse/beskrivelse","value":{"value":""}},{"action":"hide","target":"generic-field-89106","value":{"value":""}},{"action":"clear","target":"generic-field-89106","value":{"value":""}}]},{"operator":"empty","value":null,"actions":[{"action":"hide","target":"kontakt/us._av_vagina/uspesifisert_hendelse/undersøkelsesstatus/kommentar","value":{"value":""}},{"action":"clear","target":"kontakt/us._av_vagina/uspesifisert_hendelse/undersøkelsesstatus/kommentar","value":{"value":""}},{"action":"hide","target":"kontakt/us._av_vagina/uspesifisert_hendelse/vurdering_av_funn","value":{"code":""}},{"action":"clear","target":"kontakt/us._av_vagina/uspesifisert_hendelse/vurdering_av_funn","value":{"code":""}},{"action":"hide","target":"kontakt/us._av_vagina/uspesifisert_hendelse/beskrivelse","value":{"value":""}},{"action":"clear","target":"kontakt/us._av_vagina/uspesifisert_hendelse/beskrivelse","value":{"value":""}},{"action":"hide","target":"generic-field-89106","value":{"value":""}},{"action":"clear","target":"generic-field-89106","value":{"value":""}}]}]},{"field":"kontakt/us._av_vagina/uspesifisert_hendelse/vurdering_av_funn","conditions":[{"operator":"equals","value":{"code":"Y01"},"actions":[{"action":"show","target":"kontakt/us._av_vagina/uspesifisert_hendelse/beskrivelse","value":{"value":""}},{"action":"set","target":"kontakt/us._av_vagina/uspesifisert_hendelse/beskrivelse","value":{"value":"Upåfallende slimhinne uten erythem, erosjoner/sår, eller kondylomer. Upåfallende utflod."}},{"action":"hide","target":"generic-field-89106","value":{"value":""}},{"action":"clear","target":"generic-field-89106","value":{"value":""}}]},{"operator":"equals","value":{"code":"Y02"},"actions":[{"action":"show","target":"kontakt/us._av_vagina/uspesifisert_hendelse/beskrivelse","value":{"value":"Upåfallende slimhinne uten erythem, erosjoner/sår, eller kondylomer. Upåfallende utflod."}},{"action":"clear","target":"kontakt/us._av_vagina/uspesifisert_hendelse/beskrivelse","value":{"value":"Upåfallende slimhinne uten erythem, erosjoner/sår, eller kondylomer. Upåfallende utflod."}},{"action":"show","target":"generic-field-89106","value":{"value":""}}]},{"operator":"empty","value":null,"actions":[{"action":"hide","target":"kontakt/us._av_vagina/uspesifisert_hendelse/beskrivelse","value":{"value":"Upåfallende slimhinne uten erythem, erosjoner/sår, eller kondylomer. Upåfallende utflod."}},{"action":"clear","target":"kontakt/us._av_vagina/uspesifisert_hendelse/beskrivelse","value":{"value":"Upåfallende slimhinne uten erythem, erosjoner/sår, eller kondylomer. Upåfallende utflod."}},{"action":"hide","target":"generic-field-89106","value":{"value":""}},{"action":"clear","target":"generic-field-89106","value":{"value":""}}]}]},{"field":"kontakt/us._av_cervix/uspesifisert_hendelse/undersøkelsesstatus/status","conditions":[{"operator":"equals","value":{"code":"ATA"},"actions":[{"action":"show","target":"kontakt/us._av_cervix/uspesifisert_hendelse/vurdering_av_funn","value":{"code":""}},{"action":"hide","target":"kontakt/us._av_cervix/uspesifisert_hendelse/undersøkelsesstatus/kommentar","value":{"value":""}},{"action":"clear","target":"kontakt/us._av_cervix/uspesifisert_hendelse/undersøkelsesstatus/kommentar","value":{"value":""}}]},{"operator":"equals","value":{"code":"ATB"},"actions":[{"action":"show","target":"kontakt/us._av_cervix/uspesifisert_hendelse/undersøkelsesstatus/kommentar","value":{"value":""}},{"action":"hide","target":"kontakt/us._av_cervix/uspesifisert_hendelse/vurdering_av_funn","value":{"code":""}},{"action":"clear","target":"kontakt/us._av_cervix/uspesifisert_hendelse/vurdering_av_funn","value":{"code":""}},{"action":"hide","target":"kontakt/us._av_cervix/uspesifisert_hendelse/beskrivelse","value":{"value":""}},{"action":"clear","target":"kontakt/us._av_cervix/uspesifisert_hendelse/beskrivelse","value":{"value":""}},{"action":"hide","target":"generic-field-10262","value":{"value":""}},{"action":"clear","target":"generic-field-10262","value":{"value":""}}]},{"operator":"empty","value":null,"actions":[{"action":"hide","target":"kontakt/us._av_cervix/uspesifisert_hendelse/undersøkelsesstatus/kommentar","value":{"value":""}},{"action":"clear","target":"kontakt/us._av_cervix/uspesifisert_hendelse/undersøkelsesstatus/kommentar","value":{"value":""}},{"action":"hide","target":"kontakt/us._av_cervix/uspesifisert_hendelse/vurdering_av_funn","value":{"code":""}},{"action":"clear","target":"kontakt/us._av_cervix/uspesifisert_hendelse/vurdering_av_funn","value":{"code":""}},{"action":"hide","target":"kontakt/us._av_cervix/uspesifisert_hendelse/beskrivelse","value":{"value":""}},{"action":"clear","target":"kontakt/us._av_cervix/uspesifisert_hendelse/beskrivelse","value":{"value":""}},{"action":"hide","target":"generic-field-10262","value":{"value":""}},{"action":"clear","target":"generic-field-10262","value":{"value":""}}]}]},{"field":"kontakt/us._av_cervix/uspesifisert_hendelse/vurdering_av_funn","conditions":[{"operator":"equals","value":{"code":"Y01"},"actions":[{"action":"show","target":"kontakt/us._av_cervix/uspesifisert_hendelse/beskrivelse","value":{"value":""}},{"action":"set","target":"kontakt/us._av_cervix/uspesifisert_hendelse/beskrivelse","value":{"value":"Upåfallende, ikke lettblødende slimhinne uten erosjoner, vesikler eller kondylomer. Normalt cervix sekret."}},{"action":"hide","target":"generic-field-10262","value":{"value":""}},{"action":"clear","target":"generic-field-10262","value":{"value":""}}]},{"operator":"equals","value":{"code":"Y02"},"actions":[{"action":"show","target":"kontakt/us._av_cervix/uspesifisert_hendelse/beskrivelse","value":{"value":"Upåfallende, ikke lettblødende slimhinne uten erosjoner, vesikler eller kondylomer. Normalt cervix sekret."}},{"action":"clear","target":"kontakt/us._av_cervix/uspesifisert_hendelse/beskrivelse","value":{"value":"Upåfallende, ikke lettblødende slimhinne uten erosjoner, vesikler eller kondylomer. Normalt cervix sekret."}},{"action":"show","target":"generic-field-10262","value":{"value":""}}]},{"operator":"empty","value":null,"actions":[{"action":"hide","target":"kontakt/us._av_cervix/uspesifisert_hendelse/beskrivelse","value":{"value":"Upåfallende, ikke lettblødende slimhinne uten erosjoner, vesikler eller kondylomer. Normalt cervix sekret."}},{"action":"clear","target":"kontakt/us._av_cervix/uspesifisert_hendelse/beskrivelse","value":{"value":""}},{"action":"hide","target":"generic-field-10262","value":{"value":""}},{"action":"clear","target":"generic-field-10262","value":{"value":""}}]}]},{"field":"kontakt/bimanuell_palpasjon/uspesifisert_hendelse/undersøkelsesstatus/status","conditions":[{"operator":"equals","value":{"code":"ATA"},"actions":[{"action":"show","target":"kontakt/bimanuell_palpasjon/uspesifisert_hendelse/vurdering_av_funn","value":{"code":""}},{"action":"hide","target":"kontakt/bimanuell_palpasjon/uspesifisert_hendelse/undersøkelsesstatus/kommentar","value":{"value":""}},{"action":"clear","target":"kontakt/bimanuell_palpasjon/uspesifisert_hendelse/undersøkelsesstatus/kommentar","value":{"value":""}}]},{"operator":"equals","value":{"code":"ATB"},"actions":[{"action":"hide","target":"kontakt/bimanuell_palpasjon/uspesifisert_hendelse/vurdering_av_funn","value":{"code":""}},{"action":"clear","target":"kontakt/bimanuell_palpasjon/uspesifisert_hendelse/vurdering_av_funn","value":{"code":""}},{"action":"show","target":"kontakt/bimanuell_palpasjon/uspesifisert_hendelse/undersøkelsesstatus/kommentar","value":{"value":""}}]},{"operator":"empty","value":null,"actions":[{"action":"hide","target":"kontakt/bimanuell_palpasjon/uspesifisert_hendelse/undersøkelsesstatus/kommentar","value":{"value":""}},{"action":"clear","target":"kontakt/bimanuell_palpasjon/uspesifisert_hendelse/undersøkelsesstatus/kommentar","value":{"value":""}},{"action":"hide","target":"kontakt/bimanuell_palpasjon/uspesifisert_hendelse/vurdering_av_funn","value":{"code":""}},{"action":"clear","target":"kontakt/bimanuell_palpasjon/uspesifisert_hendelse/vurdering_av_funn","value":{"code":""}},{"action":"hide","target":"kontakt/bimanuell_palpasjon/uspesifisert_hendelse/beskrivelse","value":{"value":""}},{"action":"clear","target":"kontakt/bimanuell_palpasjon/uspesifisert_hendelse/beskrivelse","value":{"value":""}}]}]},{"field":"kontakt/bimanuell_palpasjon/uspesifisert_hendelse/vurdering_av_funn","conditions":[{"operator":"equals","value":{"code":"Y01"},"actions":[{"action":"show","target":"kontakt/bimanuell_palpasjon/uspesifisert_hendelse/beskrivelse","value":{"value":""}},{"action":"set","target":"kontakt/bimanuell_palpasjon/uspesifisert_hendelse/beskrivelse","value":{"value":"Ikke ruggeøm cervix/uterus. Ingen patologiske oppfylninger, uøm over adnexae."}}]},{"operator":"equals","value":{"code":"Y02"},"actions":[{"action":"show","target":"kontakt/bimanuell_palpasjon/uspesifisert_hendelse/beskrivelse","value":{"value":"Ikke ruggeøm cervix/uterus. Ingen patologiske oppfylninger, uøm over adnexae."}},{"action":"clear","target":"kontakt/bimanuell_palpasjon/uspesifisert_hendelse/beskrivelse","value":{"value":"Ikke ruggeøm cervix/uterus. Ingen patologiske oppfylninger, uøm over adnexae."}}]},{"operator":"empty","value":null,"actions":[{"action":"hide","target":"kontakt/bimanuell_palpasjon/uspesifisert_hendelse/beskrivelse","value":{"value":"Ikke ruggeøm cervix/uterus. Ingen patologiske oppfylninger, uøm over adnexae."}},{"action":"clear","target":"kontakt/bimanuell_palpasjon/uspesifisert_hendelse/beskrivelse","value":{"value":"Ikke ruggeøm cervix/uterus. Ingen patologiske oppfylninger, uøm over adnexae."}}]}]},{"field":"kontakt/us._av_vulva/uspesifisert_hendelse/undersøkelsesstatus/status","conditions":[{"operator":"equals","value":{"code":"ATA"},"actions":[{"action":"show","target":"kontakt/us._av_vulva/uspesifisert_hendelse/vurdering_av_funn","value":{"code":""}},{"action":"hide","target":"kontakt/us._av_vulva/uspesifisert_hendelse/undersøkelsesstatus/kommentar","value":{"value":""}},{"action":"clear","target":"kontakt/us._av_vulva/uspesifisert_hendelse/undersøkelsesstatus/kommentar","value":{"value":""}}]},{"operator":"equals","value":{"code":"ATB"},"actions":[{"action":"show","target":"kontakt/us._av_vulva/uspesifisert_hendelse/undersøkelsesstatus/kommentar","value":{"value":""}},{"action":"hide","target":"kontakt/us._av_vulva/uspesifisert_hendelse/vurdering_av_funn","value":{"code":""}},{"action":"clear","target":"kontakt/us._av_vulva/uspesifisert_hendelse/vurdering_av_funn","value":{"code":""}},{"action":"hide","target":"kontakt/us._av_vulva/uspesifisert_hendelse/beskrivelse","value":{"value":""}},{"action":"clear","target":"kontakt/us._av_vulva/uspesifisert_hendelse/beskrivelse","value":{"value":""}},{"action":"hide","target":"generic-field-97245","value":{"value":""}},{"action":"clear","target":"generic-field-97245","value":{"value":""}}]},{"operator":"empty","value":null,"actions":[{"action":"hide","target":"kontakt/us._av_vulva/uspesifisert_hendelse/undersøkelsesstatus/kommentar","value":{"value":""}},{"action":"clear","target":"kontakt/us._av_vulva/uspesifisert_hendelse/undersøkelsesstatus/kommentar","value":{"value":""}},{"action":"hide","target":"kontakt/us._av_vulva/uspesifisert_hendelse/beskrivelse","value":{"value":""}},{"action":"clear","target":"kontakt/us._av_vulva/uspesifisert_hendelse/beskrivelse","value":{"value":""}},{"action":"hide","target":"kontakt/us._av_vulva/uspesifisert_hendelse/vurdering_av_funn","value":{"code":""}},{"action":"clear","target":"kontakt/us._av_vulva/uspesifisert_hendelse/vurdering_av_funn","value":{"code":""}},{"action":"hide","target":"generic-field-97245","value":{"value":""}},{"action":"clear","target":"generic-field-97245","value":{"value":""}}]}]},{"field":"kontakt/us._av_vulva/uspesifisert_hendelse/vurdering_av_funn","conditions":[{"operator":"equals","value":{"code":"Y01"},"actions":[{"action":"show","target":"kontakt/us._av_vulva/uspesifisert_hendelse/beskrivelse","value":{"value":""}},{"action":"set","target":"kontakt/us._av_vulva/uspesifisert_hendelse/beskrivelse","value":{"value":"Upåfallende hud og slimhinne uten eksanthem, erosjoner/sår, fissurer, vesikler eller kondylomer."}},{"action":"hide","target":"generic-field-97245","value":{"value":""}},{"action":"clear","target":"generic-field-97245","value":{"value":""}}]},{"operator":"equals","value":{"code":"Y02"},"actions":[{"action":"show","target":"kontakt/us._av_vulva/uspesifisert_hendelse/beskrivelse","value":{"value":"Upåfallende hud og slimhinne uten eksanthem, erosjoner/sår, fissurer, vesikler eller kondylomer."}},{"action":"clear","target":"kontakt/us._av_vulva/uspesifisert_hendelse/beskrivelse","value":{"value":"Upåfallende hud og slimhinne uten eksanthem, erosjoner/sår, fissurer, vesikler eller kondylomer."}},{"action":"show","target":"generic-field-97245","value":{"value":""}}]},{"operator":"empty","value":null,"actions":[{"action":"hide","target":"kontakt/us._av_vulva/uspesifisert_hendelse/beskrivelse","value":{"value":"Upåfallende hud og slimhinne uten eksanthem, erosjoner/sår, fissurer, vesikler eller kondylomer."}},{"action":"clear","target":"kontakt/us._av_vulva/uspesifisert_hendelse/beskrivelse","value":{"value":"Upåfallende hud og slimhinne uten eksanthem, erosjoner/sår, fissurer, vesikler eller kondylomer."}},{"action":"hide","target":"generic-field-97245","value":{"value":""}},{"action":"clear","target":"generic-field-97245","value":{"value":""}}]}]},{"field":"kontakt/us._av_lepper_og_munnhule/uspesifisert_hendelse/undersøkelsesstatus/status","conditions":[{"operator":"equals","value":{"code":"ATA"},"actions":[{"action":"show","target":"kontakt/us._av_lepper_og_munnhule/uspesifisert_hendelse/vurdering_av_funn","value":{"code":"Y02"}},{"action":"hide","target":"kontakt/us._av_lepper_og_munnhule/uspesifisert_hendelse/undersøkelsesstatus/kommentar","value":{"value":""}},{"action":"clear","target":"kontakt/us._av_lepper_og_munnhule/uspesifisert_hendelse/undersøkelsesstatus/kommentar","value":{"value":""}}]},{"operator":"equals","value":{"code":"ATB"},"actions":[{"action":"hide","target":"kontakt/us._av_lepper_og_munnhule/uspesifisert_hendelse/vurdering_av_funn","value":{"code":""}},{"action":"clear","target":"kontakt/us._av_lepper_og_munnhule/uspesifisert_hendelse/vurdering_av_funn","value":{"code":""}},{"action":"show","target":"kontakt/us._av_lepper_og_munnhule/uspesifisert_hendelse/undersøkelsesstatus/kommentar","value":{"value":""}}]},{"operator":"empty","value":null,"actions":[{"action":"hide","target":"kontakt/us._av_lepper_og_munnhule/uspesifisert_hendelse/vurdering_av_funn","value":{"code":""}},{"action":"clear","target":"kontakt/us._av_lepper_og_munnhule/uspesifisert_hendelse/vurdering_av_funn","value":{"code":""}},{"action":"hide","target":"kontakt/us._av_lepper_og_munnhule/uspesifisert_hendelse/undersøkelsesstatus/kommentar","value":{"value":""}},{"action":"clear","target":"kontakt/us._av_lepper_og_munnhule/uspesifisert_hendelse/undersøkelsesstatus/kommentar","value":{"value":""}},{"action":"hide","target":"kontakt/us._av_lepper_og_munnhule/uspesifisert_hendelse/beskrivelse","value":{"value":""}},{"action":"clear","target":"kontakt/us._av_lepper_og_munnhule/uspesifisert_hendelse/beskrivelse","value":{"value":""}}]}]},{"field":"kontakt/us._av_lepper_og_munnhule/uspesifisert_hendelse/vurdering_av_funn","conditions":[{"operator":"equals","value":{"code":"Y01"},"actions":[{"action":"show","target":"kontakt/us._av_lepper_og_munnhule/uspesifisert_hendelse/beskrivelse","value":{"value":""}},{"action":"set","target":"kontakt/us._av_lepper_og_munnhule/uspesifisert_hendelse/beskrivelse","value":{"value":"Upåfallende hud og slimhinne uten erosjoner/sår, eller vesikler"}}]},{"operator":"equals","value":{"code":"Y02"},"actions":[{"action":"show","target":"kontakt/us._av_lepper_og_munnhule/uspesifisert_hendelse/beskrivelse","value":{"value":"Upåfallende hud og slimhinne uten erosjoner/sår, eller vesikler"}},{"action":"clear","target":"kontakt/us._av_lepper_og_munnhule/uspesifisert_hendelse/beskrivelse","value":{"value":"Upåfallende hud og slimhinne uten erosjoner/sår, eller vesikler"}}]},{"operator":"empty","value":null,"actions":[{"action":"hide","target":"kontakt/us._av_lepper_og_munnhule/uspesifisert_hendelse/beskrivelse","value":{"value":"Upåfallende hud og slimhinne uten erosjoner/sår, eller vesikler"}},{"action":"clear","target":"kontakt/us._av_lepper_og_munnhule/uspesifisert_hendelse/beskrivelse","value":{"value":"Upåfallende hud og slimhinne uten erosjoner/sår, eller vesikler"}}]}]},{"field":"kontakt/us_av_øyne/uspesifisert_hendelse/undersøkelsesstatus/status","conditions":[{"operator":"equals","value":{"code":"ATA"},"actions":[{"action":"show","target":"kontakt/us_av_øyne/uspesifisert_hendelse/vurdering_av_funn","value":{"code":""}},{"action":"hide","target":"kontakt/us_av_øyne/uspesifisert_hendelse/undersøkelsesstatus/kommentar","value":{"value":""}},{"action":"clear","target":"kontakt/us_av_øyne/uspesifisert_hendelse/undersøkelsesstatus/kommentar","value":{"value":""}}]},{"operator":"equals","value":{"code":"ATB"},"actions":[{"action":"hide","target":"kontakt/us_av_øyne/uspesifisert_hendelse/vurdering_av_funn","value":{"code":""}},{"action":"clear","target":"kontakt/us_av_øyne/uspesifisert_hendelse/vurdering_av_funn","value":{"code":""}},{"action":"show","target":"kontakt/us_av_øyne/uspesifisert_hendelse/undersøkelsesstatus/kommentar","value":{"value":""}}]},{"operator":"empty","value":null,"actions":[{"action":"hide","target":"kontakt/us_av_øyne/uspesifisert_hendelse/vurdering_av_funn","value":{"code":""}},{"action":"clear","target":"kontakt/us_av_øyne/uspesifisert_hendelse/vurdering_av_funn","value":{"code":""}},{"action":"hide","target":"kontakt/us_av_øyne/uspesifisert_hendelse/undersøkelsesstatus/kommentar","value":{"value":""}},{"action":"clear","target":"kontakt/us_av_øyne/uspesifisert_hendelse/undersøkelsesstatus/kommentar","value":{"value":""}},{"action":"hide","target":"kontakt/us_av_øyne/uspesifisert_hendelse/beskrivelse","value":{"value":""}},{"action":"clear","target":"kontakt/us_av_øyne/uspesifisert_hendelse/beskrivelse","value":{"value":""}}]}]},{"field":"kontakt/us_av_øyne/uspesifisert_hendelse/vurdering_av_funn","conditions":[{"operator":"equals","value":{"code":"Y01"},"actions":[{"action":"show","target":"kontakt/us_av_øyne/uspesifisert_hendelse/beskrivelse","value":{"value":""}},{"action":"set","target":"kontakt/us_av_øyne/uspesifisert_hendelse/beskrivelse","value":{"value":"Bleke slimhinner, ingen konjunktival injeksjon. Intet puss."}}]},{"operator":"equals","value":{"code":"Y02"},"actions":[{"action":"show","target":"kontakt/us_av_øyne/uspesifisert_hendelse/beskrivelse","value":{"value":"Bleke slimhinner, ingen konjunktival injeksjon. Intet puss."}},{"action":"clear","target":"kontakt/us_av_øyne/uspesifisert_hendelse/beskrivelse","value":{"value":"Bleke slimhinner, ingen konjunktival injeksjon. Intet puss."}}]},{"operator":"empty","value":null,"actions":[{"action":"hide","target":"kontakt/us_av_øyne/uspesifisert_hendelse/beskrivelse","value":{"value":"Bleke slimhinner, ingen konjunktival injeksjon. Intet puss."}},{"action":"clear","target":"kontakt/us_av_øyne/uspesifisert_hendelse/beskrivelse","value":{"value":"Bleke slimhinner, ingen konjunktival injeksjon. Intet puss."}}]}]},{"field":"kontakt/us._av_pubis_inguinalt/uspesifisert_hendelse/undersøkelsesstatus/status","conditions":[{"operator":"equals","value":{"code":"ATA"},"actions":[{"action":"show","target":"kontakt/us._av_pubis_inguinalt/uspesifisert_hendelse/vurdering_av_funn","value":{"code":""}},{"action":"hide","target":"kontakt/us._av_pubis_inguinalt/uspesifisert_hendelse/undersøkelsesstatus/kommentar","value":{"value":""}},{"action":"clear","target":"kontakt/us._av_pubis_inguinalt/uspesifisert_hendelse/undersøkelsesstatus/kommentar","value":{"value":""}}]},{"operator":"equals","value":{"code":"ATB"},"actions":[{"action":"hide","target":"kontakt/us._av_pubis_inguinalt/uspesifisert_hendelse/vurdering_av_funn","value":{"code":""}},{"action":"clear","target":"kontakt/us._av_pubis_inguinalt/uspesifisert_hendelse/vurdering_av_funn","value":{"code":""}},{"action":"show","target":"kontakt/us._av_pubis_inguinalt/uspesifisert_hendelse/undersøkelsesstatus/kommentar","value":{"value":""}}]},{"operator":"empty","value":null,"actions":[{"action":"hide","target":"kontakt/us._av_pubis_inguinalt/uspesifisert_hendelse/vurdering_av_funn","value":{"code":""}},{"action":"clear","target":"kontakt/us._av_pubis_inguinalt/uspesifisert_hendelse/vurdering_av_funn","value":{"code":""}},{"action":"hide","target":"kontakt/us._av_pubis_inguinalt/uspesifisert_hendelse/undersøkelsesstatus/kommentar","value":{"value":""}},{"action":"clear","target":"kontakt/us._av_pubis_inguinalt/uspesifisert_hendelse/undersøkelsesstatus/kommentar","value":{"value":""}},{"action":"hide","target":"kontakt/us._av_pubis_inguinalt/uspesifisert_hendelse/beskrivelse","value":{"value":""}},{"action":"clear","target":"kontakt/us._av_pubis_inguinalt/uspesifisert_hendelse/beskrivelse","value":{"value":""}}]}]},{"field":"kontakt/us._av_pubis_inguinalt/uspesifisert_hendelse/vurdering_av_funn","conditions":[{"operator":"equals","value":{"code":"Y01"},"actions":[{"action":"show","target":"kontakt/us._av_pubis_inguinalt/uspesifisert_hendelse/beskrivelse","value":{"value":""}},{"action":"set","target":"kontakt/us._av_pubis_inguinalt/uspesifisert_hendelse/beskrivelse","value":{"value":"Upåfallende hud uten erosjoner/sår vesikler eller kondylomer. Ingen forstørrede lymfeknuter."}}]},{"operator":"equals","value":{"code":"Y02"},"actions":[{"action":"show","target":"kontakt/us._av_pubis_inguinalt/uspesifisert_hendelse/beskrivelse","value":{"value":"Upåfallende hud uten erosjoner/sår vesikler eller kondylomer. Ingen forstørrede lymfeknuter."}},{"action":"clear","target":"kontakt/us._av_pubis_inguinalt/uspesifisert_hendelse/beskrivelse","value":{"value":"Upåfallende hud uten erosjoner/sår vesikler eller kondylomer. Ingen forstørrede lymfeknuter."}}]},{"operator":"empty","value":null,"actions":[{"action":"hide","target":"kontakt/us._av_pubis_inguinalt/uspesifisert_hendelse/beskrivelse","value":{"value":"Upåfallende hud uten erosjoner/sår vesikler eller kondylomer. Ingen forstørrede lymfeknuter."}},{"action":"clear","target":"kontakt/us._av_pubis_inguinalt/uspesifisert_hendelse/beskrivelse","value":{"value":"Upåfallende hud uten erosjoner/sår vesikler eller kondylomer. Ingen forstørrede lymfeknuter."}}]}]},{"field":"kontakt/us._av_nevro/uspesifisert_hendelse/undersøkelsesstatus/status","conditions":[{"operator":"equals","value":{"code":"ATA"},"actions":[{"action":"show","target":"kontakt/us._av_nevro/uspesifisert_hendelse/vurdering_av_funn","value":{"code":""}},{"action":"hide","target":"kontakt/us._av_nevro/uspesifisert_hendelse/undersøkelsesstatus/kommentar","value":{"value":""}},{"action":"clear","target":"kontakt/us._av_nevro/uspesifisert_hendelse/undersøkelsesstatus/kommentar","value":{"value":""}}]},{"operator":"equals","value":{"code":"ATB"},"actions":[{"action":"hide","target":"kontakt/us._av_nevro/uspesifisert_hendelse/vurdering_av_funn","value":{"code":""}},{"action":"clear","target":"kontakt/us._av_nevro/uspesifisert_hendelse/vurdering_av_funn","value":{"code":""}},{"action":"show","target":"kontakt/us._av_nevro/uspesifisert_hendelse/undersøkelsesstatus/kommentar","value":{"value":""}}]},{"operator":"empty","value":null,"actions":[{"action":"hide","target":"kontakt/us._av_nevro/uspesifisert_hendelse/vurdering_av_funn","value":{"code":""}},{"action":"clear","target":"kontakt/us._av_nevro/uspesifisert_hendelse/vurdering_av_funn","value":{"code":""}},{"action":"hide","target":"kontakt/us._av_nevro/uspesifisert_hendelse/undersøkelsesstatus/kommentar","value":{"value":""}},{"action":"clear","target":"kontakt/us._av_nevro/uspesifisert_hendelse/undersøkelsesstatus/kommentar","value":{"value":""}},{"action":"hide","target":"kontakt/us._av_nevro/uspesifisert_hendelse/beskrivelse","value":{"value":""}},{"action":"clear","target":"kontakt/us._av_nevro/uspesifisert_hendelse/beskrivelse","value":{"value":""}}]}]},{"field":"kontakt/us._av_nevro/uspesifisert_hendelse/vurdering_av_funn","conditions":[{"operator":"equals","value":{"code":"Y01"},"actions":[{"action":"show","target":"kontakt/us._av_nevro/uspesifisert_hendelse/beskrivelse","value":{"value":""}},{"action":"set","target":"kontakt/us._av_nevro/uspesifisert_hendelse/beskrivelse","value":{"value":"Upåfallende anamnese på syn, hørsel. Ikke svimmel eller ustø. Regelmessig hjerteaksjon, rene toner, ingen sikre bilyder. Normale funn ved us av hjernenerver (pupillerefleks, akkomodasjon, øyebevegelser, ansiktsmotorikk og sensibilitet) . Fundoskopi uten sikre patologiske funn. Normal motorikk (kraft, tempo), koordinasjon og cerebellare prøver (finger-nese, kne-hæl og Romberg). Normal sensibilitet for smerte, berøring og vibrasjon. Normale og sidelike reflekser: Biceps, patella, achilles, plantar."}}]},{"operator":"equals","value":{"code":"Y02"},"actions":[{"action":"set","target":"kontakt/us._av_nevro/uspesifisert_hendelse/beskrivelse","value":{"value":"(MÅ REDIGERES) Upåfallende anamnese på syn, hørsel. Ikke svimmel eller ustø. Regelmessig hjerteaksjon, rene toner, ingen sikre bilyder. Normale funn ved us av hjernenerver (pupillerefleks, akkomodasjon, øyebevegelser, ansiktsmotorikk og sensibilitet) . Fundoskopi uten sikre patologiske funn. Normal motorikk (kraft, tempo), koordinasjon og cerebellare prøver (finger-nese, kne-hæl og Romberg). Normal sensibilitet for smerte, berøring og vibrasjon. Normale og sidelike reflekser: Biceps, patella, achilles, plantar."}},{"action":"show","target":"kontakt/us._av_nevro/uspesifisert_hendelse/beskrivelse","value":{"value":"Upåfallende anamnese på syn, hørsel. Ikke svimmel eller ustø. Regelmessig hjerteaksjon, rene toner, ingen sikre bilyder. Normale funn ved us av hjernenerver (pupillerefleks, akkomodasjon, øyebevegelser, ansiktsmotorikk og sensibilitet) . Fundoskopi uten sikre patologiske funn. Normal motorikk (kraft, tempo), koordinasjon og cerebellare prøver (finger-nese, kne-hæl og Romberg). Normal sensibilitet for smerte, berøring og vibrasjon. Normale og sidelike reflekser: Biceps, patella, achilles, plantar."}}]},{"operator":"empty","value":null,"actions":[{"action":"hide","target":"kontakt/us._av_nevro/uspesifisert_hendelse/beskrivelse","value":{"value":"Upåfallende anamnese på syn, hørsel. Ikke svimmel eller ustø. Regelmessig hjerteaksjon, rene toner, ingen sikre bilyder. Normale funn ved us av hjernenerver (pupillerefleks, akkomodasjon, øyebevegelser, ansiktsmotorikk og sensibilitet) . Fundoskopi uten sikre patologiske funn. Normal motorikk (kraft, tempo), koordinasjon og cerebellare prøver (finger-nese, kne-hæl og Romberg). Normal sensibilitet for smerte, berøring og vibrasjon. Normale og sidelike reflekser: Biceps, patella, achilles, plantar."}},{"action":"clear","target":"kontakt/us._av_nevro/uspesifisert_hendelse/beskrivelse","value":{"value":"Upåfallende anamnese på syn, hørsel. Ikke svimmel eller ustø. Regelmessig hjerteaksjon, rene toner, ingen sikre bilyder. Normale funn ved us av hjernenerver (pupillerefleks, akkomodasjon, øyebevegelser, ansiktsmotorikk og sensibilitet) . Fundoskopi uten sikre patologiske funn. Normal motorikk (kraft, tempo), koordinasjon og cerebellare prøver (finger-nese, kne-hæl og Romberg). Normal sensibilitet for smerte, berøring og vibrasjon. Normale og sidelike reflekser: Biceps, patella, achilles, plantar."}}]}]},{"field":"kontakt/us._av_hiv_pos./uspesifisert_hendelse/undersøkelsesstatus/status","conditions":[{"operator":"equals","value":{"code":"ATA"},"actions":[{"action":"show","target":"kontakt/us._av_hiv_pos./uspesifisert_hendelse/vurdering_av_funn","value":{"code":""}},{"action":"hide","target":"kontakt/us._av_hiv_pos./uspesifisert_hendelse/undersøkelsesstatus/kommentar","value":{"value":""}},{"action":"clear","target":"kontakt/us._av_hiv_pos./uspesifisert_hendelse/undersøkelsesstatus/kommentar","value":{"value":""}}]},{"operator":"equals","value":{"code":"ATB"},"actions":[{"action":"hide","target":"kontakt/us._av_hiv_pos./uspesifisert_hendelse/vurdering_av_funn","value":{"code":""}},{"action":"clear","target":"kontakt/us._av_hiv_pos./uspesifisert_hendelse/vurdering_av_funn","value":{"code":""}},{"action":"show","target":"kontakt/us._av_hiv_pos./uspesifisert_hendelse/undersøkelsesstatus/kommentar","value":{"value":""}}]},{"operator":"empty","value":null,"actions":[{"action":"hide","target":"kontakt/us._av_hiv_pos./uspesifisert_hendelse/vurdering_av_funn","value":{"code":""}},{"action":"clear","target":"kontakt/us._av_hiv_pos./uspesifisert_hendelse/vurdering_av_funn","value":{"code":""}},{"action":"hide","target":"kontakt/us._av_hiv_pos./uspesifisert_hendelse/undersøkelsesstatus/kommentar","value":{"value":""}},{"action":"clear","target":"kontakt/us._av_hiv_pos./uspesifisert_hendelse/undersøkelsesstatus/kommentar","value":{"value":""}},{"action":"hide","target":"kontakt/us._av_hiv_pos./uspesifisert_hendelse/beskrivelse","value":{"value":""}},{"action":"clear","target":"kontakt/us._av_hiv_pos./uspesifisert_hendelse/beskrivelse","value":{"value":""}}]}]},{"field":"kontakt/us._av_hiv_pos./uspesifisert_hendelse/vurdering_av_funn","conditions":[{"operator":"equals","value":{"code":"Y01"},"actions":[{"action":"show","target":"kontakt/us._av_hiv_pos./uspesifisert_hendelse/beskrivelse","value":{"value":"Somatisk status: Pasienten er klar og orientert og samarbeider greit. Ubesværet respirasjon. Intet utslett eller sår på kroppen. Fauces: bleke slimhinner, intet utslett eller sår. Collum: Ingen forstørrede lymfeknuter. Cor: Rene toner, regelmessig aksjon, ingen hørbar bilyd. Pulm: normal respirasjonslyd, ingen fremmedlyder. Abdomen: normale tarmlyder, ingen palpable oppfylninger."}},{"action":"set","target":"kontakt/us._av_hiv_pos./uspesifisert_hendelse/beskrivelse","value":{"value":"Somatisk status: Pasienten er klar og orientert og samarbeider greit. Ubesværet respirasjon. Intet utslett eller sår på kroppen. Fauces: bleke slimhinner, intet utslett eller sår. Collum: Ingen forstørrede lymfeknuter. Cor: Rene toner, regelmessig aksjon, ingen hørbar bilyd. Pulm: normal respirasjonslyd, ingen fremmedlyder. Abdomen: normale tarmlyder, ingen palpable oppfylninger."}}]},{"operator":"equals","value":{"code":"Y02"},"actions":[{"action":"show","target":"kontakt/us._av_hiv_pos./uspesifisert_hendelse/beskrivelse","value":{"value":"Somatisk status: Pasienten er klar og orientert og samarbeider greit. Ubesværet respirasjon. Intet utslett eller sår på kroppen. Fauces: bleke slimhinner, intet utslett eller sår. Collum: Ingen forstørrede lymfeknuter. Cor: Rene toner, regelmessig aksjon, ingen hørbar bilyd. Pulm: normal respirasjonslyd, ingen fremmedlyder. Abdomen: normale tarmlyder, ingen palpable oppfylninger."}},{"action":"set","target":"kontakt/us._av_hiv_pos./uspesifisert_hendelse/beskrivelse","value":{"value":"(MÅ REDIGERES) Somatisk status: Pasienten er klar og orientert og samarbeider greit. Ubesværet respirasjon. Intet utslett eller sår på kroppen. Fauces: bleke slimhinner, intet utslett eller sår. Collum: Ingen forstørrede lymfeknuter. Cor: Rene toner, regelmessig aksjon, ingen hørbar bilyd. Pulm: normal respirasjonslyd, ingen fremmedlyder. Abdomen: normale tarmlyder, ingen palpable oppfylninger."}}]},{"operator":"empty","value":null,"actions":[{"action":"hide","target":"kontakt/us._av_hiv_pos./uspesifisert_hendelse/beskrivelse","value":{"value":"Somatisk status: Pasienten er klar og orientert og samarbeider greit. Ubesværet respirasjon. Intet utslett eller sår på kroppen. Fauces: bleke slimhinner, intet utslett eller sår. Collum: Ingen forstørrede lymfeknuter. Cor: Rene toner, regelmessig aksjon, ingen hørbar bilyd. Pulm: normal respirasjonslyd, ingen fremmedlyder. Abdomen: normale tarmlyder, ingen palpable oppfylninger."}},{"action":"clear","target":"kontakt/us._av_hiv_pos./uspesifisert_hendelse/beskrivelse","value":{"value":"Somatisk status: Pasienten er klar og orientert og samarbeider greit. Ubesværet respirasjon. Intet utslett eller sår på kroppen. Fauces: bleke slimhinner, intet utslett eller sår. Collum: Ingen forstørrede lymfeknuter. Cor: Rene toner, regelmessig aksjon, ingen hørbar bilyd. Pulm: normal respirasjonslyd, ingen fremmedlyder. Abdomen: normale tarmlyder, ingen palpable oppfylninger."}}]}]},{"field":"kontakt/us._av_ledd/uspesifisert_hendelse/undersøkelsesstatus/status","conditions":[{"operator":"equals","value":{"code":"ATA"},"actions":[{"action":"show","target":"kontakt/us._av_ledd/uspesifisert_hendelse/vurdering_av_funn","value":{"code":""}},{"action":"hide","target":"kontakt/us._av_ledd/uspesifisert_hendelse/undersøkelsesstatus/kommentar","value":{"value":""}},{"action":"clear","target":"kontakt/us._av_ledd/uspesifisert_hendelse/undersøkelsesstatus/kommentar","value":{"value":""}}]},{"operator":"equals","value":{"code":"ATB"},"actions":[{"action":"hide","target":"kontakt/us._av_ledd/uspesifisert_hendelse/vurdering_av_funn","value":{"code":""}},{"action":"clear","target":"kontakt/us._av_ledd/uspesifisert_hendelse/vurdering_av_funn","value":{"code":""}},{"action":"show","target":"kontakt/us._av_ledd/uspesifisert_hendelse/undersøkelsesstatus/kommentar","value":{"value":""}}]},{"operator":"empty","value":null,"actions":[{"action":"hide","target":"kontakt/us._av_ledd/uspesifisert_hendelse/vurdering_av_funn","value":{"code":""}},{"action":"clear","target":"kontakt/us._av_ledd/uspesifisert_hendelse/vurdering_av_funn","value":{"code":""}},{"action":"hide","target":"kontakt/us._av_ledd/uspesifisert_hendelse/undersøkelsesstatus/kommentar","value":{"value":""}},{"action":"clear","target":"kontakt/us._av_ledd/uspesifisert_hendelse/undersøkelsesstatus/kommentar","value":{"value":""}},{"action":"hide","target":"kontakt/us._av_ledd/uspesifisert_hendelse/beskrivelse","value":{"value":""}},{"action":"clear","target":"kontakt/us._av_ledd/uspesifisert_hendelse/beskrivelse","value":{"value":""}}]}]},{"field":"kontakt/us._av_ledd/uspesifisert_hendelse/vurdering_av_funn","conditions":[{"operator":"equals","value":{"code":"Y01"},"actions":[{"action":"show","target":"kontakt/us._av_ledd/uspesifisert_hendelse/beskrivelse","value":{"value":"Ingen sikker hevelse, rubor eller smerte i små eller mellomstore ledd."}},{"action":"set","target":"kontakt/us._av_ledd/uspesifisert_hendelse/beskrivelse","value":{"value":"Ingen sikker hevelse, rubor eller smerte i små eller mellomstore ledd."}}]},{"operator":"equals","value":{"code":"Y02"},"actions":[{"action":"show","target":"kontakt/us._av_ledd/uspesifisert_hendelse/beskrivelse","value":{"value":"Ingen sikker hevelse, rubor eller smerte i små eller mellomstore ledd."}},{"action":"clear","target":"kontakt/us._av_ledd/uspesifisert_hendelse/beskrivelse","value":{"value":"Ingen sikker hevelse, rubor eller smerte i små eller mellomstore ledd."}}]},{"operator":"empty","value":null,"actions":[{"action":"hide","target":"kontakt/us._av_ledd/uspesifisert_hendelse/beskrivelse","value":{"value":"Ingen sikker hevelse, rubor eller smerte i små eller mellomstore ledd."}},{"action":"clear","target":"kontakt/us._av_ledd/uspesifisert_hendelse/beskrivelse","value":{"value":"Ingen sikker hevelse, rubor eller smerte i små eller mellomstore ledd."}}]}]},{"field":"kontakt/us._av_hud/uspesifisert_hendelse/undersøkelsesstatus/status","conditions":[{"operator":"equals","value":{"code":"ATA"},"actions":[{"action":"show","target":"kontakt/us._av_hud/uspesifisert_hendelse/vurdering_av_funn","value":{"code":"Y02"}},{"action":"hide","target":"kontakt/us._av_hud/uspesifisert_hendelse/undersøkelsesstatus/kommentar","value":{"value":""}},{"action":"clear","target":"kontakt/us._av_hud/uspesifisert_hendelse/undersøkelsesstatus/kommentar","value":{"value":""}}]},{"operator":"equals","value":{"code":"ATB"},"actions":[{"action":"hide","target":"kontakt/us._av_hud/uspesifisert_hendelse/vurdering_av_funn","value":{"code":"Y02"}},{"action":"clear","target":"kontakt/us._av_hud/uspesifisert_hendelse/vurdering_av_funn","value":{"code":"Y02"}},{"action":"show","target":"kontakt/us._av_hud/uspesifisert_hendelse/undersøkelsesstatus/kommentar","value":{"value":""}}]},{"operator":"empty","value":null,"actions":[{"action":"hide","target":"kontakt/us._av_hud/uspesifisert_hendelse/vurdering_av_funn","value":{"code":"Y02"}},{"action":"clear","target":"kontakt/us._av_hud/uspesifisert_hendelse/vurdering_av_funn","value":{"code":"Y02"}},{"action":"hide","target":"kontakt/us._av_hud/uspesifisert_hendelse/beskrivelse","value":{"value":""}},{"action":"clear","target":"kontakt/us._av_hud/uspesifisert_hendelse/beskrivelse","value":{"value":""}},{"action":"hide","target":"kontakt/us._av_hud/uspesifisert_hendelse/undersøkelsesstatus/kommentar","value":{"value":""}},{"action":"clear","target":"kontakt/us._av_hud/uspesifisert_hendelse/undersøkelsesstatus/kommentar","value":{"value":""}}]}]},{"field":"kontakt/us._av_hud/uspesifisert_hendelse/vurdering_av_funn","conditions":[{"operator":"notempty","value":null,"actions":[{"action":"show","target":"kontakt/us._av_hud/uspesifisert_hendelse/beskrivelse","value":{"value":""}}]},{"operator":"empty","value":null,"actions":[{"action":"hide","target":"kontakt/us._av_hud/uspesifisert_hendelse/beskrivelse","value":{"value":""}},{"action":"clear","target":"kontakt/annen_us./uspesifisert_hendelse/beskrivelse","value":{"value":""}}]}]},{"field":"kontakt/annen_us./uspesifisert_hendelse/vurdering_av_funn","conditions":[{"operator":"notempty","value":null,"actions":[{"action":"show","target":"kontakt/annen_us./uspesifisert_hendelse/beskrivelse","value":{"value":""}}]},{"operator":"empty","value":null,"actions":[{"action":"hide","target":"kontakt/annen_us./uspesifisert_hendelse/beskrivelse","value":{"value":""}},{"action":"clear","target":"kontakt/annen_us./uspesifisert_hendelse/beskrivelse","value":{"value":""}}]}]}]