[{"field":"prosedyrerapport/andre_anestesitype@Andre anestesitype/prosedyrenavn","conditions":[{"operator":"empty","actions":[{"action":"clear","target":"prosedyrerapport/andre_anestesitype@Andre anestesitype/ism_transition/current_state"},{"action":"clear","target":"prosedyrerapport/andre_anestesitype@Andre anestesitype/ism_transition/careflow_step"},{"action":"clear","target":"prosedyrerapport/andre_anestesitype@Andre anestesitype/prosedyredetaljer/prosedyretype"},{"action":"clear","target":"prosedyrerapport/andre_anestesitype@Andre anestesitype/prosedyretype"},{"action":"clear","target":"prosedyrerapport/andre_anestesitype@Andre anestesitype/prosedyredetaljer/prosedyrenavn"},{"action":"clear","target":"prosedyrerapport/andre_anestesitype@Andre anestesitype/prosedyredetaljer/legens_beskrivelse@Legens beskrivelse"}]},{"operator":"notempty","actions":[{"action":"set","target":"prosedyrerapport/andre_anestesitype@Andre anestesitype/ism_transition/current_state","value":{"code":"532"}},{"action":"set","target":"prosedyrerapport/andre_anestesitype@Andre anestesitype/ism_transition/careflow_step","value":{"code":"at0043"}},{"action":"set","target":"prosedyrerapport/andre_anestesitype@Andre anestesitype/prosedyredetaljer/prosedyretype","value":{"code":"262134003"}},{"action":"set","target":"prosedyrerapport/andre_anestesitype@Andre anestesitype/prosedyretype","value":{"code":"399248000"}}]}]},{"field":"prosedyrerapport/tredje_anestesitype@Tredje anestesitype/prosedyrenavn","conditions":[{"operator":"empty","actions":[{"action":"clear","target":"prosedyrerapport/andre_anestesitype@Andre anestesitype/ism_transition/current_state"},{"action":"clear","target":"prosedyrerapport/andre_anestesitype@Andre anestesitype/ism_transition/careflow_step"},{"action":"clear","target":"prosedyrerapport/andre_anestesitype@Andre anestesitype/prosedyredetaljer/prosedyretype"},{"action":"clear","target":"prosedyrerapport/andre_anestesitype@Andre anestesitype/prosedyretype"},{"action":"clear","target":"prosedyrerapport/tredje_anestesitype@Tredje anestesitype/prosedyredetaljer/prosedyrenavn"},{"action":"clear","target":"prosedyrerapport/tredje_anestesitype@Tredje anestesitype/prosedyredetaljer/legens_beskrivelse@Legens beskrivelse"}]},{"operator":"notempty","actions":[{"action":"set","target":"prosedyrerapport/andre_anestesitype@Andre anestesitype/ism_transition/current_state","value":{"code":"532"}},{"action":"set","target":"prosedyrerapport/andre_anestesitype@Andre anestesitype/ism_transition/careflow_step","value":{"code":"at0043"}},{"action":"set","target":"prosedyrerapport/andre_anestesitype@Andre anestesitype/prosedyredetaljer/prosedyretype","value":{"code":"262134003"}},{"action":"set","target":"prosedyrerapport/andre_anestesitype@Andre anestesitype/prosedyretype","value":{"code":"399248000"}}]}]},{"field":"prosedyrerapport/fjerde_anestesitype@Fjerde anestesitype/prosedyrenavn","conditions":[{"operator":"empty","actions":[{"action":"clear","target":"prosedyrerapport/fjerde_anestesitype@Fjerde anestesitype/ism_transition/current_state"},{"action":"clear","target":"prosedyrerapport/fjerde_anestesitype@Fjerde anestesitype/ism_transition/careflow_step"},{"action":"clear","target":"prosedyrerapport/fjerde_anestesitype@Fjerde anestesitype/prosedyredetaljer/prosedyretype"},{"action":"clear","target":"prosedyrerapport/fjerde_anestesitype@Fjerde anestesitype/prosedyretype"},{"action":"clear","target":"prosedyrerapport/fjerde_anestesitype@Fjerde anestesitype/prosedyredetaljer/prosedyrenavn"},{"action":"clear","target":"prosedyrerapport/fjerde_anestesitype@Fjerde anestesitype/prosedyredetaljer/legens_beskrivelse@Legens beskrivelse"}]},{"operator":"notempty","actions":[{"action":"set","target":"prosedyrerapport/fjerde_anestesitype@Fjerde anestesitype/ism_transition/current_state","value":{"code":"532"}},{"action":"set","target":"prosedyrerapport/fjerde_anestesitype@Fjerde anestesitype/ism_transition/careflow_step","value":{"code":"at0043"}},{"action":"set","target":"prosedyrerapport/fjerde_anestesitype@Fjerde anestesitype/prosedyredetaljer/prosedyretype","value":{"code":"262134003"}},{"action":"set","target":"prosedyrerapport/fjerde_anestesitype@Fjerde anestesitype/prosedyretype","value":{"code":"399248000"}}]}]},{"field":"prosedyrerapport/femte_anestesitype@Femte anestesitype/prosedyrenavn","conditions":[{"operator":"empty","actions":[{"action":"clear","target":"prosedyrerapport/femte_anestesitype@Femte anestesitype/ism_transition/current_state"},{"action":"clear","target":"prosedyrerapport/femte_anestesitype@Femte anestesitype/ism_transition/careflow_step"},{"action":"clear","target":"prosedyrerapport/femte_anestesitype@Femte anestesitype/prosedyredetaljer/prosedyrenavn"},{"action":"clear","target":"prosedyrerapport/femte_anestesitype@Femte anestesitype/prosedyredetaljer/prosedyretype"},{"action":"clear","target":"prosedyrerapport/femte_anestesitype@Femte anestesitype/prosedyredetaljer/legens_beskrivelse@Legens beskrivelse"},{"action":"clear","target":"prosedyrerapport/femte_anestesitype@Femte anestesitype/prosedyretype"}]},{"operator":"notempty","actions":[{"action":"set","target":"prosedyrerapport/femte_anestesitype@Femte anestesitype/ism_transition/current_state","value":{"code":"532"}},{"action":"set","target":"prosedyrerapport/femte_anestesitype@Femte anestesitype/ism_transition/careflow_step","value":{"code":"at0043"}},{"action":"set","target":"prosedyrerapport/femte_anestesitype@Femte anestesitype/prosedyredetaljer/prosedyretype","value":{"code":"262134003"}},{"action":"set","target":"prosedyrerapport/femte_anestesitype@Femte anestesitype/prosedyretype","value":{"code":"399248000"}}]}]}]