[{"col":1,"row":1,"width":11,"height":177,"children":[{"id":"procedure_report/prosedyre/ism_transition","rows":[{"cols":[{"width":"100%","children":[{"id":"procedure_report/prosedyre/ism_transition/transition","rows":[]},{"id":"procedure_report/prosedyre/ism_transition/current_state","rows":[]},{"id":"procedure_report/prosedyre/ism_transition/careflow_step","rows":[]}]}]}]},{"id":"procedure_report/prosedyre","rows":[{"cols":[{"width":"100%","children":[{"id":"generic-field-37612","rows":[{"cols":[{"width":"50%","children":[{"id":"procedure_report/prosedyre/prosedyrenavn","rows":[]}]},{"width":"50%","children":[{"id":"procedure_report/prosedyre/luftveistilgang@Luftveistilgang/prosedyrenavn","rows":[]}]}]}]},{"id":"procedure_report/prosedyre/prosedyretype","rows":[]},{"id":"generic-field-73534","rows":[{"cols":[{"width":"50%","children":[{"id":"procedure_report/prosedyre/start_anestesi@Start anestesi","rows":[]}]},{"width":"50%","children":[{"id":"procedure_report/prosedyre/slutt_anestesi@Slutt anestesi","rows":[]}]}]}]},{"id":"procedure_report/prosedyre/prosedyredetaljer","rows":[{"cols":[{"width":"100%","children":[{"id":"procedure_report/prosedyre/prosedyredetaljer/prosedyrenavn","rows":[]},{"id":"prosedyrerapport/prosedyre/prosedyredetaljer/prosedyretype","rows":[]},{"id":"procedure_report/prosedyre/prosedyredetaljer/legens_beskrivelse@Legens beskrivelse","rows":[]}]}]}]},{"id":"procedure_report/prosedyre/other_participations","rows":[{"cols":[{"width":"100%","children":[{"id":"procedure_report/prosedyre/function","rows":[]},{"id":"procedure_report/prosedyre/performer","rows":[]}]}]}]}]}]}]},{"id":"generic-field-36861","rows":[]},{"id":"prosedyrerapport/andre_anestesitype@Andre anestesitype","rows":[{"cols":[{"width":"100%","children":[{"id":"prosedyrerapport/andre_anestesitype@Andre anestesitype/ism_transition","rows":[{"cols":[{"width":"100%","children":[{"id":"prosedyrerapport/andre_anestesitype@Andre anestesitype/ism_transition/current_state","rows":[]},{"id":"prosedyrerapport/andre_anestesitype@Andre anestesitype/ism_transition/careflow_step","rows":[]}]}]}]},{"id":"prosedyrerapport/andre_anestesitype@Andre anestesitype/prosedyrenavn","rows":[]},{"id":"prosedyrerapport/andre_anestesitype@Andre anestesitype/prosedyredetaljer","rows":[{"cols":[{"width":"100%","children":[{"id":"prosedyrerapport/andre_anestesitype@Andre anestesitype/prosedyredetaljer/prosedyrenavn","rows":[]},{"id":"prosedyrerapport/andre_anestesitype@Andre anestesitype/prosedyredetaljer/prosedyretype","rows":[]},{"id":"prosedyrerapport/andre_anestesitype@Andre anestesitype/prosedyredetaljer/legens_beskrivelse@Legens beskrivelse","rows":[]}]}]}]},{"id":"prosedyrerapport/andre_anestesitype@Andre anestesitype/prosedyretype","rows":[]}]}]}]},{"id":"generic-field-77463","rows":[]},{"id":"prosedyrerapport/tredje_anestesitype@Tredje anestesitype","rows":[{"cols":[{"width":"100%","children":[{"id":"prosedyrerapport/tredje_anestesitype@Tredje anestesitype/ism_transition","rows":[{"cols":[{"width":"100%","children":[{"id":"prosedyrerapport/tredje_anestesitype@Tredje anestesitype/ism_transition/current_state","rows":[]},{"id":"prosedyrerapport/tredje_anestesitype@Tredje anestesitype/ism_transition/careflow_step","rows":[]}]}]}]},{"id":"prosedyrerapport/tredje_anestesitype@Tredje anestesitype/prosedyrenavn","rows":[]},{"id":"prosedyrerapport/tredje_anestesitype@Tredje anestesitype/prosedyredetaljer","rows":[{"cols":[{"width":"100%","children":[{"id":"prosedyrerapport/tredje_anestesitype@Tredje anestesitype/prosedyredetaljer/prosedyrenavn","rows":[]},{"id":"prosedyrerapport/tredje_anestesitype@Tredje anestesitype/prosedyredetaljer/prosedyretype","rows":[]},{"id":"prosedyrerapport/tredje_anestesitype@Tredje anestesitype/prosedyredetaljer/legens_beskrivelse@Legens beskrivelse","rows":[]}]}]}]},{"id":"prosedyrerapport/tredje_anestesitype@Tredje anestesitype/prosedyretype","rows":[]}]}]}]},{"id":"generic-field-25783","rows":[]},{"id":"prosedyrerapport/fjerde_anestesitype@Fjerde anestesitype","rows":[{"cols":[{"width":"100%","children":[{"id":"prosedyrerapport/fjerde_anestesitype@Fjerde anestesitype/ism_transition","rows":[{"cols":[{"width":"100%","children":[{"id":"prosedyrerapport/fjerde_anestesitype@Fjerde anestesitype/ism_transition/current_state","rows":[]},{"id":"prosedyrerapport/fjerde_anestesitype@Fjerde anestesitype/ism_transition/careflow_step","rows":[]}]}]}]},{"id":"prosedyrerapport/fjerde_anestesitype@Fjerde anestesitype/prosedyrenavn","rows":[]},{"id":"prosedyrerapport/fjerde_anestesitype@Fjerde anestesitype/prosedyredetaljer","rows":[{"cols":[{"width":"100%","children":[{"id":"prosedyrerapport/fjerde_anestesitype@Fjerde anestesitype/prosedyredetaljer/prosedyrenavn","rows":[]},{"id":"prosedyrerapport/fjerde_anestesitype@Fjerde anestesitype/prosedyredetaljer/prosedyretype","rows":[]},{"id":"prosedyrerapport/fjerde_anestesitype@Fjerde anestesitype/prosedyredetaljer/legens_beskrivelse@Legens beskrivelse","rows":[]}]}]}]},{"id":"prosedyrerapport/fjerde_anestesitype@Fjerde anestesitype/prosedyretype","rows":[]}]}]}]},{"id":"generic-field-32561","rows":[]},{"id":"prosedyrerapport/femte_anestesitype@Femte anestesitype","rows":[{"cols":[{"width":"100%","children":[{"id":"prosedyrerapport/femte_anestesitype@Femte anestesitype/ism_transition","rows":[{"cols":[{"width":"100%","children":[{"id":"prosedyrerapport/femte_anestesitype@Femte anestesitype/ism_transition/current_state","rows":[]},{"id":"prosedyrerapport/femte_anestesitype@Femte anestesitype/ism_transition/careflow_step","rows":[]}]}]}]},{"id":"prosedyrerapport/femte_anestesitype@Femte anestesitype/prosedyrenavn","rows":[]},{"id":"prosedyrerapport/femte_anestesitype@Femte anestesitype/prosedyredetaljer","rows":[{"cols":[{"width":"100%","children":[{"id":"prosedyrerapport/femte_anestesitype@Femte anestesitype/prosedyredetaljer/prosedyrenavn","rows":[]},{"id":"prosedyrerapport/femte_anestesitype@Femte anestesitype/prosedyredetaljer/prosedyretype","rows":[]},{"id":"prosedyrerapport/femte_anestesitype@Femte anestesitype/prosedyredetaljer/legens_beskrivelse@Legens beskrivelse","rows":[]}]}]}]},{"id":"prosedyrerapport/femte_anestesitype@Femte anestesitype/prosedyretype","rows":[]}]}]}]},{"id":"generic-field-62939","rows":[]},{"id":"procedure_report/intubasjonsproblem@Intubasjonsproblem","rows":[{"cols":[{"width":"100%","children":[{"id":"procedure_report/intubasjonsproblem@Intubasjonsproblem/intubasjonsproblem@Intubasjonsproblem","rows":[]}]}]},{"cols":[{"width":"50%","children":[{"id":"procedure_report/intubasjonsproblem@Intubasjonsproblem/problem_diagnose_detaljer/diagnosenavn","rows":[]},{"id":"procedure_report/intubasjonsproblem@Intubasjonsproblem/forløpsbeskrivelse","rows":[]},{"id":"generic-field-07423","rows":[]},{"id":"procedure_report/intubasjonsproblem@Intubasjonsproblem/cormack_lehane-klassifikasjon","rows":[{"cols":[{"width":"100%","children":[{"id":"procedure_report/intubasjonsproblem@Intubasjonsproblem/cormack_lehane-klassifikasjon/gradering","rows":[]}]}]}]},{"id":"procedure_report/intubasjonsproblem@Intubasjonsproblem/modifisert_mallampati-klassifikasjon","rows":[{"cols":[{"width":"100%","children":[{"id":"procedure_report/intubasjonsproblem@Intubasjonsproblem/modifisert_mallampati-klassifikasjon/mallampati-klassifikasjon","rows":[]}]}]}]}]},{"width":"50%","children":[{"id":"procedure_report/intubasjonsproblem@Intubasjonsproblem/klinisk_beskrivelse","rows":[]},{"id":"procedure_report/intubasjonsproblem@Intubasjonsproblem/alvorlighetsgrad","rows":[]},{"id":"generic-field-98161","rows":[]},{"id":"procedure_report/intubasjonsproblem@Intubasjonsproblem/cormack_lehane-klassifikasjon/kommentar","rows":[]},{"id":"procedure_report/intubasjonsproblem@Intubasjonsproblem/modifisert_mallampati-klassifikasjon/kommentar","rows":[]}]}]},{"cols":[{"width":"100%","children":[]}]}]},{"id":"procedure_report/annet_problem_ved_anestesi_@Annet problem ved anestesi ","rows":[{"cols":[{"width":"100%","children":[{"id":"procedure_report/annet_problem_ved_anestesi_@Annet problem ved anestesi /problem_diagnosenavn","rows":[]}]}]},{"cols":[{"width":"50%","children":[{"id":"procedure_report/annet_problem_ved_anestesi_@Annet problem ved anestesi /problem_diagnose_detaljer/diagnosenavn","rows":[]},{"id":"procedure_report/annet_problem_ved_anestesi_@Annet problem ved anestesi /forløpsbeskrivelse","rows":[]}]},{"width":"50%","children":[{"id":"procedure_report/annet_problem_ved_anestesi_@Annet problem ved anestesi /klinisk_beskrivelse","rows":[]},{"id":"procedure_report/annet_problem_ved_anestesi_@Annet problem ved anestesi /alvorlighetsgrad","rows":[]}]}]}]}]}]