{"name":"Form root","localizedNames":{},"localizedDescriptions":{},"rmType":"FORM_DEFINITION","min":0,"max":0,"formId":"form_root","viewConfig":{"label":{"custom":false,"useLocalizations":false},"size":{"field":"inherit","label":"inherit"},"layout":{"label":{"valign":"inherit","align":"inherit"},"field":{"valign":"inherit","align":"inherit"}},"annotations":{}},"children":[{"name":"BDS Anestesiklarering","localizedName":"BDS Anestesiklarering","localizedNames":{"en":"*BDS Anestesiklarering (nb)","nb":"Anestesiklarering uten operasjon"},"localizedDescriptions":{"nb":"Arketypen er automatisk generert fra et DIPS Classic BDS skjema.","en":"*Arketypen er automatisk generert fra et DIPS Classic BDS skjema. (nb)"},"rmType":"EVALUATION","nodeId":"openEHR-EHR-EVALUATION.dips_bds_anestesiklarering.v1","min":1,"max":1,"aqlPath":"/content[openEHR-EHR-EVALUATION.dips_bds_anestesiklarering.v1]","inputs":[],"formId":"dips_bds/bds_anestesiklarering","viewConfig":{"multiplicity":{"min":1,"max":1},"advanced":{"hidden":false,"readonly":false,"hideFrame":false,"render":false},"label":{"custom":false,"useLocalizations":false},"size":{"field":"inherit","label":"inherit"},"layout":{"label":{"valign":"inherit","align":"inherit"},"field":{"valign":"inherit","align":"inherit"}},"annotations":{},"field":{}},"children":[{"name":"Operasjonstype","localizedName":"Operasjonstype","localizedNames":{"en":"*Operasjonstype (nb)","nb":"Prosedyre"},"localizedDescriptions":{"nb":"*","en":"** (nb)"},"rmType":"DV_CODED_TEXT","nodeId":"at0013","min":0,"max":1,"aqlPath":"/content[openEHR-EHR-EVALUATION.dips_bds_anestesiklarering.v1]/data[at0001]/items[at0059]/items[at0013]/value","inputs":[{"suffix":"code","type":"CODED_TEXT","list":[{"value":"1","label":"CVK","ordinal":0,"localizedLabels":{"nb":"CVK"},"localizedDescriptions":{}},{"value":"2","label":"ECT","ordinal":0,"localizedLabels":{"nb":"ECT"},"localizedDescriptions":{}},{"value":"3","label":"Bildediagnostikk","ordinal":0,"localizedLabels":{"nb":"Bildediagnostikk"},"localizedDescriptions":{}}],"listOpen":false}],"formId":"dips_bds/bds_anestesiklarering/beskrivelse_operasjon/operasjonstype","viewConfig":{"multiplicity":{"min":0,"max":1},"advanced":{"hidden":false,"readonly":false,"hideFrame":false,"render":false},"label":{"custom":false,"useLocalizations":false},"size":{"field":"medium","label":"inherit"},"layout":{"label":{"valign":"inherit","align":"inherit"},"field":{"valign":"inherit","align":"inherit"}},"annotations":{"codeditem.displayformat":"name"},"field":{"code":{"presentation":"combobox","columns":"1"}},"tags":["ShowAsCombobox"]}},{"name":"Merknad","localizedName":"Merknad","localizedNames":{"en":"*Merknad (nb)","nb":"Beskrivelse"},"localizedDescriptions":{"nb":"*","en":"** (nb)"},"rmType":"DV_TEXT","nodeId":"at0002","min":0,"max":1,"aqlPath":"/content[openEHR-EHR-EVALUATION.dips_bds_anestesiklarering.v1]/data[at0001]/items[at0059]/items[at0002]/value","inputs":[{"type":"TEXT","list":[],"listOpen":false}],"formId":"dips_bds/bds_anestesiklarering/beskrivelse_operasjon/merknad","viewConfig":{"multiplicity":{"min":0,"max":1},"advanced":{"hidden":false,"readonly":false,"hideFrame":false,"render":false},"label":{"custom":false,"useLocalizations":false},"size":{"field":"medium","label":"inherit"},"layout":{"label":{"valign":"inherit","align":"inherit"},"field":{"valign":"inherit","align":"inherit"}},"datasource":{"loadRemote":false,"parameters":{}},"annotations":{},"field":{"lines":null,"input":{}}}},{"name":"Spacer","localizedName":"","localizedNames":{"nb":""},"localizedDescriptions":{},"rmType":"GENERIC_SPACER","min":0,"max":1,"inputs":[],"formId":"generic-field-08533","viewConfig":{"annotations":{},"field":{"height":25,"input":{"height":25}}}},{"name":"Pasientopplysninger","localizedName":"Pasientopplysninger","localizedNames":{"en":"*Pasientopplysninger (nb)","nb":"Pasientopplysninger"},"localizedDescriptions":{"nb":"*","en":"** (nb)"},"rmType":"CLUSTER","nodeId":"at0026","min":1,"max":1,"aqlPath":"/content[openEHR-EHR-EVALUATION.dips_bds_anestesiklarering.v1]/data[at0001]/items[at0026]","inputs":[],"formId":"dips_bds/bds_anestesiklarering/pasientopplysninger","viewConfig":{"multiplicity":{"min":1,"max":1},"advanced":{"hidden":false,"readonly":false,"hideFrame":false,"render":false},"label":{"custom":false,"useLocalizations":false},"size":{"field":"inherit","label":"inherit"},"layout":{"label":{"valign":"inherit","align":"inherit"},"field":{"valign":"inherit","align":"inherit"}},"annotations":{},"field":{}},"children":[{"name":"Hjerte og lungefrisk","localizedName":"Hjerte og lungefrisk","localizedNames":{"en":"*Hjerte og lungefrisk (nb)","nb":"Hjerte og lungefrisk"},"localizedDescriptions":{"nb":"*","en":"** (nb)"},"rmType":"DV_BOOLEAN","nodeId":"at0027","min":0,"max":1,"aqlPath":"/content[openEHR-EHR-EVALUATION.dips_bds_anestesiklarering.v1]/data[at0001]/items[at0026]/items[at0027]/value","inputs":[{"type":"BOOLEAN","defaultValue":"False","listOpen":false}],"formId":"dips_bds/bds_anestesiklarering/pasientopplysninger/hjerte_og_lungefrisk","viewConfig":{"multiplicity":{"min":0,"max":1},"advanced":{"hidden":false,"readonly":false,"hideFrame":false,"render":false},"label":{"custom":false,"useLocalizations":false},"size":{"field":"inherit","label":"inherit"},"layout":{"label":{"valign":"inherit","align":"inherit"},"field":{"valign":"inherit","align":"inherit"}},"annotations":{},"field":{"input":{"threeState":false}}}},{"name":"Hjertelidelser","localizedName":"Hjertelidelser","localizedNames":{"en":"*Hjertelidelser (nb)","nb":"Hjertelidelser"},"localizedDescriptions":{"nb":"*","en":"** (nb)"},"rmType":"DV_BOOLEAN","nodeId":"at0029","min":0,"max":1,"aqlPath":"/content[openEHR-EHR-EVALUATION.dips_bds_anestesiklarering.v1]/data[at0001]/items[at0026]/items[at0029]/value","inputs":[{"type":"BOOLEAN","defaultValue":"False","listOpen":false}],"formId":"dips_bds/bds_anestesiklarering/pasientopplysninger/hjertelidelser","viewConfig":{"multiplicity":{"min":0,"max":1},"advanced":{"hidden":false,"readonly":false,"hideFrame":false,"render":false},"label":{"custom":false,"useLocalizations":false},"size":{"field":"inherit","label":"inherit"},"layout":{"label":{"valign":"inherit","align":"inherit"},"field":{"valign":"inherit","align":"inherit"}},"annotations":{},"field":{"input":{"threeState":false}}}},{"name":"Hypertensjon","localizedName":"Hypertensjon","localizedNames":{"en":"*Hypertensjon (nb)","nb":"Hypertensjon"},"localizedDescriptions":{"nb":"*","en":"** (nb)"},"rmType":"DV_BOOLEAN","nodeId":"at0030","min":0,"max":1,"aqlPath":"/content[openEHR-EHR-EVALUATION.dips_bds_anestesiklarering.v1]/data[at0001]/items[at0026]/items[at0030]/value","inputs":[{"type":"BOOLEAN","defaultValue":"False","listOpen":false}],"formId":"dips_bds/bds_anestesiklarering/pasientopplysninger/hypertensjon","viewConfig":{"multiplicity":{"min":0,"max":1},"advanced":{"hidden":false,"readonly":false,"hideFrame":false,"render":false},"label":{"custom":false,"useLocalizations":false},"size":{"field":"inherit","label":"inherit"},"layout":{"label":{"valign":"inherit","align":"inherit"},"field":{"valign":"inherit","align":"inherit"}},"annotations":{},"field":{"input":{"threeState":false}}}},{"name":"Lungelidelse","localizedName":"Lungelidelse","localizedNames":{"en":"*Lungelidelse (nb)","nb":"Lungelidelse"},"localizedDescriptions":{"nb":"*","en":"** (nb)"},"rmType":"DV_BOOLEAN","nodeId":"at0031","min":0,"max":1,"aqlPath":"/content[openEHR-EHR-EVALUATION.dips_bds_anestesiklarering.v1]/data[at0001]/items[at0026]/items[at0031]/value","inputs":[{"type":"BOOLEAN","defaultValue":"False","listOpen":false}],"formId":"dips_bds/bds_anestesiklarering/pasientopplysninger/lungelidelse","viewConfig":{"multiplicity":{"min":0,"max":1},"advanced":{"hidden":false,"readonly":false,"hideFrame":false,"render":false},"label":{"custom":false,"useLocalizations":false},"size":{"field":"inherit","label":"inherit"},"layout":{"label":{"valign":"inherit","align":"inherit"},"field":{"valign":"inherit","align":"inherit"}},"annotations":{},"field":{"input":{"threeState":false}}}},{"name":"Diabetes","localizedName":"Diabetes","localizedNames":{"en":"*Diabetes (nb)","nb":"Diabetes"},"localizedDescriptions":{"nb":"*","en":"** (nb)"},"rmType":"DV_BOOLEAN","nodeId":"at0032","min":0,"max":1,"aqlPath":"/content[openEHR-EHR-EVALUATION.dips_bds_anestesiklarering.v1]/data[at0001]/items[at0026]/items[at0032]/value","inputs":[{"type":"BOOLEAN","defaultValue":"False","listOpen":false}],"formId":"dips_bds/bds_anestesiklarering/pasientopplysninger/diabetes","viewConfig":{"multiplicity":{"min":0,"max":1},"advanced":{"hidden":false,"readonly":false,"hideFrame":false,"render":false},"label":{"custom":false,"useLocalizations":false},"size":{"field":"inherit","label":"inherit"},"layout":{"label":{"valign":"inherit","align":"inherit"},"field":{"valign":"inherit","align":"inherit"}},"annotations":{},"field":{"input":{"threeState":false}}}},{"name":"Allergi/ med.reaksjon","localizedName":"Allergi/ med.reaksjon","localizedNames":{"en":"*Allergi/ med.reaksjon (nb)","nb":"Allergi/ med.reaksjon"},"localizedDescriptions":{"nb":"*","en":"** (nb)"},"rmType":"DV_BOOLEAN","nodeId":"at0033","min":0,"max":1,"aqlPath":"/content[openEHR-EHR-EVALUATION.dips_bds_anestesiklarering.v1]/data[at0001]/items[at0026]/items[at0033]/value","inputs":[{"type":"BOOLEAN","defaultValue":"False","listOpen":false}],"formId":"dips_bds/bds_anestesiklarering/pasientopplysninger/allergi__med.reaksjon","viewConfig":{"multiplicity":{"min":0,"max":1},"advanced":{"hidden":false,"readonly":false,"hideFrame":false,"render":false},"label":{"custom":false,"useLocalizations":false},"size":{"field":"inherit","label":"inherit"},"layout":{"label":{"valign":"inherit","align":"inherit"},"field":{"valign":"inherit","align":"inherit"}},"annotations":{},"field":{"input":{"threeState":false}}}},{"name":"Refluxproblemer","localizedName":"Refluxproblemer","localizedNames":{"en":"*Refluxproblemer (nb)","nb":"Refluxproblemer"},"localizedDescriptions":{"nb":"*","en":"** (nb)"},"rmType":"DV_BOOLEAN","nodeId":"at0034","min":0,"max":1,"aqlPath":"/content[openEHR-EHR-EVALUATION.dips_bds_anestesiklarering.v1]/data[at0001]/items[at0026]/items[at0034]/value","inputs":[{"type":"BOOLEAN","defaultValue":"False","listOpen":false}],"formId":"dips_bds/bds_anestesiklarering/pasientopplysninger/refluxproblemer","viewConfig":{"multiplicity":{"min":0,"max":1},"advanced":{"hidden":false,"readonly":false,"hideFrame":false,"render":false},"label":{"custom":false,"useLocalizations":false},"size":{"field":"inherit","label":"inherit"},"layout":{"label":{"valign":"inherit","align":"inherit"},"field":{"valign":"inherit","align":"inherit"}},"annotations":{},"field":{"input":{"threeState":false}}}},{"name":"Blødningstendens","localizedName":"Blødningstendens","localizedNames":{"en":"*Blødningstendens (nb)","nb":"Blødningstendens"},"localizedDescriptions":{"nb":"*","en":"** (nb)"},"rmType":"DV_BOOLEAN","nodeId":"at0035","min":0,"max":1,"aqlPath":"/content[openEHR-EHR-EVALUATION.dips_bds_anestesiklarering.v1]/data[at0001]/items[at0026]/items[at0035]/value","inputs":[{"type":"BOOLEAN","defaultValue":"False","listOpen":false}],"formId":"dips_bds/bds_anestesiklarering/pasientopplysninger/blødningstendens","viewConfig":{"multiplicity":{"min":0,"max":1},"advanced":{"hidden":false,"readonly":false,"hideFrame":false,"render":false},"label":{"custom":false,"useLocalizations":false},"size":{"field":"inherit","label":"inherit"},"layout":{"label":{"valign":"inherit","align":"inherit"},"field":{"valign":"inherit","align":"inherit"}},"annotations":{},"field":{"input":{"threeState":false}}}},{"name":"Alvorlig smittsom sykd.","localizedName":"Alvorlig smittsom sykd.","localizedNames":{"en":"*Alvorlig smittsom sykd. (nb)","nb":"Alvorlig smittsom sykd."},"localizedDescriptions":{"nb":"*","en":"** (nb)"},"rmType":"DV_BOOLEAN","nodeId":"at0036","min":0,"max":1,"aqlPath":"/content[openEHR-EHR-EVALUATION.dips_bds_anestesiklarering.v1]/data[at0001]/items[at0026]/items[at0036]/value","inputs":[{"type":"BOOLEAN","defaultValue":"False","listOpen":false}],"formId":"dips_bds/bds_anestesiklarering/pasientopplysninger/alvorlig_smittsom_sykd.","viewConfig":{"multiplicity":{"min":0,"max":1},"advanced":{"hidden":false,"readonly":false,"hideFrame":false,"render":false},"label":{"custom":false,"useLocalizations":false},"size":{"field":"inherit","label":"inherit"},"layout":{"label":{"valign":"inherit","align":"inherit"},"field":{"valign":"inherit","align":"inherit"}},"annotations":{},"field":{"input":{"threeState":false}}}},{"name":"Tidl. ane.komplik.","localizedName":"Tidl. ane.komplik.","localizedNames":{"en":"*Tidl. ane.komplik. (nb)","nb":"Tidl. ane.komplik."},"localizedDescriptions":{"nb":"*","en":"** (nb)"},"rmType":"DV_BOOLEAN","nodeId":"at0037","min":0,"max":1,"aqlPath":"/content[openEHR-EHR-EVALUATION.dips_bds_anestesiklarering.v1]/data[at0001]/items[at0026]/items[at0037]/value","inputs":[{"type":"BOOLEAN","defaultValue":"False","listOpen":false}],"formId":"dips_bds/bds_anestesiklarering/pasientopplysninger/tidl._ane.komplik.","viewConfig":{"multiplicity":{"min":0,"max":1},"advanced":{"hidden":false,"readonly":false,"hideFrame":false,"render":false},"label":{"custom":false,"useLocalizations":false},"size":{"field":"inherit","label":"inherit"},"layout":{"label":{"valign":"inherit","align":"inherit"},"field":{"valign":"inherit","align":"inherit"}},"annotations":{},"field":{"input":{"threeState":false}}}},{"name":"Aneopplysninger","localizedName":"Aneopplysninger","localizedNames":{"en":"*Aneopplysninger (nb)","nb":"Opplysninger"},"localizedDescriptions":{"nb":"*","en":"** (nb)"},"rmType":"DV_TEXT","nodeId":"at0028","min":0,"max":1,"aqlPath":"/content[openEHR-EHR-EVALUATION.dips_bds_anestesiklarering.v1]/data[at0001]/items[at0026]/items[at0028]/value","inputs":[{"type":"TEXT","list":[],"listOpen":false}],"formId":"dips_bds/bds_anestesiklarering/pasientopplysninger/aneopplysninger","viewConfig":{"multiplicity":{"min":0,"max":1},"advanced":{"hidden":false,"readonly":false,"hideFrame":false,"render":false},"label":{"custom":false,"useLocalizations":false},"size":{"field":"inherit","label":"inherit"},"layout":{"label":{"valign":"inherit","align":"top"},"field":{"valign":"inherit","align":"inherit"}},"datasource":{"loadRemote":false,"parameters":{}},"annotations":{},"field":{"lines":"5","input":{"lines":5}}}},{"name":"Høyde (cm)","localizedName":"Høyde (cm)","localizedNames":{"en":"*Høyde (cm) (nb)","nb":"Høyde (cm)"},"localizedDescriptions":{"nb":"*","en":"** (nb)"},"rmType":"DV_TEXT","nodeId":"at0038","min":0,"max":1,"aqlPath":"/content[openEHR-EHR-EVALUATION.dips_bds_anestesiklarering.v1]/data[at0001]/items[at0026]/items[at0038]/value","inputs":[{"type":"TEXT","list":[],"listOpen":false}],"formId":"dips_bds/bds_anestesiklarering/pasientopplysninger/høyde_(cm)","viewConfig":{"multiplicity":{"min":0,"max":1},"advanced":{"hidden":false,"readonly":false,"hideFrame":false,"render":false},"label":{"custom":false,"useLocalizations":false},"size":{"field":"small","label":"inherit"},"layout":{"label":{"valign":"inherit","align":"inherit"},"field":{"valign":"inherit","align":"inherit"}},"datasource":{"loadRemote":false,"parameters":{}},"annotations":{},"field":{"lines":null,"input":{}}}},{"name":"Vekt (kg)","localizedName":"Vekt (kg)","localizedNames":{"en":"*Vekt (kg) (nb)","nb":"Vekt (kg)"},"localizedDescriptions":{"nb":"*","en":"** (nb)"},"rmType":"DV_TEXT","nodeId":"at0039","min":0,"max":1,"aqlPath":"/content[openEHR-EHR-EVALUATION.dips_bds_anestesiklarering.v1]/data[at0001]/items[at0026]/items[at0039]/value","inputs":[{"type":"TEXT","list":[],"listOpen":false}],"formId":"dips_bds/bds_anestesiklarering/pasientopplysninger/vekt_(kg)","viewConfig":{"multiplicity":{"min":0,"max":1},"advanced":{"hidden":false,"readonly":false,"hideFrame":false,"render":false},"label":{"custom":false,"useLocalizations":false},"size":{"field":"small","label":"inherit"},"layout":{"label":{"valign":"inherit","align":"inherit"},"field":{"valign":"inherit","align":"inherit"}},"datasource":{"loadRemote":false,"parameters":{}},"annotations":{},"field":{"lines":null,"input":{}}}},{"name":"Aktivitetsnivå","localizedName":"Aktivitetsnivå","localizedNames":{"en":"*Aktivitetsnivå (nb)","nb":"Aktivitetsnivå"},"localizedDescriptions":{"nb":"*","en":"** (nb)"},"rmType":"DV_CODED_TEXT","nodeId":"at0040","min":0,"max":1,"aqlPath":"/content[openEHR-EHR-EVALUATION.dips_bds_anestesiklarering.v1]/data[at0001]/items[at0026]/items[at0040]/value","inputs":[{"suffix":"code","type":"TEXT","terminology":"ARK-ANE-AKTIVITETSNIVÅ?subset=ARK-ANE-AKTIVITETSNIVÅ","listOpen":false},{"suffix":"value","type":"TEXT","terminology":"ARK-ANE-AKTIVITETSNIVÅ?subset=ARK-ANE-AKTIVITETSNIVÅ","listOpen":false}],"formId":"dips_bds/bds_anestesiklarering/pasientopplysninger/aktivitetsnivå","viewConfig":{"multiplicity":{"min":0,"max":1},"advanced":{"hidden":false,"readonly":false,"hideFrame":false,"render":false},"label":{"custom":false,"useLocalizations":false},"size":{"field":"inherit","label":"inherit"},"layout":{"label":{"valign":"inherit","align":"inherit"},"field":{"valign":"inherit","align":"inherit"}},"datasource":{"loadRemote":true,"loadRemoteUrl":"ARK-ANE-AKTIVITETSNIVÅ?subset=ARK-ANE-AKTIVITETSNIVÅ"},"annotations":{"codeditem.displayformat":"name"},"field":{},"tags":["ShowAsCombobox"]}},{"name":"Almenntilstand","localizedName":"Almenntilstand","localizedNames":{"en":"*Almenntilstand (nb)","nb":"Allmenntilstand"},"localizedDescriptions":{"nb":"*","en":"** (nb)"},"rmType":"DV_CODED_TEXT","nodeId":"at0041","min":0,"max":1,"aqlPath":"/content[openEHR-EHR-EVALUATION.dips_bds_anestesiklarering.v1]/data[at0001]/items[at0026]/items[at0041]/value","inputs":[{"suffix":"code","type":"TEXT","terminology":"ARK-UDS-D- ANE-ALLMENNTILSTAND?subset=ARK-UDS-D- ANE-ALLMENNTILSTAND&language=en-GB","listOpen":false},{"suffix":"value","type":"TEXT","terminology":"ARK-UDS-D- ANE-ALLMENNTILSTAND?subset=ARK-UDS-D- ANE-ALLMENNTILSTAND&language=en-GB","listOpen":false}],"formId":"dips_bds/bds_anestesiklarering/pasientopplysninger/almenntilstand","viewConfig":{"multiplicity":{"min":0,"max":1},"advanced":{"hidden":false,"readonly":false,"hideFrame":false,"render":false},"label":{"custom":false,"useLocalizations":false},"size":{"field":"inherit","label":"inherit"},"layout":{"label":{"valign":"inherit","align":"inherit"},"field":{"valign":"inherit","align":"inherit"}},"datasource":{"loadRemote":true,"loadRemoteUrl":"ARK-UDS-D- ANE-ALLMENNTILSTAND?subset=ARK-UDS-D- ANE-ALLMENNTILSTAND&language=en-GB","parameters":{}},"annotations":{"codeditem.displayformat":"name"},"field":{},"tags":["ShowAsCombobox"]}},{"name":"ASA","localizedName":"ASA","localizedNames":{"en":"*ASA (nb)","nb":"ASA"},"localizedDescriptions":{"nb":"*","en":"** (nb)"},"rmType":"DV_CODED_TEXT","nodeId":"at0042","min":0,"max":1,"aqlPath":"/content[openEHR-EHR-EVALUATION.dips_bds_anestesiklarering.v1]/data[at0001]/items[at0026]/items[at0042]/value","inputs":[{"suffix":"code","type":"TEXT","terminology":"ARK-ANE-ASA?subset=ARK-ANE-ASA","listOpen":false},{"suffix":"value","type":"TEXT","terminology":"ARK-ANE-ASA?subset=ARK-ANE-ASA","listOpen":false}],"formId":"dips_bds/bds_anestesiklarering/pasientopplysninger/asa","viewConfig":{"multiplicity":{"min":0,"max":1},"advanced":{"hidden":false,"readonly":false,"hideFrame":false,"render":false},"label":{"custom":false,"useLocalizations":false},"size":{"field":"inherit","label":"inherit"},"layout":{"label":{"valign":"inherit","align":"inherit"},"field":{"valign":"inherit","align":"inherit"}},"datasource":{"loadRemote":true,"loadRemoteUrl":"ARK-ANE-ASA?subset=ARK-ANE-ASA"},"annotations":{"codeditem.displayformat":"name"},"field":{},"tags":["ShowAsCombobox"]}},{"name":"Merknad","localizedName":"Merknad","localizedNames":{"en":"*Merknad (nb)","nb":"Merknad"},"localizedDescriptions":{"nb":"*","en":"** (nb)"},"rmType":"DV_TEXT","nodeId":"at0043","min":0,"max":1,"aqlPath":"/content[openEHR-EHR-EVALUATION.dips_bds_anestesiklarering.v1]/data[at0001]/items[at0026]/items[at0043]/value","inputs":[{"type":"TEXT","list":[],"listOpen":false}],"formId":"dips_bds/bds_anestesiklarering/pasientopplysninger/merknad","viewConfig":{"multiplicity":{"min":0,"max":1},"advanced":{"hidden":false,"readonly":false,"hideFrame":false,"render":false},"label":{"custom":false,"useLocalizations":false},"size":{"field":"inherit","label":"inherit"},"layout":{"label":{"valign":"inherit","align":"inherit"},"field":{"valign":"inherit","align":"inherit"}},"datasource":{"loadRemote":false,"parameters":{}},"annotations":{},"field":{"lines":"3","input":{"lines":3}}}}]},{"name":"Spacer","localizedName":"","localizedNames":{"nb":""},"localizedDescriptions":{},"rmType":"GENERIC_SPACER","min":0,"max":1,"inputs":[],"formId":"generic-field-11466","viewConfig":{"annotations":{},"field":{"height":25,"input":{"height":25}}}},{"name":"Fieldset","localizedName":"Fieldset","localizedNames":{"en":"*Fieldset (en)","nb":"Fieldset"},"localizedDescriptions":{},"rmType":"GENERIC_FIELDSET","min":0,"max":1,"inputs":[],"formId":"generic-field-26585","viewConfig":{"multiplicity":{"min":0,"max":1},"advanced":{"hidden":false,"readonly":false,"hideFrame":false,"render":false},"label":{"custom":false,"useLocalizations":false},"size":{"field":"inherit","label":"-1"},"layout":{"label":{"valign":"inherit","align":"inherit"},"field":{"valign":"inherit","align":"inherit"}},"annotations":{},"field":{"formId":null,"name":null},"tags":["HideLabel"]},"children":[{"name":"Tannstatus","localizedName":"Tannstatus","localizedNames":{"en":"*Tannstatus (nb)","nb":"Tannstatus"},"localizedDescriptions":{"nb":"*","en":"** (nb)"},"rmType":"DV_CODED_TEXT","nodeId":"at0011","min":0,"max":1,"aqlPath":"/content[openEHR-EHR-EVALUATION.dips_bds_anestesiklarering.v1]/data[at0001]/items[at0059]/items[at0011]/value","inputs":[{"suffix":"code","type":"TEXT","terminology":"ARK-ANE-TANNSTATUS?subset=ARK-ANE-TANNSTATUS","listOpen":false},{"suffix":"value","type":"TEXT","terminology":"ARK-ANE-TANNSTATUS?subset=ARK-ANE-TANNSTATUS","listOpen":false}],"formId":"dips_bds/bds_anestesiklarering/beskrivelse_operasjon/tannstatus","viewConfig":{"multiplicity":{"min":0,"max":1},"advanced":{"hidden":false,"readonly":false,"hideFrame":false,"render":false},"label":{"custom":false,"useLocalizations":false},"size":{"field":"inherit","label":"inherit"},"layout":{"label":{"valign":"inherit","align":"top"},"field":{"valign":"inherit","align":"inherit"}},"datasource":{"loadRemote":true,"loadRemoteUrl":"ARK-ANE-TANNSTATUS?subset=ARK-ANE-TANNSTATUS"},"annotations":{"codeditem.displayformat":"name"},"field":{},"tags":["ShowAsCombobox"]}},{"name":"Spacer","localizedName":"","localizedNames":{"nb":""},"localizedDescriptions":{},"rmType":"GENERIC_SPACER","min":0,"max":1,"inputs":[],"formId":"generic-field-65135","viewConfig":{"annotations":{},"field":{"height":25,"input":{"height":25}}}},{"name":"Intub. forhold","localizedName":"Intub. forhold","localizedNames":{"en":"*Intub. forhold (nb)","nb":"Intub. forhold"},"localizedDescriptions":{"nb":"*","en":"** (nb)"},"rmType":"CLUSTER","nodeId":"at0061","min":1,"max":1,"aqlPath":"/content[openEHR-EHR-EVALUATION.dips_bds_anestesiklarering.v1]/data[at0001]/items[at0061]","inputs":[],"formId":"dips_bds/bds_anestesiklarering/intub._forhold","viewConfig":{"multiplicity":{"min":1,"max":1},"advanced":{"hidden":false,"readonly":false,"hideFrame":false,"render":false},"label":{"custom":false,"useLocalizations":false},"size":{"field":"inherit","label":"-1"},"layout":{"label":{"valign":"inherit","align":"inherit"},"field":{"valign":"inherit","align":"inherit"}},"annotations":{},"field":{},"tags":["HideLabel"]},"children":[{"name":"intubasjon","localizedName":"intubasjon","localizedNames":{"en":"*intubasjon (nb)","nb":"Intubasjonsforhold"},"localizedDescriptions":{"nb":"*","en":"** (nb)"},"rmType":"DV_CODED_TEXT","nodeId":"at0020","min":0,"max":1,"aqlPath":"/content[openEHR-EHR-EVALUATION.dips_bds_anestesiklarering.v1]/data[at0001]/items[at0061]/items[at0020]/value","inputs":[{"suffix":"code","type":"TEXT","terminology":"ARK-ANE-INTUBASJONSFORHOLD?subset=ARK-ANE-INTUBASJONSFORHOLD","listOpen":false},{"suffix":"value","type":"TEXT","terminology":"ARK-ANE-INTUBASJONSFORHOLD?subset=ARK-ANE-INTUBASJONSFORHOLD","listOpen":false}],"formId":"dips_bds/bds_anestesiklarering/intub._forhold/intubasjon","viewConfig":{"multiplicity":{"min":0,"max":1},"advanced":{"hidden":false,"readonly":false,"hideFrame":false,"render":false},"label":{"custom":false,"useLocalizations":false},"size":{"field":"inherit","label":"inherit"},"layout":{"label":{"valign":"inherit","align":"top"},"field":{"valign":"inherit","align":"inherit"}},"datasource":{"loadRemote":true,"loadRemoteUrl":"ARK-ANE-INTUBASJONSFORHOLD?subset=ARK-ANE-INTUBASJONSFORHOLD"},"annotations":{"codeditem.displayformat":"name"},"field":{},"tags":["ShowAsCombobox"]}}]},{"name":"Medikamenter","localizedName":"Medikamenter","localizedNames":{"en":"*Medikamenter (nb)","nb":"Medikamenter"},"localizedDescriptions":{"nb":"*","en":"** (nb)"},"rmType":"CLUSTER","nodeId":"at0045","min":1,"max":1,"aqlPath":"/content[openEHR-EHR-EVALUATION.dips_bds_anestesiklarering.v1]/data[at0001]/items[at0045]","inputs":[],"formId":"dips_bds/bds_anestesiklarering/medikamenter","viewConfig":{"multiplicity":{"min":1,"max":1},"advanced":{"hidden":false,"readonly":false,"hideFrame":false,"render":false},"label":{"custom":false,"useLocalizations":false},"size":{"field":"inherit","label":"-1"},"layout":{"label":{"valign":"inherit","align":"top"},"field":{"valign":"inherit","align":"inherit"}},"annotations":{},"field":{},"tags":["HideLabel"]},"children":[{"name":"NyttFelt","localizedName":"NyttFelt","localizedNames":{"en":"*NyttFelt (nb)","nb":"Medikamenter"},"localizedDescriptions":{"nb":"*","en":"** (nb)"},"rmType":"DV_TEXT","nodeId":"at0046","min":0,"max":1,"aqlPath":"/content[openEHR-EHR-EVALUATION.dips_bds_anestesiklarering.v1]/data[at0001]/items[at0045]/items[at0046]/value","inputs":[{"type":"TEXT","list":[],"listOpen":false}],"formId":"dips_bds/bds_anestesiklarering/medikamenter/nyttfelt","viewConfig":{"multiplicity":{"min":0,"max":1},"advanced":{"hidden":false,"readonly":false,"hideFrame":false,"render":false},"label":{"custom":false,"useLocalizations":false},"size":{"field":"inherit","label":"inherit"},"layout":{"label":{"valign":"inherit","align":"inherit"},"field":{"valign":"inherit","align":"inherit"}},"datasource":{"loadRemote":false,"parameters":{}},"annotations":{},"field":{"lines":null,"input":{}}}}]},{"name":"Premedikasjon","localizedName":"Premedikasjon","localizedNames":{"en":"*Premedikasjon (nb)","nb":"Premedikasjon"},"localizedDescriptions":{"nb":"*","en":"** (nb)"},"rmType":"CLUSTER","nodeId":"at0047","min":1,"max":1,"aqlPath":"/content[openEHR-EHR-EVALUATION.dips_bds_anestesiklarering.v1]/data[at0001]/items[at0047]","inputs":[],"formId":"dips_bds/bds_anestesiklarering/premedikasjon","viewConfig":{"multiplicity":{"min":1,"max":1},"advanced":{"hidden":false,"readonly":false,"hideFrame":false,"render":false},"label":{"custom":false,"useLocalizations":false},"size":{"field":"inherit","label":"-1"},"layout":{"label":{"valign":"inherit","align":"top"},"field":{"valign":"inherit","align":"inherit"}},"annotations":{},"field":{},"tags":["HideLabel"]},"children":[{"name":"Premedikasjon","localizedName":"Premedikasjon","localizedNames":{"en":"*Premedikasjon (nb)","nb":"Premedikasjon"},"localizedDescriptions":{"nb":"*","en":"** (nb)"},"rmType":"DV_TEXT","nodeId":"at0048","min":0,"max":1,"aqlPath":"/content[openEHR-EHR-EVALUATION.dips_bds_anestesiklarering.v1]/data[at0001]/items[at0047]/items[at0048]/value","inputs":[{"type":"TEXT","list":[],"listOpen":false}],"formId":"dips_bds/bds_anestesiklarering/premedikasjon/premedikasjon","viewConfig":{"multiplicity":{"min":0,"max":1},"advanced":{"hidden":false,"readonly":false,"hideFrame":false,"render":false},"label":{"custom":false,"useLocalizations":false},"size":{"field":"inherit","label":"inherit"},"layout":{"label":{"valign":"inherit","align":"inherit"},"field":{"valign":"inherit","align":"inherit"}},"datasource":{"loadRemote":false,"parameters":{}},"annotations":{},"field":{"lines":null,"input":{}}}},{"name":"Egne Morgenmedisiner","localizedName":"Egne Morgenmedisiner","localizedNames":{"en":"*Egne Morgenmedisiner (nb)","nb":"Egne morgenmedisiner"},"localizedDescriptions":{"nb":"*","en":"** (nb)"},"rmType":"DV_TEXT","nodeId":"at0050","min":0,"max":1,"aqlPath":"/content[openEHR-EHR-EVALUATION.dips_bds_anestesiklarering.v1]/data[at0001]/items[at0047]/items[at0050]/value","inputs":[{"type":"TEXT","list":[],"listOpen":false}],"formId":"dips_bds/bds_anestesiklarering/premedikasjon/egne_morgenmedisiner","viewConfig":{"multiplicity":{"min":0,"max":1},"advanced":{"hidden":false,"readonly":false,"hideFrame":false,"render":false},"label":{"custom":false,"useLocalizations":false},"size":{"field":"inherit","label":"inherit"},"layout":{"label":{"valign":"inherit","align":"inherit"},"field":{"valign":"inherit","align":"inherit"}},"datasource":{"loadRemote":false,"parameters":{}},"annotations":{},"field":{"lines":null,"input":{}}}}]}]},{"name":"Spacer","localizedName":"","localizedNames":{"nb":""},"localizedDescriptions":{},"rmType":"GENERIC_SPACER","min":0,"max":1,"inputs":[],"formId":"generic-field-27773","viewConfig":{"annotations":{},"field":{"height":25,"input":{"height":25}}}},{"name":"Anestesimetode","localizedName":"Anestesimetode","localizedNames":{"en":"*Anestesimetode (nb)","nb":"Anestesimetode"},"localizedDescriptions":{"nb":"*","en":"** (nb)"},"rmType":"CLUSTER","nodeId":"at0052","min":1,"max":1,"aqlPath":"/content[openEHR-EHR-EVALUATION.dips_bds_anestesiklarering.v1]/data[at0001]/items[at0052]","inputs":[],"formId":"dips_bds/bds_anestesiklarering/anestesimetode","viewConfig":{"multiplicity":{"min":1,"max":1},"advanced":{"hidden":false,"readonly":false,"hideFrame":false,"render":false},"label":{"custom":false,"useLocalizations":false},"size":{"field":"inherit","label":"inherit"},"layout":{"label":{"valign":"inherit","align":"inherit"},"field":{"valign":"inherit","align":"inherit"}},"annotations":{},"field":{}},"children":[{"name":"Anestesimetode 1","localizedName":"Anestesimetode 1","localizedNames":{"en":"*Anestesimetode 1 (nb)","nb":"Anestesimetode 1"},"localizedDescriptions":{"nb":"*","en":"** (nb)"},"rmType":"DV_CODED_TEXT","nodeId":"at0053","min":0,"max":1,"aqlPath":"/content[openEHR-EHR-EVALUATION.dips_bds_anestesiklarering.v1]/data[at0001]/items[at0052]/items[at0053]/value","inputs":[{"suffix":"code","type":"TEXT","terminology":"ARK-ANE-HOVEDTYPE?subset=ARK-ANE-HOVEDTYPE","listOpen":false},{"suffix":"value","type":"TEXT","terminology":"ARK-ANE-HOVEDTYPE?subset=ARK-ANE-HOVEDTYPE","listOpen":false}],"formId":"dips_bds/bds_anestesiklarering/anestesimetode/anestesimetode_1","viewConfig":{"multiplicity":{"min":0,"max":1},"advanced":{"hidden":false,"readonly":false,"hideFrame":false,"render":false},"label":{"custom":false,"useLocalizations":false},"size":{"field":"inherit","label":"inherit"},"layout":{"label":{"valign":"inherit","align":"inherit"},"field":{"valign":"inherit","align":"inherit"}},"datasource":{"loadRemote":true,"loadRemoteUrl":"ARK-ANE-HOVEDTYPE?subset=ARK-ANE-HOVEDTYPE"},"annotations":{"codeditem.displayformat":"name"},"field":{},"tags":["ShowAsCombobox"]}},{"name":"Anestesimetode 2","localizedName":"Anestesimetode 2","localizedNames":{"en":"*Anestesimetode 2 (nb)","nb":"Anestesimetode 2"},"localizedDescriptions":{"nb":"*","en":"** (nb)"},"rmType":"DV_CODED_TEXT","nodeId":"at0054","min":0,"max":1,"aqlPath":"/content[openEHR-EHR-EVALUATION.dips_bds_anestesiklarering.v1]/data[at0001]/items[at0052]/items[at0054]/value","inputs":[{"suffix":"code","type":"TEXT","terminology":"ARK-ANE-HOVEDTYPE?subset=ARK-ANE-HOVEDTYPE","listOpen":false},{"suffix":"value","type":"TEXT","terminology":"ARK-ANE-HOVEDTYPE?subset=ARK-ANE-HOVEDTYPE","listOpen":false}],"formId":"dips_bds/bds_anestesiklarering/anestesimetode/anestesimetode_2","viewConfig":{"multiplicity":{"min":0,"max":1},"advanced":{"hidden":false,"readonly":false,"hideFrame":false,"render":false},"label":{"custom":false,"useLocalizations":false},"size":{"field":"inherit","label":"inherit"},"layout":{"label":{"valign":"inherit","align":"inherit"},"field":{"valign":"inherit","align":"inherit"}},"datasource":{"loadRemote":true,"loadRemoteUrl":"ARK-ANE-HOVEDTYPE?subset=ARK-ANE-HOVEDTYPE"},"annotations":{"codeditem.displayformat":"name"},"field":{},"tags":["ShowAsCombobox"]}}]},{"name":"Spacer","localizedName":"","localizedNames":{"nb":""},"localizedDescriptions":{},"rmType":"GENERIC_SPACER","min":0,"max":1,"inputs":[],"formId":"generic-field-41315","viewConfig":{"annotations":{},"field":{"height":25,"input":{"height":25}}}},{"name":"Spacer","localizedName":"","localizedNames":{"nb":""},"localizedDescriptions":{},"rmType":"GENERIC_SPACER","min":0,"max":1,"inputs":[],"formId":"generic-field-66398","viewConfig":{"annotations":{},"field":{"height":25,"input":{"height":25}}}},{"name":"Fieldset","localizedName":"Fieldset","localizedNames":{"en":"*Fieldset (en)","nb":"Klarering"},"localizedDescriptions":{},"rmType":"GENERIC_FIELDSET","min":1,"max":1,"inputs":[],"formId":"generic-field-24771","viewConfig":{"multiplicity":{"min":1,"max":1},"advanced":{"hidden":false,"readonly":false,"hideFrame":false,"render":false},"label":{"custom":false,"useLocalizations":false},"size":{"field":"inherit","label":"3"},"layout":{"label":{"valign":"inherit","align":"inherit"},"field":{"valign":"inherit","align":"inherit"}},"annotations":{},"field":{"formId":null,"name":null}},"children":[{"name":"Klarering","localizedName":"Klarering","localizedNames":{"en":"*Klarering (nb)","nb":"Klarering"},"localizedDescriptions":{"nb":"*","en":"** (nb)"},"rmType":"DV_CODED_TEXT","nodeId":"at0056","min":0,"max":1,"aqlPath":"/content[openEHR-EHR-EVALUATION.dips_bds_anestesiklarering.v1]/data[at0001]/items[at0055]/items[at0056]/value","inputs":[{"suffix":"code","type":"TEXT","terminology":"ARK-ANE-ANESTESIKLARERING?subset=ARK-ANE-ANESTESIKLARERING","listOpen":false},{"suffix":"value","type":"TEXT","terminology":"ARK-ANE-ANESTESIKLARERING?subset=ARK-ANE-ANESTESIKLARERING","listOpen":false}],"formId":"dips_bds/bds_anestesiklarering/klarering/klarering","viewConfig":{"multiplicity":{"min":0,"max":1},"advanced":{"hidden":false,"readonly":false,"hideFrame":false,"render":false},"label":{"custom":false,"useLocalizations":false},"size":{"field":"inherit","label":"inherit"},"layout":{"label":{"valign":"inherit","align":"inherit"},"field":{"valign":"inherit","align":"inherit"}},"datasource":{"loadRemote":true,"loadRemoteUrl":"ARK-ANE-ANESTESIKLARERING?subset=ARK-ANE-ANESTESIKLARERING"},"annotations":{"codeditem.displayformat":"name"},"field":{},"tags":["ShowAsCombobox"]}},{"name":"Merknad","localizedName":"Merknad","localizedNames":{"en":"*Merknad (nb)","nb":"Merknad"},"localizedDescriptions":{"nb":"*","en":"** (nb)"},"rmType":"DV_TEXT","nodeId":"at0057","min":0,"max":1,"aqlPath":"/content[openEHR-EHR-EVALUATION.dips_bds_anestesiklarering.v1]/data[at0001]/items[at0055]/items[at0057]/value","inputs":[{"type":"TEXT","list":[],"listOpen":false}],"formId":"dips_bds/bds_anestesiklarering/klarering/merknad","viewConfig":{"multiplicity":{"min":0,"max":1},"advanced":{"hidden":false,"readonly":false,"hideFrame":false,"render":false},"label":{"custom":false,"useLocalizations":false},"size":{"field":"inherit","label":"inherit"},"layout":{"label":{"valign":"inherit","align":"inherit"},"field":{"valign":"inherit","align":"inherit"}},"datasource":{"loadRemote":false,"parameters":{}},"annotations":{},"field":{"lines":"3","input":{"lines":3}}}},{"name":"NyttFelt","localizedName":"NyttFelt","localizedNames":{"en":"*NyttFelt (nb)","nb":"Tilsyn anestesisykepleier"},"localizedDescriptions":{"nb":"*","en":"** (nb)"},"rmType":"DV_CODED_TEXT","nodeId":"at0058","min":0,"max":1,"aqlPath":"/content[openEHR-EHR-EVALUATION.dips_bds_anestesiklarering.v1]/data[at0001]/items[at0055]/items[at0058]/value","inputs":[{"suffix":"code","type":"TEXT","terminology":"DIPS?subset=healthcareparty_internal","listOpen":false},{"suffix":"value","type":"TEXT","terminology":"DIPS?subset=healthcareparty_internal","listOpen":false}],"formId":"dips_bds/bds_anestesiklarering/klarering/nyttfelt","viewConfig":{"multiplicity":{"min":0,"max":1},"advanced":{"hidden":false,"readonly":false,"hideFrame":false,"render":false},"label":{"custom":false,"useLocalizations":false},"size":{"field":"inherit","label":"inherit"},"layout":{"label":{"valign":"inherit","align":"inherit"},"field":{"valign":"inherit","align":"inherit"}},"datasource":{"loadRemote":true,"loadRemoteUrl":"DIPS?subset=healthcareparty_internal","parameters":{}},"annotations":{"codeditem.displayformat":"name"},"field":{}}},{"name":"Godkjenner av tilsyn:","localizedName":"Godkjenner av tilsyn:","localizedNames":{"en":"*Godkjenner av tilsyn: (nb)","nb":"Godkjenner av tilsyn"},"localizedDescriptions":{"nb":"*","en":"** (nb)"},"rmType":"DV_CODED_TEXT","nodeId":"at0025","min":0,"max":1,"aqlPath":"/content[openEHR-EHR-EVALUATION.dips_bds_anestesiklarering.v1]/data[at0001]/items[at0063]/items[at0025]/value","inputs":[{"suffix":"code","type":"TEXT","terminology":"DIPS?subset=healthcareparty_internal","listOpen":false},{"suffix":"value","type":"TEXT","terminology":"DIPS?subset=healthcareparty_internal","listOpen":false}],"formId":"dips_bds/bds_anestesiklarering/tilsyn_anestesi-spl:/godkjenner_av_tilsyn:","viewConfig":{"multiplicity":{"min":0,"max":1},"advanced":{"hidden":false,"readonly":false,"hideFrame":false,"render":false},"label":{"custom":false,"useLocalizations":false},"size":{"field":"inherit","label":"inherit"},"layout":{"label":{"valign":"inherit","align":"inherit"},"field":{"valign":"inherit","align":"inherit"}},"datasource":{"loadRemote":true,"loadRemoteUrl":"DIPS?subset=healthcareparty_internal","parameters":{}},"annotations":{"codeditem.displayformat":"name"},"field":{}}},{"name":"Dato for tilsyn:","localizedName":"Dato for tilsyn:","localizedNames":{"en":"*Dato for tilsyn: (nb)","nb":"Dato"},"localizedDescriptions":{"nb":"*","en":"** (nb)"},"rmType":"DV_DATE","nodeId":"at0024","min":0,"max":1,"aqlPath":"/content[openEHR-EHR-EVALUATION.dips_bds_anestesiklarering.v1]/data[at0001]/items[at0063]/items[at0024]/value","inputs":[{"type":"DATE","listOpen":false}],"formId":"dips_bds/bds_anestesiklarering/tilsyn_anestesi-spl:/dato_for_tilsyn:","viewConfig":{"multiplicity":{"min":0,"max":1},"advanced":{"hidden":false,"readonly":false,"hideFrame":false,"render":false},"label":{"custom":false,"useLocalizations":false},"size":{"field":"inherit","label":"inherit"},"layout":{"label":{"valign":"inherit","align":"inherit"},"field":{"valign":"inherit","align":"inherit"}},"annotations":{},"field":{"input":{"hideTime":false,"dateFormat":"","hideDate":false}}}}]},{"name":"Spacer","localizedName":"","localizedNames":{"nb":""},"localizedDescriptions":{},"rmType":"GENERIC_SPACER","min":0,"max":1,"inputs":[],"formId":"generic-field-62791","viewConfig":{"annotations":{},"field":{"height":25,"input":{"height":25}}}}]}]}