{"formId":"form_root","name":"Form root","rmType":"FORM_DEFINITION","viewConfig":{"label":{"custom":false,"value":"","useLocalizations":true,"localizationsList":{"nb":"Encounter"}},"size":{"field":"inherit","label":"inherit","fill":"inherit"},"layout":{"label":{"valign":"inherit","align":"inherit"},"field":{"valign":"inherit","align":"inherit"}},"tags":[]},"language":"","templateLanguages":["nb"],"children":[{"localizedName":"Fieldset","localizedNames":{"nb":"MADRS skjema (Montgomery and Åsberg Depression Rating Scale)"},"min":0,"max":-1,"name":"Fieldset","rmType":"GENERIC_FIELDSET","fid":"generic-field-66693","formId":"generic-field-66693","children":[{"localizedName":"Fieldset","localizedNames":{"nb":"Spørsmål 1 skal vurderes etter intervjuets slutt. Resten av spørsmålene krysses av underveis"},"min":0,"max":-1,"name":"Fieldset","rmType":"GENERIC_FIELDSET","fid":"generic-field-87239","formId":"generic-field-87239","viewConfig":{"label":{"custom":true,"value":"Spørsmål 1 skal vurderes etter intervjuets slutt. Resten av spørsmålene krysses av underveis","useLocalizations":true,"localizationsList":{"nb":"Spørsmål 1 skal vurderes etter intervjuets slutt. Resten av spørsmålene krysses av underveis"}},"advanced":{"hidden":false,"readonly":true,"render":true},"multiplicity":{"min":"0","max":"1"},"size":{"field":"inherit","label":"inherit","fill":"inherit"},"layout":{"label":{"valign":"top","align":"top"},"field":{"valign":"inherit","align":"left"}},"field":{},"tags":[],"annotations":{"HeaderSize":"text"}},"children":[]},{"localizedName":"Fieldset","localizedNames":{"nb":"0-9 poeng: Ingen depresjon10-19 poeng: Lett depresjon, ikke medikamentell behandling20-34 poeng: Medikamentell behandling samt samtale-terapi> 35 poeng: Alvorlig depresjon"},"min":0,"max":-1,"name":"Fieldset","rmType":"GENERIC_FIELDSET","fid":"generic-field-16571","formId":"generic-field-16571","viewConfig":{"label":{"custom":true,"value":"0-9 poeng: Ingen depresjon10-19 poeng: Lett depresjon, ikke medikamentell behandling20-34 poeng: Medikamentell behandling samt samtale-terapi> 35 poeng: Alvorlig depresjon","useLocalizations":true,"localizationsList":{"nb":"0-9 poeng: Ingen depresjon10-19 poeng: Lett depresjon, ikke medikamentell behandling20-34 poeng: Medikamentell behandling samt samtale-terapi> 35 poeng: Alvorlig depresjon"}},"advanced":{"hidden":false,"readonly":true,"render":true},"multiplicity":{"min":"0","max":"1"},"size":{"field":"inherit","label":"inherit","fill":"inherit"},"layout":{"label":{"valign":"top","align":"top"},"field":{"valign":"inherit","align":"left"}},"field":{},"annotations":{"HeaderSize":"text"},"tags":[]},"children":[]}],"viewConfig":{"label":{"custom":true,"value":"MADRS skjema (Montgomery and Åsberg Depression Rating Scale)","useLocalizations":true,"localizationsList":{"nb":"MADRS skjema (Montgomery and Åsberg Depression Rating Scale)"}},"advanced":{"hidden":false,"readonly":false,"render":false},"multiplicity":{"min":"0","max":"1"},"size":{"field":"inherit","label":"inherit","fill":"inherit"},"layout":{"label":{"valign":"inherit","align":"inherit"},"field":{"valign":"inherit","align":"inherit"}},"field":{},"tags":[]}},{"name":"MADRS","localizedName":"MADRS","rmType":"OBSERVATION","nodeId":"openEHR-EHR-OBSERVATION.madrs.v1","min":0,"max":-1,"localizedNames":{"nb":"MADRS skjema (Montgomery and Åsberg Depression Rating Scale)"},"localizedDescriptions":{"nb":"MADRS (Montgomery and Åsberg Depression Rating Scale), reliabelt instrument som kombinerer frekvens og intensitet av depresjonssymptomene."},"aqlPath":"/content[openEHR-EHR-OBSERVATION.madrs.v1]","children":[{"name":"Tristhet","localizedName":"Tristhet","rmType":"DV_ORDINAL","nodeId":"at0005","min":0,"max":1,"localizedNames":{"nb":"Tristhet"},"localizedDescriptions":{"nb":"Tar sikte på subjektivt opplevet sinnsstemning, uansett om stemningen gir seg ytre uttrykk eller ikke. Omfatter senket stemningsleie, tristhet, oppgitthet, tungsinn, håpløshet og hjelpeløshet. Gradér i henhold til intensitet, varighet og i hvilken grad sinnsstemningen påvirkes av ytre omstendigheter. Oppstemthet skåres som 0."},"annotations":{"comment":"Spørsmål: Har du vært vedvarende deprimert eller nedfor mesteparten av dagen hver dag de siste tre døgn?"},"aqlPath":"/content[openEHR-EHR-OBSERVATION.madrs.v1]/data[at0001]/events[at0002]/data[at0003]/items[at0005]/value","inputs":[{"type":"CODED_TEXT","list":[{"value":"at0014","label":"0 - Stort sett indifferent stemningsleie. Leilighetsvis tristhet når omstendighetene tilsier det","localizedLabels":{"nb":"0 - Stort sett indifferent stemningsleie. Leilighetsvis tristhet når omstendighetene tilsier det"},"localizedDescriptions":{"nb":"*"},"ordinal":0},{"value":"at0015","label":"1 - mellom 0 og 2","localizedLabels":{"nb":"1 - mellom 0 og 2"},"localizedDescriptions":{"nb":"*"},"ordinal":1},{"value":"at0023","label":"2 - Overveiende følelse av nedstemthet, men lysere øyeblikk forekommer","localizedLabels":{"nb":"2 - Overveiende følelse av nedstemthet, men lysere øyeblikk forekommer"},"localizedDescriptions":{"nb":"*"},"ordinal":2},{"value":"at0024","label":"3 - mellom 2 og 4","localizedLabels":{"nb":"3 - mellom 2 og 4"},"localizedDescriptions":{"nb":"*"},"ordinal":3},{"value":"at0025","label":"4 - Gjennomtrengende følelse av tristhet og dysterhet. Sinnsstemningen influeres knapt av ytre omstendigheter","localizedLabels":{"nb":"4 - Gjennomtrengende følelse av tristhet og dysterhet. Sinnsstemningen influeres knapt av ytre omstendigheter"},"localizedDescriptions":{"nb":"*"},"ordinal":4},{"value":"at0026","label":"5 - mellom 4 og 6","localizedLabels":{"nb":"5 - mellom 4 og 6"},"localizedDescriptions":{"nb":"*"},"ordinal":5},{"value":"at0027","label":"6 - Konstant opplevelse av sterk tristhet og fortvilelse","localizedLabels":{"nb":"6 - Konstant opplevelse av sterk tristhet og fortvilelse"},"localizedDescriptions":{"nb":"*"},"ordinal":6}]}],"formId":"encounter/madrs/tristhet","viewConfig":{"label":{"custom":true,"value":"Tristhet - Har du vært vedvarende deprimert eller nedfor mesteparten av dagen hver dag de siste tre døgn?","useLocalizations":true,"localizationsList":{"nb":"Tristhet - Har du vært vedvarende deprimert eller nedfor mesteparten av dagen hver dag de siste tre døgn?"}},"advanced":{"hidden":false,"readonly":false},"multiplicity":{"min":"1","max":"1"},"size":{"field":"inherit","label":"inherit","fill":"inherit"},"layout":{"label":{"valign":"inherit","align":"top"},"field":{"valign":"inherit","align":"inherit"}},"datasource":{"loadRemote":false,"loadRemoteUrl":"","terminology":""},"annotations":{"calcid":"felt2"},"tags":[],"field":{"input":{"presentation":"combobox"}}},"defaultValue":{"value":""},"fid":"encounter/madrs/tristhet"},{"name":"Indre spenning","localizedName":"Indre spenning","rmType":"DV_ORDINAL","nodeId":"at0006","min":0,"max":1,"localizedNames":{"nb":"Indre spenning"},"localizedDescriptions":{"nb":"Sikter på følelse av vag ulystfølelse, ubehagelig indre spenning, uro og angst stigende til panikk. Gradér i henhold til intensitet, varighet og behov for hjelp og støtte. Skilles fra tristhet (2)"},"annotations":{"comment":"Spørsmål: Har du merket noen uro, spenning eller angst siste tre døgn?"},"aqlPath":"/content[openEHR-EHR-OBSERVATION.madrs.v1]/data[at0001]/events[at0002]/data[at0003]/items[at0006]/value","inputs":[{"type":"CODED_TEXT","list":[{"value":"at0028","label":"0 - Rolig, bare antydning til indre spenning","localizedLabels":{"nb":"0 - Rolig, bare antydning til indre spenning"},"localizedDescriptions":{"nb":"*"},"ordinal":0},{"value":"at0029","label":"1 - mellom 0 og 2","localizedLabels":{"nb":"1 - mellom 0 og 2"},"localizedDescriptions":{"nb":"*"},"ordinal":1},{"value":"at0030","label":"2 - Leilighetsvis følelse av ubehagelig psykisk spenning og vag uro","localizedLabels":{"nb":"2 - Leilighetsvis følelse av ubehagelig psykisk spenning og vag uro"},"localizedDescriptions":{"nb":"*"},"ordinal":2},{"value":"at0031","label":"3 - mellom 2 og 4","localizedLabels":{"nb":"3 - mellom 2 og 4"},"localizedDescriptions":{"nb":"*"},"ordinal":3},{"value":"at0032","label":"4 - Vedvarende følelse av indre spenning eller panikkepisoder som pasienten bare kan mestre med vanskelighet","localizedLabels":{"nb":"4 - Vedvarende følelse av indre spenning eller panikkepisoder som pasienten bare kan mestre med vanskelighet"},"localizedDescriptions":{"nb":"*"},"ordinal":4},{"value":"at0033","label":"5 - mellom 4 og 6","localizedLabels":{"nb":"5 - mellom 4 og 6"},"localizedDescriptions":{"nb":"*"},"ordinal":5},{"value":"at0034","label":"6 - Vedvarende frykt og angst. Overveldende panikkfølelse","localizedLabels":{"nb":"6 - Vedvarende frykt og angst. Overveldende panikkfølelse"},"localizedDescriptions":{"nb":"*"},"ordinal":6}]}],"formId":"encounter/madrs/indre_spenning","viewConfig":{"label":{"custom":true,"value":"Indre spenning - Har du merket noen uro, spenning eller angst siste tre døgn?","useLocalizations":true,"localizationsList":{"nb":"Indre spenning - Har du merket noen uro, spenning eller angst siste tre døgn?"}},"advanced":{"hidden":false,"readonly":false},"multiplicity":{"min":"1","max":"1"},"size":{"field":"inherit","label":"inherit","fill":"inherit"},"layout":{"label":{"valign":"inherit","align":"top"},"field":{"valign":"inherit","align":"inherit"}},"datasource":{"loadRemote":false,"loadRemoteUrl":"","terminology":""},"annotations":{"calcid":"felt3"},"tags":[],"field":{"input":{"presentation":"combobox"}}},"defaultValue":{"value":""},"fid":"encounter/madrs/indre_spenning"},{"name":"Redusert nattesøvn","localizedName":"Redusert nattesøvn","rmType":"DV_ORDINAL","nodeId":"at0007","min":0,"max":1,"localizedNames":{"nb":"Redusert nattesøvn"},"localizedDescriptions":{"nb":"Sikter på subjektiv opplevelse av kortvarig eller mindre dyp søvn sammenlignet med vanlig tilstand."},"annotations":{"comment":"Spørsmål: Har du hatt søvnproblemer nesten hver natt de siste tre døgn?"},"aqlPath":"/content[openEHR-EHR-OBSERVATION.madrs.v1]/data[at0001]/events[at0002]/data[at0003]/items[at0007]/value","inputs":[{"type":"CODED_TEXT","list":[{"value":"at0035","label":"0 - Sover som vanlig","localizedLabels":{"nb":"0 - Sover som vanlig"},"localizedDescriptions":{"nb":"*"},"ordinal":0},{"value":"at0036","label":"1 - mellom 0 og 2","localizedLabels":{"nb":"1 - mellom 0 og 2"},"localizedDescriptions":{"nb":"*"},"ordinal":1},{"value":"at0037","label":"2 - Moderate innsovningsvansker eller moderat redusert, lett eller urolig søvn","localizedLabels":{"nb":"2 - Moderate innsovningsvansker eller moderat redusert, lett eller urolig søvn"},"localizedDescriptions":{"nb":"*"},"ordinal":2},{"value":"at0038","label":"3 - mellom 2 og 4","localizedLabels":{"nb":"3 - mellom 2 og 4"},"localizedDescriptions":{"nb":"*"},"ordinal":3},{"value":"at0039","label":"4 - Søvnen redusert eller avbrutt med minst to timer sammenlignet med vanlig","localizedLabels":{"nb":"4 - Søvnen redusert eller avbrutt med minst to timer sammenlignet med vanlig"},"localizedDescriptions":{"nb":"*"},"ordinal":4},{"value":"at0040","label":"5 - mellom 4 og 6","localizedLabels":{"nb":"5 - mellom 4 og 6"},"localizedDescriptions":{"nb":"*"},"ordinal":5},{"value":"at0041","label":"6 - Mindre enn to til tre timers søvn om natten","localizedLabels":{"nb":"6 - Mindre enn to til tre timers søvn om natten"},"localizedDescriptions":{"nb":"*"},"ordinal":6}]}],"formId":"encounter/madrs/redusert_nattesøvn","viewConfig":{"label":{"custom":true,"value":"Redusert nattesøvn - Har du hatt søvnproblemer nesten hver natt de siste tre døgn?","useLocalizations":true,"localizationsList":{"nb":"Redusert nattesøvn - Har du hatt søvnproblemer nesten hver natt de siste tre døgn?"}},"advanced":{"hidden":false,"readonly":false},"multiplicity":{"min":"1","max":"1"},"size":{"field":"inherit","label":"inherit","fill":"inherit"},"layout":{"label":{"valign":"inherit","align":"top"},"field":{"valign":"inherit","align":"inherit"}},"datasource":{"loadRemote":false,"loadRemoteUrl":"","terminology":""},"annotations":{"calcid":"felt4"},"tags":[],"field":{"input":{"presentation":"combobox"}}},"defaultValue":{"value":""},"fid":"encounter/madrs/redusert_nattesøvn"},{"name":"Svekket appetitt","localizedName":"Svekket appetitt","rmType":"DV_ORDINAL","nodeId":"at0008","min":0,"max":1,"localizedNames":{"nb":"Svekket appetitt"},"localizedDescriptions":{"nb":"Sikter på følelsen av at appetitten er svekket i forhold til tidligere."},"annotations":{"comment":"Spørsmål: Hvordan har det vært med matlysten de siste tre døgn?"},"aqlPath":"/content[openEHR-EHR-OBSERVATION.madrs.v1]/data[at0001]/events[at0002]/data[at0003]/items[at0008]/value","inputs":[{"type":"CODED_TEXT","list":[{"value":"at0042","label":"0 - Normal eller økt appetitt","localizedLabels":{"nb":"0 - Normal eller økt appetitt"},"localizedDescriptions":{"nb":"*"},"ordinal":0},{"value":"at0043","label":"1 - mellom 0 og 2","localizedLabels":{"nb":"1 - mellom 0 og 2"},"localizedDescriptions":{"nb":"*"},"ordinal":1},{"value":"at0044","label":"2 - Moderat redusert appetitt","localizedLabels":{"nb":"2 - Moderat redusert appetitt"},"localizedDescriptions":{"nb":"*"},"ordinal":2},{"value":"at0045","label":"3 - mellom 2 og 4","localizedLabels":{"nb":"3 - mellom 2 og 4"},"localizedDescriptions":{"nb":"*"},"ordinal":3},{"value":"at0046","label":"4 - Nesten ingen appetitt, maten smaker ikke, må tvinge seg selv til å spise","localizedLabels":{"nb":"4 - Nesten ingen appetitt, maten smaker ikke, må tvinge seg selv til å spise"},"localizedDescriptions":{"nb":"*"},"ordinal":4},{"value":"at0047","label":"5 - mellom 4 og 6","localizedLabels":{"nb":"5 - mellom 4 og 6"},"localizedDescriptions":{"nb":"*"},"ordinal":5},{"value":"at0048","label":"6 - Næringsvegrende. Må overtales av andre til å spise","localizedLabels":{"nb":"6 - Næringsvegrende. Må overtales av andre til å spise"},"localizedDescriptions":{"nb":"*"},"ordinal":6}]}],"formId":"encounter/madrs/svekket_appetitt","viewConfig":{"label":{"custom":true,"value":"Svekket appetitt - Hvordan har det vært med matlysten de siste tre døgn?","useLocalizations":true,"localizationsList":{"nb":"Svekket appetitt - Hvordan har det vært med matlysten de siste tre døgn?"}},"advanced":{"hidden":false,"readonly":false},"multiplicity":{"min":"1","max":"1"},"size":{"field":"inherit","label":"inherit","fill":"inherit"},"layout":{"label":{"valign":"inherit","align":"top"},"field":{"valign":"inherit","align":"inherit"}},"datasource":{"loadRemote":false,"loadRemoteUrl":"","terminology":""},"annotations":{"calcid":"felt5"},"tags":[],"field":{"input":{"presentation":"combobox"}}},"defaultValue":{"value":""},"fid":"encounter/madrs/svekket_appetitt"},{"name":"Konsentrasjonsvansker","localizedName":"Konsentrasjonsvansker","rmType":"DV_ORDINAL","nodeId":"at0009","min":0,"max":1,"localizedNames":{"nb":"Konsentrasjonsvansker"},"localizedDescriptions":{"nb":"Sikter på vansker med å samle tankene, stigende til invalidiserende mangel på konsentrasjonsevne. Gradér i henhold til intensitet, frekvens og grad av invalidiserende effekt."},"annotations":{"comment":"Spørsmål: Har du hatt vansker med å konsentrere deg de siste tre døgn?"},"aqlPath":"/content[openEHR-EHR-OBSERVATION.madrs.v1]/data[at0001]/events[at0002]/data[at0003]/items[at0009]/value","inputs":[{"type":"CODED_TEXT","list":[{"value":"at0049","label":"0 - Ingen konsentrasjonsvansker","localizedLabels":{"nb":"0 - Ingen konsentrasjonsvansker"},"localizedDescriptions":{"nb":"*"},"ordinal":0},{"value":"at0050","label":"1 - mellom 0 og 2","localizedLabels":{"nb":"1 - mellom 0 og 2"},"localizedDescriptions":{"nb":"*"},"ordinal":1},{"value":"at0051","label":"2 - Leilighetsvis vansker med å samle tankene","localizedLabels":{"nb":"2 - Leilighetsvis vansker med å samle tankene"},"localizedDescriptions":{"nb":"*"},"ordinal":2},{"value":"at0052","label":"3 - mellom 2 og 4","localizedLabels":{"nb":"3 - mellom 2 og 4"},"localizedDescriptions":{"nb":"*"},"ordinal":3},{"value":"at0053","label":"4 - Vansker med konsentrasjon og vedvarende oppmerksomhet, som forstyrrer lesing eller konversasjon","localizedLabels":{"nb":"4 - Vansker med konsentrasjon og vedvarende oppmerksomhet, som forstyrrer lesing eller konversasjon"},"localizedDescriptions":{"nb":"*"},"ordinal":4},{"value":"at0054","label":"5 - mellom 4 og 6","localizedLabels":{"nb":"5 - mellom 4 og 6"},"localizedDescriptions":{"nb":"*"},"ordinal":5},{"value":"at0055","label":"6 - Invalidiserende mangel på konsentrasjonsevne","localizedLabels":{"nb":"6 - Invalidiserende mangel på konsentrasjonsevne"},"localizedDescriptions":{"nb":"*"},"ordinal":6}]}],"formId":"encounter/madrs/konsentrasjonsvansker","viewConfig":{"label":{"custom":true,"value":"Konsentrasjonsvansker - Har du hatt vansker med å konsentrere deg de siste tre døgn?","useLocalizations":true,"localizationsList":{"nb":"Konsentrasjonsvansker - Har du hatt vansker med å konsentrere deg de siste tre døgn?"}},"advanced":{"hidden":false,"readonly":false},"multiplicity":{"min":"1","max":"1"},"size":{"field":"inherit","label":"inherit","fill":"inherit"},"layout":{"label":{"valign":"inherit","align":"top"},"field":{"valign":"inherit","align":"inherit"}},"datasource":{"loadRemote":false,"loadRemoteUrl":"","terminology":""},"annotations":{"calcid":"felt6"},"tags":[],"field":{"input":{"presentation":"combobox"}}},"defaultValue":{"value":""},"fid":"encounter/madrs/konsentrasjonsvansker"},{"name":"Initiativløshet","localizedName":"Initiativløshet","rmType":"DV_ORDINAL","nodeId":"at0010","min":0,"max":1,"localizedNames":{"nb":"Initiativløshet"},"localizedDescriptions":{"nb":"Sikter på vanskelighet med å komme i gang, treghet med å ta initiativ og å utføre dagligdagse aktiviteter."},"annotations":{"comment":"Spørsmål: Har du hatt vansker med å komme i gang, ta initiativ eller utføre dagligdagse aktiviteter de siste tre døgn?"},"aqlPath":"/content[openEHR-EHR-OBSERVATION.madrs.v1]/data[at0001]/events[at0002]/data[at0003]/items[at0010]/value","inputs":[{"type":"CODED_TEXT","list":[{"value":"at0056","label":"0 - Ingen spesielle vanskeligheter med å komme i gang med ting, ingen treghet","localizedLabels":{"nb":"0 - Ingen spesielle vanskeligheter med å komme i gang med ting, ingen treghet"},"localizedDescriptions":{"nb":"*"},"ordinal":0},{"value":"at0057","label":"1 - mellom 0 og 2","localizedLabels":{"nb":"1 - mellom 0 og 2"},"localizedDescriptions":{"nb":"*"},"ordinal":1},{"value":"at0058","label":"2 - Visse vansker med å komme i gang med aktiviteter","localizedLabels":{"nb":"2 - Visse vansker med å komme i gang med aktiviteter"},"localizedDescriptions":{"nb":"*"},"ordinal":2},{"value":"at0059","label":"3 - mellom 2 og 4","localizedLabels":{"nb":"3 - mellom 2 og 4"},"localizedDescriptions":{"nb":"*"},"ordinal":3},{"value":"at0060","label":"4 - Vanskeligheter med å komme i gang med enkelte rutineaktiviteter, som kan utføres bare med betydelig anstrengelse","localizedLabels":{"nb":"4 - Vanskeligheter med å komme i gang med enkelte rutineaktiviteter, som kan utføres bare med betydelig anstrengelse"},"localizedDescriptions":{"nb":"*"},"ordinal":4},{"value":"at0061","label":"5 - mellom 4 og 6","localizedLabels":{"nb":"5 - mellom 4 og 6"},"localizedDescriptions":{"nb":"*"},"ordinal":5},{"value":"at0062","label":"6 - Helt manglende evne til å ta initiativ. Uten evne til å igangsette aktiviteter uten hjelp","localizedLabels":{"nb":"6 - Helt manglende evne til å ta initiativ. Uten evne til å igangsette aktiviteter uten hjelp"},"localizedDescriptions":{"nb":"*"},"ordinal":6}]}],"formId":"encounter/madrs/initiativløshet","viewConfig":{"label":{"custom":true,"value":"Initiativløshet - Har du hatt vansker med å komme i gang, ta initiativ eller utføre dagligdagse aktiviteter de siste tre døgn?","useLocalizations":true,"localizationsList":{"nb":"Initiativløshet - Har du hatt vansker med å komme i gang, ta initiativ eller utføre dagligdagse aktiviteter de siste tre døgn?"}},"advanced":{"hidden":false,"readonly":false},"multiplicity":{"min":"1","max":"1"},"size":{"field":"inherit","label":"inherit","fill":"inherit"},"layout":{"label":{"valign":"inherit","align":"top"},"field":{"valign":"inherit","align":"inherit"}},"datasource":{"loadRemote":false,"loadRemoteUrl":"","terminology":""},"annotations":{"calcid":"felt7"},"tags":[],"field":{"input":{"presentation":"combobox"}}},"defaultValue":{"value":""},"fid":"encounter/madrs/initiativløshet"},{"name":"Svekkede følelsesmessige reaksjoner","localizedName":"Svekkede følelsesmessige reaksjoner","rmType":"DV_ORDINAL","nodeId":"at0011","min":0,"max":1,"localizedNames":{"nb":"Svekkede følelsesmessige reaksjoner"},"localizedDescriptions":{"nb":"Sikter på den subjektive opplevelse av svekkede interesser for omgivelsene, eller for aktiviteter som normalt gir glede. Evnen til å reagere med adekvate følelser på omstendighetene eller andre mennesker er redusert"},"annotations":{"comment":"Spørsmål: Har du i de siste tre døgn vist mindre interesse for de fleste ting, eller vært mindre i stand til å glede deg over ting som pleide å gi deg glede?"},"aqlPath":"/content[openEHR-EHR-OBSERVATION.madrs.v1]/data[at0001]/events[at0002]/data[at0003]/items[at0011]/value","inputs":[{"type":"CODED_TEXT","list":[{"value":"at0063","label":"0 - Normal interesse for omgivelsene og andre mennesker","localizedLabels":{"nb":"0 - Normal interesse for omgivelsene og andre mennesker"},"localizedDescriptions":{"nb":"*"},"ordinal":0},{"value":"at0064","label":"1 - mellom 0 og 2","localizedLabels":{"nb":"1 - mellom 0 og 2"},"localizedDescriptions":{"nb":"*"},"ordinal":1},{"value":"at0065","label":"2 - Redusert evne til å glede seg over ting som vanligvis gleder. Redusert evne til å føle sinne","localizedLabels":{"nb":"2 - Redusert evne til å glede seg over ting som vanligvis gleder. Redusert evne til å føle sinne"},"localizedDescriptions":{"nb":"*"},"ordinal":2},{"value":"at0066","label":"3 - mellom 2 og 4","localizedLabels":{"nb":"3 - mellom 2 og 4"},"localizedDescriptions":{"nb":"*"},"ordinal":3},{"value":"at0067","label":"4 - Tap av interesse for omverdenen. Tap av følelser for venner og kjente","localizedLabels":{"nb":"4 - Tap av interesse for omverdenen. Tap av følelser for venner og kjente"},"localizedDescriptions":{"nb":"*"},"ordinal":4},{"value":"at0068","label":"5 - mellom 4 og 6","localizedLabels":{"nb":"5 - mellom 4 og 6"},"localizedDescriptions":{"nb":"*"},"ordinal":5},{"value":"at0069","label":"6 - Opplevelsen av å være følelsesmessig lammet, uten evne til å føle sinne eller sorg, og til dels smertefull opplevelse av ikke å kunne føle noe for nære slektninger eller venner","localizedLabels":{"nb":"6 - Opplevelsen av å være følelsesmessig lammet, uten evne til å føle sinne eller sorg, og til dels smertefull opplevelse av ikke å kunne føle noe for nære slektninger eller venner"},"localizedDescriptions":{"nb":"*"},"ordinal":6}]}],"formId":"encounter/madrs/svekkede_følelsesmessige_reaksjoner","viewConfig":{"label":{"custom":true,"value":"Svekkede følelsesmessige reaksjoner - Har du i de siste tre døgn vist mindre interesse for de fleste ting, eller vært mindre i stand til å glede deg over ting som pleide å gi deg glede?","useLocalizations":true,"localizationsList":{"nb":"Svekkede følelsesmessige reaksjoner - Har du i de siste tre døgn vist mindre interesse for de fleste ting, eller vært mindre i stand til å glede deg over ting som pleide å gi deg glede?"}},"advanced":{"hidden":false,"readonly":false},"multiplicity":{"min":"1","max":"1"},"size":{"field":"inherit","label":"inherit","fill":"inherit"},"layout":{"label":{"valign":"inherit","align":"top"},"field":{"valign":"inherit","align":"inherit"}},"datasource":{"loadRemote":false,"loadRemoteUrl":"","terminology":""},"annotations":{"calcid":"felt8"},"tags":[],"field":{"input":{"presentation":"combobox"}}},"defaultValue":{"value":""},"fid":"encounter/madrs/svekkede_følelsesmessige_reaksjoner"},{"name":"Depressivt tankeinnhold","localizedName":"Depressivt tankeinnhold","rmType":"DV_ORDINAL","nodeId":"at0012","min":0,"max":1,"localizedNames":{"nb":"Depressivt tankeinnhold"},"localizedDescriptions":{"nb":"Sikter på tanker om skyld, mindreverdighet, selvbebreidelser, anger og tanker om økonomisk ruin."},"annotations":{"comment":"Spørsmål: Har du følt deg verdiløs eller skyldbetynget de siste tre døgn?"},"aqlPath":"/content[openEHR-EHR-OBSERVATION.madrs.v1]/data[at0001]/events[at0002]/data[at0003]/items[at0012]/value","inputs":[{"type":"CODED_TEXT","list":[{"value":"at0070","label":"0 - Ingen depressive tanker","localizedLabels":{"nb":"0 - Ingen depressive tanker"},"localizedDescriptions":{"nb":"*"},"ordinal":0},{"value":"at0071","label":"1 - mellom 0 og 2","localizedLabels":{"nb":"1 - mellom 0 og 2"},"localizedDescriptions":{"nb":"*"},"ordinal":1},{"value":"at0072","label":"2 - Fluktuerende tanker om ikke å strekke til, selvbebreidelser og mindreverdsfølelse","localizedLabels":{"nb":"2 - Fluktuerende tanker om ikke å strekke til, selvbebreidelser og mindreverdsfølelse"},"localizedDescriptions":{"nb":"*"},"ordinal":2},{"value":"at0073","label":"3 - mellom 2 og 4","localizedLabels":{"nb":"3 - mellom 2 og 4"},"localizedDescriptions":{"nb":"*"},"ordinal":3},{"value":"at0074","label":"4 - Vedvarende selvbebreidelser eller klare, men fortsatt rasjonelle tanker om skyld og synd Ser uttalt pessimistisk på fremtiden.","localizedLabels":{"nb":"4 - Vedvarende selvbebreidelser eller klare, men fortsatt rasjonelle tanker om skyld og synd Ser uttalt pessimistisk på fremtiden."},"localizedDescriptions":{"nb":"*"},"ordinal":4},{"value":"at0075","label":"5 - mellom 4 og 6","localizedLabels":{"nb":"5 - mellom 4 og 6"},"localizedDescriptions":{"nb":"*"},"ordinal":5},{"value":"at0076","label":"6 - Vrangforestillinger om økonomisk ruin eller utilgivelige synder.","localizedLabels":{"nb":"6 - Vrangforestillinger om økonomisk ruin eller utilgivelige synder."},"localizedDescriptions":{"nb":"*"},"ordinal":6}]}],"formId":"encounter/madrs/depressivt_tankeinnhold","viewConfig":{"label":{"custom":true,"value":"Depressivt tankeinnhold - Har du følt deg verdiløs eller skyldbetynget de siste tre døgn?","useLocalizations":true,"localizationsList":{"nb":"Depressivt tankeinnhold - Har du følt deg verdiløs eller skyldbetynget de siste tre døgn?"}},"advanced":{"hidden":false,"readonly":false},"multiplicity":{"min":"1","max":"1"},"size":{"field":"inherit","label":"inherit","fill":"inherit"},"layout":{"label":{"valign":"inherit","align":"top"},"field":{"valign":"inherit","align":"inherit"}},"datasource":{"loadRemote":false,"loadRemoteUrl":"","terminology":""},"annotations":{"calcid":"felt9"},"tags":[],"field":{"input":{"presentation":"combobox"}}},"defaultValue":{"value":""},"fid":"encounter/madrs/depressivt_tankeinnhold"},{"name":"Suicidaltanker","localizedName":"Suicidaltanker","rmType":"DV_ORDINAL","nodeId":"at0013","min":0,"max":1,"localizedNames":{"nb":"Suicidaltanker"},"localizedDescriptions":{"nb":"Tar sikte på følelsen av at livet ikke er verd å leve, at en naturlig død ville være velkommen, suicidale tanker og forberedelse til selvmord."},"annotations":{"comment":"Spørsmål: Har du selvmordstanker eller har du ønsket at du var død de siste tre døgn?"},"aqlPath":"/content[openEHR-EHR-OBSERVATION.madrs.v1]/data[at0001]/events[at0002]/data[at0003]/items[at0013]/value","inputs":[{"type":"CODED_TEXT","list":[{"value":"at0077","label":"0 - Ordinær livslyst, tar det som det kommer","localizedLabels":{"nb":"0 - Ordinær livslyst, tar det som det kommer"},"localizedDescriptions":{"nb":"*"},"ordinal":0},{"value":"at0078","label":"1 - mellom 0 og 2","localizedLabels":{"nb":"1 - mellom 0 og 2"},"localizedDescriptions":{"nb":"*"},"ordinal":1},{"value":"at0079","label":"2 - Lei av livet, men bare flyktige suicidaltanker","localizedLabels":{"nb":"2 - Lei av livet, men bare flyktige suicidaltanker"},"localizedDescriptions":{"nb":"*"},"ordinal":2},{"value":"at0080","label":"3 - mellom 2 og 4","localizedLabels":{"nb":"3 - mellom 2 og 4"},"localizedDescriptions":{"nb":"*"},"ordinal":3},{"value":"at0081","label":"4 - Ville helst være død, suicidaltanker opptrer hyppig, og suicid anses som en mulig løsning uten at det foreligger spesifikke planer eller intensjoner","localizedLabels":{"nb":"4 - Ville helst være død, suicidaltanker opptrer hyppig, og suicid anses som en mulig løsning uten at det foreligger spesifikke planer eller intensjoner"},"localizedDescriptions":{"nb":"*"},"ordinal":4},{"value":"at0082","label":"5 - mellom 4 og 6","localizedLabels":{"nb":"5 - mellom 4 og 6"},"localizedDescriptions":{"nb":"*"},"ordinal":5},{"value":"at0083","label":"6 - Uttalte planer om suicid når anledningen gir seg. Aktive forberedelser for suicid","localizedLabels":{"nb":"6 - Uttalte planer om suicid når anledningen gir seg. Aktive forberedelser for suicid"},"localizedDescriptions":{"nb":"*"},"ordinal":6}]}],"formId":"encounter/madrs/suicidaltanker","viewConfig":{"label":{"custom":true,"value":"Suicidaltanker - Har du selvmordstanker eller har du ønsket at du var død de siste tre døgn?","useLocalizations":true,"localizationsList":{"nb":"Suicidaltanker - Har du selvmordstanker eller har du ønsket at du var død de siste tre døgn?"}},"advanced":{"hidden":false,"readonly":false},"multiplicity":{"min":"1","max":"1"},"size":{"field":"inherit","label":"inherit","fill":"inherit"},"layout":{"label":{"valign":"inherit","align":"top"},"field":{"valign":"inherit","align":"inherit"}},"datasource":{"loadRemote":false,"loadRemoteUrl":"","terminology":""},"annotations":{"calcid":"felt10"},"tags":[]},"defaultValue":{"value":""},"fid":"encounter/madrs/suicidaltanker"}],"fid":"encounter/madrs","formId":"encounter/madrs","viewConfig":{"label":{"custom":true,"value":"MADRS skjema (Montgomery and Åsberg Depression Rating Scale)","useLocalizations":true,"localizationsList":{"nb":"MADRS skjema (Montgomery and Åsberg Depression Rating Scale)"}},"advanced":{"hidden":false,"readonly":false,"render":false},"multiplicity":{"min":"1","max":"1"},"size":{"field":"inherit","label":"inherit","fill":"inherit"},"layout":{"label":{"valign":"inherit","align":"top"},"field":{"valign":"inherit","align":"inherit"}},"field":{},"tags":["hidelabel"]}},{"localizedName":"Fieldset","localizedNames":{"nb":"Fieldset"},"min":0,"max":-1,"name":"Fieldset","rmType":"GENERIC_FIELDSET","fid":"generic-field-58164","formId":"generic-field-58164","children":[{"name":"MADRS skår","localizedName":"MADRS skår","rmType":"DV_COUNT","nodeId":"at0084","min":0,"max":1,"localizedNames":{"nb":"MADRS skår"},"localizedDescriptions":{"nb":"Summen av skår til hvert enkelt MADRS-parameter."},"aqlPath":"/content[openEHR-EHR-OBSERVATION.madrs.v1]/data[at0001]/events[at0002]/data[at0003]/items[at0084]/value","inputs":[{"type":"INTEGER","validation":{"range":{"minOp":">=","min":0,"maxOp":"<=","max":60}}}],"formId":"encounter/madrs/madrs_skår","viewConfig":{"label":{"custom":false,"value":"","useLocalizations":false,"localizationsList":{}},"advanced":{"hidden":false,"readonly":false,"render":false},"multiplicity":{"min":"0","max":"1"},"size":{"field":"inherit","label":"inherit","fill":"inherit"},"layout":{"label":{"valign":"inherit","align":"top"},"field":{"valign":"inherit","align":"inherit"}},"datasource":{"loadRemote":false,"loadRemoteUrl":"","terminology":""},"annotations":{"calc":"felt1 + felt2 + felt3 + felt4 + felt5 + felt6 + felt7 + felt8 + felt9 + felt10"},"field":{}},"fid":"encounter/madrs/madrs_skår"},{"name":"Time","rmType":"DV_DATE_TIME","min":1,"max":1,"aqlPath":"/content[openEHR-EHR-OBSERVATION.madrs.v1]/data[at0001]/events[at0002]/time","inputs":[{"type":"DATETIME"}],"inContext":true,"fid":"encounter/madrs/time","formId":"encounter/madrs/time","viewConfig":{"label":{"custom":true,"value":"Tidspunkt for vurdering","useLocalizations":true,"localizationsList":{"nb":"Encounter"}},"size":{"field":"inherit","label":"inherit","fill":"inherit"},"layout":{"label":{"valign":"inherit","align":"inherit"},"field":{"valign":"inherit","align":"inherit"}},"datasource":{"loadRemote":false,"loadRemoteUrl":"","terminology":""},"annotations":{"templatevariable":"[Sys.Now]"},"field":{"input":{"dateFormat":"","hideDate":false,"hideTime":false}}},"defaultValue":{"value":""}}],"viewConfig":{"label":{"custom":false,"value":"","useLocalizations":false,"localizationsList":{}},"advanced":{"hidden":false,"readonly":false,"render":false},"multiplicity":{"min":"0","max":"1"},"size":{"field":"inherit","label":"inherit","fill":"inherit"},"layout":{"label":{"valign":"inherit","align":"top"},"field":{"valign":"inherit","align":"inherit"}},"tags":["hidelabel"],"field":{},"annotations":{"alerttype":"note"}}},{"localizedName":"Fieldset","localizedNames":{"nb":"MADRS skjema (Montgomery and Åsberg Depression Rating Scale)"},"min":0,"max":-1,"name":"Fieldset","rmType":"GENERIC_FIELDSET","fid":"generic-field-58156","formId":"generic-field-58156","children":[{"name":"Synlig tristhet - legeobservert","localizedName":"Synlig tristhet - legeobservert","rmType":"DV_ORDINAL","nodeId":"at0004","min":0,"max":1,"localizedNames":{"nb":"Synlig tristhet - legeobservert"},"localizedDescriptions":{"nb":"Sikter på dysterhet, tungsinn, fortvilelse (mer enn bare vanlig forbigående dårlig humør) slik det avspeiler seg i tale, mimikk og holdning. Gradér på grunnlag av dybde og manglende evne til å lysne opp."},"aqlPath":"/content[openEHR-EHR-OBSERVATION.madrs.v1]/data[at0001]/events[at0002]/data[at0003]/items[at0004]/value","inputs":[{"type":"CODED_TEXT","list":[{"value":"at0016","label":"0 - Ingen tristhet","localizedLabels":{"nb":"0 - Ingen tristhet"},"localizedDescriptions":{"nb":"*"},"ordinal":0},{"value":"at0017","label":"1 - mellom 0 og 2","localizedLabels":{"nb":"1 - mellom 0 og 2"},"localizedDescriptions":{"nb":"*"},"ordinal":1},{"value":"at0018","label":"2 - Ser trist og humørløs ut, men kan leilighetsvis lyse opp","localizedLabels":{"nb":"2 - Ser trist og humørløs ut, men kan leilighetsvis lyse opp"},"localizedDescriptions":{"nb":"*"},"ordinal":2},{"value":"at0019","label":"3 - mellom 2 og 4","localizedLabels":{"nb":"3 - mellom 2 og 4"},"localizedDescriptions":{"nb":"*"},"ordinal":3},{"value":"at0020","label":"4 - Virker trist og ulykkelig hele tiden","localizedLabels":{"nb":"4 - Virker trist og ulykkelig hele tiden"},"localizedDescriptions":{"nb":"*"},"ordinal":4},{"value":"at0021","label":"5 - mellom 4 og 6","localizedLabels":{"nb":"5 - mellom 4 og 6"},"localizedDescriptions":{"nb":"*"},"ordinal":5},{"value":"at0022","label":"6 - Ekstrem og vedvarende tristhet og fortvilelse","localizedLabels":{"nb":"6 - Ekstrem og vedvarende tristhet og fortvilelse"},"localizedDescriptions":{"nb":"*"},"ordinal":6}]}],"formId":"encounter/madrs/synlig_tristhet_-_legeobservert","viewConfig":{"label":{"custom":false,"value":"","useLocalizations":false,"localizationsList":{}},"advanced":{"hidden":false,"readonly":false},"multiplicity":{"min":"1","max":"1"},"size":{"field":"inherit","label":"inherit","fill":"inherit"},"layout":{"label":{"valign":"inherit","align":"top"},"field":{"valign":"inherit","align":"inherit"}},"datasource":{"loadRemote":false,"loadRemoteUrl":"","terminology":""},"annotations":{"calcid":"felt1"},"tags":[],"field":{"input":{"presentation":"combobox"}}},"defaultValue":{"value":""},"fid":"encounter/madrs/synlig_tristhet_-_legeobservert"}],"viewConfig":{"label":{"custom":true,"value":"MADRS skjema (Montgomery and Åsberg Depression Rating Scale)","useLocalizations":true,"localizationsList":{"nb":"MADRS skjema (Montgomery and Åsberg Depression Rating Scale)"}},"size":{"field":"inherit","label":"inherit","fill":"inherit"},"layout":{"label":{"valign":"inherit","align":"inherit"},"field":{"valign":"inherit","align":"inherit"}},"field":{},"advanced":{"hidden":false,"readonly":false,"render":false},"multiplicity":{"min":"0","max":"1"},"tags":["hidelabel"]}}]}