[{"col":1,"row":1,"width":12,"height":8,"children":[{"id":"generic-field-66693","rows":[{"cols":[{"width":"100%","children":[{"id":"generic-field-87239","rows":[{"cols":[{"width":"100%","children":[]}]}]},{"id":"generic-field-16571","rows":[{"cols":[{"width":"100%","children":[]}]}]}]}]}]}]},{"col":1,"row":13,"width":12,"height":20,"children":[{"id":"encounter/madrs","rows":[{"cols":[{"width":"100%","children":[{"id":"encounter/madrs/tristhet"},{"id":"encounter/madrs/indre_spenning"},{"id":"encounter/madrs/redusert_nattesøvn"},{"id":"encounter/madrs/svekket_appetitt"},{"id":"encounter/madrs/konsentrasjonsvansker"},{"id":"encounter/madrs/initiativløshet"},{"id":"encounter/madrs/svekkede_følelsesmessige_reaksjoner"},{"id":"encounter/madrs/depressivt_tankeinnhold"},{"id":"encounter/madrs/suicidaltanker"}]}]}]}]},{"col":1,"row":33,"width":12,"height":6,"children":[{"id":"generic-field-58164","rows":[{"cols":[{"width":"49%","children":[{"id":"encounter/madrs/madrs_skår"}]},{"width":"48%","children":[{"id":"encounter/madrs/time"}]}]}]}]},{"col":1,"row":9,"width":12,"height":4,"children":[{"id":"generic-field-58156","rows":[{"cols":[{"width":"100%","children":[{"id":"encounter/madrs/synlig_tristhet_-_legeobservert"}]}]}]}]}]