[{"field":"hv_ernaeringrisikovurdering/hv_tm_ernaring_regelverk_for_risiko_dips/any_event/alder_ved_screening","conditions":[{"operator":"ge","value":{"value":"70"},"actions":[{"action":"set","target":"hv_ernaeringrisikovurdering/screening_for_ernæringsmessig_risiko/uspesifisert_hendelse/hovedscreening/er_pasientens_alder_≥_70_år","value":{"value":"at0029"}},{"action":"set","target":"hv_ernaeringrisikovurdering/hv_tm_ernaring_regelverk_for_risiko_dips/any_event/alder_(0-1_skår):_max","value":{"value":"1"}}]},{"operator":"lt","value":{"value":"70"},"actions":[{"action":"set","target":"hv_ernaeringrisikovurdering/screening_for_ernæringsmessig_risiko/uspesifisert_hendelse/hovedscreening/er_pasientens_alder_≥_70_år","value":{"value":"at0028"}},{"action":"set","target":"hv_ernaeringrisikovurdering/hv_tm_ernaring_regelverk_for_risiko_dips/any_event/alder_(0-1_skår):_max","value":{"value":"0"}}]},{"operator":"empty","actions":[{"action":"clear","target":"hv_ernaeringrisikovurdering/screening_for_ernæringsmessig_risiko/uspesifisert_hendelse/hovedscreening/er_pasientens_alder_≥_70_år"},{"action":"clear","target":"hv_ernaeringrisikovurdering/hv_tm_ernaring_regelverk_for_risiko_dips/any_event/alder_(0-1_skår):_max"}]}]},{"field":"hv_ernaeringrisikovurdering/screening_for_ernæringsmessig_risiko/uspesifisert_hendelse/hovedscreening/ernæringsstatus","conditions":[{"operator":"eq","value":{"value":"at0018"},"actions":[{"action":"set","target":"hv_ernaeringrisikovurdering/hv_tm_ernaring_regelverk_for_risiko_dips/any_event/1.\ternæring_og_almenntilstand_(0-3_skår):_max","value":{"value":"0"}}]},{"operator":"eq","value":{"value":"at0019"},"actions":[{"action":"set","target":"hv_ernaeringrisikovurdering/hv_tm_ernaring_regelverk_for_risiko_dips/any_event/1.\ternæring_og_almenntilstand_(0-3_skår):_max","value":{"value":"1"}}]},{"operator":"eq","value":{"value":"at0020"},"actions":[{"action":"set","target":"hv_ernaeringrisikovurdering/hv_tm_ernaring_regelverk_for_risiko_dips/any_event/1.\ternæring_og_almenntilstand_(0-3_skår):_max","value":{"value":"2"}}]},{"operator":"eq","value":{"value":"at0021"},"actions":[{"action":"set","target":"hv_ernaeringrisikovurdering/hv_tm_ernaring_regelverk_for_risiko_dips/any_event/1.\ternæring_og_almenntilstand_(0-3_skår):_max","value":{"value":"3"}}]},{"operator":"empty","actions":[{"action":"clear","target":"hv_ernaeringrisikovurdering/hv_tm_ernaring_regelverk_for_risiko_dips/any_event/1.\ternæring_og_almenntilstand_(0-3_skår):_max"}]}]},{"field":"hv_ernaeringrisikovurdering/screening_for_ernæringsmessig_risiko/uspesifisert_hendelse/hovedscreening/sykdommens_alvorlighetsgrad","conditions":[{"operator":"eq","value":{"value":"at0023"},"actions":[{"action":"set","target":"hv_ernaeringrisikovurdering/hv_tm_ernaring_regelverk_for_risiko_dips/any_event/3.\tøkt_behov_pga_sykdom_skade_(0-3_skår):_max","value":{"value":"1"}}]},{"operator":"eq","value":{"value":"at0024"},"actions":[{"action":"set","target":"hv_ernaeringrisikovurdering/hv_tm_ernaring_regelverk_for_risiko_dips/any_event/3.\tøkt_behov_pga_sykdom_skade_(0-3_skår):_max","value":{"value":"2"}}]},{"operator":"eq","value":{"value":"at0025"},"actions":[{"action":"set","target":"hv_ernaeringrisikovurdering/hv_tm_ernaring_regelverk_for_risiko_dips/any_event/3.\tøkt_behov_pga_sykdom_skade_(0-3_skår):_max","value":{"value":"3"}}]},{"operator":"empty","actions":[{"action":"clear","target":"hv_ernaeringrisikovurdering/hv_tm_ernaring_regelverk_for_risiko_dips/any_event/3.\tøkt_behov_pga_sykdom_skade_(0-3_skår):_max"}]},{"operator":"eq","value":{"value":"at0022"},"actions":[{"action":"set","target":"hv_ernaeringrisikovurdering/hv_tm_ernaring_regelverk_for_risiko_dips/any_event/3.\tøkt_behov_pga_sykdom_skade_(0-3_skår):_max","value":{"value":"0"}}]}]},{"field":"hv_ernaeringrisikovurdering/kroppsmasseindeks/uspesifisert_hendelse/kroppsmasseindeks","conditions":[{"operator":"lt","value":{"magnitude":"18.501","unit":"kg/m2"},"actions":[{"action":"set","target":"hv_ernaeringrisikovurdering/hv_tm_ernaring_regelverk_for_risiko_dips/any_event/bmi<18,5","value":{"value":"1"}}]},{"operator":"ge","value":{"magnitude":"18.5","unit":"kg/m2"},"actions":[{"action":"set","target":"hv_ernaeringrisikovurdering/hv_tm_ernaring_regelverk_for_risiko_dips/any_event/bmi<18,5","value":{"value":"0"}}]},{"operator":"empty","actions":[{"action":"clear","target":"hv_ernaeringrisikovurdering/hv_tm_ernaring_regelverk_for_risiko_dips/any_event/bmi<18,5"}]}]},{"field":"hv_ernaeringrisikovurdering/screening_for_ernæringsmessig_risiko/uspesifisert_hendelse/hovedscreening/total_score","conditions":[{"operator":"lt","value":{"value":"3"},"actions":[{"action":"show","target":"generic-field-16024"},{"action":"hide","target":"generic-field-49393"},{"action":"hide","target":"generic-field-44804"},{"action":"set","target":"hv_ernaeringrisikovurdering/hv_ps_er/ernæringsmessig_risiko2","value":{"code":"at0017"}}]},{"operator":"ge","value":{"value":"3"},"actions":[{"action":"show","target":"generic-field-49393"},{"action":"hide","target":"generic-field-16024"},{"action":"hide","target":"generic-field-44804"},{"action":"set","target":"hv_ernaeringrisikovurdering/hv_ps_er/ernæringsmessig_risiko2","value":{"code":"at0016"}}]},{"operator":"empty","actions":[{"action":"hide","target":"generic-field-49393"},{"action":"hide","target":"generic-field-16024"},{"action":"show","target":"generic-field-44804"},{"action":"set","target":"hv_ernaeringrisikovurdering/hv_ps_er/ernæringsmessig_risiko2","value":{"code":"at0018"}}]}]},{"field":"hv_ernaeringrisikovurdering/hv_tm_ernaring_regelverk_for_risiko_dips/any_event/antall_måneder_siden_forrige_vekt","conditions":[{"operator":"eq","value":{"value":"0"},"actions":[{"action":"set","target":"hv_ernaeringrisikovurdering/hv_tm_ernaring_regelverk_for_risiko_dips/any_event/månedspoeng","value":{"value":"6"}}]},{"operator":"eq","value":{"value":"1"},"actions":[{"action":"set","target":"hv_ernaeringrisikovurdering/hv_tm_ernaring_regelverk_for_risiko_dips/any_event/månedspoeng","value":{"value":"6"}}]},{"operator":"eq","value":{"value":"2"},"actions":[{"action":"set","target":"hv_ernaeringrisikovurdering/hv_tm_ernaring_regelverk_for_risiko_dips/any_event/månedspoeng","value":{"value":"5"}}]},{"operator":"eq","value":{"value":"3"},"actions":[{"action":"set","target":"hv_ernaeringrisikovurdering/hv_tm_ernaring_regelverk_for_risiko_dips/any_event/månedspoeng","value":{"value":"4"}}]},{"operator":"gt","value":{"value":"3"},"actions":[{"action":"set","target":"hv_ernaeringrisikovurdering/hv_tm_ernaring_regelverk_for_risiko_dips/any_event/månedspoeng","value":{"value":"1"}}]},{"operator":"empty","actions":[{"action":"clear","target":"hv_ernaeringrisikovurdering/hv_tm_ernaring_regelverk_for_risiko_dips/any_event/månedspoeng"}]}]},{"field":"hv_ernaeringrisikovurdering/hv_tm_weightlossdegree_dips/any_event/beregnet_vekttap_i_prosent","conditions":[{"operator":"ge","value":{"magnitude":"5","unit":"%"},"actions":[{"action":"set","target":"hv_ernaeringrisikovurdering/hv_tm_ernaring_regelverk_for_risiko_dips/any_event/prosentpoeng","value":{"value":"10"}}]},{"operator":"lt","value":{"magnitude":"5","unit":"%"},"actions":[{"action":"set","target":"hv_ernaeringrisikovurdering/hv_tm_ernaring_regelverk_for_risiko_dips/any_event/prosentpoeng","value":{"value":"1"}}]},{"operator":"le","value":{"magnitude":"0","unit":"%"},"actions":[{"action":"set","target":"hv_ernaeringrisikovurdering/hv_tm_ernaring_regelverk_for_risiko_dips/any_event/prosentpoeng","value":{"value":"0"}}]},{"operator":"empty","actions":[{"action":"clear","target":"hv_ernaeringrisikovurdering/hv_tm_ernaring_regelverk_for_risiko_dips/any_event/prosentpoeng"}]}]},{"field":"hv_ernaeringrisikovurdering/hv_tm_ernaring_regelverk_for_risiko_dips/any_event/månedprosent","conditions":[{"operator":"empty","actions":[{"action":"clear","target":"hv_ernaeringrisikovurdering/hv_tm_weightlossdegree_dips/any_event/grad_av_vekttap"}]},{"operator":"eq","value":{"value":"60"},"actions":[{"action":"set","target":"hv_ernaeringrisikovurdering/hv_tm_weightlossdegree_dips/any_event/grad_av_vekttap","value":{"code":"at0008"}}]},{"operator":"eq","value":{"value":"50"},"actions":[{"action":"set","target":"hv_ernaeringrisikovurdering/hv_tm_weightlossdegree_dips/any_event/grad_av_vekttap","value":{"code":"at0007"}}]},{"operator":"eq","value":{"value":"40"},"actions":[{"action":"set","target":"hv_ernaeringrisikovurdering/hv_tm_weightlossdegree_dips/any_event/grad_av_vekttap","value":{"code":"at0006"}}]},{"operator":"le","value":{"value":"10"},"actions":[{"action":"set","target":"hv_ernaeringrisikovurdering/hv_tm_weightlossdegree_dips/any_event/grad_av_vekttap","value":{"code":"at0039"}}]},{"operator":"le","value":{"value":"0"},"actions":[{"action":"set","target":"hv_ernaeringrisikovurdering/hv_tm_weightlossdegree_dips/any_event/grad_av_vekttap","value":{"code":"at0033"}}]}]},{"field":"hv_ernaeringrisikovurdering/høyde_lengde/uspesifisert_hendelse/høyde_lengde","conditions":[{"operator":"lt","value":{"magnitude":"100","unit":"cm"},"actions":[{"action":"show","target":"generic-field-03174"}]},{"operator":"ge","value":{"magnitude":"100","unit":"cm"},"actions":[{"action":"hide","target":"generic-field-03174"}]},{"operator":"empty","actions":[{"action":"hide","target":"generic-field-03174"}]}]},{"field":"hv_ernaeringrisikovurdering/hv_tm_weightlossdegree_dips/any_event/grad_av_vekttap","conditions":[{"operator":"equals","value":{"code":"at0033"},"actions":[{"action":"set","target":"hv_ernaeringrisikovurdering/hv_tm_ernaring_regelverk_for_risiko_dips/any_event/vekttap","value":{"value":"0"}}]},{"operator":"equals","value":{"code":"at0039"},"actions":[{"action":"set","target":"hv_ernaeringrisikovurdering/hv_tm_ernaring_regelverk_for_risiko_dips/any_event/vekttap","value":{"value":"1"}}]},{"operator":"equals","value":{"code":"at0006"},"actions":[{"action":"set","target":"hv_ernaeringrisikovurdering/hv_tm_ernaring_regelverk_for_risiko_dips/any_event/vekttap","value":{"value":"2"}}]},{"operator":"equals","value":{"code":"at0007"},"actions":[{"action":"set","target":"hv_ernaeringrisikovurdering/hv_tm_ernaring_regelverk_for_risiko_dips/any_event/vekttap","value":{"value":"3"}}]},{"operator":"equals","value":{"code":"at0008"},"actions":[{"action":"set","target":"hv_ernaeringrisikovurdering/hv_tm_ernaring_regelverk_for_risiko_dips/any_event/vekttap","value":{"value":"4"}}]},{"operator":"empty","actions":[{"action":"clear","target":"hv_ernaeringrisikovurdering/hv_tm_ernaring_regelverk_for_risiko_dips/any_event/vekttap"}]}]},{"field":"hv_ernaeringrisikovurdering/hv_tm_food_intake_reduction_dips/any_event/har_pasienten_hatt_redusert_matinntak_siste_uke2","conditions":[{"operator":"equals","value":{"code":"at0019"},"actions":[{"action":"set","target":"hv_ernaeringrisikovurdering/er_kalk_dips/any_event/matinntak_score","value":{"value":"1"}}]},{"operator":"equals","value":{"code":"at0016"},"actions":[{"action":"set","target":"hv_ernaeringrisikovurdering/er_kalk_dips/any_event/matinntak_score","value":{"value":"2"}}]},{"operator":"equals","value":{"code":"at0017"},"actions":[{"action":"set","target":"hv_ernaeringrisikovurdering/er_kalk_dips/any_event/matinntak_score","value":{"value":"3"}}]},{"operator":"equals","value":{"code":"at0018"},"actions":[{"action":"set","target":"hv_ernaeringrisikovurdering/er_kalk_dips/any_event/matinntak_score","value":{"value":"4"}}]},{"operator":"empty","actions":[{"action":"clear","target":"hv_ernaeringrisikovurdering/er_kalk_dips/any_event/matinntak_score"}]}]},{"field":"hv_ernaeringrisikovurdering/hv_ernaeringsscreening_allmenntilstand/allmenntilstand","conditions":[{"operator":"equals","value":{"code":"at0003"},"actions":[{"action":"set","target":"hv_ernaeringrisikovurdering/hv_tm_ernaring_regelverk_for_risiko_dips/any_event/nedsatt_allmenntilstand","value":{"value":"0"}}]},{"operator":"equals","value":{"code":"at0004"},"actions":[{"action":"set","target":"hv_ernaeringrisikovurdering/hv_tm_ernaring_regelverk_for_risiko_dips/any_event/nedsatt_allmenntilstand","value":{"value":"1"}}]},{"operator":"empty","actions":[{"action":"clear","target":"hv_ernaeringrisikovurdering/hv_tm_ernaring_regelverk_for_risiko_dips/any_event/nedsatt_allmenntilstand"}]}]},{"field":"hv_ernaeringrisikovurdering/kroppsmasseindeks/uspesifisert_hendelse/kroppsmasseindeks","conditions":[{"operator":"lt","value":{"magnitude":"18.5","unit":"kg/m2"},"actions":[{"action":"set","target":"hv_ernaeringrisikovurdering/hv_tm_ernaring_regelverk_for_risiko_dips/any_event/bmi_18,5_-_20,5_+_normal_allmenntilstand","value":{"value":"2"}}]},{"operator":"lt","value":{"magnitude":"20.5","unit":"kg/m2"},"actions":[{"action":"set","target":"hv_ernaeringrisikovurdering/hv_tm_ernaring_regelverk_for_risiko_dips/any_event/bmi_18,5_-_20,5_+_normal_allmenntilstand","value":{"value":"1"}},{"action":"show","target":"hv_ernaeringrisikovurdering/hv_ernaeringsscreening_allmenntilstand/allmenntilstand"}]},{"operator":"ge","value":{"magnitude":"20.5","unit":"kg/m2"},"actions":[{"action":"set","target":"hv_ernaeringrisikovurdering/hv_tm_ernaring_regelverk_for_risiko_dips/any_event/bmi_18,5_-_20,5_+_normal_allmenntilstand","value":{"value":"0"}},{"action":"hide","target":"hv_ernaeringrisikovurdering/hv_ernaeringsscreening_allmenntilstand/allmenntilstand"},{"action":"clear","target":"hv_ernaeringrisikovurdering/hv_ernaeringsscreening_allmenntilstand/allmenntilstand"}]},{"operator":"empty","actions":[{"action":"clear","target":"hv_ernaeringrisikovurdering/hv_tm_ernaring_regelverk_for_risiko_dips/any_event/bmi_18,5_-_20,5_+_normal_allmenntilstand"},{"action":"hide","target":"hv_ernaeringrisikovurdering/hv_ernaeringsscreening_allmenntilstand/allmenntilstand"},{"action":"clear","target":"hv_ernaeringrisikovurdering/hv_ernaeringsscreening_allmenntilstand/allmenntilstand"}]}]},{"field":"hv_ernaeringrisikovurdering/hv_tm_ernaring_regelverk_for_risiko_dips/any_event/>5_%_vekttap_siste_2_mnd","conditions":[{"operator":"empty","actions":[{"action":"clear","target":"hv_ernaeringrisikovurdering/screening_for_ernæringsmessig_risiko/uspesifisert_hendelse/hovedscreening/ernæringsstatus"}]},{"operator":"eq","value":{"value":"0"},"actions":[{"action":"clear","target":"hv_ernaeringrisikovurdering/screening_for_ernæringsmessig_risiko/uspesifisert_hendelse/hovedscreening/ernæringsstatus"}]},{"operator":"eq","value":{"value":"1"},"actions":[{"action":"set","target":"hv_ernaeringrisikovurdering/screening_for_ernæringsmessig_risiko/uspesifisert_hendelse/hovedscreening/ernæringsstatus","value":{"value":"at0018"}}]},{"operator":"eq","value":{"value":"2"},"actions":[{"action":"set","target":"hv_ernaeringrisikovurdering/screening_for_ernæringsmessig_risiko/uspesifisert_hendelse/hovedscreening/ernæringsstatus","value":{"value":"at0019"}}]},{"operator":"eq","value":{"value":"3"},"actions":[{"action":"set","target":"hv_ernaeringrisikovurdering/screening_for_ernæringsmessig_risiko/uspesifisert_hendelse/hovedscreening/ernæringsstatus","value":{"value":"at0020"}}]},{"operator":"eq","value":{"value":"4"},"actions":[{"action":"set","target":"hv_ernaeringrisikovurdering/screening_for_ernæringsmessig_risiko/uspesifisert_hendelse/hovedscreening/ernæringsstatus","value":{"value":"at0021"}}]}]},{"field":"hv_ernaeringrisikovurdering/hv_tm_ernaring_na_for_screening_dips/any_event/grunnlag_for_at_pasienten_ikke_skal_screenes","conditions":[{"operator":"notempty","actions":[{"action":"hide","target":"hv_ernaeringrisikovurdering/hv_tm_weightlossdegree_dips/any_event/grad_av_vekttap"},{"action":"hide","target":"hv_ernaeringrisikovurdering/hv_tm_food_intake_reduction_dips/any_event/har_pasienten_hatt_redusert_matinntak_siste_uke2"},{"action":"hide","target":"hv_ernaeringrisikovurdering/screening_for_ernæringsmessig_risiko/uspesifisert_hendelse/hovedscreening/sykdommens_alvorlighetsgrad"},{"action":"hide","target":"hv_ernaeringrisikovurdering/hv_tm_weightlossdegree_dips/any_event/grad_av_vekttap"},{"action":"hide","target":"hv_ernaeringrisikovurdering/hv_ernaeringsscreening_behandling/planlagt_behandling_som_vil_medføre_vekttap3"},{"action":"hide","target":"generic-field-49393"},{"action":"hide","target":"generic-field-18759"},{"action":"hide","target":"hv_ernaeringrisikovurdering/kroppsvekt"},{"action":"clear","target":"hv_ernaeringrisikovurdering/kroppsvekt"},{"action":"hide","target":"generic-field-53919"},{"action":"hide","target":"generic-field-07569"},{"action":"hide","target":"generic-field-71309"},{"action":"show","target":"hv_ernaeringrisikovurdering/hv_tm_ernaring_na_for_screening_dips/any_event/merknad"},{"action":"show","target":"hv_ernaeringrisikovurdering/hv_tm_ernaring_na_for_screening_dips/any_event/time"},{"action":"hide","target":"generic-field-37358"},{"action":"hide","target":"generic-field-04830"}]},{"operator":"empty","actions":[{"action":"show","target":"hv_ernaeringrisikovurdering/hv_tm_weightlossdegree_dips/any_event/grad_av_vekttap"},{"action":"show","target":"hv_ernaeringrisikovurdering/hv_tm_food_intake_reduction_dips/any_event/har_pasienten_hatt_redusert_matinntak_siste_uke2"},{"action":"show","target":"hv_ernaeringrisikovurdering/screening_for_ernæringsmessig_risiko/uspesifisert_hendelse/hovedscreening/sykdommens_alvorlighetsgrad"},{"action":"show","target":"hv_ernaeringrisikovurdering/hv_tm_weightlossdegree_dips/any_event/grad_av_vekttap"},{"action":"show","target":"hv_ernaeringrisikovurdering/hv_ernaeringsscreening_behandling/planlagt_behandling_som_vil_medføre_vekttap3"},{"action":"show","target":"generic-field-18759"},{"action":"show","target":"hv_ernaeringrisikovurdering/kroppsvekt"},{"action":"show","target":"generic-field-53919"},{"action":"show","target":"generic-field-07569"},{"action":"show","target":"generic-field-71309"},{"action":"hide","target":"hv_ernaeringrisikovurdering/hv_tm_ernaring_na_for_screening_dips/any_event/merknad"},{"action":"clear","target":"hv_ernaeringrisikovurdering/hv_tm_ernaring_na_for_screening_dips/any_event/merknad"},{"action":"hide","target":"hv_ernaeringrisikovurdering/hv_tm_ernaring_na_for_screening_dips/any_event/time"},{"action":"clear","target":"hv_ernaeringrisikovurdering/hv_tm_ernaring_na_for_screening_dips/any_event/time"},{"action":"show","target":"generic-field-37358"},{"action":"show","target":"generic-field-04830"}]}]},{"field":"generic-field-95300","conditions":[{"operator":"is","value":{"value":"True"},"actions":[{"action":"set","target":"generic-field-69262","value":{"value":"SELECT WIGHT 1"}},{"action":"reset","target":"generic-field-50831"},{"action":"reset","target":"generic-field-82522"},{"action":"reset","target":"generic-field-03849"},{"action":"set","target":"generic-field-89833","value":{"value":"notNull"}}]},{"operator":"isnot","value":{"value":"True"},"actions":[{"action":"set","target":"generic-field-89833","value":{"value":"isNull"}}]}]},{"field":"generic-field-50831","conditions":[{"operator":"is","value":{"value":"True"},"actions":[{"action":"set","target":"generic-field-69262","value":{"value":"SELECT WIGHT 2"}},{"action":"reset","target":"generic-field-95300"},{"action":"reset","target":"generic-field-82522"},{"action":"reset","target":"generic-field-03849"},{"action":"set","target":"generic-field-55799","value":{"value":"notNull"}}]},{"operator":"isnot","value":{"value":"True"},"actions":[{"action":"set","target":"generic-field-55799","value":{"value":"isNull"}}]}]},{"field":"generic-field-82522","conditions":[{"operator":"is","value":{"value":"True"},"actions":[{"action":"set","target":"generic-field-69262","value":{"value":"SELECT WIGHT 3"}},{"action":"reset","target":"generic-field-95300"},{"action":"reset","target":"generic-field-50831"},{"action":"reset","target":"generic-field-03849"},{"action":"set","target":"generic-field-56774","value":{"value":"notNull"}}]},{"operator":"isnot","value":{"value":"True"},"actions":[{"action":"set","target":"generic-field-56774","value":{"value":"isNull"}}]}]},{"field":"generic-field-03849","conditions":[{"operator":"is","value":{"value":"True"},"actions":[{"action":"set","target":"generic-field-69262","value":{"value":"SELECT WIGHT 4"}},{"action":"reset","target":"generic-field-95300"},{"action":"reset","target":"generic-field-50831"},{"action":"reset","target":"generic-field-82522"},{"action":"set","target":"generic-field-17455","value":{"value":"notNull"}}]},{"operator":"isnot","value":{"value":"True"},"actions":[{"action":"set","target":"generic-field-17455","value":{"value":"isNull"}}]}]},{"field":"hv_ernaeringrisikovurdering/hv_ernaeringsscreening_behandling/planlagt_behandling_som_vil_medføre_vekttap3","conditions":[{"operator":"equals","value":{"code":"at0009"},"actions":[{"action":"show","target":"generic-field-90247"}]},{"operator":"notequals","value":{"code":"at0009"},"actions":[{"action":"hide","target":"generic-field-90247"}]}]},{"field":"generic-field-22426","conditions":[{"operator":"empty","actions":[{"action":"hide","target":"generic-field-42085"},{"action":"hide","target":"generic-field-71309"}]},{"operator":"notempty","actions":[{"action":"show","target":"generic-field-42085"},{"action":"show","target":"generic-field-71309"}]}]},{"field":"generic-field-83872","conditions":[{"operator":"empty","actions":[{"action":"hide","target":"generic-field-89015"}]},{"operator":"notempty","actions":[{"action":"show","target":"generic-field-89015"}]}]},{"field":"generic-field-77838","conditions":[{"operator":"empty","actions":[{"action":"hide","target":"generic-field-96152"}]},{"operator":"notempty","actions":[{"action":"show","target":"generic-field-96152"}]}]},{"field":"generic-field-45101","conditions":[{"operator":"empty","actions":[{"action":"hide","target":"generic-field-64621"}]},{"operator":"notempty","actions":[{"action":"show","target":"generic-field-64621"}]}]},{"field":"hv_ernaeringrisikovurdering/hv_tm_ernaring_na_for_screening_dips/any_event/grunnlag_for_at_pasienten_ikke_skal_screenes","conditions":[{"operator":"equals","value":{"code":"1"},"actions":[{"action":"show","target":"generic-field-30493"},{"action":"hide","target":"generic-field-71144"},{"action":"reset","target":"hv_ernaeringrisikovurdering/hv_tm_ernaring_na_for_screening_dips/any_event/time"},{"action":"setOccurrences","target":"hv_ernaeringrisikovurdering/hv_tm_ernaring_na_for_screening_dips/any_event/merknad","value":{"value":"1..1"}}]},{"operator":"equals","value":{"code":"2"},"actions":[{"action":"hide","target":"generic-field-30493"},{"action":"show","target":"generic-field-71144"},{"action":"reset","target":"hv_ernaeringrisikovurdering/hv_tm_ernaring_na_for_screening_dips/any_event/time"},{"action":"setOccurrences","target":"hv_ernaeringrisikovurdering/hv_tm_ernaring_na_for_screening_dips/any_event/merknad","value":{"value":"1..1"}}]},{"operator":"empty","actions":[{"action":"hide","target":"generic-field-30493"},{"action":"hide","target":"generic-field-71144"},{"action":"clear","target":"hv_ernaeringrisikovurdering/hv_tm_ernaring_na_for_screening_dips/any_event/time"},{"action":"clear","target":"hv_ernaeringrisikovurdering/hv_tm_ernaring_na_for_screening_dips/any_event/merknad"},{"action":"setOccurrences","target":"hv_ernaeringrisikovurdering/hv_tm_ernaring_na_for_screening_dips/any_event/merknad","value":{"value":"0..1"}},{"action":"setOccurrences","target":"hv_ernaeringrisikovurdering/hv_tm_weightlossdegree_dips/any_event/grad_av_vekttap","value":{"value":"1..1"}},{"action":"setOccurrences","target":"hv_ernaeringrisikovurdering/hv_tm_food_intake_reduction_dips/any_event/har_pasienten_hatt_redusert_matinntak_siste_uke2","value":{"value":"1..1"}},{"action":"setOccurrences","target":"hv_ernaeringrisikovurdering/screening_for_ernæringsmessig_risiko/uspesifisert_hendelse/hovedscreening/sykdommens_alvorlighetsgrad","value":{"value":"1..1"}}]},{"operator":"notempty","actions":[{"action":"setOccurrences","target":"hv_ernaeringrisikovurdering/hv_tm_weightlossdegree_dips/any_event/grad_av_vekttap","value":{"value":"0..1"}},{"action":"setOccurrences","target":"hv_ernaeringrisikovurdering/hv_tm_food_intake_reduction_dips/any_event/har_pasienten_hatt_redusert_matinntak_siste_uke2","value":{"value":"0..1"}},{"action":"setOccurrences","target":"hv_ernaeringrisikovurdering/screening_for_ernæringsmessig_risiko/uspesifisert_hendelse/hovedscreening/sykdommens_alvorlighetsgrad","value":{"value":"0..1"}}]}]},{"field":"generic-field-01833","conditions":[{"operator":"equals","value":{"value":"isNull,clear weightSelected"},"actions":[{"action":"set","target":"generic-field-69262","value":{"value":"SELECT FIRST WIGHT"}}]}]},{"field":"hv_ernaeringrisikovurdering/weight_is_estimated@Weight is estimated/any_event/quantity_is_estimated","conditions":[{"operator":"is","value":{"value":"True"},"actions":[{"action":"set","target":"hv_ernaeringrisikovurdering/weight_is_estimated@Weight is estimated/any_event/quantity_estimated","value":{"value":"Weight"}}]},{"operator":"isnot","value":{"value":"True"},"actions":[{"action":"reset","target":"hv_ernaeringrisikovurdering/weight_is_estimated@Weight is estimated/any_event/quantity_estimated"}]}]},{"field":"hv_ernaeringrisikovurdering/hv_ps_er/ernæringsmessig_risiko2","conditions":[{"operator":"equals","value":{"code":"at0017"},"actions":[{"action":"show","target":"hv_ernaeringrisikovurdering/hv_ernaeringsscreening_behandling/planlagt_behandling_som_vil_medføre_vekttap3"},{"action":"setOccurrences","target":"hv_ernaeringrisikovurdering/hv_ernaeringsscreening_behandling/planlagt_behandling_som_vil_medføre_vekttap3","value":{"value":"1..1"}}]},{"operator":"notequals","value":{"code":"at0017"},"actions":[{"action":"hide","target":"hv_ernaeringrisikovurdering/hv_ernaeringsscreening_behandling/planlagt_behandling_som_vil_medføre_vekttap3"},{"action":"clear","target":"hv_ernaeringrisikovurdering/hv_ernaeringsscreening_behandling/planlagt_behandling_som_vil_medføre_vekttap3"},{"action":"setOccurrences","target":"hv_ernaeringrisikovurdering/hv_ernaeringsscreening_behandling/planlagt_behandling_som_vil_medføre_vekttap3","value":{"value":"0..1"}}]}]},{"field":"generic-field-68842","conditions":[{"operator":"equals","value":{"value":"HIDE SISTE VEKT OG HISTORIE"},"actions":[{"action":"hide","target":"hv_ernaeringrisikovurdering/tidligere_kroppsvekt@Tidligere kroppsvekt/kroppsvekt"},{"action":"hide","target":"generic-field-37358"}]}]},{"field":"hv_ernaeringrisikovurdering/tidligere_kroppsvekt@Tidligere kroppsvekt/kroppsvekt/uspesifisert_hendelse/kroppsvekt","conditions":[{"operator":"notempty","actions":[{"action":"setOccurrences","target":"hv_ernaeringrisikovurdering/tidligere_kroppsvekt@Tidligere kroppsvekt/kroppsvekt/uspesifisert_hendelse/time","value":{"value":"1..1"}}]},{"operator":"empty","actions":[{"action":"setOccurrences","target":"hv_ernaeringrisikovurdering/tidligere_kroppsvekt@Tidligere kroppsvekt/kroppsvekt/uspesifisert_hendelse/time","value":{"value":"0..1"}}]}]},{"field":"generic-field-15319","conditions":[{"operator":"equals","value":{"value":"SHOW TIDLIGERE VEKT"},"actions":[{"action":"show","target":"hv_ernaeringrisikovurdering/tidligere_kroppsvekt@Tidligere kroppsvekt/kroppsvekt"}]},{"operator":"notequals","value":{"value":"SHOW TIDLIGERE VEKT"},"actions":[{"action":"hide","target":"hv_ernaeringrisikovurdering/tidligere_kroppsvekt@Tidligere kroppsvekt/kroppsvekt"}]}]}]