[{"col":1,"row":1,"width":20,"height":21,"children":[{"id":"hv_ernaeringrisikovurdering/hv_tm_ernaring_na_for_screening_dips","rows":[{"cols":[{"width":"100%","children":[{"id":"hv_ernaeringrisikovurdering/hv_tm_ernaring_na_for_screening_dips/any_event","rows":[{"cols":[{"width":"100%","children":[{"id":"hv_ernaeringrisikovurdering/hv_tm_ernaring_na_for_screening_dips/any_event/grunnlag_for_at_pasienten_ikke_skal_screenes","rows":[]},{"id":"hv_ernaeringrisikovurdering/hv_tm_ernaring_na_for_screening_dips/any_event/merknad","rows":[]},{"id":"hv_ernaeringrisikovurdering/hv_tm_ernaring_na_for_screening_dips/any_event/time","rows":[]}]}]}]},{"id":"generic-field-30493","rows":[{"cols":[{"width":"100%","children":[]}]}]},{"id":"generic-field-71144","rows":[{"cols":[{"width":"100%","children":[]}]}]}]}]}]}]},{"col":1,"row":22,"width":12,"height":31,"children":[{"id":"generic-field-04830","rows":[{"cols":[{"width":"58%","children":[{"id":"hv_ernaeringrisikovurdering/kroppsvekt","rows":[{"cols":[{"width":"100%","children":[{"id":"hv_ernaeringrisikovurdering/kroppsvekt/uspesifisert_hendelse/kroppsvekt","rows":[]},{"id":"hv_ernaeringrisikovurdering/kroppsvekt/uspesifisert_hendelse/kommentar","rows":[]}]}]}]}]},{"width":"42%","children":[{"id":"hv_ernaeringrisikovurdering/weight_is_estimated@Weight is estimated/any_event","rows":[{"cols":[{"width":"100%","children":[{"id":"generic-field-37965","rows":[]},{"id":"hv_ernaeringrisikovurdering/weight_is_estimated@Weight is estimated/any_event/quantity_is_estimated","rows":[]},{"id":"hv_ernaeringrisikovurdering/weight_is_estimated@Weight is estimated/any_event/quantity_estimated","rows":[]}]}]}]}]}]}]},{"id":"hv_ernaeringrisikovurdering/tidligere_kroppsvekt@Tidligere kroppsvekt/kroppsvekt","rows":[{"cols":[{"width":"100%","children":[{"id":"hv_ernaeringrisikovurdering/tidligere_kroppsvekt@Tidligere kroppsvekt/kroppsvekt/uspesifisert_hendelse/kroppsvekt","rows":[]},{"id":"hv_ernaeringrisikovurdering/tidligere_kroppsvekt@Tidligere kroppsvekt/kroppsvekt/uspesifisert_hendelse/time","rows":[]}]}]}]}]},{"col":13,"row":22,"width":8,"height":31,"children":[{"id":"generic-field-53919","rows":[{"cols":[{"width":"100%","children":[{"id":"hv_ernaeringrisikovurdering/høyde_lengde","rows":[{"cols":[{"width":"100%","children":[{"id":"hv_ernaeringrisikovurdering/høyde_lengde/uspesifisert_hendelse/høyde_lengde","rows":[]},{"id":"generic-field-03174","rows":[{"cols":[{"width":"100%","children":[]}]}]}]}]}]},{"id":"hv_ernaeringrisikovurdering/kroppsmasseindeks","rows":[{"cols":[{"width":"100%","children":[{"id":"hv_ernaeringrisikovurdering/kroppsmasseindeks/uspesifisert_hendelse/kroppsmasseindeks","rows":[]}]}]}]}]}]}]}]},{"col":1,"row":53,"width":20,"height":13,"children":[{"id":"generic-field-37358","rows":[{"cols":[{"width":"50%","children":[{"id":"generic-field-34860","rows":[]},{"id":"generic-field-02579","rows":[]}]},{"width":"50%","children":[{"id":"generic-field-44058","rows":[{"cols":[{"width":"50%","children":[{"id":"hv_ernaeringrisikovurdering/hv_tm_weightlossdegree_dips/any_event/vekttap_beregning_kg","rows":[]},{"id":"hv_ernaeringrisikovurdering/hv_tm_ernaring_regelverk_for_risiko_dips/any_event/antall_måneder_siden_forrige_vekt","rows":[]}]},{"width":"50%","children":[{"id":"generic-field-06368","rows":[]},{"id":"hv_ernaeringrisikovurdering/hv_tm_weightlossdegree_dips/any_event/beregnet_vekttap_i_prosent","rows":[]}]}]}]}]}]}]}]},{"col":1,"row":66,"width":20,"height":79,"children":[{"id":"generic-field-71309","rows":[{"cols":[{"width":"25%","children":[{"id":"generic-field-42085","rows":[{"cols":[{"width":"100%","children":[{"id":"generic-field-95300","rows":[]},{"id":"generic-field-22426","rows":[]},{"id":"generic-field-27449","rows":[]},{"id":"generic-field-75103","rows":[]},{"id":"generic-field-88181","rows":[]}]}]}]}]},{"width":"25%","children":[{"id":"generic-field-89015","rows":[{"cols":[{"width":"100%","children":[{"id":"generic-field-50831","rows":[]},{"id":"generic-field-83872","rows":[]},{"id":"generic-field-35132","rows":[]},{"id":"generic-field-28593","rows":[]},{"id":"generic-field-39924","rows":[]}]}]}]}]},{"width":"25%","children":[{"id":"generic-field-96152","rows":[{"cols":[{"width":"100%","children":[{"id":"generic-field-82522","rows":[]},{"id":"generic-field-77838","rows":[]},{"id":"generic-field-44470","rows":[]},{"id":"generic-field-08365","rows":[]},{"id":"generic-field-45221","rows":[]}]}]}]}]},{"width":"25%","children":[{"id":"generic-field-64621","rows":[{"cols":[{"width":"100%","children":[{"id":"generic-field-03849","rows":[]},{"id":"generic-field-45101","rows":[]},{"id":"generic-field-01264","rows":[]},{"id":"generic-field-40520","rows":[]},{"id":"generic-field-00058","rows":[]}]}]}]}]}]}]},{"id":"hv_ernaeringrisikovurdering/hv_tm_ernaring_regelverk_for_risiko_dips/any_event/månedspoeng","rows":[]},{"id":"hv_ernaeringrisikovurdering/hv_tm_ernaring_regelverk_for_risiko_dips/any_event/prosentpoeng","rows":[]},{"id":"hv_ernaeringrisikovurdering/hv_tm_ernaring_regelverk_for_risiko_dips/any_event/månedprosent","rows":[]}]},{"col":1,"row":145,"width":20,"height":9,"children":[{"id":"hv_ernaeringrisikovurdering/hv_ernaeringsscreening_allmenntilstand/allmenntilstand","rows":[]},{"id":"hv_ernaeringrisikovurdering/hv_tm_weightlossdegree_dips/any_event/grad_av_vekttap","rows":[]},{"id":"hv_ernaeringrisikovurdering/hv_tm_food_intake_reduction_dips/any_event/har_pasienten_hatt_redusert_matinntak_siste_uke2","rows":[]}]},{"col":1,"row":154,"width":20,"height":4,"children":[{"id":"hv_ernaeringrisikovurdering/screening_for_ernæringsmessig_risiko/uspesifisert_hendelse/hovedscreening/ernæringsstatus","rows":[]}]},{"col":1,"row":158,"width":20,"height":4,"children":[{"id":"hv_ernaeringrisikovurdering/screening_for_ernæringsmessig_risiko/uspesifisert_hendelse/hovedscreening/sykdommens_alvorlighetsgrad","rows":[]}]},{"col":1,"row":162,"width":20,"height":4,"children":[{"id":"hv_ernaeringrisikovurdering/er_kalk_dips/any_event/behandling_score","rows":[]}]},{"col":1,"row":166,"width":20,"height":70,"children":[{"id":"hv_ernaeringrisikovurdering/hv_tm_ernaring_regelverk_for_risiko_dips/any_event/1.\ternæring_og_almenntilstand_(0-3_skår):_max","rows":[]},{"id":"hv_ernaeringrisikovurdering/hv_tm_ernaring_regelverk_for_risiko_dips/any_event/3.\tøkt_behov_pga_sykdom_skade_(0-3_skår):_max","rows":[]},{"id":"hv_ernaeringrisikovurdering/hv_tm_ernaring_regelverk_for_risiko_dips/any_event/alder_ved_screening","rows":[]},{"id":"hv_ernaeringrisikovurdering/screening_for_ernæringsmessig_risiko/uspesifisert_hendelse/hovedscreening/er_pasientens_alder_≥_70_år","rows":[]},{"id":"hv_ernaeringrisikovurdering/hv_tm_ernaring_regelverk_for_risiko_dips/any_event/alder_(0-1_skår):_max","rows":[]},{"id":"hv_ernaeringrisikovurdering/screening_for_ernæringsmessig_risiko/uspesifisert_hendelse/hovedscreening/total_score","rows":[]},{"id":"hv_ernaeringrisikovurdering/hv_ps_er/ernæringsmessig_risiko2","rows":[]},{"id":"generic-field-18759","rows":[{"cols":[{"width":"100%","children":[{"id":"generic-field-44804","rows":[{"cols":[{"width":"100%","children":[]}]}]},{"id":"generic-field-49393","rows":[{"cols":[{"width":"100%","children":[{"id":"generic-field-78178","rows":[{"cols":[{"width":"100%","children":[]}]}]},{"id":"generic-field-33176","rows":[{"cols":[{"width":"100%","children":[]}]}]}]}]}]},{"id":"generic-field-16024","rows":[{"cols":[{"width":"100%","children":[{"id":"generic-field-65332","rows":[{"cols":[{"width":"100%","children":[]}]}]}]}]}]}]}]}]},{"id":"hv_ernaeringrisikovurdering/hv_ernaeringsscreening_behandling/planlagt_behandling_som_vil_medføre_vekttap3","rows":[]},{"id":"generic-field-07569","rows":[{"cols":[{"width":"100%","children":[{"id":"generic-field-90247","rows":[{"cols":[{"width":"100%","children":[]}]}]}]}]}]},{"id":"generic-field-71062","rows":[{"cols":[{"width":"100%","children":[{"id":"hv_ernaeringrisikovurdering/er_kalk_dips/any_event/matinntak_score","rows":[]},{"id":"hv_ernaeringrisikovurdering/hv_tm_ernaring_regelverk_for_risiko_dips/any_event/vekttap","rows":[]},{"id":"hv_ernaeringrisikovurdering/hv_tm_ernaring_regelverk_for_risiko_dips/any_event/bmi_18,5_-_20,5","rows":[]},{"id":"hv_ernaeringrisikovurdering/hv_tm_ernaring_regelverk_for_risiko_dips/any_event/bmi_<_18,5_+_nedsatt_allmenntilstand","rows":[]},{"id":"hv_ernaeringrisikovurdering/hv_tm_ernaring_regelverk_for_risiko_dips/any_event/bmi<18,5","rows":[]},{"id":"hv_ernaeringrisikovurdering/er_kalk_dips/any_event/allmenntilstand_bmi_score","rows":[]},{"id":"hv_ernaeringrisikovurdering/hv_tm_ernaring_regelverk_for_risiko_dips/any_event/nedsatt_allmenntilstand","rows":[]},{"id":"hv_ernaeringrisikovurdering/hv_tm_ernaring_regelverk_for_risiko_dips/any_event/bmi_18,5_-_20,5_+_normal_allmenntilstand","rows":[]},{"id":"hv_ernaeringrisikovurdering/hv_tm_ernaring_regelverk_for_risiko_dips/any_event/>5_%_vekttap_siste_2_mnd","rows":[]}]}]}]}]},{"col":1,"row":236,"width":20,"height":81,"children":[{"id":"generic-field-44002","rows":[{"cols":[{"width":"100%","children":[{"id":"generic-field-64218","rows":[{"cols":[{"width":"100%","children":[{"id":"generic-field-89833","rows":[]},{"id":"generic-field-55799","rows":[]},{"id":"generic-field-56774","rows":[]},{"id":"generic-field-17455","rows":[]},{"id":"generic-field-01833","rows":[]}]}]}]},{"id":"generic-field-69262","rows":[]},{"id":"generic-field-39176","rows":[{"cols":[{"width":"100%","children":[{"id":"generic-field-52347","rows":[]},{"id":"generic-field-51253","rows":[]},{"id":"generic-field-69563","rows":[]},{"id":"generic-field-96269","rows":[]}]}]}]},{"id":"generic-field-31206","rows":[{"cols":[{"width":"100%","children":[{"id":"generic-field-00972","rows":[]},{"id":"generic-field-68842","rows":[]},{"id":"generic-field-87871","rows":[]},{"id":"generic-field-15319","rows":[]}]}]}]}]}]}]}]}]