[{"col":1,"row":1,"width":12,"height":8,"children":[{"id":"generic-field-66693","rows":[{"cols":[{"width":"100%","children":[{"id":"generic-field-87239","rows":[{"cols":[{"width":"100%","children":[]}]}]},{"id":"generic-field-16571","rows":[{"cols":[{"width":"100%","children":[]}]}]}]}]}]}]},{"col":1,"row":13,"width":12,"height":22,"children":[{"id":"generic-field-27900","rows":[{"cols":[{"width":"100%","children":[{"id":"encounter/madrs/any_event/tristhet_-_har_du_vært_vedvarende_deprimert_eller_nedfor_mesteparten_av_dagen_hver_dag_de_siste_tre_døgn"}]}]},{"cols":[{"width":"100%","children":[{"id":"encounter/madrs/any_event/indre_spenning_-_har_du_merket_noen_uro_spenning_eller_angst_siste_tre_døgn"}]}]},{"cols":[{"width":"100%","children":[{"id":"encounter/madrs/any_event/redusert_nattesøvn_-_har_du_hatt_søvnproblemer_nesten_hver_natt_de_siste_tre_døgn"}]}]},{"cols":[{"width":"100%","children":[{"id":"encounter/madrs/any_event/svekket_appetitt_-_hvordan_har_det_vært_med_matlysten_de_siste_tre_døgn"}]}]},{"cols":[{"width":"100%","children":[{"id":"encounter/madrs/any_event/konsentrasjonsvansker_-_har_du_hatt_vansker_med_å_konsentrere_deg_de_siste_tre_døgn"}]}]},{"cols":[{"width":"100%","children":[{"id":"encounter/madrs/any_event/initiativløshet_-_har_du_hatt_vansker_med_å_komme_i_gang_ta_initiativ_eller_utføre_dagligdagse_aktiviteter_de_siste_tre_døgn"}]}]},{"cols":[{"width":"100%","children":[{"id":"encounter/madrs/any_event/svekkede_følelsesmessige_reaksjoner_-_har_du_i_de_siste_tre_døgn_vist_mindre_interesse_for_de_fleste_ting_eller_vært_mindre_i_stand_til_å_glede_deg_over_ting_som_pleide_å_gi_deg_glede"}]}]},{"cols":[{"width":"100%","children":[{"id":"encounter/madrs/any_event/depressivt_tankeinnhold_-_har_du_følt_deg_verdiløs_eller_skyldbetynget_de_siste_tre_døgn"}]}]},{"cols":[{"width":"100%","children":[{"id":"encounter/madrs/any_event/suicidaltanker_-_har_du_selvmordstanker_eller_har_du_ønsket_at_du_var_død_de_siste_tre_døgn"}]}]}]}]},{"col":1,"row":35,"width":12,"height":5,"children":[{"id":"generic-field-58164","rows":[{"cols":[{"width":"49%","children":[{"id":"encounter/madrs/any_event/madrs_score"}]},{"width":"48%","children":[{"id":"encounter/madrs/any_event/tidspunkt_for_vurdering"}]}]}]}]},{"col":1,"row":9,"width":12,"height":4,"children":[{"id":"generic-field-81016","rows":[{"cols":[{"width":"100%","children":[{"id":"encounter/madrs/any_event/synlig_tristhet_-_legeobservert"}]}]}]}]}]