{"name":"Form root","localizedNames":{},"localizedDescriptions":{},"rmType":"FORM_DEFINITION","min":0,"max":0,"formId":"form_root","viewConfig":{"label":{"custom":false,"useLocalizations":false},"size":{"field":"inherit","label":"inherit"},"layout":{"label":{"valign":"inherit","align":"inherit"},"field":{"valign":"inherit","align":"inherit"}},"annotations":{}},"children":[{"name":"Klinisk kontakt","localizedName":"Klinisk kontakt","localizedNames":{"en":"*Klinisk kontakt (nb)","nb":"Klinisk kontakt"},"localizedDescriptions":{"nb":"Interaksjon, kontakt eller omsorgshendelse mellom et individ og helsepersonell.","en":"*Interaksjon, kontakt eller omsorgshendelse mellom et individ og helsepersonell. (nb)"},"rmType":"COMPOSITION","nodeId":"openEHR-EHR-COMPOSITION.encounter.v1","min":1,"max":1,"aqlPath":"/","inputs":[],"formId":"klinisk_kontakt","viewConfig":{"multiplicity":{"min":1,"max":1},"advanced":{"hidden":false,"readonly":false,"hideFrame":false,"render":false},"label":{"custom":false,"useLocalizations":false},"size":{"field":"inherit","label":"-1"},"layout":{"label":{"valign":"inherit","align":"top"},"field":{"valign":"inherit","align":"inherit"}},"annotations":{},"field":{},"tags":["HideLabel"]},"children":[{"name":"Uspesifisert hendelse","localizedName":"Uspesifisert hendelse","localizedNames":{"en":"*Uspesifisert hendelse (nb)","nb":"Blodprøve"},"localizedDescriptions":{"nb":"Standard, uspesifisert tidspunkt eller tidsintervall som kan defineres mer eksplisitt i en templat eller i en applikasjon.","en":"*Standard, uspesifisert tidspunkt eller tidsintervall som kan defineres mer eksplisitt i en templat eller i en applikasjon. (nb)"},"rmType":"EVENT","nodeId":"at0002","min":1,"max":1,"aqlPath":"/content[openEHR-EHR-OBSERVATION.laboratory_test_result.v1]/data[at0001]/events[at0002]","inputs":[],"formId":"klinisk_kontakt/laboratorieresultat/uspesifisert_hendelse","viewConfig":{"multiplicity":{"min":1,"max":1},"advanced":{"hidden":false,"readonly":false,"hideFrame":false,"render":false},"label":{"custom":false,"useLocalizations":false},"size":{"field":"inherit","label":"-1"},"layout":{"label":{"valign":"inherit","align":"inherit"},"field":{"valign":"inherit","align":"inherit"}},"annotations":{"validateemptycontainer":"False"},"tags":["HideLabel"]},"children":[{"name":"Undersøkelsesnavn","localizedName":"Undersøkelsesnavn","localizedNames":{"en":"*Undersøkelsesnavn (nb)","nb":"Undersøkelsesnavn"},"localizedDescriptions":{"nb":"Navn på laboratorieundersøkelsen som er utført på prøvematerialet.","en":"*Navn på laboratorieundersøkelsen som er utført på prøvematerialet. (nb)"},"rmType":"DV_CODED_TEXT","nodeId":"at0005","min":1,"max":1,"aqlPath":"/content[openEHR-EHR-OBSERVATION.laboratory_test_result.v1]/data[at0001]/events[at0002]/data[at0003]/items[at0005]/value","inputs":[{"suffix":"code","type":"CODED_TEXT","list":[{"value":"17888004","label":"HDL analyse","ordinal":0,"localizedLabels":{"nb":"HDL analyse","en":"*HDL analyse (nb)"},"localizedDescriptions":{}}],"listOpen":false}],"formId":"klinisk_kontakt/laboratorieresultat/uspesifisert_hendelse/undersøkelsesnavn","viewConfig":{"multiplicity":{"min":1,"max":1},"advanced":{"hidden":true,"readonly":false,"hideFrame":false,"render":false},"label":{"custom":false,"useLocalizations":false},"size":{"field":"inherit","label":"inherit"},"layout":{"label":{"valign":"inherit","align":"inherit"},"field":{"valign":"inherit","align":"inherit"}},"annotations":{},"field":{"code":{"presentation":"combobox","columns":"1"}}}},{"name":"Analyseresultat","localizedName":"Analyseresultat","localizedNames":{"en":"*Analyseresultat (nb)","nb":"Analyseresultat"},"localizedDescriptions":{"nb":"Resultatet av en individuell laboratorieanalyse.","en":"*Resultatet av en individuell laboratorieanalyse. (nb)"},"rmType":"CLUSTER","nodeId":"openEHR-EHR-CLUSTER.laboratory_test_analyte.v1","min":0,"max":1,"aqlPath":"/content[openEHR-EHR-OBSERVATION.laboratory_test_result.v1]/data[at0001]/events[at0002]/data[at0003]/items[openEHR-EHR-CLUSTER.laboratory_test_analyte.v1]","inputs":[],"formId":"klinisk_kontakt/laboratorieresultat/uspesifisert_hendelse/analyseresultat","viewConfig":{"multiplicity":{"min":0,"max":1},"advanced":{"hidden":false,"readonly":false,"hideFrame":false,"render":false},"label":{"custom":false,"useLocalizations":false},"size":{"field":"inherit","label":"inherit"},"layout":{"label":{"valign":"inherit","align":"inherit"},"field":{"valign":"inherit","align":"inherit"}},"annotations":{},"field":{}},"children":[{"name":"Analysenavn","localizedName":"Analysenavn","localizedNames":{"en":"*Analysenavn (nb)","nb":"Analysenavn"},"localizedDescriptions":{"nb":"Navnet på analyseresultatet.","en":"*Navnet på analyseresultatet. (nb)"},"rmType":"DV_CODED_TEXT","nodeId":"at0024","min":0,"max":1,"aqlPath":"/content[openEHR-EHR-OBSERVATION.laboratory_test_result.v1]/data[at0001]/events[at0002]/data[at0003]/items[openEHR-EHR-CLUSTER.laboratory_test_analyte.v1]/items[at0024]/value","inputs":[{"suffix":"code","type":"CODED_TEXT","list":[{"value":"102737005","label":"HDL Kolesterol","ordinal":0,"localizedLabels":{"nb":"HDL Kolesterol","en":"*HDL Kolesterol (nb)"},"localizedDescriptions":{}}],"listOpen":false}],"formId":"klinisk_kontakt/laboratorieresultat/uspesifisert_hendelse/analyseresultat/analysenavn","viewConfig":{"multiplicity":{"min":0,"max":1},"advanced":{"hidden":true,"readonly":false,"hideFrame":false,"render":false},"label":{"custom":false,"useLocalizations":false},"size":{"field":"inherit","label":"inherit"},"layout":{"label":{"valign":"inherit","align":"inherit"},"field":{"valign":"inherit","align":"inherit"}},"annotations":{},"field":{"code":{"presentation":"combobox","columns":"1"}}}},{"name":"Analyseresultat","localizedName":"Analyseresultat","localizedNames":{"en":"*Analyseresultat (nb)","nb":"Analyseresultat"},"localizedDescriptions":{"nb":"Verdien av analyseresultatet.","en":"*Verdien av analyseresultatet. (nb)"},"rmType":"DV_QUANTITY","nodeId":"at0001","min":0,"max":1,"aqlPath":"/content[openEHR-EHR-OBSERVATION.laboratory_test_result.v1]/data[at0001]/events[at0002]/data[at0003]/items[openEHR-EHR-CLUSTER.laboratory_test_analyte.v1]/items[at0001]/value","inputs":[{"suffix":"magnitude","type":"DECIMAL","defaultValue":"","listOpen":false},{"suffix":"unit","type":"CODED_TEXT","list":[{"value":"mg/dl","label":"mg/dl","validation":{"range":{"minOp":">","maxOp":"<"}},"ordinal":0,"localizedLabels":{},"localizedDescriptions":{}}],"defaultValue":"mg/dl","listOpen":false}],"formId":"klinisk_kontakt/laboratorieresultat/uspesifisert_hendelse/analyseresultat/analyseresultat","viewConfig":{"multiplicity":{"min":0,"max":1},"advanced":{"hidden":false,"readonly":false,"hideFrame":false,"render":false},"label":{"custom":false,"useLocalizations":false},"size":{"field":"inherit","label":"inherit"},"layout":{"label":{"valign":"inherit","align":"inherit"},"field":{"valign":"inherit","align":"inherit"}},"annotations":{},"field":{}}}]}]}]}]}