{"formId":"form_root","name":"Form root","rmType":"FORM_DEFINITION","viewConfig":{"label":{"custom":false,"value":"","useLocalizations":false,"localizationsList":{}},"size":{"field":"inherit","label":"inherit","fill":"inherit"},"layout":{"valign":"inherit","align":"inherit"},"tags":[]},"templateLanguages":["nb"],"children":[{"name":"Tilsyn pasientliste","localizedName":"Tilsyn pasientliste","rmType":"OBSERVATION","nodeId":"openEHR-EHR-OBSERVATION.tilsyn_pasientliste.v0","min":0,"max":-1,"localizedNames":{"nb":"Tilsyn pasientliste"},"localizedDescriptions":{"nb":"unknown"},"aqlPath":"/content[openEHR-EHR-OBSERVATION.tilsyn_pasientliste.v0]","children":[{"name":"Tilsynsførende enhet","localizedName":"Tilsynsførende enhet","rmType":"DV_CODED_TEXT","nodeId":"at0004","min":0,"max":1,"localizedNames":{"nb":"Tilsynsførende enhet"},"localizedDescriptions":{"nb":"*"},"aqlPath":"/content[openEHR-EHR-OBSERVATION.tilsyn_pasientliste.v0]/data[at0001]/events[at0002]/data[at0003]/items[at0004]/value","inputs":[{"suffix":"code","type":"TEXT","terminology":"Dips?subset=VI-FAGOMR%C3%85DER&language=en-GB"},{"suffix":"value","type":"TEXT","terminology":"Dips?subset=VI-FAGOMR%C3%85DER&language=en-GB"}],"formId":"tilsyn_pasientliste/tilsyn_pasientliste/tilsynsførende_enhet","viewConfig":{"label":{"custom":false,"value":"","useLocalizations":false,"localizationsList":{}},"advanced":{"hidden":false,"readonly":false},"multiplicity":{"min":"0","max":"1"},"size":{"field":"inherit","label":"inherit","fill":"inherit"},"layout":{"label":{"valign":"inherit","align":"top"},"field":{"valign":"inherit","align":"inherit"}},"tags":[],"datasource":{"loadRemote":true,"loadRemoteUrl":"Dips?subset=VI-FAGOMR%C3%85DER&language=en-GB","terminology":""},"field":{"code":{"presentation":"textfield","lines":"1"},"value":{"presentation":"textfield","lines":"1"}}},"defaultValue":{"code":"","value":""}},{"name":"Status tilsyn","localizedName":"Status tilsyn","rmType":"DV_CODED_TEXT","nodeId":"at0006","min":0,"max":1,"localizedNames":{"nb":"Status tilsyn"},"localizedDescriptions":{"nb":"*"},"aqlPath":"/content[openEHR-EHR-OBSERVATION.tilsyn_pasientliste.v0]/data[at0001]/events[at0002]/data[at0003]/items[at0006]/value","inputs":[{"suffix":"code","type":"CODED_TEXT","list":[{"value":"at0007","label":"Behov for tilsyn er tilstede","localizedLabels":{"nb":"Behov for tilsyn er tilstede"},"localizedDescriptions":{"nb":"*"}},{"value":"at0008","label":"Tilsynsforespørsel er sendt","localizedLabels":{"nb":"Tilsynsforespørsel er sendt"},"localizedDescriptions":{"nb":"*"}},{"value":"at0009","label":"Tilsyn utført","localizedLabels":{"nb":"Tilsyn utført"},"localizedDescriptions":{"nb":"*"}}]}],"formId":"tilsyn_pasientliste/tilsyn_pasientliste/status_tilsyn","viewConfig":{"label":{"custom":false,"value":"","useLocalizations":false,"localizationsList":{}},"advanced":{"hidden":false,"readonly":false},"multiplicity":{"min":"0","max":"1"},"size":{"field":"inherit","label":"inherit","fill":"inherit"},"layout":{"label":{"valign":"inherit","align":"top"},"field":{"valign":"inherit","align":"inherit"}},"tags":[],"datasource":{"loadRemote":false,"loadRemoteUrl":"","terminology":""},"field":{"code":{"presentation":"combobox","columns":"4"}}},"defaultValue":{"code":""}},{"name":"Dato status","localizedName":"Dato status","rmType":"DV_DATE_TIME","nodeId":"at0005","min":0,"max":1,"localizedNames":{"nb":"Dato status"},"localizedDescriptions":{"nb":"*"},"aqlPath":"/content[openEHR-EHR-OBSERVATION.tilsyn_pasientliste.v0]/data[at0001]/events[at0002]/data[at0003]/items[at0005]/value","inputs":[{"type":"DATETIME"}],"formId":"tilsyn_pasientliste/tilsyn_pasientliste/dato_status","viewConfig":{"label":{"custom":false,"value":"","useLocalizations":false,"localizationsList":{}},"advanced":{"hidden":false,"readonly":false},"multiplicity":{"min":"0","max":"1"},"size":{"field":"inherit","label":"inherit","fill":"inherit"},"layout":{"label":{"valign":"inherit","align":"top"},"field":{"valign":"inherit","align":"inherit"}},"tags":[],"datasource":{"loadRemote":false,"loadRemoteUrl":"","terminology":""},"field":{"input":{"hideTime":true}}},"defaultValue":{"value":""}}],"fid":"tilsyn_pasientliste/tilsyn_pasientliste","formId":"tilsyn_pasientliste/tilsyn_pasientliste","viewConfig":{"label":{"custom":false,"value":"","useLocalizations":false,"localizationsList":{}},"advanced":{"hidden":false,"readonly":false,"render":false},"multiplicity":{"min":"0","max":"100"},"size":{"field":"inherit","label":"inherit","fill":"inherit"},"layout":{"label":{"valign":"top","align":"inherit"},"field":{"valign":"inherit","align":"inherit"}},"tags":[],"field":{}}}]}