{"name":"Form root","localizedNames":{},"localizedDescriptions":{},"rmType":"FORM_DEFINITION","min":0,"max":0,"formId":"form_root","viewConfig":{"label":{"custom":false,"useLocalizations":false},"size":{"field":"inherit","label":"inherit"},"layout":{"label":{"valign":"inherit","align":"inherit"},"field":{"valign":"inherit","align":"inherit"}},"annotations":{"#qsofa":"select o \r\nfrom composition c \r\ncontains OBSERVATION o[openEHR-EHR-OBSERVATION.qsofa_score.v0]\r\norder by c/context/start_time DESC fetch 1?scope=episodeofcare"}},"children":[{"name":"qSOFA-skår","localizedName":"qSOFA-skår","localizedNames":{"en":"*qSOFA-skår (nb)","nb":"qSOFA-skår"},"localizedDescriptions":{"nb":"Quick Sepsis-related Organ Failure Assessment (qSOFA) er en skår for å raskt risikovurdere voksne med mistenkt sepsis utenfor intensivavdelinger.","en":"*Quick Sepsis-related Organ Failure Assessment (qSOFA) er en skår for å raskt risikovurdere voksne med mistenkt sepsis utenfor intensivavdelinger. (nb)"},"rmType":"OBSERVATION","nodeId":"openEHR-EHR-OBSERVATION.qsofa_score.v0","min":0,"max":1,"aqlPath":"/content[openEHR-EHR-OBSERVATION.qsofa_score.v0]","inputs":[],"formId":"qsofa/qsofa-skår","viewConfig":{"multiplicity":{"min":0,"max":1},"advanced":{"hidden":false,"readonly":false,"hideFrame":false,"render":false},"label":{"custom":false,"useLocalizations":false},"size":{"field":"inherit","label":"inherit"},"layout":{"label":{"valign":"inherit","align":"top"},"field":{"valign":"inherit","align":"inherit"}},"annotations":{"description":"qSOFA- (Quick Sequential Organ Failure Assessment) kriterier:\r\n\r\n* Respirasjonsfrekvens ≥ 22/min – 1 poeng\r\n* Endret mental status (GCS < 15) – 1 poeng\r\n* Systolisk blodtrykk ≤ 100/mm Hg – 1 poeng\r\n\r\n*qSOFA-skår ≥ 2 poeng økt fra baseline = mulig sepsis*\r\n\r\nSkjema vil beregne qSofa score når du har fylt ut basisverdiene","description.contenttype":"markdown","selectreadonly":"#qsofa"},"field":{}},"children":[{"name":"Uspesifisert hendelse","localizedName":"Uspesifisert hendelse","localizedNames":{"en":"*Uspesifisert hendelse (nb)","nb":"Uspesifisert hendelse"},"localizedDescriptions":{"nb":"Standard, uspesifisert tidspunkt eller tidsintervall som kan defineres mer eksplisitt i en template eller i en applikasjon.","en":"*Standard, uspesifisert tidspunkt eller tidsintervall som kan defineres mer eksplisitt i en template eller i en applikasjon. (nb)"},"rmType":"POINT_EVENT","nodeId":"at0002","min":1,"max":1,"aqlPath":"/content[openEHR-EHR-OBSERVATION.qsofa_score.v0]/data[at0001]/events[at0002]","inputs":[],"formId":"qsofa/qsofa-skår/uspesifisert_hendelse","viewConfig":{"multiplicity":{"min":1,"max":1},"advanced":{"hidden":false,"readonly":false,"hideFrame":false,"render":false},"label":{"custom":false,"useLocalizations":false},"size":{"field":"inherit","label":"-1"},"layout":{"label":{"valign":"inherit","align":"inherit"},"field":{"valign":"inherit","align":"inherit"}},"annotations":{},"tags":["HideLabel"]},"children":[{"name":"Høy respirasjonsfrekvens","localizedName":"Høy respirasjonsfrekvens","localizedNames":{"en":"*Høy respirasjonsfrekvens (nb)","nb":"Høy respirasjonsfrekvens"},"localizedDescriptions":{"nb":"Ved respirasjonsfrekvens ≥22 gis 1 poeng.","en":"*Ved respirasjonsfrekvens ≥22 gis 1 poeng. (nb)"},"rmType":"DV_ORDINAL","nodeId":"at0006","min":0,"max":1,"aqlPath":"/content[openEHR-EHR-OBSERVATION.qsofa_score.v0]/data[at0001]/events[at0002]/data[at0003]/items[at0006]/value","inputs":[{"type":"CODED_TEXT","list":[{"value":"at0009","label":"Respirasjonsfrekvens <22","ordinal":0,"localizedLabels":{"nb":"Respirasjonsfrekvens <22","en":"*Respirasjonsfrekvens <22 (nb)"},"localizedDescriptions":{"nb":"Respirasjonsfrekvensen hos individet er <22.","en":"*Respirasjonsfrekvensen hos individet er <22. (nb)"}},{"value":"at0010","label":"Respirasjonsfrekvens ≥22","ordinal":1,"localizedLabels":{"nb":"Respirasjonsfrekvens ≥22","en":"*Respirasjonsfrekvens ≥22 (nb)"},"localizedDescriptions":{"nb":"Respirasjonsfrekvensen hos individet er ≥22.","en":"*Respirasjonsfrekvensen hos individet er ≥22. (nb)"}}],"listOpen":false}],"formId":"qsofa/qsofa-skår/uspesifisert_hendelse/høy_respirasjonsfrekvens","viewConfig":{"multiplicity":{"min":0,"max":1},"advanced":{"hidden":false,"readonly":false,"hideFrame":false,"render":false},"label":{"custom":false,"useLocalizations":false},"size":{"field":"inherit","label":"inherit"},"layout":{"label":{"valign":"inherit","align":"inherit"},"field":{"valign":"inherit","align":"inherit"}},"annotations":{},"field":{"presentation":"radios","columns":"2","input":{"presentation":"radios","columns":"2"}}}},{"name":"Lavt blodtrykk","localizedName":"Lavt blodtrykk","localizedNames":{"en":"*Lavt blodtrykk (nb)","nb":"Lavt blodtrykk"},"localizedDescriptions":{"nb":"Ved systolisk blodtrykk ≤100 gis 1 poeng.","en":"*Ved systolisk blodtrykk ≤100 gis 1 poeng. (nb)"},"rmType":"DV_ORDINAL","nodeId":"at0007","min":0,"max":1,"aqlPath":"/content[openEHR-EHR-OBSERVATION.qsofa_score.v0]/data[at0001]/events[at0002]/data[at0003]/items[at0007]/value","inputs":[{"type":"CODED_TEXT","list":[{"value":"at0014","label":"Systolisk blodtrykk >100","ordinal":0,"localizedLabels":{"nb":"Systolisk blodtrykk >100","en":"*Systolisk blodtrykk >100 (nb)"},"localizedDescriptions":{"nb":"Individet har systolisk blodtrykk >100.","en":"*Individet har systolisk blodtrykk >100. (nb)"}},{"value":"at0015","label":"Systolisk blodtrykk ≤100","ordinal":1,"localizedLabels":{"nb":"Systolisk blodtrykk ≤100","en":"*Systolisk blodtrykk ≤100 (nb)"},"localizedDescriptions":{"nb":"Individet har systolisk blodtrykk ≤100.","en":"*Individet har systolisk blodtrykk ≤100. (nb)"}}],"listOpen":false}],"formId":"qsofa/qsofa-skår/uspesifisert_hendelse/lavt_blodtrykk","viewConfig":{"multiplicity":{"min":0,"max":1},"advanced":{"hidden":false,"readonly":false,"hideFrame":false,"render":false},"label":{"custom":false,"useLocalizations":false},"size":{"field":"inherit","label":"inherit"},"layout":{"label":{"valign":"inherit","align":"inherit"},"field":{"valign":"inherit","align":"inherit"}},"annotations":{},"field":{"presentation":"radios","columns":"2","input":{"presentation":"radios","columns":"2"}}}},{"name":"Endret mental status","localizedName":"Endret mental status","localizedNames":{"en":"*Endret mental status (nb)","nb":"Endret mental status"},"localizedDescriptions":{"nb":"Ved endret mental status (Glasgow Coma Scale <15) gis 1 poeng.","en":"*Ved endret mental status (Glasgow Coma Scale <15) gis 1 poeng. (nb)"},"rmType":"DV_ORDINAL","nodeId":"at0008","min":0,"max":1,"aqlPath":"/content[openEHR-EHR-OBSERVATION.qsofa_score.v0]/data[at0001]/events[at0002]/data[at0003]/items[at0008]/value","inputs":[{"type":"CODED_TEXT","list":[{"value":"at0011","label":"Ikke endret mental status (GCS er >15)","ordinal":0,"localizedLabels":{"nb":"Ikke endret mental status (GCS er >15)","en":"*Ikke endret mental status (GCS er >15) (nb)"},"localizedDescriptions":{"nb":"Individet har ikke endret mental status (Glasgow Coma Scale er >15).","en":"*Individet har ikke endret mental status (Glasgow Coma Scale er >15). (nb)"}},{"value":"at0012","label":"Endret mental status (GCS er <15)","ordinal":1,"localizedLabels":{"nb":"Endret mental status (GCS er <15)","en":"*Endret mental status (GCS er <15) (nb)"},"localizedDescriptions":{"nb":"Individet har endret mental status (Glasgow Coma Scale er <15).","en":"*Individet har endret mental status (Glasgow Coma Scale er <15). (nb)"}}],"listOpen":false}],"formId":"qsofa/qsofa-skår/uspesifisert_hendelse/endret_mental_status","viewConfig":{"multiplicity":{"min":0,"max":1},"advanced":{"hidden":false,"readonly":false,"hideFrame":false,"render":false},"label":{"custom":false,"useLocalizations":false},"size":{"field":"inherit","label":"inherit"},"layout":{"label":{"valign":"inherit","align":"inherit"},"field":{"valign":"inherit","align":"inherit"}},"annotations":{},"field":{"presentation":"radios","columns":"2","input":{"presentation":"radios","columns":"2"}}}},{"name":"qSOFA-skår","localizedName":"qSOFA-skår","localizedNames":{"en":"*qSOFA-skår (nb)","nb":"qSOFA-skår"},"localizedDescriptions":{"nb":"qSOFA-skår er summen av score for de enkelte parametrene.","en":"*qSOFA-skår er summen av score for de enkelte parametrene. (nb)"},"rmType":"DV_COUNT","nodeId":"at0005","min":0,"max":1,"aqlPath":"/content[openEHR-EHR-OBSERVATION.qsofa_score.v0]/data[at0001]/events[at0002]/data[at0003]/items[at0005]/value","inputs":[{"type":"INTEGER","validation":{"range":{"minOp":">=","min":0.0,"maxOp":"<=","max":3.0}},"defaultValue":"","listOpen":false}],"formId":"qsofa/qsofa-skår/uspesifisert_hendelse/qsofa-skår","viewConfig":{"multiplicity":{"min":0,"max":1},"advanced":{"hidden":false,"readonly":false,"hideFrame":false,"render":false},"label":{"custom":false,"useLocalizations":false},"size":{"field":"small","label":"inherit"},"layout":{"label":{"valign":"inherit","align":"left"},"field":{"valign":"inherit","align":"inherit"}},"annotations":{},"field":{}}},{"name":"Time","localizedName":"Tidspunkt","localizedNames":{"en":"Time","nb":"Tidspunkt"},"localizedDescriptions":{},"rmType":"DV_DATE_TIME","min":0,"max":1,"aqlPath":"/content[openEHR-EHR-OBSERVATION.qsofa_score.v0]/data[at0001]/events[at0002]/time","inputs":[{"type":"DATETIME","listOpen":false}],"formId":"qsofa/qsofa-skår/uspesifisert_hendelse/time","viewConfig":{"multiplicity":{"min":0,"max":1},"advanced":{"hidden":false,"readonly":false,"hideFrame":false,"render":false},"label":{"custom":false,"useLocalizations":false},"size":{"field":"inherit","label":"inherit"},"layout":{"label":{"valign":"inherit","align":"inherit"},"field":{"valign":"inherit","align":"inherit"}},"annotations":{"templateVariable":"[Sys.Now]"},"field":{"input":{"hideTime":false,"dateFormat":"","hideDate":false}}}},{"name":"Kommentar","localizedName":"Kommentar","localizedNames":{"en":"*Kommentar (nb)","nb":"Kommentar"},"localizedDescriptions":{"nb":"Ytterligere kommentar til qSOFA-skåringen som ikke er fanget opp i andre felt.","en":"*Ytterligere kommentar til qSOFA-skåringen som ikke er fanget opp i andre felt. (nb)"},"rmType":"DV_TEXT","nodeId":"at0004","min":0,"max":1,"aqlPath":"/content[openEHR-EHR-OBSERVATION.qsofa_score.v0]/data[at0001]/events[at0002]/data[at0003]/items[at0004]/value","inputs":[{"type":"TEXT","list":[],"listOpen":false}],"formId":"qsofa/qsofa-skår/uspesifisert_hendelse/kommentar","viewConfig":{"multiplicity":{"min":0,"max":1},"advanced":{"hidden":false,"readonly":false,"hideFrame":false,"render":false},"label":{"custom":false,"useLocalizations":false},"size":{"field":"inherit","label":"inherit"},"layout":{"label":{"valign":"inherit","align":"inherit"},"field":{"valign":"inherit","align":"inherit"}},"datasource":{"loadRemote":false,"parameters":{}},"annotations":{},"field":{"lines":"3","input":{"lines":3}}}}]}]}]}