[{"col":1,"row":1,"width":12,"height":4,"children":[{"id":"generic-field-76373","rows":[{"cols":[{"width":"100%","children":[]}]}]}]},{"col":1,"row":5,"width":12,"height":8,"children":[{"id":"kontakt/samtale/samtale_soi","rows":[{"cols":[{"width":"100%","children":[{"id":"kontakt/samtale/samtale_soi/informasjon_gitt_til_pasienten"},{"id":"kontakt/samtale/samtale_soi/tilbud_om_blodprøve"},{"id":"kontakt/samtale/samtale_soi/råd_om_hepatitt_vaksiner"},{"id":"kontakt/samtale/samtale_soi/råd_om_hpv_vaksine"},{"id":"kontakt/samtale/samtale_soi/beskrivelse"}]}]}]}]},{"col":1,"row":32,"width":12,"height":6,"children":[{"id":"kontakt/samtale/samtale_medikamentbruk","rows":[{"cols":[{"width":"100%","children":[{"id":"kontakt/samtale/samtale_medikamentbruk/medikamentbruk"},{"id":"kontakt/samtale/samtale_medikamentbruk/stimulantia"},{"id":"kontakt/samtale/samtale_medikamentbruk/utfyllende_opplysninger"}]}]}]}]},{"col":1,"row":13,"width":12,"height":19,"children":[{"id":"kontakt/samtale/samtale_behandling","rows":[{"cols":[{"width":"100%","children":[{"id":"kontakt/samtale/samtale_behandling/årsak_til_behandling"},{"id":"kontakt/samtale/samtale_behandling/type_infeksjon"},{"id":"kontakt/samtale/samtale_behandling/symptom_ous","rows":[{"cols":[{"width":"100%","children":[{"id":"kontakt/samtale/samtale_behandling/symptom_ous/symptomnavn"},{"id":"kontakt/samtale/samtale_behandling/symptom_ous/beskrivelse"}]}]}]},{"id":"kontakt/samtale/samtale_behandling/informasjon_gitt_til_pasient"},{"id":"kontakt/samtale/samtale_behandling/behandling_av_partner"},{"id":"kontakt/samtale/samtale_behandling/tilbud_om_blodprøve"},{"id":"kontakt/samtale/samtale_behandling/utfyllende_opplysninger"}]}]}]}]},{"col":1,"row":38,"width":12,"height":14,"children":[{"id":"kontakt/samtale/samtale_standard","rows":[{"cols":[{"width":"100%","children":[{"id":"kontakt/samtale/samtale_standard/interaksjoner_kontraindikasjoner_til_standardbehandling"},{"id":"kontakt/samtale/samtale_standard/utfyllende_opplysninger"},{"id":"kontakt/samtale/samtale_standard/graviditet","rows":[{"cols":[{"width":"100%","children":[{"id":"generic-field-80955","rows":[{"cols":[{"width":"55%","children":[{"id":"kontakt/samtale/samtale_standard/graviditet/gestasjonsalder_-_uker"}]},{"width":"45%","children":[]}]}]}]}]}]}]}]}]}]},{"col":1,"row":52,"width":12,"height":5,"children":[{"id":"kontakt/samtale/samtale_vaksinering","rows":[{"cols":[{"width":"100%","children":[{"id":"kontakt/samtale/samtale_vaksinering/kontraindikasjoner"},{"id":"kontakt/samtale/samtale_vaksinering/informasjon_gitt_til_pasienten"}]}]}]}]},{"col":1,"row":57,"width":12,"height":25,"children":[{"id":"kontakt/samtale/samtale_kontroll","rows":[{"cols":[{"width":"100%","children":[{"id":"kontakt/samtale/samtale_kontroll/årsak_til_kontroll"},{"id":"kontakt/samtale/samtale_kontroll/etterkontroll_syfilisbehandling"},{"id":"kontakt/samtale/samtale_kontroll/etterkontroll_profylaktisk_behandling"},{"id":"kontakt/samtale/samtale_kontroll/status_på_behandling"},{"id":"kontakt/samtale/samtale_kontroll/status_på_partners_behandling"},{"id":"kontakt/samtale/samtale_kontroll/symptom_ous","rows":[{"cols":[{"width":"100%","children":[{"id":"kontakt/samtale/samtale_kontroll/symptom_ous/symptomnavn"},{"id":"kontakt/samtale/samtale_kontroll/symptom_ous/beskrivelse"},{"id":"kontakt/samtale/samtale_kontroll/symptom_ous/forløpsbeskrivelse"}]}]}]},{"id":"kontakt/samtale/samtale_kontroll/resmitte_behandlingssvikt"},{"id":"kontakt/samtale/samtale_kontroll/hatt_sex_under_behandling"},{"id":"kontakt/samtale/samtale_kontroll/hatt_sex_etter_behandling"},{"id":"kontakt/samtale/samtale_kontroll/utfyllende_opplysninger"}]}]}]}]},{"col":1,"row":82,"width":12,"height":8,"children":[{"id":"kontakt/samtale/samtale_smo","rows":[{"cols":[{"width":"100%","children":[{"id":"kontakt/samtale/samtale_smo/status_smitteoppsporing"},{"id":"kontakt/samtale/samtale_smo/type_formidling"},{"id":"kontakt/samtale/samtale_smo/utfyllende_opplysninger"}]}]}]}]},{"col":1,"row":90,"width":12,"height":7,"children":[{"id":"kontakt/samtale/samtale_proevesvar","rows":[{"cols":[{"width":"100%","children":[{"id":"kontakt/samtale/samtale_proevesvar/prøvesvar_formidlet"},{"id":"kontakt/samtale/samtale_proevesvar/beskrivelse"},{"id":"kontakt/samtale/samtale_proevesvar/prøve_tatt_i_mulig_vindusperiode"},{"id":"kontakt/samtale/samtale_proevesvar/anbefaler_ny_test"}]}]}]}]},{"col":1,"row":97,"width":12,"height":5,"children":[{"id":"kontakt/samtale/samtale_radgivning","rows":[{"cols":[{"width":"100%","children":[{"id":"kontakt/samtale/samtale_radgivning/beskrivelse"}]}]}]}]},{"col":1,"row":102,"width":12,"height":59,"children":[{"id":"kontakt/samtale/samtale_hiv_spl_1","rows":[{"cols":[{"width":"100%","children":[{"id":"kontakt/samtale/samtale_hiv_spl_1/psykisk_reaksjon_på_diagnosen"},{"id":"kontakt/samtale/samtale_hiv_spl_1/kunnskap_om_hiv"},{"id":"kontakt/samtale/samtale_hiv_spl_1/kjennskap_til_andre_hiv-positive"},{"id":"kontakt/samtale/samtale_hiv_spl_1/noen_å_dele_nyheten_med"},{"id":"kontakt/samtale/samtale_hiv_spl_1/familie_sosialt"},{"id":"kontakt/samtale/samtale_hiv_spl_1/pasientens_planer_resten_av_dagen"},{"id":"kontakt/samtale/samtale_hiv_spl_1/mental_helse_rus"},{"id":"kontakt/samtale/samtale_hiv_spl_1/dato_siste_neg._hiv_test"},{"id":"kontakt/samtale/samtale_hiv_spl_1/antatt_smittetidspunkt"},{"id":"kontakt/samtale/samtale_hiv_spl_1/informert_om"},{"id":"kontakt/samtale/samtale_hiv_spl_1/vurdering_av_pep_for_partner"},{"id":"kontakt/samtale/samtale_hiv_spl_1/sjekk_for_soi"},{"id":"kontakt/samtale/samtale_hiv_spl_1/utfyllende_opplysninger"}]}]}]},{"id":"kontakt/samtale/samtale_hiv_spl_videre","rows":[{"cols":[{"width":"100%","children":[{"id":"kontakt/samtale/samtale_hiv_spl_videre/psykisk_reaksjon_på_diagnosen"},{"id":"kontakt/samtale/samtale_hiv_spl_videre/erfaringer_med_å_dele_nyheten"},{"id":"kontakt/samtale/samtale_hiv_spl_videre/familie_sosialt"},{"id":"kontakt/samtale/samtale_hiv_spl_videre/mental_helse_rus"},{"id":"kontakt/samtale/samtale_hiv_spl_videre/pasientens_spørsmål"},{"id":"kontakt/samtale/samtale_hiv_spl_videre/tilbud_om_hepatittvaksine"},{"id":"kontakt/samtale/samtale_hiv_spl_videre/dato_siste_neg._hiv_test"},{"id":"kontakt/samtale/samtale_hiv_spl_videre/antatt_smittetidspunkt"},{"id":"kontakt/samtale/samtale_hiv_spl_videre/informert_om"},{"id":"kontakt/samtale/samtale_hiv_spl_videre/sjekk_for_soi"},{"id":"kontakt/samtale/samtale_hiv_spl_videre/utfyllende_opplysninger"}]}]}]},{"id":"kontakt/samtale/samtale_hiv_lege_1","rows":[{"cols":[{"width":"100%","children":[{"id":"kontakt/samtale/samtale_hiv_lege_1/dato_siste_neg._hiv_test"},{"id":"kontakt/samtale/samtale_hiv_lege_1/antatt_smittetidspunkt"},{"id":"kontakt/samtale/samtale_hiv_lege_1/psykisk_reaksjon_på_diagnosen"},{"id":"kontakt/samtale/samtale_hiv_lege_1/kunnskap_om_hiv"},{"id":"kontakt/samtale/samtale_hiv_lege_1/familie_sosialt"},{"id":"kontakt/samtale/samtale_hiv_lege_1/mental_helse_rus"},{"id":"kontakt/samtale/samtale_hiv_lege_1/tidligere_sykdommer"},{"id":"kontakt/familieanamnese/arvelige_belastninger"},{"id":"kontakt/samtale/samtale_hiv_lege_1/naturlige_funksjoner"},{"id":"kontakt/samtale/samtale_hiv_lege_1/informert_om"},{"id":"kontakt/samtale/samtale_hiv_lege_1/vurdering_av_pep_for_partner"},{"id":"kontakt/samtale/samtale_hiv_lege_1/info_til_fastlege"},{"id":"kontakt/samtale/samtale_hiv_lege_1/utfyllende_opplysninger"}]}]}]},{"id":"kontakt/samtale/samtale_hiv_lege_videre","rows":[{"cols":[{"width":"100%","children":[{"id":"kontakt/samtale/samtale_hiv_lege_videre/aktuelt"},{"id":"kontakt/samtale/samtale_hiv_lege_videre/mental_helse_rus"},{"id":"kontakt/samtale/samtale_hiv_lege_videre/informert_om"},{"id":"kontakt/samtale/samtale_hiv_lege_videre/sjekk_for_soi"},{"id":"kontakt/samtale/samtale_hiv_lege_videre/råd_om_vaksine"},{"id":"kontakt/samtale/samtale_hiv_lege_videre/råd_om_cervix_cytologi"},{"id":"kontakt/samtale/samtale_hiv_lege_videre/graviditet/første_dag_av_siste_menstruasjon"},{"id":"kontakt/samtale/samtale_hiv_lege_videre/utfyllende_opplysninger"}]}]}]}]},{"col":1,"row":161,"width":12,"height":34,"children":[{"id":"kontakt/samtale/samtale_pep_vurdering","rows":[{"cols":[{"width":"100%","children":[{"id":"kontakt/samtale/samtale_pep_vurdering/tid"},{"id":"kontakt/samtale/samtale_pep_vurdering/antall_timer_siden"},{"id":"kontakt/samtale/samtale_pep_vurdering/hendelsesforløp"},{"id":"kontakt/samtale/samtale_pep_vurdering/hiv_status_på_kilde"},{"id":"kontakt/samtale/samtale_pep_vurdering/behandlingsstatus_og_effekt_av_behandling"},{"id":"kontakt/samtale/samtale_pep_vurdering/dato_siste_neg._hiv_test"},{"id":"kontakt/samtale/samtale_pep_vurdering/hiv_hurtigtest"},{"id":"kontakt/samtale/samtale_pep_vurdering/dato_for_siste_sjekk_for_soi"},{"id":"kontakt/samtale/samtale_pep_vurdering/tatt_pep_tidligere"},{"id":"kontakt/samtale/samtale_pep_vurdering/hvis_ja"},{"id":"kontakt/samtale/samtale_pep_vurdering/hepatitt_b_status"},{"id":"kontakt/samtale/samtale_pep_vurdering/andre_sykdommer_tidligere_sykdommer"},{"id":"kontakt/samtale/samtale_pep_vurdering/utfyllende_opplysninger"}]}]}]}]},{"col":1,"row":195,"width":12,"height":14,"children":[{"id":"kontakt/samtale/samtale_ksk","rows":[{"cols":[{"width":"100%","children":[{"id":"kontakt/samtale/samtale_ksk/cervix_cytologi"},{"id":"kontakt/samtale/samtale_ksk/utfyllende_opplysninger"},{"id":"kontakt/samtale/samtale_ksk/graviditet/første_dag_av_siste_menstruasjon"},{"id":"kontakt/samtale/samtale_ksk/graviditet/har_ikke_menstruasjon"}]}]}]}]}]