[{"field":"kontakt/samtale/samtale_standard/interaksjoner_kontraindikasjoner_til_standardbehandling","conditions":[{"operator":"equals","value":{"code":"BM3"},"actions":[{"action":"show","target":"kontakt/samtale/samtale_standard/graviditet","value":{"value":""}}]}]},{"field":"kontakt/samtale/samtale_pep_vurdering/hiv_status_på_kilde","conditions":[{"operator":"equals","value":{"code":"CT02"},"actions":[{"action":"show","target":"kontakt/samtale/samtale_pep_vurdering/behandlingsstatus_og_effekt_av_behandling","value":{"value":""}}]},{"operator":"notequals","value":{"code":"CT02"},"actions":[{"action":"hide","target":"kontakt/samtale/samtale_pep_vurdering/behandlingsstatus_og_effekt_av_behandling","value":{"value":""}},{"action":"clear","target":"kontakt/samtale/samtale_pep_vurdering/behandlingsstatus_og_effekt_av_behandling","value":{"value":""}}]}]},{"field":"kontakt/samtale/samtale_pep_vurdering/tatt_pep_tidligere","conditions":[{"operator":"equals","value":{"code":"at0014"},"actions":[{"action":"show","target":"kontakt/samtale/samtale_pep_vurdering/hvis_ja","value":{"value":"Når sist pep: Antall ganger"}},{"action":"set","target":"kontakt/samtale/samtale_pep_vurdering/hvis_ja","value":{"value":"Når sist pep: Antall ganger:"}}]},{"operator":"notequals","value":{"code":"at0014"},"actions":[{"action":"hide","target":"kontakt/samtale/samtale_pep_vurdering/hvis_ja","value":{"value":"Når sist pep: Antall ganger:"}},{"action":"clear","target":"kontakt/samtale/samtale_pep_vurdering/hvis_ja","value":{"value":"Når sist pep: Antall ganger:"}}]}]},{"field":"kontakt/samtale/samtale_kontroll/årsak_til_kontroll","conditions":[{"operator":"equals","value":{"code":"BT4"},"actions":[{"action":"show","target":"kontakt/samtale/samtale_kontroll/etterkontroll_syfilisbehandling","value":{"code":""}}]},{"operator":"equals","value":{"code":"BT8"},"actions":[{"action":"show","target":"kontakt/samtale/samtale_kontroll/etterkontroll_profylaktisk_behandling","value":{"code":""}}]}]},{"field":"kontakt/samtale/samtale_smo/status_smitteoppsporing","conditions":[{"operator":"equals","value":{"code":"BO1"},"actions":[{"action":"show","target":"kontakt/samtale/samtale_smo/type_formidling","value":{"code":""}}]},{"operator":"equals","value":{"code":"BO2"},"actions":[{"action":"show","target":"kontakt/samtale/samtale_smo/type_formidling","value":{"code":""}}]},{"operator":"equals","value":{"code":"BO4"},"actions":[{"action":"hide","target":"kontakt/samtale/samtale_smo/type_formidling","value":{"code":""}},{"action":"clear","target":"kontakt/samtale/samtale_smo/type_formidling","value":{"code":""}}]},{"operator":"empty","value":null,"actions":[{"action":"hide","target":"kontakt/samtale/samtale_smo/type_formidling","value":{"code":""}},{"action":"clear","target":"kontakt/samtale/samtale_smo/type_formidling","value":{"code":""}}]}]}]