{"formId":"form_root","name":"Form root","rmType":"FORM_DEFINITION","viewConfig":{"label":{"custom":false,"value":"","useLocalizations":false,"localizationsList":{}},"size":{"field":"inherit","label":"inherit","fill":"inherit"},"layout":{"valign":"inherit","align":"inherit"},"tags":[],"annotations":{"#status":"openEHR-EHR-EVALUATION.status_olafia.v1"}},"language":"","templateLanguages":["nb"],"children":[{"name":"Status","localizedName":"Status","rmType":"DV_CODED_TEXT","nodeId":"at0002","min":0,"max":1,"localizedNames":{"nb":"Status"},"localizedDescriptions":{"nb":"*"},"aqlPath":"/content[openEHR-EHR-EVALUATION.status_olafia.v1]/data[at0001]/items[at0002]/value","inputs":[{"suffix":"code","type":"CODED_TEXT","list":[{"value":"AZA","label":"Selvregistrering utført","localizedLabels":{"nb":"Selvregistrering utført"}},{"value":"AZB","label":"Venter på sykepleier","localizedLabels":{"nb":"Venter på sykepleier"}},{"value":"AZ1","label":"Hos sykepleier","localizedLabels":{"nb":"Hos sykepleier"}},{"value":"AZ2","label":"Venter på lege","localizedLabels":{"nb":"Venter på lege"}},{"value":"AZ3","label":"Hos lege","localizedLabels":{"nb":"Hos lege"}},{"value":"AZ5","label":"Ferdig for dagen","localizedLabels":{"nb":"Ferdig for dagen"}},{"value":"AZ4","label":"Ferdig for dagen (Endre \"smittefarlig sykdom\")","localizedLabels":{"nb":"Ferdig for dagen (Endre \"smittefarlig sykdom\")"}}],"terminology":"Olafia"}],"formId":"vurdering_behandling_og_plan/status_olafia/status","viewConfig":{"annotations":{"select":"{#status:/data[at0001]/items[at0002]/value}"},"size":{"field":"inherit","label":"inherit","fill":"inherit"},"layout":{"field":{"valign":"inherit","align":"inherit"}},"datasource":{"loadRemote":false,"loadRemoteUrl":"","terminology":""},"field":{"code":{"presentation":"combobox"}}}},{"name":"Beskjed","localizedName":"Beskjed","rmType":"DV_TEXT","nodeId":"at0003","min":0,"max":1,"localizedNames":{"nb":"Beskjed"},"localizedDescriptions":{"nb":"*"},"aqlPath":"/content[openEHR-EHR-EVALUATION.status_olafia.v1]/data[at0001]/items[at0003]/value","inputs":[{"type":"TEXT"}],"formId":"vurdering_behandling_og_plan/status_olafia/beskjed","viewConfig":{"annotations":{"select":"{#status:/data[at0001]/items[at0003]/value}"},"size":{"field":"inherit","label":"inherit","fill":"inherit"},"layout":{"field":{"valign":"inherit","align":"inherit"}},"datasource":{"loadRemote":false,"loadRemoteUrl":"","terminology":""},"field":{"input":{"presentation":"textfield"}}}}]}