{"name":"Form root","localizedNames":{},"localizedDescriptions":{},"rmType":"FORM_DEFINITION","min":0,"max":0,"formId":"form_root","viewConfig":{"label":{"custom":false,"useLocalizations":false},"size":{"field":"inherit","label":"inherit"},"layout":{"label":{"valign":"inherit","align":"inherit"},"field":{"valign":"inherit","align":"inherit"}},"annotations":{"#barnsompaarorende":"select\r\n   a\r\nfrom\r\n   composition c[openEHR-EHR-COMPOSITION.encounter.v1]\r\ncontains\r\n   ADMIN_ENTRY a[openEHR-EHR-ADMIN_ENTRY.logistic_services_dips.v0]\r\nwhere\r\n   a/name/value = 'Barn som pårørende Helse Nord'\r\norder by c/context/start_time DESC fetch 1?scope=episodeofcare ","#hjerteskole":"select\r\n   a\r\nfrom\r\n   composition c[openEHR-EHR-COMPOSITION.encounter.v1]\r\ncontains\r\n   ADMIN_ENTRY a[openEHR-EHR-ADMIN_ENTRY.logistic_services_dips.v0]\r\nwhere\r\n   a/name/value = 'Hjerteskole Helse Nord'\r\norder by c/context/start_time DESC fetch 1?scope=episodeofcare "}},"children":[{"name":"Fieldset","localizedName":"Annet","localizedNames":{"en":"*Fieldset (en)","nb":"Annet"},"localizedDescriptions":{},"rmType":"GENERIC_FIELDSET","min":0,"max":1,"inputs":[],"formId":"generic-field-47866","viewConfig":{"multiplicity":{"min":0,"max":1},"advanced":{"hidden":false,"readonly":false,"hideFrame":false,"render":false},"label":{"custom":false,"useLocalizations":false},"size":{"field":"inherit","label":"inherit"},"layout":{"label":{"valign":"inherit","align":"inherit"},"field":{"valign":"inherit","align":"inherit"}},"annotations":{},"field":{"formId":null,"name":null}},"children":[]},{"name":"Hjerteskole Helse Nord","localizedName":"Hjerteskole Helse Nord","localizedNames":{"en":"*Hjerteskole Helse Nord (en)","nb":"Hjerteskole Helse Nord"},"localizedDescriptions":{"nb":"Brukes for å angi informasjon om logistikktjenester i forbindelse med utøvelse av helsehjelp.","en":"*Brukes for å angi informasjon om logistikktjenester i forbindelse med utøvelse av helsehjelp. (nb)"},"rmType":"ADMIN_ENTRY","nodeId":"openEHR-EHR-ADMIN_ENTRY.logistic_services_dips.v0","min":1,"max":1,"aqlPath":"/content[openEHR-EHR-ADMIN_ENTRY.logistic_services_dips.v0 and name/value='Hjerteskole Helse Nord']","inputs":[],"formId":"klinisk_kontakt/hjerteskole_helse_nord@Hjerteskole Helse Nord","viewConfig":{"multiplicity":{"min":1,"max":1},"advanced":{"hidden":false,"readonly":false,"hideFrame":false,"render":false},"label":{"custom":false,"useLocalizations":false},"size":{"field":"inherit","label":"-1"},"layout":{"label":{"valign":"inherit","align":"inherit"},"field":{"valign":"inherit","align":"inherit"}},"annotations":{"selectreadonly":"{#hjerteskole}"},"field":{},"tags":["HideLabel"]},"children":[{"name":"Beskrivelse","localizedName":"Beskrivelse","localizedNames":{"en":"*Beskrivelse (nb)","nb":"Beskrivelse"},"localizedDescriptions":{"nb":"Tekstlig beskrivelse av tjenesten","en":"*Tekstlig beskrivelse av tjenesten (nb)"},"rmType":"DV_CODED_TEXT","nodeId":"at0005","min":0,"max":1,"aqlPath":"/content[openEHR-EHR-ADMIN_ENTRY.logistic_services_dips.v0 and name/value='Hjerteskole Helse Nord']/data[at0001]/items[at0005]/value","inputs":[{"suffix":"code","type":"CODED_TEXT","list":[{"value":"01","label":"Hjerteskole","ordinal":0,"localizedLabels":{"nb":"Hjerteskole","en":"*Hjerteskole (nb)"},"localizedDescriptions":{}}],"defaultValue":"01","listOpen":false}],"formId":"klinisk_kontakt/hjerteskole_helse_nord@Hjerteskole Helse Nord/beskrivelse","viewConfig":{"multiplicity":{"min":0,"max":1},"advanced":{"hidden":true,"readonly":false,"hideFrame":false,"render":false},"label":{"custom":false,"useLocalizations":false},"size":{"field":"inherit","label":"inherit"},"layout":{"label":{"valign":"inherit","align":"inherit"},"field":{"valign":"inherit","align":"inherit"}},"annotations":{},"field":{"code":{"presentation":"combobox","columns":"1"}}}},{"name":"Skal til hjerteskole","localizedName":"Skal til hjerteskole","localizedNames":{"en":"*Skal til hjerteskole (en)","nb":"Skal til hjerteskole"},"localizedDescriptions":{"nb":"Status på tjenester f.eks. bestilt, ringt etter osv.","en":"*Status på tjenester f.eks. bestilt, ringt etter osv. (nb)"},"rmType":"DV_BOOLEAN","nodeId":"at0003","min":0,"max":1,"aqlPath":"/content[openEHR-EHR-ADMIN_ENTRY.logistic_services_dips.v0 and name/value='Hjerteskole Helse Nord']/data[at0001]/items[at0003 and name/value='Skal til hjerteskole']/value","inputs":[{"type":"BOOLEAN","listOpen":false}],"formId":"klinisk_kontakt/hjerteskole_helse_nord@Hjerteskole Helse Nord/skal_til_hjerteskole@Skal til hjerteskole","viewConfig":{"multiplicity":{"min":0,"max":1},"advanced":{"hidden":false,"readonly":false,"hideFrame":false,"render":false},"label":{"custom":false,"useLocalizations":false},"size":{"field":"inherit","label":"inherit"},"layout":{"label":{"valign":"inherit","align":"inherit"},"field":{"valign":"inherit","align":"inherit"}},"annotations":{"nullflavour":"271"},"field":{"input":{"threeState":true}},"tags":["ShowAsRadios"]}}]},{"name":"Barn som pårørende Helse Nord","localizedName":"Barn som pårørende Helse Nord","localizedNames":{"en":"*Barn som pårørende Helse Nord (en)","nb":"Barn som pårørende Helse Nord"},"localizedDescriptions":{"nb":"Brukes for å angi informasjon om logistikktjenester i forbindelse med utøvelse av helsehjelp.","en":"*Brukes for å angi informasjon om logistikktjenester i forbindelse med utøvelse av helsehjelp. (nb)"},"rmType":"ADMIN_ENTRY","nodeId":"openEHR-EHR-ADMIN_ENTRY.logistic_services_dips.v0","min":1,"max":1,"aqlPath":"/content[openEHR-EHR-ADMIN_ENTRY.logistic_services_dips.v0 and name/value='Barn som pårørende Helse Nord']","inputs":[],"formId":"klinisk_kontakt/barn_som_pårørende_helse_nord@Barn som pårørende Helse Nord","viewConfig":{"multiplicity":{"min":1,"max":1},"advanced":{"hidden":false,"readonly":false,"hideFrame":false,"render":false},"label":{"custom":false,"useLocalizations":false},"size":{"field":"inherit","label":"-1"},"layout":{"label":{"valign":"inherit","align":"inherit"},"field":{"valign":"inherit","align":"inherit"}},"annotations":{"selectreadonly":"{#barnsompaarorende}"},"field":{},"tags":["HideLabel"]},"children":[{"name":"Beskrivelse","localizedName":"Beskrivelse","localizedNames":{"en":"*Beskrivelse (nb)","nb":"Beskrivelse"},"localizedDescriptions":{"nb":"Tekstlig beskrivelse av tjenesten","en":"*Tekstlig beskrivelse av tjenesten (nb)"},"rmType":"DV_CODED_TEXT","nodeId":"at0005","min":0,"max":1,"aqlPath":"/content[openEHR-EHR-ADMIN_ENTRY.logistic_services_dips.v0 and name/value='Barn som pårørende Helse Nord']/data[at0001]/items[at0005]/value","inputs":[{"suffix":"code","type":"CODED_TEXT","list":[{"value":"02","label":"Barn som pårørende","ordinal":0,"localizedLabels":{"nb":"Barn som pårørende","en":"*Barn som pårørende (nb)"},"localizedDescriptions":{}}],"defaultValue":"02","listOpen":false}],"formId":"klinisk_kontakt/barn_som_pårørende_helse_nord@Barn som pårørende Helse Nord/beskrivelse","viewConfig":{"multiplicity":{"min":0,"max":1},"advanced":{"hidden":true,"readonly":false,"hideFrame":false,"render":false},"label":{"custom":false,"useLocalizations":false},"size":{"field":"inherit","label":"inherit"},"layout":{"label":{"valign":"inherit","align":"inherit"},"field":{"valign":"inherit","align":"inherit"}},"annotations":{},"field":{"code":{"presentation":"combobox","columns":"1"}}}},{"name":"Barn som pårørende","localizedName":"Barn som pårørende","localizedNames":{"en":"*Barn som pårørende (en)","nb":"Barn som pårørende"},"localizedDescriptions":{"nb":"Status på tjenester f.eks. bestilt, ringt etter osv.","en":"*Status på tjenester f.eks. bestilt, ringt etter osv. (nb)"},"rmType":"DV_BOOLEAN","nodeId":"at0003","min":0,"max":1,"aqlPath":"/content[openEHR-EHR-ADMIN_ENTRY.logistic_services_dips.v0 and name/value='Barn som pårørende Helse Nord']/data[at0001]/items[at0003 and name/value='Barn som pårørende']/value","inputs":[{"type":"BOOLEAN","listOpen":false}],"formId":"klinisk_kontakt/barn_som_pårørende_helse_nord@Barn som pårørende Helse Nord/barn_som_pårørende@Barn som pårørende2","viewConfig":{"multiplicity":{"min":0,"max":1},"advanced":{"hidden":false,"readonly":false,"hideFrame":false,"render":false},"label":{"custom":false,"useLocalizations":false},"size":{"field":"inherit","label":"inherit"},"layout":{"label":{"valign":"inherit","align":"inherit"},"field":{"valign":"inherit","align":"inherit"}},"annotations":{"nullflavour":"271"},"field":{"input":{"threeState":true}},"tags":["ShowAsRadios"]}}]}]}