[{"col":1,"row":1,"width":12,"height":3,"children":[{"id":"generic-field-47866","rows":[{"cols":[{"width":"100%","children":[]}]}]}]},{"col":1,"row":4,"width":6,"height":16,"children":[{"id":"klinisk_kontakt/hjerteskole_helse_nord@Hjerteskole Helse Nord","rows":[{"cols":[{"width":"100%","children":[{"id":"klinisk_kontakt/hjerteskole_helse_nord@Hjerteskole Helse Nord/beskrivelse","rows":[]},{"id":"klinisk_kontakt/hjerteskole_helse_nord@Hjerteskole Helse Nord/skal_til_hjerteskole@Skal til hjerteskole","rows":[]}]}]}]}]},{"col":7,"row":4,"width":6,"height":16,"children":[{"id":"klinisk_kontakt/barn_som_pårørende_helse_nord@Barn som pårørende Helse Nord","rows":[{"cols":[{"width":"100%","children":[{"id":"klinisk_kontakt/barn_som_pårørende_helse_nord@Barn som pårørende Helse Nord/beskrivelse","rows":[]},{"id":"klinisk_kontakt/barn_som_pårørende_helse_nord@Barn som pårørende Helse Nord/barn_som_pårørende@Barn som pårørende2","rows":[]}]}]}]}]}]