[{"field":"preoperativ_sjekkliste/*container(en)/sjekkliste_preopr_diakonhjemmet/pretransfusjonsprøve_tatt","conditions":[{"operator":"equals","value":{"code":"1"},"actions":[{"action":"show","target":"preoperativ_sjekkliste/*container(en)/sjekkliste_preopr_diakonhjemmet/pretransfusjonsprøve_sendt"}]},{"operator":"notequals","value":{"code":"1"},"actions":[{"action":"hide","target":"preoperativ_sjekkliste/*container(en)/sjekkliste_preopr_diakonhjemmet/pretransfusjonsprøve_sendt"},{"action":"clear","target":"preoperativ_sjekkliste/*container(en)/sjekkliste_preopr_diakonhjemmet/pretransfusjonsprøve_sendt"}]}]},{"field":"generic-field-63145","conditions":[{"operator":"equals","value":{"value":"True"},"actions":[{"action":"set","target":"generic-field-42972","value":{"value":"Ja"}}]},{"operator":"notequals","value":{"value":"True"},"actions":[{"action":"set","target":"generic-field-42972","value":{"value":"Nei"}}]}]},{"field":"generic-field-33085","conditions":[{"operator":"equals","value":{"value":"True"},"actions":[{"action":"set","target":"generic-field-81275","value":{"value":"Ja"}}]},{"operator":"notequals","value":{"value":"True"},"actions":[{"action":"set","target":"generic-field-81275","value":{"value":"Nei"}}]}]},{"field":"generic-field-18891","conditions":[{"operator":"equals","value":{"value":"True"},"actions":[{"action":"set","target":"generic-field-35691","value":{"value":"Ja"}}]},{"operator":"notequals","value":{"value":"True"},"actions":[{"action":"set","target":"generic-field-35691","value":{"value":"Nei"}}]}]},{"field":"generic-field-92512","conditions":[{"operator":"equals","value":{"value":"True"},"actions":[{"action":"set","target":"generic-field-21940","value":{"value":"Ja"}}]},{"operator":"notequals","value":{"value":"True"},"actions":[{"action":"set","target":"generic-field-21940","value":{"value":"Nei"}}]}]}]