{"formId":"form_root","name":"Form root","rmType":"FORM_DEFINITION","viewConfig":{"label":{"custom":false,"value":"","useLocalizations":false,"localizationsList":{}},"size":{"field":"inherit","label":"inherit","fill":"inherit"},"layout":{"valign":"inherit","align":"inherit"},"tags":[]},"language":"nb","templateLanguages":["nb"],"children":[{"localizedName":"Fieldset","localizedNames":{"nb":"Klinisk undersøkelse"},"min":0,"max":-1,"name":"Fieldset","rmType":"GENERIC_FIELDSET","fid":"generic-field-39368","formId":"generic-field-39368","children":[],"viewConfig":{"label":{"custom":true,"value":"Klinisk undersøkelse","useLocalizations":true,"localizationsList":{"nb":"Klinisk undersøkelse"}},"size":{"field":"inherit","label":"inherit","fill":"inherit"},"layout":{"label":{"valign":"inherit","align":"inherit"},"field":{"valign":"inherit","align":"inherit"}},"field":{},"advanced":{"hidden":false,"readonly":false,"render":false},"multiplicity":{"min":"0","max":"1"},"tags":[]}},{"name":"Us. av perianalområdet","localizedName":"Us. av perianalområdet","rmType":"OBSERVATION","nodeId":"openEHR-EHR-OBSERVATION.exam.v1","min":0,"max":1,"localizedNames":{"nb":"Us. av perianalområdet"},"localizedDescriptions":{"nb":"Funn ved fysisk undersøkelse av en helsetjenestemottaker."},"aqlPath":"/content[openEHR-EHR-OBSERVATION.exam.v1,'Us. av perianalområdet']","fid":"kontakt/us._av_perianalområdet","formId":"kontakt/us._av_perianalområdet","children":[{"name":"Status","localizedName":"Status","rmType":"DV_CODED_TEXT","nodeId":"at0001","min":0,"max":1,"localizedNames":{"nb":"Status"},"localizedDescriptions":{"nb":"*"},"aqlPath":"/content[openEHR-EHR-OBSERVATION.exam.v1,'Us. av perianalområdet']/data[at0001]/events[at0002]/data[at0003]/items[openEHR-EHR-CLUSTER.exam_state.v1]/items[at0001]/value","inputs":[{"suffix":"code","type":"CODED_TEXT","list":[{"value":"ATA","label":"Utført","localizedLabels":{"nb":"Utført"}},{"value":"ATB","label":"Ikke utført","localizedLabels":{"nb":"Ikke utført"}}],"terminology":"Olafia"}],"formId":"kontakt/us._av_perianalområdet/uspesifisert_hendelse/undersøkelsesstatus/status","viewConfig":{"size":{"field":"inherit","label":"inherit","fill":"inherit"},"layout":{"label":{"valign":"inherit","align":"inherit"},"field":{"valign":"inherit","align":"inherit"}},"datasource":{"loadRemote":false,"loadRemoteUrl":"","terminology":""},"label":{"custom":false,"value":"","useLocalizations":false,"localizationsList":{}},"advanced":{"hidden":false,"readonly":false},"multiplicity":{"min":"0","max":"1"},"tags":["showasradios"],"field":{"code":{"presentation":"combobox"}}},"defaultValue":{"code":"ATA"},"fid":"kontakt/us._av_perianalområdet/uspesifisert_hendelse/undersøkelsesstatus/status"},{"name":"Kommentar","localizedName":"Kommentar","rmType":"DV_TEXT","nodeId":"at0002","min":0,"max":1,"localizedNames":{"nb":"Kommentar"},"localizedDescriptions":{"nb":"*"},"aqlPath":"/content[openEHR-EHR-OBSERVATION.exam.v1,'Us. av perianalområdet']/data[at0001]/events[at0002]/data[at0003]/items[openEHR-EHR-CLUSTER.exam_state.v1]/items[at0002]/value","inputs":[{"type":"TEXT"}],"formId":"kontakt/us._av_perianalområdet/uspesifisert_hendelse/undersøkelsesstatus/kommentar","viewConfig":{"size":{"field":"inherit","label":"inherit","fill":"inherit"},"layout":{"label":{"valign":"inherit","align":"inherit"},"field":{"valign":"inherit","align":"inherit"}},"datasource":{"loadRemote":false,"loadRemoteUrl":"","terminology":""},"label":{"custom":false,"value":"","useLocalizations":false,"localizationsList":{}},"advanced":{"hidden":true,"readonly":false},"multiplicity":{"min":"0","max":"1"},"tags":[],"field":{"input":{"presentation":"textfield"}}},"defaultValue":{"value":""},"fid":"kontakt/us._av_perianalområdet/uspesifisert_hendelse/undersøkelsesstatus/kommentar"},{"name":"Vurdering av funn","localizedName":"Vurdering av funn","rmType":"DV_CODED_TEXT","nodeId":"at0006","min":0,"max":1,"localizedNames":{"nb":"Fortolkning"},"localizedDescriptions":{"nb":"Enkelt ord, setning, frase eller kort beskrivelse som representerer den kliniske betydning og viktigheten av funnene ved den kliniske undersøkelsen."},"annotations":{"comment":"Koding med terminologi foretrekkes når mulig. For eksempel \"normal undersøkelse\" eller \"tympanisk membran perforasjon\"."},"aqlPath":"/content[openEHR-EHR-OBSERVATION.exam.v1,'Us. av perianalområdet']/data[at0001]/events[at0002]/data[at0003]/items[at0006,'Vurdering av funn']/value","inputs":[{"suffix":"code","type":"CODED_TEXT","list":[{"value":"Y01","label":"Normal","localizedLabels":{"nb":"Normal"}},{"value":"Y02","label":"Ikke normal","localizedLabels":{"nb":"Ikke normal"}}],"terminology":"OlafiaUS"}],"formId":"kontakt/us._av_perianalområdet/uspesifisert_hendelse/vurdering_av_funn","viewConfig":{"size":{"field":"inherit","label":"inherit","fill":"inherit"},"layout":{"label":{"valign":"inherit","align":"inherit"},"field":{"valign":"inherit","align":"inherit"}},"datasource":{"loadRemote":false,"loadRemoteUrl":"","terminology":""},"label":{"custom":false,"value":"","useLocalizations":true,"localizationsList":{"nb":"Vurdering av funn"}},"advanced":{"hidden":false,"readonly":false},"multiplicity":{"min":"0","max":"1"},"tags":["showasradios"],"annotations":{"description":"*"},"field":{"code":{"presentation":"combobox"}}},"defaultValue":{"code":""},"fid":"kontakt/us._av_perianalområdet/uspesifisert_hendelse/vurdering_av_funn"},{"name":"Beskrivelse","localizedName":"Beskrivelse","rmType":"DV_TEXT","nodeId":"at0004","min":0,"max":1,"localizedNames":{"nb":"Beskrivelse"},"localizedDescriptions":{"nb":"En narrativ beskrivelse av funn ved en klinisk undersøkelse av et individ."},"annotations":{"comment":"Kan anvendes til å registrere en tekstlig sammenfatning av en komplett klinisk undersøkelse eller nøkkelfunn ved den kliniske undersøkelsen, som vil bli understøttet av strukturerte data. Dette dataelementet kan brukes for å fange opp \"legacy data\" som ikke er tilgjengelig i et strukturert format. Detaljer om spesifikt strukturert funn inkluderes ved å bruke CLUSTER-arketyper i \"Examination Detail\" SLOT. "},"aqlPath":"/content[openEHR-EHR-OBSERVATION.exam.v1,'Us. av perianalområdet']/data[at0001]/events[at0002]/data[at0003]/items[at0004]/value","inputs":[{"type":"TEXT"}],"formId":"kontakt/us._av_perianalområdet/uspesifisert_hendelse/beskrivelse","viewConfig":{"size":{"field":"inherit","label":"inherit","fill":"inherit"},"layout":{"label":{"valign":"inherit","align":"inherit"},"field":{"valign":"inherit","align":"inherit"}},"datasource":{"loadRemote":false,"loadRemoteUrl":"","terminology":""},"label":{"custom":false,"value":"","useLocalizations":false,"localizationsList":{}},"advanced":{"hidden":true,"readonly":false},"multiplicity":{"min":"0","max":"1"},"tags":[],"annotations":{"description":"*"},"field":{"input":{"presentation":"textfield"}}},"defaultValue":{"value":""},"fid":"kontakt/us._av_perianalområdet/uspesifisert_hendelse/beskrivelse"},{"localizedName":"Fieldset","localizedNames":{"nb":"Funn detaljer perinealområde"},"min":0,"max":-1,"name":"Fieldset","rmType":"GENERIC_FIELDSET","fid":"generic-field-73589","formId":"generic-field-73589","viewConfig":{"label":{"custom":true,"value":"Funn detaljer perinealområde","useLocalizations":true,"localizationsList":{"nb":"Funn detaljer perinealområde"}},"advanced":{"hidden":true,"readonly":false,"render":true},"multiplicity":{"min":"0","max":"1"},"size":{"field":"inherit","label":"inherit","fill":"inherit"},"layout":{"label":{"valign":"inherit","align":"inherit"},"field":{"valign":"inherit","align":"inherit"}},"field":{},"tags":["hidelabel"]},"inputs":[{"type":"TEXT"}],"children":[{"name":"Hudfunn","localizedName":"Hudfunn","rmType":"CLUSTER","nodeId":"at0004","min":0,"max":-1,"localizedNames":{"nb":"Hudfunn"},"localizedDescriptions":{"nb":"*"},"aqlPath":"/content[openEHR-EHR-OBSERVATION.exam.v1,'Us. av perianalområdet']/data[at0001]/events[at0002]/data[at0003]/items[openEHR-EHR-CLUSTER.exam_skin.v1]/items[at0004]","formId":"kontakt/us._av_perianalområdet/uspesifisert_hendelse/exam_skin/hudfunn","viewConfig":{"size":{"field":"inherit","label":"inherit","fill":"inherit"},"layout":{"label":{"valign":"inherit","align":"inherit"},"field":{"valign":"inherit","align":"inherit"}},"field":{},"label":{"custom":false,"value":"","useLocalizations":false,"localizationsList":{}},"advanced":{"hidden":false,"readonly":false,"render":true},"multiplicity":{"min":"0","max":"100"},"tags":["showasmasterdetail","ForceMinMultiplicity"],"datasource":{"loadRemote":false,"loadRemoteUrl":"","terminology":""}},"fid":"kontakt/us._av_perianalområdet/uspesifisert_hendelse/exam_skin/hudfunn","inputs":[{"type":"TEXT"}],"children":[{"name":"Funn","localizedName":"Funn","rmType":"DV_CODED_TEXT","nodeId":"at0002","min":0,"max":1,"localizedNames":{"nb":"Funn"},"localizedDescriptions":{"nb":"*"},"aqlPath":"/content[openEHR-EHR-OBSERVATION.exam.v1,'Us. av perianalområdet']/data[at0001]/events[at0002]/data[at0003]/items[openEHR-EHR-CLUSTER.exam_skin.v1]/items[at0004]/items[at0002]/value","inputs":[{"suffix":"code","type":"CODED_TEXT","list":[{"value":"L01","label":"Blemmer/erosjoner","localizedLabels":{"nb":"Blemmer/erosjoner"}},{"value":"L02","label":"Erythem","localizedLabels":{"nb":"Erythem"}},{"value":"L03","label":"Fissur","localizedLabels":{"nb":"Fissur"}},{"value":"L06","label":"Sår","localizedLabels":{"nb":"Sår"}},{"value":"L07","label":"Vorter","localizedLabels":{"nb":"Vorter"}},{"value":"L08","label":"Annet","localizedLabels":{"nb":"Annet"}}],"terminology":"OlafiaUS"}],"formId":"kontakt/us._av_perianalområdet/uspesifisert_hendelse/exam_skin/hudfunn/funn","viewConfig":{"size":{"field":"inherit","label":"inherit","fill":"inherit"},"layout":{"label":{"valign":"inherit","align":"inherit"},"field":{"valign":"inherit","align":"inherit"}},"datasource":{"loadRemote":false,"loadRemoteUrl":"","terminology":""},"label":{"custom":false,"value":"","useLocalizations":false,"localizationsList":{}},"advanced":{"hidden":false,"readonly":false},"multiplicity":{"min":"0","max":"1"},"tags":["showasradios"],"field":{"code":{"presentation":"combobox"}}},"defaultValue":{"code":""},"fid":"kontakt/us._av_perianalområdet/uspesifisert_hendelse/exam_skin/hudfunn/funn"},{"name":"Grad","localizedName":"Grad","rmType":"DV_CODED_TEXT","nodeId":"at0005","min":0,"max":1,"localizedNames":{"nb":"Grad"},"localizedDescriptions":{"nb":"*"},"aqlPath":"/content[openEHR-EHR-OBSERVATION.exam.v1,'Us. av perianalområdet']/data[at0001]/events[at0002]/data[at0003]/items[openEHR-EHR-CLUSTER.exam_skin.v1]/items[at0004]/items[at0005]/value","inputs":[{"suffix":"code","type":"CODED_TEXT","list":[{"value":"S01","label":"Mild","localizedLabels":{"nb":"Mild"}},{"value":"S02","label":"Moderat","localizedLabels":{"nb":"Moderat"}},{"value":"S03","label":"Uttalt","localizedLabels":{"nb":"Uttalt"}}],"terminology":"OlafiaUS"}],"formId":"kontakt/us._av_perianalområdet/uspesifisert_hendelse/exam_skin/hudfunn/grad","viewConfig":{"size":{"field":"inherit","label":"inherit","fill":"inherit"},"layout":{"label":{"valign":"inherit","align":"inherit"},"field":{"valign":"inherit","align":"inherit"}},"datasource":{"loadRemote":false,"loadRemoteUrl":"","terminology":""},"label":{"custom":false,"value":"","useLocalizations":false,"localizationsList":{}},"advanced":{"hidden":false,"readonly":false},"multiplicity":{"min":"0","max":"1"},"tags":["showasradios"],"field":{"code":{"presentation":"combobox"}}},"defaultValue":{"code":""},"fid":"kontakt/us._av_perianalområdet/uspesifisert_hendelse/exam_skin/hudfunn/grad"}]}]}],"viewConfig":{"size":{"field":"inherit","label":"inherit","fill":"inherit"},"layout":{"label":{"valign":"inherit","align":"inherit"},"field":{"valign":"inherit","align":"inherit"}},"field":{},"label":{"custom":false,"value":"","useLocalizations":true,"localizationsList":{"nb":"Us. av perianalområdet"}},"advanced":{"hidden":false,"readonly":false,"render":true},"multiplicity":{"min":"0","max":"1"},"tags":["ForceMinMultiplicity"],"datasource":{"loadRemote":false,"loadRemoteUrl":"","terminology":""}}},{"name":"Us. av vagina","localizedName":"Us. av vagina","rmType":"OBSERVATION","nodeId":"openEHR-EHR-OBSERVATION.exam.v1","min":0,"max":1,"localizedNames":{"nb":"Us. av vagina"},"localizedDescriptions":{"nb":"Funn ved fysisk undersøkelse av en helsetjenestemottaker."},"aqlPath":"/content[openEHR-EHR-OBSERVATION.exam.v1,'Us. av vagina']","fid":"kontakt/us._av_vagina","formId":"kontakt/us._av_vagina","children":[{"name":"Status","localizedName":"Status","rmType":"DV_CODED_TEXT","nodeId":"at0001","min":0,"max":1,"localizedNames":{"nb":"Status"},"localizedDescriptions":{"nb":"*"},"aqlPath":"/content[openEHR-EHR-OBSERVATION.exam.v1,'Us. av vagina']/data[at0001]/events[at0002]/data[at0003]/items[openEHR-EHR-CLUSTER.exam_state.v1]/items[at0001]/value","inputs":[{"suffix":"code","type":"CODED_TEXT","list":[{"value":"ATA","label":"Utført","localizedLabels":{"nb":"Utført"}},{"value":"ATB","label":"Ikke utført","localizedLabels":{"nb":"Ikke utført"}}],"terminology":"Olafia"}],"formId":"kontakt/us._av_vagina/uspesifisert_hendelse/undersøkelsesstatus/status","viewConfig":{"size":{"field":"inherit","label":"inherit","fill":"inherit"},"layout":{"label":{"valign":"inherit","align":"inherit"},"field":{"valign":"inherit","align":"inherit"}},"datasource":{"loadRemote":false,"loadRemoteUrl":"","terminology":""},"label":{"custom":false,"value":"","useLocalizations":false,"localizationsList":{}},"advanced":{"hidden":false,"readonly":false},"multiplicity":{"min":"0","max":"1"},"tags":["showasradios"],"field":{"code":{"presentation":"combobox"}}},"defaultValue":{"code":"ATA"},"fid":"kontakt/us._av_vagina/uspesifisert_hendelse/undersøkelsesstatus/status"},{"name":"Kommentar","localizedName":"Kommentar","rmType":"DV_TEXT","nodeId":"at0002","min":0,"max":1,"localizedNames":{"nb":"Kommentar"},"localizedDescriptions":{"nb":"*"},"aqlPath":"/content[openEHR-EHR-OBSERVATION.exam.v1,'Us. av vagina']/data[at0001]/events[at0002]/data[at0003]/items[openEHR-EHR-CLUSTER.exam_state.v1]/items[at0002]/value","inputs":[{"type":"TEXT"}],"formId":"kontakt/us._av_vagina/uspesifisert_hendelse/undersøkelsesstatus/kommentar","viewConfig":{"size":{"field":"inherit","label":"inherit","fill":"inherit"},"layout":{"label":{"valign":"inherit","align":"inherit"},"field":{"valign":"inherit","align":"inherit"}},"datasource":{"loadRemote":false,"loadRemoteUrl":"","terminology":""},"label":{"custom":false,"value":"","useLocalizations":false,"localizationsList":{}},"advanced":{"hidden":true,"readonly":false},"multiplicity":{"min":"0","max":"1"},"tags":[],"field":{"input":{"presentation":"textfield"}}},"defaultValue":{"value":""},"fid":"kontakt/us._av_vagina/uspesifisert_hendelse/undersøkelsesstatus/kommentar"},{"name":"Vurdering av funn","localizedName":"Vurdering av funn","rmType":"DV_CODED_TEXT","nodeId":"at0006","min":0,"max":1,"localizedNames":{"nb":"Fortolkning"},"localizedDescriptions":{"nb":"Enkelt ord, setning, frase eller kort beskrivelse som representerer den kliniske betydning og viktigheten av funnene ved den kliniske undersøkelsen."},"annotations":{"comment":"Koding med terminologi foretrekkes når mulig. For eksempel \"normal undersøkelse\" eller \"tympanisk membran perforasjon\"."},"aqlPath":"/content[openEHR-EHR-OBSERVATION.exam.v1,'Us. av vagina']/data[at0001]/events[at0002]/data[at0003]/items[at0006,'Vurdering av funn']/value","inputs":[{"suffix":"code","type":"CODED_TEXT","list":[{"value":"Y01","label":"Normal","localizedLabels":{"nb":"Normal"}},{"value":"Y02","label":"Ikke normal","localizedLabels":{"nb":"Ikke normal"}}],"terminology":"OlafiaUS"}],"formId":"kontakt/us._av_vagina/uspesifisert_hendelse/vurdering_av_funn","viewConfig":{"size":{"field":"inherit","label":"inherit","fill":"inherit"},"layout":{"label":{"valign":"inherit","align":"inherit"},"field":{"valign":"inherit","align":"inherit"}},"datasource":{"loadRemote":false,"loadRemoteUrl":"","terminology":""},"label":{"custom":false,"value":"","useLocalizations":true,"localizationsList":{"nb":"Vurdering av funn"}},"advanced":{"hidden":false,"readonly":false},"multiplicity":{"min":"0","max":"1"},"tags":["showasradios"],"annotations":{"description":"*"},"field":{"code":{"presentation":"combobox"}}},"defaultValue":{"code":""},"fid":"kontakt/us._av_vagina/uspesifisert_hendelse/vurdering_av_funn"},{"name":"Beskrivelse","localizedName":"Beskrivelse","rmType":"DV_TEXT","nodeId":"at0004","min":0,"max":1,"localizedNames":{"nb":"Beskrivelse"},"localizedDescriptions":{"nb":"En narrativ beskrivelse av funn ved en klinisk undersøkelse av et individ."},"annotations":{"comment":"Kan anvendes til å registrere en tekstlig sammenfatning av en komplett klinisk undersøkelse eller nøkkelfunn ved den kliniske undersøkelsen, som vil bli understøttet av strukturerte data. Dette dataelementet kan brukes for å fange opp \"legacy data\" som ikke er tilgjengelig i et strukturert format. Detaljer om spesifikt strukturert funn inkluderes ved å bruke CLUSTER-arketyper i \"Examination Detail\" SLOT. "},"aqlPath":"/content[openEHR-EHR-OBSERVATION.exam.v1,'Us. av vagina']/data[at0001]/events[at0002]/data[at0003]/items[at0004]/value","inputs":[{"type":"TEXT"}],"formId":"kontakt/us._av_vagina/uspesifisert_hendelse/beskrivelse","viewConfig":{"size":{"field":"inherit","label":"inherit","fill":"inherit"},"layout":{"label":{"valign":"inherit","align":"inherit"},"field":{"valign":"inherit","align":"inherit"}},"datasource":{"loadRemote":false,"loadRemoteUrl":"","terminology":""},"label":{"custom":false,"value":"","useLocalizations":false,"localizationsList":{}},"advanced":{"hidden":true,"readonly":false},"multiplicity":{"min":"0","max":"1"},"tags":[],"annotations":{"description":"*"},"field":{"input":{"presentation":"textfield"}}},"defaultValue":{"value":""},"fid":"kontakt/us._av_vagina/uspesifisert_hendelse/beskrivelse"},{"localizedName":"Fieldset","localizedNames":{"nb":"Funn detaljer vagina"},"min":0,"max":-1,"name":"Fieldset","rmType":"GENERIC_FIELDSET","fid":"generic-field-89106","inputs":[{"type":"TEXT"}],"formId":"generic-field-89106","viewConfig":{"label":{"custom":true,"value":"Funn detaljer vagina","useLocalizations":true,"localizationsList":{"nb":"Funn detaljer vagina"}},"size":{"field":"inherit","label":"inherit","fill":"inherit"},"layout":{"label":{"valign":"inherit","align":"inherit"},"field":{"valign":"inherit","align":"inherit"}},"field":{},"advanced":{"hidden":true,"readonly":false,"render":false},"multiplicity":{"min":"0","max":"1"},"tags":["hidelabel"]},"children":[{"name":"Mengde av utflod","localizedName":"Mengde av utflod","rmType":"DV_CODED_TEXT","nodeId":"at0003","min":0,"max":1,"localizedNames":{"nb":"Mengde av utflod"},"localizedDescriptions":{"nb":"*"},"aqlPath":"/content[openEHR-EHR-OBSERVATION.exam.v1,'Us. av vagina']/data[at0001]/events[at0002]/data[at0003]/items[openEHR-EHR-CLUSTER.exam_vagina.v1]/items[at0003]/value","inputs":[{"suffix":"code","type":"CODED_TEXT","list":[{"value":"P01","label":"Normalt","localizedLabels":{"nb":"Normalt"}},{"value":"P02","label":"Økt","localizedLabels":{"nb":"Økt"}},{"value":"P03","label":"Ikke vurderbar","localizedLabels":{"nb":"Ikke vurderbar"}}],"terminology":"OlafiaUS"}],"formId":"kontakt/us._av_vagina/uspesifisert_hendelse/exam_vagina/mengde_av_utflod","viewConfig":{"size":{"field":"inherit","label":"inherit","fill":"inherit"},"layout":{"label":{"valign":"inherit","align":"inherit"},"field":{"valign":"inherit","align":"inherit"}},"datasource":{"loadRemote":false,"loadRemoteUrl":"","terminology":""},"label":{"custom":false,"value":"","useLocalizations":false,"localizationsList":{}},"advanced":{"hidden":false,"readonly":false},"multiplicity":{"min":"0","max":"1"},"tags":["showasradios"],"field":{"code":{"presentation":"combobox"}}},"defaultValue":{"code":""},"fid":"kontakt/us._av_vagina/uspesifisert_hendelse/exam_vagina/mengde_av_utflod"},{"name":"Farge på utflod","localizedName":"Farge på utflod","rmType":"DV_CODED_TEXT","nodeId":"at0002","min":0,"max":1,"localizedNames":{"nb":"Farge på utflod"},"localizedDescriptions":{"nb":"*"},"aqlPath":"/content[openEHR-EHR-OBSERVATION.exam.v1,'Us. av vagina']/data[at0001]/events[at0002]/data[at0003]/items[openEHR-EHR-CLUSTER.exam_vagina.v1]/items[at0002]/value","inputs":[{"suffix":"code","type":"CODED_TEXT","list":[{"value":"U01","label":"Hvit","localizedLabels":{"nb":"Hvit"}},{"value":"U02","label":"Grå","localizedLabels":{"nb":"Grå"}},{"value":"U03","label":"Brunlig","localizedLabels":{"nb":"Brunlig"}},{"value":"U04","label":"Blodtilblandet","localizedLabels":{"nb":"Blodtilblandet"}},{"value":"U05","label":"Gul/grønn","localizedLabels":{"nb":"Gul/grønn"}}],"terminology":"OlafiaUS"}],"formId":"kontakt/us._av_vagina/uspesifisert_hendelse/exam_vagina/farge_på_utflod","viewConfig":{"size":{"field":"inherit","label":"inherit","fill":"inherit"},"layout":{"label":{"valign":"inherit","align":"inherit"},"field":{"valign":"inherit","align":"inherit"}},"datasource":{"loadRemote":false,"loadRemoteUrl":"","terminology":""},"label":{"custom":false,"value":"","useLocalizations":false,"localizationsList":{}},"advanced":{"hidden":false,"readonly":false},"multiplicity":{"min":"0","max":"1"},"tags":["showasradios"],"field":{"code":{"presentation":"combobox"}}},"defaultValue":{"code":""},"fid":"kontakt/us._av_vagina/uspesifisert_hendelse/exam_vagina/farge_på_utflod"},{"name":"Konsistens av utflod","localizedName":"Konsistens av utflod","rmType":"DV_CODED_TEXT","nodeId":"at0004","min":0,"max":1,"localizedNames":{"nb":"Konsistens av utflod"},"localizedDescriptions":{"nb":"*"},"aqlPath":"/content[openEHR-EHR-OBSERVATION.exam.v1,'Us. av vagina']/data[at0001]/events[at0002]/data[at0003]/items[openEHR-EHR-CLUSTER.exam_vagina.v1]/items[at0004]/value","inputs":[{"suffix":"code","type":"CODED_TEXT","list":[{"value":"V01","label":"Tykk","localizedLabels":{"nb":"Tykk"}},{"value":"V02","label":"Tynn","localizedLabels":{"nb":"Tynn"}},{"value":"V03","label":"Klumpete","localizedLabels":{"nb":"Klumpete"}},{"value":"V04","label":"Skummende","localizedLabels":{"nb":"Skummende"}},{"value":"V05","label":"Vandig","localizedLabels":{"nb":"Vandig"}}],"terminology":"OlafiaUS"}],"formId":"kontakt/us._av_vagina/uspesifisert_hendelse/exam_vagina/konsistens_av_utflod","viewConfig":{"size":{"field":"inherit","label":"inherit","fill":"inherit"},"layout":{"label":{"valign":"inherit","align":"inherit"},"field":{"valign":"inherit","align":"inherit"}},"datasource":{"loadRemote":false,"loadRemoteUrl":"","terminology":""},"label":{"custom":false,"value":"","useLocalizations":false,"localizationsList":{}},"advanced":{"hidden":false,"readonly":false},"multiplicity":{"min":"0","max":"1"},"tags":["showasradios"],"field":{"code":{"presentation":"combobox"}}},"defaultValue":{"code":""},"fid":"kontakt/us._av_vagina/uspesifisert_hendelse/exam_vagina/konsistens_av_utflod"},{"name":"Slimhinne","localizedName":"Slimhinne","rmType":"DV_CODED_TEXT","nodeId":"at0005","min":0,"max":1,"localizedNames":{"nb":"Slimhinne"},"localizedDescriptions":{"nb":"*"},"aqlPath":"/content[openEHR-EHR-OBSERVATION.exam.v1,'Us. av vagina']/data[at0001]/events[at0002]/data[at0003]/items[openEHR-EHR-CLUSTER.exam_vagina.v1]/items[at0005]/value","inputs":[{"suffix":"code","type":"CODED_TEXT","list":[{"value":"O01","label":"Normal","localizedLabels":{"nb":"Normal"}},{"value":"O02","label":"Atrofisk","localizedLabels":{"nb":"Atrofisk"}},{"value":"O03","label":"Erytematøs/Betent","localizedLabels":{"nb":"Erytematøs/Betent"}},{"value":"O04","label":"Vorter","localizedLabels":{"nb":"Vorter"}}],"terminology":"OlafiaUS"}],"formId":"kontakt/us._av_vagina/uspesifisert_hendelse/exam_vagina/slimhinne","viewConfig":{"size":{"field":"inherit","label":"inherit","fill":"inherit"},"layout":{"label":{"valign":"inherit","align":"inherit"},"field":{"valign":"inherit","align":"inherit"}},"datasource":{"loadRemote":false,"loadRemoteUrl":"","terminology":""},"label":{"custom":false,"value":"","useLocalizations":false,"localizationsList":{}},"advanced":{"hidden":false,"readonly":false},"multiplicity":{"min":"0","max":"1"},"tags":["showasradios"],"field":{"code":{"presentation":"combobox"}}},"defaultValue":{"code":""},"fid":"kontakt/us._av_vagina/uspesifisert_hendelse/exam_vagina/slimhinne"},{"name":"Smerte/ømhet","localizedName":"Smerte/ømhet","rmType":"DV_CODED_TEXT","nodeId":"at0006","min":0,"max":1,"localizedNames":{"nb":"Smerte/ømhet"},"localizedDescriptions":{"nb":"*"},"aqlPath":"/content[openEHR-EHR-OBSERVATION.exam.v1,'Us. av vagina']/data[at0001]/events[at0002]/data[at0003]/items[openEHR-EHR-CLUSTER.exam_vagina.v1]/items[at0006]/value","inputs":[{"suffix":"code","type":"CODED_TEXT","list":[{"value":"N01","label":"Berøringsøm","localizedLabels":{"nb":"Berøringsøm"}},{"value":"N02","label":"Ikke berøringsøm","localizedLabels":{"nb":"Ikke berøringsøm"}}],"terminology":"OlafiaUS"}],"formId":"kontakt/us._av_vagina/uspesifisert_hendelse/exam_vagina/smerte_ømhet","viewConfig":{"size":{"field":"inherit","label":"inherit","fill":"inherit"},"layout":{"label":{"valign":"inherit","align":"inherit"},"field":{"valign":"inherit","align":"inherit"}},"datasource":{"loadRemote":false,"loadRemoteUrl":"","terminology":""},"label":{"custom":false,"value":"","useLocalizations":false,"localizationsList":{}},"advanced":{"hidden":false,"readonly":false},"multiplicity":{"min":"0","max":"1"},"tags":["showasradios"],"field":{"code":{"presentation":"combobox"}}},"defaultValue":{"code":""},"fid":"kontakt/us._av_vagina/uspesifisert_hendelse/exam_vagina/smerte_ømhet"}]}],"viewConfig":{"size":{"field":"inherit","label":"inherit","fill":"inherit"},"layout":{"label":{"valign":"inherit","align":"inherit"},"field":{"valign":"inherit","align":"inherit"}},"field":{},"label":{"custom":false,"value":"","useLocalizations":true,"localizationsList":{"nb":"Us. av vagina"}},"advanced":{"hidden":false,"readonly":false,"render":true},"multiplicity":{"min":"0","max":"1"},"tags":["ForceMinMultiplicity"],"datasource":{"loadRemote":false,"loadRemoteUrl":"","terminology":""}}},{"name":"Us. av cervix","localizedName":"Us. av cervix","rmType":"OBSERVATION","nodeId":"openEHR-EHR-OBSERVATION.exam.v1","min":0,"max":1,"localizedNames":{"nb":"Us. av cervix"},"localizedDescriptions":{"nb":"Funn ved fysisk undersøkelse av en helsetjenestemottaker."},"aqlPath":"/content[openEHR-EHR-OBSERVATION.exam.v1,'Us. av cervix']","fid":"kontakt/us._av_cervix","formId":"kontakt/us._av_cervix","children":[{"name":"Status","localizedName":"Status","rmType":"DV_CODED_TEXT","nodeId":"at0001","min":0,"max":1,"localizedNames":{"nb":"Status"},"localizedDescriptions":{"nb":"*"},"aqlPath":"/content[openEHR-EHR-OBSERVATION.exam.v1,'Us. av cervix']/data[at0001]/events[at0002]/data[at0003]/items[openEHR-EHR-CLUSTER.exam_state.v1]/items[at0001]/value","inputs":[{"suffix":"code","type":"CODED_TEXT","list":[{"value":"ATA","label":"Utført","localizedLabels":{"nb":"Utført"}},{"value":"ATB","label":"Ikke utført","localizedLabels":{"nb":"Ikke utført"}}],"terminology":"Olafia"}],"formId":"kontakt/us._av_cervix/uspesifisert_hendelse/undersøkelsesstatus/status","viewConfig":{"size":{"field":"inherit","label":"inherit","fill":"inherit"},"layout":{"label":{"valign":"inherit","align":"inherit"},"field":{"valign":"inherit","align":"inherit"}},"datasource":{"loadRemote":false,"loadRemoteUrl":"","terminology":""},"label":{"custom":false,"value":"","useLocalizations":false,"localizationsList":{}},"advanced":{"hidden":false,"readonly":false},"multiplicity":{"min":"0","max":"1"},"tags":["showasradios"],"field":{"code":{"presentation":"combobox"}}},"defaultValue":{"code":"ATA"},"fid":"kontakt/us._av_cervix/uspesifisert_hendelse/undersøkelsesstatus/status"},{"name":"Kommentar","localizedName":"Kommentar","rmType":"DV_TEXT","nodeId":"at0002","min":0,"max":1,"localizedNames":{"nb":"Kommentar"},"localizedDescriptions":{"nb":"*"},"aqlPath":"/content[openEHR-EHR-OBSERVATION.exam.v1,'Us. av cervix']/data[at0001]/events[at0002]/data[at0003]/items[openEHR-EHR-CLUSTER.exam_state.v1]/items[at0002]/value","inputs":[{"type":"TEXT"}],"formId":"kontakt/us._av_cervix/uspesifisert_hendelse/undersøkelsesstatus/kommentar","viewConfig":{"size":{"field":"inherit","label":"inherit","fill":"inherit"},"layout":{"label":{"valign":"inherit","align":"inherit"},"field":{"valign":"inherit","align":"inherit"}},"datasource":{"loadRemote":false,"loadRemoteUrl":"","terminology":""},"label":{"custom":false,"value":"","useLocalizations":false,"localizationsList":{}},"advanced":{"hidden":true,"readonly":false},"multiplicity":{"min":"0","max":"1"},"tags":[],"field":{"input":{"presentation":"textfield"}}},"defaultValue":{"value":""},"fid":"kontakt/us._av_cervix/uspesifisert_hendelse/undersøkelsesstatus/kommentar"},{"name":"Vurdering av funn","localizedName":"Vurdering av funn","rmType":"DV_CODED_TEXT","nodeId":"at0006","min":0,"max":1,"localizedNames":{"nb":"Fortolkning"},"localizedDescriptions":{"nb":"Enkelt ord, setning, frase eller kort beskrivelse som representerer den kliniske betydning og viktigheten av funnene ved den kliniske undersøkelsen."},"annotations":{"comment":"Koding med terminologi foretrekkes når mulig. For eksempel \"normal undersøkelse\" eller \"tympanisk membran perforasjon\"."},"aqlPath":"/content[openEHR-EHR-OBSERVATION.exam.v1,'Us. av cervix']/data[at0001]/events[at0002]/data[at0003]/items[at0006,'Vurdering av funn']/value","inputs":[{"suffix":"code","type":"CODED_TEXT","list":[{"value":"Y01","label":"Normal","localizedLabels":{"nb":"Normal"}},{"value":"Y02","label":"Ikke normal","localizedLabels":{"nb":"Ikke normal"}}],"terminology":"OlafiaUS"}],"formId":"kontakt/us._av_cervix/uspesifisert_hendelse/vurdering_av_funn","viewConfig":{"size":{"field":"inherit","label":"inherit","fill":"inherit"},"layout":{"label":{"valign":"inherit","align":"inherit"},"field":{"valign":"inherit","align":"inherit"}},"datasource":{"loadRemote":false,"loadRemoteUrl":"","terminology":""},"label":{"custom":false,"value":"","useLocalizations":true,"localizationsList":{"nb":"Vurdering av funn"}},"advanced":{"hidden":false,"readonly":false},"multiplicity":{"min":"0","max":"1"},"tags":["showasradios"],"annotations":{"description":"*"},"field":{"code":{"presentation":"combobox"}}},"defaultValue":{"code":""},"fid":"kontakt/us._av_cervix/uspesifisert_hendelse/vurdering_av_funn"},{"name":"Beskrivelse","localizedName":"Beskrivelse","rmType":"DV_TEXT","nodeId":"at0004","min":0,"max":1,"localizedNames":{"nb":"Beskrivelse"},"localizedDescriptions":{"nb":"En narrativ beskrivelse av funn ved en klinisk undersøkelse av et individ."},"annotations":{"comment":"Kan anvendes til å registrere en tekstlig sammenfatning av en komplett klinisk undersøkelse eller nøkkelfunn ved den kliniske undersøkelsen, som vil bli understøttet av strukturerte data. Dette dataelementet kan brukes for å fange opp \"legacy data\" som ikke er tilgjengelig i et strukturert format. Detaljer om spesifikt strukturert funn inkluderes ved å bruke CLUSTER-arketyper i \"Examination Detail\" SLOT. "},"aqlPath":"/content[openEHR-EHR-OBSERVATION.exam.v1,'Us. av cervix']/data[at0001]/events[at0002]/data[at0003]/items[at0004]/value","inputs":[{"type":"TEXT"}],"formId":"kontakt/us._av_cervix/uspesifisert_hendelse/beskrivelse","viewConfig":{"size":{"field":"inherit","label":"inherit","fill":"inherit"},"layout":{"label":{"valign":"inherit","align":"inherit"},"field":{"valign":"inherit","align":"inherit"}},"datasource":{"loadRemote":false,"loadRemoteUrl":"","terminology":""},"label":{"custom":false,"value":"","useLocalizations":false,"localizationsList":{}},"advanced":{"hidden":true,"readonly":false},"multiplicity":{"min":"0","max":"1"},"tags":[],"annotations":{"description":"*"},"field":{"input":{"presentation":"textfield"}}},"defaultValue":{"value":""},"fid":"kontakt/us._av_cervix/uspesifisert_hendelse/beskrivelse"},{"localizedName":"Fieldset","localizedNames":{"nb":"Funn detaljer cervix"},"min":0,"max":-1,"name":"Fieldset","rmType":"GENERIC_FIELDSET","fid":"generic-field-10262","inputs":[{"type":"TEXT"}],"formId":"generic-field-10262","viewConfig":{"label":{"custom":true,"value":"Funn detaljer cervix","useLocalizations":true,"localizationsList":{"nb":"Funn detaljer cervix"}},"advanced":{"hidden":true,"readonly":false,"render":false},"multiplicity":{"min":"0","max":"1"},"size":{"field":"inherit","label":"inherit","fill":"inherit"},"layout":{"label":{"valign":"inherit","align":"inherit"},"field":{"valign":"inherit","align":"inherit"}},"tags":["hidelabel"],"field":{}},"children":[{"name":"Farge på utflod","localizedName":"Farge på utflod","rmType":"DV_CODED_TEXT","nodeId":"at0003","min":0,"max":1,"localizedNames":{"nb":"Farge på utflod"},"localizedDescriptions":{"nb":"*"},"aqlPath":"/content[openEHR-EHR-OBSERVATION.exam.v1,'Us. av cervix']/data[at0001]/events[at0002]/data[at0003]/items[openEHR-EHR-CLUSTER.exam_cervix.v1]/items[at0003]/value","inputs":[{"suffix":"code","type":"CODED_TEXT","list":[{"value":"W01","label":"Klar","localizedLabels":{"nb":"Klar"}},{"value":"W02","label":"Blakket","localizedLabels":{"nb":"Blakket"}},{"value":"W03","label":"Gul/grønn","localizedLabels":{"nb":"Gul/grønn"}},{"value":"W04","label":"Rustrød","localizedLabels":{"nb":"Rustrød"}},{"value":"W05","label":"Friskt blod","localizedLabels":{"nb":"Friskt blod"}}],"terminology":"OlafiaUS"}],"formId":"kontakt/us._av_cervix/uspesifisert_hendelse/exam_cervix/farge_på_utflod","viewConfig":{"size":{"field":"inherit","label":"inherit","fill":"inherit"},"layout":{"label":{"valign":"inherit","align":"inherit"},"field":{"valign":"inherit","align":"inherit"}},"datasource":{"loadRemote":false,"loadRemoteUrl":"","terminology":""},"label":{"custom":false,"value":"","useLocalizations":false,"localizationsList":{}},"advanced":{"hidden":false,"readonly":false},"multiplicity":{"min":"0","max":"1"},"tags":["showasradios"],"field":{"code":{"presentation":"combobox"}}},"defaultValue":{"code":""},"fid":"kontakt/us._av_cervix/uspesifisert_hendelse/exam_cervix/farge_på_utflod"},{"name":"Polypper","localizedName":"Polypper","rmType":"DV_CODED_TEXT","nodeId":"at0010","min":0,"max":1,"localizedNames":{"nb":"Polypper"},"localizedDescriptions":{"nb":"*"},"aqlPath":"/content[openEHR-EHR-OBSERVATION.exam.v1,'Us. av cervix']/data[at0001]/events[at0002]/data[at0003]/items[openEHR-EHR-CLUSTER.exam_cervix.v1]/items[at0010]/value","inputs":[{"suffix":"code","type":"CODED_TEXT","list":[{"value":"CW01","label":"Ikke tilstede","localizedLabels":{"nb":"Ikke tilstede"}},{"value":"CW02","label":"Tilstede","localizedLabels":{"nb":"Tilstede"}},{"value":"CW03","label":"Usikker","localizedLabels":{"nb":"Usikker"}}],"terminology":"Olafia"}],"formId":"kontakt/us._av_cervix/uspesifisert_hendelse/exam_cervix/polypper","viewConfig":{"size":{"field":"inherit","label":"inherit","fill":"inherit"},"layout":{"label":{"valign":"inherit","align":"inherit"},"field":{"valign":"inherit","align":"inherit"}},"datasource":{"loadRemote":false,"loadRemoteUrl":"","terminology":""},"label":{"custom":false,"value":"","useLocalizations":false,"localizationsList":{}},"advanced":{"hidden":false,"readonly":false},"multiplicity":{"min":"0","max":"1"},"tags":["showasradios"],"field":{"code":{"presentation":"combobox"}}},"defaultValue":{"code":""},"fid":"kontakt/us._av_cervix/uspesifisert_hendelse/exam_cervix/polypper"},{"name":"Funn ved portio","localizedName":"Funn ved portio","rmType":"DV_CODED_TEXT","nodeId":"at0004","min":0,"max":-1,"localizedNames":{"nb":"Funn ved portio"},"localizedDescriptions":{"nb":"*"},"aqlPath":"/content[openEHR-EHR-OBSERVATION.exam.v1,'Us. av cervix']/data[at0001]/events[at0002]/data[at0003]/items[openEHR-EHR-CLUSTER.exam_cervix.v1]/items[at0004]/value","inputs":[{"suffix":"code","type":"CODED_TEXT","list":[{"value":"R01","label":"Ektopi","localizedLabels":{"nb":"Ektopi"}},{"value":"R02","label":"Lettblødende","localizedLabels":{"nb":"Lettblødende"}},{"value":"R03","label":"Ovuli Naboti","localizedLabels":{"nb":"Ovuli Naboti"}},{"value":"R04","label":"Mistenkt dysplasi/tumor","localizedLabels":{"nb":"Mistenkt dysplasi/tumor"}},{"value":"R05","label":"Vorter","localizedLabels":{"nb":"Vorter"}}],"terminology":"OlafiaUS"}],"formId":"kontakt/us._av_cervix/uspesifisert_hendelse/exam_cervix/funn_ved_portio","viewConfig":{"size":{"field":"inherit","label":"inherit","fill":"inherit"},"layout":{"label":{"valign":"inherit","align":"inherit"},"field":{"valign":"inherit","align":"inherit"}},"datasource":{"loadRemote":false,"loadRemoteUrl":"","terminology":""},"label":{"custom":false,"value":"","useLocalizations":false,"localizationsList":{}},"advanced":{"hidden":false,"readonly":false},"multiplicity":{"min":"0","max":"100"},"tags":["showasmulticombobox"],"field":{"code":{"presentation":"combobox"}}},"defaultValue":{"code":""},"fid":"kontakt/us._av_cervix/uspesifisert_hendelse/exam_cervix/funn_ved_portio"}]}],"viewConfig":{"size":{"field":"inherit","label":"inherit","fill":"inherit"},"layout":{"label":{"valign":"inherit","align":"inherit"},"field":{"valign":"inherit","align":"inherit"}},"field":{},"label":{"custom":false,"value":"","useLocalizations":true,"localizationsList":{"nb":"Us. av cervix"}},"advanced":{"hidden":false,"readonly":false,"render":false},"multiplicity":{"min":"0","max":"1"},"tags":["ForceMinMultiplicity"]}},{"name":"Bimanuell palpasjon","localizedName":"Bimanuell palpasjon","rmType":"OBSERVATION","nodeId":"openEHR-EHR-OBSERVATION.exam.v1","min":0,"max":1,"localizedNames":{"nb":"Us. av bimanuell palpasjon"},"localizedDescriptions":{"nb":"Funn ved fysisk undersøkelse av en helsetjenestemottaker."},"aqlPath":"/content[openEHR-EHR-OBSERVATION.exam.v1,'Bimanuell palpasjon']","fid":"kontakt/bimanuell_palpasjon","formId":"kontakt/bimanuell_palpasjon","children":[{"name":"Status","localizedName":"Status","rmType":"DV_CODED_TEXT","nodeId":"at0001","min":0,"max":1,"localizedNames":{"nb":"Status"},"localizedDescriptions":{"nb":"*"},"aqlPath":"/content[openEHR-EHR-OBSERVATION.exam.v1,'Bimanuell palpasjon']/data[at0001]/events[at0002]/data[at0003]/items[openEHR-EHR-CLUSTER.exam_state.v1]/items[at0001]/value","inputs":[{"suffix":"code","type":"CODED_TEXT","list":[{"value":"ATA","label":"Utført","localizedLabels":{"nb":"Utført"}},{"value":"ATB","label":"Ikke utført","localizedLabels":{"nb":"Ikke utført"}}],"terminology":"Olafia"}],"formId":"kontakt/bimanuell_palpasjon/uspesifisert_hendelse/undersøkelsesstatus/status","viewConfig":{"size":{"field":"inherit","label":"inherit","fill":"inherit"},"layout":{"label":{"valign":"inherit","align":"inherit"},"field":{"valign":"inherit","align":"inherit"}},"datasource":{"loadRemote":false,"loadRemoteUrl":"","terminology":""},"label":{"custom":false,"value":"","useLocalizations":false,"localizationsList":{}},"advanced":{"hidden":false,"readonly":false},"multiplicity":{"min":"0","max":"1"},"tags":["showasradios"],"field":{"code":{"presentation":"combobox"}}},"defaultValue":{"code":"ATA"},"fid":"kontakt/bimanuell_palpasjon/uspesifisert_hendelse/undersøkelsesstatus/status"},{"name":"Kommentar","localizedName":"Kommentar","rmType":"DV_TEXT","nodeId":"at0002","min":0,"max":1,"localizedNames":{"nb":"Kommentar"},"localizedDescriptions":{"nb":"*"},"aqlPath":"/content[openEHR-EHR-OBSERVATION.exam.v1,'Bimanuell palpasjon']/data[at0001]/events[at0002]/data[at0003]/items[openEHR-EHR-CLUSTER.exam_state.v1]/items[at0002]/value","inputs":[{"type":"TEXT"}],"formId":"kontakt/bimanuell_palpasjon/uspesifisert_hendelse/undersøkelsesstatus/kommentar","viewConfig":{"size":{"field":"inherit","label":"inherit","fill":"inherit"},"layout":{"label":{"valign":"inherit","align":"inherit"},"field":{"valign":"inherit","align":"inherit"}},"datasource":{"loadRemote":false,"loadRemoteUrl":"","terminology":""},"label":{"custom":false,"value":"","useLocalizations":false,"localizationsList":{}},"advanced":{"hidden":true,"readonly":false},"multiplicity":{"min":"0","max":"1"},"tags":[],"field":{"input":{"presentation":"textfield"}}},"defaultValue":{"value":""},"fid":"kontakt/bimanuell_palpasjon/uspesifisert_hendelse/undersøkelsesstatus/kommentar"},{"name":"Vurdering av funn","localizedName":"Vurdering av funn","rmType":"DV_CODED_TEXT","nodeId":"at0006","min":0,"max":1,"localizedNames":{"nb":"Fortolkning"},"localizedDescriptions":{"nb":"Enkelt ord, setning, frase eller kort beskrivelse som representerer den kliniske betydning og viktigheten av funnene ved den kliniske undersøkelsen."},"annotations":{"comment":"Koding med terminologi foretrekkes når mulig. For eksempel \"normal undersøkelse\" eller \"tympanisk membran perforasjon\"."},"aqlPath":"/content[openEHR-EHR-OBSERVATION.exam.v1,'Bimanuell palpasjon']/data[at0001]/events[at0002]/data[at0003]/items[at0006,'Vurdering av funn']/value","inputs":[{"suffix":"code","type":"CODED_TEXT","list":[{"value":"Y01","label":"Normal","localizedLabels":{"nb":"Normal"}},{"value":"Y02","label":"Ikke normal","localizedLabels":{"nb":"Ikke normal"}}],"terminology":"OlafiaUS"}],"formId":"kontakt/bimanuell_palpasjon/uspesifisert_hendelse/vurdering_av_funn","viewConfig":{"size":{"field":"inherit","label":"inherit","fill":"inherit"},"layout":{"label":{"valign":"inherit","align":"inherit"},"field":{"valign":"inherit","align":"inherit"}},"datasource":{"loadRemote":false,"loadRemoteUrl":"","terminology":""},"label":{"custom":false,"value":"","useLocalizations":true,"localizationsList":{"nb":"Vurdering av funn"}},"advanced":{"hidden":false,"readonly":false},"multiplicity":{"min":"0","max":"1"},"tags":["showasradios"],"annotations":{"description":"*"},"field":{"code":{"presentation":"combobox"}}},"defaultValue":{"code":""},"fid":"kontakt/bimanuell_palpasjon/uspesifisert_hendelse/vurdering_av_funn"},{"name":"Beskrivelse","localizedName":"Beskrivelse","rmType":"DV_TEXT","nodeId":"at0004","min":0,"max":1,"localizedNames":{"nb":"Beskrivelse"},"localizedDescriptions":{"nb":"En narrativ beskrivelse av funn ved en klinisk undersøkelse av et individ."},"annotations":{"comment":"Kan anvendes til å registrere en tekstlig sammenfatning av en komplett klinisk undersøkelse eller nøkkelfunn ved den kliniske undersøkelsen, som vil bli understøttet av strukturerte data. Dette dataelementet kan brukes for å fange opp \"legacy data\" som ikke er tilgjengelig i et strukturert format. Detaljer om spesifikt strukturert funn inkluderes ved å bruke CLUSTER-arketyper i \"Examination Detail\" SLOT. "},"aqlPath":"/content[openEHR-EHR-OBSERVATION.exam.v1,'Bimanuell palpasjon']/data[at0001]/events[at0002]/data[at0003]/items[at0004]/value","inputs":[{"type":"TEXT"}],"formId":"kontakt/bimanuell_palpasjon/uspesifisert_hendelse/beskrivelse","viewConfig":{"size":{"field":"inherit","label":"inherit","fill":"inherit"},"layout":{"label":{"valign":"inherit","align":"inherit"},"field":{"valign":"inherit","align":"inherit"}},"datasource":{"loadRemote":false,"loadRemoteUrl":"","terminology":""},"annotations":{"description":"*"},"label":{"custom":false,"value":"","useLocalizations":false,"localizationsList":{}},"advanced":{"hidden":true,"readonly":false},"multiplicity":{"min":"0","max":"1"},"tags":[],"field":{"input":{"presentation":"textfield"}}},"defaultValue":{"value":""},"fid":"kontakt/bimanuell_palpasjon/uspesifisert_hendelse/beskrivelse"}],"viewConfig":{"size":{"field":"inherit","label":"inherit","fill":"inherit"},"layout":{"label":{"valign":"inherit","align":"inherit"},"field":{"valign":"inherit","align":"inherit"}},"field":{},"label":{"custom":true,"value":"Us. av bimanuell palpasjon","useLocalizations":true,"localizationsList":{"nb":"Us. av bimanuell palpasjon"}},"advanced":{"hidden":false,"readonly":false,"render":true},"multiplicity":{"min":"0","max":"1"},"tags":["ForceMinMultiplicity"],"datasource":{"loadRemote":false,"loadRemoteUrl":"","terminology":""}}},{"name":"Us. av vulva","localizedName":"Us. av vulva","rmType":"OBSERVATION","nodeId":"openEHR-EHR-OBSERVATION.exam.v1","min":0,"max":1,"localizedNames":{"nb":"Us. av vulva"},"localizedDescriptions":{"nb":"Funn ved fysisk undersøkelse av en helsetjenestemottaker."},"aqlPath":"/content[openEHR-EHR-OBSERVATION.exam.v1,'Us. av vulva']","fid":"kontakt/us._av_vulva","formId":"kontakt/us._av_vulva","children":[{"name":"Status","localizedName":"Status","rmType":"DV_CODED_TEXT","nodeId":"at0001","min":0,"max":1,"localizedNames":{"nb":"Status"},"localizedDescriptions":{"nb":"*"},"aqlPath":"/content[openEHR-EHR-OBSERVATION.exam.v1,'Us. av vulva']/data[at0001]/events[at0002]/data[at0003]/items[openEHR-EHR-CLUSTER.exam_state.v1]/items[at0001]/value","inputs":[{"suffix":"code","type":"CODED_TEXT","list":[{"value":"ATA","label":"Utført","localizedLabels":{"nb":"Utført"}},{"value":"ATB","label":"Ikke utført","localizedLabels":{"nb":"Ikke utført"}}],"terminology":"Olafia"}],"formId":"kontakt/us._av_vulva/uspesifisert_hendelse/undersøkelsesstatus/status","viewConfig":{"size":{"field":"inherit","label":"inherit","fill":"inherit"},"layout":{"label":{"valign":"inherit","align":"inherit"},"field":{"valign":"inherit","align":"inherit"}},"datasource":{"loadRemote":false,"loadRemoteUrl":"","terminology":""},"label":{"custom":false,"value":"","useLocalizations":false,"localizationsList":{}},"advanced":{"hidden":false,"readonly":false},"multiplicity":{"min":"0","max":"1"},"tags":["showasradios"],"field":{"code":{"presentation":"combobox"}}},"defaultValue":{"code":"ATA"},"fid":"kontakt/us._av_vulva/uspesifisert_hendelse/undersøkelsesstatus/status"},{"name":"Kommentar","localizedName":"Kommentar","rmType":"DV_TEXT","nodeId":"at0002","min":0,"max":1,"localizedNames":{"nb":"Kommentar"},"localizedDescriptions":{"nb":"*"},"aqlPath":"/content[openEHR-EHR-OBSERVATION.exam.v1,'Us. av vulva']/data[at0001]/events[at0002]/data[at0003]/items[openEHR-EHR-CLUSTER.exam_state.v1]/items[at0002]/value","inputs":[{"type":"TEXT"}],"formId":"kontakt/us._av_vulva/uspesifisert_hendelse/undersøkelsesstatus/kommentar","viewConfig":{"size":{"field":"inherit","label":"inherit","fill":"inherit"},"layout":{"label":{"valign":"inherit","align":"inherit"},"field":{"valign":"inherit","align":"inherit"}},"datasource":{"loadRemote":false,"loadRemoteUrl":"","terminology":""},"label":{"custom":false,"value":"","useLocalizations":false,"localizationsList":{}},"advanced":{"hidden":true,"readonly":false},"multiplicity":{"min":"0","max":"1"},"tags":[],"field":{"input":{"presentation":"textfield"}}},"defaultValue":{"value":""},"fid":"kontakt/us._av_vulva/uspesifisert_hendelse/undersøkelsesstatus/kommentar"},{"name":"Vurdering av funn","localizedName":"Vurdering av funn","rmType":"DV_CODED_TEXT","nodeId":"at0006","min":0,"max":1,"localizedNames":{"nb":"Fortolkning"},"localizedDescriptions":{"nb":"Enkelt ord, setning, frase eller kort beskrivelse som representerer den kliniske betydning og viktigheten av funnene ved den kliniske undersøkelsen."},"annotations":{"comment":"Koding med terminologi foretrekkes når mulig. For eksempel \"normal undersøkelse\" eller \"tympanisk membran perforasjon\"."},"aqlPath":"/content[openEHR-EHR-OBSERVATION.exam.v1,'Us. av vulva']/data[at0001]/events[at0002]/data[at0003]/items[at0006,'Vurdering av funn']/value","inputs":[{"suffix":"code","type":"CODED_TEXT","list":[{"value":"Y01","label":"Normal","localizedLabels":{"nb":"Normal"}},{"value":"Y02","label":"Ikke normal","localizedLabels":{"nb":"Ikke normal"}}],"terminology":"OlafiaUS"}],"formId":"kontakt/us._av_vulva/uspesifisert_hendelse/vurdering_av_funn","viewConfig":{"size":{"field":"inherit","label":"inherit","fill":"inherit"},"layout":{"label":{"valign":"inherit","align":"inherit"},"field":{"valign":"inherit","align":"inherit"}},"datasource":{"loadRemote":false,"loadRemoteUrl":"","terminology":""},"label":{"custom":false,"value":"","useLocalizations":true,"localizationsList":{"nb":"Vurdering av funn"}},"advanced":{"hidden":false,"readonly":false},"multiplicity":{"min":"0","max":"1"},"tags":["showasradios"],"annotations":{"description":"*"},"field":{"code":{"presentation":"combobox"}}},"defaultValue":{"code":""},"fid":"kontakt/us._av_vulva/uspesifisert_hendelse/vurdering_av_funn"},{"name":"Beskrivelse","localizedName":"Beskrivelse","rmType":"DV_TEXT","nodeId":"at0004","min":0,"max":1,"localizedNames":{"nb":"Beskrivelse"},"localizedDescriptions":{"nb":"En narrativ beskrivelse av funn ved en klinisk undersøkelse av et individ."},"annotations":{"comment":"Kan anvendes til å registrere en tekstlig sammenfatning av en komplett klinisk undersøkelse eller nøkkelfunn ved den kliniske undersøkelsen, som vil bli understøttet av strukturerte data. Dette dataelementet kan brukes for å fange opp \"legacy data\" som ikke er tilgjengelig i et strukturert format. Detaljer om spesifikt strukturert funn inkluderes ved å bruke CLUSTER-arketyper i \"Examination Detail\" SLOT. "},"aqlPath":"/content[openEHR-EHR-OBSERVATION.exam.v1,'Us. av vulva']/data[at0001]/events[at0002]/data[at0003]/items[at0004]/value","inputs":[{"type":"TEXT"}],"formId":"kontakt/us._av_vulva/uspesifisert_hendelse/beskrivelse","viewConfig":{"size":{"field":"inherit","label":"inherit","fill":"inherit"},"layout":{"label":{"valign":"inherit","align":"inherit"},"field":{"valign":"inherit","align":"inherit"}},"datasource":{"loadRemote":false,"loadRemoteUrl":"","terminology":""},"annotations":{"description":"*"},"label":{"custom":false,"value":"","useLocalizations":false,"localizationsList":{}},"advanced":{"hidden":true,"readonly":false},"multiplicity":{"min":"0","max":"1"},"tags":[],"field":{"input":{"presentation":"textfield"}}},"defaultValue":{"value":""},"fid":"kontakt/us._av_vulva/uspesifisert_hendelse/beskrivelse"},{"localizedName":"Fieldset","localizedNames":{"nb":"Funn detaljer vulva"},"min":0,"max":-1,"name":"Fieldset","rmType":"GENERIC_FIELDSET","fid":"generic-field-97245","inputs":[{"type":"TEXT"}],"formId":"generic-field-97245","viewConfig":{"label":{"custom":true,"value":"Funn detaljer vulva","useLocalizations":true,"localizationsList":{"nb":"Funn detaljer vulva"}},"advanced":{"hidden":true,"readonly":false,"render":true},"multiplicity":{"min":"0","max":"1"},"size":{"field":"inherit","label":"inherit","fill":"inherit"},"layout":{"label":{"valign":"inherit","align":"inherit"},"field":{"valign":"inherit","align":"inherit"}},"field":{},"tags":["hidelabel"]},"children":[{"name":"Bartholinitt","localizedName":"Bartholinitt","rmType":"DV_CODED_TEXT","nodeId":"at0004","min":0,"max":1,"localizedNames":{"nb":"Bartholinitt"},"localizedDescriptions":{"nb":"*"},"aqlPath":"/content[openEHR-EHR-OBSERVATION.exam.v1,'Us. av vulva']/data[at0001]/events[at0002]/data[at0003]/items[openEHR-EHR-CLUSTER.exam_vulva.v1]/items[at0004]/value","inputs":[{"suffix":"code","type":"CODED_TEXT","list":[{"value":"CW01","label":"Ikke tilstede","localizedLabels":{"nb":"Ikke tilstede"}},{"value":"CW02","label":"Tilstede","localizedLabels":{"nb":"Tilstede"}},{"value":"CW03","label":"Usikker","localizedLabels":{"nb":"Usikker"}}],"terminology":"Olafia"}],"formId":"kontakt/us._av_vulva/uspesifisert_hendelse/exam_vulva/bartholinitt","viewConfig":{"size":{"field":"inherit","label":"inherit","fill":"inherit"},"layout":{"label":{"valign":"inherit","align":"inherit"},"field":{"valign":"inherit","align":"inherit"}},"datasource":{"loadRemote":false,"loadRemoteUrl":"","terminology":""},"label":{"custom":false,"value":"","useLocalizations":false,"localizationsList":{}},"advanced":{"hidden":false,"readonly":false},"multiplicity":{"min":"0","max":"1"},"tags":["showasradios"],"field":{"code":{"presentation":"combobox"}}},"defaultValue":{"code":""},"fid":"kontakt/us._av_vulva/uspesifisert_hendelse/exam_vulva/bartholinitt"},{"name":"Hudfunn","localizedName":"Hudfunn","rmType":"CLUSTER","nodeId":"at0004","min":0,"max":-1,"localizedNames":{"nb":"Hudfunn"},"localizedDescriptions":{"nb":"*"},"aqlPath":"/content[openEHR-EHR-OBSERVATION.exam.v1,'Us. av vulva']/data[at0001]/events[at0002]/data[at0003]/items[openEHR-EHR-CLUSTER.exam_skin.v1]/items[at0004]","formId":"kontakt/us._av_vulva/uspesifisert_hendelse/exam_skin/hudfunn","viewConfig":{"size":{"field":"inherit","label":"inherit","fill":"inherit"},"layout":{"label":{"valign":"inherit","align":"inherit"},"field":{"valign":"inherit","align":"inherit"}},"field":{},"label":{"custom":false,"value":"","useLocalizations":false,"localizationsList":{}},"advanced":{"hidden":false,"readonly":false,"render":false},"multiplicity":{"min":"0","max":"100"},"tags":["showasmasterdetail","ForceMinMultiplicity"]},"fid":"kontakt/us._av_vulva/uspesifisert_hendelse/exam_skin/hudfunn","children":[{"name":"Funn","localizedName":"Funn","rmType":"DV_CODED_TEXT","nodeId":"at0002","min":0,"max":1,"localizedNames":{"nb":"Funn"},"localizedDescriptions":{"nb":"*"},"aqlPath":"/content[openEHR-EHR-OBSERVATION.exam.v1,'Us. av vulva']/data[at0001]/events[at0002]/data[at0003]/items[openEHR-EHR-CLUSTER.exam_skin.v1]/items[at0004]/items[at0002]/value","inputs":[{"suffix":"code","type":"CODED_TEXT","list":[{"value":"L01","label":"Blemmer/erosjoner","localizedLabels":{"nb":"Blemmer/erosjoner"}},{"value":"L02","label":"Erythem","localizedLabels":{"nb":"Erythem"}},{"value":"L03","label":"Fissur","localizedLabels":{"nb":"Fissur"}},{"value":"L04","label":"Lichen sclerosus","localizedLabels":{"nb":"Lichen sclerosus"}},{"value":"L05","label":"Papillomatose","localizedLabels":{"nb":"Papillomatose"}},{"value":"L06","label":"Sår","localizedLabels":{"nb":"Sår"}},{"value":"L07","label":"Vorter","localizedLabels":{"nb":"Vorter"}},{"value":"L08","label":"Annet","localizedLabels":{"nb":"Annet"}}],"terminology":"OlafiaUS"}],"formId":"kontakt/us._av_vulva/uspesifisert_hendelse/exam_skin/hudfunn/funn","viewConfig":{"size":{"field":"inherit","label":"inherit","fill":"inherit"},"layout":{"label":{"valign":"inherit","align":"inherit"},"field":{"valign":"inherit","align":"inherit"}},"datasource":{"loadRemote":false,"loadRemoteUrl":"","terminology":""},"label":{"custom":false,"value":"","useLocalizations":false,"localizationsList":{}},"advanced":{"hidden":false,"readonly":false},"multiplicity":{"min":"0","max":"1"},"tags":["showasradios"],"field":{"code":{"presentation":"combobox"}}},"defaultValue":{"code":""},"fid":"kontakt/us._av_vulva/uspesifisert_hendelse/exam_skin/hudfunn/funn"},{"name":"Grad","localizedName":"Grad","rmType":"DV_CODED_TEXT","nodeId":"at0005","min":0,"max":1,"localizedNames":{"nb":"Grad"},"localizedDescriptions":{"nb":"*"},"aqlPath":"/content[openEHR-EHR-OBSERVATION.exam.v1,'Us. av vulva']/data[at0001]/events[at0002]/data[at0003]/items[openEHR-EHR-CLUSTER.exam_skin.v1]/items[at0004]/items[at0005]/value","inputs":[{"suffix":"code","type":"CODED_TEXT","list":[{"value":"S01","label":"Mild","localizedLabels":{"nb":"Mild"}},{"value":"S02","label":"Moderat","localizedLabels":{"nb":"Moderat"}},{"value":"S03","label":"Uttalt","localizedLabels":{"nb":"Uttalt"}}],"terminology":"OlafiaUS"}],"formId":"kontakt/us._av_vulva/uspesifisert_hendelse/exam_skin/hudfunn/grad","viewConfig":{"size":{"field":"inherit","label":"inherit","fill":"inherit"},"layout":{"label":{"valign":"inherit","align":"inherit"},"field":{"valign":"inherit","align":"inherit"}},"datasource":{"loadRemote":false,"loadRemoteUrl":"","terminology":""},"label":{"custom":false,"value":"","useLocalizations":false,"localizationsList":{}},"advanced":{"hidden":false,"readonly":false},"multiplicity":{"min":"0","max":"1"},"tags":["showasradios"],"field":{"code":{"presentation":"combobox"}}},"defaultValue":{"code":""},"fid":"kontakt/us._av_vulva/uspesifisert_hendelse/exam_skin/hudfunn/grad"}]}]}],"viewConfig":{"size":{"field":"inherit","label":"inherit","fill":"inherit"},"layout":{"label":{"valign":"inherit","align":"inherit"},"field":{"valign":"inherit","align":"inherit"}},"field":{},"label":{"custom":false,"value":"","useLocalizations":true,"localizationsList":{"nb":"Us. av vulva"}},"advanced":{"hidden":false,"readonly":false,"render":false},"multiplicity":{"min":"0","max":"1"},"tags":["ForceMinMultiplicity"]}},{"localizedName":"Fieldset","localizedNames":{"nb":"Målinger"},"min":0,"max":-1,"name":"Fieldset","rmType":"GENERIC_FIELDSET","fid":"generic-field-31720","formId":"generic-field-31720","children":[{"name":"Blodtrykk","localizedName":"Blodtrykk","rmType":"OBSERVATION","nodeId":"openEHR-EHR-OBSERVATION.blood_pressure.v1","min":0,"max":-1,"localizedNames":{"nb":"Blodtrykk"},"localizedDescriptions":{"nb":"Måling av blodtrykket som uttrykk for det arterielle blodtrykk i det systemiske kretsløp."},"aqlPath":"/content[openEHR-EHR-OBSERVATION.blood_pressure.v1]","fid":"kontakt/blodtrykk","formId":"kontakt/blodtrykk","viewConfig":{"label":{"custom":false,"value":"","useLocalizations":false,"localizationsList":{}},"advanced":{"hidden":false,"readonly":false,"render":true},"multiplicity":{"min":"0","max":"1"},"size":{"field":"inherit","label":"inherit","fill":"inherit"},"layout":{"label":{"valign":"inherit","align":"inherit"},"field":{"valign":"inherit","align":"inherit"}},"tags":["ForceMinMultiplicity"],"field":{},"datasource":{"loadRemote":false,"loadRemoteUrl":"","terminology":""}},"children":[{"name":"Systolisk","localizedName":"Systolisk","rmType":"DV_QUANTITY","nodeId":"at0004","min":0,"max":1,"localizedNames":{"nb":"Systolisk"},"localizedDescriptions":{"nb":"Maksimalt systemisk arterielt blodtrykk - målt i systolen, det vil si i hjertets kontraksjonsfase."},"aqlPath":"/content[openEHR-EHR-OBSERVATION.blood_pressure.v1]/data[at0001]/events[at0006]/data[at0003]/items[at0004]/value","inputs":[{"suffix":"magnitude","type":"DECIMAL","validation":{"range":{"minOp":">=","min":0,"maxOp":"<=","max":1000},"precision":{"minOp":">=","min":0,"maxOp":"<=","max":0}}},{"suffix":"unit","type":"CODED_TEXT","list":[{"value":"mm[Hg]","label":"mm[Hg]","validation":{"range":{"minOp":">=","min":0,"maxOp":"<=","max":1000},"precision":{"minOp":">=","min":0,"maxOp":"<=","max":0}}}]}],"formId":"kontakt/blodtrykk/uspesifisert_hendelse/systolisk","viewConfig":{"field":{"magnitude":{"presentation":"combobox"}},"size":{"field":"inherit","label":"inherit","fill":"inherit"},"layout":{"label":{"valign":"top","align":"top"},"field":{"valign":"inherit","align":"inherit"}},"datasource":{"loadRemote":false,"loadRemoteUrl":"","terminology":""},"label":{"custom":true,"value":"Systolisk","useLocalizations":false,"localizationsList":{}},"advanced":{"hidden":false,"readonly":false},"multiplicity":{"min":"0","max":"1"},"tags":[]},"defaultValue":{"unit":"mm[Hg]"},"fid":"kontakt/blodtrykk/uspesifisert_hendelse/systolisk"},{"name":"Diastolisk","localizedName":"Diastolisk","rmType":"DV_QUANTITY","nodeId":"at0005","min":0,"max":1,"localizedNames":{"nb":"Diastolisk"},"localizedDescriptions":{"nb":"Laveste systemiske arterielle blodtrykk - målt i diastolen, det vil si under hjertets relaksasjonsfase."},"aqlPath":"/content[openEHR-EHR-OBSERVATION.blood_pressure.v1]/data[at0001]/events[at0006]/data[at0003]/items[at0005]/value","inputs":[{"suffix":"magnitude","type":"DECIMAL","validation":{"range":{"minOp":">=","min":0,"maxOp":"<=","max":1000},"precision":{"minOp":">=","min":0,"maxOp":"<=","max":0}}},{"suffix":"unit","type":"CODED_TEXT","list":[{"value":"mm[Hg]","label":"mm[Hg]","validation":{"range":{"minOp":">=","min":0,"maxOp":"<=","max":1000},"precision":{"minOp":">=","min":0,"maxOp":"<=","max":0}}}]}],"formId":"kontakt/blodtrykk/uspesifisert_hendelse/diastolisk","viewConfig":{"field":{"magnitude":{"presentation":"combobox"}},"size":{"field":"inherit","label":"inherit","fill":"inherit"},"layout":{"label":{"valign":"top","align":"top"},"field":{"valign":"inherit","align":"inherit"}},"datasource":{"loadRemote":false,"loadRemoteUrl":"","terminology":""},"label":{"custom":true,"value":"Diastolisk","useLocalizations":false,"localizationsList":{}},"advanced":{"hidden":false,"readonly":false},"multiplicity":{"min":"0","max":"1"},"tags":[]},"defaultValue":{"unit":"mm[Hg]"},"fid":"kontakt/blodtrykk/uspesifisert_hendelse/diastolisk"}]},{"name":"Puls/Hjertefrekvens","localizedName":"Puls/Hjertefrekvens","rmType":"OBSERVATION","nodeId":"openEHR-EHR-OBSERVATION.pulse.v1","min":0,"max":-1,"localizedNames":{"nb":"Puls"},"localizedDescriptions":{"nb":"Måling av puls/hjertefrekvens, eller eksplisitt puls eller hjertefrekvens, og beskrivelse av tilhørende egenskaper."},"aqlPath":"/content[openEHR-EHR-OBSERVATION.pulse.v1]","fid":"kontakt/puls_hjertefrekvens","formId":"kontakt/puls_hjertefrekvens","viewConfig":{"label":{"custom":true,"value":"Puls","useLocalizations":true,"localizationsList":{"nb":"Puls"}},"advanced":{"hidden":false,"readonly":false,"render":true},"multiplicity":{"min":"0","max":"1"},"size":{"field":"inherit","label":"inherit","fill":"inherit"},"layout":{"label":{"valign":"inherit","align":"inherit"},"field":{"valign":"inherit","align":"inherit"}},"tags":["ForceMinMultiplicity","hidelabel"],"field":{},"datasource":{"loadRemote":false,"loadRemoteUrl":"","terminology":""}},"children":[{"name":"Pulsfrekvens","rmType":"DV_QUANTITY","nodeId":"at0004","min":0,"max":1,"localizedNames":{"nb":"Pulsfrekvens"},"localizedDescriptions":{"nb":"Pulsfrekvensen, målt i slag per minutt."},"annotations":{"comment":"Det er spesifisert begrensninger i navn for å gjøre det lettere å eksplisitt merke dette elementet som Pulsfrekvens eller Hjertefrekvens ved behov."},"aqlPath":"/content[openEHR-EHR-OBSERVATION.pulse.v1]/data[at0002]/events[at0003]/data[at0001]/items[at0004,'Pulsfrekvens']/value","inputs":[{"suffix":"magnitude","type":"DECIMAL","validation":{"range":{"minOp":">=","min":0,"maxOp":"<=","max":1000},"precision":{"minOp":">=","min":0,"maxOp":"<=","max":0}}},{"suffix":"unit","type":"CODED_TEXT","list":[{"value":"/min","label":"/min","validation":{"range":{"minOp":">=","min":0,"maxOp":"<=","max":1000},"precision":{"minOp":">=","min":0,"maxOp":"<=","max":0}}}]}],"fid":"kontakt/puls_hjertefrekvens/uspesifisert_hendelse/pulsfrekvens","formId":"kontakt/puls_hjertefrekvens/uspesifisert_hendelse/pulsfrekvens","viewConfig":{"field":{"magnitude":{"presentation":"combobox"}},"size":{"field":"inherit","label":"inherit","fill":"inherit"},"layout":{"label":{"valign":"top","align":"top"},"field":{"valign":"inherit","align":"inherit"}},"datasource":{"loadRemote":false,"loadRemoteUrl":"","terminology":""},"label":{"custom":false,"value":"","useLocalizations":false,"localizationsList":{}},"advanced":{"hidden":false,"readonly":false},"multiplicity":{"min":"0","max":"1"},"tags":[],"annotations":{"description":"*"}},"defaultValue":{"unit":"/min"}}]},{"name":"Høyde/Lengde","localizedName":"Høyde/Lengde","rmType":"OBSERVATION","nodeId":"openEHR-EHR-OBSERVATION.height.v1","min":0,"max":-1,"localizedNames":{"nb":"Høyde/Lengde"},"localizedDescriptions":{"nb":"Individets høyde eller lengde målt fra isse til fotsåle. Høyde måles stående og lengde liggende."},"aqlPath":"/content[openEHR-EHR-OBSERVATION.height.v1]","fid":"kontakt/høyde_lengde","formId":"kontakt/høyde_lengde","viewConfig":{"label":{"custom":true,"value":"Høyde","useLocalizations":false,"localizationsList":{}},"advanced":{"hidden":false,"readonly":false,"render":true},"multiplicity":{"min":"0","max":"1"},"size":{"field":"inherit","label":"inherit","fill":"inherit"},"layout":{"label":{"valign":"inherit","align":"inherit"},"field":{"valign":"inherit","align":"inherit"}},"tags":["ForceMinMultiplicity","hidelabel"],"field":{},"datasource":{"loadRemote":false,"loadRemoteUrl":"","terminology":""}},"children":[{"name":"Høyde/lengde","localizedName":"Høyde/lengde","rmType":"DV_QUANTITY","nodeId":"at0004","min":0,"max":1,"localizedNames":{"nb":"Høyde/lengde"},"localizedDescriptions":{"nb":"Høyde/lengde fra isse til fotsåle."},"aqlPath":"/content[openEHR-EHR-OBSERVATION.height.v1]/data[at0001]/events[at0002]/data[at0003]/items[at0004]/value","inputs":[{"suffix":"magnitude","type":"DECIMAL","validation":{"range":{"minOp":">=","min":0,"maxOp":"<=","max":500}}},{"suffix":"unit","type":"CODED_TEXT","list":[{"value":"cm","label":"cm","validation":{"range":{"minOp":">=","min":0,"maxOp":"<=","max":500}}}]}],"formId":"kontakt/høyde_lengde/uspesifisert_hendelse/høyde_lengde","viewConfig":{"field":{"magnitude":{"presentation":"combobox"}},"size":{"field":"inherit","label":"inherit","fill":"inherit"},"layout":{"label":{"valign":"top","align":"top"},"field":{"valign":"inherit","align":"inherit"}},"datasource":{"loadRemote":false,"loadRemoteUrl":"","terminology":""},"label":{"custom":true,"value":"Høyde","useLocalizations":false,"localizationsList":{}},"advanced":{"hidden":false,"readonly":false},"multiplicity":{"min":"0","max":"1"},"tags":[]},"defaultValue":{"unit":"cm"},"fid":"kontakt/høyde_lengde/uspesifisert_hendelse/høyde_lengde"}]},{"name":"Kroppsvekt","localizedName":"Kroppsvekt","rmType":"OBSERVATION","nodeId":"openEHR-EHR-OBSERVATION.body_weight.v1","min":0,"max":-1,"localizedNames":{"nb":"Kroppsvekt"},"localizedDescriptions":{"nb":"Individets kroppsvekt."},"aqlPath":"/content[openEHR-EHR-OBSERVATION.body_weight.v1]","fid":"kontakt/kroppsvekt","formId":"kontakt/kroppsvekt","viewConfig":{"label":{"custom":false,"value":"","useLocalizations":false,"localizationsList":{}},"advanced":{"hidden":false,"readonly":false,"render":true},"multiplicity":{"min":"0","max":"1"},"size":{"field":"inherit","label":"inherit","fill":"inherit"},"layout":{"label":{"valign":"inherit","align":"inherit"},"field":{"valign":"inherit","align":"inherit"}},"tags":["ForceMinMultiplicity","hidelabel"],"field":{},"datasource":{"loadRemote":false,"loadRemoteUrl":"","terminology":""}},"children":[{"name":"Kroppsvekt","localizedName":"Kroppsvekt","rmType":"DV_QUANTITY","nodeId":"at0004","min":0,"max":1,"localizedNames":{"nb":"Kroppsvekt"},"localizedDescriptions":{"nb":"Et individs totale kroppsmasse."},"aqlPath":"/content[openEHR-EHR-OBSERVATION.body_weight.v1]/data[at0002]/events[at0003]/data[at0001]/items[at0004]/value","inputs":[{"suffix":"magnitude","type":"DECIMAL"},{"suffix":"unit","type":"CODED_TEXT","list":[{"value":"kg","label":"kg","validation":{"range":{"minOp":">=","min":0,"maxOp":"<","max":1000}}},{"value":"g","label":"g","validation":{"range":{"minOp":">=","min":0,"maxOp":"<","max":100000},"precision":{"minOp":">=","min":0,"maxOp":"<=","max":0}}}]}],"formId":"kontakt/kroppsvekt/uspesifisert_hendelse/kroppsvekt","viewConfig":{"field":{"magnitude":{"presentation":"combobox"},"unit":{"range":[{"value":"kg","label":"kg","validation":{"range":{"minOp":">=","min":0,"maxOp":"<","max":1000}}},{"value":"g","label":"g","validation":{"range":{"minOp":">=","min":0,"maxOp":"<","max":100000},"precision":{"minOp":">=","min":0,"maxOp":"<=","max":0}}}]}},"size":{"field":"inherit","label":"inherit","fill":"inherit"},"layout":{"label":{"valign":"top","align":"top"},"field":{"valign":"inherit","align":"inherit"}},"datasource":{"loadRemote":false,"loadRemoteUrl":"","terminology":""},"label":{"custom":false,"value":"","useLocalizations":false,"localizationsList":{}},"advanced":{"hidden":false,"readonly":false},"multiplicity":{"min":"0","max":"1"},"tags":[]},"defaultValue":{"unit":"kg"},"fid":"kontakt/kroppsvekt/uspesifisert_hendelse/kroppsvekt"}]}],"viewConfig":{"label":{"custom":true,"value":"Målinger","useLocalizations":true,"localizationsList":{"nb":"Målinger"}},"advanced":{"hidden":false,"readonly":false,"render":true},"multiplicity":{"min":"0","max":"1"},"size":{"field":"inherit","label":"inherit","fill":"inherit"},"layout":{"label":{"valign":"inherit","align":"inherit"},"field":{"valign":"inherit","align":"inherit"}},"field":{},"tags":["ForceMinMultiplicity"]}}]}