[{"field":"kontakt/us._av_perianalområdet/uspesifisert_hendelse/undersøkelsesstatus/status","conditions":[{"operator":"equals","value":{"code":"ATA"},"actions":[{"action":"show","target":"kontakt/us._av_perianalområdet/uspesifisert_hendelse/vurdering_av_funn","value":{"code":""}},{"action":"hide","target":"kontakt/us._av_perianalområdet/uspesifisert_hendelse/undersøkelsesstatus/kommentar","value":{"value":""}},{"action":"clear","target":"kontakt/us._av_perianalområdet/uspesifisert_hendelse/undersøkelsesstatus/kommentar","value":{"value":""}}]},{"operator":"equals","value":{"code":"ATB"},"actions":[{"action":"show","target":"kontakt/us._av_perianalområdet/uspesifisert_hendelse/undersøkelsesstatus/kommentar","value":{"value":""}},{"action":"hide","target":"kontakt/us._av_perianalområdet/uspesifisert_hendelse/vurdering_av_funn","value":{"code":""}},{"action":"clear","target":"kontakt/us._av_perianalområdet/uspesifisert_hendelse/vurdering_av_funn","value":{"code":""}},{"action":"hide","target":"kontakt/us._av_perianalområdet/uspesifisert_hendelse/beskrivelse","value":{"value":""}},{"action":"clear","target":"kontakt/us._av_perianalområdet/uspesifisert_hendelse/beskrivelse","value":{"value":""}},{"action":"hide","target":"generic-field-73589","value":{"value":""}},{"action":"clear","target":"generic-field-73589","value":{"value":""}}]},{"operator":"empty","value":null,"actions":[{"action":"hide","target":"kontakt/us._av_perianalområdet/uspesifisert_hendelse/undersøkelsesstatus/kommentar","value":{"value":""}},{"action":"clear","target":"kontakt/us._av_perianalområdet/uspesifisert_hendelse/undersøkelsesstatus/kommentar","value":{"value":""}},{"action":"hide","target":"kontakt/us._av_perianalområdet/uspesifisert_hendelse/vurdering_av_funn","value":{"code":""}},{"action":"clear","target":"kontakt/us._av_perianalområdet/uspesifisert_hendelse/vurdering_av_funn","value":{"code":""}},{"action":"hide","target":"kontakt/us._av_perianalområdet/uspesifisert_hendelse/beskrivelse","value":{"value":""}},{"action":"clear","target":"kontakt/us._av_perianalområdet/uspesifisert_hendelse/beskrivelse","value":{"value":""}},{"action":"hide","target":"generic-field-73589","value":{"value":""}},{"action":"hide","target":"generic-field-73589","value":{"value":""}}]}]},{"field":"kontakt/us._av_perianalområdet/uspesifisert_hendelse/vurdering_av_funn","conditions":[{"operator":"equals","value":{"code":"Y01"},"actions":[{"action":"show","target":"kontakt/us._av_perianalområdet/uspesifisert_hendelse/beskrivelse","value":{"value":""}},{"action":"set","target":"kontakt/us._av_perianalområdet/uspesifisert_hendelse/beskrivelse","value":{"value":"Upåfallende hud uten erosjoner/sår, vesikler eller kondylomer."}},{"action":"show","target":"generic-field-73589","value":{"value":""}}]},{"operator":"equals","value":{"code":"Y02"},"actions":[{"action":"show","target":"kontakt/us._av_perianalområdet/uspesifisert_hendelse/beskrivelse","value":{"value":"Upåfallend hud uten erosjoner/sår, vesikler eller kondylomer."}},{"action":"clear","target":"kontakt/us._av_perianalområdet/uspesifisert_hendelse/beskrivelse","value":{"value":"Upåfallend hud uten erosjoner/sår, vesikler eller kondylomer."}},{"action":"show","target":"generic-field-73589","value":{"value":""}}]},{"operator":"empty","value":null,"actions":[{"action":"hide","target":"kontakt/us._av_perianalområdet/uspesifisert_hendelse/beskrivelse","value":{"value":"Upåfallend hud uten erosjoner/sår, vesikler eller kondylomer."}},{"action":"clear","target":"kontakt/us._av_perianalområdet/uspesifisert_hendelse/beskrivelse","value":{"value":"Upåfallend hud uten erosjoner/sår, vesikler eller kondylomer."}},{"action":"hide","target":"generic-field-73589","value":{"value":""}},{"action":"clear","target":"generic-field-73589","value":{"value":""}}]}]},{"field":"kontakt/us._av_vagina/uspesifisert_hendelse/undersøkelsesstatus/status","conditions":[{"operator":"equals","value":{"code":"ATA"},"actions":[{"action":"show","target":"kontakt/us._av_vagina/uspesifisert_hendelse/vurdering_av_funn","value":{"code":""}},{"action":"hide","target":"kontakt/us._av_vagina/uspesifisert_hendelse/undersøkelsesstatus/kommentar","value":{"value":""}},{"action":"clear","target":"kontakt/us._av_vagina/uspesifisert_hendelse/undersøkelsesstatus/kommentar","value":{"value":""}}]},{"operator":"equals","value":{"code":"ATB"},"actions":[{"action":"show","target":"kontakt/us._av_vagina/uspesifisert_hendelse/undersøkelsesstatus/kommentar","value":{"value":""}},{"action":"hide","target":"kontakt/us._av_vagina/uspesifisert_hendelse/vurdering_av_funn","value":{"code":""}},{"action":"clear","target":"kontakt/us._av_vagina/uspesifisert_hendelse/vurdering_av_funn","value":{"code":""}},{"action":"hide","target":"kontakt/us._av_vagina/uspesifisert_hendelse/beskrivelse","value":{"value":""}},{"action":"clear","target":"kontakt/us._av_vagina/uspesifisert_hendelse/beskrivelse","value":{"value":""}},{"action":"hide","target":"generic-field-89106","value":{"value":""}},{"action":"clear","target":"generic-field-89106","value":{"value":""}}]},{"operator":"empty","value":null,"actions":[{"action":"hide","target":"kontakt/us._av_vagina/uspesifisert_hendelse/undersøkelsesstatus/kommentar","value":{"value":""}},{"action":"clear","target":"kontakt/us._av_vagina/uspesifisert_hendelse/undersøkelsesstatus/kommentar","value":{"value":""}},{"action":"hide","target":"kontakt/us._av_vagina/uspesifisert_hendelse/vurdering_av_funn","value":{"code":""}},{"action":"clear","target":"kontakt/us._av_vagina/uspesifisert_hendelse/vurdering_av_funn","value":{"code":""}},{"action":"hide","target":"kontakt/us._av_vagina/uspesifisert_hendelse/beskrivelse","value":{"value":""}},{"action":"clear","target":"kontakt/us._av_vagina/uspesifisert_hendelse/beskrivelse","value":{"value":""}},{"action":"hide","target":"generic-field-89106","value":{"value":""}},{"action":"clear","target":"generic-field-89106","value":{"value":""}}]}]},{"field":"kontakt/us._av_vagina/uspesifisert_hendelse/vurdering_av_funn","conditions":[{"operator":"equals","value":{"code":"Y01"},"actions":[{"action":"show","target":"kontakt/us._av_vagina/uspesifisert_hendelse/beskrivelse","value":{"value":""}},{"action":"set","target":"kontakt/us._av_vagina/uspesifisert_hendelse/beskrivelse","value":{"value":"Upåfallende slimhinne uten erythem, erosjoner/sår, eller kondylomer. Upåfallende utflod."}},{"action":"hide","target":"generic-field-89106","value":{"value":""}},{"action":"clear","target":"generic-field-89106","value":{"value":""}}]},{"operator":"equals","value":{"code":"Y02"},"actions":[{"action":"show","target":"kontakt/us._av_vagina/uspesifisert_hendelse/beskrivelse","value":{"value":"Upåfallende slimhinne uten erythem, erosjoner/sår, eller kondylomer. Upåfallende utflod."}},{"action":"clear","target":"kontakt/us._av_vagina/uspesifisert_hendelse/beskrivelse","value":{"value":"Upåfallende slimhinne uten erythem, erosjoner/sår, eller kondylomer. Upåfallende utflod."}},{"action":"show","target":"generic-field-89106","value":{"value":""}}]},{"operator":"empty","value":null,"actions":[{"action":"hide","target":"kontakt/us._av_vagina/uspesifisert_hendelse/beskrivelse","value":{"value":"Upåfallende slimhinne uten erythem, erosjoner/sår, eller kondylomer. Upåfallende utflod."}},{"action":"clear","target":"kontakt/us._av_vagina/uspesifisert_hendelse/beskrivelse","value":{"value":"Upåfallende slimhinne uten erythem, erosjoner/sår, eller kondylomer. Upåfallende utflod."}},{"action":"hide","target":"generic-field-89106","value":{"value":""}},{"action":"clear","target":"generic-field-89106","value":{"value":""}}]}]},{"field":"kontakt/us._av_cervix/uspesifisert_hendelse/undersøkelsesstatus/status","conditions":[{"operator":"equals","value":{"code":"ATA"},"actions":[{"action":"show","target":"kontakt/us._av_cervix/uspesifisert_hendelse/vurdering_av_funn","value":{"code":""}},{"action":"hide","target":"kontakt/us._av_cervix/uspesifisert_hendelse/undersøkelsesstatus/kommentar","value":{"value":""}},{"action":"clear","target":"kontakt/us._av_cervix/uspesifisert_hendelse/undersøkelsesstatus/kommentar","value":{"value":""}}]},{"operator":"equals","value":{"code":"ATB"},"actions":[{"action":"show","target":"kontakt/us._av_cervix/uspesifisert_hendelse/undersøkelsesstatus/kommentar","value":{"value":""}},{"action":"hide","target":"kontakt/us._av_cervix/uspesifisert_hendelse/vurdering_av_funn","value":{"code":""}},{"action":"clear","target":"kontakt/us._av_cervix/uspesifisert_hendelse/vurdering_av_funn","value":{"code":""}},{"action":"hide","target":"kontakt/us._av_cervix/uspesifisert_hendelse/beskrivelse","value":{"value":""}},{"action":"clear","target":"kontakt/us._av_cervix/uspesifisert_hendelse/beskrivelse","value":{"value":""}},{"action":"hide","target":"generic-field-10262","value":{"value":""}},{"action":"clear","target":"generic-field-10262","value":{"value":""}}]},{"operator":"empty","value":null,"actions":[{"action":"hide","target":"kontakt/us._av_cervix/uspesifisert_hendelse/undersøkelsesstatus/kommentar","value":{"value":""}},{"action":"clear","target":"kontakt/us._av_cervix/uspesifisert_hendelse/undersøkelsesstatus/kommentar","value":{"value":""}},{"action":"hide","target":"kontakt/us._av_cervix/uspesifisert_hendelse/vurdering_av_funn","value":{"code":""}},{"action":"clear","target":"kontakt/us._av_cervix/uspesifisert_hendelse/vurdering_av_funn","value":{"code":""}},{"action":"hide","target":"kontakt/us._av_cervix/uspesifisert_hendelse/beskrivelse","value":{"value":""}},{"action":"clear","target":"kontakt/us._av_cervix/uspesifisert_hendelse/beskrivelse","value":{"value":""}},{"action":"hide","target":"generic-field-10262","value":{"value":""}},{"action":"clear","target":"generic-field-10262","value":{"value":""}}]}]},{"field":"kontakt/us._av_cervix/uspesifisert_hendelse/vurdering_av_funn","conditions":[{"operator":"equals","value":{"code":"Y01"},"actions":[{"action":"show","target":"kontakt/us._av_cervix/uspesifisert_hendelse/beskrivelse","value":{"value":""}},{"action":"set","target":"kontakt/us._av_cervix/uspesifisert_hendelse/beskrivelse","value":{"value":"Upåfallende, ikke lettblødende slimhinne uten erosjoner, vesikler eller kondylomer. Normalt cervix sekret."}},{"action":"hide","target":"generic-field-10262","value":{"value":""}},{"action":"clear","target":"generic-field-10262","value":{"value":""}}]},{"operator":"equals","value":{"code":"Y02"},"actions":[{"action":"show","target":"kontakt/us._av_cervix/uspesifisert_hendelse/beskrivelse","value":{"value":"Upåfallende, ikke lettblødende slimhinne uten erosjoner, vesikler eller kondylomer. Normalt cervix sekret."}},{"action":"clear","target":"kontakt/us._av_cervix/uspesifisert_hendelse/beskrivelse","value":{"value":"Upåfallende, ikke lettblødende slimhinne uten erosjoner, vesikler eller kondylomer. Normalt cervix sekret."}},{"action":"show","target":"generic-field-10262","value":{"value":""}}]},{"operator":"empty","value":null,"actions":[{"action":"hide","target":"kontakt/us._av_cervix/uspesifisert_hendelse/beskrivelse","value":{"value":"Upåfallende, ikke lettblødende slimhinne uten erosjoner, vesikler eller kondylomer. Normalt cervix sekret."}},{"action":"clear","target":"kontakt/us._av_cervix/uspesifisert_hendelse/beskrivelse","value":{"value":""}},{"action":"hide","target":"generic-field-10262","value":{"value":""}},{"action":"clear","target":"generic-field-10262","value":{"value":""}}]}]},{"field":"kontakt/bimanuell_palpasjon/uspesifisert_hendelse/undersøkelsesstatus/status","conditions":[{"operator":"equals","value":{"code":"ATA"},"actions":[{"action":"show","target":"kontakt/bimanuell_palpasjon/uspesifisert_hendelse/vurdering_av_funn","value":{"code":""}},{"action":"hide","target":"kontakt/bimanuell_palpasjon/uspesifisert_hendelse/undersøkelsesstatus/kommentar","value":{"value":""}},{"action":"clear","target":"kontakt/bimanuell_palpasjon/uspesifisert_hendelse/undersøkelsesstatus/kommentar","value":{"value":""}}]},{"operator":"equals","value":{"code":"ATB"},"actions":[{"action":"hide","target":"kontakt/bimanuell_palpasjon/uspesifisert_hendelse/vurdering_av_funn","value":{"code":""}},{"action":"clear","target":"kontakt/bimanuell_palpasjon/uspesifisert_hendelse/vurdering_av_funn","value":{"code":""}},{"action":"show","target":"kontakt/bimanuell_palpasjon/uspesifisert_hendelse/undersøkelsesstatus/kommentar","value":{"value":""}}]},{"operator":"empty","value":null,"actions":[{"action":"hide","target":"kontakt/bimanuell_palpasjon/uspesifisert_hendelse/undersøkelsesstatus/kommentar","value":{"value":""}},{"action":"clear","target":"kontakt/bimanuell_palpasjon/uspesifisert_hendelse/undersøkelsesstatus/kommentar","value":{"value":""}},{"action":"hide","target":"kontakt/bimanuell_palpasjon/uspesifisert_hendelse/vurdering_av_funn","value":{"code":""}},{"action":"clear","target":"kontakt/bimanuell_palpasjon/uspesifisert_hendelse/vurdering_av_funn","value":{"code":""}},{"action":"hide","target":"kontakt/bimanuell_palpasjon/uspesifisert_hendelse/beskrivelse","value":{"value":""}},{"action":"clear","target":"kontakt/bimanuell_palpasjon/uspesifisert_hendelse/beskrivelse","value":{"value":""}}]}]},{"field":"kontakt/bimanuell_palpasjon/uspesifisert_hendelse/vurdering_av_funn","conditions":[{"operator":"equals","value":{"code":"Y01"},"actions":[{"action":"show","target":"kontakt/bimanuell_palpasjon/uspesifisert_hendelse/beskrivelse","value":{"value":""}},{"action":"set","target":"kontakt/bimanuell_palpasjon/uspesifisert_hendelse/beskrivelse","value":{"value":"Ikke ruggeøm cervix/uterus. Ingen patologiske oppfylninger, uøm over adnexae."}}]},{"operator":"equals","value":{"code":"Y02"},"actions":[{"action":"show","target":"kontakt/bimanuell_palpasjon/uspesifisert_hendelse/beskrivelse","value":{"value":"Ikke ruggeøm cervix/uterus. Ingen patologiske oppfylninger, uøm over adnexae."}},{"action":"clear","target":"kontakt/bimanuell_palpasjon/uspesifisert_hendelse/beskrivelse","value":{"value":"Ikke ruggeøm cervix/uterus. Ingen patologiske oppfylninger, uøm over adnexae."}}]},{"operator":"empty","value":null,"actions":[{"action":"hide","target":"kontakt/bimanuell_palpasjon/uspesifisert_hendelse/beskrivelse","value":{"value":"Ikke ruggeøm cervix/uterus. Ingen patologiske oppfylninger, uøm over adnexae."}},{"action":"clear","target":"kontakt/bimanuell_palpasjon/uspesifisert_hendelse/beskrivelse","value":{"value":"Ikke ruggeøm cervix/uterus. Ingen patologiske oppfylninger, uøm over adnexae."}}]}]},{"field":"kontakt/us._av_vulva/uspesifisert_hendelse/undersøkelsesstatus/status","conditions":[{"operator":"equals","value":{"code":"ATA"},"actions":[{"action":"show","target":"kontakt/us._av_vulva/uspesifisert_hendelse/vurdering_av_funn","value":{"code":""}},{"action":"hide","target":"kontakt/us._av_vulva/uspesifisert_hendelse/undersøkelsesstatus/kommentar","value":{"value":""}},{"action":"clear","target":"kontakt/us._av_vulva/uspesifisert_hendelse/undersøkelsesstatus/kommentar","value":{"value":""}}]},{"operator":"equals","value":{"code":"ATB"},"actions":[{"action":"show","target":"kontakt/us._av_vulva/uspesifisert_hendelse/undersøkelsesstatus/kommentar","value":{"value":""}},{"action":"hide","target":"kontakt/us._av_vulva/uspesifisert_hendelse/vurdering_av_funn","value":{"code":""}},{"action":"clear","target":"kontakt/us._av_vulva/uspesifisert_hendelse/vurdering_av_funn","value":{"code":""}},{"action":"hide","target":"kontakt/us._av_vulva/uspesifisert_hendelse/beskrivelse","value":{"value":""}},{"action":"clear","target":"kontakt/us._av_vulva/uspesifisert_hendelse/beskrivelse","value":{"value":""}},{"action":"hide","target":"generic-field-97245","value":{"value":""}},{"action":"clear","target":"generic-field-97245","value":{"value":""}}]},{"operator":"empty","value":null,"actions":[{"action":"hide","target":"kontakt/us._av_vulva/uspesifisert_hendelse/undersøkelsesstatus/kommentar","value":{"value":""}},{"action":"clear","target":"kontakt/us._av_vulva/uspesifisert_hendelse/undersøkelsesstatus/kommentar","value":{"value":""}},{"action":"hide","target":"kontakt/us._av_vulva/uspesifisert_hendelse/beskrivelse","value":{"value":""}},{"action":"clear","target":"kontakt/us._av_vulva/uspesifisert_hendelse/beskrivelse","value":{"value":""}},{"action":"hide","target":"kontakt/us._av_vulva/uspesifisert_hendelse/vurdering_av_funn","value":{"code":""}},{"action":"clear","target":"kontakt/us._av_vulva/uspesifisert_hendelse/vurdering_av_funn","value":{"code":""}},{"action":"hide","target":"generic-field-97245","value":{"value":""}},{"action":"clear","target":"generic-field-97245","value":{"value":""}}]}]},{"field":"kontakt/us._av_vulva/uspesifisert_hendelse/vurdering_av_funn","conditions":[{"operator":"equals","value":{"code":"Y01"},"actions":[{"action":"show","target":"kontakt/us._av_vulva/uspesifisert_hendelse/beskrivelse","value":{"value":""}},{"action":"set","target":"kontakt/us._av_vulva/uspesifisert_hendelse/beskrivelse","value":{"value":"Upåfallende hud og slimhinne uten eksanthem, erosjoner/sår, fissurer, vesikler eller kondylomer."}},{"action":"hide","target":"generic-field-97245","value":{"value":""}},{"action":"clear","target":"generic-field-97245","value":{"value":""}}]},{"operator":"equals","value":{"code":"Y02"},"actions":[{"action":"show","target":"kontakt/us._av_vulva/uspesifisert_hendelse/beskrivelse","value":{"value":"Upåfallende hud og slimhinne uten eksanthem, erosjoner/sår, fissurer, vesikler eller kondylomer."}},{"action":"clear","target":"kontakt/us._av_vulva/uspesifisert_hendelse/beskrivelse","value":{"value":"Upåfallende hud og slimhinne uten eksanthem, erosjoner/sår, fissurer, vesikler eller kondylomer."}},{"action":"show","target":"generic-field-97245","value":{"value":""}}]},{"operator":"empty","value":null,"actions":[{"action":"hide","target":"kontakt/us._av_vulva/uspesifisert_hendelse/beskrivelse","value":{"value":"Upåfallende hud og slimhinne uten eksanthem, erosjoner/sår, fissurer, vesikler eller kondylomer."}},{"action":"clear","target":"kontakt/us._av_vulva/uspesifisert_hendelse/beskrivelse","value":{"value":"Upåfallende hud og slimhinne uten eksanthem, erosjoner/sår, fissurer, vesikler eller kondylomer."}},{"action":"hide","target":"generic-field-97245","value":{"value":""}},{"action":"clear","target":"generic-field-97245","value":{"value":""}}]}]}]