{"formId":"form_root","name":"Form root","rmType":"FORM_DEFINITION","viewConfig":{"label":{"custom":false,"value":"","useLocalizations":false,"localizationsList":{}},"size":{"field":"inherit","label":"inherit","fill":"inherit"},"layout":{"label":{"valign":"inherit","align":"top"},"field":{"valign":"inherit","align":"inherit"}},"tags":[],"annotations":{"#US":"openEHR-EHR-ADMIN_ENTRY.hv_geriatri_pasliste_undersokelser.v0?scope=episodeofcare"}},"templateLanguages":["nb"],"children":[{"name":"Hv geriatri pasliste undersokelser","localizedName":"Hv geriatri pasliste undersokelser","rmType":"ADMIN_ENTRY","nodeId":"openEHR-EHR-ADMIN_ENTRY.hv_geriatri_pasliste_undersokelser.v0","min":0,"max":-1,"localizedNames":{"nb":"Hv geriatri pasliste undersokelser"},"localizedDescriptions":{"nb":"unknown"},"aqlPath":"/content[openEHR-EHR-ADMIN_ENTRY.hv_geriatri_pasliste_undersokelser.v0]","children":[{"name":"Bildediagnostikk:","localizedName":"Bildediagnostikk:","rmType":"DV_CODED_TEXT","nodeId":"at0002","min":0,"max":-1,"localizedNames":{"nb":"Bildediagnostikk:"},"localizedDescriptions":{"nb":"Angi bildediagnostikk som pasienten venter på"},"aqlPath":"/content[openEHR-EHR-ADMIN_ENTRY.hv_geriatri_pasliste_undersokelser.v0]/data[at0001]/items[at0002]/value","inputs":[{"suffix":"code","type":"CODED_TEXT","list":[{"value":"at0004","label":"RG","localizedLabels":{"nb":"RG"},"localizedDescriptions":{"nb":"Konvensjonell flatrøntgen"}},{"value":"at0005","label":"MR","localizedLabels":{"nb":"MR"},"localizedDescriptions":{"nb":"Magnetresonanstomografi"}},{"value":"at0006","label":"CT","localizedLabels":{"nb":"CT"},"localizedDescriptions":{"nb":"Computertomografi"}},{"value":"at0007","label":"UL","localizedLabels":{"nb":"UL"},"localizedDescriptions":{"nb":"Ultralyd"}}]}],"formId":"hv_geriatri_pasliste_undersokelser/hv_geriatri_pasliste_undersokelser/bildediagnostikk","viewConfig":{"annotations":{"select":"{#US:/data[at0001]/items[at0002]/value}"}},"defaultValue":{"code":""}},{"name":"Annet:","localizedName":"Annet:","rmType":"DV_TEXT","nodeId":"at0003","min":0,"max":1,"localizedNames":{"nb":"Annet:"},"localizedDescriptions":{"nb":"*"},"aqlPath":"/content[openEHR-EHR-ADMIN_ENTRY.hv_geriatri_pasliste_undersokelser.v0]/data[at0001]/items[at0003]/value","inputs":[{"type":"TEXT"}],"formId":"hv_geriatri_pasliste_undersokelser/hv_geriatri_pasliste_undersokelser/annet","viewConfig":{"annotations":{"select":"{#US:/data[at0001]/items[at0003]/value}"}},"defaultValue":{"value":""}}],"fid":"hv_geriatri_pasliste_undersokelser/hv_geriatri_pasliste_undersokelser","formId":"hv_geriatri_pasliste_undersokelser/hv_geriatri_pasliste_undersokelser","viewConfig":{"label":{"custom":true,"value":"Undersøkelser","useLocalizations":false,"localizationsList":{}},"advanced":{"hidden":false,"readonly":false,"render":false},"multiplicity":{"min":"0","max":"1"},"size":{"field":"inherit","label":"inherit","fill":"inherit"},"layout":{"label":{"valign":"inherit","align":"inherit"},"field":{"valign":"inherit","align":"inherit"}},"tags":[],"field":{}}}]}