{"name":"Form root","localizedNames":{},"localizedDescriptions":{},"rmType":"FORM_DEFINITION","min":0,"max":0,"formId":"form_root","viewConfig":{"label":{"custom":false,"useLocalizations":false},"size":{"field":"inherit","label":"inherit"},"layout":{"label":{"valign":"inherit","align":"top"},"field":{"valign":"inherit","align":"inherit"}},"annotations":{"reuseComposition":"SELECT c FROM COMPOSITION c[openEHR-EHR-COMPOSITION.hv_tm_svk_dips.v1] order by c/context/start_time/value desc fetch 1?scope=periodofcare"}},"children":[{"name":"Status SVK","localizedName":"Status SVK","localizedNames":{"en":"*Status SVK (nb)","nb":"Status SVK"},"localizedDescriptions":{"nb":"Status på sentralvenekatetet","en":"*Status på sentralvenekatetet (nb)"},"rmType":"DV_CODED_TEXT","nodeId":"at0004","min":0,"max":1,"aqlPath":"/content[openEHR-EHR-OBSERVATION.hv_tm_svk_dips.v1]/data[at0001]/events[at0002]/data[at0003]/items[at0004]/value","inputs":[{"suffix":"code","type":"CODED_TEXT","list":[{"value":"at0006","label":"Ja","ordinal":0,"localizedLabels":{"nb":"Ja","en":"*Ja (nb)"},"localizedDescriptions":{"nb":"Sentralvenekateter er innlagt","en":"*Sentralvenekateter er innlagt (nb)"}},{"value":"at0007","label":"Nei","ordinal":0,"localizedLabels":{"nb":"Nei","en":"*Nei (nb)"},"localizedDescriptions":{"nb":"Pasienten har ikke sentralvenekateter","en":"*Pasienten har ikke sentralvenekateter (nb)"}},{"value":"at0008","label":"Fjernet","ordinal":0,"localizedLabels":{"nb":"Fjernet","en":"*Fjernet (nb)"},"localizedDescriptions":{"nb":"Sentralvenekateter er fjernet","en":"*Sentralvenekateter er fjernet (nb)"}}],"listOpen":false}],"formId":"hv_tm_svk_dips/hv_tm_svk_dips/any_event/status_svk","viewConfig":{"multiplicity":{"min":0,"max":1},"advanced":{"hidden":false,"readonly":false,"hideFrame":false,"render":false},"label":{"custom":false,"useLocalizations":false},"size":{"field":"inherit","label":"inherit"},"layout":{"label":{"valign":"inherit","align":"inherit"},"field":{"valign":"inherit","align":"inherit"}},"annotations":{"nullflavour":"271"},"field":{"code":{"presentation":"combobox","columns":"3"}}}},{"name":"SVK Lagt inn dato","localizedName":"SVK Lagt inn dato","localizedNames":{"en":"*SVK Lagt inn dato (nb)","nb":"SVK Lagt inn dato"},"localizedDescriptions":{"nb":"Angi dato for når SVK ble lagt inn.","en":"*Angi dato for når SVK ble lagt inn. (nb)"},"rmType":"DV_DATE","nodeId":"at0005","min":0,"max":1,"aqlPath":"/content[openEHR-EHR-OBSERVATION.hv_tm_svk_dips.v1]/data[at0001]/events[at0002]/data[at0003]/items[at0005]/value","inputs":[{"type":"DATE","listOpen":false}],"formId":"hv_tm_svk_dips/hv_tm_svk_dips/any_event/svk_lagt_inn_dato","viewConfig":{"multiplicity":{"min":0,"max":1},"advanced":{"hidden":false,"readonly":false,"hideFrame":false,"render":false},"label":{"custom":false,"useLocalizations":false},"size":{"field":"inherit","label":"inherit"},"layout":{"label":{"valign":"inherit","align":"inherit"},"field":{"valign":"inherit","align":"inherit"}},"annotations":{"nullflavour":"271"},"field":{"input":{"hideTime":false,"dateFormat":"","hideDate":false}}}},{"name":"SVK type","localizedName":"SVK type","localizedNames":{"en":"*SVK type (nb)","nb":"SVK type"},"localizedDescriptions":{"nb":"SVK type","en":"*SVK type (nb)"},"rmType":"DV_CODED_TEXT","nodeId":"at0012","min":0,"max":1,"aqlPath":"/content[openEHR-EHR-OBSERVATION.hv_tm_svk_dips.v1]/data[at0001]/events[at0002]/data[at0003]/items[at0012]/value","inputs":[{"suffix":"code","type":"CODED_TEXT","list":[{"value":"at0013","label":"SVK","ordinal":0,"localizedLabels":{"nb":"SVK","en":"*SVK (nb)"},"localizedDescriptions":{"nb":"Sentralvenekateter","en":"*Sentralvenekateter (nb)"}},{"value":"at0014","label":"VAP","ordinal":0,"localizedLabels":{"nb":"VAP","en":"*VAP (nb)"},"localizedDescriptions":{"nb":"VAP","en":"*VAP (nb)"}},{"value":"at0015","label":"Hickman","ordinal":0,"localizedLabels":{"nb":"Hickman","en":"*Hickman (nb)"},"localizedDescriptions":{"nb":"Hickman","en":"*Hickman (nb)"}}],"listOpen":false}],"formId":"hv_tm_svk_dips/hv_tm_svk_dips/any_event/svk_type","viewConfig":{"multiplicity":{"min":0,"max":1},"advanced":{"hidden":false,"readonly":false,"hideFrame":false,"render":false},"label":{"custom":false,"useLocalizations":false},"size":{"field":"inherit","label":"inherit"},"layout":{"label":{"valign":"inherit","align":"inherit"},"field":{"valign":"inherit","align":"inherit"}},"annotations":{"nullflavour":"271"},"field":{"code":{"presentation":"combobox","columns":"3"}}}}]}