{"formId":"form_root","name":"Form root","rmType":"FORM_DEFINITION","viewConfig":{"label":{"custom":false,"value":"","useLocalizations":false,"localizationsList":{}},"size":{"field":"inherit","label":"inherit","fill":"inherit"},"layout":{"label":{"valign":"inherit","align":"top"},"field":{"valign":"inherit","align":"inherit"}},"tags":[],"annotations":{"reuseComposition":"select c from composition c contains admin_entry e[openEHR-EHR-ADMIN_ENTRY.hv_geriatri_pasliste_undersokelser.v0] where c/archetype_details/template_id/value = 'hv geriatri pasliste undersøkelser V2' order by c/context/start_time/value desc fetch 1?scope=episodeofcare"}},"language":"nb","templateLanguages":["nb"],"children":[{"name":"Annet:","localizedName":"Annet:","rmType":"DV_TEXT","nodeId":"at0003","min":0,"max":1,"localizedNames":{"nb":"Annet:"},"localizedDescriptions":{"nb":"*"},"aqlPath":"/content[openEHR-EHR-ADMIN_ENTRY.hv_geriatri_pasliste_undersokelser.v0]/data[at0001]/items[at0003]/value","inputs":[{"type":"TEXT"}],"formId":"hv_geriatri_pasliste_undersokelser/hv_geriatri_pasliste_undersokelser/annet","viewConfig":{"annotations":{"select":"{#US:/data[at0001]/items[at0003]/value}"},"label":{"custom":true,"value":"Registrer undersøkelser:","useLocalizations":true,"localizationsList":{"nb":"Registrer undersøkelser:"}},"advanced":{"hidden":false,"readonly":false},"multiplicity":{"min":"0","max":"1"},"size":{"field":"inherit","label":"inherit","fill":"inherit"},"layout":{"label":{"valign":"inherit","align":"inherit"},"field":{"valign":"inherit","align":"inherit"}},"tags":[],"datasource":{"loadRemote":false,"loadRemoteUrl":"","terminology":""},"field":{"input":{"presentation":"textfield"}}},"defaultValue":{"value":""},"fid":"hv_geriatri_pasliste_undersokelser/hv_geriatri_pasliste_undersokelser/annet"}]}