[{"field":"klinisk_kontakt/respirasjon@Respirasjon/respirasjon@Respirasjon/underlag","conditions":[{"operator":"notempty","actions":[{"action":"set","target":"klinisk_kontakt/respirasjon@Respirasjon/respirasjon@Respirasjon/respirasjonssykdommer@Respirasjonssykdommer","value":{"code":"50043002"}}]},{"operator":"empty","actions":[{"action":"reset","target":"klinisk_kontakt/respirasjon@Respirasjon/respirasjon@Respirasjon/respirasjonssykdommer@Respirasjonssykdommer"}]}]},{"field":"klinisk_kontakt/sirkulasjon@Sirkulasjon/sirkulasjon@Sirkulasjon/underlag","conditions":[{"operator":"notempty","actions":[{"action":"set","target":"klinisk_kontakt/sirkulasjon@Sirkulasjon/sirkulasjon@Sirkulasjon/sirkulasjonssykdommer@Sirkulasjonssykdommer","value":{"code":"49601007"}}]},{"operator":"empty","actions":[{"action":"reset","target":"klinisk_kontakt/sirkulasjon@Sirkulasjon/sirkulasjon@Sirkulasjon/sirkulasjonssykdommer@Sirkulasjonssykdommer"}]}]},{"field":"klinisk_kontakt/faste_medisiner@Faste medisiner/faste_medisiner@Faste medisiner/bruker_faste_medisiner@Bruker faste medisiner","conditions":[{"operator":"equals","value":{"value":"Ja"},"actions":[{"action":"show","target":"generic-field-31770"},{"action":"setOccurrences","target":"klinisk_kontakt/faste_medisiner@Faste medisiner/faste_medisiner@Faste medisiner/faste_medisiner@Faste medisiner","value":{"value":"1..1"}},{"action":"enable","target":"generic-field-31770"}]},{"operator":"equals","value":{"value":"Nei"},"actions":[{"action":"disable","target":"generic-field-31770"},{"action":"clear","target":"klinisk_kontakt/faste_medisiner@Faste medisiner/faste_medisiner@Faste medisiner/faste_medisiner@Faste medisiner"},{"action":"setOccurrences","target":"klinisk_kontakt/faste_medisiner@Faste medisiner/faste_medisiner@Faste medisiner/faste_medisiner@Faste medisiner","value":{"value":"0..1"}},{"action":"hide","target":"generic-field-31770"}]}]},{"field":"klinisk_kontakt/ingen_kjente_sykdommer@Ingen kjente sykdommer/overordnet_eksklusjonsutsagn@Overordnet eksklusjon av problemer/diagnoser","conditions":[{"operator":"notempty","actions":[{"action":"hide","target":"generic-field-04094"},{"action":"clear","target":"generic-field-04094"}]},{"operator":"empty","actions":[{"action":"show","target":"generic-field-04094"}]}]},{"field":"klinisk_kontakt/andre_sykdommer@Andre sykdommer/andre_sykdommer@Andre sykdommer/underlag","conditions":[{"operator":"notempty","actions":[{"action":"set","target":"klinisk_kontakt/andre_sykdommer@Andre sykdommer/andre_sykdommer@Andre sykdommer/andre_sykdommer@Andre sykdommer","value":{"code":"64572001"}}]},{"operator":"empty","actions":[{"action":"reset","target":"klinisk_kontakt/andre_sykdommer@Andre sykdommer/andre_sykdommer@Andre sykdommer/andre_sykdommer@Andre sykdommer"}]}]},{"field":"klinisk_kontakt/sirkulasjon@Sirkulasjon/hjertesvikt_klassifisering@Hjertesvikt klassifisering/hjertesvikt@Hjertesvikt","conditions":[{"operator":"notempty","actions":[{"action":"setOccurrences","target":"klinisk_kontakt/sirkulasjon@Sirkulasjon/hjertesvikt_klassifisering@Hjertesvikt klassifisering/nyha_klassifikasjon_av_hjertesvikt/funksjonell_kapasitet","value":{"value":"1..1"}},{"action":"setOccurrences","target":"klinisk_kontakt/sirkulasjon@Sirkulasjon/hjertesvikt_klassifisering@Hjertesvikt klassifisering/nyha_klassifikasjon_av_hjertesvikt/objektiv_vurdering","value":{"value":"1..1"}}]},{"operator":"empty","actions":[{"action":"setOccurrences","target":"klinisk_kontakt/sirkulasjon@Sirkulasjon/hjertesvikt_klassifisering@Hjertesvikt klassifisering/nyha_klassifikasjon_av_hjertesvikt/funksjonell_kapasitet","value":{"value":"0..1"}},{"action":"setOccurrences","target":"klinisk_kontakt/sirkulasjon@Sirkulasjon/hjertesvikt_klassifisering@Hjertesvikt klassifisering/nyha_klassifikasjon_av_hjertesvikt/objektiv_vurdering","value":{"value":"0..1"}},{"action":"clear","target":"klinisk_kontakt/sirkulasjon@Sirkulasjon/hjertesvikt_klassifisering@Hjertesvikt klassifisering/nyha_klassifikasjon_av_hjertesvikt/funksjonell_kapasitet"},{"action":"clear","target":"klinisk_kontakt/sirkulasjon@Sirkulasjon/hjertesvikt_klassifisering@Hjertesvikt klassifisering/nyha_klassifikasjon_av_hjertesvikt/objektiv_vurdering"}]}]},{"field":"klinisk_kontakt/sirkulasjon@Sirkulasjon/ingen_sirkulasjonssykdommer@Ingen sirkulasjonssykdommer/ingen_kjente_sirkulasjonssykdommer@Ingen kjente sirkulasjonssykdommer","conditions":[{"operator":"equals","value":{"code":"160254003"},"actions":[{"action":"set","target":"klinisk_kontakt/sirkulasjon@Sirkulasjon/ingen_sirkulasjonssykdommer@Ingen sirkulasjonssykdommer/ekskludert_konsept@Problem/diagnose","value":{"code":"49601007"}},{"action":"disable","target":"klinisk_kontakt/sirkulasjon@Sirkulasjon/sirkulasjon@Sirkulasjon"},{"action":"hide","target":"klinisk_kontakt/sirkulasjon@Sirkulasjon/sirkulasjon@Sirkulasjon"},{"action":"disable","target":"klinisk_kontakt/sirkulasjon@Sirkulasjon/hjertesvikt_klassifisering@Hjertesvikt klassifisering"},{"action":"hide","target":"klinisk_kontakt/sirkulasjon@Sirkulasjon/hjertesvikt_klassifisering@Hjertesvikt klassifisering"},{"action":"clear","target":"klinisk_kontakt/sirkulasjon@Sirkulasjon/hjertesvikt_klassifisering@Hjertesvikt klassifisering"}]},{"operator":"notequals","value":{"code":"160254003"},"actions":[{"action":"enable","target":"klinisk_kontakt/sirkulasjon@Sirkulasjon/sirkulasjon@Sirkulasjon"},{"action":"show","target":"klinisk_kontakt/sirkulasjon@Sirkulasjon/sirkulasjon@Sirkulasjon"},{"action":"enable","target":"klinisk_kontakt/sirkulasjon@Sirkulasjon/hjertesvikt_klassifisering@Hjertesvikt klassifisering"},{"action":"show","target":"klinisk_kontakt/sirkulasjon@Sirkulasjon/hjertesvikt_klassifisering@Hjertesvikt klassifisering"}]}]},{"field":"klinisk_kontakt/respirasjon@Respirasjon/ingen_respirasjonssykdommer@Ingen respirasjonssykdommer/ingen_kjente_respirasjonssykdommer@Ingen kjente respirasjonssykdommer","conditions":[{"operator":"equals","value":{"code":"160258000"},"actions":[{"action":"set","target":"klinisk_kontakt/respirasjon@Respirasjon/ingen_respirasjonssykdommer@Ingen respirasjonssykdommer/ekskludert_konsept@Problem/diagnose","value":{"code":"50043002"}},{"action":"disable","target":"klinisk_kontakt/respirasjon@Respirasjon/respirasjon@Respirasjon"},{"action":"hide","target":"klinisk_kontakt/respirasjon@Respirasjon/respirasjon@Respirasjon"},{"action":"clear","target":"klinisk_kontakt/respirasjon@Respirasjon/respirasjon@Respirasjon"}]},{"operator":"notequals","value":{"code":"160258000"},"actions":[{"action":"clear","target":"klinisk_kontakt/respirasjon@Respirasjon/ingen_respirasjonssykdommer@Ingen respirasjonssykdommer/ekskludert_konsept@Problem/diagnose"},{"action":"enable","target":"klinisk_kontakt/respirasjon@Respirasjon/respirasjon@Respirasjon"},{"action":"show","target":"klinisk_kontakt/respirasjon@Respirasjon/respirasjon@Respirasjon"}]}]},{"field":"klinisk_kontakt/andre_sykdommer@Andre sykdommer/ingen_andre_sykdommer@Ingen andre sykdommer/ingen_andre_kjente_sykdommer@Ingen andre kjente sykdommer","conditions":[{"operator":"equals","value":{"value":"Ingen andre kjente sykdommer"},"actions":[{"action":"disable","target":"klinisk_kontakt/andre_sykdommer@Andre sykdommer/andre_sykdommer@Andre sykdommer"},{"action":"set","target":"klinisk_kontakt/andre_sykdommer@Andre sykdommer/ingen_andre_sykdommer@Ingen andre sykdommer/ekskludert_konsept@Problem/diagnose","value":{"code":"64572001"}},{"action":"hide","target":"klinisk_kontakt/andre_sykdommer@Andre sykdommer/andre_sykdommer@Andre sykdommer"}]},{"operator":"notequals","value":{"value":"Ingen andre kjente sykdommer"},"actions":[{"action":"enable","target":"klinisk_kontakt/andre_sykdommer@Andre sykdommer/andre_sykdommer@Andre sykdommer"},{"action":"clear","target":"klinisk_kontakt/andre_sykdommer@Andre sykdommer/ingen_andre_sykdommer@Ingen andre sykdommer/ekskludert_konsept@Problem/diagnose"},{"action":"show","target":"klinisk_kontakt/andre_sykdommer@Andre sykdommer/andre_sykdommer@Andre sykdommer"}]}]},{"field":"klinisk_kontakt/sirkulasjon@Sirkulasjon/hjertesvikt_klassifisering@Hjertesvikt klassifisering/hjertesvikt@Hjertesvikt","conditions":[{"operator":"equals","value":{"code":"84114007"},"actions":[{"action":"show","target":"klinisk_kontakt/sirkulasjon@Sirkulasjon/hjertesvikt_klassifisering@Hjertesvikt klassifisering/nyha_klassifikasjon_av_hjertesvikt"}]},{"operator":"notequals","value":{"code":"84114007"},"actions":[{"action":"hide","target":"klinisk_kontakt/sirkulasjon@Sirkulasjon/hjertesvikt_klassifisering@Hjertesvikt klassifisering/nyha_klassifikasjon_av_hjertesvikt"},{"action":"clear","target":"klinisk_kontakt/sirkulasjon@Sirkulasjon/hjertesvikt_klassifisering@Hjertesvikt klassifisering/nyha_klassifikasjon_av_hjertesvikt"}]}]},{"field":"generic-field-36928","conditions":[{"operator":"notempty","actions":[{"action":"hide","target":"klinisk_kontakt/sirkulasjon@Sirkulasjon/ingen_sirkulasjonssykdommer@Ingen sirkulasjonssykdommer/ingen_kjente_sirkulasjonssykdommer@Ingen kjente sirkulasjonssykdommer"},{"action":"clear","target":"klinisk_kontakt/sirkulasjon@Sirkulasjon/ingen_sirkulasjonssykdommer@Ingen sirkulasjonssykdommer/ingen_kjente_sirkulasjonssykdommer@Ingen kjente sirkulasjonssykdommer"},{"action":"show","target":"generic-field-76462"}]},{"operator":"empty","actions":[{"action":"show","target":"klinisk_kontakt/sirkulasjon@Sirkulasjon/ingen_sirkulasjonssykdommer@Ingen sirkulasjonssykdommer/ingen_kjente_sirkulasjonssykdommer@Ingen kjente sirkulasjonssykdommer"},{"action":"hide","target":"generic-field-76462"}]}]},{"field":"generic-field-89348","conditions":[{"operator":"notempty","actions":[{"action":"hide","target":"klinisk_kontakt/respirasjon@Respirasjon/ingen_respirasjonssykdommer@Ingen respirasjonssykdommer/ingen_kjente_respirasjonssykdommer@Ingen kjente respirasjonssykdommer"},{"action":"clear","target":"klinisk_kontakt/respirasjon@Respirasjon/ingen_respirasjonssykdommer@Ingen respirasjonssykdommer/ingen_kjente_respirasjonssykdommer@Ingen kjente respirasjonssykdommer"},{"action":"show","target":"generic-field-44031"}]},{"operator":"empty","actions":[{"action":"show","target":"klinisk_kontakt/respirasjon@Respirasjon/ingen_respirasjonssykdommer@Ingen respirasjonssykdommer/ingen_kjente_respirasjonssykdommer@Ingen kjente respirasjonssykdommer"},{"action":"hide","target":"generic-field-44031"}]}]},{"field":"generic-field-01494","conditions":[{"operator":"notempty","actions":[{"action":"hide","target":"klinisk_kontakt/andre_sykdommer@Andre sykdommer/ingen_andre_sykdommer@Ingen andre sykdommer/ingen_andre_kjente_sykdommer@Ingen andre kjente sykdommer"},{"action":"clear","target":"klinisk_kontakt/andre_sykdommer@Andre sykdommer/ingen_andre_sykdommer@Ingen andre sykdommer/ingen_andre_kjente_sykdommer@Ingen andre kjente sykdommer"},{"action":"show","target":"generic-field-07527"}]},{"operator":"empty","actions":[{"action":"show","target":"klinisk_kontakt/andre_sykdommer@Andre sykdommer/ingen_andre_sykdommer@Ingen andre sykdommer/ingen_andre_kjente_sykdommer@Ingen andre kjente sykdommer"},{"action":"hide","target":"generic-field-07527"}]}]}]