[{"field":"hv_fallrisikovurdering/fallrisiko/innledende_risikovurdering_for_fall/alder_over_65_år","conditions":[{"operator":"is","value":{"value":true},"actions":[{"action":"show","target":"generic-field-48911","value":{"value":""}},{"action":"hide","target":"generic-field-32347","value":{"value":""}}]},{"operator":"is","value":{"value":false},"actions":[{"action":"show","target":"generic-field-32347","value":{"value":""}},{"action":"hide","target":"generic-field-48911","value":{"value":""}}]}]},{"field":"generic-field-83739","conditions":[{"operator":"gt","value":{"value":"0"},"actions":[{"action":"show","target":"generic-field-12236","value":{"value":""}}]},{"operator":"eq","value":{"value":"0"},"actions":[{"action":"hide","target":"generic-field-12236","value":{"value":""}}]}]},{"field":"hv_fallrisikovurdering/fallrisiko/innledende_risikovurdering_for_fall/sykdommer_og_tilstander_som_medfører_økt_risiko_for_fall_kryss_av_for_aktuelle/ikke_aktuelt","conditions":[{"operator":"is","value":{"value":false},"actions":[{"action":"hide","target":"hv_fallrisikovurdering/fallrisiko/innledende_risikovurdering_for_fall/sykdommer_og_tilstander_som_medfører_økt_risiko_for_fall_kryss_av_for_aktuelle/merknad","value":{"value":""}},{"action":"clear","target":"hv_fallrisikovurdering/fallrisiko/innledende_risikovurdering_for_fall/sykdommer_og_tilstander_som_medfører_økt_risiko_for_fall_kryss_av_for_aktuelle/merknad","value":{"value":""}}]},{"operator":"is","value":{"value":true},"actions":[{"action":"show","target":"hv_fallrisikovurdering/fallrisiko/innledende_risikovurdering_for_fall/sykdommer_og_tilstander_som_medfører_økt_risiko_for_fall_kryss_av_for_aktuelle/merknad","value":{"value":""}}]}]},{"field":"generic-field-81457","conditions":[{"operator":"gt","value":{"value":"0"},"actions":[{"action":"set","target":"hv_fallrisikovurdering/stratify_vurderingsverktøy_for_fallrisiko/uspesifisert_hendelse/total_sum_av_mobililtet_og_forflytning_mellom_seng_og_stol_fra_barthel_adl-indeks","value":{"value":"at0020"}}]},{"operator":"gt","value":{"value":"2"},"actions":[{"action":"set","target":"hv_fallrisikovurdering/stratify_vurderingsverktøy_for_fallrisiko/uspesifisert_hendelse/total_sum_av_mobililtet_og_forflytning_mellom_seng_og_stol_fra_barthel_adl-indeks","value":{"value":"at0021"}}]},{"operator":"gt","value":{"value":"4"},"actions":[{"action":"set","target":"hv_fallrisikovurdering/stratify_vurderingsverktøy_for_fallrisiko/uspesifisert_hendelse/total_sum_av_mobililtet_og_forflytning_mellom_seng_og_stol_fra_barthel_adl-indeks","value":{"value":"at0020"}}]},{"operator":"empty","value":null,"actions":[{"action":"clear","target":"hv_fallrisikovurdering/stratify_vurderingsverktøy_for_fallrisiko/uspesifisert_hendelse/total_sum_av_mobililtet_og_forflytning_mellom_seng_og_stol_fra_barthel_adl-indeks","value":{"value":"at0020"}}]},{"operator":"eq","value":{"value":"0"},"actions":[{"action":"set","target":"hv_fallrisikovurdering/stratify_vurderingsverktøy_for_fallrisiko/uspesifisert_hendelse/total_sum_av_mobililtet_og_forflytning_mellom_seng_og_stol_fra_barthel_adl-indeks","value":{"value":"at0020"}}]}]},{"field":"hv_fallrisikovurdering/fallrisiko/innledende_risikovurdering_for_fall/alder_skjult","conditions":[{"operator":"ge","value":{"value":66},"actions":[{"action":"set","target":"hv_fallrisikovurdering/fallrisiko/innledende_risikovurdering_for_fall/alder_over_65_år","value":{"value":true}}]},{"operator":"le","value":{"value":65},"actions":[{"action":"set","target":"hv_fallrisikovurdering/fallrisiko/innledende_risikovurdering_for_fall/alder_over_65_år","value":{"value":false}}]}]},{"field":"hv_fallrisikovurdering/hv_ps_fall/fallrisiko","conditions":[{"operator":"empty","value":null,"actions":[{"action":"clear","target":"hv_fallrisikovurdering/hv_ps_fall/fall_tall","value":{"code":""}}]},{"operator":"equals","value":{"code":"at0008"},"actions":[{"action":"set","target":"hv_fallrisikovurdering/hv_ps_fall/fall_tall","value":{"code":"at0004"}}]},{"operator":"equals","value":{"code":"at0009"},"actions":[{"action":"set","target":"hv_fallrisikovurdering/hv_ps_fall/fall_tall","value":{"code":"at0005"}}]},{"operator":"equals","value":{"code":"at0010"},"actions":[{"action":"set","target":"hv_fallrisikovurdering/hv_ps_fall/fall_tall","value":{"code":"at0006"}}]},{"operator":"equals","value":{"code":"at0011"},"actions":[{"action":"set","target":"hv_fallrisikovurdering/hv_ps_fall/fall_tall","value":{"code":"at0007"}}]}]}]