[{"col":1,"row":1,"width":12,"height":16,"children":[{"id":"henvisning_til_fysio/henvisning_til_fysioterapi","rows":[{"cols":[{"width":"100%","children":[{"id":"henvisning_til_fysio/henvisning_til_fysioterapi/a2_diagnose_og_funn","rows":[{"cols":[{"width":"50%","children":[{"id":"henvisning_til_fysio/problem_diagnose/problem_diagnosenavn"}]},{"width":"50%","children":[{"id":"henvisning_til_fysio/henvisning_til_fysioterapi/a2_diagnose_og_funn/hvis_operasjon_oppgi_dato_for_denne"}]}]},{"cols":[{"width":"100%","children":[{"id":"henvisning_til_fysio/henvisning_til_fysioterapi/a2_diagnose_og_funn/viktige_funn_lokalisasjon_røntgenfunn_laboratorieundersøkelser_andre_undersøkelser"}]}]}]},{"id":"henvisning_til_fysio/henvisning_til_fysioterapi/a3_henvisning_til","rows":[{"cols":[{"width":"100%","children":[{"id":"henvisning_til_fysio/henvisning_til_fysioterapi/a3_henvisning_til/fysioterapi"},{"id":"henvisning_til_fysio/henvisning_til_fysioterapi/a3_henvisning_til/fysioterapi_ved_godkjente_behanlingssteder_i_utlandet"},{"id":"henvisning_til_fysio/henvisning_til_fysioterapi/a3_henvisning_til/terapiridning"}]}]},{"cols":[{"width":"100%","children":[{"id":"henvisning_til_fysio/henvisning_til_fysioterapi/a3_henvisning_til/pasienten_må_behandles_i_hjemmet"}]}]}]}]}]}]}]}]