{"formId":"form_root","name":"Form root","rmType":"FORM_DEFINITION","viewConfig":{"label":{"custom":false,"value":"","useLocalizations":false,"localizationsList":{}},"size":{"field":"inherit","label":"inherit","fill":"inherit"},"layout":{"label":{"valign":"inherit","align":"inherit"},"field":{"valign":"inherit","align":"inherit"}},"tags":[],"annotations":{"reuseComposition":"select c from composition c contains observation e[openEHR-EHR-OBSERVATION.info_mote_status.v0] where c/archetype_details/template_id/value = 'HV INFO mote status' order by c/context/start_time/value desc fetch 1?scope=periodofcare"}},"language":"","templateLanguages":["nb"],"children":[{"name":"Info-møte status","localizedName":"Info-møte status","rmType":"DV_CODED_TEXT","nodeId":"at0004","min":0,"max":1,"localizedNames":{"nb":"Info-møte status"},"localizedDescriptions":{"nb":"*"},"aqlPath":"/content[openEHR-EHR-OBSERVATION.info_mote_status.v0]/data[at0001]/events[at0002]/data[at0003]/items[at0004]/value","inputs":[{"suffix":"code","type":"CODED_TEXT","list":[{"value":"at0006","label":"Ikke planlagt","localizedLabels":{"nb":"Ikke planlagt"},"localizedDescriptions":{"nb":"Info-møte ikke planlagt"}},{"value":"at0007","label":"Planlagt","localizedLabels":{"nb":"Planlagt"},"localizedDescriptions":{"nb":"Info-møte planlagt"}},{"value":"at0008","label":"Utført","localizedLabels":{"nb":"Utført"},"localizedDescriptions":{"nb":"Info-møte utført"}}]}],"fid":"info_møte/info_møte/info-møte_status","formId":"info_møte/info_møte/info-møte_status","defaultValue":{"code":""},"viewConfig":{"annotations":{"select":"{#info:/data[at0001]/events[at0002]/data[at0003]/items[at0004]/value}"},"size":{"field":"inherit","label":"inherit","fill":"inherit"},"layout":{"label":{"valign":"inherit","align":"top"},"field":{"valign":"inherit","align":"inherit"}},"datasource":{"loadRemote":false,"loadRemoteUrl":"","terminology":""},"label":{"custom":true,"value":"Visitt?","useLocalizations":true,"localizationsList":{"nb":"Angi status for informasjonsmøte"}},"advanced":{"hidden":false,"readonly":false},"multiplicity":{"min":"0","max":"1"},"tags":[],"field":{"code":{"presentation":"combobox"}}}}]}