[{"field":"vte_screening/screening_for_tromboserisiko/any_event/innledende_screening/type_pasient","conditions":[{"operator":"equals","value":{"code":"at0096"},"actions":[{"action":"hide","target":"vte_screening/screening_for_tromboserisiko/any_event/tromsboserisiko/pasientrelatert"},{"action":"clear","target":"vte_screening/screening_for_tromboserisiko/any_event/tromsboserisiko/pasientrelatert"},{"action":"hide","target":"vte_screening/screening_for_tromboserisiko/any_event/tromsboserisiko/innleggelsesrelatert"},{"action":"clear","target":"vte_screening/screening_for_tromboserisiko/any_event/tromsboserisiko/innleggelsesrelatert"},{"action":"hide","target":"vte_screening/screening_for_tromboserisiko/any_event/blødningsrisiko/pasientrelatert"},{"action":"clear","target":"vte_screening/screening_for_tromboserisiko/any_event/blødningsrisiko/pasientrelatert"},{"action":"hide","target":"vte_screening/screening_for_tromboserisiko/any_event/blødningsrisiko/innleggelsesrelatert"},{"action":"clear","target":"vte_screening/screening_for_tromboserisiko/any_event/blødningsrisiko/innleggelsesrelatert"}]},{"operator":"equals","value":{"code":"at0095"},"actions":[{"action":"show","target":"vte_screening/screening_for_tromboserisiko/any_event/tromsboserisiko/pasientrelatert"},{"action":"show","target":"vte_screening/screening_for_tromboserisiko/any_event/tromsboserisiko/innleggelsesrelatert"},{"action":"show","target":"vte_screening/screening_for_tromboserisiko/any_event/blødningsrisiko/pasientrelatert"},{"action":"show","target":"vte_screening/screening_for_tromboserisiko/any_event/blødningsrisiko/innleggelsesrelatert"}]},{"operator":"equals","value":{"code":"at0094"},"actions":[{"action":"show","target":"vte_screening/screening_for_tromboserisiko/any_event/tromsboserisiko/pasientrelatert"},{"action":"show","target":"vte_screening/screening_for_tromboserisiko/any_event/tromsboserisiko/innleggelsesrelatert"},{"action":"show","target":"vte_screening/screening_for_tromboserisiko/any_event/blødningsrisiko/pasientrelatert"},{"action":"show","target":"vte_screening/screening_for_tromboserisiko/any_event/blødningsrisiko/innleggelsesrelatert"}]},{"operator":"empty","actions":[{"action":"hide","target":"vte_screening/screening_for_tromboserisiko/any_event/tromsboserisiko/pasientrelatert"},{"action":"clear","target":"vte_screening/screening_for_tromboserisiko/any_event/tromsboserisiko/pasientrelatert"},{"action":"hide","target":"vte_screening/screening_for_tromboserisiko/any_event/tromsboserisiko/innleggelsesrelatert"},{"action":"clear","target":"vte_screening/screening_for_tromboserisiko/any_event/tromsboserisiko/innleggelsesrelatert"},{"action":"hide","target":"vte_screening/screening_for_tromboserisiko/any_event/blødningsrisiko/pasientrelatert"},{"action":"clear","target":"vte_screening/screening_for_tromboserisiko/any_event/blødningsrisiko/pasientrelatert"},{"action":"hide","target":"vte_screening/screening_for_tromboserisiko/any_event/blødningsrisiko/innleggelsesrelatert"},{"action":"clear","target":"vte_screening/screening_for_tromboserisiko/any_event/blødningsrisiko/innleggelsesrelatert"}]}]},{"field":"vte_screening/screening_for_tromboserisiko/any_event/tromsboserisiko/tromboserisiko","conditions":[{"operator":"is","value":{"value":"True"},"actions":[{"action":"set","target":"vte_screening/tromboserisiko@Tromboserisiko/tromboserisiko@Tromboserisiko","value":{"code":"427631000"}}]},{"operator":"isnot","value":{"value":"True"},"actions":[{"action":"clear","target":"vte_screening/tromboserisiko@Tromboserisiko/tromboserisiko@Tromboserisiko"}]}]},{"field":"vte_screening/screening_for_tromboserisiko/any_event/blødningsrisiko/blødningsrisiko","conditions":[{"operator":"is","value":{"value":"True"},"actions":[{"action":"set","target":"vte_screening/blødningsrisiko@Blødningsrisiko/blødningsrisiko@Blødningsrisiko","value":{"code":"711536002"}}]},{"operator":"isnot","value":{"value":"True"},"actions":[{"action":"clear","target":"vte_screening/blødningsrisiko@Blødningsrisiko/blødningsrisiko@Blødningsrisiko"}]}]}]