{"name":"Form root","localizedNames":{},"localizedDescriptions":{},"rmType":"FORM_DEFINITION","min":0,"max":0,"formId":"form_root","viewConfig":{"label":{"custom":false,"useLocalizations":false},"size":{"field":"inherit","label":"inherit"},"layout":{"label":{"valign":"inherit","align":"inherit"},"field":{"valign":"inherit","align":"inherit"}},"annotations":{"#tromboserisk":"select\r\n   o\r\nfrom\r\n   composition c\r\ncontains\r\n   OBSERVATION o[openEHR-EHR-OBSERVATION.vte_screening.v0]\r\norder by c/context/start_time DESC fetch 1?scope=episodeofcare"}},"children":[{"name":"Screening for tromboserisiko","localizedName":"Screening for tromboserisiko","localizedNames":{"en":"*Screening for tromboserisiko (nb)","nb":"Screening for tromboserisiko"},"localizedDescriptions":{"nb":"Vurdering av risiko for venøs tromboembolisme.","en":"*Vurdering av risiko for venøs tromboembolisme. (nb)"},"rmType":"OBSERVATION","nodeId":"openEHR-EHR-OBSERVATION.vte_screening.v0","min":1,"max":1,"aqlPath":"/content[openEHR-EHR-OBSERVATION.vte_screening.v0]","inputs":[],"formId":"vte_screening/screening_for_tromboserisiko","viewConfig":{"multiplicity":{"min":1,"max":1},"advanced":{"hidden":false,"readonly":false,"hideFrame":false,"render":false},"label":{"custom":false,"useLocalizations":false},"size":{"field":"inherit","label":"inherit"},"layout":{"label":{"valign":"inherit","align":"inherit"},"field":{"valign":"inherit","align":"inherit"}},"annotations":{"selectreadonly":"{#tromboserisk}"},"field":{}},"children":[{"name":"Any event","localizedName":"Any event","localizedNames":{"en":"*Any event (nb)","nb":"Any event"},"localizedDescriptions":{"nb":"*","en":"** (nb)"},"rmType":"EVENT","nodeId":"at0002","min":1,"max":1,"aqlPath":"/content[openEHR-EHR-OBSERVATION.vte_screening.v0]/data[at0001]/events[at0002]","inputs":[],"formId":"vte_screening/screening_for_tromboserisiko/any_event","viewConfig":{"multiplicity":{"min":1,"max":1},"advanced":{"hidden":false,"readonly":false,"hideFrame":false,"render":false},"label":{"custom":false,"useLocalizations":false},"size":{"field":"inherit","label":"-1"},"layout":{"label":{"valign":"inherit","align":"inherit"},"field":{"valign":"inherit","align":"inherit"}},"annotations":{},"tags":["HideLabel"]},"children":[{"name":"Time","localizedName":"Screening gjennomført","localizedNames":{"en":"*Time (en)","nb":"Screening gjennomført"},"localizedDescriptions":{},"rmType":"DV_DATE_TIME","min":0,"max":1,"aqlPath":"/content[openEHR-EHR-OBSERVATION.vte_screening.v0]/data[at0001]/events[at0002]/time","inputs":[{"type":"DATETIME","listOpen":false}],"formId":"vte_screening/screening_for_tromboserisiko/any_event/time","viewConfig":{"multiplicity":{"min":0,"max":1},"advanced":{"hidden":false,"readonly":false,"hideFrame":false,"render":false},"label":{"custom":false,"useLocalizations":false},"size":{"field":"medium","label":"inherit"},"layout":{"label":{"valign":"inherit","align":"inherit"},"field":{"valign":"inherit","align":"inherit"}},"annotations":{"templateVariable":"[sys.now]","editAction":"clear"},"field":{"input":{"hideTime":false,"dateFormat":"","hideDate":false}}}},{"name":"Spacer","localizedName":"","localizedNames":{"nb":""},"localizedDescriptions":{},"rmType":"GENERIC_SPACER","min":0,"max":1,"inputs":[],"formId":"generic-field-29756","viewConfig":{"annotations":{},"field":{"height":25,"input":{"height":25}}}},{"name":"Innledende screening","localizedName":"Innledende screening","localizedNames":{"en":"*Innledende screening (nb)","nb":"Innledende screening"},"localizedDescriptions":{"nb":"Dersom svaret er \"Ja\" på et av de første to punktene, gjennomføres hovedscreeningen.\n","en":"*Dersom svaret er \"Ja\" på et av de første to punktene, gjennomføres hovedscreeningen.\n (nb)"},"rmType":"CLUSTER","nodeId":"at0007","min":1,"max":1,"aqlPath":"/content[openEHR-EHR-OBSERVATION.vte_screening.v0]/data[at0001]/events[at0002]/data[at0003]/items[at0007]","inputs":[],"formId":"vte_screening/screening_for_tromboserisiko/any_event/innledende_screening","viewConfig":{"multiplicity":{"min":1,"max":1},"advanced":{"hidden":false,"readonly":false,"hideFrame":false,"render":false},"label":{"custom":false,"useLocalizations":false},"size":{"field":"inherit","label":"-1"},"layout":{"label":{"valign":"inherit","align":"top"},"field":{"valign":"inherit","align":"inherit"}},"annotations":{},"field":{},"tags":["HideLabel"]},"children":[{"name":"Type pasient","localizedName":"Type pasient","localizedNames":{"en":"*Type pasient (nb)","nb":"Type pasient"},"localizedDescriptions":{"nb":"Beskriver pasienttype mtp på type problemstilling og mobilitet f.eks. kirurgisk pasient, nedsatt mobilitet osv.","en":"*Beskriver pasienttype mtp på type problemstilling og mobilitet f.eks. kirurgisk pasient, nedsatt mobilitet osv. (nb)"},"rmType":"DV_CODED_TEXT","nodeId":"at0004","min":1,"max":1,"aqlPath":"/content[openEHR-EHR-OBSERVATION.vte_screening.v0]/data[at0001]/events[at0002]/data[at0003]/items[at0007]/items[at0004]/value","inputs":[{"suffix":"code","type":"CODED_TEXT","list":[{"value":"at0094","label":"Kirurgisk pasient","ordinal":0,"localizedLabels":{"nb":"Kirurgisk pasient","en":"*Kirurgisk pasient (nb)"},"localizedDescriptions":{"nb":"Pasient som er innlagt for kirurgisk prosedyre","en":"*Pasient som er innlagt for kirurgisk prosedyre (nb)"}},{"value":"at0095","label":"Pasient med forventet nedsatt mobilitet","ordinal":0,"localizedLabels":{"nb":"Pasient med forventet nedsatt mobilitet","en":"*Pasient med forventet nedsatt mobilitet (nb)"},"localizedDescriptions":{"nb":"Ikke kirurgisk pasient med forventet nedsatt mobilitet","en":"*Ikke kirurgisk pasient med forventet nedsatt mobilitet (nb)"}},{"value":"at0096","label":"Pasient uten forventet nedsatt mobilitet","ordinal":0,"localizedLabels":{"nb":"Pasient uten forventet nedsatt mobilitet","en":"*Pasient uten forventet nedsatt mobilitet (nb)"},"localizedDescriptions":{"nb":"Ikke kirurgisk pasient uten forventet nedsatt mobilitet","en":"*Ikke kirurgisk pasient uten forventet nedsatt mobilitet (nb)"}}],"listOpen":false}],"formId":"vte_screening/screening_for_tromboserisiko/any_event/innledende_screening/type_pasient","viewConfig":{"multiplicity":{"min":1,"max":1},"advanced":{"hidden":false,"readonly":false,"hideFrame":false,"render":false},"label":{"custom":false,"useLocalizations":false},"size":{"field":"inherit","label":"inherit"},"layout":{"label":{"valign":"inherit","align":"inherit"},"field":{"valign":"inherit","align":"inherit"}},"annotations":{},"field":{"code":{"presentation":"radios","columns":"1"}}}}]},{"name":"Spacer","localizedName":"","localizedNames":{"nb":""},"localizedDescriptions":{},"rmType":"GENERIC_SPACER","min":0,"max":1,"inputs":[],"formId":"generic-field-68025","viewConfig":{"annotations":{},"field":{"height":25,"input":{"height":25}}}},{"name":"Tromsboserisiko","localizedName":"Tromboserisiko","localizedNames":{"en":"*Tromboserisiko (nb)","nb":"Tromboserisiko"},"localizedDescriptions":{"nb":"Screening for tromboserisiko.","en":"*Screening for tromboserisiko. (nb)"},"rmType":"CLUSTER","nodeId":"at0010","min":1,"max":1,"aqlPath":"/content[openEHR-EHR-OBSERVATION.vte_screening.v0]/data[at0001]/events[at0002]/data[at0003]/items[at0010]","inputs":[],"formId":"vte_screening/screening_for_tromboserisiko/any_event/tromsboserisiko","viewConfig":{"multiplicity":{"min":1,"max":1},"advanced":{"hidden":false,"readonly":false,"hideFrame":false,"render":false},"label":{"custom":false,"useLocalizations":false},"size":{"field":"inherit","label":"inherit"},"layout":{"label":{"valign":"inherit","align":"inherit"},"field":{"valign":"inherit","align":"inherit"}},"annotations":{},"field":{}},"children":[{"name":"Pasientrelatert","localizedName":"Pasientrelatert","localizedNames":{"en":"*Pasientrelatert (nb)","nb":"Pasientrelatert"},"localizedDescriptions":{"nb":"Pasientrelatert informasjon vedrørende tromboserisiko.","en":"*Pasientrelatert informasjon vedrørende tromboserisiko. (nb)"},"rmType":"CLUSTER","nodeId":"at0091","min":1,"max":1,"aqlPath":"/content[openEHR-EHR-OBSERVATION.vte_screening.v0]/data[at0001]/events[at0002]/data[at0003]/items[at0010]/items[at0091]","inputs":[],"formId":"vte_screening/screening_for_tromboserisiko/any_event/tromsboserisiko/pasientrelatert","viewConfig":{"multiplicity":{"min":1,"max":1},"advanced":{"hidden":false,"readonly":false,"hideFrame":false,"render":false},"label":{"custom":false,"useLocalizations":false},"size":{"field":"inherit","label":"inherit"},"layout":{"label":{"valign":"inherit","align":"inherit"},"field":{"valign":"inherit","align":"inherit"}},"annotations":{"headerSize":"LARGETEXT"},"field":{}},"children":[{"name":"Alder > 60","localizedName":"Alder > 60","localizedNames":{"en":"*Alder > 60 (nb)","nb":"Alder > 60"},"localizedDescriptions":{"nb":"Er pasienten eldre enn 60 år?","en":"*Er pasienten eldre enn 60 år? (nb)"},"rmType":"DV_BOOLEAN","nodeId":"at0013","min":0,"max":1,"aqlPath":"/content[openEHR-EHR-OBSERVATION.vte_screening.v0]/data[at0001]/events[at0002]/data[at0003]/items[at0010]/items[at0091]/items[at0013]/value","inputs":[{"type":"BOOLEAN","list":[{"value":"true","label":"true","ordinal":0,"localizedLabels":{},"localizedDescriptions":{}}],"defaultValue":"False","listOpen":false}],"formId":"vte_screening/screening_for_tromboserisiko/any_event/tromsboserisiko/pasientrelatert/alder_>_60","viewConfig":{"multiplicity":{"min":0,"max":1},"advanced":{"hidden":false,"readonly":false,"hideFrame":false,"render":false},"label":{"custom":false,"useLocalizations":false},"size":{"field":"inherit","label":"inherit"},"layout":{"label":{"valign":"inherit","align":"inherit"},"field":{"valign":"inherit","align":"inherit"}},"annotations":{},"field":{"input":{"threeState":false}}}},{"name":"Aktiv kreft eller pågående kreftbehandling","localizedName":"Aktiv kreft eller pågående kreftbehandling","localizedNames":{"en":"*Aktiv kreft eller pågående kreftbehandling (nb)","nb":"Aktiv kreft eller pågående kreftbehandling"},"localizedDescriptions":{"nb":"Har pasienten aktiv kreft eller pågående kreftbehandling?","en":"*Har pasienten aktiv kreft eller pågående kreftbehandling? (nb)"},"rmType":"DV_BOOLEAN","nodeId":"at0012","min":0,"max":1,"aqlPath":"/content[openEHR-EHR-OBSERVATION.vte_screening.v0]/data[at0001]/events[at0002]/data[at0003]/items[at0010]/items[at0091]/items[at0012]/value","inputs":[{"type":"BOOLEAN","list":[{"value":"true","label":"true","ordinal":0,"localizedLabels":{},"localizedDescriptions":{}}],"defaultValue":"False","listOpen":false}],"formId":"vte_screening/screening_for_tromboserisiko/any_event/tromsboserisiko/pasientrelatert/aktiv_kreft_eller_pågående_kreftbehandling","viewConfig":{"multiplicity":{"min":0,"max":1},"advanced":{"hidden":false,"readonly":false,"hideFrame":false,"render":false},"label":{"custom":false,"useLocalizations":false},"size":{"field":"inherit","label":"inherit"},"layout":{"label":{"valign":"inherit","align":"inherit"},"field":{"valign":"inherit","align":"inherit"}},"annotations":{},"field":{"input":{"threeState":false}}}},{"name":"Dehydrert","localizedName":"Dehydrert","localizedNames":{"en":"*Dehydrert (nb)","nb":"Dehydrert"},"localizedDescriptions":{"nb":"Er pasienten er dehydrert?","en":"*Er pasienten er dehydrert? (nb)"},"rmType":"DV_BOOLEAN","nodeId":"at0014","min":0,"max":1,"aqlPath":"/content[openEHR-EHR-OBSERVATION.vte_screening.v0]/data[at0001]/events[at0002]/data[at0003]/items[at0010]/items[at0091]/items[at0014]/value","inputs":[{"type":"BOOLEAN","list":[{"value":"true","label":"true","ordinal":0,"localizedLabels":{},"localizedDescriptions":{}}],"defaultValue":"False","listOpen":false}],"formId":"vte_screening/screening_for_tromboserisiko/any_event/tromsboserisiko/pasientrelatert/dehydrert","viewConfig":{"multiplicity":{"min":0,"max":1},"advanced":{"hidden":false,"readonly":false,"hideFrame":false,"render":false},"label":{"custom":false,"useLocalizations":false},"size":{"field":"inherit","label":"inherit"},"layout":{"label":{"valign":"inherit","align":"inherit"},"field":{"valign":"inherit","align":"inherit"}},"annotations":{},"field":{"input":{"threeState":false}}}},{"name":"Kjent trombofili","localizedName":"Kjent trombofili","localizedNames":{"en":"*Kjent trombofili (nb)","nb":"Kjent trombofili"},"localizedDescriptions":{"nb":"Har pasienten kjent trombofili?","en":"*Har pasienten kjent trombofili? (nb)"},"rmType":"DV_BOOLEAN","nodeId":"at0016","min":0,"max":1,"aqlPath":"/content[openEHR-EHR-OBSERVATION.vte_screening.v0]/data[at0001]/events[at0002]/data[at0003]/items[at0010]/items[at0091]/items[at0016]/value","inputs":[{"type":"BOOLEAN","list":[{"value":"true","label":"true","ordinal":0,"localizedLabels":{},"localizedDescriptions":{}}],"defaultValue":"False","listOpen":false}],"formId":"vte_screening/screening_for_tromboserisiko/any_event/tromsboserisiko/pasientrelatert/kjent_trombofili","viewConfig":{"multiplicity":{"min":0,"max":1},"advanced":{"hidden":false,"readonly":false,"hideFrame":false,"render":false},"label":{"custom":false,"useLocalizations":false},"size":{"field":"inherit","label":"inherit"},"layout":{"label":{"valign":"inherit","align":"inherit"},"field":{"valign":"inherit","align":"inherit"}},"annotations":{},"field":{"input":{"threeState":false}}}},{"name":"Sykelig overvekt","localizedName":"Sykelig overvekt","localizedNames":{"en":"*Sykelig overvekt (nb)","nb":"Sykelig overvekt"},"localizedDescriptions":{"nb":"Har pasienten sykelig overvekt med en BMI >30 kg/m2?","en":"*Har pasienten sykelig overvekt med en BMI >30 kg/m2? (nb)"},"rmType":"DV_BOOLEAN","nodeId":"at0017","min":0,"max":1,"aqlPath":"/content[openEHR-EHR-OBSERVATION.vte_screening.v0]/data[at0001]/events[at0002]/data[at0003]/items[at0010]/items[at0091]/items[at0017]/value","inputs":[{"type":"BOOLEAN","list":[{"value":"true","label":"true","ordinal":0,"localizedLabels":{},"localizedDescriptions":{}}],"defaultValue":"False","listOpen":false}],"formId":"vte_screening/screening_for_tromboserisiko/any_event/tromsboserisiko/pasientrelatert/sykelig_overvekt","viewConfig":{"multiplicity":{"min":0,"max":1},"advanced":{"hidden":false,"readonly":false,"hideFrame":false,"render":false},"label":{"custom":false,"useLocalizations":false},"size":{"field":"inherit","label":"inherit"},"layout":{"label":{"valign":"inherit","align":"inherit"},"field":{"valign":"inherit","align":"inherit"}},"annotations":{},"field":{"input":{"threeState":false}}}},{"name":"En eller flere medisinsk relevante komorbiditeter","localizedName":"En eller flere medisinsk relevante komorbiditeter","localizedNames":{"en":"*En eller flere medisinsk relevante komorbiditeter (nb)","nb":"En eller flere medisinsk relevante komorbiditeter"},"localizedDescriptions":{"nb":"Har pasienten en eller flere medisinsk relevante komorbiditeter f.eks. hjertesykdom, metabolisk, hormonelle eller respiratrisk sykdom?","en":"*Har pasienten en eller flere medisinsk relevante komorbiditeter f.eks. hjertesykdom, metabolisk, hormonelle eller respiratrisk sykdom? (nb)"},"rmType":"DV_BOOLEAN","nodeId":"at0018","min":0,"max":1,"aqlPath":"/content[openEHR-EHR-OBSERVATION.vte_screening.v0]/data[at0001]/events[at0002]/data[at0003]/items[at0010]/items[at0091]/items[at0018]/value","inputs":[{"type":"BOOLEAN","list":[{"value":"true","label":"true","ordinal":0,"localizedLabels":{},"localizedDescriptions":{}}],"defaultValue":"False","listOpen":false}],"formId":"vte_screening/screening_for_tromboserisiko/any_event/tromsboserisiko/pasientrelatert/en_eller_flere_medisinsk_relevante_komorbiditeter","viewConfig":{"multiplicity":{"min":0,"max":1},"advanced":{"hidden":false,"readonly":false,"hideFrame":false,"render":false},"label":{"custom":false,"useLocalizations":false},"size":{"field":"inherit","label":"inherit"},"layout":{"label":{"valign":"inherit","align":"inherit"},"field":{"valign":"inherit","align":"inherit"}},"annotations":{},"field":{"input":{"threeState":false}}}},{"name":"Førstegradsslektning med tidligere venøs trombose","localizedName":"Førstegradsslektning med tidligere venøs trombose","localizedNames":{"en":"*Førstegradsslektning med tidligere venøs trombose (nb)","nb":"Førstegradsslektning med tidligere venøs trombose"},"localizedDescriptions":{"nb":"Har pasienten førstegradsslektning med tidligere venøs trombose? ","en":"*Har pasienten førstegradsslektning med tidligere venøs trombose?  (nb)"},"rmType":"DV_BOOLEAN","nodeId":"at0019","min":0,"max":1,"aqlPath":"/content[openEHR-EHR-OBSERVATION.vte_screening.v0]/data[at0001]/events[at0002]/data[at0003]/items[at0010]/items[at0091]/items[at0019]/value","inputs":[{"type":"BOOLEAN","list":[{"value":"true","label":"true","ordinal":0,"localizedLabels":{},"localizedDescriptions":{}}],"defaultValue":"False","listOpen":false}],"formId":"vte_screening/screening_for_tromboserisiko/any_event/tromsboserisiko/pasientrelatert/førstegradsslektning_med_tidligere_venøs_trombose","viewConfig":{"multiplicity":{"min":0,"max":1},"advanced":{"hidden":false,"readonly":false,"hideFrame":false,"render":false},"label":{"custom":false,"useLocalizations":false},"size":{"field":"inherit","label":"inherit"},"layout":{"label":{"valign":"inherit","align":"inherit"},"field":{"valign":"inherit","align":"inherit"}},"annotations":{},"field":{"input":{"threeState":false}}}},{"name":"Bruker hormontilskudd (HRT)","localizedName":"Bruker hormontilskudd (HRT)","localizedNames":{"en":"*Bruker hormontilskudd (HRT) (nb)","nb":"Bruker hormontilskudd (HRT)"},"localizedDescriptions":{"nb":"Bruker pasienten hormontilskudd (HRT)?","en":"*Bruker pasienten hormontilskudd (HRT)? (nb)"},"rmType":"DV_BOOLEAN","nodeId":"at0020","min":0,"max":1,"aqlPath":"/content[openEHR-EHR-OBSERVATION.vte_screening.v0]/data[at0001]/events[at0002]/data[at0003]/items[at0010]/items[at0091]/items[at0020]/value","inputs":[{"type":"BOOLEAN","list":[{"value":"true","label":"true","ordinal":0,"localizedLabels":{},"localizedDescriptions":{}}],"defaultValue":"False","listOpen":false}],"formId":"vte_screening/screening_for_tromboserisiko/any_event/tromsboserisiko/pasientrelatert/bruker_hormontilskudd_(hrt)","viewConfig":{"multiplicity":{"min":0,"max":1},"advanced":{"hidden":false,"readonly":false,"hideFrame":false,"render":false},"label":{"custom":false,"useLocalizations":false},"size":{"field":"inherit","label":"inherit"},"layout":{"label":{"valign":"inherit","align":"inherit"},"field":{"valign":"inherit","align":"inherit"}},"annotations":{},"field":{"input":{"threeState":false}}}},{"name":"Bruker antikonsepsjonsmiddel som inneholder østrogen","localizedName":"Bruker antikonsepsjonsmiddel som inneholder østrogen","localizedNames":{"en":"*Bruker antikonsepsjonsmiddel som inneholder østrogen (nb)","nb":"Bruker antikonsepsjonsmiddel som inneholder østrogen"},"localizedDescriptions":{"nb":"Bruker pasienten antikonsepsjonsmiddel som inneholder østrogen?","en":"*Bruker pasienten antikonsepsjonsmiddel som inneholder østrogen? (nb)"},"rmType":"DV_BOOLEAN","nodeId":"at0021","min":0,"max":1,"aqlPath":"/content[openEHR-EHR-OBSERVATION.vte_screening.v0]/data[at0001]/events[at0002]/data[at0003]/items[at0010]/items[at0091]/items[at0021]/value","inputs":[{"type":"BOOLEAN","list":[{"value":"true","label":"true","ordinal":0,"localizedLabels":{},"localizedDescriptions":{}}],"defaultValue":"False","listOpen":false}],"formId":"vte_screening/screening_for_tromboserisiko/any_event/tromsboserisiko/pasientrelatert/bruker_antikonsepsjonsmiddel_som_inneholder_østrogen","viewConfig":{"multiplicity":{"min":0,"max":1},"advanced":{"hidden":false,"readonly":false,"hideFrame":false,"render":false},"label":{"custom":false,"useLocalizations":false},"size":{"field":"inherit","label":"inherit"},"layout":{"label":{"valign":"inherit","align":"inherit"},"field":{"valign":"inherit","align":"inherit"}},"annotations":{},"field":{"input":{"threeState":false}}}},{"name":"Varicer med thrombophlebitt","localizedName":"Varicer med thrombophlebitt","localizedNames":{"en":"*Varicer med thrombophlebitt (nb)","nb":"Varicer med thrombophlebitt"},"localizedDescriptions":{"nb":"Har pasienten varicer med thrombophlebitt?","en":"*Har pasienten varicer med thrombophlebitt? (nb)"},"rmType":"DV_BOOLEAN","nodeId":"at0022","min":0,"max":1,"aqlPath":"/content[openEHR-EHR-OBSERVATION.vte_screening.v0]/data[at0001]/events[at0002]/data[at0003]/items[at0010]/items[at0091]/items[at0022]/value","inputs":[{"type":"BOOLEAN","list":[{"value":"true","label":"true","ordinal":0,"localizedLabels":{},"localizedDescriptions":{}}],"defaultValue":"False","listOpen":false}],"formId":"vte_screening/screening_for_tromboserisiko/any_event/tromsboserisiko/pasientrelatert/varicer_med_thrombophlebitt","viewConfig":{"multiplicity":{"min":0,"max":1},"advanced":{"hidden":false,"readonly":false,"hideFrame":false,"render":false},"label":{"custom":false,"useLocalizations":false},"size":{"field":"inherit","label":"inherit"},"layout":{"label":{"valign":"inherit","align":"inherit"},"field":{"valign":"inherit","align":"inherit"}},"annotations":{},"field":{"input":{"threeState":false}}}},{"name":"Gravid eller < 6 uker post partum","localizedName":"Gravid eller < 6 uker post partum","localizedNames":{"en":"*Gravid eller < 6 uker post partum (nb)","nb":"Gravid eller < 6 uker post partum"},"localizedDescriptions":{"nb":"Er pasienten gravid eller < 6 uker post partum?","en":"*Er pasienten gravid eller < 6 uker post partum? (nb)"},"rmType":"DV_BOOLEAN","nodeId":"at0023","min":0,"max":1,"aqlPath":"/content[openEHR-EHR-OBSERVATION.vte_screening.v0]/data[at0001]/events[at0002]/data[at0003]/items[at0010]/items[at0091]/items[at0023]/value","inputs":[{"type":"BOOLEAN","list":[{"value":"true","label":"true","ordinal":0,"localizedLabels":{},"localizedDescriptions":{}}],"defaultValue":"False","listOpen":false}],"formId":"vte_screening/screening_for_tromboserisiko/any_event/tromsboserisiko/pasientrelatert/gravid_eller_<_6_uker_post_partum","viewConfig":{"multiplicity":{"min":0,"max":1},"advanced":{"hidden":false,"readonly":false,"hideFrame":false,"render":false},"label":{"custom":false,"useLocalizations":false},"size":{"field":"inherit","label":"inherit"},"layout":{"label":{"valign":"inherit","align":"inherit"},"field":{"valign":"inherit","align":"inherit"}},"annotations":{},"field":{"input":{"threeState":false}}}},{"name":"Spacer","localizedName":"","localizedNames":{"nb":""},"localizedDescriptions":{},"rmType":"GENERIC_SPACER","min":0,"max":1,"inputs":[],"formId":"generic-field-72635","viewConfig":{"annotations":{},"field":{"height":12,"input":{"height":12}}}}]},{"name":"Innleggelsesrelatert","localizedName":"Innleggelsesrelatert","localizedNames":{"en":"*Innleggelsesrelatert (nb)","nb":"Innleggelsesrelatert"},"localizedDescriptions":{"nb":"Informasjon relatert til innleggelse vedrørende tromboserisiko.","en":"*Informasjon relatert til innleggelse vedrørende tromboserisiko. (nb)"},"rmType":"CLUSTER","nodeId":"at0092","min":1,"max":1,"aqlPath":"/content[openEHR-EHR-OBSERVATION.vte_screening.v0]/data[at0001]/events[at0002]/data[at0003]/items[at0010]/items[at0092]","inputs":[],"formId":"vte_screening/screening_for_tromboserisiko/any_event/tromsboserisiko/innleggelsesrelatert","viewConfig":{"multiplicity":{"min":1,"max":1},"advanced":{"hidden":false,"readonly":false,"hideFrame":false,"render":false},"label":{"custom":false,"useLocalizations":false},"size":{"field":"inherit","label":"inherit"},"layout":{"label":{"valign":"inherit","align":"inherit"},"field":{"valign":"inherit","align":"inherit"}},"annotations":{"headerSize":"LARGETEXT"},"field":{}},"children":[{"name":"Betydelig redusert mobilitet > 3 dager","localizedName":"Betydelig redusert mobilitet > 3 dager","localizedNames":{"en":"*Betydelig redusert mobilitet > 3 dager (nb)","nb":"Betydelig redusert mobilitet > 3 dager"},"localizedDescriptions":{"nb":"Har pasienten betydelig redusert mobilitet > 3 dager?","en":"*Har pasienten betydelig redusert mobilitet > 3 dager? (nb)"},"rmType":"DV_BOOLEAN","nodeId":"at0026","min":0,"max":1,"aqlPath":"/content[openEHR-EHR-OBSERVATION.vte_screening.v0]/data[at0001]/events[at0002]/data[at0003]/items[at0010]/items[at0092]/items[at0026]/value","inputs":[{"type":"BOOLEAN","list":[{"value":"true","label":"true","ordinal":0,"localizedLabels":{},"localizedDescriptions":{}}],"defaultValue":"False","listOpen":false}],"formId":"vte_screening/screening_for_tromboserisiko/any_event/tromsboserisiko/innleggelsesrelatert/betydelig_redusert_mobilitet_>_3_dager","viewConfig":{"multiplicity":{"min":0,"max":1},"advanced":{"hidden":false,"readonly":false,"hideFrame":false,"render":false},"label":{"custom":false,"useLocalizations":false},"size":{"field":"inherit","label":"inherit"},"layout":{"label":{"valign":"inherit","align":"inherit"},"field":{"valign":"inherit","align":"inherit"}},"annotations":{},"field":{"input":{"threeState":false}}}},{"name":"Hofte eller kneoperasjon","localizedName":"Hofte eller kneoperasjon","localizedNames":{"en":"*Hofte eller kneoperasjon (nb)","nb":"Hofte eller kneoperasjon"},"localizedDescriptions":{"nb":"Er pasienten innlagt for hofte eller kneoperasjon?","en":"*Er pasienten innlagt for hofte eller kneoperasjon? (nb)"},"rmType":"DV_BOOLEAN","nodeId":"at0027","min":0,"max":1,"aqlPath":"/content[openEHR-EHR-OBSERVATION.vte_screening.v0]/data[at0001]/events[at0002]/data[at0003]/items[at0010]/items[at0092]/items[at0027]/value","inputs":[{"type":"BOOLEAN","list":[{"value":"true","label":"true","ordinal":0,"localizedLabels":{},"localizedDescriptions":{}}],"defaultValue":"False","listOpen":false}],"formId":"vte_screening/screening_for_tromboserisiko/any_event/tromsboserisiko/innleggelsesrelatert/hofte_eller_kneoperasjon","viewConfig":{"multiplicity":{"min":0,"max":1},"advanced":{"hidden":false,"readonly":false,"hideFrame":false,"render":false},"label":{"custom":false,"useLocalizations":false},"size":{"field":"inherit","label":"inherit"},"layout":{"label":{"valign":"inherit","align":"inherit"},"field":{"valign":"inherit","align":"inherit"}},"annotations":{},"field":{"input":{"threeState":false}}}},{"name":"Hoftebrudd","localizedName":"Hoftebrudd","localizedNames":{"en":"*Hoftebrudd (nb)","nb":"Hoftebrudd"},"localizedDescriptions":{"nb":"Har pasienten hoftebrudd?","en":"*Har pasienten hoftebrudd? (nb)"},"rmType":"DV_BOOLEAN","nodeId":"at0028","min":0,"max":1,"aqlPath":"/content[openEHR-EHR-OBSERVATION.vte_screening.v0]/data[at0001]/events[at0002]/data[at0003]/items[at0010]/items[at0092]/items[at0028]/value","inputs":[{"type":"BOOLEAN","list":[{"value":"true","label":"true","ordinal":0,"localizedLabels":{},"localizedDescriptions":{}}],"defaultValue":"False","listOpen":false}],"formId":"vte_screening/screening_for_tromboserisiko/any_event/tromsboserisiko/innleggelsesrelatert/hoftebrudd","viewConfig":{"multiplicity":{"min":0,"max":1},"advanced":{"hidden":false,"readonly":false,"hideFrame":false,"render":false},"label":{"custom":false,"useLocalizations":false},"size":{"field":"inherit","label":"inherit"},"layout":{"label":{"valign":"inherit","align":"inherit"},"field":{"valign":"inherit","align":"inherit"}},"annotations":{},"field":{"input":{"threeState":false}}}},{"name":"Total operasjonstid (anestesi + kirurgi) > 90 min","localizedName":"Total operasjonstid (anestesi + kirurgi) > 90 min","localizedNames":{"en":"*Total operasjonstid (anestesi + kirurgi) > 90 min (nb)","nb":"Total operasjonstid (anestesi + kirurgi) > 90 min"},"localizedDescriptions":{"nb":"Er den totale operasjonstiden (anestesi + kirurgi) lengre enn 90 min?","en":"*Er den totale operasjonstiden (anestesi + kirurgi) lengre enn 90 min? (nb)"},"rmType":"DV_BOOLEAN","nodeId":"at0029","min":0,"max":1,"aqlPath":"/content[openEHR-EHR-OBSERVATION.vte_screening.v0]/data[at0001]/events[at0002]/data[at0003]/items[at0010]/items[at0092]/items[at0029]/value","inputs":[{"type":"BOOLEAN","list":[{"value":"true","label":"true","ordinal":0,"localizedLabels":{},"localizedDescriptions":{}}],"defaultValue":"False","listOpen":false}],"formId":"vte_screening/screening_for_tromboserisiko/any_event/tromsboserisiko/innleggelsesrelatert/total_operasjonstid_(anestesi_+_kirurgi)_>_90_min","viewConfig":{"multiplicity":{"min":0,"max":1},"advanced":{"hidden":false,"readonly":false,"hideFrame":false,"render":false},"label":{"custom":false,"useLocalizations":false},"size":{"field":"inherit","label":"inherit"},"layout":{"label":{"valign":"inherit","align":"inherit"},"field":{"valign":"inherit","align":"inherit"}},"annotations":{},"field":{"input":{"threeState":false}}}},{"name":"Kirurgi på nedre ekstremitet med operasjonstid (anestesi + kirurgi) >60 min","localizedName":"Kirurgi på nedre ekstremitet med operasjonstid (anestesi + kirurgi) >60 min","localizedNames":{"en":"*Kirurgi på nedre ekstremitet med operasjonstid (anestesi + kirurgi) >60 min (nb)","nb":"Kirurgi på nedre ekstremitet med operasjonstid (anestesi + kirurgi) >60 min"},"localizedDescriptions":{"nb":"Har pasienten hatt kirurgi på nedre ekstremitet med operasjonstid (anestesi + kirurgi) > 60 min? ","en":"*Har pasienten hatt kirurgi på nedre ekstremitet med operasjonstid (anestesi + kirurgi) > 60 min?  (nb)"},"rmType":"DV_BOOLEAN","nodeId":"at0030","min":0,"max":1,"aqlPath":"/content[openEHR-EHR-OBSERVATION.vte_screening.v0]/data[at0001]/events[at0002]/data[at0003]/items[at0010]/items[at0092]/items[at0030]/value","inputs":[{"type":"BOOLEAN","list":[{"value":"true","label":"true","ordinal":0,"localizedLabels":{},"localizedDescriptions":{}}],"defaultValue":"False","listOpen":false}],"formId":"vte_screening/screening_for_tromboserisiko/any_event/tromsboserisiko/innleggelsesrelatert/kirurgi_på_nedre_ekstremitet_med_operasjonstid_(anestesi_+_kirurgi)_>60_min","viewConfig":{"multiplicity":{"min":0,"max":1},"advanced":{"hidden":false,"readonly":false,"hideFrame":false,"render":false},"label":{"custom":false,"useLocalizations":false},"size":{"field":"inherit","label":"inherit"},"layout":{"label":{"valign":"inherit","align":"inherit"},"field":{"valign":"inherit","align":"inherit"}},"annotations":{},"field":{"input":{"threeState":false}}}},{"name":"Akutt kirurgisk innleggelse med betennelsestilstand eller intra-abdominell tilstand","localizedName":"Akutt kirurgisk innleggelse med betennelsestilstand eller intra-abdominell tilstand","localizedNames":{"en":"*Akutt kirurgisk innleggelse med betennelsestilstand eller intra-abdominell tilstand (nb)","nb":"Akutt kirurgisk innleggelse med betennelsestilstand eller intra-abdominell tilstand"},"localizedDescriptions":{"nb":"Ble pasienten akutt innlagt på kirurgisk avdeling med en betennelsestilstand eller en  intra-abdominal tilstand?","en":"*Ble pasienten akutt innlagt på kirurgisk avdeling med en betennelsestilstand eller en  intra-abdominal tilstand? (nb)"},"rmType":"DV_BOOLEAN","nodeId":"at0031","min":0,"max":1,"aqlPath":"/content[openEHR-EHR-OBSERVATION.vte_screening.v0]/data[at0001]/events[at0002]/data[at0003]/items[at0010]/items[at0092]/items[at0031]/value","inputs":[{"type":"BOOLEAN","list":[{"value":"true","label":"true","ordinal":0,"localizedLabels":{},"localizedDescriptions":{}}],"defaultValue":"False","listOpen":false}],"formId":"vte_screening/screening_for_tromboserisiko/any_event/tromsboserisiko/innleggelsesrelatert/akutt_kirurgisk_innleggelse_med_betennelsestilstand_eller_intra-abdominell_tilstand","viewConfig":{"multiplicity":{"min":0,"max":1},"advanced":{"hidden":false,"readonly":false,"hideFrame":false,"render":false},"label":{"custom":false,"useLocalizations":false},"size":{"field":"inherit","label":"inherit"},"layout":{"label":{"valign":"inherit","align":"inherit"},"field":{"valign":"inherit","align":"inherit"}},"annotations":{},"field":{"input":{"threeState":false}}}},{"name":"Innleggelse på intensivavdelingen","localizedName":"Innleggelse på intensivavdelingen","localizedNames":{"en":"*Innleggelse på intensivavdelingen (nb)","nb":"Innleggelse på intensivavdelingen"},"localizedDescriptions":{"nb":"Er pasienten innlagt på intensivavdelingen?","en":"*Er pasienten innlagt på intensivavdelingen? (nb)"},"rmType":"DV_BOOLEAN","nodeId":"at0032","min":0,"max":1,"aqlPath":"/content[openEHR-EHR-OBSERVATION.vte_screening.v0]/data[at0001]/events[at0002]/data[at0003]/items[at0010]/items[at0092]/items[at0032]/value","inputs":[{"type":"BOOLEAN","list":[{"value":"true","label":"true","ordinal":0,"localizedLabels":{},"localizedDescriptions":{}}],"defaultValue":"False","listOpen":false}],"formId":"vte_screening/screening_for_tromboserisiko/any_event/tromsboserisiko/innleggelsesrelatert/innleggelse_på_intensivavdelingen","viewConfig":{"multiplicity":{"min":0,"max":1},"advanced":{"hidden":false,"readonly":false,"hideFrame":false,"render":false},"label":{"custom":false,"useLocalizations":false},"size":{"field":"inherit","label":"inherit"},"layout":{"label":{"valign":"inherit","align":"inherit"},"field":{"valign":"inherit","align":"inherit"}},"annotations":{},"field":{"input":{"threeState":false}}}},{"name":"Kirurgi som medfører betydelig reduksjon i mobilitet","localizedName":"Kirurgi som medfører betydelig reduksjon i mobilitet","localizedNames":{"en":"*Kirurgi som medfører betydelig reduksjon i mobilitet (nb)","nb":"Kirurgi som medfører betydelig reduksjon i mobilitet"},"localizedDescriptions":{"nb":"Har/skal pasienten ha kirurgi som medfører betydelig reduksjon i mobilitet?","en":"*Har/skal pasienten ha kirurgi som medfører betydelig reduksjon i mobilitet? (nb)"},"rmType":"DV_BOOLEAN","nodeId":"at0033","min":0,"max":1,"aqlPath":"/content[openEHR-EHR-OBSERVATION.vte_screening.v0]/data[at0001]/events[at0002]/data[at0003]/items[at0010]/items[at0092]/items[at0033]/value","inputs":[{"type":"BOOLEAN","list":[{"value":"true","label":"true","ordinal":0,"localizedLabels":{},"localizedDescriptions":{}}],"defaultValue":"False","listOpen":false}],"formId":"vte_screening/screening_for_tromboserisiko/any_event/tromsboserisiko/innleggelsesrelatert/kirurgi_som_medfører_betydelig_reduksjon_i_mobilitet","viewConfig":{"multiplicity":{"min":0,"max":1},"advanced":{"hidden":false,"readonly":false,"hideFrame":false,"render":false},"label":{"custom":false,"useLocalizations":false},"size":{"field":"inherit","label":"inherit"},"layout":{"label":{"valign":"inherit","align":"inherit"},"field":{"valign":"inherit","align":"inherit"}},"annotations":{},"field":{"input":{"threeState":false}}}},{"name":"Spacer","localizedName":"","localizedNames":{"nb":""},"localizedDescriptions":{},"rmType":"GENERIC_SPACER","min":0,"max":1,"inputs":[],"formId":"generic-field-18098","viewConfig":{"annotations":{},"field":{"height":12,"input":{"height":12}}}}]},{"name":"Tromboserisiko","localizedName":"Tromboserisiko","localizedNames":{"en":"*Tromboserisiko (nb)","nb":"Tromboserisiko"},"localizedDescriptions":{"nb":"Samlet tromboserisiko. \"Ja\" indikerer at pasienten har tromboserisiko. \"Nei\" indikerer at pasienten ikke har tromboserisiko.","en":"*Samlet tromboserisiko. \"Ja\" indikerer at pasienten har tromboserisiko. \"Nei\" indikerer at pasienten ikke har tromboserisiko. (nb)"},"rmType":"DV_BOOLEAN","nodeId":"at0112","min":1,"max":1,"aqlPath":"/content[openEHR-EHR-OBSERVATION.vte_screening.v0]/data[at0001]/events[at0002]/data[at0003]/items[at0010]/items[at0112]/value","inputs":[{"type":"BOOLEAN","listOpen":false}],"formId":"vte_screening/screening_for_tromboserisiko/any_event/tromsboserisiko/tromboserisiko","viewConfig":{"multiplicity":{"min":1,"max":1},"advanced":{"hidden":false,"readonly":false,"hideFrame":false,"render":false},"label":{"custom":false,"useLocalizations":false},"size":{"field":"inherit","label":"inherit"},"layout":{"label":{"valign":"inherit","align":"top"},"field":{"valign":"inherit","align":"inherit"}},"annotations":{},"field":{"input":{"threeState":true}},"tags":["ShowAsRadios"]}}]},{"name":"Spacer","localizedName":"","localizedNames":{"nb":""},"localizedDescriptions":{},"rmType":"GENERIC_SPACER","min":0,"max":1,"inputs":[],"formId":"generic-field-92546","viewConfig":{"annotations":{},"field":{"height":25,"input":{"height":25}}}},{"name":"Blødningsrisiko","localizedName":"Blødningsrisiko","localizedNames":{"en":"*Blødningsrisiko (nb)","nb":"Blødningsrisiko"},"localizedDescriptions":{"nb":"Screening for blødningsrisiko","en":"*Screening for blødningsrisiko (nb)"},"rmType":"CLUSTER","nodeId":"at0097","min":1,"max":1,"aqlPath":"/content[openEHR-EHR-OBSERVATION.vte_screening.v0]/data[at0001]/events[at0002]/data[at0003]/items[at0097]","inputs":[],"formId":"vte_screening/screening_for_tromboserisiko/any_event/blødningsrisiko","viewConfig":{"multiplicity":{"min":1,"max":1},"advanced":{"hidden":false,"readonly":false,"hideFrame":false,"render":false},"label":{"custom":false,"useLocalizations":false},"size":{"field":"inherit","label":"inherit"},"layout":{"label":{"valign":"inherit","align":"inherit"},"field":{"valign":"inherit","align":"inherit"}},"annotations":{},"field":{}},"children":[{"name":"Pasientrelatert","localizedName":"Pasientrelatert","localizedNames":{"en":"*Pasientrelatert (nb)","nb":"Pasientrelatert"},"localizedDescriptions":{"nb":"Pasientrelatert informasjon vedrørende blødningsrisiko.","en":"*Pasientrelatert informasjon vedrørende blødningsrisiko. (nb)"},"rmType":"CLUSTER","nodeId":"at0106","min":1,"max":1,"aqlPath":"/content[openEHR-EHR-OBSERVATION.vte_screening.v0]/data[at0001]/events[at0002]/data[at0003]/items[at0097]/items[at0106]","inputs":[],"formId":"vte_screening/screening_for_tromboserisiko/any_event/blødningsrisiko/pasientrelatert","viewConfig":{"multiplicity":{"min":1,"max":1},"advanced":{"hidden":false,"readonly":false,"hideFrame":false,"render":false},"label":{"custom":false,"useLocalizations":false},"size":{"field":"inherit","label":"inherit"},"layout":{"label":{"valign":"inherit","align":"inherit"},"field":{"valign":"inherit","align":"inherit"}},"annotations":{"headerSize":"LARGETEXT"},"field":{}},"children":[{"name":"Aktiv blødning","localizedName":"Aktiv blødning","localizedNames":{"en":"*Aktiv blødning (nb)","nb":"Aktiv blødning"},"localizedDescriptions":{"nb":"Har pasienten aktiv blødning?","en":"*Har pasienten aktiv blødning? (nb)"},"rmType":"DV_BOOLEAN","nodeId":"at0098","min":0,"max":1,"aqlPath":"/content[openEHR-EHR-OBSERVATION.vte_screening.v0]/data[at0001]/events[at0002]/data[at0003]/items[at0097]/items[at0106]/items[at0098]/value","inputs":[{"type":"BOOLEAN","list":[{"value":"true","label":"true","ordinal":0,"localizedLabels":{},"localizedDescriptions":{}}],"defaultValue":"False","listOpen":false}],"formId":"vte_screening/screening_for_tromboserisiko/any_event/blødningsrisiko/pasientrelatert/aktiv_blødning","viewConfig":{"multiplicity":{"min":0,"max":1},"advanced":{"hidden":false,"readonly":false,"hideFrame":false,"render":false},"label":{"custom":false,"useLocalizations":false},"size":{"field":"inherit","label":"inherit"},"layout":{"label":{"valign":"inherit","align":"inherit"},"field":{"valign":"inherit","align":"inherit"}},"annotations":{},"field":{"input":{"threeState":false}}}},{"name":"Ervervet blødningsforstyrrelse","localizedName":"Ervervet blødningsforstyrrelse","localizedNames":{"en":"*Ervervet blødningsforstyrrelse (nb)","nb":"Ervervet blødningsforstyrrelse"},"localizedDescriptions":{"nb":"Har pasienten ervervet blødningsforstyrrelse som f.eks. akutt leversvikt?","en":"*Har pasienten ervervet blødningsforstyrrelse som f.eks. akutt leversvikt? (nb)"},"rmType":"DV_BOOLEAN","nodeId":"at0099","min":0,"max":1,"aqlPath":"/content[openEHR-EHR-OBSERVATION.vte_screening.v0]/data[at0001]/events[at0002]/data[at0003]/items[at0097]/items[at0106]/items[at0099]/value","inputs":[{"type":"BOOLEAN","list":[{"value":"true","label":"true","ordinal":0,"localizedLabels":{},"localizedDescriptions":{}}],"defaultValue":"False","listOpen":false}],"formId":"vte_screening/screening_for_tromboserisiko/any_event/blødningsrisiko/pasientrelatert/ervervet_blødningsforstyrrelse","viewConfig":{"multiplicity":{"min":0,"max":1},"advanced":{"hidden":false,"readonly":false,"hideFrame":false,"render":false},"label":{"custom":false,"useLocalizations":false},"size":{"field":"inherit","label":"inherit"},"layout":{"label":{"valign":"inherit","align":"inherit"},"field":{"valign":"inherit","align":"inherit"}},"annotations":{},"field":{"input":{"threeState":false}}}},{"name":"Bruk av antikoagulantia med kjent økt risiko for blødning","localizedName":"Bruk av antikoagulantia med kjent økt risiko for blødning","localizedNames":{"en":"*Bruk av antikoagulantia med kjent økt risiko for blødning (nb)","nb":"Bruk av antikoagulantia med kjent økt risiko for blødning"},"localizedDescriptions":{"nb":"Har pasienten bruk av antikoagulantia med kjent økt risiko for blødning f.eks. Warfaring med INR >2","en":"*Har pasienten bruk av antikoagulantia med kjent økt risiko for blødning f.eks. Warfaring med INR >2 (nb)"},"rmType":"DV_BOOLEAN","nodeId":"at0100","min":0,"max":1,"aqlPath":"/content[openEHR-EHR-OBSERVATION.vte_screening.v0]/data[at0001]/events[at0002]/data[at0003]/items[at0097]/items[at0106]/items[at0100]/value","inputs":[{"type":"BOOLEAN","list":[{"value":"true","label":"true","ordinal":0,"localizedLabels":{},"localizedDescriptions":{}}],"defaultValue":"False","listOpen":false}],"formId":"vte_screening/screening_for_tromboserisiko/any_event/blødningsrisiko/pasientrelatert/bruk_av_antikoagulantia_med_kjent_økt_risiko_for_blødning","viewConfig":{"multiplicity":{"min":0,"max":1},"advanced":{"hidden":false,"readonly":false,"hideFrame":false,"render":false},"label":{"custom":false,"useLocalizations":false},"size":{"field":"inherit","label":"inherit"},"layout":{"label":{"valign":"inherit","align":"inherit"},"field":{"valign":"inherit","align":"inherit"}},"annotations":{},"field":{"input":{"threeState":false}}}},{"name":"Akutt slaganfall","localizedName":"Akutt slaganfall","localizedNames":{"en":"*Akutt slaganfall (nb)","nb":"Akutt slaganfall"},"localizedDescriptions":{"nb":"*","en":"** (nb)"},"rmType":"DV_BOOLEAN","nodeId":"at0102","min":0,"max":1,"aqlPath":"/content[openEHR-EHR-OBSERVATION.vte_screening.v0]/data[at0001]/events[at0002]/data[at0003]/items[at0097]/items[at0106]/items[at0102]/value","inputs":[{"type":"BOOLEAN","list":[{"value":"true","label":"true","ordinal":0,"localizedLabels":{},"localizedDescriptions":{}}],"defaultValue":"False","listOpen":false}],"formId":"vte_screening/screening_for_tromboserisiko/any_event/blødningsrisiko/pasientrelatert/akutt_slaganfall","viewConfig":{"multiplicity":{"min":0,"max":1},"advanced":{"hidden":false,"readonly":false,"hideFrame":false,"render":false},"label":{"custom":false,"useLocalizations":false},"size":{"field":"inherit","label":"inherit"},"layout":{"label":{"valign":"inherit","align":"inherit"},"field":{"valign":"inherit","align":"inherit"}},"annotations":{},"field":{"input":{"threeState":false}}}},{"name":"Trombocytopeni","localizedName":"Trombocytopeni","localizedNames":{"en":"*Trombocytopeni (nb)","nb":"Trombocytopeni"},"localizedDescriptions":{"nb":"Har pasienten trombocytopeni (trombocytter <75 x 10 -9/l)","en":"*Har pasienten trombocytopeni (trombocytter <75 x 10 -9/l) (nb)"},"rmType":"DV_BOOLEAN","nodeId":"at0103","min":0,"max":1,"aqlPath":"/content[openEHR-EHR-OBSERVATION.vte_screening.v0]/data[at0001]/events[at0002]/data[at0003]/items[at0097]/items[at0106]/items[at0103]/value","inputs":[{"type":"BOOLEAN","list":[{"value":"true","label":"true","ordinal":0,"localizedLabels":{},"localizedDescriptions":{}}],"defaultValue":"False","listOpen":false}],"formId":"vte_screening/screening_for_tromboserisiko/any_event/blødningsrisiko/pasientrelatert/trombocytopeni","viewConfig":{"multiplicity":{"min":0,"max":1},"advanced":{"hidden":false,"readonly":false,"hideFrame":false,"render":false},"label":{"custom":false,"useLocalizations":false},"size":{"field":"inherit","label":"inherit"},"layout":{"label":{"valign":"inherit","align":"inherit"},"field":{"valign":"inherit","align":"inherit"}},"annotations":{},"field":{"input":{"threeState":false}}}},{"name":"Ukontrollert systolisk hypertensjon","localizedName":"Ukontrollert systolisk hypertensjon","localizedNames":{"en":"*Ukontrollert systolisk hypertensjon (nb)","nb":"Ukontrollert systolisk hypertensjon"},"localizedDescriptions":{"nb":"Har pasienten ukontrollert systolisk hypertensjon (230/120 mmHg eller høyere.","en":"*Har pasienten ukontrollert systolisk hypertensjon (230/120 mmHg eller høyere. (nb)"},"rmType":"DV_BOOLEAN","nodeId":"at0104","min":0,"max":1,"aqlPath":"/content[openEHR-EHR-OBSERVATION.vte_screening.v0]/data[at0001]/events[at0002]/data[at0003]/items[at0097]/items[at0106]/items[at0104]/value","inputs":[{"type":"BOOLEAN","list":[{"value":"true","label":"true","ordinal":0,"localizedLabels":{},"localizedDescriptions":{}}],"defaultValue":"False","listOpen":false}],"formId":"vte_screening/screening_for_tromboserisiko/any_event/blødningsrisiko/pasientrelatert/ukontrollert_systolisk_hypertensjon","viewConfig":{"multiplicity":{"min":0,"max":1},"advanced":{"hidden":false,"readonly":false,"hideFrame":false,"render":false},"label":{"custom":false,"useLocalizations":false},"size":{"field":"inherit","label":"inherit"},"layout":{"label":{"valign":"inherit","align":"inherit"},"field":{"valign":"inherit","align":"inherit"}},"annotations":{},"field":{"input":{"threeState":false}}}},{"name":"Ubehandlete arvelige blødningssykdommer","localizedName":"Ubehandlete arvelige blødningssykdommer","localizedNames":{"en":"*Ubehandlete arvelige blødningssykdommer (nb)","nb":"Ubehandlete arvelige blødningssykdommer"},"localizedDescriptions":{"nb":"Har pasienten ubehandlete arvelige blødningssykdommer?","en":"*Har pasienten ubehandlete arvelige blødningssykdommer? (nb)"},"rmType":"DV_BOOLEAN","nodeId":"at0105","min":0,"max":1,"aqlPath":"/content[openEHR-EHR-OBSERVATION.vte_screening.v0]/data[at0001]/events[at0002]/data[at0003]/items[at0097]/items[at0106]/items[at0105]/value","inputs":[{"type":"BOOLEAN","list":[{"value":"true","label":"true","ordinal":0,"localizedLabels":{},"localizedDescriptions":{}}],"defaultValue":"False","listOpen":false}],"formId":"vte_screening/screening_for_tromboserisiko/any_event/blødningsrisiko/pasientrelatert/ubehandlete_arvelige_blødningssykdommer","viewConfig":{"multiplicity":{"min":0,"max":1},"advanced":{"hidden":false,"readonly":false,"hideFrame":false,"render":false},"label":{"custom":false,"useLocalizations":false},"size":{"field":"inherit","label":"inherit"},"layout":{"label":{"valign":"inherit","align":"inherit"},"field":{"valign":"inherit","align":"inherit"}},"annotations":{},"field":{"input":{"threeState":false}}}},{"name":"Spacer","localizedName":"","localizedNames":{"nb":""},"localizedDescriptions":{},"rmType":"GENERIC_SPACER","min":0,"max":1,"inputs":[],"formId":"generic-field-70797","viewConfig":{"annotations":{},"field":{"height":25,"input":{"height":25}}}}]},{"name":"Innleggelsesrelatert","localizedName":"Innleggelsesrelatert","localizedNames":{"en":"*Innleggelsesrelatert (nb)","nb":"Innleggelsesrelatert"},"localizedDescriptions":{"nb":"Informasjon relatert til innleggelse vedrørende blødningsrisiko.","en":"*Informasjon relatert til innleggelse vedrørende blødningsrisiko. (nb)"},"rmType":"CLUSTER","nodeId":"at0107","min":1,"max":1,"aqlPath":"/content[openEHR-EHR-OBSERVATION.vte_screening.v0]/data[at0001]/events[at0002]/data[at0003]/items[at0097]/items[at0107]","inputs":[],"formId":"vte_screening/screening_for_tromboserisiko/any_event/blødningsrisiko/innleggelsesrelatert","viewConfig":{"multiplicity":{"min":1,"max":1},"advanced":{"hidden":false,"readonly":false,"hideFrame":false,"render":false},"label":{"custom":false,"useLocalizations":false},"size":{"field":"inherit","label":"inherit"},"layout":{"label":{"valign":"inherit","align":"inherit"},"field":{"valign":"inherit","align":"inherit"}},"annotations":{"headerSize":"LARGETEXT"},"field":{}},"children":[{"name":"Nevrokirurgi, spinalkirurgi eller øyekirurgi","localizedName":"Nevrokirurgi, spinalkirurgi eller øyekirurgi","localizedNames":{"en":"*Nevrokirurgi, spinalkirurgi eller øyekirurgi (nb)","nb":"Nevrokirurgi, spinalkirurgi eller øyekirurgi"},"localizedDescriptions":{"nb":"Skal pasienten/har pasienten hatt nevrokirurgi, spinalkirurgi eller øyekirurgi?","en":"*Skal pasienten/har pasienten hatt nevrokirurgi, spinalkirurgi eller øyekirurgi? (nb)"},"rmType":"DV_BOOLEAN","nodeId":"at0108","min":0,"max":1,"aqlPath":"/content[openEHR-EHR-OBSERVATION.vte_screening.v0]/data[at0001]/events[at0002]/data[at0003]/items[at0097]/items[at0107]/items[at0108]/value","inputs":[{"type":"BOOLEAN","defaultValue":"False","listOpen":false}],"formId":"vte_screening/screening_for_tromboserisiko/any_event/blødningsrisiko/innleggelsesrelatert/nevrokirurgi,_spinalkirurgi_eller_øyekirurgi","viewConfig":{"multiplicity":{"min":0,"max":1},"advanced":{"hidden":false,"readonly":false,"hideFrame":false,"render":false},"label":{"custom":false,"useLocalizations":false},"size":{"field":"inherit","label":"inherit"},"layout":{"label":{"valign":"inherit","align":"inherit"},"field":{"valign":"inherit","align":"inherit"}},"annotations":{},"field":{"input":{"threeState":false}}}},{"name":"Annen prosedyre med høy blødningsrisiko","localizedName":"Annen prosedyre med høy blødningsrisiko","localizedNames":{"en":"*Annen prosedyre med høy blødningsrisiko (nb)","nb":"Annen prosedyre med høy blødningsrisiko"},"localizedDescriptions":{"nb":"Skal pasienten/har pasienten hatt annen prosedyre med høy blødningsrisiko?","en":"*Skal pasienten/har pasienten hatt annen prosedyre med høy blødningsrisiko? (nb)"},"rmType":"DV_BOOLEAN","nodeId":"at0109","min":0,"max":1,"aqlPath":"/content[openEHR-EHR-OBSERVATION.vte_screening.v0]/data[at0001]/events[at0002]/data[at0003]/items[at0097]/items[at0107]/items[at0109]/value","inputs":[{"type":"BOOLEAN","defaultValue":"False","listOpen":false}],"formId":"vte_screening/screening_for_tromboserisiko/any_event/blødningsrisiko/innleggelsesrelatert/annen_prosedyre_med_høy_blødningsrisiko","viewConfig":{"multiplicity":{"min":0,"max":1},"advanced":{"hidden":false,"readonly":false,"hideFrame":false,"render":false},"label":{"custom":false,"useLocalizations":false},"size":{"field":"inherit","label":"inherit"},"layout":{"label":{"valign":"inherit","align":"inherit"},"field":{"valign":"inherit","align":"inherit"}},"annotations":{},"field":{"input":{"threeState":false}}}},{"name":"Forventet lumbal/spinal/epiduralanestesi innen de neste 12 timene","localizedName":"Forventet lumbal/spinal/epiduralanestesi innen de neste 12 timene","localizedNames":{"en":"*Forventet lumbal/spinal/epiduralanestesi innen de neste 12 timene (nb)","nb":"Forventet lumbal/spinal/epiduralanestesi innen de neste 12 timene"},"localizedDescriptions":{"nb":"Skal pasienten ha forventet lumbal/spinal/epiduralanestesi innen de neste 12 timene?","en":"*Skal pasienten ha forventet lumbal/spinal/epiduralanestesi innen de neste 12 timene? (nb)"},"rmType":"DV_BOOLEAN","nodeId":"at0110","min":0,"max":1,"aqlPath":"/content[openEHR-EHR-OBSERVATION.vte_screening.v0]/data[at0001]/events[at0002]/data[at0003]/items[at0097]/items[at0107]/items[at0110]/value","inputs":[{"type":"BOOLEAN","defaultValue":"False","listOpen":false}],"formId":"vte_screening/screening_for_tromboserisiko/any_event/blødningsrisiko/innleggelsesrelatert/forventet_lumbal_spinal_epiduralanestesi_innen_de_neste_12_timene","viewConfig":{"multiplicity":{"min":0,"max":1},"advanced":{"hidden":false,"readonly":false,"hideFrame":false,"render":false},"label":{"custom":false,"useLocalizations":false},"size":{"field":"inherit","label":"inherit"},"layout":{"label":{"valign":"inherit","align":"inherit"},"field":{"valign":"inherit","align":"inherit"}},"annotations":{},"field":{"input":{"threeState":false}}}},{"name":"Lumbal/Spinal/epiduralanestesi de siste 4 timene","localizedName":"Lumbal/Spinal/epiduralanestesi de siste 4 timene","localizedNames":{"en":"*Lumbal/Spinal/epiduralanestesi de siste 4 timene (nb)","nb":"Lumbal/Spinal/epiduralanestesi de siste 4 timene"},"localizedDescriptions":{"nb":"Har pasienten hatt lumbal/Spinal/epiduralanestesi de siste 4 timene?","en":"*Har pasienten hatt lumbal/Spinal/epiduralanestesi de siste 4 timene? (nb)"},"rmType":"DV_BOOLEAN","nodeId":"at0111","min":0,"max":1,"aqlPath":"/content[openEHR-EHR-OBSERVATION.vte_screening.v0]/data[at0001]/events[at0002]/data[at0003]/items[at0097]/items[at0107]/items[at0111]/value","inputs":[{"type":"BOOLEAN","defaultValue":"False","listOpen":false}],"formId":"vte_screening/screening_for_tromboserisiko/any_event/blødningsrisiko/innleggelsesrelatert/lumbal_spinal_epiduralanestesi_de_siste_4_timene","viewConfig":{"multiplicity":{"min":0,"max":1},"advanced":{"hidden":false,"readonly":false,"hideFrame":false,"render":false},"label":{"custom":false,"useLocalizations":false},"size":{"field":"inherit","label":"inherit"},"layout":{"label":{"valign":"inherit","align":"inherit"},"field":{"valign":"inherit","align":"inherit"}},"annotations":{},"field":{"input":{"threeState":false}}}},{"name":"Spacer","localizedName":"","localizedNames":{"nb":""},"localizedDescriptions":{},"rmType":"GENERIC_SPACER","min":0,"max":1,"inputs":[],"formId":"generic-field-35787","viewConfig":{"annotations":{},"field":{"height":12,"input":{"height":12}}}}]},{"name":"Blødningsrisiko","localizedName":"Blødningsrisiko","localizedNames":{"en":"*Blødningsrisiko (nb)","nb":"Blødningsrisiko"},"localizedDescriptions":{"nb":"Samlet blødningsrisiko. \"Ja\" indikerer at pasienten har blødningsrisiko. \"Nei\" indikerer at pasienten ikke har blødningsrisiko.","en":"*Samlet blødningsrisiko. \"Ja\" indikerer at pasienten har blødningsrisiko. \"Nei\" indikerer at pasienten ikke har blødningsrisiko. (nb)"},"rmType":"DV_BOOLEAN","nodeId":"at0115","min":1,"max":1,"aqlPath":"/content[openEHR-EHR-OBSERVATION.vte_screening.v0]/data[at0001]/events[at0002]/data[at0003]/items[at0097]/items[at0115]/value","inputs":[{"type":"BOOLEAN","listOpen":false}],"formId":"vte_screening/screening_for_tromboserisiko/any_event/blødningsrisiko/blødningsrisiko","viewConfig":{"multiplicity":{"min":1,"max":1},"advanced":{"hidden":false,"readonly":false,"hideFrame":false,"render":false},"label":{"custom":false,"useLocalizations":false},"size":{"field":"inherit","label":"inherit"},"layout":{"label":{"valign":"inherit","align":"top"},"field":{"valign":"inherit","align":"inherit"}},"annotations":{},"field":{"input":{"threeState":true}},"tags":["ShowAsRadios"]}}]},{"name":"Spacer","localizedName":"","localizedNames":{"nb":""},"localizedDescriptions":{},"rmType":"GENERIC_SPACER","min":0,"max":1,"inputs":[],"formId":"generic-field-41807","viewConfig":{"annotations":{},"field":{"height":25,"input":{"height":25}}}}]}]},{"name":"Tromboserisiko","localizedName":"Tromboserisiko","localizedNames":{"en":"*Tromboserisiko (en)","nb":"Tromboserisiko"},"localizedDescriptions":{"nb":"En klinisk tilstand eller status som er unik eller særegen for et individ, og som regnes som viktig informasjon i forbindelse med beslutninger om behandling.","en":"*En klinisk tilstand eller status som er unik eller særegen for et individ, og som regnes som viktig informasjon i forbindelse med beslutninger om behandling. (nb)"},"rmType":"EVALUATION","nodeId":"openEHR-EHR-EVALUATION.precaution.v1","min":0,"max":1,"aqlPath":"/content[openEHR-EHR-EVALUATION.precaution.v1 and name/value='Tromboserisiko']","inputs":[],"formId":"vte_screening/tromboserisiko@Tromboserisiko","viewConfig":{"multiplicity":{"min":0,"max":1},"advanced":{"hidden":true,"readonly":false,"hideFrame":false,"render":false},"label":{"custom":false,"useLocalizations":false},"size":{"field":"inherit","label":"inherit"},"layout":{"label":{"valign":"inherit","align":"inherit"},"field":{"valign":"inherit","align":"inherit"}},"annotations":{},"field":{}},"children":[{"name":"Tromboserisiko","localizedName":"Tromboserisiko","localizedNames":{"en":"*Tromboserisiko (en)","nb":"Tromboserisiko"},"localizedDescriptions":{"nb":"Navnet på tilstanden eller statusen.","en":"*Navnet på tilstanden eller statusen. (nb)"},"rmType":"DV_CODED_TEXT","nodeId":"at0002","min":1,"max":1,"aqlPath":"/content[openEHR-EHR-EVALUATION.precaution.v1 and name/value='Tromboserisiko']/data[at0001]/items[at0002 and name/value='Tromboserisiko']/value","inputs":[{"suffix":"code","type":"CODED_TEXT","list":[{"value":"427631000","label":"risiko for venøs tromboembolisme (funn)","ordinal":0,"localizedLabels":{"nb":"risiko for venøs tromboembolisme (funn)","en":"*risiko for venøs tromboembolisme (funn) (nb)"},"localizedDescriptions":{}}],"listOpen":false}],"formId":"vte_screening/tromboserisiko@Tromboserisiko/tromboserisiko@Tromboserisiko","viewConfig":{"multiplicity":{"min":1,"max":1},"advanced":{"hidden":false,"readonly":false,"hideFrame":false,"render":false},"label":{"custom":false,"useLocalizations":false},"size":{"field":"inherit","label":"inherit"},"layout":{"label":{"valign":"inherit","align":"inherit"},"field":{"valign":"inherit","align":"inherit"}},"annotations":{},"field":{"code":{"presentation":"combobox","columns":"1"}}}}]},{"name":"Blødningsrisiko","localizedName":"Blødningsrisiko","localizedNames":{"en":"*Blødningsrisiko (en)","nb":"Blødningsrisiko"},"localizedDescriptions":{"nb":"En klinisk tilstand eller status som er unik eller særegen for et individ, og som regnes som viktig informasjon i forbindelse med beslutninger om behandling.","en":"*En klinisk tilstand eller status som er unik eller særegen for et individ, og som regnes som viktig informasjon i forbindelse med beslutninger om behandling. (nb)"},"rmType":"EVALUATION","nodeId":"openEHR-EHR-EVALUATION.precaution.v1","min":0,"max":1,"aqlPath":"/content[openEHR-EHR-EVALUATION.precaution.v1 and name/value='Blødningsrisiko']","inputs":[],"formId":"vte_screening/blødningsrisiko@Blødningsrisiko","viewConfig":{"multiplicity":{"min":0,"max":1},"advanced":{"hidden":true,"readonly":false,"hideFrame":false,"render":false},"label":{"custom":false,"useLocalizations":false},"size":{"field":"inherit","label":"inherit"},"layout":{"label":{"valign":"inherit","align":"inherit"},"field":{"valign":"inherit","align":"inherit"}},"annotations":{},"field":{}},"children":[{"name":"Blødningsrisiko","localizedName":"Blødningsrisiko","localizedNames":{"en":"*Blødningsrisiko (en)","nb":"Blødningsrisiko"},"localizedDescriptions":{"nb":"Navnet på tilstanden eller statusen.","en":"*Navnet på tilstanden eller statusen. (nb)"},"rmType":"DV_CODED_TEXT","nodeId":"at0002","min":1,"max":1,"aqlPath":"/content[openEHR-EHR-EVALUATION.precaution.v1 and name/value='Blødningsrisiko']/data[at0001]/items[at0002 and name/value='Blødningsrisiko']/value","inputs":[{"suffix":"code","type":"CODED_TEXT","list":[{"value":"711536002","label":"forhøyet blødningsrisiko (funn)","ordinal":0,"localizedLabels":{"nb":"forhøyet blødningsrisiko (funn)","en":"*forhøyet blødningsrisiko (funn) (nb)"},"localizedDescriptions":{}}],"listOpen":false}],"formId":"vte_screening/blødningsrisiko@Blødningsrisiko/blødningsrisiko@Blødningsrisiko","viewConfig":{"multiplicity":{"min":1,"max":1},"advanced":{"hidden":false,"readonly":false,"hideFrame":false,"render":false},"label":{"custom":false,"useLocalizations":false},"size":{"field":"inherit","label":"inherit"},"layout":{"label":{"valign":"inherit","align":"inherit"},"field":{"valign":"inherit","align":"inherit"}},"annotations":{},"field":{"code":{"presentation":"combobox","columns":"1"}}}}]}]}