{"formId":"form_root","name":"Form root","rmType":"FORM_DEFINITION","viewConfig":{"label":{"custom":false,"value":"","useLocalizations":false,"localizationsList":{}},"size":{"field":"inherit","label":"inherit","fill":"inherit"},"layout":{"valign":"inherit","align":"inherit"},"tags":[],"annotations":{"#HF":"openEHR-EHR-OBSERVATION.hjelpefunksjoner.v1?scope=episodeofcare"}},"language":"","templateLanguages":["nb"],"children":[{"name":"Hjelpefunksjoner","localizedName":"Hjelpefunksjoner","rmType":"OBSERVATION","nodeId":"openEHR-EHR-OBSERVATION.hjelpefunksjoner.v1","min":0,"max":-1,"localizedNames":{"nb":"Hjelpefunksjoner"},"localizedDescriptions":{"nb":"unknown"},"aqlPath":"/content[openEHR-EHR-OBSERVATION.hjelpefunksjoner.v1]","children":[{"name":"Fysioterapeut","localizedName":"Fysioterapeut","rmType":"DV_CODED_TEXT","nodeId":"at0004","min":0,"max":1,"localizedNames":{"nb":"Fysioterapeut"},"localizedDescriptions":{"nb":"Fysioterapeut"},"aqlPath":"/content[openEHR-EHR-OBSERVATION.hjelpefunksjoner.v1]/data[at0001]/events[at0002]/data[at0003]/items[at0004]/value","inputs":[{"suffix":"code","type":"CODED_TEXT","list":[{"value":"at0005","label":"Bestilt","localizedLabels":{"nb":"Bestilt"},"localizedDescriptions":{"nb":"Ressurs bestilt"}},{"value":"at0006","label":"Pågående","localizedLabels":{"nb":"Pågående"},"localizedDescriptions":{"nb":"*"}},{"value":"at0007","label":"Ferdig","localizedLabels":{"nb":"Ferdig"},"localizedDescriptions":{"nb":"Behovet er ikke lengre tilstede"}}]}],"formId":"hjelpefunksjoner/hjelpefunksjoner/fysioterapeut","viewConfig":{"annotations":{"select":"{#HF:/data[at0001]/events[at0002]/data[at0003]/items[at0004]/value}"}},"defaultValue":{"code":""},"fid":"hjelpefunksjoner/hjelpefunksjoner/fysioterapeut"},{"name":"Sosionom","localizedName":"Sosionom","rmType":"DV_CODED_TEXT","nodeId":"at0008","min":0,"max":1,"localizedNames":{"nb":"Sosionom"},"localizedDescriptions":{"nb":"Sosionom"},"aqlPath":"/content[openEHR-EHR-OBSERVATION.hjelpefunksjoner.v1]/data[at0001]/events[at0002]/data[at0003]/items[at0008]/value","inputs":[{"suffix":"code","type":"CODED_TEXT","list":[{"value":"at0014","label":"Bestilt","localizedLabels":{"nb":"Bestilt"},"localizedDescriptions":{"nb":"Ressurs bestilt"}},{"value":"at0015","label":"Pågående","localizedLabels":{"nb":"Pågående"},"localizedDescriptions":{"nb":"*"}},{"value":"at0016","label":"Ferdig","localizedLabels":{"nb":"Ferdig"},"localizedDescriptions":{"nb":"Behovet er ikke lengre tilstede"}}]}],"formId":"hjelpefunksjoner/hjelpefunksjoner/sosionom","viewConfig":{"annotations":{"select":"{#HF:/data[at0001]/events[at0002]/data[at0003]/items[at0008]/value}"}},"defaultValue":{"code":""},"fid":"hjelpefunksjoner/hjelpefunksjoner/sosionom"},{"name":"Ergoterapeut","localizedName":"Ergoterapeut","rmType":"DV_CODED_TEXT","nodeId":"at0009","min":0,"max":1,"localizedNames":{"nb":"Ergoterapeut"},"localizedDescriptions":{"nb":"Ergoterapeut"},"aqlPath":"/content[openEHR-EHR-OBSERVATION.hjelpefunksjoner.v1]/data[at0001]/events[at0002]/data[at0003]/items[at0009]/value","inputs":[{"suffix":"code","type":"CODED_TEXT","list":[{"value":"at0017","label":"Bestilt","localizedLabels":{"nb":"Bestilt"},"localizedDescriptions":{"nb":"Ressurs bestilt"}},{"value":"at0018","label":"Pågående","localizedLabels":{"nb":"Pågående"},"localizedDescriptions":{"nb":"*"}},{"value":"at0019","label":"Ferdig","localizedLabels":{"nb":"Ferdig"},"localizedDescriptions":{"nb":"Behovet er ikke lengre tilstede"}}]}],"formId":"hjelpefunksjoner/hjelpefunksjoner/ergoterapeut","viewConfig":{"annotations":{"select":"{#HF:/data[at0001]/events[at0002]/data[at0003]/items[at0009]/value}"}},"defaultValue":{"code":""},"fid":"hjelpefunksjoner/hjelpefunksjoner/ergoterapeut"},{"name":"Ernæringsfysiolog","localizedName":"Ernæringsfysiolog","rmType":"DV_CODED_TEXT","nodeId":"at0010","min":0,"max":1,"localizedNames":{"nb":"Ernæringsfysiolog"},"localizedDescriptions":{"nb":"Ernæringsfysiolog"},"aqlPath":"/content[openEHR-EHR-OBSERVATION.hjelpefunksjoner.v1]/data[at0001]/events[at0002]/data[at0003]/items[at0010]/value","inputs":[{"suffix":"code","type":"CODED_TEXT","list":[{"value":"at0020","label":"Bestilt","localizedLabels":{"nb":"Bestilt"},"localizedDescriptions":{"nb":"Ressurs bestilt"}},{"value":"at0021","label":"Pågående","localizedLabels":{"nb":"Pågående"},"localizedDescriptions":{"nb":"*"}},{"value":"at0022","label":"Ferdig","localizedLabels":{"nb":"Ferdig"},"localizedDescriptions":{"nb":"Behovet er ikke lengre tilstede"}}]}],"formId":"hjelpefunksjoner/hjelpefunksjoner/ernæringsfysiolog","viewConfig":{"annotations":{"select":"{#HF:/data[at0001]/events[at0002]/data[at0003]/items[at0010]/value}"}},"defaultValue":{"code":""},"fid":"hjelpefunksjoner/hjelpefunksjoner/ernæringsfysiolog"},{"name":"Pedagog","localizedName":"Pedagog","rmType":"DV_CODED_TEXT","nodeId":"at0011","min":0,"max":1,"localizedNames":{"nb":"Pedagog"},"localizedDescriptions":{"nb":"Pedagog"},"aqlPath":"/content[openEHR-EHR-OBSERVATION.hjelpefunksjoner.v1]/data[at0001]/events[at0002]/data[at0003]/items[at0011]/value","inputs":[{"suffix":"code","type":"CODED_TEXT","list":[{"value":"at0023","label":"Bestilt","localizedLabels":{"nb":"Bestilt"},"localizedDescriptions":{"nb":"Ressurs bestilt"}},{"value":"at0024","label":"Pågående","localizedLabels":{"nb":"Pågående"},"localizedDescriptions":{"nb":"*"}},{"value":"at0025","label":"Ferdig","localizedLabels":{"nb":"Ferdig"},"localizedDescriptions":{"nb":"Behovet er ikke lengre tilstede"}}]}],"formId":"hjelpefunksjoner/hjelpefunksjoner/pedagog","viewConfig":{"annotations":{"select":"{#HF:/data[at0001]/events[at0002]/data[at0003]/items[at0011]/value}"}},"defaultValue":{"code":""},"fid":"hjelpefunksjoner/hjelpefunksjoner/pedagog"},{"name":"Logoped","localizedName":"Logoped","rmType":"DV_CODED_TEXT","nodeId":"at0012","min":0,"max":1,"localizedNames":{"nb":"Logoped"},"localizedDescriptions":{"nb":"Logoped"},"aqlPath":"/content[openEHR-EHR-OBSERVATION.hjelpefunksjoner.v1]/data[at0001]/events[at0002]/data[at0003]/items[at0012]/value","inputs":[{"suffix":"code","type":"CODED_TEXT","list":[{"value":"at0026","label":"Bestilt","localizedLabels":{"nb":"Bestilt"},"localizedDescriptions":{"nb":"Ressurs bestilt"}},{"value":"at0027","label":"Pågående","localizedLabels":{"nb":"Pågående"},"localizedDescriptions":{"nb":"*"}},{"value":"at0028","label":"Ferdig","localizedLabels":{"nb":"Ferdig"},"localizedDescriptions":{"nb":"Behovet er ikke lengre tilstede"}}]}],"formId":"hjelpefunksjoner/hjelpefunksjoner/logoped","viewConfig":{"annotations":{"select":"{#HF:/data[at0001]/events[at0002]/data[at0003]/items[at0012]/value}"}},"defaultValue":{"code":""},"fid":"hjelpefunksjoner/hjelpefunksjoner/logoped"},{"name":"Annet:","localizedName":"Annet:","rmType":"DV_TEXT","nodeId":"at0013","min":0,"max":1,"localizedNames":{"nb":"Annet:"},"localizedDescriptions":{"nb":"Andre hjelpefunksjoner"},"aqlPath":"/content[openEHR-EHR-OBSERVATION.hjelpefunksjoner.v1]/data[at0001]/events[at0002]/data[at0003]/items[at0013]/value","inputs":[{"type":"TEXT"}],"formId":"hjelpefunksjoner/hjelpefunksjoner/annet","viewConfig":{"annotations":{"select":"{#HF:/data[at0001]/events[at0002]/data[at0003]/items[at0013]/value}"}},"defaultValue":{"value":""},"fid":"hjelpefunksjoner/hjelpefunksjoner/annet"}],"fid":"hjelpefunksjoner/hjelpefunksjoner","formId":"hjelpefunksjoner/hjelpefunksjoner","viewConfig":{"label":{"custom":false,"value":"","useLocalizations":false,"localizationsList":{}},"advanced":{"hidden":false,"readonly":false,"render":false},"multiplicity":{"min":"0","max":"1"},"size":{"field":"inherit","label":"inherit","fill":"inherit"},"layout":{"label":{"valign":"inherit","align":"top"},"field":{"valign":"inherit","align":"inherit"}},"tags":[],"field":{}}}]}