[{"col":1,"row":1,"width":12,"height":102,"children":[{"id":"dips_bds/bds_anestesiklarering/beskrivelse_operasjon","rows":[{"cols":[{"width":"100%","children":[{"id":"dips_bds/bds_anestesiklarering/beskrivelse_operasjon/operasjonstype","rows":[]},{"id":"dips_bds/bds_anestesiklarering/beskrivelse_operasjon/merknad","rows":[]},{"id":"dips_bds/bds_anestesiklarering/beskrivelse_operasjon/asa_1","rows":[]},{"id":"dips_bds/bds_anestesiklarering/beskrivelse_operasjon/asa_2","rows":[]},{"id":"dips_bds/bds_anestesiklarering/beskrivelse_operasjon/asa_3","rows":[]},{"id":"dips_bds/bds_anestesiklarering/beskrivelse_operasjon/asa_4","rows":[]},{"id":"dips_bds/bds_anestesiklarering/beskrivelse_operasjon/pasient_er_klarert","rows":[]},{"id":"dips_bds/bds_anestesiklarering/beskrivelse_operasjon/pasient_er_ikke_klarert","rows":[]},{"id":"dips_bds/bds_anestesiklarering/beskrivelse_operasjon/aktivitetsnivå","rows":[]},{"id":"dips_bds/bds_anestesiklarering/beskrivelse_operasjon/intub._forhold","rows":[]}]}]}]},{"id":"dips_bds/bds_anestesiklarering/tannstatus","rows":[{"cols":[{"width":"100%","children":[{"id":"dips_bds/bds_anestesiklarering/tannstatus/tannstatus_kode","rows":[]}]}]}]},{"id":"dips_bds/bds_anestesiklarering/intub._forhold","rows":[{"cols":[{"width":"100%","children":[{"id":"dips_bds/bds_anestesiklarering/intub._forhold/intubasjon","rows":[]}]}]}]},{"id":"dips_bds/bds_anestesiklarering/merknadsboks2","rows":[{"cols":[{"width":"100%","children":[{"id":"dips_bds/bds_anestesiklarering/merknadsboks2/merknad","rows":[]}]}]}]},{"id":"dips_bds/bds_anestesiklarering/pasientopplysninger","rows":[{"cols":[{"width":"100%","children":[{"id":"dips_bds/bds_anestesiklarering/pasientopplysninger/hjertelidelse","rows":[]},{"id":"dips_bds/bds_anestesiklarering/pasientopplysninger/hjerte_og_lungefrisk","rows":[]},{"id":"dips_bds/bds_anestesiklarering/pasientopplysninger/aneopplysninger","rows":[]},{"id":"dips_bds/bds_anestesiklarering/pasientopplysninger/hjertelidelser","rows":[]},{"id":"dips_bds/bds_anestesiklarering/pasientopplysninger/hypertensjon","rows":[]},{"id":"dips_bds/bds_anestesiklarering/pasientopplysninger/lungelidelse","rows":[]},{"id":"dips_bds/bds_anestesiklarering/pasientopplysninger/diabetes","rows":[]},{"id":"dips_bds/bds_anestesiklarering/pasientopplysninger/allergi__med.reaksjon","rows":[]},{"id":"dips_bds/bds_anestesiklarering/pasientopplysninger/refluxproblemer","rows":[]},{"id":"dips_bds/bds_anestesiklarering/pasientopplysninger/blødningstendens","rows":[]},{"id":"dips_bds/bds_anestesiklarering/pasientopplysninger/alvorlig_smittsom_sykd.","rows":[]},{"id":"dips_bds/bds_anestesiklarering/pasientopplysninger/tidl._ane.komplik.","rows":[]},{"id":"dips_bds/bds_anestesiklarering/pasientopplysninger/høyde_(cm)","rows":[]},{"id":"dips_bds/bds_anestesiklarering/pasientopplysninger/vekt_(kg)","rows":[]},{"id":"dips_bds/bds_anestesiklarering/pasientopplysninger/aktivitetsnivå","rows":[]},{"id":"dips_bds/bds_anestesiklarering/pasientopplysninger/almenntilstand","rows":[]},{"id":"dips_bds/bds_anestesiklarering/pasientopplysninger/asa","rows":[]},{"id":"dips_bds/bds_anestesiklarering/pasientopplysninger/merknad","rows":[]},{"id":"dips_bds/bds_anestesiklarering/pasientopplysninger/merknadpas_boks","rows":[]}]}]}]},{"id":"dips_bds/bds_anestesiklarering/medikamenter","rows":[{"cols":[{"width":"100%","children":[{"id":"dips_bds/bds_anestesiklarering/medikamenter/nyttfelt","rows":[]}]}]}]},{"id":"dips_bds/bds_anestesiklarering/premedikasjon","rows":[{"cols":[{"width":"100%","children":[{"id":"dips_bds/bds_anestesiklarering/premedikasjon/premedikasjon","rows":[]},{"id":"dips_bds/bds_anestesiklarering/premedikasjon/nyttfelt","rows":[]},{"id":"dips_bds/bds_anestesiklarering/premedikasjon/egne_morgenmedisiner","rows":[]},{"id":"dips_bds/bds_anestesiklarering/premedikasjon/nyttfelt2","rows":[]}]}]}]},{"id":"dips_bds/bds_anestesiklarering/anestesimetode","rows":[{"cols":[{"width":"100%","children":[{"id":"dips_bds/bds_anestesiklarering/anestesimetode/anestesimetode_1","rows":[]},{"id":"dips_bds/bds_anestesiklarering/anestesimetode/anestesimetode_2","rows":[]}]}]}]},{"id":"dips_bds/bds_anestesiklarering/klarering","rows":[{"cols":[{"width":"100%","children":[{"id":"dips_bds/bds_anestesiklarering/klarering/klarering","rows":[]},{"id":"dips_bds/bds_anestesiklarering/klarering/merknad","rows":[]},{"id":"dips_bds/bds_anestesiklarering/klarering/nyttfelt","rows":[]}]}]}]},{"id":"dips_bds/bds_anestesiklarering/tilsyn_anestesi-spl:","rows":[{"cols":[{"width":"100%","children":[{"id":"dips_bds/bds_anestesiklarering/tilsyn_anestesi-spl:/dato_for_tilsyn:","rows":[]},{"id":"dips_bds/bds_anestesiklarering/tilsyn_anestesi-spl:/godkjenner_av_tilsyn:","rows":[]}]}]}]}]}]