{"formId":"form_root","name":"Form root","rmType":"FORM_DEFINITION","viewConfig":{"label":{"custom":false,"value":"","useLocalizations":true,"localizationsList":{"nb":"Vurdering, behandling og plan"}},"size":{"field":"inherit","label":"inherit","fill":"inherit"},"layout":{"label":{"valign":"inherit","align":"inherit"},"field":{"valign":"inherit","align":"inherit"}},"tags":[]},"language":"nb","templateLanguages":["nb"],"children":[{"name":"Vudering og behandling og videre plan","localizedName":"Vudering og behandling og videre plan","rmType":"EVALUATION","nodeId":"openEHR-EHR-EVALUATION.vudering_og_behandling_og_videre_plan.v1","min":0,"max":-1,"localizedNames":{"nb":"Vudering, behandling og videre plan"},"localizedDescriptions":{"nb":"unknown"},"aqlPath":"/content[openEHR-EHR-EVALUATION.vudering_og_behandling_og_videre_plan.v1]","fid":"vurdering_behandling_og_plan/vudering_og_behandling_og_videre_plan","formId":"vurdering_behandling_og_plan/vudering_og_behandling_og_videre_plan","children":[{"name":"Tiltak i dag","localizedName":"Tiltak i dag","rmType":"DV_CODED_TEXT","nodeId":"at0004","min":0,"max":-1,"localizedNames":{"nb":"Tiltak i dag"},"localizedDescriptions":{"nb":"*"},"aqlPath":"/content[openEHR-EHR-EVALUATION.vudering_og_behandling_og_videre_plan.v1]/data[at0001]/items[at0004]/value","inputs":[{"suffix":"code","type":"CODED_TEXT","list":[{"value":"AJ1","label":"Prøvetaking","localizedLabels":{"nb":"Prøvetaking"}},{"value":"AJ2","label":"Medikamentell behandling","localizedLabels":{"nb":"Medikamentell behandling"}},{"value":"AJ3","label":"Vaksinering","localizedLabels":{"nb":"Vaksinering"}},{"value":"AJ4","label":"Smitteoppsporing","localizedLabels":{"nb":"Smitteoppsporing"}},{"value":"AJ5","label":"Prøvesvarsformidling","localizedLabels":{"nb":"Prøvesvarsformidling"}},{"value":"AJ6","label":"Kryobehandling","localizedLabels":{"nb":"Kryobehandling"}},{"value":"AJ7","label":"Foto","localizedLabels":{"nb":"Foto"}},{"value":"AJ8","label":"Biopsi","localizedLabels":{"nb":"Biopsi"}},{"value":"AJ9","label":"Laserbehandling","localizedLabels":{"nb":"Laserbehandling"}},{"value":"AJ10","label":"Videre henvisning","localizedLabels":{"nb":"Videre henvisning"}},{"value":"AJ11","label":"Rådgivning","localizedLabels":{"nb":"Rådgivning"}},{"value":"AJ12","label":"Annet tiltak","localizedLabels":{"nb":"Annet tiltak"}},{"value":"AJ13","label":"Ingen","localizedLabels":{"nb":"Ingen"}}],"terminology":"Olafia"}],"formId":"vurdering_behandling_og_plan/vudering_og_behandling_og_videre_plan/tiltak_i_dag","viewConfig":{"label":{"custom":false,"value":"","useLocalizations":true,"localizationsList":{"nb":"Tiltak i dag"}},"size":{"field":"inherit","label":"inherit","fill":"inherit"},"layout":{"label":{"valign":"top","align":"top"},"field":{"valign":"inherit","align":"inherit"}},"datasource":{"loadRemote":false,"loadRemoteUrl":"","terminology":""},"advanced":{"hidden":false,"readonly":false},"multiplicity":{"min":"0","max":"100"},"tags":["showasmulticombobox"],"field":{"code":{"presentation":"combobox"}}},"defaultValue":{"code":""},"fid":"vurdering_behandling_og_plan/vudering_og_behandling_og_videre_plan/tiltak_i_dag"},{"name":"Beskrivelse av vurdering og tiltak/behandling","localizedName":"Beskrivelse av vurdering og tiltak/behandling","rmType":"DV_TEXT","nodeId":"at0002","min":0,"max":1,"localizedNames":{"nb":"Vurdering"},"localizedDescriptions":{"nb":"*"},"aqlPath":"/content[openEHR-EHR-EVALUATION.vudering_og_behandling_og_videre_plan.v1]/data[at0001]/items[at0002,'Beskrivelse av vurdering og tiltak/behandling']/value","inputs":[{"type":"TEXT"}],"formId":"vurdering_behandling_og_plan/vudering_og_behandling_og_videre_plan/beskrivelse_av_vurdering_og_tiltak_behandling","viewConfig":{"label":{"custom":true,"value":"Beskrivelse av vurdering og behandling","useLocalizations":true,"localizationsList":{"nb":"Beskrivelse av vurdering og behandling"}},"size":{"field":"inherit","label":"inherit","fill":"inherit"},"layout":{"label":{"valign":"top","align":"top"},"field":{"valign":"inherit","align":"inherit"}},"datasource":{"loadRemote":false,"loadRemoteUrl":"","terminology":""},"advanced":{"hidden":false,"readonly":false},"multiplicity":{"min":"0","max":"1"},"tags":[],"field":{"input":{"presentation":"textfield"}}},"defaultValue":{"value":""},"fid":"vurdering_behandling_og_plan/vudering_og_behandling_og_videre_plan/beskrivelse_av_vurdering_og_tiltak_behandling"},{"name":"Videre oppfølging av","localizedName":"Videre oppfølging av","rmType":"DV_CODED_TEXT","nodeId":"at0025","min":0,"max":-1,"localizedNames":{"nb":"Videre oppfølging av"},"localizedDescriptions":{"nb":"*"},"aqlPath":"/content[openEHR-EHR-EVALUATION.vudering_og_behandling_og_videre_plan.v1]/data[at0001]/items[at0025]/value","inputs":[{"suffix":"code","type":"CODED_TEXT","list":[{"value":"BZ1","label":"Olafiaklinikken","localizedLabels":{"nb":"Olafiaklinikken"}},{"value":"BZ2","label":"Egen lege/fastlege","localizedLabels":{"nb":"Egen lege/fastlege"}},{"value":"BZ3","label":"Intern instans","localizedLabels":{"nb":"Intern instans"}},{"value":"BZ5","label":"Ekstern instans","localizedLabels":{"nb":"Ekstern instans"}},{"value":"BZ4","label":"Pasienten selv","localizedLabels":{"nb":"Pasienten selv"}}],"terminology":"Olafia"}],"formId":"vurdering_behandling_og_plan/vudering_og_behandling_og_videre_plan/videre_oppfølging_av","viewConfig":{"label":{"custom":false,"value":"","useLocalizations":false,"localizationsList":{}},"size":{"field":"inherit","label":"inherit","fill":"inherit"},"layout":{"label":{"valign":"top","align":"top"},"field":{"valign":"inherit","align":"inherit"}},"datasource":{"loadRemote":false,"loadRemoteUrl":"","terminology":""},"advanced":{"hidden":false,"readonly":false},"multiplicity":{"min":"0","max":"100"},"tags":["showasmulticombobox"],"field":{"code":{"presentation":"combobox"}}},"defaultValue":{"code":""},"fid":"vurdering_behandling_og_plan/vudering_og_behandling_og_videre_plan/videre_oppfølging_av"},{"name":"Olafiaoppfølging","localizedName":"Olafiaoppfølging","rmType":"DV_CODED_TEXT","nodeId":"at0006","min":0,"max":10,"localizedNames":{"nb":"Olafiaoppfølging"},"localizedDescriptions":{"nb":"*"},"aqlPath":"/content[openEHR-EHR-EVALUATION.vudering_og_behandling_og_videre_plan.v1]/data[at0001]/items[at0006]/value","inputs":[{"suffix":"code","type":"CODED_TEXT","list":[{"value":"AE1","label":"Avventer prøvesvar","localizedLabels":{"nb":"Avventer prøvesvar"}},{"value":"AE2","label":"Kontroll","localizedLabels":{"nb":"Kontroll"}},{"value":"AE3","label":"Kontroll med hjemmetest","localizedLabels":{"nb":"Kontroll med hjemmetest"}},{"value":"AE4","label":"Behandling","localizedLabels":{"nb":"Behandling"}},{"value":"AE5","label":"Smitteoppsporing","localizedLabels":{"nb":"Smitteoppsporing"}},{"value":"AE6","label":"Vaksine","localizedLabels":{"nb":"Vaksine"}},{"value":"AE7","label":"Ny prøvetaking","localizedLabels":{"nb":"Ny prøvetaking"}},{"value":"AE8","label":"Prøvesvarsformidling","localizedLabels":{"nb":"Prøvesvarsformidling"}}],"terminology":"Olafia"}],"formId":"vurdering_behandling_og_plan/vudering_og_behandling_og_videre_plan/olafiaoppfølging","viewConfig":{"label":{"custom":true,"value":"Type oppfølging","useLocalizations":true,"localizationsList":{"nb":"Type oppfølging"}},"size":{"field":"inherit","label":"inherit","fill":"inherit"},"layout":{"label":{"valign":"top","align":"top"},"field":{"valign":"inherit","align":"inherit"}},"datasource":{"loadRemote":false,"loadRemoteUrl":"","terminology":""},"advanced":{"hidden":false,"readonly":false},"multiplicity":{"min":"0","max":"10"},"tags":["showasmulticombobox"],"field":{"code":{"presentation":"combobox"}}},"defaultValue":{"code":""},"fid":"vurdering_behandling_og_plan/vudering_og_behandling_og_videre_plan/olafiaoppfølging"},{"name":"Timebestilling","localizedName":"Timebestilling","rmType":"DV_CODED_TEXT","nodeId":"at0021","min":0,"max":1,"localizedNames":{"nb":"Timebestilling"},"localizedDescriptions":{"nb":"*"},"aqlPath":"/content[openEHR-EHR-EVALUATION.vudering_og_behandling_og_videre_plan.v1]/data[at0001]/items[at0021]/value","inputs":[{"suffix":"code","type":"CODED_TEXT","list":[{"value":"BA1","label":"Ikke ny time","localizedLabels":{"nb":"Ikke ny time"}},{"value":"BA2","label":"Tildelt time","localizedLabels":{"nb":"Tildelt time"}},{"value":"BA3","label":"Venteliste","localizedLabels":{"nb":"Venteliste"}}],"terminology":"Olafia"}],"formId":"vurdering_behandling_og_plan/vudering_og_behandling_og_videre_plan/timebestilling","viewConfig":{"label":{"custom":false,"value":"","useLocalizations":false,"localizationsList":{}},"size":{"field":"inherit","label":"inherit","fill":"inherit"},"layout":{"label":{"valign":"top","align":"top"},"field":{"valign":"inherit","align":"inherit"}},"datasource":{"loadRemote":false,"loadRemoteUrl":"","terminology":""},"advanced":{"hidden":true,"readonly":false},"multiplicity":{"min":"0","max":"1"},"tags":["showasradios"],"field":{"code":{"presentation":"combobox"}}},"defaultValue":{"code":""},"fid":"vurdering_behandling_og_plan/vudering_og_behandling_og_videre_plan/timebestilling"},{"name":"Neste time om","localizedName":"Neste time om","rmType":"DV_TEXT","nodeId":"at0007","min":0,"max":1,"localizedNames":{"nb":"Kontroll om"},"localizedDescriptions":{"nb":"*"},"aqlPath":"/content[openEHR-EHR-EVALUATION.vudering_og_behandling_og_videre_plan.v1]/data[at0001]/items[at0007,'Neste time om']/value","inputs":[{"type":"TEXT","list":[{"value":"7 dager","label":"7 dager"},{"value":"2 uker","label":"2 uker"},{"value":"3 uker","label":"3 uker"},{"value":"4 uker","label":"4 uker"},{"value":"5 uker","label":"5 uker"},{"value":"3 mnd","label":"3 mnd"},{"value":"5 mnd","label":"5 mnd"},{"value":"6 mnd","label":"6 mnd"},{"value":"12 mnd","label":"12 mnd"},{"value":"Annet","label":"Annet"}],"listOpen":true}],"fid":"vurdering_behandling_og_plan/vudering_og_behandling_og_videre_plan/neste_time_om","formId":"vurdering_behandling_og_plan/vudering_og_behandling_og_videre_plan/neste_time_om","viewConfig":{"label":{"custom":true,"value":"Neste time om","useLocalizations":true,"localizationsList":{"nb":"Neste time om"}},"advanced":{"hidden":false,"readonly":false},"multiplicity":{"min":"0","max":"1"},"size":{"field":"inherit","label":"inherit","fill":"inherit"},"layout":{"label":{"valign":"inherit","align":"inherit"},"field":{"valign":"inherit","align":"inherit"}},"tags":[],"datasource":{"loadRemote":false,"loadRemoteUrl":"","terminology":""},"field":{"input":{"presentation":"textfield"}}},"defaultValue":{"value":""}}],"viewConfig":{"label":{"custom":true,"value":"Vurdering, behandling og videre plan","useLocalizations":true,"localizationsList":{"nb":"Vudering, behandling og videre plan"}},"size":{"field":"inherit","label":"inherit","fill":"inherit"},"layout":{"label":{"valign":"top","align":"top"},"field":{"valign":"inherit","align":"inherit"}},"field":{},"advanced":{"hidden":false,"readonly":false,"render":false},"multiplicity":{"min":"1","max":"1"},"tags":[],"annotations":{"headerSize":"H1"}}},{"name":"Beskrivelse av plan","localizedName":"Beskrivelse av plan","rmType":"DV_TEXT","nodeId":"at0003","min":0,"max":1,"localizedNames":{"nb":"Beskrivelse"},"localizedDescriptions":{"nb":"*"},"aqlPath":"/content[openEHR-EHR-EVALUATION.vudering_og_behandling_og_videre_plan.v1]/data[at0001]/items[at0003,'Beskrivelse av plan']/value","inputs":[{"type":"TEXT"}],"formId":"vurdering_behandling_og_plan/vudering_og_behandling_og_videre_plan/beskrivelse_av_plan","defaultValue":{"value":""},"fid":"vurdering_behandling_og_plan/vudering_og_behandling_og_videre_plan/beskrivelse_av_plan","viewConfig":{"label":{"custom":false,"value":"","useLocalizations":true,"localizationsList":{"nb":"Beskrivelse av plan"}},"size":{"field":"inherit","label":"inherit","fill":"inherit"},"layout":{"label":{"valign":"top","align":"top"},"field":{"valign":"inherit","align":"inherit"}},"datasource":{"loadRemote":false,"loadRemoteUrl":"","terminology":""},"advanced":{"hidden":false,"readonly":false},"multiplicity":{"min":"0","max":"1"},"tags":[],"field":{"input":{"presentation":"textfield"}}}},{"name":"Status olafia","localizedName":"Status olafia","rmType":"EVALUATION","nodeId":"openEHR-EHR-EVALUATION.status_olafia.v1","min":0,"max":-1,"localizedNames":{"nb":"Status"},"localizedDescriptions":{"nb":"unknown"},"aqlPath":"/content[openEHR-EHR-EVALUATION.status_olafia.v1]","fid":"vurdering_behandling_og_plan/status_olafia","formId":"vurdering_behandling_og_plan/status_olafia","children":[{"name":"Status","localizedName":"Status","rmType":"DV_CODED_TEXT","nodeId":"at0002","min":0,"max":1,"localizedNames":{"nb":"Status"},"localizedDescriptions":{"nb":"*"},"aqlPath":"/content[openEHR-EHR-EVALUATION.status_olafia.v1]/data[at0001]/items[at0002]/value","inputs":[{"suffix":"code","type":"CODED_TEXT","list":[{"value":"AZA","label":"Selvregistrering utført","localizedLabels":{"nb":"Selvregistrering utført"}},{"value":"AZB","label":"Venter på sykepleier","localizedLabels":{"nb":"Venter på sykepleier"}},{"value":"AZ1","label":"Hos sykepleier","localizedLabels":{"nb":"Hos sykepleier"}},{"value":"AZ2","label":"Venter på lege","localizedLabels":{"nb":"Venter på lege"}},{"value":"AZ3","label":"Hos lege","localizedLabels":{"nb":"Hos lege"}},{"value":"AZ5","label":"Ferdig for dagen","localizedLabels":{"nb":"Ferdig for dagen"}},{"value":"AZ4","label":"Ferdig for dagen (Endre \"smittefarlig sykdom\")","localizedLabels":{"nb":"Ferdig for dagen (Endre \"smittefarlig sykdom\")"}}],"terminology":"Olafia"}],"formId":"vurdering_behandling_og_plan/status_olafia/status","viewConfig":{"label":{"custom":false,"value":"","useLocalizations":false,"localizationsList":{}},"size":{"field":"inherit","label":"inherit","fill":"inherit"},"layout":{"label":{"valign":"inherit","align":"inherit"},"field":{"valign":"inherit","align":"inherit"}},"datasource":{"loadRemote":false,"loadRemoteUrl":"","terminology":""},"field":{"code":{"presentation":"combobox"}}},"defaultValue":{"code":""},"fid":"vurdering_behandling_og_plan/status_olafia/status"},{"name":"Beskjed","localizedName":"Beskjed","rmType":"DV_TEXT","nodeId":"at0003","min":0,"max":1,"localizedNames":{"nb":"Beskjed"},"localizedDescriptions":{"nb":"*"},"aqlPath":"/content[openEHR-EHR-EVALUATION.status_olafia.v1]/data[at0001]/items[at0003]/value","inputs":[{"type":"TEXT"}],"formId":"vurdering_behandling_og_plan/status_olafia/beskjed","viewConfig":{"label":{"custom":false,"value":"","useLocalizations":false,"localizationsList":{}},"size":{"field":"inherit","label":"inherit","fill":"inherit"},"layout":{"label":{"valign":"inherit","align":"inherit"},"field":{"valign":"inherit","align":"inherit"}},"datasource":{"loadRemote":false,"loadRemoteUrl":"","terminology":""},"field":{"input":{"presentation":"textfield"}}},"defaultValue":{"value":""},"fid":"vurdering_behandling_og_plan/status_olafia/beskjed"}],"viewConfig":{"label":{"custom":true,"value":"Status","useLocalizations":true,"localizationsList":{"nb":"Status"}},"size":{"field":"inherit","label":"inherit","fill":"inherit"},"layout":{"label":{"valign":"top","align":"top"},"field":{"valign":"inherit","align":"inherit"}},"field":{},"advanced":{"hidden":false,"readonly":false,"render":false},"multiplicity":{"min":"1","max":"1"},"tags":[]}},{"localizedName":"Fieldset","localizedNames":{"nb":"Medikamenter"},"min":0,"max":-1,"name":"Fieldset","rmType":"GENERIC_FIELDSET","fid":"generic-field-64433","formId":"generic-field-64433","children":[{"name":"Medikasjonshandlinger 1","localizedName":"Medikasjonshandlinger 1","rmType":"ACTION","nodeId":"openEHR-EHR-ACTION.medication_olafia.v1","min":0,"max":1,"localizedNames":{"nb":"Medikament 1"},"localizedDescriptions":{"nb":"Detaljer om bruk, administrasjon, utdeling eller andre steg i behandlingsprosessen som er knyttet til en medisin, vaksine eller andre terapeutiske/medisinske varer som kan følge en forordning gjort av en kliniker."},"aqlPath":"/content[openEHR-EHR-ACTION.medication_olafia.v1,'Medikasjonshandlinger 1']","fid":"vurdering_behandling_og_plan/medikasjonshandlinger_1","formId":"vurdering_behandling_og_plan/medikasjonshandlinger_1","viewConfig":{"label":{"custom":true,"value":"Medikament 1","useLocalizations":true,"localizationsList":{"nb":"Medikament 1"}},"size":{"field":"inherit","label":"inherit","fill":"inherit"},"layout":{"label":{"valign":"inherit","align":"inherit"},"field":{"valign":"inherit","align":"inherit"}},"field":{},"advanced":{"hidden":false,"readonly":false,"render":true},"multiplicity":{"min":"0","max":"1"},"tags":["ForceMinMultiplicity"],"datasource":{"loadRemote":false,"loadRemoteUrl":"","terminology":""},"annotations":{"description":"*"}},"children":[{"name":"Ofte brukte medikamenter","localizedName":"Ofte brukte medikamenter","rmType":"DV_CODED_TEXT","nodeId":"at0001","min":0,"max":1,"localizedNames":{"nb":"Ofte brukte medikamenter"},"localizedDescriptions":{"nb":"*"},"aqlPath":"/content[openEHR-EHR-ACTION.medication_olafia.v1,'Medikasjonshandlinger 1']/description[at0017]/items[openEHR-EHR-CLUSTER.ofte_brukte_medikamenter.v1]/items[at0001]/value","inputs":[{"suffix":"code","type":"CODED_TEXT","list":[{"value":"BC0","label":"Doksycyklin 7 dager","localizedLabels":{"nb":"Doksycyklin 7 dager"}},{"value":"BC1","label":"Doksycyklin 14 dager","localizedLabels":{"nb":"Doksycyklin 14 dager"}},{"value":"BC2","label":"Doksycyklin 21 dager","localizedLabels":{"nb":"Doksycyklin 21 dager"}},{"value":"BC3","label":"Doksycyklin 28 dager","localizedLabels":{"nb":"Doksycyklin 28 dager"}},{"value":"BC4","label":"Azitromycin 2 tabl engangsdose","localizedLabels":{"nb":"Azitromycin 2 tabl engangsdose"}},{"value":"BC5","label":"Azitromycin 3 tabl engangsdose","localizedLabels":{"nb":"Azitromycin 3 tabl engangsdose"}},{"value":"BC6","label":"Azitromycin 4 tabl engangsdose","localizedLabels":{"nb":"Azitromycin 4 tabl engangsdose"}},{"value":"BC7","label":"Azitromycin over 5 dager","localizedLabels":{"nb":"Azitromycin over 5 dager"}},{"value":"BC8","label":"Ceftiraxon 500 mg","localizedLabels":{"nb":"Ceftiraxon 500 mg"}},{"value":"BC9","label":"Ceftiraxon 1 gram","localizedLabels":{"nb":"Ceftiraxon 1 gram"}},{"value":"BC10","label":"Tardocillin 2,4 mill IE inj. 1 beh.","localizedLabels":{"nb":"Tardocillin 2,4 mill IE inj. 1 beh."}},{"value":"BC15","label":"Tardocillin 2,4 mill IE inj. 3 beh.-KUN FOR LEGE","localizedLabels":{"nb":"Tardocillin 2,4 mill IE inj. 3 beh.-KUN FOR LEGE"}},{"value":"BC11","label":"Aciclovir - resept","localizedLabels":{"nb":"Aciclovir - resept"}},{"value":"BC12","label":"Zovirax - resept","localizedLabels":{"nb":"Zovirax - resept"}},{"value":"BC13","label":"Valtrex 7 - resept","localizedLabels":{"nb":"Valtrex 7 - resept"}},{"value":"BC14","label":"Avelox - resept","localizedLabels":{"nb":"Avelox - resept"}},{"value":"BC16","label":"Dermovat - resept","localizedLabels":{"nb":"Dermovat - resept"}}],"terminology":"Olafia"}],"formId":"vurdering_behandling_og_plan/medikasjonshandlinger_1/ofte_brukte_medikamenter/ofte_brukte_medikamenter","viewConfig":{"label":{"custom":true,"value":"Hurtigvalg","useLocalizations":true,"localizationsList":{"nb":"Hurtigvalg"}},"size":{"field":"inherit","label":"inherit","fill":"inherit"},"layout":{"label":{"valign":"inherit","align":"top"},"field":{"valign":"inherit","align":"inherit"}},"datasource":{"loadRemote":false,"loadRemoteUrl":"","terminology":""},"advanced":{"hidden":false,"readonly":false},"multiplicity":{"min":"0","max":"1"},"tags":[],"field":{"code":{"presentation":"combobox"}}},"defaultValue":{"code":""},"fid":"vurdering_behandling_og_plan/medikasjonshandlinger_1/ofte_brukte_medikamenter/ofte_brukte_medikamenter"},{"localizedName":"Fieldset","localizedNames":{"nb":"Medikament 1"},"min":0,"max":-1,"name":"Fieldset","rmType":"GENERIC_FIELDSET","fid":"generic-field-36882","inputs":[{"type":"TEXT"}],"formId":"generic-field-36882","viewConfig":{"label":{"custom":true,"value":"Medikament 1","useLocalizations":true,"localizationsList":{"nb":"Medikament 1"}},"advanced":{"hidden":false,"readonly":false,"render":true},"multiplicity":{"min":"0","max":"1"},"size":{"field":"inherit","label":"inherit","fill":"inherit"},"layout":{"label":{"valign":"inherit","align":"top"},"field":{"valign":"inherit","align":"inherit"}},"field":{},"tags":["hidelabel"],"annotations":{"headerSize":"text"}},"children":[{"name":"Legemiddel / Medisin","localizedName":"Legemiddel / Medisin","rmType":"DV_TEXT","nodeId":"at0020","min":0,"max":1,"localizedNames":{"nb":"Legemiddel / Medisin"},"localizedDescriptions":{"nb":"Medisinen, vaksinen eller annen terapeutisk/medisinsk vare som var i fokus i denne aktiviteten (Action). Dette elementet vil normalt sett bli kodet med en medisinsk terminologi, men i noen tilfeller kan fritekst være nødvendig."},"aqlPath":"/content[openEHR-EHR-ACTION.medication_olafia.v1,'Medikasjonshandlinger 1']/description[at0017]/items[at0020]/value","inputs":[{"type":"TEXT"}],"formId":"vurdering_behandling_og_plan/medikasjonshandlinger_1/legemiddel_medisin","viewConfig":{"label":{"custom":false,"value":"","useLocalizations":false,"localizationsList":{}},"size":{"field":"inherit","label":"inherit","fill":"inherit"},"layout":{"label":{"valign":"inherit","align":"inherit"},"field":{"valign":"inherit","align":"inherit"}},"datasource":{"loadRemote":false,"loadRemoteUrl":"","terminology":""},"annotations":{"description":"*"},"field":{"input":{"presentation":"textfield"}}},"defaultValue":{"value":""},"fid":"vurdering_behandling_og_plan/medikasjonshandlinger_1/legemiddel_medisin"},{"name":"Beskrivelse","localizedName":"Beskrivelse","rmType":"DV_TEXT","nodeId":"at0003","min":0,"max":1,"localizedNames":{"nb":"Beskrivelse"},"localizedDescriptions":{"nb":"Fritekstbeskrivelse av mengden, som kan bestå av både mengde og styrke."},"aqlPath":"/content[openEHR-EHR-ACTION.medication_olafia.v1,'Medikasjonshandlinger 1']/description[at0017]/items[openEHR-EHR-CLUSTER.medication_amount.v1]/items[at0003]/value","inputs":[{"type":"TEXT"}],"formId":"vurdering_behandling_og_plan/medikasjonshandlinger_1/medikamentmengde/beskrivelse","viewConfig":{"label":{"custom":true,"value":"Dosering","useLocalizations":true,"localizationsList":{"nb":"Dosering"}},"size":{"field":"inherit","label":"inherit","fill":"inherit"},"layout":{"label":{"valign":"inherit","align":"inherit"},"field":{"valign":"inherit","align":"inherit"}},"datasource":{"loadRemote":false,"loadRemoteUrl":"","terminology":""},"annotations":{"description":"*"},"advanced":{"hidden":false,"readonly":false},"multiplicity":{"min":"0","max":"1"},"tags":[],"field":{"input":{"presentation":"textfield"}}},"defaultValue":{"value":""},"fid":"vurdering_behandling_og_plan/medikasjonshandlinger_1/medikamentmengde/beskrivelse"},{"name":"Refusjonskategori","localizedName":"Refusjonskategori","rmType":"DV_TEXT","nodeId":"at0038","min":0,"max":1,"localizedNames":{"nb":"Refusjonskategori"},"localizedDescriptions":{"nb":"Kategori for refusjon som søkes for varen/artikkelen."},"aqlPath":"/content[openEHR-EHR-ACTION.medication_olafia.v1,'Medikasjonshandlinger 1']/protocol[at0030]/items[at0038]/value","inputs":[{"type":"TEXT"}],"formId":"vurdering_behandling_og_plan/medikasjonshandlinger_1/refusjonskategori","viewConfig":{"label":{"custom":false,"value":"","useLocalizations":false,"localizationsList":{}},"size":{"field":"inherit","label":"inherit","fill":"inherit"},"layout":{"label":{"valign":"inherit","align":"inherit"},"field":{"valign":"inherit","align":"inherit"}},"datasource":{"loadRemote":false,"loadRemoteUrl":"","terminology":""},"annotations":{"description":"*"},"field":{"input":{"presentation":"textfield"}}},"defaultValue":{"value":""},"fid":"vurdering_behandling_og_plan/medikasjonshandlinger_1/refusjonskategori"},{"name":"Careflow_step","rmType":"DV_CODED_TEXT","min":0,"max":1,"aqlPath":"/content[openEHR-EHR-ACTION.medication_olafia.v1,'Medikasjonshandlinger 1']/ism_transition/careflow_step","inputs":[{"suffix":"code","type":"CODED_TEXT","list":[{"value":"at0002","label":"Medikasjon forordnet","localizedLabels":{"nb":"Medikasjon forordnet"},"currentStates":["245"]},{"value":"at0045","label":"Resept utdelt","localizedLabels":{"nb":"Resept utdelt"},"currentStates":["245"]},{"value":"at0003","label":"Medikasjonen utdelt","localizedLabels":{"nb":"Medikasjonen utdelt"},"currentStates":["245"]},{"value":"at0006","label":"Medikasjon administrert","localizedLabels":{"nb":"Medikasjon administrert"},"currentStates":["245"]}]}],"inContext":true,"formId":"vurdering_behandling_og_plan/medikasjonshandlinger_1/ism_transition/careflow_step","viewConfig":{"label":{"custom":true,"value":"Medikament status","useLocalizations":false,"localizationsList":{}},"size":{"field":"inherit","label":"inherit","fill":"inherit"},"layout":{"label":{"valign":"inherit","align":"inherit"},"field":{"valign":"inherit","align":"inherit"}},"datasource":{"loadRemote":false,"loadRemoteUrl":"","terminology":""},"advanced":{"hidden":false,"readonly":false},"multiplicity":{"min":"1","max":"1"},"tags":[],"annotations":{},"field":{"code":{"presentation":"combobox"}}},"defaultValue":{"code":""},"fid":"vurdering_behandling_og_plan/medikasjonshandlinger_1/ism_transition/careflow_step"},{"name":"Medikament utdelt/administrert","localizedName":"Medikament utdelt/administrert","rmType":"DV_CODED_TEXT","nodeId":"at0004","min":0,"max":1,"localizedNames":{"nb":"Medikament utdelt/administrert"},"localizedDescriptions":{"nb":"*"},"aqlPath":"/content[openEHR-EHR-ACTION.medication_olafia.v1,'Medikasjonshandlinger 1']/description[at0017]/items[openEHR-EHR-CLUSTER.olafia_medikament_administrasjon.v1]/items[at0004]/value","inputs":[{"suffix":"code","type":"CODED_TEXT","list":[{"value":"at0006","label":"Ja","localizedLabels":{"nb":"Ja"},"localizedDescriptions":{"nb":"*"}},{"value":"at0008","label":"Nei/Ikke aktuelt","localizedLabels":{"nb":"Nei/Ikke aktuelt"},"localizedDescriptions":{"nb":"*"}}]}],"fid":"vurdering_behandling_og_plan/medikasjonshandlinger_1/olafia_medikament_administrasjon/medikament_utdelt_administrert","defaultValue":{"code":""},"formId":"vurdering_behandling_og_plan/medikasjonshandlinger_1/olafia_medikament_administrasjon/medikament_utdelt_administrert","viewConfig":{"label":{"custom":true,"value":"Medikament utdelt/administrert","useLocalizations":true,"localizationsList":{"nb":"Medikament utdelt/administrert"}},"advanced":{"hidden":true,"readonly":false},"multiplicity":{"min":"0","max":"1"},"size":{"field":"inherit","label":"inherit","fill":"inherit"},"layout":{"label":{"valign":"inherit","align":"top"},"field":{"valign":"inherit","align":"inherit"}},"datasource":{"loadRemote":false,"loadRemoteUrl":"","terminology":""},"tags":["showasradios"],"annotations":{"description":"Rapportfelt"},"field":{"code":{"presentation":"combobox"}}}},{"name":"Olafia medikament administrasjon","localizedName":"Olafia medikament administrasjon","rmType":"CLUSTER","nodeId":"openEHR-EHR-CLUSTER.olafia_medikament_administrasjon.v1","min":0,"max":-1,"localizedNames":{"nb":"Medikament administrasjon"},"localizedDescriptions":{"nb":"unknown"},"aqlPath":"/content[openEHR-EHR-ACTION.medication_olafia.v1,'Medikasjonshandlinger 1']/description[at0017]/items[openEHR-EHR-CLUSTER.olafia_medikament_administrasjon.v1]","formId":"vurdering_behandling_og_plan/medikasjonshandlinger_1/olafia_medikament_administrasjon","viewConfig":{"label":{"custom":true,"value":"Medikament administrasjon","useLocalizations":true,"localizationsList":{"nb":"Medikament administrasjon"}},"size":{"field":"inherit","label":"inherit","fill":"inherit"},"layout":{"label":{"valign":"inherit","align":"inherit"},"field":{"valign":"inherit","align":"inherit"}},"field":{},"advanced":{"hidden":false,"readonly":false,"render":true},"multiplicity":{"min":"0","max":"1"},"tags":["ForceMinMultiplicity"],"datasource":{"loadRemote":false,"loadRemoteUrl":"","terminology":""}},"fid":"vurdering_behandling_og_plan/medikasjonshandlinger_1/olafia_medikament_administrasjon","inputs":[{"type":"TEXT"}],"children":[{"name":"Behandling avklart med lege","localizedName":"Behandling avklart med lege","rmType":"DV_TEXT","nodeId":"at0001","min":0,"max":1,"localizedNames":{"nb":"Behandling avklart med lege"},"localizedDescriptions":{"nb":"*"},"aqlPath":"/content[openEHR-EHR-ACTION.medication_olafia.v1,'Medikasjonshandlinger 1']/description[at0017]/items[openEHR-EHR-CLUSTER.olafia_medikament_administrasjon.v1]/items[at0001]/value","inputs":[{"suffix":"code","type":"CODED_TEXT","list":[{"value":"BR1","label":"Ja","localizedLabels":{"nb":"Ja"}},{"value":"BR2","label":"Nei, ikke nødvendig ihht prosedyre","localizedLabels":{"nb":"Nei, ikke nødvendig ihht prosedyre"}}],"terminology":"Olafia"}],"formId":"vurdering_behandling_og_plan/medikasjonshandlinger_1/olafia_medikament_administrasjon/behandling_avklart_med_lege","viewConfig":{"label":{"custom":false,"value":"","useLocalizations":false,"localizationsList":{}},"size":{"field":"inherit","label":"inherit","fill":"inherit"},"layout":{"label":{"valign":"inherit","align":"inherit"},"field":{"valign":"inherit","align":"inherit"}},"datasource":{"loadRemote":false,"loadRemoteUrl":"","terminology":""},"advanced":{"hidden":false,"readonly":false},"multiplicity":{"min":"0","max":"1"},"tags":["showasradios"],"field":{"code":{"presentation":"combobox"}}},"defaultValue":{"code":""},"fid":"vurdering_behandling_og_plan/medikasjonshandlinger_1/olafia_medikament_administrasjon/behandling_avklart_med_lege"},{"name":"Legens navn","localizedName":"Legens navn","rmType":"DV_CODED_TEXT","nodeId":"at0002","min":0,"max":1,"localizedNames":{"nb":"Legens navn"},"localizedDescriptions":{"nb":"*"},"aqlPath":"/content[openEHR-EHR-ACTION.medication_olafia.v1,'Medikasjonshandlinger 1']/description[at0017]/items[openEHR-EHR-CLUSTER.olafia_medikament_administrasjon.v1]/items[at0002]/value","inputs":[{"suffix":"code","type":"TEXT","terminology":"DIPS?subset=HEALTHCAREPARTY&language=en-GB"},{"suffix":"value","type":"TEXT","terminology":"DIPS?subset=HEALTHCAREPARTY&language=en-GB"}],"fid":"vurdering_behandling_og_plan/medikasjonshandlinger_1/olafia_medikament_administrasjon/legens_navn","formId":"vurdering_behandling_og_plan/medikasjonshandlinger_1/olafia_medikament_administrasjon/legens_navn","viewConfig":{"label":{"custom":false,"value":"","useLocalizations":false,"localizationsList":{}},"advanced":{"hidden":false,"readonly":false},"multiplicity":{"min":"0","max":"1"},"size":{"field":"inherit","label":"inherit","fill":"inherit"},"layout":{"label":{"valign":"inherit","align":"inherit"},"field":{"valign":"inherit","align":"inherit"}},"datasource":{"loadRemote":false,"loadRemoteUrl":"","terminology":""},"field":{"code":{"presentation":"textfield"},"value":{"presentation":"textfield"}}},"defaultValue":{"code":"","value":""}},{"name":"Dobbeltkontroll","localizedName":"Dobbeltkontroll","rmType":"DV_BOOLEAN","nodeId":"at0009","min":0,"max":1,"localizedNames":{"nb":"Dobbeltkontroll"},"localizedDescriptions":{"nb":"*"},"aqlPath":"/content[openEHR-EHR-ACTION.medication_olafia.v1,'Medikasjonshandlinger 1']/description[at0017]/items[openEHR-EHR-CLUSTER.olafia_medikament_administrasjon.v1]/items[at0009]/value","inputs":[{"type":"BOOLEAN"}],"fid":"vurdering_behandling_og_plan/medikasjonshandlinger_1/olafia_medikament_administrasjon/dobbeltkontroll2","formId":"vurdering_behandling_og_plan/medikasjonshandlinger_1/olafia_medikament_administrasjon/dobbeltkontroll2","viewConfig":{"label":{"custom":false,"value":"","useLocalizations":false,"localizationsList":{}},"advanced":{"hidden":false,"readonly":false},"multiplicity":{"min":"0","max":"1"},"size":{"field":"inherit","label":"inherit","fill":"inherit"},"layout":{"label":{"valign":"middle","align":"left"},"field":{"valign":"inherit","align":"inherit"}},"tags":[],"datasource":{"loadRemote":false,"loadRemoteUrl":"","terminology":""},"field":{"input":{"threeState":false}}},"defaultValue":{"value":""}}]}]}]},{"name":"Medikasjonshandlinger 2","localizedName":"Medikasjonshandlinger 2","rmType":"ACTION","nodeId":"openEHR-EHR-ACTION.medication_olafia.v1","min":0,"max":1,"localizedNames":{"nb":"Medikament 2"},"localizedDescriptions":{"nb":"Detaljer om bruk, administrasjon, utdeling eller andre steg i behandlingsprosessen som er knyttet til en medisin, vaksine eller andre terapeutiske/medisinske varer som kan følge en forordning gjort av en kliniker."},"aqlPath":"/content[openEHR-EHR-ACTION.medication_olafia.v1,'Medikasjonshandlinger 2']","fid":"vurdering_behandling_og_plan/medikasjonshandlinger_2","formId":"vurdering_behandling_og_plan/medikasjonshandlinger_2","viewConfig":{"label":{"custom":true,"value":"Medikament 2","useLocalizations":true,"localizationsList":{"nb":"Medikament 2"}},"advanced":{"hidden":false,"readonly":false,"render":true},"multiplicity":{"min":"0","max":"1"},"size":{"field":"inherit","label":"inherit","fill":"inherit"},"layout":{"label":{"valign":"inherit","align":"inherit"},"field":{"valign":"inherit","align":"inherit"}},"field":{},"tags":["ForceMinMultiplicity"],"datasource":{"loadRemote":false,"loadRemoteUrl":"","terminology":""},"annotations":{"description":"*"}},"children":[{"name":"Ofte brukte medikamenter","localizedName":"Ofte brukte medikamenter","rmType":"DV_CODED_TEXT","nodeId":"at0001","min":0,"max":1,"localizedNames":{"nb":"Ofte brukte medikamenter"},"localizedDescriptions":{"nb":"*"},"aqlPath":"/content[openEHR-EHR-ACTION.medication_olafia.v1,'Medikasjonshandlinger 2']/description[at0017]/items[openEHR-EHR-CLUSTER.ofte_brukte_medikamenter.v1]/items[at0001]/value","inputs":[{"suffix":"code","type":"CODED_TEXT","list":[{"value":"BC0","label":"Doksycyklin 7 dager","localizedLabels":{"nb":"Doksycyklin 7 dager"}},{"value":"BC1","label":"Doksycyklin 14 dager","localizedLabels":{"nb":"Doksycyklin 14 dager"}},{"value":"BC2","label":"Doksycyklin 21 dager","localizedLabels":{"nb":"Doksycyklin 21 dager"}},{"value":"BC3","label":"Doksycyklin 28 dager","localizedLabels":{"nb":"Doksycyklin 28 dager"}},{"value":"BC4","label":"Azitromycin 2 tabl engangsdose","localizedLabels":{"nb":"Azitromycin 2 tabl engangsdose"}},{"value":"BC5","label":"Azitromycin 3 tabl engangsdose","localizedLabels":{"nb":"Azitromycin 3 tabl engangsdose"}},{"value":"BC6","label":"Azitromycin 4 tabl engangsdose","localizedLabels":{"nb":"Azitromycin 4 tabl engangsdose"}},{"value":"BC7","label":"Azitromycin over 5 dager","localizedLabels":{"nb":"Azitromycin over 5 dager"}},{"value":"BC8","label":"Ceftiraxon 500 mg","localizedLabels":{"nb":"Ceftiraxon 500 mg"}},{"value":"BC9","label":"Ceftiraxon 1 gram","localizedLabels":{"nb":"Ceftiraxon 1 gram"}},{"value":"BC10","label":"Tardocillin 2,4 mill IE inj. 1 beh.","localizedLabels":{"nb":"Tardocillin 2,4 mill IE inj. 1 beh."}},{"value":"BC15","label":"Tardocillin 2,4 mill IE inj. 3 beh.-KUN FOR LEGE","localizedLabels":{"nb":"Tardocillin 2,4 mill IE inj. 3 beh.-KUN FOR LEGE"}},{"value":"BC11","label":"Aciclovir - resept","localizedLabels":{"nb":"Aciclovir - resept"}},{"value":"BC12","label":"Zovirax - resept","localizedLabels":{"nb":"Zovirax - resept"}},{"value":"BC13","label":"Valtrex 7 - resept","localizedLabels":{"nb":"Valtrex 7 - resept"}},{"value":"BC14","label":"Avelox - resept","localizedLabels":{"nb":"Avelox - resept"}},{"value":"BC16","label":"Dermovat - resept","localizedLabels":{"nb":"Dermovat - resept"}}],"terminology":"Olafia"}],"formId":"vurdering_behandling_og_plan/medikasjonshandlinger_2/ofte_brukte_medikamenter/ofte_brukte_medikamenter","viewConfig":{"label":{"custom":true,"value":"Hurtigvalg","useLocalizations":true,"localizationsList":{"nb":"Hurtigvalg"}},"advanced":{"hidden":false,"readonly":false},"multiplicity":{"min":"0","max":"1"},"size":{"field":"inherit","label":"inherit","fill":"inherit"},"layout":{"label":{"valign":"inherit","align":"inherit"},"field":{"valign":"inherit","align":"inherit"}},"datasource":{"loadRemote":false,"loadRemoteUrl":"","terminology":""},"tags":[],"field":{"code":{"presentation":"combobox"}}},"defaultValue":{"code":""},"fid":"vurdering_behandling_og_plan/medikasjonshandlinger_2/ofte_brukte_medikamenter/ofte_brukte_medikamenter"},{"localizedName":"Fieldset","localizedNames":{"nb":"Medikament 2"},"min":0,"max":-1,"name":"Fieldset","rmType":"GENERIC_FIELDSET","fid":"generic-field-97330","inputs":[{"type":"TEXT"}],"formId":"generic-field-97330","viewConfig":{"label":{"custom":true,"value":"Medikament 2","useLocalizations":true,"localizationsList":{"nb":"Medikament 2"}},"advanced":{"hidden":false,"readonly":false,"render":true},"multiplicity":{"min":"0","max":"100"},"size":{"field":"inherit","label":"inherit","fill":"inherit"},"layout":{"label":{"valign":"inherit","align":"inherit"},"field":{"valign":"inherit","align":"inherit"}},"field":{},"tags":["hidelabel"],"annotations":{"headerSize":"text"}},"children":[{"name":"Legemiddel / Medisin","localizedName":"Legemiddel / Medisin","rmType":"DV_TEXT","nodeId":"at0020","min":0,"max":1,"localizedNames":{"nb":"Legemiddel / Medisin"},"localizedDescriptions":{"nb":"Medisinen, vaksinen eller annen terapeutisk/medisinsk vare som var i fokus i denne aktiviteten (Action). Dette elementet vil normalt sett bli kodet med en medisinsk terminologi, men i noen tilfeller kan fritekst være nødvendig."},"aqlPath":"/content[openEHR-EHR-ACTION.medication_olafia.v1,'Medikasjonshandlinger 2']/description[at0017]/items[at0020]/value","inputs":[{"type":"TEXT"}],"formId":"vurdering_behandling_og_plan/medikasjonshandlinger_2/legemiddel_medisin","viewConfig":{"label":{"custom":false,"value":"","useLocalizations":false,"localizationsList":{}},"advanced":{"hidden":false,"readonly":false,"render":false},"multiplicity":{"min":"0","max":"1"},"size":{"field":"inherit","label":"inherit","fill":"inherit"},"layout":{"label":{"valign":"inherit","align":"inherit"},"field":{"valign":"inherit","align":"inherit"}},"datasource":{"loadRemote":false,"loadRemoteUrl":"","terminology":""},"annotations":{"description":"*"},"field":{"input":{"presentation":"textfield"}}},"defaultValue":{"value":""},"fid":"vurdering_behandling_og_plan/medikasjonshandlinger_2/legemiddel_medisin"},{"name":"Beskrivelse","localizedName":"Beskrivelse","rmType":"DV_TEXT","nodeId":"at0003","min":0,"max":1,"localizedNames":{"nb":"Beskrivelse"},"localizedDescriptions":{"nb":"Fritekstbeskrivelse av mengden, som kan bestå av både mengde og styrke."},"aqlPath":"/content[openEHR-EHR-ACTION.medication_olafia.v1,'Medikasjonshandlinger 2']/description[at0017]/items[openEHR-EHR-CLUSTER.medication_amount.v1]/items[at0003]/value","inputs":[{"type":"TEXT"}],"formId":"vurdering_behandling_og_plan/medikasjonshandlinger_2/medikamentmengde/beskrivelse","viewConfig":{"label":{"custom":true,"value":"Dosering","useLocalizations":true,"localizationsList":{"nb":"Dosering"}},"advanced":{"hidden":false,"readonly":false},"multiplicity":{"min":"0","max":"1"},"size":{"field":"inherit","label":"inherit","fill":"inherit"},"layout":{"label":{"valign":"inherit","align":"inherit"},"field":{"valign":"inherit","align":"inherit"}},"datasource":{"loadRemote":false,"loadRemoteUrl":"","terminology":""},"annotations":{"description":"*"},"tags":[],"field":{"input":{"presentation":"textfield"}}},"defaultValue":{"value":""},"fid":"vurdering_behandling_og_plan/medikasjonshandlinger_2/medikamentmengde/beskrivelse"},{"name":"Refusjonskategori","localizedName":"Refusjonskategori","rmType":"DV_TEXT","nodeId":"at0038","min":0,"max":1,"localizedNames":{"nb":"Refusjonskategori"},"localizedDescriptions":{"nb":"Kategori for refusjon som søkes for varen/artikkelen."},"aqlPath":"/content[openEHR-EHR-ACTION.medication_olafia.v1,'Medikasjonshandlinger 2']/protocol[at0030]/items[at0038]/value","inputs":[{"type":"TEXT"}],"formId":"vurdering_behandling_og_plan/medikasjonshandlinger_2/refusjonskategori","viewConfig":{"label":{"custom":false,"value":"","useLocalizations":false,"localizationsList":{}},"advanced":{"hidden":false,"readonly":false,"render":false},"multiplicity":{"min":"0","max":"1"},"size":{"field":"inherit","label":"inherit","fill":"inherit"},"layout":{"label":{"valign":"inherit","align":"inherit"},"field":{"valign":"inherit","align":"inherit"}},"datasource":{"loadRemote":false,"loadRemoteUrl":"","terminology":""},"annotations":{"description":"*"},"field":{"input":{"presentation":"textfield"}}},"defaultValue":{"value":""},"fid":"vurdering_behandling_og_plan/medikasjonshandlinger_2/refusjonskategori"},{"name":"Careflow_step","rmType":"DV_CODED_TEXT","min":0,"max":1,"aqlPath":"/content[openEHR-EHR-ACTION.medication_olafia.v1,'Medikasjonshandlinger 2']/ism_transition/careflow_step","inputs":[{"suffix":"code","type":"CODED_TEXT","list":[{"value":"at0002","label":"Medikasjon forordnet","localizedLabels":{"nb":"Medikasjon forordnet"},"currentStates":["245"]},{"value":"at0045","label":"Resept utdelt","localizedLabels":{"nb":"Resept utdelt"},"currentStates":["245"]},{"value":"at0003","label":"Medikasjonen utdelt","localizedLabels":{"nb":"Medikasjonen utdelt"},"currentStates":["245"]},{"value":"at0006","label":"Medikasjon administrert","localizedLabels":{"nb":"Medikasjon administrert"},"currentStates":["245"]}]}],"inContext":true,"formId":"vurdering_behandling_og_plan/medikasjonshandlinger_2/ism_transition/careflow_step","viewConfig":{"label":{"custom":true,"value":"Medikament status","useLocalizations":false,"localizationsList":{}},"advanced":{"hidden":false,"readonly":false},"multiplicity":{"min":"1","max":"1"},"size":{"field":"inherit","label":"inherit","fill":"inherit"},"layout":{"label":{"valign":"inherit","align":"inherit"},"field":{"valign":"inherit","align":"inherit"}},"datasource":{"loadRemote":false,"loadRemoteUrl":"","terminology":""},"annotations":{},"tags":[],"field":{"code":{"presentation":"combobox"}}},"defaultValue":{"code":""},"fid":"vurdering_behandling_og_plan/medikasjonshandlinger_2/ism_transition/careflow_step"},{"name":"Medikament utdelt/administrert","localizedName":"Medikament utdelt/administrert","rmType":"DV_CODED_TEXT","nodeId":"at0004","min":0,"max":1,"localizedNames":{"nb":"Medikament utdelt/administrert"},"localizedDescriptions":{"nb":"*"},"aqlPath":"/content[openEHR-EHR-ACTION.medication_olafia.v1,'Medikasjonshandlinger 2']/description[at0017]/items[openEHR-EHR-CLUSTER.olafia_medikament_administrasjon.v1]/items[at0004]/value","inputs":[{"suffix":"code","type":"CODED_TEXT","list":[{"value":"at0006","label":"Ja","localizedLabels":{"nb":"Ja"},"localizedDescriptions":{"nb":"*"}},{"value":"at0008","label":"Nei/Ikke aktuelt","localizedLabels":{"nb":"Nei/Ikke aktuelt"},"localizedDescriptions":{"nb":"*"}}]}],"formId":"vurdering_behandling_og_plan/medikasjonshandlinger_2/olafia_medikament_administrasjon/medikament_utdelt_administrert","viewConfig":{"label":{"custom":true,"value":"Medikament utdelt/administrert","useLocalizations":true,"localizationsList":{"nb":"Medikament utdelt/administrert"}},"advanced":{"hidden":true,"readonly":false},"multiplicity":{"min":"0","max":"1"},"size":{"field":"inherit","label":"inherit","fill":"inherit"},"layout":{"label":{"valign":"inherit","align":"inherit"},"field":{"valign":"inherit","align":"inherit"}},"datasource":{"loadRemote":false,"loadRemoteUrl":"","terminology":""},"tags":["showasradios"],"annotations":{"description":"Rapportfelt"},"field":{"code":{"presentation":"combobox"}}},"defaultValue":{"code":""},"fid":"vurdering_behandling_og_plan/medikasjonshandlinger_2/olafia_medikament_administrasjon/medikament_utdelt_administrert"},{"name":"Olafia medikament administrasjon","localizedName":"Olafia medikament administrasjon","rmType":"CLUSTER","nodeId":"openEHR-EHR-CLUSTER.olafia_medikament_administrasjon.v1","min":0,"max":-1,"localizedNames":{"nb":"Medikament administrasjon"},"localizedDescriptions":{"nb":"unknown"},"aqlPath":"/content[openEHR-EHR-ACTION.medication_olafia.v1,'Medikasjonshandlinger 2']/description[at0017]/items[openEHR-EHR-CLUSTER.olafia_medikament_administrasjon.v1]","formId":"vurdering_behandling_og_plan/medikasjonshandlinger_2/olafia_medikament_administrasjon","viewConfig":{"label":{"custom":true,"value":"Medikament administrasjon","useLocalizations":true,"localizationsList":{"nb":"Medikament administrasjon"}},"advanced":{"hidden":false,"readonly":false,"render":false},"multiplicity":{"min":"0","max":"1"},"size":{"field":"inherit","label":"inherit","fill":"inherit"},"layout":{"label":{"valign":"inherit","align":"inherit"},"field":{"valign":"inherit","align":"inherit"}},"field":{},"tags":["ForceMinMultiplicity"]},"fid":"vurdering_behandling_og_plan/medikasjonshandlinger_2/olafia_medikament_administrasjon","inputs":[{"type":"TEXT"}],"children":[{"name":"Behandling avklart med lege","localizedName":"Behandling avklart med lege","rmType":"DV_TEXT","nodeId":"at0001","min":0,"max":1,"localizedNames":{"nb":"Behandling avklart med lege"},"localizedDescriptions":{"nb":"*"},"aqlPath":"/content[openEHR-EHR-ACTION.medication_olafia.v1,'Medikasjonshandlinger 2']/description[at0017]/items[openEHR-EHR-CLUSTER.olafia_medikament_administrasjon.v1]/items[at0001]/value","inputs":[{"suffix":"code","type":"CODED_TEXT","list":[{"value":"BR1","label":"Ja","localizedLabels":{"nb":"Ja"}},{"value":"BR2","label":"Nei, ikke nødvendig ihht prosedyre","localizedLabels":{"nb":"Nei, ikke nødvendig ihht prosedyre"}}],"terminology":"Olafia"}],"formId":"vurdering_behandling_og_plan/medikasjonshandlinger_2/olafia_medikament_administrasjon/behandling_avklart_med_lege","viewConfig":{"label":{"custom":false,"value":"","useLocalizations":false,"localizationsList":{}},"advanced":{"hidden":false,"readonly":false},"multiplicity":{"min":"0","max":"1"},"size":{"field":"inherit","label":"inherit","fill":"inherit"},"layout":{"label":{"valign":"inherit","align":"inherit"},"field":{"valign":"inherit","align":"inherit"}},"datasource":{"loadRemote":false,"loadRemoteUrl":"","terminology":""},"tags":["showasradios"],"field":{"code":{"presentation":"combobox"}}},"defaultValue":{"code":""},"fid":"vurdering_behandling_og_plan/medikasjonshandlinger_2/olafia_medikament_administrasjon/behandling_avklart_med_lege"},{"name":"Legens navn","localizedName":"Legens navn","rmType":"DV_CODED_TEXT","nodeId":"at0002","min":0,"max":1,"localizedNames":{"nb":"Legens navn"},"localizedDescriptions":{"nb":"*"},"aqlPath":"/content[openEHR-EHR-ACTION.medication_olafia.v1,'Medikasjonshandlinger 2']/description[at0017]/items[openEHR-EHR-CLUSTER.olafia_medikament_administrasjon.v1]/items[at0002]/value","inputs":[{"suffix":"code","type":"TEXT","terminology":"DIPS?subset=HEALTHCAREPARTY&language=en-GB"},{"suffix":"value","type":"TEXT","terminology":"DIPS?subset=HEALTHCAREPARTY&language=en-GB"}],"fid":"vurdering_behandling_og_plan/medikasjonshandlinger_2/olafia_medikament_administrasjon/legens_navn","formId":"vurdering_behandling_og_plan/medikasjonshandlinger_2/olafia_medikament_administrasjon/legens_navn","viewConfig":{"label":{"custom":false,"value":"","useLocalizations":false,"localizationsList":{}},"advanced":{"hidden":false,"readonly":false,"render":false},"multiplicity":{"min":"0","max":"1"},"size":{"field":"inherit","label":"inherit","fill":"inherit"},"layout":{"label":{"valign":"inherit","align":"inherit"},"field":{"valign":"inherit","align":"inherit"}},"datasource":{"loadRemote":false,"loadRemoteUrl":"","terminology":""},"field":{"code":{"presentation":"textfield"},"value":{"presentation":"textfield"}}},"defaultValue":{"code":"","value":""}},{"name":"Dobbeltkontroll","localizedName":"Dobbeltkontroll","rmType":"DV_BOOLEAN","nodeId":"at0009","min":0,"max":1,"localizedNames":{"nb":"Dobbeltkontroll"},"localizedDescriptions":{"nb":"*"},"aqlPath":"/content[openEHR-EHR-ACTION.medication_olafia.v1,'Medikasjonshandlinger 2']/description[at0017]/items[openEHR-EHR-CLUSTER.olafia_medikament_administrasjon.v1]/items[at0009]/value","inputs":[{"type":"BOOLEAN"}],"fid":"vurdering_behandling_og_plan/medikasjonshandlinger_2/olafia_medikament_administrasjon/dobbeltkontroll2","formId":"vurdering_behandling_og_plan/medikasjonshandlinger_2/olafia_medikament_administrasjon/dobbeltkontroll2","viewConfig":{"label":{"custom":false,"value":"","useLocalizations":false,"localizationsList":{}},"advanced":{"hidden":false,"readonly":false},"multiplicity":{"min":"0","max":"1"},"size":{"field":"inherit","label":"inherit","fill":"inherit"},"layout":{"label":{"valign":"middle","align":"left"},"field":{"valign":"inherit","align":"inherit"}},"tags":[],"datasource":{"loadRemote":false,"loadRemoteUrl":"","terminology":""},"field":{"input":{"threeState":false}}},"defaultValue":{"value":""}}]}]}]},{"name":"Medikasjonshandlinger 3","localizedName":"Medikasjonshandlinger 3","rmType":"ACTION","nodeId":"openEHR-EHR-ACTION.medication_olafia.v1","min":0,"max":1,"localizedNames":{"nb":"Medikament 3"},"localizedDescriptions":{"nb":"Detaljer om bruk, administrasjon, utdeling eller andre steg i behandlingsprosessen som er knyttet til en medisin, vaksine eller andre terapeutiske/medisinske varer som kan følge en forordning gjort av en kliniker."},"aqlPath":"/content[openEHR-EHR-ACTION.medication_olafia.v1,'Medikasjonshandlinger 3']","fid":"vurdering_behandling_og_plan/medikasjonshandlinger_3","formId":"vurdering_behandling_og_plan/medikasjonshandlinger_3","viewConfig":{"label":{"custom":true,"value":"Medikament 3","useLocalizations":true,"localizationsList":{"nb":"Medikament 3"}},"advanced":{"hidden":false,"readonly":false,"render":true},"multiplicity":{"min":"0","max":"1"},"size":{"field":"inherit","label":"inherit","fill":"inherit"},"layout":{"label":{"valign":"inherit","align":"inherit"},"field":{"valign":"inherit","align":"inherit"}},"field":{},"tags":["ForceMinMultiplicity"],"datasource":{"loadRemote":false,"loadRemoteUrl":"","terminology":""},"annotations":{"description":"*"}},"children":[{"name":"Ofte brukte medikamenter","localizedName":"Ofte brukte medikamenter","rmType":"DV_CODED_TEXT","nodeId":"at0001","min":0,"max":1,"localizedNames":{"nb":"Ofte brukte medikamenter"},"localizedDescriptions":{"nb":"*"},"aqlPath":"/content[openEHR-EHR-ACTION.medication_olafia.v1,'Medikasjonshandlinger 3']/description[at0017]/items[openEHR-EHR-CLUSTER.ofte_brukte_medikamenter.v1]/items[at0001]/value","inputs":[{"suffix":"code","type":"CODED_TEXT","list":[{"value":"BC0","label":"Doksycyklin 7 dager","localizedLabels":{"nb":"Doksycyklin 7 dager"}},{"value":"BC1","label":"Doksycyklin 14 dager","localizedLabels":{"nb":"Doksycyklin 14 dager"}},{"value":"BC2","label":"Doksycyklin 21 dager","localizedLabels":{"nb":"Doksycyklin 21 dager"}},{"value":"BC3","label":"Doksycyklin 28 dager","localizedLabels":{"nb":"Doksycyklin 28 dager"}},{"value":"BC4","label":"Azitromycin 2 tabl engangsdose","localizedLabels":{"nb":"Azitromycin 2 tabl engangsdose"}},{"value":"BC5","label":"Azitromycin 3 tabl engangsdose","localizedLabels":{"nb":"Azitromycin 3 tabl engangsdose"}},{"value":"BC6","label":"Azitromycin 4 tabl engangsdose","localizedLabels":{"nb":"Azitromycin 4 tabl engangsdose"}},{"value":"BC7","label":"Azitromycin over 5 dager","localizedLabels":{"nb":"Azitromycin over 5 dager"}},{"value":"BC8","label":"Ceftiraxon 500 mg","localizedLabels":{"nb":"Ceftiraxon 500 mg"}},{"value":"BC9","label":"Ceftiraxon 1 gram","localizedLabels":{"nb":"Ceftiraxon 1 gram"}},{"value":"BC10","label":"Tardocillin 2,4 mill IE inj. 1 beh.","localizedLabels":{"nb":"Tardocillin 2,4 mill IE inj. 1 beh."}},{"value":"BC15","label":"Tardocillin 2,4 mill IE inj. 3 beh.-KUN FOR LEGE","localizedLabels":{"nb":"Tardocillin 2,4 mill IE inj. 3 beh.-KUN FOR LEGE"}},{"value":"BC11","label":"Aciclovir - resept","localizedLabels":{"nb":"Aciclovir - resept"}},{"value":"BC12","label":"Zovirax - resept","localizedLabels":{"nb":"Zovirax - resept"}},{"value":"BC13","label":"Valtrex 7 - resept","localizedLabels":{"nb":"Valtrex 7 - resept"}},{"value":"BC14","label":"Avelox - resept","localizedLabels":{"nb":"Avelox - resept"}},{"value":"BC16","label":"Dermovat - resept","localizedLabels":{"nb":"Dermovat - resept"}}],"terminology":"Olafia"}],"formId":"vurdering_behandling_og_plan/medikasjonshandlinger_3/ofte_brukte_medikamenter/ofte_brukte_medikamenter","viewConfig":{"label":{"custom":true,"value":"Hurtigvalg","useLocalizations":true,"localizationsList":{"nb":"Hurtigvalg"}},"advanced":{"hidden":false,"readonly":false},"multiplicity":{"min":"0","max":"1"},"size":{"field":"inherit","label":"inherit","fill":"inherit"},"layout":{"label":{"valign":"inherit","align":"inherit"},"field":{"valign":"inherit","align":"inherit"}},"datasource":{"loadRemote":false,"loadRemoteUrl":"","terminology":""},"tags":[],"field":{"code":{"presentation":"combobox"}}},"defaultValue":{"code":""},"fid":"vurdering_behandling_og_plan/medikasjonshandlinger_3/ofte_brukte_medikamenter/ofte_brukte_medikamenter"},{"localizedName":"Fieldset","localizedNames":{"nb":"Medikament 3"},"min":0,"max":-1,"name":"Fieldset","rmType":"GENERIC_FIELDSET","fid":"generic-field-53376","formId":"generic-field-53376","viewConfig":{"label":{"custom":true,"value":"Medikament 3","useLocalizations":true,"localizationsList":{"nb":"Medikament 3"}},"advanced":{"hidden":false,"readonly":false,"render":true},"multiplicity":{"min":"0","max":"100"},"size":{"field":"inherit","label":"inherit","fill":"inherit"},"layout":{"label":{"valign":"inherit","align":"inherit"},"field":{"valign":"inherit","align":"inherit"}},"field":{},"tags":["hidelabel"],"annotations":{"headerSize":"text"}},"inputs":[{"type":"TEXT"}],"children":[{"name":"Legemiddel / Medisin","localizedName":"Legemiddel / Medisin","rmType":"DV_TEXT","nodeId":"at0020","min":0,"max":1,"localizedNames":{"nb":"Legemiddel / Medisin"},"localizedDescriptions":{"nb":"Medisinen, vaksinen eller annen terapeutisk/medisinsk vare som var i fokus i denne aktiviteten (Action). Dette elementet vil normalt sett bli kodet med en medisinsk terminologi, men i noen tilfeller kan fritekst være nødvendig."},"aqlPath":"/content[openEHR-EHR-ACTION.medication_olafia.v1,'Medikasjonshandlinger 3']/description[at0017]/items[at0020]/value","inputs":[{"type":"TEXT"}],"formId":"vurdering_behandling_og_plan/medikasjonshandlinger_3/legemiddel_medisin","viewConfig":{"label":{"custom":false,"value":"","useLocalizations":false,"localizationsList":{}},"advanced":{"hidden":false,"readonly":false,"render":false},"multiplicity":{"min":"0","max":"1"},"size":{"field":"inherit","label":"inherit","fill":"inherit"},"layout":{"label":{"valign":"inherit","align":"inherit"},"field":{"valign":"inherit","align":"inherit"}},"datasource":{"loadRemote":false,"loadRemoteUrl":"","terminology":""},"annotations":{"description":"*"},"field":{"input":{"presentation":"textfield"}}},"defaultValue":{"value":""},"fid":"vurdering_behandling_og_plan/medikasjonshandlinger_3/legemiddel_medisin"},{"name":"Beskrivelse","localizedName":"Beskrivelse","rmType":"DV_TEXT","nodeId":"at0003","min":0,"max":1,"localizedNames":{"nb":"Beskrivelse"},"localizedDescriptions":{"nb":"Fritekstbeskrivelse av mengden, som kan bestå av både mengde og styrke."},"aqlPath":"/content[openEHR-EHR-ACTION.medication_olafia.v1,'Medikasjonshandlinger 3']/description[at0017]/items[openEHR-EHR-CLUSTER.medication_amount.v1]/items[at0003]/value","inputs":[{"type":"TEXT"}],"formId":"vurdering_behandling_og_plan/medikasjonshandlinger_3/medikamentmengde/beskrivelse","viewConfig":{"label":{"custom":true,"value":"Dosering","useLocalizations":true,"localizationsList":{"nb":"Dosering"}},"advanced":{"hidden":false,"readonly":false},"multiplicity":{"min":"0","max":"1"},"size":{"field":"inherit","label":"inherit","fill":"inherit"},"layout":{"label":{"valign":"inherit","align":"inherit"},"field":{"valign":"inherit","align":"inherit"}},"datasource":{"loadRemote":false,"loadRemoteUrl":"","terminology":""},"annotations":{"description":"*"},"tags":[],"field":{"input":{"presentation":"textfield"}}},"defaultValue":{"value":""},"fid":"vurdering_behandling_og_plan/medikasjonshandlinger_3/medikamentmengde/beskrivelse"},{"name":"Refusjonskategori","localizedName":"Refusjonskategori","rmType":"DV_TEXT","nodeId":"at0038","min":0,"max":1,"localizedNames":{"nb":"Refusjonskategori"},"localizedDescriptions":{"nb":"Kategori for refusjon som søkes for varen/artikkelen."},"aqlPath":"/content[openEHR-EHR-ACTION.medication_olafia.v1,'Medikasjonshandlinger 3']/protocol[at0030]/items[at0038]/value","inputs":[{"type":"TEXT"}],"formId":"vurdering_behandling_og_plan/medikasjonshandlinger_3/refusjonskategori","viewConfig":{"label":{"custom":false,"value":"","useLocalizations":false,"localizationsList":{}},"advanced":{"hidden":false,"readonly":false,"render":false},"multiplicity":{"min":"0","max":"1"},"size":{"field":"inherit","label":"inherit","fill":"inherit"},"layout":{"label":{"valign":"inherit","align":"inherit"},"field":{"valign":"inherit","align":"inherit"}},"datasource":{"loadRemote":false,"loadRemoteUrl":"","terminology":""},"annotations":{"description":"*"},"field":{"input":{"presentation":"textfield"}}},"defaultValue":{"value":""},"fid":"vurdering_behandling_og_plan/medikasjonshandlinger_3/refusjonskategori"},{"name":"Careflow_step","rmType":"DV_CODED_TEXT","min":0,"max":1,"aqlPath":"/content[openEHR-EHR-ACTION.medication_olafia.v1,'Medikasjonshandlinger 3']/ism_transition/careflow_step","inputs":[{"suffix":"code","type":"CODED_TEXT","list":[{"value":"at0002","label":"Medikasjon forordnet","localizedLabels":{"nb":"Medikasjon forordnet"},"currentStates":["245"]},{"value":"at0045","label":"Resept utdelt","localizedLabels":{"nb":"Resept utdelt"},"currentStates":["245"]},{"value":"at0003","label":"Medikasjonen utdelt","localizedLabels":{"nb":"Medikasjonen utdelt"},"currentStates":["245"]},{"value":"at0006","label":"Medikasjon administrert","localizedLabels":{"nb":"Medikasjon administrert"},"currentStates":["245"]}]}],"inContext":true,"fid":"vurdering_behandling_og_plan/medikasjonshandlinger_3/ism_transition/careflow_step","formId":"vurdering_behandling_og_plan/medikasjonshandlinger_3/ism_transition/careflow_step","viewConfig":{"label":{"custom":true,"value":"Medikament status","useLocalizations":false,"localizationsList":{}},"advanced":{"hidden":false,"readonly":false},"multiplicity":{"min":"1","max":"1"},"size":{"field":"inherit","label":"inherit","fill":"inherit"},"layout":{"label":{"valign":"inherit","align":"inherit"},"field":{"valign":"inherit","align":"inherit"}},"datasource":{"loadRemote":false,"loadRemoteUrl":"","terminology":""},"tags":[],"annotations":{},"field":{"code":{"presentation":"combobox"}}},"defaultValue":{"code":""}},{"name":"Medikament utdelt/administrert","localizedName":"Medikament utdelt/administrert","rmType":"DV_CODED_TEXT","nodeId":"at0004","min":0,"max":-1,"localizedNames":{"nb":"Medikament utdelt/administrert"},"localizedDescriptions":{"nb":"*"},"aqlPath":"/content[openEHR-EHR-ACTION.medication_olafia.v1,'Medikasjonshandlinger 3']/description[at0017]/items[openEHR-EHR-CLUSTER.olafia_medikament_administrasjon.v1]/items[at0004]/value","inputs":[{"suffix":"code","type":"CODED_TEXT","list":[{"value":"at0006","label":"Ja","localizedLabels":{"nb":"Ja"},"localizedDescriptions":{"nb":"*"}},{"value":"at0008","label":"Nei/Ikke aktuelt","localizedLabels":{"nb":"Nei/Ikke aktuelt"},"localizedDescriptions":{"nb":"*"}}]}],"fid":"vurdering_behandling_og_plan/medikasjonshandlinger_3/olafia_medikament_administrasjon/medikament_utdelt_administrert","defaultValue":{"code":""},"formId":"vurdering_behandling_og_plan/medikasjonshandlinger_3/olafia_medikament_administrasjon/medikament_utdelt_administrert","viewConfig":{"label":{"custom":true,"value":"Medikament utdelt/administrert","useLocalizations":true,"localizationsList":{"nb":"Medikament utdelt/administrert"}},"advanced":{"hidden":true,"readonly":false},"multiplicity":{"min":"0","max":"1"},"size":{"field":"inherit","label":"inherit","fill":"inherit"},"layout":{"label":{"valign":"top","align":"top"},"field":{"valign":"inherit","align":"inherit"}},"datasource":{"loadRemote":false,"loadRemoteUrl":"","terminology":""},"tags":["showasradios"],"annotations":{"description":"Rapportfelt"},"field":{"code":{"presentation":"combobox"}}}},{"name":"Olafia medikament administrasjon","localizedName":"Olafia medikament administrasjon","rmType":"CLUSTER","nodeId":"openEHR-EHR-CLUSTER.olafia_medikament_administrasjon.v1","min":0,"max":-1,"localizedNames":{"nb":"Medikament administrasjon"},"localizedDescriptions":{"nb":"unknown"},"aqlPath":"/content[openEHR-EHR-ACTION.medication_olafia.v1,'Medikasjonshandlinger 3']/description[at0017]/items[openEHR-EHR-CLUSTER.olafia_medikament_administrasjon.v1]","formId":"vurdering_behandling_og_plan/medikasjonshandlinger_3/olafia_medikament_administrasjon","viewConfig":{"label":{"custom":true,"value":"Medikament administrasjon","useLocalizations":true,"localizationsList":{"nb":"Medikament administrasjon"}},"advanced":{"hidden":false,"readonly":false,"render":false},"multiplicity":{"min":"0","max":"1"},"size":{"field":"inherit","label":"inherit","fill":"inherit"},"layout":{"label":{"valign":"inherit","align":"inherit"},"field":{"valign":"inherit","align":"inherit"}},"field":{},"tags":["ForceMinMultiplicity"]},"fid":"vurdering_behandling_og_plan/medikasjonshandlinger_3/olafia_medikament_administrasjon","inputs":[{"type":"TEXT"}],"children":[{"name":"Behandling avklart med lege","localizedName":"Behandling avklart med lege","rmType":"DV_TEXT","nodeId":"at0001","min":0,"max":1,"localizedNames":{"nb":"Behandling avklart med lege"},"localizedDescriptions":{"nb":"*"},"aqlPath":"/content[openEHR-EHR-ACTION.medication_olafia.v1,'Medikasjonshandlinger 3']/description[at0017]/items[openEHR-EHR-CLUSTER.olafia_medikament_administrasjon.v1]/items[at0001]/value","inputs":[{"suffix":"code","type":"CODED_TEXT","list":[{"value":"BR1","label":"Ja","localizedLabels":{"nb":"Ja"}},{"value":"BR2","label":"Nei, ikke nødvendig ihht prosedyre","localizedLabels":{"nb":"Nei, ikke nødvendig ihht prosedyre"}}],"terminology":"Olafia"}],"formId":"vurdering_behandling_og_plan/medikasjonshandlinger_3/olafia_medikament_administrasjon/behandling_avklart_med_lege","viewConfig":{"label":{"custom":false,"value":"","useLocalizations":false,"localizationsList":{}},"advanced":{"hidden":false,"readonly":false},"multiplicity":{"min":"0","max":"1"},"size":{"field":"inherit","label":"inherit","fill":"inherit"},"layout":{"label":{"valign":"inherit","align":"inherit"},"field":{"valign":"inherit","align":"inherit"}},"datasource":{"loadRemote":false,"loadRemoteUrl":"","terminology":""},"tags":["showasradios"],"field":{"code":{"presentation":"combobox"}}},"defaultValue":{"code":""},"fid":"vurdering_behandling_og_plan/medikasjonshandlinger_3/olafia_medikament_administrasjon/behandling_avklart_med_lege"},{"name":"Legens navn","localizedName":"Legens navn","rmType":"DV_CODED_TEXT","nodeId":"at0002","min":0,"max":1,"localizedNames":{"nb":"Legens navn"},"localizedDescriptions":{"nb":"*"},"aqlPath":"/content[openEHR-EHR-ACTION.medication_olafia.v1,'Medikasjonshandlinger 3']/description[at0017]/items[openEHR-EHR-CLUSTER.olafia_medikament_administrasjon.v1]/items[at0002]/value","inputs":[{"suffix":"code","type":"TEXT","terminology":"DIPS?subset=HEALTHCAREPARTY&language=en-GB"},{"suffix":"value","type":"TEXT","terminology":"DIPS?subset=HEALTHCAREPARTY&language=en-GB"}],"fid":"vurdering_behandling_og_plan/medikasjonshandlinger_3/olafia_medikament_administrasjon/legens_navn","formId":"vurdering_behandling_og_plan/medikasjonshandlinger_3/olafia_medikament_administrasjon/legens_navn","viewConfig":{"label":{"custom":false,"value":"","useLocalizations":false,"localizationsList":{}},"advanced":{"hidden":false,"readonly":false},"multiplicity":{"min":"0","max":"1"},"size":{"field":"inherit","label":"inherit","fill":"inherit"},"layout":{"label":{"valign":"inherit","align":"inherit"},"field":{"valign":"inherit","align":"inherit"}},"datasource":{"loadRemote":false,"loadRemoteUrl":"","terminology":""},"field":{"code":{"presentation":"textfield"},"value":{"presentation":"textfield"}}},"defaultValue":{"code":"","value":""}},{"name":"Dobbeltkontroll","localizedName":"Dobbeltkontroll","rmType":"DV_BOOLEAN","nodeId":"at0009","min":0,"max":1,"localizedNames":{"nb":"Dobbeltkontroll"},"localizedDescriptions":{"nb":"*"},"aqlPath":"/content[openEHR-EHR-ACTION.medication_olafia.v1,'Medikasjonshandlinger 3']/description[at0017]/items[openEHR-EHR-CLUSTER.olafia_medikament_administrasjon.v1]/items[at0009]/value","inputs":[{"type":"BOOLEAN"}],"fid":"vurdering_behandling_og_plan/medikasjonshandlinger_3/olafia_medikament_administrasjon/dobbeltkontroll2","formId":"vurdering_behandling_og_plan/medikasjonshandlinger_3/olafia_medikament_administrasjon/dobbeltkontroll2","viewConfig":{"label":{"custom":false,"value":"","useLocalizations":false,"localizationsList":{}},"advanced":{"hidden":false,"readonly":false},"multiplicity":{"min":"0","max":"1"},"size":{"field":"inherit","label":"inherit","fill":"inherit"},"layout":{"label":{"valign":"middle","align":"left"},"field":{"valign":"inherit","align":"inherit"}},"tags":[],"datasource":{"loadRemote":false,"loadRemoteUrl":"","terminology":""},"field":{"input":{"threeState":false}}},"defaultValue":{"value":""}}]}]}]},{"name":"Medikasjonshandlinger 4","localizedName":"Medikasjonshandlinger 4","rmType":"ACTION","nodeId":"openEHR-EHR-ACTION.medication_olafia.v1","min":0,"max":1,"localizedNames":{"nb":"Medikament 4"},"localizedDescriptions":{"nb":"Detaljer om bruk, administrasjon, utdeling eller andre steg i behandlingsprosessen som er knyttet til en medisin, vaksine eller andre terapeutiske/medisinske varer som kan følge en forordning gjort av en kliniker."},"aqlPath":"/content[openEHR-EHR-ACTION.medication_olafia.v1,'Medikasjonshandlinger 4']","fid":"vurdering_behandling_og_plan/medikasjonshandlinger_4","formId":"vurdering_behandling_og_plan/medikasjonshandlinger_4","viewConfig":{"label":{"custom":true,"value":"Medikament 4","useLocalizations":true,"localizationsList":{"nb":"Medikament 4"}},"advanced":{"hidden":false,"readonly":false,"render":true},"multiplicity":{"min":"0","max":"1"},"size":{"field":"inherit","label":"inherit","fill":"inherit"},"layout":{"label":{"valign":"inherit","align":"inherit"},"field":{"valign":"inherit","align":"inherit"}},"field":{},"tags":["ForceMinMultiplicity"],"datasource":{"loadRemote":false,"loadRemoteUrl":"","terminology":""},"annotations":{"description":"*"}},"children":[{"name":"Ofte brukte medikamenter","localizedName":"Ofte brukte medikamenter","rmType":"DV_CODED_TEXT","nodeId":"at0001","min":0,"max":1,"localizedNames":{"nb":"Ofte brukte medikamenter"},"localizedDescriptions":{"nb":"*"},"aqlPath":"/content[openEHR-EHR-ACTION.medication_olafia.v1,'Medikasjonshandlinger 4']/description[at0017]/items[openEHR-EHR-CLUSTER.ofte_brukte_medikamenter.v1]/items[at0001]/value","inputs":[{"suffix":"code","type":"CODED_TEXT","list":[{"value":"BC0","label":"Doksycyklin 7 dager","localizedLabels":{"nb":"Doksycyklin 7 dager"}},{"value":"BC1","label":"Doksycyklin 14 dager","localizedLabels":{"nb":"Doksycyklin 14 dager"}},{"value":"BC2","label":"Doksycyklin 21 dager","localizedLabels":{"nb":"Doksycyklin 21 dager"}},{"value":"BC3","label":"Doksycyklin 28 dager","localizedLabels":{"nb":"Doksycyklin 28 dager"}},{"value":"BC4","label":"Azitromycin 2 tabl engangsdose","localizedLabels":{"nb":"Azitromycin 2 tabl engangsdose"}},{"value":"BC5","label":"Azitromycin 3 tabl engangsdose","localizedLabels":{"nb":"Azitromycin 3 tabl engangsdose"}},{"value":"BC6","label":"Azitromycin 4 tabl engangsdose","localizedLabels":{"nb":"Azitromycin 4 tabl engangsdose"}},{"value":"BC7","label":"Azitromycin over 5 dager","localizedLabels":{"nb":"Azitromycin over 5 dager"}},{"value":"BC8","label":"Ceftiraxon 500 mg","localizedLabels":{"nb":"Ceftiraxon 500 mg"}},{"value":"BC9","label":"Ceftiraxon 1 gram","localizedLabels":{"nb":"Ceftiraxon 1 gram"}},{"value":"BC10","label":"Tardocillin 2,4 mill IE inj. 1 beh.","localizedLabels":{"nb":"Tardocillin 2,4 mill IE inj. 1 beh."}},{"value":"BC15","label":"Tardocillin 2,4 mill IE inj. 3 beh.-KUN FOR LEGE","localizedLabels":{"nb":"Tardocillin 2,4 mill IE inj. 3 beh.-KUN FOR LEGE"}},{"value":"BC11","label":"Aciclovir - resept","localizedLabels":{"nb":"Aciclovir - resept"}},{"value":"BC12","label":"Zovirax - resept","localizedLabels":{"nb":"Zovirax - resept"}},{"value":"BC13","label":"Valtrex 7 - resept","localizedLabels":{"nb":"Valtrex 7 - resept"}},{"value":"BC14","label":"Avelox - resept","localizedLabels":{"nb":"Avelox - resept"}},{"value":"BC16","label":"Dermovat - resept","localizedLabels":{"nb":"Dermovat - resept"}}],"terminology":"Olafia"}],"formId":"vurdering_behandling_og_plan/medikasjonshandlinger_4/ofte_brukte_medikamenter/ofte_brukte_medikamenter","viewConfig":{"label":{"custom":true,"value":"Hurtigvalg","useLocalizations":true,"localizationsList":{"nb":"Hurtigvalg"}},"advanced":{"hidden":false,"readonly":false},"multiplicity":{"min":"0","max":"1"},"size":{"field":"inherit","label":"inherit","fill":"inherit"},"layout":{"label":{"valign":"inherit","align":"inherit"},"field":{"valign":"inherit","align":"inherit"}},"datasource":{"loadRemote":false,"loadRemoteUrl":"","terminology":""},"tags":[],"field":{"code":{"presentation":"combobox"}}},"defaultValue":{"code":""},"fid":"vurdering_behandling_og_plan/medikasjonshandlinger_4/ofte_brukte_medikamenter/ofte_brukte_medikamenter"},{"localizedName":"Fieldset","localizedNames":{"nb":"Medikament 4"},"min":0,"max":-1,"name":"Fieldset","rmType":"GENERIC_FIELDSET","fid":"generic-field-90843","formId":"generic-field-90843","viewConfig":{"label":{"custom":true,"value":"Medikament 4","useLocalizations":true,"localizationsList":{"nb":"Medikament 4"}},"advanced":{"hidden":false,"readonly":false,"render":true},"multiplicity":{"min":"0","max":"100"},"size":{"field":"inherit","label":"inherit","fill":"inherit"},"layout":{"label":{"valign":"inherit","align":"inherit"},"field":{"valign":"inherit","align":"inherit"}},"field":{},"tags":["hidelabel"],"annotations":{"headerSize":"text"}},"inputs":[{"type":"TEXT"}],"children":[{"name":"Legemiddel / Medisin","localizedName":"Legemiddel / Medisin","rmType":"DV_TEXT","nodeId":"at0020","min":0,"max":1,"localizedNames":{"nb":"Legemiddel / Medisin"},"localizedDescriptions":{"nb":"Medisinen, vaksinen eller annen terapeutisk/medisinsk vare som var i fokus i denne aktiviteten (Action). Dette elementet vil normalt sett bli kodet med en medisinsk terminologi, men i noen tilfeller kan fritekst være nødvendig."},"aqlPath":"/content[openEHR-EHR-ACTION.medication_olafia.v1,'Medikasjonshandlinger 4']/description[at0017]/items[at0020]/value","inputs":[{"type":"TEXT"}],"formId":"vurdering_behandling_og_plan/medikasjonshandlinger_4/legemiddel_medisin","viewConfig":{"label":{"custom":false,"value":"","useLocalizations":false,"localizationsList":{}},"advanced":{"hidden":false,"readonly":false,"render":false},"multiplicity":{"min":"0","max":"1"},"size":{"field":"inherit","label":"inherit","fill":"inherit"},"layout":{"label":{"valign":"inherit","align":"inherit"},"field":{"valign":"inherit","align":"inherit"}},"datasource":{"loadRemote":false,"loadRemoteUrl":"","terminology":""},"annotations":{"description":"*"},"field":{"input":{"presentation":"textfield"}}},"defaultValue":{"value":""},"fid":"vurdering_behandling_og_plan/medikasjonshandlinger_4/legemiddel_medisin"},{"name":"Beskrivelse","localizedName":"Beskrivelse","rmType":"DV_TEXT","nodeId":"at0003","min":0,"max":1,"localizedNames":{"nb":"Beskrivelse"},"localizedDescriptions":{"nb":"Fritekstbeskrivelse av mengden, som kan bestå av både mengde og styrke."},"aqlPath":"/content[openEHR-EHR-ACTION.medication_olafia.v1,'Medikasjonshandlinger 4']/description[at0017]/items[openEHR-EHR-CLUSTER.medication_amount.v1]/items[at0003]/value","inputs":[{"type":"TEXT"}],"formId":"vurdering_behandling_og_plan/medikasjonshandlinger_4/medikamentmengde/beskrivelse","viewConfig":{"label":{"custom":true,"value":"Dosering","useLocalizations":true,"localizationsList":{"nb":"Dosering"}},"advanced":{"hidden":false,"readonly":false},"multiplicity":{"min":"0","max":"1"},"size":{"field":"inherit","label":"inherit","fill":"inherit"},"layout":{"label":{"valign":"inherit","align":"inherit"},"field":{"valign":"inherit","align":"inherit"}},"datasource":{"loadRemote":false,"loadRemoteUrl":"","terminology":""},"annotations":{"description":"*"},"tags":[],"field":{"input":{"presentation":"textfield"}}},"defaultValue":{"value":""},"fid":"vurdering_behandling_og_plan/medikasjonshandlinger_4/medikamentmengde/beskrivelse"},{"name":"Refusjonskategori","localizedName":"Refusjonskategori","rmType":"DV_TEXT","nodeId":"at0038","min":0,"max":1,"localizedNames":{"nb":"Refusjonskategori"},"localizedDescriptions":{"nb":"Kategori for refusjon som søkes for varen/artikkelen."},"aqlPath":"/content[openEHR-EHR-ACTION.medication_olafia.v1,'Medikasjonshandlinger 4']/protocol[at0030]/items[at0038]/value","inputs":[{"type":"TEXT"}],"formId":"vurdering_behandling_og_plan/medikasjonshandlinger_4/refusjonskategori","viewConfig":{"label":{"custom":false,"value":"","useLocalizations":false,"localizationsList":{}},"advanced":{"hidden":false,"readonly":false,"render":false},"multiplicity":{"min":"0","max":"1"},"size":{"field":"inherit","label":"inherit","fill":"inherit"},"layout":{"label":{"valign":"inherit","align":"inherit"},"field":{"valign":"inherit","align":"inherit"}},"datasource":{"loadRemote":false,"loadRemoteUrl":"","terminology":""},"annotations":{"description":"*"},"field":{"input":{"presentation":"textfield"}}},"defaultValue":{"value":""},"fid":"vurdering_behandling_og_plan/medikasjonshandlinger_4/refusjonskategori"},{"name":"Careflow_step","rmType":"DV_CODED_TEXT","min":0,"max":1,"aqlPath":"/content[openEHR-EHR-ACTION.medication_olafia.v1,'Medikasjonshandlinger 4']/ism_transition/careflow_step","inputs":[{"suffix":"code","type":"CODED_TEXT","list":[{"value":"at0002","label":"Medikasjon forordnet","localizedLabels":{"nb":"Medikasjon forordnet"},"currentStates":["245"]},{"value":"at0045","label":"Resept utdelt","localizedLabels":{"nb":"Resept utdelt"},"currentStates":["245"]},{"value":"at0003","label":"Medikasjonen utdelt","localizedLabels":{"nb":"Medikasjonen utdelt"},"currentStates":["245"]},{"value":"at0006","label":"Medikasjon administrert","localizedLabels":{"nb":"Medikasjon administrert"},"currentStates":["245"]}]}],"inContext":true,"formId":"vurdering_behandling_og_plan/medikasjonshandlinger_4/ism_transition/careflow_step","viewConfig":{"label":{"custom":true,"value":"Medikament status","useLocalizations":false,"localizationsList":{}},"advanced":{"hidden":false,"readonly":false},"multiplicity":{"min":"1","max":"1"},"size":{"field":"inherit","label":"inherit","fill":"inherit"},"layout":{"label":{"valign":"inherit","align":"inherit"},"field":{"valign":"inherit","align":"inherit"}},"datasource":{"loadRemote":false,"loadRemoteUrl":"","terminology":""},"annotations":{},"tags":[],"field":{"code":{"presentation":"combobox"}}},"defaultValue":{"code":""},"fid":"vurdering_behandling_og_plan/medikasjonshandlinger_4/ism_transition/careflow_step"},{"name":"Medikament utdelt/administrert","localizedName":"Medikament utdelt/administrert","rmType":"DV_CODED_TEXT","nodeId":"at0004","min":0,"max":-1,"localizedNames":{"nb":"Medikament utdelt/administrert"},"localizedDescriptions":{"nb":"*"},"aqlPath":"/content[openEHR-EHR-ACTION.medication_olafia.v1,'Medikasjonshandlinger 4']/description[at0017]/items[openEHR-EHR-CLUSTER.olafia_medikament_administrasjon.v1]/items[at0004]/value","inputs":[{"suffix":"code","type":"CODED_TEXT","list":[{"value":"at0006","label":"Ja","localizedLabels":{"nb":"Ja"},"localizedDescriptions":{"nb":"*"}},{"value":"at0008","label":"Nei/Ikke aktuelt","localizedLabels":{"nb":"Nei/Ikke aktuelt"},"localizedDescriptions":{"nb":"*"}}]}],"fid":"vurdering_behandling_og_plan/medikasjonshandlinger_4/olafia_medikament_administrasjon/medikament_utdelt_administrert","defaultValue":{"code":""},"formId":"vurdering_behandling_og_plan/medikasjonshandlinger_4/olafia_medikament_administrasjon/medikament_utdelt_administrert","viewConfig":{"label":{"custom":true,"value":"Medikament utdelt/administrert","useLocalizations":true,"localizationsList":{"nb":"Medikament utdelt/administrert"}},"advanced":{"hidden":true,"readonly":false},"multiplicity":{"min":"0","max":"1"},"size":{"field":"inherit","label":"inherit","fill":"inherit"},"layout":{"label":{"valign":"top","align":"top"},"field":{"valign":"inherit","align":"inherit"}},"datasource":{"loadRemote":false,"loadRemoteUrl":"","terminology":""},"tags":["showasradios"],"annotations":{"description":"Rapportfelt"},"field":{"code":{"presentation":"combobox"}}}},{"name":"Olafia medikament administrasjon","localizedName":"Olafia medikament administrasjon","rmType":"CLUSTER","nodeId":"openEHR-EHR-CLUSTER.olafia_medikament_administrasjon.v1","min":0,"max":-1,"localizedNames":{"nb":"Medikament administrasjon"},"localizedDescriptions":{"nb":"unknown"},"aqlPath":"/content[openEHR-EHR-ACTION.medication_olafia.v1,'Medikasjonshandlinger 4']/description[at0017]/items[openEHR-EHR-CLUSTER.olafia_medikament_administrasjon.v1]","formId":"vurdering_behandling_og_plan/medikasjonshandlinger_4/olafia_medikament_administrasjon","viewConfig":{"label":{"custom":true,"value":"Medikament administrasjon","useLocalizations":true,"localizationsList":{"nb":"Medikament administrasjon"}},"advanced":{"hidden":false,"readonly":false,"render":false},"multiplicity":{"min":"0","max":"1"},"size":{"field":"inherit","label":"inherit","fill":"inherit"},"layout":{"label":{"valign":"inherit","align":"inherit"},"field":{"valign":"inherit","align":"inherit"}},"field":{},"tags":["ForceMinMultiplicity"]},"fid":"vurdering_behandling_og_plan/medikasjonshandlinger_4/olafia_medikament_administrasjon","inputs":[{"type":"TEXT"}],"children":[{"name":"Behandling avklart med lege","localizedName":"Behandling avklart med lege","rmType":"DV_TEXT","nodeId":"at0001","min":0,"max":1,"localizedNames":{"nb":"Behandling avklart med lege"},"localizedDescriptions":{"nb":"*"},"aqlPath":"/content[openEHR-EHR-ACTION.medication_olafia.v1,'Medikasjonshandlinger 4']/description[at0017]/items[openEHR-EHR-CLUSTER.olafia_medikament_administrasjon.v1]/items[at0001]/value","inputs":[{"suffix":"code","type":"CODED_TEXT","list":[{"value":"BR1","label":"Ja","localizedLabels":{"nb":"Ja"}},{"value":"BR2","label":"Nei, ikke nødvendig ihht prosedyre","localizedLabels":{"nb":"Nei, ikke nødvendig ihht prosedyre"}}],"terminology":"Olafia"}],"formId":"vurdering_behandling_og_plan/medikasjonshandlinger_4/olafia_medikament_administrasjon/behandling_avklart_med_lege","viewConfig":{"label":{"custom":false,"value":"","useLocalizations":false,"localizationsList":{}},"advanced":{"hidden":false,"readonly":false},"multiplicity":{"min":"0","max":"1"},"size":{"field":"inherit","label":"inherit","fill":"inherit"},"layout":{"label":{"valign":"inherit","align":"inherit"},"field":{"valign":"inherit","align":"inherit"}},"datasource":{"loadRemote":false,"loadRemoteUrl":"","terminology":""},"tags":["showasradios"],"field":{"code":{"presentation":"combobox"}}},"defaultValue":{"code":""},"fid":"vurdering_behandling_og_plan/medikasjonshandlinger_4/olafia_medikament_administrasjon/behandling_avklart_med_lege"},{"name":"Legens navn","localizedName":"Legens navn","rmType":"DV_CODED_TEXT","nodeId":"at0002","min":0,"max":1,"localizedNames":{"nb":"Legens navn"},"localizedDescriptions":{"nb":"*"},"aqlPath":"/content[openEHR-EHR-ACTION.medication_olafia.v1,'Medikasjonshandlinger 4']/description[at0017]/items[openEHR-EHR-CLUSTER.olafia_medikament_administrasjon.v1]/items[at0002]/value","inputs":[{"suffix":"code","type":"TEXT","terminology":"DIPS?subset=HEALTHCAREPARTY&language=en-GB"},{"suffix":"value","type":"TEXT","terminology":"DIPS?subset=HEALTHCAREPARTY&language=en-GB"}],"fid":"vurdering_behandling_og_plan/medikasjonshandlinger_4/olafia_medikament_administrasjon/legens_navn","formId":"vurdering_behandling_og_plan/medikasjonshandlinger_4/olafia_medikament_administrasjon/legens_navn","viewConfig":{"label":{"custom":false,"value":"","useLocalizations":false,"localizationsList":{}},"advanced":{"hidden":false,"readonly":false,"render":false},"multiplicity":{"min":"0","max":"1"},"size":{"field":"inherit","label":"inherit","fill":"inherit"},"layout":{"label":{"valign":"inherit","align":"inherit"},"field":{"valign":"inherit","align":"inherit"}},"datasource":{"loadRemote":false,"loadRemoteUrl":"","terminology":""},"field":{"code":{"presentation":"textfield"},"value":{"presentation":"textfield"}}},"defaultValue":{"code":"","value":""}},{"name":"Dobbeltkontroll","localizedName":"Dobbeltkontroll","rmType":"DV_BOOLEAN","nodeId":"at0009","min":0,"max":1,"localizedNames":{"nb":"Dobbeltkontroll"},"localizedDescriptions":{"nb":"*"},"aqlPath":"/content[openEHR-EHR-ACTION.medication_olafia.v1,'Medikasjonshandlinger 4']/description[at0017]/items[openEHR-EHR-CLUSTER.olafia_medikament_administrasjon.v1]/items[at0009]/value","inputs":[{"type":"BOOLEAN"}],"fid":"vurdering_behandling_og_plan/medikasjonshandlinger_4/olafia_medikament_administrasjon/dobbeltkontroll2","formId":"vurdering_behandling_og_plan/medikasjonshandlinger_4/olafia_medikament_administrasjon/dobbeltkontroll2","viewConfig":{"label":{"custom":false,"value":"","useLocalizations":false,"localizationsList":{}},"advanced":{"hidden":false,"readonly":false},"multiplicity":{"min":"0","max":"1"},"size":{"field":"inherit","label":"inherit","fill":"inherit"},"layout":{"label":{"valign":"middle","align":"left"},"field":{"valign":"inherit","align":"inherit"}},"tags":[],"datasource":{"loadRemote":false,"loadRemoteUrl":"","terminology":""},"field":{"input":{"threeState":false}}},"defaultValue":{"value":""}}]}]}]}],"viewConfig":{"label":{"custom":true,"value":"Medikamenter","useLocalizations":true,"localizationsList":{"nb":"Medikamenter"}},"size":{"field":"inherit","label":"inherit","fill":"inherit"},"layout":{"label":{"valign":"top","align":"top"},"field":{"valign":"inherit","align":"inherit"}},"field":{},"advanced":{"hidden":false,"readonly":false,"render":false},"multiplicity":{"min":"0","max":"1"},"tags":[]}},{"name":"Medikasjonshandlinger","localizedName":"Medikasjonshandlinger","rmType":"ACTION","nodeId":"openEHR-EHR-ACTION.medication_olafia.v1","min":0,"max":-1,"localizedNames":{"nb":"Annet medikament"},"localizedDescriptions":{"nb":"Detaljer om bruk, administrasjon, utdeling eller andre steg i behandlingsprosessen som er knyttet til en medisin, vaksine eller andre terapeutiske/medisinske varer som kan følge en forordning gjort av en kliniker."},"aqlPath":"/content[openEHR-EHR-ACTION.medication_olafia.v1]","fid":"vurdering_behandling_og_plan/medikasjonshandlinger","formId":"vurdering_behandling_og_plan/medikasjonshandlinger","children":[{"name":"Legemiddel / Medisin","localizedName":"Legemiddel / Medisin","rmType":"DV_TEXT","nodeId":"at0020","min":0,"max":1,"localizedNames":{"nb":"Legemiddel / Medisin"},"localizedDescriptions":{"nb":"Medisinen, vaksinen eller annen terapeutisk/medisinsk vare som var i fokus i denne aktiviteten (Action). Dette elementet vil normalt sett bli kodet med en medisinsk terminologi, men i noen tilfeller kan fritekst være nødvendig."},"aqlPath":"/content[openEHR-EHR-ACTION.medication_olafia.v1]/description[at0017]/items[at0020]/value","inputs":[{"type":"TEXT"}],"formId":"vurdering_behandling_og_plan/medikasjonshandlinger/legemiddel_medisin","viewConfig":{"label":{"custom":false,"value":"","useLocalizations":false,"localizationsList":{}},"advanced":{"hidden":false,"readonly":false},"multiplicity":{"min":"0","max":"1"},"size":{"field":"inherit","label":"inherit","fill":"inherit"},"layout":{"label":{"valign":"inherit","align":"inherit"},"field":{"valign":"inherit","align":"inherit"}},"datasource":{"loadRemote":false,"loadRemoteUrl":"","terminology":""},"tags":["includeinmasterdetail"],"annotations":{"description":"*"},"field":{"input":{"presentation":"textfield"}}},"defaultValue":{"value":""},"fid":"vurdering_behandling_og_plan/medikasjonshandlinger/legemiddel_medisin"},{"name":"Beskrivelse","localizedName":"Beskrivelse","rmType":"DV_TEXT","nodeId":"at0003","min":0,"max":1,"localizedNames":{"nb":"Beskrivelse"},"localizedDescriptions":{"nb":"Fritekstbeskrivelse av mengden, som kan bestå av både mengde og styrke."},"aqlPath":"/content[openEHR-EHR-ACTION.medication_olafia.v1]/description[at0017]/items[openEHR-EHR-CLUSTER.medication_amount.v1]/items[at0003]/value","inputs":[{"type":"TEXT"}],"formId":"vurdering_behandling_og_plan/medikasjonshandlinger/medikamentmengde/beskrivelse","viewConfig":{"label":{"custom":true,"value":"Dosering","useLocalizations":true,"localizationsList":{"nb":"Dosering"}},"advanced":{"hidden":false,"readonly":false},"multiplicity":{"min":"0","max":"1"},"size":{"field":"inherit","label":"inherit","fill":"inherit"},"layout":{"label":{"valign":"inherit","align":"inherit"},"field":{"valign":"inherit","align":"inherit"}},"datasource":{"loadRemote":false,"loadRemoteUrl":"","terminology":""},"tags":["includeinmasterdetail"],"annotations":{"description":"*"},"field":{"input":{"presentation":"textfield"}}},"defaultValue":{"value":""},"fid":"vurdering_behandling_og_plan/medikasjonshandlinger/medikamentmengde/beskrivelse"},{"name":"Refusjonskategori","localizedName":"Refusjonskategori","rmType":"DV_TEXT","nodeId":"at0038","min":0,"max":1,"localizedNames":{"nb":"Refusjonskategori"},"localizedDescriptions":{"nb":"Kategori for refusjon som søkes for varen/artikkelen."},"aqlPath":"/content[openEHR-EHR-ACTION.medication_olafia.v1]/protocol[at0030]/items[at0038]/value","inputs":[{"type":"TEXT"}],"formId":"vurdering_behandling_og_plan/medikasjonshandlinger/refusjonskategori","viewConfig":{"label":{"custom":false,"value":"","useLocalizations":false,"localizationsList":{}},"advanced":{"hidden":false,"readonly":false},"multiplicity":{"min":"0","max":"1"},"size":{"field":"inherit","label":"inherit","fill":"inherit"},"layout":{"label":{"valign":"inherit","align":"inherit"},"field":{"valign":"inherit","align":"inherit"}},"datasource":{"loadRemote":false,"loadRemoteUrl":"","terminology":""},"tags":[],"annotations":{"description":"*"},"field":{"input":{"presentation":"textfield"}}},"defaultValue":{"value":""},"fid":"vurdering_behandling_og_plan/medikasjonshandlinger/refusjonskategori"},{"name":"Careflow_step","rmType":"DV_CODED_TEXT","min":0,"max":1,"aqlPath":"/content[openEHR-EHR-ACTION.medication_olafia.v1]/ism_transition/careflow_step","inputs":[{"suffix":"code","type":"CODED_TEXT","list":[{"value":"at0002","label":"Medikasjon forordnet","localizedLabels":{"nb":"Medikasjon forordnet"},"currentStates":["245"]},{"value":"at0045","label":"Resept utdelt","localizedLabels":{"nb":"Resept utdelt"},"currentStates":["245"]},{"value":"at0003","label":"Medikasjonen utdelt","localizedLabels":{"nb":"Medikasjonen utdelt"},"currentStates":["245"]},{"value":"at0006","label":"Medikasjon administrert","localizedLabels":{"nb":"Medikasjon administrert"},"currentStates":["245"]}]}],"inContext":true,"formId":"vurdering_behandling_og_plan/medikasjonshandlinger/ism_transition/careflow_step","viewConfig":{"label":{"custom":true,"value":"Medikament status","useLocalizations":false,"localizationsList":{}},"advanced":{"hidden":false,"readonly":false},"multiplicity":{"min":"1","max":"1"},"size":{"field":"inherit","label":"inherit","fill":"inherit"},"layout":{"label":{"valign":"inherit","align":"inherit"},"field":{"valign":"inherit","align":"inherit"}},"datasource":{"loadRemote":false,"loadRemoteUrl":"","terminology":""},"annotations":{"description":"OBLIGATORISK FELT"},"tags":[],"field":{"code":{"presentation":"combobox"}}},"defaultValue":{"code":""},"fid":"vurdering_behandling_og_plan/medikasjonshandlinger/ism_transition/careflow_step"},{"name":"Medikament utdelt/administrert","localizedName":"Medikament utdelt/administrert","rmType":"DV_CODED_TEXT","nodeId":"at0004","min":0,"max":1,"localizedNames":{"nb":"Medikament utdelt/administrert"},"localizedDescriptions":{"nb":"*"},"aqlPath":"/content[openEHR-EHR-ACTION.medication_olafia.v1]/description[at0017]/items[openEHR-EHR-CLUSTER.olafia_medikament_administrasjon.v1]/items[at0004]/value","inputs":[{"suffix":"code","type":"CODED_TEXT","list":[{"value":"at0006","label":"Ja","localizedLabels":{"nb":"Ja"},"localizedDescriptions":{"nb":"*"}},{"value":"at0008","label":"Nei/Ikke aktuelt","localizedLabels":{"nb":"Nei/Ikke aktuelt"},"localizedDescriptions":{"nb":"*"}}]}],"fid":"vurdering_behandling_og_plan/medikasjonshandlinger/olafia_medikament_administrasjon/medikament_utdelt_administrert","defaultValue":{"code":""},"formId":"vurdering_behandling_og_plan/medikasjonshandlinger/olafia_medikament_administrasjon/medikament_utdelt_administrert","viewConfig":{"label":{"custom":false,"value":"","useLocalizations":false,"localizationsList":{}},"advanced":{"hidden":false,"readonly":false},"multiplicity":{"min":"1","max":"1"},"size":{"field":"inherit","label":"inherit","fill":"inherit"},"layout":{"label":{"valign":"middle","align":"left"},"field":{"valign":"inherit","align":"inherit"}},"datasource":{"loadRemote":false,"loadRemoteUrl":"","terminology":""},"tags":["showasradios"],"annotations":{"description":"Rapportfelt"},"field":{"code":{"presentation":"combobox"}}}},{"name":"Olafia medikament administrasjon","localizedName":"Olafia medikament administrasjon","rmType":"CLUSTER","nodeId":"openEHR-EHR-CLUSTER.olafia_medikament_administrasjon.v1","min":0,"max":-1,"localizedNames":{"nb":"Medikament administrasjon"},"localizedDescriptions":{"nb":"unknown"},"aqlPath":"/content[openEHR-EHR-ACTION.medication_olafia.v1]/description[at0017]/items[openEHR-EHR-CLUSTER.olafia_medikament_administrasjon.v1]","formId":"vurdering_behandling_og_plan/medikasjonshandlinger/olafia_medikament_administrasjon","viewConfig":{"label":{"custom":true,"value":"Medikament administrasjon","useLocalizations":true,"localizationsList":{"nb":"Medikament administrasjon"}},"advanced":{"hidden":false,"readonly":false,"render":false},"multiplicity":{"min":"0","max":"1"},"size":{"field":"inherit","label":"inherit","fill":"inherit"},"layout":{"label":{"valign":"top","align":"top"},"field":{"valign":"inherit","align":"inherit"}},"field":{},"tags":["ForceMinMultiplicity"]},"fid":"vurdering_behandling_og_plan/medikasjonshandlinger/olafia_medikament_administrasjon","inputs":[{"type":"TEXT"}],"children":[{"name":"Behandling avklart med lege","localizedName":"Behandling avklart med lege","rmType":"DV_TEXT","nodeId":"at0001","min":0,"max":1,"localizedNames":{"nb":"Behandling avklart med lege"},"localizedDescriptions":{"nb":"*"},"aqlPath":"/content[openEHR-EHR-ACTION.medication_olafia.v1]/description[at0017]/items[openEHR-EHR-CLUSTER.olafia_medikament_administrasjon.v1]/items[at0001]/value","inputs":[{"suffix":"code","type":"CODED_TEXT","list":[{"value":"BR1","label":"Ja","localizedLabels":{"nb":"Ja"}},{"value":"BR2","label":"Nei, ikke nødvendig ihht prosedyre","localizedLabels":{"nb":"Nei, ikke nødvendig ihht prosedyre"}}],"terminology":"Olafia"}],"formId":"vurdering_behandling_og_plan/medikasjonshandlinger/olafia_medikament_administrasjon/behandling_avklart_med_lege","viewConfig":{"label":{"custom":false,"value":"","useLocalizations":false,"localizationsList":{}},"advanced":{"hidden":false,"readonly":false},"multiplicity":{"min":"0","max":"1"},"size":{"field":"inherit","label":"inherit","fill":"inherit"},"layout":{"label":{"valign":"inherit","align":"inherit"},"field":{"valign":"inherit","align":"inherit"}},"datasource":{"loadRemote":false,"loadRemoteUrl":"","terminology":""},"tags":["showasradios"],"field":{"code":{"presentation":"combobox"}}},"defaultValue":{"code":""},"fid":"vurdering_behandling_og_plan/medikasjonshandlinger/olafia_medikament_administrasjon/behandling_avklart_med_lege"},{"name":"Legens navn","localizedName":"Legens navn","rmType":"DV_CODED_TEXT","nodeId":"at0002","min":0,"max":1,"localizedNames":{"nb":"Legens navn"},"localizedDescriptions":{"nb":"*"},"aqlPath":"/content[openEHR-EHR-ACTION.medication_olafia.v1]/description[at0017]/items[openEHR-EHR-CLUSTER.olafia_medikament_administrasjon.v1]/items[at0002]/value","inputs":[{"suffix":"code","type":"TEXT","terminology":"DIPS?subset=HEALTHCAREPARTY&language=en-GB"},{"suffix":"value","type":"TEXT","terminology":"DIPS?subset=HEALTHCAREPARTY&language=en-GB"}],"fid":"vurdering_behandling_og_plan/medikasjonshandlinger/olafia_medikament_administrasjon/legens_navn","formId":"vurdering_behandling_og_plan/medikasjonshandlinger/olafia_medikament_administrasjon/legens_navn","viewConfig":{"label":{"custom":false,"value":"","useLocalizations":false,"localizationsList":{}},"advanced":{"hidden":false,"readonly":false,"render":false},"multiplicity":{"min":"0","max":"1"},"size":{"field":"inherit","label":"inherit","fill":"inherit"},"layout":{"label":{"valign":"inherit","align":"inherit"},"field":{"valign":"inherit","align":"inherit"}},"datasource":{"loadRemote":false,"loadRemoteUrl":"","terminology":""},"field":{"code":{"presentation":"textfield"},"value":{"presentation":"textfield"}}},"defaultValue":{"code":"","value":""}},{"name":"Dobbeltkontroll","localizedName":"Dobbeltkontroll","rmType":"DV_BOOLEAN","nodeId":"at0009","min":0,"max":1,"localizedNames":{"nb":"Dobbeltkontroll"},"localizedDescriptions":{"nb":"*"},"aqlPath":"/content[openEHR-EHR-ACTION.medication_olafia.v1]/description[at0017]/items[openEHR-EHR-CLUSTER.olafia_medikament_administrasjon.v1]/items[at0009]/value","inputs":[{"type":"BOOLEAN"}],"fid":"vurdering_behandling_og_plan/medikasjonshandlinger/olafia_medikament_administrasjon/dobbeltkontroll2","formId":"vurdering_behandling_og_plan/medikasjonshandlinger/olafia_medikament_administrasjon/dobbeltkontroll2","viewConfig":{"label":{"custom":false,"value":"","useLocalizations":false,"localizationsList":{}},"advanced":{"hidden":false,"readonly":false},"multiplicity":{"min":"0","max":"1"},"size":{"field":"inherit","label":"inherit","fill":"inherit"},"layout":{"label":{"valign":"middle","align":"left"},"field":{"valign":"inherit","align":"inherit"}},"tags":[],"datasource":{"loadRemote":false,"loadRemoteUrl":"","terminology":""},"field":{"input":{"threeState":false}}},"defaultValue":{"value":""}}]}],"viewConfig":{"label":{"custom":true,"value":"Annet medikament","useLocalizations":true,"localizationsList":{"nb":"Annet medikament"}},"advanced":{"hidden":false,"readonly":false,"render":true},"multiplicity":{"min":"0","max":"100"},"size":{"field":"inherit","label":"inherit","fill":"inherit"},"layout":{"label":{"valign":"inherit","align":"inherit"},"field":{"valign":"inherit","align":"inherit"}},"field":{},"tags":["ForceMinMultiplicity","showasmasterdetail"],"datasource":{"loadRemote":false,"loadRemoteUrl":"","terminology":""},"annotations":{"description":"*","headerSize":"text"}}},{"name":"Takst","localizedName":"Takst","rmType":"ADMIN_ENTRY","nodeId":"openEHR-EHR-ADMIN_ENTRY.tariff.v1","min":0,"max":-1,"localizedNames":{"nb":"Takst"},"localizedDescriptions":{"nb":"This achetype is used to assign tariffs in outpatient documents in DIPS Arena"},"aqlPath":"/content[openEHR-EHR-ADMIN_ENTRY.tariff.v1]","fid":"vurdering_behandling_og_plan/takst","formId":"vurdering_behandling_og_plan/takst","children":[{"name":"Kode","localizedName":"Kode","rmType":"DV_CODED_TEXT","nodeId":"at0002","min":1,"max":-1,"localizedNames":{"nb":"Kode"},"localizedDescriptions":{"nb":"Felt for takstkode. Ved lagring blir taksten lagt til det polikliniske besøket."},"aqlPath":"/content[openEHR-EHR-ADMIN_ENTRY.tariff.v1]/data[at0001]/items[at0002]/value","inputs":[{"suffix":"code","type":"TEXT","terminology":"DIPS-Tariff?subset=DIPS-Tariff&language=en-GB"},{"suffix":"value","type":"TEXT","terminology":"DIPS-Tariff?subset=DIPS-Tariff&language=en-GB"}],"formId":"vurdering_behandling_og_plan/takst/kode","viewConfig":{"label":{"custom":false,"value":"","useLocalizations":false,"localizationsList":{}},"advanced":{"hidden":false,"readonly":false},"multiplicity":{"min":"0","max":"100"},"size":{"field":"inherit","label":"inherit","fill":"inherit"},"layout":{"label":{"valign":"inherit","align":"inherit"},"field":{"valign":"inherit","align":"inherit"}},"tags":[],"datasource":{"loadRemote":false,"loadRemoteUrl":"","terminology":""},"field":{"code":{"presentation":"textfield"},"value":{"presentation":"textfield"}}},"defaultValue":{"code":"","value":""},"fid":"vurdering_behandling_og_plan/takst/kode"}],"viewConfig":{"label":{"custom":false,"value":"","useLocalizations":false,"localizationsList":{}},"advanced":{"hidden":false,"readonly":false,"render":false},"multiplicity":{"min":"1","max":"1"},"size":{"field":"inherit","label":"inherit","fill":"inherit"},"layout":{"label":{"valign":"inherit","align":"inherit"},"field":{"valign":"inherit","align":"inherit"}},"tags":[],"field":{},"annotations":{"description":"*"}}}]}