{"formId":"form_root","name":"Form root","rmType":"FORM_DEFINITION","viewConfig":{"label":{"custom":false,"value":"","useLocalizations":false,"localizationsList":{}},"size":{"field":"inherit","label":"inherit","fill":"inherit"},"layout":{"valign":"inherit","align":"inherit"},"tags":[]},"language":"","templateLanguages":["nb"],"children":[{"localizedName":"Fieldset","localizedNames":{"nb":"Pasientnære analyser"},"min":0,"max":-1,"name":"Fieldset","rmType":"GENERIC_FIELDSET","fid":"generic-field-78403","formId":"generic-field-78403","children":[],"viewConfig":{"label":{"custom":true,"value":"Pasientnære analyser","useLocalizations":true,"localizationsList":{"nb":"Pasientnære analyser"}},"size":{"field":"inherit","label":"inherit","fill":"inherit"},"layout":{"label":{"valign":"inherit","align":"inherit"},"field":{"valign":"inherit","align":"inherit"}},"field":{},"advanced":{"hidden":false,"readonly":false,"render":false},"multiplicity":{"min":"0","max":"1"},"tags":[]}},{"name":"Prøvenavn","localizedName":"Prøvenavn","rmType":"DV_TEXT","nodeId":"at0005","min":1,"max":1,"localizedNames":{"nb":"Prøvenavn"},"localizedDescriptions":{"nb":"Identifikasjon av laboratorieprøven som er analysert, av og til inkludert prøvetype og pasientens tilstand"},"annotations":{"comment":"Et prøveresultat kan gjelde for en enkelt analyse eller en gruppe av analyser, inkludert prøvepakker. Koding med en terminologi, eventuelt med en forhånds-koordinert term, inkludert prøvetype er å foretrekke, hvis mulig. Kan bli kodet med LOINC eller Snomed-CT. Eksempler kan være \"Glukose\", \"Urea og elektrolytter\", \"Bomullspinne\", \"Cortisol\" eller \"Leverbiopsi\".","fhirmapping":"*Diagnostic.Reportname(en)","fhirvalueset":"*reportnames(en)"},"aqlPath":"/content[openEHR-EHR-OBSERVATION.laboratory_test.v1,'PNA']/data[at0001]/events[at0002]/data[at0003]/items[at0005]/value","inputs":[{"type":"TEXT"}],"fid":"pna_soi/pna/uspesifisert_hendelse/prøvenavn","defaultValue":{"value":"PNA OLAFIA"},"formId":"pna_soi/pna/uspesifisert_hendelse/prøvenavn","viewConfig":{"size":{"field":"inherit","label":"inherit","fill":"inherit"},"layout":{"label":{"valign":"inherit","align":"inherit"},"field":{"valign":"inherit","align":"inherit"}},"datasource":{"loadRemote":false,"loadRemoteUrl":"","terminology":""},"label":{"custom":false,"value":"","useLocalizations":true,"localizationsList":{"nb":"Prøvenavn"}},"advanced":{"hidden":true,"readonly":false},"multiplicity":{"min":"1","max":"1"},"tags":[],"field":{"input":{"presentation":"textfield"}}}},{"name":"PNA (pasientnært analyseutstyr)","localizedName":"PNA (pasientnært analyseutstyr)","rmType":"DV_BOOLEAN","nodeId":"at0111","min":0,"max":1,"dependsOn":["uspesifisert_hendelse"],"localizedNames":{"nb":"PNA (pasientnært analyseutstyr)"},"localizedDescriptions":{"nb":"Sann hvis resultatet er basert på analyse med pasientnært utstyr i stedet for en mer formell laboratorietjeneste."},"aqlPath":"/content[openEHR-EHR-OBSERVATION.laboratory_test.v1,'PNA']/protocol[at0004]/items[at0111]/value","inputs":[{"type":"BOOLEAN","defaultValue":false}],"fid":"pna_soi/pna/pna_pasientnært_analyseutstyr","defaultValue":{"value":true},"formId":"pna_soi/pna/pna_pasientnært_analyseutstyr","viewConfig":{"label":{"custom":false,"value":"","useLocalizations":true,"localizationsList":{"nb":"PNA (pasientnært analyseutstyr)"}},"size":{"field":"inherit","label":"inherit","fill":"inherit"},"layout":{"label":{"valign":"inherit","align":"inherit"},"field":{"valign":"inherit","align":"inherit"}},"datasource":{"loadRemote":false,"loadRemoteUrl":"","terminology":""},"advanced":{"hidden":true,"readonly":false},"multiplicity":{"min":"0","max":"1"},"tags":[],"field":{"input":{"threeState":false}}}},{"name":"Cervix-utstryk","localizedName":"Cervix-utstryk","rmType":"CLUSTER","nodeId":"openEHR-EHR-CLUSTER.laboratory_test_panel.v1","min":0,"max":1,"localizedNames":{"nb":"Cervixutstryk"},"localizedDescriptions":{"nb":"Laboratorieprøveresultat som en enkeltverdi eller i grupper/pakker som er vanlig i kliniske prøveanalyser."},"aqlPath":"/content[openEHR-EHR-OBSERVATION.laboratory_test.v1,'PNA']/data[at0001]/events[at0002]/data[at0003]/items[openEHR-EHR-CLUSTER.laboratory_test_panel.v1,'Cervix-utstryk']","children":[{"name":"Analysesvar","localizedName":"Analysesvar","rmType":"DV_CODED_TEXT","nodeId":"at0001","min":0,"max":1,"localizedNames":{"nb":"Analysesvar"},"localizedDescriptions":{"nb":"Faktisk verdi av prøvesvaret. Navnet på dette dataelementet er vanligvis oversatt i templat eller i applikasjon, slik at det samsvarer med den faktiske analysen. For eksempel \"S-Na\" eller \"Serum Natrium\". Det vil også som regel være kodet i et kodeverk.\n"},"aqlPath":"/content[openEHR-EHR-OBSERVATION.laboratory_test.v1,'PNA']/data[at0001]/events[at0002]/data[at0003]/items[openEHR-EHR-CLUSTER.laboratory_test_panel.v1,'Cervix-utstryk']/items[at0002,'Hvite blodceller']/items[at0001]/value","inputs":[{"suffix":"code","type":"CODED_TEXT","list":[{"value":"G01","label":"Under 30","localizedLabels":{"nb":"Under 30"}},{"value":"G02","label":"30 eller flere","localizedLabels":{"nb":"30 eller flere"}}],"terminology":"OlafiaLAB_WBC"}],"formId":"pna_soi/pna/uspesifisert_hendelse/cervix-utstryk/hvite_blodceller/analysesvar","viewConfig":{"label":{"custom":true,"value":"Hvite blodceller","useLocalizations":true,"localizationsList":{"nb":"Hvite blodceller"}},"size":{"field":"inherit","label":"inherit","fill":"inherit"},"layout":{"label":{"valign":"top","align":"top"},"field":{"valign":"inherit","align":"inherit"}},"datasource":{"loadRemote":false,"loadRemoteUrl":"","terminology":""},"advanced":{"hidden":false,"readonly":false},"multiplicity":{"min":"0","max":"1"},"tags":["showasradios"],"field":{"code":{"presentation":"combobox"}}},"defaultValue":{"code":""},"fid":"pna_soi/pna/uspesifisert_hendelse/cervix-utstryk/hvite_blodceller/analysesvar"},{"name":"Analysesvar","localizedName":"Analysesvar","rmType":"DV_CODED_TEXT","nodeId":"at0001","min":0,"max":1,"localizedNames":{"nb":"Analysesvar"},"localizedDescriptions":{"nb":"Faktisk verdi av prøvesvaret. Navnet på dette dataelementet er vanligvis oversatt i templat eller i applikasjon, slik at det samsvarer med den faktiske analysen. For eksempel \"S-Na\" eller \"Serum Natrium\". Det vil også som regel være kodet i et kodeverk.\n"},"aqlPath":"/content[openEHR-EHR-OBSERVATION.laboratory_test.v1,'PNA']/data[at0001]/events[at0002]/data[at0003]/items[openEHR-EHR-CLUSTER.laboratory_test_panel.v1,'Cervix-utstryk']/items[at0002,'Gonokokker']/items[at0001]/value","inputs":[{"suffix":"code","type":"CODED_TEXT","list":[{"value":"E01","label":"Ikke tilstede","localizedLabels":{"nb":"Ikke tilstede"}},{"value":"E02","label":"Tilstede","localizedLabels":{"nb":"Tilstede"}},{"value":"E03","label":"Usikker","localizedLabels":{"nb":"Usikker"}}],"terminology":"OlafiaLAB_TI"}],"formId":"pna_soi/pna/uspesifisert_hendelse/cervix-utstryk/gonokokker/analysesvar","viewConfig":{"label":{"custom":true,"value":"Gonokokker","useLocalizations":true,"localizationsList":{"nb":"Analysesvar"}},"size":{"field":"inherit","label":"inherit","fill":"inherit"},"layout":{"label":{"valign":"top","align":"top"},"field":{"valign":"inherit","align":"inherit"}},"datasource":{"loadRemote":false,"loadRemoteUrl":"","terminology":""},"advanced":{"hidden":false,"readonly":false},"multiplicity":{"min":"0","max":"1"},"tags":["showasradios"],"field":{"code":{"presentation":"combobox"}}},"defaultValue":{"code":""},"fid":"pna_soi/pna/uspesifisert_hendelse/cervix-utstryk/gonokokker/analysesvar"},{"name":"Analysesvar","localizedName":"Analysesvar","rmType":"DV_CODED_TEXT","nodeId":"at0001","min":0,"max":1,"localizedNames":{"nb":"Analysesvar"},"localizedDescriptions":{"nb":"Faktisk verdi av prøvesvaret. Navnet på dette dataelementet er vanligvis oversatt i templat eller i applikasjon, slik at det samsvarer med den faktiske analysen. For eksempel \"S-Na\" eller \"Serum Natrium\". Det vil også som regel være kodet i et kodeverk.\n"},"aqlPath":"/content[openEHR-EHR-OBSERVATION.laboratory_test.v1,'PNA']/data[at0001]/events[at0002]/data[at0003]/items[openEHR-EHR-CLUSTER.laboratory_test_panel.v1,'Cervix-utstryk']/items[at0002,'Kokkoide/anaerobe bakterier']/items[at0001]/value","inputs":[{"suffix":"code","type":"CODED_TEXT","list":[{"value":"CF1","label":"Ikke tilstede","localizedLabels":{"nb":"Ikke tilstede"}},{"value":"CF2","label":"Tilstede","localizedLabels":{"nb":"Tilstede"}},{"value":"CF3","label":"Usikker","localizedLabels":{"nb":"Usikker"}}],"terminology":"OlafiaLAB_TI"}],"formId":"pna_soi/pna/uspesifisert_hendelse/cervix-utstryk/kokkoide_anaerobe_bakterier/analysesvar","viewConfig":{"label":{"custom":true,"value":"Kokkoide/anaerobe bakterier","useLocalizations":true,"localizationsList":{"nb":"Kokkoide/anaerobe bakterier"}},"size":{"field":"inherit","label":"inherit","fill":"inherit"},"layout":{"label":{"valign":"top","align":"top"},"field":{"valign":"inherit","align":"inherit"}},"datasource":{"loadRemote":false,"loadRemoteUrl":"","terminology":""},"advanced":{"hidden":false,"readonly":false},"multiplicity":{"min":"0","max":"1"},"tags":["showasradios"],"field":{"code":{"presentation":"combobox"}}},"defaultValue":{"code":""},"fid":"pna_soi/pna/uspesifisert_hendelse/cervix-utstryk/kokkoide_anaerobe_bakterier/analysesvar"}],"fid":"pna_soi/pna/uspesifisert_hendelse/cervix-utstryk","formId":"pna_soi/pna/uspesifisert_hendelse/cervix-utstryk","viewConfig":{"label":{"custom":true,"value":"Cervixutstryk","useLocalizations":true,"localizationsList":{"nb":"Cervixutstryk"}},"size":{"field":"inherit","label":"inherit","fill":"inherit"},"layout":{"label":{"valign":"top","align":"top"},"field":{"valign":"inherit","align":"inherit"}},"field":{},"advanced":{"hidden":false,"readonly":false,"render":false},"multiplicity":{"min":"0","max":"1"},"tags":["ForceMinMultiplicity"]}},{"name":"Uretrautstryk","localizedName":"Uretrautstryk","rmType":"CLUSTER","nodeId":"openEHR-EHR-CLUSTER.laboratory_test_panel.v1","min":0,"max":1,"localizedNames":{"nb":"Uretrautstryk"},"localizedDescriptions":{"nb":"Laboratorieprøveresultat som en enkeltverdi eller i grupper/pakker som er vanlig i kliniske prøveanalyser."},"aqlPath":"/content[openEHR-EHR-OBSERVATION.laboratory_test.v1,'PNA']/data[at0001]/events[at0002]/data[at0003]/items[openEHR-EHR-CLUSTER.laboratory_test_panel.v1,'Uretrautstryk']","children":[{"name":"Analysesvar","localizedName":"Analysesvar","rmType":"DV_CODED_TEXT","nodeId":"at0001","min":0,"max":1,"localizedNames":{"nb":"Analysesvar"},"localizedDescriptions":{"nb":"Faktisk verdi av prøvesvaret. Navnet på dette dataelementet er vanligvis oversatt i templat eller i applikasjon, slik at det samsvarer med den faktiske analysen. For eksempel \"S-Na\" eller \"Serum Natrium\". Det vil også som regel være kodet i et kodeverk.\n"},"aqlPath":"/content[openEHR-EHR-OBSERVATION.laboratory_test.v1,'PNA']/data[at0001]/events[at0002]/data[at0003]/items[openEHR-EHR-CLUSTER.laboratory_test_panel.v1,'Uretrautstryk']/items[at0002,'Hvite blodceller']/items[at0001]/value","inputs":[{"suffix":"code","type":"CODED_TEXT","list":[{"value":"C01","label":"0 - 4","localizedLabels":{"nb":"0 - 4"}},{"value":"C02","label":"5 - 9","localizedLabels":{"nb":"5 - 9"}},{"value":"C03","label":"10 - 30","localizedLabels":{"nb":"10 - 30"}},{"value":"C04","label":"Over 30","localizedLabels":{"nb":"Over 30"}}],"terminology":"OlafiaLAB_WBU"}],"formId":"pna_soi/pna/uspesifisert_hendelse/uretrautstryk/hvite_blodceller/analysesvar","viewConfig":{"label":{"custom":true,"value":"Hvite blodceller","useLocalizations":true,"localizationsList":{"nb":"Hvite blodceller"}},"size":{"field":"inherit","label":"inherit","fill":"inherit"},"layout":{"label":{"valign":"top","align":"top"},"field":{"valign":"inherit","align":"inherit"}},"datasource":{"loadRemote":false,"loadRemoteUrl":"","terminology":""},"advanced":{"hidden":false,"readonly":false},"multiplicity":{"min":"0","max":"1"},"tags":["showasradios"],"field":{"code":{"presentation":"combobox"}}},"defaultValue":{"code":""},"fid":"pna_soi/pna/uspesifisert_hendelse/uretrautstryk/hvite_blodceller/analysesvar"},{"name":"Analysesvar","localizedName":"Analysesvar","rmType":"DV_CODED_TEXT","nodeId":"at0001","min":0,"max":1,"localizedNames":{"nb":"Analysesvar"},"localizedDescriptions":{"nb":"Faktisk verdi av prøvesvaret. Navnet på dette dataelementet er vanligvis oversatt i templat eller i applikasjon, slik at det samsvarer med den faktiske analysen. For eksempel \"S-Na\" eller \"Serum Natrium\". Det vil også som regel være kodet i et kodeverk.\n"},"aqlPath":"/content[openEHR-EHR-OBSERVATION.laboratory_test.v1,'PNA']/data[at0001]/events[at0002]/data[at0003]/items[openEHR-EHR-CLUSTER.laboratory_test_panel.v1,'Uretrautstryk']/items[at0002,'Gonokokker']/items[at0001]/value","inputs":[{"suffix":"code","type":"CODED_TEXT","list":[{"value":"E01","label":"Ikke tilstede","localizedLabels":{"nb":"Ikke tilstede"}},{"value":"E02","label":"Tilstede","localizedLabels":{"nb":"Tilstede"}},{"value":"E03","label":"Usikker","localizedLabels":{"nb":"Usikker"}}],"terminology":"OlafiaLAB_TI"}],"formId":"pna_soi/pna/uspesifisert_hendelse/uretrautstryk/gonokokker/analysesvar","viewConfig":{"label":{"custom":true,"value":"Gonokokker","useLocalizations":true,"localizationsList":{"nb":"Gonokokker"}},"size":{"field":"inherit","label":"inherit","fill":"inherit"},"layout":{"label":{"valign":"top","align":"top"},"field":{"valign":"inherit","align":"inherit"}},"datasource":{"loadRemote":false,"loadRemoteUrl":"","terminology":""},"advanced":{"hidden":false,"readonly":false},"multiplicity":{"min":"0","max":"1"},"tags":["showasradios"],"field":{"code":{"presentation":"combobox"}}},"defaultValue":{"code":""},"fid":"pna_soi/pna/uspesifisert_hendelse/uretrautstryk/gonokokker/analysesvar"},{"name":"Analysesvar","localizedName":"Analysesvar","rmType":"DV_CODED_TEXT","nodeId":"at0001","min":0,"max":1,"localizedNames":{"nb":"Analysesvar"},"localizedDescriptions":{"nb":"Faktisk verdi av prøvesvaret. Navnet på dette dataelementet er vanligvis oversatt i templat eller i applikasjon, slik at det samsvarer med den faktiske analysen. For eksempel \"S-Na\" eller \"Serum Natrium\". Det vil også som regel være kodet i et kodeverk.\n"},"aqlPath":"/content[openEHR-EHR-OBSERVATION.laboratory_test.v1,'PNA']/data[at0001]/events[at0002]/data[at0003]/items[openEHR-EHR-CLUSTER.laboratory_test_panel.v1,'Uretrautstryk']/items[at0002,'Kokkoide/anaerobe bakterier']/items[at0001]/value","inputs":[{"suffix":"code","type":"CODED_TEXT","list":[{"value":"CF1","label":"Ikke tilstede","localizedLabels":{"nb":"Ikke tilstede"}},{"value":"CF2","label":"Tilstede","localizedLabels":{"nb":"Tilstede"}},{"value":"CF3","label":"Usikker","localizedLabels":{"nb":"Usikker"}}],"terminology":"OlafiaLAB_TI"}],"formId":"pna_soi/pna/uspesifisert_hendelse/uretrautstryk/kokkoide_anaerobe_bakterier/analysesvar","viewConfig":{"label":{"custom":true,"value":"Kokkoide/anaerobe bakterier","useLocalizations":true,"localizationsList":{"nb":"Kokkoide/anaerobe bakterier"}},"size":{"field":"inherit","label":"inherit","fill":"inherit"},"layout":{"label":{"valign":"top","align":"top"},"field":{"valign":"inherit","align":"inherit"}},"datasource":{"loadRemote":false,"loadRemoteUrl":"","terminology":""},"advanced":{"hidden":false,"readonly":false},"multiplicity":{"min":"0","max":"1"},"tags":["showasradios"],"field":{"code":{"presentation":"combobox"}}},"defaultValue":{"code":""},"fid":"pna_soi/pna/uspesifisert_hendelse/uretrautstryk/kokkoide_anaerobe_bakterier/analysesvar"},{"name":"Analysesvar","localizedName":"Analysesvar","rmType":"DV_CODED_TEXT","nodeId":"at0001","min":0,"max":1,"localizedNames":{"nb":"Analysesvar"},"localizedDescriptions":{"nb":"Faktisk verdi av prøvesvaret. Navnet på dette dataelementet er vanligvis oversatt i templat eller i applikasjon, slik at det samsvarer med den faktiske analysen. For eksempel \"S-Na\" eller \"Serum Natrium\". Det vil også som regel være kodet i et kodeverk.\n"},"aqlPath":"/content[openEHR-EHR-OBSERVATION.laboratory_test.v1,'PNA']/data[at0001]/events[at0002]/data[at0003]/items[openEHR-EHR-CLUSTER.laboratory_test_panel.v1,'Uretrautstryk']/items[at0002,'Ratio monocytt/polymorfonukleære leukocytter']/items[at0001]/value","inputs":[{"suffix":"code","type":"CODED_TEXT","list":[{"value":"F01","label":"Færre monocytter","localizedLabels":{"nb":"Færre monocytter"}},{"value":"F02","label":"Flere monocytter","localizedLabels":{"nb":"Flere monocytter"}},{"value":"F03","label":"Usikker","localizedLabels":{"nb":"Usikker"}}],"terminology":"OlafiaLAB_Mon"}],"formId":"pna_soi/pna/uspesifisert_hendelse/uretrautstryk/ratio_monocytt_polymorfonukleære_leukocytter/analysesvar","viewConfig":{"label":{"custom":true,"value":"Ratio monocytt/polymorfonukleære leukocytter","useLocalizations":true,"localizationsList":{"nb":"Ratio monocytt/polymorfonukleære leukocytter"}},"size":{"field":"inherit","label":"inherit","fill":"inherit"},"layout":{"label":{"valign":"top","align":"top"},"field":{"valign":"inherit","align":"inherit"}},"datasource":{"loadRemote":false,"loadRemoteUrl":"","terminology":""},"advanced":{"hidden":false,"readonly":false},"multiplicity":{"min":"0","max":"1"},"tags":["showasradios"],"field":{"code":{"presentation":"combobox"}}},"defaultValue":{"code":""},"fid":"pna_soi/pna/uspesifisert_hendelse/uretrautstryk/ratio_monocytt_polymorfonukleære_leukocytter/analysesvar"}],"fid":"pna_soi/pna/uspesifisert_hendelse/uretrautstryk","formId":"pna_soi/pna/uspesifisert_hendelse/uretrautstryk","viewConfig":{"label":{"custom":true,"value":"Uretrautstryk","useLocalizations":true,"localizationsList":{"nb":"Uretrautstryk"}},"size":{"field":"inherit","label":"inherit","fill":"inherit"},"layout":{"label":{"valign":"inherit","align":"inherit"},"field":{"valign":"inherit","align":"inherit"}},"field":{},"advanced":{"hidden":false,"readonly":false,"render":false},"multiplicity":{"min":"0","max":"1"},"tags":["ForceMinMultiplicity"]}},{"name":"Våtpreparat","localizedName":"Våtpreparat","rmType":"CLUSTER","nodeId":"openEHR-EHR-CLUSTER.laboratory_test_panel.v1","min":0,"max":1,"localizedNames":{"nb":"Våtpreparat"},"localizedDescriptions":{"nb":"Laboratorieprøveresultat som en enkeltverdi eller i grupper/pakker som er vanlig i kliniske prøveanalyser."},"aqlPath":"/content[openEHR-EHR-OBSERVATION.laboratory_test.v1,'PNA']/data[at0001]/events[at0002]/data[at0003]/items[openEHR-EHR-CLUSTER.laboratory_test_panel.v1,'Våtpreparat']","children":[{"name":"Analysesvar","localizedName":"Analysesvar","rmType":"DV_CODED_TEXT","nodeId":"at0001","min":0,"max":1,"localizedNames":{"nb":"Analysesvar"},"localizedDescriptions":{"nb":"Faktisk verdi av prøvesvaret. Navnet på dette dataelementet er vanligvis oversatt i templat eller i applikasjon, slik at det samsvarer med den faktiske analysen. For eksempel \"S-Na\" eller \"Serum Natrium\". Det vil også som regel være kodet i et kodeverk.\n"},"aqlPath":"/content[openEHR-EHR-OBSERVATION.laboratory_test.v1,'PNA']/data[at0001]/events[at0002]/data[at0003]/items[openEHR-EHR-CLUSTER.laboratory_test_panel.v1,'Våtpreparat']/items[at0002,'pH']/items[at0001]/value","inputs":[{"suffix":"code","type":"CODED_TEXT","list":[{"value":"B01","label":"Under 3.8","localizedLabels":{"nb":"Under 3.8"}},{"value":"B02","label":"3.8 – 4.4","localizedLabels":{"nb":"3.8 – 4.4"}},{"value":"B03","label":"4.5","localizedLabels":{"nb":"4.5"}},{"value":"B04","label":"4.6 – 5.8","localizedLabels":{"nb":"4.6 – 5.8"}},{"value":"B05","label":"Over 5.8","localizedLabels":{"nb":"Over 5.8"}}],"terminology":"OlafiaLAB_pH"}],"formId":"pna_soi/pna/uspesifisert_hendelse/våtpreparat/ph/analysesvar","viewConfig":{"label":{"custom":true,"value":"pH","useLocalizations":true,"localizationsList":{"nb":"pH"}},"size":{"field":"inherit","label":"inherit","fill":"inherit"},"layout":{"label":{"valign":"top","align":"top"},"field":{"valign":"inherit","align":"inherit"}},"datasource":{"loadRemote":false,"loadRemoteUrl":"","terminology":""},"advanced":{"hidden":false,"readonly":false},"multiplicity":{"min":"0","max":"1"},"tags":["showasradios"],"field":{"code":{"presentation":"combobox"}}},"defaultValue":{"code":""},"fid":"pna_soi/pna/uspesifisert_hendelse/våtpreparat/ph/analysesvar"},{"name":"Analysesvar","localizedName":"Analysesvar","rmType":"DV_CODED_TEXT","nodeId":"at0001","min":0,"max":1,"localizedNames":{"nb":"Analysesvar"},"localizedDescriptions":{"nb":"Faktisk verdi av prøvesvaret. Navnet på dette dataelementet er vanligvis oversatt i templat eller i applikasjon, slik at det samsvarer med den faktiske analysen. For eksempel \"S-Na\" eller \"Serum Natrium\". Det vil også som regel være kodet i et kodeverk.\n"},"aqlPath":"/content[openEHR-EHR-OBSERVATION.laboratory_test.v1,'PNA']/data[at0001]/events[at0002]/data[at0003]/items[openEHR-EHR-CLUSTER.laboratory_test_panel.v1,'Våtpreparat']/items[at0002,'Snifftest']/items[at0001]/value","inputs":[{"suffix":"code","type":"CODED_TEXT","list":[{"value":"A01","label":"Negativ","localizedLabels":{"nb":"Negativ"}},{"value":"A02","label":"Positiv","localizedLabels":{"nb":"Positiv"}}],"terminology":"OlafiaLAB_PN"}],"formId":"pna_soi/pna/uspesifisert_hendelse/våtpreparat/snifftest/analysesvar","viewConfig":{"label":{"custom":true,"value":"Snifftest","useLocalizations":true,"localizationsList":{"nb":"Snifftest"}},"size":{"field":"inherit","label":"inherit","fill":"inherit"},"layout":{"label":{"valign":"top","align":"top"},"field":{"valign":"inherit","align":"inherit"}},"datasource":{"loadRemote":false,"loadRemoteUrl":"","terminology":""},"advanced":{"hidden":false,"readonly":false},"multiplicity":{"min":"0","max":"1"},"tags":["showasradios"],"field":{"code":{"presentation":"combobox"}}},"defaultValue":{"code":""},"fid":"pna_soi/pna/uspesifisert_hendelse/våtpreparat/snifftest/analysesvar"},{"name":"Analysesvar","localizedName":"Analysesvar","rmType":"DV_CODED_TEXT","nodeId":"at0001","min":0,"max":1,"localizedNames":{"nb":"Analysesvar"},"localizedDescriptions":{"nb":"Faktisk verdi av prøvesvaret. Navnet på dette dataelementet er vanligvis oversatt i templat eller i applikasjon, slik at det samsvarer med den faktiske analysen. For eksempel \"S-Na\" eller \"Serum Natrium\". Det vil også som regel være kodet i et kodeverk.\n"},"aqlPath":"/content[openEHR-EHR-OBSERVATION.laboratory_test.v1,'PNA']/data[at0001]/events[at0002]/data[at0003]/items[openEHR-EHR-CLUSTER.laboratory_test_panel.v1,'Våtpreparat']/items[at0002,'Sopp']/items[at0001]/value","inputs":[{"suffix":"code","type":"CODED_TEXT","list":[{"value":"H01","label":"Ingen pseudomycelier","localizedLabels":{"nb":"Ingen pseudomycelier"}},{"value":"H02","label":"Pseudomycelier tilstede","localizedLabels":{"nb":"Pseudomycelier tilstede"}},{"value":"H03","label":"Usikker","localizedLabels":{"nb":"Usikker"}}],"terminology":"OlafiaLAB_Pse"}],"formId":"pna_soi/pna/uspesifisert_hendelse/våtpreparat/sopp/analysesvar","viewConfig":{"label":{"custom":true,"value":"Sopp","useLocalizations":true,"localizationsList":{"nb":"Sopp"}},"size":{"field":"inherit","label":"inherit","fill":"inherit"},"layout":{"label":{"valign":"top","align":"top"},"field":{"valign":"inherit","align":"inherit"}},"datasource":{"loadRemote":false,"loadRemoteUrl":"","terminology":""},"advanced":{"hidden":false,"readonly":false},"multiplicity":{"min":"0","max":"1"},"tags":["showasradios"],"field":{"code":{"presentation":"combobox"}}},"defaultValue":{"code":""},"fid":"pna_soi/pna/uspesifisert_hendelse/våtpreparat/sopp/analysesvar"},{"name":"Analysesvar","localizedName":"Analysesvar","rmType":"DV_CODED_TEXT","nodeId":"at0001","min":0,"max":1,"localizedNames":{"nb":"Analysesvar"},"localizedDescriptions":{"nb":"Faktisk verdi av prøvesvaret. Navnet på dette dataelementet er vanligvis oversatt i templat eller i applikasjon, slik at det samsvarer med den faktiske analysen. For eksempel \"S-Na\" eller \"Serum Natrium\". Det vil også som regel være kodet i et kodeverk.\n"},"aqlPath":"/content[openEHR-EHR-OBSERVATION.laboratory_test.v1,'PNA']/data[at0001]/events[at0002]/data[at0003]/items[openEHR-EHR-CLUSTER.laboratory_test_panel.v1,'Våtpreparat']/items[at0002,'Laktobaciller']/items[at0001]/value","inputs":[{"suffix":"code","type":"CODED_TEXT","list":[{"value":"I01","label":"gr I Normal flora, laktobasiller","localizedLabels":{"nb":"gr I Normal flora, laktobasiller"}},{"value":"I02","label":"gr I Laktobasiller/cytolyse","localizedLabels":{"nb":"gr I Laktobasiller/cytolyse"}},{"value":"I03","label":"gr II Blandet flora","localizedLabels":{"nb":"gr II Blandet flora"}},{"value":"I04","label":"gr III Aerob/kokkoid","localizedLabels":{"nb":"gr III Aerob/kokkoid"}},{"value":"I05","label":"gr III Anaerob/clueceller/BV","localizedLabels":{"nb":"gr III Anaerob/clueceller/BV"}}],"terminology":"OlafiaLAB_Lac"}],"formId":"pna_soi/pna/uspesifisert_hendelse/våtpreparat/laktobaciller/analysesvar","viewConfig":{"label":{"custom":true,"value":"Laktobaciller","useLocalizations":true,"localizationsList":{"nb":"Laktobaciller"}},"size":{"field":"inherit","label":"inherit","fill":"inherit"},"layout":{"label":{"valign":"top","align":"top"},"field":{"valign":"inherit","align":"inherit"}},"datasource":{"loadRemote":false,"loadRemoteUrl":"","terminology":""},"advanced":{"hidden":false,"readonly":false},"multiplicity":{"min":"0","max":"1"},"tags":["showasradios"],"field":{"code":{"presentation":"combobox"}}},"defaultValue":{"code":""},"fid":"pna_soi/pna/uspesifisert_hendelse/våtpreparat/laktobaciller/analysesvar"},{"name":"Analysesvar","localizedName":"Analysesvar","rmType":"DV_CODED_TEXT","nodeId":"at0001","min":0,"max":1,"localizedNames":{"nb":"Analysesvar"},"localizedDescriptions":{"nb":"Faktisk verdi av prøvesvaret. Navnet på dette dataelementet er vanligvis oversatt i templat eller i applikasjon, slik at det samsvarer med den faktiske analysen. For eksempel \"S-Na\" eller \"Serum Natrium\". Det vil også som regel være kodet i et kodeverk.\n"},"aqlPath":"/content[openEHR-EHR-OBSERVATION.laboratory_test.v1,'PNA']/data[at0001]/events[at0002]/data[at0003]/items[openEHR-EHR-CLUSTER.laboratory_test_panel.v1,'Våtpreparat']/items[at0002,'Ratio leukocytter/epitelceller']/items[at0001]/value","inputs":[{"suffix":"code","type":"CODED_TEXT","list":[{"value":"J01","label":"Færre leukocytter","localizedLabels":{"nb":"Færre leukocytter"}},{"value":"J02","label":"Like mange","localizedLabels":{"nb":"Like mange"}},{"value":"J03","label":"Flere leukocytter","localizedLabels":{"nb":"Flere leukocytter"}},{"value":"J04","label":"Mange flere leukocytter","localizedLabels":{"nb":"Mange flere leukocytter"}}],"terminology":"OlafiaLAB_Leu"}],"formId":"pna_soi/pna/uspesifisert_hendelse/våtpreparat/ratio_leukocytter_epitelceller/analysesvar","viewConfig":{"label":{"custom":true,"value":"Ratio leukocytter/epitelceller","useLocalizations":true,"localizationsList":{"nb":"Ratio leukocytter/epitelceller"}},"size":{"field":"inherit","label":"inherit","fill":"inherit"},"layout":{"label":{"valign":"top","align":"top"},"field":{"valign":"inherit","align":"inherit"}},"datasource":{"loadRemote":false,"loadRemoteUrl":"","terminology":""},"advanced":{"hidden":false,"readonly":false},"multiplicity":{"min":"0","max":"1"},"tags":["showasradios"],"field":{"code":{"presentation":"combobox"}}},"defaultValue":{"code":""},"fid":"pna_soi/pna/uspesifisert_hendelse/våtpreparat/ratio_leukocytter_epitelceller/analysesvar"},{"name":"Analysesvar","localizedName":"Analysesvar","rmType":"DV_CODED_TEXT","nodeId":"at0001","min":0,"max":1,"localizedNames":{"nb":"Analysesvar"},"localizedDescriptions":{"nb":"Faktisk verdi av prøvesvaret. Navnet på dette dataelementet er vanligvis oversatt i templat eller i applikasjon, slik at det samsvarer med den faktiske analysen. For eksempel \"S-Na\" eller \"Serum Natrium\". Det vil også som regel være kodet i et kodeverk.\n"},"aqlPath":"/content[openEHR-EHR-OBSERVATION.laboratory_test.v1,'PNA']/data[at0001]/events[at0002]/data[at0003]/items[openEHR-EHR-CLUSTER.laboratory_test_panel.v1,'Våtpreparat']/items[at0002,'Epitelceller']/items[at0001]/value","inputs":[{"suffix":"code","type":"CODED_TEXT","list":[{"value":"K01","label":"Normalt modne","localizedLabels":{"nb":"Normalt modne"}},{"value":"K02","label":"Intermediære","localizedLabels":{"nb":"Intermediære"}},{"value":"K03","label":"Cytolyse","localizedLabels":{"nb":"Cytolyse"}},{"value":"K04","label":"Parabasale","localizedLabels":{"nb":"Parabasale"}}],"terminology":"OlafiaLAB_epi"}],"formId":"pna_soi/pna/uspesifisert_hendelse/våtpreparat/epitelceller/analysesvar","viewConfig":{"label":{"custom":true,"value":"Epitelceller","useLocalizations":true,"localizationsList":{"nb":"Epitelceller"}},"size":{"field":"inherit","label":"inherit","fill":"inherit"},"layout":{"label":{"valign":"top","align":"top"},"field":{"valign":"inherit","align":"inherit"}},"datasource":{"loadRemote":false,"loadRemoteUrl":"","terminology":""},"advanced":{"hidden":false,"readonly":false},"multiplicity":{"min":"0","max":"1"},"tags":["showasradios"],"field":{"code":{"presentation":"combobox"}}},"defaultValue":{"code":""},"fid":"pna_soi/pna/uspesifisert_hendelse/våtpreparat/epitelceller/analysesvar"}],"fid":"pna_soi/pna/uspesifisert_hendelse/våtpreparat","formId":"pna_soi/pna/uspesifisert_hendelse/våtpreparat","viewConfig":{"label":{"custom":true,"value":"Våtpreparat","useLocalizations":true,"localizationsList":{"nb":"Våtpreparat"}},"size":{"field":"inherit","label":"inherit","fill":"inherit"},"layout":{"label":{"valign":"inherit","align":"inherit"},"field":{"valign":"inherit","align":"inherit"}},"field":{},"advanced":{"hidden":false,"readonly":false,"render":false},"multiplicity":{"min":"0","max":"1"},"tags":["ForceMinMultiplicity"]}},{"name":"Annet","localizedName":"Annet","rmType":"CLUSTER","nodeId":"openEHR-EHR-CLUSTER.laboratory_test_panel.v1","min":0,"max":1,"localizedNames":{"nb":"Annet"},"localizedDescriptions":{"nb":"Laboratorieprøveresultat som en enkeltverdi eller i grupper/pakker som er vanlig i kliniske prøveanalyser."},"aqlPath":"/content[openEHR-EHR-OBSERVATION.laboratory_test.v1,'PNA']/data[at0001]/events[at0002]/data[at0003]/items[openEHR-EHR-CLUSTER.laboratory_test_panel.v1,'Annet']","children":[{"name":"Analysesvar","localizedName":"Analysesvar","rmType":"DV_CODED_TEXT","nodeId":"at0001","min":0,"max":1,"localizedNames":{"nb":"Analysesvar"},"localizedDescriptions":{"nb":"Faktisk verdi av prøvesvaret. Navnet på dette dataelementet er vanligvis oversatt i templat eller i applikasjon, slik at det samsvarer med den faktiske analysen. For eksempel \"S-Na\" eller \"Serum Natrium\". Det vil også som regel være kodet i et kodeverk.\n"},"aqlPath":"/content[openEHR-EHR-OBSERVATION.laboratory_test.v1,'PNA']/data[at0001]/events[at0002]/data[at0003]/items[openEHR-EHR-CLUSTER.laboratory_test_panel.v1,'Annet']/items[at0002,'U-stix-Leukocytter']/items[at0001]/value","inputs":[{"suffix":"code","type":"CODED_TEXT","list":[{"value":"AF1","label":"0","localizedLabels":{"nb":"0"}},{"value":"AF2","label":"+","localizedLabels":{"nb":"+"}},{"value":"AF3","label":"++","localizedLabels":{"nb":"++"}},{"value":"AF4","label":"+++","localizedLabels":{"nb":"+++"}}],"terminology":"OlafiaLAB_USX"}],"formId":"pna_soi/pna/uspesifisert_hendelse/annet/u-stix-leukocytter/analysesvar","viewConfig":{"label":{"custom":true,"value":"U-stix-Leukocytter","useLocalizations":true,"localizationsList":{"nb":"U-stix-Leukocytter"}},"size":{"field":"inherit","label":"inherit","fill":"inherit"},"layout":{"label":{"valign":"top","align":"top"},"field":{"valign":"inherit","align":"inherit"}},"datasource":{"loadRemote":false,"loadRemoteUrl":"","terminology":""},"advanced":{"hidden":false,"readonly":false},"multiplicity":{"min":"0","max":"1"},"tags":["showasradios"],"field":{"code":{"presentation":"combobox"}}},"defaultValue":{"code":""},"fid":"pna_soi/pna/uspesifisert_hendelse/annet/u-stix-leukocytter/analysesvar"},{"name":"Analysesvar","localizedName":"Analysesvar","rmType":"DV_CODED_TEXT","nodeId":"at0001","min":0,"max":1,"localizedNames":{"nb":"Analysesvar"},"localizedDescriptions":{"nb":"Faktisk verdi av prøvesvaret. Navnet på dette dataelementet er vanligvis oversatt i templat eller i applikasjon, slik at det samsvarer med den faktiske analysen. For eksempel \"S-Na\" eller \"Serum Natrium\". Det vil også som regel være kodet i et kodeverk.\n"},"aqlPath":"/content[openEHR-EHR-OBSERVATION.laboratory_test.v1,'PNA']/data[at0001]/events[at0002]/data[at0003]/items[openEHR-EHR-CLUSTER.laboratory_test_panel.v1,'Annet']/items[at0002,'U-stix - Nitritt']/items[at0001]/value","inputs":[{"suffix":"code","type":"CODED_TEXT","list":[{"value":"CG1","label":"0","localizedLabels":{"nb":"0"}},{"value":"CG2","label":"+","localizedLabels":{"nb":"+"}},{"value":"CG3","label":"++","localizedLabels":{"nb":"++"}},{"value":"CG4","label":"+++","localizedLabels":{"nb":"+++"}}],"terminology":"OlafiaLAB_USX"}],"formId":"pna_soi/pna/uspesifisert_hendelse/annet/u-stix_-_nitritt/analysesvar","viewConfig":{"label":{"custom":true,"value":"U-stix - Nitritt","useLocalizations":true,"localizationsList":{"nb":"U-stix - Nitritt"}},"size":{"field":"inherit","label":"inherit","fill":"inherit"},"layout":{"label":{"valign":"top","align":"top"},"field":{"valign":"inherit","align":"inherit"}},"datasource":{"loadRemote":false,"loadRemoteUrl":"","terminology":""},"advanced":{"hidden":false,"readonly":false},"multiplicity":{"min":"0","max":"1"},"tags":["showasradios"],"field":{"code":{"presentation":"combobox"}}},"defaultValue":{"code":""},"fid":"pna_soi/pna/uspesifisert_hendelse/annet/u-stix_-_nitritt/analysesvar"},{"name":"Analysesvar","localizedName":"Analysesvar","rmType":"DV_CODED_TEXT","nodeId":"at0001","min":0,"max":1,"localizedNames":{"nb":"Analysesvar"},"localizedDescriptions":{"nb":"Faktisk verdi av prøvesvaret. Navnet på dette dataelementet er vanligvis oversatt i templat eller i applikasjon, slik at det samsvarer med den faktiske analysen. For eksempel \"S-Na\" eller \"Serum Natrium\". Det vil også som regel være kodet i et kodeverk.\n"},"aqlPath":"/content[openEHR-EHR-OBSERVATION.laboratory_test.v1,'PNA']/data[at0001]/events[at0002]/data[at0003]/items[openEHR-EHR-CLUSTER.laboratory_test_panel.v1,'Annet']/items[at0002,'U-stix - Blod']/items[at0001]/value","inputs":[{"suffix":"code","type":"CODED_TEXT","list":[{"value":"CH1","label":"0","localizedLabels":{"nb":"0"}},{"value":"CH2","label":"+","localizedLabels":{"nb":"+"}},{"value":"CH3","label":"++","localizedLabels":{"nb":"++"}},{"value":"CH4","label":"+++","localizedLabels":{"nb":"+++"}}],"terminology":"OlafiaLAB_USX"}],"formId":"pna_soi/pna/uspesifisert_hendelse/annet/u-stix_-_blod/analysesvar","viewConfig":{"label":{"custom":true,"value":"U-stix - Blod","useLocalizations":true,"localizationsList":{"nb":"U-stix - Blod"}},"size":{"field":"inherit","label":"inherit","fill":"inherit"},"layout":{"label":{"valign":"top","align":"top"},"field":{"valign":"inherit","align":"inherit"}},"datasource":{"loadRemote":false,"loadRemoteUrl":"","terminology":""},"advanced":{"hidden":false,"readonly":false},"multiplicity":{"min":"0","max":"1"},"tags":["showasradios"],"field":{"code":{"presentation":"combobox"}}},"defaultValue":{"code":""},"fid":"pna_soi/pna/uspesifisert_hendelse/annet/u-stix_-_blod/analysesvar"},{"name":"Analysesvar","localizedName":"Analysesvar","rmType":"DV_CODED_TEXT","nodeId":"at0001","min":0,"max":1,"localizedNames":{"nb":"Analysesvar"},"localizedDescriptions":{"nb":"Faktisk verdi av prøvesvaret. Navnet på dette dataelementet er vanligvis oversatt i templat eller i applikasjon, slik at det samsvarer med den faktiske analysen. For eksempel \"S-Na\" eller \"Serum Natrium\". Det vil også som regel være kodet i et kodeverk.\n"},"aqlPath":"/content[openEHR-EHR-OBSERVATION.laboratory_test.v1,'PNA']/data[at0001]/events[at0002]/data[at0003]/items[openEHR-EHR-CLUSTER.laboratory_test_panel.v1,'Annet']/items[at0002,'Graviditetstest']/items[at0001]/value","inputs":[{"suffix":"code","type":"CODED_TEXT","list":[{"value":"A01","label":"Negativ","localizedLabels":{"nb":"Negativ"}},{"value":"A02","label":"Positiv","localizedLabels":{"nb":"Positiv"}},{"value":"A03","label":"Usikker","localizedLabels":{"nb":"Usikker"}}],"terminology":"OlafiaLAB_PN"}],"formId":"pna_soi/pna/uspesifisert_hendelse/annet/graviditetstest/analysesvar","viewConfig":{"label":{"custom":true,"value":"Graviditetstest","useLocalizations":true,"localizationsList":{"nb":"Graviditetstest"}},"size":{"field":"inherit","label":"inherit","fill":"inherit"},"layout":{"label":{"valign":"top","align":"top"},"field":{"valign":"inherit","align":"inherit"}},"datasource":{"loadRemote":false,"loadRemoteUrl":"","terminology":""},"advanced":{"hidden":false,"readonly":false},"multiplicity":{"min":"0","max":"1"},"tags":["showasradios"],"field":{"code":{"presentation":"combobox"}}},"defaultValue":{"code":""},"fid":"pna_soi/pna/uspesifisert_hendelse/annet/graviditetstest/analysesvar"}],"fid":"pna_soi/pna/uspesifisert_hendelse/annet","formId":"pna_soi/pna/uspesifisert_hendelse/annet","viewConfig":{"label":{"custom":true,"value":"Annet","useLocalizations":true,"localizationsList":{"nb":"Annet"}},"size":{"field":"inherit","label":"inherit","fill":"inherit"},"layout":{"label":{"valign":"inherit","align":"inherit"},"field":{"valign":"inherit","align":"inherit"}},"field":{},"advanced":{"hidden":false,"readonly":false,"render":false},"multiplicity":{"min":"0","max":"1"},"tags":["ForceMinMultiplicity"]}}]}