{"name":"Form root","localizedNames":{},"localizedDescriptions":{},"rmType":"FORM_DEFINITION","min":0,"max":0,"formId":"form_root","viewConfig":{"label":{"custom":false,"useLocalizations":false},"size":{"field":"inherit","label":"inherit"},"layout":{"label":{"valign":"inherit","align":"inherit"},"field":{"valign":"inherit","align":"inherit"}},"annotations":{"#lege":"select a/data[at0001]/items[at0016]/items[at0002 and name/value='Lege']/value\r\nfrom composition c\r\ncontains ADMIN_ENTRY a[openEHR-EHR-ADMIN_ENTRY.administrativ_informasjon_dips.v2]\r\nwhere  a/name/value = 'Sykepleier' order by c/context/start_time/value DESC fetch 1?scope=episodeofcare"}},"children":[{"name":"Lege","localizedName":"Lege","localizedNames":{"en":"*Lege (en)","nb":"Lege"},"localizedDescriptions":{"nb":"Innhold i beskjed","en":"*Innhold i beskjed (nb)"},"rmType":"DV_TEXT","nodeId":"at0002","min":0,"max":1,"aqlPath":"/content[openEHR-EHR-ADMIN_ENTRY.administrativ_informasjon_dips.v2 and name/value='Lege']/data[at0001]/items[at0016]/items[at0002 and name/value='Lege']/value","inputs":[{"type":"TEXT","list":[],"listOpen":false}],"formId":"informasjon_for_post/lege@Lege/informasjon_beskjed/lege@Lege","viewConfig":{"multiplicity":{"min":0,"max":1},"advanced":{"hidden":false,"readonly":false,"hideFrame":false,"render":false},"label":{"custom":false,"useLocalizations":false},"size":{"field":"small","label":"inherit"},"layout":{"label":{"valign":"inherit","align":"inherit"},"field":{"valign":"inherit","align":"inherit"}},"datasource":{"loadRemote":false,"parameters":{}},"annotations":{"select":"{#lege}"},"field":{"lines":null,"input":{}}}},{"name":"Tidspunkt beskjed","localizedName":"Tidspunkt beskjed","localizedNames":{"en":"*Tidspunkt beskjed (nb)","nb":"Tidspunkt beskjed"},"localizedDescriptions":{"nb":"Tidspunkt for sending av beskjed","en":"*Tidspunkt for sending av beskjed (nb)"},"rmType":"DV_DATE_TIME","nodeId":"at0005","min":0,"max":1,"aqlPath":"/content[openEHR-EHR-ADMIN_ENTRY.administrativ_informasjon_dips.v2 and name/value='Lege']/data[at0001]/items[at0016]/items[at0005]/value","inputs":[{"type":"DATETIME","listOpen":false}],"formId":"informasjon_for_post/lege@Lege/informasjon_beskjed/tidspunkt_beskjed","viewConfig":{"multiplicity":{"min":0,"max":1},"advanced":{"hidden":true,"readonly":false,"hideFrame":false,"render":false},"label":{"custom":false,"useLocalizations":false},"size":{"field":"inherit","label":"inherit"},"layout":{"label":{"valign":"inherit","align":"inherit"},"field":{"valign":"inherit","align":"inherit"}},"annotations":{"templateVariable":"[sys.now]"},"field":{"input":{"hideTime":false,"dateFormat":"","hideDate":false}}}}]}