[{"field":"klinisk_kontakt/risiko_for_trykksår_pasientsikkerhetsprogrammet/uspesifisert_hendelse/trykksår","conditions":[{"operator":"equals","value":{"code":"at0008"},"actions":[{"action":"set","target":"generic-field-26238","value":{"value":"1"}}]},{"operator":"notequals","value":{"code":"at0008"},"actions":[{"action":"clear","target":"generic-field-26238"}]}]},{"field":"klinisk_kontakt/risiko_for_trykksår_pasientsikkerhetsprogrammet/uspesifisert_hendelse/stillingsendring","conditions":[{"operator":"equals","value":{"code":"at0010"},"actions":[{"action":"set","target":"generic-field-69768","value":{"value":"1"}}]},{"operator":"notequals","value":{"code":"at0010"},"actions":[{"action":"clear","target":"generic-field-69768"}]}]},{"field":"klinisk_kontakt/risiko_for_trykksår_pasientsikkerhetsprogrammet/uspesifisert_hendelse/risiko_for_trykksår","conditions":[{"operator":"equals","value":{"code":"at0012"},"actions":[{"action":"set","target":"generic-field-30030","value":{"value":"1"}}]},{"operator":"notequals","value":{"code":"at0012"},"actions":[{"action":"clear","target":"generic-field-30030"}]}]}]