[{"col":1,"row":1,"width":12,"height":39,"children":[{"id":"hv_fallrisikovurdering/fallrisiko/innledende_risikovurdering_for_fall","rows":[{"cols":[{"width":"100%","children":[{"id":"hv_fallrisikovurdering/fallrisiko/innledende_risikovurdering_for_fall/alder_skjult"},{"id":"hv_fallrisikovurdering/fallrisiko/innledende_risikovurdering_for_fall/alder_over_65_år"},{"id":"hv_fallrisikovurdering/fallrisiko/innledende_risikovurdering_for_fall/dato_for_screening"},{"id":"hv_fallrisikovurdering/fallrisiko/innledende_risikovurdering_for_fall/dato_siste_screening"}]}]}]},{"id":"generic-field-8121","rows":[{"cols":[{"width":"100%","children":[]}]}]},{"id":"generic-field-93099","rows":[{"cols":[{"width":"100%","children":[]}]}]},{"id":"generic-field-51697","rows":[{"cols":[{"width":"100%","children":[]}]}]},{"id":"generic-field-48911","rows":[{"cols":[{"width":"100%","children":[{"id":"generic-field-21473","rows":[{"cols":[{"width":"100%","children":[]}]}]}]}]}]},{"id":"generic-field-32347","rows":[{"cols":[{"width":"100%","children":[{"id":"generic-field-54750","rows":[{"cols":[{"width":"100%","children":[]}]}]}]}]}]},{"id":"hv_fallrisikovurdering/fallrisiko/innledende_risikovurdering_for_fall/sykdommer_og_tilstander_som_medfører_økt_risiko_for_fall_kryss_av_for_aktuelle","rows":[{"cols":[{"width":"100%","children":[{"id":"hv_fallrisikovurdering/fallrisiko/innledende_risikovurdering_for_fall/sykdommer_og_tilstander_som_medfører_økt_risiko_for_fall_kryss_av_for_aktuelle/nevrologiske_lidelser"},{"id":"hv_fallrisikovurdering/fallrisiko/innledende_risikovurdering_for_fall/sykdommer_og_tilstander_som_medfører_økt_risiko_for_fall_kryss_av_for_aktuelle/kognitive_sykdomstilstander"},{"id":"hv_fallrisikovurdering/fallrisiko/innledende_risikovurdering_for_fall/sykdommer_og_tilstander_som_medfører_økt_risiko_for_fall_kryss_av_for_aktuelle/betydelig_synshemning"},{"id":"hv_fallrisikovurdering/fallrisiko/innledende_risikovurdering_for_fall/sykdommer_og_tilstander_som_medfører_økt_risiko_for_fall_kryss_av_for_aktuelle/ikke_aktuelt"},{"id":"hv_fallrisikovurdering/fallrisiko/innledende_risikovurdering_for_fall/sykdommer_og_tilstander_som_medfører_økt_risiko_for_fall_kryss_av_for_aktuelle/merknad"}]}]}]},{"id":"generic-field-83739","rows":[]},{"id":"generic-field-12236","rows":[{"cols":[{"width":"100%","children":[{"id":"hv_fallrisikovurdering/stratify_vurderingsverktøy_for_fallrisiko/uspesifisert_hendelse/fall_de_siste_tre_måneder"},{"id":"hv_fallrisikovurdering/stratify_vurderingsverktøy_for_fallrisiko/uspesifisert_hendelse/synshemminger"},{"id":"hv_fallrisikovurdering/stratify_vurderingsverktøy_for_fallrisiko/uspesifisert_hendelse/urolig_atferd"},{"id":"hv_fallrisikovurdering/stratify_vurderingsverktøy_for_fallrisiko/uspesifisert_hendelse/hyppige_toalettbesøk"},{"id":"hv_fallrisikovurdering/barthel_adl-indeks/uspesifisert_hendelse/forflytning_mellom_seng_og_stol"},{"id":"hv_fallrisikovurdering/barthel_adl-indeks/uspesifisert_hendelse/mobilitet"},{"id":"hv_fallrisikovurdering/stratify_vurderingsverktøy_for_fallrisiko/uspesifisert_hendelse/total_sum_av_mobililtet_og_forflytning_mellom_seng_og_stol_fra_barthel_adl-indeks"},{"id":"hv_fallrisikovurdering/stratify_vurderingsverktøy_for_fallrisiko/uspesifisert_hendelse/poeng_totalt"}]}]}]}]}]