[{"field":"hv_fallrisikovurdering/fallrisiko/innledende_risikovurdering_for_fall/alder_over_65_år","conditions":[{"operator":"is","value":{"value":true},"actions":[{"action":"show","target":"generic-field-48911","value":{"value":""}},{"action":"hide","target":"generic-field-32347","value":{"value":""}}]},{"operator":"is","value":{"value":false},"actions":[{"action":"show","target":"generic-field-32347","value":{"value":""}},{"action":"hide","target":"generic-field-48911","value":{"value":""}}]}]},{"field":"generic-field-83739","conditions":[{"operator":"gt","value":{"value":"0"},"actions":[{"action":"show","target":"generic-field-12236","value":{"value":""}}]},{"operator":"eq","value":{"value":"0"},"actions":[{"action":"hide","target":"generic-field-12236","value":{"value":""}}]}]},{"field":"hv_fallrisikovurdering/fallrisiko/innledende_risikovurdering_for_fall/dato_siste_screening","conditions":[{"operator":"empty","value":null,"actions":[{"action":"show","target":"generic-field-93099","value":{"value":""}}]},{"operator":"notempty","value":null,"actions":[{"action":"hide","target":"generic-field-93099","value":{"value":""}}]},{"operator":"empty","value":null,"actions":[{"action":"hide","target":"hv_fallrisikovurdering/fallrisiko/innledende_risikovurdering_for_fall/dato_siste_screening","value":{"value":""}}]},{"operator":"notempty","value":null,"actions":[{"action":"show","target":"hv_fallrisikovurdering/fallrisiko/innledende_risikovurdering_for_fall/dato_siste_screening","value":{"value":""}}]}]},{"field":"hv_fallrisikovurdering/fallrisiko/innledende_risikovurdering_for_fall/sykdommer_og_tilstander_som_medfører_økt_risiko_for_fall_kryss_av_for_aktuelle/nevrologiske_lidelser","conditions":[{"operator":"is","value":{"value":false},"actions":[{"action":"show","target":"hv_fallrisikovurdering/fallrisiko/innledende_risikovurdering_for_fall/sykdommer_og_tilstander_som_medfører_økt_risiko_for_fall_kryss_av_for_aktuelle/ikke_aktuelt","value":{"value":false}},{"action":"show","target":"hv_fallrisikovurdering/fallrisiko/innledende_risikovurdering_for_fall/sykdommer_og_tilstander_som_medfører_økt_risiko_for_fall_kryss_av_for_aktuelle/merknad","value":{"value":""}}]},{"operator":"is","value":{"value":true},"actions":[{"action":"hide","target":"hv_fallrisikovurdering/fallrisiko/innledende_risikovurdering_for_fall/sykdommer_og_tilstander_som_medfører_økt_risiko_for_fall_kryss_av_for_aktuelle/ikke_aktuelt","value":{"value":false}},{"action":"hide","target":"hv_fallrisikovurdering/fallrisiko/innledende_risikovurdering_for_fall/sykdommer_og_tilstander_som_medfører_økt_risiko_for_fall_kryss_av_for_aktuelle/merknad","value":{"value":""}}]}]},{"field":"hv_fallrisikovurdering/fallrisiko/innledende_risikovurdering_for_fall/sykdommer_og_tilstander_som_medfører_økt_risiko_for_fall_kryss_av_for_aktuelle/kognitive_sykdomstilstander","conditions":[{"operator":"is","value":{"value":false},"actions":[{"action":"show","target":"hv_fallrisikovurdering/fallrisiko/innledende_risikovurdering_for_fall/sykdommer_og_tilstander_som_medfører_økt_risiko_for_fall_kryss_av_for_aktuelle/ikke_aktuelt","value":{"value":false}},{"action":"show","target":"hv_fallrisikovurdering/fallrisiko/innledende_risikovurdering_for_fall/sykdommer_og_tilstander_som_medfører_økt_risiko_for_fall_kryss_av_for_aktuelle/merknad","value":{"value":""}}]},{"operator":"is","value":{"value":true},"actions":[{"action":"hide","target":"hv_fallrisikovurdering/fallrisiko/innledende_risikovurdering_for_fall/sykdommer_og_tilstander_som_medfører_økt_risiko_for_fall_kryss_av_for_aktuelle/ikke_aktuelt","value":{"value":false}},{"action":"hide","target":"hv_fallrisikovurdering/fallrisiko/innledende_risikovurdering_for_fall/sykdommer_og_tilstander_som_medfører_økt_risiko_for_fall_kryss_av_for_aktuelle/merknad","value":{"value":""}}]}]},{"field":"hv_fallrisikovurdering/fallrisiko/innledende_risikovurdering_for_fall/sykdommer_og_tilstander_som_medfører_økt_risiko_for_fall_kryss_av_for_aktuelle/betydelig_synshemning","conditions":[{"operator":"is","value":{"value":false},"actions":[{"action":"show","target":"hv_fallrisikovurdering/fallrisiko/innledende_risikovurdering_for_fall/sykdommer_og_tilstander_som_medfører_økt_risiko_for_fall_kryss_av_for_aktuelle/ikke_aktuelt","value":{"value":false}},{"action":"show","target":"hv_fallrisikovurdering/fallrisiko/innledende_risikovurdering_for_fall/sykdommer_og_tilstander_som_medfører_økt_risiko_for_fall_kryss_av_for_aktuelle/merknad","value":{"value":""}}]},{"operator":"is","value":{"value":true},"actions":[{"action":"hide","target":"hv_fallrisikovurdering/fallrisiko/innledende_risikovurdering_for_fall/sykdommer_og_tilstander_som_medfører_økt_risiko_for_fall_kryss_av_for_aktuelle/ikke_aktuelt","value":{"value":false}},{"action":"hide","target":"hv_fallrisikovurdering/fallrisiko/innledende_risikovurdering_for_fall/sykdommer_og_tilstander_som_medfører_økt_risiko_for_fall_kryss_av_for_aktuelle/merknad","value":{"value":""}}]}]}]