{"formId":"form_root","name":"Form root","rmType":"FORM_DEFINITION","viewConfig":{"label":{"custom":false,"value":"","useLocalizations":false,"localizationsList":{}},"size":{"field":"inherit","label":"inherit","fill":"inherit"},"layout":{"valign":"inherit","align":"inherit"},"tags":[]},"language":"","templateLanguages":["nb"],"children":[{"localizedName":"NEMS og Mekanisk ventilasjon","localizedNames":{"nb":"NEMS og Mekanisk ventilasjon"},"min":"0","max":"1","name":"NEMS og Mekanisk ventilasjon","rmType":"GENERIC_FIELDSET","formId":"generic-field-66491","children":[],"viewConfig":{"size":{"field":"inherit","label":"inherit","fill":"inherit"},"layout":{"label":{"valign":"inherit","align":"inherit"},"field":{"valign":"inherit","align":"inherit"}},"advanced":{"hidden":false,"readonly":false,"render":false},"tags":[]}},{"name":"NEMS score","localizedName":"NEMS score","rmType":"OBSERVATION","nodeId":"openEHR-EHR-OBSERVATION.nems_score.v0","min":"1","max":"1","localizedNames":{"nb":"NEMS score"},"localizedDescriptions":{"nb":"unknown"},"aqlPath":"/content[openEHR-EHR-OBSERVATION.nems_score.v0]","formId":"nems_score_og_mekanisk_ventilasjon/nems_score","children":[{"name":"Basal Monitorering","localizedName":"Basal Monitorering","rmType":"DV_ORDINAL","nodeId":"at0004","min":"0","max":"1","localizedNames":{"nb":"Basal Monitorering"},"localizedDescriptions":{"nb":"*"},"aqlPath":"/content[openEHR-EHR-OBSERVATION.nems_score.v0]/data[at0001]/events[at0002]/data[at0003]/items[at0004]/value","inputs":[{"type":"CODED_TEXT","list":[{"value":"at0017","label":"Nei","localizedLabels":{"nb":"Nei"},"localizedDescriptions":{"nb":"*"},"ordinal":0},{"value":"at0018","label":"Ja","localizedLabels":{"nb":"Ja"},"localizedDescriptions":{"nb":"*"},"ordinal":9}]}],"formId":"nems_score_og_mekanisk_ventilasjon/nems_score/basal_monitorering","viewConfig":{"size":{"field":"inherit","label":"inherit","fill":"inherit"},"layout":{"label":{"valign":"inherit","align":"inherit"},"field":{"valign":"inherit","align":"inherit"}},"datasource":{"loadRemote":false,"loadRemoteUrl":"","terminology":""},"annotations":{"calcid":"n_basal"},"advanced":{"hidden":false,"readonly":false},"tags":["showasradios"],"field":{"input":{"presentation":"combobox"}}}},{"name":"Intravenøs Medisinering","localizedName":"Intravenøs Medisinering","rmType":"DV_ORDINAL","nodeId":"at0005","min":"0","max":"1","localizedNames":{"nb":"Intravenøs Medisinering"},"localizedDescriptions":{"nb":"*"},"aqlPath":"/content[openEHR-EHR-OBSERVATION.nems_score.v0]/data[at0001]/events[at0002]/data[at0003]/items[at0005]/value","inputs":[{"type":"CODED_TEXT","list":[{"value":"at0019","label":"Nei","localizedLabels":{"nb":"Nei"},"localizedDescriptions":{"nb":"*"},"ordinal":0},{"value":"at0020","label":"Ja","localizedLabels":{"nb":"Ja"},"localizedDescriptions":{"nb":"*"},"ordinal":6}]}],"formId":"nems_score_og_mekanisk_ventilasjon/nems_score/intravenøs_medisinering","viewConfig":{"size":{"field":"inherit","label":"inherit","fill":"inherit"},"layout":{"label":{"valign":"inherit","align":"inherit"},"field":{"valign":"inherit","align":"inherit"}},"datasource":{"loadRemote":false,"loadRemoteUrl":"","terminology":""},"annotations":{"calcid":"s_medisinering"},"advanced":{"hidden":false,"readonly":false},"tags":["showasradios"],"field":{"input":{"presentation":"combobox"}}}},{"name":"Respirasjon","localizedName":"Respirasjon","rmType":"DV_ORDINAL","nodeId":"at0021","min":"0","max":"1","localizedNames":{"nb":"Respirasjon"},"localizedDescriptions":{"nb":"*"},"aqlPath":"/content[openEHR-EHR-OBSERVATION.nems_score.v0]/data[at0001]/events[at0002]/data[at0003]/items[at0021]/value","inputs":[{"type":"CODED_TEXT","list":[{"value":"at0022","label":"Ingen respirasjonshjelp","localizedLabels":{"nb":"Ingen respirasjonshjelp"},"localizedDescriptions":{"nb":"*"},"ordinal":0},{"value":"at0024","label":"Annen respirasjonshjelp","localizedLabels":{"nb":"Annen respirasjonshjelp"},"localizedDescriptions":{"nb":"*"},"ordinal":3},{"value":"at0023","label":"Mekanisk ventilasjon","localizedLabels":{"nb":"Mekanisk ventilasjon"},"localizedDescriptions":{"nb":"*"},"ordinal":12}]}],"formId":"nems_score_og_mekanisk_ventilasjon/nems_score/respirasjon","viewConfig":{"size":{"field":"inherit","label":"inherit","fill":"inherit"},"layout":{"label":{"valign":"inherit","align":"inherit"},"field":{"valign":"inherit","align":"inherit"}},"datasource":{"loadRemote":false,"loadRemoteUrl":"","terminology":""},"annotations":{"calcid":"s_respirasjon"},"advanced":{"hidden":false,"readonly":false},"tags":["showasradios"],"field":{"input":{"presentation":"combobox"}}}},{"name":"Vasoaktiv terapi","localizedName":"Vasoaktiv terapi","rmType":"DV_ORDINAL","nodeId":"at0025","min":"0","max":"1","localizedNames":{"nb":"Vasoaktiv terapi"},"localizedDescriptions":{"nb":"*"},"aqlPath":"/content[openEHR-EHR-OBSERVATION.nems_score.v0]/data[at0001]/events[at0002]/data[at0003]/items[at0025]/value","inputs":[{"type":"CODED_TEXT","list":[{"value":"at0026","label":"Ingen vasoaktiv terapi","localizedLabels":{"nb":"Ingen vasoaktiv terapi"},"localizedDescriptions":{"nb":"*"},"ordinal":0},{"value":"at0027","label":"Vasoaktiv monoterapi","localizedLabels":{"nb":"Vasoaktiv monoterapi"},"localizedDescriptions":{"nb":"*"},"ordinal":7},{"value":"at0028","label":"Vasoaktiv multiterapi","localizedLabels":{"nb":"Vasoaktiv multiterapi"},"localizedDescriptions":{"nb":"*"},"ordinal":12}]}],"formId":"nems_score_og_mekanisk_ventilasjon/nems_score/vasoaktiv_terapi","viewConfig":{"size":{"field":"inherit","label":"inherit","fill":"inherit"},"layout":{"label":{"valign":"inherit","align":"inherit"},"field":{"valign":"inherit","align":"inherit"}},"datasource":{"loadRemote":false,"loadRemoteUrl":"","terminology":""},"annotations":{"calcid":"s_vasoaktiv"},"advanced":{"hidden":false,"readonly":false},"tags":["showasradios"],"field":{"input":{"presentation":"combobox"}}}},{"name":"Dialyse","localizedName":"Dialyse","rmType":"DV_ORDINAL","nodeId":"at0012","min":"0","max":"1","localizedNames":{"nb":"Dialyse"},"localizedDescriptions":{"nb":"*"},"aqlPath":"/content[openEHR-EHR-OBSERVATION.nems_score.v0]/data[at0001]/events[at0002]/data[at0003]/items[at0012]/value","inputs":[{"type":"CODED_TEXT","list":[{"value":"at0030","label":"Nei","localizedLabels":{"nb":"Nei"},"localizedDescriptions":{"nb":"*"},"ordinal":0},{"value":"at0029","label":"Ja","localizedLabels":{"nb":"Ja"},"localizedDescriptions":{"nb":"*"},"ordinal":6}]}],"formId":"nems_score_og_mekanisk_ventilasjon/nems_score/dialyse","viewConfig":{"size":{"field":"inherit","label":"inherit","fill":"inherit"},"layout":{"label":{"valign":"inherit","align":"inherit"},"field":{"valign":"inherit","align":"inherit"}},"datasource":{"loadRemote":false,"loadRemoteUrl":"","terminology":""},"annotations":{"calcid":"s_dialyse"},"advanced":{"hidden":false,"readonly":false},"tags":["showasradios"],"field":{"input":{"presentation":"combobox"}}}},{"name":"Spesiell intervensjon i intensivavdeling","localizedName":"Spesiell intervensjon i intensivavdeling","rmType":"DV_ORDINAL","nodeId":"at0013","min":"0","max":"1","localizedNames":{"nb":"Spesiell intervensjon i intensivavdeling"},"localizedDescriptions":{"nb":"*"},"aqlPath":"/content[openEHR-EHR-OBSERVATION.nems_score.v0]/data[at0001]/events[at0002]/data[at0003]/items[at0013]/value","inputs":[{"type":"CODED_TEXT","list":[{"value":"at0031","label":"Nei","localizedLabels":{"nb":"Nei"},"localizedDescriptions":{"nb":"*"},"ordinal":0},{"value":"at0032","label":"Ja","localizedLabels":{"nb":"Ja"},"localizedDescriptions":{"nb":"*"},"ordinal":5}]}],"formId":"nems_score_og_mekanisk_ventilasjon/nems_score/spesiell_intervensjon_i_intensivavdeling","viewConfig":{"size":{"field":"inherit","label":"inherit","fill":"inherit"},"layout":{"label":{"valign":"inherit","align":"inherit"},"field":{"valign":"inherit","align":"inherit"}},"datasource":{"loadRemote":false,"loadRemoteUrl":"","terminology":""},"annotations":{"calcid":"s_intensivavd"},"advanced":{"hidden":false,"readonly":false},"tags":["showasradios"],"field":{"input":{"presentation":"combobox"}}}},{"name":"Spesiell intervensjon utenfor intensivavdeling","localizedName":"Spesiell intervensjon utenfor intensivavdeling","rmType":"DV_ORDINAL","nodeId":"at0014","min":"0","max":"1","localizedNames":{"nb":"Spesiell intervensjon utenfor intensivavdeling"},"localizedDescriptions":{"nb":"*"},"aqlPath":"/content[openEHR-EHR-OBSERVATION.nems_score.v0]/data[at0001]/events[at0002]/data[at0003]/items[at0014]/value","inputs":[{"type":"CODED_TEXT","list":[{"value":"at0033","label":"Nei","localizedLabels":{"nb":"Nei"},"localizedDescriptions":{"nb":"*"},"ordinal":0},{"value":"at0034","label":"Ja","localizedLabels":{"nb":"Ja"},"localizedDescriptions":{"nb":"*"},"ordinal":6}]}],"formId":"nems_score_og_mekanisk_ventilasjon/nems_score/spesiell_intervensjon_utenfor_intensivavdeling","viewConfig":{"size":{"field":"inherit","label":"inherit","fill":"inherit"},"layout":{"label":{"valign":"inherit","align":"inherit"},"field":{"valign":"inherit","align":"inherit"}},"datasource":{"loadRemote":false,"loadRemoteUrl":"","terminology":""},"annotations":{"calcid":"s_utenfor"},"advanced":{"hidden":false,"readonly":false},"tags":["showasradios"],"field":{"input":{"presentation":"combobox"}}}},{"name":"NEMS Score","localizedName":"NEMS Score","rmType":"DV_COUNT","nodeId":"at0015","min":"0","max":"1","localizedNames":{"nb":"NEMS Score"},"localizedDescriptions":{"nb":"*"},"aqlPath":"/content[openEHR-EHR-OBSERVATION.nems_score.v0]/data[at0001]/events[at0002]/data[at0003]/items[at0015]/value","inputs":[{"type":"INTEGER","validation":{"range":{"minOp":">=","min":0}}}],"formId":"nems_score_og_mekanisk_ventilasjon/nems_score/nems_score","viewConfig":{"size":{"field":"inherit","label":"inherit","fill":"inherit"},"layout":{"label":{"valign":"inherit","align":"inherit"},"field":{"valign":"inherit","align":"inherit"}},"datasource":{"loadRemote":false,"loadRemoteUrl":"","terminology":""},"annotations":{"calc":"SUM(n_basal, s_medisinering, s_respirasjon, s_vasoaktiv, s_dialyse, s_intensivavd, s_utenfor)"},"advanced":{"hidden":false,"readonly":false},"tags":[]}},{"name":"NEMS dato","rmType":"DV_DATE_TIME","min":1,"max":1,"annotations":{"view:VisibleInView":"time"},"aqlPath":"/content[openEHR-EHR-OBSERVATION.nems_score.v0]/data[at0001]/events[at0002]/time","inputs":[{"type":"DATETIME"}],"inContext":true,"formId":"nems_score_og_mekanisk_ventilasjon/nems_score/time","viewConfig":{"size":{"field":"inherit","label":"inherit","fill":"inherit"},"layout":{"field":{"valign":"inherit","align":"inherit"}},"datasource":{"loadRemote":false,"loadRemoteUrl":"","terminology":""},"annotations":{"templatevariable":"[Sys.Now]"},"field":{"input":{"dateFormat":"","hideDate":false,"hideTime":false}}},"localizedName":"NEMS dato"}],"viewConfig":{"size":{"field":"inherit","label":"inherit","fill":"inherit"},"layout":{"label":{"valign":"inherit","align":"inherit"},"field":{"valign":"inherit","align":"inherit"}},"advanced":{"hidden":false,"readonly":false,"render":true},"tags":[],"datasource":{"loadRemote":false,"loadRemoteUrl":"","terminology":""},"annotations":{"headersize":"text"}}},{"name":"Mekanisk ventilasjon","localizedName":"Mekanisk ventilasjon","rmType":"OBSERVATION","nodeId":"openEHR-EHR-OBSERVATION.mekanisk_ventilasjon.v0","min":"1","max":"1","localizedNames":{"nb":"Mekanisk ventilasjon"},"localizedDescriptions":{"nb":"unknown"},"aqlPath":"/content[openEHR-EHR-OBSERVATION.mekanisk_ventilasjon.v0]","inputs":[{"type":"TEXT"}],"formId":"nems_score_og_mekanisk_ventilasjon/mekanisk_ventilasjon","children":[{"name":"Tube/kontrollert","localizedName":"Tube/kontrollert","rmType":"DV_DURATION","nodeId":"at0005","min":0,"max":1,"localizedNames":{"nb":"Tube/kontrollert"},"localizedDescriptions":{"nb":"*"},"aqlPath":"/content[openEHR-EHR-OBSERVATION.mekanisk_ventilasjon.v0]/data[at0001]/events[at0002]/data[at0003]/items[at0005]/value","inputs":[{"suffix":"hour","type":"INTEGER","validation":{"range":{"minOp":">=","min":0,"maxOp":"<=","max":24}},"defaultValue":0},{"suffix":"minute","type":"INTEGER","validation":{"range":{"minOp":">=","min":0}},"defaultValue":0}],"formId":"nems_score_og_mekanisk_ventilasjon/mekanisk_ventilasjon/tube_kontrollert","viewConfig":{"size":{"field":"inherit","label":"inherit","fill":"inherit"},"layout":{"label":{"valign":"inherit","align":"inherit"},"field":{"valign":"inherit","align":"inherit"}},"datasource":{"loadRemote":false,"loadRemoteUrl":"","terminology":""},"annotations":{}}},{"name":"Tube/støttet","localizedName":"Tube/støttet","rmType":"DV_DURATION","nodeId":"at0006","min":0,"max":1,"localizedNames":{"nb":"Tube/støttet"},"localizedDescriptions":{"nb":"*"},"aqlPath":"/content[openEHR-EHR-OBSERVATION.mekanisk_ventilasjon.v0]/data[at0001]/events[at0002]/data[at0003]/items[at0006]/value","inputs":[{"suffix":"hour","type":"INTEGER","validation":{"range":{"minOp":">=","min":0,"maxOp":"<=","max":24}},"defaultValue":0},{"suffix":"minute","type":"INTEGER","validation":{"range":{"minOp":">=","min":0}},"defaultValue":0}],"formId":"nems_score_og_mekanisk_ventilasjon/mekanisk_ventilasjon/tube_støttet","viewConfig":{"size":{"field":"inherit","label":"inherit","fill":"inherit"},"layout":{"label":{"valign":"inherit","align":"inherit"},"field":{"valign":"inherit","align":"inherit"}},"datasource":{"loadRemote":false,"loadRemoteUrl":"","terminology":""},"annotations":{}}},{"name":"CPAP/NIV","localizedName":"CPAP/NIV","rmType":"DV_DURATION","nodeId":"at0007","min":"0","max":"1","localizedNames":{"nb":"CPAP/NIV"},"localizedDescriptions":{"nb":"*"},"aqlPath":"/content[openEHR-EHR-OBSERVATION.mekanisk_ventilasjon.v0]/data[at0001]/events[at0002]/data[at0003]/items[at0007]/value","inputs":[{"suffix":"hour","type":"INTEGER","validation":{"range":{"minOp":">=","min":0,"maxOp":"<=","max":24}},"defaultValue":0},{"suffix":"minute","type":"INTEGER","validation":{"range":{"minOp":">=","min":0}},"defaultValue":0}],"formId":"nems_score_og_mekanisk_ventilasjon/mekanisk_ventilasjon/cpap","viewConfig":{"size":{"field":"inherit","label":"inherit","fill":"inherit"},"layout":{"label":{"valign":"inherit","align":"inherit"},"field":{"valign":"inherit","align":"inherit"}},"datasource":{"loadRemote":false,"loadRemoteUrl":"","terminology":""},"field":{"columns":"2"},"annotations":{},"advanced":{"hidden":false,"readonly":false},"tags":[]}},{"name":"HFOV","localizedName":"HFOV","rmType":"DV_DURATION","nodeId":"at0008","min":0,"max":1,"localizedNames":{"nb":"HFOV"},"localizedDescriptions":{"nb":"*"},"aqlPath":"/content[openEHR-EHR-OBSERVATION.mekanisk_ventilasjon.v0]/data[at0001]/events[at0002]/data[at0003]/items[at0008]/value","inputs":[{"suffix":"hour","type":"INTEGER","validation":{"range":{"minOp":">=","min":0,"maxOp":"<=","max":24}},"defaultValue":0},{"suffix":"minute","type":"INTEGER","validation":{"range":{"minOp":">=","min":0}},"defaultValue":0}],"formId":"nems_score_og_mekanisk_ventilasjon/mekanisk_ventilasjon/hfov","viewConfig":{"size":{"field":"inherit","label":"inherit","fill":"inherit"},"layout":{"label":{"valign":"inherit","align":"inherit"},"field":{"valign":"inherit","align":"inherit"}},"datasource":{"loadRemote":false,"loadRemoteUrl":"","terminology":""},"annotations":{}}},{"name":"HFOV + inh.gass","localizedName":"HFOV + inh.gass","rmType":"DV_DURATION","nodeId":"at0009","min":0,"max":1,"localizedNames":{"nb":"HFOV + inh.gass"},"localizedDescriptions":{"nb":"*"},"aqlPath":"/content[openEHR-EHR-OBSERVATION.mekanisk_ventilasjon.v0]/data[at0001]/events[at0002]/data[at0003]/items[at0009]/value","inputs":[{"suffix":"hour","type":"INTEGER","validation":{"range":{"minOp":">=","min":0,"maxOp":"<=","max":24}},"defaultValue":0},{"suffix":"minute","type":"INTEGER","validation":{"range":{"minOp":">=","min":0}},"defaultValue":0}],"formId":"nems_score_og_mekanisk_ventilasjon/mekanisk_ventilasjon/hfov_inh.gass","viewConfig":{"size":{"field":"inherit","label":"inherit","fill":"inherit"},"layout":{"label":{"valign":"inherit","align":"inherit"},"field":{"valign":"inherit","align":"inherit"}},"datasource":{"loadRemote":false,"loadRemoteUrl":"","terminology":""}}},{"name":"Respirator + inh.gass","localizedName":"Respirator + inh.gass","rmType":"DV_DURATION","nodeId":"at0010","min":0,"max":1,"localizedNames":{"nb":"Respirator + inh.gass"},"localizedDescriptions":{"nb":"*"},"aqlPath":"/content[openEHR-EHR-OBSERVATION.mekanisk_ventilasjon.v0]/data[at0001]/events[at0002]/data[at0003]/items[at0010]/value","inputs":[{"suffix":"hour","type":"INTEGER","validation":{"range":{"minOp":">=","min":0,"maxOp":"<=","max":24}},"defaultValue":0},{"suffix":"minute","type":"INTEGER","validation":{"range":{"minOp":">=","min":0}},"defaultValue":0}],"formId":"nems_score_og_mekanisk_ventilasjon/mekanisk_ventilasjon/respirator_inh.gass","viewConfig":{"size":{"field":"inherit","label":"inherit","fill":"inherit"},"layout":{"label":{"valign":"inherit","align":"inherit"},"field":{"valign":"inherit","align":"inherit"}},"datasource":{"loadRemote":false,"loadRemoteUrl":"","terminology":""}}},{"name":"HF-CPAP","localizedName":"HF-CPAP","rmType":"DV_DURATION","nodeId":"at0011","min":0,"max":1,"localizedNames":{"nb":"HF-CPAP"},"localizedDescriptions":{"nb":"*"},"aqlPath":"/content[openEHR-EHR-OBSERVATION.mekanisk_ventilasjon.v0]/data[at0001]/events[at0002]/data[at0003]/items[at0011]/value","inputs":[{"suffix":"hour","type":"INTEGER","validation":{"range":{"minOp":">=","min":0,"maxOp":"<=","max":24}},"defaultValue":0},{"suffix":"minute","type":"INTEGER","validation":{"range":{"minOp":">=","min":0}},"defaultValue":0}],"formId":"nems_score_og_mekanisk_ventilasjon/mekanisk_ventilasjon/hf-cpap","viewConfig":{"size":{"field":"inherit","label":"inherit","fill":"inherit"},"layout":{"label":{"valign":"inherit","align":"inherit"},"field":{"valign":"inherit","align":"inherit"}},"datasource":{"loadRemote":false,"loadRemoteUrl":"","terminology":""}}}],"viewConfig":{"size":{"field":"inherit","label":"inherit","fill":"inherit"},"layout":{"label":{"valign":"inherit","align":"inherit"},"field":{"valign":"inherit","align":"inherit"}},"advanced":{"hidden":false,"readonly":false,"render":true},"tags":[],"datasource":{"loadRemote":false,"loadRemoteUrl":"","terminology":""},"annotations":{"headersize":"text"}}}]}