[{"field":"hv_fallrisikovurdering/fr_kalk_dips/any_event/pasientens_alder","conditions":[{"operator":"ge","value":{"value":"65"},"actions":[{"action":"show","target":"generic-field-90831"},{"action":"hide","target":"generic-field-77448"},{"action":"hide","target":"hv_fallrisikovurdering/fallrisiko/innledende_risikovurdering_for_fall/sykdommer_og_tilstander_som_medfører_økt_risiko_for_fall,_kryss_av_for_aktuelle"},{"action":"clear","target":"hv_fallrisikovurdering/fallrisiko/innledende_risikovurdering_for_fall/sykdommer_og_tilstander_som_medfører_økt_risiko_for_fall,_kryss_av_for_aktuelle"},{"action":"show","target":"generic-field-62623"},{"action":"set","target":"hv_fallrisikovurdering/fr_kalk_dips/any_event/alder_hjelpefelt_for_kalkulasjon","value":{"value":"1"}}]},{"operator":"lt","value":{"value":"65"},"actions":[{"action":"hide","target":"generic-field-90831"},{"action":"show","target":"generic-field-77448"},{"action":"show","target":"hv_fallrisikovurdering/fallrisiko/innledende_risikovurdering_for_fall/sykdommer_og_tilstander_som_medfører_økt_risiko_for_fall,_kryss_av_for_aktuelle"},{"action":"set","target":"hv_fallrisikovurdering/fr_kalk_dips/any_event/alder_hjelpefelt_for_kalkulasjon","value":{"value":"0"}}]}]},{"field":"hv_fallrisikovurdering/fallrisiko/innledende_risikovurdering_for_fall/sykdommer_og_tilstander_som_medfører_økt_risiko_for_fall,_kryss_av_for_aktuelle/nevrologiske_lidelser","conditions":[{"operator":"is","value":{"value":"True"},"actions":[{"action":"set","target":"hv_fallrisikovurdering/fr_kalk_dips/any_event/nevrologiske_lidelser","value":{"value":"1"}}]},{"operator":"isnot","value":{"value":"True"},"actions":[{"action":"set","target":"hv_fallrisikovurdering/fr_kalk_dips/any_event/nevrologiske_lidelser","value":{"value":"0"}}]}]},{"field":"hv_fallrisikovurdering/fallrisiko/innledende_risikovurdering_for_fall/sykdommer_og_tilstander_som_medfører_økt_risiko_for_fall,_kryss_av_for_aktuelle/kognitive_sykdomstilstander","conditions":[{"operator":"is","value":{"value":"True"},"actions":[{"action":"set","target":"hv_fallrisikovurdering/fr_kalk_dips/any_event/kognitive_sykdomstilstander","value":{"value":"1"}}]},{"operator":"isnot","value":{"value":"True"},"actions":[{"action":"set","target":"hv_fallrisikovurdering/fr_kalk_dips/any_event/kognitive_sykdomstilstander","value":{"value":"0"}}]}]},{"field":"hv_fallrisikovurdering/fallrisiko/innledende_risikovurdering_for_fall/sykdommer_og_tilstander_som_medfører_økt_risiko_for_fall,_kryss_av_for_aktuelle/betydelig_synshemning","conditions":[{"operator":"is","value":{"value":"True"},"actions":[{"action":"set","target":"hv_fallrisikovurdering/fr_kalk_dips/any_event/betydelig_synshemming","value":{"value":"1"}}]},{"operator":"isnot","value":{"value":"True"},"actions":[{"action":"set","target":"hv_fallrisikovurdering/fr_kalk_dips/any_event/betydelig_synshemming","value":{"value":"0"}}]}]},{"field":"hv_fallrisikovurdering/fallrisiko/innledende_risikovurdering_for_fall/sykdommer_og_tilstander_som_medfører_økt_risiko_for_fall,_kryss_av_for_aktuelle/ikke_aktuelt","conditions":[{"operator":"is","value":{"value":"False"},"actions":[{"action":"hide","target":"hv_fallrisikovurdering/fallrisiko/innledende_risikovurdering_for_fall/sykdommer_og_tilstander_som_medfører_økt_risiko_for_fall,_kryss_av_for_aktuelle/merknad"},{"action":"clear","target":"hv_fallrisikovurdering/fallrisiko/innledende_risikovurdering_for_fall/sykdommer_og_tilstander_som_medfører_økt_risiko_for_fall,_kryss_av_for_aktuelle/merknad"},{"action":"set","target":"hv_fallrisikovurdering/fr_kalk_dips/any_event/risikoangivelse","value":{"code":"at0022"}},{"action":"show","target":"hv_fallrisikovurdering/fallrisiko/innledende_risikovurdering_for_fall/sykdommer_og_tilstander_som_medfører_økt_risiko_for_fall,_kryss_av_for_aktuelle/nevrologiske_lidelser"},{"action":"show","target":"hv_fallrisikovurdering/fallrisiko/innledende_risikovurdering_for_fall/sykdommer_og_tilstander_som_medfører_økt_risiko_for_fall,_kryss_av_for_aktuelle/kognitive_sykdomstilstander"},{"action":"show","target":"hv_fallrisikovurdering/fallrisiko/innledende_risikovurdering_for_fall/sykdommer_og_tilstander_som_medfører_økt_risiko_for_fall,_kryss_av_for_aktuelle/betydelig_synshemning"},{"action":"set","target":"hv_fallrisikovurdering/fr_kalk_dips/any_event/mener_du_pasienten_har_risiko","value":{"value":"0"}}]},{"operator":"is","value":{"value":"True"},"actions":[{"action":"show","target":"hv_fallrisikovurdering/fallrisiko/innledende_risikovurdering_for_fall/sykdommer_og_tilstander_som_medfører_økt_risiko_for_fall,_kryss_av_for_aktuelle/merknad"},{"action":"hide","target":"hv_fallrisikovurdering/fallrisiko/innledende_risikovurdering_for_fall/sykdommer_og_tilstander_som_medfører_økt_risiko_for_fall,_kryss_av_for_aktuelle/nevrologiske_lidelser"},{"action":"clear","target":"hv_fallrisikovurdering/fallrisiko/innledende_risikovurdering_for_fall/sykdommer_og_tilstander_som_medfører_økt_risiko_for_fall,_kryss_av_for_aktuelle/nevrologiske_lidelser"},{"action":"hide","target":"hv_fallrisikovurdering/fallrisiko/innledende_risikovurdering_for_fall/sykdommer_og_tilstander_som_medfører_økt_risiko_for_fall,_kryss_av_for_aktuelle/kognitive_sykdomstilstander"},{"action":"clear","target":"hv_fallrisikovurdering/fallrisiko/innledende_risikovurdering_for_fall/sykdommer_og_tilstander_som_medfører_økt_risiko_for_fall,_kryss_av_for_aktuelle/kognitive_sykdomstilstander"},{"action":"hide","target":"hv_fallrisikovurdering/fallrisiko/innledende_risikovurdering_for_fall/sykdommer_og_tilstander_som_medfører_økt_risiko_for_fall,_kryss_av_for_aktuelle/betydelig_synshemning"},{"action":"clear","target":"hv_fallrisikovurdering/fallrisiko/innledende_risikovurdering_for_fall/sykdommer_og_tilstander_som_medfører_økt_risiko_for_fall,_kryss_av_for_aktuelle/betydelig_synshemning"},{"action":"set","target":"hv_fallrisikovurdering/fr_kalk_dips/any_event/risikoangivelse","value":{"code":"at0023"}},{"action":"hide","target":"generic-field-62623"},{"action":"clear","target":"generic-field-62623"}]}]},{"field":"hv_fallrisikovurdering/fr_kalk_dips/any_event/utvidet_risikovurdering","conditions":[{"operator":"ge","value":{"value":"1"},"actions":[{"action":"show","target":"generic-field-62623"}]},{"operator":"eq","value":{"value":"0"},"actions":[{"action":"hide","target":"generic-field-62623"},{"action":"clear","target":"generic-field-62623"}]}]},{"field":"hv_fallrisikovurdering/stratify/uspesifisert_hendelse/forflytning_+_rørlighet_gangfunksjon/rørlighet_gangfunksjon","conditions":[{"operator":"equals","value":{"value":"at0030"},"actions":[{"action":"set","target":"hv_fallrisikovurdering/fr_kalk_dips/any_event/mobilitet","value":{"value":"0"}}]},{"operator":"equals","value":{"value":"at0031"},"actions":[{"action":"set","target":"hv_fallrisikovurdering/fr_kalk_dips/any_event/mobilitet","value":{"value":"1"}}]},{"operator":"equals","value":{"value":"at0032"},"actions":[{"action":"set","target":"hv_fallrisikovurdering/fr_kalk_dips/any_event/mobilitet","value":{"value":"2"}}]},{"operator":"equals","value":{"value":"at0034"},"actions":[{"action":"set","target":"hv_fallrisikovurdering/fr_kalk_dips/any_event/mobilitet","value":{"value":"3"}}]},{"operator":"empty","actions":[{"action":"clear","target":"hv_fallrisikovurdering/fr_kalk_dips/any_event/mobilitet"}]}]},{"field":"hv_fallrisikovurdering/stratify/uspesifisert_hendelse/forflytning_+_rørlighet_gangfunksjon/forflytning_fra_seng_til_stol","conditions":[{"operator":"equals","value":{"value":"at0026"},"actions":[{"action":"set","target":"hv_fallrisikovurdering/fr_kalk_dips/any_event/forflytning_mellom_seng_og_stol","value":{"value":"0"}}]},{"operator":"equals","value":{"value":"at0027"},"actions":[{"action":"set","target":"hv_fallrisikovurdering/fr_kalk_dips/any_event/forflytning_mellom_seng_og_stol","value":{"value":"1"}}]},{"operator":"equals","value":{"value":"at0028"},"actions":[{"action":"set","target":"hv_fallrisikovurdering/fr_kalk_dips/any_event/forflytning_mellom_seng_og_stol","value":{"value":"2"}}]},{"operator":"equals","value":{"value":"at0029"},"actions":[{"action":"set","target":"hv_fallrisikovurdering/fr_kalk_dips/any_event/forflytning_mellom_seng_og_stol","value":{"value":"3"}}]},{"operator":"empty","actions":[{"action":"clear","target":"hv_fallrisikovurdering/fr_kalk_dips/any_event/forflytning_mellom_seng_og_stol"}]}]},{"field":"hv_fallrisikovurdering/stratify/uspesifisert_hendelse/fall_de_siste_tre_måneder","conditions":[{"operator":"empty","actions":[{"action":"clear","target":"hv_fallrisikovurdering/fr_kalk_dips/any_event/fall_siste_måneder"}]},{"operator":"equals","value":{"value":"at0011"},"actions":[{"action":"set","target":"hv_fallrisikovurdering/fr_kalk_dips/any_event/fall_siste_måneder","value":{"value":"0"}}]},{"operator":"equals","value":{"value":"at0012"},"actions":[{"action":"set","target":"hv_fallrisikovurdering/fr_kalk_dips/any_event/fall_siste_måneder","value":{"value":"1"}}]}]},{"field":"hv_fallrisikovurdering/stratify/uspesifisert_hendelse/synshemminger","conditions":[{"operator":"empty","actions":[{"action":"clear","target":"hv_fallrisikovurdering/fr_kalk_dips/any_event/synshemminger"}]},{"operator":"equals","value":{"value":"at0015"},"actions":[{"action":"set","target":"hv_fallrisikovurdering/fr_kalk_dips/any_event/synshemminger","value":{"value":"0"}}]},{"operator":"equals","value":{"value":"at0017"},"actions":[{"action":"set","target":"hv_fallrisikovurdering/fr_kalk_dips/any_event/synshemminger","value":{"value":"1"}}]}]},{"field":"hv_fallrisikovurdering/stratify/uspesifisert_hendelse/urolig_atferd","conditions":[{"operator":"empty","actions":[{"action":"clear","target":"hv_fallrisikovurdering/fr_kalk_dips/any_event/urolig_adferd"}]},{"operator":"equals","value":{"value":"at0013"},"actions":[{"action":"set","target":"hv_fallrisikovurdering/fr_kalk_dips/any_event/urolig_adferd","value":{"value":"0"}}]},{"operator":"equals","value":{"value":"at0014"},"actions":[{"action":"set","target":"hv_fallrisikovurdering/fr_kalk_dips/any_event/urolig_adferd","value":{"value":"1"}}]}]},{"field":"hv_fallrisikovurdering/stratify/uspesifisert_hendelse/hyppige_toalettbesøk","conditions":[{"operator":"empty","actions":[{"action":"clear","target":"hv_fallrisikovurdering/fr_kalk_dips/any_event/hyppige_toalettbesøk"}]},{"operator":"equals","value":{"value":"at0018"},"actions":[{"action":"set","target":"hv_fallrisikovurdering/fr_kalk_dips/any_event/hyppige_toalettbesøk","value":{"value":"0"}}]},{"operator":"equals","value":{"value":"at0019"},"actions":[{"action":"set","target":"hv_fallrisikovurdering/fr_kalk_dips/any_event/hyppige_toalettbesøk","value":{"value":"1"}}]}]},{"field":"hv_fallrisikovurdering/fr_kalk_dips/any_event/sum_forflytning_og_mobilitet","conditions":[{"operator":"lt","value":{"value":"3"},"actions":[{"action":"set","target":"hv_fallrisikovurdering/fr_kalk_dips/any_event/barthel_hjelpefelt_for_kalkulasjon","value":{"value":"0"}}]},{"operator":"gt","value":{"value":"4"},"actions":[{"action":"set","target":"hv_fallrisikovurdering/fr_kalk_dips/any_event/barthel_hjelpefelt_for_kalkulasjon","value":{"value":"0"}}]},{"operator":"eq","value":{"value":"3"},"actions":[{"action":"set","target":"hv_fallrisikovurdering/fr_kalk_dips/any_event/barthel_hjelpefelt_for_kalkulasjon","value":{"value":"1"}}]},{"operator":"eq","value":{"value":"4"},"actions":[{"action":"set","target":"hv_fallrisikovurdering/fr_kalk_dips/any_event/barthel_hjelpefelt_for_kalkulasjon","value":{"value":"1"}}]},{"operator":"empty","actions":[{"action":"clear","target":"hv_fallrisikovurdering/fr_kalk_dips/any_event/barthel_hjelpefelt_for_kalkulasjon"}]}]},{"field":"hv_fallrisikovurdering/stratify/uspesifisert_hendelse/poeng_totalt","conditions":[{"operator":"gt","value":{"value":"0"},"actions":[{"action":"set","target":"hv_fallrisikovurdering/fr_kalk_dips/any_event/risikoangivelse","value":{"code":"at0022"}}]},{"operator":"eq","value":{"value":"0"},"actions":[{"action":"set","target":"hv_fallrisikovurdering/fr_kalk_dips/any_event/risikoangivelse","value":{"code":"at0023"}}]},{"operator":"empty","actions":[{"action":"set","target":"hv_fallrisikovurdering/fr_kalk_dips/any_event/risikoangivelse","value":{"code":"at0021"}}]}]},{"field":"hv_fallrisikovurdering/fr_kalk_dips/any_event/risikoangivelse","conditions":[{"operator":"equals","value":{"code":"at0021"},"actions":[{"action":"hide","target":"generic-field-78022"},{"action":"show","target":"generic-field-80632"},{"action":"hide","target":"generic-field-61691"}]},{"operator":"equals","value":{"code":"at0022"},"actions":[{"action":"hide","target":"generic-field-78022"},{"action":"hide","target":"generic-field-80632"},{"action":"show","target":"generic-field-61691"}]},{"operator":"equals","value":{"code":"at0023"},"actions":[{"action":"show","target":"generic-field-78022"},{"action":"hide","target":"generic-field-80632"},{"action":"hide","target":"generic-field-61691"}]}]},{"field":"hv_fallrisikovurdering/fallrisiko/mener_du_pasienten_har_økt_risiko_for_fall","conditions":[{"operator":"empty","actions":[{"action":"set","target":"hv_fallrisikovurdering/fr_kalk_dips/any_event/mener_du_pasienten_har_risiko","value":{"value":"0"}}]},{"operator":"is","value":{"value":"True"},"actions":[{"action":"set","target":"hv_fallrisikovurdering/fr_kalk_dips/any_event/mener_du_pasienten_har_risiko","value":{"value":"1"}}]},{"operator":"is","value":{"value":"False"},"actions":[{"action":"set","target":"hv_fallrisikovurdering/fr_kalk_dips/any_event/mener_du_pasienten_har_risiko","value":{"value":"0"}}]}]}]