{"name":"Form root","localizedNames":{},"localizedDescriptions":{},"rmType":"FORM_DEFINITION","min":0,"max":0,"formId":"form_root","viewConfig":{"label":{"custom":false,"useLocalizations":false},"size":{"field":"inherit","label":"inherit"},"layout":{"label":{"valign":"inherit","align":"inherit"},"field":{"valign":"inherit","align":"inherit"}},"annotations":{}},"children":[{"name":"Klar til post","localizedName":"Klar til post","localizedNames":{"en":"*Klar til post (en)","nb":"Klar til post"},"localizedDescriptions":{"nb":"Innhold i beskjed","en":"*Innhold i beskjed (nb)"},"rmType":"DV_TEXT","nodeId":"at0002","min":0,"max":1,"aqlPath":"/content[openEHR-EHR-ADMIN_ENTRY.administrativ_informasjon_dips.v2 and name/value='Klar til post']/data[at0001]/items[at0016]/items[at0002 and name/value='Klar til post']/value","inputs":[{"type":"TEXT","list":[{"value":"Klar til post","label":"Klar til post","ordinal":0,"localizedLabels":{},"localizedDescriptions":{}}],"listOpen":false}],"formId":"informasjon_for_post/klar_til_post@Klar til post/informasjon_beskjed/klar_til_post@Klar til post","viewConfig":{"multiplicity":{"min":0,"max":1},"advanced":{"hidden":false,"readonly":false,"hideFrame":false,"render":false},"label":{"custom":false,"useLocalizations":false},"size":{"field":"inherit","label":"-1"},"layout":{"label":{"valign":"inherit","align":"inherit"},"field":{"valign":"inherit","align":"inherit"}},"datasource":{"loadRemote":false,"parameters":{}},"annotations":{"nullflavour":"271"},"field":{"input":{"presentation":"radios","columns":"1"}},"tags":["HideLabel"]}}]}