{"formId":"form_root","name":"Form root","rmType":"FORM_DEFINITION","viewConfig":{"label":{"custom":false,"value":"","useLocalizations":false,"localizationsList":{}},"size":{"field":"inherit","label":"inherit","fill":"inherit"},"layout":{"valign":"inherit","align":"inherit"},"tags":[]},"language":"","templateLanguages":["nb"],"children":[{"localizedName":"Fieldset","localizedNames":{"nb":"Fieldset"},"min":0,"max":-1,"name":"Fieldset","rmType":"GENERIC_FIELDSET","fid":"generic-field-49654","formId":"generic-field-49654","viewConfig":{"label":{"custom":true,"value":"Legemiddelgjennomgang"}},"children":[{"name":"Status for gjennomgang","localizedName":"Status for gjennomgang","rmType":"DV_CODED_TEXT","nodeId":"at0004","min":0,"max":1,"localizedNames":{"nb":"Status for gjennomgang"},"localizedDescriptions":{"nb":"*"},"aqlPath":"/content[openEHR-EHR-OBSERVATION.legemiddelgjennomgang_status.v0]/data[at0001]/events[at0002]/data[at0003]/items[at0004]/value","inputs":[{"suffix":"code","type":"CODED_TEXT","list":[{"value":"at0006","label":"Planlagt","localizedLabels":{"nb":"Planlagt"},"localizedDescriptions":{"nb":"*"}},{"value":"at0007","label":"Utført","localizedLabels":{"nb":"Utført"},"localizedDescriptions":{"nb":"*"}},{"value":"at0008","label":"Ikke vurdert","localizedLabels":{"nb":"Ikke vurdert"},"localizedDescriptions":{"nb":"*"}}]}],"fid":"legemiddelgjennomgang_status/legemiddelgjennomgang_status/status_for_gjennomgang","defaultValue":{"code":""},"formId":"legemiddelgjennomgang_status/legemiddelgjennomgang_status/status_for_gjennomgang","viewConfig":{"label":{"custom":false,"value":"","useLocalizations":false,"localizationsList":{}},"advanced":{"hidden":false,"readonly":false},"multiplicity":{"min":"0","max":"1"},"size":{"field":"medium","label":"inherit","fill":"inherit"},"layout":{"label":{"valign":"inherit","align":"top"},"field":{"valign":"inherit","align":"inherit"}},"tags":[],"datasource":{"loadRemote":false,"loadRemoteUrl":"","terminology":""},"field":{"code":{"presentation":"combobox","columns":"4"}}}},{"name":"Time","rmType":"DV_DATE_TIME","min":1,"max":1,"aqlPath":"/content[openEHR-EHR-OBSERVATION.legemiddelgjennomgang_status.v0]/data[at0001]/events[at0002]/time","inputs":[{"type":"DATETIME"}],"inContext":true,"fid":"legemiddelgjennomgang_status/legemiddelgjennomgang_status/time","formId":"legemiddelgjennomgang_status/legemiddelgjennomgang_status/time","viewConfig":{"label":{"custom":true,"value":"Tidspunkt","useLocalizations":false,"localizationsList":{}},"annotations":{},"advanced":{"hidden":false,"readonly":false},"multiplicity":{"min":"1","max":"1"},"size":{"field":"inherit","label":"inherit","fill":"inherit"},"layout":{"label":{"valign":"inherit","align":"top"},"field":{"valign":"inherit","align":"inherit"}},"tags":[],"datasource":{"loadRemote":false,"loadRemoteUrl":"","terminology":""},"field":{}},"defaultValue":{"value":""}},{"name":"Ansvarlig for gjennomgang","localizedName":"Ansvarlig for gjennomgang","rmType":"DV_CODED_TEXT","nodeId":"at0005","min":0,"max":1,"localizedNames":{"nb":"Ansvarlig for gjennomgang"},"localizedDescriptions":{"nb":"*"},"aqlPath":"/content[openEHR-EHR-OBSERVATION.legemiddelgjennomgang_status.v0]/data[at0001]/events[at0002]/data[at0003]/items[at0005]/value","inputs":[{"suffix":"code","type":"TEXT","terminology":"Dips?subset=healthcareparty&language=en-GB"},{"suffix":"value","type":"TEXT","terminology":"Dips?subset=healthcareparty&language=en-GB"}],"fid":"legemiddelgjennomgang_status/legemiddelgjennomgang_status/ansvarlig_for_gjennomgang","formId":"legemiddelgjennomgang_status/legemiddelgjennomgang_status/ansvarlig_for_gjennomgang","viewConfig":{},"defaultValue":{"code":"","value":""}}]}]}