{"formId":"form_root","name":"Form root","rmType":"FORM_DEFINITION","viewConfig":{"label":{"custom":false,"value":"","useLocalizations":false,"localizationsList":{}},"size":{"field":"inherit","label":"inherit","fill":"inherit"},"layout":{"valign":"inherit","align":"inherit"},"tags":[]},"language":"","templateLanguages":["nb"],"children":[{"localizedName":"Legemiddelgjennomgang","localizedNames":{"nb":"Fieldset"},"min":0,"max":-1,"name":"Legemiddelgjennomgang","rmType":"GENERIC_FIELDSET","formId":"generic-field-49654","children":[{"name":"Status for gjennomgang","localizedName":"Status for gjennomgang","rmType":"DV_CODED_TEXT","nodeId":"at0004","min":"0","max":"1","localizedNames":{"nb":"Status for gjennomgang"},"localizedDescriptions":{"nb":"*"},"aqlPath":"/content[openEHR-EHR-OBSERVATION.legemiddelgjennomgang_status.v0]/data[at0001]/events[at0002]/data[at0003]/items[at0004]/value","inputs":[{"suffix":"code","type":"CODED_TEXT","list":[{"value":"at0006","label":"Planlagt","localizedLabels":{"nb":"Planlagt"},"localizedDescriptions":{"nb":"*"}},{"value":"at0007","label":"Utført","localizedLabels":{"nb":"Utført"},"localizedDescriptions":{"nb":"*"}},{"value":"at0008","label":"Ikke vurdert","localizedLabels":{"nb":"Ikke vurdert"},"localizedDescriptions":{"nb":"*"}}]}],"formId":"legemiddelgjennomgang_status/legemiddelgjennomgang_status/status_for_gjennomgang","viewConfig":{"advanced":{"hidden":false,"readonly":false},"size":{"field":"medium","label":"inherit","fill":"inherit"},"layout":{"label":{"valign":"inherit","align":"top"},"field":{"valign":"inherit","align":"inherit"}},"tags":[],"datasource":{"loadRemote":false,"loadRemoteUrl":"","terminology":""},"field":{"code":{"presentation":"combobox","columns":"4"}}}},{"name":"Tidspunkt","rmType":"DV_DATE_TIME","min":"1","max":"1","aqlPath":"/content[openEHR-EHR-OBSERVATION.legemiddelgjennomgang_status.v0]/data[at0001]/events[at0002]/time","inputs":[{"type":"DATETIME"}],"inContext":true,"formId":"legemiddelgjennomgang_status/legemiddelgjennomgang_status/time","viewConfig":{"annotations":{},"advanced":{"hidden":false,"readonly":false},"size":{"field":"inherit","label":"inherit","fill":"inherit"},"layout":{"label":{"valign":"inherit","align":"top"},"field":{"valign":"inherit","align":"inherit"}},"tags":[],"datasource":{"loadRemote":false,"loadRemoteUrl":"","terminology":""}},"localizedName":"Tidspunkt"},{"name":"Ansvarlig for gjennomgang","localizedName":"Ansvarlig for gjennomgang","rmType":"DV_CODED_TEXT","nodeId":"at0005","min":0,"max":1,"localizedNames":{"nb":"Ansvarlig for gjennomgang"},"localizedDescriptions":{"nb":"*"},"aqlPath":"/content[openEHR-EHR-OBSERVATION.legemiddelgjennomgang_status.v0]/data[at0001]/events[at0002]/data[at0003]/items[at0005]/value","inputs":[{"suffix":"code","type":"TEXT","terminology":"Dips?subset=healthcareparty&language=en-GB"},{"suffix":"value","type":"TEXT","terminology":"Dips?subset=healthcareparty&language=en-GB"}],"formId":"legemiddelgjennomgang_status/legemiddelgjennomgang_status/ansvarlig_for_gjennomgang"}]}]}