{"name":"Form root","localizedNames":{},"localizedDescriptions":{},"rmType":"FORM_DEFINITION","min":0,"max":0,"formId":"form_root","viewConfig":{"label":{"custom":false,"useLocalizations":false},"size":{"field":"inherit","label":"inherit"},"layout":{"label":{"valign":"inherit","align":"inherit"},"field":{"valign":"inherit","align":"inherit"}},"annotations":{"#moving":"select\r\nc/uid as cid, a/data[at0001]/items[at0016]/items[at0002]/value\r\nfrom\r\n   composition c[openEHR-EHR-COMPOSITION.encounter.v1]\r\ncontains\r\n   ADMIN_ENTRY a[openEHR-EHR-ADMIN_ENTRY.administrativ_informasjon_dips.v2]\r\nwhere\r\n   a/name/value = 'Flytteliste'\r\norder by c/context/start_time DESC fetch 1?scope=episodeofcare\r\n"}},"children":[{"name":"Informasjon/beskjed","localizedName":"Flytteliste","localizedNames":{"en":"*Flytteliste (nb)","nb":"Flytteliste"},"localizedDescriptions":{"nb":"Innhold i beskjed","en":"*Innhold i beskjed (nb)"},"rmType":"DV_TEXT","nodeId":"at0002","min":0,"max":1,"aqlPath":"/content[openEHR-EHR-ADMIN_ENTRY.administrativ_informasjon_dips.v2 and name/value='Flytteliste']/data[at0001]/items[at0016]/items[at0002]/value","inputs":[{"type":"TEXT","list":[],"listOpen":false}],"formId":"klinisk_kontakt/flytteliste@Flytteliste/informasjon_beskjed/informasjon_beskjed","viewConfig":{"multiplicity":{"min":0,"max":1},"advanced":{"hidden":false,"readonly":false,"hideFrame":false,"render":false},"label":{"custom":false,"useLocalizations":false},"size":{"field":"inherit","label":"inherit"},"layout":{"label":{"valign":"inherit","align":"inherit"},"field":{"valign":"inherit","align":"inherit"}},"datasource":{"loadRemote":false,"parameters":{}},"annotations":{"nullflavour":"271","selectreadonly":"{#moving}"},"field":{"lines":null,"input":{}}}}]}