[{"col":1,"row":1,"width":12,"height":11,"children":[{"id":"generic-field-58184","rows":[{"cols":[{"width":"50%","children":[{"id":"encounter/gaf/registreringstidspunkt"}]},{"width":"50%","children":[]}]},{"cols":[{"width":"50%","children":[{"id":"encounter/gaf/gaf_f"}]},{"width":"50%","children":[]}]},{"cols":[{"width":"50%","children":[{"id":"encounter/gaf/gaf_s"}]},{"width":"50%","children":[]}]},{"cols":[{"width":"50%","children":[{"id":"encounter/gaf/time"}]},{"width":"50%","children":[]}]}]}]}]