{"name":"Form root","localizedNames":{},"localizedDescriptions":{},"rmType":"FORM_DEFINITION","min":0,"max":0,"formId":"form_root","viewConfig":{"label":{"custom":false,"useLocalizations":false},"size":{"field":"inherit","label":"inherit"},"layout":{"label":{"valign":"inherit","align":"inherit"},"field":{"valign":"inherit","align":"inherit"}},"annotations":{}},"children":[{"name":"Generelle opplysninger","localizedName":"Generelle opplysninger","localizedNames":{"en":"*Generelle opplysninger (nb)","nb":"Generelle opplysninger"},"localizedDescriptions":{"nb":"*","en":"** (nb)"},"rmType":"CLUSTER","nodeId":"at0003","min":0,"max":1,"aqlPath":"/content[openEHR-EHR-EVALUATION.dips_bds_mr_sjekkliste.v1]/data[at0001]/items[at0003]","inputs":[],"formId":"dips_bds/bds_mr_sjekkliste/generelle_opplysninger","viewConfig":{"multiplicity":{"min":0,"max":1},"advanced":{"hidden":false,"readonly":false,"hideFrame":false,"render":false},"label":{"custom":false,"useLocalizations":false},"size":{"field":"inherit","label":"inherit"},"layout":{"label":{"valign":"inherit","align":"inherit"},"field":{"valign":"inherit","align":"inherit"}},"annotations":{},"field":{}},"children":[{"name":"Amming","localizedName":"Amming","localizedNames":{"en":"*Amming (nb)","nb":"Amming"},"localizedDescriptions":{"nb":"*","en":"** (nb)"},"rmType":"DV_BOOLEAN","nodeId":"at0004","min":0,"max":1,"aqlPath":"/content[openEHR-EHR-EVALUATION.dips_bds_mr_sjekkliste.v1]/data[at0001]/items[at0003]/items[at0004]/value","inputs":[{"type":"BOOLEAN","listOpen":false}],"formId":"dips_bds/bds_mr_sjekkliste/generelle_opplysninger/amming","viewConfig":{"multiplicity":{"min":0,"max":1},"advanced":{"hidden":false,"readonly":false,"hideFrame":false,"render":false},"label":{"custom":false,"useLocalizations":false},"size":{"field":"inherit","label":"inherit"},"layout":{"label":{"valign":"inherit","align":"inherit"},"field":{"valign":"inherit","align":"inherit"}},"annotations":{},"field":{"input":{"threeState":true}}}},{"name":"Klaustrofobi","localizedName":"Klaustrofobi","localizedNames":{"en":"*Klaustrofobi (nb)","nb":"Klaustrofobi"},"localizedDescriptions":{"nb":"*","en":"** (nb)"},"rmType":"DV_BOOLEAN","nodeId":"at0007","min":0,"max":1,"aqlPath":"/content[openEHR-EHR-EVALUATION.dips_bds_mr_sjekkliste.v1]/data[at0001]/items[at0003]/items[at0007]/value","inputs":[{"type":"BOOLEAN","listOpen":false}],"formId":"dips_bds/bds_mr_sjekkliste/generelle_opplysninger/klaustrofobi","viewConfig":{"multiplicity":{"min":0,"max":1},"advanced":{"hidden":false,"readonly":false,"hideFrame":false,"render":false},"label":{"custom":false,"useLocalizations":false},"size":{"field":"inherit","label":"inherit"},"layout":{"label":{"valign":"inherit","align":"inherit"},"field":{"valign":"inherit","align":"inherit"}},"annotations":{},"field":{"input":{"threeState":true}}}},{"name":"Metallprotese","localizedName":"Metallprotese","localizedNames":{"en":"*Metallprotese (nb)","nb":"Metallprotese"},"localizedDescriptions":{"nb":"*","en":"** (nb)"},"rmType":"DV_BOOLEAN","nodeId":"at0010","min":0,"max":1,"aqlPath":"/content[openEHR-EHR-EVALUATION.dips_bds_mr_sjekkliste.v1]/data[at0001]/items[at0003]/items[at0010]/value","inputs":[{"type":"BOOLEAN","listOpen":false}],"formId":"dips_bds/bds_mr_sjekkliste/generelle_opplysninger/metallprotese","viewConfig":{"multiplicity":{"min":0,"max":1},"advanced":{"hidden":false,"readonly":false,"hideFrame":false,"render":false},"label":{"custom":false,"useLocalizations":false},"size":{"field":"inherit","label":"inherit"},"layout":{"label":{"valign":"inherit","align":"inherit"},"field":{"valign":"inherit","align":"inherit"}},"annotations":{},"field":{"input":{"threeState":true}}}},{"name":"Insulin/morfinpumpe","localizedName":"Insulin/morfinpumpe","localizedNames":{"en":"*Insulin/morfinpumpe (nb)","nb":"Insulin/morfinpumpe"},"localizedDescriptions":{"nb":"*","en":"** (nb)"},"rmType":"DV_BOOLEAN","nodeId":"at0013","min":0,"max":1,"aqlPath":"/content[openEHR-EHR-EVALUATION.dips_bds_mr_sjekkliste.v1]/data[at0001]/items[at0003]/items[at0013]/value","inputs":[{"type":"BOOLEAN","listOpen":false}],"formId":"dips_bds/bds_mr_sjekkliste/generelle_opplysninger/insulin_morfinpumpe","viewConfig":{"multiplicity":{"min":0,"max":1},"advanced":{"hidden":false,"readonly":false,"hideFrame":false,"render":false},"label":{"custom":false,"useLocalizations":false},"size":{"field":"inherit","label":"inherit"},"layout":{"label":{"valign":"inherit","align":"inherit"},"field":{"valign":"inherit","align":"inherit"}},"annotations":{},"field":{"input":{"threeState":true}}}},{"name":"Pas. kan ikke ligge på rygg","localizedName":"Pas. kan ikke ligge på rygg","localizedNames":{"en":"*Pas. kan ikke ligge på rygg (nb)","nb":"Pas. kan ikke ligge på rygg"},"localizedDescriptions":{"nb":"*","en":"** (nb)"},"rmType":"DV_BOOLEAN","nodeId":"at0016","min":0,"max":1,"aqlPath":"/content[openEHR-EHR-EVALUATION.dips_bds_mr_sjekkliste.v1]/data[at0001]/items[at0003]/items[at0016]/value","inputs":[{"type":"BOOLEAN","listOpen":false}],"formId":"dips_bds/bds_mr_sjekkliste/generelle_opplysninger/pas._kan_ikke_ligge_på_rygg","viewConfig":{"multiplicity":{"min":0,"max":1},"advanced":{"hidden":false,"readonly":false,"hideFrame":false,"render":false},"label":{"custom":false,"useLocalizations":false},"size":{"field":"inherit","label":"inherit"},"layout":{"label":{"valign":"inherit","align":"inherit"},"field":{"valign":"inherit","align":"inherit"}},"annotations":{},"field":{"input":{"threeState":true}}}},{"name":"Kom. problem/nedsatt hørsel","localizedName":"Kom. problem/nedsatt hørsel","localizedNames":{"en":"*Kom. problem/nedsatt hørsel (nb)","nb":"Kom. problem/nedsatt hørsel"},"localizedDescriptions":{"nb":"*","en":"** (nb)"},"rmType":"DV_BOOLEAN","nodeId":"at0019","min":0,"max":1,"aqlPath":"/content[openEHR-EHR-EVALUATION.dips_bds_mr_sjekkliste.v1]/data[at0001]/items[at0003]/items[at0019]/value","inputs":[{"type":"BOOLEAN","listOpen":false}],"formId":"dips_bds/bds_mr_sjekkliste/generelle_opplysninger/kom._problem_nedsatt_hørsel","viewConfig":{"multiplicity":{"min":0,"max":1},"advanced":{"hidden":false,"readonly":false,"hideFrame":false,"render":false},"label":{"custom":false,"useLocalizations":false},"size":{"field":"inherit","label":"inherit"},"layout":{"label":{"valign":"inherit","align":"inherit"},"field":{"valign":"inherit","align":"inherit"}},"annotations":{},"field":{"input":{"threeState":true}}}},{"name":"Metall som kan fjernes","localizedName":"Metall som kan fjernes","localizedNames":{"en":"*Metall som kan fjernes (nb)","nb":"Metall som kan fjernes"},"localizedDescriptions":{"nb":"*","en":"** (nb)"},"rmType":"DV_BOOLEAN","nodeId":"at0022","min":0,"max":1,"aqlPath":"/content[openEHR-EHR-EVALUATION.dips_bds_mr_sjekkliste.v1]/data[at0001]/items[at0003]/items[at0022]/value","inputs":[{"type":"BOOLEAN","listOpen":false}],"formId":"dips_bds/bds_mr_sjekkliste/generelle_opplysninger/metall_som_kan_fjernes","viewConfig":{"multiplicity":{"min":0,"max":1},"advanced":{"hidden":false,"readonly":false,"hideFrame":false,"render":false},"label":{"custom":false,"useLocalizations":false},"size":{"field":"inherit","label":"inherit"},"layout":{"label":{"valign":"inherit","align":"inherit"},"field":{"valign":"inherit","align":"inherit"}},"annotations":{},"field":{"input":{"threeState":true}}}},{"name":"Intravenøs kanyle med metall","localizedName":"Intravenøs kanyle med metall","localizedNames":{"en":"*Intravenøs kanyle med metall (nb)","nb":"Intravenøs kanyle med metall"},"localizedDescriptions":{"nb":"*","en":"** (nb)"},"rmType":"DV_BOOLEAN","nodeId":"at0025","min":0,"max":1,"aqlPath":"/content[openEHR-EHR-EVALUATION.dips_bds_mr_sjekkliste.v1]/data[at0001]/items[at0003]/items[at0025]/value","inputs":[{"type":"BOOLEAN","listOpen":false}],"formId":"dips_bds/bds_mr_sjekkliste/generelle_opplysninger/intravenøs_kanyle_med_metall","viewConfig":{"multiplicity":{"min":0,"max":1},"advanced":{"hidden":false,"readonly":false,"hideFrame":false,"render":false},"label":{"custom":false,"useLocalizations":false},"size":{"field":"inherit","label":"inherit"},"layout":{"label":{"valign":"inherit","align":"inherit"},"field":{"valign":"inherit","align":"inherit"}},"annotations":{},"field":{"input":{"threeState":true}}}},{"name":"Vekt over 140 kg","localizedName":"Vekt over 140 kg","localizedNames":{"en":"*Vekt over 140 kg (nb)","nb":"Vekt over 140 kg"},"localizedDescriptions":{"nb":"*","en":"** (nb)"},"rmType":"DV_BOOLEAN","nodeId":"at0028","min":0,"max":1,"aqlPath":"/content[openEHR-EHR-EVALUATION.dips_bds_mr_sjekkliste.v1]/data[at0001]/items[at0003]/items[at0028]/value","inputs":[{"type":"BOOLEAN","listOpen":false}],"formId":"dips_bds/bds_mr_sjekkliste/generelle_opplysninger/vekt_over_140_kg","viewConfig":{"multiplicity":{"min":0,"max":1},"advanced":{"hidden":false,"readonly":false,"hideFrame":false,"render":false},"label":{"custom":false,"useLocalizations":false},"size":{"field":"inherit","label":"inherit"},"layout":{"label":{"valign":"inherit","align":"inherit"},"field":{"valign":"inherit","align":"inherit"}},"annotations":{},"field":{"input":{"threeState":true}}}}]},{"name":"Kontraindikasjoner","localizedName":"Kontraindikasjoner","localizedNames":{"en":"*Kontraindikasjoner (nb)","nb":"Kontraindikasjoner"},"localizedDescriptions":{"nb":"*","en":"** (nb)"},"rmType":"CLUSTER","nodeId":"at0031","min":0,"max":1,"aqlPath":"/content[openEHR-EHR-EVALUATION.dips_bds_mr_sjekkliste.v1]/data[at0001]/items[at0031]","inputs":[],"formId":"dips_bds/bds_mr_sjekkliste/kontraindikasjoner","viewConfig":{"multiplicity":{"min":0,"max":1},"advanced":{"hidden":false,"readonly":false,"hideFrame":false,"render":false},"label":{"custom":false,"useLocalizations":false},"size":{"field":"inherit","label":"inherit"},"layout":{"label":{"valign":"inherit","align":"inherit"},"field":{"valign":"inherit","align":"inherit"}},"annotations":{},"field":{}},"children":[{"name":"Cochleaimplantat (øre)","localizedName":"Cochleaimplantat (øre)","localizedNames":{"en":"*Cochleaimplantat (øre) (nb)","nb":"Cochleaimplantat (øre)"},"localizedDescriptions":{"nb":"*","en":"** (nb)"},"rmType":"DV_BOOLEAN","nodeId":"at0032","min":0,"max":1,"aqlPath":"/content[openEHR-EHR-EVALUATION.dips_bds_mr_sjekkliste.v1]/data[at0001]/items[at0031]/items[at0032]/value","inputs":[{"type":"BOOLEAN","listOpen":false}],"formId":"dips_bds/bds_mr_sjekkliste/kontraindikasjoner/cochleaimplantat_(øre)","viewConfig":{"multiplicity":{"min":0,"max":1},"advanced":{"hidden":false,"readonly":false,"hideFrame":false,"render":false},"label":{"custom":false,"useLocalizations":false},"size":{"field":"inherit","label":"inherit"},"layout":{"label":{"valign":"inherit","align":"inherit"},"field":{"valign":"inherit","align":"inherit"}},"annotations":{},"field":{"input":{"threeState":true}}}},{"name":"Intrakranielle vaskul. klips","localizedName":"Intrakranielle vaskul. klips","localizedNames":{"en":"*Intrakranielle vaskul. klips (nb)","nb":"Intrakranielle vaskul. klips"},"localizedDescriptions":{"nb":"*","en":"** (nb)"},"rmType":"DV_BOOLEAN","nodeId":"at0035","min":0,"max":1,"aqlPath":"/content[openEHR-EHR-EVALUATION.dips_bds_mr_sjekkliste.v1]/data[at0001]/items[at0031]/items[at0035]/value","inputs":[{"type":"BOOLEAN","listOpen":false}],"formId":"dips_bds/bds_mr_sjekkliste/kontraindikasjoner/intrakranielle_vaskul._klips","viewConfig":{"multiplicity":{"min":0,"max":1},"advanced":{"hidden":false,"readonly":false,"hideFrame":false,"render":false},"label":{"custom":false,"useLocalizations":false},"size":{"field":"inherit","label":"inherit"},"layout":{"label":{"valign":"inherit","align":"inherit"},"field":{"valign":"inherit","align":"inherit"}},"annotations":{},"field":{"input":{"threeState":true}}}},{"name":"Metallfremmedlegeme i øye","localizedName":"Metallfremmedlegeme i øye","localizedNames":{"en":"*Metallfremmedlegeme i øye (nb)","nb":"Metallfremmedlegeme i øye"},"localizedDescriptions":{"nb":"*","en":"** (nb)"},"rmType":"DV_BOOLEAN","nodeId":"at0038","min":0,"max":1,"aqlPath":"/content[openEHR-EHR-EVALUATION.dips_bds_mr_sjekkliste.v1]/data[at0001]/items[at0031]/items[at0038]/value","inputs":[{"type":"BOOLEAN","listOpen":false}],"formId":"dips_bds/bds_mr_sjekkliste/kontraindikasjoner/metallfremmedlegeme_i_øye","viewConfig":{"multiplicity":{"min":0,"max":1},"advanced":{"hidden":false,"readonly":false,"hideFrame":false,"render":false},"label":{"custom":false,"useLocalizations":false},"size":{"field":"inherit","label":"inherit"},"layout":{"label":{"valign":"inherit","align":"inherit"},"field":{"valign":"inherit","align":"inherit"}},"annotations":{},"field":{"input":{"threeState":true}}}},{"name":"Nevrostimulator","localizedName":"Nevrostimulator","localizedNames":{"en":"*Nevrostimulator (nb)","nb":"Nevrostimulator"},"localizedDescriptions":{"nb":"*","en":"** (nb)"},"rmType":"DV_BOOLEAN","nodeId":"at0041","min":0,"max":1,"aqlPath":"/content[openEHR-EHR-EVALUATION.dips_bds_mr_sjekkliste.v1]/data[at0001]/items[at0031]/items[at0041]/value","inputs":[{"type":"BOOLEAN","listOpen":false}],"formId":"dips_bds/bds_mr_sjekkliste/kontraindikasjoner/nevrostimulator","viewConfig":{"multiplicity":{"min":0,"max":1},"advanced":{"hidden":false,"readonly":false,"hideFrame":false,"render":false},"label":{"custom":false,"useLocalizations":false},"size":{"field":"inherit","label":"inherit"},"layout":{"label":{"valign":"inherit","align":"inherit"},"field":{"valign":"inherit","align":"inherit"}},"annotations":{},"field":{"input":{"threeState":true}}}},{"name":"Pacemaker elektrode","localizedName":"Pacemaker elektrode","localizedNames":{"en":"*Pacemaker elektrode (nb)","nb":"Pacemaker elektrode"},"localizedDescriptions":{"nb":"*","en":"** (nb)"},"rmType":"DV_BOOLEAN","nodeId":"at0045","min":0,"max":1,"aqlPath":"/content[openEHR-EHR-EVALUATION.dips_bds_mr_sjekkliste.v1]/data[at0001]/items[at0031]/items[at0045]/value","inputs":[{"type":"BOOLEAN","listOpen":false}],"formId":"dips_bds/bds_mr_sjekkliste/kontraindikasjoner/pacemaker_elektrode","viewConfig":{"multiplicity":{"min":0,"max":1},"advanced":{"hidden":false,"readonly":false,"hideFrame":false,"render":false},"label":{"custom":false,"useLocalizations":false},"size":{"field":"inherit","label":"inherit"},"layout":{"label":{"valign":"inherit","align":"inherit"},"field":{"valign":"inherit","align":"inherit"}},"annotations":{},"field":{"input":{"threeState":true}}}}]},{"name":"Kommentarer","localizedName":"Kommentarer","localizedNames":{"en":"*Kommentarer (nb)","nb":"Kommentarer"},"localizedDescriptions":{"nb":"*","en":"** (nb)"},"rmType":"CLUSTER","nodeId":"at0047","min":0,"max":1,"aqlPath":"/content[openEHR-EHR-EVALUATION.dips_bds_mr_sjekkliste.v1]/data[at0001]/items[at0047]","inputs":[],"formId":"dips_bds/bds_mr_sjekkliste/kommentarer","viewConfig":{"multiplicity":{"min":0,"max":1},"advanced":{"hidden":false,"readonly":false,"hideFrame":false,"render":false},"label":{"custom":false,"useLocalizations":false},"size":{"field":"inherit","label":"inherit"},"layout":{"label":{"valign":"inherit","align":"inherit"},"field":{"valign":"inherit","align":"inherit"}},"annotations":{},"field":{}},"children":[{"name":"Kommentar","localizedName":"Kommentar","localizedNames":{"en":"*Kommentar (nb)","nb":"Kommentar"},"localizedDescriptions":{"nb":"*","en":"** (nb)"},"rmType":"DV_TEXT","nodeId":"at0048","min":0,"max":1,"aqlPath":"/content[openEHR-EHR-EVALUATION.dips_bds_mr_sjekkliste.v1]/data[at0001]/items[at0047]/items[at0048]/value","inputs":[{"type":"TEXT","list":[],"listOpen":false}],"formId":"dips_bds/bds_mr_sjekkliste/kommentarer/kommentar","viewConfig":{"multiplicity":{"min":0,"max":1},"advanced":{"hidden":false,"readonly":false,"hideFrame":false,"render":false},"label":{"custom":false,"useLocalizations":false},"size":{"field":"inherit","label":"inherit"},"layout":{"label":{"valign":"inherit","align":"top"},"field":{"valign":"inherit","align":"inherit"}},"datasource":{"loadRemote":false,"parameters":{}},"annotations":{},"field":{"lines":"2","input":{"lines":2}}}}]}]}