[{"col":1,"row":1,"width":12,"height":36,"children":[{"id":"dips_bds/bds_mr_sjekkliste/generelle_opplysninger","rows":[{"cols":[{"width":"100%","children":[{"id":"dips_bds/bds_mr_sjekkliste/generelle_opplysninger/amming","rows":[]},{"id":"dips_bds/bds_mr_sjekkliste/generelle_opplysninger/klaustrofobi","rows":[]},{"id":"dips_bds/bds_mr_sjekkliste/generelle_opplysninger/metallprotese","rows":[]},{"id":"dips_bds/bds_mr_sjekkliste/generelle_opplysninger/insulin_morfinpumpe","rows":[]},{"id":"dips_bds/bds_mr_sjekkliste/generelle_opplysninger/pas._kan_ikke_ligge_på_rygg","rows":[]},{"id":"dips_bds/bds_mr_sjekkliste/generelle_opplysninger/kom._problem_nedsatt_hørsel","rows":[]},{"id":"dips_bds/bds_mr_sjekkliste/generelle_opplysninger/metall_som_kan_fjernes","rows":[]},{"id":"dips_bds/bds_mr_sjekkliste/generelle_opplysninger/intravenøs_kanyle_med_metall","rows":[]},{"id":"dips_bds/bds_mr_sjekkliste/generelle_opplysninger/vekt_over_140_kg","rows":[]}]}]}]},{"id":"dips_bds/bds_mr_sjekkliste/kontraindikasjoner","rows":[{"cols":[{"width":"100%","children":[{"id":"dips_bds/bds_mr_sjekkliste/kontraindikasjoner/cochleaimplantat_(øre)","rows":[]},{"id":"dips_bds/bds_mr_sjekkliste/kontraindikasjoner/intrakranielle_vaskul._klips","rows":[]},{"id":"dips_bds/bds_mr_sjekkliste/kontraindikasjoner/metallfremmedlegeme_i_øye","rows":[]},{"id":"dips_bds/bds_mr_sjekkliste/kontraindikasjoner/nevrostimulator","rows":[]},{"id":"dips_bds/bds_mr_sjekkliste/kontraindikasjoner/pacemaker_elektrode","rows":[]}]}]}]},{"id":"dips_bds/bds_mr_sjekkliste/kommentarer","rows":[{"cols":[{"width":"100%","children":[{"id":"dips_bds/bds_mr_sjekkliste/kommentarer/kommentar","rows":[]}]}]}]}]}]