[{"field":"hv_ernaeringrisikovurdering/hv_tm_ernaring_regelverk_for_risiko_dips/any_event/alder_ved_screening","conditions":[{"operator":"ge","value":{"value":"70"},"actions":[{"action":"set","target":"hv_ernaeringrisikovurdering/screening_for_ernæringsmessig_risiko/uspesifisert_hendelse/hovedscreening/er_pasientens_alder_≥_70_år","value":{"value":"at0029"}},{"action":"set","target":"hv_ernaeringrisikovurdering/hv_tm_ernaring_regelverk_for_risiko_dips/any_event/alder_(0-1_skår):_max","value":{"value":"1"}}]},{"operator":"lt","value":{"value":"70"},"actions":[{"action":"set","target":"hv_ernaeringrisikovurdering/screening_for_ernæringsmessig_risiko/uspesifisert_hendelse/hovedscreening/er_pasientens_alder_≥_70_år","value":{"value":"at0028"}},{"action":"set","target":"hv_ernaeringrisikovurdering/hv_tm_ernaring_regelverk_for_risiko_dips/any_event/alder_(0-1_skår):_max","value":{"value":"0"}}]},{"operator":"empty","actions":[{"action":"clear","target":"hv_ernaeringrisikovurdering/screening_for_ernæringsmessig_risiko/uspesifisert_hendelse/hovedscreening/er_pasientens_alder_≥_70_år"},{"action":"clear","target":"hv_ernaeringrisikovurdering/hv_tm_ernaring_regelverk_for_risiko_dips/any_event/alder_(0-1_skår):_max"}]}]},{"field":"hv_ernaeringrisikovurdering/screening_for_ernæringsmessig_risiko/uspesifisert_hendelse/hovedscreening/ernæringsstatus","conditions":[{"operator":"eq","value":{"value":"at0018"},"actions":[{"action":"set","target":"hv_ernaeringrisikovurdering/hv_tm_ernaring_regelverk_for_risiko_dips/any_event/1.\ternæring_og_almenntilstand_(0-3_skår):_max","value":{"value":"0"}}]},{"operator":"eq","value":{"value":"at0019"},"actions":[{"action":"set","target":"hv_ernaeringrisikovurdering/hv_tm_ernaring_regelverk_for_risiko_dips/any_event/1.\ternæring_og_almenntilstand_(0-3_skår):_max","value":{"value":"1"}}]},{"operator":"eq","value":{"value":"at0020"},"actions":[{"action":"set","target":"hv_ernaeringrisikovurdering/hv_tm_ernaring_regelverk_for_risiko_dips/any_event/1.\ternæring_og_almenntilstand_(0-3_skår):_max","value":{"value":"2"}}]},{"operator":"eq","value":{"value":"at0021"},"actions":[{"action":"set","target":"hv_ernaeringrisikovurdering/hv_tm_ernaring_regelverk_for_risiko_dips/any_event/1.\ternæring_og_almenntilstand_(0-3_skår):_max","value":{"value":"3"}}]},{"operator":"empty","actions":[{"action":"clear","target":"hv_ernaeringrisikovurdering/hv_tm_ernaring_regelverk_for_risiko_dips/any_event/1.\ternæring_og_almenntilstand_(0-3_skår):_max"}]}]},{"field":"hv_ernaeringrisikovurdering/screening_for_ernæringsmessig_risiko/uspesifisert_hendelse/hovedscreening/sykdommens_alvorlighetsgrad","conditions":[{"operator":"eq","value":{"value":"at0022"},"actions":[{"action":"set","target":"hv_ernaeringrisikovurdering/hv_tm_ernaring_regelverk_for_risiko_dips/any_event/3.\tøkt_behov_pga_sykdom_skade_(0-3_skår):_max","value":{"value":"0"}}]},{"operator":"eq","value":{"value":"at0023"},"actions":[{"action":"set","target":"hv_ernaeringrisikovurdering/hv_tm_ernaring_regelverk_for_risiko_dips/any_event/3.\tøkt_behov_pga_sykdom_skade_(0-3_skår):_max","value":{"value":"1"}}]},{"operator":"eq","value":{"value":"at0024"},"actions":[{"action":"set","target":"hv_ernaeringrisikovurdering/hv_tm_ernaring_regelverk_for_risiko_dips/any_event/3.\tøkt_behov_pga_sykdom_skade_(0-3_skår):_max","value":{"value":"2"}}]},{"operator":"eq","value":{"value":"at0025"},"actions":[{"action":"set","target":"hv_ernaeringrisikovurdering/hv_tm_ernaring_regelverk_for_risiko_dips/any_event/3.\tøkt_behov_pga_sykdom_skade_(0-3_skår):_max","value":{"value":"3"}}]},{"operator":"empty","actions":[{"action":"clear","target":"hv_ernaeringrisikovurdering/hv_tm_ernaring_regelverk_for_risiko_dips/any_event/3.\tøkt_behov_pga_sykdom_skade_(0-3_skår):_max"}]}]},{"field":"hv_ernaeringrisikovurdering/kroppsmasseindeks/uspesifisert_hendelse/kroppsmasseindeks","conditions":[{"operator":"lt","value":{"magnitude":"18.501","unit":"kg/m2"},"actions":[{"action":"set","target":"hv_ernaeringrisikovurdering/hv_tm_ernaring_regelverk_for_risiko_dips/any_event/bmi<18,5","value":{"value":"1"}}]},{"operator":"ge","value":{"magnitude":"18.5","unit":"kg/m2"},"actions":[{"action":"set","target":"hv_ernaeringrisikovurdering/hv_tm_ernaring_regelverk_for_risiko_dips/any_event/bmi<18,5","value":{"value":"0"}}]},{"operator":"empty","actions":[{"action":"clear","target":"hv_ernaeringrisikovurdering/hv_tm_ernaring_regelverk_for_risiko_dips/any_event/bmi<18,5"}]}]},{"field":"hv_ernaeringrisikovurdering/hv_ernaeringsscreening_behandling/planlagt_behandling_som_vil_medføre_vekttap3","conditions":[{"operator":"empty","actions":[{"action":"set","target":"hv_ernaeringrisikovurdering/er_kalk_dips/any_event/behandling_score","value":{"value":"0"}}]},{"operator":"equals","value":{"code":"at0009"},"actions":[{"action":"set","target":"hv_ernaeringrisikovurdering/er_kalk_dips/any_event/behandling_score","value":{"value":"3"}}]},{"operator":"equals","value":{"code":"at0008"},"actions":[{"action":"set","target":"hv_ernaeringrisikovurdering/er_kalk_dips/any_event/behandling_score","value":{"value":"0"}}]}]},{"field":"hv_ernaeringrisikovurdering/screening_for_ernæringsmessig_risiko/uspesifisert_hendelse/hovedscreening/total_score","conditions":[{"operator":"lt","value":{"value":"3"},"actions":[{"action":"show","target":"generic-field-16024"},{"action":"hide","target":"generic-field-49393"},{"action":"hide","target":"generic-field-44804"},{"action":"set","target":"hv_ernaeringrisikovurdering/hv_ps_er/ernæringsmessig_risiko2","value":{"code":"at0017"}}]},{"operator":"ge","value":{"value":"3"},"actions":[{"action":"show","target":"generic-field-49393"},{"action":"hide","target":"generic-field-16024"},{"action":"hide","target":"generic-field-44804"},{"action":"set","target":"hv_ernaeringrisikovurdering/hv_ps_er/ernæringsmessig_risiko2","value":{"code":"at0016"}}]},{"operator":"empty","actions":[{"action":"hide","target":"generic-field-49393"},{"action":"hide","target":"generic-field-16024"},{"action":"show","target":"generic-field-44804"},{"action":"set","target":"hv_ernaeringrisikovurdering/hv_ps_er/ernæringsmessig_risiko2","value":{"code":"at0018"}}]}]},{"field":"hv_ernaeringrisikovurdering/hv_tm_ernaring_regelverk_for_risiko_dips/any_event/antall_måneder_siden_forrige_vekt","conditions":[{"operator":"eq","value":{"value":"0"},"actions":[{"action":"set","target":"hv_ernaeringrisikovurdering/hv_tm_ernaring_regelverk_for_risiko_dips/any_event/månedspoeng","value":{"value":"6"}}]},{"operator":"eq","value":{"value":"1"},"actions":[{"action":"set","target":"hv_ernaeringrisikovurdering/hv_tm_ernaring_regelverk_for_risiko_dips/any_event/månedspoeng","value":{"value":"6"}}]},{"operator":"eq","value":{"value":"2"},"actions":[{"action":"set","target":"hv_ernaeringrisikovurdering/hv_tm_ernaring_regelverk_for_risiko_dips/any_event/månedspoeng","value":{"value":"5"}}]},{"operator":"eq","value":{"value":"3"},"actions":[{"action":"set","target":"hv_ernaeringrisikovurdering/hv_tm_ernaring_regelverk_for_risiko_dips/any_event/månedspoeng","value":{"value":"4"}}]},{"operator":"gt","value":{"value":"3"},"actions":[{"action":"set","target":"hv_ernaeringrisikovurdering/hv_tm_ernaring_regelverk_for_risiko_dips/any_event/månedspoeng","value":{"value":"1"}}]},{"operator":"empty","actions":[{"action":"clear","target":"hv_ernaeringrisikovurdering/hv_tm_ernaring_regelverk_for_risiko_dips/any_event/månedspoeng"}]}]},{"field":"hv_ernaeringrisikovurdering/hv_tm_weightlossdegree_dips/any_event/beregnet_vekttap_i_prosent","conditions":[{"operator":"ge","value":{"magnitude":"5","unit":"%"},"actions":[{"action":"set","target":"hv_ernaeringrisikovurdering/hv_tm_ernaring_regelverk_for_risiko_dips/any_event/prosentpoeng","value":{"value":"10"}}]},{"operator":"lt","value":{"magnitude":"5","unit":"%"},"actions":[{"action":"set","target":"hv_ernaeringrisikovurdering/hv_tm_ernaring_regelverk_for_risiko_dips/any_event/prosentpoeng","value":{"value":"1"}}]},{"operator":"le","value":{"magnitude":"0","unit":"%"},"actions":[{"action":"set","target":"hv_ernaeringrisikovurdering/hv_tm_ernaring_regelverk_for_risiko_dips/any_event/prosentpoeng","value":{"value":"0"}}]},{"operator":"empty","actions":[{"action":"clear","target":"hv_ernaeringrisikovurdering/hv_tm_ernaring_regelverk_for_risiko_dips/any_event/prosentpoeng"}]}]},{"field":"hv_ernaeringrisikovurdering/hv_tm_ernaring_regelverk_for_risiko_dips/any_event/månedprosent","conditions":[{"operator":"empty","actions":[{"action":"clear","target":"hv_ernaeringrisikovurdering/hv_tm_weightlossdegree_dips/any_event/grad_av_vekttap"}]},{"operator":"eq","value":{"value":"60"},"actions":[{"action":"set","target":"hv_ernaeringrisikovurdering/hv_tm_weightlossdegree_dips/any_event/grad_av_vekttap","value":{"code":"at0008"}}]},{"operator":"eq","value":{"value":"50"},"actions":[{"action":"set","target":"hv_ernaeringrisikovurdering/hv_tm_weightlossdegree_dips/any_event/grad_av_vekttap","value":{"code":"at0007"}}]},{"operator":"eq","value":{"value":"40"},"actions":[{"action":"set","target":"hv_ernaeringrisikovurdering/hv_tm_weightlossdegree_dips/any_event/grad_av_vekttap","value":{"code":"at0006"}}]},{"operator":"le","value":{"value":"10"},"actions":[{"action":"set","target":"hv_ernaeringrisikovurdering/hv_tm_weightlossdegree_dips/any_event/grad_av_vekttap","value":{"code":"at0039"}}]},{"operator":"le","value":{"value":"0"},"actions":[{"action":"set","target":"hv_ernaeringrisikovurdering/hv_tm_weightlossdegree_dips/any_event/grad_av_vekttap","value":{"code":"at0033"}}]}]},{"field":"hv_ernaeringrisikovurdering/høyde_lengde/uspesifisert_hendelse/høyde_lengde","conditions":[{"operator":"lt","value":{"magnitude":"100","unit":"cm"},"actions":[{"action":"show","target":"generic-field-03174"}]},{"operator":"ge","value":{"magnitude":"100","unit":"cm"},"actions":[{"action":"hide","target":"generic-field-03174"}]},{"operator":"empty","actions":[{"action":"hide","target":"generic-field-03174"}]}]},{"field":"hv_ernaeringrisikovurdering/hv_tm_weightlossdegree_dips/any_event/grad_av_vekttap","conditions":[{"operator":"equals","value":{"code":"at0033"},"actions":[{"action":"set","target":"hv_ernaeringrisikovurdering/hv_tm_ernaring_regelverk_for_risiko_dips/any_event/vekttap","value":{"value":"0"}}]},{"operator":"equals","value":{"code":"at0039"},"actions":[{"action":"set","target":"hv_ernaeringrisikovurdering/hv_tm_ernaring_regelverk_for_risiko_dips/any_event/vekttap","value":{"value":"1"}}]},{"operator":"equals","value":{"code":"at0006"},"actions":[{"action":"set","target":"hv_ernaeringrisikovurdering/hv_tm_ernaring_regelverk_for_risiko_dips/any_event/vekttap","value":{"value":"2"}}]},{"operator":"equals","value":{"code":"at0007"},"actions":[{"action":"set","target":"hv_ernaeringrisikovurdering/hv_tm_ernaring_regelverk_for_risiko_dips/any_event/vekttap","value":{"value":"3"}}]},{"operator":"equals","value":{"code":"at0008"},"actions":[{"action":"set","target":"hv_ernaeringrisikovurdering/hv_tm_ernaring_regelverk_for_risiko_dips/any_event/vekttap","value":{"value":"4"}}]},{"operator":"empty","actions":[{"action":"clear","target":"hv_ernaeringrisikovurdering/hv_tm_ernaring_regelverk_for_risiko_dips/any_event/vekttap"}]}]},{"field":"hv_ernaeringrisikovurdering/hv_tm_food_intake_reduction_dips/any_event/har_pasienten_hatt_redusert_matinntak_siste_uke2","conditions":[{"operator":"equals","value":{"code":"at0019"},"actions":[{"action":"set","target":"hv_ernaeringrisikovurdering/er_kalk_dips/any_event/matinntak_score","value":{"value":"1"}}]},{"operator":"equals","value":{"code":"at0016"},"actions":[{"action":"set","target":"hv_ernaeringrisikovurdering/er_kalk_dips/any_event/matinntak_score","value":{"value":"2"}}]},{"operator":"equals","value":{"code":"at0017"},"actions":[{"action":"set","target":"hv_ernaeringrisikovurdering/er_kalk_dips/any_event/matinntak_score","value":{"value":"3"}}]},{"operator":"equals","value":{"code":"at0018"},"actions":[{"action":"set","target":"hv_ernaeringrisikovurdering/er_kalk_dips/any_event/matinntak_score","value":{"value":"4"}}]},{"operator":"empty","actions":[{"action":"clear","target":"hv_ernaeringrisikovurdering/er_kalk_dips/any_event/matinntak_score"}]}]},{"field":"hv_ernaeringrisikovurdering/hv_ernaeringsscreening_allmenntilstand/allmenntilstand","conditions":[{"operator":"equals","value":{"code":"at0003"},"actions":[{"action":"set","target":"hv_ernaeringrisikovurdering/hv_tm_ernaring_regelverk_for_risiko_dips/any_event/nedsatt_allmenntilstand","value":{"value":"0"}}]},{"operator":"equals","value":{"code":"at0004"},"actions":[{"action":"set","target":"hv_ernaeringrisikovurdering/hv_tm_ernaring_regelverk_for_risiko_dips/any_event/nedsatt_allmenntilstand","value":{"value":"1"}}]},{"operator":"empty","actions":[{"action":"clear","target":"hv_ernaeringrisikovurdering/hv_tm_ernaring_regelverk_for_risiko_dips/any_event/nedsatt_allmenntilstand"}]}]},{"field":"hv_ernaeringrisikovurdering/kroppsmasseindeks/uspesifisert_hendelse/kroppsmasseindeks","conditions":[{"operator":"lt","value":{"magnitude":"18.5","unit":"kg/m2"},"actions":[{"action":"set","target":"hv_ernaeringrisikovurdering/hv_tm_ernaring_regelverk_for_risiko_dips/any_event/bmi_18,5_-_20,5_+_normal_allmenntilstand","value":{"value":"2"}}]},{"operator":"lt","value":{"magnitude":"20.5","unit":"kg/m2"},"actions":[{"action":"set","target":"hv_ernaeringrisikovurdering/hv_tm_ernaring_regelverk_for_risiko_dips/any_event/bmi_18,5_-_20,5_+_normal_allmenntilstand","value":{"value":"1"}},{"action":"show","target":"hv_ernaeringrisikovurdering/hv_ernaeringsscreening_allmenntilstand/allmenntilstand"}]},{"operator":"ge","value":{"magnitude":"20.5","unit":"kg/m2"},"actions":[{"action":"set","target":"hv_ernaeringrisikovurdering/hv_tm_ernaring_regelverk_for_risiko_dips/any_event/bmi_18,5_-_20,5_+_normal_allmenntilstand","value":{"value":"0"}},{"action":"hide","target":"hv_ernaeringrisikovurdering/hv_ernaeringsscreening_allmenntilstand/allmenntilstand"},{"action":"clear","target":"hv_ernaeringrisikovurdering/hv_ernaeringsscreening_allmenntilstand/allmenntilstand"}]},{"operator":"empty","actions":[{"action":"clear","target":"hv_ernaeringrisikovurdering/hv_tm_ernaring_regelverk_for_risiko_dips/any_event/bmi_18,5_-_20,5_+_normal_allmenntilstand"},{"action":"hide","target":"hv_ernaeringrisikovurdering/hv_ernaeringsscreening_allmenntilstand/allmenntilstand"},{"action":"clear","target":"hv_ernaeringrisikovurdering/hv_ernaeringsscreening_allmenntilstand/allmenntilstand"}]}]},{"field":"hv_ernaeringrisikovurdering/hv_tm_ernaring_regelverk_for_risiko_dips/any_event/>5_%_vekttap_siste_2_mnd","conditions":[{"operator":"empty","actions":[{"action":"clear","target":"hv_ernaeringrisikovurdering/screening_for_ernæringsmessig_risiko/uspesifisert_hendelse/hovedscreening/ernæringsstatus"}]},{"operator":"eq","value":{"value":"0"},"actions":[{"action":"clear","target":"hv_ernaeringrisikovurdering/screening_for_ernæringsmessig_risiko/uspesifisert_hendelse/hovedscreening/ernæringsstatus"}]},{"operator":"eq","value":{"value":"1"},"actions":[{"action":"set","target":"hv_ernaeringrisikovurdering/screening_for_ernæringsmessig_risiko/uspesifisert_hendelse/hovedscreening/ernæringsstatus","value":{"value":"at0018"}}]},{"operator":"eq","value":{"value":"2"},"actions":[{"action":"set","target":"hv_ernaeringrisikovurdering/screening_for_ernæringsmessig_risiko/uspesifisert_hendelse/hovedscreening/ernæringsstatus","value":{"value":"at0019"}}]},{"operator":"eq","value":{"value":"3"},"actions":[{"action":"set","target":"hv_ernaeringrisikovurdering/screening_for_ernæringsmessig_risiko/uspesifisert_hendelse/hovedscreening/ernæringsstatus","value":{"value":"at0020"}}]},{"operator":"eq","value":{"value":"4"},"actions":[{"action":"set","target":"hv_ernaeringrisikovurdering/screening_for_ernæringsmessig_risiko/uspesifisert_hendelse/hovedscreening/ernæringsstatus","value":{"value":"at0021"}}]}]}]