{"name":"Form root","localizedNames":{},"localizedDescriptions":{},"rmType":"FORM_DEFINITION","min":0,"max":0,"formId":"form_root","viewConfig":{"label":{"custom":false,"useLocalizations":false},"size":{"field":"inherit","label":"inherit"},"layout":{"label":{"valign":"inherit","align":"top"},"field":{"valign":"inherit","align":"inherit"}},"annotations":{"#HOYDE":"select c/uid/value as cid,o from composition c \r\ncontains observation o[openEHR-EHR-OBSERVATION.height.v1] \r\norder by o/data[at0001]/events[at0002]/time/value desc \r\nlimit 1","#TVM":"select c/uid/value as cid, o from composition c \r\ncontains observation o[openEHR-EHR-OBSERVATION.body_weight.v1] \r\norder by o/data[at0002]/events[at0003]/time/value desc \r\nlimit 1"}},"children":[{"name":"Kroppsvekt","localizedName":"Kroppsvekt","localizedNames":{"en":"*Kroppsvekt (nb)","nb":"Kroppsvekt"},"localizedDescriptions":{"nb":"Et individs totale kroppsmasse.","en":"*Et individs totale kroppsmasse. (nb)"},"rmType":"DV_QUANTITY","nodeId":"at0004","min":0,"max":1,"aqlPath":"/content[openEHR-EHR-OBSERVATION.body_weight.v1]/data[at0002]/events[at0003]/data[at0001]/items[at0004]/value","inputs":[{"suffix":"magnitude","type":"DECIMAL","defaultValue":"","listOpen":false},{"suffix":"unit","type":"CODED_TEXT","list":[{"value":"kg","label":"kg","validation":{"range":{"minOp":">=","min":0.0,"maxOp":"<","max":1000.0},"precision":{"minOp":">=","min":0.0,"maxOp":"<=","max":0.0}},"ordinal":0,"localizedLabels":{},"localizedDescriptions":{}}],"defaultValue":"kg","listOpen":false}],"formId":"hv_ernaeringrisikovurdering/kroppsvekt/uspesifisert_hendelse/kroppsvekt","viewConfig":{"multiplicity":{"min":0,"max":1},"advanced":{"hidden":false,"readonly":false,"hideFrame":false,"render":false},"label":{"custom":false,"useLocalizations":false},"size":{"field":"inherit","label":"inherit"},"layout":{"label":{"valign":"inherit","align":"inherit"},"field":{"valign":"inherit","align":"inherit"}},"annotations":{"calcId":"kv"},"field":{}}},{"name":"Kommentar","localizedName":"Kommentar","localizedNames":{"en":"*Kommentar (nb)","nb":"Kommentar"},"localizedDescriptions":{"nb":"Ytterligere beskrivelse av målingen av kroppsvekt som ikke dekkes i andre felt.","en":"*Ytterligere beskrivelse av målingen av kroppsvekt som ikke dekkes i andre felt. (nb)"},"rmType":"DV_TEXT","nodeId":"at0024","min":0,"max":1,"aqlPath":"/content[openEHR-EHR-OBSERVATION.body_weight.v1]/data[at0002]/events[at0003]/data[at0001]/items[at0024]/value","inputs":[{"type":"TEXT","list":[],"listOpen":false}],"formId":"hv_ernaeringrisikovurdering/kroppsvekt/uspesifisert_hendelse/kommentar","viewConfig":{"multiplicity":{"min":0,"max":1},"advanced":{"hidden":false,"readonly":false,"hideFrame":false,"render":false},"label":{"custom":false,"useLocalizations":false},"size":{"field":"inherit","label":"inherit"},"layout":{"label":{"valign":"inherit","align":"inherit"},"field":{"valign":"inherit","align":"inherit"}},"datasource":{"loadRemote":false,"parameters":{}},"annotations":{},"field":{"lines":null,"input":{}}}},{"name":"Høyde/lengde","localizedName":"Høyde/lengde","localizedNames":{"en":"*Høyde/lengde (nb)","nb":"Høyde/lengde"},"localizedDescriptions":{"nb":"Høyde/lengde fra isse til fotsåle.","en":"*Høyde/lengde fra isse til fotsåle. (nb)"},"rmType":"DV_QUANTITY","nodeId":"at0004","min":0,"max":1,"aqlPath":"/content[openEHR-EHR-OBSERVATION.height.v1]/data[at0001]/events[at0002]/data[at0003]/items[at0004]/value","inputs":[{"suffix":"magnitude","type":"DECIMAL","defaultValue":"","listOpen":false},{"suffix":"unit","type":"CODED_TEXT","list":[{"value":"cm","label":"cm","validation":{"range":{"minOp":">=","min":0.0,"maxOp":"<=","max":500.0}},"ordinal":0,"localizedLabels":{},"localizedDescriptions":{}}],"listOpen":false}],"formId":"hv_ernaeringrisikovurdering/høyde_lengde/uspesifisert_hendelse/høyde_lengde","viewConfig":{"multiplicity":{"min":0,"max":1},"advanced":{"hidden":false,"readonly":false,"hideFrame":false,"render":false},"label":{"custom":false,"useLocalizations":false},"size":{"field":"inherit","label":"inherit"},"layout":{"label":{"valign":"inherit","align":"top"},"field":{"valign":"inherit","align":"inherit"}},"annotations":{"calcId":"hl","select":"{#HOYDE:/data[at0001]/events[at0002]/data[at0003]/items[at0004]/value}"},"field":{}}},{"name":"Fieldset","localizedName":"Fieldset","localizedNames":{"en":"*Fieldset (en)","nb":"OBS! Lav høyde\r\n"},"localizedDescriptions":{},"rmType":"GENERIC_FIELDSET","min":0,"max":1,"inputs":[],"formId":"generic-field-03174","viewConfig":{"multiplicity":{"min":0,"max":1},"advanced":{"hidden":false,"readonly":false,"hideFrame":false,"render":false},"label":{"custom":false,"useLocalizations":false},"size":{"field":"inherit","label":"inherit"},"layout":{"label":{"valign":"inherit","align":"inherit"},"field":{"valign":"inherit","align":"inherit"}},"annotations":{"alertType":"INFO"},"field":{"formId":null,"name":null}},"children":[]},{"name":"Tidligere kroppsvekt","localizedName":"Tidligere kroppsvekt","localizedNames":{"en":"*Tidligere kroppsvekt (en)","nb":"Tidligere kroppsvekt"},"localizedDescriptions":{"nb":"Et individs totale kroppsmasse.","en":"*Et individs totale kroppsmasse. (nb)"},"rmType":"DV_QUANTITY","nodeId":"at0004","min":0,"max":1,"aqlPath":"/content[openEHR-EHR-SECTION.adhoc.v1 and name/value='Tidligere kroppsvekt']/items[openEHR-EHR-OBSERVATION.body_weight.v1 and name/value='Tidligere kroppsvekt']/data[at0002]/events[at0003]/data[at0001]/items[at0004 and name/value='Tidligere kroppsvekt']/value","inputs":[{"suffix":"magnitude","type":"DECIMAL","defaultValue":"","listOpen":false},{"suffix":"unit","type":"CODED_TEXT","list":[{"value":"kg","label":"kg","validation":{"range":{"minOp":">=","min":0.0,"maxOp":"<","max":1000.0}},"ordinal":0,"localizedLabels":{},"localizedDescriptions":{}}],"listOpen":false}],"formId":"hv_ernaeringrisikovurdering/tidligere_kroppsvekt@Tidligere kroppsvekt/tidligere_kroppsvekt@Tidligere kroppsvekt/uspesifisert_hendelse/tidligere_kroppsvekt@Tidligere kroppsvekt","viewConfig":{"multiplicity":{"min":0,"max":1},"advanced":{"hidden":false,"readonly":false,"hideFrame":false,"render":false},"label":{"custom":false,"useLocalizations":false},"size":{"field":"inherit","label":"inherit"},"layout":{"label":{"valign":"inherit","align":"inherit"},"field":{"valign":"inherit","align":"inherit"}},"annotations":{"calcId":"tv","select":"{#TVM:/data[at0002]/events[at0003]/data[at0001]/items[at0004]/value}"},"field":{}}},{"name":"Time","localizedName":"Time","localizedNames":{"en":"*Time (en)","nb":"Tidspunkt tidligere vekt"},"localizedDescriptions":{},"rmType":"DV_DATE_TIME","min":0,"max":1,"aqlPath":"/content[openEHR-EHR-SECTION.adhoc.v1 and name/value='Tidligere kroppsvekt']/items[openEHR-EHR-OBSERVATION.body_weight.v1 and name/value='Tidligere kroppsvekt']/data[at0002]/events[at0003]/time","inputs":[{"type":"DATETIME","listOpen":false}],"formId":"hv_ernaeringrisikovurdering/tidligere_kroppsvekt@Tidligere kroppsvekt/tidligere_kroppsvekt@Tidligere kroppsvekt/uspesifisert_hendelse/time","viewConfig":{"multiplicity":{"min":0,"max":1},"advanced":{"hidden":false,"readonly":false,"hideFrame":false,"render":false},"label":{"custom":false,"useLocalizations":false},"size":{"field":"inherit","label":"inherit"},"layout":{"label":{"valign":"inherit","align":"inherit"},"field":{"valign":"inherit","align":"inherit"}},"annotations":{"calcId":"dtv","select":"{#TVM:/data[at0002]/events[at0003]/time}","constraint.func.upper":"NOWTICKS()"},"field":{"input":{"hideTime":false,"dateFormat":"","hideDate":false}}}},{"name":"Antall måneder siden forrige vekt","localizedName":"Antall måneder siden forrige vekt","localizedNames":{"en":"*Antall måneder siden forrige vekt (nb)","nb":"Antall måneder siden forrige vekt"},"localizedDescriptions":{"nb":"*","en":"** (nb)"},"rmType":"DV_COUNT","nodeId":"at0029","min":0,"max":1,"aqlPath":"/content[openEHR-EHR-OBSERVATION.hv_tm_ernaring_regelverk_for_risiko_dips.v2]/data[at0001]/events[at0002]/data[at0003]/items[at0029]/value","inputs":[{"type":"INTEGER","defaultValue":"","listOpen":false}],"formId":"hv_ernaeringrisikovurdering/hv_tm_ernaring_regelverk_for_risiko_dips/any_event/antall_måneder_siden_forrige_vekt","viewConfig":{"multiplicity":{"min":0,"max":1},"advanced":{"hidden":true,"readonly":false,"hideFrame":false,"render":false},"label":{"custom":false,"useLocalizations":false},"size":{"field":"inherit","label":"inherit"},"layout":{"label":{"valign":"inherit","align":"inherit"},"field":{"valign":"inherit","align":"inherit"}},"annotations":{"calc":"round(weeks(today, dtv)/4)"},"field":{}}},{"name":"Månedspoeng","localizedName":"Månedspoeng","localizedNames":{"en":"*Månedspoeng (nb)","nb":"Månedspoeng"},"localizedDescriptions":{"nb":"*","en":"** (nb)"},"rmType":"DV_COUNT","nodeId":"at0026","min":0,"max":1,"aqlPath":"/content[openEHR-EHR-OBSERVATION.hv_tm_ernaring_regelverk_for_risiko_dips.v2]/data[at0001]/events[at0002]/data[at0003]/items[at0026]/value","inputs":[{"type":"INTEGER","defaultValue":"","listOpen":false}],"formId":"hv_ernaeringrisikovurdering/hv_tm_ernaring_regelverk_for_risiko_dips/any_event/månedspoeng","viewConfig":{"multiplicity":{"min":0,"max":1},"advanced":{"hidden":true,"readonly":false,"hideFrame":false,"render":false},"label":{"custom":false,"useLocalizations":false},"size":{"field":"inherit","label":"inherit"},"layout":{"label":{"valign":"inherit","align":"inherit"},"field":{"valign":"inherit","align":"inherit"}},"annotations":{"calcId":"mp"},"field":{}}},{"name":"Prosentpoeng","localizedName":"Prosentpoeng","localizedNames":{"en":"*Prosentpoeng (nb)","nb":"Prosentpoeng"},"localizedDescriptions":{"nb":"*","en":"** (nb)"},"rmType":"DV_COUNT","nodeId":"at0027","min":0,"max":1,"aqlPath":"/content[openEHR-EHR-OBSERVATION.hv_tm_ernaring_regelverk_for_risiko_dips.v2]/data[at0001]/events[at0002]/data[at0003]/items[at0027]/value","inputs":[{"type":"INTEGER","defaultValue":"","listOpen":false}],"formId":"hv_ernaeringrisikovurdering/hv_tm_ernaring_regelverk_for_risiko_dips/any_event/prosentpoeng","viewConfig":{"multiplicity":{"min":0,"max":1},"advanced":{"hidden":true,"readonly":false,"hideFrame":false,"render":false},"label":{"custom":false,"useLocalizations":false},"size":{"field":"inherit","label":"inherit"},"layout":{"label":{"valign":"inherit","align":"inherit"},"field":{"valign":"inherit","align":"inherit"}},"annotations":{"calcid":"pp"},"field":{}}},{"name":"MånedProsent","localizedName":"MånedProsent","localizedNames":{"en":"*MånedProsent (nb)","nb":"MånedProsent"},"localizedDescriptions":{"nb":"*","en":"** (nb)"},"rmType":"DV_COUNT","nodeId":"at0028","min":0,"max":1,"aqlPath":"/content[openEHR-EHR-OBSERVATION.hv_tm_ernaring_regelverk_for_risiko_dips.v2]/data[at0001]/events[at0002]/data[at0003]/items[at0028]/value","inputs":[{"type":"INTEGER","defaultValue":"","listOpen":false}],"formId":"hv_ernaeringrisikovurdering/hv_tm_ernaring_regelverk_for_risiko_dips/any_event/månedprosent","viewConfig":{"multiplicity":{"min":0,"max":1},"advanced":{"hidden":true,"readonly":false,"hideFrame":false,"render":false},"label":{"custom":false,"useLocalizations":false},"size":{"field":"inherit","label":"inherit"},"layout":{"label":{"valign":"inherit","align":"inherit"},"field":{"valign":"inherit","align":"inherit"}},"annotations":{"calc":"mp * pp"},"field":{}}},{"name":"Kroppsmasseindeks","localizedName":"Kroppsmasseindeks","localizedNames":{"en":"*Kroppsmasseindeks (nb)","nb":"Kroppsmasseindeks"},"localizedDescriptions":{"nb":"Indeks som beskriver forholdet mellom vekt og høyde.","en":"*Indeks som beskriver forholdet mellom vekt og høyde. (nb)"},"rmType":"DV_QUANTITY","nodeId":"at0004","min":1,"max":1,"aqlPath":"/content[openEHR-EHR-OBSERVATION.body_mass_index.v1]/data[at0001]/events[at0002]/data[at0003]/items[at0004]/value","inputs":[{"suffix":"magnitude","type":"DECIMAL","defaultValue":"","listOpen":false},{"suffix":"unit","type":"CODED_TEXT","list":[{"value":"kg/m2","label":"kg/m2","validation":{"range":{"minOp":">=","min":0.0,"maxOp":"<","max":500.0},"precision":{"minOp":">=","min":1.0,"maxOp":"<=","max":1.0}},"ordinal":0,"localizedLabels":{},"localizedDescriptions":{}}],"listOpen":false}],"formId":"hv_ernaeringrisikovurdering/kroppsmasseindeks/uspesifisert_hendelse/kroppsmasseindeks","viewConfig":{"multiplicity":{"min":1,"max":1},"advanced":{"hidden":false,"readonly":false,"hideFrame":false,"render":false},"label":{"custom":false,"useLocalizations":false},"size":{"field":"inherit","label":"inherit"},"layout":{"label":{"valign":"inherit","align":"inherit"},"field":{"valign":"inherit","align":"inherit"}},"annotations":{"calc":"if(or(isblank(kv), isblank(hl)), null, kv / (hl/100)^2)"},"field":{}}},{"name":"Allmenntilstand","localizedName":"Allmenntilstand","localizedNames":{"en":"*Allmenntilstand (nb)","nb":"Allmenntilstand"},"localizedDescriptions":{"nb":"Allmenntilstand angis her","en":"*Allmenntilstand angis her (nb)"},"rmType":"DV_CODED_TEXT","nodeId":"at0002","min":0,"max":1,"aqlPath":"/content[openEHR-EHR-EVALUATION.hv_ernaeringsscreening_allmenntilstand.v1]/data[at0001]/items[at0002]/value","inputs":[{"suffix":"code","type":"CODED_TEXT","list":[{"value":"at0003","label":"Normal","ordinal":0,"localizedLabels":{"nb":"Normal","en":"*Normal (nb)"},"localizedDescriptions":{"nb":"Pasienten er i en normal allmenntilstand","en":"*Pasienten er i en normal allmenntilstand (nb)"}},{"value":"at0004","label":"Redusert","ordinal":0,"localizedLabels":{"nb":"Redusert","en":"*Redusert (nb)"},"localizedDescriptions":{"nb":"Pasienten har en redusert allmenntilstand","en":"*Pasienten har en redusert allmenntilstand (nb)"}}],"listOpen":false}],"formId":"hv_ernaeringrisikovurdering/hv_ernaeringsscreening_allmenntilstand/allmenntilstand","viewConfig":{"multiplicity":{"min":0,"max":1},"advanced":{"hidden":false,"readonly":false,"hideFrame":false,"render":false},"label":{"custom":false,"useLocalizations":false},"size":{"field":"inherit","label":"inherit"},"layout":{"label":{"valign":"inherit","align":"top"},"field":{"valign":"inherit","align":"inherit"}},"annotations":{},"field":{"code":{"presentation":"radios","columns":"2"}}}},{"name":"Grad av vekttap","localizedName":"Grad av vekttap","localizedNames":{"en":"*Grad av vekttap (nb)","nb":"Grad av vekttap"},"localizedDescriptions":{"nb":"Angi grad av vekttap","en":"*Angi grad av vekttap (nb)"},"rmType":"DV_CODED_TEXT","nodeId":"at0005","min":0,"max":1,"aqlPath":"/content[openEHR-EHR-OBSERVATION.hv_tm_weightlossdegree_dips.v2]/data[at0001]/events[at0002]/data[at0003]/items[at0005]/value","inputs":[{"suffix":"code","type":"CODED_TEXT","list":[{"value":"at0033","label":"Pasienten har ikke gått ned i vekt","ordinal":0,"localizedLabels":{"nb":"Pasienten har ikke gått ned i vekt","en":"*Pasienten har ikke gått ned i vekt (nb)"},"localizedDescriptions":{"nb":"Det er ikke registrert nedgang i vekt","en":"*Det er ikke registrert nedgang i vekt (nb)"}},{"value":"at0039","label":"Pasienten har ubetydelig vekttap siste tre måneder","ordinal":0,"localizedLabels":{"nb":"Pasienten har ubetydelig vekttap siste tre måneder","en":"*Pasienten har ubetydelig vekttap siste tre måneder (nb)"},"localizedDescriptions":{"nb":"Pasienten har mindre vekttap siste tre måneder","en":"*Pasienten har mindre vekttap siste tre måneder (nb)"}},{"value":"at0006","label":"Mildt vekttap, dvs 5% eller mer siste 3 måneder","ordinal":0,"localizedLabels":{"nb":"Mildt vekttap, dvs 5% eller mer siste 3 måneder","en":"*Mildt vekttap, dvs 5% eller mer siste 3 måneder (nb)"},"localizedDescriptions":{"nb":"Mildt vekttap, dvs 5% eller mer siste 3 måneder","en":"*Mildt vekttap, dvs 5% eller mer siste 3 måneder (nb)"}},{"value":"at0007","label":"Moderat vekttap, dvs 5% eller mer siste 2 måneder","ordinal":0,"localizedLabels":{"nb":"Moderat vekttap, dvs 5% eller mer siste 2 måneder","en":"*Moderat vekttap, dvs 5% eller mer siste 2 måneder (nb)"},"localizedDescriptions":{"nb":"Moderat vekttap, dvs 5% eller mer siste 2 måneder ","en":"*Moderat vekttap, dvs 5% eller mer siste 2 måneder  (nb)"}},{"value":"at0008","label":"Alvorlig vekttap, dvs 5% eller mer siste måned","ordinal":0,"localizedLabels":{"nb":"Alvorlig vekttap, dvs 5% eller mer siste måned","en":"*Alvorlig vekttap, dvs 5% eller mer siste måned (nb)"},"localizedDescriptions":{"nb":"Alvorlig vekttap, dvs 5% eller mer siste måned","en":"*Alvorlig vekttap, dvs 5% eller mer siste måned (nb)"}}],"listOpen":false}],"formId":"hv_ernaeringrisikovurdering/hv_tm_weightlossdegree_dips/any_event/grad_av_vekttap","viewConfig":{"multiplicity":{"min":0,"max":1},"advanced":{"hidden":false,"readonly":false,"hideFrame":false,"render":false},"label":{"custom":false,"useLocalizations":false},"size":{"field":"inherit","label":"inherit"},"layout":{"label":{"valign":"inherit","align":"inherit"},"field":{"valign":"inherit","align":"inherit"}},"annotations":{},"field":{"code":{"presentation":"combobox","columns":"5"}}}},{"name":"Fieldset","localizedName":"Fieldset","localizedNames":{"en":"*Fieldset (en)","nb":"Vekttap"},"localizedDescriptions":{},"rmType":"GENERIC_FIELDSET","min":0,"max":1,"inputs":[],"formId":"generic-field-44058","viewConfig":{"multiplicity":{"min":0,"max":1},"advanced":{"hidden":true,"readonly":false,"hideFrame":false,"render":false},"label":{"custom":false,"useLocalizations":false},"size":{"field":"inherit","label":"inherit"},"layout":{"label":{"valign":"inherit","align":"inherit"},"field":{"valign":"inherit","align":"inherit"}},"annotations":{},"field":{"formId":null,"name":null}},"children":[{"name":"Vekttap beregning kg","localizedName":"Vekttap beregning kg","localizedNames":{"en":"*Vekttap beregning kg (nb)","nb":"Vekttap beregning kg"},"localizedDescriptions":{"nb":"*","en":"** (nb)"},"rmType":"DV_COUNT","nodeId":"at0030","min":0,"max":1,"aqlPath":"/content[openEHR-EHR-OBSERVATION.hv_tm_weightlossdegree_dips.v2]/data[at0001]/events[at0002]/data[at0003]/items[at0030]/value","inputs":[{"type":"INTEGER","defaultValue":"","listOpen":false}],"formId":"hv_ernaeringrisikovurdering/hv_tm_weightlossdegree_dips/any_event/vekttap_beregning_kg","viewConfig":{"multiplicity":{"min":0,"max":1},"advanced":{"hidden":false,"readonly":false,"hideFrame":false,"render":false},"label":{"custom":false,"useLocalizations":false},"size":{"field":"inherit","label":"inherit"},"layout":{"label":{"valign":"inherit","align":"inherit"},"field":{"valign":"inherit","align":"inherit"}},"annotations":{"calc":"tv - kv"},"field":{}}},{"name":"Beregnet vekttap i prosent","localizedName":"Beregnet vekttap i prosent","localizedNames":{"en":"*Beregnet vekttap i prosent (nb)","nb":"Beregnet vekttap i prosent"},"localizedDescriptions":{"nb":"Beregnet vekttap i prosent","en":"*Beregnet vekttap i prosent (nb)"},"rmType":"DV_QUANTITY","nodeId":"at0038","min":0,"max":1,"aqlPath":"/content[openEHR-EHR-OBSERVATION.hv_tm_weightlossdegree_dips.v2]/data[at0001]/events[at0002]/data[at0003]/items[at0038]/value","inputs":[{"suffix":"magnitude","type":"DECIMAL","defaultValue":"","listOpen":false},{"suffix":"unit","type":"CODED_TEXT","list":[{"value":"%","label":"%","validation":{"range":{"minOp":">=","min":0.0,"maxOp":"<=","max":1000.0},"precision":{"minOp":">=","min":2.0,"maxOp":"<=","max":2.0}},"ordinal":0,"localizedLabels":{},"localizedDescriptions":{}}],"listOpen":false}],"formId":"hv_ernaeringrisikovurdering/hv_tm_weightlossdegree_dips/any_event/beregnet_vekttap_i_prosent","viewConfig":{"multiplicity":{"min":0,"max":1},"advanced":{"hidden":false,"readonly":false,"hideFrame":false,"render":false},"label":{"custom":false,"useLocalizations":false},"size":{"field":"inherit","label":"inherit"},"layout":{"label":{"valign":"inherit","align":"inherit"},"field":{"valign":"inherit","align":"inherit"}},"annotations":{"calc":"IF(0>((tv - kv)/tv)*100,0,((tv - kv)/tv)*100)"},"field":{}}}]},{"name":"Har pasienten hatt redusert matinntak siste uke?","localizedName":"Har pasienten hatt redusert matinntak siste uke?","localizedNames":{"en":"*Har pasienten hatt redusert matinntak siste uke? (nb)","nb":"Har pasienten hatt redusert matinntak siste uke?"},"localizedDescriptions":{"nb":"Har pasienten hatt redusert matinntak siste uke?","en":"*Har pasienten hatt redusert matinntak siste uke? (nb)"},"rmType":"DV_CODED_TEXT","nodeId":"at0015","min":0,"max":1,"aqlPath":"/content[openEHR-EHR-OBSERVATION.hv_tm_food_intake_reduction_dips.v2]/data[at0001]/events[at0002]/data[at0003]/items[at0015]/value","inputs":[{"suffix":"code","type":"CODED_TEXT","list":[{"value":"at0019","label":"Spiser normalt (mer enn 75% av normalt behov)","ordinal":0,"localizedLabels":{"nb":"Spiser normalt (mer enn 75% av normalt behov)","en":"*Spiser normalt (mer enn 75% av normalt behov) (nb)"},"localizedDescriptions":{"nb":"Spiser normalt (mer enn 75% av normalt behov)","en":"*Spiser normalt (mer enn 75% av normalt behov) (nb)"}},{"value":"at0016","label":"Spiser redusert, men mer enn halvparten (50-75% av normalt behov)","ordinal":0,"localizedLabels":{"nb":"Spiser redusert, men mer enn halvparten (50-75% av normalt behov)","en":"*Spiser redusert, men mer enn halvparten (50-75% av normalt behov) (nb)"},"localizedDescriptions":{"nb":"Spiser redusert, men mer enn halvparten (50-75% av normalt behov)","en":"*Spiser redusert, men mer enn halvparten (50-75% av normalt behov) (nb)"}},{"value":"at0017","label":"Spiser redusert og mindre enn halvparten (25-50% av normalt behov)","ordinal":0,"localizedLabels":{"nb":"Spiser redusert og mindre enn halvparten (25-50% av normalt behov)","en":"*Spiser redusert og mindre enn halvparten (25-50% av normalt behov) (nb)"},"localizedDescriptions":{"nb":"Spiser redusert og mindre enn halvparten (25-50% av normalt behov)","en":"*Spiser redusert og mindre enn halvparten (25-50% av normalt behov) (nb)"}},{"value":"at0018","label":"Spiser nesten ingenting (0-25% av normalt behov)","ordinal":0,"localizedLabels":{"nb":"Spiser nesten ingenting (0-25% av normalt behov)","en":"*Spiser nesten ingenting (0-25% av normalt behov) (nb)"},"localizedDescriptions":{"nb":"Spiser nesten ingenting (0-25% av normalt behov)","en":"*Spiser nesten ingenting (0-25% av normalt behov) (nb)"}}],"listOpen":false}],"formId":"hv_ernaeringrisikovurdering/hv_tm_food_intake_reduction_dips/any_event/har_pasienten_hatt_redusert_matinntak_siste_uke2","viewConfig":{"multiplicity":{"min":0,"max":1},"advanced":{"hidden":false,"readonly":false,"hideFrame":false,"render":false},"label":{"custom":false,"useLocalizations":false},"size":{"field":"inherit","label":"inherit"},"layout":{"label":{"valign":"inherit","align":"inherit"},"field":{"valign":"inherit","align":"inherit"}},"annotations":{},"field":{"code":{"presentation":"combobox","columns":"4"}}}},{"name":"Ernæringsstatus","localizedName":"Ernæringsstatus","localizedNames":{"en":"*Ernæringsstatus (nb)","nb":"Nedsatt Ernæringsstatus"},"localizedDescriptions":{"nb":"Ernæringsstatus (≈ grad av svekkelse).","en":"*Ernæringsstatus (≈ grad av svekkelse). (nb)"},"rmType":"DV_ORDINAL","nodeId":"at0016","min":0,"max":1,"aqlPath":"/content[openEHR-EHR-OBSERVATION.nutritional_risk_screening.v1]/data[at0001]/events[at0002]/data[at0003]/items[at0032]/items[at0016]/value","inputs":[{"type":"CODED_TEXT","list":[{"value":"at0018","label":"Fraværende","ordinal":0,"localizedLabels":{"nb":"Fraværende","en":"*Fraværende (nb)"},"localizedDescriptions":{"nb":"Normal ernæringsstatus.","en":"*Normal ernæringsstatus. (nb)"}},{"value":"at0019","label":"Mild","ordinal":1,"localizedLabels":{"nb":"Mild","en":"*Mild (nb)"},"localizedDescriptions":{"nb":"Vekttap > 5 % i løpet av 3 måneder, eller matinntak 50-75 % av normalt behov i siste uke.","en":"*Vekttap > 5 % i løpet av 3 måneder, eller matinntak 50-75 % av normalt behov i siste uke. (nb)"}},{"value":"at0020","label":"Moderat","ordinal":2,"localizedLabels":{"nb":"Moderat","en":"*Moderat (nb)"},"localizedDescriptions":{"nb":"Vekttap > 5 % i løpet av 2 måneder, eller BMI 18.5-20.5 + nedsatt almenntilstand, eller matinntak 25-50 % av normalt behov i siste uke.","en":"*Vekttap > 5 % i løpet av 2 måneder, eller BMI 18.5-20.5 + nedsatt almenntilstand, eller matinntak 25-50 % av normalt behov i siste uke. (nb)"}},{"value":"at0021","label":"Alvorlig","ordinal":3,"localizedLabels":{"nb":"Alvorlig","en":"*Alvorlig (nb)"},"localizedDescriptions":{"nb":"Vekttap > 5 % i løpet av 1 måned (>15 % siste 3 måneder), eller BMI<18.5 + nedsatt almenntilstand, eller matinntak 0-25 % av normalt behov siste uke.","en":"*Vekttap > 5 % i løpet av 1 måned (>15 % siste 3 måneder), eller BMI<18.5 + nedsatt almenntilstand, eller matinntak 0-25 % av normalt behov siste uke. (nb)"}}],"listOpen":false}],"formId":"hv_ernaeringrisikovurdering/screening_for_ernæringsmessig_risiko/uspesifisert_hendelse/hovedscreening/ernæringsstatus","viewConfig":{"multiplicity":{"min":0,"max":1},"advanced":{"hidden":true,"readonly":false,"hideFrame":false,"render":false},"label":{"custom":false,"useLocalizations":false},"size":{"field":"inherit","label":"inherit"},"layout":{"label":{"valign":"inherit","align":"top"},"field":{"valign":"inherit","align":"inherit"}},"annotations":{},"field":{"presentation":"radios","columns":"4","input":{"presentation":"radios","columns":"4"}}}},{"name":"Sykdommens alvorlighetsgrad","localizedName":"Sykdommens alvorlighetsgrad","localizedNames":{"en":"*Sykdommens alvorlighetsgrad (nb)","nb":"Sykdommens alvorlighetsgrad"},"localizedDescriptions":{"nb":"Sykdommens alvorlighetsgrad (≈ økt\nbehov).","en":"*Sykdommens alvorlighetsgrad (≈ økt\nbehov). (nb)"},"rmType":"DV_ORDINAL","nodeId":"at0017","min":0,"max":1,"aqlPath":"/content[openEHR-EHR-OBSERVATION.nutritional_risk_screening.v1]/data[at0001]/events[at0002]/data[at0003]/items[at0032]/items[at0017]/value","inputs":[{"type":"CODED_TEXT","list":[{"value":"at0022","label":"Normal","ordinal":0,"localizedLabels":{"nb":"Normal","en":"*Normal (nb)"},"localizedDescriptions":{"nb":"Normale ernæringsbehov.","en":"*Normale ernæringsbehov. (nb)"}},{"value":"at0023","label":"Mild","ordinal":1,"localizedLabels":{"nb":"Mild","en":"*Mild (nb)"},"localizedDescriptions":{"nb":"Lårhalsbrudd*, kronisk syke pasienter* spesielt de med akutte komplikasjoner, levercirrose*, KOLS*, kronisk hemodialyse#, diabetes#, kreftsykdommer#.","en":"*Lårhalsbrudd*, kronisk syke pasienter* spesielt de med akutte komplikasjoner, levercirrose*, KOLS*, kronisk hemodialyse#, diabetes#, kreftsykdommer#. (nb)"}},{"value":"at0024","label":"Moderat","ordinal":2,"localizedLabels":{"nb":"Moderat","en":"*Moderat (nb)"},"localizedDescriptions":{"nb":"Omfattende abdominal kirurgi*, slag*, alvorlig lungebetennelse#, maligne blodsykdommer#.","en":"*Omfattende abdominal kirurgi*, slag*, alvorlig lungebetennelse#, maligne blodsykdommer#. (nb)"}},{"value":"at0025","label":"Alvorlig","ordinal":3,"localizedLabels":{"nb":"Alvorlig","en":"*Alvorlig (nb)"},"localizedDescriptions":{"nb":"Hodeskade*, benmargstransplantasjon*, intensivpasienter (APACHE skår>10).","en":"*Hodeskade*, benmargstransplantasjon*, intensivpasienter (APACHE skår>10). (nb)"}}],"listOpen":false}],"formId":"hv_ernaeringrisikovurdering/screening_for_ernæringsmessig_risiko/uspesifisert_hendelse/hovedscreening/sykdommens_alvorlighetsgrad","viewConfig":{"multiplicity":{"min":0,"max":1},"advanced":{"hidden":false,"readonly":false,"hideFrame":false,"render":false},"label":{"custom":false,"useLocalizations":false},"size":{"field":"inherit","label":"inherit"},"layout":{"label":{"valign":"inherit","align":"top"},"field":{"valign":"inherit","align":"inherit"}},"annotations":{},"field":{"presentation":"radios","columns":"4","input":{"presentation":"radios","columns":"4"}}}},{"name":"Planlagt behandling som vil medføre vekttap","localizedName":"Planlagt behandling som vil medføre vekttap","localizedNames":{"en":"*Planlagt behandling som vil medføre vekttap (nb)","nb":"Planlagt behandling som vil medføre vekttap"},"localizedDescriptions":{"nb":"Angi om det er planlagt behandling som vil medføre vekttap","en":"*Angi om det er planlagt behandling som vil medføre vekttap (nb)"},"rmType":"DV_CODED_TEXT","nodeId":"at0007","min":0,"max":1,"aqlPath":"/content[openEHR-EHR-EVALUATION.hv_ernaeringsscreening_behandling.v1]/data[at0001]/items[at0007]/value","inputs":[{"suffix":"code","type":"CODED_TEXT","list":[{"value":"at0008","label":"Nei","ordinal":0,"localizedLabels":{"nb":"Nei","en":"*Nei (nb)"},"localizedDescriptions":{"nb":"Det er ikke planlagt behandling som sannsynligvis vil medføre vekttap","en":"*Det er ikke planlagt behandling som sannsynligvis vil medføre vekttap (nb)"}},{"value":"at0009","label":"Ja, omfattende kirurgi, stråling mot fordøyelseskanalen eller annet","ordinal":0,"localizedLabels":{"nb":"Ja, omfattende kirurgi, stråling mot fordøyelseskanalen eller annet","en":"*Ja, omfattende kirurgi, stråling mot fordøyelseskanalen eller annet (nb)"},"localizedDescriptions":{"nb":"Ja, omfattende kirurgi, stråling mot fordøyelseskanalen eller annet","en":"*Ja, omfattende kirurgi, stråling mot fordøyelseskanalen eller annet (nb)"}}],"listOpen":false}],"formId":"hv_ernaeringrisikovurdering/hv_ernaeringsscreening_behandling/planlagt_behandling_som_vil_medføre_vekttap3","viewConfig":{"multiplicity":{"min":0,"max":1},"advanced":{"hidden":false,"readonly":false,"hideFrame":false,"render":false},"label":{"custom":false,"useLocalizations":false},"size":{"field":"inherit","label":"inherit"},"layout":{"label":{"valign":"inherit","align":"inherit"},"field":{"valign":"inherit","align":"inherit"}},"annotations":{},"field":{"code":{"presentation":"radios","columns":"2"}}}},{"name":"behandling score","localizedName":"behandling score","localizedNames":{"en":"*behandling score (nb)","nb":"behandling score"},"localizedDescriptions":{"nb":"*","en":"** (nb)"},"rmType":"DV_COUNT","nodeId":"at0009","min":0,"max":1,"aqlPath":"/content[openEHR-EHR-OBSERVATION.er_kalk_dips.v1]/data[at0001]/events[at0002]/data[at0003]/items[at0009]/value","inputs":[{"type":"INTEGER","defaultValue":"","listOpen":false}],"formId":"hv_ernaeringrisikovurdering/er_kalk_dips/any_event/behandling_score","viewConfig":{"multiplicity":{"min":0,"max":1},"advanced":{"hidden":true,"readonly":false,"hideFrame":false,"render":false},"label":{"custom":false,"useLocalizations":false},"size":{"field":"inherit","label":"inherit"},"layout":{"label":{"valign":"inherit","align":"inherit"},"field":{"valign":"inherit","align":"inherit"}},"annotations":{"calcId":"bs"},"field":{}}},{"name":"1.\tErnæring og almenntilstand (0-3 skår): MAX","localizedName":"1.\tErnæring og almenntilstand (0-3 skår): MAX","localizedNames":{"en":"*1.\tErnæring og almenntilstand (0-3 skår): MAX (nb)","nb":"1.\tErnæring og almenntilstand (0-3 skår): MAX"},"localizedDescriptions":{"nb":"*","en":"** (nb)"},"rmType":"DV_COUNT","nodeId":"at0011","min":0,"max":1,"aqlPath":"/content[openEHR-EHR-OBSERVATION.hv_tm_ernaring_regelverk_for_risiko_dips.v2]/data[at0001]/events[at0002]/data[at0003]/items[at0011]/value","inputs":[{"type":"INTEGER","defaultValue":"","listOpen":false}],"formId":"hv_ernaeringrisikovurdering/hv_tm_ernaring_regelverk_for_risiko_dips/any_event/1.\ternæring_og_almenntilstand_(0-3_skår):_max","viewConfig":{"multiplicity":{"min":0,"max":1},"advanced":{"hidden":true,"readonly":false,"hideFrame":false,"render":false},"label":{"custom":false,"useLocalizations":false},"size":{"field":"inherit","label":"inherit"},"layout":{"label":{"valign":"inherit","align":"inherit"},"field":{"valign":"inherit","align":"inherit"}},"annotations":{"calcId":"es"},"field":{}}},{"name":"3.\tØkt behov pga sykdom/skade (0-3 skår): MAX","localizedName":"3.\tØkt behov pga sykdom/skade (0-3 skår): MAX","localizedNames":{"en":"*3.\tØkt behov pga sykdom/skade (0-3 skår): MAX (nb)","nb":"3.\tØkt behov pga sykdom/skade (0-3 skår): MAX"},"localizedDescriptions":{"nb":"*","en":"** (nb)"},"rmType":"DV_COUNT","nodeId":"at0021","min":0,"max":1,"aqlPath":"/content[openEHR-EHR-OBSERVATION.hv_tm_ernaring_regelverk_for_risiko_dips.v2]/data[at0001]/events[at0002]/data[at0003]/items[at0021]/value","inputs":[{"type":"INTEGER","defaultValue":"","listOpen":false}],"formId":"hv_ernaeringrisikovurdering/hv_tm_ernaring_regelverk_for_risiko_dips/any_event/3.\tøkt_behov_pga_sykdom_skade_(0-3_skår):_max","viewConfig":{"multiplicity":{"min":0,"max":1},"advanced":{"hidden":true,"readonly":false,"hideFrame":false,"render":false},"label":{"custom":false,"useLocalizations":false},"size":{"field":"inherit","label":"inherit"},"layout":{"label":{"valign":"inherit","align":"inherit"},"field":{"valign":"inherit","align":"inherit"}},"annotations":{"calcId":"sa"},"field":{}}},{"name":"Alder ved screening","localizedName":"Alder ved screening","localizedNames":{"en":"*Alder ved screening (nb)","nb":"Alder ved screening"},"localizedDescriptions":{"nb":"*","en":"** (nb)"},"rmType":"DV_COUNT","nodeId":"at0025","min":0,"max":1,"aqlPath":"/content[openEHR-EHR-OBSERVATION.hv_tm_ernaring_regelverk_for_risiko_dips.v2]/data[at0001]/events[at0002]/data[at0003]/items[at0025]/value","inputs":[{"type":"INTEGER","defaultValue":"","listOpen":false}],"formId":"hv_ernaeringrisikovurdering/hv_tm_ernaring_regelverk_for_risiko_dips/any_event/alder_ved_screening","viewConfig":{"multiplicity":{"min":0,"max":1},"advanced":{"hidden":true,"readonly":false,"hideFrame":false,"render":false},"label":{"custom":false,"useLocalizations":false},"size":{"field":"inherit","label":"inherit"},"layout":{"label":{"valign":"inherit","align":"inherit"},"field":{"valign":"inherit","align":"inherit"}},"annotations":{"templateVariable":"[Pas.Alder]"},"field":{}}},{"name":"Er pasientens alder ≥ 70 år?","localizedName":"Er pasientens alder ≥ 70 år?","localizedNames":{"en":"*Er pasientens alder ≥ 70 år? (nb)","nb":"Er pasientens alder ≥ 70 år?"},"localizedDescriptions":{"nb":"Er pasienten 70 år eller eldre?","en":"*Er pasienten 70 år eller eldre? (nb)"},"rmType":"DV_ORDINAL","nodeId":"at0027","min":0,"max":1,"aqlPath":"/content[openEHR-EHR-OBSERVATION.nutritional_risk_screening.v1]/data[at0001]/events[at0002]/data[at0003]/items[at0032]/items[at0027]/value","inputs":[{"type":"CODED_TEXT","list":[{"value":"at0028","label":"Nei","ordinal":0,"localizedLabels":{"nb":"Nei","en":"*Nei (nb)"},"localizedDescriptions":{"nb":"Pasienten er yngre enn 70 år.","en":"*Pasienten er yngre enn 70 år. (nb)"}},{"value":"at0029","label":"Ja","ordinal":1,"localizedLabels":{"nb":"Ja","en":"*Ja (nb)"},"localizedDescriptions":{"nb":"Pasienten er 70 år eller eldre.","en":"*Pasienten er 70 år eller eldre. (nb)"}}],"listOpen":false}],"formId":"hv_ernaeringrisikovurdering/screening_for_ernæringsmessig_risiko/uspesifisert_hendelse/hovedscreening/er_pasientens_alder_≥_70_år","viewConfig":{"multiplicity":{"min":0,"max":1},"advanced":{"hidden":true,"readonly":false,"hideFrame":false,"render":false},"label":{"custom":false,"useLocalizations":false},"size":{"field":"inherit","label":"inherit"},"layout":{"label":{"valign":"inherit","align":"inherit"},"field":{"valign":"inherit","align":"inherit"}},"annotations":{},"field":{"presentation":"combobox","columns":"2","input":{"presentation":"combobox","columns":"2"}}}},{"name":"Alder (0-1 skår): MAX","localizedName":"Alder (0-1 skår): MAX","localizedNames":{"en":"*Alder (0-1 skår): MAX (nb)","nb":"Alder (0-1 skår): MAX"},"localizedDescriptions":{"nb":"*","en":"** (nb)"},"rmType":"DV_COUNT","nodeId":"at0020","min":0,"max":1,"aqlPath":"/content[openEHR-EHR-OBSERVATION.hv_tm_ernaring_regelverk_for_risiko_dips.v2]/data[at0001]/events[at0002]/data[at0003]/items[at0020]/value","inputs":[{"type":"INTEGER","defaultValue":"","listOpen":false}],"formId":"hv_ernaeringrisikovurdering/hv_tm_ernaring_regelverk_for_risiko_dips/any_event/alder_(0-1_skår):_max","viewConfig":{"multiplicity":{"min":0,"max":1},"advanced":{"hidden":true,"readonly":false,"hideFrame":false,"render":false},"label":{"custom":false,"useLocalizations":false},"size":{"field":"inherit","label":"inherit"},"layout":{"label":{"valign":"inherit","align":"inherit"},"field":{"valign":"inherit","align":"inherit"}},"annotations":{"calcId":"as"},"field":{}}},{"name":"Total score","localizedName":"Total score","localizedNames":{"en":"*Total score (nb)","nb":"Total score"},"localizedDescriptions":{"nb":"Summen av score fra ernæringsstatus, sykdommens alvorlighetsgrad og alder.","en":"*Summen av score fra ernæringsstatus, sykdommens alvorlighetsgrad og alder. (nb)"},"rmType":"DV_COUNT","nodeId":"at0030","min":0,"max":1,"aqlPath":"/content[openEHR-EHR-OBSERVATION.nutritional_risk_screening.v1]/data[at0001]/events[at0002]/data[at0003]/items[at0032]/items[at0030]/value","inputs":[{"type":"INTEGER","defaultValue":"","listOpen":false}],"formId":"hv_ernaeringrisikovurdering/screening_for_ernæringsmessig_risiko/uspesifisert_hendelse/hovedscreening/total_score","viewConfig":{"multiplicity":{"min":0,"max":1},"advanced":{"hidden":true,"readonly":false,"hideFrame":false,"render":false},"label":{"custom":false,"useLocalizations":false},"size":{"field":"inherit","label":"inherit"},"layout":{"label":{"valign":"inherit","align":"inherit"},"field":{"valign":"inherit","align":"inherit"}},"annotations":{"calc":"es+sa+as+bs"},"field":{}}},{"name":"Ernæringsmessig risiko","localizedName":"Ernæringsmessig risiko","localizedNames":{"en":"*Ernæringsmessig risiko (nb)","nb":"Ernæringsmessig risiko"},"localizedDescriptions":{"nb":"Angir risiko","en":"*Angir risiko (nb)"},"rmType":"DV_CODED_TEXT","nodeId":"at0015","min":0,"max":1,"aqlPath":"/content[openEHR-EHR-ADMIN_ENTRY.hv_ps_er.v4]/data[at0001]/items[at0015]/value","inputs":[{"suffix":"code","type":"CODED_TEXT","list":[{"value":"at0016","label":"Risiko","ordinal":0,"localizedLabels":{"nb":"Risiko","en":"*Risiko (nb)"},"localizedDescriptions":{"nb":"*","en":"** (nb)"}},{"value":"at0017","label":"Ingen risiko","ordinal":0,"localizedLabels":{"nb":"Ingen risiko","en":"*Ingen risiko (nb)"},"localizedDescriptions":{"nb":"*","en":"** (nb)"}},{"value":"at0018","label":"Ufullstendig risikovurdering","ordinal":0,"localizedLabels":{"nb":"Ufullstendig risikovurdering","en":"*Ufullstendig risikovurdering (nb)"},"localizedDescriptions":{"nb":"*","en":"** (nb)"}}],"listOpen":false}],"formId":"hv_ernaeringrisikovurdering/hv_ps_er/ernæringsmessig_risiko2","viewConfig":{"multiplicity":{"min":0,"max":1},"advanced":{"hidden":true,"readonly":false,"hideFrame":false,"render":false},"label":{"custom":false,"useLocalizations":false},"size":{"field":"inherit","label":"inherit"},"layout":{"label":{"valign":"inherit","align":"inherit"},"field":{"valign":"inherit","align":"inherit"}},"annotations":{},"field":{"code":{"presentation":"combobox","columns":"3"}}}},{"name":"Fieldset","localizedName":"Fieldset","localizedNames":{"en":"*Fieldset (en)","nb":"Risiko på grunn av ufullstendig screening"},"localizedDescriptions":{},"rmType":"GENERIC_FIELDSET","min":0,"max":1,"inputs":[],"formId":"generic-field-44804","viewConfig":{"multiplicity":{"min":0,"max":1},"advanced":{"hidden":false,"readonly":false,"hideFrame":false,"render":false},"label":{"custom":false,"useLocalizations":false},"size":{"field":"inherit","label":"inherit"},"layout":{"label":{"valign":"inherit","align":"inherit"},"field":{"valign":"inherit","align":"inherit"}},"annotations":{"alertType":"Warning"},"field":{"formId":null,"name":null}},"children":[]},{"name":"Fieldset","localizedName":"Fieldset","localizedNames":{"en":"*Fieldset (en)","nb":"Ernæringsmessig risiko"},"localizedDescriptions":{},"rmType":"GENERIC_FIELDSET","min":0,"max":1,"inputs":[],"formId":"generic-field-49393","viewConfig":{"multiplicity":{"min":0,"max":1},"advanced":{"hidden":false,"readonly":false,"hideFrame":false,"render":false},"label":{"custom":false,"useLocalizations":false},"size":{"field":"inherit","label":"inherit"},"layout":{"label":{"valign":"inherit","align":"inherit"},"field":{"valign":"inherit","align":"inherit"}},"annotations":{"alertType":"ERROR"},"field":{"formId":null,"name":null}},"children":[{"name":"Fieldset","localizedName":"Fieldset","localizedNames":{"en":"*Fieldset (en)","nb":"Lag ernæringsplan og"},"localizedDescriptions":{},"rmType":"GENERIC_FIELDSET","min":0,"max":1,"inputs":[],"formId":"generic-field-78178","viewConfig":{"multiplicity":{"min":0,"max":1},"advanced":{"hidden":false,"readonly":false,"hideFrame":false,"render":false},"label":{"custom":false,"useLocalizations":false},"size":{"field":"inherit","label":"inherit"},"layout":{"label":{"valign":"inherit","align":"inherit"},"field":{"valign":"inherit","align":"inherit"}},"annotations":{},"field":{"formId":null,"name":null}},"children":[]},{"name":"Fieldset","localizedName":"Fieldset","localizedNames":{"en":"*Fieldset (en)","nb":"sett diagnose E46 "},"localizedDescriptions":{},"rmType":"GENERIC_FIELDSET","min":0,"max":1,"inputs":[],"formId":"generic-field-33176","viewConfig":{"multiplicity":{"min":0,"max":1},"advanced":{"hidden":false,"readonly":false,"hideFrame":false,"render":false},"label":{"custom":false,"useLocalizations":false},"size":{"field":"inherit","label":"inherit"},"layout":{"label":{"valign":"inherit","align":"inherit"},"field":{"valign":"inherit","align":"inherit"}},"annotations":{},"field":{"formId":null,"name":null}},"children":[]}]},{"name":"Fieldset","localizedName":"Fieldset","localizedNames":{"en":"*Fieldset (en)","nb":"Ikke risiko "},"localizedDescriptions":{},"rmType":"GENERIC_FIELDSET","min":0,"max":1,"inputs":[],"formId":"generic-field-16024","viewConfig":{"multiplicity":{"min":0,"max":1},"advanced":{"hidden":false,"readonly":false,"hideFrame":false,"render":false},"label":{"custom":false,"useLocalizations":false},"size":{"field":"inherit","label":"inherit"},"layout":{"label":{"valign":"inherit","align":"inherit"},"field":{"valign":"inherit","align":"inherit"}},"annotations":{"alertType":"success"},"field":{"formId":null,"name":null}},"children":[{"name":"Fieldset","localizedName":"Fieldset","localizedNames":{"en":"*Fieldset (en)","nb":"Husk ny screening ved endring i pasientens tilstand eller etter en uke\r\n"},"localizedDescriptions":{},"rmType":"GENERIC_FIELDSET","min":0,"max":1,"inputs":[],"formId":"generic-field-65332","viewConfig":{"multiplicity":{"min":0,"max":1},"advanced":{"hidden":false,"readonly":false,"hideFrame":false,"render":false},"label":{"custom":false,"useLocalizations":false},"size":{"field":"inherit","label":"inherit"},"layout":{"label":{"valign":"inherit","align":"inherit"},"field":{"valign":"inherit","align":"inherit"}},"annotations":{},"field":{"formId":null,"name":null}},"children":[]}]},{"name":"Fieldset","localizedName":"Fieldset","localizedNames":{"en":"*Fieldset (en)","nb":"Kalkulasjoner for ernæringsstatus"},"localizedDescriptions":{},"rmType":"GENERIC_FIELDSET","min":0,"max":1,"inputs":[],"formId":"generic-field-71062","viewConfig":{"multiplicity":{"min":0,"max":1},"advanced":{"hidden":true,"readonly":false,"hideFrame":false,"render":false},"label":{"custom":false,"useLocalizations":false},"size":{"field":"inherit","label":"inherit"},"layout":{"label":{"valign":"inherit","align":"inherit"},"field":{"valign":"inherit","align":"inherit"}},"annotations":{},"field":{"formId":null,"name":null}},"children":[{"name":"matinntak score","localizedName":"matinntak score","localizedNames":{"en":"*matinntak score (nb)","nb":"matinntak score"},"localizedDescriptions":{"nb":"*","en":"** (nb)"},"rmType":"DV_COUNT","nodeId":"at0008","min":0,"max":1,"aqlPath":"/content[openEHR-EHR-OBSERVATION.er_kalk_dips.v1]/data[at0001]/events[at0002]/data[at0003]/items[at0008]/value","inputs":[{"type":"INTEGER","defaultValue":"","listOpen":false}],"formId":"hv_ernaeringrisikovurdering/er_kalk_dips/any_event/matinntak_score","viewConfig":{"multiplicity":{"min":0,"max":1},"advanced":{"hidden":false,"readonly":false,"hideFrame":false,"render":false},"label":{"custom":false,"useLocalizations":false},"size":{"field":"inherit","label":"inherit"},"layout":{"label":{"valign":"inherit","align":"inherit"},"field":{"valign":"inherit","align":"inherit"}},"annotations":{"calcId":"maxmatinntak"},"field":{}}},{"name":"Vekttap","localizedName":"Vekttap","localizedNames":{"en":"*Vekttap (nb)","nb":"Vekttap"},"localizedDescriptions":{"nb":"*","en":"** (nb)"},"rmType":"DV_COUNT","nodeId":"at0004","min":0,"max":1,"aqlPath":"/content[openEHR-EHR-OBSERVATION.hv_tm_ernaring_regelverk_for_risiko_dips.v2]/data[at0001]/events[at0002]/data[at0003]/items[at0004]/value","inputs":[{"type":"INTEGER","defaultValue":"","listOpen":false}],"formId":"hv_ernaeringrisikovurdering/hv_tm_ernaring_regelverk_for_risiko_dips/any_event/vekttap","viewConfig":{"multiplicity":{"min":0,"max":1},"advanced":{"hidden":false,"readonly":false,"hideFrame":false,"render":false},"label":{"custom":false,"useLocalizations":false},"size":{"field":"inherit","label":"inherit"},"layout":{"label":{"valign":"inherit","align":"inherit"},"field":{"valign":"inherit","align":"inherit"}},"annotations":{"calcId":"maxvekttap"},"field":{}}},{"name":"BMI 18,5 - 20,5","localizedName":"BMI 18,5 - 20,5","localizedNames":{"en":"*BMI 18,5 - 20,5 (nb)","nb":"BMI 18,5 - 20,5"},"localizedDescriptions":{"nb":"*","en":"** (nb)"},"rmType":"DV_COUNT","nodeId":"at0024","min":0,"max":1,"aqlPath":"/content[openEHR-EHR-OBSERVATION.hv_tm_ernaring_regelverk_for_risiko_dips.v2]/data[at0001]/events[at0002]/data[at0003]/items[at0024]/value","inputs":[{"type":"INTEGER","defaultValue":"","listOpen":false}],"formId":"hv_ernaeringrisikovurdering/hv_tm_ernaring_regelverk_for_risiko_dips/any_event/bmi_18,5_-_20,5","viewConfig":{"multiplicity":{"min":0,"max":1},"advanced":{"hidden":false,"readonly":false,"hideFrame":false,"render":false},"label":{"custom":false,"useLocalizations":false},"size":{"field":"inherit","label":"inherit"},"layout":{"label":{"valign":"inherit","align":"inherit"},"field":{"valign":"inherit","align":"inherit"}},"annotations":{},"field":{}}},{"name":"BMI < 18,5 + nedsatt allmenntilstand","localizedName":"BMI < 18,5 + nedsatt allmenntilstand","localizedNames":{"en":"*BMI < 18,5 + nedsatt allmenntilstand (nb)","nb":"BMI < 18,5 + nedsatt allmenntilstand"},"localizedDescriptions":{"nb":"*","en":"** (nb)"},"rmType":"DV_COUNT","nodeId":"at0017","min":0,"max":1,"aqlPath":"/content[openEHR-EHR-OBSERVATION.hv_tm_ernaring_regelverk_for_risiko_dips.v2]/data[at0001]/events[at0002]/data[at0003]/items[at0017]/value","inputs":[{"type":"INTEGER","defaultValue":"","listOpen":false}],"formId":"hv_ernaeringrisikovurdering/hv_tm_ernaring_regelverk_for_risiko_dips/any_event/bmi_<_18,5_+_nedsatt_allmenntilstand","viewConfig":{"multiplicity":{"min":0,"max":1},"advanced":{"hidden":false,"readonly":false,"hideFrame":false,"render":false},"label":{"custom":false,"useLocalizations":false},"size":{"field":"inherit","label":"inherit"},"layout":{"label":{"valign":"inherit","align":"inherit"},"field":{"valign":"inherit","align":"inherit"}},"annotations":{},"field":{}}},{"name":"BMI<18,5","localizedName":"BMI<18,5","localizedNames":{"en":"*BMI<18,5 (nb)","nb":"BMI<18,5"},"localizedDescriptions":{"nb":"*","en":"** (nb)"},"rmType":"DV_COUNT","nodeId":"at0022","min":0,"max":1,"aqlPath":"/content[openEHR-EHR-OBSERVATION.hv_tm_ernaring_regelverk_for_risiko_dips.v2]/data[at0001]/events[at0002]/data[at0003]/items[at0022]/value","inputs":[{"type":"INTEGER","defaultValue":"","listOpen":false}],"formId":"hv_ernaeringrisikovurdering/hv_tm_ernaring_regelverk_for_risiko_dips/any_event/bmi<18,5","viewConfig":{"multiplicity":{"min":0,"max":1},"advanced":{"hidden":false,"readonly":false,"hideFrame":false,"render":false},"label":{"custom":false,"useLocalizations":false},"size":{"field":"inherit","label":"inherit"},"layout":{"label":{"valign":"inherit","align":"inherit"},"field":{"valign":"inherit","align":"inherit"}},"annotations":{},"field":{}}},{"name":"allmenntilstand bmi score","localizedName":"allmenntilstand bmi score","localizedNames":{"en":"*allmenntilstand bmi score (nb)","nb":"max allmenntilstand bmi score"},"localizedDescriptions":{"nb":"*","en":"** (nb)"},"rmType":"DV_COUNT","nodeId":"at0010","min":0,"max":1,"aqlPath":"/content[openEHR-EHR-OBSERVATION.er_kalk_dips.v1]/data[at0001]/events[at0002]/data[at0003]/items[at0010]/value","inputs":[{"type":"INTEGER","defaultValue":"","listOpen":false}],"formId":"hv_ernaeringrisikovurdering/er_kalk_dips/any_event/allmenntilstand_bmi_score","viewConfig":{"multiplicity":{"min":0,"max":1},"advanced":{"hidden":false,"readonly":false,"hideFrame":false,"render":false},"label":{"custom":false,"useLocalizations":false},"size":{"field":"inherit","label":"inherit"},"layout":{"label":{"valign":"inherit","align":"inherit"},"field":{"valign":"inherit","align":"inherit"}},"annotations":{"calc":"bmiforern * nedsatt","calcId":"maxalmbmi"},"field":{}}},{"name":"Nedsatt allmenntilstand","localizedName":"Nedsatt allmenntilstand","localizedNames":{"en":"*Nedsatt allmenntilstand (nb)","nb":"Nedsatt allmenntilstand"},"localizedDescriptions":{"nb":"*","en":"** (nb)"},"rmType":"DV_COUNT","nodeId":"at0023","min":0,"max":1,"aqlPath":"/content[openEHR-EHR-OBSERVATION.hv_tm_ernaring_regelverk_for_risiko_dips.v2]/data[at0001]/events[at0002]/data[at0003]/items[at0023]/value","inputs":[{"type":"INTEGER","defaultValue":"","listOpen":false}],"formId":"hv_ernaeringrisikovurdering/hv_tm_ernaring_regelverk_for_risiko_dips/any_event/nedsatt_allmenntilstand","viewConfig":{"multiplicity":{"min":0,"max":1},"advanced":{"hidden":false,"readonly":false,"hideFrame":false,"render":false},"label":{"custom":false,"useLocalizations":false},"size":{"field":"inherit","label":"inherit"},"layout":{"label":{"valign":"inherit","align":"inherit"},"field":{"valign":"inherit","align":"inherit"}},"annotations":{"CALCID":"nedsatt"},"field":{}}},{"name":"BMI 18,5 - 20,5 + normal allmenntilstand","localizedName":"BMI 18,5 - 20,5 + normal allmenntilstand","localizedNames":{"en":"*BMI 18,5 - 20,5 + normal allmenntilstand (nb)","nb":"BMI for ernæringsstatus\r\n"},"localizedDescriptions":{"nb":"*","en":"** (nb)"},"rmType":"DV_COUNT","nodeId":"at0007","min":0,"max":1,"aqlPath":"/content[openEHR-EHR-OBSERVATION.hv_tm_ernaring_regelverk_for_risiko_dips.v2]/data[at0001]/events[at0002]/data[at0003]/items[at0007]/value","inputs":[{"type":"INTEGER","defaultValue":"","listOpen":false}],"formId":"hv_ernaeringrisikovurdering/hv_tm_ernaring_regelverk_for_risiko_dips/any_event/bmi_18,5_-_20,5_+_normal_allmenntilstand","viewConfig":{"multiplicity":{"min":0,"max":1},"advanced":{"hidden":false,"readonly":false,"hideFrame":false,"render":false},"label":{"custom":false,"useLocalizations":false},"size":{"field":"inherit","label":"inherit"},"layout":{"label":{"valign":"inherit","align":"inherit"},"field":{"valign":"inherit","align":"inherit"}},"annotations":{"calcId":"bmiforern"},"field":{}}},{"name":">5 % vekttap siste 2 mnd","localizedName":">5 % vekttap siste 2 mnd","localizedNames":{"en":"*>5 % vekttap siste 2 mnd (nb)","nb":"MAX sum for ernæringsstatus\r\n"},"localizedDescriptions":{"nb":"*","en":"** (nb)"},"rmType":"DV_COUNT","nodeId":"at0012","min":0,"max":1,"aqlPath":"/content[openEHR-EHR-OBSERVATION.hv_tm_ernaring_regelverk_for_risiko_dips.v2]/data[at0001]/events[at0002]/data[at0003]/items[at0012]/value","inputs":[{"type":"INTEGER","defaultValue":"","listOpen":false}],"formId":"hv_ernaeringrisikovurdering/hv_tm_ernaring_regelverk_for_risiko_dips/any_event/>5_%_vekttap_siste_2_mnd","viewConfig":{"multiplicity":{"min":0,"max":1},"advanced":{"hidden":false,"readonly":false,"hideFrame":false,"render":false},"label":{"custom":false,"useLocalizations":false},"size":{"field":"inherit","label":"inherit"},"layout":{"label":{"valign":"inherit","align":"inherit"},"field":{"valign":"inherit","align":"inherit"}},"annotations":{"calc":"max(maxalmbmi,maxvekttap,maxmatinntak)"},"field":{}}}]}]}