[{"field":"generic-field-49867","conditions":[{"operator":"equals","value":{"value":"0"},"actions":[{"action":"show","target":"generic-field-01772"},{"action":"show","target":"generic-field-72551"},{"action":"hide","target":"generic-field-40658"},{"action":"hide","target":"generic-field-26072"}]},{"operator":"notequals","value":{"value":"0"},"actions":[{"action":"hide","target":"generic-field-01772"},{"action":"hide","target":"generic-field-72551"},{"action":"show","target":"generic-field-40658"},{"action":"show","target":"generic-field-26072"}]}]}]