[{"col":1,"row":1,"width":11,"height":199,"children":[{"id":"prosedyrerapport/hovedprosedyre@Hovedprosedyre","rows":[{"cols":[{"width":"100%","children":[{"id":"prosedyrerapport/hovedprosedyre@Hovedprosedyre/ism_transition","rows":[{"cols":[{"width":"100%","children":[{"id":"prosedyrerapport/hovedprosedyre@Hovedprosedyre/ism_transition/transition","rows":[]},{"id":"prosedyrerapport/hovedprosedyre@Hovedprosedyre/ism_transition/current_state","rows":[]},{"id":"prosedyrerapport/hovedprosedyre@Hovedprosedyre/ism_transition/careflow_step","rows":[]}]}]}]},{"id":"generic-field-47513","rows":[{"cols":[{"width":"50%","children":[{"id":"prosedyrerapport/hovedprosedyre@Hovedprosedyre/prosedyrenavn","rows":[]}]},{"width":"50%","children":[{"id":"prosedyrerapport/hovedprosedyre@Hovedprosedyre/luftveistilgang@Luftveistilgang/prosedyrenavn","rows":[]}]}]}]},{"id":"generic-field-32738","rows":[{"cols":[{"width":"50%","children":[{"id":"prosedyrerapport/hovedprosedyre@Hovedprosedyre/start_anestesi@Start anestesi","rows":[]}]},{"width":"50%","children":[{"id":"prosedyrerapport/hovedprosedyre@Hovedprosedyre/slutt_anestesi@Slutt anestesi","rows":[]}]}]}]},{"id":"prosedyrerapport/hovedprosedyre@Hovedprosedyre/prosedyredetaljer","rows":[{"cols":[{"width":"100%","children":[{"id":"prosedyrerapport/hovedprosedyre@Hovedprosedyre/prosedyredetaljer/prosedyrenavn","rows":[]},{"id":"prosedyrerapport/hovedprosedyre@Hovedprosedyre/prosedyredetaljer/legens_beskrivelse@Legens beskrivelse","rows":[]}]}]}]},{"id":"prosedyrerapport/hovedprosedyre@Hovedprosedyre/prosedyretype","rows":[]},{"id":"prosedyrerapport/hovedprosedyre@Hovedprosedyre/other_participations","rows":[{"cols":[{"width":"100%","children":[{"id":"prosedyrerapport/hovedprosedyre@Hovedprosedyre/other_participations/function","rows":[]},{"id":"prosedyrerapport/hovedprosedyre@Hovedprosedyre/other_participations/performer","rows":[]}]}]}]}]}]}]},{"id":"generic-field-88974","rows":[]},{"id":"prosedyrerapport/andre_anestesitype@Andre anestesitype","rows":[{"cols":[{"width":"100%","children":[{"id":"prosedyrerapport/andre_anestesitype@Andre anestesitype/ism_transition","rows":[{"cols":[{"width":"100%","children":[{"id":"prosedyrerapport/andre_anestesitype@Andre anestesitype/ism_transition/transition","rows":[]},{"id":"prosedyrerapport/andre_anestesitype@Andre anestesitype/ism_transition/current_state","rows":[]},{"id":"prosedyrerapport/andre_anestesitype@Andre anestesitype/ism_transition/careflow_step","rows":[]}]}]}]},{"id":"prosedyrerapport/andre_anestesitype@Andre anestesitype/prosedyrenavn","rows":[]},{"id":"prosedyrerapport/andre_anestesitype@Andre anestesitype/prosedyredetaljer","rows":[{"cols":[{"width":"100%","children":[{"id":"prosedyrerapport/andre_anestesitype@Andre anestesitype/prosedyredetaljer/prosedyrenavn","rows":[]},{"id":"prosedyrerapport/andre_anestesitype@Andre anestesitype/prosedyredetaljer/legens_beskrivelse@Legens beskrivelse","rows":[]}]}]}]},{"id":"prosedyrerapport/andre_anestesitype@Andre anestesitype/prosedyretype","rows":[]}]}]}]},{"id":"generic-field-76788","rows":[]},{"id":"prosedyrerapport/tredje_anestesitype@Tredje anestesitype","rows":[{"cols":[{"width":"100%","children":[{"id":"prosedyrerapport/tredje_anestesitype@Tredje anestesitype/ism_transition","rows":[{"cols":[{"width":"100%","children":[{"id":"prosedyrerapport/tredje_anestesitype@Tredje anestesitype/ism_transition/transition","rows":[]},{"id":"prosedyrerapport/tredje_anestesitype@Tredje anestesitype/ism_transition/current_state","rows":[]},{"id":"prosedyrerapport/tredje_anestesitype@Tredje anestesitype/ism_transition/careflow_step","rows":[]}]}]}]},{"id":"prosedyrerapport/tredje_anestesitype@Tredje anestesitype/prosedyrenavn","rows":[]},{"id":"prosedyrerapport/tredje_anestesitype@Tredje anestesitype/prosedyredetaljer","rows":[{"cols":[{"width":"100%","children":[{"id":"prosedyrerapport/tredje_anestesitype@Tredje anestesitype/prosedyredetaljer/prosedyrenavn","rows":[]},{"id":"prosedyrerapport/tredje_anestesitype@Tredje anestesitype/prosedyredetaljer/legens_beskrivelse@Legens beskrivelse","rows":[]}]}]}]},{"id":"prosedyrerapport/tredje_anestesitype@Tredje anestesitype/prosedyretype","rows":[]}]}]}]},{"id":"generic-field-42135","rows":[]},{"id":"prosedyrerapport/fjerde_anestesitype@Fjerde anestesitype","rows":[{"cols":[{"width":"100%","children":[{"id":"prosedyrerapport/fjerde_anestesitype@Fjerde anestesitype/ism_transition","rows":[{"cols":[{"width":"100%","children":[{"id":"prosedyrerapport/fjerde_anestesitype@Fjerde anestesitype/ism_transition/transition","rows":[]},{"id":"prosedyrerapport/fjerde_anestesitype@Fjerde anestesitype/ism_transition/current_state","rows":[]},{"id":"prosedyrerapport/fjerde_anestesitype@Fjerde anestesitype/ism_transition/careflow_step","rows":[]}]}]}]},{"id":"prosedyrerapport/fjerde_anestesitype@Fjerde anestesitype/prosedyrenavn","rows":[]},{"id":"prosedyrerapport/fjerde_anestesitype@Fjerde anestesitype/prosedyredetaljer","rows":[{"cols":[{"width":"100%","children":[{"id":"prosedyrerapport/fjerde_anestesitype@Fjerde anestesitype/prosedyredetaljer/prosedyrenavn","rows":[]},{"id":"prosedyrerapport/fjerde_anestesitype@Fjerde anestesitype/prosedyredetaljer/legens_beskrivelse@Legens beskrivelse","rows":[]}]}]}]},{"id":"prosedyrerapport/fjerde_anestesitype@Fjerde anestesitype/prosedyretype","rows":[]}]}]}]},{"id":"generic-field-56358","rows":[]},{"id":"prosedyrerapport/femte_anestesitype@Femte anestesitype","rows":[{"cols":[{"width":"100%","children":[{"id":"prosedyrerapport/femte_anestesitype@Femte anestesitype/ism_transition","rows":[{"cols":[{"width":"100%","children":[{"id":"prosedyrerapport/femte_anestesitype@Femte anestesitype/ism_transition/transition","rows":[]},{"id":"prosedyrerapport/femte_anestesitype@Femte anestesitype/ism_transition/current_state","rows":[]},{"id":"prosedyrerapport/femte_anestesitype@Femte anestesitype/ism_transition/careflow_step","rows":[]}]}]}]},{"id":"prosedyrerapport/femte_anestesitype@Femte anestesitype/prosedyrenavn","rows":[]},{"id":"prosedyrerapport/femte_anestesitype@Femte anestesitype/prosedyredetaljer","rows":[{"cols":[{"width":"100%","children":[{"id":"prosedyrerapport/femte_anestesitype@Femte anestesitype/prosedyredetaljer/prosedyrenavn","rows":[]},{"id":"prosedyrerapport/femte_anestesitype@Femte anestesitype/prosedyredetaljer/legens_beskrivelse@Legens beskrivelse","rows":[]}]}]}]},{"id":"prosedyrerapport/femte_anestesitype@Femte anestesitype/prosedyretype","rows":[]}]}]}]},{"id":"generic-field-57614","rows":[]},{"id":"procedure_report/intubasjonsproblem@Intubasjonsproblem","rows":[{"cols":[{"width":"100%","children":[{"id":"procedure_report/intubasjonsproblem@Intubasjonsproblem/intubasjonsproblem@Intubasjonsproblem","rows":[]}]}]},{"cols":[{"width":"50%","children":[{"id":"procedure_report/intubasjonsproblem@Intubasjonsproblem/problem_diagnose_detaljer/diagnosenavn","rows":[]},{"id":"procedure_report/intubasjonsproblem@Intubasjonsproblem/forløpsbeskrivelse","rows":[]},{"id":"generic-field-07423","rows":[]},{"id":"procedure_report/intubasjonsproblem@Intubasjonsproblem/cormack_lehane-klassifikasjon","rows":[{"cols":[{"width":"100%","children":[{"id":"procedure_report/intubasjonsproblem@Intubasjonsproblem/cormack_lehane-klassifikasjon/gradering","rows":[]}]}]}]},{"id":"procedure_report/intubasjonsproblem@Intubasjonsproblem/modifisert_mallampati-klassifikasjon","rows":[{"cols":[{"width":"100%","children":[{"id":"procedure_report/intubasjonsproblem@Intubasjonsproblem/modifisert_mallampati-klassifikasjon/mallampati-klassifikasjon","rows":[]}]}]}]}]},{"width":"50%","children":[{"id":"procedure_report/intubasjonsproblem@Intubasjonsproblem/klinisk_beskrivelse","rows":[]},{"id":"procedure_report/intubasjonsproblem@Intubasjonsproblem/alvorlighetsgrad","rows":[]},{"id":"generic-field-98161","rows":[]},{"id":"procedure_report/intubasjonsproblem@Intubasjonsproblem/cormack_lehane-klassifikasjon/kommentar","rows":[]},{"id":"procedure_report/intubasjonsproblem@Intubasjonsproblem/modifisert_mallampati-klassifikasjon/kommentar","rows":[]}]}]},{"cols":[{"width":"100%","children":[]}]}]},{"id":"procedure_report/annet_problem_ved_anestesi_@Annet problem ved anestesi ","rows":[{"cols":[{"width":"100%","children":[{"id":"procedure_report/annet_problem_ved_anestesi_@Annet problem ved anestesi /problem_diagnosenavn","rows":[]}]}]},{"cols":[{"width":"50%","children":[{"id":"procedure_report/annet_problem_ved_anestesi_@Annet problem ved anestesi /problem_diagnose_detaljer/diagnosenavn","rows":[]},{"id":"procedure_report/annet_problem_ved_anestesi_@Annet problem ved anestesi /forløpsbeskrivelse","rows":[]}]},{"width":"50%","children":[{"id":"procedure_report/annet_problem_ved_anestesi_@Annet problem ved anestesi /klinisk_beskrivelse","rows":[]},{"id":"procedure_report/annet_problem_ved_anestesi_@Annet problem ved anestesi /alvorlighetsgrad","rows":[]}]}]}]}]}]