{"name":"Form root","localizedNames":{},"localizedDescriptions":{},"rmType":"FORM_DEFINITION","min":0,"max":0,"formId":"form_root","viewConfig":{"label":{"custom":false,"useLocalizations":false},"size":{"field":"inherit","label":"inherit"},"layout":{"label":{"valign":"inherit","align":"inherit"},"field":{"valign":"inherit","align":"inherit"}},"annotations":{"#post":"select a/data[at0001]/items[at0016]/items[at0002 and name/value='Post']\r\nfrom composition c\r\ncontains ADMIN_ENTRY a[openEHR-EHR-ADMIN_ENTRY.administrativ_informasjon_dips.v2]\r\nwhere  a/name/value = 'Post' order by c/context/start_time/value DESC fetch 1?scope=episodeofcare"}},"children":[{"name":"Post","localizedName":"Post","localizedNames":{"en":"*Post (en)","nb":"Post"},"localizedDescriptions":{"nb":"Innhold i beskjed","en":"*Innhold i beskjed (nb)"},"rmType":"DV_CODED_TEXT","nodeId":"at0002","min":0,"max":1,"aqlPath":"/content[openEHR-EHR-ADMIN_ENTRY.administrativ_informasjon_dips.v2 and name/value='Post']/data[at0001]/items[at0016]/items[at0002 and name/value='Post']/value","inputs":[{"suffix":"code","type":"CODED_TEXT","list":[{"value":"1","label":"OBS","ordinal":0,"localizedLabels":{"nb":"OBS","en":"*OBS (nb)"},"localizedDescriptions":{}},{"value":"2","label":"POIVA","ordinal":0,"localizedLabels":{"nb":"POIVA","en":"*POIVA (nb)"},"localizedDescriptions":{}},{"value":"3","label":"KirS","ordinal":0,"localizedLabels":{"nb":"KirS","en":"*KirS (nb)"},"localizedDescriptions":{}},{"value":"4","label":"MedSA","ordinal":0,"localizedLabels":{"nb":"MedSA","en":"*MedSA (nb)"},"localizedDescriptions":{}},{"value":"5","label":"MedSB","ordinal":0,"localizedLabels":{"nb":"MedSB","en":"*MedSB (nb)"},"localizedDescriptions":{}},{"value":"6","label":"MedSC","ordinal":0,"localizedLabels":{"nb":"MedSC","en":"*MedSC (nb)"},"localizedDescriptions":{}},{"value":"7","label":"OrtoSA","ordinal":0,"localizedLabels":{"nb":"OrtoSA","en":"*OrtoSA (nb)"},"localizedDescriptions":{}},{"value":"8","label":"OrtoSB","ordinal":0,"localizedLabels":{"nb":"OrtoSB","en":"*OrtoSB (nb)"},"localizedDescriptions":{}},{"value":"9","label":"RevS","ordinal":0,"localizedLabels":{"nb":"RevS","en":"*RevS (nb)"},"localizedDescriptions":{}}],"listOpen":false}],"formId":"informasjon_for_post/post@Post/informasjon_beskjed/post@Post","viewConfig":{"multiplicity":{"min":0,"max":1},"advanced":{"hidden":false,"readonly":false,"hideFrame":false,"render":false},"label":{"custom":false,"useLocalizations":false},"size":{"field":"small","label":"inherit"},"layout":{"label":{"valign":"inherit","align":"inherit"},"field":{"valign":"inherit","align":"inherit"}},"annotations":{"select":"{#post:/value}","nullflavour":"271"},"field":{"code":{"presentation":"combobox","columns":"9"}}}}]}