{"formId":"form_root","name":"Form root","rmType":"FORM_DEFINITION","viewConfig":{"label":{"custom":false,"value":"","useLocalizations":true,"localizationsList":{"nb":"Hjelpefunksjon avansert"}},"size":{"field":"inherit","label":"inherit","fill":"inherit"},"layout":{"label":{"valign":"inherit","align":"inherit"},"field":{"valign":"inherit","align":"inherit"}},"tags":[],"annotations":{"reuseComposition":"select c from composition c contains observation e[openEHR-EHR-OBSERVATION.hjelpefunksjoner.v1] where c/archetype_details/template_id/value = 'HV Hjelpefunksjoner' order by c/context/start_time/value desc fetch 1?scope=episodeofcare"}},"language":"nb","templateLanguages":["nb"],"children":[{"name":"Hjelpefunksjoner","localizedName":"Hjelpefunksjoner","rmType":"DV_TEXT","nodeId":"at0013","min":"0","max":"1","localizedNames":{"nb":"Hjelpefunksjoner"},"localizedDescriptions":{"nb":"Andre hjelpefunksjoner"},"aqlPath":"/content[openEHR-EHR-OBSERVATION.hjelpefunksjoner.v1]/data[at0001]/events[at0002]/data[at0003]/items[at0013]/value","inputs":[{"type":"TEXT"}],"formId":"hjelpefunksjoner/hjelpefunksjoner/annet","viewConfig":{"annotations":{"select":"{#HF:/data[at0001]/events[at0002]/data[at0003]/items[at0013]/value}"},"size":{"field":"inherit","label":"inherit","fill":"inherit"},"layout":{"label":{"valign":"inherit","align":"top"},"field":{"valign":"inherit","align":"inherit"}},"datasource":{"loadRemote":false,"loadRemoteUrl":"","terminology":""},"advanced":{"hidden":false,"readonly":false},"tags":[],"field":{"input":{"presentation":"textarea","lines":"2"}}}}]}