[{"col":1,"row":1,"width":12,"height":43,"children":[{"id":"klinisk_kontakt/forholdsregel","rows":[{"cols":[{"width":"100%","children":[{"id":"klinisk_kontakt/forholdsregel/tilstand","rows":[]}]}]}]},{"id":"generic-field-66515","rows":[]},{"id":"klinisk_kontakt/prosedyre","rows":[{"cols":[{"width":"100%","children":[{"id":"klinisk_kontakt/prosedyre/ism_transition","rows":[{"cols":[{"width":"100%","children":[{"id":"klinisk_kontakt/prosedyre/ism_transition/current_state","rows":[]},{"id":"klinisk_kontakt/prosedyre/ism_transition/careflow_step","rows":[]}]}]}]},{"id":"klinisk_kontakt/prosedyre/prosedyrenavn","rows":[]},{"id":"klinisk_kontakt/prosedyre/beskrivelse","rows":[]}]}]}]}]}]