{"name":"Form root","localizedNames":{},"localizedDescriptions":{},"rmType":"FORM_DEFINITION","min":0,"max":0,"formId":"form_root","viewConfig":{"label":{"custom":false,"useLocalizations":false},"size":{"field":"inherit","label":"inherit"},"layout":{"label":{"valign":"inherit","align":"inherit"},"field":{"valign":"inherit","align":"inherit"}},"annotations":{"#aneeval":"SELECT c/uid/value as cid, i \r\nFROM COMPOSITION c \r\nCONTAINS INSTRUCTION i[openEHR-EHR-INSTRUCTION.request-procedure.v1] \r\nWHERE i/activities/description/items[at0.2]/value/defining_code/code_string = '399248000'\r\nORDER BY c/context/start_time/value DESC FETCH 1?scope=folder"}},"children":[{"name":"ism_transition","localizedName":"ism_transition","localizedNames":{"en":"*ism_transition (en)","nb":"ism_transition"},"localizedDescriptions":{"nb":"Prosedyren er planlagt.","en":"*Prosedyren er planlagt. (nb)"},"rmType":"ISM_TRANSITION","min":1,"max":1,"aqlPath":"/content[openEHR-EHR-ACTION.procedure.v1]/ism_transition","inputs":[],"formId":"procedure_report/prosedyre/ism_transition","viewConfig":{"multiplicity":{"min":1,"max":1},"advanced":{"hidden":true,"readonly":false,"hideFrame":false,"render":false},"label":{"custom":false,"useLocalizations":false},"size":{"field":"inherit","label":"inherit"},"layout":{"label":{"valign":"inherit","align":"inherit"},"field":{"valign":"inherit","align":"inherit"}},"annotations":{}},"children":[{"name":"Transition","localizedName":"Transition","localizedNames":{"en":"*Transition (en)","nb":"Transition"},"localizedDescriptions":{},"rmType":"DV_CODED_TEXT","min":0,"max":1,"aqlPath":"/content[openEHR-EHR-ACTION.procedure.v1]/ism_transition/transition","inputs":[{"suffix":"code","type":"TEXT","listOpen":false},{"suffix":"value","type":"TEXT","listOpen":false}],"formId":"procedure_report/prosedyre/ism_transition/transition","viewConfig":{"multiplicity":{"min":0,"max":1},"advanced":{"hidden":true,"readonly":false,"hideFrame":false,"render":false},"label":{"custom":false,"useLocalizations":false},"size":{"field":"inherit","label":"inherit"},"layout":{"label":{"valign":"inherit","align":"inherit"},"field":{"valign":"inherit","align":"inherit"}},"annotations":{},"field":{}}},{"name":"current_state","localizedName":"current_state","localizedNames":{"en":"*current_state (en)","nb":"current_state"},"localizedDescriptions":{"nb":"Prosedyren er planlagt.","en":"*Prosedyren er planlagt. (nb)"},"rmType":"DV_CODED_TEXT","min":1,"max":1,"aqlPath":"/content[openEHR-EHR-ACTION.procedure.v1]/ism_transition/current_state","inputs":[{"suffix":"code","type":"CODED_TEXT","list":[{"value":"524","label":"Initial","ordinal":0,"localizedLabels":{"en":"Initial","nb":"Initiell"},"localizedDescriptions":{}},{"value":"527","label":"Postponed","ordinal":0,"localizedLabels":{"en":"Postponed","nb":"Utsatt"},"localizedDescriptions":{}},{"value":"528","label":"Cancelled","ordinal":0,"localizedLabels":{"en":"Cancelled","nb":"Avbrutt"},"localizedDescriptions":{}},{"value":"529","label":"Scheduled","ordinal":0,"localizedLabels":{"en":"Scheduled","nb":"Planlagt"},"localizedDescriptions":{}},{"value":"245","label":"Active","ordinal":0,"localizedLabels":{"en":"Active","nb":"Aktiv"},"localizedDescriptions":{}},{"value":"530","label":"Suspended","ordinal":0,"localizedLabels":{"en":"Suspended","nb":"Suspendert"},"localizedDescriptions":{}},{"value":"531","label":"Aborted","ordinal":0,"localizedLabels":{"en":"Aborted","nb":"Avbrutt"},"localizedDescriptions":{}},{"value":"532","label":"Completed","ordinal":0,"localizedLabels":{"en":"Completed","nb":"Fullført"},"localizedDescriptions":{}}],"defaultValue":"532","listOpen":false}],"formId":"procedure_report/prosedyre/ism_transition/current_state","viewConfig":{"multiplicity":{"min":1,"max":1},"advanced":{"hidden":true,"readonly":false,"hideFrame":false,"render":false},"label":{"custom":false,"useLocalizations":false},"size":{"field":"inherit","label":"inherit"},"layout":{"label":{"valign":"inherit","align":"inherit"},"field":{"valign":"inherit","align":"inherit"}},"annotations":{},"field":{"code":{"presentation":"combobox","columns":"8"}}}},{"name":"careflow_step","localizedName":"careflow_step","localizedNames":{"en":"*careflow_step (en)","nb":"careflow_step"},"localizedDescriptions":{"nb":"Prosedyren er planlagt.","en":"*Prosedyren er planlagt. (nb)"},"rmType":"DV_CODED_TEXT","min":1,"max":1,"aqlPath":"/content[openEHR-EHR-ACTION.procedure.v1]/ism_transition/careflow_step","inputs":[{"suffix":"code","type":"CODED_TEXT","list":[{"value":"at0004","label":"Prosedyre planlagt","currentStates":["526"],"ordinal":0,"localizedLabels":{"nb":"Prosedyre planlagt","en":"*Prosedyre planlagt (nb)"},"localizedDescriptions":{"nb":"Prosedyren er planlagt.","en":"*Prosedyren er planlagt. (nb)"}},{"value":"at0034","label":"X - Prosedyre planlagt","currentStates":["524"],"ordinal":0,"localizedLabels":{"nb":"X - Prosedyre planlagt","en":"*X - Prosedyre planlagt (nb)"},"localizedDescriptions":{"nb":"Dette prosesstrinnet er satt ut av bruk, siden det ved en feil hadde statusen \"initial\". Bruk det nye prosesstrinnet \"Prosedyre planlagt\" (at0004) som har den korrekte statusen \"planned\".","en":"*Dette prosesstrinnet er satt ut av bruk, siden det ved en feil hadde statusen \"initial\". Bruk det nye prosesstrinnet \"Prosedyre planlagt\" (at0004) som har den korrekte statusen \"planned\". (nb)"}},{"value":"at0007","label":"Prosedyrerekvisisjon sendt","currentStates":["526"],"ordinal":0,"localizedLabels":{"nb":"Prosedyrerekvisisjon sendt","en":"*Prosedyrerekvisisjon sendt (nb)"},"localizedDescriptions":{"nb":"Det er sendt rekvisisjon for prosedyren.","en":"*Det er sendt rekvisisjon for prosedyren. (nb)"}},{"value":"at0035","label":"X - Prosedyrerekvisisjon sendt","currentStates":["524"],"ordinal":0,"localizedLabels":{"nb":"X - Prosedyrerekvisisjon sendt","en":"*X - Prosedyrerekvisisjon sendt (nb)"},"localizedDescriptions":{"nb":"Dette prosesstrinnet er satt ut av bruk, siden det ved en feil hadde statusen \"initial\". Bruk det nye prosesstrinnet \"Prosedyre planlagt\" (at0007) som har den korrekte statusen \"planned\".","en":"*Dette prosesstrinnet er satt ut av bruk, siden det ved en feil hadde statusen \"initial\". Bruk det nye prosesstrinnet \"Prosedyre planlagt\" (at0007) som har den korrekte statusen \"planned\". (nb)"}},{"value":"at0038","label":"Prosedyre utsatt","currentStates":["527"],"ordinal":0,"localizedLabels":{"nb":"Prosedyre utsatt","en":"*Prosedyre utsatt (nb)"},"localizedDescriptions":{"nb":"Prosedyren er utsatt.","en":"*Prosedyren er utsatt. (nb)"}},{"value":"at0039","label":"Prosedyre avlyst","currentStates":["528"],"ordinal":0,"localizedLabels":{"nb":"Prosedyre avlyst","en":"*Prosedyre avlyst (nb)"},"localizedDescriptions":{"nb":"Den planlagte prosedyren har blitt avlyst før den ble igangsatt.","en":"*Den planlagte prosedyren har blitt avlyst før den ble igangsatt. (nb)"}},{"value":"at0036","label":"Fastsatt tidspunkt for prosedyre","currentStates":["529"],"ordinal":0,"localizedLabels":{"nb":"Fastsatt tidspunkt for prosedyre","en":"*Fastsatt tidspunkt for prosedyre (nb)"},"localizedDescriptions":{"nb":"Tidspunkt for prosedyre er fastsatt.","en":"*Tidspunkt for prosedyre er fastsatt. (nb)"}},{"value":"at0068","label":"Prosedyre påbegynt","currentStates":["245"],"ordinal":0,"localizedLabels":{"nb":"Prosedyre påbegynt","en":"*Prosedyre påbegynt (nb)"},"localizedDescriptions":{"nb":"Prosedyren eller en del av en prosedyre som består av flere delprosedyrer er påbegynt.","en":"*Prosedyren eller en del av en prosedyre som består av flere delprosedyrer er påbegynt. (nb)"}},{"value":"at0047","label":"Prosedyre utført","currentStates":["245"],"ordinal":0,"localizedLabels":{"nb":"Prosedyre utført","en":"*Prosedyre utført (nb)"},"localizedDescriptions":{"nb":"Prosedyren eller en del av en prosedyre som består av flere delprosedyrer er utført.","en":"*Prosedyren eller en del av en prosedyre som består av flere delprosedyrer er utført. (nb)"}},{"value":"at0040","label":"Prosedyre midlertidig stanset","currentStates":["530"],"ordinal":0,"localizedLabels":{"nb":"Prosedyre midlertidig stanset","en":"*Prosedyre midlertidig stanset (nb)"},"localizedDescriptions":{"nb":"Prosedyren er suspendert/ midlertidig stanset.","en":"*Prosedyren er suspendert/ midlertidig stanset. (nb)"}},{"value":"at0041","label":"Prosedyre avbrutt","currentStates":["531"],"ordinal":0,"localizedLabels":{"nb":"Prosedyre avbrutt","en":"*Prosedyre avbrutt (nb)"},"localizedDescriptions":{"nb":"Prosedyren har blitt avbrutt.","en":"*Prosedyren har blitt avbrutt. (nb)"}},{"value":"at0043","label":"Prosedyre fullført","currentStates":["532"],"ordinal":0,"localizedLabels":{"nb":"Prosedyre fullført","en":"*Prosedyre fullført (nb)"},"localizedDescriptions":{"nb":"Prosedyren er utført og alle tilknyttede kliniske handlinger er fullførte.","en":"*Prosedyren er utført og alle tilknyttede kliniske handlinger er fullførte. (nb)"}}],"defaultValue":"at0043","listOpen":false}],"formId":"procedure_report/prosedyre/ism_transition/careflow_step","viewConfig":{"multiplicity":{"min":1,"max":1},"advanced":{"hidden":true,"readonly":false,"hideFrame":false,"render":false},"label":{"custom":false,"useLocalizations":false},"size":{"field":"inherit","label":"inherit"},"layout":{"label":{"valign":"inherit","align":"inherit"},"field":{"valign":"inherit","align":"inherit"}},"annotations":{},"field":{"code":{"presentation":"combobox","columns":"12"}}}}]},{"name":"Anestesitype og luftveistilgang","localizedName":"Anestesitype og luftveistilgang","localizedNames":{"en":"*Prosedyre (nb)","nb":"Anestesitype og luftveistilgang"},"localizedDescriptions":{"nb":"En klinisk aktivitet som er utført i undersøkende, diagnostisk, kurativ, terapeutisk, evaluerende, prognostisk eller palliativ hensikt.","en":"*En klinisk aktivitet som er utført i undersøkende, diagnostisk, kurativ, terapeutisk, evaluerende, prognostisk eller palliativ hensikt. (nb)"},"rmType":"ACTION","nodeId":"openEHR-EHR-ACTION.procedure.v1","min":1,"max":1,"aqlPath":"/content[openEHR-EHR-ACTION.procedure.v1]","inputs":[],"formId":"procedure_report/prosedyre","viewConfig":{"multiplicity":{"min":1,"max":1},"advanced":{"hidden":false,"readonly":false,"hideFrame":false,"render":false},"label":{"custom":false,"useLocalizations":false},"size":{"field":"inherit","label":"-1"},"layout":{"label":{"valign":"inherit","align":"inherit"},"field":{"valign":"inherit","align":"inherit"}},"annotations":{},"field":{},"tags":["HideLabel"]},"children":[{"name":"Fieldset","localizedName":"Fieldset","localizedNames":{"en":"*Fieldset (en)","nb":"Fieldset"},"localizedDescriptions":{},"rmType":"GENERIC_FIELDSET","min":0,"max":1,"inputs":[],"formId":"generic-field-37612","viewConfig":{"multiplicity":{"min":0,"max":1},"advanced":{"hidden":false,"readonly":false,"hideFrame":false,"render":false},"label":{"custom":false,"useLocalizations":false},"size":{"field":"inherit","label":"-1"},"layout":{"label":{"valign":"inherit","align":"top"},"field":{"valign":"inherit","align":"inherit"}},"annotations":{},"field":{"formId":null,"name":null},"tags":["HideLabel"]},"children":[{"name":"Anestesitype","localizedName":"Anestesitype","localizedNames":{"en":"*Prosedyrenavn (nb)","nb":"Anestesitype"},"localizedDescriptions":{"nb":"Navnet på prosedyren.","en":"*Navnet på prosedyren. (nb)"},"rmType":"DV_CODED_TEXT","nodeId":"at0002","min":1,"max":1,"aqlPath":"/content[openEHR-EHR-ACTION.procedure.v1]/description[at0001]/items[at0002]/value","inputs":[{"suffix":"code","type":"TEXT","terminology":"ARK-ANE-HOVEDTYPE?subset=ARK-ANE-HOVEDTYPE&language=en-GB","listOpen":false},{"suffix":"value","type":"TEXT","terminology":"ARK-ANE-HOVEDTYPE?subset=ARK-ANE-HOVEDTYPE&language=en-GB","listOpen":false}],"formId":"procedure_report/prosedyre/prosedyrenavn","viewConfig":{"multiplicity":{"min":1,"max":1},"advanced":{"hidden":false,"readonly":false,"hideFrame":false,"render":false},"label":{"custom":false,"useLocalizations":false},"size":{"field":"inherit","label":"inherit"},"layout":{"label":{"valign":"inherit","align":"inherit"},"field":{"valign":"inherit","align":"inherit"}},"datasource":{"loadRemote":true,"loadRemoteUrl":"ARK-ANE-HOVEDTYPE?subset=ARK-ANE-HOVEDTYPE&language=en-GB"},"annotations":{"codeditem.displayformat":"Name","select":"{#aneeval:/activities[at0001]/description[at0009]/items[at0121.1]/value}","description":"Benyttet anestesitype."},"field":{},"tags":["ShowAsCombobox"]}},{"name":"Prosedyrenavn","localizedName":"Prosedyrenavn","localizedNames":{"en":"*Prosedyrenavn (nb)","nb":"Luftveistilgang"},"localizedDescriptions":{"nb":"Identifisering av bestilt prosedyre. Kodes ofte med en ekstern terminologi.","en":"*Identifisering av bestilt prosedyre. Kodes ofte med en ekstern terminologi. (nb)"},"rmType":"DV_CODED_TEXT","nodeId":"at0001","min":0,"max":1,"aqlPath":"/content[openEHR-EHR-ACTION.procedure.v1]/description[at0001]/items[openEHR-EHR-CLUSTER.procedure_details_dips.v1 and name/value='Luftveistilgang']/items[at0001]/value","inputs":[{"suffix":"code","type":"TEXT","terminology":"ARK-ANE-LUFTVEISTILGANG?subset=ARK-ANE-LUFTVEISTILGANG&language=en-GB","listOpen":false},{"suffix":"value","type":"TEXT","terminology":"ARK-ANE-LUFTVEISTILGANG?subset=ARK-ANE-LUFTVEISTILGANG&language=en-GB","listOpen":false}],"formId":"procedure_report/prosedyre/luftveistilgang@Luftveistilgang/prosedyrenavn","viewConfig":{"multiplicity":{"min":0,"max":1},"advanced":{"hidden":false,"readonly":false,"hideFrame":false,"render":false},"label":{"custom":false,"useLocalizations":false},"size":{"field":"inherit","label":"inherit"},"layout":{"label":{"valign":"inherit","align":"inherit"},"field":{"valign":"inherit","align":"inherit"}},"datasource":{"loadRemote":true,"loadRemoteUrl":"ARK-ANE-LUFTVEISTILGANG?subset=ARK-ANE-LUFTVEISTILGANG&language=en-GB"},"annotations":{"codeditem.displayformat":"Name","description":"Benyttet luftveistilgang. ","select":"{#aneeval:/activities[at0001]/description[at0009]/items[openEHR-EHR-CLUSTER.procedure_details_dips.v1 and name/value='Planlagt luftveistilgang']/items[at0001]/value}"},"field":{},"tags":["ShowAsCombobox"]}}]},{"name":"Prosedyretype","localizedName":"Prosedyretype","localizedNames":{"en":"*Prosedyretype (nb)","nb":"Prosedyretype"},"localizedDescriptions":{"nb":"Typen prosedyre.","en":"*Typen prosedyre. (nb)"},"rmType":"DV_CODED_TEXT","nodeId":"at0067","min":0,"max":1,"aqlPath":"/content[openEHR-EHR-ACTION.procedure.v1]/description[at0001]/items[at0067]/value","inputs":[{"suffix":"code","type":"CODED_TEXT","list":[{"value":"399248000","label":"Anestesi prosedyre","ordinal":0,"localizedLabels":{"nb":"Anestesi prosedyre","en":"*Anestesi prosedyre (nb)"},"localizedDescriptions":{}}],"defaultValue":"399248000","listOpen":false}],"formId":"procedure_report/prosedyre/prosedyretype","viewConfig":{"multiplicity":{"min":0,"max":1},"advanced":{"hidden":true,"readonly":false,"hideFrame":false,"render":false},"label":{"custom":false,"useLocalizations":false},"size":{"field":"inherit","label":"inherit"},"layout":{"label":{"valign":"inherit","align":"inherit"},"field":{"valign":"inherit","align":"inherit"}},"annotations":{},"field":{"code":{"presentation":"combobox","columns":"1"}}}},{"name":"Fieldset","localizedName":"Fieldset","localizedNames":{"en":"*Fieldset (en)","nb":"Fieldset"},"localizedDescriptions":{},"rmType":"GENERIC_FIELDSET","min":0,"max":1,"inputs":[],"formId":"generic-field-73534","viewConfig":{"multiplicity":{"min":0,"max":1},"advanced":{"hidden":false,"readonly":false,"hideFrame":false,"render":false},"label":{"custom":false,"useLocalizations":false},"size":{"field":"inherit","label":"-1"},"layout":{"label":{"valign":"inherit","align":"inherit"},"field":{"valign":"inherit","align":"inherit"}},"annotations":{},"field":{"formId":null,"name":null},"tags":["HideLabel"]},"children":[{"name":"Start anestesi","localizedName":"Start anestesi","localizedNames":{"en":"*Start anestesi (en)","nb":"Start anestesi"},"localizedDescriptions":{"nb":"Dato/tid når prosedyren er planlagt utført.","en":"*Dato/tid når prosedyren er planlagt utført. (nb)"},"rmType":"DV_DATE_TIME","nodeId":"at0066","min":0,"max":1,"aqlPath":"/content[openEHR-EHR-ACTION.procedure.v1]/description[at0001]/items[at0066 and name/value='Start anestesi']/value","inputs":[{"type":"DATETIME","listOpen":false}],"formId":"procedure_report/prosedyre/start_anestesi@Start anestesi","viewConfig":{"multiplicity":{"min":0,"max":1},"advanced":{"hidden":false,"readonly":true,"hideFrame":false,"render":false},"label":{"custom":false,"useLocalizations":false},"size":{"field":"inherit","label":"inherit"},"layout":{"label":{"valign":"inherit","align":"inherit"},"field":{"valign":"inherit","align":"inherit"}},"annotations":{},"field":{"input":{"hideTime":false,"dateFormat":"","hideDate":false}}}},{"name":"Slutt anestesi","localizedName":"Slutt anestesi","localizedNames":{"en":"*Slutt anestesi (en)","nb":"Slutt anestesi"},"localizedDescriptions":{"nb":"Datoen og/eller tiden da hele eller den siste av komponentene i en kompleks prosedyre ble avsluttet.","en":"*Datoen og/eller tiden da hele eller den siste av komponentene i en kompleks prosedyre ble avsluttet. (nb)"},"rmType":"DV_DATE_TIME","nodeId":"at0060","min":0,"max":1,"aqlPath":"/content[openEHR-EHR-ACTION.procedure.v1]/description[at0001]/items[at0060 and name/value='Slutt anestesi']/value","inputs":[{"type":"DATETIME","listOpen":false}],"formId":"procedure_report/prosedyre/slutt_anestesi@Slutt anestesi","viewConfig":{"multiplicity":{"min":0,"max":1},"advanced":{"hidden":false,"readonly":true,"hideFrame":false,"render":false},"label":{"custom":false,"useLocalizations":false},"size":{"field":"inherit","label":"inherit"},"layout":{"label":{"valign":"inherit","align":"inherit"},"field":{"valign":"inherit","align":"inherit"}},"annotations":{},"field":{"input":{"hideTime":false,"dateFormat":"","hideDate":false}}}}]},{"name":"NCMP","localizedName":"NCMP","localizedNames":{"en":"*Prosedyredetaljer (nb)","nb":"NCMP"},"localizedDescriptions":{"nb":"Detaljer til prosedyre.","en":"*Detaljer til prosedyre. (nb)"},"rmType":"CLUSTER","nodeId":"openEHR-EHR-CLUSTER.procedure_details_dips.v1","min":0,"max":-1,"aqlPath":"/content[openEHR-EHR-ACTION.procedure.v1]/description[at0001]/items[openEHR-EHR-CLUSTER.procedure_details_dips.v1]","inputs":[],"formId":"procedure_report/prosedyre/prosedyredetaljer","viewConfig":{"multiplicity":{"min":0,"max":-1},"advanced":{"hidden":false,"readonly":false,"hideFrame":false,"render":false},"label":{"custom":false,"useLocalizations":false},"size":{"field":"inherit","label":"-1"},"layout":{"label":{"valign":"inherit","align":"inherit"},"field":{"valign":"inherit","align":"inherit"}},"annotations":{"select":"{#aneeval:/activities[at0001]/description[at0009]/items[openEHR-EHR-CLUSTER.procedure_details_dips.v1 and items/value/defining_code/terminology_id/value = 'NCMP']}"},"field":{},"tags":["ShowAsTable","HideLabel"]},"children":[{"name":"Prosedyrenavn","localizedName":"Prosedyrenavn","localizedNames":{"en":"*Prosedyrenavn (nb)","nb":"NCMP-koder"},"localizedDescriptions":{"nb":"Identifisering av bestilt prosedyre. Kodes ofte med en ekstern terminologi.","en":"*Identifisering av bestilt prosedyre. Kodes ofte med en ekstern terminologi. (nb)"},"rmType":"DV_CODED_TEXT","nodeId":"at0001","min":0,"max":1,"aqlPath":"/content[openEHR-EHR-ACTION.procedure.v1]/description[at0001]/items[openEHR-EHR-CLUSTER.procedure_details_dips.v1]/items[at0001]/value","inputs":[{"suffix":"code","type":"TEXT","terminology":"NCMP?subset=NCMP&language=en-GB","listOpen":false},{"suffix":"value","type":"TEXT","terminology":"NCMP?subset=NCMP&language=en-GB","listOpen":false}],"formId":"procedure_report/prosedyre/prosedyredetaljer/prosedyrenavn","viewConfig":{"multiplicity":{"min":0,"max":1},"advanced":{"hidden":false,"readonly":false,"hideFrame":false,"render":false},"label":{"custom":false,"useLocalizations":false},"size":{"field":"inherit","label":"inherit"},"layout":{"label":{"valign":"inherit","align":"inherit"},"field":{"valign":"inherit","align":"inherit"}},"datasource":{"loadRemote":true,"loadRemoteUrl":"NCMP?subset=NCMP&language=en-GB"},"annotations":{"description":""},"field":{}}},{"name":"Prosedyrens beskrivelse","localizedName":"Prosedyrens beskrivelse","localizedNames":{"en":"*Legens beskrivelse (en)","nb":"Beskrivelse"},"localizedDescriptions":{"nb":"En detaljert narrativ beskrivelse av bestilt prosedyre.","en":"*En detaljert narrativ beskrivelse av bestilt prosedyre. (nb)"},"rmType":"DV_TEXT","nodeId":"at0004","min":0,"max":1,"aqlPath":"/content[openEHR-EHR-ACTION.procedure.v1]/description[at0001]/items[openEHR-EHR-CLUSTER.procedure_details_dips.v1]/items[at0004 and name/value='Legens beskrivelse']/value","inputs":[{"type":"TEXT","list":[],"listOpen":false}],"formId":"procedure_report/prosedyre/prosedyredetaljer/legens_beskrivelse@Legens beskrivelse","viewConfig":{"multiplicity":{"min":0,"max":1},"advanced":{"hidden":false,"readonly":false,"hideFrame":false,"render":false},"label":{"custom":false,"useLocalizations":false},"size":{"field":"inherit","label":"inherit"},"layout":{"label":{"valign":"inherit","align":"inherit"},"field":{"valign":"inherit","align":"inherit"}},"datasource":{"loadRemote":false,"parameters":{}},"annotations":{"description":"En detaljert narrativ beskrivelse av utført prosedyre."},"field":{"lines":null,"input":{}}}}]},{"name":"Utførende personell","localizedName":"Utførende personell","localizedNames":{"en":"*other_participations (en)","nb":"Utførende personell"},"localizedDescriptions":{},"rmType":"PARTICIPATION","min":0,"max":-1,"aqlPath":"/content[openEHR-EHR-ACTION.procedure.v1]/other_participations","inputs":[],"formId":"procedure_report/prosedyre/other_participations","viewConfig":{"multiplicity":{"min":0,"max":-1},"advanced":{"hidden":false,"readonly":false,"hideFrame":false,"render":false},"label":{"custom":false,"useLocalizations":false},"size":{"field":"inherit","label":"-1"},"layout":{"label":{"valign":"inherit","align":"inherit"},"field":{"valign":"inherit","align":"inherit"}},"annotations":{},"field":{"name":null},"tags":["HideLabel","ShowAsTable"]},"children":[{"name":"function","localizedName":"function","localizedNames":{"en":"*function (en)","nb":"Utførende personell funksjon"},"localizedDescriptions":{},"rmType":"DV_CODED_TEXT","min":1,"max":1,"aqlPath":"/content[openEHR-EHR-ACTION.procedure.v1]/other_participations/function","inputs":[{"suffix":"code","type":"TEXT","terminology":"ARK-FE-ROLLERIOPERASJON?subset=ARK-FE-ROLLERIOPERASJON&language=en-GB","listOpen":false},{"suffix":"value","type":"TEXT","terminology":"ARK-FE-ROLLERIOPERASJON?subset=ARK-FE-ROLLERIOPERASJON&language=en-GB","listOpen":false}],"formId":"procedure_report/prosedyre/function","viewConfig":{"multiplicity":{"min":1,"max":1},"advanced":{"hidden":false,"readonly":false,"hideFrame":false,"render":false},"label":{"custom":false,"useLocalizations":false},"size":{"field":"inherit","label":"inherit"},"layout":{"label":{"valign":"inherit","align":"inherit"},"field":{"valign":"inherit","align":"inherit"}},"datasource":{"loadRemote":true,"loadRemoteUrl":"ARK-FE-ROLLERIOPERASJON?subset=ARK-FE-ROLLERIOPERASJON&language=en-GB","parameters":{}},"annotations":{"codeditem.displayformat":"name"},"field":{},"tags":["ShowAsCombobox"]}},{"name":"performer","localizedName":"performer","localizedNames":{"en":"*performer (en)","nb":"Utførende personell navn"},"localizedDescriptions":{},"rmType":"PARTY_IDENTIFIED","min":1,"max":1,"aqlPath":"/content[openEHR-EHR-ACTION.procedure.v1]/other_participations/performer","inputs":[],"formId":"procedure_report/prosedyre/performer","viewConfig":{"multiplicity":{"min":1,"max":1},"advanced":{"hidden":false,"readonly":false,"hideFrame":false,"render":false},"label":{"custom":false,"useLocalizations":false},"size":{"field":"inherit","label":"inherit"},"layout":{"label":{"valign":"inherit","align":"inherit"},"field":{"valign":"inherit","align":"inherit"}},"annotations":{},"field":{"name":null}}}]}]},{"name":"Intubasjonsproblem","localizedName":"Intubasjonsproblem","localizedNames":{"en":"*Intubasjonsproblem (en)","nb":"Intubasjonsproblem"},"localizedDescriptions":{"nb":"Detaljer om én identifisert helsetilstand, skade, funksjonshemming eller annet forhold som påvirker et individs fysiske, mentale og/eller sosiale velvære.\n","en":"*Detaljer om én identifisert helsetilstand, skade, funksjonshemming eller annet forhold som påvirker et individs fysiske, mentale og/eller sosiale velvære.\n (nb)"},"rmType":"EVALUATION","nodeId":"openEHR-EHR-EVALUATION.problem_diagnosis.v1","min":0,"max":1,"aqlPath":"/content[openEHR-EHR-EVALUATION.problem_diagnosis.v1 and name/value='Intubasjonsproblem']","inputs":[],"formId":"procedure_report/intubasjonsproblem@Intubasjonsproblem","viewConfig":{"multiplicity":{"min":0,"max":1},"advanced":{"hidden":false,"readonly":false,"hideFrame":false,"render":false},"label":{"custom":false,"useLocalizations":false},"size":{"field":"inherit","label":"inherit"},"layout":{"label":{"valign":"inherit","align":"inherit"},"field":{"valign":"inherit","align":"inherit"}},"annotations":{"headerSize":"text","description":""},"field":{},"tags":["ForceMinMultiplicity"]},"children":[{"name":"Intubasjonsproblem","localizedName":"Intubasjonsproblem","localizedNames":{"en":"*Intubasjonsproblem (en)","nb":"Intubasjonsproblem"},"localizedDescriptions":{"nb":"Identifisering av problemet eller diagnosen ved hjelp av navn.","en":"*Identifisering av problemet eller diagnosen ved hjelp av navn. (nb)"},"rmType":"DV_CODED_TEXT","nodeId":"at0002","min":1,"max":1,"aqlPath":"/content[openEHR-EHR-EVALUATION.problem_diagnosis.v1 and name/value='Intubasjonsproblem']/data[at0001]/items[at0002 and name/value='Intubasjonsproblem']/value","inputs":[{"suffix":"code","type":"CODED_TEXT","list":[{"value":"52765003","label":"Intubasjon","ordinal":0,"localizedLabels":{"nb":"Intubasjon","en":"*Intubasjon (nb)"},"localizedDescriptions":{}}],"defaultValue":"52765003","listOpen":false}],"formId":"procedure_report/intubasjonsproblem@Intubasjonsproblem/intubasjonsproblem@Intubasjonsproblem","viewConfig":{"multiplicity":{"min":1,"max":1},"advanced":{"hidden":true,"readonly":false,"hideFrame":false,"render":false},"label":{"custom":false,"useLocalizations":false},"size":{"field":"inherit","label":"inherit"},"layout":{"label":{"valign":"inherit","align":"inherit"},"field":{"valign":"inherit","align":"inherit"}},"annotations":{"IncludeIfContainerHasValue":"evaluation"},"field":{"code":{"presentation":"combobox","columns":"1"}}}},{"name":"Intubasjonsproblem","localizedName":"Intubasjonsproblem","localizedNames":{"en":"*Diagnosenavn (nb)","nb":"Intubasjonsproblem"},"localizedDescriptions":{"nb":"Navnet på problem/diagnose","en":"*Navnet på problem/diagnose (nb)"},"rmType":"DV_CODED_TEXT","nodeId":"at0001","min":0,"max":-1,"aqlPath":"/content[openEHR-EHR-EVALUATION.problem_diagnosis.v1 and name/value='Intubasjonsproblem']/data[at0001]/items[openEHR-EHR-CLUSTER.problem_diagnosis_dips.v1]/items[at0001]/value","inputs":[{"suffix":"code","type":"TEXT","terminology":"ARK-ANE-INTUBASJONSPROBLEM?subset=ARK-ANE-INTUBASJONSPROBLEM&language=en-GB","listOpen":false},{"suffix":"value","type":"TEXT","terminology":"ARK-ANE-INTUBASJONSPROBLEM?subset=ARK-ANE-INTUBASJONSPROBLEM&language=en-GB","listOpen":false}],"formId":"procedure_report/intubasjonsproblem@Intubasjonsproblem/problem_diagnose_detaljer/diagnosenavn","viewConfig":{"multiplicity":{"min":0,"max":-1},"advanced":{"hidden":false,"readonly":false,"hideFrame":false,"render":false},"label":{"custom":false,"useLocalizations":false},"size":{"field":"inherit","label":"inherit"},"layout":{"label":{"valign":"inherit","align":"top"},"field":{"valign":"inherit","align":"inherit"}},"datasource":{"loadRemote":true,"loadRemoteUrl":"ARK-ANE-INTUBASJONSPROBLEM?subset=ARK-ANE-INTUBASJONSPROBLEM&language=en-GB"},"annotations":{"codeditem.displayformat":"name"},"field":{},"tags":["ShowAsMultiComboBox"]}},{"name":"Forløpsbeskrivelse","localizedName":"Forløpsbeskrivelse","localizedNames":{"en":"*Forløpsbeskrivelse (nb)","nb":"Forløpsbeskrivelse"},"localizedDescriptions":{"nb":"Fritekstbeskrivelse av forløpet av problemet eller diagnosen siden debut.","en":"*Fritekstbeskrivelse av forløpet av problemet eller diagnosen siden debut. (nb)"},"rmType":"DV_CODED_TEXT","nodeId":"at0072","min":0,"max":1,"aqlPath":"/content[openEHR-EHR-EVALUATION.problem_diagnosis.v1 and name/value='Intubasjonsproblem']/data[at0001]/items[at0072]/value","inputs":[{"suffix":"code","type":"TEXT","terminology":"ARK-ANE-PROBLEM-TIDSPUNKT?subset=ARK-ANE-PROBLEM-TIDSPUNKT&language=en-GB","listOpen":false},{"suffix":"value","type":"TEXT","terminology":"ARK-ANE-PROBLEM-TIDSPUNKT?subset=ARK-ANE-PROBLEM-TIDSPUNKT&language=en-GB","listOpen":false}],"formId":"procedure_report/intubasjonsproblem@Intubasjonsproblem/forløpsbeskrivelse","viewConfig":{"multiplicity":{"min":0,"max":1},"advanced":{"hidden":false,"readonly":false,"hideFrame":false,"render":false},"label":{"custom":false,"useLocalizations":false},"size":{"field":"inherit","label":"inherit"},"layout":{"label":{"valign":"inherit","align":"top"},"field":{"valign":"inherit","align":"inherit"}},"datasource":{"loadRemote":true,"loadRemoteUrl":"ARK-ANE-PROBLEM-TIDSPUNKT?subset=ARK-ANE-PROBLEM-TIDSPUNKT&language=en-GB"},"annotations":{"codeditem.displayformat":"name"},"field":{},"tags":["ShowAsCombobox"]}},{"name":"Spacer","localizedName":"","localizedNames":{"nb":""},"localizedDescriptions":{},"rmType":"GENERIC_SPACER","min":0,"max":1,"inputs":[],"formId":"generic-field-07423","viewConfig":{"annotations":{},"field":{"height":25,"input":{"height":25}}}},{"name":"Cormack/Lehane-klassifikasjon","localizedName":"Cormack/Lehane-klassifikasjon","localizedNames":{"en":"*Cormack/Lehane-klassifikasjon (nb)","nb":"Cormack/Lehane-klassifikasjon"},"localizedDescriptions":{"nb":"Cormack/Lehane-systemet klassifiserer innsynsforhold til larynx ved direkte laryngoskopi, basert på hvilke strukturer som kan ses.","en":"*Cormack/Lehane-systemet klassifiserer innsynsforhold til larynx ved direkte laryngoskopi, basert på hvilke strukturer som kan ses. (nb)"},"rmType":"CLUSTER","nodeId":"openEHR-EHR-CLUSTER.cormack_lehane.v1","min":1,"max":1,"aqlPath":"/content[openEHR-EHR-EVALUATION.problem_diagnosis.v1 and name/value='Intubasjonsproblem']/data[at0001]/items[openEHR-EHR-CLUSTER.cormack_lehane.v1]","inputs":[],"formId":"procedure_report/intubasjonsproblem@Intubasjonsproblem/cormack_lehane-klassifikasjon","viewConfig":{"multiplicity":{"min":1,"max":1},"advanced":{"hidden":false,"readonly":false,"hideFrame":false,"render":false},"label":{"custom":false,"useLocalizations":false},"size":{"field":"inherit","label":"-1"},"layout":{"label":{"valign":"inherit","align":"inherit"},"field":{"valign":"inherit","align":"inherit"}},"annotations":{},"field":{},"tags":["HideLabel"]},"children":[{"name":"Cormack/Lehane-klassifikasjon","localizedName":"Cormack/Lehane-klassifikasjon","localizedNames":{"en":"*Gradering (nb)","nb":"Cormack/Lehane-klassifikasjon"},"localizedDescriptions":{"nb":"Gradering av anatomisk synlighet i larynx.","en":"*Gradering av anatomisk synlighet i larynx. (nb)"},"rmType":"DV_CODED_TEXT","nodeId":"at0001","min":0,"max":1,"aqlPath":"/content[openEHR-EHR-EVALUATION.problem_diagnosis.v1 and name/value='Intubasjonsproblem']/data[at0001]/items[openEHR-EHR-CLUSTER.cormack_lehane.v1]/items[at0001]/value","inputs":[{"suffix":"code","type":"CODED_TEXT","list":[{"value":"at0002","label":"Grad 1: Hele larynx synlig","ordinal":0,"localizedLabels":{"nb":"Grad 1: Hele larynx synlig","en":"*Grad 1: Hele larynx synlig (nb)"},"localizedDescriptions":{"nb":"Hele larynx synlig.","en":"*Hele larynx synlig. (nb)"}},{"value":"at0003","label":"Grad 2: Epiglottis og aryregionen synlig","ordinal":0,"localizedLabels":{"nb":"Grad 2: Epiglottis og aryregionen synlig","en":"*Grad 2: Epiglottis og aryregionen synlig (nb)"},"localizedDescriptions":{"nb":"Epiglottis og aryregionen synlig.","en":"*Epiglottis og aryregionen synlig. (nb)"}},{"value":"at0004","label":"Grad 3: Bare epiglottis synlig","ordinal":0,"localizedLabels":{"nb":"Grad 3: Bare epiglottis synlig","en":"*Grad 3: Bare epiglottis synlig (nb)"},"localizedDescriptions":{"nb":"Bare epiglottis synlig.","en":"*Bare epiglottis synlig. (nb)"}},{"value":"at0005","label":"Grad 4: Epiglottis ikke synlig","ordinal":0,"localizedLabels":{"nb":"Grad 4: Epiglottis ikke synlig","en":"*Grad 4: Epiglottis ikke synlig (nb)"},"localizedDescriptions":{"nb":"Epiglottis ikke synlig.","en":"*Epiglottis ikke synlig. (nb)"}}],"listOpen":false}],"formId":"procedure_report/intubasjonsproblem@Intubasjonsproblem/cormack_lehane-klassifikasjon/gradering","viewConfig":{"multiplicity":{"min":0,"max":1},"advanced":{"hidden":false,"readonly":false,"hideFrame":false,"render":false},"label":{"custom":false,"useLocalizations":false},"size":{"field":"inherit","label":"inherit"},"layout":{"label":{"valign":"inherit","align":"top"},"field":{"valign":"inherit","align":"inherit"}},"annotations":{},"field":{"code":{"presentation":"combobox","columns":"4"}}}}]},{"name":"Modifisert Mallampati-klassifikasjon","localizedName":"Modifisert Mallampati-klassifikasjon","localizedNames":{"en":"*Modifisert Mallampati-klassifikasjon (nb)","nb":"Modifisert Mallampati-klassifikasjon"},"localizedDescriptions":{"nb":"Klassifisering av grad av innsyn i munnhulen og svelget for å vurdere vanskelighetsgrad av intubasjon ved direkte laryngoskopi.","en":"*Klassifisering av grad av innsyn i munnhulen og svelget for å vurdere vanskelighetsgrad av intubasjon ved direkte laryngoskopi. (nb)"},"rmType":"CLUSTER","nodeId":"openEHR-EHR-CLUSTER.mallampati_classification.v1","min":1,"max":1,"aqlPath":"/content[openEHR-EHR-EVALUATION.problem_diagnosis.v1 and name/value='Intubasjonsproblem']/data[at0001]/items[openEHR-EHR-CLUSTER.mallampati_classification.v1]","inputs":[],"formId":"procedure_report/intubasjonsproblem@Intubasjonsproblem/modifisert_mallampati-klassifikasjon","viewConfig":{"multiplicity":{"min":1,"max":1},"advanced":{"hidden":false,"readonly":false,"hideFrame":false,"render":false},"label":{"custom":false,"useLocalizations":false},"size":{"field":"inherit","label":"-1"},"layout":{"label":{"valign":"inherit","align":"inherit"},"field":{"valign":"inherit","align":"inherit"}},"annotations":{},"field":{},"tags":["HideLabel"]},"children":[{"name":"Mallampati-klassifikasjon","localizedName":"Mallampati-klassifikasjon","localizedNames":{"en":"*Mallampati-klassifikasjon (nb)","nb":"Mallampati-klassifikasjon"},"localizedDescriptions":{"nb":"Mallampati-klassifikasjon.","en":"*Mallampati-klassifikasjon. (nb)"},"rmType":"DV_ORDINAL","nodeId":"at0004","min":0,"max":1,"aqlPath":"/content[openEHR-EHR-EVALUATION.problem_diagnosis.v1 and name/value='Intubasjonsproblem']/data[at0001]/items[openEHR-EHR-CLUSTER.mallampati_classification.v1]/items[at0004]/value","inputs":[{"type":"CODED_TEXT","list":[{"value":"at0006","label":"Klasse 1","ordinal":1,"localizedLabels":{"nb":"Klasse 1","en":"*Klasse 1 (nb)"},"localizedDescriptions":{"nb":"Tonsillesøylene, uvula, hard og bløt gane er fullstendig synlige.","en":"*Tonsillesøylene, uvula, hard og bløt gane er fullstendig synlige. (nb)"}},{"value":"at0007","label":"Klasse 2","ordinal":2,"localizedLabels":{"nb":"Klasse 2","en":"*Klasse 2 (nb)"},"localizedDescriptions":{"nb":"Uvula og bløt gane er delvis synlige.","en":"*Uvula og bløt gane er delvis synlige. (nb)"}},{"value":"at0008","label":"Klasse 3","ordinal":3,"localizedLabels":{"nb":"Klasse 3","en":"*Klasse 3 (nb)"},"localizedDescriptions":{"nb":"Kun bløt gane er synlig.","en":"*Kun bløt gane er synlig. (nb)"}},{"value":"at0009","label":"Klasse 4","ordinal":4,"localizedLabels":{"nb":"Klasse 4","en":"*Klasse 4 (nb)"},"localizedDescriptions":{"nb":"Ingen visualisering av strukturer bak tungen, kun hard gane er synlig.","en":"*Ingen visualisering av strukturer bak tungen, kun hard gane er synlig. (nb)"}}],"listOpen":false}],"formId":"procedure_report/intubasjonsproblem@Intubasjonsproblem/modifisert_mallampati-klassifikasjon/mallampati-klassifikasjon","viewConfig":{"multiplicity":{"min":0,"max":1},"advanced":{"hidden":false,"readonly":false,"hideFrame":false,"render":false},"label":{"custom":false,"useLocalizations":false},"size":{"field":"inherit","label":"inherit"},"layout":{"label":{"valign":"inherit","align":"top"},"field":{"valign":"inherit","align":"inherit"}},"annotations":{},"field":{"presentation":"combobox","columns":"4","input":{"presentation":"combobox","columns":"4"}}}}]},{"name":"Klinisk beskrivelse","localizedName":"Klinisk beskrivelse","localizedNames":{"en":"*Klinisk beskrivelse (nb)","nb":"Klinisk beskrivelse"},"localizedDescriptions":{"nb":"Fritekstbeskrivelse av problemet eller diagnosen.","en":"*Fritekstbeskrivelse av problemet eller diagnosen. (nb)"},"rmType":"DV_TEXT","nodeId":"at0009","min":0,"max":1,"aqlPath":"/content[openEHR-EHR-EVALUATION.problem_diagnosis.v1 and name/value='Intubasjonsproblem']/data[at0001]/items[at0009]/value","inputs":[{"type":"TEXT","list":[],"listOpen":false}],"formId":"procedure_report/intubasjonsproblem@Intubasjonsproblem/klinisk_beskrivelse","viewConfig":{"multiplicity":{"min":0,"max":1},"advanced":{"hidden":false,"readonly":false,"hideFrame":false,"render":false},"label":{"custom":false,"useLocalizations":false},"size":{"field":"inherit","label":"inherit"},"layout":{"label":{"valign":"inherit","align":"top"},"field":{"valign":"inherit","align":"inherit"}},"datasource":{"loadRemote":false,"parameters":{}},"annotations":{},"field":{"lines":null,"input":{}}}},{"name":"Alvorlighetsgrad","localizedName":"Alvorlighetsgrad","localizedNames":{"en":"*Alvorlighetsgrad (nb)","nb":"Alvorlighetsgrad"},"localizedDescriptions":{"nb":"En vurdering av problemet eller diagnosens overordnede alvorlighetsgrad.","en":"*En vurdering av problemet eller diagnosens overordnede alvorlighetsgrad. (nb)"},"rmType":"DV_CODED_TEXT","nodeId":"at0005","min":0,"max":1,"aqlPath":"/content[openEHR-EHR-EVALUATION.problem_diagnosis.v1 and name/value='Intubasjonsproblem']/data[at0001]/items[at0005]/value","inputs":[{"suffix":"code","type":"CODED_TEXT","list":[{"value":"at0047","label":"Mild","ordinal":0,"localizedLabels":{"nb":"Mild","en":"*Mild (nb)"},"localizedDescriptions":{"nb":"Problemet eller diagnosen forstyrrer ikke normal aktivitet.","en":"*Problemet eller diagnosen forstyrrer ikke normal aktivitet. (nb)"}},{"value":"at0048","label":"Moderat","ordinal":0,"localizedLabels":{"nb":"Moderat","en":"*Moderat (nb)"},"localizedDescriptions":{"nb":"Problemet eller diagnosen forstyrrer normal aktivitet.","en":"*Problemet eller diagnosen forstyrrer normal aktivitet. (nb)"}},{"value":"at0049","label":"Alvorlig","ordinal":0,"localizedLabels":{"nb":"Alvorlig","en":"*Alvorlig (nb)"},"localizedDescriptions":{"nb":"Problemet eller diagnosen forhindrer normal aktivitet.","en":"*Problemet eller diagnosen forhindrer normal aktivitet. (nb)"}}],"listOpen":false}],"formId":"procedure_report/intubasjonsproblem@Intubasjonsproblem/alvorlighetsgrad","viewConfig":{"multiplicity":{"min":0,"max":1},"advanced":{"hidden":false,"readonly":false,"hideFrame":false,"render":false},"label":{"custom":false,"useLocalizations":false},"size":{"field":"inherit","label":"inherit"},"layout":{"label":{"valign":"inherit","align":"top"},"field":{"valign":"inherit","align":"inherit"}},"annotations":{},"field":{"code":{"presentation":"combobox","columns":"3"}}}},{"name":"Spacer","localizedName":"","localizedNames":{"nb":""},"localizedDescriptions":{},"rmType":"GENERIC_SPACER","min":0,"max":1,"inputs":[],"formId":"generic-field-98161","viewConfig":{"annotations":{},"field":{"height":25,"input":{"height":25}}}},{"name":"Kommentar","localizedName":"Kommentar","localizedNames":{"en":"*Kommentar (nb)","nb":"Kommentar"},"localizedDescriptions":{"nb":"Fritekstkommentar til graderingen.","en":"*Fritekstkommentar til graderingen. (nb)"},"rmType":"DV_TEXT","nodeId":"at0006","min":0,"max":1,"aqlPath":"/content[openEHR-EHR-EVALUATION.problem_diagnosis.v1 and name/value='Intubasjonsproblem']/data[at0001]/items[openEHR-EHR-CLUSTER.cormack_lehane.v1]/items[at0006]/value","inputs":[{"type":"TEXT","list":[],"listOpen":false}],"formId":"procedure_report/intubasjonsproblem@Intubasjonsproblem/cormack_lehane-klassifikasjon/kommentar","viewConfig":{"multiplicity":{"min":0,"max":1},"advanced":{"hidden":false,"readonly":false,"hideFrame":false,"render":false},"label":{"custom":false,"useLocalizations":false},"size":{"field":"inherit","label":"inherit"},"layout":{"label":{"valign":"inherit","align":"top"},"field":{"valign":"inherit","align":"inherit"}},"datasource":{"loadRemote":false,"parameters":{}},"annotations":{},"field":{"lines":null,"input":{}}}},{"name":"Kommentar","localizedName":"Kommentar","localizedNames":{"en":"*Kommentar (nb)","nb":"Kommentar"},"localizedDescriptions":{"nb":"Kommentar til mallampati klassifiseringen.","en":"*Kommentar til mallampati klassifiseringen. (nb)"},"rmType":"DV_TEXT","nodeId":"at0005","min":0,"max":1,"aqlPath":"/content[openEHR-EHR-EVALUATION.problem_diagnosis.v1 and name/value='Intubasjonsproblem']/data[at0001]/items[openEHR-EHR-CLUSTER.mallampati_classification.v1]/items[at0005]/value","inputs":[{"type":"TEXT","list":[],"listOpen":false}],"formId":"procedure_report/intubasjonsproblem@Intubasjonsproblem/modifisert_mallampati-klassifikasjon/kommentar","viewConfig":{"multiplicity":{"min":0,"max":1},"advanced":{"hidden":false,"readonly":false,"hideFrame":false,"render":false},"label":{"custom":false,"useLocalizations":false},"size":{"field":"inherit","label":"inherit"},"layout":{"label":{"valign":"inherit","align":"top"},"field":{"valign":"inherit","align":"inherit"}},"datasource":{"loadRemote":false,"parameters":{}},"annotations":{},"field":{"lines":null,"input":{}}}}]},{"name":"Annet problem ved anestesi ","localizedName":"Annet problem ved anestesi ","localizedNames":{"en":"*Annet problem ved anestesi  (en)","nb":"Annet problem ved anestesi "},"localizedDescriptions":{"nb":"Detaljer om én identifisert helsetilstand, skade, funksjonshemming eller annet forhold som påvirker et individs fysiske, mentale og/eller sosiale velvære.\n","en":"*Detaljer om én identifisert helsetilstand, skade, funksjonshemming eller annet forhold som påvirker et individs fysiske, mentale og/eller sosiale velvære.\n (nb)"},"rmType":"EVALUATION","nodeId":"openEHR-EHR-EVALUATION.problem_diagnosis.v1","min":0,"max":1,"aqlPath":"/content[openEHR-EHR-EVALUATION.problem_diagnosis.v1 and name/value='Annet problem ved anestesi ']","inputs":[],"formId":"procedure_report/annet_problem_ved_anestesi_@Annet problem ved anestesi ","viewConfig":{"multiplicity":{"min":0,"max":1},"advanced":{"hidden":false,"readonly":false,"hideFrame":false,"render":false},"label":{"custom":false,"useLocalizations":false},"size":{"field":"inherit","label":"inherit"},"layout":{"label":{"valign":"inherit","align":"inherit"},"field":{"valign":"inherit","align":"inherit"}},"annotations":{"headerSize":"text","description":""},"field":{},"tags":["ForceMinMultiplicity"]},"children":[{"name":"Anestesiproblem","localizedName":"Anestesiproblem","localizedNames":{"en":"*Problem/diagnosenavn (nb)","nb":"Anestesiproblem"},"localizedDescriptions":{"nb":"Identifisering av problemet eller diagnosen ved hjelp av navn.","en":"*Identifisering av problemet eller diagnosen ved hjelp av navn. (nb)"},"rmType":"DV_CODED_TEXT","nodeId":"at0002","min":1,"max":1,"aqlPath":"/content[openEHR-EHR-EVALUATION.problem_diagnosis.v1 and name/value='Annet problem ved anestesi ']/data[at0001]/items[at0002]/value","inputs":[{"suffix":"code","type":"CODED_TEXT","list":[{"value":"399248000","label":"Anestesi prosedyre","ordinal":0,"localizedLabels":{"nb":"Anestesi prosedyre","en":"*Anestesi prosedyre (nb)"},"localizedDescriptions":{}}],"defaultValue":"399248000","listOpen":false}],"formId":"procedure_report/annet_problem_ved_anestesi_@Annet problem ved anestesi /problem_diagnosenavn","viewConfig":{"multiplicity":{"min":1,"max":1},"advanced":{"hidden":true,"readonly":false,"hideFrame":false,"render":false},"label":{"custom":false,"useLocalizations":false},"size":{"field":"inherit","label":"inherit"},"layout":{"label":{"valign":"inherit","align":"inherit"},"field":{"valign":"inherit","align":"inherit"}},"annotations":{"IncludeIfContainerHasValue":"evaluation"},"field":{"code":{"presentation":"combobox","columns":"1"}}}},{"name":"Diagnosenavn","localizedName":"Anestesiproblem","localizedNames":{"en":"*Diagnosenavn (nb)","nb":"Anestesiproblem"},"localizedDescriptions":{"nb":"Navnet på problem/diagnose","en":"*Navnet på problem/diagnose (nb)"},"rmType":"DV_CODED_TEXT","nodeId":"at0001","min":0,"max":-1,"aqlPath":"/content[openEHR-EHR-EVALUATION.problem_diagnosis.v1 and name/value='Annet problem ved anestesi ']/data[at0001]/items[openEHR-EHR-CLUSTER.problem_diagnosis_dips.v1]/items[at0001]/value","inputs":[{"suffix":"code","type":"TEXT","terminology":"ARK-ANE-ANESTESIPROBLEM?subset=ARK-ANE-ANESTESIPROBLEM&language=en-GB","listOpen":false},{"suffix":"value","type":"TEXT","terminology":"ARK-ANE-ANESTESIPROBLEM?subset=ARK-ANE-ANESTESIPROBLEM&language=en-GB","listOpen":false}],"formId":"procedure_report/annet_problem_ved_anestesi_@Annet problem ved anestesi /problem_diagnose_detaljer/diagnosenavn","viewConfig":{"multiplicity":{"min":0,"max":-1},"advanced":{"hidden":false,"readonly":false,"hideFrame":false,"render":false},"label":{"custom":false,"useLocalizations":false},"size":{"field":"inherit","label":"inherit"},"layout":{"label":{"valign":"inherit","align":"top"},"field":{"valign":"inherit","align":"inherit"}},"datasource":{"loadRemote":true,"loadRemoteUrl":"ARK-ANE-ANESTESIPROBLEM?subset=ARK-ANE-ANESTESIPROBLEM&language=en-GB"},"annotations":{"codeditem.displayformat":"name"},"field":{},"tags":["ShowAsMultiComboBox"]}},{"name":"Forløpsbeskrivelse","localizedName":"Forløpsbeskrivelse","localizedNames":{"en":"*Forløpsbeskrivelse (nb)","nb":"Forløpsbeskrivelse"},"localizedDescriptions":{"nb":"Fritekstbeskrivelse av forløpet av problemet eller diagnosen siden debut.","en":"*Fritekstbeskrivelse av forløpet av problemet eller diagnosen siden debut. (nb)"},"rmType":"DV_CODED_TEXT","nodeId":"at0072","min":0,"max":1,"aqlPath":"/content[openEHR-EHR-EVALUATION.problem_diagnosis.v1 and name/value='Annet problem ved anestesi ']/data[at0001]/items[at0072]/value","inputs":[{"suffix":"code","type":"TEXT","terminology":"ARK-ANE-PROBLEM-TIDSPUNKT?subset=ARK-ANE-PROBLEM-TIDSPUNKT&language=en-GB","listOpen":false},{"suffix":"value","type":"TEXT","terminology":"ARK-ANE-PROBLEM-TIDSPUNKT?subset=ARK-ANE-PROBLEM-TIDSPUNKT&language=en-GB","listOpen":false}],"formId":"procedure_report/annet_problem_ved_anestesi_@Annet problem ved anestesi /forløpsbeskrivelse","viewConfig":{"multiplicity":{"min":0,"max":1},"advanced":{"hidden":false,"readonly":false,"hideFrame":false,"render":false},"label":{"custom":false,"useLocalizations":false},"size":{"field":"inherit","label":"inherit"},"layout":{"label":{"valign":"inherit","align":"top"},"field":{"valign":"inherit","align":"inherit"}},"datasource":{"loadRemote":true,"loadRemoteUrl":"ARK-ANE-PROBLEM-TIDSPUNKT?subset=ARK-ANE-PROBLEM-TIDSPUNKT&language=en-GB"},"annotations":{"codeditem.displayformat":"name"},"field":{},"tags":["ShowAsCombobox"]}},{"name":"Klinisk beskrivelse","localizedName":"Klinisk beskrivelse","localizedNames":{"en":"*Klinisk beskrivelse (nb)","nb":"Klinisk beskrivelse"},"localizedDescriptions":{"nb":"Fritekstbeskrivelse av problemet eller diagnosen.","en":"*Fritekstbeskrivelse av problemet eller diagnosen. (nb)"},"rmType":"DV_TEXT","nodeId":"at0009","min":0,"max":1,"aqlPath":"/content[openEHR-EHR-EVALUATION.problem_diagnosis.v1 and name/value='Annet problem ved anestesi ']/data[at0001]/items[at0009]/value","inputs":[{"type":"TEXT","list":[],"listOpen":false}],"formId":"procedure_report/annet_problem_ved_anestesi_@Annet problem ved anestesi /klinisk_beskrivelse","viewConfig":{"multiplicity":{"min":0,"max":1},"advanced":{"hidden":false,"readonly":false,"hideFrame":false,"render":false},"label":{"custom":false,"useLocalizations":false},"size":{"field":"inherit","label":"inherit"},"layout":{"label":{"valign":"inherit","align":"top"},"field":{"valign":"inherit","align":"inherit"}},"datasource":{"loadRemote":false,"parameters":{}},"annotations":{},"field":{"lines":null,"input":{}}}},{"name":"Alvorlighetsgrad","localizedName":"Alvorlighetsgrad","localizedNames":{"en":"*Alvorlighetsgrad (nb)","nb":"Alvorlighetsgrad"},"localizedDescriptions":{"nb":"En vurdering av problemet eller diagnosens overordnede alvorlighetsgrad.","en":"*En vurdering av problemet eller diagnosens overordnede alvorlighetsgrad. (nb)"},"rmType":"DV_CODED_TEXT","nodeId":"at0005","min":0,"max":1,"aqlPath":"/content[openEHR-EHR-EVALUATION.problem_diagnosis.v1 and name/value='Annet problem ved anestesi ']/data[at0001]/items[at0005]/value","inputs":[{"suffix":"code","type":"CODED_TEXT","list":[{"value":"at0047","label":"Mild","ordinal":0,"localizedLabels":{"nb":"Mild","en":"*Mild (nb)"},"localizedDescriptions":{"nb":"Problemet eller diagnosen forstyrrer ikke normal aktivitet.","en":"*Problemet eller diagnosen forstyrrer ikke normal aktivitet. (nb)"}},{"value":"at0048","label":"Moderat","ordinal":0,"localizedLabels":{"nb":"Moderat","en":"*Moderat (nb)"},"localizedDescriptions":{"nb":"Problemet eller diagnosen forstyrrer normal aktivitet.","en":"*Problemet eller diagnosen forstyrrer normal aktivitet. (nb)"}},{"value":"at0049","label":"Alvorlig","ordinal":0,"localizedLabels":{"nb":"Alvorlig","en":"*Alvorlig (nb)"},"localizedDescriptions":{"nb":"Problemet eller diagnosen forhindrer normal aktivitet.","en":"*Problemet eller diagnosen forhindrer normal aktivitet. (nb)"}}],"listOpen":false}],"formId":"procedure_report/annet_problem_ved_anestesi_@Annet problem ved anestesi /alvorlighetsgrad","viewConfig":{"multiplicity":{"min":0,"max":1},"advanced":{"hidden":false,"readonly":false,"hideFrame":false,"render":false},"label":{"custom":false,"useLocalizations":false},"size":{"field":"inherit","label":"inherit"},"layout":{"label":{"valign":"inherit","align":"top"},"field":{"valign":"inherit","align":"inherit"}},"annotations":{},"field":{"code":{"presentation":"combobox","columns":"3"}}}}]}]}