{"formId":"form_root","name":"Form root","rmType":"FORM_DEFINITION","viewConfig":{"label":{"custom":false,"value":"","useLocalizations":true,"localizationsList":{"nb":"Tilsyn:"}},"size":{"field":"inherit","label":"inherit","fill":"inherit"},"layout":{"label":{"valign":"inherit","align":"inherit"},"field":{"valign":"inherit","align":"inherit"}},"tags":[],"annotations":{"#TILSYN":"openEHR-EHR-ADMIN_ENTRY.hv_pasientliste_tilsyn.v0?scope=episodeofcare"}},"language":"nb","templateLanguages":["nb"],"children":[{"localizedName":"Fieldset","localizedNames":{"nb":"Fieldset"},"min":0,"max":-1,"name":"Fieldset","rmType":"GENERIC_FIELDSET","fid":"generic-field-44004","formId":"generic-field-44004","viewConfig":{"size":{"field":"inherit","label":"inherit","fill":"inherit"},"layout":{"field":{"valign":"inherit","align":"inherit"}},"field":{},"label":{"custom":true,"value":"Tilsyn"}},"children":[{"name":"Tilsyn","localizedName":"Tilsyn","rmType":"DV_TEXT","nodeId":"at0002","min":0,"max":-1,"localizedNames":{"nb":"Tilsyn"},"localizedDescriptions":{"nb":"Registrer tilsyn"},"aqlPath":"/content[openEHR-EHR-ADMIN_ENTRY.hv_pasientliste_tilsyn.v0]/data[at0001]/items[at0002]/value","inputs":[{"type":"TEXT"}],"fid":"tilsyn_pasientliste/hv_pasientliste_tilsyn/tilsyn","formId":"tilsyn_pasientliste/hv_pasientliste_tilsyn/tilsyn","defaultValue":{"value":""},"viewConfig":{"label":{"custom":true,"value":"Angi behov for tilsyn","useLocalizations":true,"localizationsList":{"nb":"Tilsyn"}},"advanced":{"hidden":false,"readonly":false},"multiplicity":{"min":"0","max":"1"},"size":{"field":"inherit","label":"inherit","fill":"inherit"},"layout":{"label":{"valign":"inherit","align":"top"},"field":{"valign":"inherit","align":"inherit"}},"tags":[],"datasource":{"loadRemote":false,"loadRemoteUrl":"","terminology":""},"annotations":{"select":"{#TILSYN:/data[at0001]/items[at0002]/value}"},"field":{"input":{"presentation":"textarea","lines":"2"}}}}]}]}