{"formId":"form_root","name":"Form root","rmType":"FORM_DEFINITION","viewConfig":{"label":{"custom":false,"value":"","useLocalizations":false,"localizationsList":{}},"size":{"field":"inherit","label":"inherit","fill":"inherit"},"layout":{"valign":"inherit","align":"inherit"},"tags":[],"annotations":{"reuseComposition":"select c from composition c contains observation e[openEHR-EHR-OBSERVATION.kat_status.v2] where c/archetype_details/template_id/value = 'KAT status V2' order by a/context/start_time/value desc fetch 1?scope=episodeofcare"}},"templateLanguages":["nb"],"children":[{"name":"Status KAT","localizedName":"Status KAT","rmType":"DV_CODED_TEXT","nodeId":"at0004","min":"0","max":"1","localizedNames":{"nb":"Status KAT"},"localizedDescriptions":{"nb":"Status på urinveiskateter"},"aqlPath":"/content[openEHR-EHR-OBSERVATION.kat_status.v2]/data[at0001]/events[at0002]/data[at0003]/items[at0004]/value","inputs":[{"suffix":"code","type":"CODED_TEXT","list":[{"value":"at0006","label":"Ja","localizedLabels":{"nb":"Ja"},"localizedDescriptions":{"nb":"Urinveiskateter er innlagt - sjekk indikasjon"}},{"value":"at0007","label":"Nei","localizedLabels":{"nb":"Nei"},"localizedDescriptions":{"nb":"Pasienten har ikke urinveiskateter"}},{"value":"at0008","label":"Fjernet","localizedLabels":{"nb":"Fjernet"},"localizedDescriptions":{"nb":"Urinveiskateter er fjernet"}}]}],"formId":"kat_status_v2/kat_status/status_kat","viewConfig":{"size":{"field":"inherit","label":"inherit","fill":"inherit"},"layout":{"label":{"valign":"inherit","align":"top"},"field":{"valign":"inherit","align":"inherit"}},"datasource":{"loadRemote":false,"loadRemoteUrl":"","terminology":""},"advanced":{"hidden":false,"readonly":false},"tags":[],"field":{"code":{"presentation":"combobox","columns":"4"}}}},{"name":"Indikasjon","localizedName":"Indikasjon","rmType":"DV_BOOLEAN","nodeId":"at0009","min":"0","max":"1","localizedNames":{"nb":"Indikasjon"},"localizedDescriptions":{"nb":"*"},"aqlPath":"/content[openEHR-EHR-OBSERVATION.kat_status.v2]/data[at0001]/events[at0002]/data[at0003]/items[at0009]/value","inputs":[{"type":"BOOLEAN","list":[{"value":"true","label":"true"}]}],"formId":"kat_status_v2/kat_status/indikasjon","viewConfig":{"size":{"field":"inherit","label":"inherit","fill":"inherit"},"layout":{"label":{"valign":"inherit","align":"top"},"field":{"valign":"inherit","align":"inherit"}},"datasource":{"loadRemote":false,"loadRemoteUrl":"","terminology":""},"advanced":{"hidden":false,"readonly":false},"tags":[],"field":{"input":{"threeState":false}}}}]}