[{"col":1,"row":1,"width":12,"height":91,"children":[{"id":"generic-field-15703","rows":[{"cols":[{"width":"60%","children":[{"id":"utvidet_operasjonsbestilling/problem_diagnose","rows":[{"cols":[{"width":"100%","children":[{"id":"utvidet_operasjonsbestilling/problem_diagnose/indikasjon@Indikasjon","rows":[]}]}]}]}]},{"width":"40%","children":[{"id":"operatørvurdering/prosedyre/reoperasjonsdetaljer","rows":[{"cols":[{"width":"100%","children":[{"id":"operatørvurdering/prosedyre/reoperasjonsdetaljer/årsak_til_reoperasjon","rows":[]}]}]}]}]}]},{"cols":[{"width":"100%","children":[{"id":"utvidet_operasjonsbestilling/problem_diagnose/problem_diagnose_detaljer","rows":[{"cols":[{"width":"100%","children":[{"id":"utvidet_operasjonsbestilling/problem_diagnose/problem_diagnose_detaljer/diagnosenavn","rows":[]}]}]}]}]}]},{"cols":[{"width":"100%","children":[]}]}]},{"id":"utvidet_operasjonsbestilling/prosedyre","rows":[{"cols":[{"width":"100%","children":[{"id":"operatørvurdering/prosedyre/ism_transition","rows":[{"cols":[{"width":"100%","children":[{"id":"operatørvurdering/prosedyre/ism_transition/transition","rows":[]},{"id":"operatørvurdering/prosedyre/ism_transition/current_state","rows":[]},{"id":"operatørvurdering/prosedyre/ism_transition/careflow_step","rows":[]}]}]}]},{"id":"operatørvurdering/prosedyre/prosedyretype","rows":[]},{"id":"generic-field-04346","rows":[{"cols":[{"width":"60%","children":[{"id":"utvidet_operasjonsbestilling/prosedyre/operasjonstype@Operasjonstype","rows":[]}]},{"width":"40%","children":[{"id":"utvidet_operasjonsbestilling/prosedyre/beskrivelse","rows":[]}]}]}]},{"id":"utvidet_operasjonsbestilling/prosedyre/prosedyredetaljer","rows":[{"cols":[{"width":"100%","children":[{"id":"utvidet_operasjonsbestilling/prosedyre/prosedyredetaljer/prosedyrenavn","rows":[]},{"id":"operatørvurdering/prosedyre/prosedyredetaljer/legens_beskrivelse@Legens beskrivelse","rows":[]},{"id":"operatørvurdering/prosedyre/prosedyredetaljer/prosedyretype","rows":[]}]}]}]},{"id":"utvidet_operasjonsbestilling/prosedyre/estimert_knivtid","rows":[{"cols":[{"width":"100%","children":[{"id":"utvidet_operasjonsbestilling/prosedyre/estimert_knivtid/median_knivtid","rows":[]},{"id":"operatørvurdering/prosedyre/estimert_knivtid/estimert_knivtid","rows":[]}]}]}]}]}]}]},{"id":"utvidet_operasjonsbestilling/prosedyre/helsetjenesteressurs","rows":[{"cols":[{"width":"31%","children":[{"id":"utvidet_operasjonsbestilling/prosedyre/helsetjenesteressurs/obligatorisk","rows":[]}]},{"width":"69%","children":[{"id":"operatørvurdering/prosedyre/helsetjenesteressurs/ressurstype","rows":[]},{"id":"operatørvurdering/prosedyre/helsetjenesteressurs/hovedkirurg@Hovedkirurg","rows":[]}]}]}]}]},{"col":1,"row":92,"width":12,"height":61,"children":[{"id":"operatørvurdering/prosedyre/operasjonsdetaljer","rows":[{"cols":[{"width":"58%","children":[{"id":"operatørvurdering/prosedyre/operasjonsdetaljer/operasjonsleie","rows":[]},{"id":"operatørvurdering/prosedyre/operasjonsdetaljer/avdekning_incisjon","rows":[{"cols":[{"width":"100%","children":[{"id":"operatørvurdering/prosedyre/operasjonsdetaljer/avdekning_incisjon/avdekning_incisjon","rows":[]},{"id":"operatørvurdering/prosedyre/operasjonsdetaljer/avdekning_incisjon/side","rows":[]}]}]}]}]},{"width":"42%","children":[{"id":"operatørvurdering/prosedyre/operasjonsdetaljer/kommentar","rows":[]}]}]}]},{"id":"generic-field-87411","rows":[]},{"id":"generic-field-29147","rows":[{"cols":[{"width":"100%","children":[{"id":"operatørvurdering/antibiotikaprofylakse_under_operasjon@Antibiotikaprofylakse under operasjon","rows":[{"cols":[{"width":"65%","children":[{"id":"operatørvurdering/antibiotikaprofylakse_under_operasjon@Antibiotikaprofylakse under operasjon/begrunnelse","rows":[]},{"id":"generic-field-16446","rows":[]},{"id":"operatørvurdering/antibiotikaprofylakse_under_operasjon@Antibiotikaprofylakse under operasjon/anbefaling","rows":[]}]}]}]},{"id":"operatørvurdering/tromboseprofylakse_under_operasjon@Tromboseprofylakse under operasjon","rows":[{"cols":[{"width":"65%","children":[{"id":"operatørvurdering/tromboseprofylakse_under_operasjon@Tromboseprofylakse under operasjon/begrunnelse","rows":[]},{"id":"operatørvurdering/tromboseprofylakse_under_operasjon@Tromboseprofylakse under operasjon/anbefaling","rows":[]}]}]}]},{"id":"operatørvurdering/fibrinolysehemmer@Fibrinolysehemmer","rows":[{"cols":[{"width":"65%","children":[{"id":"operatørvurdering/fibrinolysehemmer@Fibrinolysehemmer/begrunnelse","rows":[]},{"id":"operatørvurdering/fibrinolysehemmer@Fibrinolysehemmer/anbefaling","rows":[]}]}]}]}]}]}]},{"id":"generic-field-01040","rows":[]},{"id":"utvidet_operasjonsbestilling/anestesirekvirering@Anestesirekvirering","rows":[{"cols":[{"width":"100%","children":[{"id":"utvidet_operasjonsbestilling/anestesirekvirering@Anestesirekvirering/rekvirering","rows":[{"cols":[{"width":"50%","children":[{"id":"utvidet_operasjonsbestilling/anestesirekvirering@Anestesirekvirering/rekvirering/ønsket_anestesi@Ønsket anestesi","rows":[]}]},{"width":"50%","children":[{"id":"utvidet_operasjonsbestilling/anestesirekvirering@Anestesirekvirering/rekvirering/kommentar@Kommentar","rows":[]}]}]}]}]}]}]},{"id":"operatørvurdering/asa-klassifikasjon","rows":[{"cols":[{"width":"100%","children":[{"id":"operatørvurdering/asa-klassifikasjon/uspesifisert_tidspunkthendelse","rows":[{"cols":[{"width":"50%","children":[{"id":"operatørvurdering/asa-klassifikasjon/uspesifisert_tidspunkthendelse/asa-status","rows":[]}]},{"width":"50%","children":[{"id":"operatørvurdering/asa-klassifikasjon/uspesifisert_tidspunkthendelse/kommentar","rows":[]}]}]}]}]}]}]}]},{"col":1,"row":153,"width":12,"height":65,"children":[{"id":"generic-field-06123","rows":[{"cols":[{"width":"100%","children":[{"id":"operatørvurdering/gips@Gips","rows":[{"cols":[{"width":"50%","children":[{"id":"operatørvurdering/gips@Gips/forespørsel/anvende_gips@Anvende gips","rows":[]}]},{"width":"50%","children":[{"id":"operatørvurdering/gips@Gips/forespørsel/tjenestetype","rows":[]}]}]}]},{"id":"operatørvurdering/blodtomhet@Blodtomhet","rows":[{"cols":[{"width":"50%","children":[{"id":"operatørvurdering/blodtomhet@Blodtomhet/forespørsel/blodtomhet@Blodtomhet","rows":[]}]},{"width":"50%","children":[{"id":"operatørvurdering/blodtomhet@Blodtomhet/forespørsel/tjenestetype","rows":[]}]}]}]},{"id":"operatørvurdering/tarmtømming@Tarmtømming","rows":[{"cols":[{"width":"50%","children":[{"id":"operatørvurdering/tarmtømming@Tarmtømming/forespørsel/tarmtømming@Tarmtømming","rows":[]}]},{"width":"50%","children":[{"id":"operatørvurdering/tarmtømming@Tarmtømming/forespørsel/tjenestetype","rows":[]}]}]}]},{"id":"operatørvurdering/blodprøver@Blodprøver","rows":[{"cols":[{"width":"50%","children":[{"id":"operatørvurdering/blodprøver@Blodprøver/forespørsel/blodprøver_skal_tas@Blodprøver skal tas","rows":[]}]},{"width":"50%","children":[{"id":"operatørvurdering/blodprøver@Blodprøver/forespørsel/tjenestetype","rows":[]}]}]}]},{"id":"operatørvurdering/prosedyre/gjennomlysning@Gjennomlysning","rows":[{"cols":[{"width":"50%","children":[{"id":"operatørvurdering/prosedyre/gjennomlysning@Gjennomlysning/gjennomlysning@Gjennomlysning","rows":[]}]},{"width":"50%","children":[]}]}]}]}]}]}]},{"col":1,"row":218,"width":12,"height":51,"children":[{"id":"operatørvurdering/admin_planlegging@Admin planlegging","rows":[{"cols":[{"width":"100%","children":[{"id":"operatørvurdering/admin_planlegging@Admin planlegging/preoperativ_administrativ_planlegging","rows":[{"cols":[{"width":"50%","children":[{"id":"operatørvurdering/admin_planlegging@Admin planlegging/preoperativ_administrativ_planlegging/turnuslege_skal_ta_innkomst","rows":[]},{"id":"operatørvurdering/admin_planlegging@Admin planlegging/preoperativ_administrativ_planlegging/ønsker_rehab_opphold","rows":[]},{"id":"operatørvurdering/admin_planlegging@Admin planlegging/preoperativ_administrativ_planlegging/kort_varsel","rows":[]}]},{"width":"50%","children":[{"id":"operatørvurdering/admin_planlegging@Admin planlegging/preoperativ_administrativ_planlegging/medisinsk_vurdering@Medisinsk vurdering","rows":[{"cols":[{"width":"100%","children":[{"id":"operatørvurdering/admin_planlegging@Admin planlegging/preoperativ_administrativ_planlegging/medisinsk_vurdering@Medisinsk vurdering/er_henvist_medisinsk_vurdering@Er henvist medisinsk vurdering","rows":[]}]}]}]},{"id":"operatørvurdering/admin_planlegging@Admin planlegging/preoperativ_administrativ_planlegging/preoperativ_røntgen","rows":[{"cols":[{"width":"100%","children":[{"id":"operatørvurdering/admin_planlegging@Admin planlegging/preoperativ_administrativ_planlegging/preoperativ_røntgen/er_henvist_rtg._preop.","rows":[]}]}]}]}]}]},{"cols":[{"width":"50%","children":[{"id":"operatørvurdering/admin_planlegging@Admin planlegging/preoperativ_administrativ_planlegging/oppmøte","rows":[]},{"id":"operatørvurdering/admin_planlegging@Admin planlegging/preoperativ_administrativ_planlegging/type_anestesiklarering","rows":[]}]},{"width":"50%","children":[{"id":"operatørvurdering/admin_planlegging@Admin planlegging/preoperativ_administrativ_planlegging/beskjed_til_koordinator","rows":[]}]}]}]}]}]}]}]},{"col":1,"row":269,"width":12,"height":66,"children":[{"id":"operatørvurdering/informasjon_gitt@Informasjon gitt","rows":[{"cols":[{"width":"50%","children":[{"id":"operatørvurdering/informasjon_gitt@Informasjon gitt/ism_transition","rows":[{"cols":[{"width":"100%","children":[{"id":"operatørvurdering/informasjon_gitt@Informasjon gitt/ism_transition/transition","rows":[]},{"id":"operatørvurdering/informasjon_gitt@Informasjon gitt/ism_transition/current_state","rows":[]},{"id":"operatørvurdering/informasjon_gitt@Informasjon gitt/ism_transition/careflow_step","rows":[]}]}]}]},{"id":"operatørvurdering/informasjon_gitt@Informasjon gitt/informasjon_gitt@Informasjon gitt","rows":[]},{"id":"operatørvurdering/informasjon_gitt@Informasjon gitt/informasjon_gitt@Informasjon gitt2","rows":[]}]},{"width":"50%","children":[{"id":"operatørvurdering/informasjon_gitt@Informasjon gitt/beskrivelse","rows":[]}]}]}]},{"id":"operatørvurdering/endelig_klarering_av_operatør@Endelig klarering av operatør","rows":[{"cols":[{"width":"100%","children":[{"id":"operatørvurdering/endelig_klarering_av_operatør@Endelig klarering av operatør/klarering_operatør@Klarering operatør","rows":[{"cols":[{"width":"100%","children":[{"id":"operatørvurdering/endelig_klarering_av_operatør@Endelig klarering av operatør/klarering_operatør@Klarering operatør/ism_transition","rows":[{"cols":[{"width":"100%","children":[{"id":"operatørvurdering/endelig_klarering_av_operatør@Endelig klarering av operatør/klarering_operatør@Klarering operatør/ism_transition/current_state","rows":[]},{"id":"operatørvurdering/endelig_klarering_av_operatør@Endelig klarering av operatør/klarering_operatør@Klarering operatør/ism_transition/careflow_step","rows":[]}]}]}]},{"id":"operatørvurdering/endelig_klarering_av_operatør@Endelig klarering av operatør/klarering_operatør@Klarering operatør/prosedyrenavn","rows":[]},{"id":"operatørvurdering/endelig_klarering_av_operatør@Endelig klarering av operatør/klarering_operatør@Klarering operatør/resultat","rows":[]},{"id":"generic-field-04377","rows":[{"cols":[{"width":"50%","children":[{"id":"operatørvurdering/endelig_klarering_av_operatør@Endelig klarering av operatør/klarering_operatør@Klarering operatør/provider","rows":[]},{"id":"operatørvurdering/endelig_klarering_av_operatør@Endelig klarering av operatør/klarering_operatør@Klarering operatør/kommentar","rows":[]}]},{"width":"50%","children":[]}]}]}]}]}]}]}]}]},{"id":"generic-field-60146","rows":[]}]}]