{"name":"Form root","localizedNames":{},"localizedDescriptions":{},"rmType":"FORM_DEFINITION","min":0,"max":0,"formId":"form_root","viewConfig":{"label":{"custom":false,"useLocalizations":false},"size":{"field":"inherit","label":"inherit"},"layout":{"label":{"valign":"inherit","align":"inherit"},"field":{"valign":"inherit","align":"inherit"}},"annotations":{}},"children":[{"name":"Klinisk kontakt","localizedName":"Klinisk kontakt","localizedNames":{"en":"*Klinisk kontakt (nb)","nb":"Klinisk kontakt"},"localizedDescriptions":{"nb":"Interaksjon, kontakt eller omsorgshendelse mellom et individ og helsepersonell.","en":"*Interaksjon, kontakt eller omsorgshendelse mellom et individ og helsepersonell. (nb)"},"rmType":"COMPOSITION","nodeId":"openEHR-EHR-COMPOSITION.encounter.v1","min":1,"max":1,"aqlPath":"/","inputs":[],"formId":"klinisk_kontakt","viewConfig":{"multiplicity":{"min":1,"max":1},"advanced":{"hidden":false,"readonly":false,"hideFrame":false,"render":false},"label":{"custom":false,"useLocalizations":false},"size":{"field":"inherit","label":"-1"},"layout":{"label":{"valign":"inherit","align":"top"},"field":{"valign":"inherit","align":"inherit"}},"annotations":{},"field":{},"tags":["HideLabel"]},"children":[{"name":"Start time","localizedName":"Start time","localizedNames":{"en":"*Start time (en)","nb":"Start time"},"localizedDescriptions":{},"rmType":"DV_DATE_TIME","min":0,"max":1,"aqlPath":"/context/start_time","inputs":[{"type":"DATETIME","listOpen":false}],"formId":"klinisk_kontakt/start_time","viewConfig":{"multiplicity":{"min":0,"max":1},"advanced":{"hidden":false,"readonly":false,"hideFrame":false,"render":false},"label":{"custom":false,"useLocalizations":false},"size":{"field":"inherit","label":"inherit"},"layout":{"label":{"valign":"inherit","align":"inherit"},"field":{"valign":"inherit","align":"inherit"}},"annotations":{},"field":{"input":{"hideTime":false,"dateFormat":"","hideDate":false}}}},{"name":"Problem/diagnose","localizedName":"Problem/diagnose","localizedNames":{"en":"*Problem/diagnose (nb)","nb":"Problem/diagnose"},"localizedDescriptions":{"nb":"Detaljer om én identifisert helsetilstand, skade, funksjonshemming eller annet forhold som påvirker et individs fysiske, mentale og/eller sosiale velvære.\n","en":"*Detaljer om én identifisert helsetilstand, skade, funksjonshemming eller annet forhold som påvirker et individs fysiske, mentale og/eller sosiale velvære.\n (nb)"},"rmType":"EVALUATION","nodeId":"openEHR-EHR-EVALUATION.problem_diagnosis.v1","min":0,"max":1,"aqlPath":"/content[openEHR-EHR-EVALUATION.problem_diagnosis.v1]","inputs":[],"formId":"klinisk_kontakt/problem_diagnose","viewConfig":{"multiplicity":{"min":0,"max":1},"advanced":{"hidden":false,"readonly":false,"hideFrame":false,"render":false},"label":{"custom":false,"useLocalizations":false},"size":{"field":"inherit","label":"-1"},"layout":{"label":{"valign":"inherit","align":"inherit"},"field":{"valign":"inherit","align":"inherit"}},"annotations":{"validateemptycontainer":"False"},"field":{},"tags":["HideLabel"]},"children":[{"name":"Problem/diagnosenavn","localizedName":"Problem/diagnosenavn","localizedNames":{"en":"*Problem/diagnosenavn (nb)","nb":"Har pasienten diagnose?"},"localizedDescriptions":{"nb":"Identifisering av problemet eller diagnosen ved hjelp av navn.","en":"*Identifisering av problemet eller diagnosen ved hjelp av navn. (nb)"},"rmType":"DV_CODED_TEXT","nodeId":"at0002","min":1,"max":1,"aqlPath":"/content[openEHR-EHR-EVALUATION.problem_diagnosis.v1]/data[at0001]/items[at0002]/value","inputs":[{"suffix":"code","type":"CODED_TEXT","list":[{"value":"44054006","label":"Diabetes type 2","ordinal":0,"localizedLabels":{"nb":"Diabetes type 2","en":"*Diabetes type 2 (nb)"},"localizedDescriptions":{}}],"listOpen":false}],"formId":"klinisk_kontakt/problem_diagnose/problem_diagnosenavn","viewConfig":{"multiplicity":{"min":1,"max":1},"advanced":{"hidden":false,"readonly":false,"hideFrame":false,"render":false},"label":{"custom":false,"useLocalizations":false},"size":{"field":"inherit","label":"inherit"},"layout":{"label":{"valign":"inherit","align":"inherit"},"field":{"valign":"inherit","align":"inherit"}},"annotations":{},"field":{"code":{"presentation":"radios","columns":"1"}}}},{"name":"time","localizedName":"time","localizedNames":{"en":"*time (en)","nb":"time"},"localizedDescriptions":{},"rmType":"DV_INTERVAL<DV_DATE_TIME>","min":0,"max":1,"aqlPath":"/content[openEHR-EHR-EVALUATION.problem_diagnosis.v1]/other_participations/time","inputs":[],"formId":"klinisk_kontakt/problem_diagnose/other_participations/time","viewConfig":{"multiplicity":{"min":0,"max":1},"advanced":{"hidden":false,"readonly":false,"hideFrame":false,"render":false},"label":{"custom":false,"useLocalizations":false},"size":{"field":"inherit","label":"inherit"},"layout":{"label":{"valign":"inherit","align":"inherit"},"field":{"valign":"inherit","align":"inherit"}},"annotations":{}},"children":[{"localizedNames":{},"localizedDescriptions":{},"rmType":"DV_DATE_TIME","min":0,"max":0,"aqlPath":"/content[openEHR-EHR-EVALUATION.problem_diagnosis.v1]/other_participations/time/upper","inputs":[{"type":"DATETIME","listOpen":false}],"formId":"klinisk_kontakt/problem_diagnose/other_participations/time/upper","viewConfig":{"annotations":{},"field":{"input":{"hideTime":false,"dateFormat":"","hideDate":false}}}},{"localizedNames":{},"localizedDescriptions":{},"rmType":"DV_DATE_TIME","min":0,"max":0,"aqlPath":"/content[openEHR-EHR-EVALUATION.problem_diagnosis.v1]/other_participations/time/lower","inputs":[{"type":"DATETIME","listOpen":false}],"formId":"klinisk_kontakt/problem_diagnose/other_participations/time/lower","viewConfig":{"annotations":{},"field":{"input":{"hideTime":false,"dateFormat":"","hideDate":false}}}}]}]}]}]}