[{"col":1,"row":1,"width":12,"height":69,"children":[{"id":"klinisk_kontakt","rows":[{"cols":[{"width":"100%","children":[{"id":"klinisk_kontakt/start_time","rows":[]},{"id":"klinisk_kontakt/problem_diagnose","rows":[{"cols":[{"width":"100%","children":[{"id":"klinisk_kontakt/problem_diagnose/problem_diagnosenavn","rows":[]},{"id":"klinisk_kontakt/problem_diagnose/other_participations/time","rows":[{"cols":[{"width":"100%","children":[{"id":"klinisk_kontakt/problem_diagnose/other_participations/time/upper"},{"id":"klinisk_kontakt/problem_diagnose/other_participations/time/lower"}]}]}]}]}]}]}]}]}]}]}]