[{"col":1,"row":1,"width":12,"height":92,"children":[{"id":"klinisk_kontakt","rows":[{"cols":[{"width":"100%","children":[{"id":"klinisk_kontakt/start_time","rows":[]},{"id":"klinisk_kontakt/stratify","rows":[{"cols":[{"width":"100%","children":[{"id":"klinisk_kontakt/stratify/event_series/origin","rows":[]},{"id":"klinisk_kontakt/stratify/uspesifisert_hendelse","rows":[{"cols":[{"width":"100%","children":[{"id":"klinisk_kontakt/stratify/uspesifisert_hendelse/fall_de_siste_tre_måneder","rows":[]},{"id":"klinisk_kontakt/stratify/uspesifisert_hendelse/synshemminger","rows":[]},{"id":"klinisk_kontakt/stratify/uspesifisert_hendelse/urolig_atferd","rows":[]},{"id":"klinisk_kontakt/stratify/uspesifisert_hendelse/hyppige_toalettbesøk","rows":[]},{"id":"klinisk_kontakt/stratify/uspesifisert_hendelse/forflytning_+_rørlighet_gangfunksjon/forflytning_fra_seng_til_stol","rows":[]},{"id":"klinisk_kontakt/stratify/uspesifisert_hendelse/forflytning_+_rørlighet_gangfunksjon/rørlighet_gangfunksjon","rows":[]}]}]}]}]}]}]}]}]}]}]},{"col":13,"row":1,"width":11,"height":92,"children":[{"id":"klinisk_kontakt/stratify/uspesifisert_hendelse/forflytning_+_rørlighet_gangfunksjon/svarpoeng","rows":[]},{"id":"klinisk_kontakt/stratify/uspesifisert_hendelse/poeng_totalt","rows":[]},{"id":"generic-field-13206","rows":[{"cols":[{"width":"100%","children":[{"id":"generic-field-83484","rows":[{"cols":[{"width":"100%","children":[{"id":"generic-field-97048","rows":[]}]}]}]},{"id":"generic-field-48868","rows":[{"cols":[{"width":"100%","children":[{"id":"generic-field-64668","rows":[]}]}]}]},{"id":"generic-field-92540","rows":[{"cols":[{"width":"100%","children":[{"id":"generic-field-58459","rows":[]}]}]}]}]}]}]},{"id":"generic-field-24523","rows":[{"cols":[{"width":"100%","children":[{"id":"generic-field-86650","rows":[]}]}]}]}]}]