{"name":"Form root","localizedNames":{},"localizedDescriptions":{},"rmType":"FORM_DEFINITION","min":0,"max":0,"formId":"form_root","viewConfig":{"label":{"custom":false,"useLocalizations":false},"size":{"field":"inherit","label":"inherit"},"layout":{"label":{"valign":"inherit","align":"top"},"field":{"valign":"inherit","align":"inherit"}},"annotations":{"reuseComposition":"SELECT c FROM COMPOSITION c[openEHR-EHR-COMPOSITION.hv_tm_kad_dips.v1] order by c/context/start_time/value desc fetch 1?scope=periodofcare"}},"children":[{"name":"KAD","localizedName":"KAD","localizedNames":{"en":"*KAD (nb)","nb":"Har pasienten kateter"},"localizedDescriptions":{"nb":"Status på innlagt KAD","en":"*Status på innlagt KAD (nb)"},"rmType":"DV_CODED_TEXT","nodeId":"at0014","min":0,"max":1,"aqlPath":"/content[openEHR-EHR-OBSERVATION.hv_tm_kad_dips.v1]/data[at0001]/events[at0002]/data[at0003]/items[at0014]/value","inputs":[{"suffix":"code","type":"CODED_TEXT","list":[{"value":"at0015","label":"Ja","ordinal":0,"localizedLabels":{"nb":"Ja","en":"*Ja (nb)"},"localizedDescriptions":{"nb":"Urinveiskateter er innlagt - sjekk indikasjon","en":"*Urinveiskateter er innlagt - sjekk indikasjon (nb)"}},{"value":"at0016","label":"Nei","ordinal":0,"localizedLabels":{"nb":"Nei","en":"*Nei (nb)"},"localizedDescriptions":{"nb":"Pasienten har ikke urinveiskateter","en":"*Pasienten har ikke urinveiskateter (nb)"}},{"value":"at0017","label":"Fjernet","ordinal":0,"localizedLabels":{"nb":"Fjernet","en":"*Fjernet (nb)"},"localizedDescriptions":{"nb":"Urinveiskateter er fjernet","en":"*Urinveiskateter er fjernet (nb)"}}],"listOpen":false}],"formId":"hv_tm_kad_dips/hv_tm_kad_dips/any_event/kad","viewConfig":{"multiplicity":{"min":0,"max":1},"advanced":{"hidden":false,"readonly":false,"hideFrame":false,"render":false},"label":{"custom":false,"useLocalizations":false},"size":{"field":"inherit","label":"inherit"},"layout":{"label":{"valign":"inherit","align":"inherit"},"field":{"valign":"inherit","align":"inherit"}},"annotations":{"nullflavour":"271"},"field":{"code":{"presentation":"combobox","columns":"3"}},"tags":["ShowAsRadios"]}},{"name":"Katetertype","localizedName":"Katetertype","localizedNames":{"en":"*Katetertype (nb)","nb":"Katetertype"},"localizedDescriptions":{"nb":"Angi type kateter, flere valg er mulig","en":"*Angi type kateter, flere valg er mulig (nb)"},"rmType":"DV_CODED_TEXT","nodeId":"at0023","min":0,"max":-1,"aqlPath":"/content[openEHR-EHR-OBSERVATION.hv_tm_kad_dips.v1]/data[at0001]/events[at0002]/data[at0003]/items[at0023]/value","inputs":[{"suffix":"code","type":"CODED_TEXT","list":[{"value":"at0024","label":"Blærekateter","ordinal":0,"localizedLabels":{"nb":"Blærekateter","en":"*Blærekateter (nb)"},"localizedDescriptions":{"nb":"Blærekateter","en":"*Blærekateter (nb)"}},{"value":"at0025","label":"Nefrodren","ordinal":0,"localizedLabels":{"nb":"Nefrodren","en":"*Nefrodren (nb)"},"localizedDescriptions":{"nb":"Nefrodren","en":"*Nefrodren (nb)"}},{"value":"at0026","label":"Pyelostomi","ordinal":0,"localizedLabels":{"nb":"Pyelostomi","en":"*Pyelostomi (nb)"},"localizedDescriptions":{"nb":"Pyelostomi","en":"*Pyelostomi (nb)"}}],"listOpen":false}],"formId":"hv_tm_kad_dips/hv_tm_kad_dips/any_event/katetertype","viewConfig":{"multiplicity":{"min":0,"max":-1},"advanced":{"hidden":false,"readonly":false,"hideFrame":false,"render":false},"label":{"custom":false,"useLocalizations":false},"size":{"field":"inherit","label":"inherit"},"layout":{"label":{"valign":"inherit","align":"inherit"},"field":{"valign":"inherit","align":"inherit"}},"annotations":{"nullflavour":"271\r\n"},"field":{"code":{"presentation":"combobox","columns":"3"}},"tags":["ShowAsMultiComboBox"]}},{"name":"Kateter innlagt dato","localizedName":"Kateter innlagt dato","localizedNames":{"en":"*Kateter innlagt dato (nb)","nb":"Kateter innlagt dato"},"localizedDescriptions":{"nb":"Angi dato for kateterinnleggelse","en":"*Angi dato for kateterinnleggelse (nb)"},"rmType":"DV_DATE","nodeId":"at0018","min":0,"max":1,"aqlPath":"/content[openEHR-EHR-OBSERVATION.hv_tm_kad_dips.v1]/data[at0001]/events[at0002]/data[at0003]/items[at0018]/value","inputs":[{"type":"DATE","listOpen":false}],"formId":"hv_tm_kad_dips/hv_tm_kad_dips/any_event/kateter_innlagt_dato","viewConfig":{"multiplicity":{"min":0,"max":1},"advanced":{"hidden":false,"readonly":false,"hideFrame":false,"render":false},"label":{"custom":false,"useLocalizations":false},"size":{"field":"inherit","label":"inherit"},"layout":{"label":{"valign":"inherit","align":"inherit"},"field":{"valign":"inherit","align":"inherit"}},"annotations":{"nullflavour":"271"},"field":{"input":{"hideTime":false,"dateFormat":"","hideDate":false}}}},{"name":"Sist observert KAD","localizedName":"Sist observert KAD","localizedNames":{"en":"*Sist observert KAD (nb)","nb":"Sist observert KAD"},"localizedDescriptions":{"nb":"Sist observert KAD","en":"*Sist observert KAD (nb)"},"rmType":"DV_DATE","nodeId":"at0027","min":0,"max":1,"aqlPath":"/content[openEHR-EHR-OBSERVATION.hv_tm_kad_dips.v1]/data[at0001]/events[at0002]/data[at0003]/items[at0027]/value","inputs":[{"type":"DATE","listOpen":false}],"formId":"hv_tm_kad_dips/hv_tm_kad_dips/any_event/sist_observert_kad","viewConfig":{"multiplicity":{"min":0,"max":1},"advanced":{"hidden":false,"readonly":false,"hideFrame":false,"render":false},"label":{"custom":false,"useLocalizations":false},"size":{"field":"inherit","label":"inherit"},"layout":{"label":{"valign":"inherit","align":"inherit"},"field":{"valign":"inherit","align":"inherit"}},"annotations":{"nullflavour":"271"},"field":{"input":{"hideTime":false,"dateFormat":"","hideDate":false}}}},{"name":"Indikasjon","localizedName":"Indikasjon","localizedNames":{"en":"*Indikasjon (nb)","nb":"Indikasjon"},"localizedDescriptions":{"nb":"Angi om det er indikasjon for kateter","en":"*Angi om det er indikasjon for kateter (nb)"},"rmType":"DV_CODED_TEXT","nodeId":"at0019","min":0,"max":1,"aqlPath":"/content[openEHR-EHR-OBSERVATION.hv_tm_kad_dips.v1]/data[at0001]/events[at0002]/data[at0003]/items[at0019]/value","inputs":[{"suffix":"code","type":"CODED_TEXT","list":[{"value":"at0020","label":"Ja","ordinal":0,"localizedLabels":{"nb":"Ja","en":"*Ja (nb)"},"localizedDescriptions":{"nb":"Det er indikasjon for urinveiskateter","en":"*Det er indikasjon for urinveiskateter (nb)"}},{"value":"at0021","label":"Nei","ordinal":0,"localizedLabels":{"nb":"Nei","en":"*Nei (nb)"},"localizedDescriptions":{"nb":"Det er ikke indikasjon for urinveiskateter","en":"*Det er ikke indikasjon for urinveiskateter (nb)"}},{"value":"at0022","label":"Ikke avklart","ordinal":0,"localizedLabels":{"nb":"Ikke avklart","en":"*Ikke avklart (nb)"},"localizedDescriptions":{"nb":"Indikasjon er uavklart","en":"*Indikasjon er uavklart (nb)"}}],"listOpen":false}],"formId":"hv_tm_kad_dips/hv_tm_kad_dips/any_event/indikasjon","viewConfig":{"multiplicity":{"min":0,"max":1},"advanced":{"hidden":false,"readonly":false,"hideFrame":false,"render":false},"label":{"custom":false,"useLocalizations":false},"size":{"field":"inherit","label":"inherit"},"layout":{"label":{"valign":"inherit","align":"inherit"},"field":{"valign":"inherit","align":"inherit"}},"annotations":{"nullflavour":"271"},"field":{"code":{"presentation":"combobox","columns":"3"}}}},{"name":"Type indikasjon","localizedName":"Type indikasjon","localizedNames":{"en":"*Type indikasjon (nb)","nb":"Type indikasjon"},"localizedDescriptions":{"nb":"Indikasjon","en":"*Indikasjon (nb)"},"rmType":"DV_CODED_TEXT","nodeId":"at0004","min":0,"max":-1,"aqlPath":"/content[openEHR-EHR-OBSERVATION.hv_tm_kad_dips.v1]/data[at0001]/events[at0002]/data[at0003]/items[at0004]/value","inputs":[{"suffix":"code","type":"CODED_TEXT","list":[{"value":"at0005","label":"1. Behov for diuresemåling hos kritisk syke","ordinal":0,"localizedLabels":{"nb":"1. Behov for diuresemåling hos kritisk syke","en":"*1. Behov for diuresemåling hos kritisk syke (nb)"},"localizedDescriptions":{"nb":"1. Behov for diuresemåling hos kritisk syke","en":"*1. Behov for diuresemåling hos kritisk syke (nb)"}},{"value":"at0006","label":"2. Akutt urinretensjon/urethra-/blæreobstruksjon","ordinal":0,"localizedLabels":{"nb":"2. Akutt urinretensjon/urethra-/blæreobstruksjon","en":"*2. Akutt urinretensjon/urethra-/blæreobstruksjon (nb)"},"localizedDescriptions":{"nb":"2. Akutt urinretensjon/urethra-/blæreobstruksjon","en":"*2. Akutt urinretensjon/urethra-/blæreobstruksjon (nb)"}},{"value":"at0007","label":"3. Blæretømmingsproblemer","ordinal":0,"localizedLabels":{"nb":"3. Blæretømmingsproblemer","en":"*3. Blæretømmingsproblemer (nb)"},"localizedDescriptions":{"nb":"3. Blæretømmingsproblemer","en":"*3. Blæretømmingsproblemer (nb)"}},{"value":"at0008","label":"4. Behov for kontinuerlig gjennomskylling","ordinal":0,"localizedLabels":{"nb":"4. Behov for kontinuerlig gjennomskylling","en":"*4. Behov for kontinuerlig gjennomskylling (nb)"},"localizedDescriptions":{"nb":"4. Behov for kontinuerlig gjennomskylling","en":"*4. Behov for kontinuerlig gjennomskylling (nb)"}},{"value":"at0009","label":"5. Peroperativt ved visse inngrep","ordinal":0,"localizedLabels":{"nb":"5. Peroperativt ved visse inngrep","en":"*5. Peroperativt ved visse inngrep (nb)"},"localizedDescriptions":{"nb":"5. Peroperativt ved visse inngrep","en":"*5. Peroperativt ved visse inngrep (nb)"}},{"value":"at0010","label":"6. Ved sakrale/perineale sår og inkontinens","ordinal":0,"localizedLabels":{"nb":"6. Ved sakrale/perineale sår og inkontinens","en":"*6. Ved sakrale/perineale sår og inkontinens (nb)"},"localizedDescriptions":{"nb":"6. Ved sakrale/perineale sår og inkontinens","en":"*6. Ved sakrale/perineale sår og inkontinens (nb)"}},{"value":"at0011","label":"7. Langvarig immobilisering","ordinal":0,"localizedLabels":{"nb":"7. Langvarig immobilisering","en":"*7. Langvarig immobilisering (nb)"},"localizedDescriptions":{"nb":"7. Langvarig immobilisering","en":"*7. Langvarig immobilisering (nb)"}},{"value":"at0012","label":"8. Nevrogene/ikke-nevrogene blæreforst.","ordinal":0,"localizedLabels":{"nb":"8. Nevrogene/ikke-nevrogene blæreforst.","en":"*8. Nevrogene/ikke-nevrogene blæreforst. (nb)"},"localizedDescriptions":{"nb":"8. Nevrogene/ikke-nevrogene blæreforst.","en":"*8. Nevrogene/ikke-nevrogene blæreforst. (nb)"}},{"value":"at0013","label":"9. Bedret komfort ved terminal pleie","ordinal":0,"localizedLabels":{"nb":"9. Bedret komfort ved terminal pleie","en":"*9. Bedret komfort ved terminal pleie (nb)"},"localizedDescriptions":{"nb":"9. Bedret komfort ved terminal pleie","en":"*9. Bedret komfort ved terminal pleie (nb)"}}],"listOpen":false}],"formId":"hv_tm_kad_dips/hv_tm_kad_dips/any_event/type_indikasjon","viewConfig":{"multiplicity":{"min":0,"max":-1},"advanced":{"hidden":false,"readonly":false,"hideFrame":false,"render":false},"label":{"custom":false,"useLocalizations":false},"size":{"field":"inherit","label":"inherit"},"layout":{"label":{"valign":"inherit","align":"inherit"},"field":{"valign":"inherit","align":"inherit"}},"annotations":{"nullflavour":"271"},"field":{"code":{"presentation":"combobox","columns":"9"}},"tags":["ShowAsMultiComboBox"]}},{"name":"Sist kontrollert indikasjon","localizedName":"Sist kontrollert indikasjon","localizedNames":{"en":"*Sist kontrollert indikasjon (nb)","nb":"Sist kontrollert indikasjon"},"localizedDescriptions":{"nb":"Sist kontrollert indikasjon","en":"*Sist kontrollert indikasjon (nb)"},"rmType":"DV_DATE","nodeId":"at0028","min":0,"max":1,"aqlPath":"/content[openEHR-EHR-OBSERVATION.hv_tm_kad_dips.v1]/data[at0001]/events[at0002]/data[at0003]/items[at0028]/value","inputs":[{"type":"DATE","listOpen":false}],"formId":"hv_tm_kad_dips/hv_tm_kad_dips/any_event/sist_kontrollert_indikasjon","viewConfig":{"multiplicity":{"min":0,"max":1},"advanced":{"hidden":false,"readonly":false,"hideFrame":false,"render":false},"label":{"custom":false,"useLocalizations":false},"size":{"field":"inherit","label":"inherit"},"layout":{"label":{"valign":"inherit","align":"inherit"},"field":{"valign":"inherit","align":"inherit"}},"annotations":{"nullflavour":"271"},"field":{"input":{"hideTime":false,"dateFormat":"","hideDate":false}}}}]}