[{"col":1,"row":1,"width":6,"height":19,"children":[{"id":"hv_tm_kad_dips/hv_tm_kad_dips/any_event/kad","rows":[]},{"id":"hv_tm_kad_dips/hv_tm_kad_dips/any_event/katetertype","rows":[]},{"id":"hv_tm_kad_dips/hv_tm_kad_dips/any_event/kateter_innlagt_dato","rows":[]},{"id":"hv_tm_kad_dips/hv_tm_kad_dips/any_event/sist_observert_kad","rows":[]}]},{"col":7,"row":1,"width":6,"height":19,"children":[{"id":"hv_tm_kad_dips/hv_tm_kad_dips/any_event/indikasjon","rows":[]},{"id":"hv_tm_kad_dips/hv_tm_kad_dips/any_event/type_indikasjon","rows":[]},{"id":"hv_tm_kad_dips/hv_tm_kad_dips/any_event/sist_kontrollert_indikasjon","rows":[]}]}]