{"name":"Form root","localizedNames":{},"localizedDescriptions":{},"rmType":"FORM_DEFINITION","min":0,"max":0,"formId":"form_root","viewConfig":{"label":{"custom":false,"useLocalizations":false},"size":{"field":"inherit","label":"inherit"},"layout":{"label":{"valign":"inherit","align":"inherit"},"field":{"valign":"inherit","align":"inherit"}},"annotations":{"#oprAB":"select c/uid/value as cid, e from composition c contains EVALUATION e[openEHR-EHR-EVALUATION.recommendation.v1]\r\nwhere e/name/value = 'Antibiotikaprofylakse under operasjon' limit 1?scope=folder\r\n","#oprTarm":"select c/uid as cid, i from composition c contains INSTRUCTION i[openEHR-EHR-INSTRUCTION.service_request.v1]\r\nwhere i/name/value = 'Tarmtømming' limit 1?scope=folder","#oprBlodprv":"select c/uid/value as cid, i from composition c contains INSTRUCTION i[openEHR-EHR-INSTRUCTION.service_request.v1] where i/name/value = 'Blodprøver' limit 1?scope=folder","#anePreop":"select c/uid/value as cid, c2 from composition c contains CLUSTER c2[openEHR-EHR-CLUSTER.preparatory_measures_dips.v1] where c2/name/value = 'Preoperative forberedelser' limit 1?scope=folder"}},"children":[{"name":"Sjekkliste preopr Diakonhjemmet","localizedName":"Sjekkliste preopr Diakonhjemmet","localizedNames":{"en":"*Sjekkliste preopr Diakonhjemmet (nb)","nb":"SPL Klargjøring til operasjon"},"localizedDescriptions":{"nb":"Sjekklisten benyttes for å registrere aktiviterer som er gjort før pasient sendes til operasjon. Spesialtilpasset for Diakonhjemmets kirurgiske avdeling.","en":"*Sjekklisten benyttes for å registrere aktiviterer som er gjort før pasient sendes til operasjon. Spesialtilpasset for Diakonhjemmets kirurgiske avdeling. (nb)"},"rmType":"CLUSTER","nodeId":"openEHR-EHR-CLUSTER.preop_checklist_diakonhjemmet_dips.v2","min":1,"max":1,"aqlPath":"/content[openEHR-EHR-EVALUATION.container_dips.v1]/data[at0001]/items[openEHR-EHR-CLUSTER.preop_checklist_diakonhjemmet_dips.v2]","inputs":[],"formId":"preoperativ_sjekkliste/*container(en)/sjekkliste_preopr_diakonhjemmet","viewConfig":{"multiplicity":{"min":1,"max":1},"advanced":{"hidden":false,"readonly":false,"hideFrame":false,"render":false},"label":{"custom":false,"useLocalizations":false},"size":{"field":"inherit","label":"inherit"},"layout":{"label":{"valign":"inherit","align":"inherit"},"field":{"valign":"inherit","align":"inherit"}},"annotations":{},"field":{}},"children":[{"name":"Spacer","localizedName":"","localizedNames":{"nb":""},"localizedDescriptions":{},"rmType":"GENERIC_SPACER","min":0,"max":1,"inputs":[],"formId":"generic-field-10855","viewConfig":{"annotations":{},"field":{"height":15,"input":{"height":15}}}},{"name":"ID-armbånd sjekket","localizedName":"ID-armbånd sjekket","localizedNames":{"en":"*ID-armbånd sjekket (nb)","nb":"ID-armbånd sjekket"},"localizedDescriptions":{"nb":"*","en":"** (nb)"},"rmType":"DV_CODED_TEXT","nodeId":"at0035","min":0,"max":1,"aqlPath":"/content[openEHR-EHR-EVALUATION.container_dips.v1]/data[at0001]/items[openEHR-EHR-CLUSTER.preop_checklist_diakonhjemmet_dips.v2]/items[at0035]/value","inputs":[{"suffix":"code","type":"CODED_TEXT","list":[{"value":"9","label":"ID-armbånd sjekket","ordinal":0,"localizedLabels":{"nb":"ID-armbånd sjekket","en":"*ID-armbånd sjekket (nb)"},"localizedDescriptions":{}}],"listOpen":false}],"formId":"preoperativ_sjekkliste/*container(en)/sjekkliste_preopr_diakonhjemmet/id-armbånd_sjekket","viewConfig":{"multiplicity":{"min":0,"max":1},"advanced":{"hidden":false,"readonly":false,"hideFrame":false,"render":false},"label":{"custom":false,"useLocalizations":false},"size":{"field":"inherit","label":"-1"},"layout":{"label":{"valign":"inherit","align":"inherit"},"field":{"valign":"inherit","align":"inherit"}},"annotations":{},"field":{"code":{"presentation":"radios","columns":"1"}},"tags":["HideLabel"]}},{"name":"Operasjonsfelt markert av kirurg","localizedName":"Operasjonsfelt markert av kirurg","localizedNames":{"en":"*Operasjonsfelt markert av kirurg (nb)","nb":"Operasjonsfelt markert av kirurg"},"localizedDescriptions":{"nb":"Avhuking betyr at operasjonsfelt er markert av kirurg.","en":"*Avhuking betyr at operasjonsfelt er markert av kirurg. (nb)"},"rmType":"DV_CODED_TEXT","nodeId":"at0021","min":0,"max":1,"aqlPath":"/content[openEHR-EHR-EVALUATION.container_dips.v1]/data[at0001]/items[openEHR-EHR-CLUSTER.preop_checklist_diakonhjemmet_dips.v2]/items[at0021]/value","inputs":[{"suffix":"code","type":"CODED_TEXT","list":[{"value":"4","label":"Operasjonsfelt markert av kirurg","ordinal":0,"localizedLabels":{"nb":"Operasjonsfelt markert av kirurg","en":"*Operasjonsfelt markert av kirurg (nb)"},"localizedDescriptions":{}}],"listOpen":false}],"formId":"preoperativ_sjekkliste/*container(en)/sjekkliste_preopr_diakonhjemmet/operasjonsfelt_markert_av_kirurg","viewConfig":{"multiplicity":{"min":0,"max":1},"advanced":{"hidden":false,"readonly":false,"hideFrame":false,"render":false},"label":{"custom":false,"useLocalizations":false},"size":{"field":"inherit","label":"-1"},"layout":{"label":{"valign":"inherit","align":"inherit"},"field":{"valign":"inherit","align":"inherit"}},"annotations":{},"field":{"code":{"presentation":"radios","columns":"1"}},"tags":["HideLabel"]}},{"name":"Spacer","localizedName":"","localizedNames":{"nb":""},"localizedDescriptions":{},"rmType":"GENERIC_SPACER","min":0,"max":1,"inputs":[],"formId":"generic-field-63109","viewConfig":{"annotations":{},"field":{"height":15,"input":{"height":15}}}},{"name":"Fieldset","localizedName":"Fieldset","localizedNames":{"en":"*Fieldset (en)","nb":"Anestesi"},"localizedDescriptions":{},"rmType":"GENERIC_FIELDSET","min":0,"max":1,"inputs":[],"formId":"generic-field-87186","viewConfig":{"multiplicity":{"min":0,"max":1},"advanced":{"hidden":false,"readonly":false,"hideFrame":false,"render":false},"label":{"custom":false,"useLocalizations":false},"size":{"field":"inherit","label":"inherit"},"layout":{"label":{"valign":"inherit","align":"inherit"},"field":{"valign":"inherit","align":"inherit"}},"annotations":{},"field":{"formId":null,"name":null}},"children":[{"name":"Sist spist","localizedName":"Sist spist","localizedNames":{"en":"*Sist spist (nb)","nb":"Sist spist"},"localizedDescriptions":{"nb":"Pasientens siste inntak av mat før operasjon.","en":"*Pasientens siste inntak av mat før operasjon. (nb)"},"rmType":"DV_DATE_TIME","nodeId":"at0001","min":0,"max":1,"aqlPath":"/content[openEHR-EHR-EVALUATION.container_dips.v1]/data[at0001]/items[openEHR-EHR-CLUSTER.preop_checklist_diakonhjemmet_dips.v2]/items[at0001]/value","inputs":[{"type":"DATETIME","validation":{"pattern":"yyyy-mm-ddTHH:MM:SS"},"listOpen":false}],"formId":"preoperativ_sjekkliste/*container(en)/sjekkliste_preopr_diakonhjemmet/sist_spist","viewConfig":{"multiplicity":{"min":0,"max":1},"advanced":{"hidden":false,"readonly":false,"hideFrame":false,"render":false},"label":{"custom":false,"useLocalizations":false},"size":{"field":"large","label":"inherit"},"layout":{"label":{"valign":"inherit","align":"inherit"},"field":{"valign":"inherit","align":"inherit"}},"annotations":{},"field":{"input":{"hideTime":false,"dateFormat":"","hideDate":false}}}},{"name":"Sist drukket","localizedName":"Sist drukket","localizedNames":{"en":"*Sist drukket (nb)","nb":"Sist drukket"},"localizedDescriptions":{"nb":"Pasientens siste inntak av væske før operasjon.","en":"*Pasientens siste inntak av væske før operasjon. (nb)"},"rmType":"DV_DATE_TIME","nodeId":"at0002","min":0,"max":1,"aqlPath":"/content[openEHR-EHR-EVALUATION.container_dips.v1]/data[at0001]/items[openEHR-EHR-CLUSTER.preop_checklist_diakonhjemmet_dips.v2]/items[at0002]/value","inputs":[{"type":"DATETIME","listOpen":false}],"formId":"preoperativ_sjekkliste/*container(en)/sjekkliste_preopr_diakonhjemmet/sist_drukket","viewConfig":{"multiplicity":{"min":0,"max":1},"advanced":{"hidden":false,"readonly":false,"hideFrame":false,"render":false},"label":{"custom":false,"useLocalizations":false},"size":{"field":"large","label":"inherit"},"layout":{"label":{"valign":"inherit","align":"inherit"},"field":{"valign":"inherit","align":"inherit"}},"annotations":{},"field":{"input":{"hideTime":false,"dateFormat":"","hideDate":false}}}},{"name":"Premedikasjon gitt","localizedName":"Premedikasjon gitt","localizedNames":{"en":"*Premedikasjon gitt (nb)","nb":"Premedikasjon gitt"},"localizedDescriptions":{"nb":"Avhuking betyr at premedikasjon er gitt preoperativt.","en":"*Avhuking betyr at premedikasjon er gitt preoperativt. (nb)"},"rmType":"DV_CODED_TEXT","nodeId":"at0019","min":0,"max":1,"aqlPath":"/content[openEHR-EHR-EVALUATION.container_dips.v1]/data[at0001]/items[openEHR-EHR-CLUSTER.preop_checklist_diakonhjemmet_dips.v2]/items[at0019]/value","inputs":[{"suffix":"code","type":"CODED_TEXT","list":[{"value":"1","label":"Ja","ordinal":0,"localizedLabels":{"nb":"Ja","en":"*Ja (nb)"},"localizedDescriptions":{}},{"value":"2","label":"Nei","ordinal":0,"localizedLabels":{"nb":"Nei","en":"*Nei (nb)"},"localizedDescriptions":{}}],"listOpen":false}],"formId":"preoperativ_sjekkliste/*container(en)/sjekkliste_preopr_diakonhjemmet/premedikasjon_gitt","viewConfig":{"multiplicity":{"min":0,"max":1},"advanced":{"hidden":false,"readonly":false,"hideFrame":false,"render":false},"label":{"custom":false,"useLocalizations":false},"size":{"field":"inherit","label":"inherit"},"layout":{"label":{"valign":"inherit","align":"inherit"},"field":{"valign":"inherit","align":"inherit"}},"annotations":{},"field":{"code":{"presentation":"radios","columns":"2"}}}},{"name":"Antibiotikaprofylakse gitt","localizedName":"Antibiotikaprofylakse gitt","localizedNames":{"en":"*Antibiotikaprofylakse gitt (nb)","nb":"Antibiotika-profylakse gitt"},"localizedDescriptions":{"nb":"*","en":"** (nb)"},"rmType":"DV_CODED_TEXT","nodeId":"at0015","min":0,"max":1,"aqlPath":"/content[openEHR-EHR-EVALUATION.container_dips.v1]/data[at0001]/items[openEHR-EHR-CLUSTER.preop_checklist_diakonhjemmet_dips.v2]/items[at0015]/value","inputs":[{"suffix":"code","type":"CODED_TEXT","list":[{"value":"1","label":"Ja","ordinal":0,"localizedLabels":{"nb":"Ja","en":"*Ja (nb)"},"localizedDescriptions":{}},{"value":"2","label":"Nei","ordinal":0,"localizedLabels":{"nb":"Nei","en":"*Nei (nb)"},"localizedDescriptions":{}}],"listOpen":false}],"formId":"preoperativ_sjekkliste/*container(en)/sjekkliste_preopr_diakonhjemmet/antibiotikaprofylakse_gitt","viewConfig":{"multiplicity":{"min":0,"max":1},"advanced":{"hidden":false,"readonly":false,"hideFrame":false,"render":false},"label":{"custom":false,"useLocalizations":false},"size":{"field":"inherit","label":"inherit"},"layout":{"label":{"valign":"inherit","align":"inherit"},"field":{"valign":"inherit","align":"inherit"}},"annotations":{},"field":{"code":{"presentation":"radios","columns":"2"}}}},{"name":"Innlagt PVK","localizedName":"Innlagt PVK","localizedNames":{"en":"*Innlagt PVK (nb)","nb":"Innlagt PVK"},"localizedDescriptions":{"nb":"*","en":"** (nb)"},"rmType":"DV_CODED_TEXT","nodeId":"at0034","min":0,"max":1,"aqlPath":"/content[openEHR-EHR-EVALUATION.container_dips.v1]/data[at0001]/items[openEHR-EHR-CLUSTER.preop_checklist_diakonhjemmet_dips.v2]/items[at0034]/value","inputs":[{"suffix":"code","type":"CODED_TEXT","list":[{"value":"1","label":"Ja","ordinal":0,"localizedLabels":{"nb":"Ja","en":"*Ja (nb)"},"localizedDescriptions":{}},{"value":"2","label":"Nei","ordinal":0,"localizedLabels":{"nb":"Nei","en":"*Nei (nb)"},"localizedDescriptions":{}}],"listOpen":false}],"formId":"preoperativ_sjekkliste/*container(en)/sjekkliste_preopr_diakonhjemmet/innlagt_pvk","viewConfig":{"multiplicity":{"min":0,"max":1},"advanced":{"hidden":false,"readonly":false,"hideFrame":false,"render":false},"label":{"custom":false,"useLocalizations":false},"size":{"field":"inherit","label":"inherit"},"layout":{"label":{"valign":"inherit","align":"inherit"},"field":{"valign":"inherit","align":"inherit"}},"annotations":{},"field":{"code":{"presentation":"radios","columns":"2"}}}},{"name":"Pretransfusjonsprøve tatt","localizedName":"Pretransfusjonsprøve tatt","localizedNames":{"en":"*Pretransfusjonsprøve tatt (nb)","nb":"Pretransfusjonsprøve tatt"},"localizedDescriptions":{"nb":"*","en":"** (nb)"},"rmType":"DV_CODED_TEXT","nodeId":"at0017","min":0,"max":1,"aqlPath":"/content[openEHR-EHR-EVALUATION.container_dips.v1]/data[at0001]/items[openEHR-EHR-CLUSTER.preop_checklist_diakonhjemmet_dips.v2]/items[at0017]/value","inputs":[{"suffix":"code","type":"CODED_TEXT","list":[{"value":"1","label":"Ja","ordinal":0,"localizedLabels":{"nb":"Ja","en":"*Ja (nb)"},"localizedDescriptions":{}},{"value":"2","label":"Nei","ordinal":0,"localizedLabels":{"nb":"Nei","en":"*Nei (nb)"},"localizedDescriptions":{}}],"listOpen":false}],"formId":"preoperativ_sjekkliste/*container(en)/sjekkliste_preopr_diakonhjemmet/pretransfusjonsprøve_tatt","viewConfig":{"multiplicity":{"min":0,"max":1},"advanced":{"hidden":false,"readonly":false,"hideFrame":false,"render":false},"label":{"custom":false,"useLocalizations":false},"size":{"field":"inherit","label":"inherit"},"layout":{"label":{"valign":"inherit","align":"inherit"},"field":{"valign":"inherit","align":"inherit"}},"annotations":{},"field":{"code":{"presentation":"radios","columns":"2"}}}},{"name":"Pretransfusjonsprøve sendt","localizedName":"Pretransfusjonsprøve sendt","localizedNames":{"en":"*Pretransfusjonsprøve sendt (nb)","nb":"Pretransfusjons-prøve sendt"},"localizedDescriptions":{"nb":"*","en":"** (nb)"},"rmType":"DV_CODED_TEXT","nodeId":"at0036","min":0,"max":1,"aqlPath":"/content[openEHR-EHR-EVALUATION.container_dips.v1]/data[at0001]/items[openEHR-EHR-CLUSTER.preop_checklist_diakonhjemmet_dips.v2]/items[at0036]/value","inputs":[{"suffix":"code","type":"CODED_TEXT","list":[{"value":"5","label":"Sendt","ordinal":0,"localizedLabels":{"nb":"Sendt","en":"*Sendt (nb)"},"localizedDescriptions":{}}],"listOpen":false}],"formId":"preoperativ_sjekkliste/*container(en)/sjekkliste_preopr_diakonhjemmet/pretransfusjonsprøve_sendt","viewConfig":{"multiplicity":{"min":0,"max":1},"advanced":{"hidden":false,"readonly":false,"hideFrame":false,"render":false},"label":{"custom":false,"useLocalizations":false},"size":{"field":"inherit","label":"inherit"},"layout":{"label":{"valign":"inherit","align":"inherit"},"field":{"valign":"inherit","align":"inherit"}},"annotations":{},"field":{"code":{"presentation":"radios","columns":"1"}}}},{"name":"Ventrikkelsonde","localizedName":"Ventrikkelsonde","localizedNames":{"en":"*Ventrikkelsonde (nb)","nb":"Ventrikkelsonde"},"localizedDescriptions":{"nb":"*","en":"** (nb)"},"rmType":"DV_CODED_TEXT","nodeId":"at0024","min":0,"max":1,"aqlPath":"/content[openEHR-EHR-EVALUATION.container_dips.v1]/data[at0001]/items[openEHR-EHR-CLUSTER.preop_checklist_diakonhjemmet_dips.v2]/items[at0024]/value","inputs":[{"suffix":"code","type":"CODED_TEXT","list":[{"value":"1","label":"Ja","ordinal":0,"localizedLabels":{"nb":"Ja","en":"*Ja (nb)"},"localizedDescriptions":{}},{"value":"2","label":"Nei","ordinal":0,"localizedLabels":{"nb":"Nei","en":"*Nei (nb)"},"localizedDescriptions":{}}],"listOpen":false}],"formId":"preoperativ_sjekkliste/*container(en)/sjekkliste_preopr_diakonhjemmet/ventrikkelsonde","viewConfig":{"multiplicity":{"min":0,"max":1},"advanced":{"hidden":false,"readonly":false,"hideFrame":false,"render":false},"label":{"custom":false,"useLocalizations":false},"size":{"field":"inherit","label":"inherit"},"layout":{"label":{"valign":"inherit","align":"inherit"},"field":{"valign":"inherit","align":"inherit"}},"annotations":{},"field":{"code":{"presentation":"radios","columns":"2"}}}},{"name":"INR tatt på operasjonsdag","localizedName":"INR tatt på operasjonsdag","localizedNames":{"en":"*INR tatt på operasjonsdag (nb)","nb":"INR tatt på operasjonsdag"},"localizedDescriptions":{"nb":"*","en":"** (nb)"},"rmType":"DV_CODED_TEXT","nodeId":"at0018","min":0,"max":1,"aqlPath":"/content[openEHR-EHR-EVALUATION.container_dips.v1]/data[at0001]/items[openEHR-EHR-CLUSTER.preop_checklist_diakonhjemmet_dips.v2]/items[at0018]/value","inputs":[{"suffix":"code","type":"CODED_TEXT","list":[{"value":"1","label":"Ja","ordinal":0,"localizedLabels":{"nb":"Ja","en":"*Ja (nb)"},"localizedDescriptions":{}},{"value":"2","label":"Nei","ordinal":0,"localizedLabels":{"nb":"Nei","en":"*Nei (nb)"},"localizedDescriptions":{}}],"listOpen":false}],"formId":"preoperativ_sjekkliste/*container(en)/sjekkliste_preopr_diakonhjemmet/inr_tatt_på_operasjonsdag","viewConfig":{"multiplicity":{"min":0,"max":1},"advanced":{"hidden":false,"readonly":false,"hideFrame":false,"render":false},"label":{"custom":false,"useLocalizations":false},"size":{"field":"inherit","label":"inherit"},"layout":{"label":{"valign":"inherit","align":"inherit"},"field":{"valign":"inherit","align":"inherit"}},"annotations":{},"field":{"code":{"presentation":"radios","columns":"2"}}}},{"name":"Spacer","localizedName":"","localizedNames":{"nb":""},"localizedDescriptions":{},"rmType":"GENERIC_SPACER","min":0,"max":1,"inputs":[],"formId":"generic-field-83151","viewConfig":{"annotations":{},"field":{"height":25,"input":{"height":25}}}},{"name":"Retningslinje for diabetes er fulgt","localizedName":"Retningslinje for diabetes er fulgt","localizedNames":{"en":"*Retningslinje for diabetes er fulgt (nb)","nb":"Retningslinje for diabetes er fulgt"},"localizedDescriptions":{"nb":"*","en":"** (nb)"},"rmType":"DV_CODED_TEXT","nodeId":"at0020","min":0,"max":1,"aqlPath":"/content[openEHR-EHR-EVALUATION.container_dips.v1]/data[at0001]/items[openEHR-EHR-CLUSTER.preop_checklist_diakonhjemmet_dips.v2]/items[at0020]/value","inputs":[{"suffix":"code","type":"CODED_TEXT","list":[{"value":"1","label":"Ja","ordinal":0,"localizedLabels":{"nb":"Ja","en":"*Ja (nb)"},"localizedDescriptions":{}},{"value":"3","label":"Ikke aktuelt","ordinal":0,"localizedLabels":{"nb":"Ikke aktuelt","en":"*Ikke aktuelt (nb)"},"localizedDescriptions":{}}],"listOpen":false}],"formId":"preoperativ_sjekkliste/*container(en)/sjekkliste_preopr_diakonhjemmet/retningslinje_for_diabetes_er_fulgt","viewConfig":{"multiplicity":{"min":0,"max":1},"advanced":{"hidden":false,"readonly":false,"hideFrame":false,"render":false},"label":{"custom":false,"useLocalizations":false},"size":{"field":"inherit","label":"inherit"},"layout":{"label":{"valign":"inherit","align":"inherit"},"field":{"valign":"inherit","align":"inherit"}},"annotations":{},"field":{"code":{"presentation":"radios","columns":"2"}}}}]},{"name":"Fieldset","localizedName":"Fieldset","localizedNames":{"en":"*Fieldset (en)","nb":"Operasjon"},"localizedDescriptions":{},"rmType":"GENERIC_FIELDSET","min":0,"max":1,"inputs":[],"formId":"generic-field-46513","viewConfig":{"multiplicity":{"min":0,"max":1},"advanced":{"hidden":false,"readonly":false,"hideFrame":false,"render":false},"label":{"custom":false,"useLocalizations":false},"size":{"field":"inherit","label":"inherit"},"layout":{"label":{"valign":"inherit","align":"inherit"},"field":{"valign":"inherit","align":"inherit"}},"annotations":{},"field":{"formId":null,"name":null}},"children":[{"name":"Sist vannlatning","localizedName":"Sist vannlatning","localizedNames":{"en":"*Sist vannlatning (nb)","nb":"Sist vannlatning"},"localizedDescriptions":{"nb":"Tidspunkt blære ble tømt. ","en":"*Tidspunkt blære ble tømt.  (nb)"},"rmType":"DV_DATE_TIME","nodeId":"at0012","min":0,"max":1,"aqlPath":"/content[openEHR-EHR-EVALUATION.container_dips.v1]/data[at0001]/items[openEHR-EHR-CLUSTER.preop_checklist_diakonhjemmet_dips.v2]/items[at0012]/value","inputs":[{"type":"DATETIME","listOpen":false}],"formId":"preoperativ_sjekkliste/*container(en)/sjekkliste_preopr_diakonhjemmet/sist_vannlatning","viewConfig":{"multiplicity":{"min":0,"max":1},"advanced":{"hidden":false,"readonly":false,"hideFrame":false,"render":false},"label":{"custom":false,"useLocalizations":false},"size":{"field":"large","label":"inherit"},"layout":{"label":{"valign":"inherit","align":"inherit"},"field":{"valign":"inherit","align":"inherit"}},"annotations":{},"field":{"input":{"hideTime":false,"dateFormat":"","hideDate":false}}}},{"name":"Innlagt blærekateter","localizedName":"Innlagt blærekateter","localizedNames":{"en":"*Innlagt blærekateter (nb)","nb":"Innlagt blærekateter"},"localizedDescriptions":{"nb":"*","en":"** (nb)"},"rmType":"DV_CODED_TEXT","nodeId":"at0022","min":0,"max":1,"aqlPath":"/content[openEHR-EHR-EVALUATION.container_dips.v1]/data[at0001]/items[openEHR-EHR-CLUSTER.preop_checklist_diakonhjemmet_dips.v2]/items[at0022]/value","inputs":[{"suffix":"code","type":"CODED_TEXT","list":[{"value":"1","label":"Ja","ordinal":0,"localizedLabels":{"nb":"Ja","en":"*Ja (nb)"},"localizedDescriptions":{}}],"listOpen":false}],"formId":"preoperativ_sjekkliste/*container(en)/sjekkliste_preopr_diakonhjemmet/innlagt_blærekateter","viewConfig":{"multiplicity":{"min":0,"max":1},"advanced":{"hidden":false,"readonly":false,"hideFrame":false,"render":false},"label":{"custom":false,"useLocalizations":false},"size":{"field":"inherit","label":"inherit"},"layout":{"label":{"valign":"inherit","align":"inherit"},"field":{"valign":"inherit","align":"inherit"}},"annotations":{},"field":{"code":{"presentation":"radios","columns":"1"}}}},{"name":"Temperatur","localizedName":"Temperatur","localizedNames":{"en":"*Temperatur (nb)","nb":"Temperatur"},"localizedDescriptions":{"nb":"*","en":"** (nb)"},"rmType":"DV_QUANTITY","nodeId":"at0023","min":0,"max":1,"aqlPath":"/content[openEHR-EHR-EVALUATION.container_dips.v1]/data[at0001]/items[openEHR-EHR-CLUSTER.preop_checklist_diakonhjemmet_dips.v2]/items[at0023]/value","inputs":[{"suffix":"magnitude","type":"DECIMAL","defaultValue":"","listOpen":false},{"suffix":"unit","type":"CODED_TEXT","list":[{"value":"°C","label":"°C","validation":{"range":{"minOp":">","maxOp":"<"},"precision":{"minOp":">=","min":1.0,"maxOp":"<=","max":1.0}},"ordinal":0,"localizedLabels":{},"localizedDescriptions":{}}],"defaultValue":"°C","listOpen":false}],"formId":"preoperativ_sjekkliste/*container(en)/sjekkliste_preopr_diakonhjemmet/temperatur","viewConfig":{"multiplicity":{"min":0,"max":1},"advanced":{"hidden":false,"readonly":false,"hideFrame":false,"render":false},"label":{"custom":false,"useLocalizations":false},"size":{"field":"medium","label":"inherit"},"layout":{"label":{"valign":"inherit","align":"inherit"},"field":{"valign":"inherit","align":"inherit"}},"annotations":{},"field":{}}},{"name":"Dusj utført","localizedName":"Dusj utført","localizedNames":{"en":"*Dusj utført (nb)","nb":"Dusj utført"},"localizedDescriptions":{"nb":"*","en":"** (nb)"},"rmType":"DV_CODED_TEXT","nodeId":"at0004","min":0,"max":1,"aqlPath":"/content[openEHR-EHR-EVALUATION.container_dips.v1]/data[at0001]/items[openEHR-EHR-CLUSTER.preop_checklist_diakonhjemmet_dips.v2]/items[at0004]/value","inputs":[{"suffix":"code","type":"CODED_TEXT","list":[{"value":"1","label":"Ja","ordinal":0,"localizedLabels":{"nb":"Ja","en":"*Ja (nb)"},"localizedDescriptions":{}},{"value":"2","label":"Nei","ordinal":0,"localizedLabels":{"nb":"Nei","en":"*Nei (nb)"},"localizedDescriptions":{}}],"listOpen":false}],"formId":"preoperativ_sjekkliste/*container(en)/sjekkliste_preopr_diakonhjemmet/dusj_utført","viewConfig":{"multiplicity":{"min":0,"max":1},"advanced":{"hidden":false,"readonly":false,"hideFrame":false,"render":false},"label":{"custom":false,"useLocalizations":false},"size":{"field":"inherit","label":"inherit"},"layout":{"label":{"valign":"inherit","align":"inherit"},"field":{"valign":"inherit","align":"inherit"}},"annotations":{},"field":{"code":{"presentation":"radios","columns":"2"}}}},{"name":"Munnstell utført","localizedName":"Munnstell utført","localizedNames":{"en":"*Munnstell utført (nb)","nb":"Munnstell utført"},"localizedDescriptions":{"nb":"*","en":"** (nb)"},"rmType":"DV_CODED_TEXT","nodeId":"at0032","min":0,"max":1,"aqlPath":"/content[openEHR-EHR-EVALUATION.container_dips.v1]/data[at0001]/items[openEHR-EHR-CLUSTER.preop_checklist_diakonhjemmet_dips.v2]/items[at0032]/value","inputs":[{"suffix":"code","type":"CODED_TEXT","list":[{"value":"1","label":"Ja","ordinal":0,"localizedLabels":{"nb":"Ja","en":"*Ja (nb)"},"localizedDescriptions":{}},{"value":"2","label":"Nei","ordinal":0,"localizedLabels":{"nb":"Nei","en":"*Nei (nb)"},"localizedDescriptions":{}}],"listOpen":false}],"formId":"preoperativ_sjekkliste/*container(en)/sjekkliste_preopr_diakonhjemmet/munnstell_utført","viewConfig":{"multiplicity":{"min":0,"max":1},"advanced":{"hidden":false,"readonly":false,"hideFrame":false,"render":false},"label":{"custom":false,"useLocalizations":false},"size":{"field":"inherit","label":"inherit"},"layout":{"label":{"valign":"inherit","align":"inherit"},"field":{"valign":"inherit","align":"inherit"}},"annotations":{},"field":{"code":{"presentation":"radios","columns":"2"}}}},{"name":"Hårfjerning utført","localizedName":"Hårfjerning utført","localizedNames":{"en":"*Hårfjerning utført (nb)","nb":"Hårfjerning utført"},"localizedDescriptions":{"nb":"*","en":"** (nb)"},"rmType":"DV_CODED_TEXT","nodeId":"at0033","min":0,"max":1,"aqlPath":"/content[openEHR-EHR-EVALUATION.container_dips.v1]/data[at0001]/items[openEHR-EHR-CLUSTER.preop_checklist_diakonhjemmet_dips.v2]/items[at0033]/value","inputs":[{"suffix":"code","type":"CODED_TEXT","list":[{"value":"1","label":"Ja","ordinal":0,"localizedLabels":{"nb":"Ja","en":"*Ja (nb)"},"localizedDescriptions":{}},{"value":"2","label":"Nei","ordinal":0,"localizedLabels":{"nb":"Nei","en":"*Nei (nb)"},"localizedDescriptions":{}}],"listOpen":false}],"formId":"preoperativ_sjekkliste/*container(en)/sjekkliste_preopr_diakonhjemmet/hårfjerning_utført","viewConfig":{"multiplicity":{"min":0,"max":1},"advanced":{"hidden":false,"readonly":false,"hideFrame":false,"render":false},"label":{"custom":false,"useLocalizations":false},"size":{"field":"inherit","label":"inherit"},"layout":{"label":{"valign":"inherit","align":"inherit"},"field":{"valign":"inherit","align":"inherit"}},"annotations":{},"field":{"code":{"presentation":"radios","columns":"2"}}}},{"name":"Sminke, neglelakk, smykker, piercing og klokke er fjernet","localizedName":"Sminke, neglelakk, smykker, piercing og klokke er fjernet","localizedNames":{"en":"*Sminke, neglelakk, smykker, piercing og klokke er fjernet (nb)","nb":"Sminke, neglelakk, smykker, piercing og klokke er fjernet"},"localizedDescriptions":{"nb":"*","en":"** (nb)"},"rmType":"DV_CODED_TEXT","nodeId":"at0005","min":0,"max":1,"aqlPath":"/content[openEHR-EHR-EVALUATION.container_dips.v1]/data[at0001]/items[openEHR-EHR-CLUSTER.preop_checklist_diakonhjemmet_dips.v2]/items[at0005]/value","inputs":[{"suffix":"code","type":"CODED_TEXT","list":[{"value":"1","label":"Ja","ordinal":0,"localizedLabels":{"nb":"Ja","en":"*Ja (nb)"},"localizedDescriptions":{}},{"value":"2","label":"Nei","ordinal":0,"localizedLabels":{"nb":"Nei","en":"*Nei (nb)"},"localizedDescriptions":{}}],"listOpen":false}],"formId":"preoperativ_sjekkliste/*container(en)/sjekkliste_preopr_diakonhjemmet/sminke,_neglelakk,_smykker,_piercing_og_klokke_er_fjernet","viewConfig":{"multiplicity":{"min":0,"max":1},"advanced":{"hidden":false,"readonly":false,"hideFrame":false,"render":false},"label":{"custom":false,"useLocalizations":false},"size":{"field":"inherit","label":"inherit"},"layout":{"label":{"valign":"inherit","align":"inherit"},"field":{"valign":"inherit","align":"inherit"}},"annotations":{},"field":{"code":{"presentation":"radios","columns":"2"}}}},{"name":"Ren seng merket med navn","localizedName":"Ren seng merket med navn","localizedNames":{"en":"*Ren seng merket med navn (nb)","nb":"Ren seng merket med navn"},"localizedDescriptions":{"nb":"*","en":"** (nb)"},"rmType":"DV_CODED_TEXT","nodeId":"at0003","min":0,"max":1,"aqlPath":"/content[openEHR-EHR-EVALUATION.container_dips.v1]/data[at0001]/items[openEHR-EHR-CLUSTER.preop_checklist_diakonhjemmet_dips.v2]/items[at0003]/value","inputs":[{"suffix":"code","type":"CODED_TEXT","list":[{"value":"1","label":"Ja","ordinal":0,"localizedLabels":{"nb":"Ja","en":"*Ja (nb)"},"localizedDescriptions":{}},{"value":"2","label":"Nei","ordinal":0,"localizedLabels":{"nb":"Nei","en":"*Nei (nb)"},"localizedDescriptions":{}}],"listOpen":false}],"formId":"preoperativ_sjekkliste/*container(en)/sjekkliste_preopr_diakonhjemmet/ren_seng_merket_med_navn","viewConfig":{"multiplicity":{"min":0,"max":1},"advanced":{"hidden":false,"readonly":false,"hideFrame":false,"render":false},"label":{"custom":false,"useLocalizations":false},"size":{"field":"inherit","label":"inherit"},"layout":{"label":{"valign":"inherit","align":"inherit"},"field":{"valign":"inherit","align":"inherit"}},"annotations":{},"field":{"code":{"presentation":"radios","columns":"2"}}}},{"name":"Navle rengjort (gastro)","localizedName":"Navle rengjort (gastro)","localizedNames":{"en":"*Navle rengjort (gastro) (nb)","nb":"Navle rengjort (gastro)"},"localizedDescriptions":{"nb":"*","en":"** (nb)"},"rmType":"DV_CODED_TEXT","nodeId":"at0028","min":0,"max":1,"aqlPath":"/content[openEHR-EHR-EVALUATION.container_dips.v1]/data[at0001]/items[openEHR-EHR-CLUSTER.preop_checklist_diakonhjemmet_dips.v2]/items[at0028]/value","inputs":[{"suffix":"code","type":"CODED_TEXT","list":[{"value":"1","label":"Ja","ordinal":0,"localizedLabels":{"nb":"Ja","en":"*Ja (nb)"},"localizedDescriptions":{}}],"listOpen":false}],"formId":"preoperativ_sjekkliste/*container(en)/sjekkliste_preopr_diakonhjemmet/navle_rengjort_(gastro)","viewConfig":{"multiplicity":{"min":0,"max":1},"advanced":{"hidden":false,"readonly":false,"hideFrame":false,"render":false},"label":{"custom":false,"useLocalizations":false},"size":{"field":"inherit","label":"inherit"},"layout":{"label":{"valign":"inherit","align":"inherit"},"field":{"valign":"inherit","align":"inherit"}},"annotations":{},"field":{"code":{"presentation":"radios","columns":"1"}}}},{"name":"Tarm tømt (gastro)","localizedName":"Tarm tømt (gastro)","localizedNames":{"en":"*Tarm tømt (gastro) (nb)","nb":"Tarm tømt (gastro)"},"localizedDescriptions":{"nb":"Avhuking betyr at tarm er tømt preoperativt.","en":"*Avhuking betyr at tarm er tømt preoperativt. (nb)"},"rmType":"DV_CODED_TEXT","nodeId":"at0013","min":0,"max":1,"aqlPath":"/content[openEHR-EHR-EVALUATION.container_dips.v1]/data[at0001]/items[openEHR-EHR-CLUSTER.preop_checklist_diakonhjemmet_dips.v2]/items[at0013]/value","inputs":[{"suffix":"code","type":"CODED_TEXT","list":[{"value":"1","label":"Ja","ordinal":0,"localizedLabels":{"nb":"Ja","en":"*Ja (nb)"},"localizedDescriptions":{}}],"listOpen":false}],"formId":"preoperativ_sjekkliste/*container(en)/sjekkliste_preopr_diakonhjemmet/tarm_tømt_(gastro)","viewConfig":{"multiplicity":{"min":0,"max":1},"advanced":{"hidden":false,"readonly":false,"hideFrame":false,"render":false},"label":{"custom":false,"useLocalizations":false},"size":{"field":"inherit","label":"inherit"},"layout":{"label":{"valign":"inherit","align":"inherit"},"field":{"valign":"inherit","align":"inherit"}},"annotations":{},"field":{"code":{"presentation":"radios","columns":"1"}}}}]},{"name":"Spacer","localizedName":"","localizedNames":{"nb":""},"localizedDescriptions":{},"rmType":"GENERIC_SPACER","min":0,"max":1,"inputs":[],"formId":"generic-field-96247","viewConfig":{"annotations":{},"field":{"height":25,"input":{"height":25}}}},{"name":"Merknader","localizedName":"Merknader","localizedNames":{"en":"*Merknader (nb)","nb":"Merknader"},"localizedDescriptions":{"nb":"*","en":"** (nb)"},"rmType":"DV_TEXT","nodeId":"at0031","min":0,"max":1,"aqlPath":"/content[openEHR-EHR-EVALUATION.container_dips.v1]/data[at0001]/items[openEHR-EHR-CLUSTER.preop_checklist_diakonhjemmet_dips.v2]/items[at0031]/value","inputs":[{"type":"TEXT","list":[],"listOpen":false}],"formId":"preoperativ_sjekkliste/*container(en)/sjekkliste_preopr_diakonhjemmet/merknader","viewConfig":{"multiplicity":{"min":0,"max":1},"advanced":{"hidden":false,"readonly":false,"hideFrame":false,"render":false},"label":{"custom":false,"useLocalizations":false},"size":{"field":"inherit","label":"inherit"},"layout":{"label":{"valign":"inherit","align":"inherit"},"field":{"valign":"inherit","align":"inherit"}},"datasource":{"loadRemote":false,"parameters":{}},"annotations":{},"field":{"lines":"3","input":{"lines":3}}}},{"name":"Spacer","localizedName":"","localizedNames":{"nb":""},"localizedDescriptions":{},"rmType":"GENERIC_SPACER","min":0,"max":1,"inputs":[],"formId":"generic-field-24928","viewConfig":{"annotations":{},"field":{"height":15,"input":{"height":15}}}},{"name":"Tilbudt deponi av verdisaker","localizedName":"Tilbudt deponi av verdisaker","localizedNames":{"en":"*Tilbudt deponi av verdisaker (nb)","nb":"Tilbudt deponi av verdisaker"},"localizedDescriptions":{"nb":"*","en":"** (nb)"},"rmType":"DV_CODED_TEXT","nodeId":"at0029","min":0,"max":1,"aqlPath":"/content[openEHR-EHR-EVALUATION.container_dips.v1]/data[at0001]/items[openEHR-EHR-CLUSTER.preop_checklist_diakonhjemmet_dips.v2]/items[at0029]/value","inputs":[{"suffix":"code","type":"CODED_TEXT","list":[{"value":"1","label":"Ja","ordinal":0,"localizedLabels":{"nb":"Ja","en":"*Ja (nb)"},"localizedDescriptions":{}},{"value":"2","label":"Nei","ordinal":0,"localizedLabels":{"nb":"Nei","en":"*Nei (nb)"},"localizedDescriptions":{}}],"listOpen":false}],"formId":"preoperativ_sjekkliste/*container(en)/sjekkliste_preopr_diakonhjemmet/tilbudt_deponi_av_verdisaker","viewConfig":{"multiplicity":{"min":0,"max":1},"advanced":{"hidden":false,"readonly":false,"hideFrame":false,"render":false},"label":{"custom":false,"useLocalizations":false},"size":{"field":"inherit","label":"inherit"},"layout":{"label":{"valign":"inherit","align":"inherit"},"field":{"valign":"inherit","align":"inherit"}},"annotations":{},"field":{"code":{"presentation":"radios","columns":"2"}}}},{"name":"Deponert verdisaker","localizedName":"Deponert verdisaker","localizedNames":{"en":"*Deponert verdisaker (nb)","nb":"Deponert verdisaker"},"localizedDescriptions":{"nb":"*","en":"** (nb)"},"rmType":"DV_CODED_TEXT","nodeId":"at0030","min":0,"max":1,"aqlPath":"/content[openEHR-EHR-EVALUATION.container_dips.v1]/data[at0001]/items[openEHR-EHR-CLUSTER.preop_checklist_diakonhjemmet_dips.v2]/items[at0030]/value","inputs":[{"suffix":"code","type":"CODED_TEXT","list":[{"value":"1","label":"Ja","ordinal":0,"localizedLabels":{"nb":"Ja","en":"*Ja (nb)"},"localizedDescriptions":{}},{"value":"2","label":"Nei","ordinal":0,"localizedLabels":{"nb":"Nei","en":"*Nei (nb)"},"localizedDescriptions":{}}],"listOpen":false}],"formId":"preoperativ_sjekkliste/*container(en)/sjekkliste_preopr_diakonhjemmet/deponert_verdisaker","viewConfig":{"multiplicity":{"min":0,"max":1},"advanced":{"hidden":false,"readonly":false,"hideFrame":false,"render":false},"label":{"custom":false,"useLocalizations":false},"size":{"field":"inherit","label":"inherit"},"layout":{"label":{"valign":"inherit","align":"inherit"},"field":{"valign":"inherit","align":"inherit"}},"annotations":{},"field":{"code":{"presentation":"radios","columns":"2"}}}},{"name":"Briller medfølger","localizedName":"Briller medfølger","localizedNames":{"en":"*Briller medfølger (nb)","nb":"Briller medfølger"},"localizedDescriptions":{"nb":"*","en":"** (nb)"},"rmType":"DV_CODED_TEXT","nodeId":"at0008","min":0,"max":1,"aqlPath":"/content[openEHR-EHR-EVALUATION.container_dips.v1]/data[at0001]/items[openEHR-EHR-CLUSTER.preop_checklist_diakonhjemmet_dips.v2]/items[at0008]/value","inputs":[{"suffix":"code","type":"CODED_TEXT","list":[{"value":"1","label":"Ja","ordinal":0,"localizedLabels":{"nb":"Ja","en":"*Ja (nb)"},"localizedDescriptions":{}}],"listOpen":false}],"formId":"preoperativ_sjekkliste/*container(en)/sjekkliste_preopr_diakonhjemmet/briller_medfølger","viewConfig":{"multiplicity":{"min":0,"max":1},"advanced":{"hidden":false,"readonly":false,"hideFrame":false,"render":false},"label":{"custom":false,"useLocalizations":false},"size":{"field":"inherit","label":"inherit"},"layout":{"label":{"valign":"inherit","align":"inherit"},"field":{"valign":"inherit","align":"inherit"}},"annotations":{},"field":{"code":{"presentation":"radios","columns":"1"}}}},{"name":"Høreapparat medfølger","localizedName":"Høreapparat medfølger","localizedNames":{"en":"*Høreapparat medfølger (nb)","nb":"Høreapparat medfølger"},"localizedDescriptions":{"nb":"*","en":"** (nb)"},"rmType":"DV_CODED_TEXT","nodeId":"at0016","min":0,"max":1,"aqlPath":"/content[openEHR-EHR-EVALUATION.container_dips.v1]/data[at0001]/items[openEHR-EHR-CLUSTER.preop_checklist_diakonhjemmet_dips.v2]/items[at0016]/value","inputs":[{"suffix":"code","type":"CODED_TEXT","list":[{"value":"1","label":"Ja","ordinal":0,"localizedLabels":{"nb":"Ja","en":"*Ja (nb)"},"localizedDescriptions":{}}],"listOpen":false}],"formId":"preoperativ_sjekkliste/*container(en)/sjekkliste_preopr_diakonhjemmet/høreapparat_medfølger","viewConfig":{"multiplicity":{"min":0,"max":1},"advanced":{"hidden":false,"readonly":false,"hideFrame":false,"render":false},"label":{"custom":false,"useLocalizations":false},"size":{"field":"inherit","label":"inherit"},"layout":{"label":{"valign":"inherit","align":"inherit"},"field":{"valign":"inherit","align":"inherit"}},"annotations":{},"field":{"code":{"presentation":"radios","columns":"1"}}}},{"name":"Pasienten har tannprotese","localizedName":"Pasienten har tannprotese","localizedNames":{"en":"*Pasienten har tannprotese (nb)","nb":"Pasienten har tannprotese"},"localizedDescriptions":{"nb":"*","en":"** (nb)"},"rmType":"DV_CODED_TEXT","nodeId":"at0009","min":0,"max":1,"aqlPath":"/content[openEHR-EHR-EVALUATION.container_dips.v1]/data[at0001]/items[openEHR-EHR-CLUSTER.preop_checklist_diakonhjemmet_dips.v2]/items[at0009]/value","inputs":[{"suffix":"code","type":"CODED_TEXT","list":[{"value":"1","label":"Ja","ordinal":0,"localizedLabels":{"nb":"Ja","en":"*Ja (nb)"},"localizedDescriptions":{}}],"listOpen":false}],"formId":"preoperativ_sjekkliste/*container(en)/sjekkliste_preopr_diakonhjemmet/pasienten_har_tannprotese","viewConfig":{"multiplicity":{"min":0,"max":1},"advanced":{"hidden":false,"readonly":false,"hideFrame":false,"render":false},"label":{"custom":false,"useLocalizations":false},"size":{"field":"inherit","label":"inherit"},"layout":{"label":{"valign":"inherit","align":"inherit"},"field":{"valign":"inherit","align":"inherit"}},"annotations":{},"field":{"code":{"presentation":"radios","columns":"1"}}}},{"name":"Fieldset","localizedName":"Fieldset","localizedNames":{"en":"*Fieldset (en)","nb":"Ved hjemreise på operasjonsdag:"},"localizedDescriptions":{},"rmType":"GENERIC_FIELDSET","min":0,"max":1,"inputs":[],"formId":"generic-field-85628","viewConfig":{"multiplicity":{"min":0,"max":1},"advanced":{"hidden":false,"readonly":false,"hideFrame":false,"render":false},"label":{"custom":false,"useLocalizations":false},"size":{"field":"inherit","label":"inherit"},"layout":{"label":{"valign":"inherit","align":"inherit"},"field":{"valign":"inherit","align":"inherit"}},"annotations":{},"field":{"formId":null,"name":null}},"children":[{"name":"Transport hjem","localizedName":"Transport hjem","localizedNames":{"en":"*Transport hjem (nb)","nb":"Transport hjem"},"localizedDescriptions":{"nb":"*","en":"** (nb)"},"rmType":"DV_CODED_TEXT","nodeId":"at0027","min":0,"max":1,"aqlPath":"/content[openEHR-EHR-EVALUATION.container_dips.v1]/data[at0001]/items[openEHR-EHR-CLUSTER.preop_checklist_diakonhjemmet_dips.v2]/items[at0027]/value","inputs":[{"suffix":"code","type":"CODED_TEXT","list":[{"value":"6","label":"Taxi","ordinal":0,"localizedLabels":{"nb":"Taxi","en":"*Taxi (nb)"},"localizedDescriptions":{}},{"value":"7","label":"Hentes","ordinal":0,"localizedLabels":{"nb":"Hentes","en":"*Hentes (nb)"},"localizedDescriptions":{}},{"value":"8","label":"Pasienttransport","ordinal":0,"localizedLabels":{"nb":"Pasienttransport","en":"*Pasienttransport (nb)"},"localizedDescriptions":{}}],"listOpen":false}],"formId":"preoperativ_sjekkliste/*container(en)/sjekkliste_preopr_diakonhjemmet/transport_hjem","viewConfig":{"multiplicity":{"min":0,"max":1},"advanced":{"hidden":false,"readonly":false,"hideFrame":false,"render":false},"label":{"custom":false,"useLocalizations":false},"size":{"field":"inherit","label":"inherit"},"layout":{"label":{"valign":"inherit","align":"inherit"},"field":{"valign":"inherit","align":"inherit"}},"annotations":{},"field":{"code":{"presentation":"combobox","columns":"3"}}}},{"name":"Tilsyn operasjonsdøgn","localizedName":"Tilsyn operasjonsdøgn","localizedNames":{"en":"*Tilsyn operasjonsdøgn (nb)","nb":"Tilsyn operasjonsdøgn"},"localizedDescriptions":{"nb":"*","en":"** (nb)"},"rmType":"DV_CODED_TEXT","nodeId":"at0026","min":0,"max":1,"aqlPath":"/content[openEHR-EHR-EVALUATION.container_dips.v1]/data[at0001]/items[openEHR-EHR-CLUSTER.preop_checklist_diakonhjemmet_dips.v2]/items[at0026]/value","inputs":[{"suffix":"code","type":"CODED_TEXT","list":[{"value":"1","label":"Ja","ordinal":0,"localizedLabels":{"nb":"Ja","en":"*Ja (nb)"},"localizedDescriptions":{}},{"value":"2","label":"Nei","ordinal":0,"localizedLabels":{"nb":"Nei","en":"*Nei (nb)"},"localizedDescriptions":{}}],"listOpen":false}],"formId":"preoperativ_sjekkliste/*container(en)/sjekkliste_preopr_diakonhjemmet/tilsyn_operasjonsdøgn","viewConfig":{"multiplicity":{"min":0,"max":1},"advanced":{"hidden":false,"readonly":false,"hideFrame":false,"render":false},"label":{"custom":false,"useLocalizations":false},"size":{"field":"inherit","label":"inherit"},"layout":{"label":{"valign":"inherit","align":"inherit"},"field":{"valign":"inherit","align":"inherit"}},"annotations":{},"field":{"code":{"presentation":"radios","columns":"2"}}}}]}]},{"name":"Spacer","localizedName":"","localizedNames":{"nb":""},"localizedDescriptions":{},"rmType":"GENERIC_SPACER","min":0,"max":1,"inputs":[],"formId":"generic-field-70691","viewConfig":{"annotations":{},"field":{"height":25,"input":{"height":25}}}},{"name":"Fieldset","localizedName":"Fieldset","localizedNames":{"en":"*Fieldset (en)","nb":"Merknader fra"},"localizedDescriptions":{},"rmType":"GENERIC_FIELDSET","min":0,"max":1,"inputs":[],"formId":"generic-field-90580","viewConfig":{"multiplicity":{"min":0,"max":1},"advanced":{"hidden":false,"readonly":false,"hideFrame":false,"render":false},"label":{"custom":false,"useLocalizations":false},"size":{"field":"inherit","label":"inherit"},"layout":{"label":{"valign":"inherit","align":"inherit"},"field":{"valign":"inherit","align":"inherit"}},"annotations":{},"field":{"formId":null,"name":null}},"children":[{"name":"Fieldset","localizedName":"Fieldset","localizedNames":{"en":"*Fieldset (en)","nb":"Operatørvurdering"},"localizedDescriptions":{},"rmType":"GENERIC_FIELDSET","min":0,"max":1,"inputs":[],"formId":"generic-field-69657","viewConfig":{"multiplicity":{"min":0,"max":1},"advanced":{"hidden":false,"readonly":false,"hideFrame":false,"render":false},"label":{"custom":false,"useLocalizations":false},"size":{"field":"inherit","label":"inherit"},"layout":{"label":{"valign":"inherit","align":"inherit"},"field":{"valign":"inherit","align":"inherit"}},"annotations":{},"field":{"formId":null,"name":null}},"children":[{"name":"Input","localizedName":"Input","localizedNames":{"en":"*Input (en)","nb":"Antibiotika-profylakse:"},"localizedDescriptions":{},"rmType":"GENERIC_FIELD","min":0,"max":-1,"inputs":[{"type":"TEXT","list":[],"listOpen":false}],"formId":"generic-field-40756","viewConfig":{"multiplicity":{"min":0,"max":-1},"advanced":{"hidden":false,"readonly":true,"hideFrame":false,"render":false},"label":{"custom":false,"useLocalizations":false},"size":{"field":"inherit","label":"inherit"},"layout":{"label":{"valign":"inherit","align":"inherit"},"field":{"valign":"inherit","align":"inherit"}},"annotations":{"format":"{#oprAB:/data[at0001]/items[at0003]/value/value}"},"field":{"lines":null,"input":{},"type":"DV_TEXT"}}},{"name":"Input","localizedName":"Input","localizedNames":{"en":"*Input (en)","nb":"Tarmtømming:"},"localizedDescriptions":{},"rmType":"GENERIC_FIELD","min":0,"max":-1,"inputs":[{"type":"TEXT","list":[],"listOpen":false}],"formId":"generic-field-64866","viewConfig":{"multiplicity":{"min":0,"max":-1},"advanced":{"hidden":false,"readonly":true,"hideFrame":false,"render":false},"label":{"custom":false,"useLocalizations":false},"size":{"field":"inherit","label":"inherit"},"layout":{"label":{"valign":"inherit","align":"inherit"},"field":{"valign":"inherit","align":"inherit"}},"annotations":{"format":"{#oprTarm:/activities[at0001]/description[at0009]/items[at0121 and name/value='Tarmtømming']/value/value}"},"field":{"lines":null,"input":{},"type":"DV_TEXT"}}},{"name":"Input","localizedName":"Input","localizedNames":{"en":"*Input (en)","nb":"Blodprøver skal tas:"},"localizedDescriptions":{},"rmType":"GENERIC_FIELD","min":0,"max":-1,"inputs":[{"type":"TEXT","list":[],"listOpen":false}],"formId":"generic-field-90023","viewConfig":{"multiplicity":{"min":0,"max":-1},"advanced":{"hidden":false,"readonly":true,"hideFrame":false,"render":false},"label":{"custom":false,"useLocalizations":false},"size":{"field":"inherit","label":"inherit"},"layout":{"label":{"valign":"inherit","align":"inherit"},"field":{"valign":"inherit","align":"inherit"}},"annotations":{"format":"{#oprBlodprv:/activities[at0001]/description[at0009]/items[at0121 and name/value='Blodprøver skal tas']/value/value}"},"field":{"lines":null,"input":{},"type":"DV_TEXT"}}}]}]},{"name":"Fieldset","localizedName":"Fieldset","localizedNames":{"en":"*Fieldset (en)","nb":"Merknader fra"},"localizedDescriptions":{},"rmType":"GENERIC_FIELDSET","min":0,"max":1,"inputs":[],"formId":"generic-field-28031","viewConfig":{"multiplicity":{"min":0,"max":1},"advanced":{"hidden":false,"readonly":false,"hideFrame":false,"render":false},"label":{"custom":false,"useLocalizations":false},"size":{"field":"inherit","label":"inherit"},"layout":{"label":{"valign":"inherit","align":"inherit"},"field":{"valign":"inherit","align":"inherit"}},"annotations":{},"field":{"formId":null,"name":null}},"children":[{"name":"Fieldset","localizedName":"Fieldset","localizedNames":{"en":"*Fieldset (en)","nb":"Anestesiklarering"},"localizedDescriptions":{},"rmType":"GENERIC_FIELDSET","min":0,"max":1,"inputs":[],"formId":"generic-field-34339","viewConfig":{"multiplicity":{"min":0,"max":1},"advanced":{"hidden":false,"readonly":false,"hideFrame":false,"render":false},"label":{"custom":false,"useLocalizations":false},"size":{"field":"small","label":"inherit"},"layout":{"label":{"valign":"inherit","align":"inherit"},"field":{"valign":"inherit","align":"inherit"}},"annotations":{},"field":{"formId":null,"name":null}},"children":[{"name":"Input","localizedName":"Input","localizedNames":{"en":"*Input (en)","nb":"EKG skal tas:"},"localizedDescriptions":{},"rmType":"GENERIC_FIELD","min":0,"max":-1,"inputs":[{"type":"TEXT","list":[],"listOpen":false}],"formId":"generic-field-42972","viewConfig":{"multiplicity":{"min":0,"max":-1},"advanced":{"hidden":false,"readonly":true,"hideFrame":false,"render":false},"label":{"custom":false,"useLocalizations":false},"size":{"field":"inherit","label":"inherit"},"layout":{"label":{"valign":"inherit","align":"inherit"},"field":{"valign":"inherit","align":"inherit"}},"annotations":{},"field":{"lines":null,"input":{},"type":"DV_TEXT"}}},{"name":"Input","localizedName":"Input","localizedNames":{"en":"*Input (en)","nb":"INR skal tas:"},"localizedDescriptions":{},"rmType":"GENERIC_FIELD","min":0,"max":-1,"inputs":[{"type":"TEXT","list":[],"listOpen":false}],"formId":"generic-field-81275","viewConfig":{"multiplicity":{"min":0,"max":-1},"advanced":{"hidden":false,"readonly":true,"hideFrame":false,"render":false},"label":{"custom":false,"useLocalizations":false},"size":{"field":"inherit","label":"inherit"},"layout":{"label":{"valign":"inherit","align":"inherit"},"field":{"valign":"inherit","align":"inherit"}},"annotations":{},"field":{"lines":null,"input":{},"type":"DV_TEXT"}}},{"name":"Input","localizedName":"Input","localizedNames":{"en":"*Input (en)","nb":"Premedikasjon skal gis:"},"localizedDescriptions":{},"rmType":"GENERIC_FIELD","min":0,"max":-1,"inputs":[{"type":"TEXT","list":[],"listOpen":false}],"formId":"generic-field-35691","viewConfig":{"multiplicity":{"min":0,"max":-1},"advanced":{"hidden":false,"readonly":true,"hideFrame":false,"render":false},"label":{"custom":false,"useLocalizations":false},"size":{"field":"inherit","label":"inherit"},"layout":{"label":{"valign":"inherit","align":"inherit"},"field":{"valign":"inherit","align":"inherit"}},"annotations":{},"field":{"lines":null,"input":{},"type":"DV_TEXT"}}},{"name":"Input","localizedName":"Input","localizedNames":{"en":"*Input (en)","nb":"Skal ta egne medisiner:"},"localizedDescriptions":{},"rmType":"GENERIC_FIELD","min":0,"max":-1,"inputs":[{"type":"TEXT","list":[],"listOpen":false}],"formId":"generic-field-21940","viewConfig":{"multiplicity":{"min":0,"max":-1},"advanced":{"hidden":false,"readonly":true,"hideFrame":false,"render":false},"label":{"custom":false,"useLocalizations":false},"size":{"field":"inherit","label":"inherit"},"layout":{"label":{"valign":"inherit","align":"inherit"},"field":{"valign":"inherit","align":"inherit"}},"annotations":{},"field":{"lines":null,"input":{},"type":"DV_TEXT"}}}]}]},{"name":"Fieldset","localizedName":"Fieldset","localizedNames":{"en":"*Fieldset (en)","nb":"Kalkuleringer (skjult)"},"localizedDescriptions":{},"rmType":"GENERIC_FIELDSET","min":0,"max":1,"inputs":[],"formId":"generic-field-55792","viewConfig":{"multiplicity":{"min":0,"max":1},"advanced":{"hidden":true,"readonly":false,"hideFrame":false,"render":false},"label":{"custom":false,"useLocalizations":false},"size":{"field":"inherit","label":"inherit"},"layout":{"label":{"valign":"inherit","align":"inherit"},"field":{"valign":"inherit","align":"inherit"}},"annotations":{},"field":{"formId":null,"name":null}},"children":[{"name":"Input","localizedName":"Input","localizedNames":{"en":"*Input (en)","nb":"aneEKG"},"localizedDescriptions":{},"rmType":"GENERIC_FIELD","min":0,"max":-1,"inputs":[{"type":"TEXT","list":[],"listOpen":false}],"formId":"generic-field-63145","viewConfig":{"multiplicity":{"min":0,"max":-1},"advanced":{"hidden":false,"readonly":false,"hideFrame":false,"render":false},"label":{"custom":false,"useLocalizations":false},"size":{"field":"inherit","label":"inherit"},"layout":{"label":{"valign":"inherit","align":"inherit"},"field":{"valign":"inherit","align":"inherit"}},"annotations":{"format":"{#anePreop:/items[at0001]/value}"},"field":{"lines":null,"input":{},"type":"DV_TEXT"}}},{"name":"Input","localizedName":"Input","localizedNames":{"en":"*Input (en)","nb":"aneINR"},"localizedDescriptions":{},"rmType":"GENERIC_FIELD","min":0,"max":-1,"inputs":[{"type":"TEXT","list":[],"listOpen":false}],"formId":"generic-field-33085","viewConfig":{"multiplicity":{"min":0,"max":-1},"advanced":{"hidden":false,"readonly":false,"hideFrame":false,"render":false},"label":{"custom":false,"useLocalizations":false},"size":{"field":"inherit","label":"inherit"},"layout":{"label":{"valign":"inherit","align":"inherit"},"field":{"valign":"inherit","align":"inherit"}},"annotations":{"format":"{#anePreop:/items[at0008]/value}"},"field":{"lines":null,"input":{},"type":"DV_TEXT"}}},{"name":"Input","localizedName":"Input","localizedNames":{"en":"*Input (en)","nb":"anePremed"},"localizedDescriptions":{},"rmType":"GENERIC_FIELD","min":0,"max":-1,"inputs":[{"type":"TEXT","list":[],"listOpen":false}],"formId":"generic-field-18891","viewConfig":{"multiplicity":{"min":0,"max":-1},"advanced":{"hidden":false,"readonly":false,"hideFrame":false,"render":false},"label":{"custom":false,"useLocalizations":false},"size":{"field":"inherit","label":"inherit"},"layout":{"label":{"valign":"inherit","align":"inherit"},"field":{"valign":"inherit","align":"inherit"}},"annotations":{"format":"{#anePreop:/items[at0002]/value}"},"field":{"lines":null,"input":{},"type":"DV_TEXT"}}},{"name":"Input","localizedName":"Input","localizedNames":{"en":"*Input (en)","nb":"aneEgnemed"},"localizedDescriptions":{},"rmType":"GENERIC_FIELD","min":0,"max":-1,"inputs":[{"type":"TEXT","list":[],"listOpen":false}],"formId":"generic-field-92512","viewConfig":{"multiplicity":{"min":0,"max":-1},"advanced":{"hidden":false,"readonly":false,"hideFrame":false,"render":false},"label":{"custom":false,"useLocalizations":false},"size":{"field":"inherit","label":"inherit"},"layout":{"label":{"valign":"inherit","align":"inherit"},"field":{"valign":"inherit","align":"inherit"}},"annotations":{"format":"{#anePreop:/items[at0003]/value}"},"field":{"lines":null,"input":{},"type":"DV_TEXT"}}}]}]}