[{"field":"hv_trykksaarrisikovurdering/trykksaar_risiko/har_pasienten_trykksår_ved_innleggelse_overflytting","conditions":[{"operator":"empty","actions":[{"action":"clear","target":"hv_trykksaarrisikovurdering/tr_kalk_dips/en"}]},{"operator":"equals","value":{"code":"at0014"},"actions":[{"action":"set","target":"hv_trykksaarrisikovurdering/tr_kalk_dips/en","value":{"value":"0"}}]},{"operator":"equals","value":{"code":"at0013"},"actions":[{"action":"set","target":"hv_trykksaarrisikovurdering/tr_kalk_dips/en","value":{"value":"1"}}]}]},{"field":"hv_trykksaarrisikovurdering/trykksaar_risiko/trenger_pasienten_hjelp_til_stillingsendring_i_stol_og_eller_seng","conditions":[{"operator":"empty","actions":[{"action":"clear","target":"hv_trykksaarrisikovurdering/tr_kalk_dips/to"}]},{"operator":"equals","value":{"code":"at0016"},"actions":[{"action":"set","target":"hv_trykksaarrisikovurdering/tr_kalk_dips/to","value":{"value":"0"}}]},{"operator":"equals","value":{"code":"at0015"},"actions":[{"action":"set","target":"hv_trykksaarrisikovurdering/tr_kalk_dips/to","value":{"value":"1"}}]}]},{"field":"hv_trykksaarrisikovurdering/trykksaar_risiko/tror_du_det_er_sannsynlig_at_pasienten_kan_utvikle_trykksår_under_innleggelsen","conditions":[{"operator":"empty","actions":[{"action":"clear","target":"hv_trykksaarrisikovurdering/tr_kalk_dips/tre"}]},{"operator":"equals","value":{"code":"at0018"},"actions":[{"action":"set","target":"hv_trykksaarrisikovurdering/tr_kalk_dips/tre","value":{"value":"0"}}]},{"operator":"equals","value":{"code":"at0017"},"actions":[{"action":"set","target":"hv_trykksaarrisikovurdering/tr_kalk_dips/tre","value":{"value":"1"}}]}]},{"field":"hv_trykksaarrisikovurdering/tr_kalk_dips/kalkulasjon_for_trykksårrisiko","conditions":[{"operator":"eq","value":{"value":"0"},"actions":[{"action":"set","target":"hv_trykksaarrisikovurdering/tr_kalk_dips/risikoangivelse","value":{"code":"at0012"}}]},{"operator":"ge","value":{"value":"1"},"actions":[{"action":"set","target":"hv_trykksaarrisikovurdering/tr_kalk_dips/risikoangivelse","value":{"code":"at0011"}}]},{"operator":"empty","actions":[{"action":"set","target":"hv_trykksaarrisikovurdering/tr_kalk_dips/risikoangivelse","value":{"code":"at0013"}}]}]},{"field":"hv_trykksaarrisikovurdering/clearcommand/tøm_skjema","conditions":[{"operator":"is","value":{"value":"True"},"actions":[{"action":"reset","target":"hv_trykksaarrisikovurdering/trykksaar_risiko/dato_for_screening","value":{"value":""}},{"action":"set","target":"hv_trykksaarrisikovurdering/clearcommand/tøm_skjema","value":{"value":"False"}},{"action":"clear","target":"hv_trykksaarrisikovurdering/trykksaar_risiko/har_pasienten_trykksår_ved_innleggelse_overflytting","value":{"code":""}},{"action":"clear","target":"hv_trykksaarrisikovurdering/trykksaar_risiko/trenger_pasienten_hjelp_til_stillingsendring_i_stol_og_eller_seng","value":{"code":""}},{"action":"clear","target":"hv_trykksaarrisikovurdering/trykksaar_risiko/tror_du_det_er_sannsynlig_at_pasienten_kan_utvikle_trykksår_under_innleggelsen","value":{"code":""}},{"action":"clear","target":"hv_trykksaarrisikovurdering/trykksaar_risiko/merknad","value":{"value":""}},{"action":"reset","target":"generic-field-4609","value":{"value":""}}]}]},{"field":"hv_trykksaarrisikovurdering/tr_kalk_dips/risikoangivelse","conditions":[{"operator":"equals","value":{"code":"at0013"},"actions":[{"action":"show","target":"generic-field-50024"},{"action":"hide","target":"generic-field-71466"},{"action":"hide","target":"generic-field-88155"}]},{"operator":"equals","value":{"code":"at0011"},"actions":[{"action":"hide","target":"generic-field-50024"},{"action":"show","target":"generic-field-71466"},{"action":"hide","target":"generic-field-88155"}]},{"operator":"equals","value":{"code":"at0012"},"actions":[{"action":"hide","target":"generic-field-50024"},{"action":"hide","target":"generic-field-71466"},{"action":"show","target":"generic-field-88155"}]}]}]