{"name":"Form root","localizedNames":{},"localizedDescriptions":{},"rmType":"FORM_DEFINITION","min":0,"max":0,"formId":"form_root","viewConfig":{"label":{"custom":true,"value":"Vurdering","useLocalizations":false},"size":{"field":"inherit","label":"inherit"},"layout":{"label":{"valign":"inherit","align":"inherit"},"field":{"valign":"inherit","align":"inherit"}},"annotations":{"reuseComposition":"SELECT c FROM COMPOSITION c[openEHR-EHR-COMPOSITION.hv_trykksaarrisikovurdering.v1] order by c/context/start_time/value desc fetch 1?scope=periodofcare"}},"children":[{"name":"Vurdering av risiko for trykksår","localizedName":"Vurdering av risiko for trykksår","localizedNames":{"en":"*Vurdering av risiko for trykksår (en)","nb":"Vurdering av risiko for trykksår"},"localizedDescriptions":{},"rmType":"GENERIC_FIELDSET","min":0,"max":1,"inputs":[],"formId":"generic-field-63934","viewConfig":{"multiplicity":{"min":0,"max":1},"advanced":{"hidden":false,"readonly":false,"hideFrame":false,"render":false},"label":{"custom":false,"useLocalizations":false},"size":{"field":"inherit","label":"inherit"},"layout":{"label":{"valign":"inherit","align":"top"},"field":{"valign":"inherit","align":"inherit"}},"annotations":{},"field":{"formId":null,"name":null}},"children":[{"name":"Alle nyinnlagte skal vurderes for trykksårrisiko innen 4 timer.","localizedName":"Alle nyinnlagte skal vurderes for trykksårrisiko innen 4 timer.","localizedNames":{"en":"*Alle nyinnlagte  skal vurderes for trykksårrisiko innen 4 timer. (en)","nb":"Alle nyinnlagte  skal vurderes for trykksårrisiko innen 4 timer."},"localizedDescriptions":{},"rmType":"GENERIC_FIELDSET","min":0,"max":1,"inputs":[],"formId":"generic-field-24335","viewConfig":{"multiplicity":{"min":0,"max":1},"advanced":{"hidden":false,"readonly":false,"hideFrame":false,"render":false},"label":{"custom":false,"useLocalizations":false},"size":{"field":"inherit","label":"inherit"},"layout":{"label":{"valign":"inherit","align":"inherit"},"field":{"valign":"inherit","align":"inherit"}},"annotations":{"alertType":"TIP"},"field":{"formId":null,"name":null}},"children":[{"name":"En pasient uten trykksårrisiko skal vurderes på nytt","localizedName":"En pasient uten trykksårrisiko skal vurderes på nytt","localizedNames":{"en":"*En pasient uten trykksårrisiko skal vurderes på nytt  (en)","nb":"En pasient uten trykksårrisiko skal vurderes på nytt "},"localizedDescriptions":{},"rmType":"GENERIC_FIELDSET","min":0,"max":1,"inputs":[],"formId":"generic-field-33689","viewConfig":{"multiplicity":{"min":0,"max":1},"advanced":{"hidden":false,"readonly":false,"hideFrame":false,"render":false},"label":{"custom":false,"useLocalizations":false},"size":{"field":"inherit","label":"inherit"},"layout":{"label":{"valign":"inherit","align":"inherit"},"field":{"valign":"inherit","align":"inherit"}},"annotations":{},"field":{"formId":null,"name":null}},"children":[]},{"name":" hvis det oppstår forverring i helsetilstanden som påvirker risiko","localizedName":" hvis det oppstår forverring i helsetilstanden som påvirker risiko","localizedNames":{"en":"* hvis det oppstår forverring i helsetilstanden som påvirker risiko (en)","nb":"hvis det oppstår forverring i helsetilstanden som påvirker risiko"},"localizedDescriptions":{},"rmType":"GENERIC_FIELDSET","min":0,"max":1,"inputs":[],"formId":"generic-field-34431","viewConfig":{"multiplicity":{"min":0,"max":1},"advanced":{"hidden":false,"readonly":false,"hideFrame":false,"render":false},"label":{"custom":false,"useLocalizations":false},"size":{"field":"inherit","label":"inherit"},"layout":{"label":{"valign":"inherit","align":"inherit"},"field":{"valign":"inherit","align":"inherit"}},"annotations":{},"field":{"formId":null,"name":null}},"children":[]}]},{"name":"Dato og risiko","localizedName":"Dato og risiko","localizedNames":{"en":"*Dato og risiko (en)","nb":"Dato og risiko"},"localizedDescriptions":{},"rmType":"GENERIC_FIELDSET","min":0,"max":1,"inputs":[],"formId":"generic-field-20862","viewConfig":{"multiplicity":{"min":0,"max":1},"advanced":{"hidden":false,"readonly":false,"hideFrame":false,"render":false},"label":{"custom":false,"useLocalizations":false},"size":{"field":"inherit","label":"inherit"},"layout":{"label":{"valign":"inherit","align":"inherit"},"field":{"valign":"inherit","align":"inherit"}},"annotations":{},"field":{"formId":null,"name":null},"tags":["HideLabel"]},"children":[{"name":"Dato for screening","localizedName":"Dato for screening","localizedNames":{"en":"*Dato for screening (en)","nb":"Dato for screening"},"localizedDescriptions":{"nb":"*","en":"** (nb)"},"rmType":"DV_DATE","nodeId":"at0033","min":0,"max":1,"aqlPath":"/content[openEHR-EHR-EVALUATION.trykksaar_risiko.v1]/data[at0001]/items[at0033]/value","inputs":[{"type":"DATE","listOpen":false}],"formId":"hv_trykksaarrisikovurdering/trykksaar_risiko/dato_for_screening","viewConfig":{"multiplicity":{"min":0,"max":1},"advanced":{"hidden":true,"readonly":false,"hideFrame":false,"render":false},"label":{"custom":false,"useLocalizations":false},"size":{"field":"inherit","label":"inherit"},"layout":{"label":{"valign":"inherit","align":"inherit"},"field":{"valign":"inherit","align":"inherit"}},"annotations":{},"field":{"input":{"hideTime":false,"dateFormat":"","hideDate":false}}}},{"name":"Tøm skjema","localizedName":"Tøm skjema","localizedNames":{"en":"*Tøm skjema (en)","nb":"Tøm skjema"},"localizedDescriptions":{"nb":"Tøm skjema","en":"*Tøm skjema (nb)"},"rmType":"DV_BOOLEAN","nodeId":"at0002","min":0,"max":1,"aqlPath":"/content[openEHR-EHR-ADMIN_ENTRY.clearcommand.v0]/data[at0001]/items[at0002]/value","inputs":[{"type":"BOOLEAN","defaultValue":"False","listOpen":false}],"formId":"hv_trykksaarrisikovurdering/clearcommand/tøm_skjema","viewConfig":{"multiplicity":{"min":0,"max":1},"advanced":{"hidden":true,"readonly":false,"hideFrame":false,"render":false},"label":{"custom":false,"useLocalizations":false},"size":{"field":"inherit","label":"inherit"},"layout":{"label":{"valign":"inherit","align":"inherit"},"field":{"valign":"inherit","align":"inherit"}},"annotations":{},"field":{"input":{"threeState":false}}}}]},{"name":"Har pasienten trykksår ved innleggelse/overflytting?","localizedName":"Har pasienten trykksår ved innleggelse/overflytting?","localizedNames":{"en":"*Har pasienten trykksår ved innleggelse/overflytting? (en)","nb":"Har pasienten trykksår ved innleggelse/overflytting?"},"localizedDescriptions":{"nb":"*","en":"** (nb)"},"rmType":"DV_CODED_TEXT","nodeId":"at0002","min":0,"max":1,"aqlPath":"/content[openEHR-EHR-EVALUATION.trykksaar_risiko.v1]/data[at0001]/items[at0002]/value","inputs":[{"suffix":"code","type":"CODED_TEXT","list":[{"value":"at0013","label":"Ja","ordinal":0,"localizedLabels":{"nb":"Ja","en":"*Ja (nb)"},"localizedDescriptions":{"nb":"*","en":"** (nb)"}},{"value":"at0014","label":"Nei","ordinal":0,"localizedLabels":{"nb":"Nei","en":"*Nei (nb)"},"localizedDescriptions":{"nb":"*","en":"** (nb)"}}],"listOpen":false}],"formId":"hv_trykksaarrisikovurdering/trykksaar_risiko/har_pasienten_trykksår_ved_innleggelse_overflytting","viewConfig":{"multiplicity":{"min":0,"max":1},"advanced":{"hidden":false,"readonly":false,"hideFrame":false,"render":false},"label":{"custom":false,"useLocalizations":false},"size":{"field":"inherit","label":"inherit"},"layout":{"label":{"valign":"inherit","align":"inherit"},"field":{"valign":"inherit","align":"inherit"}},"annotations":{"nullflavour":"271"},"field":{"code":{"presentation":"radios","columns":"2"}}}},{"name":"Trenger pasienten hjelp til stillingsendring i stol og/ eller seng?","localizedName":"Trenger pasienten hjelp til stillingsendring i stol og/ eller seng?","localizedNames":{"en":"*Trenger pasienten hjelp til stillingsendring i stol og/ eller seng? (en)","nb":"Trenger pasienten hjelp til stillingsendring i stol og/ eller seng?"},"localizedDescriptions":{"nb":"*","en":"** (nb)"},"rmType":"DV_CODED_TEXT","nodeId":"at0003","min":0,"max":1,"aqlPath":"/content[openEHR-EHR-EVALUATION.trykksaar_risiko.v1]/data[at0001]/items[at0003]/value","inputs":[{"suffix":"code","type":"CODED_TEXT","list":[{"value":"at0015","label":"Ja","ordinal":0,"localizedLabels":{"nb":"Ja","en":"*Ja (nb)"},"localizedDescriptions":{"nb":"*","en":"** (nb)"}},{"value":"at0016","label":"Nei","ordinal":0,"localizedLabels":{"nb":"Nei","en":"*Nei (nb)"},"localizedDescriptions":{"nb":"*","en":"** (nb)"}}],"listOpen":false}],"formId":"hv_trykksaarrisikovurdering/trykksaar_risiko/trenger_pasienten_hjelp_til_stillingsendring_i_stol_og_eller_seng","viewConfig":{"multiplicity":{"min":0,"max":1},"advanced":{"hidden":false,"readonly":false,"hideFrame":false,"render":false},"label":{"custom":false,"useLocalizations":false},"size":{"field":"inherit","label":"inherit"},"layout":{"label":{"valign":"inherit","align":"inherit"},"field":{"valign":"inherit","align":"inherit"}},"annotations":{"nullflavour":"271"},"field":{"code":{"presentation":"radios","columns":"2"}}}},{"name":"Tror du det er sannsynlig at pasienten kan utvikle trykksår under innleggelsen?","localizedName":"Tror du det er sannsynlig at pasienten kan utvikle trykksår under innleggelsen?","localizedNames":{"en":"*Tror du det er sannsynlig at pasienten kan utvikle trykksår under innleggelsen? (en)","nb":"Tror du det er sannsynlig at pasienten kan utvikle trykksår under innleggelsen?"},"localizedDescriptions":{"nb":"*","en":"** (nb)"},"rmType":"DV_CODED_TEXT","nodeId":"at0004","min":0,"max":1,"aqlPath":"/content[openEHR-EHR-EVALUATION.trykksaar_risiko.v1]/data[at0001]/items[at0004]/value","inputs":[{"suffix":"code","type":"CODED_TEXT","list":[{"value":"at0017","label":"Ja","ordinal":0,"localizedLabels":{"nb":"Ja","en":"*Ja (nb)"},"localizedDescriptions":{"nb":"*","en":"** (nb)"}},{"value":"at0018","label":"Nei","ordinal":0,"localizedLabels":{"nb":"Nei","en":"*Nei (nb)"},"localizedDescriptions":{"nb":"*","en":"** (nb)"}}],"listOpen":false}],"formId":"hv_trykksaarrisikovurdering/trykksaar_risiko/tror_du_det_er_sannsynlig_at_pasienten_kan_utvikle_trykksår_under_innleggelsen","viewConfig":{"multiplicity":{"min":0,"max":1},"advanced":{"hidden":false,"readonly":false,"hideFrame":false,"render":false},"label":{"custom":false,"useLocalizations":false},"size":{"field":"inherit","label":"inherit"},"layout":{"label":{"valign":"inherit","align":"inherit"},"field":{"valign":"inherit","align":"inherit"}},"annotations":{"nullflavour":"271"},"field":{"code":{"presentation":"radios","columns":"2"}}}},{"name":"Merknad:","localizedName":"Merknad:","localizedNames":{"en":"*Merknad: (en)","nb":"Merknad:"},"localizedDescriptions":{"nb":"Her kan man skrive en merknad","en":"*Her kan man skrive en merknad (nb)"},"rmType":"DV_TEXT","nodeId":"at0005","min":0,"max":1,"aqlPath":"/content[openEHR-EHR-EVALUATION.trykksaar_risiko.v1]/data[at0001]/items[at0005]/value","inputs":[{"type":"TEXT","list":[],"listOpen":false}],"formId":"hv_trykksaarrisikovurdering/trykksaar_risiko/merknad","viewConfig":{"multiplicity":{"min":0,"max":1},"advanced":{"hidden":false,"readonly":false,"hideFrame":false,"render":false},"label":{"custom":false,"useLocalizations":false},"size":{"field":"inherit","label":"inherit"},"layout":{"label":{"valign":"inherit","align":"inherit"},"field":{"valign":"inherit","align":"inherit"}},"datasource":{"loadRemote":false,"parameters":{}},"annotations":{},"field":{"lines":null,"input":{}}}}]},{"name":"Risiko eller ufullstendig screening","localizedName":"Risiko eller ufullstendig screening","localizedNames":{"en":"*Risiko eller ufullstendig screening (en)","nb":"Risiko for trykksår"},"localizedDescriptions":{},"rmType":"GENERIC_FIELDSET","min":0,"max":1,"inputs":[],"formId":"generic-field-71466","viewConfig":{"multiplicity":{"min":0,"max":1},"advanced":{"hidden":false,"readonly":false,"hideFrame":false,"render":false},"label":{"custom":false,"useLocalizations":false},"size":{"field":"inherit","label":"inherit"},"layout":{"label":{"valign":"inherit","align":"inherit"},"field":{"valign":"inherit","align":"inherit"}},"annotations":{"alertType":"error"},"field":{"formId":null,"name":null}},"children":[]},{"name":"Fieldset","localizedName":"Risiko på grunn av ufullstendig screening","localizedNames":{"en":"*Fieldset (en)","nb":"Risiko på grunn av ufullstendig screening"},"localizedDescriptions":{},"rmType":"GENERIC_FIELDSET","min":0,"max":1,"inputs":[],"formId":"generic-field-50024","viewConfig":{"multiplicity":{"min":0,"max":1},"advanced":{"hidden":false,"readonly":false,"hideFrame":false,"render":false},"label":{"custom":false,"useLocalizations":false},"size":{"field":"inherit","label":"inherit"},"layout":{"label":{"valign":"inherit","align":"inherit"},"field":{"valign":"inherit","align":"inherit"}},"annotations":{"alertType":"WARNING"},"field":{"formId":null,"name":null}},"children":[]},{"name":"Ingen risiko","localizedName":"Ingen risiko","localizedNames":{"en":"*Ingen risiko for trykksår (en)","nb":"Ingen risiko for trykksår"},"localizedDescriptions":{},"rmType":"GENERIC_FIELDSET","min":0,"max":1,"inputs":[],"formId":"generic-field-88155","viewConfig":{"multiplicity":{"min":0,"max":1},"advanced":{"hidden":false,"readonly":false,"hideFrame":false,"render":false},"label":{"custom":false,"useLocalizations":false},"size":{"field":"inherit","label":"inherit"},"layout":{"label":{"valign":"inherit","align":"inherit"},"field":{"valign":"inherit","align":"inherit"}},"annotations":{"alertType":"Success"},"field":{"formId":null,"name":null}},"children":[]},{"name":"Kalkulasjoner","localizedName":"Kalkulasjoner","localizedNames":{"en":"*Kalkulasjoner (en)","nb":"Kalkulasjoner"},"localizedDescriptions":{},"rmType":"GENERIC_FIELDSET","min":0,"max":1,"inputs":[],"formId":"generic-field-4609","viewConfig":{"multiplicity":{"min":0,"max":1},"advanced":{"hidden":true,"readonly":false,"hideFrame":false,"render":false},"label":{"custom":false,"useLocalizations":false},"size":{"field":"inherit","label":"inherit"},"layout":{"label":{"valign":"inherit","align":"inherit"},"field":{"valign":"inherit","align":"inherit"}},"annotations":{},"field":{"formId":null,"name":null},"tags":["HideLabel"]},"children":[{"name":"Alder","localizedName":"Alder","localizedNames":{"en":"*Alder (en)","nb":"Alder"},"localizedDescriptions":{"nb":"*","en":"** (nb)"},"rmType":"DV_COUNT","nodeId":"at0004","min":0,"max":1,"aqlPath":"/content[openEHR-EHR-OBSERVATION.tr_kalk_dips.v0]/data[at0001]/events[at0002]/data[at0003]/items[at0004]/value","inputs":[{"type":"INTEGER","defaultValue":"","listOpen":false}],"formId":"hv_trykksaarrisikovurdering/tr_kalk_dips/alder","viewConfig":{"multiplicity":{"min":0,"max":1},"advanced":{"hidden":false,"readonly":false,"hideFrame":false,"render":false},"label":{"custom":false,"useLocalizations":false},"size":{"field":"inherit","label":"inherit"},"layout":{"label":{"valign":"inherit","align":"inherit"},"field":{"valign":"inherit","align":"inherit"}},"annotations":{"calcid":"alder","templateVariable":"[Pas.Alder]"},"field":{}}},{"name":"Braden score resultat","localizedName":"Braden score resultat","localizedNames":{"en":"*Braden score resultat (en)","nb":"Braden score resultat"},"localizedDescriptions":{"nb":"*","en":"** (nb)"},"rmType":"DV_COUNT","nodeId":"at0005","min":0,"max":1,"aqlPath":"/content[openEHR-EHR-OBSERVATION.tr_kalk_dips.v0]/data[at0001]/events[at0002]/data[at0003]/items[at0005]/value","inputs":[{"type":"INTEGER","defaultValue":"","listOpen":false}],"formId":"hv_trykksaarrisikovurdering/tr_kalk_dips/braden_score_resultat","viewConfig":{"multiplicity":{"min":0,"max":1},"advanced":{"hidden":false,"readonly":false,"hideFrame":false,"render":false},"label":{"custom":false,"useLocalizations":false},"size":{"field":"inherit","label":"inherit"},"layout":{"label":{"valign":"inherit","align":"inherit"},"field":{"valign":"inherit","align":"inherit"}},"annotations":{},"field":{}}},{"name":"Kalkulasjoner","localizedName":"Kalkulasjoner","localizedNames":{"en":"*Kalkulasjoner (en)","nb":"Kalkulasjoner"},"localizedDescriptions":{"nb":"*","en":"** (nb)"},"rmType":"DV_COUNT","nodeId":"at0006","min":0,"max":1,"aqlPath":"/content[openEHR-EHR-OBSERVATION.tr_kalk_dips.v0]/data[at0001]/events[at0002]/data[at0003]/items[at0006]/value","inputs":[{"type":"INTEGER","defaultValue":"","listOpen":false}],"formId":"hv_trykksaarrisikovurdering/tr_kalk_dips/kalkulasjon_for_trykksårrisiko","viewConfig":{"multiplicity":{"min":0,"max":1},"advanced":{"hidden":false,"readonly":false,"hideFrame":false,"render":false},"label":{"custom":false,"useLocalizations":false},"size":{"field":"inherit","label":"inherit"},"layout":{"label":{"valign":"inherit","align":"inherit"},"field":{"valign":"inherit","align":"inherit"}},"annotations":{"calc":"en+to+tre"},"field":{}}},{"name":"en","localizedName":"en","localizedNames":{"en":"*en (en)","nb":"en"},"localizedDescriptions":{"nb":"*","en":"** (nb)"},"rmType":"DV_COUNT","nodeId":"at0007","min":0,"max":1,"aqlPath":"/content[openEHR-EHR-OBSERVATION.tr_kalk_dips.v0]/data[at0001]/events[at0002]/data[at0003]/items[at0007]/value","inputs":[{"type":"INTEGER","defaultValue":"","listOpen":false}],"formId":"hv_trykksaarrisikovurdering/tr_kalk_dips/en","viewConfig":{"multiplicity":{"min":0,"max":1},"advanced":{"hidden":false,"readonly":false,"hideFrame":false,"render":false},"label":{"custom":false,"useLocalizations":false},"size":{"field":"inherit","label":"inherit"},"layout":{"label":{"valign":"inherit","align":"inherit"},"field":{"valign":"inherit","align":"inherit"}},"annotations":{"calcid":"en"},"field":{}}},{"name":"to","localizedName":"to","localizedNames":{"en":"*to (en)","nb":"to"},"localizedDescriptions":{"nb":"*","en":"** (nb)"},"rmType":"DV_COUNT","nodeId":"at0008","min":0,"max":1,"aqlPath":"/content[openEHR-EHR-OBSERVATION.tr_kalk_dips.v0]/data[at0001]/events[at0002]/data[at0003]/items[at0008]/value","inputs":[{"type":"INTEGER","defaultValue":"","listOpen":false}],"formId":"hv_trykksaarrisikovurdering/tr_kalk_dips/to","viewConfig":{"multiplicity":{"min":0,"max":1},"advanced":{"hidden":false,"readonly":false,"hideFrame":false,"render":false},"label":{"custom":false,"useLocalizations":false},"size":{"field":"inherit","label":"inherit"},"layout":{"label":{"valign":"inherit","align":"inherit"},"field":{"valign":"inherit","align":"inherit"}},"annotations":{"calcid":"to"},"field":{}}},{"name":"tre","localizedName":"tre","localizedNames":{"en":"*tre (en)","nb":"tre"},"localizedDescriptions":{"nb":"*","en":"** (nb)"},"rmType":"DV_COUNT","nodeId":"at0009","min":0,"max":1,"aqlPath":"/content[openEHR-EHR-OBSERVATION.tr_kalk_dips.v0]/data[at0001]/events[at0002]/data[at0003]/items[at0009]/value","inputs":[{"type":"INTEGER","defaultValue":"","listOpen":false}],"formId":"hv_trykksaarrisikovurdering/tr_kalk_dips/tre","viewConfig":{"multiplicity":{"min":0,"max":1},"advanced":{"hidden":false,"readonly":false,"hideFrame":false,"render":false},"label":{"custom":false,"useLocalizations":false},"size":{"field":"inherit","label":"inherit"},"layout":{"label":{"valign":"inherit","align":"inherit"},"field":{"valign":"inherit","align":"inherit"}},"annotations":{"calcid":"tre"},"field":{}}},{"name":"Risikoangivelse","localizedName":"Risikoangivelse","localizedNames":{"en":"*Risikoangivelse (en)","nb":"Risikoangivelse"},"localizedDescriptions":{"nb":"*","en":"** (nb)"},"rmType":"DV_CODED_TEXT","nodeId":"at0010","min":0,"max":1,"aqlPath":"/content[openEHR-EHR-OBSERVATION.tr_kalk_dips.v0]/data[at0001]/events[at0002]/data[at0003]/items[at0010]/value","inputs":[{"suffix":"code","type":"CODED_TEXT","list":[{"value":"at0011","label":"Risiko","ordinal":0,"localizedLabels":{"nb":"Risiko","en":"*Risiko (nb)"},"localizedDescriptions":{"nb":"Risiko","en":"*Risiko (nb)"}},{"value":"at0012","label":"Ikke risiko","ordinal":0,"localizedLabels":{"nb":"Ikke risiko","en":"*Ikke risiko (nb)"},"localizedDescriptions":{"nb":"Ikke risiko","en":"*Ikke risiko (nb)"}},{"value":"at0013","label":"Risiko for trykksår eller uavklart","ordinal":0,"localizedLabels":{"nb":"Risiko for trykksår eller uavklart","en":"*Risiko for trykksår eller uavklart (nb)"},"localizedDescriptions":{"nb":"Risiko for trykksår eller uavklart","en":"*Risiko for trykksår eller uavklart (nb)"}}],"defaultValue":"at0013","listOpen":false}],"formId":"hv_trykksaarrisikovurdering/tr_kalk_dips/risikoangivelse","viewConfig":{"multiplicity":{"min":0,"max":1},"advanced":{"hidden":false,"readonly":false,"hideFrame":false,"render":false},"label":{"custom":false,"useLocalizations":false},"size":{"field":"inherit","label":"inherit"},"layout":{"label":{"valign":"inherit","align":"inherit"},"field":{"valign":"inherit","align":"inherit"}},"annotations":{},"field":{"code":{"presentation":"combobox","columns":"3"}}}}]}],"templateLanguages":["nb"],"language":""}