[{"col":1,"row":1,"width":11,"height":49,"children":[{"id":"generic-field-63934","rows":[{"cols":[{"width":"100%","children":[{"id":"generic-field-24335","rows":[{"cols":[{"width":"100%","children":[{"id":"generic-field-33689","rows":[{"cols":[{"width":"100%","children":[]}]}]},{"id":"generic-field-34431","rows":[{"cols":[{"width":"100%","children":[]}]}]}]}]}]},{"id":"generic-field-20862","rows":[{"cols":[{"width":"50%","children":[{"id":"hv_trykksaarrisikovurdering/trykksaar_risiko/dato_for_screening","rows":[]},{"id":"hv_trykksaarrisikovurdering/clearcommand/tøm_skjema","rows":[]}]},{"width":"50%","children":[]}]}]},{"id":"hv_trykksaarrisikovurdering/trykksaar_risiko/har_pasienten_trykksår_ved_innleggelse_overflytting","rows":[]},{"id":"hv_trykksaarrisikovurdering/trykksaar_risiko/trenger_pasienten_hjelp_til_stillingsendring_i_stol_og_eller_seng","rows":[]},{"id":"hv_trykksaarrisikovurdering/trykksaar_risiko/tror_du_det_er_sannsynlig_at_pasienten_kan_utvikle_trykksår_under_innleggelsen","rows":[]},{"id":"hv_trykksaarrisikovurdering/trykksaar_risiko/merknad","rows":[]}]}]}]},{"id":"generic-field-71466","rows":[{"cols":[{"width":"100%","children":[]}]}]},{"id":"generic-field-50024","rows":[{"cols":[{"width":"100%","children":[]}]}]},{"id":"generic-field-88155","rows":[{"cols":[{"width":"100%","children":[]}]}]},{"id":"generic-field-4609","rows":[{"cols":[{"width":"100%","children":[{"id":"hv_trykksaarrisikovurdering/tr_kalk_dips/alder","rows":[]},{"id":"hv_trykksaarrisikovurdering/tr_kalk_dips/braden_score_resultat","rows":[]},{"id":"hv_trykksaarrisikovurdering/tr_kalk_dips/kalkulasjon_for_trykksårrisiko","rows":[]},{"id":"hv_trykksaarrisikovurdering/tr_kalk_dips/en","rows":[]},{"id":"hv_trykksaarrisikovurdering/tr_kalk_dips/to","rows":[]},{"id":"hv_trykksaarrisikovurdering/tr_kalk_dips/tre","rows":[]},{"id":"hv_trykksaarrisikovurdering/tr_kalk_dips/risikoangivelse","rows":[]}]}]}]}]}]