{"formId":"form_root","name":"Form root","rmType":"FORM_DEFINITION","viewConfig":{"label":{"custom":true,"value":"Vurdering","useLocalizations":true,"localizationsList":{"nb":"Hv trykksaarrisikovurdering"}},"size":{"field":"inherit","label":"inherit","fill":"inherit"},"layout":{"label":{"valign":"inherit","align":"inherit"},"field":{"valign":"inherit","align":"inherit"}},"tags":[],"annotations":{"reuseComposition":"select c from composition c contains evaluation e[openEHR-EHR-EVALUATION.trykksaar_risiko.v1] where c/archetype_details/template_id/value = 'HV Trykksaarrisikovurdering V3' order by e/data[at0001]/items[at0033]/value/value desc fetch 1?scope=periodofcare"}},"language":"","templateLanguages":["nb"],"children":[{"localizedName":"Vurdering av risiko for trykksår","localizedNames":{"nb":"Vurdering av risiko for trykksår"},"min":"0","max":"1","name":"Vurdering av risiko for trykksår","rmType":"GENERIC_FIELDSET","formId":"generic-field-63934","children":[{"localizedName":"Dato og risiko","localizedNames":{"nb":"Dato og risiko"},"min":"0","max":"1","name":"Dato og risiko","rmType":"GENERIC_FIELDSET","formId":"generic-field-20862","viewConfig":{"advanced":{"hidden":false,"readonly":false,"render":false},"size":{"field":"inherit","label":"inherit","fill":"inherit"},"layout":{"label":{"valign":"inherit","align":"inherit"},"field":{"valign":"inherit","align":"inherit"}},"tags":["HideLabel"]},"children":[{"name":"Dato for screening","localizedName":"Dato for screening","rmType":"DV_DATE","nodeId":"at0033","min":"0","max":"1","localizedNames":{"nb":"Dato for screening"},"localizedDescriptions":{"nb":"*"},"aqlPath":"/content[openEHR-EHR-EVALUATION.trykksaar_risiko.v1]/data[at0001]/items[at0033]/value","inputs":[{"type":"DATE"}],"formId":"hv_trykksaarrisikovurdering/trykksaar_risiko/dato_for_screening","viewConfig":{"advanced":{"hidden":true,"readonly":false},"size":{"field":"inherit","label":"inherit","fill":"inherit"},"layout":{"label":{"valign":"inherit","align":"inherit"},"field":{"valign":"inherit","align":"inherit"}},"datasource":{"loadRemote":false,"loadRemoteUrl":"","terminology":""},"tags":[],"annotations":{},"field":{"input":{"dateFormat":"","hideDate":false,"hideTime":false}}}},{"name":"Tøm skjema","localizedName":"Tøm skjema","rmType":"DV_BOOLEAN","nodeId":"at0002","min":"0","max":"1","localizedNames":{"nb":"Tøm skjema"},"localizedDescriptions":{"nb":"Tøm skjema"},"aqlPath":"/content[openEHR-EHR-ADMIN_ENTRY.clearcommand.v0]/data[at0001]/items[at0002]/value","inputs":[{"type":"BOOLEAN","defaultValue":false}],"formId":"hv_trykksaarrisikovurdering/clearcommand/tøm_skjema","viewConfig":{"advanced":{"hidden":true,"readonly":false},"size":{"field":"inherit","label":"inherit","fill":"inherit"},"layout":{"label":{"valign":"inherit","align":"inherit"},"field":{"valign":"inherit","align":"inherit"}},"datasource":{"loadRemote":false,"loadRemoteUrl":"","terminology":""},"tags":[],"field":{"input":{"threeState":false}}}}]},{"name":"Har pasienten trykksår ved innleggelse/overflytting?","localizedName":"Har pasienten trykksår ved innleggelse/overflytting?","rmType":"DV_CODED_TEXT","nodeId":"at0002","min":"0","max":"1","localizedNames":{"nb":"Har pasienten trykksår ved innleggelse/overflytting?"},"localizedDescriptions":{"nb":"*"},"aqlPath":"/content[openEHR-EHR-EVALUATION.trykksaar_risiko.v1]/data[at0001]/items[at0002]/value","inputs":[{"suffix":"code","type":"CODED_TEXT","list":[{"value":"at0013","label":"Ja","localizedLabels":{"nb":"Ja"},"localizedDescriptions":{"nb":"*"}},{"value":"at0014","label":"Nei","localizedLabels":{"nb":"Nei"},"localizedDescriptions":{"nb":"*"}}]}],"formId":"hv_trykksaarrisikovurdering/trykksaar_risiko/har_pasienten_trykksår_ved_innleggelse_overflytting","viewConfig":{"advanced":{"hidden":false,"readonly":false},"size":{"field":"inherit","label":"inherit","fill":"inherit"},"layout":{"label":{"valign":"inherit","align":"inherit"},"field":{"valign":"inherit","align":"inherit"}},"datasource":{"loadRemote":false,"loadRemoteUrl":"","terminology":""},"tags":[],"field":{"code":{"presentation":"combobox"}}}},{"name":"Trenger pasienten hjelp til stillingsendring i stol og/ eller seng?","localizedName":"Trenger pasienten hjelp til stillingsendring i stol og/ eller seng?","rmType":"DV_CODED_TEXT","nodeId":"at0003","min":"0","max":"1","localizedNames":{"nb":"Trenger pasienten hjelp til stillingsendring i stol og/ eller seng?"},"localizedDescriptions":{"nb":"*"},"aqlPath":"/content[openEHR-EHR-EVALUATION.trykksaar_risiko.v1]/data[at0001]/items[at0003]/value","inputs":[{"suffix":"code","type":"CODED_TEXT","list":[{"value":"at0015","label":"Ja","localizedLabels":{"nb":"Ja"},"localizedDescriptions":{"nb":"*"}},{"value":"at0016","label":"Nei","localizedLabels":{"nb":"Nei"},"localizedDescriptions":{"nb":"*"}}]}],"formId":"hv_trykksaarrisikovurdering/trykksaar_risiko/trenger_pasienten_hjelp_til_stillingsendring_i_stol_og_eller_seng","viewConfig":{"advanced":{"hidden":false,"readonly":false},"size":{"field":"inherit","label":"inherit","fill":"inherit"},"layout":{"label":{"valign":"inherit","align":"inherit"},"field":{"valign":"inherit","align":"inherit"}},"datasource":{"loadRemote":false,"loadRemoteUrl":"","terminology":""},"tags":[],"field":{"code":{"presentation":"combobox"}}}},{"name":"Tror du det er sannsynlig at pasienten kan utvikle trykksår under innleggelsen?","localizedName":"Tror du det er sannsynlig at pasienten kan utvikle trykksår under innleggelsen?","rmType":"DV_CODED_TEXT","nodeId":"at0004","min":"0","max":"1","localizedNames":{"nb":"Tror du det er sannsynlig at pasienten kan utvikle trykksår under innleggelsen?"},"localizedDescriptions":{"nb":"*"},"aqlPath":"/content[openEHR-EHR-EVALUATION.trykksaar_risiko.v1]/data[at0001]/items[at0004]/value","inputs":[{"suffix":"code","type":"CODED_TEXT","list":[{"value":"at0017","label":"Ja","localizedLabels":{"nb":"Ja"},"localizedDescriptions":{"nb":"*"}},{"value":"at0018","label":"Nei","localizedLabels":{"nb":"Nei"},"localizedDescriptions":{"nb":"*"}}]}],"formId":"hv_trykksaarrisikovurdering/trykksaar_risiko/tror_du_det_er_sannsynlig_at_pasienten_kan_utvikle_trykksår_under_innleggelsen","viewConfig":{"advanced":{"hidden":false,"readonly":false},"size":{"field":"inherit","label":"inherit","fill":"inherit"},"layout":{"label":{"valign":"inherit","align":"inherit"},"field":{"valign":"inherit","align":"inherit"}},"datasource":{"loadRemote":false,"loadRemoteUrl":"","terminology":""},"tags":[],"field":{"code":{"presentation":"combobox"}}}},{"name":"Merknad:","localizedName":"Merknad:","rmType":"DV_TEXT","nodeId":"at0005","min":"0","max":"1","localizedNames":{"nb":"Merknad:"},"localizedDescriptions":{"nb":"Her kan man skrive en merknad"},"aqlPath":"/content[openEHR-EHR-EVALUATION.trykksaar_risiko.v1]/data[at0001]/items[at0005]/value","inputs":[{"type":"TEXT"}],"formId":"hv_trykksaarrisikovurdering/trykksaar_risiko/merknad","viewConfig":{"advanced":{"hidden":false,"readonly":false},"size":{"field":"inherit","label":"inherit","fill":"inherit"},"layout":{"label":{"valign":"inherit","align":"inherit"},"field":{"valign":"inherit","align":"inherit"}},"datasource":{"loadRemote":false,"loadRemoteUrl":"","terminology":""},"tags":[],"field":{"input":{"presentation":"textfield"}}}}],"viewConfig":{"size":{"field":"inherit","label":"inherit","fill":"inherit"},"layout":{"label":{"valign":"inherit","align":"top"},"field":{"valign":"inherit","align":"inherit"}},"advanced":{"hidden":false,"readonly":false,"render":false},"tags":[]}},{"localizedName":"Risiko eller ufullstendig screening","localizedNames":{"nb":"Risiko eller ufullstendig screening"},"min":"0","max":"1","name":"Risiko eller ufullstendig screening","rmType":"GENERIC_FIELDSET","inputs":[{"type":"TEXT"}],"formId":"generic-field-71466","children":[],"viewConfig":{"advanced":{"hidden":false,"readonly":false,"render":false},"size":{"field":"inherit","label":"inherit","fill":"inherit"},"layout":{"label":{"valign":"inherit","align":"inherit"},"field":{"valign":"inherit","align":"inherit"}},"annotations":{"alertType":"error"},"tags":[]}},{"localizedName":"Ingen risiko","localizedNames":{"nb":"Ingen risiko for trykksår"},"min":"0","max":"1","name":"Ingen risiko","rmType":"GENERIC_FIELDSET","inputs":[{"type":"TEXT"}],"formId":"generic-field-88155","children":[],"viewConfig":{"advanced":{"hidden":false,"readonly":false,"render":false},"size":{"field":"inherit","label":"inherit","fill":"inherit"},"layout":{"label":{"valign":"inherit","align":"inherit"},"field":{"valign":"inherit","align":"inherit"}},"tags":[],"annotations":{"alertType":"Success"}}},{"localizedName":"Alle nyinnlagte skal vurderes for trykksårrisiko innen 4 timer.","localizedNames":{"nb":"Alle nyinnlagte  skal vurderes for trykksårrisiko innen 4 timer."},"min":"0","max":"1","name":"Alle nyinnlagte skal vurderes for trykksårrisiko innen 4 timer.","rmType":"GENERIC_FIELDSET","formId":"generic-field-24335","children":[{"localizedName":"En pasient uten trykksårrisiko skal vurderes på nytt","localizedNames":{"nb":"En pasient uten trykksårrisiko skal vurderes på nytt "},"min":"0","max":"1","name":"En pasient uten trykksårrisiko skal vurderes på nytt","rmType":"GENERIC_FIELDSET","formId":"generic-field-33689","viewConfig":{"advanced":{"hidden":false,"readonly":false,"render":false},"size":{"field":"inherit","label":"inherit","fill":"inherit"},"layout":{"label":{"valign":"inherit","align":"inherit"},"field":{"valign":"inherit","align":"inherit"}},"tags":[]},"children":[]},{"localizedName":" hvis det oppstår forverring i helsetilstanden som påvirker risiko","localizedNames":{"nb":" hvis det oppstår forverring i helsetilstanden som påvirker risiko"},"min":"0","max":"1","name":" hvis det oppstår forverring i helsetilstanden som påvirker risiko","rmType":"GENERIC_FIELDSET","formId":"generic-field-34431","viewConfig":{"advanced":{"hidden":false,"readonly":false,"render":false},"size":{"field":"inherit","label":"inherit","fill":"inherit"},"layout":{"label":{"valign":"inherit","align":"inherit"},"field":{"valign":"inherit","align":"inherit"}},"tags":[]},"children":[]}],"viewConfig":{"advanced":{"hidden":false,"readonly":false,"render":false},"size":{"field":"inherit","label":"inherit","fill":"inherit"},"layout":{"label":{"valign":"inherit","align":"inherit"},"field":{"valign":"inherit","align":"inherit"}},"tags":[],"annotations":{"alertType":"TIP"}}},{"localizedName":"Kalkulasjoner","localizedNames":{"nb":"Kalkulasjoner"},"min":"0","max":"1","name":"Kalkulasjoner","rmType":"GENERIC_FIELDSET","inputs":[{"type":"TEXT"}],"formId":"generic-field-4609","children":[{"name":"Alder","localizedName":"Alder","rmType":"DV_COUNT","nodeId":"at0004","min":"0","max":"1","localizedNames":{"nb":"Alder"},"localizedDescriptions":{"nb":"*"},"aqlPath":"/content[openEHR-EHR-OBSERVATION.tr_kalk_dips.v0]/data[at0001]/events[at0002]/data[at0003]/items[at0004]/value","inputs":[{"type":"INTEGER"}],"formId":"hv_trykksaarrisikovurdering/tr_kalk_dips/alder","viewConfig":{"advanced":{"hidden":false,"readonly":false},"size":{"field":"inherit","label":"inherit","fill":"inherit"},"layout":{"label":{"valign":"inherit","align":"inherit"},"field":{"valign":"inherit","align":"inherit"}},"datasource":{"loadRemote":false,"loadRemoteUrl":"","terminology":""},"tags":[],"annotations":{"calcid":"alder","templateVariable":"[Pas.Alder]"}}},{"name":"Braden score resultat","localizedName":"Braden score resultat","rmType":"DV_COUNT","nodeId":"at0005","min":"0","max":"1","localizedNames":{"nb":"Braden score resultat"},"localizedDescriptions":{"nb":"*"},"aqlPath":"/content[openEHR-EHR-OBSERVATION.tr_kalk_dips.v0]/data[at0001]/events[at0002]/data[at0003]/items[at0005]/value","inputs":[{"type":"INTEGER"}],"formId":"hv_trykksaarrisikovurdering/tr_kalk_dips/braden_score_resultat","viewConfig":{"advanced":{"hidden":false,"readonly":false},"size":{"field":"inherit","label":"inherit","fill":"inherit"},"layout":{"label":{"valign":"inherit","align":"inherit"},"field":{"valign":"inherit","align":"inherit"}},"datasource":{"loadRemote":false,"loadRemoteUrl":"","terminology":""},"tags":[]}},{"name":"Kalkulasjoner","localizedName":"Kalkulasjoner","rmType":"DV_COUNT","nodeId":"at0006","min":"0","max":"1","localizedNames":{"nb":"Kalkulasjoner"},"localizedDescriptions":{"nb":"*"},"aqlPath":"/content[openEHR-EHR-OBSERVATION.tr_kalk_dips.v0]/data[at0001]/events[at0002]/data[at0003]/items[at0006]/value","inputs":[{"type":"INTEGER","defaultValue":3}],"formId":"hv_trykksaarrisikovurdering/tr_kalk_dips/kalkulasjon_for_trykksårrisiko","viewConfig":{"advanced":{"hidden":false,"readonly":false,"render":false},"size":{"field":"inherit","label":"inherit","fill":"inherit"},"layout":{"label":{"valign":"inherit","align":"inherit"},"field":{"valign":"inherit","align":"inherit"}},"datasource":{"loadRemote":false,"loadRemoteUrl":"","terminology":""},"annotations":{"calc":"en+to+tre"}}},{"name":"en","localizedName":"en","rmType":"DV_COUNT","nodeId":"at0007","min":"0","max":"1","localizedNames":{"nb":"en"},"localizedDescriptions":{"nb":"*"},"aqlPath":"/content[openEHR-EHR-OBSERVATION.tr_kalk_dips.v0]/data[at0001]/events[at0002]/data[at0003]/items[at0007]/value","inputs":[{"type":"INTEGER","defaultValue":5}],"formId":"hv_trykksaarrisikovurdering/tr_kalk_dips/en","viewConfig":{"advanced":{"hidden":false,"readonly":false},"size":{"field":"inherit","label":"inherit","fill":"inherit"},"layout":{"label":{"valign":"inherit","align":"inherit"},"field":{"valign":"inherit","align":"inherit"}},"datasource":{"loadRemote":false,"loadRemoteUrl":"","terminology":""},"tags":[],"annotations":{"calcid":"en"}}},{"name":"to","localizedName":"to","rmType":"DV_COUNT","nodeId":"at0008","min":"0","max":"1","localizedNames":{"nb":"to"},"localizedDescriptions":{"nb":"*"},"aqlPath":"/content[openEHR-EHR-OBSERVATION.tr_kalk_dips.v0]/data[at0001]/events[at0002]/data[at0003]/items[at0008]/value","inputs":[{"type":"INTEGER","defaultValue":5}],"formId":"hv_trykksaarrisikovurdering/tr_kalk_dips/to","viewConfig":{"advanced":{"hidden":false,"readonly":false},"size":{"field":"inherit","label":"inherit","fill":"inherit"},"layout":{"label":{"valign":"inherit","align":"inherit"},"field":{"valign":"inherit","align":"inherit"}},"datasource":{"loadRemote":false,"loadRemoteUrl":"","terminology":""},"tags":[],"annotations":{"calcid":"to"}}},{"name":"tre","localizedName":"tre","rmType":"DV_COUNT","nodeId":"at0009","min":"0","max":"1","localizedNames":{"nb":"tre"},"localizedDescriptions":{"nb":"*"},"aqlPath":"/content[openEHR-EHR-OBSERVATION.tr_kalk_dips.v0]/data[at0001]/events[at0002]/data[at0003]/items[at0009]/value","inputs":[{"type":"INTEGER","defaultValue":5}],"formId":"hv_trykksaarrisikovurdering/tr_kalk_dips/tre","viewConfig":{"advanced":{"hidden":false,"readonly":false},"size":{"field":"inherit","label":"inherit","fill":"inherit"},"layout":{"label":{"valign":"inherit","align":"inherit"},"field":{"valign":"inherit","align":"inherit"}},"datasource":{"loadRemote":false,"loadRemoteUrl":"","terminology":""},"tags":[],"annotations":{"calcid":"tre"}}},{"name":"Risikoangivelse","localizedName":"Risikoangivelse","rmType":"DV_CODED_TEXT","nodeId":"at0010","min":0,"max":1,"localizedNames":{"nb":"Risikoangivelse"},"localizedDescriptions":{"nb":"*"},"aqlPath":"/content[openEHR-EHR-OBSERVATION.tr_kalk_dips.v0]/data[at0001]/events[at0002]/data[at0003]/items[at0010]/value","inputs":[{"suffix":"code","type":"CODED_TEXT","list":[{"value":"at0011","label":"Risiko","localizedLabels":{"nb":"Risiko"},"localizedDescriptions":{"nb":"Risiko"}},{"value":"at0012","label":"Ikke risiko","localizedLabels":{"nb":"Ikke risiko"},"localizedDescriptions":{"nb":"Ikke risiko"}},{"value":"at0013","label":"Risiko for trykksår eller uavklart","localizedLabels":{"nb":"Risiko for trykksår eller uavklart"},"localizedDescriptions":{"nb":"Risiko for trykksår eller uavklart"}}],"defaultValue":"at0013"}],"formId":"hv_trykksaarrisikovurdering/tr_kalk_dips/risikoangivelse","viewConfig":{"size":{"field":"inherit","label":"inherit","fill":"inherit"},"layout":{"field":{"valign":"inherit","align":"inherit"}},"datasource":{"loadRemote":false,"loadRemoteUrl":"","terminology":""},"field":{"code":{"presentation":"combobox"}}}}],"viewConfig":{"size":{"field":"inherit","label":"inherit","fill":"inherit"},"layout":{"label":{"valign":"inherit","align":"inherit"},"field":{"valign":"inherit","align":"inherit"}},"advanced":{"hidden":true,"readonly":false,"render":false},"tags":["HideLabel"]}}]}