[{"col":1,"row":1,"width":11,"height":33,"children":[{"id":"generic-field-63934","rows":[{"cols":[{"width":"100%","children":[{"id":"generic-field-20862","rows":[{"cols":[{"width":"50%","children":[{"id":"hv_trykksaarrisikovurdering/trykksaar_risiko/dato_for_screening"},{"id":"hv_trykksaarrisikovurdering/clearcommand/tøm_skjema"}]},{"width":"50%","children":[]}]}]},{"id":"hv_trykksaarrisikovurdering/trykksaar_risiko/har_pasienten_trykksår_ved_innleggelse_overflytting"},{"id":"hv_trykksaarrisikovurdering/trykksaar_risiko/trenger_pasienten_hjelp_til_stillingsendring_i_stol_og_eller_seng"},{"id":"hv_trykksaarrisikovurdering/trykksaar_risiko/tror_du_det_er_sannsynlig_at_pasienten_kan_utvikle_trykksår_under_innleggelsen"},{"id":"hv_trykksaarrisikovurdering/trykksaar_risiko/merknad"}]}]}]},{"id":"generic-field-71466","rows":[{"cols":[{"width":"100%","children":[]}]}]},{"id":"generic-field-88155","rows":[{"cols":[{"width":"100%","children":[]}]}]},{"id":"generic-field-24335","rows":[{"cols":[{"width":"100%","children":[{"id":"generic-field-33689","rows":[{"cols":[{"width":"100%","children":[]}]}]},{"id":"generic-field-34431","rows":[{"cols":[{"width":"100%","children":[]}]}]}]}]}]},{"id":"generic-field-4609","rows":[{"cols":[{"width":"100%","children":[{"id":"hv_trykksaarrisikovurdering/tr_kalk_dips/alder"},{"id":"hv_trykksaarrisikovurdering/tr_kalk_dips/braden_score_resultat"},{"id":"hv_trykksaarrisikovurdering/tr_kalk_dips/kalkulasjon_for_trykksårrisiko"},{"id":"hv_trykksaarrisikovurdering/tr_kalk_dips/en"},{"id":"hv_trykksaarrisikovurdering/tr_kalk_dips/to"},{"id":"hv_trykksaarrisikovurdering/tr_kalk_dips/tre"},{"id":"hv_trykksaarrisikovurdering/tr_kalk_dips/risikoangivelse"}]}]}]}]}]