[{"col":1,"row":1,"width":16,"height":19,"children":[{"id":"anestesivurdering","rows":[{"cols":[{"width":"100%","children":[{"id":"anestesivurdering/viktige_faktorer_som_kan_påvirke_anestesi@Viktige faktorer som kan påvirke anestesi","rows":[{"cols":[{"width":"100%","children":[{"id":"anestesivurdering/viktige_faktorer_som_kan_påvirke_anestesi@Viktige faktorer som kan påvirke anestesi/anestesi_prosedyre@Anestesi prosedyre","rows":[]}]}]}]},{"id":"generic-field-45564","rows":[{"cols":[{"width":"50%","children":[{"id":"anestesivurdering/viktige_faktorer_som_kan_påvirke_anestesi@Viktige faktorer som kan påvirke anestesi/underlag","rows":[]}]},{"width":"50%","children":[{"id":"anestesivurdering/viktige_faktorer_som_kan_påvirke_anestesi@Viktige faktorer som kan påvirke anestesi/utfyllende_anestesianmerkninger@Utfyllende anestesianmerkninger","rows":[]}]}]}]}]}]}]},{"id":"generic-field-23383","rows":[]}]},{"col":1,"row":20,"width":16,"height":69,"children":[{"id":"generic-field-83597","rows":[{"cols":[{"width":"100%","children":[{"id":"anestesivurdering/anatomiske_forhold_luftveier@Anatomiske forhold luftveier/modifisert_mallampati-klassifikasjon","rows":[{"cols":[{"width":"50%","children":[{"id":"anestesivurdering/anatomiske_forhold_luftveier@Anatomiske forhold luftveier/modifisert_mallampati-klassifikasjon/mallampati-klassifikasjon","rows":[]}]},{"width":"50%","children":[]}]}]},{"id":"generic-field-50768","rows":[{"cols":[{"width":"50%","children":[{"id":"anestesivurdering/tannstatus@Tannstatus","rows":[{"cols":[{"width":"100%","children":[{"id":"anestesivurdering/tannstatus@Tannstatus/tannstatus@Tannstatus","rows":[]}]}]}]},{"id":"anestesivurdering/allmenntilstand@Allmenntilstand","rows":[{"cols":[{"width":"100%","children":[{"id":"anestesivurdering/allmenntilstand@Allmenntilstand/allmenntilstand@Allmenntilstand","rows":[]}]}]}]},{"id":"anestesivurdering/intubasjonsforhold@Intubasjonsforhold","rows":[{"cols":[{"width":"100%","children":[{"id":"anestesivurdering/intubasjonsforhold@Intubasjonsforhold/intubasjonsforhold@Intubasjonsforhold","rows":[]}]}]}]},{"id":"anestesivurdering/aktivitetsnivå@Aktivitetsnivå","rows":[{"cols":[{"width":"100%","children":[{"id":"anestesivurdering/aktivitetsnivå@Aktivitetsnivå/aktivitetsnivå@Aktivitetsnivå","rows":[]}]}]}]}]},{"width":"50%","children":[{"id":"generic-field-49975","rows":[{"cols":[{"width":"100%","children":[{"id":"anestesivurdering/sammendrag_kommentar_anestesivurdering@Sammendrag/kommentar anestesivurdering/sammendrag","rows":[]}]}]}]}]}]}]},{"id":"anestesivurdering/asa-klassifikasjon","rows":[{"cols":[{"width":"100%","children":[{"id":"anestesivurdering/asa-klassifikasjon/uspesifisert_tidspunkthendelse","rows":[{"cols":[{"width":"50%","children":[{"id":"anestesivurdering/asa-klassifikasjon/uspesifisert_tidspunkthendelse/asa-status","rows":[]}]},{"width":"50%","children":[]}]}]}]}]}]}]}]}]}]},{"col":1,"row":89,"width":16,"height":93,"children":[{"id":"generic-field-36165","rows":[{"cols":[{"width":"100%","children":[{"id":"generic-field-70884","rows":[{"cols":[{"width":"50%","children":[{"id":"anestesivurdering/prosedyrerekvirering","rows":[{"cols":[{"width":"100%","children":[{"id":"anestesivurdering/prosedyrerekvirering/rekvirering","rows":[{"cols":[{"width":"100%","children":[{"id":"anestesivurdering/prosedyrerekvirering/rekvirering/prosedyrenavn","rows":[]},{"id":"anestesivurdering/prosedyrerekvirering/rekvirering/kommentar@Kommentar","rows":[]},{"id":"anestesivurdering/prosedyrerekvirering/rekvirering/prosedyretype","rows":[]},{"id":"anestesivurdering/prosedyrerekvirering/rekvirering/prosedyredetaljer","rows":[{"cols":[{"width":"50%","children":[{"id":"anestesivurdering/prosedyrerekvirering/rekvirering/prosedyredetaljer/prosedyrenavn","rows":[]}]},{"width":"50%","children":[{"id":"anestesivurdering/prosedyrerekvirering/rekvirering/prosedyredetaljer/legens_beskrivelse@Legens beskrivelse","rows":[]}]}]}]}]}]}]}]}]}]}]},{"width":"50%","children":[{"id":"anestesivurdering/prosedyrerekvirering/rekvirering/planlagt_luftveistilgang@Planlagt luftveistilgang","rows":[{"cols":[{"width":"100%","children":[{"id":"anestesivurdering/prosedyrerekvirering/rekvirering/planlagt_luftveistilgang@Planlagt luftveistilgang/prosedyrenavn","rows":[]}]}]}]}]}]}]}]}]}]},{"id":"generic-field-48290","rows":[{"cols":[{"width":"50%","children":[{"id":"anestesivurdering/prosedyrerekvirering/rekvirering/plan_for_innledning@Plan for innledning","rows":[{"cols":[{"width":"100%","children":[{"id":"anestesivurdering/prosedyrerekvirering/rekvirering/plan_for_innledning@Plan for innledning/prosedyrenavn","rows":[]}]}]}]},{"id":"anestesivurdering/prosedyrerekvirering/rekvirering/preoperative_forberedelser@Preoperative forberedelser","rows":[{"cols":[{"width":"100%","children":[{"id":"anestesivurdering/prosedyrerekvirering/rekvirering/preoperative_forberedelser@Preoperative forberedelser/ekg","rows":[]},{"id":"anestesivurdering/prosedyrerekvirering/rekvirering/preoperative_forberedelser@Preoperative forberedelser/premedikasjon","rows":[]},{"id":"anestesivurdering/prosedyrerekvirering/rekvirering/preoperative_forberedelser@Preoperative forberedelser/skal_ta_egne_medisiner","rows":[]},{"id":"anestesivurdering/prosedyrerekvirering/rekvirering/preoperative_forberedelser@Preoperative forberedelser/inr","rows":[]}]}]}]}]},{"width":"50%","children":[{"id":"anestesivurdering/prosedyrerekvirering/rekvirering/planlagt_ekstra_overvåking@Planlagt ekstra overvåking","rows":[{"cols":[{"width":"100%","children":[{"id":"anestesivurdering/prosedyrerekvirering/rekvirering/planlagt_ekstra_overvåking@Planlagt ekstra overvåking/prosedyrenavn","rows":[]}]}]}]}]}]},{"cols":[{"width":"100%","children":[{"id":"anestesivurdering/prosedyrerekvirering/rekvirering/detaljer_om_følgende_supplerende_informasjon","rows":[]}]}]}]}]},{"col":1,"row":182,"width":16,"height":32,"children":[{"id":"generic-field-12741","rows":[{"cols":[{"width":"50%","children":[{"id":"anestesivurdering/prosedyre","rows":[{"cols":[{"width":"100%","children":[{"id":"anestesivurdering/prosedyre/metode","rows":[]},{"id":"anestesivurdering/prosedyre/ism_transition","rows":[{"cols":[{"width":"100%","children":[{"id":"anestesivurdering/prosedyre/ism_transition/transition","rows":[]},{"id":"anestesivurdering/prosedyre/ism_transition/current_state","rows":[]},{"id":"anestesivurdering/prosedyre/ism_transition/careflow_step","rows":[]}]}]}]},{"id":"anestesivurdering/prosedyre/anestesitilysn@Anestesitilysn","rows":[]}]}]}]}]},{"width":"50%","children":[{"id":"anestesivurdering/informajson_gitt@Informajson gitt","rows":[{"cols":[{"width":"100%","children":[{"id":"anestesivurdering/informajson_gitt@Informajson gitt/informasjon_gitt@Informasjon gitt","rows":[]},{"id":"anestesivurdering/informajson_gitt@Informajson gitt/ism_transition","rows":[{"cols":[{"width":"100%","children":[{"id":"anestesivurdering/informajson_gitt@Informajson gitt/ism_transition/transition","rows":[]},{"id":"anestesivurdering/informajson_gitt@Informajson gitt/ism_transition/current_state","rows":[]},{"id":"anestesivurdering/informajson_gitt@Informajson gitt/ism_transition/careflow_step","rows":[]}]}]}]},{"id":"anestesivurdering/informajson_gitt@Informajson gitt/informasjon_gitt@Informasjon gitt2","rows":[]}]}]}]}]}]}]}]},{"col":1,"row":214,"width":8,"height":51,"children":[{"id":"anestesivurdering/anestesisykepleier@Anestesisykepleier","rows":[{"cols":[{"width":"100%","children":[{"id":"anestesivurdering/anestesisykepleier@Anestesisykepleier/vurdering_av_anestesisykepleier@Vurdering av anestesisykepleier","rows":[{"cols":[{"width":"100%","children":[{"id":"anestesivurdering/anestesisykepleier@Anestesisykepleier/vurdering_av_anestesisykepleier@Vurdering av anestesisykepleier/ism_transition","rows":[{"cols":[{"width":"100%","children":[{"id":"anestesivurdering/anestesisykepleier@Anestesisykepleier/vurdering_av_anestesisykepleier@Vurdering av anestesisykepleier/ism_transition/current_state","rows":[]},{"id":"anestesivurdering/anestesisykepleier@Anestesisykepleier/vurdering_av_anestesisykepleier@Vurdering av anestesisykepleier/ism_transition/careflow_step","rows":[]}]}]}]},{"id":"anestesivurdering/anestesisykepleier@Anestesisykepleier/vurdering_av_anestesisykepleier@Vurdering av anestesisykepleier/prosedyrenavn","rows":[]},{"id":"anestesivurdering/anestesisykepleier@Anestesisykepleier/vurdering_av_anestesisykepleier@Vurdering av anestesisykepleier/provider","rows":[]},{"id":"anestesivurdering/anestesisykepleier@Anestesisykepleier/vurdering_av_anestesisykepleier@Vurdering av anestesisykepleier/resultat","rows":[]},{"id":"anestesivurdering/anestesisykepleier@Anestesisykepleier/vurdering_av_anestesisykepleier@Vurdering av anestesisykepleier/kommentar","rows":[]}]}]}]}]}]}]}]},{"col":9,"row":214,"width":8,"height":51,"children":[{"id":"anestesivurdering/anestesilege@Anestesilege","rows":[{"cols":[{"width":"100%","children":[{"id":"anestesivurdering/anestesilege@Anestesilege/vurdering_av_anestesilege@Vurdering av anestesilege","rows":[{"cols":[{"width":"100%","children":[{"id":"anestesivurdering/anestesilege@Anestesilege/vurdering_av_anestesilege@Vurdering av anestesilege/ism_transition","rows":[{"cols":[{"width":"100%","children":[{"id":"anestesivurdering/anestesilege@Anestesilege/vurdering_av_anestesilege@Vurdering av anestesilege/ism_transition/current_state","rows":[]},{"id":"anestesivurdering/anestesilege@Anestesilege/vurdering_av_anestesilege@Vurdering av anestesilege/ism_transition/careflow_step","rows":[]}]}]}]},{"id":"anestesivurdering/anestesilege@Anestesilege/vurdering_av_anestesilege@Vurdering av anestesilege/prosedyrenavn","rows":[]},{"id":"anestesivurdering/anestesilege@Anestesilege/vurdering_av_anestesilege@Vurdering av anestesilege/provider","rows":[]},{"id":"anestesivurdering/anestesilege@Anestesilege/vurdering_av_anestesilege@Vurdering av anestesilege/resultat","rows":[]},{"id":"anestesivurdering/anestesilege@Anestesilege/vurdering_av_anestesilege@Vurdering av anestesilege/kommentar","rows":[]}]}]}]}]}]}]}]}]