{"formId":"form_root","name":"Form root","rmType":"FORM_DEFINITION","viewConfig":{"label":{"custom":false,"value":"","useLocalizations":true,"localizationsList":{"nb":"CVK status"}},"size":{"field":"inherit","label":"inherit","fill":"inherit"},"layout":{"label":{"valign":"inherit","align":"top"},"field":{"valign":"inherit","align":"inherit"}},"tags":[],"annotations":{"reuseComposition":"select c from composition c contains observation e[openEHR-EHR-OBSERVATION.cvk_status.v2] where c/archetype_details/template_id/value = 'CVK Status V2' order by c/context/start_time/value desc limit 1"}},"language":"nb","templateLanguages":["nb"],"children":[{"name":"Status CVK","localizedName":"Status CVK","rmType":"DV_CODED_TEXT","nodeId":"at0004","min":0,"max":1,"localizedNames":{"nb":"Status CVK"},"localizedDescriptions":{"nb":"Status på urinveiskateter"},"aqlPath":"/content[openEHR-EHR-OBSERVATION.cvk_status.v2]/data[at0001]/events[at0002]/data[at0003]/items[at0004]/value","inputs":[{"suffix":"code","type":"CODED_TEXT","list":[{"value":"at0006","label":"Ja","localizedLabels":{"nb":"Ja"},"localizedDescriptions":{"nb":"Sentralvenekateter er innlagt"}},{"value":"at0007","label":"Nei","localizedLabels":{"nb":"Nei"},"localizedDescriptions":{"nb":"Pasienten har ikke sentralvenekateter"}},{"value":"at0008","label":"Fjernet","localizedLabels":{"nb":"Fjernet"},"localizedDescriptions":{"nb":"Sentralvenekateter er fjernet"}}]}],"fid":"cvk_status_v2/cvk_status/status_cvk","formId":"cvk_status_v2/cvk_status/status_cvk","viewConfig":{"size":{"field":"inherit","label":"inherit","fill":"inherit"},"layout":{"label":{"valign":"inherit","align":"inherit"},"field":{"valign":"inherit","align":"inherit"}},"datasource":{"loadRemote":false,"loadRemoteUrl":"","terminology":""},"label":{"custom":false,"value":"","useLocalizations":true,"localizationsList":{"nb":"Er CVK innlagt?"}},"advanced":{"hidden":false,"readonly":false},"multiplicity":{"min":"0","max":"1"},"tags":[],"field":{"code":{"presentation":"combobox","columns":"4"}}},"defaultValue":{"code":""}},{"name":"CVK Lagt inn dato","localizedName":"CVK Lagt inn dato","rmType":"DV_DATE","nodeId":"at0005","min":0,"max":1,"localizedNames":{"nb":"CVK Lagt inn dato"},"localizedDescriptions":{"nb":"Angi dato for når CVK ble lagt inn."},"aqlPath":"/content[openEHR-EHR-OBSERVATION.cvk_status.v2]/data[at0001]/events[at0002]/data[at0003]/items[at0005]/value","inputs":[{"type":"DATE"}],"fid":"cvk_status_v2/cvk_status/cvk_lagt_inn_dato","formId":"cvk_status_v2/cvk_status/cvk_lagt_inn_dato","viewConfig":{"size":{"field":"inherit","label":"inherit","fill":"inherit"},"layout":{"field":{"valign":"inherit","align":"inherit"}},"datasource":{"loadRemote":false,"loadRemoteUrl":"","terminology":""},"field":{"input":{"dateFormat":"","hideDate":false,"hideTime":false}}},"defaultValue":{"value":""}}]}