[{"field":"hv_trykksaarrisikovurdering/trykksaar_risiko/har_pasienten_trykksår_ved_innleggelse_overflytting","conditions":[{"operator":"empty","value":null,"actions":[{"action":"set","target":"hv_trykksaarrisikovurdering/tr_kalk_dips/en","value":{"value":5}}]},{"operator":"equals","value":{"code":"at0014"},"actions":[{"action":"set","target":"hv_trykksaarrisikovurdering/tr_kalk_dips/en","value":{"value":1}}]},{"operator":"equals","value":{"code":"at0013"},"actions":[{"action":"set","target":"hv_trykksaarrisikovurdering/tr_kalk_dips/en","value":{"value":10}}]}]},{"field":"hv_trykksaarrisikovurdering/trykksaar_risiko/trenger_pasienten_hjelp_til_stillingsendring_i_stol_og_eller_seng","conditions":[{"operator":"empty","value":null,"actions":[{"action":"set","target":"hv_trykksaarrisikovurdering/tr_kalk_dips/to","value":{"value":5}}]},{"operator":"equals","value":{"code":"at0016"},"actions":[{"action":"set","target":"hv_trykksaarrisikovurdering/tr_kalk_dips/to","value":{"value":1}}]},{"operator":"equals","value":{"code":"at0015"},"actions":[{"action":"set","target":"hv_trykksaarrisikovurdering/tr_kalk_dips/to","value":{"value":10}}]}]},{"field":"hv_trykksaarrisikovurdering/trykksaar_risiko/tror_du_det_er_sannsynlig_at_pasienten_kan_utvikle_trykksår_under_innleggelsen","conditions":[{"operator":"empty","value":null,"actions":[{"action":"set","target":"hv_trykksaarrisikovurdering/tr_kalk_dips/tre","value":{"value":5}}]},{"operator":"equals","value":{"code":"at0018"},"actions":[{"action":"set","target":"hv_trykksaarrisikovurdering/tr_kalk_dips/tre","value":{"value":1}}]},{"operator":"equals","value":{"code":"at0017"},"actions":[{"action":"set","target":"hv_trykksaarrisikovurdering/tr_kalk_dips/tre","value":{"value":10}}]}]},{"field":"hv_trykksaarrisikovurdering/tr_kalk_dips/kalkulasjon_for_trykksårrisiko","conditions":[{"operator":"le","value":{"value":3},"actions":[{"action":"set","target":"hv_trykksaarrisikovurdering/tr_kalk_dips/risikoangivelse","value":{"code":"at0012"}}]},{"operator":"gt","value":{"value":3},"actions":[{"action":"set","target":"hv_trykksaarrisikovurdering/tr_kalk_dips/risikoangivelse","value":{"code":"at0011"}}]}]},{"field":"hv_trykksaarrisikovurdering/clearcommand/tøm_skjema","conditions":[{"operator":"is","value":{"value":true},"actions":[{"action":"reset","target":"hv_trykksaarrisikovurdering/trykksaar_risiko/dato_for_screening","value":{"value":""}},{"action":"set","target":"hv_trykksaarrisikovurdering/clearcommand/tøm_skjema","value":{"value":false}},{"action":"clear","target":"hv_trykksaarrisikovurdering/trykksaar_risiko/har_pasienten_trykksår_ved_innleggelse_overflytting","value":{"code":""}},{"action":"clear","target":"hv_trykksaarrisikovurdering/trykksaar_risiko/trenger_pasienten_hjelp_til_stillingsendring_i_stol_og_eller_seng","value":{"code":""}},{"action":"clear","target":"hv_trykksaarrisikovurdering/trykksaar_risiko/tror_du_det_er_sannsynlig_at_pasienten_kan_utvikle_trykksår_under_innleggelsen","value":{"code":""}},{"action":"clear","target":"hv_trykksaarrisikovurdering/trykksaar_risiko/merknad","value":{"value":""}},{"action":"reset","target":"generic-field-4609","value":{"value":""}}]}]},{"field":"hv_trykksaarrisikovurdering/tr_kalk_dips/risikoangivelse","conditions":[{"operator":"empty","value":null,"actions":[{"action":"hide","target":"generic-field-71466","value":{"value":""}}]},{"operator":"equals","value":{"code":"at0011"},"actions":[{"action":"hide","target":"generic-field-88155","value":{"value":""}},{"action":"show","target":"generic-field-71466","value":{"value":""}}]},{"operator":"equals","value":{"code":"at0012"},"actions":[{"action":"hide","target":"generic-field-71466","value":{"value":""}},{"action":"show","target":"generic-field-88155","value":{"value":""}}]}]}]