{"name":"Form root","localizedNames":{},"localizedDescriptions":{},"rmType":"FORM_DEFINITION","min":0,"max":0,"formId":"form_root","viewConfig":{"label":{"custom":false,"useLocalizations":false},"size":{"field":"inherit","label":"inherit"},"layout":{"label":{"valign":"inherit","align":"inherit"},"field":{"valign":"inherit","align":"inherit"}},"annotations":{"#plo":"select\r\nc/uid as cid, a\r\nfrom\r\n   composition c[openEHR-EHR-COMPOSITION.encounter.v1]\r\ncontains\r\n   ADMIN_ENTRY a[openEHR-EHR-ADMIN_ENTRY.logistic_services_dips.v0]\r\nwhere\r\n   a/name/value = 'PLO dialog'\r\norder by c/context/start_time DESC fetch 1?scope=episodeofcare\r\n"}},"children":[{"name":"PLO dialog","localizedName":"PLO dialog","localizedNames":{"en":"*PLO dialog (en)","nb":"PLO dialog"},"localizedDescriptions":{"nb":"Brukes for å angi informasjon om logistikktjenester i forbindelse med utøvelse av helsehjelp.","en":"*Brukes for å angi informasjon om logistikktjenester i forbindelse med utøvelse av helsehjelp. (nb)"},"rmType":"ADMIN_ENTRY","nodeId":"openEHR-EHR-ADMIN_ENTRY.logistic_services_dips.v0","min":1,"max":1,"aqlPath":"/content[openEHR-EHR-ADMIN_ENTRY.logistic_services_dips.v0 and name/value='PLO dialog']","inputs":[],"formId":"klinisk_kontakt/plo_dialog@PLO dialog","viewConfig":{"multiplicity":{"min":1,"max":1},"advanced":{"hidden":false,"readonly":false,"hideFrame":false,"render":false},"label":{"custom":false,"useLocalizations":false},"size":{"field":"inherit","label":"-1"},"layout":{"label":{"valign":"inherit","align":"inherit"},"field":{"valign":"inherit","align":"inherit"}},"annotations":{"selectreadonly":"{#plo}"},"field":{},"tags":["HideLabel"]},"children":[{"name":"PLO dialog","localizedName":"PLO dialog","localizedNames":{"en":"*PLO dialog (en)","nb":"PLO dialog"},"localizedDescriptions":{"nb":"Angir type tjeneste. ","en":"*Angir type tjeneste.  (nb)"},"rmType":"DV_CODED_TEXT","nodeId":"at0002","min":0,"max":1,"aqlPath":"/content[openEHR-EHR-ADMIN_ENTRY.logistic_services_dips.v0 and name/value='PLO dialog']/data[at0001]/items[at0002 and name/value='PLO dialog']/value","inputs":[{"suffix":"code","type":"CODED_TEXT","list":[{"value":"386317007","label":"Utveksling av helseinformation (prosedyre)","ordinal":0,"localizedLabels":{"nb":"Utveksling av helseinformation (prosedyre)","en":"*Utveksling av helseinformation (prosedyre) (nb)"},"localizedDescriptions":{}}],"defaultValue":"386317007","listOpen":false}],"formId":"klinisk_kontakt/plo_dialog@PLO dialog/plo_dialog@PLO dialog","viewConfig":{"multiplicity":{"min":0,"max":1},"advanced":{"hidden":true,"readonly":false,"hideFrame":false,"render":false},"label":{"custom":false,"useLocalizations":false},"size":{"field":"inherit","label":"inherit"},"layout":{"label":{"valign":"inherit","align":"inherit"},"field":{"valign":"inherit","align":"inherit"}},"annotations":{},"field":{"code":{"presentation":"combobox","columns":"1"}}}},{"name":"Beskrivelse PLO dialog","localizedName":"PLO","localizedNames":{"en":"*Beskrivelse PLO dialog (en)","nb":"PLO"},"localizedDescriptions":{"nb":"Tekstlig beskrivelse av tjenesten","en":"*Tekstlig beskrivelse av tjenesten (nb)"},"rmType":"DV_TEXT","nodeId":"at0005","min":0,"max":1,"aqlPath":"/content[openEHR-EHR-ADMIN_ENTRY.logistic_services_dips.v0 and name/value='PLO dialog']/data[at0001]/items[at0005 and name/value='Beskrivelse PLO dialog']/value","inputs":[{"type":"TEXT","list":[],"listOpen":false}],"formId":"klinisk_kontakt/plo_dialog@PLO dialog/beskrivelse_plo_dialog@Beskrivelse PLO dialog","viewConfig":{"multiplicity":{"min":0,"max":1},"advanced":{"hidden":false,"readonly":false,"hideFrame":false,"render":false},"label":{"custom":false,"useLocalizations":false},"size":{"field":"inherit","label":"inherit"},"layout":{"label":{"valign":"inherit","align":"inherit"},"field":{"valign":"inherit","align":"inherit"}},"datasource":{"loadRemote":false,"parameters":{}},"annotations":{"nullflavour":"271"},"field":{"lines":null,"input":{}}}}]}]}