{"name":"Form root","localizedNames":{},"localizedDescriptions":{},"rmType":"FORM_DEFINITION","min":0,"max":0,"formId":"form_root","viewConfig":{"label":{"custom":false,"useLocalizations":false},"size":{"field":"inherit","label":"inherit"},"layout":{"label":{"valign":"inherit","align":"inherit"},"field":{"valign":"inherit","align":"inherit"}},"annotations":{"#examinations":"SELECT c/uid as cid, e FROM COMPOSITION c[openEHR-EHR-COMPOSITION.encounter.v1] CONTAINS EVALUATION e[openEHR-EHR-EVALUATION.recommendation.v1] where e/data[at0001]/items[at0002]/name/value = 'Undersøkelser' order by c/context/start_time/value desc fetch 1?scope=periodofcare"}},"children":[{"name":"Anbefaling","localizedName":"Anbefaling","localizedNames":{"en":"*Anbefaling (nb)","nb":"Anbefaling"},"localizedDescriptions":{"nb":"Et forslag, råd eller anmodning om klinisk oppfølging.","en":"*Et forslag, råd eller anmodning om klinisk oppfølging. (nb)"},"rmType":"EVALUATION","nodeId":"openEHR-EHR-EVALUATION.recommendation.v1","min":1,"max":1,"aqlPath":"/content[openEHR-EHR-EVALUATION.recommendation.v1]","inputs":[],"formId":"klinisk_kontakt/anbefaling","viewConfig":{"multiplicity":{"min":1,"max":1},"advanced":{"hidden":false,"readonly":false,"hideFrame":false,"render":false},"label":{"custom":false,"useLocalizations":false},"size":{"field":"inherit","label":"-1"},"layout":{"label":{"valign":"inherit","align":"inherit"},"field":{"valign":"inherit","align":"inherit"}},"annotations":{"selectreadonly":"{#examinations}"},"field":{},"tags":["HideLabel"]},"children":[{"name":"Undersøkelser","localizedName":"Undersøkelser","localizedNames":{"en":"*Undersøkelser (en)","nb":"Undersøkelser"},"localizedDescriptions":{"nb":"Fritekstbeskrivelse av anbefalingen.","en":"*Fritekstbeskrivelse av anbefalingen. (nb)"},"rmType":"DV_TEXT","nodeId":"at0002","min":0,"max":1,"aqlPath":"/content[openEHR-EHR-EVALUATION.recommendation.v1]/data[at0001]/items[at0002 and name/value='Undersøkelser']/value","inputs":[{"type":"TEXT","list":[],"listOpen":false}],"formId":"klinisk_kontakt/anbefaling/undersøkelser@Undersøkelser","viewConfig":{"multiplicity":{"min":0,"max":1},"advanced":{"hidden":false,"readonly":false,"hideFrame":false,"render":false},"label":{"custom":false,"useLocalizations":false},"size":{"field":"inherit","label":"inherit"},"layout":{"label":{"valign":"inherit","align":"top"},"field":{"valign":"inherit","align":"inherit"}},"datasource":{"loadRemote":false,"parameters":{}},"annotations":{},"field":{"lines":null,"input":{}}}}]}]}