{"formId":"form_root","name":"Form root","rmType":"FORM_DEFINITION","viewConfig":{"label":{"custom":false,"value":"","useLocalizations":false,"localizationsList":{}},"size":{"field":"inherit","label":"inherit","fill":"inherit"},"layout":{"valign":"inherit","align":"inherit"},"tags":[],"annotations":{"#CVK":"openEHR-EHR-OBSERVATION.cvk_status.v1?scope=episodeofcare"}},"language":"","templateLanguages":["nb"],"children":[{"name":"CVK Status","localizedName":"CVK Status","rmType":"OBSERVATION","nodeId":"openEHR-EHR-OBSERVATION.cvk_status.v1","min":0,"max":-1,"localizedNames":{"nb":"CVK Status"},"localizedDescriptions":{"nb":"unknown"},"aqlPath":"/content[openEHR-EHR-OBSERVATION.cvk_status.v1]","children":[{"name":"Status CVK","localizedName":"Status CVK","rmType":"DV_CODED_TEXT","nodeId":"at0004","min":0,"max":1,"localizedNames":{"nb":"Status CVK"},"localizedDescriptions":{"nb":"*"},"aqlPath":"/content[openEHR-EHR-OBSERVATION.cvk_status.v1]/data[at0001]/events[at0002]/data[at0003]/items[at0004]/value","inputs":[{"suffix":"code","type":"CODED_TEXT","list":[{"value":"at0005","label":"Lagt inn","localizedLabels":{"nb":"Lagt inn"},"localizedDescriptions":{"nb":"*"}},{"value":"at0006","label":"Stelt","localizedLabels":{"nb":"Stelt"},"localizedDescriptions":{"nb":"*"}},{"value":"at0007","label":"Fjernet","localizedLabels":{"nb":"Fjernet"},"localizedDescriptions":{"nb":"*"}}]}],"formId":"cvk_status/cvk_status/status_cvk","viewConfig":{"annotations":{"select":"{#CVK:/data[at0001]/events[at0002]/data[at0003]/items[at0004]/value}"},"label":{"custom":false,"value":"","useLocalizations":false,"localizationsList":{}},"advanced":{"hidden":true,"readonly":false},"multiplicity":{"min":"0","max":"1"},"size":{"field":"inherit","label":"inherit","fill":"inherit"},"layout":{"label":{"valign":"inherit","align":"top"},"field":{"valign":"inherit","align":"inherit"}},"tags":[],"datasource":{"loadRemote":false,"loadRemoteUrl":"","terminology":""},"field":{"code":{"presentation":"combobox"}}},"defaultValue":{"code":""},"fid":"cvk_status/cvk_status/status_cvk"},{"name":"CVK Lagt inn dato","localizedName":"CVK Lagt inn dato","rmType":"DV_DATE_TIME","nodeId":"at0008","min":0,"max":1,"localizedNames":{"nb":"CVK Lagt inn dato"},"localizedDescriptions":{"nb":"Dato for innleggelse av CVK"},"aqlPath":"/content[openEHR-EHR-OBSERVATION.cvk_status.v1]/data[at0001]/events[at0002]/data[at0003]/items[at0008]/value","inputs":[{"type":"DATETIME"}],"formId":"cvk_status/cvk_status/cvk_lagt_inn_dato","viewConfig":{"label":{"custom":true,"value":"Dato for CVK innleggelsen","useLocalizations":false,"localizationsList":{}},"annotations":{"select":"{#CVK:/data[at0001]/events[at0002]/data[at0003]/items[at0008]/value}"},"advanced":{"hidden":false,"readonly":false},"multiplicity":{"min":"0","max":"1"},"size":{"field":"inherit","label":"inherit","fill":"inherit"},"layout":{"label":{"valign":"inherit","align":"top"},"field":{"valign":"inherit","align":"inherit"}},"tags":[],"datasource":{"loadRemote":false,"loadRemoteUrl":"","terminology":""},"field":{"input":{"dateFormat":"","hideDate":false,"hideTime":true}}},"fid":"cvk_status/cvk_status/cvk_lagt_inn_dato","defaultValue":{"value":""}}],"fid":"cvk_status/cvk_status","formId":"cvk_status/cvk_status","viewConfig":{"annotations":{"#CVK":"openEHR-EHR-OBSERVATION.cvk_status.v1?scope=episodeofcare"},"label":{"custom":false,"value":"","useLocalizations":false,"localizationsList":{}},"advanced":{"hidden":false,"readonly":false,"render":false},"multiplicity":{"min":"1","max":"1"},"size":{"field":"inherit","label":"inherit","fill":"inherit"},"layout":{"label":{"valign":"inherit","align":"inherit"},"field":{"valign":"inherit","align":"inherit"}},"tags":[],"field":{}}}]}