[{"col":1,"row":1,"width":12,"height":4,"children":[{"id":"generic-field-39368","rows":[{"cols":[{"width":"100%","children":[]}]}]}]},{"col":1,"row":22,"width":12,"height":11,"children":[{"id":"kontakt/us._av_perianalområdet","rows":[{"cols":[{"width":"100%","children":[{"id":"kontakt/us._av_perianalområdet/uspesifisert_hendelse/undersøkelsesstatus/status"},{"id":"kontakt/us._av_perianalområdet/uspesifisert_hendelse/undersøkelsesstatus/kommentar"},{"id":"kontakt/us._av_perianalområdet/uspesifisert_hendelse/vurdering_av_funn"},{"id":"kontakt/us._av_perianalområdet/uspesifisert_hendelse/beskrivelse"},{"id":"generic-field-73589","rows":[{"cols":[{"width":"100%","children":[{"id":"kontakt/us._av_perianalområdet/uspesifisert_hendelse/exam_skin/hudfunn","rows":[{"cols":[{"width":"100%","children":[{"id":"kontakt/us._av_perianalområdet/uspesifisert_hendelse/exam_skin/hudfunn/funn"},{"id":"kontakt/us._av_perianalområdet/uspesifisert_hendelse/exam_skin/hudfunn/grad"}]}]}]}]}]}]}]}]}]}]},{"col":1,"row":33,"width":12,"height":14,"children":[{"id":"kontakt/us._av_vagina","rows":[{"cols":[{"width":"100%","children":[{"id":"kontakt/us._av_vagina/uspesifisert_hendelse/undersøkelsesstatus/status"},{"id":"kontakt/us._av_vagina/uspesifisert_hendelse/undersøkelsesstatus/kommentar"},{"id":"kontakt/us._av_vagina/uspesifisert_hendelse/vurdering_av_funn"},{"id":"kontakt/us._av_vagina/uspesifisert_hendelse/beskrivelse"},{"id":"generic-field-89106","rows":[{"cols":[{"width":"100%","children":[{"id":"kontakt/us._av_vagina/uspesifisert_hendelse/exam_vagina/mengde_av_utflod"},{"id":"kontakt/us._av_vagina/uspesifisert_hendelse/exam_vagina/farge_på_utflod"},{"id":"kontakt/us._av_vagina/uspesifisert_hendelse/exam_vagina/konsistens_av_utflod"},{"id":"kontakt/us._av_vagina/uspesifisert_hendelse/exam_vagina/slimhinne"},{"id":"kontakt/us._av_vagina/uspesifisert_hendelse/exam_vagina/smerte_ømhet"}]}]}]}]}]}]}]},{"col":1,"row":47,"width":12,"height":11,"children":[{"id":"kontakt/us._av_cervix","rows":[{"cols":[{"width":"100%","children":[{"id":"kontakt/us._av_cervix/uspesifisert_hendelse/undersøkelsesstatus/status"},{"id":"kontakt/us._av_cervix/uspesifisert_hendelse/undersøkelsesstatus/kommentar"},{"id":"kontakt/us._av_cervix/uspesifisert_hendelse/vurdering_av_funn"},{"id":"kontakt/us._av_cervix/uspesifisert_hendelse/beskrivelse"},{"id":"generic-field-10262","rows":[{"cols":[{"width":"100%","children":[{"id":"kontakt/us._av_cervix/uspesifisert_hendelse/exam_cervix/farge_på_utflod"},{"id":"kontakt/us._av_cervix/uspesifisert_hendelse/exam_cervix/polypper"},{"id":"kontakt/us._av_cervix/uspesifisert_hendelse/exam_cervix/funn_ved_portio"}]}]}]}]}]}]}]},{"col":1,"row":58,"width":12,"height":7,"children":[{"id":"kontakt/bimanuell_palpasjon","rows":[{"cols":[{"width":"100%","children":[{"id":"kontakt/bimanuell_palpasjon/uspesifisert_hendelse/undersøkelsesstatus/status"},{"id":"kontakt/bimanuell_palpasjon/uspesifisert_hendelse/undersøkelsesstatus/kommentar"},{"id":"kontakt/bimanuell_palpasjon/uspesifisert_hendelse/vurdering_av_funn"},{"id":"kontakt/bimanuell_palpasjon/uspesifisert_hendelse/beskrivelse"}]}]}]}]},{"col":1,"row":65,"width":12,"height":14,"children":[{"id":"kontakt/us._av_vulva","rows":[{"cols":[{"width":"100%","children":[{"id":"kontakt/us._av_vulva/uspesifisert_hendelse/undersøkelsesstatus/status"},{"id":"kontakt/us._av_vulva/uspesifisert_hendelse/undersøkelsesstatus/kommentar"},{"id":"kontakt/us._av_vulva/uspesifisert_hendelse/vurdering_av_funn"},{"id":"kontakt/us._av_vulva/uspesifisert_hendelse/beskrivelse"},{"id":"generic-field-97245","rows":[{"cols":[{"width":"100%","children":[{"id":"kontakt/us._av_vulva/uspesifisert_hendelse/exam_vulva/bartholinitt"},{"id":"kontakt/us._av_vulva/uspesifisert_hendelse/exam_skin/hudfunn","rows":[{"cols":[{"width":"100%","children":[{"id":"kontakt/us._av_vulva/uspesifisert_hendelse/exam_skin/hudfunn/funn"},{"id":"kontakt/us._av_vulva/uspesifisert_hendelse/exam_skin/hudfunn/grad"}]}]}]}]}]}]}]}]}]}]},{"col":1,"row":5,"width":12,"height":17,"children":[{"id":"generic-field-31720","rows":[{"cols":[{"width":"100%","children":[{"id":"kontakt/blodtrykk","rows":[{"cols":[{"width":"50%","children":[{"id":"kontakt/blodtrykk/uspesifisert_hendelse/systolisk"}]},{"width":"50%","children":[]}]},{"cols":[{"width":"50%","children":[{"id":"kontakt/blodtrykk/uspesifisert_hendelse/diastolisk"}]},{"width":"50%","children":[]}]}]},{"id":"kontakt/puls_hjertefrekvens","rows":[{"cols":[{"width":"50%","children":[{"id":"kontakt/puls_hjertefrekvens/uspesifisert_hendelse/pulsfrekvens"}]},{"width":"50%","children":[]}]}]},{"id":"kontakt/høyde_lengde","rows":[{"cols":[{"width":"50%","children":[{"id":"kontakt/høyde_lengde/uspesifisert_hendelse/høyde_lengde"}]},{"width":"50%","children":[]}]}]},{"id":"kontakt/kroppsvekt","rows":[{"cols":[{"width":"50%","children":[{"id":"kontakt/kroppsvekt/uspesifisert_hendelse/kroppsvekt"}]},{"width":"50%","children":[]}]}]}]}]}]}]}]