[{"col":1,"row":1,"width":19,"height":31,"children":[{"id":"generic-field-15703","rows":[{"cols":[{"width":"60%","children":[{"id":"utvidet_operasjonsbestilling/problem_diagnose","rows":[{"cols":[{"width":"100%","children":[{"id":"utvidet_operasjonsbestilling/problem_diagnose/indikasjon@Indikasjon","rows":[]}]}]}]}]},{"width":"40%","children":[{"id":"operatørvurdering/prosedyre/reoperasjonsdetaljer","rows":[{"cols":[{"width":"100%","children":[{"id":"operatørvurdering/prosedyre/reoperasjonsdetaljer/årsak_til_reoperasjon","rows":[]}]}]}]}]}]},{"cols":[{"width":"100%","children":[{"id":"utvidet_operasjonsbestilling/problem_diagnose/problem_diagnose_detaljer","rows":[{"cols":[{"width":"60%","children":[{"id":"utvidet_operasjonsbestilling/problem_diagnose/problem_diagnose_detaljer/diagnosenavn","rows":[]}]},{"width":"40%","children":[{"id":"operatørvurdering/problem_diagnose/problem_diagnose_detaljer/beskrivelse","rows":[]}]}]}]}]}]},{"cols":[{"width":"100%","children":[]}]}]},{"id":"utvidet_operasjonsbestilling/prosedyre","rows":[{"cols":[{"width":"100%","children":[{"id":"generic-field-04346","rows":[{"cols":[{"width":"60%","children":[{"id":"utvidet_operasjonsbestilling/prosedyre/operasjonstype@Operasjonstype","rows":[]}]},{"width":"40%","children":[{"id":"utvidet_operasjonsbestilling/prosedyre/beskrivelse","rows":[]}]}]}]},{"id":"utvidet_operasjonsbestilling/prosedyre/prosedyredetaljer","rows":[{"cols":[{"width":"100%","children":[{"id":"utvidet_operasjonsbestilling/prosedyre/prosedyredetaljer/prosedyrenavn","rows":[]},{"id":"operatørvurdering/prosedyre/prosedyredetaljer/legens_beskrivelse@Legens beskrivelse","rows":[]},{"id":"operatørvurdering/prosedyre/prosedyredetaljer/prosedyretype","rows":[]}]}]}]}]}]}]}]},{"col":1,"row":32,"width":19,"height":30,"children":[{"id":"operatørvurdering/prosedyre/operasjonsdetaljer","rows":[{"cols":[{"width":"58%","children":[{"id":"operatørvurdering/prosedyre/operasjonsdetaljer/operasjonsleie","rows":[]},{"id":"operatørvurdering/prosedyre/operasjonsdetaljer/avdekning_incisjon","rows":[{"cols":[{"width":"100%","children":[{"id":"operatørvurdering/prosedyre/operasjonsdetaljer/avdekning_incisjon/avdekning_incisjon","rows":[]},{"id":"operatørvurdering/prosedyre/operasjonsdetaljer/avdekning_incisjon/side","rows":[]}]}]}]}]},{"width":"42%","children":[{"id":"operatørvurdering/prosedyre/operasjonsdetaljer/kommentar","rows":[]},{"id":"generic-field-07373","rows":[]}]}]}]},{"id":"generic-field-87411","rows":[]},{"id":"generic-field-29147","rows":[{"cols":[{"width":"100%","children":[{"id":"operatørvurdering/antibiotikaprofylakse_under_operasjon@Antibiotikaprofylakse under operasjon","rows":[{"cols":[{"width":"65%","children":[{"id":"operatørvurdering/antibiotikaprofylakse_under_operasjon@Antibiotikaprofylakse under operasjon/begrunnelse","rows":[]},{"id":"generic-field-16446","rows":[]},{"id":"operatørvurdering/antibiotikaprofylakse_under_operasjon@Antibiotikaprofylakse under operasjon/anbefaling","rows":[]}]}]}]},{"id":"operatørvurdering/tromboseprofylakse_under_operasjon@Tromboseprofylakse under operasjon","rows":[{"cols":[{"width":"65%","children":[{"id":"operatørvurdering/tromboseprofylakse_under_operasjon@Tromboseprofylakse under operasjon/begrunnelse","rows":[]},{"id":"operatørvurdering/tromboseprofylakse_under_operasjon@Tromboseprofylakse under operasjon/anbefaling","rows":[]}]}]}]},{"id":"operatørvurdering/fibrinolysehemmer@Fibrinolysehemmer","rows":[{"cols":[{"width":"65%","children":[{"id":"operatørvurdering/fibrinolysehemmer@Fibrinolysehemmer/begrunnelse","rows":[]},{"id":"operatørvurdering/fibrinolysehemmer@Fibrinolysehemmer/anbefaling","rows":[]}]}]}]}]}]}]},{"id":"generic-field-01040","rows":[]}]},{"col":1,"row":62,"width":19,"height":37,"children":[{"id":"generic-field-23516","rows":[{"cols":[{"width":"50%","children":[{"id":"generic-field-14581","rows":[{"cols":[{"width":"100%","children":[{"id":"operatørvurdering/pretransfusjonsprøve@Pretransfusjonsprøve","rows":[{"cols":[{"width":"100%","children":[{"id":"operatørvurdering/pretransfusjonsprøve@Pretransfusjonsprøve/forespørsel/pretransfusjonsprøve@Pretransfusjonsprøve","rows":[]},{"id":"operatørvurdering/pretransfusjonsprøve@Pretransfusjonsprøve/forespørsel/tjenestetype","rows":[]}]}]}]}]}]}]}]},{"width":"50%","children":[{"id":"generic-field-06123","rows":[{"cols":[{"width":"100%","children":[{"id":"operatørvurdering/gips@Gips","rows":[{"cols":[{"width":"100%","children":[{"id":"operatørvurdering/gips@Gips/forespørsel/anvende_gips@Anvende gips","rows":[]},{"id":"operatørvurdering/gips@Gips/forespørsel/tjenestetype","rows":[]}]}]}]},{"id":"operatørvurdering/blodtomhet@Blodtomhet","rows":[{"cols":[{"width":"100%","children":[{"id":"operatørvurdering/blodtomhet@Blodtomhet/forespørsel/blodtomhet@Blodtomhet","rows":[]},{"id":"operatørvurdering/blodtomhet@Blodtomhet/forespørsel/tjenestetype","rows":[]}]}]}]}]}]}]}]}]},{"cols":[{"width":"50%","children":[{"id":"operatørvurdering/blodprøver@Blodprøver","rows":[{"cols":[{"width":"100%","children":[{"id":"operatørvurdering/blodprøver@Blodprøver/forespørsel/blodprøver_skal_tas@Blodprøver skal tas","rows":[]},{"id":"operatørvurdering/blodprøver@Blodprøver/forespørsel/tjenestetype","rows":[]}]}]}]},{"id":"operatørvurdering/tarmtømming@Tarmtømming","rows":[{"cols":[{"width":"100%","children":[{"id":"operatørvurdering/tarmtømming@Tarmtømming/forespørsel/tarmtømming@Tarmtømming","rows":[]},{"id":"operatørvurdering/tarmtømming@Tarmtømming/forespørsel/tjenestetype","rows":[]}]}]}]}]},{"width":"50%","children":[{"id":"operatørvurdering/prosedyre/gjennomlysning@Gjennomlysning","rows":[{"cols":[{"width":"100%","children":[{"id":"operatørvurdering/prosedyre/gjennomlysning@Gjennomlysning/gjennomlysning@Gjennomlysning","rows":[]}]}]}]}]}]}]},{"id":"generic-field-33055","rows":[]}]}]