[{"field":"operatørvurdering/blodtomhet@Blodtomhet/forespørsel/blodtomhet@Blodtomhet","conditions":[{"operator":"notempty","actions":[{"action":"set","target":"operatørvurdering/blodtomhet@Blodtomhet/forespørsel/tjenestetype","value":{"code":"71388002"}}]},{"operator":"empty","actions":[{"action":"clear","target":"operatørvurdering/blodtomhet@Blodtomhet/forespørsel/tjenestetype"}]}]},{"field":"operatørvurdering/gips@Gips/forespørsel/anvende_gips@Anvende gips","conditions":[{"operator":"equals","value":{"code":"118643004"},"actions":[{"action":"set","target":"operatørvurdering/gips@Gips/forespørsel/tjenestetype","value":{"code":"71388002"}}]},{"operator":"notequals","value":{"code":"118643004"},"actions":[{"action":"clear","target":"operatørvurdering/gips@Gips/forespørsel/tjenestetype"}]}]},{"field":"operatørvurdering/blodprøver@Blodprøver/forespørsel/blodprøver_skal_tas@Blodprøver skal tas","conditions":[{"operator":"notempty","actions":[{"action":"set","target":"operatørvurdering/blodprøver@Blodprøver/forespørsel/tjenestetype","value":{"code":"71388002"}}]},{"operator":"empty","actions":[{"action":"clear","target":"operatørvurdering/blodprøver@Blodprøver/forespørsel/tjenestetype"}]}]},{"field":"operatørvurdering/tarmtømming@Tarmtømming/forespørsel/tarmtømming@Tarmtømming","conditions":[{"operator":"notempty","actions":[{"action":"set","target":"operatørvurdering/tarmtømming@Tarmtømming/forespørsel/tjenestetype","value":{"code":"71388002"}}]},{"operator":"empty","actions":[{"action":"clear","target":"operatørvurdering/tarmtømming@Tarmtømming/forespørsel/tjenestetype"}]}]},{"field":"operatørvurdering/antibiotikaprofylakse_under_operasjon@Antibiotikaprofylakse under operasjon/begrunnelse","conditions":[{"operator":"empty","actions":[{"action":"clear","target":"operatørvurdering/antibiotikaprofylakse_under_operasjon@Antibiotikaprofylakse under operasjon/anbefaling"}]},{"operator":"notempty","actions":[{"action":"set","target":"operatørvurdering/antibiotikaprofylakse_under_operasjon@Antibiotikaprofylakse under operasjon/anbefaling","value":{"code":"422181004"}}]}]},{"field":"operatørvurdering/tromboseprofylakse_under_operasjon@Tromboseprofylakse under operasjon/begrunnelse","conditions":[{"operator":"empty","actions":[{"action":"clear","target":"operatørvurdering/tromboseprofylakse_under_operasjon@Tromboseprofylakse under operasjon/anbefaling"}]},{"operator":"notempty","actions":[{"action":"set","target":"operatørvurdering/tromboseprofylakse_under_operasjon@Tromboseprofylakse under operasjon/anbefaling","value":{"code":"421728001"}}]}]},{"field":"operatørvurdering/fibrinolysehemmer@Fibrinolysehemmer/begrunnelse","conditions":[{"operator":"empty","actions":[{"action":"clear","target":"operatørvurdering/fibrinolysehemmer@Fibrinolysehemmer/anbefaling"}]},{"operator":"notempty","actions":[{"action":"set","target":"operatørvurdering/fibrinolysehemmer@Fibrinolysehemmer/anbefaling","value":{"code":"109006003"}}]}]},{"field":"operatørvurdering/pretransfusjonsprøve@Pretransfusjonsprøve/forespørsel/pretransfusjonsprøve@Pretransfusjonsprøve","conditions":[{"operator":"notempty","actions":[{"action":"set","target":"operatørvurdering/pretransfusjonsprøve@Pretransfusjonsprøve/forespørsel/tjenestetype","value":{"code":"71388002"}}]},{"operator":"empty","actions":[{"action":"clear","target":"operatørvurdering/pretransfusjonsprøve@Pretransfusjonsprøve/forespørsel/tjenestetype"}]}]}]