{"formId":"form_root","name":"Form root","rmType":"FORM_DEFINITION","viewConfig":{"label":{"custom":false,"value":"","useLocalizations":false,"localizationsList":{}},"size":{"field":"inherit","label":"inherit","fill":"inherit"},"layout":{"valign":"inherit","align":"inherit"},"tags":[],"annotations":{"reuseComposition":"select c from composition c contains evaluation e[openEHR-EHR-EVALUATION.innl_fallrisiko.v1] where c/archetype_details/template_id/value = 'HV Fallrisikovurdering V3' order by e/data[at0001]/items[at0005]/items[at0015]/value/value desc fetch 1?scope=periodofcare"}},"language":"","templateLanguages":["nb"],"children":[{"name":"Risikovurdering for fall","localizedName":"Risikovurdering for fall","rmType":"EVALUATION","nodeId":"openEHR-EHR-EVALUATION.innl_fallrisiko.v1","min":"0","max":"1","localizedNames":{"nb":"Risikovurdering for fall"},"localizedDescriptions":{"nb":"unknown"},"aqlPath":"/content[openEHR-EHR-EVALUATION.innl_fallrisiko.v1]","formId":"hv_fallrisikovurdering/fallrisiko","viewConfig":{"size":{"field":"inherit","label":"inherit","fill":"inherit"},"layout":{"label":{"valign":"inherit","align":"inherit"},"field":{"valign":"inherit","align":"inherit"}},"advanced":{"hidden":false,"readonly":false},"tags":[],"datasource":{"loadRemote":false,"loadRemoteUrl":"","terminology":""}},"children":[{"name":"Innledende risikovurdering for fall","localizedName":"Innledende risikovurdering for fall","rmType":"CLUSTER","nodeId":"at0005","min":"0","max":"1","localizedNames":{"nb":"Innledende risikovurdering for fall"},"localizedDescriptions":{"nb":"*"},"aqlPath":"/content[openEHR-EHR-EVALUATION.innl_fallrisiko.v1]/data[at0001]/items[at0005]","formId":"hv_fallrisikovurdering/fallrisiko/innledende_risikovurdering_for_fall","viewConfig":{"size":{"field":"inherit","label":"inherit","fill":"inherit"},"layout":{"label":{"valign":"inherit","align":"inherit"},"field":{"valign":"inherit","align":"inherit"}},"advanced":{"hidden":false,"readonly":false},"tags":["HideLabel"],"datasource":{"loadRemote":false,"loadRemoteUrl":"","terminology":""}},"children":[{"name":"Dato for screening","localizedName":"Dato for screening","rmType":"DV_DATE","nodeId":"at0015","min":"0","max":"1","localizedNames":{"nb":"Dato for screening"},"localizedDescriptions":{"nb":"*"},"aqlPath":"/content[openEHR-EHR-EVALUATION.innl_fallrisiko.v1]/data[at0001]/items[at0005]/items[at0015]/value","inputs":[{"type":"DATE"}],"formId":"hv_fallrisikovurdering/fallrisiko/innledende_risikovurdering_for_fall/dato_for_screening","viewConfig":{"size":{"field":"inherit","label":"inherit","fill":"inherit"},"layout":{"label":{"valign":"inherit","align":"inherit"},"field":{"valign":"inherit","align":"inherit"}},"datasource":{"loadRemote":false,"loadRemoteUrl":"","terminology":""},"advanced":{"hidden":true,"readonly":false},"tags":[],"field":{"input":{"dateFormat":"","hideDate":false,"hideTime":false}}}},{"localizedName":"Pasienten er 65 år eller yngre","localizedNames":{"nb":"Pasienten er 65 år eller yngre"},"min":"0","max":"1","name":"Pasienten er 65 år eller yngre","rmType":"GENERIC_FIELDSET","inputs":[{"type":"TEXT"}],"formId":"generic-field-83168","viewConfig":{"advanced":{"hidden":false,"readonly":false,"render":true},"size":{"field":"inherit","label":"inherit","fill":"inherit"},"layout":{"label":{"valign":"inherit","align":"inherit"},"field":{"valign":"inherit","align":"inherit"}},"tags":[],"annotations":{"alertType":"TIP"}},"children":[{"localizedName":"Vurder tilstedeværelse av følgende sykdommer og tilstander som medfører økt risiko for fall (hak av):","localizedNames":{"nb":"Vurder tilstedeværelse av følgende sykdommer og tilstander som medfører økt risiko for fall (hak av):"},"min":"0","max":"1","name":"Vurder tilstedeværelse av følgende sykdommer og tilstander som medfører økt risiko for fall (hak av):","rmType":"GENERIC_FIELDSET","formId":"generic-field-70695","viewConfig":{"advanced":{"hidden":false,"readonly":false,"render":true},"size":{"field":"inherit","label":"inherit","fill":"inherit"},"layout":{"label":{"valign":"inherit","align":"inherit"},"field":{"valign":"inherit","align":"inherit"}},"tags":[]},"children":[]}]},{"localizedName":"Pasienten er over 65 år:","localizedNames":{"nb":"Pasienten er over 65 år:"},"min":"0","max":"1","name":"Pasienten er over 65 år:","rmType":"GENERIC_FIELDSET","inputs":[{"type":"TEXT"}],"formId":"generic-field-83845","viewConfig":{"advanced":{"hidden":false,"readonly":false,"render":true},"size":{"field":"inherit","label":"inherit","fill":"inherit"},"layout":{"label":{"valign":"inherit","align":"inherit"},"field":{"valign":"inherit","align":"inherit"}},"annotations":{"alertType":"warning"},"tags":[]},"children":[{"localizedName":"Gjennomfør en vurdering av risiko for fall innen ett døgn.","localizedNames":{"nb":"Gjennomfør en vurdering av risiko for fall innen ett døgn."},"min":"0","max":"1","name":"Gjennomfør en vurdering av risiko for fall innen ett døgn.","rmType":"GENERIC_FIELDSET","inputs":[{"type":"TEXT"}],"formId":"generic-field-1666","viewConfig":{"advanced":{"hidden":false,"readonly":false,"render":true},"size":{"field":"inherit","label":"inherit","fill":"inherit"},"layout":{"label":{"valign":"inherit","align":"inherit"},"field":{"valign":"inherit","align":"inherit"}},"tags":[]},"children":[]},{"localizedName":"En pasient med lav fallrisiko skal vurderes på nytt ved endring i pasientens tilstand som påvirker fallrisikoen","localizedNames":{"nb":"En pasient med lav fallrisiko skal vurderes på nytt ved endring i pasientens tilstand som påvirker fallrisikoen"},"min":"0","max":"1","name":"En pasient med lav fallrisiko skal vurderes på nytt ved endring i pasientens tilstand som påvirker fallrisikoen","rmType":"GENERIC_FIELDSET","formId":"generic-field-55094","viewConfig":{"advanced":{"hidden":false,"readonly":false,"render":true},"size":{"field":"inherit","label":"inherit","fill":"inherit"},"layout":{"label":{"valign":"inherit","align":"inherit"},"field":{"valign":"inherit","align":"inherit"}},"tags":[]},"children":[]}]}]}]},{"name":"Sykdommer og tilstander som medfører økt risiko for fall, kryss av for aktuelle","localizedName":"Sykdommer og tilstander som medfører økt risiko for fall, kryss av for aktuelle","rmType":"CLUSTER","nodeId":"at0008","min":"0","max":"1","localizedNames":{"nb":"Sykdommer og tilstander som medfører økt risiko for fall, kryss av for aktuelle"},"localizedDescriptions":{"nb":"*"},"aqlPath":"/content[openEHR-EHR-EVALUATION.innl_fallrisiko.v1]/data[at0001]/items[at0005]/items[at0008]","inputs":[{"type":"TEXT"}],"formId":"hv_fallrisikovurdering/fallrisiko/innledende_risikovurdering_for_fall/sykdommer_og_tilstander_som_medfører_økt_risiko_for_fall_kryss_av_for_aktuelle","viewConfig":{"advanced":{"hidden":false,"readonly":false},"size":{"field":"inherit","label":"inherit","fill":"inherit"},"layout":{"label":{"valign":"inherit","align":"inherit"},"field":{"valign":"inherit","align":"inherit"}},"tags":[],"datasource":{"loadRemote":false,"loadRemoteUrl":"","terminology":""}},"children":[{"name":"Nevrologiske lidelser","localizedName":"Nevrologiske lidelser","rmType":"DV_BOOLEAN","nodeId":"at0011","min":"0","max":"1","localizedNames":{"nb":"Nevrologiske lidelser"},"localizedDescriptions":{"nb":"*"},"aqlPath":"/content[openEHR-EHR-EVALUATION.innl_fallrisiko.v1]/data[at0001]/items[at0005]/items[at0008]/items[at0011]/value","inputs":[{"type":"BOOLEAN","defaultValue":false}],"formId":"hv_fallrisikovurdering/fallrisiko/innledende_risikovurdering_for_fall/sykdommer_og_tilstander_som_medfører_økt_risiko_for_fall_kryss_av_for_aktuelle/nevrologiske_lidelser","viewConfig":{"advanced":{"hidden":false,"readonly":false},"size":{"field":"inherit","label":"inherit","fill":"inherit"},"layout":{"label":{"valign":"inherit","align":"inherit"},"field":{"valign":"inherit","align":"inherit"}},"datasource":{"loadRemote":false,"loadRemoteUrl":"","terminology":""},"field":{"input":{"threeState":false}}}},{"name":"Kognitive sykdomstilstander","localizedName":"Kognitive sykdomstilstander","rmType":"DV_BOOLEAN","nodeId":"at0010","min":"0","max":"1","localizedNames":{"nb":"Kognitive sykdomstilstander"},"localizedDescriptions":{"nb":"*"},"aqlPath":"/content[openEHR-EHR-EVALUATION.innl_fallrisiko.v1]/data[at0001]/items[at0005]/items[at0008]/items[at0010]/value","inputs":[{"type":"BOOLEAN","defaultValue":false}],"formId":"hv_fallrisikovurdering/fallrisiko/innledende_risikovurdering_for_fall/sykdommer_og_tilstander_som_medfører_økt_risiko_for_fall_kryss_av_for_aktuelle/kognitive_sykdomstilstander","viewConfig":{"advanced":{"hidden":false,"readonly":false},"size":{"field":"inherit","label":"inherit","fill":"inherit"},"layout":{"label":{"valign":"inherit","align":"inherit"},"field":{"valign":"inherit","align":"inherit"}},"datasource":{"loadRemote":false,"loadRemoteUrl":"","terminology":""},"field":{"input":{"threeState":false}}}},{"name":"Betydelig synshemning","localizedName":"Betydelig synshemning","rmType":"DV_BOOLEAN","nodeId":"at0009","min":"0","max":"1","localizedNames":{"nb":"Betydelig synshemning"},"localizedDescriptions":{"nb":"*"},"aqlPath":"/content[openEHR-EHR-EVALUATION.innl_fallrisiko.v1]/data[at0001]/items[at0005]/items[at0008]/items[at0009]/value","inputs":[{"type":"BOOLEAN","defaultValue":false}],"formId":"hv_fallrisikovurdering/fallrisiko/innledende_risikovurdering_for_fall/sykdommer_og_tilstander_som_medfører_økt_risiko_for_fall_kryss_av_for_aktuelle/betydelig_synshemning","viewConfig":{"advanced":{"hidden":false,"readonly":false},"size":{"field":"inherit","label":"inherit","fill":"inherit"},"layout":{"label":{"valign":"inherit","align":"inherit"},"field":{"valign":"inherit","align":"inherit"}},"datasource":{"loadRemote":false,"loadRemoteUrl":"","terminology":""},"field":{"input":{"threeState":false}}}},{"name":"Ikke aktuelt","localizedName":"Ikke aktuelt","rmType":"DV_BOOLEAN","nodeId":"at0013","min":"0","max":"1","localizedNames":{"nb":"Ikke aktuelt"},"localizedDescriptions":{"nb":"*"},"aqlPath":"/content[openEHR-EHR-EVALUATION.innl_fallrisiko.v1]/data[at0001]/items[at0005]/items[at0008]/items[at0013]/value","inputs":[{"type":"BOOLEAN","defaultValue":false}],"formId":"hv_fallrisikovurdering/fallrisiko/innledende_risikovurdering_for_fall/sykdommer_og_tilstander_som_medfører_økt_risiko_for_fall_kryss_av_for_aktuelle/ikke_aktuelt","viewConfig":{"advanced":{"hidden":false,"readonly":false},"size":{"field":"inherit","label":"inherit","fill":"inherit"},"layout":{"label":{"valign":"inherit","align":"inherit"},"field":{"valign":"inherit","align":"inherit"}},"datasource":{"loadRemote":false,"loadRemoteUrl":"","terminology":""},"field":{"input":{"threeState":false}}}},{"name":"Merknad","localizedName":"Merknad","rmType":"DV_TEXT","nodeId":"at0016","min":"0","max":"1","localizedNames":{"nb":"Merknad"},"localizedDescriptions":{"nb":"*"},"aqlPath":"/content[openEHR-EHR-EVALUATION.innl_fallrisiko.v1]/data[at0001]/items[at0005]/items[at0008]/items[at0016]/value","inputs":[{"type":"TEXT"}],"formId":"hv_fallrisikovurdering/fallrisiko/innledende_risikovurdering_for_fall/sykdommer_og_tilstander_som_medfører_økt_risiko_for_fall_kryss_av_for_aktuelle/merknad","viewConfig":{"advanced":{"hidden":false,"readonly":false},"size":{"field":"inherit","label":"inherit","fill":"inherit"},"layout":{"label":{"valign":"top","align":"inherit"},"field":{"valign":"inherit","align":"inherit"}},"datasource":{"loadRemote":false,"loadRemoteUrl":"","terminology":""},"tags":[],"field":{"input":{"presentation":"textfield"}}}}]},{"localizedName":"Vurdering av risiko for fall","localizedNames":{"nb":"Vurdering av risiko for fall"},"min":"0","max":"100","name":"Vurdering av risiko for fall","rmType":"GENERIC_FIELDSET","inputs":[{"type":"TEXT"}],"formId":"generic-field-24864","viewConfig":{"advanced":{"hidden":false,"readonly":false,"render":true},"size":{"field":"inherit","label":"inherit","fill":"inherit"},"layout":{"label":{"valign":"inherit","align":"inherit"},"field":{"valign":"inherit","align":"inherit"}},"tags":[]},"children":[{"name":"Fall de siste tre måneder","localizedName":"Fall de siste tre måneder","rmType":"DV_ORDINAL","nodeId":"at0004","min":0,"max":1,"localizedNames":{"nb":"Fall de siste tre måneder"},"localizedDescriptions":{"nb":"Har pasienten hatt noen fall i de siste 3 månedene?"},"annotations":{"comment":"score 0 for Usann/ Nei, \nscore 1 for Sann/ Ja."},"aqlPath":"/content[openEHR-EHR-OBSERVATION.stratify_no.v0]/data[at0001]/events[at0002]/data[at0003]/items[at0004]/value","inputs":[{"type":"CODED_TEXT","list":[{"value":"at0011","label":"Nei","localizedLabels":{"nb":"Nei"},"localizedDescriptions":{"nb":"Pasienten har ikke hatt noen fall siste 3 måneder."},"ordinal":0},{"value":"at0012","label":"Ja","localizedLabels":{"nb":"Ja"},"localizedDescriptions":{"nb":"Pasienten har hatt fall siste 3 måneder."},"ordinal":1}]}],"formId":"hv_fallrisikovurdering/stratify_vurderingsverktøy_for_fallrisiko/uspesifisert_hendelse/fall_de_siste_tre_måneder","viewConfig":{"size":{"field":"inherit","label":"inherit","fill":"inherit"},"layout":{"label":{"valign":"inherit","align":"inherit"},"field":{"valign":"inherit","align":"inherit"}},"datasource":{"loadRemote":false,"loadRemoteUrl":"","terminology":""},"field":{"input":{"presentation":"combobox"}}}},{"name":"Fall siste måneder","localizedName":"Fall siste måneder","rmType":"DV_COUNT","nodeId":"at0013","min":"0","max":"1","localizedNames":{"nb":"Fall siste måneder"},"localizedDescriptions":{"nb":"*"},"aqlPath":"/content[openEHR-EHR-OBSERVATION.fr_kalk_dips.v0]/data[at0001]/events[at0002]/data[at0003]/items[at0013]/value","inputs":[{"type":"INTEGER","defaultValue":0}],"formId":"hv_fallrisikovurdering/fr_kalk_dips/fall_siste_måneder","viewConfig":{"size":{"field":"inherit","label":"inherit","fill":"inherit"},"layout":{"label":{"valign":"inherit","align":"inherit"},"field":{"valign":"inherit","align":"inherit"}},"datasource":{"loadRemote":false,"loadRemoteUrl":"","terminology":""},"advanced":{"hidden":true,"readonly":false},"tags":[],"annotations":{"calcid":"FSM"}}},{"name":"Synshemminger","localizedName":"Synshemminger","rmType":"DV_ORDINAL","nodeId":"at0006","min":0,"max":1,"localizedNames":{"nb":"Synshemminger"},"localizedDescriptions":{"nb":"Er pasienten synsskadet/synshemmet i et slikt omfang at hverdagslige funksjoner er påvirket?"},"annotations":{"comment":"score 0 for Usann/ Nei, \nscore 1 for Sann/ Ja."},"aqlPath":"/content[openEHR-EHR-OBSERVATION.stratify_no.v0]/data[at0001]/events[at0002]/data[at0003]/items[at0006]/value","inputs":[{"type":"CODED_TEXT","list":[{"value":"at0015","label":"Nei","localizedLabels":{"nb":"Nei"},"localizedDescriptions":{"nb":"Pasienten har ikke store synshemminger."},"ordinal":0},{"value":"at0017","label":"Ja","localizedLabels":{"nb":"Ja"},"localizedDescriptions":{"nb":"Pasienten har store synshemminger."},"ordinal":1}]}],"formId":"hv_fallrisikovurdering/stratify_vurderingsverktøy_for_fallrisiko/uspesifisert_hendelse/synshemminger","viewConfig":{"size":{"field":"inherit","label":"inherit","fill":"inherit"},"layout":{"label":{"valign":"inherit","align":"inherit"},"field":{"valign":"inherit","align":"inherit"}},"datasource":{"loadRemote":false,"loadRemoteUrl":"","terminology":""},"field":{"input":{"presentation":"combobox"}}}},{"name":"Synshemminger","localizedName":"Synshemminger","rmType":"DV_COUNT","nodeId":"at0012","min":"0","max":"1","localizedNames":{"nb":"Synshemminger"},"localizedDescriptions":{"nb":"*"},"aqlPath":"/content[openEHR-EHR-OBSERVATION.fr_kalk_dips.v0]/data[at0001]/events[at0002]/data[at0003]/items[at0012]/value","inputs":[{"type":"INTEGER","defaultValue":0}],"formId":"hv_fallrisikovurdering/fr_kalk_dips/synshemminger","viewConfig":{"size":{"field":"inherit","label":"inherit","fill":"inherit"},"layout":{"label":{"valign":"inherit","align":"inherit"},"field":{"valign":"inherit","align":"inherit"}},"datasource":{"loadRemote":false,"loadRemoteUrl":"","terminology":""},"advanced":{"hidden":true,"readonly":false},"tags":[],"annotations":{"calcid":"SH"}}},{"name":"Urolig atferd","localizedName":"Urolig atferd","rmType":"DV_ORDINAL","nodeId":"at0005","min":0,"max":1,"localizedNames":{"nb":"Urolig atferd"},"localizedDescriptions":{"nb":"Viser pasienten urolig, uklar, desorientert eller forvirret atferd?"},"annotations":{"comment":"score 0 for Usann/ Nei, \nscore 1 for Sann/ Ja."},"aqlPath":"/content[openEHR-EHR-OBSERVATION.stratify_no.v0]/data[at0001]/events[at0002]/data[at0003]/items[at0005]/value","inputs":[{"type":"CODED_TEXT","list":[{"value":"at0013","label":"Nei","localizedLabels":{"nb":"Nei"},"localizedDescriptions":{"nb":"Pasienten viser ikke urolig atferd."},"ordinal":0},{"value":"at0014","label":"Ja","localizedLabels":{"nb":"Ja"},"localizedDescriptions":{"nb":"Pasienten viser urolig atferd."},"ordinal":1}]}],"formId":"hv_fallrisikovurdering/stratify_vurderingsverktøy_for_fallrisiko/uspesifisert_hendelse/urolig_atferd","viewConfig":{"size":{"field":"inherit","label":"inherit","fill":"inherit"},"layout":{"label":{"valign":"inherit","align":"inherit"},"field":{"valign":"inherit","align":"inherit"}},"datasource":{"loadRemote":false,"loadRemoteUrl":"","terminology":""},"field":{"input":{"presentation":"combobox"}}}},{"name":"Urolig adferd","localizedName":"Urolig adferd","rmType":"DV_COUNT","nodeId":"at0014","min":"0","max":"1","localizedNames":{"nb":"Urolig adferd"},"localizedDescriptions":{"nb":"*"},"aqlPath":"/content[openEHR-EHR-OBSERVATION.fr_kalk_dips.v0]/data[at0001]/events[at0002]/data[at0003]/items[at0014]/value","inputs":[{"type":"INTEGER","defaultValue":0}],"formId":"hv_fallrisikovurdering/fr_kalk_dips/urolig_adferd","viewConfig":{"size":{"field":"inherit","label":"inherit","fill":"inherit"},"layout":{"label":{"valign":"inherit","align":"inherit"},"field":{"valign":"inherit","align":"inherit"}},"datasource":{"loadRemote":false,"loadRemoteUrl":"","terminology":""},"annotations":{"calcid ":"UA"},"advanced":{"hidden":true,"readonly":false},"tags":[]}},{"name":"Hyppige toalettbesøk","localizedName":"Hyppige toalettbesøk","rmType":"DV_ORDINAL","nodeId":"at0007","min":0,"max":1,"localizedNames":{"nb":"Hyppige toalettbesøk"},"localizedDescriptions":{"nb":"Oppfatter du at pasienten har spesielt behov av å besøke toalett ofte?"},"annotations":{"comment":"score 0 for Usann/ Nei, \nscore 1 for Sann/ Ja."},"aqlPath":"/content[openEHR-EHR-OBSERVATION.stratify_no.v0]/data[at0001]/events[at0002]/data[at0003]/items[at0007]/value","inputs":[{"type":"CODED_TEXT","list":[{"value":"at0018","label":"Nei","localizedLabels":{"nb":"Nei"},"localizedDescriptions":{"nb":"Pasienten har ikke behov for hyppige toalettbesøk."},"ordinal":0},{"value":"at0019","label":"Ja","localizedLabels":{"nb":"Ja"},"localizedDescriptions":{"nb":"Pasienten har behov for hyppige toalettbesøk."},"ordinal":1}]}],"formId":"hv_fallrisikovurdering/stratify_vurderingsverktøy_for_fallrisiko/uspesifisert_hendelse/hyppige_toalettbesøk","viewConfig":{"size":{"field":"inherit","label":"inherit","fill":"inherit"},"layout":{"label":{"valign":"inherit","align":"inherit"},"field":{"valign":"inherit","align":"inherit"}},"datasource":{"loadRemote":false,"loadRemoteUrl":"","terminology":""},"field":{"input":{"presentation":"combobox"}}}},{"name":"Hyppige toalettbesøk","localizedName":"Hyppige toalettbesøk","rmType":"DV_COUNT","nodeId":"at0015","min":"0","max":"1","localizedNames":{"nb":"Hyppige toalettbesøk"},"localizedDescriptions":{"nb":"*"},"aqlPath":"/content[openEHR-EHR-OBSERVATION.fr_kalk_dips.v0]/data[at0001]/events[at0002]/data[at0003]/items[at0015]/value","inputs":[{"type":"INTEGER","defaultValue":0}],"formId":"hv_fallrisikovurdering/fr_kalk_dips/hyppige_toalettbesøk","viewConfig":{"size":{"field":"inherit","label":"inherit","fill":"inherit"},"layout":{"label":{"valign":"inherit","align":"inherit"},"field":{"valign":"inherit","align":"inherit"}},"datasource":{"loadRemote":false,"loadRemoteUrl":"","terminology":""},"annotations":{"calcid":"HT"},"advanced":{"hidden":true,"readonly":false},"tags":[]}},{"name":"Mobilitet","localizedName":"Mobilitet","rmType":"DV_ORDINAL","nodeId":"at0017","min":0,"max":1,"localizedNames":{"nb":"Mobilitet"},"localizedDescriptions":{"nb":"Evne til å forflytte seg til fots eller i rullestol."},"aqlPath":"/content[openEHR-EHR-OBSERVATION.barthel_no.v1]/data[at0002]/events[at0003]/data[at0001]/items[at0017]/value","inputs":[{"type":"CODED_TEXT","list":[{"value":"at0018","label":"Kan ikke kjøre rullestol uten hjelp","localizedLabels":{"nb":"Kan ikke kjøre rullestol uten hjelp"},"localizedDescriptions":{"nb":"Kan ikke kjøre rullestol uten hjelp."},"ordinal":0},{"value":"at0019","label":"Kan ikke gå","localizedLabels":{"nb":"Kan ikke gå"},"localizedDescriptions":{"nb":"Kan ikke gå, men kan kjøre rullestol uten hjelp 50 meter."},"ordinal":1},{"value":"at0020","label":"Kan gå med rullator og/eller støtte/tilsyn","localizedLabels":{"nb":"Kan gå med rullator og/eller støtte/tilsyn"},"localizedDescriptions":{"nb":"Kan gå 50 meter med rullator og/eller støtte/tilsyn av en person."},"ordinal":2},{"value":"at0039","label":"Kan gå uten hjelp, evt med stokk/krykker","localizedLabels":{"nb":"Kan gå uten hjelp, evt med stokk/krykker"},"localizedDescriptions":{"nb":"Klarer å gå 50 meter, kan bruke stokk eller krykker, men ikke annet ganghjelpemiddel."},"ordinal":3}]}],"formId":"hv_fallrisikovurdering/barthel_adl-indeks/uspesifisert_hendelse/mobilitet","viewConfig":{"size":{"field":"inherit","label":"inherit","fill":"inherit"},"layout":{"label":{"valign":"inherit","align":"inherit"},"field":{"valign":"inherit","align":"inherit"}},"datasource":{"loadRemote":false,"loadRemoteUrl":"","terminology":""},"field":{"input":{"presentation":"combobox"}}}},{"name":"Mobilitet","localizedName":"Mobilitet","rmType":"DV_COUNT","nodeId":"at0017","min":"0","max":"1","localizedNames":{"nb":"Mobilitet"},"localizedDescriptions":{"nb":"*"},"aqlPath":"/content[openEHR-EHR-OBSERVATION.fr_kalk_dips.v0]/data[at0001]/events[at0002]/data[at0003]/items[at0017]/value","inputs":[{"type":"INTEGER","defaultValue":0}],"formId":"hv_fallrisikovurdering/fr_kalk_dips/mobilitet","viewConfig":{"size":{"field":"inherit","label":"inherit","fill":"inherit"},"layout":{"label":{"valign":"inherit","align":"inherit"},"field":{"valign":"inherit","align":"inherit"}},"datasource":{"loadRemote":false,"loadRemoteUrl":"","terminology":""},"annotations":{"calcid":"MOB"},"advanced":{"hidden":true,"readonly":false},"tags":[]}},{"name":"Forflytning mellom seng og stol","localizedName":"Forflytning mellom seng og stol","rmType":"DV_ORDINAL","nodeId":"at0021","min":0,"max":1,"localizedNames":{"nb":"Forflytning mellom seng og stol"},"localizedDescriptions":{"nb":"Evne til forflytning mellom seng og stol."},"aqlPath":"/content[openEHR-EHR-OBSERVATION.barthel_no.v1]/data[at0002]/events[at0003]/data[at0001]/items[at0021]/value","inputs":[{"type":"CODED_TEXT","list":[{"value":"at0022","label":"Kan ikke sitte","localizedLabels":{"nb":"Kan ikke sitte"},"localizedDescriptions":{"nb":"Sengeliggende."},"ordinal":0},{"value":"at0023","label":"Kan sitte, men trenger mye hjelp ved forflytning","localizedLabels":{"nb":"Kan sitte, men trenger mye hjelp ved forflytning"},"localizedDescriptions":{"nb":"Kan sitte, men trenger mye hjelp ved forflytning."},"ordinal":1},{"value":"at0024","label":"Klarer forflytning med litt hjelp eller tilsyn","localizedLabels":{"nb":"Klarer forflytning med litt hjelp eller tilsyn"},"localizedDescriptions":{"nb":"Klarer forflytning med litt hjelp eller tilsyn."},"ordinal":2},{"value":"at0025","label":"Selvhjulpen","localizedLabels":{"nb":"Selvhjulpen"},"localizedDescriptions":{"nb":"Klarer også å låse rullestol og bevege \nfotstøtte."},"ordinal":3}]}],"formId":"hv_fallrisikovurdering/barthel_adl-indeks/uspesifisert_hendelse/forflytning_mellom_seng_og_stol","viewConfig":{"size":{"field":"inherit","label":"inherit","fill":"inherit"},"layout":{"label":{"valign":"inherit","align":"inherit"},"field":{"valign":"inherit","align":"inherit"}},"datasource":{"loadRemote":false,"loadRemoteUrl":"","terminology":""},"field":{"input":{"presentation":"combobox"}}}},{"name":"Forflytning mellom seng og stol","localizedName":"Forflytning mellom seng og stol","rmType":"DV_COUNT","nodeId":"at0016","min":"0","max":"1","localizedNames":{"nb":"Forflytning mellom seng og stol"},"localizedDescriptions":{"nb":"*"},"aqlPath":"/content[openEHR-EHR-OBSERVATION.fr_kalk_dips.v0]/data[at0001]/events[at0002]/data[at0003]/items[at0016]/value","inputs":[{"type":"INTEGER","defaultValue":0}],"formId":"hv_fallrisikovurdering/fr_kalk_dips/forflytning_mellom_seng_og_stol","viewConfig":{"size":{"field":"inherit","label":"inherit","fill":"inherit"},"layout":{"label":{"valign":"inherit","align":"inherit"},"field":{"valign":"inherit","align":"inherit"}},"datasource":{"loadRemote":false,"loadRemoteUrl":"","terminology":""},"annotations":{"calcid":"FOR"},"advanced":{"hidden":true,"readonly":false},"tags":[]}},{"name":"Total sum av \"Mobililtet\" og \"Forflytning mellom seng og stol\" fra Barthel ADL-indeks","localizedName":"Total sum av \"Mobililtet\" og \"Forflytning mellom seng og stol\" fra Barthel ADL-indeks","rmType":"DV_ORDINAL","nodeId":"at0010","min":"0","max":"1","localizedNames":{"nb":"Total sum av \"Mobililtet\" og \"Forflytning mellom seng og stol\" fra Barthel ADL-indeks"},"localizedDescriptions":{"nb":"Poengene kommer fra registreringer gjort i Barthel ADL indeks fra punktene \"Mobililtet\" og \"Forflytning mellom seng og stol\"."},"aqlPath":"/content[openEHR-EHR-OBSERVATION.stratify_no.v0]/data[at0001]/events[at0002]/data[at0003]/items[at0010]/value","inputs":[{"type":"CODED_TEXT","list":[{"value":"at0020","label":"0-2, 5 eller 6 poeng","localizedLabels":{"nb":"0-2, 5 eller 6 poeng"},"localizedDescriptions":{"nb":"0 poeng."},"ordinal":0},{"value":"at0021","label":"3-4 poeng","localizedLabels":{"nb":"3-4 poeng"},"localizedDescriptions":{"nb":"1 Poeng."},"ordinal":1}]}],"formId":"hv_fallrisikovurdering/stratify_vurderingsverktøy_for_fallrisiko/uspesifisert_hendelse/total_sum_av_mobililtet_og_forflytning_mellom_seng_og_stol_fra_barthel_adl-indeks","viewConfig":{"size":{"field":"inherit","label":"inherit","fill":"inherit"},"layout":{"label":{"valign":"inherit","align":"inherit"},"field":{"valign":"inherit","align":"inherit"}},"datasource":{"loadRemote":false,"loadRemoteUrl":"","terminology":""},"advanced":{"hidden":true,"readonly":false},"tags":[],"field":{"input":{"presentation":"combobox"}}}},{"name":"Sum forflytning og mobilitet","localizedName":"Sum forflytning og mobilitet","rmType":"DV_COUNT","nodeId":"at0018","min":"0","max":"1","localizedNames":{"nb":"Sum forflytning og mobilitet"},"localizedDescriptions":{"nb":"*"},"aqlPath":"/content[openEHR-EHR-OBSERVATION.fr_kalk_dips.v0]/data[at0001]/events[at0002]/data[at0003]/items[at0018]/value","inputs":[{"type":"INTEGER","defaultValue":0}],"formId":"hv_fallrisikovurdering/fr_kalk_dips/sum_forflytning_og_mobilitet","viewConfig":{"size":{"field":"inherit","label":"inherit","fill":"inherit"},"layout":{"label":{"valign":"inherit","align":"inherit"},"field":{"valign":"inherit","align":"inherit"}},"datasource":{"loadRemote":false,"loadRemoteUrl":"","terminology":""},"annotations":{"calcid":"BAS","calc":"MOB+FOR"},"advanced":{"hidden":true,"readonly":false},"tags":[]}},{"name":"Klinisk vurdering: Vurderer du at pasienten har høy fallrisiko på tross av lav score?","localizedName":"Klinisk vurdering: Vurderer du at pasienten har høy fallrisiko på tross av lav score?","rmType":"DV_BOOLEAN","nodeId":"at0017","min":"0","max":"1","localizedNames":{"nb":"Klinisk vurdering: Vurderer du at pasienten har høy fallrisiko på tross av lav score?"},"localizedDescriptions":{"nb":"Mener du pasienten har økt risiko for fall?"},"aqlPath":"/content[openEHR-EHR-EVALUATION.innl_fallrisiko.v1]/data[at0001]/items[at0017]/value","inputs":[{"type":"BOOLEAN","defaultValue":false}],"formId":"hv_fallrisikovurdering/fallrisiko/mener_du_pasienten_har_økt_risiko_for_fall","viewConfig":{"advanced":{"hidden":false,"readonly":false},"size":{"field":"inherit","label":"inherit","fill":"inherit"},"layout":{"label":{"valign":"inherit","align":"inherit"},"field":{"valign":"inherit","align":"inherit"}},"datasource":{"loadRemote":false,"loadRemoteUrl":"","terminology":""},"tags":[],"field":{"input":{"threeState":false}}}},{"name":"Mener du pasienten har risiko","localizedName":"Mener du pasienten har risiko","rmType":"DV_COUNT","nodeId":"at0011","min":"0","max":"1","localizedNames":{"nb":"Mener du pasienten har risiko"},"localizedDescriptions":{"nb":"*"},"aqlPath":"/content[openEHR-EHR-OBSERVATION.fr_kalk_dips.v0]/data[at0001]/events[at0002]/data[at0003]/items[at0011]/value","inputs":[{"type":"INTEGER","defaultValue":0}],"formId":"hv_fallrisikovurdering/fr_kalk_dips/mener_du_pasienten_har_risiko","viewConfig":{"size":{"field":"inherit","label":"inherit","fill":"inherit"},"layout":{"label":{"valign":"inherit","align":"inherit"},"field":{"valign":"inherit","align":"inherit"}},"datasource":{"loadRemote":false,"loadRemoteUrl":"","terminology":""},"annotations":{"calcid":"KV"},"advanced":{"hidden":true,"readonly":false},"tags":[]}},{"name":"Poeng totalt","localizedName":"Poeng totalt","rmType":"DV_COUNT","nodeId":"at0009","min":"0","max":"1","localizedNames":{"nb":"Poeng totalt"},"localizedDescriptions":{"nb":"Sum av poeng fra alle elementene. "},"annotations":{"comment":"0 = lav risko, \n1 = moderat risko, \n>2 = høy risko."},"aqlPath":"/content[openEHR-EHR-OBSERVATION.stratify_no.v0]/data[at0001]/events[at0002]/data[at0003]/items[at0009]/value","inputs":[{"type":"INTEGER","validation":{"range":{"minOp":">=","min":0,"maxOp":"<=","max":5}},"defaultValue":0}],"formId":"hv_fallrisikovurdering/stratify_vurderingsverktøy_for_fallrisiko/uspesifisert_hendelse/poeng_totalt","viewConfig":{"size":{"field":"inherit","label":"inherit","fill":"inherit"},"layout":{"label":{"valign":"inherit","align":"inherit"},"field":{"valign":"inherit","align":"inherit"}},"datasource":{"loadRemote":false,"loadRemoteUrl":"","terminology":""},"annotations":{"calc":"FSM+KV+SH+HT+BHF"},"advanced":{"hidden":true,"readonly":false},"tags":[]}},{"name":"Totalscore","localizedName":"Totalscore","rmType":"DV_COUNT","nodeId":"at0019","min":"0","max":"1","localizedNames":{"nb":"Totalscore"},"localizedDescriptions":{"nb":"*"},"aqlPath":"/content[openEHR-EHR-OBSERVATION.fr_kalk_dips.v0]/data[at0001]/events[at0002]/data[at0003]/items[at0019]/value","inputs":[{"type":"INTEGER","defaultValue":0}],"formId":"hv_fallrisikovurdering/fr_kalk_dips/totalscore","viewConfig":{"size":{"field":"inherit","label":"inherit","fill":"inherit"},"layout":{"label":{"valign":"inherit","align":"inherit"},"field":{"valign":"inherit","align":"inherit"}},"datasource":{"loadRemote":false,"loadRemoteUrl":"","terminology":""},"annotations":{"calc":"FSM+KV+SH+HT+BHF"},"advanced":{"hidden":true,"readonly":false},"tags":[]}}]},{"localizedName":"Risiko eller ufullstendig screening","localizedNames":{"nb":"Risiko eller ufullstendig screening"},"min":"0","max":"100","name":"Risiko eller ufullstendig screening","rmType":"GENERIC_FIELDSET","inputs":[{"type":"TEXT"}],"formId":"generic-field-59306","viewConfig":{"advanced":{"hidden":false,"readonly":false,"render":true},"size":{"field":"inherit","label":"inherit","fill":"inherit"},"layout":{"label":{"valign":"inherit","align":"inherit"},"field":{"valign":"inherit","align":"inherit"}},"tags":[],"annotations":{"alertType":"ERROR"}},"children":[]},{"localizedName":"Ikke risiko","localizedNames":{"nb":"Ikke risiko"},"min":"0","max":"100","name":"Ikke risiko","rmType":"GENERIC_FIELDSET","inputs":[{"type":"TEXT"}],"formId":"generic-field-79016","viewConfig":{"advanced":{"hidden":false,"readonly":false,"render":true},"size":{"field":"inherit","label":"inherit","fill":"inherit"},"layout":{"label":{"valign":"inherit","align":"inherit"},"field":{"valign":"inherit","align":"inherit"}},"tags":[],"annotations":{"alertType":"success"}},"children":[]},{"name":"Fr kalk dips","localizedName":"Fr kalk dips","rmType":"OBSERVATION","nodeId":"openEHR-EHR-OBSERVATION.fr_kalk_dips.v0","min":"0","max":"1","localizedNames":{"nb":"Fr kalk dips"},"localizedDescriptions":{"nb":"unknown"},"aqlPath":"/content[openEHR-EHR-OBSERVATION.fr_kalk_dips.v0]","formId":"hv_fallrisikovurdering/fr_kalk_dips","viewConfig":{"size":{"field":"inherit","label":"inherit","fill":"inherit"},"layout":{"label":{"valign":"inherit","align":"inherit"},"field":{"valign":"inherit","align":"inherit"}},"advanced":{"hidden":true,"readonly":false},"tags":[],"datasource":{"loadRemote":false,"loadRemoteUrl":"","terminology":""}},"children":[{"name":"Pasientens alder","localizedName":"Pasientens alder","rmType":"DV_COUNT","nodeId":"at0005","min":0,"max":1,"localizedNames":{"nb":"Pasientens alder"},"localizedDescriptions":{"nb":"*"},"aqlPath":"/content[openEHR-EHR-OBSERVATION.fr_kalk_dips.v0]/data[at0001]/events[at0002]/data[at0003]/items[at0005]/value","inputs":[{"type":"INTEGER","defaultValue":65}],"formId":"hv_fallrisikovurdering/fr_kalk_dips/pasientens_alder","viewConfig":{"size":{"field":"inherit","label":"inherit","fill":"inherit"},"layout":{"label":{"valign":"inherit","align":"inherit"},"field":{"valign":"inherit","align":"inherit"}},"datasource":{"loadRemote":false,"loadRemoteUrl":"","terminology":""},"annotations":{"templateVariable":"[Pas.Alder]","calcid":"PAL"}}},{"name":"Poeng for alder","localizedName":"Poeng for alder","rmType":"DV_COUNT","nodeId":"at0004","min":0,"max":1,"localizedNames":{"nb":"Poeng for alder"},"localizedDescriptions":{"nb":"*"},"aqlPath":"/content[openEHR-EHR-OBSERVATION.fr_kalk_dips.v0]/data[at0001]/events[at0002]/data[at0003]/items[at0004]/value","inputs":[{"type":"INTEGER","defaultValue":0}],"formId":"hv_fallrisikovurdering/fr_kalk_dips/poeng_for_alder","viewConfig":{"size":{"field":"inherit","label":"inherit","fill":"inherit"},"layout":{"label":{"valign":"inherit","align":"inherit"},"field":{"valign":"inherit","align":"inherit"}},"datasource":{"loadRemote":false,"loadRemoteUrl":"","terminology":""},"annotations":{"calcid":"PA","calc":"if(PAL>65,1,0)"}}},{"name":"Nevrologiske lidelser","localizedName":"Nevrologiske lidelser","rmType":"DV_COUNT","nodeId":"at0006","min":0,"max":1,"localizedNames":{"nb":"Nevrologiske lidelser"},"localizedDescriptions":{"nb":"*"},"aqlPath":"/content[openEHR-EHR-OBSERVATION.fr_kalk_dips.v0]/data[at0001]/events[at0002]/data[at0003]/items[at0006]/value","inputs":[{"type":"INTEGER","defaultValue":0}],"formId":"hv_fallrisikovurdering/fr_kalk_dips/nevrologiske_lidelser","viewConfig":{"size":{"field":"inherit","label":"inherit","fill":"inherit"},"layout":{"label":{"valign":"inherit","align":"inherit"},"field":{"valign":"inherit","align":"inherit"}},"datasource":{"loadRemote":false,"loadRemoteUrl":"","terminology":""},"annotations":{"calcid":"NL"}}},{"name":"Kognitive sykdomstilstander","localizedName":"Kognitive sykdomstilstander","rmType":"DV_COUNT","nodeId":"at0007","min":0,"max":1,"localizedNames":{"nb":"Kognitive sykdomstilstander"},"localizedDescriptions":{"nb":"*"},"aqlPath":"/content[openEHR-EHR-OBSERVATION.fr_kalk_dips.v0]/data[at0001]/events[at0002]/data[at0003]/items[at0007]/value","inputs":[{"type":"INTEGER","defaultValue":0}],"formId":"hv_fallrisikovurdering/fr_kalk_dips/kognitive_sykdomstilstander","viewConfig":{"size":{"field":"inherit","label":"inherit","fill":"inherit"},"layout":{"label":{"valign":"inherit","align":"inherit"},"field":{"valign":"inherit","align":"inherit"}},"datasource":{"loadRemote":false,"loadRemoteUrl":"","terminology":""},"annotations":{"calcid":"KS"}}},{"name":"Betydelig synshemming","localizedName":"Betydelig synshemming","rmType":"DV_COUNT","nodeId":"at0008","min":0,"max":1,"localizedNames":{"nb":"Betydelig synshemming"},"localizedDescriptions":{"nb":"*"},"aqlPath":"/content[openEHR-EHR-OBSERVATION.fr_kalk_dips.v0]/data[at0001]/events[at0002]/data[at0003]/items[at0008]/value","inputs":[{"type":"INTEGER","defaultValue":0}],"formId":"hv_fallrisikovurdering/fr_kalk_dips/betydelig_synshemming","viewConfig":{"size":{"field":"inherit","label":"inherit","fill":"inherit"},"layout":{"label":{"valign":"inherit","align":"inherit"},"field":{"valign":"inherit","align":"inherit"}},"datasource":{"loadRemote":false,"loadRemoteUrl":"","terminology":""},"annotations":{"calcid":"BS"}}},{"name":"Ikke aktuell","localizedName":"Ikke aktuell","rmType":"DV_COUNT","nodeId":"at0009","min":"0","max":"1","localizedNames":{"nb":"Ikke aktuell"},"localizedDescriptions":{"nb":"*"},"aqlPath":"/content[openEHR-EHR-OBSERVATION.fr_kalk_dips.v0]/data[at0001]/events[at0002]/data[at0003]/items[at0009]/value","inputs":[{"type":"INTEGER","defaultValue":0}],"formId":"hv_fallrisikovurdering/fr_kalk_dips/ikke_aktuell","viewConfig":{"advanced":{"hidden":false,"readonly":false,"render":true},"size":{"field":"inherit","label":"inherit","fill":"inherit"},"layout":{"label":{"valign":"inherit","align":"inherit"},"field":{"valign":"inherit","align":"inherit"}},"datasource":{"loadRemote":false,"loadRemoteUrl":"","terminology":""}}},{"name":"Barthel hjelpefelt for kalkulasjon","localizedName":"Barthel hjelpefelt for kalkulasjon","rmType":"DV_COUNT","nodeId":"at0024","min":0,"max":1,"localizedNames":{"nb":"Barthel hjelpefelt for kalkulasjon"},"localizedDescriptions":{"nb":"*"},"aqlPath":"/content[openEHR-EHR-OBSERVATION.fr_kalk_dips.v0]/data[at0001]/events[at0002]/data[at0003]/items[at0024]/value","inputs":[{"type":"INTEGER","defaultValue":0}],"formId":"hv_fallrisikovurdering/fr_kalk_dips/barthel_hjelpefelt_for_kalkulasjon","viewConfig":{"size":{"field":"inherit","label":"inherit","fill":"inherit"},"layout":{"field":{"valign":"inherit","align":"inherit"}},"datasource":{"loadRemote":false,"loadRemoteUrl":"","terminology":""},"annotations":{"calcid":"BHF"}}},{"name":"Utvidet risikovurdering","localizedName":"Utvidet risikovurdering","rmType":"DV_COUNT","nodeId":"at0010","min":0,"max":1,"localizedNames":{"nb":"Utvidet risikovurdering"},"localizedDescriptions":{"nb":"*"},"aqlPath":"/content[openEHR-EHR-OBSERVATION.fr_kalk_dips.v0]/data[at0001]/events[at0002]/data[at0003]/items[at0010]/value","inputs":[{"type":"INTEGER","defaultValue":0}],"formId":"hv_fallrisikovurdering/fr_kalk_dips/utvidet_risikovurdering","viewConfig":{"size":{"field":"inherit","label":"inherit","fill":"inherit"},"layout":{"label":{"valign":"inherit","align":"inherit"},"field":{"valign":"inherit","align":"inherit"}},"datasource":{"loadRemote":false,"loadRemoteUrl":"","terminology":""},"annotations":{"calc":"PA+NL+KS+BS"}}},{"name":"Alder hjelpefelt for kalkulasjon","localizedName":"Alder hjelpefelt for kalkulasjon","rmType":"DV_COUNT","nodeId":"at0025","min":0,"max":1,"localizedNames":{"nb":"Alder hjelpefelt for kalkulasjon"},"localizedDescriptions":{"nb":"*"},"aqlPath":"/content[openEHR-EHR-OBSERVATION.fr_kalk_dips.v0]/data[at0001]/events[at0002]/data[at0003]/items[at0025]/value","inputs":[{"type":"INTEGER","defaultValue":65}],"formId":"hv_fallrisikovurdering/fr_kalk_dips/alder_hjelpefelt_for_kalkulasjon","viewConfig":{"size":{"field":"inherit","label":"inherit","fill":"inherit"},"layout":{"field":{"valign":"inherit","align":"inherit"}},"datasource":{"loadRemote":false,"loadRemoteUrl":"","terminology":""},"annotations":{"calc":"PAL+1-1"}}},{"name":"Risikoangivelse","localizedName":"Risikoangivelse","rmType":"DV_CODED_TEXT","nodeId":"at0020","min":"0","max":"1","localizedNames":{"nb":"Risikoangivelse"},"localizedDescriptions":{"nb":"*"},"aqlPath":"/content[openEHR-EHR-OBSERVATION.fr_kalk_dips.v0]/data[at0001]/events[at0002]/data[at0003]/items[at0020]/value","inputs":[{"suffix":"code","type":"CODED_TEXT","list":[{"value":"at0021","label":"Risiko for fall eller uavklart","localizedLabels":{"nb":"Risiko for fall eller uavklart"},"localizedDescriptions":{"nb":"Risiko for fall eller uavklart"}},{"value":"at0022","label":"Risiko","localizedLabels":{"nb":"Risiko"},"localizedDescriptions":{"nb":"Risiko"}},{"value":"at0023","label":"Ikke risiko","localizedLabels":{"nb":"Ikke risiko"},"localizedDescriptions":{"nb":"Ikke risiko"}}],"defaultValue":"at0021"}],"formId":"hv_fallrisikovurdering/fr_kalk_dips/risikoangivelse","viewConfig":{"advanced":{"hidden":false,"readonly":false},"size":{"field":"inherit","label":"inherit","fill":"inherit"},"layout":{"label":{"valign":"inherit","align":"inherit"},"field":{"valign":"inherit","align":"inherit"}},"datasource":{"loadRemote":false,"loadRemoteUrl":"","terminology":""},"tags":[],"field":{"code":{"presentation":"combobox"}}}}]}]}