[{"field":"hv_fallrisikovurdering/fr_kalk_dips/pasientens_alder","conditions":[{"operator":"gt","value":{"value":65},"actions":[{"action":"show","target":"generic-field-83845","value":{"value":""}},{"action":"hide","target":"generic-field-83168","value":{"value":""}},{"action":"hide","target":"hv_fallrisikovurdering/fallrisiko/innledende_risikovurdering_for_fall/sykdommer_og_tilstander_som_medfører_økt_risiko_for_fall_kryss_av_for_aktuelle","value":{"value":""}}]},{"operator":"le","value":{"value":65},"actions":[{"action":"hide","target":"generic-field-83845","value":{"value":""}},{"action":"show","target":"generic-field-83168","value":{"value":""}},{"action":"show","target":"hv_fallrisikovurdering/fallrisiko/innledende_risikovurdering_for_fall/sykdommer_og_tilstander_som_medfører_økt_risiko_for_fall_kryss_av_for_aktuelle","value":{"value":""}}]}]},{"field":"hv_fallrisikovurdering/fallrisiko/innledende_risikovurdering_for_fall/sykdommer_og_tilstander_som_medfører_økt_risiko_for_fall_kryss_av_for_aktuelle/nevrologiske_lidelser","conditions":[{"operator":"is","value":{"value":true},"actions":[{"action":"set","target":"hv_fallrisikovurdering/fr_kalk_dips/nevrologiske_lidelser","value":{"value":1}}]},{"operator":"isnot","value":{"value":true},"actions":[{"action":"set","target":"hv_fallrisikovurdering/fr_kalk_dips/nevrologiske_lidelser","value":{"value":0}}]}]},{"field":"hv_fallrisikovurdering/fallrisiko/innledende_risikovurdering_for_fall/sykdommer_og_tilstander_som_medfører_økt_risiko_for_fall_kryss_av_for_aktuelle/kognitive_sykdomstilstander","conditions":[{"operator":"isnot","value":{"value":true},"actions":[{"action":"set","target":"hv_fallrisikovurdering/fr_kalk_dips/kognitive_sykdomstilstander","value":{"value":0}}]},{"operator":"is","value":{"value":true},"actions":[{"action":"set","target":"hv_fallrisikovurdering/fr_kalk_dips/kognitive_sykdomstilstander","value":{"value":1}}]}]},{"field":"hv_fallrisikovurdering/fallrisiko/innledende_risikovurdering_for_fall/sykdommer_og_tilstander_som_medfører_økt_risiko_for_fall_kryss_av_for_aktuelle/betydelig_synshemning","conditions":[{"operator":"isnot","value":{"value":true},"actions":[{"action":"set","target":"hv_fallrisikovurdering/fr_kalk_dips/betydelig_synshemming","value":{"value":0}}]},{"operator":"is","value":{"value":true},"actions":[{"action":"set","target":"hv_fallrisikovurdering/fr_kalk_dips/betydelig_synshemming","value":{"value":1}}]}]},{"field":"hv_fallrisikovurdering/fallrisiko/innledende_risikovurdering_for_fall/sykdommer_og_tilstander_som_medfører_økt_risiko_for_fall_kryss_av_for_aktuelle/ikke_aktuelt","conditions":[{"operator":"isnot","value":{"value":true},"actions":[{"action":"hide","target":"hv_fallrisikovurdering/fallrisiko/innledende_risikovurdering_for_fall/sykdommer_og_tilstander_som_medfører_økt_risiko_for_fall_kryss_av_for_aktuelle/merknad","value":{"value":""}},{"action":"clear","target":"hv_fallrisikovurdering/fallrisiko/innledende_risikovurdering_for_fall/sykdommer_og_tilstander_som_medfører_økt_risiko_for_fall_kryss_av_for_aktuelle/merknad","value":{"value":""}}]},{"operator":"is","value":{"value":true},"actions":[{"action":"show","target":"hv_fallrisikovurdering/fallrisiko/innledende_risikovurdering_for_fall/sykdommer_og_tilstander_som_medfører_økt_risiko_for_fall_kryss_av_for_aktuelle/merknad","value":{"value":""}}]}]},{"field":"hv_fallrisikovurdering/fr_kalk_dips/utvidet_risikovurdering","conditions":[{"operator":"gt","value":{"value":0},"actions":[{"action":"show","target":"generic-field-24864","value":{"value":""}}]},{"operator":"eq","value":{"value":0},"actions":[{"action":"hide","target":"generic-field-24864","value":{"value":""}},{"action":"clear","target":"generic-field-24864","value":{"value":""}}]}]},{"field":"hv_fallrisikovurdering/barthel_adl-indeks/uspesifisert_hendelse/mobilitet","conditions":[{"operator":"equals","value":{"value":"at0018"},"actions":[{"action":"set","target":"hv_fallrisikovurdering/fr_kalk_dips/mobilitet","value":{"value":0}}]},{"operator":"equals","value":{"value":"at0019"},"actions":[{"action":"set","target":"hv_fallrisikovurdering/fr_kalk_dips/mobilitet","value":{"value":1}}]},{"operator":"equals","value":{"value":"at0020"},"actions":[{"action":"set","target":"hv_fallrisikovurdering/fr_kalk_dips/mobilitet","value":{"value":2}}]},{"operator":"equals","value":{"value":"at0039"},"actions":[{"action":"set","target":"hv_fallrisikovurdering/fr_kalk_dips/mobilitet","value":{"value":3}}]},{"operator":"empty","value":null,"actions":[{"action":"set","target":"hv_fallrisikovurdering/fr_kalk_dips/mobilitet","value":{"value":0}}]}]},{"field":"hv_fallrisikovurdering/barthel_adl-indeks/uspesifisert_hendelse/forflytning_mellom_seng_og_stol","conditions":[{"operator":"empty","value":null,"actions":[{"action":"set","target":"hv_fallrisikovurdering/fr_kalk_dips/forflytning_mellom_seng_og_stol","value":{"value":0}}]},{"operator":"equals","value":{"value":"at0022"},"actions":[{"action":"set","target":"hv_fallrisikovurdering/fr_kalk_dips/forflytning_mellom_seng_og_stol","value":{"value":0}}]},{"operator":"equals","value":{"value":"at0023"},"actions":[{"action":"set","target":"hv_fallrisikovurdering/fr_kalk_dips/forflytning_mellom_seng_og_stol","value":{"value":1}}]},{"operator":"equals","value":{"value":"at0024"},"actions":[{"action":"set","target":"hv_fallrisikovurdering/fr_kalk_dips/forflytning_mellom_seng_og_stol","value":{"value":2}}]},{"operator":"equals","value":{"value":"at0025"},"actions":[{"action":"set","target":"hv_fallrisikovurdering/fr_kalk_dips/forflytning_mellom_seng_og_stol","value":{"value":3}}]}]},{"field":"hv_fallrisikovurdering/stratify_vurderingsverktøy_for_fallrisiko/uspesifisert_hendelse/fall_de_siste_tre_måneder","conditions":[{"operator":"empty","value":null,"actions":[{"action":"set","target":"hv_fallrisikovurdering/fr_kalk_dips/fall_siste_måneder","value":{"value":0}}]},{"operator":"equals","value":{"value":"at0011"},"actions":[{"action":"set","target":"hv_fallrisikovurdering/fr_kalk_dips/fall_siste_måneder","value":{"value":0}}]},{"operator":"equals","value":{"value":"at0012"},"actions":[{"action":"set","target":"hv_fallrisikovurdering/fr_kalk_dips/fall_siste_måneder","value":{"value":1}}]}]},{"field":"hv_fallrisikovurdering/stratify_vurderingsverktøy_for_fallrisiko/uspesifisert_hendelse/synshemminger","conditions":[{"operator":"empty","value":null,"actions":[{"action":"set","target":"hv_fallrisikovurdering/fr_kalk_dips/synshemminger","value":{"value":0}}]},{"operator":"equals","value":{"value":"at0015"},"actions":[{"action":"set","target":"hv_fallrisikovurdering/fr_kalk_dips/synshemminger","value":{"value":0}}]},{"operator":"equals","value":{"value":"at0017"},"actions":[{"action":"set","target":"hv_fallrisikovurdering/fr_kalk_dips/synshemminger","value":{"value":1}}]}]},{"field":"hv_fallrisikovurdering/stratify_vurderingsverktøy_for_fallrisiko/uspesifisert_hendelse/urolig_atferd","conditions":[{"operator":"empty","value":null,"actions":[{"action":"set","target":"hv_fallrisikovurdering/fr_kalk_dips/urolig_adferd","value":{"value":0}}]},{"operator":"equals","value":{"value":"at0013"},"actions":[{"action":"set","target":"hv_fallrisikovurdering/fr_kalk_dips/urolig_adferd","value":{"value":0}}]},{"operator":"equals","value":{"value":"at0014"},"actions":[{"action":"set","target":"hv_fallrisikovurdering/fr_kalk_dips/urolig_adferd","value":{"value":1}}]}]},{"field":"hv_fallrisikovurdering/stratify_vurderingsverktøy_for_fallrisiko/uspesifisert_hendelse/hyppige_toalettbesøk","conditions":[{"operator":"empty","value":null,"actions":[{"action":"set","target":"hv_fallrisikovurdering/fr_kalk_dips/hyppige_toalettbesøk","value":{"value":0}}]},{"operator":"equals","value":{"value":"at0018"},"actions":[{"action":"set","target":"hv_fallrisikovurdering/fr_kalk_dips/hyppige_toalettbesøk","value":{"value":0}}]},{"operator":"equals","value":{"value":"at0019"},"actions":[{"action":"set","target":"hv_fallrisikovurdering/fr_kalk_dips/hyppige_toalettbesøk","value":{"value":1}}]}]},{"field":"hv_fallrisikovurdering/fallrisiko/mener_du_pasienten_har_økt_risiko_for_fall","conditions":[{"operator":"empty","value":null,"actions":[{"action":"set","target":"hv_fallrisikovurdering/fr_kalk_dips/mener_du_pasienten_har_risiko","value":{"value":0}}]},{"operator":"is","value":{"value":true},"actions":[{"action":"set","target":"hv_fallrisikovurdering/fr_kalk_dips/mener_du_pasienten_har_risiko","value":{"value":1}}]},{"operator":"is","value":{"value":false},"actions":[{"action":"set","target":"hv_fallrisikovurdering/fr_kalk_dips/mener_du_pasienten_har_risiko","value":{"value":0}}]}]},{"field":"hv_fallrisikovurdering/fr_kalk_dips/sum_forflytning_og_mobilitet","conditions":[{"operator":"lt","value":{"value":3},"actions":[{"action":"set","target":"hv_fallrisikovurdering/fr_kalk_dips/barthel_hjelpefelt_for_kalkulasjon","value":{"value":0}}]},{"operator":"empty","value":null,"actions":[{"action":"set","target":"hv_fallrisikovurdering/fr_kalk_dips/barthel_hjelpefelt_for_kalkulasjon","value":{"value":0}}]},{"operator":"gt","value":{"value":4},"actions":[{"action":"set","target":"hv_fallrisikovurdering/fr_kalk_dips/barthel_hjelpefelt_for_kalkulasjon","value":{"value":0}}]},{"operator":"eq","value":{"value":3},"actions":[{"action":"set","target":"hv_fallrisikovurdering/fr_kalk_dips/barthel_hjelpefelt_for_kalkulasjon","value":{"value":1}}]},{"operator":"eq","value":{"value":4},"actions":[{"action":"set","target":"hv_fallrisikovurdering/fr_kalk_dips/barthel_hjelpefelt_for_kalkulasjon","value":{"value":1}}]}]},{"field":"hv_fallrisikovurdering/stratify_vurderingsverktøy_for_fallrisiko/uspesifisert_hendelse/poeng_totalt","conditions":[{"operator":"gt","value":{"value":0},"actions":[{"action":"set","target":"hv_fallrisikovurdering/fr_kalk_dips/risikoangivelse","value":{"code":"at0021"}}]},{"operator":"empty","value":null,"actions":[{"action":"set","target":"hv_fallrisikovurdering/fr_kalk_dips/risikoangivelse","value":{"code":"at0021"}}]},{"operator":"eq","value":{"value":0},"actions":[{"action":"set","target":"hv_fallrisikovurdering/fr_kalk_dips/risikoangivelse","value":{"code":"at0023"}}]}]},{"field":"hv_fallrisikovurdering/fr_kalk_dips/risikoangivelse","conditions":[{"operator":"empty","value":null,"actions":[{"action":"show","target":"generic-field-59306","value":{"value":""}},{"action":"hide","target":"generic-field-79016","value":{"value":""}}]},{"operator":"equals","value":{"code":"at0023"},"actions":[{"action":"show","target":"generic-field-79016","value":{"value":""}},{"action":"hide","target":"generic-field-59306","value":{"value":""}}]},{"operator":"equals","value":{"code":"at0021"},"actions":[{"action":"show","target":"generic-field-59306","value":{"value":""}},{"action":"hide","target":"generic-field-79016","value":{"value":""}}]}]},{"field":"hv_fallrisikovurdering/fallrisiko/innledende_risikovurdering_for_fall/sykdommer_og_tilstander_som_medfører_økt_risiko_for_fall_kryss_av_for_aktuelle/ikke_aktuelt","conditions":[{"operator":"is","value":{"value":true},"actions":[{"action":"set","target":"hv_fallrisikovurdering/stratify_vurderingsverktøy_for_fallrisiko/uspesifisert_hendelse/poeng_totalt","value":{"value":0}},{"action":"set","target":"hv_fallrisikovurdering/fr_kalk_dips/risikoangivelse","value":{"code":"at0023"}},{"action":"reset","target":"hv_fallrisikovurdering/fallrisiko/innledende_risikovurdering_for_fall/sykdommer_og_tilstander_som_medfører_økt_risiko_for_fall_kryss_av_for_aktuelle/nevrologiske_lidelser","value":{"value":false}},{"action":"reset","target":"hv_fallrisikovurdering/fallrisiko/innledende_risikovurdering_for_fall/sykdommer_og_tilstander_som_medfører_økt_risiko_for_fall_kryss_av_for_aktuelle/kognitive_sykdomstilstander","value":{"value":false}},{"action":"reset","target":"hv_fallrisikovurdering/fallrisiko/innledende_risikovurdering_for_fall/sykdommer_og_tilstander_som_medfører_økt_risiko_for_fall_kryss_av_for_aktuelle/betydelig_synshemning","value":{"value":false}},{"action":"reset","target":"generic-field-24864","value":{"value":""}},{"action":"hide","target":"generic-field-24864","value":{"value":""}},{"action":"reset","target":"hv_fallrisikovurdering/stratify_vurderingsverktøy_for_fallrisiko/uspesifisert_hendelse/poeng_totalt","value":{"value":0}}]},{"operator":"is","value":{"value":false},"actions":[{"action":"set","target":"hv_fallrisikovurdering/fr_kalk_dips/risikoangivelse","value":{"code":"at0022"}}]}]}]