[{"col":1,"row":1,"width":5,"height":23,"children":[{"id":"hv_fallrisikovurdering/fallrisiko","rows":[{"cols":[{"width":"100%","children":[{"id":"hv_fallrisikovurdering/fallrisiko/innledende_risikovurdering_for_fall","rows":[{"cols":[{"width":"100%","children":[{"id":"hv_fallrisikovurdering/fallrisiko/innledende_risikovurdering_for_fall/dato_for_screening"},{"id":"generic-field-83168","rows":[{"cols":[{"width":"100%","children":[{"id":"generic-field-70695","rows":[{"cols":[{"width":"100%","children":[]}]}]}]}]}]},{"id":"generic-field-83845","rows":[{"cols":[{"width":"100%","children":[{"id":"generic-field-1666","rows":[{"cols":[{"width":"100%","children":[]}]}]},{"id":"generic-field-55094","rows":[{"cols":[{"width":"100%","children":[]}]}]}]}]}]}]}]}]}]}]}]},{"id":"hv_fallrisikovurdering/fallrisiko/innledende_risikovurdering_for_fall/sykdommer_og_tilstander_som_medfører_økt_risiko_for_fall_kryss_av_for_aktuelle","rows":[{"cols":[{"width":"100%","children":[{"id":"hv_fallrisikovurdering/fallrisiko/innledende_risikovurdering_for_fall/sykdommer_og_tilstander_som_medfører_økt_risiko_for_fall_kryss_av_for_aktuelle/nevrologiske_lidelser"},{"id":"hv_fallrisikovurdering/fallrisiko/innledende_risikovurdering_for_fall/sykdommer_og_tilstander_som_medfører_økt_risiko_for_fall_kryss_av_for_aktuelle/kognitive_sykdomstilstander"},{"id":"hv_fallrisikovurdering/fallrisiko/innledende_risikovurdering_for_fall/sykdommer_og_tilstander_som_medfører_økt_risiko_for_fall_kryss_av_for_aktuelle/betydelig_synshemning"},{"id":"hv_fallrisikovurdering/fallrisiko/innledende_risikovurdering_for_fall/sykdommer_og_tilstander_som_medfører_økt_risiko_for_fall_kryss_av_for_aktuelle/ikke_aktuelt"},{"id":"hv_fallrisikovurdering/fallrisiko/innledende_risikovurdering_for_fall/sykdommer_og_tilstander_som_medfører_økt_risiko_for_fall_kryss_av_for_aktuelle/merknad"}]}]}]}]},{"col":1,"row":24,"width":5,"height":27,"children":[{"id":"generic-field-24864","rows":[{"cols":[{"width":"76%","children":[{"id":"hv_fallrisikovurdering/stratify_vurderingsverktøy_for_fallrisiko/uspesifisert_hendelse/fall_de_siste_tre_måneder"}]},{"width":"24%","children":[{"id":"hv_fallrisikovurdering/fr_kalk_dips/fall_siste_måneder"}]}]},{"cols":[{"width":"76%","children":[{"id":"hv_fallrisikovurdering/stratify_vurderingsverktøy_for_fallrisiko/uspesifisert_hendelse/synshemminger"}]},{"width":"24%","children":[{"id":"hv_fallrisikovurdering/fr_kalk_dips/synshemminger"}]}]},{"cols":[{"width":"76%","children":[{"id":"hv_fallrisikovurdering/stratify_vurderingsverktøy_for_fallrisiko/uspesifisert_hendelse/urolig_atferd"}]},{"width":"24%","children":[{"id":"hv_fallrisikovurdering/fr_kalk_dips/urolig_adferd"}]}]},{"cols":[{"width":"76%","children":[{"id":"hv_fallrisikovurdering/stratify_vurderingsverktøy_for_fallrisiko/uspesifisert_hendelse/hyppige_toalettbesøk"}]},{"width":"24%","children":[{"id":"hv_fallrisikovurdering/fr_kalk_dips/hyppige_toalettbesøk"}]}]},{"cols":[{"width":"76%","children":[{"id":"hv_fallrisikovurdering/barthel_adl-indeks/uspesifisert_hendelse/mobilitet"}]},{"width":"24%","children":[{"id":"hv_fallrisikovurdering/fr_kalk_dips/mobilitet"}]}]},{"cols":[{"width":"76%","children":[{"id":"hv_fallrisikovurdering/barthel_adl-indeks/uspesifisert_hendelse/forflytning_mellom_seng_og_stol"}]},{"width":"24%","children":[{"id":"hv_fallrisikovurdering/fr_kalk_dips/forflytning_mellom_seng_og_stol"}]}]},{"cols":[{"width":"76%","children":[{"id":"hv_fallrisikovurdering/stratify_vurderingsverktøy_for_fallrisiko/uspesifisert_hendelse/total_sum_av_mobililtet_og_forflytning_mellom_seng_og_stol_fra_barthel_adl-indeks"}]},{"width":"24%","children":[{"id":"hv_fallrisikovurdering/fr_kalk_dips/sum_forflytning_og_mobilitet"}]}]},{"cols":[{"width":"76%","children":[{"id":"hv_fallrisikovurdering/fallrisiko/mener_du_pasienten_har_økt_risiko_for_fall"}]},{"width":"24%","children":[{"id":"hv_fallrisikovurdering/fr_kalk_dips/mener_du_pasienten_har_risiko"}]}]},{"cols":[{"width":"50%","children":[{"id":"hv_fallrisikovurdering/stratify_vurderingsverktøy_for_fallrisiko/uspesifisert_hendelse/poeng_totalt"}]},{"width":"50%","children":[{"id":"hv_fallrisikovurdering/fr_kalk_dips/totalscore"}]}]}]},{"id":"generic-field-59306","rows":[{"cols":[{"width":"100%","children":[]}]}]},{"id":"generic-field-79016","rows":[{"cols":[{"width":"100%","children":[]}]}]}]},{"col":1,"row":51,"width":5,"height":25,"children":[{"id":"hv_fallrisikovurdering/fr_kalk_dips","rows":[{"cols":[{"width":"100%","children":[{"id":"hv_fallrisikovurdering/fr_kalk_dips/pasientens_alder"},{"id":"hv_fallrisikovurdering/fr_kalk_dips/poeng_for_alder"},{"id":"hv_fallrisikovurdering/fr_kalk_dips/nevrologiske_lidelser"},{"id":"hv_fallrisikovurdering/fr_kalk_dips/kognitive_sykdomstilstander"},{"id":"hv_fallrisikovurdering/fr_kalk_dips/betydelig_synshemming"},{"id":"hv_fallrisikovurdering/fr_kalk_dips/ikke_aktuell"},{"id":"hv_fallrisikovurdering/fr_kalk_dips/barthel_hjelpefelt_for_kalkulasjon"},{"id":"hv_fallrisikovurdering/fr_kalk_dips/utvidet_risikovurdering"},{"id":"hv_fallrisikovurdering/fr_kalk_dips/alder_hjelpefelt_for_kalkulasjon"},{"id":"hv_fallrisikovurdering/fr_kalk_dips/risikoangivelse"}]}]}]}]}]