{"formId":"form_root","name":"Form root","rmType":"FORM_DEFINITION","viewConfig":{"label":{"custom":false,"value":"","useLocalizations":false,"localizationsList":{}},"size":{"field":"inherit","label":"inherit","fill":"inherit"},"layout":{"valign":"inherit","align":"inherit"},"tags":[]},"templateLanguages":["nb"],"children":[{"name":"Hjertefrekvens/puls","localizedName":"Hjertefrekvens/puls","rmType":"OBSERVATION","nodeId":"openEHR-EHR-OBSERVATION.heart_rate-pulse.v1","min":"1","max":"1","localizedNames":{"nb":"Hjertefrekvens/puls"},"localizedDescriptions":{"nb":"Den mekaniske hjertefrekvense - som regel målt ved palpasjon"},"aqlPath":"/content[openEHR-EHR-OBSERVATION.heart_rate-pulse.v1]","children":[{"name":"Frekvens","localizedName":"Frekvens","rmType":"DV_QUANTITY","nodeId":"at0004.1","min":0,"max":1,"localizedNames":{"nb":"Frekvens"},"localizedDescriptions":{"nb":"*The rate of the heart in beats per minute.(en)"},"aqlPath":"/content[openEHR-EHR-OBSERVATION.heart_rate-pulse.v1]/data[at0002]/events[at0003]/data[at0001]/items[at0004.1]/value","inputs":[{"suffix":"magnitude","type":"DECIMAL","validation":{"range":{"minOp":">=","min":0},"precision":{"minOp":">=","min":0,"maxOp":"<=","max":0}}},{"suffix":"unit","type":"CODED_TEXT","list":[{"value":"/min","label":"/min","validation":{"range":{"minOp":">=","min":0},"precision":{"minOp":">=","min":0,"maxOp":"<=","max":0}}}],"defaultValue":"/min"}],"formId":"observasjoner/hjertefrekvens_puls/any_event_en/frekvens","viewConfig":{"field":{"magnitude":{"presentation":"combobox"}},"size":{"field":"inherit","label":"inherit","fill":"inherit"},"layout":{"field":{"valign":"inherit","align":"inherit"}},"datasource":{"loadRemote":false,"loadRemoteUrl":"","terminology":""}}}],"formId":"observasjoner/hjertefrekvens_puls","viewConfig":{"size":{"field":"inherit","label":"inherit","fill":"inherit"},"layout":{"label":{"valign":"inherit","align":"inherit"},"field":{"valign":"inherit","align":"inherit"}},"advanced":{"hidden":false,"readonly":false,"render":false},"tags":[]}},{"name":"Kroppstemperatur","localizedName":"Kroppstemperatur","rmType":"OBSERVATION","nodeId":"openEHR-EHR-OBSERVATION.body_temperature.v1","min":"1","max":"1","localizedNames":{"nb":"Kroppstemperatur"},"localizedDescriptions":{"nb":"Måling av kroppstemperatur som skal gjenspeile den faktiske kroppstemperaturen"},"aqlPath":"/content[openEHR-EHR-OBSERVATION.body_temperature.v1]","children":[{"name":"Temperatur","localizedName":"Temperatur","rmType":"DV_QUANTITY","nodeId":"at0004","min":"0","max":"100","localizedNames":{"nb":"Temperatur"},"localizedDescriptions":{"nb":"Målt kroppstemperatur (som gjenspeiler faktisk kroppstemperatur) "},"aqlPath":"/content[openEHR-EHR-OBSERVATION.body_temperature.v1]/data[at0002]/events[at0003]/data[at0001]/items[at0004]/value","inputs":[{"suffix":"magnitude","type":"DECIMAL"},{"suffix":"unit","type":"CODED_TEXT","list":[{"value":"°C","label":"°C","validation":{"precision":{"minOp":">=","min":1,"maxOp":"<=","max":1}}},{"value":"°F","label":"°F","validation":{"precision":{"minOp":">=","min":1,"maxOp":"<=","max":1}}}]}],"formId":"observasjoner/kroppstemperatur/tidfestet_hendelse/temperatur","viewConfig":{"field":{"magnitude":{"presentation":"combobox"}},"advanced":{"hidden":false,"readonly":false,"render":false},"size":{"field":"inherit","label":"inherit","fill":"inherit"},"layout":{"label":{"valign":"inherit","align":"inherit"},"field":{"valign":"inherit","align":"inherit"}},"datasource":{"loadRemote":false,"loadRemoteUrl":"","terminology":""}}}],"formId":"observasjoner/kroppstemperatur","viewConfig":{"advanced":{"hidden":false,"readonly":false,"render":false},"size":{"field":"inherit","label":"inherit","fill":"inherit"},"layout":{"label":{"valign":"inherit","align":"inherit"},"field":{"valign":"inherit","align":"inherit"}},"tags":[]}},{"name":"Blodtrykk","localizedName":"Blodtrykk","rmType":"OBSERVATION","nodeId":"openEHR-EHR-OBSERVATION.blood_pressure.v1","min":"1","max":"1","localizedNames":{"nb":"Blodtrykk"},"localizedDescriptions":{"nb":"Måling av blodtrykket som mål for det arterielle blodtrykk i det systemiske kretsløp. Vanligvis refererer bruken av begrepet blodtrykket til en måling av brachialisarterietrykket på overarmen."},"aqlPath":"/content[openEHR-EHR-OBSERVATION.blood_pressure.v1]","children":[{"name":"Systolisk","localizedName":"Systolisk","rmType":"DV_QUANTITY","nodeId":"at0004","min":"0","max":"1","localizedNames":{"nb":"Systolisk"},"localizedDescriptions":{"nb":"Maksimalt systemisk arterielt blodtrykk - målt i systolen eller under hjertets kontraksjonsfase."},"aqlPath":"/content[openEHR-EHR-OBSERVATION.blood_pressure.v1]/data[at0001]/events[at0006]/data[at0003]/items[at0004]/value","inputs":[{"suffix":"magnitude","type":"DECIMAL","validation":{"range":{"minOp":">=","min":0,"maxOp":"<=","max":1000},"precision":{"minOp":">=","min":0,"maxOp":"<=","max":0}}},{"suffix":"unit","type":"CODED_TEXT","list":[{"value":"mm[Hg]","label":"mm[Hg]","validation":{"range":{"minOp":">=","min":0,"maxOp":"<=","max":1000},"precision":{"minOp":">=","min":0,"maxOp":"<=","max":0}}}],"defaultValue":"mm[Hg]"}],"formId":"observasjoner/blodtrykk/uspesifisert_hendelse/systolisk","viewConfig":{"field":{"magnitude":{"presentation":"combobox"}},"advanced":{"hidden":false,"readonly":false,"render":false},"size":{"field":"inherit","label":"inherit","fill":"inherit"},"layout":{"label":{"valign":"inherit","align":"inherit"},"field":{"valign":"inherit","align":"inherit"}},"datasource":{"loadRemote":false,"loadRemoteUrl":"","terminology":""}}},{"name":"Diastolisk","localizedName":"Diastolisk","rmType":"DV_QUANTITY","nodeId":"at0005","min":"0","max":"1","localizedNames":{"nb":"Diastolisk"},"localizedDescriptions":{"nb":"Laveste systemiske arterielle blodtrykk - målt i diastolen eller under hjertets avslapningsfase."},"aqlPath":"/content[openEHR-EHR-OBSERVATION.blood_pressure.v1]/data[at0001]/events[at0006]/data[at0003]/items[at0005]/value","inputs":[{"suffix":"magnitude","type":"DECIMAL","validation":{"range":{"minOp":">=","min":0,"maxOp":"<=","max":1000},"precision":{"minOp":">=","min":0,"maxOp":"<=","max":0}}},{"suffix":"unit","type":"CODED_TEXT","list":[{"value":"mm[Hg]","label":"mm[Hg]","validation":{"range":{"minOp":">=","min":0,"maxOp":"<=","max":1000},"precision":{"minOp":">=","min":0,"maxOp":"<=","max":0}}}],"defaultValue":"mm[Hg]"}],"formId":"observasjoner/blodtrykk/uspesifisert_hendelse/diastolisk","viewConfig":{"field":{"magnitude":{"presentation":"combobox"}},"advanced":{"hidden":false,"readonly":false,"render":false},"size":{"field":"inherit","label":"inherit","fill":"inherit"},"layout":{"label":{"valign":"inherit","align":"inherit"},"field":{"valign":"inherit","align":"inherit"}},"datasource":{"loadRemote":false,"loadRemoteUrl":"","terminology":""}}}],"formId":"observasjoner/blodtrykk","viewConfig":{"advanced":{"hidden":false,"readonly":false,"render":false},"size":{"field":"inherit","label":"inherit","fill":"inherit"},"layout":{"label":{"valign":"inherit","align":"inherit"},"field":{"valign":"inherit","align":"inherit"}},"tags":[]}},{"name":"Glasgow Coma Scale","localizedName":"Glasgow Coma Scale","rmType":"OBSERVATION","nodeId":"openEHR-EHR-OBSERVATION.glasgow_coma.v1","min":"1","max":"1","localizedNames":{"nb":"Glasgow Coma Scale"},"localizedDescriptions":{"nb":"Femten punkts skala brukt for å vurdere graden av bevissthet om et emne. Også kjent som Modified Glasgow Coma Scale."},"aqlPath":"/content[openEHR-EHR-OBSERVATION.glasgow_coma.v1]","children":[{"name":"Åpning av øynene (Ø)","localizedName":"Åpning av øynene (Ø)","rmType":"DV_ORDINAL","nodeId":"at0009","min":"0","max":"1","localizedNames":{"nb":"Åpning av øynene (Ø)"},"localizedDescriptions":{"nb":"Best eye response to stimulus."},"aqlPath":"/content[openEHR-EHR-OBSERVATION.glasgow_coma.v1]/data[at0001]/events[at0002]/data[at0003]/items[at0009]/value","inputs":[{"type":"CODED_TEXT","list":[{"value":"at0010","label":"Ingen reaksjon","localizedLabels":{"nb":"Ingen reaksjon"},"localizedDescriptions":{"nb":"Åpner ikke øynene"},"ordinal":1},{"value":"at0011","label":"Ved smertestimulering","localizedLabels":{"nb":"Ved smertestimulering"},"localizedDescriptions":{"nb":"Opens eyes in response to painful stimuli in limbs."},"ordinal":2},{"value":"at0012","label":"Ved tiltale","localizedLabels":{"nb":"Ved tiltale"},"localizedDescriptions":{"nb":"Opens eyes in response to any verbal approach."},"ordinal":3},{"value":"at0013","label":"Spontan","localizedLabels":{"nb":"Spontan"},"localizedDescriptions":{"nb":"Opens eyes spontaneously."},"ordinal":4}]}],"formId":"observasjoner/glasgow_coma_scale/åpning_av_øynene_ø","viewConfig":{"advanced":{"hidden":false,"readonly":false,"render":false},"size":{"field":"inherit","label":"inherit","fill":"inherit"},"layout":{"label":{"valign":"inherit","align":"inherit"},"field":{"valign":"inherit","align":"inherit"}},"datasource":{"loadRemote":false,"loadRemoteUrl":"","terminology":""},"field":{"input":{"presentation":"combobox"}}}},{"name":"Motorisk respons (M)","localizedName":"Motorisk respons (M)","rmType":"DV_ORDINAL","nodeId":"at0008","min":"0","max":"1","localizedNames":{"nb":"Motorisk respons (M)"},"localizedDescriptions":{"nb":"Best motor response to stimulus."},"aqlPath":"/content[openEHR-EHR-OBSERVATION.glasgow_coma.v1]/data[at0001]/events[at0002]/data[at0003]/items[at0008]/value","inputs":[{"type":"CODED_TEXT","list":[{"value":"at0019","label":"Ingen repons","localizedLabels":{"nb":"Ingen repons"},"localizedDescriptions":{"nb":"No motor response; limbs flaccid."},"ordinal":1},{"value":"at0020","label":"Ekstensjon ved smerte","localizedLabels":{"nb":"Ekstensjon ved smerte"},"localizedDescriptions":{"nb":"Abnormal extension to pain."},"ordinal":2},{"value":"at0021","label":"Fleksjon ved smerte","localizedLabels":{"nb":"Fleksjon ved smerte"},"localizedDescriptions":{"nb":"Abnormal flexion to pain."},"ordinal":3},{"value":"at0022","label":"Avverger smerte","localizedLabels":{"nb":"Avverger smerte"},"localizedDescriptions":{"nb":"Flexion withdrawal response to pain."},"ordinal":4},{"value":"at0023","label":"Lokaliserer smerte","localizedLabels":{"nb":"Lokaliserer smerte"},"localizedDescriptions":{"nb":"Localised movement in response to pain."},"ordinal":5},{"value":"at0024","label":"Følger oppfordringer","localizedLabels":{"nb":"Følger oppfordringer"},"localizedDescriptions":{"nb":"Follows simple verbal commands."},"ordinal":6}]}],"formId":"observasjoner/glasgow_coma_scale/motorisk_respons_m","viewConfig":{"advanced":{"hidden":false,"readonly":false,"render":false},"size":{"field":"inherit","label":"inherit","fill":"inherit"},"layout":{"label":{"valign":"inherit","align":"inherit"},"field":{"valign":"inherit","align":"inherit"}},"datasource":{"loadRemote":false,"loadRemoteUrl":"","terminology":""},"field":{"input":{"presentation":"combobox"}}}},{"name":"Verbal respons (V)","localizedName":"Verbal respons (V)","rmType":"DV_ORDINAL","nodeId":"at0007","min":"0","max":"1","localizedNames":{"nb":"Verbal respons (V)"},"localizedDescriptions":{"nb":"Best verbal response to stimulus."},"aqlPath":"/content[openEHR-EHR-OBSERVATION.glasgow_coma.v1]/data[at0001]/events[at0002]/data[at0003]/items[at0007]/value","inputs":[{"type":"CODED_TEXT","list":[{"value":"at0014","label":"Ingen reaksjon","localizedLabels":{"nb":"Ingen reaksjon"},"localizedDescriptions":{"nb":"No verbal response."},"ordinal":1},{"value":"at0015","label":"Uforståelige lyder","localizedLabels":{"nb":"Uforståelige lyder"},"localizedDescriptions":{"nb":"Moans or groans, but no recognisable words."},"ordinal":2},{"value":"at0016","label":"Usammenheng. tale","localizedLabels":{"nb":"Usammenheng. tale"},"localizedDescriptions":{"nb":"Intelligible speech, but no conversational exchange."},"ordinal":3},{"value":"at0017","label":"Forvirret, desorientert","localizedLabels":{"nb":"Forvirret, desorientert"},"localizedDescriptions":{"nb":"Converses, but confused and disoriented in their environment."},"ordinal":4},{"value":"at0018","label":"Orientert","localizedLabels":{"nb":"Orientert"},"localizedDescriptions":{"nb":"Converses, oriented to their environment."},"ordinal":5}]}],"formId":"observasjoner/glasgow_coma_scale/verbal_respons_v","viewConfig":{"advanced":{"hidden":false,"readonly":false,"render":false},"size":{"field":"inherit","label":"inherit","fill":"inherit"},"layout":{"label":{"valign":"inherit","align":"inherit"},"field":{"valign":"inherit","align":"inherit"}},"datasource":{"loadRemote":false,"loadRemoteUrl":"","terminology":""},"field":{"input":{"presentation":"combobox"}}}},{"name":"Total score","localizedName":"Total score","rmType":"DV_COUNT","nodeId":"at0026","min":"0","max":"1","localizedNames":{"nb":"Total score"},"localizedDescriptions":{"nb":"The sum of the 3 ordinal scores for each component parameter."},"aqlPath":"/content[openEHR-EHR-OBSERVATION.glasgow_coma.v1]/data[at0001]/events[at0002]/data[at0003]/items[at0026]/value","inputs":[{"type":"INTEGER","validation":{"range":{"minOp":">=","min":3,"maxOp":"<=","max":15}}}],"formId":"observasjoner/glasgow_coma_scale/total_score","viewConfig":{"advanced":{"hidden":false,"readonly":false,"render":false},"size":{"field":"inherit","label":"inherit","fill":"inherit"},"layout":{"label":{"valign":"inherit","align":"inherit"},"field":{"valign":"inherit","align":"inherit"}},"datasource":{"loadRemote":false,"loadRemoteUrl":"","terminology":""}}}],"formId":"observasjoner/glasgow_coma_scale","viewConfig":{"advanced":{"hidden":false,"readonly":false,"render":false},"size":{"field":"inherit","label":"inherit","fill":"inherit"},"layout":{"label":{"valign":"inherit","align":"inherit"},"field":{"valign":"inherit","align":"inherit"}},"tags":[]}}]}