[{"col":1,"row":1,"width":12,"height":20,"children":[{"id":"observasjoner/hjertefrekvens_puls","rows":[{"cols":[{"width":"100%","children":[{"id":"observasjoner/hjertefrekvens_puls/any_event_en/frekvens"}]}]}]},{"id":"observasjoner/kroppstemperatur","rows":[{"cols":[{"width":"100%","children":[{"id":"observasjoner/kroppstemperatur/tidfestet_hendelse/temperatur"}]}]}]},{"id":"observasjoner/blodtrykk","rows":[{"cols":[{"width":"100%","children":[{"id":"observasjoner/blodtrykk/uspesifisert_hendelse/systolisk"},{"id":"observasjoner/blodtrykk/uspesifisert_hendelse/diastolisk"}]}]}]},{"id":"observasjoner/glasgow_coma_scale","rows":[{"cols":[{"width":"100%","children":[{"id":"observasjoner/glasgow_coma_scale/åpning_av_øynene_ø"},{"id":"observasjoner/glasgow_coma_scale/motorisk_respons_m"},{"id":"observasjoner/glasgow_coma_scale/verbal_respons_v"},{"id":"observasjoner/glasgow_coma_scale/total_score"}]}]}]}]}]