{"formId":"form_root","name":"Form root","rmType":"FORM_DEFINITION","viewConfig":{"label":{"custom":false,"value":"","useLocalizations":false,"localizationsList":{}},"size":{"field":"inherit","label":"inherit","fill":"inherit"},"layout":{"label":{"valign":"inherit","align":"inherit"},"field":{"valign":"inherit","align":"inherit"}},"tags":[],"annotations":{"reuseComposition":"select c from composition c contains evaluation e[openEHR-EHR-EVALUATION.trykksaar_risiko.v1] where c/archetype_details/template_id/value = 'HV Trykksaarrisikovurdering' order by e/data[at0001]/items[at0033]/value/value desc fetch 1?scope=patient"}},"language":"nb","templateLanguages":["nb"],"children":[{"name":"Innledende risikovurdering","localizedName":"Innledende risikovurdering","rmType":"EVALUATION","nodeId":"openEHR-EHR-EVALUATION.trykksaar_risiko.v1","min":"1","max":"1","localizedNames":{"nb":"Innledende risikovurdering"},"localizedDescriptions":{"nb":"unknown"},"aqlPath":"/content[openEHR-EHR-EVALUATION.trykksaar_risiko.v1]","formId":"hv_trykksaarrisikovurdering/trykksaar_risiko","viewConfig":{"advanced":{"hidden":false,"readonly":false,"render":true},"size":{"field":"inherit","label":"inherit","fill":"inherit"},"layout":{"label":{"valign":"inherit","align":"top"},"field":{"valign":"inherit","align":"inherit"}},"tags":[],"datasource":{"loadRemote":false,"loadRemoteUrl":"","terminology":""}},"children":[{"localizedName":"Fieldset","localizedNames":{"nb":"Fieldset"},"min":0,"max":-1,"name":"Fieldset","rmType":"GENERIC_FIELDSET","formId":"generic-field-47467","viewConfig":{"size":{"field":"inherit","label":"inherit","fill":"inherit"},"layout":{"field":{"valign":"inherit","align":"inherit"}}},"children":[{"name":"Dato for screening","localizedName":"Dato for screening","rmType":"DV_DATE","nodeId":"at0033","min":0,"max":1,"localizedNames":{"nb":"Dato for screening"},"localizedDescriptions":{"nb":"*"},"aqlPath":"/content[openEHR-EHR-EVALUATION.trykksaar_risiko.v1]/data[at0001]/items[at0033]/value","inputs":[{"type":"DATE"}],"formId":"hv_trykksaarrisikovurdering/trykksaar_risiko/dato_for_screening","viewConfig":{"annotations":{"TemplateVariable":"[Sys.Now]","label":"Legg inn aktuell dag for screening"},"size":{"field":"inherit","label":"inherit","fill":"inherit"},"layout":{"field":{"valign":"inherit","align":"inherit"}},"datasource":{"loadRemote":false,"loadRemoteUrl":"","terminology":""},"field":{"input":{"dateFormat":"","hideDate":false,"hideTime":false}}}},{"name":"Trykksårrisiko","localizedName":"Trykksårrisiko","rmType":"DV_CODED_TEXT","nodeId":"at0002","min":"0","max":"1","localizedNames":{"nb":"Trykksårrisiko"},"localizedDescriptions":{"nb":"Angi grad av trykksårrisiko"},"aqlPath":"/content[openEHR-EHR-ADMIN_ENTRY.hv_ps_trykk.v0]/data[at0001]/items[at0002]/value","inputs":[{"suffix":"code","type":"CODED_TEXT","list":[{"value":"at0008","label":"Ingen risiko","localizedLabels":{"nb":"Ingen risiko"},"localizedDescriptions":{"nb":"Ingen risiko"}},{"value":"at0009","label":"Lav risiko","localizedLabels":{"nb":"Lav risiko"},"localizedDescriptions":{"nb":"Lav risiko"}},{"value":"at0010","label":"Moderat risiko","localizedLabels":{"nb":"Moderat risiko"},"localizedDescriptions":{"nb":"Moderat risiko"}},{"value":"at0011","label":"Høy risiko","localizedLabels":{"nb":"Høy risiko"},"localizedDescriptions":{"nb":"Høy risiko"}}]}],"formId":"hv_trykksaarrisikovurdering/hv_ps_trykk/trykksårrisiko","viewConfig":{"advanced":{"hidden":false,"readonly":false},"size":{"field":"inherit","label":"inherit","fill":"inherit"},"layout":{"label":{"valign":"inherit","align":"inherit"},"field":{"valign":"inherit","align":"inherit"}},"datasource":{"loadRemote":false,"loadRemoteUrl":"","terminology":""},"tags":[],"field":{"code":{"presentation":"combobox","columns":"4"}}}},{"name":"trykk tall","localizedName":"trykk tall","rmType":"DV_CODED_TEXT","nodeId":"at0003","min":"0","max":"1","localizedNames":{"nb":"trykk tall"},"localizedDescriptions":{"nb":"*"},"aqlPath":"/content[openEHR-EHR-ADMIN_ENTRY.hv_ps_trykk.v0]/data[at0001]/items[at0003]/value","inputs":[{"suffix":"code","type":"CODED_TEXT","list":[{"value":"at0004","label":"1","localizedLabels":{"nb":"1"},"localizedDescriptions":{"nb":"*"}},{"value":"at0005","label":"2","localizedLabels":{"nb":"2"},"localizedDescriptions":{"nb":"*"}},{"value":"at0006","label":"3","localizedLabels":{"nb":"3"},"localizedDescriptions":{"nb":"*"}},{"value":"at0007","label":"4","localizedLabels":{"nb":"4"},"localizedDescriptions":{"nb":"*"}}]}],"formId":"hv_trykksaarrisikovurdering/hv_ps_trykk/trykk_tall","viewConfig":{"advanced":{"hidden":true,"readonly":false},"size":{"field":"inherit","label":"inherit","fill":"inherit"},"layout":{"label":{"valign":"inherit","align":"inherit"},"field":{"valign":"inherit","align":"inherit"}},"datasource":{"loadRemote":false,"loadRemoteUrl":"","terminology":""},"tags":[],"field":{"code":{"presentation":"combobox","columns":"4"}}}}]},{"name":"Har pasienten trykksår ved innleggelse/overflytting?","localizedName":"Har pasienten trykksår ved innleggelse/overflytting?","rmType":"DV_CODED_TEXT","nodeId":"at0002","min":0,"max":1,"localizedNames":{"nb":"Har pasienten trykksår ved innleggelse/overflytting?"},"localizedDescriptions":{"nb":"*"},"aqlPath":"/content[openEHR-EHR-EVALUATION.trykksaar_risiko.v1]/data[at0001]/items[at0002]/value","inputs":[{"suffix":"code","type":"CODED_TEXT","list":[{"value":"at0013","label":"Ja","localizedLabels":{"nb":"Ja"},"localizedDescriptions":{"nb":"*"}},{"value":"at0014","label":"Nei","localizedLabels":{"nb":"Nei"},"localizedDescriptions":{"nb":"*"}}]}],"formId":"hv_trykksaarrisikovurdering/trykksaar_risiko/har_pasienten_trykksår_ved_innleggelse_overflytting","viewConfig":{"annotations":{"select":"{#HT}"},"size":{"field":"inherit","label":"inherit","fill":"inherit"},"layout":{"field":{"valign":"inherit","align":"inherit"}},"datasource":{"loadRemote":false,"loadRemoteUrl":"","terminology":""},"field":{"code":{"presentation":"combobox"}}}},{"name":"Trenger pasienten hjelp til stillingsendring i stol og/ eller seng?","localizedName":"Trenger pasienten hjelp til stillingsendring i stol og/ eller seng?","rmType":"DV_CODED_TEXT","nodeId":"at0003","min":0,"max":1,"localizedNames":{"nb":"Trenger pasienten hjelp til stillingsendring i stol og/ eller seng?"},"localizedDescriptions":{"nb":"*"},"aqlPath":"/content[openEHR-EHR-EVALUATION.trykksaar_risiko.v1]/data[at0001]/items[at0003]/value","inputs":[{"suffix":"code","type":"CODED_TEXT","list":[{"value":"at0015","label":"Ja","localizedLabels":{"nb":"Ja"},"localizedDescriptions":{"nb":"*"}},{"value":"at0016","label":"Nei","localizedLabels":{"nb":"Nei"},"localizedDescriptions":{"nb":"*"}}]}],"formId":"hv_trykksaarrisikovurdering/trykksaar_risiko/trenger_pasienten_hjelp_til_stillingsendring_i_stol_og_eller_seng","viewConfig":{"annotations":{"select":"{#IR:/data[at0001]/items[at0003]/value}"},"size":{"field":"inherit","label":"inherit","fill":"inherit"},"layout":{"field":{"valign":"inherit","align":"inherit"}},"datasource":{"loadRemote":false,"loadRemoteUrl":"","terminology":""},"field":{"code":{"presentation":"combobox"}}}},{"name":"Tror du det er sannsynlig at pasienten kan utvikle trykksår under innleggelsen?","localizedName":"Tror du det er sannsynlig at pasienten kan utvikle trykksår under innleggelsen?","rmType":"DV_CODED_TEXT","nodeId":"at0004","min":0,"max":1,"localizedNames":{"nb":"Tror du det er sannsynlig at pasienten kan utvikle trykksår under innleggelsen?"},"localizedDescriptions":{"nb":"*"},"aqlPath":"/content[openEHR-EHR-EVALUATION.trykksaar_risiko.v1]/data[at0001]/items[at0004]/value","inputs":[{"suffix":"code","type":"CODED_TEXT","list":[{"value":"at0017","label":"Ja","localizedLabels":{"nb":"Ja"},"localizedDescriptions":{"nb":"*"}},{"value":"at0018","label":"Nei","localizedLabels":{"nb":"Nei"},"localizedDescriptions":{"nb":"*"}}]}],"formId":"hv_trykksaarrisikovurdering/trykksaar_risiko/tror_du_det_er_sannsynlig_at_pasienten_kan_utvikle_trykksår_under_innleggelsen","viewConfig":{"annotations":{"select":"{#IR:/data[at0001]/items[at0004]/value}"},"size":{"field":"inherit","label":"inherit","fill":"inherit"},"layout":{"field":{"valign":"inherit","align":"inherit"}},"datasource":{"loadRemote":false,"loadRemoteUrl":"","terminology":""},"field":{"code":{"presentation":"combobox"}}}},{"name":"Merknad:","localizedName":"Merknad:","rmType":"DV_TEXT","nodeId":"at0005","min":0,"max":1,"localizedNames":{"nb":"Merknad:"},"localizedDescriptions":{"nb":"Her kan man skrive en merknad"},"aqlPath":"/content[openEHR-EHR-EVALUATION.trykksaar_risiko.v1]/data[at0001]/items[at0005]/value","inputs":[{"type":"TEXT"}],"formId":"hv_trykksaarrisikovurdering/trykksaar_risiko/merknad","viewConfig":{"annotations":{"select":"{#IR:/data[at0001]/items[at0005]/value}"},"size":{"field":"inherit","label":"inherit","fill":"inherit"},"layout":{"field":{"valign":"inherit","align":"inherit"}},"datasource":{"loadRemote":false,"loadRemoteUrl":"","terminology":""},"field":{"input":{"presentation":"textfield"}}}}]},{"annotations":{"comment":"Generic input field used to add custom fields."},"inputs":[{"type":"TEXT"}],"localizedName":"[Pas.Alder]","localizedNames":{"nb":"Input"},"max":"1","min":"0","name":"[Pas.Alder]","rmType":"GENERIC_FIELD","formId":"generic-field-41916","viewConfig":{"annotations":{"TemplateVariable":"[Pas.Alder]"},"advanced":{"hidden":true,"readonly":false},"size":{"field":"inherit","label":"inherit","fill":"inherit"},"layout":{"label":{"valign":"inherit","align":"inherit"},"field":{"valign":"inherit","align":"inherit"}},"tags":[],"datasource":{"loadRemote":false,"loadRemoteUrl":"","terminology":""},"field":{"input":{"presentation":"textfield"}}}},{"name":"Klinisk vurdering","localizedName":"Klinisk vurdering","rmType":"CLUSTER","nodeId":"at0011","min":"1","max":"1","localizedNames":{"nb":"Klinisk vurdering"},"localizedDescriptions":{"nb":"*"},"aqlPath":"/content[openEHR-EHR-EVALUATION.trykksaar_risiko.v1]/data[at0001]/items[at0011]","formId":"hv_trykksaarrisikovurdering/trykksaar_risiko/klinisk_vurdering","viewConfig":{"advanced":{"hidden":false,"readonly":false,"render":false},"size":{"field":"inherit","label":"inherit","fill":"inherit"},"layout":{"label":{"valign":"inherit","align":"inherit"},"field":{"valign":"inherit","align":"inherit"}},"tags":[]},"children":[{"name":"Høy alder (>70 år)","localizedName":"Høy alder (>70 år)","rmType":"DV_BOOLEAN","nodeId":"at0032","min":"0","max":"1","localizedNames":{"nb":"Høy alder (>70 år)"},"localizedDescriptions":{"nb":"*"},"aqlPath":"/content[openEHR-EHR-EVALUATION.trykksaar_risiko.v1]/data[at0001]/items[at0011]/items[at0032]/value","inputs":[{"type":"BOOLEAN","defaultValue":false}],"formId":"hv_trykksaarrisikovurdering/trykksaar_risiko/klinisk_vurdering/høy_alder_70_år","viewConfig":{"advanced":{"hidden":false,"readonly":false},"size":{"field":"inherit","label":"inherit","fill":"inherit"},"layout":{"label":{"valign":"inherit","align":"inherit"},"field":{"valign":"inherit","align":"inherit"}},"tags":[],"datasource":{"loadRemote":false,"loadRemoteUrl":"","terminology":""},"field":{"input":{"threeState":false}}}},{"name":"Diabetes","localizedName":"Diabetes","rmType":"DV_BOOLEAN","nodeId":"at0031","min":0,"max":1,"localizedNames":{"nb":"Diabetes"},"localizedDescriptions":{"nb":"*"},"aqlPath":"/content[openEHR-EHR-EVALUATION.trykksaar_risiko.v1]/data[at0001]/items[at0011]/items[at0031]/value","inputs":[{"type":"BOOLEAN","defaultValue":false}],"formId":"hv_trykksaarrisikovurdering/trykksaar_risiko/klinisk_vurdering/diabetes","viewConfig":{"annotations":{"select":"{#IR:/data[at0001]/items[at0011]/items[at0031]/value}"},"size":{"field":"inherit","label":"inherit","fill":"inherit"},"layout":{"field":{"valign":"inherit","align":"inherit"}},"datasource":{"loadRemote":false,"loadRemoteUrl":"","terminology":""},"field":{"input":{"threeState":false}}}},{"name":"Underernæring","localizedName":"Underernæring","rmType":"DV_BOOLEAN","nodeId":"at0030","min":0,"max":1,"localizedNames":{"nb":"Underernæring"},"localizedDescriptions":{"nb":"*"},"aqlPath":"/content[openEHR-EHR-EVALUATION.trykksaar_risiko.v1]/data[at0001]/items[at0011]/items[at0030]/value","inputs":[{"type":"BOOLEAN","defaultValue":false}],"formId":"hv_trykksaarrisikovurdering/trykksaar_risiko/klinisk_vurdering/underernæring","viewConfig":{"annotations":{"select":"{#IR:/data[at0001]/items[at0011]/items[at0030]/value}"},"size":{"field":"inherit","label":"inherit","fill":"inherit"},"layout":{"field":{"valign":"inherit","align":"inherit"}},"datasource":{"loadRemote":false,"loadRemoteUrl":"","terminology":""},"field":{"input":{"threeState":false}}}},{"name":"Overvekt","localizedName":"Overvekt","rmType":"DV_BOOLEAN","nodeId":"at0029","min":0,"max":1,"localizedNames":{"nb":"Overvekt"},"localizedDescriptions":{"nb":"*"},"aqlPath":"/content[openEHR-EHR-EVALUATION.trykksaar_risiko.v1]/data[at0001]/items[at0011]/items[at0029]/value","inputs":[{"type":"BOOLEAN","defaultValue":false}],"formId":"hv_trykksaarrisikovurdering/trykksaar_risiko/klinisk_vurdering/overvekt","viewConfig":{"annotations":{"select":"{#IR:/data[at0001]/items[at0011]/items[at0029]/value}"},"size":{"field":"inherit","label":"inherit","fill":"inherit"},"layout":{"field":{"valign":"inherit","align":"inherit"}},"datasource":{"loadRemote":false,"loadRemoteUrl":"","terminology":""},"field":{"input":{"threeState":false}}}},{"name":"Respirasjon/sirkulasjonssykdom f.eks KOLS, hjertesvikt","localizedName":"Respirasjon/sirkulasjonssykdom f.eks KOLS, hjertesvikt","rmType":"DV_BOOLEAN","nodeId":"at0028","min":0,"max":1,"localizedNames":{"nb":"Respirasjon/sirkulasjonssykdom f.eks KOLS, hjertesvikt"},"localizedDescriptions":{"nb":"*"},"aqlPath":"/content[openEHR-EHR-EVALUATION.trykksaar_risiko.v1]/data[at0001]/items[at0011]/items[at0028]/value","inputs":[{"type":"BOOLEAN","defaultValue":false}],"formId":"hv_trykksaarrisikovurdering/trykksaar_risiko/klinisk_vurdering/respirasjon_sirkulasjonssykdom_f.eks_kols_hjertesvikt","viewConfig":{"annotations":{"select":"{#IR:/data[at0001]/items[at0011]/items[at0028]/value}"},"size":{"field":"inherit","label":"inherit","fill":"inherit"},"layout":{"field":{"valign":"inherit","align":"inherit"}},"datasource":{"loadRemote":false,"loadRemoteUrl":"","terminology":""},"field":{"input":{"threeState":false}}}},{"name":"Midlertidig immobil pga kirurgisk inngrep","localizedName":"Midlertidig immobil pga kirurgisk inngrep","rmType":"DV_BOOLEAN","nodeId":"at0027","min":0,"max":1,"localizedNames":{"nb":"Midlertidig immobil pga kirurgisk inngrep"},"localizedDescriptions":{"nb":"*"},"aqlPath":"/content[openEHR-EHR-EVALUATION.trykksaar_risiko.v1]/data[at0001]/items[at0011]/items[at0027]/value","inputs":[{"type":"BOOLEAN","defaultValue":false}],"formId":"hv_trykksaarrisikovurdering/trykksaar_risiko/klinisk_vurdering/midlertidig_immobil_pga_kirurgisk_inngrep","viewConfig":{"annotations":{"select":"{#IR:/data[at0001]/items[at0011]/items[at0027]/value}"},"size":{"field":"inherit","label":"inherit","fill":"inherit"},"layout":{"field":{"valign":"inherit","align":"inherit"}},"datasource":{"loadRemote":false,"loadRemoteUrl":"","terminology":""},"field":{"input":{"threeState":false}}}},{"name":"Kognitiv svikt, compliance","localizedName":"Kognitiv svikt, compliance","rmType":"DV_BOOLEAN","nodeId":"at0026","min":0,"max":1,"localizedNames":{"nb":"Kognitiv svikt, compliance"},"localizedDescriptions":{"nb":"*"},"aqlPath":"/content[openEHR-EHR-EVALUATION.trykksaar_risiko.v1]/data[at0001]/items[at0011]/items[at0026]/value","inputs":[{"type":"BOOLEAN","defaultValue":false}],"formId":"hv_trykksaarrisikovurdering/trykksaar_risiko/klinisk_vurdering/kognitiv_svikt_compliance","viewConfig":{"annotations":{"select":"{#IR:/data[at0001]/items[at0011]/items[at0026]/value}"},"size":{"field":"inherit","label":"inherit","fill":"inherit"},"layout":{"field":{"valign":"inherit","align":"inherit"}},"datasource":{"loadRemote":false,"loadRemoteUrl":"","terminology":""},"field":{"input":{"threeState":false}}}},{"name":"Beskriv risiko for trykksår","localizedName":"Beskriv risiko for trykksår","rmType":"DV_TEXT","nodeId":"at0019","min":"0","max":"1","localizedNames":{"nb":"Beskriv risiko for trykksår"},"localizedDescriptions":{"nb":"**(nb)"},"aqlPath":"/content[openEHR-EHR-EVALUATION.trykksaar_risiko.v1]/data[at0001]/items[at0011]/items[at0019]/value","inputs":[{"type":"TEXT"}],"formId":"hv_trykksaarrisikovurdering/trykksaar_risiko/klinisk_vurdering/beskriv_risiko_for_trykksår","viewConfig":{"advanced":{"hidden":false,"readonly":false},"size":{"field":"inherit","label":"inherit","fill":"inherit"},"layout":{"label":{"valign":"inherit","align":"top"},"field":{"valign":"inherit","align":"inherit"}},"tags":[],"datasource":{"loadRemote":false,"loadRemoteUrl":"","terminology":""},"annotations":{"select":"{#IR:/data[at0001]/items[at0011]/items[at0019]/value}"},"field":{"input":{"presentation":"textfield"}}}}]},{"localizedName":"Utvidet risikovurdering","localizedNames":{"nb":"Utvidet risikovurdering"},"min":"0","max":"1","name":"Utvidet risikovurdering","rmType":"GENERIC_FIELDSET","formId":"generic-field-48457","viewConfig":{"advanced":{"hidden":false,"readonly":false,"render":false},"size":{"field":"inherit","label":"inherit","fill":"inherit"},"layout":{"label":{"valign":"inherit","align":"top"},"field":{"valign":"inherit","align":"inherit"}},"tags":[]},"children":[{"name":"Velg verktøy for risikovurdering","localizedName":"Velg verktøy for risikovurdering","rmType":"DV_CODED_TEXT","nodeId":"at0021","min":"0","max":"1","localizedNames":{"nb":"Velg verktøy for risikovurdering"},"localizedDescriptions":{"nb":"*"},"aqlPath":"/content[openEHR-EHR-EVALUATION.trykksaar_risiko.v1]/data[at0001]/items[at0021]/value","inputs":[{"suffix":"code","type":"CODED_TEXT","list":[{"value":"at0023","label":"Braden","localizedLabels":{"nb":"Braden"},"localizedDescriptions":{"nb":"*"}},{"value":"at0025","label":"Modifisert Braden Q","localizedLabels":{"nb":"Modifisert Braden Q"},"localizedDescriptions":{"nb":"*"}},{"value":"at0024","label":"Neonatal Braden (NSRS)","localizedLabels":{"nb":"Neonatal Braden (NSRS)"},"localizedDescriptions":{"nb":"*"}}]}],"formId":"hv_trykksaarrisikovurdering/trykksaar_risiko/velg_verktøy_for_risikovurdering","viewConfig":{"advanced":{"hidden":true,"readonly":false},"size":{"field":"inherit","label":"inherit","fill":"inherit"},"layout":{"label":{"valign":"inherit","align":"inherit"},"field":{"valign":"inherit","align":"inherit"}},"tags":[],"datasource":{"loadRemote":false,"loadRemoteUrl":"","terminology":""},"field":{"code":{"presentation":"combobox"}}}},{"name":"Braden Scale","localizedName":"Braden Scale","rmType":"OBSERVATION","nodeId":"openEHR-EHR-OBSERVATION.braden_scale.v1","min":"0","max":"1","localizedNames":{"nb":"Braden Scale"},"localizedDescriptions":{"nb":"The Braden Scale for Predicting Pressure Sore Risk is a tool used to assess the risk of pressure ulcer development in adults and children over the age of five years."},"aqlPath":"/content[openEHR-EHR-OBSERVATION.braden_scale.v1]","inputs":[{"type":"TEXT"}],"formId":"hv_trykksaarrisikovurdering/braden_scale","viewConfig":{"advanced":{"hidden":false,"readonly":false},"size":{"field":"inherit","label":"inherit","fill":"inherit"},"layout":{"label":{"valign":"inherit","align":"inherit"},"field":{"valign":"inherit","align":"inherit"}},"tags":["ForceMinMultiplicity"],"datasource":{"loadRemote":false,"loadRemoteUrl":"","terminology":""}},"children":[{"name":"Sensory perception","localizedName":"Sensory perception","rmType":"DV_ORDINAL","nodeId":"at0004","min":0,"max":1,"localizedNames":{"nb":"Sensory perception"},"localizedDescriptions":{"nb":"Ability to respond meaningfully to pressure-related discomfort."},"aqlPath":"/content[openEHR-EHR-OBSERVATION.braden_scale.v1]/data[at0001]/events[at0002]/data[at0003]/items[at0004]/value","inputs":[{"type":"CODED_TEXT","list":[{"value":"at0005","label":"Completely limited","localizedLabels":{"nb":"Completely limited"},"localizedDescriptions":{"nb":"Unresponsive (does not moan, flinch, or grasp) to painful stimuli, due to diminished level of consciousness or sedation. OR limited ability to feel pain over most of body."},"ordinal":1},{"value":"at0006","label":"Very limited","localizedLabels":{"nb":"Very limited"},"localizedDescriptions":{"nb":"Responds only to painful stimuli. Cannot communicate discomfort except by moaning or restlessness. OR has a sensory impairment which limits the ability to feel pain or discomfort over 1/2 of body."},"ordinal":2},{"value":"at0007","label":"Slightly limited","localizedLabels":{"nb":"Slightly limited"},"localizedDescriptions":{"nb":"Responds to verbal commands, but cannot always communicate discomfort or the need to be turned. OR has some sensory impairment which limits ability to feel pain or discomfort in 1 or 2 extremities."},"ordinal":3},{"value":"at0008","label":"No impairment","localizedLabels":{"nb":"No impairment"},"localizedDescriptions":{"nb":"Responds to verbal commands. Has no sensory deficit which would limit ability to feel or voice pain or discomfort."},"ordinal":4}]}],"formId":"hv_trykksaarrisikovurdering/braden_scale/sensory_perception","viewConfig":{"annotations":{"CalcId":"BSsensoryPerception"},"size":{"field":"inherit","label":"inherit","fill":"inherit"},"layout":{"field":{"valign":"inherit","align":"inherit"}},"datasource":{"loadRemote":false,"loadRemoteUrl":"","terminology":""},"field":{"input":{"presentation":"combobox"}}}},{"name":"Moisture","localizedName":"Moisture","rmType":"DV_ORDINAL","nodeId":"at0009","min":0,"max":1,"localizedNames":{"nb":"Moisture"},"localizedDescriptions":{"nb":"Degree to which skin is exposed to moisture."},"aqlPath":"/content[openEHR-EHR-OBSERVATION.braden_scale.v1]/data[at0001]/events[at0002]/data[at0003]/items[at0009]/value","inputs":[{"type":"CODED_TEXT","list":[{"value":"at0015","label":"Constantly moist","localizedLabels":{"nb":"Constantly moist"},"localizedDescriptions":{"nb":"Skin is kept moist almost constantly by perspiration, urine etc.  Dampness is detected every time patient is moved or turned."},"ordinal":1},{"value":"at0016","label":"Very moist","localizedLabels":{"nb":"Very moist"},"localizedDescriptions":{"nb":"Skin is often, but not always moist.  Linen must be changed at least once a shift. OR  as often as 3 times in 24 hours at home."},"ordinal":2},{"value":"at0017","label":"Occasionally moist","localizedLabels":{"nb":"Occasionally moist"},"localizedDescriptions":{"nb":"Skin is occasionally moist, requiring an extra linen change approximately once a day."},"ordinal":3},{"value":"at0018","label":"Rarely moist","localizedLabels":{"nb":"Rarely moist"},"localizedDescriptions":{"nb":"Skin is usually dry, linen only requires changing at routine intervals."},"ordinal":4}]}],"formId":"hv_trykksaarrisikovurdering/braden_scale/moisture","viewConfig":{"annotations":{"CalcId":"BSmoisture"},"size":{"field":"inherit","label":"inherit","fill":"inherit"},"layout":{"field":{"valign":"inherit","align":"inherit"}},"datasource":{"loadRemote":false,"loadRemoteUrl":"","terminology":""},"field":{"input":{"presentation":"combobox"}}}},{"name":"Activity","localizedName":"Activity","rmType":"DV_ORDINAL","nodeId":"at0010","min":0,"max":1,"localizedNames":{"nb":"Activity"},"localizedDescriptions":{"nb":"Degree of physical ability."},"aqlPath":"/content[openEHR-EHR-OBSERVATION.braden_scale.v1]/data[at0001]/events[at0002]/data[at0003]/items[at0010]/value","inputs":[{"type":"CODED_TEXT","list":[{"value":"at0011","label":"Bedfast","localizedLabels":{"nb":"Bedfast"},"localizedDescriptions":{"nb":"Confined to bed."},"ordinal":1},{"value":"at0012","label":"Chairfast","localizedLabels":{"nb":"Chairfast"},"localizedDescriptions":{"nb":"Ability to walk severely limited or non-existent.  Cannot bear own weight and/or must be assisted into chair or wheelchair."},"ordinal":2},{"value":"at0013","label":"Walks occasionally","localizedLabels":{"nb":"Walks occasionally"},"localizedDescriptions":{"nb":"Walks occasionally during day, but for very short distances, with or without assistance.  Spends majority of each shift in bed or chair. OR spends majority of each day at home in bed or chair."},"ordinal":3},{"value":"at0014","label":"Walks frequently","localizedLabels":{"nb":"Walks frequently"},"localizedDescriptions":{"nb":"Walks outside room at least twice a day and inside room at least once every two hours during waking hours."},"ordinal":4}]}],"formId":"hv_trykksaarrisikovurdering/braden_scale/activity","viewConfig":{"annotations":{"CalcId":"BSactivity"},"size":{"field":"inherit","label":"inherit","fill":"inherit"},"layout":{"field":{"valign":"inherit","align":"inherit"}},"datasource":{"loadRemote":false,"loadRemoteUrl":"","terminology":""},"field":{"input":{"presentation":"combobox"}}}},{"name":"Mobility","localizedName":"Mobility","rmType":"DV_ORDINAL","nodeId":"at0019","min":0,"max":1,"localizedNames":{"nb":"Mobility"},"localizedDescriptions":{"nb":"Ability to change and control body position."},"aqlPath":"/content[openEHR-EHR-OBSERVATION.braden_scale.v1]/data[at0001]/events[at0002]/data[at0003]/items[at0019]/value","inputs":[{"type":"CODED_TEXT","list":[{"value":"at0026","label":"Completely immobile","localizedLabels":{"nb":"Completely immobile"},"localizedDescriptions":{"nb":"Does not make even slight changes in body or extremity position without assistance."},"ordinal":1},{"value":"at0027","label":"Very limited","localizedLabels":{"nb":"Very limited"},"localizedDescriptions":{"nb":"Makes occasional slight changes in body or extremity position but unable to make frequent or significant changes independently."},"ordinal":2},{"value":"at0028","label":"Slightly limited","localizedLabels":{"nb":"Slightly limited"},"localizedDescriptions":{"nb":"Makes frequent though slight changes in body or extremity position independently."},"ordinal":3},{"value":"at0029","label":"No limitation","localizedLabels":{"nb":"No limitation"},"localizedDescriptions":{"nb":"Makes major and frequent changes in position without assistance."},"ordinal":4}]}],"formId":"hv_trykksaarrisikovurdering/braden_scale/mobility","viewConfig":{"annotations":{"CalcId":"BSmobility"},"size":{"field":"inherit","label":"inherit","fill":"inherit"},"layout":{"field":{"valign":"inherit","align":"inherit"}},"datasource":{"loadRemote":false,"loadRemoteUrl":"","terminology":""},"field":{"input":{"presentation":"combobox"}}}},{"name":"Nutrition","localizedName":"Nutrition","rmType":"DV_ORDINAL","nodeId":"at0020","min":0,"max":1,"localizedNames":{"nb":"Nutrition"},"localizedDescriptions":{"nb":"Usual food intake pattern."},"aqlPath":"/content[openEHR-EHR-OBSERVATION.braden_scale.v1]/data[at0001]/events[at0002]/data[at0003]/items[at0020]/value","inputs":[{"type":"CODED_TEXT","list":[{"value":"at0030","label":"Very poor","localizedLabels":{"nb":"Very poor"},"localizedDescriptions":{"nb":"Never eats a complete meal. Rarely eats more than a 1/3 of any food offered. Eats 2 servings or less of protein (meat or dairy products) per day. Takes fluids poorly. Does not take a liquid dietary supplement. OR is NPO and/or maintained on clear liquids or IV's for more than 5 days."},"ordinal":1},{"value":"at0031","label":"Probably inadequate","localizedLabels":{"nb":"Probably inadequate"},"localizedDescriptions":{"nb":"Rarely eats a complete meal and generally eats only about 1/2 of any food offered. Protein intake includes only 3 servings of meat or dairy products per day. Occasionally will take a dietary supplement. OR  receives less than optimum amount of liquid diet or tube feeding."},"ordinal":2},{"value":"at0032","label":"Adequate","localizedLabels":{"nb":"Adequate"},"localizedDescriptions":{"nb":"Eats over half of most meals. Eats a total of 4 servings of protein (meat, dairy products per day. Occasionally will refuse a meal, but will usually take a supplement when offered  OR  is on a tube feeding or TPN regimen which probably meets most of their nutritional needs."},"ordinal":3},{"value":"at0033","label":"Excellent","localizedLabels":{"nb":"Excellent"},"localizedDescriptions":{"nb":"Eats most of every meal. Never refuses a meal. Usually eats a total of 4 or more servings of meat and dairy products. Occasionally eats between meals. Does not require supplementation."},"ordinal":4}]}],"formId":"hv_trykksaarrisikovurdering/braden_scale/nutrition","viewConfig":{"annotations":{"CalcId":"BSnutrition"},"size":{"field":"inherit","label":"inherit","fill":"inherit"},"layout":{"field":{"valign":"inherit","align":"inherit"}},"datasource":{"loadRemote":false,"loadRemoteUrl":"","terminology":""},"field":{"input":{"presentation":"combobox"}}}},{"name":"Friction and shear","localizedName":"Friction and shear","rmType":"DV_ORDINAL","nodeId":"at0021","min":0,"max":1,"localizedNames":{"nb":"Friction and shear"},"localizedDescriptions":{"nb":"Friction occurs when skin moves against support surfaces.  Shear occurs when skin and adjacent bony surface slide across one another."},"aqlPath":"/content[openEHR-EHR-OBSERVATION.braden_scale.v1]/data[at0001]/events[at0002]/data[at0003]/items[at0021]/value","inputs":[{"type":"CODED_TEXT","list":[{"value":"at0023","label":"Problem","localizedLabels":{"nb":"Problem"},"localizedDescriptions":{"nb":"Requires moderate to maximum assistance in moving. Complete lifting without sliding against sheets is impossible. Frequently slides down in bed or chair, requiring frequent repositioning with maximum assistance. Spasticity, contractures or agitation leads to almost constant friction."},"ordinal":1},{"value":"at0024","label":"Potential problem","localizedLabels":{"nb":"Potential problem"},"localizedDescriptions":{"nb":"Moves feebly or requires minimum assistance. During a move skin probably slides to some extent against sheets, chair, restraints or other devices. Maintains relatively good position in chair or bed most of the time but occasionally slides down."},"ordinal":2},{"value":"at0025","label":"No apparent problem","localizedLabels":{"nb":"No apparent problem"},"localizedDescriptions":{"nb":"Moves in bed and in chair independently and has sufficient muscle strength to lift up completely during move.  Maintains good position in bed or chair."},"ordinal":3}]}],"formId":"hv_trykksaarrisikovurdering/braden_scale/friction_and_shear","viewConfig":{"annotations":{"CalcId":"BSfrictionShear"},"size":{"field":"inherit","label":"inherit","fill":"inherit"},"layout":{"field":{"valign":"inherit","align":"inherit"}},"datasource":{"loadRemote":false,"loadRemoteUrl":"","terminology":""},"field":{"input":{"presentation":"combobox"}}}},{"name":"Comment","localizedName":"Comment","rmType":"DV_TEXT","nodeId":"at0034","min":0,"max":1,"localizedNames":{"nb":"Comment"},"localizedDescriptions":{"nb":"An additional comment about use of the Braden scale."},"aqlPath":"/content[openEHR-EHR-OBSERVATION.braden_scale.v1]/data[at0001]/events[at0002]/data[at0003]/items[at0034]/value","inputs":[{"type":"TEXT"}],"formId":"hv_trykksaarrisikovurdering/braden_scale/comment","viewConfig":{"size":{"field":"inherit","label":"inherit","fill":"inherit"},"layout":{"field":{"valign":"inherit","align":"inherit"}},"datasource":{"loadRemote":false,"loadRemoteUrl":"","terminology":""},"field":{"input":{"presentation":"textfield"}}}},{"name":"Braden total score","localizedName":"Braden total score","rmType":"DV_COUNT","nodeId":"at0022","min":0,"max":1,"localizedNames":{"nb":"Braden total score"},"localizedDescriptions":{"nb":"Total score based upon addition of all sub-scores that determines the patient's overall risk for developing a pressure ulcer."},"aqlPath":"/content[openEHR-EHR-OBSERVATION.braden_scale.v1]/data[at0001]/events[at0002]/data[at0003]/items[at0022]/value","inputs":[{"type":"INTEGER","validation":{"range":{"minOp":">=","min":6,"maxOp":"<=","max":23}}}],"formId":"hv_trykksaarrisikovurdering/braden_scale/braden_total_score","viewConfig":{"annotations":{"CalcId":"BStotalScore","calc":"BSsensoryPerception+BSmoisture+BSactivity+BSmobility+BSnutrition+BSfrictionShear"},"size":{"field":"inherit","label":"inherit","fill":"inherit"},"layout":{"field":{"valign":"inherit","align":"inherit"}},"datasource":{"loadRemote":false,"loadRemoteUrl":"","terminology":""}}},{"name":"Braden risk grade","localizedName":"Braden risk grade","rmType":"DV_ORDINAL","nodeId":"at0035","min":0,"max":1,"localizedNames":{"nb":"Braden risk grade"},"localizedDescriptions":{"nb":"A graded risk score based upon addition of all sub-scores that determines the patient's overall risk for developing a pressure ulcer."},"aqlPath":"/content[openEHR-EHR-OBSERVATION.braden_scale.v1]/data[at0001]/events[at0002]/data[at0003]/items[at0035]/value","inputs":[{"type":"CODED_TEXT","list":[{"value":"at0036","label":"No Risk  : score 19 or higher","localizedLabels":{"nb":"No Risk  : score 19 or higher"},"localizedDescriptions":{"nb":"No risk for developing a pressure ulcer in an adult patient."},"ordinal":0},{"value":"at0037","label":"At Risk : score 15-18","localizedLabels":{"nb":"At Risk : score 15-18"},"localizedDescriptions":{"nb":"At risk for developing pressure ulcers and a prevention protocol should be initiated."},"ordinal":1},{"value":"at0038","label":"Moderate Risk : score 13-14","localizedLabels":{"nb":"Moderate Risk : score 13-14"},"localizedDescriptions":{"nb":"At moderate risk for developing pressure ulcers and a prevention protocol should be initiated."},"ordinal":2},{"value":"at0039","label":"High Risk : score 10-12","localizedLabels":{"nb":"High Risk : score 10-12"},"localizedDescriptions":{"nb":"At high risk for developing pressure ulcers and an aggressive prevention protocol should be initiated."},"ordinal":3},{"value":"at0040","label":"Severe Risk : score 9 or below","localizedLabels":{"nb":"Severe Risk : score 9 or below"},"localizedDescriptions":{"nb":"At extreme risk for developing pressure ulcers and an aggressive prevention protocol should be initiated."},"ordinal":4}]}],"formId":"hv_trykksaarrisikovurdering/braden_scale/braden_risk_grade","viewConfig":{"size":{"field":"inherit","label":"inherit","fill":"inherit"},"layout":{"field":{"valign":"inherit","align":"inherit"}},"datasource":{"loadRemote":false,"loadRemoteUrl":"","terminology":""},"field":{"input":{"presentation":"combobox"}}}}]},{"name":"Modified Braden Q Scale","localizedName":"Modified Braden Q Scale","rmType":"OBSERVATION","nodeId":"openEHR-EHR-OBSERVATION.braden_scale-child.v1","min":"0","max":"1","localizedNames":{"nb":"Modified Braden Q Scale"},"localizedDescriptions":{"nb":"The Modified Braden Q Scale for paediatric use."},"aqlPath":"/content[openEHR-EHR-OBSERVATION.braden_scale-child.v1]","inputs":[{"type":"TEXT"}],"formId":"hv_trykksaarrisikovurdering/modified_braden_q_scale","viewConfig":{"advanced":{"hidden":true,"readonly":false},"size":{"field":"inherit","label":"inherit","fill":"inherit"},"layout":{"label":{"valign":"inherit","align":"inherit"},"field":{"valign":"inherit","align":"inherit"}},"tags":[],"datasource":{"loadRemote":false,"loadRemoteUrl":"","terminology":""}},"children":[{"name":"Sensory perception","localizedName":"Sensory perception","rmType":"DV_ORDINAL","nodeId":"at0004","min":0,"max":1,"localizedNames":{"nb":"Sensory perception"},"localizedDescriptions":{"nb":"Ability to respond meaningfully to pressure-related discomfort."},"aqlPath":"/content[openEHR-EHR-OBSERVATION.braden_scale-child.v1]/data[at0001]/events[at0002]/data[at0003]/items[at0004]/value","inputs":[{"type":"CODED_TEXT","list":[{"value":"at0005","label":"Completely limited","localizedLabels":{"nb":"Completely limited"},"localizedDescriptions":{"nb":"Unresponsive (does not moan, flinch, or grasp) to painful stimuli, due to diminished level of consciousness or sedation. OR limited ability to feel pain over most of body."},"ordinal":1},{"value":"at0006","label":"Very limited","localizedLabels":{"nb":"Very limited"},"localizedDescriptions":{"nb":"Responds only to painful stimuli. Cannot communicate discomfort except by moaning or restlessness. OR has a sensory impairment which limits the ability to feel pain or discomfort over 1/2 of body."},"ordinal":2},{"value":"at0007","label":"Slightly limited","localizedLabels":{"nb":"Slightly limited"},"localizedDescriptions":{"nb":"Responds to verbal commands, but cannot always communicate discomfort or the need to be turned. OR has some sensory impairment which limits ability to feel pain or discomfort in 1 or 2 extremities."},"ordinal":3},{"value":"at0008","label":"No impairment","localizedLabels":{"nb":"No impairment"},"localizedDescriptions":{"nb":"Responds to verbal commands. Has no sensory deficit which would limit ability to feel or voice pain or discomfort."},"ordinal":4}]}],"formId":"hv_trykksaarrisikovurdering/modified_braden_q_scale/sensory_perception","viewConfig":{"size":{"field":"inherit","label":"inherit","fill":"inherit"},"layout":{"field":{"valign":"inherit","align":"inherit"}},"datasource":{"loadRemote":false,"loadRemoteUrl":"","terminology":""},"field":{"input":{"presentation":"combobox"}}}},{"name":"Moisture","localizedName":"Moisture","rmType":"DV_ORDINAL","nodeId":"at0009","min":0,"max":1,"localizedNames":{"nb":"Moisture"},"localizedDescriptions":{"nb":"Degree to which skin is exposed to moisture."},"aqlPath":"/content[openEHR-EHR-OBSERVATION.braden_scale-child.v1]/data[at0001]/events[at0002]/data[at0003]/items[at0009]/value","inputs":[{"type":"CODED_TEXT","list":[{"value":"at0015","label":"Constantly moist","localizedLabels":{"nb":"Constantly moist"},"localizedDescriptions":{"nb":"Skin is kept moist almost constantly by perspiration, urine etc.  Dampness is detected every time patient is moved or turned."},"ordinal":1},{"value":"at0016","label":"Very moist","localizedLabels":{"nb":"Very moist"},"localizedDescriptions":{"nb":"Skin is often, but not always moist.  Linen must be changed at least once a shift. OR  as often as 3 times in 24 hours at home."},"ordinal":2},{"value":"at0017","label":"Occasionally moist","localizedLabels":{"nb":"Occasionally moist"},"localizedDescriptions":{"nb":"Skin is occasionally moist, requiring an extra linen change approximately once a day."},"ordinal":3},{"value":"at0018","label":"Rarely moist","localizedLabels":{"nb":"Rarely moist"},"localizedDescriptions":{"nb":"Skin is usually dry, linen only requires changing at routine intervals."},"ordinal":4}]}],"formId":"hv_trykksaarrisikovurdering/modified_braden_q_scale/moisture","viewConfig":{"size":{"field":"inherit","label":"inherit","fill":"inherit"},"layout":{"field":{"valign":"inherit","align":"inherit"}},"datasource":{"loadRemote":false,"loadRemoteUrl":"","terminology":""},"field":{"input":{"presentation":"combobox"}}}},{"name":"Activity","localizedName":"Activity","rmType":"DV_ORDINAL","nodeId":"at0010","min":0,"max":1,"localizedNames":{"nb":"Activity"},"localizedDescriptions":{"nb":"Degree of physical ability."},"aqlPath":"/content[openEHR-EHR-OBSERVATION.braden_scale-child.v1]/data[at0001]/events[at0002]/data[at0003]/items[at0010]/value","inputs":[{"type":"CODED_TEXT","list":[{"value":"at0011","label":"Bedfast","localizedLabels":{"nb":"Bedfast"},"localizedDescriptions":{"nb":"Confined to bed."},"ordinal":1},{"value":"at0012","label":"Chairfast","localizedLabels":{"nb":"Chairfast"},"localizedDescriptions":{"nb":"Ability to walk severely limited or non-existent.  Cannot bear own weight and/or must be assisted into chair or wheelchair."},"ordinal":2},{"value":"at0013","label":"Walks occasionally","localizedLabels":{"nb":"Walks occasionally"},"localizedDescriptions":{"nb":"Walks occasionally during day, but for very short distances, with or without assistance.  Spends majority of each shift in bed or chair. OR spends majority of each day at home in bed or chair."},"ordinal":3},{"value":"at0014","label":"Walks frequently","localizedLabels":{"nb":"Walks frequently"},"localizedDescriptions":{"nb":"Walks outside room at least twice a day and inside room at least once every two hours during waking hours."},"ordinal":4}]}],"formId":"hv_trykksaarrisikovurdering/modified_braden_q_scale/activity","viewConfig":{"size":{"field":"inherit","label":"inherit","fill":"inherit"},"layout":{"field":{"valign":"inherit","align":"inherit"}},"datasource":{"loadRemote":false,"loadRemoteUrl":"","terminology":""},"field":{"input":{"presentation":"combobox"}}}},{"name":"Mobility","localizedName":"Mobility","rmType":"DV_ORDINAL","nodeId":"at0019","min":0,"max":1,"localizedNames":{"nb":"Mobility"},"localizedDescriptions":{"nb":"Ability to change and control body position."},"aqlPath":"/content[openEHR-EHR-OBSERVATION.braden_scale-child.v1]/data[at0001]/events[at0002]/data[at0003]/items[at0019]/value","inputs":[{"type":"CODED_TEXT","list":[{"value":"at0026","label":"Completely immobile","localizedLabels":{"nb":"Completely immobile"},"localizedDescriptions":{"nb":"Does not make even slight changes in body or extremity position without assistance."},"ordinal":1},{"value":"at0027","label":"Very limited","localizedLabels":{"nb":"Very limited"},"localizedDescriptions":{"nb":"Makes occasional slight changes in body or extremity position but unable to make frequent or significant changes independently."},"ordinal":2},{"value":"at0028","label":"Slightly limited","localizedLabels":{"nb":"Slightly limited"},"localizedDescriptions":{"nb":"Makes frequent though slight changes in body or extremity position independently."},"ordinal":3},{"value":"at0029","label":"No limitation","localizedLabels":{"nb":"No limitation"},"localizedDescriptions":{"nb":"Makes major and frequent changes in position without assistance."},"ordinal":4}]}],"formId":"hv_trykksaarrisikovurdering/modified_braden_q_scale/mobility","viewConfig":{"size":{"field":"inherit","label":"inherit","fill":"inherit"},"layout":{"field":{"valign":"inherit","align":"inherit"}},"datasource":{"loadRemote":false,"loadRemoteUrl":"","terminology":""},"field":{"input":{"presentation":"combobox"}}}},{"name":"Nutrition","localizedName":"Nutrition","rmType":"DV_ORDINAL","nodeId":"at0020","min":0,"max":1,"localizedNames":{"nb":"Nutrition"},"localizedDescriptions":{"nb":"Usual food intake pattern."},"aqlPath":"/content[openEHR-EHR-OBSERVATION.braden_scale-child.v1]/data[at0001]/events[at0002]/data[at0003]/items[at0020]/value","inputs":[{"type":"CODED_TEXT","list":[{"value":"at0030","label":"Very poor","localizedLabels":{"nb":"Very poor"},"localizedDescriptions":{"nb":"Never eats a complete meal. Rarely eats more than a 1/3 of any food offered. Eats 2 servings or less of protein (meat or dairy products) per day. Takes fluids poorly. Does not take a liquid dietary supplement. OR is NPO and/or maintained on clear liquids or IV's for more than 5 days."},"ordinal":1},{"value":"at0031","label":"Probably inadequate","localizedLabels":{"nb":"Probably inadequate"},"localizedDescriptions":{"nb":"Rarely eats a complete meal and generally eats only about 1/2 of any food offered. Protein intake includes only 3 servings of meat or dairy products per day. Occasionally will take a dietary supplement. OR  receives less than optimum amount of liquid diet or tube feeding."},"ordinal":2},{"value":"at0032","label":"Adequate","localizedLabels":{"nb":"Adequate"},"localizedDescriptions":{"nb":"Eats over half of most meals. Eats a total of 4 servings of protein (meat, dairy products per day. Occasionally will refuse a meal, but will usually take a supplement when offered  OR  is on a tube feeding or TPN regimen which probably meets most of their nutritional needs."},"ordinal":3},{"value":"at0033","label":"Excellent","localizedLabels":{"nb":"Excellent"},"localizedDescriptions":{"nb":"Eats most of every meal. Never refuses a meal. Usually eats a total of 4 or more servings of meat and dairy products. Occasionally eats between meals. Does not require supplementation."},"ordinal":4}]}],"formId":"hv_trykksaarrisikovurdering/modified_braden_q_scale/nutrition","viewConfig":{"size":{"field":"inherit","label":"inherit","fill":"inherit"},"layout":{"field":{"valign":"inherit","align":"inherit"}},"datasource":{"loadRemote":false,"loadRemoteUrl":"","terminology":""},"field":{"input":{"presentation":"combobox"}}}},{"name":"Friction and shear","localizedName":"Friction and shear","rmType":"DV_ORDINAL","nodeId":"at0021","min":0,"max":1,"localizedNames":{"nb":"Friction and shear"},"localizedDescriptions":{"nb":"Friction occurs when skin moves against support surfaces.  Shear occurs when skin and adjacent bony surface slide across one another."},"aqlPath":"/content[openEHR-EHR-OBSERVATION.braden_scale-child.v1]/data[at0001]/events[at0002]/data[at0003]/items[at0021]/value","inputs":[{"type":"CODED_TEXT","list":[{"value":"at0023","label":"Problem","localizedLabels":{"nb":"Problem"},"localizedDescriptions":{"nb":"Requires moderate to maximum assistance in moving. Complete lifting without sliding against sheets is impossible. Frequently slides down in bed or chair, requiring frequent repositioning with maximum assistance. Spasticity, contractures or agitation leads to almost constant friction."},"ordinal":1},{"value":"at0024","label":"Potential problem","localizedLabels":{"nb":"Potential problem"},"localizedDescriptions":{"nb":"Moves feebly or requires minimum assistance. During a move skin probably slides to some extent against sheets, chair, restraints or other devices. Maintains relatively good position in chair or bed most of the time but occasionally slides down."},"ordinal":2},{"value":"at0025","label":"No apparent problem","localizedLabels":{"nb":"No apparent problem"},"localizedDescriptions":{"nb":"Moves in bed and in chair independently and has sufficient muscle strength to lift up completely during move.  Maintains good position in bed or chair."},"ordinal":3}]}],"formId":"hv_trykksaarrisikovurdering/modified_braden_q_scale/friction_and_shear","viewConfig":{"size":{"field":"inherit","label":"inherit","fill":"inherit"},"layout":{"field":{"valign":"inherit","align":"inherit"}},"datasource":{"loadRemote":false,"loadRemoteUrl":"","terminology":""},"field":{"input":{"presentation":"combobox"}}}},{"name":"Comment","localizedName":"Comment","rmType":"DV_TEXT","nodeId":"at0034","min":0,"max":1,"localizedNames":{"nb":"Comment"},"localizedDescriptions":{"nb":"An additional comment about use of the Braden scale."},"aqlPath":"/content[openEHR-EHR-OBSERVATION.braden_scale-child.v1]/data[at0001]/events[at0002]/data[at0003]/items[at0034]/value","inputs":[{"type":"TEXT"}],"formId":"hv_trykksaarrisikovurdering/modified_braden_q_scale/comment","viewConfig":{"size":{"field":"inherit","label":"inherit","fill":"inherit"},"layout":{"field":{"valign":"inherit","align":"inherit"}},"datasource":{"loadRemote":false,"loadRemoteUrl":"","terminology":""},"field":{"input":{"presentation":"textfield"}}}},{"name":"Braden total score","localizedName":"Braden total score","rmType":"DV_COUNT","nodeId":"at0022","min":0,"max":1,"localizedNames":{"nb":"Braden total score"},"localizedDescriptions":{"nb":"Total score based upon addition of all sub-scores that determines the patient's overall risk for developing a pressure ulcer."},"aqlPath":"/content[openEHR-EHR-OBSERVATION.braden_scale-child.v1]/data[at0001]/events[at0002]/data[at0003]/items[at0022]/value","inputs":[{"type":"INTEGER","validation":{"range":{"minOp":">=","min":6,"maxOp":"<=","max":20}}}],"formId":"hv_trykksaarrisikovurdering/modified_braden_q_scale/braden_total_score","viewConfig":{"size":{"field":"inherit","label":"inherit","fill":"inherit"},"layout":{"field":{"valign":"inherit","align":"inherit"}},"datasource":{"loadRemote":false,"loadRemoteUrl":"","terminology":""}}},{"name":"Braden risk grade","localizedName":"Braden risk grade","rmType":"DV_ORDINAL","nodeId":"at0035","min":0,"max":1,"localizedNames":{"nb":"Braden risk grade"},"localizedDescriptions":{"nb":"A graded risk score based upon addition of all sub-scores that determines the patient's overall risk for developing a pressure ulcer."},"aqlPath":"/content[openEHR-EHR-OBSERVATION.braden_scale-child.v1]/data[at0001]/events[at0002]/data[at0003]/items[at0035]/value","inputs":[{"type":"CODED_TEXT","list":[{"value":"at0036","label":"No Risk  : score 19 or higher","localizedLabels":{"nb":"No Risk  : score 19 or higher"},"localizedDescriptions":{"nb":"No risk for developing a pressure ulcer in an adult patient."},"ordinal":0},{"value":"at0037","label":"At Risk : score 15-18","localizedLabels":{"nb":"At Risk : score 15-18"},"localizedDescriptions":{"nb":"At risk for developing pressure ulcers and a prevention protocol should be initiated."},"ordinal":1},{"value":"at0038","label":"Moderate Risk : score 13-14","localizedLabels":{"nb":"Moderate Risk : score 13-14"},"localizedDescriptions":{"nb":"At moderate risk for developing pressure ulcers and a prevention protocol should be initiated."},"ordinal":2},{"value":"at0039","label":"High Risk : score 10-12","localizedLabels":{"nb":"High Risk : score 10-12"},"localizedDescriptions":{"nb":"At high risk for developing pressure ulcers and an aggressive prevention protocol should be initiated."},"ordinal":3},{"value":"at0040","label":"Severe Risk : score 9 or below","localizedLabels":{"nb":"Severe Risk : score 9 or below"},"localizedDescriptions":{"nb":"At extreme risk for developing pressure ulcers and an aggressive prevention protocol should be initiated."},"ordinal":4}]}],"formId":"hv_trykksaarrisikovurdering/modified_braden_q_scale/braden_risk_grade","viewConfig":{"size":{"field":"inherit","label":"inherit","fill":"inherit"},"layout":{"field":{"valign":"inherit","align":"inherit"}},"datasource":{"loadRemote":false,"loadRemoteUrl":"","terminology":""},"field":{"input":{"presentation":"combobox"}}}}]},{"name":"Neonatal Braden scale (NSRAS)","localizedName":"Neonatal Braden scale (NSRAS)","rmType":"OBSERVATION","nodeId":"openEHR-EHR-OBSERVATION.braden_scale_neonate.v1","min":"0","max":"1","localizedNames":{"nb":"Neonatal Braden scale (NSRAS)"},"localizedDescriptions":{"nb":"Neonatal Skin Risk Assessment Scale (NSRAS), an instrument to assess neonates at risk for skin breakdown, based on the Braden Scale for Predicting Pressure Sore Risk in adults."},"aqlPath":"/content[openEHR-EHR-OBSERVATION.braden_scale_neonate.v1]","inputs":[{"type":"TEXT"}],"formId":"hv_trykksaarrisikovurdering/neonatal_braden_scale_nsras","viewConfig":{"advanced":{"hidden":true,"readonly":false},"size":{"field":"inherit","label":"inherit","fill":"inherit"},"layout":{"label":{"valign":"inherit","align":"inherit"},"field":{"valign":"inherit","align":"inherit"}},"tags":[],"datasource":{"loadRemote":false,"loadRemoteUrl":"","terminology":""}},"children":[{"name":"General physical condition","localizedName":"General physical condition","rmType":"DV_ORDINAL","nodeId":"at0011","min":0,"max":1,"localizedNames":{"nb":"General physical condition"},"localizedDescriptions":{"nb":"An assessment of general condition, based on gestational age."},"aqlPath":"/content[openEHR-EHR-OBSERVATION.braden_scale_neonate.v1]/data[at0001]/events[at0002]/data[at0003]/items[at0011]/value","inputs":[{"type":"CODED_TEXT","list":[{"value":"at0012","label":"Best","localizedLabels":{"nb":"Best"},"localizedDescriptions":{"nb":"Gestational Age > 38 Weeks To Posterm."},"ordinal":1},{"value":"at0013","label":"Good","localizedLabels":{"nb":"Good"},"localizedDescriptions":{"nb":"Gestational Age > 33 Weeks But < 38 weeks."},"ordinal":2},{"value":"at0014","label":"Poor","localizedLabels":{"nb":"Poor"},"localizedDescriptions":{"nb":"Gestational Age > 28 Weeks But < 33 weeks."},"ordinal":3},{"value":"at0015","label":"Very poor","localizedLabels":{"nb":"Very poor"},"localizedDescriptions":{"nb":"Gestational Age > 28 Weeks But < 33 weeks."},"ordinal":4}]}],"formId":"hv_trykksaarrisikovurdering/neonatal_braden_scale_nsras/general_physical_condition","viewConfig":{"size":{"field":"inherit","label":"inherit","fill":"inherit"},"layout":{"field":{"valign":"inherit","align":"inherit"}},"datasource":{"loadRemote":false,"loadRemoteUrl":"","terminology":""},"field":{"input":{"presentation":"combobox"}}}},{"name":"Moisture","localizedName":"Moisture","rmType":"DV_ORDINAL","nodeId":"at0005","min":0,"max":1,"localizedNames":{"nb":"Moisture"},"localizedDescriptions":{"nb":"The dgree to which the infant's skin is exposed to moisture."},"aqlPath":"/content[openEHR-EHR-OBSERVATION.braden_scale_neonate.v1]/data[at0001]/events[at0002]/data[at0003]/items[at0005]/value","inputs":[{"type":"CODED_TEXT","list":[{"value":"at0017","label":"Rarely moist","localizedLabels":{"nb":"Rarely moist"},"localizedDescriptions":{"nb":"Skin is usually dry, linen requires changing only every 24 hours."},"ordinal":1},{"value":"at0018","label":"Occasionally moist","localizedLabels":{"nb":"Occasionally moist"},"localizedDescriptions":{"nb":"Skin is occasionally moist/damp. Requiring an extra linen change approximately once a day."},"ordinal":2},{"value":"at0019","label":"Moist","localizedLabels":{"nb":"Moist"},"localizedDescriptions":{"nb":"Skin is often but not always moist/damp; linen must be changed at least once a shift."},"ordinal":3},{"value":"at0020","label":"Constantly moist","localizedLabels":{"nb":"Constantly moist"},"localizedDescriptions":{"nb":"Skin is moist/damp every time infant is moved or turned."},"ordinal":4}]}],"formId":"hv_trykksaarrisikovurdering/neonatal_braden_scale_nsras/moisture","viewConfig":{"size":{"field":"inherit","label":"inherit","fill":"inherit"},"layout":{"field":{"valign":"inherit","align":"inherit"}},"datasource":{"loadRemote":false,"loadRemoteUrl":"","terminology":""},"field":{"input":{"presentation":"combobox"}}}},{"name":"Nutrition","localizedName":"Nutrition","rmType":"DV_ORDINAL","nodeId":"at0006","min":0,"max":1,"localizedNames":{"nb":"Nutrition"},"localizedDescriptions":{"nb":"The usual food intake of the neonate."},"aqlPath":"/content[openEHR-EHR-OBSERVATION.braden_scale_neonate.v1]/data[at0001]/events[at0002]/data[at0003]/items[at0006]/value","inputs":[{"type":"CODED_TEXT","list":[{"value":"at0021","label":"Excellent","localizedLabels":{"nb":"Excellent"},"localizedDescriptions":{"nb":"Bottlehreastfeeds every meal which  meets nutritional needs  for growth."},"ordinal":1},{"value":"at0022","label":"Adequate","localizedLabels":{"nb":"Adequate"},"localizedDescriptions":{"nb":"Is on tube feedings which  meet nutritional needs for growth."},"ordinal":2},{"value":"at0023","label":"Inadequate","localizedLabels":{"nb":"Inadequate"},"localizedDescriptions":{"nb":"Receives less than  optimum amount of liquid diet for growth (formula/breast milk) and supplemented with intravenous fluids."},"ordinal":3},{"value":"at0024","label":"Very poor","localizedLabels":{"nb":"Very poor"},"localizedDescriptions":{"nb":"NPO on intravenous  fluids."},"ordinal":4}]}],"formId":"hv_trykksaarrisikovurdering/neonatal_braden_scale_nsras/nutrition","viewConfig":{"size":{"field":"inherit","label":"inherit","fill":"inherit"},"layout":{"field":{"valign":"inherit","align":"inherit"}},"datasource":{"loadRemote":false,"loadRemoteUrl":"","terminology":""},"field":{"input":{"presentation":"combobox"}}}},{"name":"Activity","localizedName":"Activity","rmType":"DV_ORDINAL","nodeId":"at0007","min":0,"max":1,"localizedNames":{"nb":"Activity"},"localizedDescriptions":{"nb":"The amount of physical activity of the neonate."},"aqlPath":"/content[openEHR-EHR-OBSERVATION.braden_scale_neonate.v1]/data[at0001]/events[at0002]/data[at0003]/items[at0007]/value","inputs":[{"type":"CODED_TEXT","list":[{"value":"at0025","label":"Unlimited","localizedLabels":{"nb":"Unlimited"},"localizedDescriptions":{"nb":"In an open crib."},"ordinal":1},{"value":"at0026","label":"Slightly limited","localizedLabels":{"nb":"Slightly limited"},"localizedDescriptions":{"nb":"In a double walled isolette."},"ordinal":2},{"value":"at0027","label":"Limited bed-bound","localizedLabels":{"nb":"Limited bed-bound"},"localizedDescriptions":{"nb":"In a radiant warmer without a clear plastic “saran” tent."},"ordinal":3},{"value":"at0028","label":"Completely bed-bound","localizedLabels":{"nb":"Completely bed-bound"},"localizedDescriptions":{"nb":"In a radiant warmer with a clear plastic “saran” tent."},"ordinal":4}]}],"formId":"hv_trykksaarrisikovurdering/neonatal_braden_scale_nsras/activity","viewConfig":{"size":{"field":"inherit","label":"inherit","fill":"inherit"},"layout":{"field":{"valign":"inherit","align":"inherit"}},"datasource":{"loadRemote":false,"loadRemoteUrl":"","terminology":""},"field":{"input":{"presentation":"combobox"}}}},{"name":"Mobility","localizedName":"Mobility","rmType":"DV_ORDINAL","nodeId":"at0008","min":0,"max":1,"localizedNames":{"nb":"Mobility"},"localizedDescriptions":{"nb":"The neonate's ability ot change and control body position."},"aqlPath":"/content[openEHR-EHR-OBSERVATION.braden_scale_neonate.v1]/data[at0001]/events[at0002]/data[at0003]/items[at0008]/value","inputs":[{"type":"CODED_TEXT","list":[{"value":"at0029","label":"No limitation","localizedLabels":{"nb":"No limitation"},"localizedDescriptions":{"nb":"Makes major and frequent changes in position without assistance (e.g., turn  head)."},"ordinal":1},{"value":"at0030","label":"Slightly limited","localizedLabels":{"nb":"Slightly limited"},"localizedDescriptions":{"nb":"Makes frequent though slight changes in body or extremity position independently."},"ordinal":2},{"value":"at0031","label":"Very limited","localizedLabels":{"nb":"Very limited"},"localizedDescriptions":{"nb":"Makes occasional slight changes in body or extremity position but unable to make frequent or significant changes independently."},"ordinal":3},{"value":"at0032","label":"Completely immobile","localizedLabels":{"nb":"Completely immobile"},"localizedDescriptions":{"nb":"Does not make even slight changes in body or extremity position without assistance (e.g., Pavulon)."},"ordinal":4}]}],"formId":"hv_trykksaarrisikovurdering/neonatal_braden_scale_nsras/mobility","viewConfig":{"size":{"field":"inherit","label":"inherit","fill":"inherit"},"layout":{"field":{"valign":"inherit","align":"inherit"}},"datasource":{"loadRemote":false,"loadRemoteUrl":"","terminology":""},"field":{"input":{"presentation":"combobox"}}}},{"name":"Mental status","localizedName":"Mental status","rmType":"DV_ORDINAL","nodeId":"at0009","min":0,"max":1,"localizedNames":{"nb":"Mental status"},"localizedDescriptions":{"nb":"An evaluation of the mental status or sensory preception of the neonate."},"aqlPath":"/content[openEHR-EHR-OBSERVATION.braden_scale_neonate.v1]/data[at0001]/events[at0002]/data[at0003]/items[at0009]/value","inputs":[{"type":"CODED_TEXT","list":[{"value":"at0033","label":"No impairment","localizedLabels":{"nb":"No impairment"},"localizedDescriptions":{"nb":"Alert and active."},"ordinal":1},{"value":"at0034","label":"Slightly limited","localizedLabels":{"nb":"Slightly limited"},"localizedDescriptions":{"nb":"Lethargic."},"ordinal":2},{"value":"at0035","label":"Very limited","localizedLabels":{"nb":"Very limited"},"localizedDescriptions":{"nb":"Responds only to painful stimuli (flinches, grasps, moans, increased blood pressure or heart rate)."},"ordinal":3},{"value":"at0036","label":"Completely limited","localizedLabels":{"nb":"Completely limited"},"localizedDescriptions":{"nb":"Unresponsive (does not flinch, grasp, moan, increase blood pressure, or heart rate) to painful stimuli due to diminished level of consciousness or sedation."},"ordinal":4}]}],"formId":"hv_trykksaarrisikovurdering/neonatal_braden_scale_nsras/mental_status","viewConfig":{"size":{"field":"inherit","label":"inherit","fill":"inherit"},"layout":{"field":{"valign":"inherit","align":"inherit"}},"datasource":{"loadRemote":false,"loadRemoteUrl":"","terminology":""},"field":{"input":{"presentation":"combobox"}}}},{"name":"Comment","localizedName":"Comment","rmType":"DV_TEXT","nodeId":"at0016","min":0,"max":1,"localizedNames":{"nb":"Comment"},"localizedDescriptions":{"nb":"An additional comment about the neonatal pressure risk assessment."},"aqlPath":"/content[openEHR-EHR-OBSERVATION.braden_scale_neonate.v1]/data[at0001]/events[at0002]/data[at0003]/items[at0016]/value","inputs":[{"type":"TEXT"}],"formId":"hv_trykksaarrisikovurdering/neonatal_braden_scale_nsras/comment","viewConfig":{"size":{"field":"inherit","label":"inherit","fill":"inherit"},"layout":{"field":{"valign":"inherit","align":"inherit"}},"datasource":{"loadRemote":false,"loadRemoteUrl":"","terminology":""},"field":{"input":{"presentation":"textfield"}}}},{"name":"Total score","localizedName":"Total score","rmType":"DV_COUNT","nodeId":"at0010","min":0,"max":1,"localizedNames":{"nb":"Total score"},"localizedDescriptions":{"nb":"The total score, derived from the sum of all sub-scores for identifying if a neonate is at risk for pressure ulcers."},"aqlPath":"/content[openEHR-EHR-OBSERVATION.braden_scale_neonate.v1]/data[at0001]/events[at0002]/data[at0003]/items[at0010]/value","inputs":[{"type":"INTEGER","validation":{"range":{"minOp":">=","min":2,"maxOp":"<=","max":24}}}],"formId":"hv_trykksaarrisikovurdering/neonatal_braden_scale_nsras/total_score","viewConfig":{"size":{"field":"inherit","label":"inherit","fill":"inherit"},"layout":{"field":{"valign":"inherit","align":"inherit"}},"datasource":{"loadRemote":false,"loadRemoteUrl":"","terminology":""}}},{"name":"Graded risk","localizedName":"Graded risk","rmType":"DV_ORDINAL","nodeId":"at0004","min":0,"max":1,"localizedNames":{"nb":"Graded risk"},"localizedDescriptions":{"nb":"A graded risk derived from the summed Total score."},"aqlPath":"/content[openEHR-EHR-OBSERVATION.braden_scale_neonate.v1]/data[at0001]/events[at0002]/data[at0003]/items[at0004]/value","inputs":[{"type":"CODED_TEXT","list":[{"value":"at0038","label":"Not at risk - Total score less than 13","localizedLabels":{"nb":"Not at risk - Total score less than 13"},"localizedDescriptions":{"nb":"The neonate is at risk of developing a pressure ulcer."},"ordinal":0},{"value":"at0037","label":"At risk - Total score 13 or over","localizedLabels":{"nb":"At risk - Total score 13 or over"},"localizedDescriptions":{"nb":"The neonate is not at risk of developing a pressure ulcer."},"ordinal":1}]}],"formId":"hv_trykksaarrisikovurdering/neonatal_braden_scale_nsras/graded_risk","viewConfig":{"size":{"field":"inherit","label":"inherit","fill":"inherit"},"layout":{"field":{"valign":"inherit","align":"inherit"}},"datasource":{"loadRemote":false,"loadRemoteUrl":"","terminology":""},"field":{"input":{"presentation":"combobox"}}}}]}]}]}