[{"field":"hv_trykksaarrisikovurdering/trykksaar_risiko/velg_verktøy_for_risikovurdering","conditions":[{"operator":"equals","value":{"code":"at0023"},"actions":[{"action":"show","target":"hv_trykksaarrisikovurdering/braden_scale","value":{"value":""}},{"action":"hide","target":"hv_trykksaarrisikovurdering/neonatal_braden_scale_nsras","value":{"value":""}},{"action":"hide","target":"hv_trykksaarrisikovurdering/modified_braden_q_scale","value":{"value":""}}]},{"operator":"equals","value":{"code":"at0025"},"actions":[{"action":"show","target":"hv_trykksaarrisikovurdering/modified_braden_q_scale","value":{"value":""}},{"action":"hide","target":"hv_trykksaarrisikovurdering/braden_scale","value":{"value":""}},{"action":"hide","target":"hv_trykksaarrisikovurdering/neonatal_braden_scale_nsras","value":{"value":""}}]},{"operator":"equals","value":{"code":"at0024"},"actions":[{"action":"show","target":"hv_trykksaarrisikovurdering/neonatal_braden_scale_nsras","value":{"value":""}},{"action":"hide","target":"hv_trykksaarrisikovurdering/braden_scale","value":{"value":""}},{"action":"hide","target":"hv_trykksaarrisikovurdering/modified_braden_q_scale","value":{"value":""}}]}]},{"field":"hv_trykksaarrisikovurdering/braden_scale/braden_total_score","conditions":[{"operator":"ge","value":{"value":19},"actions":[{"action":"set","target":"hv_trykksaarrisikovurdering/braden_scale/braden_risk_grade","value":{"value":"at0036"}}]},{"operator":"le","value":{"value":18},"actions":[{"action":"set","target":"hv_trykksaarrisikovurdering/braden_scale/braden_risk_grade","value":{"value":"at0037"}}]},{"operator":"le","value":{"value":14},"actions":[{"action":"set","target":"hv_trykksaarrisikovurdering/braden_scale/braden_risk_grade","value":{"value":"at0038"}}]},{"operator":"le","value":{"value":12},"actions":[{"action":"set","target":"hv_trykksaarrisikovurdering/braden_scale/braden_risk_grade","value":{"value":"at0039"}}]},{"operator":"lt","value":{"value":10},"actions":[{"action":"set","target":"hv_trykksaarrisikovurdering/braden_scale/braden_risk_grade","value":{"value":"at0040"}}]},{"operator":"eq","value":{"value":0},"actions":[{"action":"clear","target":"hv_trykksaarrisikovurdering/braden_scale/braden_risk_grade","value":{"value":"at0040"}}]}]},{"field":"generic-field-41916","conditions":[{"operator":"gt","value":{"value":"70"},"actions":[{"action":"set","target":"hv_trykksaarrisikovurdering/trykksaar_risiko/klinisk_vurdering/høy_alder_70_år","value":{"value":true}}]},{"operator":"le","value":{"value":"70"},"actions":[{"action":"set","target":"hv_trykksaarrisikovurdering/trykksaar_risiko/klinisk_vurdering/høy_alder_70_år","value":{"value":false}}]}]},{"field":"hv_trykksaarrisikovurdering/hv_ps_trykk/trykksårrisiko","conditions":[{"operator":"empty","value":null,"actions":[{"action":"clear","target":"hv_trykksaarrisikovurdering/hv_ps_trykk/trykk_tall","value":{"code":""}}]},{"operator":"equals","value":{"code":"at0008"},"actions":[{"action":"set","target":"hv_trykksaarrisikovurdering/hv_ps_trykk/trykk_tall","value":{"code":"at0004"}}]},{"operator":"equals","value":{"code":"at0009"},"actions":[{"action":"set","target":"hv_trykksaarrisikovurdering/hv_ps_trykk/trykk_tall","value":{"code":"at0005"}}]},{"operator":"equals","value":{"code":"at0010"},"actions":[{"action":"set","target":"hv_trykksaarrisikovurdering/hv_ps_trykk/trykk_tall","value":{"code":"at0006"}}]},{"operator":"equals","value":{"code":"at0011"},"actions":[{"action":"set","target":"hv_trykksaarrisikovurdering/hv_ps_trykk/trykk_tall","value":{"code":"at0007"}}]}]}]