{"formId":"form_root","name":"Form root","rmType":"FORM_DEFINITION","viewConfig":{"label":{"custom":false,"value":"","useLocalizations":true,"localizationsList":{"nb":"Encounter"}},"size":{"field":"inherit","label":"inherit","fill":"inherit"},"layout":{"label":{"valign":"inherit","align":"inherit"},"field":{"valign":"inherit","align":"inherit"}},"tags":[]},"language":"","templateLanguages":["nb"],"children":[{"localizedName":"Fieldset","localizedNames":{"nb":"MADRS skjema (Montgomery and Åsberg Depression Rating Scale)"},"min":0,"max":-1,"name":"Fieldset","rmType":"GENERIC_FIELDSET","fid":"generic-field-66693","formId":"generic-field-66693","viewConfig":{"label":{"custom":true,"value":"MADRS skjema (Montgomery and Åsberg Depression Rating Scale)","useLocalizations":true,"localizationsList":{"nb":"MADRS skjema (Montgomery and Åsberg Depression Rating Scale)"}},"advanced":{"hidden":false,"readonly":false,"render":false},"multiplicity":{"min":"0","max":"1"},"size":{"field":"inherit","label":"inherit","fill":"inherit"},"layout":{"label":{"valign":"inherit","align":"inherit"},"field":{"valign":"inherit","align":"inherit"}},"field":{},"tags":[]},"children":[{"localizedName":"Fieldset","localizedNames":{"nb":"Spørsmål 1 skal vurderes etter intervjuets slutt. Resten av spørsmålene krysses av underveis"},"min":0,"max":-1,"name":"Fieldset","rmType":"GENERIC_FIELDSET","fid":"generic-field-87239","formId":"generic-field-87239","viewConfig":{"label":{"custom":true,"value":"Spørsmål 1 skal vurderes etter intervjuets slutt. Resten av spørsmålene krysses av underveis","useLocalizations":true,"localizationsList":{"nb":"Spørsmål 1 skal vurderes etter intervjuets slutt. Resten av spørsmålene krysses av underveis"}},"advanced":{"hidden":false,"readonly":true,"render":true},"multiplicity":{"min":"0","max":"1"},"size":{"field":"inherit","label":"inherit","fill":"inherit"},"layout":{"label":{"valign":"top","align":"top"},"field":{"valign":"inherit","align":"left"}},"field":{},"tags":[],"annotations":{"HeaderSize":"text"}},"children":[]},{"localizedName":"Fieldset","localizedNames":{"nb":""},"min":0,"max":-1,"name":"Fieldset","rmType":"GENERIC_FIELDSET","fid":"generic-field-16571","formId":"generic-field-16571","viewConfig":{"label":{"custom":true,"value":"0-9 poeng: Ingen depresjon10-19 poeng: Lett depresjon, ikke medikamentell behandling20-34 poeng: Medikamentell behandling samt samtale-terapi> 35 poeng: Alvorlig depresjon","useLocalizations":true,"localizationsList":{"nb":""}},"advanced":{"hidden":false,"readonly":true},"multiplicity":{"min":"0","max":"1"},"size":{"field":"inherit","label":"inherit","fill":"inherit"},"layout":{"label":{"valign":"top","align":"top"},"field":{"valign":"inherit","align":"left"}},"field":{},"annotations":{"HeaderSize":"text"}},"children":[]}]},{"localizedName":"Fieldset","localizedNames":{"nb":"MADRS skjema (Montgomery and Åsberg Depression Rating Scale)"},"min":0,"max":-1,"name":"Fieldset","rmType":"GENERIC_FIELDSET","fid":"generic-field-27900","formId":"generic-field-27900","viewConfig":{"label":{"custom":true,"value":"MADRS skjema (Montgomery and Åsberg Depression Rating Scale)","useLocalizations":true,"localizationsList":{"nb":"MADRS skjema (Montgomery and Åsberg Depression Rating Scale)"}},"advanced":{"hidden":false,"readonly":false,"render":false},"multiplicity":{"min":"0","max":"1"},"size":{"field":"inherit","label":"inherit","fill":"inherit"},"layout":{"label":{"valign":"top","align":"top"},"field":{"valign":"inherit","align":"inherit"}},"tags":["HideLabel"],"field":{},"annotations":{}},"children":[{"name":"Tristhet - Har du vært vedvarende deprimert eller nedfor mesteparten av dagen hver dag de siste tre døgn?","localizedName":"Tristhet - Har du vært vedvarende deprimert eller nedfor mesteparten av dagen hver dag de siste tre døgn?","rmType":"DV_ORDINAL","nodeId":"at0005","min":0,"max":1,"localizedNames":{"nb":"Tristhet - Har du vært vedvarende deprimert eller nedfor mesteparten av dagen hver dag de siste tre døgn?"},"localizedDescriptions":{"nb":"Tar sikte på subjektivt opplevet sinnsstemning, uansett om stemningen gir seg ytre uttrykk eller ikke. Omfatter senket stemningsleie, tristhet, oppgitthet, tungsinn, håpløshet og hjelpeløshet. Gradér i henhold til intensitet, varighet og i hvilken grad sinnsstemningen påvirkes av ytre omstendigheter. Oppstemthet skåres som 0."},"aqlPath":"/content[openEHR-EHR-OBSERVATION.madrs.v1]/data[at0001]/events[at0002]/data[at0003]/items[at0005]/value","inputs":[{"type":"CODED_TEXT","list":[{"value":"at0014","label":"Stort sett indifferent stemningsleie. Leilighetsvis tristhet når omstendighetene tilsier det","localizedLabels":{"nb":"Stort sett indifferent stemningsleie. Leilighetsvis tristhet når omstendighetene tilsier det"},"localizedDescriptions":{"nb":"*"},"ordinal":0},{"value":"at0015","label":"mellom 0 og 2","localizedLabels":{"nb":"mellom 0 og 2"},"localizedDescriptions":{"nb":"*"},"ordinal":1},{"value":"at0023","label":"Overveiende følelse av nedstemthet, men lysere øyeblikk forekommer","localizedLabels":{"nb":"Overveiende følelse av nedstemthet, men lysere øyeblikk forekommer"},"localizedDescriptions":{"nb":"*"},"ordinal":2},{"value":"at0024","label":"mellom 2 og 4","localizedLabels":{"nb":"mellom 2 og 4"},"localizedDescriptions":{"nb":"*"},"ordinal":3},{"value":"at0025","label":"Gjennomtrengende følelse av tristhet og dysterhet. Sinnsstemningen influeres knapt av ytre omstendigheter","localizedLabels":{"nb":"Gjennomtrengende følelse av tristhet og dysterhet. Sinnsstemningen influeres knapt av ytre omstendigheter"},"localizedDescriptions":{"nb":"*"},"ordinal":4},{"value":"at0026","label":"mellom 4 og 6","localizedLabels":{"nb":"mellom 4 og 6"},"localizedDescriptions":{"nb":"*"},"ordinal":5},{"value":"at0027","label":"Konstant opplevelse av sterk tristhet og fortvilelse","localizedLabels":{"nb":"Konstant opplevelse av sterk tristhet og fortvilelse"},"localizedDescriptions":{"nb":"*"},"ordinal":6}]}],"fid":"encounter/madrs/tristhet_-_har_du_vært_vedvarende_deprimert_eller_nedfor_mesteparten_av_dagen_hver_dag_de_siste_tre_døgn","formId":"encounter/madrs/tristhet_-_har_du_vært_vedvarende_deprimert_eller_nedfor_mesteparten_av_dagen_hver_dag_de_siste_tre_døgn","viewConfig":{"annotations":{"CalcId":"felt2"},"size":{"field":"inherit","label":"inherit","fill":"inherit"},"layout":{"field":{"valign":"inherit","align":"inherit"}},"datasource":{"loadRemote":false,"loadRemoteUrl":"","terminology":""},"field":{"input":{"presentation":"combobox"}}},"defaultValue":{"value":""}},{"name":"Indre spenning - Har du merket noen uro, spenning eller angst siste tre døgn?","localizedName":"Indre spenning - Har du merket noen uro, spenning eller angst siste tre døgn?","rmType":"DV_ORDINAL","nodeId":"at0006","min":0,"max":1,"localizedNames":{"nb":"Indre spenning - Har du merket noen uro, spenning eller angst siste tre døgn?"},"localizedDescriptions":{"nb":"Sikter på følelse av vag ulystfølelse, ubehagelig indre spenning, uro og angst stigende til panikk. Gradér i henhold til intensitet, varighet og behov for hjelp og støtte. Skilles fra tristhet (2)"},"aqlPath":"/content[openEHR-EHR-OBSERVATION.madrs.v1]/data[at0001]/events[at0002]/data[at0003]/items[at0006]/value","inputs":[{"type":"CODED_TEXT","list":[{"value":"at0028","label":"Rolig, bare antydning til indre spenning","localizedLabels":{"nb":"Rolig, bare antydning til indre spenning"},"localizedDescriptions":{"nb":"*"},"ordinal":0},{"value":"at0029","label":"mellom 0 og 2","localizedLabels":{"nb":"mellom 0 og 2"},"localizedDescriptions":{"nb":"*"},"ordinal":1},{"value":"at0030","label":"Leilighetsvis følelse av ubehagelig psykisk spenning og vag uro","localizedLabels":{"nb":"Leilighetsvis følelse av ubehagelig psykisk spenning og vag uro"},"localizedDescriptions":{"nb":"*"},"ordinal":2},{"value":"at0031","label":"mellom 2 og 4","localizedLabels":{"nb":"mellom 2 og 4"},"localizedDescriptions":{"nb":"*"},"ordinal":3},{"value":"at0032","label":"Vedvarende følelse av indre spenning eller panikkepisoder som pasienten bare kan mestre med vanskelighet","localizedLabels":{"nb":"Vedvarende følelse av indre spenning eller panikkepisoder som pasienten bare kan mestre med vanskelighet"},"localizedDescriptions":{"nb":"*"},"ordinal":4},{"value":"at0033","label":"mellom 4 og 6","localizedLabels":{"nb":"mellom 4 og 6"},"localizedDescriptions":{"nb":"*"},"ordinal":5},{"value":"at0034","label":"Vedvarende frykt og angst. Overveldende panikkfølelse","localizedLabels":{"nb":"Vedvarende frykt og angst. Overveldende panikkfølelse"},"localizedDescriptions":{"nb":"*"},"ordinal":6}]}],"fid":"encounter/madrs/indre_spenning_-_har_du_merket_noen_uro_spenning_eller_angst_siste_tre_døgn","formId":"encounter/madrs/indre_spenning_-_har_du_merket_noen_uro_spenning_eller_angst_siste_tre_døgn","viewConfig":{"annotations":{"CalcId":"felt3"},"size":{"field":"inherit","label":"inherit","fill":"inherit"},"layout":{"field":{"valign":"inherit","align":"inherit"}},"datasource":{"loadRemote":false,"loadRemoteUrl":"","terminology":""},"field":{"input":{"presentation":"combobox"}}},"defaultValue":{"value":""}},{"name":"Redusert nattesøvn - Har du hatt søvnproblemer nesten hver natt de siste tre døgn?","localizedName":"Redusert nattesøvn - Har du hatt søvnproblemer nesten hver natt de siste tre døgn?","rmType":"DV_ORDINAL","nodeId":"at0007","min":0,"max":1,"localizedNames":{"nb":"Redusert nattesøvn - Har du hatt søvnproblemer nesten hver natt de siste tre døgn?"},"localizedDescriptions":{"nb":"Sikter på subjektiv opplevelse av kortvarig eller mindre dyp søvn sammenlignet med vanlig tilstand."},"aqlPath":"/content[openEHR-EHR-OBSERVATION.madrs.v1]/data[at0001]/events[at0002]/data[at0003]/items[at0007]/value","inputs":[{"type":"CODED_TEXT","list":[{"value":"at0035","label":"Sover som vanlig","localizedLabels":{"nb":"Sover som vanlig"},"localizedDescriptions":{"nb":"*"},"ordinal":0},{"value":"at0036","label":"mellom 0 og 2","localizedLabels":{"nb":"mellom 0 og 2"},"localizedDescriptions":{"nb":"*"},"ordinal":1},{"value":"at0037","label":"Moderate innsovningsvansker eller moderat redusert, lett eller urolig søvn","localizedLabels":{"nb":"Moderate innsovningsvansker eller moderat redusert, lett eller urolig søvn"},"localizedDescriptions":{"nb":"*"},"ordinal":2},{"value":"at0038","label":"mellom 2 og 4","localizedLabels":{"nb":"mellom 2 og 4"},"localizedDescriptions":{"nb":"*"},"ordinal":3},{"value":"at0039","label":"Søvnen redusert eller avbrutt med minst to timer sammenlignet med vanlig","localizedLabels":{"nb":"Søvnen redusert eller avbrutt med minst to timer sammenlignet med vanlig"},"localizedDescriptions":{"nb":"*"},"ordinal":4},{"value":"at0040","label":"mellom 4 og 6","localizedLabels":{"nb":"mellom 4 og 6"},"localizedDescriptions":{"nb":"*"},"ordinal":5},{"value":"at0041","label":"Mindre enn to til tre timers søvn om natten","localizedLabels":{"nb":"Mindre enn to til tre timers søvn om natten"},"localizedDescriptions":{"nb":"*"},"ordinal":6}]}],"fid":"encounter/madrs/redusert_nattesøvn_-_har_du_hatt_søvnproblemer_nesten_hver_natt_de_siste_tre_døgn","formId":"encounter/madrs/redusert_nattesøvn_-_har_du_hatt_søvnproblemer_nesten_hver_natt_de_siste_tre_døgn","viewConfig":{"annotations":{"CalcId":"felt4"},"size":{"field":"inherit","label":"inherit","fill":"inherit"},"layout":{"field":{"valign":"inherit","align":"inherit"}},"datasource":{"loadRemote":false,"loadRemoteUrl":"","terminology":""},"field":{"input":{"presentation":"combobox"}}},"defaultValue":{"value":""}},{"name":"Svekket appetitt - Hvordan har det vært med matlysten de siste tre døgn?","localizedName":"Svekket appetitt - Hvordan har det vært med matlysten de siste tre døgn?","rmType":"DV_ORDINAL","nodeId":"at0008","min":0,"max":1,"localizedNames":{"nb":"Svekket appetitt - Hvordan har det vært med matlysten de siste tre døgn?"},"localizedDescriptions":{"nb":"Sikter på følelsen av at appetitten er svekket i forhold til tidligere."},"aqlPath":"/content[openEHR-EHR-OBSERVATION.madrs.v1]/data[at0001]/events[at0002]/data[at0003]/items[at0008]/value","inputs":[{"type":"CODED_TEXT","list":[{"value":"at0042","label":"Normal eller økt appetitt","localizedLabels":{"nb":"Normal eller økt appetitt"},"localizedDescriptions":{"nb":"*"},"ordinal":0},{"value":"at0043","label":"mellom 0 og 2","localizedLabels":{"nb":"mellom 0 og 2"},"localizedDescriptions":{"nb":"*"},"ordinal":1},{"value":"at0044","label":"Moderat redusert appetitt","localizedLabels":{"nb":"Moderat redusert appetitt"},"localizedDescriptions":{"nb":"*"},"ordinal":2},{"value":"at0045","label":"mellom 2 og 4","localizedLabels":{"nb":"mellom 2 og 4"},"localizedDescriptions":{"nb":"*"},"ordinal":3},{"value":"at0046","label":"Nesten ingen appetitt, maten smaker ikke, må tvinge seg selv til å spise","localizedLabels":{"nb":"Nesten ingen appetitt, maten smaker ikke, må tvinge seg selv til å spise"},"localizedDescriptions":{"nb":"*"},"ordinal":4},{"value":"at0047","label":"mellom 4 og 6","localizedLabels":{"nb":"mellom 4 og 6"},"localizedDescriptions":{"nb":"*"},"ordinal":5},{"value":"at0048","label":"Næringsvegrende. Må overtales av andre til å spise","localizedLabels":{"nb":"Næringsvegrende. Må overtales av andre til å spise"},"localizedDescriptions":{"nb":"*"},"ordinal":6}]}],"fid":"encounter/madrs/svekket_appetitt_-_hvordan_har_det_vært_med_matlysten_de_siste_tre_døgn","formId":"encounter/madrs/svekket_appetitt_-_hvordan_har_det_vært_med_matlysten_de_siste_tre_døgn","viewConfig":{"size":{"field":"inherit","label":"inherit","fill":"inherit"},"layout":{"field":{"valign":"inherit","align":"inherit"}},"annotations":{"CalcId":"felt5"},"datasource":{"loadRemote":false,"loadRemoteUrl":"","terminology":""},"field":{"input":{"presentation":"combobox"}}},"defaultValue":{"value":""}},{"name":"Konsentrasjonsvansker - Har du hatt vansker med å konsentrere deg de siste tre døgn?","localizedName":"Konsentrasjonsvansker - Har du hatt vansker med å konsentrere deg de siste tre døgn?","rmType":"DV_ORDINAL","nodeId":"at0009","min":0,"max":1,"localizedNames":{"nb":"Konsentrasjonsvansker - Har du hatt vansker med å konsentrere deg de siste tre døgn?"},"localizedDescriptions":{"nb":"Sikter på vansker med å samle tankene, stigende til invalidiserende mangel på konsentrasjonsevne. Gradér i henhold til intensitet, frekvens og grad av invalidiserende effekt."},"aqlPath":"/content[openEHR-EHR-OBSERVATION.madrs.v1]/data[at0001]/events[at0002]/data[at0003]/items[at0009]/value","inputs":[{"type":"CODED_TEXT","list":[{"value":"at0049","label":"Ingen konsentrasjonsvansker","localizedLabels":{"nb":"Ingen konsentrasjonsvansker"},"localizedDescriptions":{"nb":"*"},"ordinal":0},{"value":"at0050","label":"mellom 0 og 2","localizedLabels":{"nb":"mellom 0 og 2"},"localizedDescriptions":{"nb":"*"},"ordinal":1},{"value":"at0051","label":"Leilighetsvis vansker med å samle tankene","localizedLabels":{"nb":"Leilighetsvis vansker med å samle tankene"},"localizedDescriptions":{"nb":"*"},"ordinal":2},{"value":"at0052","label":"mellom 2 og 4","localizedLabels":{"nb":"mellom 2 og 4"},"localizedDescriptions":{"nb":"*"},"ordinal":3},{"value":"at0053","label":"Vansker med konsentrasjon og vedvarende oppmerksomhet, som forstyrrer lesing eller konversasjon","localizedLabels":{"nb":"Vansker med konsentrasjon og vedvarende oppmerksomhet, som forstyrrer lesing eller konversasjon"},"localizedDescriptions":{"nb":"*"},"ordinal":4},{"value":"at0054","label":"mellom 4 og 6","localizedLabels":{"nb":"mellom 4 og 6"},"localizedDescriptions":{"nb":"*"},"ordinal":5},{"value":"at0055","label":"Invalidiserende mangel på konsentrasjonsevne","localizedLabels":{"nb":"Invalidiserende mangel på konsentrasjonsevne"},"localizedDescriptions":{"nb":"*"},"ordinal":6}]}],"fid":"encounter/madrs/konsentrasjonsvansker_-_har_du_hatt_vansker_med_å_konsentrere_deg_de_siste_tre_døgn","formId":"encounter/madrs/konsentrasjonsvansker_-_har_du_hatt_vansker_med_å_konsentrere_deg_de_siste_tre_døgn","viewConfig":{"annotations":{"CalcId":"felt6"},"size":{"field":"inherit","label":"inherit","fill":"inherit"},"layout":{"field":{"valign":"inherit","align":"inherit"}},"datasource":{"loadRemote":false,"loadRemoteUrl":"","terminology":""},"field":{"input":{"presentation":"combobox"}}},"defaultValue":{"value":""}},{"name":"Initiativløshet - Har du hatt vansker med å komme i gang, ta initiativ eller utføre dagligdagse aktiviteter de siste tre døgn?","localizedName":"Initiativløshet - Har du hatt vansker med å komme i gang, ta initiativ eller utføre dagligdagse aktiviteter de siste tre døgn?","rmType":"DV_ORDINAL","nodeId":"at0010","min":0,"max":1,"localizedNames":{"nb":"Initiativløshet - Har du hatt vansker med å komme i gang, ta initiativ eller utføre dagligdagse aktiviteter de siste tre døgn?"},"localizedDescriptions":{"nb":"Sikter på vanskelighet med å komme i gang, treghet med å ta initiativ og å utføre dagligdagse aktiviteter."},"aqlPath":"/content[openEHR-EHR-OBSERVATION.madrs.v1]/data[at0001]/events[at0002]/data[at0003]/items[at0010]/value","inputs":[{"type":"CODED_TEXT","list":[{"value":"at0056","label":"Ingen spesielle vanskeligheter med å komme i gang med ting, ingen treghet","localizedLabels":{"nb":"Ingen spesielle vanskeligheter med å komme i gang med ting, ingen treghet"},"localizedDescriptions":{"nb":"*"},"ordinal":0},{"value":"at0057","label":"mellom 0 og 2","localizedLabels":{"nb":"mellom 0 og 2"},"localizedDescriptions":{"nb":"*"},"ordinal":1},{"value":"at0058","label":"Visse vansker med å komme i gang med aktiviteter","localizedLabels":{"nb":"Visse vansker med å komme i gang med aktiviteter"},"localizedDescriptions":{"nb":"*"},"ordinal":2},{"value":"at0059","label":"mellom 2 og 4","localizedLabels":{"nb":"mellom 2 og 4"},"localizedDescriptions":{"nb":"*"},"ordinal":3},{"value":"at0060","label":"Vanskeligheter med å komme i gang med enkelte rutineaktiviteter, som kan utføres bare med betydelig anstrengelse","localizedLabels":{"nb":"Vanskeligheter med å komme i gang med enkelte rutineaktiviteter, som kan utføres bare med betydelig anstrengelse"},"localizedDescriptions":{"nb":"*"},"ordinal":4},{"value":"at0061","label":"mellom 4 og 6","localizedLabels":{"nb":"mellom 4 og 6"},"localizedDescriptions":{"nb":"*"},"ordinal":5},{"value":"at0062","label":"Helt manglende evne til å ta initiativ. Uten evne til å igangsette aktiviteter uten hjelp","localizedLabels":{"nb":"Helt manglende evne til å ta initiativ. Uten evne til å igangsette aktiviteter uten hjelp"},"localizedDescriptions":{"nb":"*"},"ordinal":6}]}],"fid":"encounter/madrs/initiativløshet_-_har_du_hatt_vansker_med_å_komme_i_gang_ta_initiativ_eller_utføre_dagligdagse_aktiviteter_de_siste_tre_døgn","formId":"encounter/madrs/initiativløshet_-_har_du_hatt_vansker_med_å_komme_i_gang_ta_initiativ_eller_utføre_dagligdagse_aktiviteter_de_siste_tre_døgn","viewConfig":{"annotations":{"CalcId":"felt7"},"size":{"field":"inherit","label":"inherit","fill":"inherit"},"layout":{"field":{"valign":"inherit","align":"inherit"}},"datasource":{"loadRemote":false,"loadRemoteUrl":"","terminology":""},"field":{"input":{"presentation":"combobox"}}},"defaultValue":{"value":""}},{"name":"Svekkede følelsesmessige reaksjoner - Har du i de siste tre døgn vist mindre interesse for de fleste ting, eller vært mindre i stand til å glede deg over ting som pleide å gi deg glede?","localizedName":"Svekkede følelsesmessige reaksjoner - Har du i de siste tre døgn vist mindre interesse for de fleste ting, eller vært mindre i stand til å glede deg over ting som pleide å gi deg glede?","rmType":"DV_ORDINAL","nodeId":"at0011","min":0,"max":1,"localizedNames":{"nb":"Svekkede følelsesmessige reaksjoner - Har du i de siste tre døgn vist mindre interesse for de fleste ting, eller vært mindre i stand til å glede deg over ting som pleide å gi deg glede?"},"localizedDescriptions":{"nb":"Sikter på den subjektive opplevelse av svekkede interesser for omgivelsene, eller for aktiviteter som normalt gir glede. Evnen til å reagere med adekvate følelser på omstendighetene eller andre mennesker er redusert"},"aqlPath":"/content[openEHR-EHR-OBSERVATION.madrs.v1]/data[at0001]/events[at0002]/data[at0003]/items[at0011]/value","inputs":[{"type":"CODED_TEXT","list":[{"value":"at0063","label":"Normal interesse for omgivelsene og andre mennesker","localizedLabels":{"nb":"Normal interesse for omgivelsene og andre mennesker"},"localizedDescriptions":{"nb":"*"},"ordinal":0},{"value":"at0064","label":"mellom 0 og 2","localizedLabels":{"nb":"mellom 0 og 2"},"localizedDescriptions":{"nb":"*"},"ordinal":1},{"value":"at0065","label":"Redusert evne til å glede seg over ting som vanligvis gleder. Redusert evne til å føle sinne","localizedLabels":{"nb":"Redusert evne til å glede seg over ting som vanligvis gleder. Redusert evne til å føle sinne"},"localizedDescriptions":{"nb":"*"},"ordinal":2},{"value":"at0066","label":"mellom 2 og 4","localizedLabels":{"nb":"mellom 2 og 4"},"localizedDescriptions":{"nb":"*"},"ordinal":3},{"value":"at0067","label":"Tap av interesse for omverdenen. Tap av følelser for venner og kjente","localizedLabels":{"nb":"Tap av interesse for omverdenen. Tap av følelser for venner og kjente"},"localizedDescriptions":{"nb":"*"},"ordinal":4},{"value":"at0068","label":"mellom 4 og 6","localizedLabels":{"nb":"mellom 4 og 6"},"localizedDescriptions":{"nb":"*"},"ordinal":5},{"value":"at0069","label":"Opplevelsen av å være følelsesmessig lammet, uten evne til å føle sinne eller sorg, og til dels smertefull opplevelse av ikke å kunne føle noe for nære slektninger eller venner","localizedLabels":{"nb":"Opplevelsen av å være følelsesmessig lammet, uten evne til å føle sinne eller sorg, og til dels smertefull opplevelse av ikke å kunne føle noe for nære slektninger eller venner"},"localizedDescriptions":{"nb":"*"},"ordinal":6}]}],"fid":"encounter/madrs/svekkede_følelsesmessige_reaksjoner_-_har_du_i_de_siste_tre_døgn_vist_mindre_interesse_for_de_fleste_ting_eller_vært_mindre_i_stand_til_å_glede_deg_over_ting_som_pleide_å_gi_deg_glede","formId":"encounter/madrs/svekkede_følelsesmessige_reaksjoner_-_har_du_i_de_siste_tre_døgn_vist_mindre_interesse_for_de_fleste_ting_eller_vært_mindre_i_stand_til_å_glede_deg_over_ting_som_pleide_å_gi_deg_glede","viewConfig":{"annotations":{"CalcId":"felt8"},"size":{"field":"inherit","label":"inherit","fill":"inherit"},"layout":{"field":{"valign":"inherit","align":"inherit"}},"datasource":{"loadRemote":false,"loadRemoteUrl":"","terminology":""},"field":{"input":{"presentation":"combobox"}}},"defaultValue":{"value":""}},{"name":"Depressivt tankeinnhold - Har du følt deg verdiløs eller skyldbetynget de siste tre døgn?","localizedName":"Depressivt tankeinnhold - Har du følt deg verdiløs eller skyldbetynget de siste tre døgn?","rmType":"DV_ORDINAL","nodeId":"at0012","min":0,"max":1,"localizedNames":{"nb":"Depressivt tankeinnhold - Har du følt deg verdiløs eller skyldbetynget de siste tre døgn?"},"localizedDescriptions":{"nb":"Sikter på tanker om skyld, mindreverdighet, selvbebreidelser, anger og tanker om økonomisk ruin."},"aqlPath":"/content[openEHR-EHR-OBSERVATION.madrs.v1]/data[at0001]/events[at0002]/data[at0003]/items[at0012]/value","inputs":[{"type":"CODED_TEXT","list":[{"value":"at0070","label":"Ingen depressive tanker","localizedLabels":{"nb":"Ingen depressive tanker"},"localizedDescriptions":{"nb":"*"},"ordinal":0},{"value":"at0071","label":"mellom 0 og 2","localizedLabels":{"nb":"mellom 0 og 2"},"localizedDescriptions":{"nb":"*"},"ordinal":1},{"value":"at0072","label":"Fluktuerende tanker om ikke å strekke til, selvbebreidelser og mindreverdsfølelse","localizedLabels":{"nb":"Fluktuerende tanker om ikke å strekke til, selvbebreidelser og mindreverdsfølelse"},"localizedDescriptions":{"nb":"*"},"ordinal":2},{"value":"at0073","label":"mellom 2 og 4","localizedLabels":{"nb":"mellom 2 og 4"},"localizedDescriptions":{"nb":"*"},"ordinal":3},{"value":"at0074","label":"Vedvarende selvbebreidelser eller klare, men fortsatt rasjonelle tanker om skyld og synd Ser uttalt pessimistisk på fremtiden.","localizedLabels":{"nb":"Vedvarende selvbebreidelser eller klare, men fortsatt rasjonelle tanker om skyld og synd Ser uttalt pessimistisk på fremtiden."},"localizedDescriptions":{"nb":"*"},"ordinal":4},{"value":"at0075","label":"mellom 4 og 6","localizedLabels":{"nb":"mellom 4 og 6"},"localizedDescriptions":{"nb":"*"},"ordinal":5},{"value":"at0076","label":"Vrangforestillinger om økonomisk ruin eller utilgivelige synder.","localizedLabels":{"nb":"Vrangforestillinger om økonomisk ruin eller utilgivelige synder."},"localizedDescriptions":{"nb":"*"},"ordinal":6}]}],"fid":"encounter/madrs/depressivt_tankeinnhold_-_har_du_følt_deg_verdiløs_eller_skyldbetynget_de_siste_tre_døgn","formId":"encounter/madrs/depressivt_tankeinnhold_-_har_du_følt_deg_verdiløs_eller_skyldbetynget_de_siste_tre_døgn","viewConfig":{"annotations":{"CalcId":"felt9"},"size":{"field":"inherit","label":"inherit","fill":"inherit"},"layout":{"field":{"valign":"inherit","align":"inherit"}},"datasource":{"loadRemote":false,"loadRemoteUrl":"","terminology":""},"field":{"input":{"presentation":"combobox"}}},"defaultValue":{"value":""}},{"name":"Suicidaltanker - Har du selvmordstanker eller har du ønsket at du var død de siste tre døgn?","localizedName":"Suicidaltanker - Har du selvmordstanker eller har du ønsket at du var død de siste tre døgn?","rmType":"DV_ORDINAL","nodeId":"at0013","min":0,"max":1,"localizedNames":{"nb":"Suicidaltanker - Har du selvmordstanker eller har du ønsket at du var død de siste tre døgn?"},"localizedDescriptions":{"nb":"Tar sikte på følelsen av at livet ikke er verd å leve, at en naturlig død ville være velkommen, suicidale tanker og forberedelse til selvmord."},"aqlPath":"/content[openEHR-EHR-OBSERVATION.madrs.v1]/data[at0001]/events[at0002]/data[at0003]/items[at0013]/value","inputs":[{"type":"CODED_TEXT","list":[{"value":"at0077","label":"Ordinær livslyst, tar det som det kommer","localizedLabels":{"nb":"Ordinær livslyst, tar det som det kommer"},"localizedDescriptions":{"nb":"*"},"ordinal":0},{"value":"at0078","label":"mellom 0 og 2","localizedLabels":{"nb":"mellom 0 og 2"},"localizedDescriptions":{"nb":"*"},"ordinal":1},{"value":"at0079","label":"Lei av livet, men bare flyktige suicidaltanker","localizedLabels":{"nb":"Lei av livet, men bare flyktige suicidaltanker"},"localizedDescriptions":{"nb":"*"},"ordinal":2},{"value":"at0080","label":"mellom 2 og 4","localizedLabels":{"nb":"mellom 2 og 4"},"localizedDescriptions":{"nb":"*"},"ordinal":3},{"value":"at0081","label":"Ville helst være død, suicidaltanker opptrer hyppig, og suicid anses som en mulig løsning uten at det foreligger spesifikke planer eller intensjoner","localizedLabels":{"nb":"Ville helst være død, suicidaltanker opptrer hyppig, og suicid anses som en mulig løsning uten at det foreligger spesifikke planer eller intensjoner"},"localizedDescriptions":{"nb":"*"},"ordinal":4},{"value":"at0082","label":"mellom 4 og 6","localizedLabels":{"nb":"mellom 4 og 6"},"localizedDescriptions":{"nb":"*"},"ordinal":5},{"value":"at0083","label":"Uttalte planer om suicid når anledningen gir seg. Aktive forberedelser for suicid","localizedLabels":{"nb":"Uttalte planer om suicid når anledningen gir seg. Aktive forberedelser for suicid"},"localizedDescriptions":{"nb":"*"},"ordinal":6}]}],"fid":"encounter/madrs/suicidaltanker_-_har_du_selvmordstanker_eller_har_du_ønsket_at_du_var_død_de_siste_tre_døgn","formId":"encounter/madrs/suicidaltanker_-_har_du_selvmordstanker_eller_har_du_ønsket_at_du_var_død_de_siste_tre_døgn","viewConfig":{"annotations":{"CalcId":"felt10"},"size":{"field":"inherit","label":"inherit","fill":"inherit"},"layout":{"field":{"valign":"inherit","align":"inherit"}},"datasource":{"loadRemote":false,"loadRemoteUrl":"","terminology":""},"field":{"input":{"presentation":"combobox"}}},"defaultValue":{"value":""}}]},{"localizedName":"Fieldset","localizedNames":{"nb":"Fieldset"},"min":0,"max":-1,"name":"Fieldset","rmType":"GENERIC_FIELDSET","fid":"generic-field-58164","formId":"generic-field-58164","viewConfig":{"label":{"custom":false,"value":"","useLocalizations":false,"localizationsList":{}},"advanced":{"hidden":false,"readonly":false,"render":false},"multiplicity":{"min":"0","max":"1"},"size":{"field":"inherit","label":"inherit","fill":"inherit"},"layout":{"label":{"valign":"inherit","align":"inherit"},"field":{"valign":"inherit","align":"inherit"}},"tags":["hidelabel"],"field":{},"annotations":{"alerttype":"note"}},"children":[{"name":"MADRS Score","localizedName":"MADRS Score","rmType":"DV_QUANTITY","nodeId":"at0084","min":0,"max":1,"localizedNames":{"nb":"MADRS Score"},"localizedDescriptions":{"nb":"Sum av scoringer på de 10 spørsmålene"},"aqlPath":"/content[openEHR-EHR-OBSERVATION.madrs.v1]/data[at0001]/events[at0002]/data[at0003]/items[at0084]/value","inputs":[{"suffix":"magnitude","type":"DECIMAL","validation":{"range":{"minOp":">=","min":0,"maxOp":"<=","max":60},"precision":{"minOp":">=","min":0,"maxOp":"<=","max":0}}},{"suffix":"unit","type":"CODED_TEXT","list":[{"value":"","label":"","validation":{"range":{"minOp":">=","min":0,"maxOp":"<=","max":60},"precision":{"minOp":">=","min":0,"maxOp":"<=","max":0}}}]}],"fid":"encounter/madrs/madrs_score","formId":"encounter/madrs/madrs_score","defaultValue":{"unit":""},"viewConfig":{"field":{"magnitude":{"presentation":"combobox"},"unit":{"presentation":"combobox"}},"annotations":{"Calc":"felt1 + felt2 + felt3 + felt4 + felt5 + felt6 + felt7 + felt8 + felt9 + felt10"},"size":{"field":"inherit","label":"inherit","fill":"inherit"},"layout":{"label":{"valign":"top","align":"top"},"field":{"valign":"inherit","align":"inherit"}},"datasource":{"loadRemote":false,"loadRemoteUrl":"","terminology":""},"label":{"custom":false,"value":"","useLocalizations":false,"localizationsList":{}},"advanced":{"hidden":false,"readonly":false},"multiplicity":{"min":"0","max":"1"},"tags":[]}},{"name":"Tidspunkt for vurdering","localizedName":"Tidspunkt for vurdering","rmType":"DV_DATE_TIME","nodeId":"at0085","min":0,"max":1,"localizedNames":{"nb":"Tidspunkt for vurdering"},"localizedDescriptions":{"nb":"*"},"aqlPath":"/content[openEHR-EHR-OBSERVATION.madrs.v1]/data[at0001]/events[at0002]/data[at0003]/items[at0085]/value","inputs":[{"type":"DATETIME"}],"fid":"encounter/madrs/tidspunkt_for_vurdering","formId":"encounter/madrs/tidspunkt_for_vurdering","defaultValue":{"value":""},"viewConfig":{"annotations":{"TemplateVariable":"[Sys.Now]"},"size":{"field":"inherit","label":"inherit","fill":"inherit"},"layout":{"label":{"valign":"top","align":"top"},"field":{"valign":"inherit","align":"inherit"}},"datasource":{"loadRemote":false,"loadRemoteUrl":"","terminology":""},"label":{"custom":false,"value":"","useLocalizations":false,"localizationsList":{}},"advanced":{"hidden":false,"readonly":false},"multiplicity":{"min":"0","max":"1"},"tags":[],"field":{"input":{"dateFormat":"","hideDate":false,"hideTime":false}}}}]},{"max":-1,"min":0,"rmType":"GENERIC_SPACER","fid":"generic-field-40674","formId":"generic-field-40674","viewConfig":{}},{"localizedName":"Fieldset","localizedNames":{"nb":"MADRS skjema (Montgomery and Åsberg Depression Rating Scale)"},"min":0,"max":-1,"name":"Fieldset","rmType":"GENERIC_FIELDSET","fid":"generic-field-81016","formId":"generic-field-81016","viewConfig":{"label":{"custom":true,"value":"MADRS skjema (Montgomery and Åsberg Depression Rating Scale)","useLocalizations":true,"localizationsList":{"nb":"MADRS skjema (Montgomery and Åsberg Depression Rating Scale)"}},"advanced":{"hidden":false,"readonly":false,"render":false},"multiplicity":{"min":"0","max":"1"},"size":{"field":"inherit","label":"inherit","fill":"inherit"},"layout":{"label":{"valign":"top","align":"top"},"field":{"valign":"inherit","align":"inherit"}},"field":{},"tags":["HideLabel"]},"children":[{"name":"Synlig tristhet - legeobservert","localizedName":"Synlig tristhet - legeobservert","rmType":"DV_ORDINAL","nodeId":"at0004","min":0,"max":1,"localizedNames":{"nb":"Synlig tristhet - legeobservert"},"localizedDescriptions":{"nb":"Sikter på dysterhet, tungsinn, fortvilelse (mer enn bare vanlig forbigående dårlig humør) slik det avspeiler seg i tale, mimikk og holdning. Gradér på grunnlag av dybde og manglende evne til å lysne opp."},"aqlPath":"/content[openEHR-EHR-OBSERVATION.madrs.v1]/data[at0001]/events[at0002]/data[at0003]/items[at0004]/value","inputs":[{"type":"CODED_TEXT","list":[{"value":"at0016","label":"Ingen tristhet","localizedLabels":{"nb":"Ingen tristhet"},"localizedDescriptions":{"nb":"*"},"ordinal":0},{"value":"at0017","label":"mellom 0 og 2","localizedLabels":{"nb":"mellom 0 og 2"},"localizedDescriptions":{"nb":"*"},"ordinal":1},{"value":"at0018","label":"Ser trist og humørløs ut, men kan leilighetsvis lyse opp","localizedLabels":{"nb":"Ser trist og humørløs ut, men kan leilighetsvis lyse opp"},"localizedDescriptions":{"nb":"*"},"ordinal":2},{"value":"at0019","label":"mellom 2 og 4","localizedLabels":{"nb":"mellom 2 og 4"},"localizedDescriptions":{"nb":"*"},"ordinal":3},{"value":"at0020","label":"Virker trist og ulykkelig hele tiden","localizedLabels":{"nb":"Virker trist og ulykkelig hele tiden"},"localizedDescriptions":{"nb":"*"},"ordinal":4},{"value":"at0021","label":"mellom 4 og 6","localizedLabels":{"nb":"mellom 4 og 6"},"localizedDescriptions":{"nb":"*"},"ordinal":5},{"value":"at0022","label":"Ekstrem og vedvarende tristhet og fortvilelse","localizedLabels":{"nb":"Ekstrem og vedvarende tristhet og fortvilelse"},"localizedDescriptions":{"nb":"*"},"ordinal":6}]}],"fid":"encounter/madrs/synlig_tristhet_-_legeobservert","formId":"encounter/madrs/synlig_tristhet_-_legeobservert","viewConfig":{"annotations":{"CalcId":"felt1"},"size":{"field":"inherit","label":"inherit","fill":"inherit"},"layout":{"field":{"valign":"inherit","align":"inherit"}},"datasource":{"loadRemote":false,"loadRemoteUrl":"","terminology":""},"field":{"input":{"presentation":"combobox"}}},"defaultValue":{"value":""}}]}]}