[{"field":"hv_ernaeringrisikovurdering/kroppsmasseindeks/uspesifisert_hendelse/kroppsmasseindeks","conditions":[{"operator":"gt","value":{"magnitude":20.5,"unit":"kg/m2"},"actions":[{"action":"set","target":"hv_ernaeringrisikovurdering/er_kalk_dips/bmi_score","value":{"value":0}}]},{"operator":"lt","value":{"magnitude":20.5,"unit":"kg/m2"},"actions":[{"action":"set","target":"hv_ernaeringrisikovurdering/er_kalk_dips/bmi_score","value":{"value":1}}]},{"operator":"lt","value":{"magnitude":18,"unit":"kg/m2"},"actions":[{"action":"set","target":"hv_ernaeringrisikovurdering/er_kalk_dips/bmi_score","value":{"value":2}}]},{"operator":"empty","value":null,"actions":[{"action":"clear","target":"hv_ernaeringrisikovurdering/er_kalk_dips/bmi_score","value":{"value":2}}]}]},{"field":"hv_ernaeringrisikovurdering/hv_ernaeringsscreening_behandling/planlagt_behandling_som_vil_medføre_vekttap","conditions":[{"operator":"equals","value":{"code":"at0004"},"actions":[{"action":"set","target":"hv_ernaeringrisikovurdering/er_kalk_dips/behandling_score","value":{"value":3}}]},{"operator":"notequals","value":{"code":"at0004"},"actions":[{"action":"set","target":"hv_ernaeringrisikovurdering/er_kalk_dips/behandling_score","value":{"value":0}}]},{"operator":"empty","value":null,"actions":[{"action":"reset","target":"hv_ernaeringrisikovurdering/er_kalk_dips/behandling_score","value":{"value":3}},{"action":"set","target":"hv_ernaeringrisikovurdering/er_kalk_dips/risikoangivelse","value":{"code":"at0019"}}]}]},{"field":"hv_ernaeringrisikovurdering/prosentvis_endring_av_vekt_og_matinntak/matinntak_endring/matinntak_siste_uken","conditions":[{"operator":"empty","value":null,"actions":[{"action":"reset","target":"hv_ernaeringrisikovurdering/er_kalk_dips/matinntak_score","value":{"value":0}},{"action":"set","target":"hv_ernaeringrisikovurdering/er_kalk_dips/risikoangivelse","value":{"code":"at0019"}}]},{"operator":"equals","value":{"code":"at0035"},"actions":[{"action":"set","target":"hv_ernaeringrisikovurdering/er_kalk_dips/matinntak_score","value":{"value":3}}]},{"operator":"equals","value":{"code":"at0036"},"actions":[{"action":"set","target":"hv_ernaeringrisikovurdering/er_kalk_dips/matinntak_score","value":{"value":3}}]},{"operator":"equals","value":{"code":"at0037"},"actions":[{"action":"set","target":"hv_ernaeringrisikovurdering/er_kalk_dips/matinntak_score","value":{"value":3}}]},{"operator":"equals","value":{"code":"at0038"},"actions":[{"action":"set","target":"hv_ernaeringrisikovurdering/er_kalk_dips/matinntak_score","value":{"value":2}}]},{"operator":"equals","value":{"code":"at0039"},"actions":[{"action":"set","target":"hv_ernaeringrisikovurdering/er_kalk_dips/matinntak_score","value":{"value":2}}]},{"operator":"equals","value":{"code":"at0040"},"actions":[{"action":"set","target":"hv_ernaeringrisikovurdering/er_kalk_dips/matinntak_score","value":{"value":1}}]},{"operator":"equals","value":{"code":"at0041"},"actions":[{"action":"set","target":"hv_ernaeringrisikovurdering/er_kalk_dips/matinntak_score","value":{"value":1}}]},{"operator":"equals","value":{"code":"at0042"},"actions":[{"action":"set","target":"hv_ernaeringrisikovurdering/er_kalk_dips/matinntak_score","value":{"value":1}}]},{"operator":"equals","value":{"code":"at0043"},"actions":[{"action":"set","target":"hv_ernaeringrisikovurdering/er_kalk_dips/matinntak_score","value":{"value":0}}]},{"operator":"equals","value":{"code":"at0044"},"actions":[{"action":"set","target":"hv_ernaeringrisikovurdering/er_kalk_dips/matinntak_score","value":{"value":0}}]}]},{"field":"hv_ernaeringrisikovurdering/er_kalk_dips/vt1","conditions":[{"operator":"gt","value":{"value":5},"actions":[{"action":"set","target":"hv_ernaeringrisikovurdering/er_kalk_dips/vt1_score","value":{"value":3}}]},{"operator":"le","value":{"value":5},"actions":[{"action":"set","target":"hv_ernaeringrisikovurdering/er_kalk_dips/vt1_score","value":{"value":0}}]},{"operator":"empty","value":null,"actions":[{"action":"set","target":"hv_ernaeringrisikovurdering/er_kalk_dips/vt1_score","value":{"value":0}}]}]},{"field":"hv_ernaeringrisikovurdering/er_kalk_dips/vt2","conditions":[{"operator":"gt","value":{"value":5},"actions":[{"action":"set","target":"hv_ernaeringrisikovurdering/er_kalk_dips/vt2_score","value":{"value":2}}]},{"operator":"le","value":{"value":5},"actions":[{"action":"set","target":"hv_ernaeringrisikovurdering/er_kalk_dips/vt2_score","value":{"value":0}}]},{"operator":"empty","value":null,"actions":[{"action":"set","target":"hv_ernaeringrisikovurdering/er_kalk_dips/vt2_score","value":{"value":0}}]}]},{"field":"hv_ernaeringrisikovurdering/er_kalk_dips/vt3","conditions":[{"operator":"gt","value":{"value":5},"actions":[{"action":"set","target":"hv_ernaeringrisikovurdering/er_kalk_dips/vt3_score","value":{"value":1}}]},{"operator":"gt","value":{"value":15},"actions":[{"action":"set","target":"hv_ernaeringrisikovurdering/er_kalk_dips/vt3_score","value":{"value":3}}]},{"operator":"le","value":{"value":5},"actions":[{"action":"set","target":"hv_ernaeringrisikovurdering/er_kalk_dips/vt3_score","value":{"value":0}}]},{"operator":"empty","value":null,"actions":[{"action":"set","target":"hv_ernaeringrisikovurdering/er_kalk_dips/vt3_score","value":{"value":0}}]}]},{"field":"hv_ernaeringrisikovurdering/hv_ernaeringsscreening_allmenntilstand/allmenntilstand","conditions":[{"operator":"empty","value":null,"actions":[{"action":"reset","target":"hv_ernaeringrisikovurdering/er_kalk_dips/allmenntilstand_bmi_score","value":{"value":0}},{"action":"set","target":"hv_ernaeringrisikovurdering/er_kalk_dips/risikoangivelse","value":{"code":"at0019"}}]},{"operator":"equals","value":{"code":"at0003"},"actions":[{"action":"set","target":"hv_ernaeringrisikovurdering/er_kalk_dips/allmenntilstand_bmi_score","value":{"value":0}}]},{"operator":"equals","value":{"code":"at0004"},"actions":[{"action":"set","target":"hv_ernaeringrisikovurdering/er_kalk_dips/allmenntilstand_bmi_score","value":{"value":1}}]},{"operator":"equals","value":{"code":"at0005"},"actions":[{"action":"set","target":"hv_ernaeringrisikovurdering/er_kalk_dips/allmenntilstand_bmi_score","value":{"value":0}}]}]},{"field":"hv_ernaeringrisikovurdering/er_kalk_dips/total_score_aldersjustert","conditions":[{"operator":"le","value":{"value":2},"actions":[{"action":"set","target":"hv_ernaeringrisikovurdering/er_kalk_dips/risikoangivelse","value":{"code":"at0020"}}]},{"operator":"gt","value":{"value":2},"actions":[{"action":"set","target":"hv_ernaeringrisikovurdering/er_kalk_dips/risikoangivelse","value":{"code":"at0019"}}]}]},{"field":"hv_ernaeringrisikovurdering/screening_for_ernæringsmessig_risiko/uspesifisert_hendelse/hovedscreening/sykdommens_alvorlighetsgrad","conditions":[{"operator":"empty","value":null,"actions":[{"action":"reset","target":"hv_ernaeringrisikovurdering/er_kalk_dips/sykdommens_alvorlighet_score","value":{"value":0}},{"action":"set","target":"hv_ernaeringrisikovurdering/er_kalk_dips/risikoangivelse","value":{"code":"at0019"}}]},{"operator":"equals","value":{"value":"at0022"},"actions":[{"action":"set","target":"hv_ernaeringrisikovurdering/er_kalk_dips/sykdommens_alvorlighet_score","value":{"value":0}}]},{"operator":"equals","value":{"value":"at0023"},"actions":[{"action":"set","target":"hv_ernaeringrisikovurdering/er_kalk_dips/sykdommens_alvorlighet_score","value":{"value":1}}]},{"operator":"equals","value":{"value":"at0024"},"actions":[{"action":"set","target":"hv_ernaeringrisikovurdering/er_kalk_dips/sykdommens_alvorlighet_score","value":{"value":2}}]},{"operator":"equals","value":{"value":"at0025"},"actions":[{"action":"set","target":"hv_ernaeringrisikovurdering/er_kalk_dips/sykdommens_alvorlighet_score","value":{"value":3}}]}]},{"field":"hv_ernaeringrisikovurdering/er_kalk_dips/risikoangivelse","conditions":[{"operator":"equals","value":{"code":"at0020"},"actions":[{"action":"hide","target":"generic-field-87336","value":{"value":""}},{"action":"show","target":"generic-field-38322","value":{"value":""}}]},{"operator":"equals","value":{"code":"at0019"},"actions":[{"action":"hide","target":"generic-field-38322","value":{"value":""}},{"action":"show","target":"generic-field-87336","value":{"value":""}}]}]}]