[{"col":1,"row":1,"width":3,"height":5,"children":[{"id":"hv_tm_utredningsvertoy_psyk_dips/hv_tm_utredningsverktoy_psyk_dips/any_event/ados-ii/ados-ii","rows":[]}]},{"col":4,"row":1,"width":3,"height":5,"children":[{"id":"hv_tm_utredningsvertoy_psyk_dips/hv_tm_utredningsverktoy_psyk_dips/any_event/hcr-20/hcr-20","rows":[]}]},{"col":7,"row":1,"width":3,"height":5,"children":[{"id":"hv_tm_utredningsvertoy_psyk_dips/hv_tm_utredningsverktoy_psyk_dips/any_event/mini/mini","rows":[]}]},{"col":10,"row":1,"width":3,"height":5,"children":[{"id":"hv_tm_utredningsvertoy_psyk_dips/hv_tm_utredningsverktoy_psyk_dips/any_event/mini_pluss/mini_pluss","rows":[]}]},{"col":1,"row":6,"width":3,"height":5,"children":[{"id":"hv_tm_utredningsvertoy_psyk_dips/hv_tm_utredningsverktoy_psyk_dips/any_event/mmpi-ii/mmpi-ii","rows":[]}]},{"col":4,"row":6,"width":3,"height":5,"children":[{"id":"hv_tm_utredningsvertoy_psyk_dips/hv_tm_utredningsverktoy_psyk_dips/any_event/panss/panss","rows":[]}]},{"col":7,"row":6,"width":3,"height":5,"children":[{"id":"hv_tm_utredningsvertoy_psyk_dips/hv_tm_utredningsverktoy_psyk_dips/any_event/scid-i/scid-i","rows":[]}]},{"col":10,"row":6,"width":3,"height":5,"children":[{"id":"hv_tm_utredningsvertoy_psyk_dips/hv_tm_utredningsverktoy_psyk_dips/any_event/scid-ii/scid-ii","rows":[]}]},{"col":1,"row":11,"width":3,"height":6,"children":[{"id":"hv_tm_utredningsvertoy_psyk_dips/hv_tm_utredningsverktoy_psyk_dips/any_event/vineland/vineland","rows":[]}]},{"col":4,"row":11,"width":3,"height":6,"children":[{"id":"hv_tm_utredningsvertoy_psyk_dips/hv_tm_utredningsverktoy_psyk_dips/any_event/wais-iv/wais-iv","rows":[]}]},{"col":7,"row":11,"width":3,"height":6,"children":[{"id":"hv_tm_utredningsvertoy_psyk_dips/hv_tm_utredningsverktoy_psyk_dips/any_event/wnv/wnv","rows":[]}]},{"col":10,"row":11,"width":3,"height":6,"children":[{"id":"hv_tm_utredningsvertoy_psyk_dips/hv_tm_utredningsverktoy_psyk_dips/any_event/scl-90/scl-90","rows":[]}]},{"col":1,"row":17,"width":3,"height":7,"children":[{"id":"hv_tm_utredningsvertoy_psyk_dips/hv_tm_utredningsverktoy_psyk_dips/any_event/asrs_1.1/asrs_1.1","rows":[]}]},{"col":4,"row":17,"width":3,"height":7,"children":[{"id":"hv_tm_utredningsvertoy_psyk_dips/hv_tm_utredningsverktoy_psyk_dips/any_event/wurs/wurs","rows":[]}]},{"col":7,"row":17,"width":3,"height":7,"children":[{"id":"hv_tm_utredningsvertoy_psyk_dips/hv_tm_utredningsverktoy_psyk_dips/any_event/diva_2.0/diva_2.0","rows":[]}]},{"col":10,"row":17,"width":3,"height":7,"children":[{"id":"hv_tm_utredningsvertoy_psyk_dips/hv_tm_utredningsverktoy_psyk_dips/any_event/breif-a/breif-a","rows":[]}]},{"col":1,"row":24,"width":3,"height":5,"children":[{"id":"hv_tm_utredningsvertoy_psyk_dips/hv_tm_utredningsverktoy_psyk_dips/any_event/iowa/iowa","rows":[]}]},{"col":4,"row":24,"width":3,"height":5,"children":[{"id":"hv_tm_utredningsvertoy_psyk_dips/hv_tm_utredningsverktoy_psyk_dips/any_event/ipds_(iowa)/ipds_(iowa)","rows":[]}]},{"col":7,"row":24,"width":3,"height":5,"children":[{"id":"hv_tm_utredningsvertoy_psyk_dips/hv_tm_utredningsverktoy_psyk_dips/any_event/annet","rows":[]}]},{"col":10,"row":24,"width":3,"height":5,"children":[]},{"col":1,"row":29,"width":12,"height":4,"children":[]},{"col":1,"row":33,"width":4,"height":21,"children":[{"id":"hv_tm_utredningsvertoy_psyk_dips/hv_tm_utredningsverktoy_psyk_dips/any_event/ados-ii","rows":[{"cols":[{"width":"100%","children":[{"id":"hv_tm_utredningsvertoy_psyk_dips/hv_tm_utredningsverktoy_psyk_dips/any_event/ados-ii/planlagt_dato","rows":[]},{"id":"hv_tm_utredningsvertoy_psyk_dips/hv_tm_utredningsverktoy_psyk_dips/any_event/ados-ii/gjennomført_dato","rows":[]},{"id":"hv_tm_utredningsvertoy_psyk_dips/hv_tm_utredningsverktoy_psyk_dips/any_event/ados-ii/merknad","rows":[]}]}]}]},{"id":"hv_tm_utredningsvertoy_psyk_dips/hv_tm_utredningsverktoy_psyk_dips/any_event/mini_pluss","rows":[{"cols":[{"width":"100%","children":[{"id":"hv_tm_utredningsvertoy_psyk_dips/hv_tm_utredningsverktoy_psyk_dips/any_event/mini_pluss/planlagt_dato","rows":[]},{"id":"hv_tm_utredningsvertoy_psyk_dips/hv_tm_utredningsverktoy_psyk_dips/any_event/mini_pluss/gjennomført_dato","rows":[]},{"id":"hv_tm_utredningsvertoy_psyk_dips/hv_tm_utredningsverktoy_psyk_dips/any_event/mini_pluss/merknad","rows":[]}]}]}]}]},{"col":5,"row":33,"width":4,"height":21,"children":[{"id":"hv_tm_utredningsvertoy_psyk_dips/hv_tm_utredningsverktoy_psyk_dips/any_event/mmpi-ii","rows":[{"cols":[{"width":"100%","children":[{"id":"hv_tm_utredningsvertoy_psyk_dips/hv_tm_utredningsverktoy_psyk_dips/any_event/mmpi-ii/planlagt_dato","rows":[]},{"id":"hv_tm_utredningsvertoy_psyk_dips/hv_tm_utredningsverktoy_psyk_dips/any_event/mmpi-ii/gjennomført_dato","rows":[]},{"id":"hv_tm_utredningsvertoy_psyk_dips/hv_tm_utredningsverktoy_psyk_dips/any_event/mmpi-ii/merknad","rows":[]}]}]}]},{"id":"hv_tm_utredningsvertoy_psyk_dips/hv_tm_utredningsverktoy_psyk_dips/any_event/hcr-20","rows":[{"cols":[{"width":"100%","children":[{"id":"hv_tm_utredningsvertoy_psyk_dips/hv_tm_utredningsverktoy_psyk_dips/any_event/hcr-20/planlagt_dato","rows":[]},{"id":"hv_tm_utredningsvertoy_psyk_dips/hv_tm_utredningsverktoy_psyk_dips/any_event/hcr-20/gjennomført_dato","rows":[]},{"id":"hv_tm_utredningsvertoy_psyk_dips/hv_tm_utredningsverktoy_psyk_dips/any_event/hcr-20/merknad","rows":[]}]}]}]}]},{"col":9,"row":33,"width":4,"height":21,"children":[{"id":"hv_tm_utredningsvertoy_psyk_dips/hv_tm_utredningsverktoy_psyk_dips/any_event/panss","rows":[{"cols":[{"width":"100%","children":[{"id":"hv_tm_utredningsvertoy_psyk_dips/hv_tm_utredningsverktoy_psyk_dips/any_event/panss/planlagt_dato","rows":[]},{"id":"hv_tm_utredningsvertoy_psyk_dips/hv_tm_utredningsverktoy_psyk_dips/any_event/panss/gjennomført_dato","rows":[]},{"id":"hv_tm_utredningsvertoy_psyk_dips/hv_tm_utredningsverktoy_psyk_dips/any_event/panss/merknad","rows":[]}]}]}]},{"id":"hv_tm_utredningsvertoy_psyk_dips/hv_tm_utredningsverktoy_psyk_dips/any_event/mini","rows":[{"cols":[{"width":"100%","children":[{"id":"hv_tm_utredningsvertoy_psyk_dips/hv_tm_utredningsverktoy_psyk_dips/any_event/mini/planlagt_dato","rows":[]},{"id":"hv_tm_utredningsvertoy_psyk_dips/hv_tm_utredningsverktoy_psyk_dips/any_event/mini/gjennomført_dato","rows":[]},{"id":"hv_tm_utredningsvertoy_psyk_dips/hv_tm_utredningsverktoy_psyk_dips/any_event/mini/merknad","rows":[]}]}]}]}]},{"col":1,"row":54,"width":4,"height":34,"children":[{"id":"hv_tm_utredningsvertoy_psyk_dips/hv_tm_utredningsverktoy_psyk_dips/any_event/scid_1","rows":[{"cols":[{"width":"100%","children":[{"id":"hv_tm_utredningsvertoy_psyk_dips/hv_tm_utredningsverktoy_psyk_dips/any_event/scid_1/planlagt_dato","rows":[]},{"id":"hv_tm_utredningsvertoy_psyk_dips/hv_tm_utredningsverktoy_psyk_dips/any_event/scid_1/gjennomført_dato","rows":[]},{"id":"hv_tm_utredningsvertoy_psyk_dips/hv_tm_utredningsverktoy_psyk_dips/any_event/scid_1/merknad","rows":[]}]}]}]},{"id":"hv_tm_utredningsvertoy_psyk_dips/hv_tm_utredningsverktoy_psyk_dips/any_event/wais-iv","rows":[{"cols":[{"width":"100%","children":[{"id":"hv_tm_utredningsvertoy_psyk_dips/hv_tm_utredningsverktoy_psyk_dips/any_event/wais-iv/planlagt_dato","rows":[]},{"id":"hv_tm_utredningsvertoy_psyk_dips/hv_tm_utredningsverktoy_psyk_dips/any_event/wais-iv/gjennomført_dato","rows":[]},{"id":"hv_tm_utredningsvertoy_psyk_dips/hv_tm_utredningsverktoy_psyk_dips/any_event/wais-iv/merknad","rows":[]}]}]}]},{"id":"hv_tm_utredningsvertoy_psyk_dips/hv_tm_utredningsverktoy_psyk_dips/any_event/breif-a","rows":[{"cols":[{"width":"100%","children":[{"id":"hv_tm_utredningsvertoy_psyk_dips/hv_tm_utredningsverktoy_psyk_dips/any_event/breif-a/planlagt_dato","rows":[]},{"id":"hv_tm_utredningsvertoy_psyk_dips/hv_tm_utredningsverktoy_psyk_dips/any_event/breif-a/gjennomført_dato","rows":[]},{"id":"hv_tm_utredningsvertoy_psyk_dips/hv_tm_utredningsverktoy_psyk_dips/any_event/breif-a/merknad","rows":[]}]}]}]}]},{"col":5,"row":54,"width":4,"height":34,"children":[{"id":"hv_tm_utredningsvertoy_psyk_dips/hv_tm_utredningsverktoy_psyk_dips/any_event/scid_2","rows":[{"cols":[{"width":"100%","children":[{"id":"hv_tm_utredningsvertoy_psyk_dips/hv_tm_utredningsverktoy_psyk_dips/any_event/scid_2/planlagt_dato","rows":[]},{"id":"hv_tm_utredningsvertoy_psyk_dips/hv_tm_utredningsverktoy_psyk_dips/any_event/scid_2/gjennomført_dato","rows":[]},{"id":"hv_tm_utredningsvertoy_psyk_dips/hv_tm_utredningsverktoy_psyk_dips/any_event/scid_2/merknad","rows":[]}]}]}]},{"id":"hv_tm_utredningsvertoy_psyk_dips/hv_tm_utredningsverktoy_psyk_dips/any_event/wnv","rows":[{"cols":[{"width":"100%","children":[{"id":"hv_tm_utredningsvertoy_psyk_dips/hv_tm_utredningsverktoy_psyk_dips/any_event/wnv/planlagt_dato","rows":[]},{"id":"hv_tm_utredningsvertoy_psyk_dips/hv_tm_utredningsverktoy_psyk_dips/any_event/wnv/gjennomført_dato","rows":[]},{"id":"hv_tm_utredningsvertoy_psyk_dips/hv_tm_utredningsverktoy_psyk_dips/any_event/wnv/merknad","rows":[]}]}]}]},{"id":"hv_tm_utredningsvertoy_psyk_dips/hv_tm_utredningsverktoy_psyk_dips/any_event/iowa","rows":[{"cols":[{"width":"100%","children":[{"id":"hv_tm_utredningsvertoy_psyk_dips/hv_tm_utredningsverktoy_psyk_dips/any_event/iowa/planlagt_dato","rows":[]},{"id":"hv_tm_utredningsvertoy_psyk_dips/hv_tm_utredningsverktoy_psyk_dips/any_event/iowa/gjennomført_dato","rows":[]},{"id":"hv_tm_utredningsvertoy_psyk_dips/hv_tm_utredningsverktoy_psyk_dips/any_event/iowa/merknad","rows":[]}]}]}]}]},{"col":9,"row":54,"width":4,"height":34,"children":[{"id":"hv_tm_utredningsvertoy_psyk_dips/hv_tm_utredningsverktoy_psyk_dips/any_event/vineland","rows":[{"cols":[{"width":"100%","children":[{"id":"hv_tm_utredningsvertoy_psyk_dips/hv_tm_utredningsverktoy_psyk_dips/any_event/vineland/planlagt_dato","rows":[]},{"id":"hv_tm_utredningsvertoy_psyk_dips/hv_tm_utredningsverktoy_psyk_dips/any_event/vineland/gjennomført_dato","rows":[]},{"id":"hv_tm_utredningsvertoy_psyk_dips/hv_tm_utredningsverktoy_psyk_dips/any_event/vineland/merknad","rows":[]}]}]}]},{"id":"hv_tm_utredningsvertoy_psyk_dips/hv_tm_utredningsverktoy_psyk_dips/any_event/scl-90","rows":[{"cols":[{"width":"100%","children":[{"id":"hv_tm_utredningsvertoy_psyk_dips/hv_tm_utredningsverktoy_psyk_dips/any_event/scl-90/planlagt_dato","rows":[]},{"id":"hv_tm_utredningsvertoy_psyk_dips/hv_tm_utredningsverktoy_psyk_dips/any_event/scl-90/gjennomført_dato","rows":[]},{"id":"hv_tm_utredningsvertoy_psyk_dips/hv_tm_utredningsverktoy_psyk_dips/any_event/scl-90/merknad","rows":[]}]}]}]},{"id":"hv_tm_utredningsvertoy_psyk_dips/hv_tm_utredningsverktoy_psyk_dips/any_event/ipds_(iowa)","rows":[{"cols":[{"width":"100%","children":[{"id":"hv_tm_utredningsvertoy_psyk_dips/hv_tm_utredningsverktoy_psyk_dips/any_event/ipds_(iowa)/planlagt_dato","rows":[]},{"id":"hv_tm_utredningsvertoy_psyk_dips/hv_tm_utredningsverktoy_psyk_dips/any_event/ipds_(iowa)/gjennomført_dato","rows":[]},{"id":"hv_tm_utredningsvertoy_psyk_dips/hv_tm_utredningsverktoy_psyk_dips/any_event/ipds_(iowa)/merknad","rows":[]}]}]}]}]},{"col":1,"row":88,"width":4,"height":14,"children":[{"id":"hv_tm_utredningsvertoy_psyk_dips/hv_tm_utredningsverktoy_psyk_dips/any_event/asrs_1.1","rows":[{"cols":[{"width":"100%","children":[{"id":"hv_tm_utredningsvertoy_psyk_dips/hv_tm_utredningsverktoy_psyk_dips/any_event/asrs_1.1/planlagt_dato","rows":[]},{"id":"hv_tm_utredningsvertoy_psyk_dips/hv_tm_utredningsverktoy_psyk_dips/any_event/asrs_1.1/gjennomført_dato","rows":[]},{"id":"hv_tm_utredningsvertoy_psyk_dips/hv_tm_utredningsverktoy_psyk_dips/any_event/asrs_1.1/merknad","rows":[]}]}]}]}]},{"col":5,"row":88,"width":4,"height":14,"children":[{"id":"hv_tm_utredningsvertoy_psyk_dips/hv_tm_utredningsverktoy_psyk_dips/any_event/wurs","rows":[{"cols":[{"width":"100%","children":[{"id":"hv_tm_utredningsvertoy_psyk_dips/hv_tm_utredningsverktoy_psyk_dips/any_event/wurs/planlagt_dato","rows":[]},{"id":"hv_tm_utredningsvertoy_psyk_dips/hv_tm_utredningsverktoy_psyk_dips/any_event/wurs/gjennomført_dato","rows":[]},{"id":"hv_tm_utredningsvertoy_psyk_dips/hv_tm_utredningsverktoy_psyk_dips/any_event/wurs/merknad","rows":[]}]}]}]}]},{"col":9,"row":88,"width":4,"height":14,"children":[{"id":"hv_tm_utredningsvertoy_psyk_dips/hv_tm_utredningsverktoy_psyk_dips/any_event/diva_2.0","rows":[{"cols":[{"width":"100%","children":[{"id":"hv_tm_utredningsvertoy_psyk_dips/hv_tm_utredningsverktoy_psyk_dips/any_event/diva_2.0/planlagt_dato","rows":[]},{"id":"hv_tm_utredningsvertoy_psyk_dips/hv_tm_utredningsverktoy_psyk_dips/any_event/diva_2.0/gjennomført_dato","rows":[]},{"id":"hv_tm_utredningsvertoy_psyk_dips/hv_tm_utredningsverktoy_psyk_dips/any_event/diva_2.0/merknad","rows":[]}]}]}]}]}]