{"name":"Form root","localizedNames":{},"localizedDescriptions":{},"rmType":"FORM_DEFINITION","min":0,"max":0,"formId":"form_root","viewConfig":{"label":{"custom":false,"useLocalizations":false},"size":{"field":"inherit","label":"inherit"},"layout":{"label":{"valign":"inherit","align":"top"},"field":{"valign":"inherit","align":"inherit"}},"annotations":{"reuseComposition":"SELECT c FROM COMPOSITION c[openEHR-EHR-COMPOSITION.hv_tm_utredningsvertoy_psyk_dips.v1] order by c/context/start_time/value desc fetch 1?scope=periodofcare"}},"children":[{"name":"ADOS-II","localizedName":"ADOS-II","localizedNames":{"en":"*ADOS-II (nb)","nb":"ADOS-II"},"localizedDescriptions":{"nb":"*","en":"** (nb)"},"rmType":"DV_CODED_TEXT","nodeId":"at0004","min":0,"max":1,"aqlPath":"/content[openEHR-EHR-OBSERVATION.hv_tm_utredningsverktoy_psyk_dips.v3]/data[at0001]/events[at0002]/data[at0003]/items[at0005]/items[at0004]/value","inputs":[{"suffix":"code","type":"CODED_TEXT","list":[{"value":"at0010","label":"ADOS-II","ordinal":0,"localizedLabels":{"nb":"ADOS-II","en":"*ADOS-II (nb)"},"localizedDescriptions":{"nb":"*","en":"** (nb)"}}],"listOpen":false}],"formId":"hv_tm_utredningsvertoy_psyk_dips/hv_tm_utredningsverktoy_psyk_dips/any_event/ados-ii/ados-ii","viewConfig":{"multiplicity":{"min":0,"max":1},"advanced":{"hidden":false,"readonly":false,"hideFrame":false,"render":false},"label":{"custom":false,"useLocalizations":false},"size":{"field":"inherit","label":"-1"},"layout":{"label":{"valign":"inherit","align":"inherit"},"field":{"valign":"inherit","align":"inherit"}},"annotations":{"nullflavour":"271"},"field":{"code":{"presentation":"radios","columns":"1"}},"tags":["HideLabel"]}},{"name":"HCR-20","localizedName":"HCR-20","localizedNames":{"en":"*HCR-20 (nb)","nb":"HCR-20"},"localizedDescriptions":{"nb":"*","en":"** (nb)"},"rmType":"DV_CODED_TEXT","nodeId":"at0017","min":0,"max":1,"aqlPath":"/content[openEHR-EHR-OBSERVATION.hv_tm_utredningsverktoy_psyk_dips.v3]/data[at0001]/events[at0002]/data[at0003]/items[at0016]/items[at0017]/value","inputs":[{"suffix":"code","type":"CODED_TEXT","list":[{"value":"at0018","label":"HCR-20","ordinal":0,"localizedLabels":{"nb":"HCR-20","en":"*HCR-20 (nb)"},"localizedDescriptions":{"nb":"*","en":"** (nb)"}}],"listOpen":false}],"formId":"hv_tm_utredningsvertoy_psyk_dips/hv_tm_utredningsverktoy_psyk_dips/any_event/hcr-20/hcr-20","viewConfig":{"multiplicity":{"min":0,"max":1},"advanced":{"hidden":false,"readonly":false,"hideFrame":false,"render":false},"label":{"custom":false,"useLocalizations":false},"size":{"field":"inherit","label":"-1"},"layout":{"label":{"valign":"inherit","align":"inherit"},"field":{"valign":"inherit","align":"inherit"}},"annotations":{},"field":{"code":{"presentation":"radios","columns":"1"}},"tags":["HideLabel"]}},{"name":"Mini","localizedName":"Mini","localizedNames":{"en":"*Mini (nb)","nb":"Mini"},"localizedDescriptions":{"nb":"*","en":"** (nb)"},"rmType":"DV_CODED_TEXT","nodeId":"at0011","min":0,"max":1,"aqlPath":"/content[openEHR-EHR-OBSERVATION.hv_tm_utredningsverktoy_psyk_dips.v3]/data[at0001]/events[at0002]/data[at0003]/items[at0009]/items[at0011]/value","inputs":[{"suffix":"code","type":"CODED_TEXT","list":[{"value":"at0012","label":"Mini","ordinal":0,"localizedLabels":{"nb":"Mini","en":"*Mini (nb)"},"localizedDescriptions":{"nb":"*","en":"** (nb)"}}],"listOpen":false}],"formId":"hv_tm_utredningsvertoy_psyk_dips/hv_tm_utredningsverktoy_psyk_dips/any_event/mini/mini","viewConfig":{"multiplicity":{"min":0,"max":1},"advanced":{"hidden":false,"readonly":false,"hideFrame":false,"render":false},"label":{"custom":false,"useLocalizations":false},"size":{"field":"inherit","label":"-1"},"layout":{"label":{"valign":"inherit","align":"inherit"},"field":{"valign":"inherit","align":"inherit"}},"annotations":{},"field":{"code":{"presentation":"radios","columns":"1"}},"tags":["HideLabel"]}},{"name":"Mini pluss","localizedName":"Mini pluss","localizedNames":{"en":"*Mini pluss (nb)","nb":"Mini pluss"},"localizedDescriptions":{"nb":"*","en":"** (nb)"},"rmType":"DV_CODED_TEXT","nodeId":"at0022","min":0,"max":1,"aqlPath":"/content[openEHR-EHR-OBSERVATION.hv_tm_utredningsverktoy_psyk_dips.v3]/data[at0001]/events[at0002]/data[at0003]/items[at0021]/items[at0022]/value","inputs":[{"suffix":"code","type":"CODED_TEXT","list":[{"value":"at0023","label":"Mini pluss","ordinal":0,"localizedLabels":{"nb":"Mini pluss","en":"*Mini pluss (nb)"},"localizedDescriptions":{"nb":"*","en":"** (nb)"}}],"listOpen":false}],"formId":"hv_tm_utredningsvertoy_psyk_dips/hv_tm_utredningsverktoy_psyk_dips/any_event/mini_pluss/mini_pluss","viewConfig":{"multiplicity":{"min":0,"max":1},"advanced":{"hidden":false,"readonly":false,"hideFrame":false,"render":false},"label":{"custom":false,"useLocalizations":false},"size":{"field":"inherit","label":"-1"},"layout":{"label":{"valign":"inherit","align":"inherit"},"field":{"valign":"inherit","align":"inherit"}},"annotations":{},"field":{"code":{"presentation":"radios","columns":"1"}},"tags":["HideLabel"]}},{"name":"MMPI-II","localizedName":"MMPI-II","localizedNames":{"en":"*MMPI-II (nb)","nb":"MMPI-II"},"localizedDescriptions":{"nb":"*","en":"** (nb)"},"rmType":"DV_CODED_TEXT","nodeId":"at0058","min":0,"max":1,"aqlPath":"/content[openEHR-EHR-OBSERVATION.hv_tm_utredningsverktoy_psyk_dips.v3]/data[at0001]/events[at0002]/data[at0003]/items[at0057]/items[at0058]/value","inputs":[{"suffix":"code","type":"CODED_TEXT","list":[{"value":"at0059","label":"MMPI-II","ordinal":0,"localizedLabels":{"nb":"MMPI-II","en":"*MMPI-II (nb)"},"localizedDescriptions":{"nb":"*","en":"** (nb)"}}],"listOpen":false}],"formId":"hv_tm_utredningsvertoy_psyk_dips/hv_tm_utredningsverktoy_psyk_dips/any_event/mmpi-ii/mmpi-ii","viewConfig":{"multiplicity":{"min":0,"max":1},"advanced":{"hidden":false,"readonly":false,"hideFrame":false,"render":false},"label":{"custom":false,"useLocalizations":false},"size":{"field":"inherit","label":"-1"},"layout":{"label":{"valign":"inherit","align":"inherit"},"field":{"valign":"inherit","align":"inherit"}},"annotations":{},"field":{"code":{"presentation":"radios","columns":"1"}},"tags":["HideLabel"]}},{"name":"PANSS","localizedName":"PANSS","localizedNames":{"en":"*PANSS (nb)","nb":"PANSS"},"localizedDescriptions":{"nb":"*","en":"** (nb)"},"rmType":"DV_CODED_TEXT","nodeId":"at0028","min":0,"max":1,"aqlPath":"/content[openEHR-EHR-OBSERVATION.hv_tm_utredningsverktoy_psyk_dips.v3]/data[at0001]/events[at0002]/data[at0003]/items[at0027]/items[at0028]/value","inputs":[{"suffix":"code","type":"CODED_TEXT","list":[{"value":"at0029","label":"PANNS","ordinal":0,"localizedLabels":{"nb":"PANNS","en":"*PANNS (nb)"},"localizedDescriptions":{"nb":"*","en":"** (nb)"}}],"listOpen":false}],"formId":"hv_tm_utredningsvertoy_psyk_dips/hv_tm_utredningsverktoy_psyk_dips/any_event/panss/panss","viewConfig":{"multiplicity":{"min":0,"max":1},"advanced":{"hidden":false,"readonly":false,"hideFrame":false,"render":false},"label":{"custom":false,"useLocalizations":false},"size":{"field":"inherit","label":"-1"},"layout":{"label":{"valign":"inherit","align":"inherit"},"field":{"valign":"inherit","align":"inherit"}},"annotations":{},"field":{"code":{"presentation":"radios","columns":"1"}},"tags":["HideLabel"]}},{"name":"SCID-I","localizedName":"SCID-I","localizedNames":{"en":"*SCID-I (nb)","nb":"SCID-I"},"localizedDescriptions":{"nb":"*","en":"** (nb)"},"rmType":"DV_CODED_TEXT","nodeId":"at0034","min":0,"max":1,"aqlPath":"/content[openEHR-EHR-OBSERVATION.hv_tm_utredningsverktoy_psyk_dips.v3]/data[at0001]/events[at0002]/data[at0003]/items[at0033]/items[at0034]/value","inputs":[{"suffix":"code","type":"CODED_TEXT","list":[{"value":"at0035","label":"SCID-I","ordinal":0,"localizedLabels":{"nb":"SCID-I","en":"*SCID-I (nb)"},"localizedDescriptions":{"nb":"*","en":"** (nb)"}}],"listOpen":false}],"formId":"hv_tm_utredningsvertoy_psyk_dips/hv_tm_utredningsverktoy_psyk_dips/any_event/scid-i/scid-i","viewConfig":{"multiplicity":{"min":0,"max":1},"advanced":{"hidden":false,"readonly":false,"hideFrame":false,"render":false},"label":{"custom":false,"useLocalizations":false},"size":{"field":"inherit","label":"-1"},"layout":{"label":{"valign":"inherit","align":"inherit"},"field":{"valign":"inherit","align":"inherit"}},"annotations":{},"field":{"code":{"presentation":"radios","columns":"1"}},"tags":["HideLabel"]}},{"name":"SCID-II","localizedName":"SCID-II","localizedNames":{"en":"*SCID-II (nb)","nb":"SCID-II"},"localizedDescriptions":{"nb":"*","en":"** (nb)"},"rmType":"DV_CODED_TEXT","nodeId":"at0040","min":0,"max":1,"aqlPath":"/content[openEHR-EHR-OBSERVATION.hv_tm_utredningsverktoy_psyk_dips.v3]/data[at0001]/events[at0002]/data[at0003]/items[at0039]/items[at0040]/value","inputs":[{"suffix":"code","type":"CODED_TEXT","list":[{"value":"at0041","label":"SCID-II","ordinal":0,"localizedLabels":{"nb":"SCID-II","en":"*SCID-II (nb)"},"localizedDescriptions":{"nb":"*","en":"** (nb)"}}],"listOpen":false}],"formId":"hv_tm_utredningsvertoy_psyk_dips/hv_tm_utredningsverktoy_psyk_dips/any_event/scid-ii/scid-ii","viewConfig":{"multiplicity":{"min":0,"max":1},"advanced":{"hidden":false,"readonly":false,"hideFrame":false,"render":false},"label":{"custom":false,"useLocalizations":false},"size":{"field":"inherit","label":"-1"},"layout":{"label":{"valign":"inherit","align":"inherit"},"field":{"valign":"inherit","align":"inherit"}},"annotations":{},"field":{"code":{"presentation":"radios","columns":"1"}},"tags":["HideLabel"]}},{"name":"Vineland","localizedName":"Vineland","localizedNames":{"en":"*Vineland (nb)","nb":"Vineland"},"localizedDescriptions":{"nb":"*","en":"** (nb)"},"rmType":"DV_CODED_TEXT","nodeId":"at0046","min":0,"max":1,"aqlPath":"/content[openEHR-EHR-OBSERVATION.hv_tm_utredningsverktoy_psyk_dips.v3]/data[at0001]/events[at0002]/data[at0003]/items[at0045]/items[at0046]/value","inputs":[{"suffix":"code","type":"CODED_TEXT","list":[{"value":"at0047","label":"Vineland","ordinal":0,"localizedLabels":{"nb":"Vineland","en":"*Vineland (nb)"},"localizedDescriptions":{"nb":"*","en":"** (nb)"}}],"listOpen":false}],"formId":"hv_tm_utredningsvertoy_psyk_dips/hv_tm_utredningsverktoy_psyk_dips/any_event/vineland/vineland","viewConfig":{"multiplicity":{"min":0,"max":1},"advanced":{"hidden":false,"readonly":false,"hideFrame":false,"render":false},"label":{"custom":false,"useLocalizations":false},"size":{"field":"inherit","label":"-1"},"layout":{"label":{"valign":"inherit","align":"inherit"},"field":{"valign":"inherit","align":"inherit"}},"annotations":{},"field":{"code":{"presentation":"radios","columns":"1"}},"tags":["HideLabel"]}},{"name":"WAIS-IV","localizedName":"WAIS-IV","localizedNames":{"en":"*WAIS-IV (nb)","nb":"WAIS-IV"},"localizedDescriptions":{"nb":"*","en":"** (nb)"},"rmType":"DV_CODED_TEXT","nodeId":"at0052","min":0,"max":1,"aqlPath":"/content[openEHR-EHR-OBSERVATION.hv_tm_utredningsverktoy_psyk_dips.v3]/data[at0001]/events[at0002]/data[at0003]/items[at0051]/items[at0052]/value","inputs":[{"suffix":"code","type":"CODED_TEXT","list":[{"value":"at0053","label":"WAIS-IV","ordinal":0,"localizedLabels":{"nb":"WAIS-IV","en":"*WAIS-IV (nb)"},"localizedDescriptions":{"nb":"*","en":"** (nb)"}}],"listOpen":false}],"formId":"hv_tm_utredningsvertoy_psyk_dips/hv_tm_utredningsverktoy_psyk_dips/any_event/wais-iv/wais-iv","viewConfig":{"multiplicity":{"min":0,"max":1},"advanced":{"hidden":false,"readonly":false,"hideFrame":false,"render":false},"label":{"custom":false,"useLocalizations":false},"size":{"field":"inherit","label":"-1"},"layout":{"label":{"valign":"inherit","align":"inherit"},"field":{"valign":"inherit","align":"inherit"}},"annotations":{},"field":{"code":{"presentation":"radios","columns":"1"}},"tags":["HideLabel"]}},{"name":"WNV","localizedName":"WNV","localizedNames":{"en":"*WNV (nb)","nb":"WNV"},"localizedDescriptions":{"nb":"*","en":"** (nb)"},"rmType":"DV_CODED_TEXT","nodeId":"at0064","min":0,"max":1,"aqlPath":"/content[openEHR-EHR-OBSERVATION.hv_tm_utredningsverktoy_psyk_dips.v3]/data[at0001]/events[at0002]/data[at0003]/items[at0063]/items[at0064]/value","inputs":[{"suffix":"code","type":"CODED_TEXT","list":[{"value":"at0065","label":"WNV","ordinal":0,"localizedLabels":{"nb":"WNV","en":"*WNV (nb)"},"localizedDescriptions":{"nb":"*","en":"** (nb)"}}],"listOpen":false}],"formId":"hv_tm_utredningsvertoy_psyk_dips/hv_tm_utredningsverktoy_psyk_dips/any_event/wnv/wnv","viewConfig":{"multiplicity":{"min":0,"max":1},"advanced":{"hidden":false,"readonly":false,"hideFrame":false,"render":false},"label":{"custom":false,"useLocalizations":false},"size":{"field":"inherit","label":"-1"},"layout":{"label":{"valign":"inherit","align":"inherit"},"field":{"valign":"inherit","align":"inherit"}},"annotations":{},"field":{"code":{"presentation":"radios","columns":"1"}},"tags":["HideLabel"]}},{"name":"SCL-90","localizedName":"SCL-90","localizedNames":{"en":"*SCL-90 (nb)","nb":"SCL-90"},"localizedDescriptions":{"nb":"*","en":"** (nb)"},"rmType":"DV_CODED_TEXT","nodeId":"at0079","min":0,"max":1,"aqlPath":"/content[openEHR-EHR-OBSERVATION.hv_tm_utredningsverktoy_psyk_dips.v3]/data[at0001]/events[at0002]/data[at0003]/items[at0072]/items[at0079]/value","inputs":[{"suffix":"code","type":"CODED_TEXT","list":[{"value":"at0107","label":"SCL-90","ordinal":0,"localizedLabels":{"nb":"SCL-90","en":"*SCL-90 (nb)"},"localizedDescriptions":{"nb":"*","en":"** (nb)"}}],"listOpen":false}],"formId":"hv_tm_utredningsvertoy_psyk_dips/hv_tm_utredningsverktoy_psyk_dips/any_event/scl-90/scl-90","viewConfig":{"multiplicity":{"min":0,"max":1},"advanced":{"hidden":false,"readonly":false,"hideFrame":false,"render":false},"label":{"custom":false,"useLocalizations":false},"size":{"field":"inherit","label":"-1"},"layout":{"label":{"valign":"inherit","align":"inherit"},"field":{"valign":"inherit","align":"inherit"}},"annotations":{},"field":{"code":{"presentation":"radios","columns":"1"}},"tags":["HideLabel"]}},{"name":"ASRS 1.1","localizedName":"ASRS 1.1","localizedNames":{"en":"*ASRS 1.1 (nb)","nb":"ASRS 1.1"},"localizedDescriptions":{"nb":"*","en":"** (nb)"},"rmType":"DV_CODED_TEXT","nodeId":"at0080","min":0,"max":1,"aqlPath":"/content[openEHR-EHR-OBSERVATION.hv_tm_utredningsverktoy_psyk_dips.v3]/data[at0001]/events[at0002]/data[at0003]/items[at0073]/items[at0080]/value","inputs":[{"suffix":"code","type":"CODED_TEXT","list":[{"value":"at0108","label":"ASRS 1.1","ordinal":0,"localizedLabels":{"nb":"ASRS 1.1","en":"*ASRS 1.1 (nb)"},"localizedDescriptions":{"nb":"*","en":"** (nb)"}}],"listOpen":false}],"formId":"hv_tm_utredningsvertoy_psyk_dips/hv_tm_utredningsverktoy_psyk_dips/any_event/asrs_1.1/asrs_1.1","viewConfig":{"multiplicity":{"min":0,"max":1},"advanced":{"hidden":false,"readonly":false,"hideFrame":false,"render":false},"label":{"custom":false,"useLocalizations":false},"size":{"field":"inherit","label":"-1"},"layout":{"label":{"valign":"inherit","align":"inherit"},"field":{"valign":"inherit","align":"inherit"}},"annotations":{},"field":{"code":{"presentation":"radios","columns":"1"}},"tags":["HideLabel"]}},{"name":"WURS","localizedName":"WURS","localizedNames":{"en":"*WURS (nb)","nb":"WURS"},"localizedDescriptions":{"nb":"*","en":"** (nb)"},"rmType":"DV_CODED_TEXT","nodeId":"at0081","min":0,"max":1,"aqlPath":"/content[openEHR-EHR-OBSERVATION.hv_tm_utredningsverktoy_psyk_dips.v3]/data[at0001]/events[at0002]/data[at0003]/items[at0074]/items[at0081]/value","inputs":[{"suffix":"code","type":"CODED_TEXT","list":[{"value":"at0109","label":"WURS","ordinal":0,"localizedLabels":{"nb":"WURS","en":"*WURS (nb)"},"localizedDescriptions":{"nb":"*","en":"** (nb)"}}],"listOpen":false}],"formId":"hv_tm_utredningsvertoy_psyk_dips/hv_tm_utredningsverktoy_psyk_dips/any_event/wurs/wurs","viewConfig":{"multiplicity":{"min":0,"max":1},"advanced":{"hidden":false,"readonly":false,"hideFrame":false,"render":false},"label":{"custom":false,"useLocalizations":false},"size":{"field":"inherit","label":"-1"},"layout":{"label":{"valign":"inherit","align":"inherit"},"field":{"valign":"inherit","align":"inherit"}},"annotations":{},"field":{"code":{"presentation":"radios","columns":"1"}},"tags":["HideLabel"]}},{"name":"DIVA 2.0","localizedName":"DIVA 2.0","localizedNames":{"en":"*DIVA 2.0 (nb)","nb":"DIVA 2.0"},"localizedDescriptions":{"nb":"*","en":"** (nb)"},"rmType":"DV_CODED_TEXT","nodeId":"at0082","min":0,"max":1,"aqlPath":"/content[openEHR-EHR-OBSERVATION.hv_tm_utredningsverktoy_psyk_dips.v3]/data[at0001]/events[at0002]/data[at0003]/items[at0075]/items[at0082]/value","inputs":[{"suffix":"code","type":"CODED_TEXT","list":[{"value":"at0110","label":"DIVA 2.0","ordinal":0,"localizedLabels":{"nb":"DIVA 2.0","en":"*DIVA 2.0 (nb)"},"localizedDescriptions":{"nb":"*","en":"** (nb)"}}],"listOpen":false}],"formId":"hv_tm_utredningsvertoy_psyk_dips/hv_tm_utredningsverktoy_psyk_dips/any_event/diva_2.0/diva_2.0","viewConfig":{"multiplicity":{"min":0,"max":1},"advanced":{"hidden":false,"readonly":false,"hideFrame":false,"render":false},"label":{"custom":false,"useLocalizations":false},"size":{"field":"inherit","label":"-1"},"layout":{"label":{"valign":"inherit","align":"inherit"},"field":{"valign":"inherit","align":"inherit"}},"annotations":{},"field":{"code":{"presentation":"radios","columns":"1"}},"tags":["HideLabel"]}},{"name":"BREIF-A","localizedName":"BREIF-A","localizedNames":{"en":"*BREIF-A (nb)","nb":"BREIF-A"},"localizedDescriptions":{"nb":"*","en":"** (nb)"},"rmType":"DV_CODED_TEXT","nodeId":"at0083","min":0,"max":1,"aqlPath":"/content[openEHR-EHR-OBSERVATION.hv_tm_utredningsverktoy_psyk_dips.v3]/data[at0001]/events[at0002]/data[at0003]/items[at0076]/items[at0083]/value","inputs":[{"suffix":"code","type":"CODED_TEXT","list":[{"value":"at0111","label":"BREIF-A","ordinal":0,"localizedLabels":{"nb":"BREIF-A","en":"*BREIF-A (nb)"},"localizedDescriptions":{"nb":"*","en":"** (nb)"}}],"listOpen":false}],"formId":"hv_tm_utredningsvertoy_psyk_dips/hv_tm_utredningsverktoy_psyk_dips/any_event/breif-a/breif-a","viewConfig":{"multiplicity":{"min":0,"max":1},"advanced":{"hidden":false,"readonly":false,"hideFrame":false,"render":false},"label":{"custom":false,"useLocalizations":false},"size":{"field":"inherit","label":"-1"},"layout":{"label":{"valign":"inherit","align":"inherit"},"field":{"valign":"inherit","align":"inherit"}},"annotations":{},"field":{"code":{"presentation":"radios","columns":"1"}},"tags":["HideLabel"]}},{"name":"IOWA","localizedName":"IOWA","localizedNames":{"en":"*IOWA (nb)","nb":"IOWA"},"localizedDescriptions":{"nb":"*","en":"** (nb)"},"rmType":"DV_CODED_TEXT","nodeId":"at0084","min":0,"max":1,"aqlPath":"/content[openEHR-EHR-OBSERVATION.hv_tm_utredningsverktoy_psyk_dips.v3]/data[at0001]/events[at0002]/data[at0003]/items[at0077]/items[at0084]/value","inputs":[{"suffix":"code","type":"CODED_TEXT","list":[{"value":"at0112","label":"IOWA","ordinal":0,"localizedLabels":{"nb":"IOWA","en":"*IOWA (nb)"},"localizedDescriptions":{"nb":"*","en":"** (nb)"}}],"listOpen":false}],"formId":"hv_tm_utredningsvertoy_psyk_dips/hv_tm_utredningsverktoy_psyk_dips/any_event/iowa/iowa","viewConfig":{"multiplicity":{"min":0,"max":1},"advanced":{"hidden":false,"readonly":false,"hideFrame":false,"render":false},"label":{"custom":false,"useLocalizations":false},"size":{"field":"inherit","label":"-1"},"layout":{"label":{"valign":"inherit","align":"inherit"},"field":{"valign":"inherit","align":"inherit"}},"annotations":{},"field":{"code":{"presentation":"radios","columns":"1"}},"tags":["HideLabel"]}},{"name":"IPDS (IOWA)","localizedName":"IPDS (IOWA)","localizedNames":{"en":"*IPDS (IOWA) (nb)","nb":"IPDS (IOWA)"},"localizedDescriptions":{"nb":"*","en":"** (nb)"},"rmType":"DV_CODED_TEXT","nodeId":"at0085","min":0,"max":1,"aqlPath":"/content[openEHR-EHR-OBSERVATION.hv_tm_utredningsverktoy_psyk_dips.v3]/data[at0001]/events[at0002]/data[at0003]/items[at0078]/items[at0085]/value","inputs":[{"suffix":"code","type":"CODED_TEXT","list":[{"value":"at0113","label":"IPDS (IOWA)","ordinal":0,"localizedLabels":{"nb":"IPDS (IOWA)","en":"*IPDS (IOWA) (nb)"},"localizedDescriptions":{"nb":"*","en":"** (nb)"}}],"listOpen":false}],"formId":"hv_tm_utredningsvertoy_psyk_dips/hv_tm_utredningsverktoy_psyk_dips/any_event/ipds_(iowa)/ipds_(iowa)","viewConfig":{"multiplicity":{"min":0,"max":1},"advanced":{"hidden":false,"readonly":false,"hideFrame":false,"render":false},"label":{"custom":false,"useLocalizations":false},"size":{"field":"inherit","label":"-1"},"layout":{"label":{"valign":"inherit","align":"inherit"},"field":{"valign":"inherit","align":"inherit"}},"annotations":{},"field":{"code":{"presentation":"radios","columns":"1"}},"tags":["HideLabel"]}},{"name":"Annet","localizedName":"Annet","localizedNames":{"en":"*Annet (nb)","nb":"Annet"},"localizedDescriptions":{"nb":"*","en":"** (nb)"},"rmType":"DV_TEXT","nodeId":"at0071","min":0,"max":1,"aqlPath":"/content[openEHR-EHR-OBSERVATION.hv_tm_utredningsverktoy_psyk_dips.v3]/data[at0001]/events[at0002]/data[at0003]/items[at0071]/value","inputs":[{"type":"TEXT","list":[],"listOpen":false}],"formId":"hv_tm_utredningsvertoy_psyk_dips/hv_tm_utredningsverktoy_psyk_dips/any_event/annet","viewConfig":{"multiplicity":{"min":0,"max":1},"advanced":{"hidden":false,"readonly":false,"hideFrame":false,"render":false},"label":{"custom":false,"useLocalizations":false},"size":{"field":"inherit","label":"inherit"},"layout":{"label":{"valign":"inherit","align":"inherit"},"field":{"valign":"inherit","align":"inherit"}},"datasource":{"loadRemote":false,"parameters":{}},"annotations":{"nullflavour":"271"},"field":{"lines":"5","input":{"lines":5}}}},{"name":"ADOS-II","localizedName":"ADOS-II","localizedNames":{"en":"*ADOS-II (nb)","nb":"ADOS-II"},"localizedDescriptions":{"nb":"*","en":"** (nb)"},"rmType":"CLUSTER","nodeId":"at0005","min":0,"max":1,"aqlPath":"/content[openEHR-EHR-OBSERVATION.hv_tm_utredningsverktoy_psyk_dips.v3]/data[at0001]/events[at0002]/data[at0003]/items[at0005]","inputs":[],"formId":"hv_tm_utredningsvertoy_psyk_dips/hv_tm_utredningsverktoy_psyk_dips/any_event/ados-ii","viewConfig":{"multiplicity":{"min":0,"max":1},"advanced":{"hidden":false,"readonly":false,"hideFrame":false,"render":false},"label":{"custom":false,"useLocalizations":false},"size":{"field":"inherit","label":"inherit"},"layout":{"label":{"valign":"inherit","align":"inherit"},"field":{"valign":"inherit","align":"inherit"}},"annotations":{"nullflavour":"271"},"field":{}},"children":[{"name":"Planlagt dato","localizedName":"Planlagt dato","localizedNames":{"en":"*Planlagt dato (nb)","nb":"Planlagt dato"},"localizedDescriptions":{"nb":"*","en":"** (nb)"},"rmType":"DV_DATE_TIME","nodeId":"at0006","min":0,"max":1,"aqlPath":"/content[openEHR-EHR-OBSERVATION.hv_tm_utredningsverktoy_psyk_dips.v3]/data[at0001]/events[at0002]/data[at0003]/items[at0005]/items[at0006]/value","inputs":[{"type":"DATETIME","listOpen":false}],"formId":"hv_tm_utredningsvertoy_psyk_dips/hv_tm_utredningsverktoy_psyk_dips/any_event/ados-ii/planlagt_dato","viewConfig":{"multiplicity":{"min":0,"max":1},"advanced":{"hidden":false,"readonly":false,"hideFrame":false,"render":false},"label":{"custom":false,"useLocalizations":false},"size":{"field":"inherit","label":"inherit"},"layout":{"label":{"valign":"inherit","align":"inherit"},"field":{"valign":"inherit","align":"inherit"}},"annotations":{},"field":{"input":{"hideTime":false,"dateFormat":"","hideDate":false}}}},{"name":"Gjennomført dato","localizedName":"Gjennomført dato","localizedNames":{"en":"*Gjennomført dato (nb)","nb":"Gjennomført dato"},"localizedDescriptions":{"nb":"*","en":"** (nb)"},"rmType":"DV_DATE_TIME","nodeId":"at0007","min":0,"max":1,"aqlPath":"/content[openEHR-EHR-OBSERVATION.hv_tm_utredningsverktoy_psyk_dips.v3]/data[at0001]/events[at0002]/data[at0003]/items[at0005]/items[at0007]/value","inputs":[{"type":"DATETIME","listOpen":false}],"formId":"hv_tm_utredningsvertoy_psyk_dips/hv_tm_utredningsverktoy_psyk_dips/any_event/ados-ii/gjennomført_dato","viewConfig":{"multiplicity":{"min":0,"max":1},"advanced":{"hidden":false,"readonly":false,"hideFrame":false,"render":false},"label":{"custom":false,"useLocalizations":false},"size":{"field":"inherit","label":"inherit"},"layout":{"label":{"valign":"inherit","align":"inherit"},"field":{"valign":"inherit","align":"inherit"}},"annotations":{},"field":{"input":{"hideTime":false,"dateFormat":"","hideDate":false}}}},{"name":"Merknad","localizedName":"Merknad","localizedNames":{"en":"*Merknad (nb)","nb":"Merknad"},"localizedDescriptions":{"nb":"*","en":"** (nb)"},"rmType":"DV_TEXT","nodeId":"at0008","min":0,"max":1,"aqlPath":"/content[openEHR-EHR-OBSERVATION.hv_tm_utredningsverktoy_psyk_dips.v3]/data[at0001]/events[at0002]/data[at0003]/items[at0005]/items[at0008]/value","inputs":[{"type":"TEXT","list":[],"listOpen":false}],"formId":"hv_tm_utredningsvertoy_psyk_dips/hv_tm_utredningsverktoy_psyk_dips/any_event/ados-ii/merknad","viewConfig":{"multiplicity":{"min":0,"max":1},"advanced":{"hidden":false,"readonly":false,"hideFrame":false,"render":false},"label":{"custom":false,"useLocalizations":false},"size":{"field":"inherit","label":"inherit"},"layout":{"label":{"valign":"inherit","align":"inherit"},"field":{"valign":"inherit","align":"inherit"}},"datasource":{"loadRemote":false,"parameters":{}},"annotations":{},"field":{"lines":null,"input":{}}}}]},{"name":"Mini pluss","localizedName":"Mini pluss","localizedNames":{"en":"*Mini pluss (nb)","nb":"Mini pluss"},"localizedDescriptions":{"nb":"*","en":"** (nb)"},"rmType":"CLUSTER","nodeId":"at0021","min":0,"max":1,"aqlPath":"/content[openEHR-EHR-OBSERVATION.hv_tm_utredningsverktoy_psyk_dips.v3]/data[at0001]/events[at0002]/data[at0003]/items[at0021]","inputs":[],"formId":"hv_tm_utredningsvertoy_psyk_dips/hv_tm_utredningsverktoy_psyk_dips/any_event/mini_pluss","viewConfig":{"multiplicity":{"min":0,"max":1},"advanced":{"hidden":false,"readonly":false,"hideFrame":false,"render":false},"label":{"custom":false,"useLocalizations":false},"size":{"field":"inherit","label":"inherit"},"layout":{"label":{"valign":"inherit","align":"inherit"},"field":{"valign":"inherit","align":"inherit"}},"annotations":{},"field":{}},"children":[{"name":"Planlagt dato","localizedName":"Planlagt dato","localizedNames":{"en":"*Planlagt dato (nb)","nb":"Planlagt dato"},"localizedDescriptions":{"nb":"*","en":"** (nb)"},"rmType":"DV_DATE_TIME","nodeId":"at0024","min":0,"max":1,"aqlPath":"/content[openEHR-EHR-OBSERVATION.hv_tm_utredningsverktoy_psyk_dips.v3]/data[at0001]/events[at0002]/data[at0003]/items[at0021]/items[at0024]/value","inputs":[{"type":"DATETIME","listOpen":false}],"formId":"hv_tm_utredningsvertoy_psyk_dips/hv_tm_utredningsverktoy_psyk_dips/any_event/mini_pluss/planlagt_dato","viewConfig":{"multiplicity":{"min":0,"max":1},"advanced":{"hidden":false,"readonly":false,"hideFrame":false,"render":false},"label":{"custom":false,"useLocalizations":false},"size":{"field":"inherit","label":"inherit"},"layout":{"label":{"valign":"inherit","align":"inherit"},"field":{"valign":"inherit","align":"inherit"}},"annotations":{},"field":{"input":{"hideTime":false,"dateFormat":"","hideDate":false}}}},{"name":"Gjennomført dato","localizedName":"Gjennomført dato","localizedNames":{"en":"*Gjennomført dato (nb)","nb":"Gjennomført dato"},"localizedDescriptions":{"nb":"*","en":"** (nb)"},"rmType":"DV_DATE_TIME","nodeId":"at0025","min":0,"max":1,"aqlPath":"/content[openEHR-EHR-OBSERVATION.hv_tm_utredningsverktoy_psyk_dips.v3]/data[at0001]/events[at0002]/data[at0003]/items[at0021]/items[at0025]/value","inputs":[{"type":"DATETIME","listOpen":false}],"formId":"hv_tm_utredningsvertoy_psyk_dips/hv_tm_utredningsverktoy_psyk_dips/any_event/mini_pluss/gjennomført_dato","viewConfig":{"multiplicity":{"min":0,"max":1},"advanced":{"hidden":false,"readonly":false,"hideFrame":false,"render":false},"label":{"custom":false,"useLocalizations":false},"size":{"field":"inherit","label":"inherit"},"layout":{"label":{"valign":"inherit","align":"inherit"},"field":{"valign":"inherit","align":"inherit"}},"annotations":{},"field":{"input":{"hideTime":false,"dateFormat":"","hideDate":false}}}},{"name":"Merknad","localizedName":"Merknad","localizedNames":{"en":"*Merknad (nb)","nb":"Merknad"},"localizedDescriptions":{"nb":"*","en":"** (nb)"},"rmType":"DV_TEXT","nodeId":"at0026","min":0,"max":1,"aqlPath":"/content[openEHR-EHR-OBSERVATION.hv_tm_utredningsverktoy_psyk_dips.v3]/data[at0001]/events[at0002]/data[at0003]/items[at0021]/items[at0026]/value","inputs":[{"type":"TEXT","list":[],"listOpen":false}],"formId":"hv_tm_utredningsvertoy_psyk_dips/hv_tm_utredningsverktoy_psyk_dips/any_event/mini_pluss/merknad","viewConfig":{"multiplicity":{"min":0,"max":1},"advanced":{"hidden":false,"readonly":false,"hideFrame":false,"render":false},"label":{"custom":false,"useLocalizations":false},"size":{"field":"inherit","label":"inherit"},"layout":{"label":{"valign":"inherit","align":"inherit"},"field":{"valign":"inherit","align":"inherit"}},"datasource":{"loadRemote":false,"parameters":{}},"annotations":{},"field":{"lines":null,"input":{}}}}]},{"name":"MMPI-II","localizedName":"MMPI-II","localizedNames":{"en":"*MMPI-II (nb)","nb":"MMPI-II"},"localizedDescriptions":{"nb":"*","en":"** (nb)"},"rmType":"CLUSTER","nodeId":"at0057","min":0,"max":1,"aqlPath":"/content[openEHR-EHR-OBSERVATION.hv_tm_utredningsverktoy_psyk_dips.v3]/data[at0001]/events[at0002]/data[at0003]/items[at0057]","inputs":[],"formId":"hv_tm_utredningsvertoy_psyk_dips/hv_tm_utredningsverktoy_psyk_dips/any_event/mmpi-ii","viewConfig":{"multiplicity":{"min":0,"max":1},"advanced":{"hidden":false,"readonly":false,"hideFrame":false,"render":false},"label":{"custom":false,"useLocalizations":false},"size":{"field":"inherit","label":"inherit"},"layout":{"label":{"valign":"inherit","align":"inherit"},"field":{"valign":"inherit","align":"inherit"}},"annotations":{},"field":{}},"children":[{"name":"Planlagt dato","localizedName":"Planlagt dato","localizedNames":{"en":"*Planlagt dato (nb)","nb":"Planlagt dato"},"localizedDescriptions":{"nb":"*","en":"** (nb)"},"rmType":"DV_DATE_TIME","nodeId":"at0060","min":0,"max":1,"aqlPath":"/content[openEHR-EHR-OBSERVATION.hv_tm_utredningsverktoy_psyk_dips.v3]/data[at0001]/events[at0002]/data[at0003]/items[at0057]/items[at0060]/value","inputs":[{"type":"DATETIME","listOpen":false}],"formId":"hv_tm_utredningsvertoy_psyk_dips/hv_tm_utredningsverktoy_psyk_dips/any_event/mmpi-ii/planlagt_dato","viewConfig":{"multiplicity":{"min":0,"max":1},"advanced":{"hidden":false,"readonly":false,"hideFrame":false,"render":false},"label":{"custom":false,"useLocalizations":false},"size":{"field":"inherit","label":"inherit"},"layout":{"label":{"valign":"inherit","align":"inherit"},"field":{"valign":"inherit","align":"inherit"}},"annotations":{},"field":{"input":{"hideTime":false,"dateFormat":"","hideDate":false}}}},{"name":"Gjennomført dato","localizedName":"Gjennomført dato","localizedNames":{"en":"*Gjennomført dato (nb)","nb":"Gjennomført dato"},"localizedDescriptions":{"nb":"*","en":"** (nb)"},"rmType":"DV_DATE_TIME","nodeId":"at0061","min":0,"max":1,"aqlPath":"/content[openEHR-EHR-OBSERVATION.hv_tm_utredningsverktoy_psyk_dips.v3]/data[at0001]/events[at0002]/data[at0003]/items[at0057]/items[at0061]/value","inputs":[{"type":"DATETIME","listOpen":false}],"formId":"hv_tm_utredningsvertoy_psyk_dips/hv_tm_utredningsverktoy_psyk_dips/any_event/mmpi-ii/gjennomført_dato","viewConfig":{"multiplicity":{"min":0,"max":1},"advanced":{"hidden":false,"readonly":false,"hideFrame":false,"render":false},"label":{"custom":false,"useLocalizations":false},"size":{"field":"inherit","label":"inherit"},"layout":{"label":{"valign":"inherit","align":"inherit"},"field":{"valign":"inherit","align":"inherit"}},"annotations":{},"field":{"input":{"hideTime":false,"dateFormat":"","hideDate":false}}}},{"name":"Merknad","localizedName":"Merknad","localizedNames":{"en":"*Merknad (nb)","nb":"Merknad"},"localizedDescriptions":{"nb":"*","en":"** (nb)"},"rmType":"DV_TEXT","nodeId":"at0062","min":0,"max":1,"aqlPath":"/content[openEHR-EHR-OBSERVATION.hv_tm_utredningsverktoy_psyk_dips.v3]/data[at0001]/events[at0002]/data[at0003]/items[at0057]/items[at0062]/value","inputs":[{"type":"TEXT","list":[],"listOpen":false}],"formId":"hv_tm_utredningsvertoy_psyk_dips/hv_tm_utredningsverktoy_psyk_dips/any_event/mmpi-ii/merknad","viewConfig":{"multiplicity":{"min":0,"max":1},"advanced":{"hidden":false,"readonly":false,"hideFrame":false,"render":false},"label":{"custom":false,"useLocalizations":false},"size":{"field":"inherit","label":"inherit"},"layout":{"label":{"valign":"inherit","align":"inherit"},"field":{"valign":"inherit","align":"inherit"}},"datasource":{"loadRemote":false,"parameters":{}},"annotations":{},"field":{"lines":null,"input":{}}}}]},{"name":"HCR-20","localizedName":"HCR-20","localizedNames":{"en":"*HCR-20 (nb)","nb":"HCR-20"},"localizedDescriptions":{"nb":"*","en":"** (nb)"},"rmType":"CLUSTER","nodeId":"at0016","min":0,"max":1,"aqlPath":"/content[openEHR-EHR-OBSERVATION.hv_tm_utredningsverktoy_psyk_dips.v3]/data[at0001]/events[at0002]/data[at0003]/items[at0016]","inputs":[],"formId":"hv_tm_utredningsvertoy_psyk_dips/hv_tm_utredningsverktoy_psyk_dips/any_event/hcr-20","viewConfig":{"multiplicity":{"min":0,"max":1},"advanced":{"hidden":false,"readonly":false,"hideFrame":false,"render":false},"label":{"custom":false,"useLocalizations":false},"size":{"field":"inherit","label":"inherit"},"layout":{"label":{"valign":"inherit","align":"inherit"},"field":{"valign":"inherit","align":"inherit"}},"annotations":{},"field":{}},"children":[{"name":"Planlagt dato","localizedName":"Planlagt dato","localizedNames":{"en":"*Planlagt dato (nb)","nb":"Planlagt dato"},"localizedDescriptions":{"nb":"*","en":"** (nb)"},"rmType":"DV_DATE_TIME","nodeId":"at0019","min":0,"max":1,"aqlPath":"/content[openEHR-EHR-OBSERVATION.hv_tm_utredningsverktoy_psyk_dips.v3]/data[at0001]/events[at0002]/data[at0003]/items[at0016]/items[at0019]/value","inputs":[{"type":"DATETIME","listOpen":false}],"formId":"hv_tm_utredningsvertoy_psyk_dips/hv_tm_utredningsverktoy_psyk_dips/any_event/hcr-20/planlagt_dato","viewConfig":{"multiplicity":{"min":0,"max":1},"advanced":{"hidden":false,"readonly":false,"hideFrame":false,"render":false},"label":{"custom":false,"useLocalizations":false},"size":{"field":"inherit","label":"inherit"},"layout":{"label":{"valign":"inherit","align":"inherit"},"field":{"valign":"inherit","align":"inherit"}},"annotations":{},"field":{"input":{"hideTime":false,"dateFormat":"","hideDate":false}}}},{"name":"Gjennomført dato","localizedName":"Gjennomført dato","localizedNames":{"en":"*Gjennomført dato (nb)","nb":"Gjennomført dato"},"localizedDescriptions":{"nb":"*","en":"** (nb)"},"rmType":"DV_DATE_TIME","nodeId":"at0020","min":0,"max":1,"aqlPath":"/content[openEHR-EHR-OBSERVATION.hv_tm_utredningsverktoy_psyk_dips.v3]/data[at0001]/events[at0002]/data[at0003]/items[at0016]/items[at0020]/value","inputs":[{"type":"DATETIME","listOpen":false}],"formId":"hv_tm_utredningsvertoy_psyk_dips/hv_tm_utredningsverktoy_psyk_dips/any_event/hcr-20/gjennomført_dato","viewConfig":{"multiplicity":{"min":0,"max":1},"advanced":{"hidden":false,"readonly":false,"hideFrame":false,"render":false},"label":{"custom":false,"useLocalizations":false},"size":{"field":"inherit","label":"inherit"},"layout":{"label":{"valign":"inherit","align":"inherit"},"field":{"valign":"inherit","align":"inherit"}},"annotations":{},"field":{"input":{"hideTime":false,"dateFormat":"","hideDate":false}}}},{"name":"Merknad","localizedName":"Merknad","localizedNames":{"en":"*Merknad (nb)","nb":"Merknad"},"localizedDescriptions":{"nb":"*","en":"** (nb)"},"rmType":"DV_TEXT","nodeId":"at0070","min":0,"max":1,"aqlPath":"/content[openEHR-EHR-OBSERVATION.hv_tm_utredningsverktoy_psyk_dips.v3]/data[at0001]/events[at0002]/data[at0003]/items[at0016]/items[at0070]/value","inputs":[{"type":"TEXT","list":[],"listOpen":false}],"formId":"hv_tm_utredningsvertoy_psyk_dips/hv_tm_utredningsverktoy_psyk_dips/any_event/hcr-20/merknad","viewConfig":{"multiplicity":{"min":0,"max":1},"advanced":{"hidden":false,"readonly":false,"hideFrame":false,"render":false},"label":{"custom":false,"useLocalizations":false},"size":{"field":"inherit","label":"inherit"},"layout":{"label":{"valign":"inherit","align":"inherit"},"field":{"valign":"inherit","align":"inherit"}},"datasource":{"loadRemote":false,"parameters":{}},"annotations":{},"field":{"lines":null,"input":{}}}}]},{"name":"PANSS","localizedName":"PANSS","localizedNames":{"en":"*PANSS (nb)","nb":"PANSS"},"localizedDescriptions":{"nb":"*","en":"** (nb)"},"rmType":"CLUSTER","nodeId":"at0027","min":0,"max":1,"aqlPath":"/content[openEHR-EHR-OBSERVATION.hv_tm_utredningsverktoy_psyk_dips.v3]/data[at0001]/events[at0002]/data[at0003]/items[at0027]","inputs":[],"formId":"hv_tm_utredningsvertoy_psyk_dips/hv_tm_utredningsverktoy_psyk_dips/any_event/panss","viewConfig":{"multiplicity":{"min":0,"max":1},"advanced":{"hidden":false,"readonly":false,"hideFrame":false,"render":false},"label":{"custom":false,"useLocalizations":false},"size":{"field":"inherit","label":"inherit"},"layout":{"label":{"valign":"inherit","align":"inherit"},"field":{"valign":"inherit","align":"inherit"}},"annotations":{},"field":{}},"children":[{"name":"Planlagt dato","localizedName":"Planlagt dato","localizedNames":{"en":"*Planlagt dato (nb)","nb":"Planlagt dato"},"localizedDescriptions":{"nb":"*","en":"** (nb)"},"rmType":"DV_DATE_TIME","nodeId":"at0030","min":0,"max":1,"aqlPath":"/content[openEHR-EHR-OBSERVATION.hv_tm_utredningsverktoy_psyk_dips.v3]/data[at0001]/events[at0002]/data[at0003]/items[at0027]/items[at0030]/value","inputs":[{"type":"DATETIME","listOpen":false}],"formId":"hv_tm_utredningsvertoy_psyk_dips/hv_tm_utredningsverktoy_psyk_dips/any_event/panss/planlagt_dato","viewConfig":{"multiplicity":{"min":0,"max":1},"advanced":{"hidden":false,"readonly":false,"hideFrame":false,"render":false},"label":{"custom":false,"useLocalizations":false},"size":{"field":"inherit","label":"inherit"},"layout":{"label":{"valign":"inherit","align":"inherit"},"field":{"valign":"inherit","align":"inherit"}},"annotations":{},"field":{"input":{"hideTime":false,"dateFormat":"","hideDate":false}}}},{"name":"Gjennomført dato","localizedName":"Gjennomført dato","localizedNames":{"en":"*Gjennomført dato (nb)","nb":"Gjennomført dato"},"localizedDescriptions":{"nb":"*","en":"** (nb)"},"rmType":"DV_DATE_TIME","nodeId":"at0031","min":0,"max":1,"aqlPath":"/content[openEHR-EHR-OBSERVATION.hv_tm_utredningsverktoy_psyk_dips.v3]/data[at0001]/events[at0002]/data[at0003]/items[at0027]/items[at0031]/value","inputs":[{"type":"DATETIME","listOpen":false}],"formId":"hv_tm_utredningsvertoy_psyk_dips/hv_tm_utredningsverktoy_psyk_dips/any_event/panss/gjennomført_dato","viewConfig":{"multiplicity":{"min":0,"max":1},"advanced":{"hidden":false,"readonly":false,"hideFrame":false,"render":false},"label":{"custom":false,"useLocalizations":false},"size":{"field":"inherit","label":"inherit"},"layout":{"label":{"valign":"inherit","align":"inherit"},"field":{"valign":"inherit","align":"inherit"}},"annotations":{},"field":{"input":{"hideTime":false,"dateFormat":"","hideDate":false}}}},{"name":"Merknad","localizedName":"Merknad","localizedNames":{"en":"*Merknad (nb)","nb":"Merknad"},"localizedDescriptions":{"nb":"*","en":"** (nb)"},"rmType":"DV_TEXT","nodeId":"at0032","min":0,"max":1,"aqlPath":"/content[openEHR-EHR-OBSERVATION.hv_tm_utredningsverktoy_psyk_dips.v3]/data[at0001]/events[at0002]/data[at0003]/items[at0027]/items[at0032]/value","inputs":[{"type":"TEXT","list":[],"listOpen":false}],"formId":"hv_tm_utredningsvertoy_psyk_dips/hv_tm_utredningsverktoy_psyk_dips/any_event/panss/merknad","viewConfig":{"multiplicity":{"min":0,"max":1},"advanced":{"hidden":false,"readonly":false,"hideFrame":false,"render":false},"label":{"custom":false,"useLocalizations":false},"size":{"field":"inherit","label":"inherit"},"layout":{"label":{"valign":"inherit","align":"inherit"},"field":{"valign":"inherit","align":"inherit"}},"datasource":{"loadRemote":false,"parameters":{}},"annotations":{},"field":{"lines":null,"input":{}}}}]},{"name":"Mini","localizedName":"Mini","localizedNames":{"en":"*Mini (nb)","nb":"Mini"},"localizedDescriptions":{"nb":"*","en":"** (nb)"},"rmType":"CLUSTER","nodeId":"at0009","min":0,"max":1,"aqlPath":"/content[openEHR-EHR-OBSERVATION.hv_tm_utredningsverktoy_psyk_dips.v3]/data[at0001]/events[at0002]/data[at0003]/items[at0009]","inputs":[],"formId":"hv_tm_utredningsvertoy_psyk_dips/hv_tm_utredningsverktoy_psyk_dips/any_event/mini","viewConfig":{"multiplicity":{"min":0,"max":1},"advanced":{"hidden":false,"readonly":false,"hideFrame":false,"render":false},"label":{"custom":false,"useLocalizations":false},"size":{"field":"inherit","label":"inherit"},"layout":{"label":{"valign":"inherit","align":"inherit"},"field":{"valign":"inherit","align":"inherit"}},"annotations":{},"field":{}},"children":[{"name":"Planlagt dato","localizedName":"Planlagt dato","localizedNames":{"en":"*Planlagt dato (nb)","nb":"Planlagt dato"},"localizedDescriptions":{"nb":"*","en":"** (nb)"},"rmType":"DV_DATE_TIME","nodeId":"at0013","min":0,"max":1,"aqlPath":"/content[openEHR-EHR-OBSERVATION.hv_tm_utredningsverktoy_psyk_dips.v3]/data[at0001]/events[at0002]/data[at0003]/items[at0009]/items[at0013]/value","inputs":[{"type":"DATETIME","listOpen":false}],"formId":"hv_tm_utredningsvertoy_psyk_dips/hv_tm_utredningsverktoy_psyk_dips/any_event/mini/planlagt_dato","viewConfig":{"multiplicity":{"min":0,"max":1},"advanced":{"hidden":false,"readonly":false,"hideFrame":false,"render":false},"label":{"custom":false,"useLocalizations":false},"size":{"field":"inherit","label":"inherit"},"layout":{"label":{"valign":"inherit","align":"inherit"},"field":{"valign":"inherit","align":"inherit"}},"annotations":{},"field":{"input":{"hideTime":false,"dateFormat":"","hideDate":false}}}},{"name":"Gjennomført dato","localizedName":"Gjennomført dato","localizedNames":{"en":"*Gjennomført dato (nb)","nb":"Gjennomført dato"},"localizedDescriptions":{"nb":"*","en":"** (nb)"},"rmType":"DV_DATE_TIME","nodeId":"at0014","min":0,"max":1,"aqlPath":"/content[openEHR-EHR-OBSERVATION.hv_tm_utredningsverktoy_psyk_dips.v3]/data[at0001]/events[at0002]/data[at0003]/items[at0009]/items[at0014]/value","inputs":[{"type":"DATETIME","listOpen":false}],"formId":"hv_tm_utredningsvertoy_psyk_dips/hv_tm_utredningsverktoy_psyk_dips/any_event/mini/gjennomført_dato","viewConfig":{"multiplicity":{"min":0,"max":1},"advanced":{"hidden":false,"readonly":false,"hideFrame":false,"render":false},"label":{"custom":false,"useLocalizations":false},"size":{"field":"inherit","label":"inherit"},"layout":{"label":{"valign":"inherit","align":"inherit"},"field":{"valign":"inherit","align":"inherit"}},"annotations":{},"field":{"input":{"hideTime":false,"dateFormat":"","hideDate":false}}}},{"name":"Merknad","localizedName":"Merknad","localizedNames":{"en":"*Merknad (nb)","nb":"Merknad"},"localizedDescriptions":{"nb":"*","en":"** (nb)"},"rmType":"DV_TEXT","nodeId":"at0015","min":0,"max":1,"aqlPath":"/content[openEHR-EHR-OBSERVATION.hv_tm_utredningsverktoy_psyk_dips.v3]/data[at0001]/events[at0002]/data[at0003]/items[at0009]/items[at0015]/value","inputs":[{"type":"TEXT","list":[],"listOpen":false}],"formId":"hv_tm_utredningsvertoy_psyk_dips/hv_tm_utredningsverktoy_psyk_dips/any_event/mini/merknad","viewConfig":{"multiplicity":{"min":0,"max":1},"advanced":{"hidden":false,"readonly":false,"hideFrame":false,"render":false},"label":{"custom":false,"useLocalizations":false},"size":{"field":"inherit","label":"inherit"},"layout":{"label":{"valign":"inherit","align":"inherit"},"field":{"valign":"inherit","align":"inherit"}},"datasource":{"loadRemote":false,"parameters":{}},"annotations":{},"field":{"lines":null,"input":{}}}}]},{"name":"Scid 1","localizedName":"Scid 1","localizedNames":{"en":"*Scid 1 (nb)","nb":"SCID-I"},"localizedDescriptions":{"nb":"*","en":"** (nb)"},"rmType":"CLUSTER","nodeId":"at0033","min":0,"max":1,"aqlPath":"/content[openEHR-EHR-OBSERVATION.hv_tm_utredningsverktoy_psyk_dips.v3]/data[at0001]/events[at0002]/data[at0003]/items[at0033]","inputs":[],"formId":"hv_tm_utredningsvertoy_psyk_dips/hv_tm_utredningsverktoy_psyk_dips/any_event/scid_1","viewConfig":{"multiplicity":{"min":0,"max":1},"advanced":{"hidden":false,"readonly":false,"hideFrame":false,"render":false},"label":{"custom":false,"useLocalizations":false},"size":{"field":"inherit","label":"inherit"},"layout":{"label":{"valign":"inherit","align":"inherit"},"field":{"valign":"inherit","align":"inherit"}},"annotations":{},"field":{}},"children":[{"name":"Planlagt dato","localizedName":"Planlagt dato","localizedNames":{"en":"*Planlagt dato (nb)","nb":"Planlagt dato"},"localizedDescriptions":{"nb":"*","en":"** (nb)"},"rmType":"DV_DATE_TIME","nodeId":"at0036","min":0,"max":1,"aqlPath":"/content[openEHR-EHR-OBSERVATION.hv_tm_utredningsverktoy_psyk_dips.v3]/data[at0001]/events[at0002]/data[at0003]/items[at0033]/items[at0036]/value","inputs":[{"type":"DATETIME","listOpen":false}],"formId":"hv_tm_utredningsvertoy_psyk_dips/hv_tm_utredningsverktoy_psyk_dips/any_event/scid_1/planlagt_dato","viewConfig":{"multiplicity":{"min":0,"max":1},"advanced":{"hidden":false,"readonly":false,"hideFrame":false,"render":false},"label":{"custom":false,"useLocalizations":false},"size":{"field":"inherit","label":"inherit"},"layout":{"label":{"valign":"inherit","align":"inherit"},"field":{"valign":"inherit","align":"inherit"}},"annotations":{},"field":{"input":{"hideTime":false,"dateFormat":"","hideDate":false}}}},{"name":"Gjennomført dato","localizedName":"Gjennomført dato","localizedNames":{"en":"*Gjennomført dato (nb)","nb":"Gjennomført dato"},"localizedDescriptions":{"nb":"*","en":"** (nb)"},"rmType":"DV_DATE_TIME","nodeId":"at0037","min":0,"max":1,"aqlPath":"/content[openEHR-EHR-OBSERVATION.hv_tm_utredningsverktoy_psyk_dips.v3]/data[at0001]/events[at0002]/data[at0003]/items[at0033]/items[at0037]/value","inputs":[{"type":"DATETIME","listOpen":false}],"formId":"hv_tm_utredningsvertoy_psyk_dips/hv_tm_utredningsverktoy_psyk_dips/any_event/scid_1/gjennomført_dato","viewConfig":{"multiplicity":{"min":0,"max":1},"advanced":{"hidden":false,"readonly":false,"hideFrame":false,"render":false},"label":{"custom":false,"useLocalizations":false},"size":{"field":"inherit","label":"inherit"},"layout":{"label":{"valign":"inherit","align":"inherit"},"field":{"valign":"inherit","align":"inherit"}},"annotations":{},"field":{"input":{"hideTime":false,"dateFormat":"","hideDate":false}}}},{"name":"Merknad","localizedName":"Merknad","localizedNames":{"en":"*Merknad (nb)","nb":"Merknad"},"localizedDescriptions":{"nb":"*","en":"** (nb)"},"rmType":"DV_TEXT","nodeId":"at0038","min":0,"max":1,"aqlPath":"/content[openEHR-EHR-OBSERVATION.hv_tm_utredningsverktoy_psyk_dips.v3]/data[at0001]/events[at0002]/data[at0003]/items[at0033]/items[at0038]/value","inputs":[{"type":"TEXT","list":[],"listOpen":false}],"formId":"hv_tm_utredningsvertoy_psyk_dips/hv_tm_utredningsverktoy_psyk_dips/any_event/scid_1/merknad","viewConfig":{"multiplicity":{"min":0,"max":1},"advanced":{"hidden":false,"readonly":false,"hideFrame":false,"render":false},"label":{"custom":false,"useLocalizations":false},"size":{"field":"inherit","label":"inherit"},"layout":{"label":{"valign":"inherit","align":"inherit"},"field":{"valign":"inherit","align":"inherit"}},"datasource":{"loadRemote":false,"parameters":{}},"annotations":{},"field":{"lines":null,"input":{}}}}]},{"name":"Wais-IV","localizedName":"Wais-IV","localizedNames":{"en":"*Wais-IV (nb)","nb":"WAIS-IV"},"localizedDescriptions":{"nb":"*","en":"** (nb)"},"rmType":"CLUSTER","nodeId":"at0051","min":0,"max":1,"aqlPath":"/content[openEHR-EHR-OBSERVATION.hv_tm_utredningsverktoy_psyk_dips.v3]/data[at0001]/events[at0002]/data[at0003]/items[at0051]","inputs":[],"formId":"hv_tm_utredningsvertoy_psyk_dips/hv_tm_utredningsverktoy_psyk_dips/any_event/wais-iv","viewConfig":{"multiplicity":{"min":0,"max":1},"advanced":{"hidden":false,"readonly":false,"hideFrame":false,"render":false},"label":{"custom":false,"useLocalizations":false},"size":{"field":"inherit","label":"inherit"},"layout":{"label":{"valign":"inherit","align":"inherit"},"field":{"valign":"inherit","align":"inherit"}},"annotations":{},"field":{}},"children":[{"name":"Planlagt dato","localizedName":"Planlagt dato","localizedNames":{"en":"*Planlagt dato (nb)","nb":"Planlagt dato"},"localizedDescriptions":{"nb":"*","en":"** (nb)"},"rmType":"DV_DATE_TIME","nodeId":"at0054","min":0,"max":1,"aqlPath":"/content[openEHR-EHR-OBSERVATION.hv_tm_utredningsverktoy_psyk_dips.v3]/data[at0001]/events[at0002]/data[at0003]/items[at0051]/items[at0054]/value","inputs":[{"type":"DATETIME","listOpen":false}],"formId":"hv_tm_utredningsvertoy_psyk_dips/hv_tm_utredningsverktoy_psyk_dips/any_event/wais-iv/planlagt_dato","viewConfig":{"multiplicity":{"min":0,"max":1},"advanced":{"hidden":false,"readonly":false,"hideFrame":false,"render":false},"label":{"custom":false,"useLocalizations":false},"size":{"field":"inherit","label":"inherit"},"layout":{"label":{"valign":"inherit","align":"inherit"},"field":{"valign":"inherit","align":"inherit"}},"annotations":{},"field":{"input":{"hideTime":false,"dateFormat":"","hideDate":false}}}},{"name":"Gjennomført dato","localizedName":"Gjennomført dato","localizedNames":{"en":"*Gjennomført dato (nb)","nb":"Gjennomført dato"},"localizedDescriptions":{"nb":"*","en":"** (nb)"},"rmType":"DV_DATE_TIME","nodeId":"at0055","min":0,"max":1,"aqlPath":"/content[openEHR-EHR-OBSERVATION.hv_tm_utredningsverktoy_psyk_dips.v3]/data[at0001]/events[at0002]/data[at0003]/items[at0051]/items[at0055]/value","inputs":[{"type":"DATETIME","listOpen":false}],"formId":"hv_tm_utredningsvertoy_psyk_dips/hv_tm_utredningsverktoy_psyk_dips/any_event/wais-iv/gjennomført_dato","viewConfig":{"multiplicity":{"min":0,"max":1},"advanced":{"hidden":false,"readonly":false,"hideFrame":false,"render":false},"label":{"custom":false,"useLocalizations":false},"size":{"field":"inherit","label":"inherit"},"layout":{"label":{"valign":"inherit","align":"inherit"},"field":{"valign":"inherit","align":"inherit"}},"annotations":{},"field":{"input":{"hideTime":false,"dateFormat":"","hideDate":false}}}},{"name":"Merknad","localizedName":"Merknad","localizedNames":{"en":"*Merknad (nb)","nb":"Merknad"},"localizedDescriptions":{"nb":"*","en":"** (nb)"},"rmType":"DV_TEXT","nodeId":"at0056","min":0,"max":1,"aqlPath":"/content[openEHR-EHR-OBSERVATION.hv_tm_utredningsverktoy_psyk_dips.v3]/data[at0001]/events[at0002]/data[at0003]/items[at0051]/items[at0056]/value","inputs":[{"type":"TEXT","list":[],"listOpen":false}],"formId":"hv_tm_utredningsvertoy_psyk_dips/hv_tm_utredningsverktoy_psyk_dips/any_event/wais-iv/merknad","viewConfig":{"multiplicity":{"min":0,"max":1},"advanced":{"hidden":false,"readonly":false,"hideFrame":false,"render":false},"label":{"custom":false,"useLocalizations":false},"size":{"field":"inherit","label":"inherit"},"layout":{"label":{"valign":"inherit","align":"inherit"},"field":{"valign":"inherit","align":"inherit"}},"datasource":{"loadRemote":false,"parameters":{}},"annotations":{},"field":{"lines":null,"input":{}}}}]},{"name":"BREIF-A","localizedName":"BREIF-A","localizedNames":{"en":"*BREIF-A (nb)","nb":"BREIF-A"},"localizedDescriptions":{"nb":"*","en":"** (nb)"},"rmType":"CLUSTER","nodeId":"at0076","min":0,"max":1,"aqlPath":"/content[openEHR-EHR-OBSERVATION.hv_tm_utredningsverktoy_psyk_dips.v3]/data[at0001]/events[at0002]/data[at0003]/items[at0076]","inputs":[],"formId":"hv_tm_utredningsvertoy_psyk_dips/hv_tm_utredningsverktoy_psyk_dips/any_event/breif-a","viewConfig":{"multiplicity":{"min":0,"max":1},"advanced":{"hidden":false,"readonly":false,"hideFrame":false,"render":false},"label":{"custom":false,"useLocalizations":false},"size":{"field":"inherit","label":"inherit"},"layout":{"label":{"valign":"inherit","align":"inherit"},"field":{"valign":"inherit","align":"inherit"}},"annotations":{},"field":{}},"children":[{"name":"Planlagt dato","localizedName":"Planlagt dato","localizedNames":{"en":"*Planlagt dato (nb)","nb":"Planlagt dato"},"localizedDescriptions":{"nb":"*","en":"** (nb)"},"rmType":"DV_DATE_TIME","nodeId":"at0091","min":0,"max":1,"aqlPath":"/content[openEHR-EHR-OBSERVATION.hv_tm_utredningsverktoy_psyk_dips.v3]/data[at0001]/events[at0002]/data[at0003]/items[at0076]/items[at0091]/value","inputs":[{"type":"DATETIME","listOpen":false}],"formId":"hv_tm_utredningsvertoy_psyk_dips/hv_tm_utredningsverktoy_psyk_dips/any_event/breif-a/planlagt_dato","viewConfig":{"multiplicity":{"min":0,"max":1},"advanced":{"hidden":false,"readonly":false,"hideFrame":false,"render":false},"label":{"custom":false,"useLocalizations":false},"size":{"field":"inherit","label":"inherit"},"layout":{"label":{"valign":"inherit","align":"inherit"},"field":{"valign":"inherit","align":"inherit"}},"annotations":{},"field":{"input":{"hideTime":false,"dateFormat":"","hideDate":false}}}},{"name":"Gjennomført dato","localizedName":"Gjennomført dato","localizedNames":{"en":"*Gjennomført dato (nb)","nb":"Gjennomført dato"},"localizedDescriptions":{"nb":"*","en":"** (nb)"},"rmType":"DV_DATE_TIME","nodeId":"at0097","min":0,"max":1,"aqlPath":"/content[openEHR-EHR-OBSERVATION.hv_tm_utredningsverktoy_psyk_dips.v3]/data[at0001]/events[at0002]/data[at0003]/items[at0076]/items[at0097]/value","inputs":[{"type":"DATETIME","listOpen":false}],"formId":"hv_tm_utredningsvertoy_psyk_dips/hv_tm_utredningsverktoy_psyk_dips/any_event/breif-a/gjennomført_dato","viewConfig":{"multiplicity":{"min":0,"max":1},"advanced":{"hidden":false,"readonly":false,"hideFrame":false,"render":false},"label":{"custom":false,"useLocalizations":false},"size":{"field":"inherit","label":"inherit"},"layout":{"label":{"valign":"inherit","align":"inherit"},"field":{"valign":"inherit","align":"inherit"}},"annotations":{},"field":{"input":{"hideTime":false,"dateFormat":"","hideDate":false}}}},{"name":"Merknad","localizedName":"Merknad","localizedNames":{"en":"*Merknad (nb)","nb":"Merknad"},"localizedDescriptions":{"nb":"*","en":"** (nb)"},"rmType":"DV_TEXT","nodeId":"at0104","min":0,"max":1,"aqlPath":"/content[openEHR-EHR-OBSERVATION.hv_tm_utredningsverktoy_psyk_dips.v3]/data[at0001]/events[at0002]/data[at0003]/items[at0076]/items[at0104]/value","inputs":[{"type":"TEXT","list":[],"listOpen":false}],"formId":"hv_tm_utredningsvertoy_psyk_dips/hv_tm_utredningsverktoy_psyk_dips/any_event/breif-a/merknad","viewConfig":{"multiplicity":{"min":0,"max":1},"advanced":{"hidden":false,"readonly":false,"hideFrame":false,"render":false},"label":{"custom":false,"useLocalizations":false},"size":{"field":"inherit","label":"inherit"},"layout":{"label":{"valign":"inherit","align":"inherit"},"field":{"valign":"inherit","align":"inherit"}},"datasource":{"loadRemote":false,"parameters":{}},"annotations":{},"field":{"lines":null,"input":{}}}}]},{"name":"Scid 2","localizedName":"Scid 2","localizedNames":{"en":"*Scid 2 (nb)","nb":"SCID-II"},"localizedDescriptions":{"nb":"*","en":"** (nb)"},"rmType":"CLUSTER","nodeId":"at0039","min":0,"max":1,"aqlPath":"/content[openEHR-EHR-OBSERVATION.hv_tm_utredningsverktoy_psyk_dips.v3]/data[at0001]/events[at0002]/data[at0003]/items[at0039]","inputs":[],"formId":"hv_tm_utredningsvertoy_psyk_dips/hv_tm_utredningsverktoy_psyk_dips/any_event/scid_2","viewConfig":{"multiplicity":{"min":0,"max":1},"advanced":{"hidden":false,"readonly":false,"hideFrame":false,"render":false},"label":{"custom":false,"useLocalizations":false},"size":{"field":"inherit","label":"inherit"},"layout":{"label":{"valign":"inherit","align":"inherit"},"field":{"valign":"inherit","align":"inherit"}},"annotations":{},"field":{}},"children":[{"name":"Planlagt dato","localizedName":"Planlagt dato","localizedNames":{"en":"*Planlagt dato (nb)","nb":"Planlagt dato"},"localizedDescriptions":{"nb":"*","en":"** (nb)"},"rmType":"DV_DATE_TIME","nodeId":"at0042","min":0,"max":1,"aqlPath":"/content[openEHR-EHR-OBSERVATION.hv_tm_utredningsverktoy_psyk_dips.v3]/data[at0001]/events[at0002]/data[at0003]/items[at0039]/items[at0042]/value","inputs":[{"type":"DATETIME","listOpen":false}],"formId":"hv_tm_utredningsvertoy_psyk_dips/hv_tm_utredningsverktoy_psyk_dips/any_event/scid_2/planlagt_dato","viewConfig":{"multiplicity":{"min":0,"max":1},"advanced":{"hidden":false,"readonly":false,"hideFrame":false,"render":false},"label":{"custom":false,"useLocalizations":false},"size":{"field":"inherit","label":"inherit"},"layout":{"label":{"valign":"inherit","align":"inherit"},"field":{"valign":"inherit","align":"inherit"}},"annotations":{},"field":{"input":{"hideTime":false,"dateFormat":"","hideDate":false}}}},{"name":"Gjennomført dato","localizedName":"Gjennomført dato","localizedNames":{"en":"*Gjennomført dato (nb)","nb":"Gjennomført dato"},"localizedDescriptions":{"nb":"*","en":"** (nb)"},"rmType":"DV_DATE_TIME","nodeId":"at0043","min":0,"max":1,"aqlPath":"/content[openEHR-EHR-OBSERVATION.hv_tm_utredningsverktoy_psyk_dips.v3]/data[at0001]/events[at0002]/data[at0003]/items[at0039]/items[at0043]/value","inputs":[{"type":"DATETIME","listOpen":false}],"formId":"hv_tm_utredningsvertoy_psyk_dips/hv_tm_utredningsverktoy_psyk_dips/any_event/scid_2/gjennomført_dato","viewConfig":{"multiplicity":{"min":0,"max":1},"advanced":{"hidden":false,"readonly":false,"hideFrame":false,"render":false},"label":{"custom":false,"useLocalizations":false},"size":{"field":"inherit","label":"inherit"},"layout":{"label":{"valign":"inherit","align":"inherit"},"field":{"valign":"inherit","align":"inherit"}},"annotations":{},"field":{"input":{"hideTime":false,"dateFormat":"","hideDate":false}}}},{"name":"Merknad","localizedName":"Merknad","localizedNames":{"en":"*Merknad (nb)","nb":"Merknad"},"localizedDescriptions":{"nb":"*","en":"** (nb)"},"rmType":"DV_TEXT","nodeId":"at0044","min":0,"max":1,"aqlPath":"/content[openEHR-EHR-OBSERVATION.hv_tm_utredningsverktoy_psyk_dips.v3]/data[at0001]/events[at0002]/data[at0003]/items[at0039]/items[at0044]/value","inputs":[{"type":"TEXT","list":[],"listOpen":false}],"formId":"hv_tm_utredningsvertoy_psyk_dips/hv_tm_utredningsverktoy_psyk_dips/any_event/scid_2/merknad","viewConfig":{"multiplicity":{"min":0,"max":1},"advanced":{"hidden":false,"readonly":false,"hideFrame":false,"render":false},"label":{"custom":false,"useLocalizations":false},"size":{"field":"inherit","label":"inherit"},"layout":{"label":{"valign":"inherit","align":"inherit"},"field":{"valign":"inherit","align":"inherit"}},"datasource":{"loadRemote":false,"parameters":{}},"annotations":{},"field":{"lines":null,"input":{}}}}]},{"name":"WNV","localizedName":"WNV","localizedNames":{"en":"*WNV (nb)","nb":"WNV"},"localizedDescriptions":{"nb":"*","en":"** (nb)"},"rmType":"CLUSTER","nodeId":"at0063","min":0,"max":1,"aqlPath":"/content[openEHR-EHR-OBSERVATION.hv_tm_utredningsverktoy_psyk_dips.v3]/data[at0001]/events[at0002]/data[at0003]/items[at0063]","inputs":[],"formId":"hv_tm_utredningsvertoy_psyk_dips/hv_tm_utredningsverktoy_psyk_dips/any_event/wnv","viewConfig":{"multiplicity":{"min":0,"max":1},"advanced":{"hidden":false,"readonly":false,"hideFrame":false,"render":false},"label":{"custom":false,"useLocalizations":false},"size":{"field":"inherit","label":"inherit"},"layout":{"label":{"valign":"inherit","align":"inherit"},"field":{"valign":"inherit","align":"inherit"}},"annotations":{},"field":{}},"children":[{"name":"Planlagt dato","localizedName":"Planlagt dato","localizedNames":{"en":"*Planlagt dato (nb)","nb":"Planlagt dato"},"localizedDescriptions":{"nb":"*","en":"** (nb)"},"rmType":"DV_DATE_TIME","nodeId":"at0066","min":0,"max":1,"aqlPath":"/content[openEHR-EHR-OBSERVATION.hv_tm_utredningsverktoy_psyk_dips.v3]/data[at0001]/events[at0002]/data[at0003]/items[at0063]/items[at0066]/value","inputs":[{"type":"DATETIME","listOpen":false}],"formId":"hv_tm_utredningsvertoy_psyk_dips/hv_tm_utredningsverktoy_psyk_dips/any_event/wnv/planlagt_dato","viewConfig":{"multiplicity":{"min":0,"max":1},"advanced":{"hidden":false,"readonly":false,"hideFrame":false,"render":false},"label":{"custom":false,"useLocalizations":false},"size":{"field":"inherit","label":"inherit"},"layout":{"label":{"valign":"inherit","align":"inherit"},"field":{"valign":"inherit","align":"inherit"}},"annotations":{},"field":{"input":{"hideTime":false,"dateFormat":"","hideDate":false}}}},{"name":"Gjennomført dato","localizedName":"Gjennomført dato","localizedNames":{"en":"*Gjennomført dato (nb)","nb":"Gjennomført dato"},"localizedDescriptions":{"nb":"*","en":"** (nb)"},"rmType":"DV_DATE_TIME","nodeId":"at0067","min":0,"max":1,"aqlPath":"/content[openEHR-EHR-OBSERVATION.hv_tm_utredningsverktoy_psyk_dips.v3]/data[at0001]/events[at0002]/data[at0003]/items[at0063]/items[at0067]/value","inputs":[{"type":"DATETIME","listOpen":false}],"formId":"hv_tm_utredningsvertoy_psyk_dips/hv_tm_utredningsverktoy_psyk_dips/any_event/wnv/gjennomført_dato","viewConfig":{"multiplicity":{"min":0,"max":1},"advanced":{"hidden":false,"readonly":false,"hideFrame":false,"render":false},"label":{"custom":false,"useLocalizations":false},"size":{"field":"inherit","label":"inherit"},"layout":{"label":{"valign":"inherit","align":"inherit"},"field":{"valign":"inherit","align":"inherit"}},"annotations":{},"field":{"input":{"hideTime":false,"dateFormat":"","hideDate":false}}}},{"name":"Merknad","localizedName":"Merknad","localizedNames":{"en":"*Merknad (nb)","nb":"Merknad"},"localizedDescriptions":{"nb":"*","en":"** (nb)"},"rmType":"DV_TEXT","nodeId":"at0068","min":0,"max":1,"aqlPath":"/content[openEHR-EHR-OBSERVATION.hv_tm_utredningsverktoy_psyk_dips.v3]/data[at0001]/events[at0002]/data[at0003]/items[at0063]/items[at0068]/value","inputs":[{"type":"TEXT","list":[],"listOpen":false}],"formId":"hv_tm_utredningsvertoy_psyk_dips/hv_tm_utredningsverktoy_psyk_dips/any_event/wnv/merknad","viewConfig":{"multiplicity":{"min":0,"max":1},"advanced":{"hidden":false,"readonly":false,"hideFrame":false,"render":false},"label":{"custom":false,"useLocalizations":false},"size":{"field":"inherit","label":"inherit"},"layout":{"label":{"valign":"inherit","align":"inherit"},"field":{"valign":"inherit","align":"inherit"}},"datasource":{"loadRemote":false,"parameters":{}},"annotations":{},"field":{"lines":null,"input":{}}}}]},{"name":"IOWA","localizedName":"IOWA","localizedNames":{"en":"*IOWA (nb)","nb":"IOWA"},"localizedDescriptions":{"nb":"*","en":"** (nb)"},"rmType":"CLUSTER","nodeId":"at0077","min":0,"max":1,"aqlPath":"/content[openEHR-EHR-OBSERVATION.hv_tm_utredningsverktoy_psyk_dips.v3]/data[at0001]/events[at0002]/data[at0003]/items[at0077]","inputs":[],"formId":"hv_tm_utredningsvertoy_psyk_dips/hv_tm_utredningsverktoy_psyk_dips/any_event/iowa","viewConfig":{"multiplicity":{"min":0,"max":1},"advanced":{"hidden":false,"readonly":false,"hideFrame":false,"render":false},"label":{"custom":false,"useLocalizations":false},"size":{"field":"inherit","label":"inherit"},"layout":{"label":{"valign":"inherit","align":"inherit"},"field":{"valign":"inherit","align":"inherit"}},"annotations":{},"field":{}},"children":[{"name":"Planlagt dato","localizedName":"Planlagt dato","localizedNames":{"en":"*Planlagt dato (nb)","nb":"Planlagt dato"},"localizedDescriptions":{"nb":"*","en":"** (nb)"},"rmType":"DV_DATE_TIME","nodeId":"at0090","min":0,"max":1,"aqlPath":"/content[openEHR-EHR-OBSERVATION.hv_tm_utredningsverktoy_psyk_dips.v3]/data[at0001]/events[at0002]/data[at0003]/items[at0077]/items[at0090]/value","inputs":[{"type":"DATETIME","listOpen":false}],"formId":"hv_tm_utredningsvertoy_psyk_dips/hv_tm_utredningsverktoy_psyk_dips/any_event/iowa/planlagt_dato","viewConfig":{"multiplicity":{"min":0,"max":1},"advanced":{"hidden":false,"readonly":false,"hideFrame":false,"render":false},"label":{"custom":false,"useLocalizations":false},"size":{"field":"inherit","label":"inherit"},"layout":{"label":{"valign":"inherit","align":"inherit"},"field":{"valign":"inherit","align":"inherit"}},"annotations":{},"field":{"input":{"hideTime":false,"dateFormat":"","hideDate":false}}}},{"name":"Gjennomført dato","localizedName":"Gjennomført dato","localizedNames":{"en":"*Gjennomført dato (nb)","nb":"Gjennomført dato"},"localizedDescriptions":{"nb":"*","en":"** (nb)"},"rmType":"DV_DATE_TIME","nodeId":"at0098","min":0,"max":1,"aqlPath":"/content[openEHR-EHR-OBSERVATION.hv_tm_utredningsverktoy_psyk_dips.v3]/data[at0001]/events[at0002]/data[at0003]/items[at0077]/items[at0098]/value","inputs":[{"type":"DATETIME","listOpen":false}],"formId":"hv_tm_utredningsvertoy_psyk_dips/hv_tm_utredningsverktoy_psyk_dips/any_event/iowa/gjennomført_dato","viewConfig":{"multiplicity":{"min":0,"max":1},"advanced":{"hidden":false,"readonly":false,"hideFrame":false,"render":false},"label":{"custom":false,"useLocalizations":false},"size":{"field":"inherit","label":"inherit"},"layout":{"label":{"valign":"inherit","align":"inherit"},"field":{"valign":"inherit","align":"inherit"}},"annotations":{},"field":{"input":{"hideTime":false,"dateFormat":"","hideDate":false}}}},{"name":"Merknad","localizedName":"Merknad","localizedNames":{"en":"*Merknad (nb)","nb":"Merknad"},"localizedDescriptions":{"nb":"*","en":"** (nb)"},"rmType":"DV_TEXT","nodeId":"at0105","min":0,"max":1,"aqlPath":"/content[openEHR-EHR-OBSERVATION.hv_tm_utredningsverktoy_psyk_dips.v3]/data[at0001]/events[at0002]/data[at0003]/items[at0077]/items[at0105]/value","inputs":[{"type":"TEXT","list":[],"listOpen":false}],"formId":"hv_tm_utredningsvertoy_psyk_dips/hv_tm_utredningsverktoy_psyk_dips/any_event/iowa/merknad","viewConfig":{"multiplicity":{"min":0,"max":1},"advanced":{"hidden":false,"readonly":false,"hideFrame":false,"render":false},"label":{"custom":false,"useLocalizations":false},"size":{"field":"inherit","label":"inherit"},"layout":{"label":{"valign":"inherit","align":"inherit"},"field":{"valign":"inherit","align":"inherit"}},"datasource":{"loadRemote":false,"parameters":{}},"annotations":{},"field":{"lines":null,"input":{}}}}]},{"name":"Vineland","localizedName":"Vineland","localizedNames":{"en":"*Vineland (nb)","nb":"Vineland"},"localizedDescriptions":{"nb":"*","en":"** (nb)"},"rmType":"CLUSTER","nodeId":"at0045","min":0,"max":1,"aqlPath":"/content[openEHR-EHR-OBSERVATION.hv_tm_utredningsverktoy_psyk_dips.v3]/data[at0001]/events[at0002]/data[at0003]/items[at0045]","inputs":[],"formId":"hv_tm_utredningsvertoy_psyk_dips/hv_tm_utredningsverktoy_psyk_dips/any_event/vineland","viewConfig":{"multiplicity":{"min":0,"max":1},"advanced":{"hidden":false,"readonly":false,"hideFrame":false,"render":false},"label":{"custom":false,"useLocalizations":false},"size":{"field":"inherit","label":"inherit"},"layout":{"label":{"valign":"inherit","align":"inherit"},"field":{"valign":"inherit","align":"inherit"}},"annotations":{},"field":{}},"children":[{"name":"Planlagt dato","localizedName":"Planlagt dato","localizedNames":{"en":"*Planlagt dato (nb)","nb":"Planlagt dato"},"localizedDescriptions":{"nb":"*","en":"** (nb)"},"rmType":"DV_DATE_TIME","nodeId":"at0048","min":0,"max":1,"aqlPath":"/content[openEHR-EHR-OBSERVATION.hv_tm_utredningsverktoy_psyk_dips.v3]/data[at0001]/events[at0002]/data[at0003]/items[at0045]/items[at0048]/value","inputs":[{"type":"DATETIME","listOpen":false}],"formId":"hv_tm_utredningsvertoy_psyk_dips/hv_tm_utredningsverktoy_psyk_dips/any_event/vineland/planlagt_dato","viewConfig":{"multiplicity":{"min":0,"max":1},"advanced":{"hidden":false,"readonly":false,"hideFrame":false,"render":false},"label":{"custom":false,"useLocalizations":false},"size":{"field":"inherit","label":"inherit"},"layout":{"label":{"valign":"inherit","align":"inherit"},"field":{"valign":"inherit","align":"inherit"}},"annotations":{},"field":{"input":{"hideTime":false,"dateFormat":"","hideDate":false}}}},{"name":"Gjennomført dato","localizedName":"Gjennomført dato","localizedNames":{"en":"*Gjennomført dato (nb)","nb":"Gjennomført dato"},"localizedDescriptions":{"nb":"*","en":"** (nb)"},"rmType":"DV_DATE_TIME","nodeId":"at0049","min":0,"max":1,"aqlPath":"/content[openEHR-EHR-OBSERVATION.hv_tm_utredningsverktoy_psyk_dips.v3]/data[at0001]/events[at0002]/data[at0003]/items[at0045]/items[at0049]/value","inputs":[{"type":"DATETIME","listOpen":false}],"formId":"hv_tm_utredningsvertoy_psyk_dips/hv_tm_utredningsverktoy_psyk_dips/any_event/vineland/gjennomført_dato","viewConfig":{"multiplicity":{"min":0,"max":1},"advanced":{"hidden":false,"readonly":false,"hideFrame":false,"render":false},"label":{"custom":false,"useLocalizations":false},"size":{"field":"inherit","label":"inherit"},"layout":{"label":{"valign":"inherit","align":"inherit"},"field":{"valign":"inherit","align":"inherit"}},"annotations":{},"field":{"input":{"hideTime":false,"dateFormat":"","hideDate":false}}}},{"name":"Merknad","localizedName":"Merknad","localizedNames":{"en":"*Merknad (nb)","nb":"Merknad"},"localizedDescriptions":{"nb":"*","en":"** (nb)"},"rmType":"DV_TEXT","nodeId":"at0050","min":0,"max":1,"aqlPath":"/content[openEHR-EHR-OBSERVATION.hv_tm_utredningsverktoy_psyk_dips.v3]/data[at0001]/events[at0002]/data[at0003]/items[at0045]/items[at0050]/value","inputs":[{"type":"TEXT","list":[],"listOpen":false}],"formId":"hv_tm_utredningsvertoy_psyk_dips/hv_tm_utredningsverktoy_psyk_dips/any_event/vineland/merknad","viewConfig":{"multiplicity":{"min":0,"max":1},"advanced":{"hidden":false,"readonly":false,"hideFrame":false,"render":false},"label":{"custom":false,"useLocalizations":false},"size":{"field":"inherit","label":"inherit"},"layout":{"label":{"valign":"inherit","align":"inherit"},"field":{"valign":"inherit","align":"inherit"}},"datasource":{"loadRemote":false,"parameters":{}},"annotations":{},"field":{"lines":null,"input":{}}}}]},{"name":"SCL-90","localizedName":"SCL-90","localizedNames":{"en":"*SCL-90 (nb)","nb":"SCL-90"},"localizedDescriptions":{"nb":"*","en":"** (nb)"},"rmType":"CLUSTER","nodeId":"at0072","min":0,"max":1,"aqlPath":"/content[openEHR-EHR-OBSERVATION.hv_tm_utredningsverktoy_psyk_dips.v3]/data[at0001]/events[at0002]/data[at0003]/items[at0072]","inputs":[],"formId":"hv_tm_utredningsvertoy_psyk_dips/hv_tm_utredningsverktoy_psyk_dips/any_event/scl-90","viewConfig":{"multiplicity":{"min":0,"max":1},"advanced":{"hidden":false,"readonly":false,"hideFrame":false,"render":false},"label":{"custom":false,"useLocalizations":false},"size":{"field":"inherit","label":"inherit"},"layout":{"label":{"valign":"inherit","align":"inherit"},"field":{"valign":"inherit","align":"inherit"}},"annotations":{},"field":{}},"children":[{"name":"Planlagt dato","localizedName":"Planlagt dato","localizedNames":{"en":"*Planlagt dato (nb)","nb":"Planlagt dato"},"localizedDescriptions":{"nb":"*","en":"** (nb)"},"rmType":"DV_DATE_TIME","nodeId":"at0086","min":0,"max":1,"aqlPath":"/content[openEHR-EHR-OBSERVATION.hv_tm_utredningsverktoy_psyk_dips.v3]/data[at0001]/events[at0002]/data[at0003]/items[at0072]/items[at0086]/value","inputs":[{"type":"DATETIME","listOpen":false}],"formId":"hv_tm_utredningsvertoy_psyk_dips/hv_tm_utredningsverktoy_psyk_dips/any_event/scl-90/planlagt_dato","viewConfig":{"multiplicity":{"min":0,"max":1},"advanced":{"hidden":false,"readonly":false,"hideFrame":false,"render":false},"label":{"custom":false,"useLocalizations":false},"size":{"field":"inherit","label":"inherit"},"layout":{"label":{"valign":"inherit","align":"inherit"},"field":{"valign":"inherit","align":"inherit"}},"annotations":{},"field":{"input":{"hideTime":false,"dateFormat":"","hideDate":false}}}},{"name":"Gjennomført dato","localizedName":"Gjennomført dato","localizedNames":{"en":"*Gjennomført dato (nb)","nb":"Gjennomført dato"},"localizedDescriptions":{"nb":"*","en":"** (nb)"},"rmType":"DV_DATE_TIME","nodeId":"at0093","min":0,"max":1,"aqlPath":"/content[openEHR-EHR-OBSERVATION.hv_tm_utredningsverktoy_psyk_dips.v3]/data[at0001]/events[at0002]/data[at0003]/items[at0072]/items[at0093]/value","inputs":[{"type":"DATETIME","listOpen":false}],"formId":"hv_tm_utredningsvertoy_psyk_dips/hv_tm_utredningsverktoy_psyk_dips/any_event/scl-90/gjennomført_dato","viewConfig":{"multiplicity":{"min":0,"max":1},"advanced":{"hidden":false,"readonly":false,"hideFrame":false,"render":false},"label":{"custom":false,"useLocalizations":false},"size":{"field":"inherit","label":"inherit"},"layout":{"label":{"valign":"inherit","align":"inherit"},"field":{"valign":"inherit","align":"inherit"}},"annotations":{},"field":{"input":{"hideTime":false,"dateFormat":"","hideDate":false}}}},{"name":"Merknad","localizedName":"Merknad","localizedNames":{"en":"*Merknad (nb)","nb":"Merknad"},"localizedDescriptions":{"nb":"*","en":"** (nb)"},"rmType":"DV_TEXT","nodeId":"at0100","min":0,"max":1,"aqlPath":"/content[openEHR-EHR-OBSERVATION.hv_tm_utredningsverktoy_psyk_dips.v3]/data[at0001]/events[at0002]/data[at0003]/items[at0072]/items[at0100]/value","inputs":[{"type":"TEXT","list":[],"listOpen":false}],"formId":"hv_tm_utredningsvertoy_psyk_dips/hv_tm_utredningsverktoy_psyk_dips/any_event/scl-90/merknad","viewConfig":{"multiplicity":{"min":0,"max":1},"advanced":{"hidden":false,"readonly":false,"hideFrame":false,"render":false},"label":{"custom":false,"useLocalizations":false},"size":{"field":"inherit","label":"inherit"},"layout":{"label":{"valign":"inherit","align":"inherit"},"field":{"valign":"inherit","align":"inherit"}},"datasource":{"loadRemote":false,"parameters":{}},"annotations":{},"field":{"lines":null,"input":{}}}}]},{"name":"IPDS (IOWA)","localizedName":"IPDS (IOWA)","localizedNames":{"en":"*IPDS (IOWA) (nb)","nb":"IPDS (IOWA)"},"localizedDescriptions":{"nb":"*","en":"** (nb)"},"rmType":"CLUSTER","nodeId":"at0078","min":0,"max":1,"aqlPath":"/content[openEHR-EHR-OBSERVATION.hv_tm_utredningsverktoy_psyk_dips.v3]/data[at0001]/events[at0002]/data[at0003]/items[at0078]","inputs":[],"formId":"hv_tm_utredningsvertoy_psyk_dips/hv_tm_utredningsverktoy_psyk_dips/any_event/ipds_(iowa)","viewConfig":{"multiplicity":{"min":0,"max":1},"advanced":{"hidden":false,"readonly":false,"hideFrame":false,"render":false},"label":{"custom":false,"useLocalizations":false},"size":{"field":"inherit","label":"inherit"},"layout":{"label":{"valign":"inherit","align":"inherit"},"field":{"valign":"inherit","align":"inherit"}},"annotations":{},"field":{}},"children":[{"name":"Planlagt dato","localizedName":"Planlagt dato","localizedNames":{"en":"*Planlagt dato (nb)","nb":"Planlagt dato"},"localizedDescriptions":{"nb":"*","en":"** (nb)"},"rmType":"DV_DATE_TIME","nodeId":"at0092","min":0,"max":1,"aqlPath":"/content[openEHR-EHR-OBSERVATION.hv_tm_utredningsverktoy_psyk_dips.v3]/data[at0001]/events[at0002]/data[at0003]/items[at0078]/items[at0092]/value","inputs":[{"type":"DATETIME","listOpen":false}],"formId":"hv_tm_utredningsvertoy_psyk_dips/hv_tm_utredningsverktoy_psyk_dips/any_event/ipds_(iowa)/planlagt_dato","viewConfig":{"multiplicity":{"min":0,"max":1},"advanced":{"hidden":false,"readonly":false,"hideFrame":false,"render":false},"label":{"custom":false,"useLocalizations":false},"size":{"field":"inherit","label":"inherit"},"layout":{"label":{"valign":"inherit","align":"inherit"},"field":{"valign":"inherit","align":"inherit"}},"annotations":{},"field":{"input":{"hideTime":false,"dateFormat":"","hideDate":false}}}},{"name":"Gjennomført dato","localizedName":"Gjennomført dato","localizedNames":{"en":"*Gjennomført dato (nb)","nb":"Gjennomført dato"},"localizedDescriptions":{"nb":"*","en":"** (nb)"},"rmType":"DV_DATE_TIME","nodeId":"at0099","min":0,"max":1,"aqlPath":"/content[openEHR-EHR-OBSERVATION.hv_tm_utredningsverktoy_psyk_dips.v3]/data[at0001]/events[at0002]/data[at0003]/items[at0078]/items[at0099]/value","inputs":[{"type":"DATETIME","listOpen":false}],"formId":"hv_tm_utredningsvertoy_psyk_dips/hv_tm_utredningsverktoy_psyk_dips/any_event/ipds_(iowa)/gjennomført_dato","viewConfig":{"multiplicity":{"min":0,"max":1},"advanced":{"hidden":false,"readonly":false,"hideFrame":false,"render":false},"label":{"custom":false,"useLocalizations":false},"size":{"field":"inherit","label":"inherit"},"layout":{"label":{"valign":"inherit","align":"inherit"},"field":{"valign":"inherit","align":"inherit"}},"annotations":{},"field":{"input":{"hideTime":false,"dateFormat":"","hideDate":false}}}},{"name":"Merknad","localizedName":"Merknad","localizedNames":{"en":"*Merknad (nb)","nb":"Merknad"},"localizedDescriptions":{"nb":"*","en":"** (nb)"},"rmType":"DV_TEXT","nodeId":"at0106","min":0,"max":1,"aqlPath":"/content[openEHR-EHR-OBSERVATION.hv_tm_utredningsverktoy_psyk_dips.v3]/data[at0001]/events[at0002]/data[at0003]/items[at0078]/items[at0106]/value","inputs":[{"type":"TEXT","list":[],"listOpen":false}],"formId":"hv_tm_utredningsvertoy_psyk_dips/hv_tm_utredningsverktoy_psyk_dips/any_event/ipds_(iowa)/merknad","viewConfig":{"multiplicity":{"min":0,"max":1},"advanced":{"hidden":false,"readonly":false,"hideFrame":false,"render":false},"label":{"custom":false,"useLocalizations":false},"size":{"field":"inherit","label":"inherit"},"layout":{"label":{"valign":"inherit","align":"inherit"},"field":{"valign":"inherit","align":"inherit"}},"datasource":{"loadRemote":false,"parameters":{}},"annotations":{},"field":{"lines":null,"input":{}}}}]},{"name":"ASRS 1.1","localizedName":"ASRS 1.1","localizedNames":{"en":"*ASRS 1.1 (nb)","nb":"ASRS 1.1"},"localizedDescriptions":{"nb":"*","en":"** (nb)"},"rmType":"CLUSTER","nodeId":"at0073","min":0,"max":1,"aqlPath":"/content[openEHR-EHR-OBSERVATION.hv_tm_utredningsverktoy_psyk_dips.v3]/data[at0001]/events[at0002]/data[at0003]/items[at0073]","inputs":[],"formId":"hv_tm_utredningsvertoy_psyk_dips/hv_tm_utredningsverktoy_psyk_dips/any_event/asrs_1.1","viewConfig":{"multiplicity":{"min":0,"max":1},"advanced":{"hidden":false,"readonly":false,"hideFrame":false,"render":false},"label":{"custom":false,"useLocalizations":false},"size":{"field":"inherit","label":"inherit"},"layout":{"label":{"valign":"inherit","align":"inherit"},"field":{"valign":"inherit","align":"inherit"}},"annotations":{},"field":{}},"children":[{"name":"Planlagt dato","localizedName":"Planlagt dato","localizedNames":{"en":"*Planlagt dato (nb)","nb":"Planlagt dato"},"localizedDescriptions":{"nb":"*","en":"** (nb)"},"rmType":"DV_DATE_TIME","nodeId":"at0087","min":0,"max":1,"aqlPath":"/content[openEHR-EHR-OBSERVATION.hv_tm_utredningsverktoy_psyk_dips.v3]/data[at0001]/events[at0002]/data[at0003]/items[at0073]/items[at0087]/value","inputs":[{"type":"DATETIME","listOpen":false}],"formId":"hv_tm_utredningsvertoy_psyk_dips/hv_tm_utredningsverktoy_psyk_dips/any_event/asrs_1.1/planlagt_dato","viewConfig":{"multiplicity":{"min":0,"max":1},"advanced":{"hidden":false,"readonly":false,"hideFrame":false,"render":false},"label":{"custom":false,"useLocalizations":false},"size":{"field":"inherit","label":"inherit"},"layout":{"label":{"valign":"inherit","align":"inherit"},"field":{"valign":"inherit","align":"inherit"}},"annotations":{},"field":{"input":{"hideTime":false,"dateFormat":"","hideDate":false}}}},{"name":"Gjennomført dato","localizedName":"Gjennomført dato","localizedNames":{"en":"*Gjennomført dato (nb)","nb":"Gjennomført dato"},"localizedDescriptions":{"nb":"*","en":"** (nb)"},"rmType":"DV_DATE_TIME","nodeId":"at0094","min":0,"max":1,"aqlPath":"/content[openEHR-EHR-OBSERVATION.hv_tm_utredningsverktoy_psyk_dips.v3]/data[at0001]/events[at0002]/data[at0003]/items[at0073]/items[at0094]/value","inputs":[{"type":"DATETIME","listOpen":false}],"formId":"hv_tm_utredningsvertoy_psyk_dips/hv_tm_utredningsverktoy_psyk_dips/any_event/asrs_1.1/gjennomført_dato","viewConfig":{"multiplicity":{"min":0,"max":1},"advanced":{"hidden":false,"readonly":false,"hideFrame":false,"render":false},"label":{"custom":false,"useLocalizations":false},"size":{"field":"inherit","label":"inherit"},"layout":{"label":{"valign":"inherit","align":"inherit"},"field":{"valign":"inherit","align":"inherit"}},"annotations":{},"field":{"input":{"hideTime":false,"dateFormat":"","hideDate":false}}}},{"name":"Merknad","localizedName":"Merknad","localizedNames":{"en":"*Merknad (nb)","nb":"Merknad"},"localizedDescriptions":{"nb":"*","en":"** (nb)"},"rmType":"DV_TEXT","nodeId":"at0101","min":0,"max":1,"aqlPath":"/content[openEHR-EHR-OBSERVATION.hv_tm_utredningsverktoy_psyk_dips.v3]/data[at0001]/events[at0002]/data[at0003]/items[at0073]/items[at0101]/value","inputs":[{"type":"TEXT","list":[],"listOpen":false}],"formId":"hv_tm_utredningsvertoy_psyk_dips/hv_tm_utredningsverktoy_psyk_dips/any_event/asrs_1.1/merknad","viewConfig":{"multiplicity":{"min":0,"max":1},"advanced":{"hidden":false,"readonly":false,"hideFrame":false,"render":false},"label":{"custom":false,"useLocalizations":false},"size":{"field":"inherit","label":"inherit"},"layout":{"label":{"valign":"inherit","align":"inherit"},"field":{"valign":"inherit","align":"inherit"}},"datasource":{"loadRemote":false,"parameters":{}},"annotations":{},"field":{"lines":null,"input":{}}}}]},{"name":"WURS","localizedName":"WURS","localizedNames":{"en":"*WURS (nb)","nb":"WURS"},"localizedDescriptions":{"nb":"*","en":"** (nb)"},"rmType":"CLUSTER","nodeId":"at0074","min":0,"max":1,"aqlPath":"/content[openEHR-EHR-OBSERVATION.hv_tm_utredningsverktoy_psyk_dips.v3]/data[at0001]/events[at0002]/data[at0003]/items[at0074]","inputs":[],"formId":"hv_tm_utredningsvertoy_psyk_dips/hv_tm_utredningsverktoy_psyk_dips/any_event/wurs","viewConfig":{"multiplicity":{"min":0,"max":1},"advanced":{"hidden":false,"readonly":false,"hideFrame":false,"render":false},"label":{"custom":false,"useLocalizations":false},"size":{"field":"inherit","label":"inherit"},"layout":{"label":{"valign":"inherit","align":"inherit"},"field":{"valign":"inherit","align":"inherit"}},"annotations":{},"field":{}},"children":[{"name":"Planlagt dato","localizedName":"Planlagt dato","localizedNames":{"en":"*Planlagt dato (nb)","nb":"Planlagt dato"},"localizedDescriptions":{"nb":"*","en":"** (nb)"},"rmType":"DV_DATE_TIME","nodeId":"at0088","min":0,"max":1,"aqlPath":"/content[openEHR-EHR-OBSERVATION.hv_tm_utredningsverktoy_psyk_dips.v3]/data[at0001]/events[at0002]/data[at0003]/items[at0074]/items[at0088]/value","inputs":[{"type":"DATETIME","listOpen":false}],"formId":"hv_tm_utredningsvertoy_psyk_dips/hv_tm_utredningsverktoy_psyk_dips/any_event/wurs/planlagt_dato","viewConfig":{"multiplicity":{"min":0,"max":1},"advanced":{"hidden":false,"readonly":false,"hideFrame":false,"render":false},"label":{"custom":false,"useLocalizations":false},"size":{"field":"inherit","label":"inherit"},"layout":{"label":{"valign":"inherit","align":"inherit"},"field":{"valign":"inherit","align":"inherit"}},"annotations":{},"field":{"input":{"hideTime":false,"dateFormat":"","hideDate":false}}}},{"name":"Gjennomført dato","localizedName":"Gjennomført dato","localizedNames":{"en":"*Gjennomført dato (nb)","nb":"Gjennomført dato"},"localizedDescriptions":{"nb":"*","en":"** (nb)"},"rmType":"DV_DATE_TIME","nodeId":"at0095","min":0,"max":1,"aqlPath":"/content[openEHR-EHR-OBSERVATION.hv_tm_utredningsverktoy_psyk_dips.v3]/data[at0001]/events[at0002]/data[at0003]/items[at0074]/items[at0095]/value","inputs":[{"type":"DATETIME","listOpen":false}],"formId":"hv_tm_utredningsvertoy_psyk_dips/hv_tm_utredningsverktoy_psyk_dips/any_event/wurs/gjennomført_dato","viewConfig":{"multiplicity":{"min":0,"max":1},"advanced":{"hidden":false,"readonly":false,"hideFrame":false,"render":false},"label":{"custom":false,"useLocalizations":false},"size":{"field":"inherit","label":"inherit"},"layout":{"label":{"valign":"inherit","align":"inherit"},"field":{"valign":"inherit","align":"inherit"}},"annotations":{},"field":{"input":{"hideTime":false,"dateFormat":"","hideDate":false}}}},{"name":"Merknad","localizedName":"Merknad","localizedNames":{"en":"*Merknad (nb)","nb":"Merknad"},"localizedDescriptions":{"nb":"*","en":"** (nb)"},"rmType":"DV_TEXT","nodeId":"at0102","min":0,"max":1,"aqlPath":"/content[openEHR-EHR-OBSERVATION.hv_tm_utredningsverktoy_psyk_dips.v3]/data[at0001]/events[at0002]/data[at0003]/items[at0074]/items[at0102]/value","inputs":[{"type":"TEXT","list":[],"listOpen":false}],"formId":"hv_tm_utredningsvertoy_psyk_dips/hv_tm_utredningsverktoy_psyk_dips/any_event/wurs/merknad","viewConfig":{"multiplicity":{"min":0,"max":1},"advanced":{"hidden":false,"readonly":false,"hideFrame":false,"render":false},"label":{"custom":false,"useLocalizations":false},"size":{"field":"inherit","label":"inherit"},"layout":{"label":{"valign":"inherit","align":"inherit"},"field":{"valign":"inherit","align":"inherit"}},"datasource":{"loadRemote":false,"parameters":{}},"annotations":{},"field":{"lines":null,"input":{}}}}]},{"name":"DIVA 2.0","localizedName":"DIVA 2.0","localizedNames":{"en":"*DIVA 2.0 (nb)","nb":"DIVA 2.0"},"localizedDescriptions":{"nb":"*","en":"** (nb)"},"rmType":"CLUSTER","nodeId":"at0075","min":0,"max":1,"aqlPath":"/content[openEHR-EHR-OBSERVATION.hv_tm_utredningsverktoy_psyk_dips.v3]/data[at0001]/events[at0002]/data[at0003]/items[at0075]","inputs":[],"formId":"hv_tm_utredningsvertoy_psyk_dips/hv_tm_utredningsverktoy_psyk_dips/any_event/diva_2.0","viewConfig":{"multiplicity":{"min":0,"max":1},"advanced":{"hidden":false,"readonly":false,"hideFrame":false,"render":false},"label":{"custom":false,"useLocalizations":false},"size":{"field":"inherit","label":"inherit"},"layout":{"label":{"valign":"inherit","align":"inherit"},"field":{"valign":"inherit","align":"inherit"}},"annotations":{},"field":{}},"children":[{"name":"Planlagt dato","localizedName":"Planlagt dato","localizedNames":{"en":"*Planlagt dato (nb)","nb":"Planlagt dato"},"localizedDescriptions":{"nb":"*","en":"** (nb)"},"rmType":"DV_DATE_TIME","nodeId":"at0089","min":0,"max":1,"aqlPath":"/content[openEHR-EHR-OBSERVATION.hv_tm_utredningsverktoy_psyk_dips.v3]/data[at0001]/events[at0002]/data[at0003]/items[at0075]/items[at0089]/value","inputs":[{"type":"DATETIME","listOpen":false}],"formId":"hv_tm_utredningsvertoy_psyk_dips/hv_tm_utredningsverktoy_psyk_dips/any_event/diva_2.0/planlagt_dato","viewConfig":{"multiplicity":{"min":0,"max":1},"advanced":{"hidden":false,"readonly":false,"hideFrame":false,"render":false},"label":{"custom":false,"useLocalizations":false},"size":{"field":"inherit","label":"inherit"},"layout":{"label":{"valign":"inherit","align":"inherit"},"field":{"valign":"inherit","align":"inherit"}},"annotations":{},"field":{"input":{"hideTime":false,"dateFormat":"","hideDate":false}}}},{"name":"Gjennomført dato","localizedName":"Gjennomført dato","localizedNames":{"en":"*Gjennomført dato (nb)","nb":"Gjennomført dato"},"localizedDescriptions":{"nb":"*","en":"** (nb)"},"rmType":"DV_DATE_TIME","nodeId":"at0096","min":0,"max":1,"aqlPath":"/content[openEHR-EHR-OBSERVATION.hv_tm_utredningsverktoy_psyk_dips.v3]/data[at0001]/events[at0002]/data[at0003]/items[at0075]/items[at0096]/value","inputs":[{"type":"DATETIME","listOpen":false}],"formId":"hv_tm_utredningsvertoy_psyk_dips/hv_tm_utredningsverktoy_psyk_dips/any_event/diva_2.0/gjennomført_dato","viewConfig":{"multiplicity":{"min":0,"max":1},"advanced":{"hidden":false,"readonly":false,"hideFrame":false,"render":false},"label":{"custom":false,"useLocalizations":false},"size":{"field":"inherit","label":"inherit"},"layout":{"label":{"valign":"inherit","align":"inherit"},"field":{"valign":"inherit","align":"inherit"}},"annotations":{},"field":{"input":{"hideTime":false,"dateFormat":"","hideDate":false}}}},{"name":"Merknad","localizedName":"Merknad","localizedNames":{"en":"*Merknad (nb)","nb":"Merknad"},"localizedDescriptions":{"nb":"*","en":"** (nb)"},"rmType":"DV_TEXT","nodeId":"at0103","min":0,"max":1,"aqlPath":"/content[openEHR-EHR-OBSERVATION.hv_tm_utredningsverktoy_psyk_dips.v3]/data[at0001]/events[at0002]/data[at0003]/items[at0075]/items[at0103]/value","inputs":[{"type":"TEXT","list":[],"listOpen":false}],"formId":"hv_tm_utredningsvertoy_psyk_dips/hv_tm_utredningsverktoy_psyk_dips/any_event/diva_2.0/merknad","viewConfig":{"multiplicity":{"min":0,"max":1},"advanced":{"hidden":false,"readonly":false,"hideFrame":false,"render":false},"label":{"custom":false,"useLocalizations":false},"size":{"field":"inherit","label":"inherit"},"layout":{"label":{"valign":"inherit","align":"inherit"},"field":{"valign":"inherit","align":"inherit"}},"datasource":{"loadRemote":false,"parameters":{}},"annotations":{},"field":{"lines":null,"input":{}}}}]}]}