[{"field":"hv_tm_utredningsvertoy_psyk_dips/hv_tm_utredningsverktoy_psyk_dips/any_event/ados-ii/ados-ii","conditions":[{"operator":"equals","value":{"code":"at0010"},"actions":[{"action":"show","target":"hv_tm_utredningsvertoy_psyk_dips/hv_tm_utredningsverktoy_psyk_dips/any_event/ados-ii"}]},{"operator":"notequals","value":{"code":"at0010"},"actions":[{"action":"hide","target":"hv_tm_utredningsvertoy_psyk_dips/hv_tm_utredningsverktoy_psyk_dips/any_event/ados-ii"},{"action":"clear","target":"hv_tm_utredningsvertoy_psyk_dips/hv_tm_utredningsverktoy_psyk_dips/any_event/ados-ii"}]}]},{"field":"hv_tm_utredningsvertoy_psyk_dips/hv_tm_utredningsverktoy_psyk_dips/any_event/hcr-20/hcr-20","conditions":[{"operator":"equals","value":{"code":"at0018"},"actions":[{"action":"show","target":"hv_tm_utredningsvertoy_psyk_dips/hv_tm_utredningsverktoy_psyk_dips/any_event/hcr-20"}]},{"operator":"notequals","value":{"code":"at0018"},"actions":[{"action":"hide","target":"hv_tm_utredningsvertoy_psyk_dips/hv_tm_utredningsverktoy_psyk_dips/any_event/hcr-20"},{"action":"clear","target":"hv_tm_utredningsvertoy_psyk_dips/hv_tm_utredningsverktoy_psyk_dips/any_event/hcr-20"}]}]},{"field":"hv_tm_utredningsvertoy_psyk_dips/hv_tm_utredningsverktoy_psyk_dips/any_event/mini/mini","conditions":[{"operator":"equals","value":{"code":"at0012"},"actions":[{"action":"show","target":"hv_tm_utredningsvertoy_psyk_dips/hv_tm_utredningsverktoy_psyk_dips/any_event/mini"}]},{"operator":"notequals","value":{"code":"at0012"},"actions":[{"action":"hide","target":"hv_tm_utredningsvertoy_psyk_dips/hv_tm_utredningsverktoy_psyk_dips/any_event/mini"},{"action":"clear","target":"hv_tm_utredningsvertoy_psyk_dips/hv_tm_utredningsverktoy_psyk_dips/any_event/mini"}]}]},{"field":"hv_tm_utredningsvertoy_psyk_dips/hv_tm_utredningsverktoy_psyk_dips/any_event/mini_pluss/mini_pluss","conditions":[{"operator":"equals","value":{"code":"at0023"},"actions":[{"action":"show","target":"hv_tm_utredningsvertoy_psyk_dips/hv_tm_utredningsverktoy_psyk_dips/any_event/mini_pluss"}]},{"operator":"notequals","value":{"code":"at0023"},"actions":[{"action":"hide","target":"hv_tm_utredningsvertoy_psyk_dips/hv_tm_utredningsverktoy_psyk_dips/any_event/mini_pluss"},{"action":"clear","target":"hv_tm_utredningsvertoy_psyk_dips/hv_tm_utredningsverktoy_psyk_dips/any_event/mini_pluss"}]}]},{"field":"hv_tm_utredningsvertoy_psyk_dips/hv_tm_utredningsverktoy_psyk_dips/any_event/mmpi-ii/mmpi-ii","conditions":[{"operator":"equals","value":{"code":"at0059"},"actions":[{"action":"show","target":"hv_tm_utredningsvertoy_psyk_dips/hv_tm_utredningsverktoy_psyk_dips/any_event/mmpi-ii"}]},{"operator":"notequals","value":{"code":"at0059"},"actions":[{"action":"hide","target":"hv_tm_utredningsvertoy_psyk_dips/hv_tm_utredningsverktoy_psyk_dips/any_event/mmpi-ii"},{"action":"clear","target":"hv_tm_utredningsvertoy_psyk_dips/hv_tm_utredningsverktoy_psyk_dips/any_event/mmpi-ii"}]}]},{"field":"hv_tm_utredningsvertoy_psyk_dips/hv_tm_utredningsverktoy_psyk_dips/any_event/vineland/vineland","conditions":[{"operator":"equals","value":{"code":"at0047"},"actions":[{"action":"show","target":"hv_tm_utredningsvertoy_psyk_dips/hv_tm_utredningsverktoy_psyk_dips/any_event/vineland"}]},{"operator":"notequals","value":{"code":"at0047"},"actions":[{"action":"hide","target":"hv_tm_utredningsvertoy_psyk_dips/hv_tm_utredningsverktoy_psyk_dips/any_event/vineland"},{"action":"clear","target":"hv_tm_utredningsvertoy_psyk_dips/hv_tm_utredningsverktoy_psyk_dips/any_event/vineland"}]}]},{"field":"hv_tm_utredningsvertoy_psyk_dips/hv_tm_utredningsverktoy_psyk_dips/any_event/wais-iv/wais-iv","conditions":[{"operator":"equals","value":{"code":"at0053"},"actions":[{"action":"show","target":"hv_tm_utredningsvertoy_psyk_dips/hv_tm_utredningsverktoy_psyk_dips/any_event/wais-iv"}]},{"operator":"notequals","value":{"code":"at0053"},"actions":[{"action":"hide","target":"hv_tm_utredningsvertoy_psyk_dips/hv_tm_utredningsverktoy_psyk_dips/any_event/wais-iv"},{"action":"clear","target":"hv_tm_utredningsvertoy_psyk_dips/hv_tm_utredningsverktoy_psyk_dips/any_event/wais-iv"}]}]},{"field":"hv_tm_utredningsvertoy_psyk_dips/hv_tm_utredningsverktoy_psyk_dips/any_event/wnv/wnv","conditions":[{"operator":"equals","value":{"code":"at0065"},"actions":[{"action":"show","target":"hv_tm_utredningsvertoy_psyk_dips/hv_tm_utredningsverktoy_psyk_dips/any_event/wnv"}]},{"operator":"notequals","value":{"code":"at0065"},"actions":[{"action":"hide","target":"hv_tm_utredningsvertoy_psyk_dips/hv_tm_utredningsverktoy_psyk_dips/any_event/wnv"},{"action":"clear","target":"hv_tm_utredningsvertoy_psyk_dips/hv_tm_utredningsverktoy_psyk_dips/any_event/wnv"}]}]},{"field":"hv_tm_utredningsvertoy_psyk_dips/hv_tm_utredningsverktoy_psyk_dips/any_event/panss/panss","conditions":[{"operator":"equals","value":{"code":"at0029"},"actions":[{"action":"show","target":"hv_tm_utredningsvertoy_psyk_dips/hv_tm_utredningsverktoy_psyk_dips/any_event/panss"}]},{"operator":"notequals","value":{"code":"at0029"},"actions":[{"action":"hide","target":"hv_tm_utredningsvertoy_psyk_dips/hv_tm_utredningsverktoy_psyk_dips/any_event/panss"},{"action":"clear","target":"hv_tm_utredningsvertoy_psyk_dips/hv_tm_utredningsverktoy_psyk_dips/any_event/panss"}]}]},{"field":"hv_tm_utredningsvertoy_psyk_dips/hv_tm_utredningsverktoy_psyk_dips/any_event/scid-i/scid-i","conditions":[{"operator":"equals","value":{"code":"at0035"},"actions":[{"action":"show","target":"hv_tm_utredningsvertoy_psyk_dips/hv_tm_utredningsverktoy_psyk_dips/any_event/scid_1"}]},{"operator":"notequals","value":{"code":"at0035"},"actions":[{"action":"hide","target":"hv_tm_utredningsvertoy_psyk_dips/hv_tm_utredningsverktoy_psyk_dips/any_event/scid_1"},{"action":"clear","target":"hv_tm_utredningsvertoy_psyk_dips/hv_tm_utredningsverktoy_psyk_dips/any_event/scid_1"}]}]},{"field":"hv_tm_utredningsvertoy_psyk_dips/hv_tm_utredningsverktoy_psyk_dips/any_event/scid-ii/scid-ii","conditions":[{"operator":"equals","value":{"code":"at0041"},"actions":[{"action":"show","target":"hv_tm_utredningsvertoy_psyk_dips/hv_tm_utredningsverktoy_psyk_dips/any_event/scid_2"}]},{"operator":"notequals","value":{"code":"at0041"},"actions":[{"action":"hide","target":"hv_tm_utredningsvertoy_psyk_dips/hv_tm_utredningsverktoy_psyk_dips/any_event/scid_2"},{"action":"clear","target":"hv_tm_utredningsvertoy_psyk_dips/hv_tm_utredningsverktoy_psyk_dips/any_event/scid_2"}]}]},{"field":"hv_tm_utredningsvertoy_psyk_dips/hv_tm_utredningsverktoy_psyk_dips/any_event/scl-90/scl-90","conditions":[{"operator":"equals","value":{"code":"at0107"},"actions":[{"action":"show","target":"hv_tm_utredningsvertoy_psyk_dips/hv_tm_utredningsverktoy_psyk_dips/any_event/scl-90"}]},{"operator":"notequals","value":{"code":"at0107"},"actions":[{"action":"hide","target":"hv_tm_utredningsvertoy_psyk_dips/hv_tm_utredningsverktoy_psyk_dips/any_event/scl-90"},{"action":"clear","target":"hv_tm_utredningsvertoy_psyk_dips/hv_tm_utredningsverktoy_psyk_dips/any_event/scl-90"}]}]},{"field":"hv_tm_utredningsvertoy_psyk_dips/hv_tm_utredningsverktoy_psyk_dips/any_event/asrs_1.1/asrs_1.1","conditions":[{"operator":"equals","value":{"code":"at0108"},"actions":[{"action":"show","target":"hv_tm_utredningsvertoy_psyk_dips/hv_tm_utredningsverktoy_psyk_dips/any_event/asrs_1.1"}]},{"operator":"notequals","value":{"code":"at0108"},"actions":[{"action":"hide","target":"hv_tm_utredningsvertoy_psyk_dips/hv_tm_utredningsverktoy_psyk_dips/any_event/asrs_1.1"},{"action":"clear","target":"hv_tm_utredningsvertoy_psyk_dips/hv_tm_utredningsverktoy_psyk_dips/any_event/asrs_1.1"}]}]},{"field":"hv_tm_utredningsvertoy_psyk_dips/hv_tm_utredningsverktoy_psyk_dips/any_event/wurs/wurs","conditions":[{"operator":"equals","value":{"code":"at0109"},"actions":[{"action":"show","target":"hv_tm_utredningsvertoy_psyk_dips/hv_tm_utredningsverktoy_psyk_dips/any_event/wurs"}]},{"operator":"notequals","value":{"code":"at0109"},"actions":[{"action":"hide","target":"hv_tm_utredningsvertoy_psyk_dips/hv_tm_utredningsverktoy_psyk_dips/any_event/wurs"},{"action":"clear","target":"hv_tm_utredningsvertoy_psyk_dips/hv_tm_utredningsverktoy_psyk_dips/any_event/wurs"}]}]},{"field":"hv_tm_utredningsvertoy_psyk_dips/hv_tm_utredningsverktoy_psyk_dips/any_event/diva_2.0/diva_2.0","conditions":[{"operator":"equals","value":{"code":"at0110"},"actions":[{"action":"show","target":"hv_tm_utredningsvertoy_psyk_dips/hv_tm_utredningsverktoy_psyk_dips/any_event/diva_2.0"}]},{"operator":"notequals","value":{"code":"at0110"},"actions":[{"action":"hide","target":"hv_tm_utredningsvertoy_psyk_dips/hv_tm_utredningsverktoy_psyk_dips/any_event/diva_2.0"},{"action":"clear","target":"hv_tm_utredningsvertoy_psyk_dips/hv_tm_utredningsverktoy_psyk_dips/any_event/diva_2.0"}]}]},{"field":"hv_tm_utredningsvertoy_psyk_dips/hv_tm_utredningsverktoy_psyk_dips/any_event/breif-a/breif-a","conditions":[{"operator":"equals","value":{"code":"at0111"},"actions":[{"action":"show","target":"hv_tm_utredningsvertoy_psyk_dips/hv_tm_utredningsverktoy_psyk_dips/any_event/breif-a"}]},{"operator":"notequals","value":{"code":"at0111"},"actions":[{"action":"hide","target":"hv_tm_utredningsvertoy_psyk_dips/hv_tm_utredningsverktoy_psyk_dips/any_event/breif-a"},{"action":"clear","target":"hv_tm_utredningsvertoy_psyk_dips/hv_tm_utredningsverktoy_psyk_dips/any_event/breif-a"}]}]},{"field":"hv_tm_utredningsvertoy_psyk_dips/hv_tm_utredningsverktoy_psyk_dips/any_event/iowa/iowa","conditions":[{"operator":"equals","value":{"code":"at0112"},"actions":[{"action":"show","target":"hv_tm_utredningsvertoy_psyk_dips/hv_tm_utredningsverktoy_psyk_dips/any_event/iowa"}]},{"operator":"notequals","value":{"code":"at0112"},"actions":[{"action":"hide","target":"hv_tm_utredningsvertoy_psyk_dips/hv_tm_utredningsverktoy_psyk_dips/any_event/iowa"},{"action":"clear","target":"hv_tm_utredningsvertoy_psyk_dips/hv_tm_utredningsverktoy_psyk_dips/any_event/iowa"}]}]},{"field":"hv_tm_utredningsvertoy_psyk_dips/hv_tm_utredningsverktoy_psyk_dips/any_event/ipds_(iowa)/ipds_(iowa)","conditions":[{"operator":"equals","value":{"code":"at0113"},"actions":[{"action":"show","target":"hv_tm_utredningsvertoy_psyk_dips/hv_tm_utredningsverktoy_psyk_dips/any_event/ipds_(iowa)"}]},{"operator":"notequals","value":{"code":"at0113"},"actions":[{"action":"hide","target":"hv_tm_utredningsvertoy_psyk_dips/hv_tm_utredningsverktoy_psyk_dips/any_event/ipds_(iowa)"},{"action":"clear","target":"hv_tm_utredningsvertoy_psyk_dips/hv_tm_utredningsverktoy_psyk_dips/any_event/ipds_(iowa)"}]}]}]