[{"field":"klinisk_kontakt/forholdsregel/tilstand","conditions":[{"operator":"equals","value":{"code":"715035002"},"actions":[{"action":"show","target":"generic-field-66515"},{"action":"setOccurrences","target":"generic-field-66515","value":{"value":"1..1"}}]},{"operator":"notequals","value":{"code":"715035002"},"actions":[{"action":"hide","target":"generic-field-66515"},{"action":"clear","target":"generic-field-66515"},{"action":"setOccurrences","target":"generic-field-66515","value":{"value":"0..100"}}]}]},{"field":"generic-field-66515","conditions":[{"operator":"equals","value":{"code":"1"},"actions":[{"action":"set","target":"klinisk_kontakt/prosedyre/prosedyrenavn","value":{"value":"Legemiddelsamstemming"}},{"action":"set","target":"klinisk_kontakt/prosedyre/beskrivelse","value":{"code":"182836005"}},{"action":"set","target":"klinisk_kontakt/prosedyre/ism_transition/current_state","value":{"code":"532"}},{"action":"set","target":"klinisk_kontakt/prosedyre/ism_transition/careflow_step","value":{"code":"at0043"}}]},{"operator":"equals","value":{"code":"2"},"actions":[{"action":"set","target":"klinisk_kontakt/prosedyre/prosedyrenavn","value":{"value":"Legemiddelsamstemming"}},{"action":"set","target":"klinisk_kontakt/prosedyre/beskrivelse","value":{"code":"182836005"}},{"action":"set","target":"klinisk_kontakt/prosedyre/ism_transition/current_state","value":{"code":"529"}},{"action":"set","target":"klinisk_kontakt/prosedyre/ism_transition/careflow_step","value":{"code":"at0004"}}]},{"operator":"empty","actions":[{"action":"clear","target":"klinisk_kontakt/prosedyre/prosedyrenavn"},{"action":"clear","target":"klinisk_kontakt/prosedyre/beskrivelse"},{"action":"clear","target":"klinisk_kontakt/prosedyre/ism_transition/current_state"},{"action":"clear","target":"klinisk_kontakt/prosedyre/ism_transition/careflow_step"}]}]}]