{"formId":"form_root","name":"Form root","rmType":"FORM_DEFINITION","viewConfig":{"label":{"custom":false,"value":"","useLocalizations":false,"localizationsList":{}},"size":{"field":"inherit","label":"inherit","fill":"inherit"},"layout":{"valign":"inherit","align":"inherit"},"tags":[]},"language":"","templateLanguages":["nb"],"children":[{"localizedName":"Fieldset","localizedNames":{"nb":"Fieldset"},"min":0,"max":-1,"name":"Fieldset","rmType":"GENERIC_FIELDSET","fid":"generic-field-99322","formId":"generic-field-99322","children":[{"name":"Høyde/lengde","localizedName":"Høyde/lengde","rmType":"DV_QUANTITY","nodeId":"at0004","min":0,"max":1,"localizedNames":{"nb":"Høyde/lengde"},"localizedDescriptions":{"nb":"Høyde/lengde fra isse til fotsåle."},"aqlPath":"/content[openEHR-EHR-OBSERVATION.height.v1]/data[at0001]/events[at0002]/data[at0003]/items[at0004]/value","inputs":[{"suffix":"magnitude","type":"DECIMAL","validation":{"range":{"minOp":">=","min":0,"maxOp":"<=","max":500}}},{"suffix":"unit","type":"CODED_TEXT","list":[{"value":"cm","label":"cm","validation":{"range":{"minOp":">=","min":0,"maxOp":"<=","max":500}}}]}],"fid":"hv_ernaeringrisikovurdering/høyde_lengde/uspesifisert_hendelse/høyde_lengde","formId":"hv_ernaeringrisikovurdering/høyde_lengde/uspesifisert_hendelse/høyde_lengde","viewConfig":{"field":{"magnitude":{"presentation":"combobox"}},"annotations":{"CalcId":"HoydeLengde"}},"defaultValue":{"unit":"cm"}},{"name":"Kroppsvekt","localizedName":"Kroppsvekt","rmType":"DV_QUANTITY","nodeId":"at0004","min":0,"max":1,"localizedNames":{"nb":"Kroppsvekt"},"localizedDescriptions":{"nb":"Et individs totale kroppsmasse."},"aqlPath":"/content[openEHR-EHR-OBSERVATION.body_weight.v1,'Aktuell kroppsvekt']/data[at0002]/events[at0003]/data[at0001]/items[at0004]/value","inputs":[{"suffix":"magnitude","type":"DECIMAL"},{"suffix":"unit","type":"CODED_TEXT","list":[{"value":"kg","label":"kg","validation":{"range":{"minOp":">=","min":0,"maxOp":"<","max":1000}}},{"value":"g","label":"g","validation":{"range":{"minOp":">=","min":0,"maxOp":"<","max":100000},"precision":{"minOp":">=","min":0,"maxOp":"<=","max":0}}}]}],"fid":"hv_ernaeringrisikovurdering/aktuell_kroppsvekt/uspesifisert_hendelse/kroppsvekt","formId":"hv_ernaeringrisikovurdering/aktuell_kroppsvekt/uspesifisert_hendelse/kroppsvekt","viewConfig":{"field":{"magnitude":{"presentation":"combobox"}},"annotations":{"CalcId":"Kroppsvekt"}},"defaultValue":{"unit":""}},{"name":"Kroppsmasseindeks","localizedName":"Kroppsmasseindeks","rmType":"DV_QUANTITY","nodeId":"at0004","min":1,"max":1,"localizedNames":{"nb":"Kroppsmasseindeks"},"localizedDescriptions":{"nb":"Indeks som beskriver forholdet mellom vekt og høyde."},"aqlPath":"/content[openEHR-EHR-OBSERVATION.body_mass_index.v1]/data[at0001]/events[at0002]/data[at0003]/items[at0004]/value","inputs":[{"suffix":"magnitude","type":"DECIMAL","validation":{"range":{"minOp":">=","min":0,"maxOp":"<","max":500},"precision":{"minOp":">=","min":1,"maxOp":"<=","max":1}}},{"suffix":"unit","type":"CODED_TEXT","list":[{"value":"kg/m2","label":"kg/m2","validation":{"range":{"minOp":">=","min":0,"maxOp":"<","max":500},"precision":{"minOp":">=","min":1,"maxOp":"<=","max":1}}}]}],"fid":"hv_ernaeringrisikovurdering/kroppsmasseindeks/uspesifisert_hendelse/kroppsmasseindeks","formId":"hv_ernaeringrisikovurdering/kroppsmasseindeks/uspesifisert_hendelse/kroppsmasseindeks","viewConfig":{"field":{"magnitude":{"presentation":"combobox"}},"label":{"custom":false,"value":"","useLocalizations":false,"localizationsList":{}},"advanced":{"hidden":false,"readonly":false},"multiplicity":{"min":"0","max":"1"},"size":{"field":"inherit","label":"inherit","fill":"inherit"},"layout":{"label":{"valign":"inherit","align":"inherit"},"field":{"valign":"inherit","align":"inherit"}},"tags":[],"datasource":{"loadRemote":false,"loadRemoteUrl":"","terminology":""},"annotations":{"CalcId":"Kroppsmasseindeks","calc":"Kroppsvekt / ((HoydeLengde/100)^2)"}},"defaultValue":{"unit":"kg/m2"}},{"name":"Venstre overarm omkrets (UAC)","rmType":"DV_QUANTITY","nodeId":"at0016","min":0,"max":-1,"localizedNames":{"nb":"Venstre overarm omkrets (UAC)"},"localizedDescriptions":{"nb":"Måling av omkrets av venstre overarm ved midtpunktet mellom akromion prosessus på skulderbladet og olekranon prosessus på ulna. Også referert til som Mid-Upper Arm Circumference (MUAC)."},"aqlPath":"/content[openEHR-EHR-OBSERVATION.body_segment.v0,'Overarmsomkrets']/data[at0001]/events[at0002]/data[at0003]/items[at0016,'Venstre overarm omkrets (UAC)']/value","inputs":[{"suffix":"magnitude","type":"DECIMAL"},{"suffix":"unit","type":"CODED_TEXT","list":[{"value":"cm","label":"cm","validation":{"range":{"minOp":">=","min":0},"precision":{"minOp":">=","min":1,"maxOp":"<=","max":1}}},{"value":"mm","label":"mm","validation":{"range":{"minOp":">=","min":0},"precision":{"minOp":">=","min":0,"maxOp":"<=","max":0}}}]}],"fid":"hv_ernaeringrisikovurdering/overarmsomkrets/uspesifisert_hendelse/venstre_overarm_omkrets_uac","formId":"hv_ernaeringrisikovurdering/overarmsomkrets/uspesifisert_hendelse/venstre_overarm_omkrets_uac","viewConfig":{"field":{"magnitude":{"presentation":"combobox"}},"label":{"custom":true,"value":"Overarm omkrets (UAC)","useLocalizations":false,"localizationsList":{}},"advanced":{"hidden":false,"readonly":false},"multiplicity":{"min":"0","max":"1"},"size":{"field":"inherit","label":"inherit","fill":"inherit"},"layout":{"label":{"valign":"inherit","align":"inherit"},"field":{"valign":"inherit","align":"inherit"}},"tags":[],"datasource":{"loadRemote":false,"loadRemoteUrl":"","terminology":""}},"defaultValue":{"unit":""}},{"name":"BMI utledet av overarmsomkrets","localizedName":"BMI utledet av overarmsomkrets","rmType":"DV_ORDINAL","nodeId":"at0006","min":0,"max":1,"localizedNames":{"nb":"BMI utledet av overarmsomkrets"},"localizedDescriptions":{"nb":"Brukes til å utlede BMI fra overarmsomkrets"},"aqlPath":"/content[openEHR-EHR-OBSERVATION.overarmsomkrets_til_bmi.v1]/data[at0001]/events[at0002]/data[at0003]/items[at0006]/value","inputs":[{"type":"CODED_TEXT","list":[{"value":"at0007","label":"Mindre enn 23,5cm - undervektig","localizedLabels":{"nb":"Mindre enn 23,5cm - undervektig"},"localizedDescriptions":{"nb":"Undervekt"},"ordinal":1},{"value":"at0008","label":"Mellom 23,5 og 30 cm - Normalvektig","localizedLabels":{"nb":"Mellom 23,5 og 30 cm - Normalvektig"},"localizedDescriptions":{"nb":"Normalvekt"},"ordinal":2},{"value":"at0009","label":"Over 30cm - overvektig","localizedLabels":{"nb":"Over 30cm - overvektig"},"localizedDescriptions":{"nb":"Overvekt"},"ordinal":3}]}],"fid":"hv_ernaeringrisikovurdering/overarmsomkrets_til_bmi/bmi_utledet_av_overarmsomkrets","formId":"hv_ernaeringrisikovurdering/overarmsomkrets_til_bmi/bmi_utledet_av_overarmsomkrets","viewConfig":{},"defaultValue":{"value":""}}],"viewConfig":{"label":{"custom":true,"value":"Målinger for ernæringsmessig risiko","useLocalizations":false,"localizationsList":{}},"advanced":{"hidden":false,"readonly":false,"render":false},"multiplicity":{"min":"0","max":"1"},"size":{"field":"inherit","label":"inherit","fill":"inherit"},"layout":{"label":{"valign":"inherit","align":"top"},"field":{"valign":"inherit","align":"inherit"}},"tags":[],"field":{}}},{"localizedName":"Fieldset","localizedNames":{"nb":"Fieldset"},"min":0,"max":-1,"name":"Fieldset","rmType":"GENERIC_FIELDSET","fid":"generic-field-52623","formId":"generic-field-52623","children":[{"name":"Time","rmType":"DV_DATE_TIME","min":1,"max":1,"aqlPath":"/content[openEHR-EHR-OBSERVATION.body_weight.v1,'Tidligere kroppsvekt']/data[at0002]/events[at0003]/time","inputs":[{"type":"DATETIME"}],"inContext":true,"fid":"hv_ernaeringrisikovurdering/tidligere_kroppsvekt/uspesifisert_hendelse/time","formId":"hv_ernaeringrisikovurdering/tidligere_kroppsvekt/uspesifisert_hendelse/time","viewConfig":{"label":{"custom":true,"value":"Tidspunkt for tidligere måling","useLocalizations":false,"localizationsList":{}},"advanced":{"hidden":false,"readonly":false},"multiplicity":{"min":"0","max":"1"},"size":{"field":"inherit","label":"inherit","fill":"inherit"},"layout":{"label":{"valign":"inherit","align":"inherit"},"field":{"valign":"inherit","align":"inherit"}},"tags":[],"datasource":{"loadRemote":false,"loadRemoteUrl":"","terminology":""},"field":{}},"defaultValue":{"value":""}},{"name":"Kroppsvekt","localizedName":"Kroppsvekt","rmType":"DV_QUANTITY","nodeId":"at0004","min":0,"max":1,"localizedNames":{"nb":"Kroppsvekt"},"localizedDescriptions":{"nb":"Et individs totale kroppsmasse."},"aqlPath":"/content[openEHR-EHR-OBSERVATION.body_weight.v1,'Tidligere kroppsvekt']/data[at0002]/events[at0003]/data[at0001]/items[at0004]/value","inputs":[{"suffix":"magnitude","type":"DECIMAL"},{"suffix":"unit","type":"CODED_TEXT","list":[{"value":"kg","label":"kg","validation":{"range":{"minOp":">=","min":0,"maxOp":"<","max":1000}}},{"value":"g","label":"g","validation":{"range":{"minOp":">=","min":0,"maxOp":"<","max":100000},"precision":{"minOp":">=","min":0,"maxOp":"<=","max":0}}}]}],"fid":"hv_ernaeringrisikovurdering/tidligere_kroppsvekt/uspesifisert_hendelse/kroppsvekt","formId":"hv_ernaeringrisikovurdering/tidligere_kroppsvekt/uspesifisert_hendelse/kroppsvekt","viewConfig":{"field":{"magnitude":{"presentation":"combobox"}},"label":{"custom":true,"value":"Tidligere kroppsvekt"},"annotations":{"CalcId":"TidligereKroppsvekt"}},"defaultValue":{"unit":""}},{"name":"Vekttap i prosent","localizedName":"Vekttap i prosent","rmType":"DV_QUANTITY","nodeId":"at0004","min":0,"max":1,"localizedNames":{"nb":"Vekttap i prosent"},"localizedDescriptions":{"nb":"Benyttes for angi prosentvis endring av kroppsvekt over tid."},"aqlPath":"/content[openEHR-EHR-OBSERVATION.prosentvis_endring_av_vekt_og_matinntak.v1]/data[at0001]/events[at0002]/data[at0003]/items[at0006]/items[at0004]/value","inputs":[{"suffix":"magnitude","type":"DECIMAL"},{"suffix":"unit","type":"CODED_TEXT","list":[{"value":"%","label":"%"}]}],"fid":"hv_ernaeringrisikovurdering/prosentvis_endring_av_vekt_og_matinntak/vekttap/vekttap_i_prosent","formId":"hv_ernaeringrisikovurdering/prosentvis_endring_av_vekt_og_matinntak/vekttap/vekttap_i_prosent","viewConfig":{"field":{"magnitude":{"presentation":"combobox"}},"annotations":{"calc":"((TidligereKroppsvekt-Kroppsvekt)/TidligereKroppsvekt)*100"}},"defaultValue":{"unit":"%"}},{"name":"Konfunderende faktorer","localizedName":"Konfunderende faktorer","rmType":"DV_TEXT","nodeId":"at0025","min":0,"max":-1,"dependsOn":["justert_vekt","kommentar","kroppsvekt"],"localizedNames":{"nb":"Konfunderende faktorer"},"localizedDescriptions":{"nb":"Registering av emner eller faktorer som kan ha betydning for måling av kroppsvekten, f.eks. inntak av mat og drikke, stort saltinntak, menstruasjonssyklus, tidspunkt for avføring, ødem eller uke av graviditet."},"aqlPath":"/content[openEHR-EHR-OBSERVATION.body_weight.v1,'Tidligere kroppsvekt']/data[at0002]/events[at0003]/state[at0008]/items[at0025]/value","inputs":[{"type":"TEXT"}],"fid":"hv_ernaeringrisikovurdering/tidligere_kroppsvekt/uspesifisert_hendelse/konfunderende_faktorer","formId":"hv_ernaeringrisikovurdering/tidligere_kroppsvekt/uspesifisert_hendelse/konfunderende_faktorer","viewConfig":{"label":{"custom":true,"value":"Supplerende opplysninger til tidligere måling","useLocalizations":false,"localizationsList":{}},"advanced":{"hidden":false,"readonly":false},"multiplicity":{"min":"0","max":"1"},"size":{"field":"inherit","label":"inherit","fill":"inherit"},"layout":{"label":{"valign":"inherit","align":"top"},"field":{"valign":"inherit","align":"inherit"}},"tags":[],"datasource":{"loadRemote":false,"loadRemoteUrl":"","terminology":""},"field":{"input":{"presentation":"textfield","lines":"1"}}},"defaultValue":{"value":""}}],"viewConfig":{"label":{"custom":true,"value":"Tidligere vektmåling","useLocalizations":false,"localizationsList":{}},"advanced":{"hidden":false,"readonly":false,"render":false},"multiplicity":{"min":"0","max":"1"},"size":{"field":"inherit","label":"inherit","fill":"inherit"},"layout":{"label":{"valign":"inherit","align":"top"},"field":{"valign":"inherit","align":"inherit"}},"tags":[],"field":{}}},{"annotations":{"comment":"Generic input field used to add custom fields."},"inputs":[{"type":"TEXT"}],"localizedName":"Input","localizedNames":{"nb":"Input"},"max":-1,"min":0,"name":"Input","rmType":"GENERIC_FIELD","fid":"generic-field-7713","formId":"generic-field-7713","defaultValue":{"value":""},"viewConfig":{"label":{"custom":true,"value":"Pas.Alder","useLocalizations":false,"localizationsList":{}},"annotations":{"TemplateVariable":"[Pas.Alder]"},"advanced":{"hidden":true,"readonly":false},"multiplicity":{"min":"0","max":"1"},"size":{"field":"inherit","label":"inherit","fill":"inherit"},"layout":{"label":{"valign":"inherit","align":"inherit"},"field":{"valign":"inherit","align":"inherit"}},"tags":[],"datasource":{"loadRemote":false,"loadRemoteUrl":"","terminology":""},"field":{"input":{"presentation":"textfield","lines":"1"},"type":"DV_TEXT"}}},{"annotations":{"comment":"Generic input field used to add custom fields."},"inputs":[{"type":"TEXT"}],"localizedName":"Input","localizedNames":{"nb":"Input"},"max":-1,"min":0,"name":"Input","rmType":"GENERIC_FIELD","fid":"generic-field-61661","formId":"generic-field-61661","defaultValue":{"value":""},"viewConfig":{"label":{"custom":true,"value":"Sum innledende screening","useLocalizations":false,"localizationsList":{}},"advanced":{"hidden":true,"readonly":false},"multiplicity":{"min":"0","max":"1"},"size":{"field":"inherit","label":"inherit","fill":"inherit"},"layout":{"label":{"valign":"inherit","align":"inherit"},"field":{"valign":"inherit","align":"inherit"}},"tags":[],"datasource":{"loadRemote":false,"loadRemoteUrl":"","terminology":""},"field":{"input":{"presentation":"textfield","lines":"1"},"type":"DV_TEXT"}}},{"localizedName":"Fieldset","localizedNames":{"nb":"Fieldset"},"min":0,"max":-1,"name":"Fieldset","rmType":"GENERIC_FIELDSET","fid":"generic-field-60097","formId":"generic-field-60097","children":[{"name":"Tidspunkt for screening","localizedName":"Tidspunkt for screening","rmType":"DV_CODED_TEXT","nodeId":"at0028","min":0,"max":1,"localizedNames":{"nb":"Tidspunkt for screening"},"localizedDescriptions":{"nb":"*"},"aqlPath":"/content[openEHR-EHR-OBSERVATION.prosentvis_endring_av_vekt_og_matinntak.v1]/data[at0001]/events[at0002]/data[at0003]/items[at0028]/value","inputs":[{"suffix":"code","type":"CODED_TEXT","list":[{"value":"at0029","label":"Ved innkomst","localizedLabels":{"nb":"Ved innkomst"},"localizedDescriptions":{"nb":"*"}},{"value":"at0030","label":"Under opphold","localizedLabels":{"nb":"Under opphold"},"localizedDescriptions":{"nb":"*"}},{"value":"at0031","label":"Poliklinisk time","localizedLabels":{"nb":"Poliklinisk time"},"localizedDescriptions":{"nb":"*"}}]}],"fid":"hv_ernaeringrisikovurdering/prosentvis_endring_av_vekt_og_matinntak/tidspunkt_for_screening","formId":"hv_ernaeringrisikovurdering/prosentvis_endring_av_vekt_og_matinntak/tidspunkt_for_screening","viewConfig":{},"defaultValue":{"code":""}},{"name":"Er BMI < 20,5?","localizedName":"Er BMI < 20,5?","rmType":"DV_BOOLEAN","nodeId":"at0004","min":0,"max":1,"localizedNames":{"nb":"Er BMI < 20,5?"},"localizedDescriptions":{"nb":"Er pasientens BMI under 20,5?"},"aqlPath":"/content[openEHR-EHR-OBSERVATION.nutritional_risk_screening.v1]/data[at0001]/events[at0002]/data[at0003]/items[at0031]/items[at0004]/value","inputs":[{"type":"BOOLEAN"}],"fid":"hv_ernaeringrisikovurdering/screening_for_ernæringsmessig_risiko/uspesifisert_hendelse/innledende_screening/er_bmi_20_5","defaultValue":{"value":false},"formId":"hv_ernaeringrisikovurdering/screening_for_ernæringsmessig_risiko/uspesifisert_hendelse/innledende_screening/er_bmi_20_5","viewConfig":{"annotations":{"CalcId":"ErBMIover205"}}},{"name":"Har pasienten tapt vekt i løpet av de 3 siste månedene?","localizedName":"Har pasienten tapt vekt i løpet av de 3 siste månedene?","rmType":"DV_BOOLEAN","nodeId":"at0005","min":0,"max":1,"localizedNames":{"nb":"Har pasienten tapt vekt i løpet av de 3 siste månedene?"},"localizedDescriptions":{"nb":"Vekttap de siste 3 månedene?"},"aqlPath":"/content[openEHR-EHR-OBSERVATION.nutritional_risk_screening.v1]/data[at0001]/events[at0002]/data[at0003]/items[at0031]/items[at0005]/value","inputs":[{"type":"BOOLEAN"}],"fid":"hv_ernaeringrisikovurdering/screening_for_ernæringsmessig_risiko/uspesifisert_hendelse/innledende_screening/har_pasienten_tapt_vekt_i_løpet_av_de_3_siste_månedene","formId":"hv_ernaeringrisikovurdering/screening_for_ernæringsmessig_risiko/uspesifisert_hendelse/innledende_screening/har_pasienten_tapt_vekt_i_løpet_av_de_3_siste_månedene","viewConfig":{"annotations":{"CalcId":"TapVektSiste3mnd"}},"defaultValue":{"value":false}},{"name":"Har pasienten hatt redusert næringsinntak i den siste uken?","localizedName":"Har pasienten hatt redusert næringsinntak i den siste uken?","rmType":"DV_BOOLEAN","nodeId":"at0006","min":0,"max":1,"localizedNames":{"nb":"Har pasienten hatt redusert næringsinntak i den siste uken?"},"localizedDescriptions":{"nb":"Redusert næringsinntak siste uken?"},"aqlPath":"/content[openEHR-EHR-OBSERVATION.nutritional_risk_screening.v1]/data[at0001]/events[at0002]/data[at0003]/items[at0031]/items[at0006]/value","inputs":[{"type":"BOOLEAN"}],"fid":"hv_ernaeringrisikovurdering/screening_for_ernæringsmessig_risiko/uspesifisert_hendelse/innledende_screening/har_pasienten_hatt_redusert_næringsinntak_i_den_siste_uken","formId":"hv_ernaeringrisikovurdering/screening_for_ernæringsmessig_risiko/uspesifisert_hendelse/innledende_screening/har_pasienten_hatt_redusert_næringsinntak_i_den_siste_uken","viewConfig":{"annotations":{"CalcId":"RedNaeringInntakSisteUke"}},"defaultValue":{"value":false}},{"name":"Er pasienten alvorlig / kritisk syk?","localizedName":"Er pasienten alvorlig / kritisk syk?","rmType":"DV_BOOLEAN","nodeId":"at0007","min":0,"max":1,"localizedNames":{"nb":"Er pasienten alvorlig / kritisk syk?"},"localizedDescriptions":{"nb":"Har pasienten en økt stressmetabolisme i forbindelse med aktuell sykdom (traume, intensivpasient)."},"aqlPath":"/content[openEHR-EHR-OBSERVATION.nutritional_risk_screening.v1]/data[at0001]/events[at0002]/data[at0003]/items[at0031]/items[at0007]/value","inputs":[{"type":"BOOLEAN"}],"fid":"hv_ernaeringrisikovurdering/screening_for_ernæringsmessig_risiko/uspesifisert_hendelse/innledende_screening/er_pasienten_alvorlig_kritisk_syk","formId":"hv_ernaeringrisikovurdering/screening_for_ernæringsmessig_risiko/uspesifisert_hendelse/innledende_screening/er_pasienten_alvorlig_kritisk_syk","viewConfig":{"annotations":{"CalcId":"AlvorligKritiskSyk"}},"defaultValue":{"value":false}}],"viewConfig":{"label":{"custom":true,"value":"Innledende screening"}}},{"localizedName":"Fieldset","localizedNames":{"nb":"Fieldset"},"min":0,"max":-1,"name":"Fieldset","rmType":"GENERIC_FIELDSET","fid":"generic-field-46653","formId":"generic-field-46653","children":[{"name":"Ernæringsstatus","localizedName":"Ernæringsstatus","rmType":"DV_ORDINAL","nodeId":"at0016","min":0,"max":1,"localizedNames":{"nb":"Ernæringsstatus"},"localizedDescriptions":{"nb":"Ernæringsstatus (≈ grad av svekkelse)."},"aqlPath":"/content[openEHR-EHR-OBSERVATION.nutritional_risk_screening.v1]/data[at0001]/events[at0002]/data[at0003]/items[at0032]/items[at0016]/value","inputs":[{"type":"CODED_TEXT","list":[{"value":"at0018","label":"Fraværende","localizedLabels":{"nb":"Fraværende"},"localizedDescriptions":{"nb":"Normal ernæringsstatus."},"ordinal":0},{"value":"at0019","label":"Mild","localizedLabels":{"nb":"Mild"},"localizedDescriptions":{"nb":"Vekttap > 5 % i løpet av 3 måneder, eller matinntak 50-75 % av normalt behov i siste uke."},"ordinal":1},{"value":"at0020","label":"Moderat","localizedLabels":{"nb":"Moderat"},"localizedDescriptions":{"nb":"Vekttap > 5 % i løpet av 2 måneder, eller BMI 18.5-20.5 + nedsatt almenntilstand, eller matinntak 25-50 % av normalt behov i siste uke."},"ordinal":2},{"value":"at0021","label":"Alvorlig","localizedLabels":{"nb":"Alvorlig"},"localizedDescriptions":{"nb":"Vekttap > 5 % i løpet av 1 måned (>15 % siste 3 måneder), eller BMI<18.5 + nedsatt almenntilstand, eller matinntak 0-25 % av normalt behov siste uke."},"ordinal":3}]}],"fid":"hv_ernaeringrisikovurdering/screening_for_ernæringsmessig_risiko/uspesifisert_hendelse/hovedscreening/ernæringsstatus","formId":"hv_ernaeringrisikovurdering/screening_for_ernæringsmessig_risiko/uspesifisert_hendelse/hovedscreening/ernæringsstatus","viewConfig":{"annotations":{"CalcId":"ErnaeringStatus"}},"defaultValue":{"value":""}},{"name":"Sykdommens alvorlighetsgrad","localizedName":"Sykdommens alvorlighetsgrad","rmType":"DV_ORDINAL","nodeId":"at0017","min":0,"max":1,"localizedNames":{"nb":"Sykdommens alvorlighetsgrad"},"localizedDescriptions":{"nb":"Sykdommens alvorlighetsgrad (≈ økt\nbehov)."},"annotations":{"comment":"* indikerer at en studie direkte underbygger inndelingen av sykdommens alvorlighetsgrad i mild, moderat og alvorlig sykdom til pasienter med den diagnosen.\n\n# indikerer at diagnosen er basert på prototypene gitt nedenfor:\n\nSkår=1: en pasient med kronisk sykdom innlagt på sykehus på grunn av komplikasjoner. Pasienten er avkreftet, men er oppegående. Proteinbehovet er økt, men kan dekkes med mat og/eller næringstilskudd i de fleste tilfeller.\n\nSkår=2: en pasient som er sengeliggende på grunn av sykdom, f.eks etter stor abdominal kirurgi. Proteinbehov er vesentlig økt, men kan dekkes, selv om sondeernæring og/eller intravenøs ernæringstilførsel er nødvendig i mange tilfeller.\n\nSkår=3: en intensivpasient med behov for respiratorstøtte etc. Proteinbehovet er økt og kan ikke dekkes, selv med sondeernæring og/eller intravenøs ernæringstilførsel. Nedbrytning av proteiner og\nnitrogentap kan bli betydelig hemmet."},"aqlPath":"/content[openEHR-EHR-OBSERVATION.nutritional_risk_screening.v1]/data[at0001]/events[at0002]/data[at0003]/items[at0032]/items[at0017]/value","inputs":[{"type":"CODED_TEXT","list":[{"value":"at0022","label":"Normal","localizedLabels":{"nb":"Normal"},"localizedDescriptions":{"nb":"Normale ernæringsbehov."},"ordinal":0},{"value":"at0023","label":"Mild","localizedLabels":{"nb":"Mild"},"localizedDescriptions":{"nb":"Lårhalsbrudd*, kronisk syke pasienter* spesielt de med akutte komplikasjoner, levercirrose*, KOLS*, kronisk hemodialyse#, diabetes#, kreftsykdommer#."},"ordinal":1},{"value":"at0024","label":"Moderat","localizedLabels":{"nb":"Moderat"},"localizedDescriptions":{"nb":"Omfattende abdominal kirurgi*, slag*, alvorlig lungebetennelse#, maligne blodsykdommer#."},"ordinal":2},{"value":"at0025","label":"Alvorlig","localizedLabels":{"nb":"Alvorlig"},"localizedDescriptions":{"nb":"Hodeskade*, benmargstransplantasjon*, intensivpasienter (APACHE skår>10)."},"ordinal":3}]}],"fid":"hv_ernaeringrisikovurdering/screening_for_ernæringsmessig_risiko/uspesifisert_hendelse/hovedscreening/sykdommens_alvorlighetsgrad","formId":"hv_ernaeringrisikovurdering/screening_for_ernæringsmessig_risiko/uspesifisert_hendelse/hovedscreening/sykdommens_alvorlighetsgrad","viewConfig":{"annotations":{"CalcId":"SykdomAlvorlighetGrad"}},"defaultValue":{"value":""}},{"name":"Er pasientens alder ≥ 70 år?","localizedName":"Er pasientens alder ≥ 70 år?","rmType":"DV_ORDINAL","nodeId":"at0027","min":0,"max":1,"localizedNames":{"nb":"Er pasientens alder ≥ 70 år?"},"localizedDescriptions":{"nb":"Er pasienten 70 år eller eldre?"},"aqlPath":"/content[openEHR-EHR-OBSERVATION.nutritional_risk_screening.v1]/data[at0001]/events[at0002]/data[at0003]/items[at0032]/items[at0027]/value","inputs":[{"type":"CODED_TEXT","list":[{"value":"at0028","label":"Nei","localizedLabels":{"nb":"Nei"},"localizedDescriptions":{"nb":"Pasienten er yngre enn 70 år."},"ordinal":0},{"value":"at0029","label":"Ja","localizedLabels":{"nb":"Ja"},"localizedDescriptions":{"nb":"Pasienten er 70 år eller eldre."},"ordinal":1}]}],"fid":"hv_ernaeringrisikovurdering/screening_for_ernæringsmessig_risiko/uspesifisert_hendelse/hovedscreening/er_pasientens_alder_70_år","defaultValue":{"value":""},"formId":"hv_ernaeringrisikovurdering/screening_for_ernæringsmessig_risiko/uspesifisert_hendelse/hovedscreening/er_pasientens_alder_70_år","viewConfig":{"annotations":{"CalcId":"AlderOver70"}}},{"name":"Total score","localizedName":"Total score","rmType":"DV_COUNT","nodeId":"at0030","min":0,"max":7,"localizedNames":{"nb":"Total score"},"localizedDescriptions":{"nb":"Summen av score fra ernæringsstatus, sykdommens alvorlighetsgrad og alder."},"aqlPath":"/content[openEHR-EHR-OBSERVATION.nutritional_risk_screening.v1]/data[at0001]/events[at0002]/data[at0003]/items[at0032]/items[at0030]/value","inputs":[{"type":"INTEGER"}],"fid":"hv_ernaeringrisikovurdering/screening_for_ernæringsmessig_risiko/uspesifisert_hendelse/hovedscreening/total_score","defaultValue":{},"formId":"hv_ernaeringrisikovurdering/screening_for_ernæringsmessig_risiko/uspesifisert_hendelse/hovedscreening/total_score","viewConfig":{"label":{"custom":false,"value":"","useLocalizations":false,"localizationsList":{}},"advanced":{"hidden":false,"readonly":false},"multiplicity":{"min":"0","max":"1"},"size":{"field":"inherit","label":"inherit","fill":"inherit"},"layout":{"label":{"valign":"inherit","align":"inherit"},"field":{"valign":"inherit","align":"inherit"}},"tags":[],"datasource":{"loadRemote":false,"loadRemoteUrl":"","terminology":""},"field":{},"annotations":{"CalcId":"TotalScore","calc":"ErnaeringStatus+SykdomAlvorlighetGrad+AlderOver70"}}}],"viewConfig":{"label":{"custom":true,"value":"Hovedscreening"}}},{"localizedName":"Fieldset","localizedNames":{"nb":"Fieldset"},"min":0,"max":-1,"name":"Fieldset","rmType":"GENERIC_FIELDSET","fid":"generic-field-60860","formId":"generic-field-60860","inputs":[{"type":"TEXT"}],"children":[{"localizedName":"Fieldset","localizedNames":{"nb":"Fieldset"},"min":0,"max":-1,"name":"Fieldset","rmType":"GENERIC_FIELDSET","fid":"generic-field-21809","formId":"generic-field-21809","viewConfig":{"label":{"custom":true,"value":"Lag ernæringsplan og sett diagnosekode E46"}},"children":[]}],"viewConfig":{"label":{"custom":true,"value":"Total aldersjustert score er over eller lik 3 poeng"},"annotations":{"AlertType":"Info"}}}]}