{"formId":"form_root","name":"Form root","rmType":"FORM_DEFINITION","viewConfig":{"label":{"custom":true,"value":"Hv pasientsikkerhet status ernaering","useLocalizations":true,"localizationsList":{"nb":"Hv pasientsikkerhet status ernaering"}},"size":{"field":"inherit","label":"inherit","fill":"inherit"},"layout":{"label":{"valign":"inherit","align":"top"},"field":{"valign":"inherit","align":"inherit"}},"tags":[],"annotations":{"#ER":"openEHR-EHR-ADMIN_ENTRY.hv_pasientsikkerhet_status_ernaering.v0?scope=episodeofcare"}},"language":"nb","templateLanguages":["nb"],"children":[{"name":"Risiko","localizedName":"Risiko","rmType":"DV_CODED_TEXT","nodeId":"at0002","min":0,"max":1,"localizedNames":{"nb":"Risiko"},"localizedDescriptions":{"nb":"*"},"aqlPath":"/content[openEHR-EHR-ADMIN_ENTRY.hv_pasientsikkerhet_status_ernaering.v0]/data[at0001]/items[at0002]/value","inputs":[{"suffix":"code","type":"CODED_TEXT","list":[{"value":"at0003","label":"Ingen","localizedLabels":{"nb":"Ingen"},"localizedDescriptions":{"nb":"Ingen risiko"}},{"value":"at0004","label":"Lav","localizedLabels":{"nb":"Lav"},"localizedDescriptions":{"nb":"Lav risiko"}},{"value":"at0005","label":"Medium","localizedLabels":{"nb":"Medium"},"localizedDescriptions":{"nb":"Medium risiko"}},{"value":"at0006","label":"Høy","localizedLabels":{"nb":"Høy"},"localizedDescriptions":{"nb":"Høy risiko"}}]}],"fid":"hv_pasientsikkerhet_status_ernaering/hv_pasientsikkerhet_status_ernaering/risiko","formId":"hv_pasientsikkerhet_status_ernaering/hv_pasientsikkerhet_status_ernaering/risiko","defaultValue":{"code":""},"viewConfig":{"size":{"field":"large","label":"inherit","fill":"inherit"},"layout":{"label":{"valign":"inherit","align":"inherit"},"field":{"valign":"inherit","align":"inherit"}},"datasource":{"loadRemote":false,"loadRemoteUrl":"","terminology":""},"label":{"custom":true,"value":"Ernæringsrisiko","useLocalizations":true,"localizationsList":{"nb":"Ernæringsrisiko"}},"advanced":{"hidden":false,"readonly":false},"multiplicity":{"min":"0","max":"1"},"tags":[],"field":{"code":{"presentation":"radios","columns":"4"}},"annotations":{"select":"{#ER:/data[at0001]/items[at0002]/value}"}}}]}