{"formId":"form_root","name":"Form root","rmType":"FORM_DEFINITION","viewConfig":{"label":{"custom":true,"value":"Blodprøver","useLocalizations":true,"localizationsList":{"nb":"Blodprøver"}},"size":{"field":"inherit","label":"inherit","fill":"inherit"},"layout":{"label":{"valign":"inherit","align":"top"},"field":{"valign":"inherit","align":"inherit"}},"tags":[],"annotations":{"reuseComposition":"select c from composition c contains admin_entry e[openEHR-EHR-ADMIN_ENTRY.hv_blodprover.v0] where c/archetype_details/template_id/value = 'hv_blodprover' order by c/context/start_time/value desc fetch 1?scope=episodeofcare"}},"language":"nb","templateLanguages":["nb"],"children":[{"name":"Blodprøver","localizedName":"Blodprøver","rmType":"DV_DATE","nodeId":"at0006","min":"0","max":"1","localizedNames":{"nb":"Blodprøver"},"localizedDescriptions":{"nb":"Angi dato"},"aqlPath":"/content[openEHR-EHR-ADMIN_ENTRY.hv_blodprover.v0]/data[at0001]/items[at0006]/value","inputs":[{"type":"DATE"}],"formId":"hv_blodprover/hv_blodprover/blodprøver2","viewConfig":{"size":{"field":"inherit","label":"inherit","fill":"inherit"},"layout":{"label":{"valign":"inherit","align":"inherit"},"field":{"valign":"inherit","align":"inherit"}},"datasource":{"loadRemote":false,"loadRemoteUrl":"","terminology":""},"advanced":{"hidden":false,"readonly":false},"tags":[],"field":{"input":{"dateFormat":"","hideDate":false,"hideTime":false}}}}]}