[{"col":1,"row":1,"width":12,"height":32,"children":[{"id":"informasjon_for_post","rows":[{"cols":[{"width":"100%","children":[{"id":"informasjon_for_post/fastende@Fastende","rows":[{"cols":[{"width":"100%","children":[{"id":"informasjon_for_post/fastende@Fastende/tilstand","rows":[]},{"id":"informasjon_for_post/fastende@Fastende/status","rows":[{"cols":[{"width":"100%","children":[{"id":"informasjon_for_post/fastende@Fastende/status/value","rows":[]}]}]}]},{"id":"informasjon_for_post/fastende@Fastende/sist_oppdatert","rows":[]}]}]}]}]}]}]}]}]