{"formId":"form_root","name":"Form root","rmType":"FORM_DEFINITION","viewConfig":{"label":{"custom":false,"value":"","useLocalizations":false,"localizationsList":{}},"size":{"field":"inherit","label":"inherit","fill":"inherit"},"layout":{"valign":"inherit","align":"inherit"},"tags":[]},"language":"","templateLanguages":["nb"],"children":[{"localizedName":"Fieldset","localizedNames":{"nb":"Fieldset"},"min":0,"max":-1,"name":"Fieldset","rmType":"GENERIC_FIELDSET","fid":"generic-field-20180","formId":"generic-field-20180","children":[{"name":"Info-møte status","localizedName":"Info-møte status","rmType":"DV_CODED_TEXT","nodeId":"at0004","min":0,"max":1,"localizedNames":{"nb":"Info-møte status"},"localizedDescriptions":{"nb":"*"},"aqlPath":"/content[openEHR-EHR-OBSERVATION.info_mote_status.v0]/data[at0001]/events[at0002]/data[at0003]/items[at0004]/value","inputs":[{"suffix":"code","type":"CODED_TEXT","list":[{"value":"at0006","label":"Ikke planlagt","localizedLabels":{"nb":"Ikke planlagt"},"localizedDescriptions":{"nb":"Info-møte ikke planlagt"}},{"value":"at0007","label":"Planlagt","localizedLabels":{"nb":"Planlagt"},"localizedDescriptions":{"nb":"Info-møte planlagt"}},{"value":"at0008","label":"Utført","localizedLabels":{"nb":"Utført"},"localizedDescriptions":{"nb":"Info-møte utført"}}]}],"fid":"info_møte/info_møte/info-møte_status","formId":"info_møte/info_møte/info-møte_status","viewConfig":{},"defaultValue":{"code":""}},{"name":"Time","rmType":"DV_DATE_TIME","min":1,"max":1,"aqlPath":"/content[openEHR-EHR-OBSERVATION.info_mote_status.v0]/data[at0001]/events[at0002]/time","inputs":[{"type":"DATETIME"}],"inContext":true,"fid":"info_møte/info_møte/time","formId":"info_møte/info_møte/time","viewConfig":{"label":{"custom":true,"value":"Tidspunkt","useLocalizations":false,"localizationsList":{}},"advanced":{"hidden":false,"readonly":false},"multiplicity":{"min":"0","max":"1"},"size":{"field":"inherit","label":"inherit","fill":"inherit"},"layout":{"label":{"valign":"inherit","align":"inherit"},"field":{"valign":"inherit","align":"inherit"}},"tags":[],"datasource":{"loadRemote":false,"loadRemoteUrl":"","terminology":""},"field":{}},"defaultValue":{"value":""}}],"viewConfig":{"label":{"custom":true,"value":"Info-møte status","useLocalizations":false,"localizationsList":{}},"advanced":{"hidden":false,"readonly":false,"render":false},"multiplicity":{"min":"0","max":"1"},"size":{"field":"inherit","label":"inherit","fill":"inherit"},"layout":{"label":{"valign":"inherit","align":"top"},"field":{"valign":"inherit","align":"inherit"}},"tags":[],"field":{}}}]}