{"name":"Form root","localizedNames":{},"localizedDescriptions":{},"rmType":"FORM_DEFINITION","min":0,"max":0,"formId":"form_root","viewConfig":{"label":{"custom":false,"useLocalizations":false},"size":{"field":"inherit","label":"inherit"},"layout":{"label":{"valign":"inherit","align":"inherit"},"field":{"valign":"inherit","align":"inherit"}},"annotations":{"#orderly":"SELECT c/uid as cid, a FROM COMPOSITION c[openEHR-EHR-COMPOSITION.encounter.v1] CONTAINS ADMIN_ENTRY a[openEHR-EHR-ADMIN_ENTRY.logistic_services_dips.v0] where a/data[at0001]/items[at0003]/name/value = 'Status portørtjenester' order by c/context/start_time/value desc fetch 1?scope=periodofcare"}},"children":[{"name":"Status portørtjenester","localizedName":"Status portørtjenester","localizedNames":{"en":"*Status portørtjenester (en)","nb":"Status portørtjenester"},"localizedDescriptions":{"nb":"Brukes for å angi informasjon om logistikktjenester i forbindelse med utøvelse av helsehjelp.","en":"*Brukes for å angi informasjon om logistikktjenester i forbindelse med utøvelse av helsehjelp. (nb)"},"rmType":"ADMIN_ENTRY","nodeId":"openEHR-EHR-ADMIN_ENTRY.logistic_services_dips.v0","min":1,"max":1,"aqlPath":"/content[openEHR-EHR-ADMIN_ENTRY.logistic_services_dips.v0 and name/value='Status portørtjenester']","inputs":[],"formId":"klinisk_kontakt/status_portørtjenester@Status portørtjenester","viewConfig":{"multiplicity":{"min":1,"max":1},"advanced":{"hidden":false,"readonly":false,"hideFrame":false,"render":false},"label":{"custom":false,"useLocalizations":false},"size":{"field":"inherit","label":"-1"},"layout":{"label":{"valign":"inherit","align":"inherit"},"field":{"valign":"inherit","align":"inherit"}},"annotations":{"selectreadonly":"{#orderly}"},"field":{},"tags":["HideLabel"]},"children":[{"name":"Status","localizedName":"Status","localizedNames":{"en":"*Status (nb)","nb":"Status portørtjenester"},"localizedDescriptions":{"nb":"Status på tjenester f.eks. bestilt, ringt etter osv.","en":"*Status på tjenester f.eks. bestilt, ringt etter osv. (nb)"},"rmType":"DV_TEXT","nodeId":"at0003","min":0,"max":1,"aqlPath":"/content[openEHR-EHR-ADMIN_ENTRY.logistic_services_dips.v0 and name/value='Status portørtjenester']/data[at0001]/items[at0003]/value","inputs":[{"type":"TEXT","list":[],"listOpen":false}],"formId":"klinisk_kontakt/status_portørtjenester@Status portørtjenester/status","viewConfig":{"multiplicity":{"min":0,"max":1},"advanced":{"hidden":false,"readonly":false,"hideFrame":false,"render":false},"label":{"custom":false,"useLocalizations":false},"size":{"field":"inherit","label":"inherit"},"layout":{"label":{"valign":"inherit","align":"top"},"field":{"valign":"inherit","align":"inherit"}},"datasource":{"loadRemote":false,"parameters":{}},"annotations":{},"field":{"lines":null,"input":{}}}}]}]}