{"formId":"form_root","name":"Form root","rmType":"FORM_DEFINITION","viewConfig":{"label":{"custom":true,"value":"Vurdering","useLocalizations":true,"localizationsList":{"nb":"Hv trykksaarrisikovurdering"}},"size":{"field":"inherit","label":"inherit","fill":"inherit"},"layout":{"label":{"valign":"inherit","align":"inherit"},"field":{"valign":"inherit","align":"inherit"}},"tags":[],"annotations":{"reuseComposition":"select c from composition c contains evaluation e[openEHR-EHR-EVALUATION.trykksaar_risiko.v1] where c/archetype_details/template_id/value = 'HV Trykksaarrisikovurdering V3' order by e/data[at0001]/items[at0033]/value/value desc fetch 1?scope=periodofcare"}},"language":"","templateLanguages":["nb"],"children":[{"localizedName":"Fieldset","localizedNames":{"nb":"Vurdering av risiko for trykksår"},"min":0,"max":-1,"name":"Fieldset","rmType":"GENERIC_FIELDSET","fid":"generic-field-63934","formId":"generic-field-63934","viewConfig":{"label":{"custom":true,"value":"Vurdering av risiko for trykksår","useLocalizations":true,"localizationsList":{"nb":"Vurdering av risiko for trykksår"}},"size":{"field":"inherit","label":"inherit","fill":"inherit"},"layout":{"label":{"valign":"inherit","align":"top"},"field":{"valign":"inherit","align":"inherit"}},"field":{},"advanced":{"hidden":false,"readonly":false,"render":false},"multiplicity":{"min":"0","max":"1"},"tags":[]},"children":[{"localizedName":"Fieldset","localizedNames":{"nb":"Dato og risiko"},"min":0,"max":-1,"name":"Fieldset","rmType":"GENERIC_FIELDSET","fid":"generic-field-20862","formId":"generic-field-20862","viewConfig":{"label":{"custom":true,"value":"Dato og risiko","useLocalizations":true,"localizationsList":{"nb":"Dato og risiko"}},"advanced":{"hidden":false,"readonly":false,"render":false},"multiplicity":{"min":"0","max":"1"},"size":{"field":"inherit","label":"inherit","fill":"inherit"},"layout":{"label":{"valign":"inherit","align":"inherit"},"field":{"valign":"inherit","align":"inherit"}},"field":{},"tags":["HideLabel"]},"children":[{"name":"Dato for screening","localizedName":"Dato for screening","rmType":"DV_DATE","nodeId":"at0033","min":0,"max":1,"localizedNames":{"nb":"Dato for screening"},"localizedDescriptions":{"nb":"*"},"aqlPath":"/content[openEHR-EHR-EVALUATION.trykksaar_risiko.v1]/data[at0001]/items[at0033]/value","inputs":[{"type":"DATE"}],"fid":"hv_trykksaarrisikovurdering/trykksaar_risiko/dato_for_screening","formId":"hv_trykksaarrisikovurdering/trykksaar_risiko/dato_for_screening","viewConfig":{"label":{"custom":true,"value":"Dato for screening","useLocalizations":true,"localizationsList":{"nb":"Dato for screening"}},"advanced":{"hidden":true,"readonly":false},"multiplicity":{"min":"0","max":"1"},"size":{"field":"inherit","label":"inherit","fill":"inherit"},"layout":{"label":{"valign":"inherit","align":"inherit"},"field":{"valign":"inherit","align":"inherit"}},"datasource":{"loadRemote":false,"loadRemoteUrl":"","terminology":""},"tags":[],"annotations":{},"field":{"input":{"dateFormat":"","hideDate":false,"hideTime":false}}},"defaultValue":{"value":""}},{"name":"Tøm skjema","localizedName":"Tøm skjema","rmType":"DV_BOOLEAN","nodeId":"at0002","min":0,"max":1,"localizedNames":{"nb":"Tøm skjema"},"localizedDescriptions":{"nb":"Tøm skjema"},"aqlPath":"/content[openEHR-EHR-ADMIN_ENTRY.clearcommand.v0]/data[at0001]/items[at0002]/value","inputs":[{"type":"BOOLEAN"}],"fid":"hv_trykksaarrisikovurdering/clearcommand/tøm_skjema","defaultValue":{"value":false},"formId":"hv_trykksaarrisikovurdering/clearcommand/tøm_skjema","viewConfig":{"label":{"custom":true,"value":"Tøm skjema","useLocalizations":true,"localizationsList":{"nb":"Tøm skjema"}},"advanced":{"hidden":true,"readonly":false},"multiplicity":{"min":"0","max":"1"},"size":{"field":"inherit","label":"inherit","fill":"inherit"},"layout":{"label":{"valign":"inherit","align":"inherit"},"field":{"valign":"inherit","align":"inherit"}},"datasource":{"loadRemote":false,"loadRemoteUrl":"","terminology":""},"tags":[],"field":{"input":{"threeState":false}}}}]},{"name":"Har pasienten trykksår ved innleggelse/overflytting?","localizedName":"Har pasienten trykksår ved innleggelse/overflytting?","rmType":"DV_CODED_TEXT","nodeId":"at0002","min":0,"max":1,"localizedNames":{"nb":"Har pasienten trykksår ved innleggelse/overflytting?"},"localizedDescriptions":{"nb":"*"},"aqlPath":"/content[openEHR-EHR-EVALUATION.trykksaar_risiko.v1]/data[at0001]/items[at0002]/value","inputs":[{"suffix":"code","type":"CODED_TEXT","list":[{"value":"at0013","label":"Ja","localizedLabels":{"nb":"Ja"},"localizedDescriptions":{"nb":"*"}},{"value":"at0014","label":"Nei","localizedLabels":{"nb":"Nei"},"localizedDescriptions":{"nb":"*"}}]}],"fid":"hv_trykksaarrisikovurdering/trykksaar_risiko/har_pasienten_trykksår_ved_innleggelse_overflytting","defaultValue":{"code":""},"formId":"hv_trykksaarrisikovurdering/trykksaar_risiko/har_pasienten_trykksår_ved_innleggelse_overflytting","viewConfig":{"label":{"custom":true,"value":"Har pasienten trykksår ved innleggelse/overflytting?","useLocalizations":true,"localizationsList":{"nb":"Har pasienten trykksår ved innleggelse/overflytting?"}},"advanced":{"hidden":false,"readonly":false},"multiplicity":{"min":"0","max":"1"},"size":{"field":"inherit","label":"inherit","fill":"inherit"},"layout":{"label":{"valign":"inherit","align":"inherit"},"field":{"valign":"inherit","align":"inherit"}},"datasource":{"loadRemote":false,"loadRemoteUrl":"","terminology":""},"tags":[],"field":{"code":{"presentation":"combobox"}}}},{"name":"Trenger pasienten hjelp til stillingsendring i stol og/ eller seng?","localizedName":"Trenger pasienten hjelp til stillingsendring i stol og/ eller seng?","rmType":"DV_CODED_TEXT","nodeId":"at0003","min":0,"max":1,"localizedNames":{"nb":"Trenger pasienten hjelp til stillingsendring i stol og/ eller seng?"},"localizedDescriptions":{"nb":"*"},"aqlPath":"/content[openEHR-EHR-EVALUATION.trykksaar_risiko.v1]/data[at0001]/items[at0003]/value","inputs":[{"suffix":"code","type":"CODED_TEXT","list":[{"value":"at0015","label":"Ja","localizedLabels":{"nb":"Ja"},"localizedDescriptions":{"nb":"*"}},{"value":"at0016","label":"Nei","localizedLabels":{"nb":"Nei"},"localizedDescriptions":{"nb":"*"}}]}],"fid":"hv_trykksaarrisikovurdering/trykksaar_risiko/trenger_pasienten_hjelp_til_stillingsendring_i_stol_og_eller_seng","defaultValue":{"code":""},"formId":"hv_trykksaarrisikovurdering/trykksaar_risiko/trenger_pasienten_hjelp_til_stillingsendring_i_stol_og_eller_seng","viewConfig":{"label":{"custom":true,"value":"Trenger pasienten hjelp til stillingsendring i stol og/ eller seng?","useLocalizations":true,"localizationsList":{"nb":"Trenger pasienten hjelp til stillingsendring i stol og/ eller seng?"}},"advanced":{"hidden":false,"readonly":false},"multiplicity":{"min":"0","max":"1"},"size":{"field":"inherit","label":"inherit","fill":"inherit"},"layout":{"label":{"valign":"inherit","align":"inherit"},"field":{"valign":"inherit","align":"inherit"}},"datasource":{"loadRemote":false,"loadRemoteUrl":"","terminology":""},"tags":[],"field":{"code":{"presentation":"combobox"}}}},{"name":"Tror du det er sannsynlig at pasienten kan utvikle trykksår under innleggelsen?","localizedName":"Tror du det er sannsynlig at pasienten kan utvikle trykksår under innleggelsen?","rmType":"DV_CODED_TEXT","nodeId":"at0004","min":0,"max":1,"localizedNames":{"nb":"Tror du det er sannsynlig at pasienten kan utvikle trykksår under innleggelsen?"},"localizedDescriptions":{"nb":"*"},"aqlPath":"/content[openEHR-EHR-EVALUATION.trykksaar_risiko.v1]/data[at0001]/items[at0004]/value","inputs":[{"suffix":"code","type":"CODED_TEXT","list":[{"value":"at0017","label":"Ja","localizedLabels":{"nb":"Ja"},"localizedDescriptions":{"nb":"*"}},{"value":"at0018","label":"Nei","localizedLabels":{"nb":"Nei"},"localizedDescriptions":{"nb":"*"}}]}],"fid":"hv_trykksaarrisikovurdering/trykksaar_risiko/tror_du_det_er_sannsynlig_at_pasienten_kan_utvikle_trykksår_under_innleggelsen","defaultValue":{"code":""},"formId":"hv_trykksaarrisikovurdering/trykksaar_risiko/tror_du_det_er_sannsynlig_at_pasienten_kan_utvikle_trykksår_under_innleggelsen","viewConfig":{"label":{"custom":true,"value":"Tror du det er sannsynlig at pasienten kan utvikle trykksår under innleggelsen?","useLocalizations":true,"localizationsList":{"nb":"Tror du det er sannsynlig at pasienten kan utvikle trykksår under innleggelsen?"}},"advanced":{"hidden":false,"readonly":false},"multiplicity":{"min":"0","max":"1"},"size":{"field":"inherit","label":"inherit","fill":"inherit"},"layout":{"label":{"valign":"inherit","align":"inherit"},"field":{"valign":"inherit","align":"inherit"}},"datasource":{"loadRemote":false,"loadRemoteUrl":"","terminology":""},"tags":[],"field":{"code":{"presentation":"combobox"}}}},{"name":"Merknad:","localizedName":"Merknad:","rmType":"DV_TEXT","nodeId":"at0005","min":0,"max":1,"localizedNames":{"nb":"Merknad:"},"localizedDescriptions":{"nb":"Her kan man skrive en merknad"},"aqlPath":"/content[openEHR-EHR-EVALUATION.trykksaar_risiko.v1]/data[at0001]/items[at0005]/value","inputs":[{"type":"TEXT"}],"fid":"hv_trykksaarrisikovurdering/trykksaar_risiko/merknad","formId":"hv_trykksaarrisikovurdering/trykksaar_risiko/merknad","viewConfig":{"label":{"custom":true,"value":"Merknad:","useLocalizations":true,"localizationsList":{"nb":"Merknad:"}},"advanced":{"hidden":false,"readonly":false},"multiplicity":{"min":"0","max":"1"},"size":{"field":"inherit","label":"inherit","fill":"inherit"},"layout":{"label":{"valign":"inherit","align":"inherit"},"field":{"valign":"inherit","align":"inherit"}},"datasource":{"loadRemote":false,"loadRemoteUrl":"","terminology":""},"tags":[],"field":{"input":{"presentation":"textfield"}}},"defaultValue":{"value":""}}]},{"localizedName":"Fieldset","localizedNames":{"nb":"Risiko eller ufullstendig screening"},"min":0,"max":-1,"name":"Fieldset","rmType":"GENERIC_FIELDSET","fid":"generic-field-71466","inputs":[{"type":"TEXT"}],"formId":"generic-field-71466","viewConfig":{"label":{"custom":true,"value":"Risiko eller ufullstendig screening","useLocalizations":true,"localizationsList":{"nb":"Risiko eller ufullstendig screening"}},"advanced":{"hidden":false,"readonly":false,"render":false},"multiplicity":{"min":"0","max":"1"},"size":{"field":"inherit","label":"inherit","fill":"inherit"},"layout":{"label":{"valign":"inherit","align":"inherit"},"field":{"valign":"inherit","align":"inherit"}},"field":{},"annotations":{"alertType":"error"},"tags":[]},"children":[]},{"localizedName":"Fieldset","localizedNames":{"nb":"Ingen risiko for trykksår"},"min":0,"max":-1,"name":"Fieldset","rmType":"GENERIC_FIELDSET","fid":"generic-field-88155","inputs":[{"type":"TEXT"}],"formId":"generic-field-88155","viewConfig":{"label":{"custom":true,"value":"Ingen risiko","useLocalizations":true,"localizationsList":{"nb":"Ingen risiko for trykksår"}},"advanced":{"hidden":false,"readonly":false,"render":false},"multiplicity":{"min":"0","max":"1"},"size":{"field":"inherit","label":"inherit","fill":"inherit"},"layout":{"label":{"valign":"inherit","align":"inherit"},"field":{"valign":"inherit","align":"inherit"}},"field":{},"tags":[],"annotations":{"alertType":"Success"}},"children":[]},{"localizedName":"Fieldset","localizedNames":{"nb":"Alle nyinnlagte  skal vurderes for trykksårrisiko innen 4 timer."},"min":0,"max":-1,"name":"Fieldset","rmType":"GENERIC_FIELDSET","fid":"generic-field-24335","formId":"generic-field-24335","viewConfig":{"label":{"custom":true,"value":"Alle nyinnlagte skal vurderes for trykksårrisiko innen 4 timer.","useLocalizations":true,"localizationsList":{"nb":"Alle nyinnlagte  skal vurderes for trykksårrisiko innen 4 timer."}},"advanced":{"hidden":false,"readonly":false,"render":false},"multiplicity":{"min":"0","max":"1"},"size":{"field":"inherit","label":"inherit","fill":"inherit"},"layout":{"label":{"valign":"inherit","align":"inherit"},"field":{"valign":"inherit","align":"inherit"}},"field":{},"tags":[],"annotations":{"alertType":"TIP"}},"children":[{"localizedName":"Fieldset","localizedNames":{"nb":"En pasient uten trykksårrisiko skal vurderes på nytt "},"min":0,"max":-1,"name":"Fieldset","rmType":"GENERIC_FIELDSET","fid":"generic-field-33689","formId":"generic-field-33689","viewConfig":{"label":{"custom":true,"value":"En pasient uten trykksårrisiko skal vurderes på nytt","useLocalizations":true,"localizationsList":{"nb":"En pasient uten trykksårrisiko skal vurderes på nytt "}},"advanced":{"hidden":false,"readonly":false,"render":false},"multiplicity":{"min":"0","max":"1"},"size":{"field":"inherit","label":"inherit","fill":"inherit"},"layout":{"label":{"valign":"inherit","align":"inherit"},"field":{"valign":"inherit","align":"inherit"}},"field":{},"tags":[]},"children":[]},{"localizedName":"Fieldset","localizedNames":{"nb":" hvis det oppstår forverring i helsetilstanden som påvirker risiko"},"min":0,"max":-1,"name":"Fieldset","rmType":"GENERIC_FIELDSET","fid":"generic-field-34431","formId":"generic-field-34431","viewConfig":{"label":{"custom":true,"value":" hvis det oppstår forverring i helsetilstanden som påvirker risiko","useLocalizations":true,"localizationsList":{"nb":" hvis det oppstår forverring i helsetilstanden som påvirker risiko"}},"advanced":{"hidden":false,"readonly":false,"render":false},"multiplicity":{"min":"0","max":"1"},"size":{"field":"inherit","label":"inherit","fill":"inherit"},"layout":{"label":{"valign":"inherit","align":"inherit"},"field":{"valign":"inherit","align":"inherit"}},"field":{},"tags":[]},"children":[]}]},{"localizedName":"Fieldset","localizedNames":{"nb":"Kalkulasjoner"},"min":0,"max":-1,"name":"Fieldset","rmType":"GENERIC_FIELDSET","fid":"generic-field-4609","inputs":[{"type":"TEXT"}],"formId":"generic-field-4609","viewConfig":{"label":{"custom":true,"value":"Kalkulasjoner","useLocalizations":true,"localizationsList":{"nb":"Kalkulasjoner"}},"size":{"field":"inherit","label":"inherit","fill":"inherit"},"layout":{"label":{"valign":"inherit","align":"inherit"},"field":{"valign":"inherit","align":"inherit"}},"field":{},"advanced":{"hidden":true,"readonly":false,"render":false},"multiplicity":{"min":"0","max":"1"},"tags":["HideLabel"]},"children":[{"name":"Alder","localizedName":"Alder","rmType":"DV_COUNT","nodeId":"at0004","min":0,"max":1,"localizedNames":{"nb":"Alder"},"localizedDescriptions":{"nb":"*"},"aqlPath":"/content[openEHR-EHR-OBSERVATION.tr_kalk_dips.v0]/data[at0001]/events[at0002]/data[at0003]/items[at0004]/value","inputs":[{"type":"INTEGER"}],"fid":"hv_trykksaarrisikovurdering/tr_kalk_dips/alder","formId":"hv_trykksaarrisikovurdering/tr_kalk_dips/alder","viewConfig":{"label":{"custom":true,"value":"Alder","useLocalizations":true,"localizationsList":{"nb":"Alder"}},"advanced":{"hidden":false,"readonly":false},"multiplicity":{"min":"0","max":"1"},"size":{"field":"inherit","label":"inherit","fill":"inherit"},"layout":{"label":{"valign":"inherit","align":"inherit"},"field":{"valign":"inherit","align":"inherit"}},"datasource":{"loadRemote":false,"loadRemoteUrl":"","terminology":""},"tags":[],"annotations":{"calcid":"alder","templateVariable":"[Pas.Alder]"},"field":{}}},{"name":"Braden score resultat","localizedName":"Braden score resultat","rmType":"DV_COUNT","nodeId":"at0005","min":0,"max":1,"localizedNames":{"nb":"Braden score resultat"},"localizedDescriptions":{"nb":"*"},"aqlPath":"/content[openEHR-EHR-OBSERVATION.tr_kalk_dips.v0]/data[at0001]/events[at0002]/data[at0003]/items[at0005]/value","inputs":[{"type":"INTEGER"}],"fid":"hv_trykksaarrisikovurdering/tr_kalk_dips/braden_score_resultat","formId":"hv_trykksaarrisikovurdering/tr_kalk_dips/braden_score_resultat","viewConfig":{"label":{"custom":true,"value":"Braden score resultat","useLocalizations":true,"localizationsList":{"nb":"Braden score resultat"}},"advanced":{"hidden":false,"readonly":false},"multiplicity":{"min":"0","max":"1"},"size":{"field":"inherit","label":"inherit","fill":"inherit"},"layout":{"label":{"valign":"inherit","align":"inherit"},"field":{"valign":"inherit","align":"inherit"}},"datasource":{"loadRemote":false,"loadRemoteUrl":"","terminology":""},"tags":[],"field":{}}},{"name":"Kalkulasjon for trykksårrisiko","localizedName":"Kalkulasjon for trykksårrisiko","rmType":"DV_COUNT","nodeId":"at0006","min":0,"max":1,"localizedNames":{"nb":"Kalkulasjon for trykksårrisiko"},"localizedDescriptions":{"nb":"*"},"aqlPath":"/content[openEHR-EHR-OBSERVATION.tr_kalk_dips.v0]/data[at0001]/events[at0002]/data[at0003]/items[at0006]/value","inputs":[{"type":"INTEGER"}],"fid":"hv_trykksaarrisikovurdering/tr_kalk_dips/kalkulasjon_for_trykksårrisiko","defaultValue":{"value":3},"formId":"hv_trykksaarrisikovurdering/tr_kalk_dips/kalkulasjon_for_trykksårrisiko","viewConfig":{"label":{"custom":true,"value":"Kalkulasjoner","useLocalizations":true,"localizationsList":{"nb":"Kalkulasjoner"}},"advanced":{"hidden":false,"readonly":false,"render":false},"multiplicity":{"min":"0","max":"1"},"size":{"field":"inherit","label":"inherit","fill":"inherit"},"layout":{"label":{"valign":"inherit","align":"inherit"},"field":{"valign":"inherit","align":"inherit"}},"datasource":{"loadRemote":false,"loadRemoteUrl":"","terminology":""},"annotations":{"calc":"en+to+tre"},"field":{}}},{"name":"en","localizedName":"en","rmType":"DV_COUNT","nodeId":"at0007","min":0,"max":1,"localizedNames":{"nb":"en"},"localizedDescriptions":{"nb":"*"},"aqlPath":"/content[openEHR-EHR-OBSERVATION.tr_kalk_dips.v0]/data[at0001]/events[at0002]/data[at0003]/items[at0007]/value","inputs":[{"type":"INTEGER"}],"fid":"hv_trykksaarrisikovurdering/tr_kalk_dips/en","defaultValue":{"value":5},"formId":"hv_trykksaarrisikovurdering/tr_kalk_dips/en","viewConfig":{"label":{"custom":true,"value":"en","useLocalizations":true,"localizationsList":{"nb":"en"}},"advanced":{"hidden":false,"readonly":false},"multiplicity":{"min":"0","max":"1"},"size":{"field":"inherit","label":"inherit","fill":"inherit"},"layout":{"label":{"valign":"inherit","align":"inherit"},"field":{"valign":"inherit","align":"inherit"}},"datasource":{"loadRemote":false,"loadRemoteUrl":"","terminology":""},"tags":[],"annotations":{"calcid":"en"},"field":{}}},{"name":"to","localizedName":"to","rmType":"DV_COUNT","nodeId":"at0008","min":0,"max":1,"localizedNames":{"nb":"to"},"localizedDescriptions":{"nb":"*"},"aqlPath":"/content[openEHR-EHR-OBSERVATION.tr_kalk_dips.v0]/data[at0001]/events[at0002]/data[at0003]/items[at0008]/value","inputs":[{"type":"INTEGER"}],"fid":"hv_trykksaarrisikovurdering/tr_kalk_dips/to","defaultValue":{"value":5},"formId":"hv_trykksaarrisikovurdering/tr_kalk_dips/to","viewConfig":{"label":{"custom":true,"value":"to","useLocalizations":true,"localizationsList":{"nb":"to"}},"advanced":{"hidden":false,"readonly":false},"multiplicity":{"min":"0","max":"1"},"size":{"field":"inherit","label":"inherit","fill":"inherit"},"layout":{"label":{"valign":"inherit","align":"inherit"},"field":{"valign":"inherit","align":"inherit"}},"datasource":{"loadRemote":false,"loadRemoteUrl":"","terminology":""},"tags":[],"annotations":{"calcid":"to"},"field":{}}},{"name":"tre","localizedName":"tre","rmType":"DV_COUNT","nodeId":"at0009","min":0,"max":1,"localizedNames":{"nb":"tre"},"localizedDescriptions":{"nb":"*"},"aqlPath":"/content[openEHR-EHR-OBSERVATION.tr_kalk_dips.v0]/data[at0001]/events[at0002]/data[at0003]/items[at0009]/value","inputs":[{"type":"INTEGER"}],"fid":"hv_trykksaarrisikovurdering/tr_kalk_dips/tre","defaultValue":{"value":5},"formId":"hv_trykksaarrisikovurdering/tr_kalk_dips/tre","viewConfig":{"label":{"custom":true,"value":"tre","useLocalizations":true,"localizationsList":{"nb":"tre"}},"advanced":{"hidden":false,"readonly":false},"multiplicity":{"min":"0","max":"1"},"size":{"field":"inherit","label":"inherit","fill":"inherit"},"layout":{"label":{"valign":"inherit","align":"inherit"},"field":{"valign":"inherit","align":"inherit"}},"datasource":{"loadRemote":false,"loadRemoteUrl":"","terminology":""},"tags":[],"annotations":{"calcid":"tre"},"field":{}}},{"name":"Risikoangivelse","localizedName":"Risikoangivelse","rmType":"DV_CODED_TEXT","nodeId":"at0010","min":0,"max":1,"localizedNames":{"nb":"Risikoangivelse"},"localizedDescriptions":{"nb":"*"},"aqlPath":"/content[openEHR-EHR-OBSERVATION.tr_kalk_dips.v0]/data[at0001]/events[at0002]/data[at0003]/items[at0010]/value","inputs":[{"suffix":"code","type":"CODED_TEXT","list":[{"value":"at0011","label":"Risiko","localizedLabels":{"nb":"Risiko"},"localizedDescriptions":{"nb":"Risiko"}},{"value":"at0012","label":"Ikke risiko","localizedLabels":{"nb":"Ikke risiko"},"localizedDescriptions":{"nb":"Ikke risiko"}},{"value":"at0013","label":"Risiko for trykksår eller uavklart","localizedLabels":{"nb":"Risiko for trykksår eller uavklart"},"localizedDescriptions":{"nb":"Risiko for trykksår eller uavklart"}}]}],"fid":"hv_trykksaarrisikovurdering/tr_kalk_dips/risikoangivelse","defaultValue":{"code":"at0011"},"formId":"hv_trykksaarrisikovurdering/tr_kalk_dips/risikoangivelse","viewConfig":{"size":{"field":"inherit","label":"inherit","fill":"inherit"},"layout":{"field":{"valign":"inherit","align":"inherit"}},"datasource":{"loadRemote":false,"loadRemoteUrl":"","terminology":""},"field":{"code":{"presentation":"combobox"}}}}]}]}