{"formId":"form_root","name":"Form root","rmType":"FORM_DEFINITION","viewConfig":{"label":{"custom":false,"value":"","useLocalizations":false,"localizationsList":{}},"size":{"field":"inherit","label":"inherit","fill":"inherit"},"layout":{"valign":"inherit","align":"inherit"},"tags":[],"annotations":{"#systolisk":"openEHR-EHR-OBSERVATION.blood_pressure.v1","#temp":"openEHR-EHR-OBSERVATION.body_temperature.v1","#alder":"openEHR-EHR-OBSERVATION.nir-grunnlagsdata.v0?scope=episodeofcare","#heartRate":"SELECT c/uid/value as CID,  o/data[at0002]/events[at0003]/data[at0001]/items[at0004]/value FROM COMPOSITION c CONTAINS OBSERVATION o[openEHR-EHR-OBSERVATION.heart_rate.v1]  order by o/data[at0002]/origin desc limit 1","#gcs":"openEHR-EHR-OBSERVATION.glasgow_coma_scale.v0"}},"language":"","templateLanguages":["nb"],"children":[{"localizedName":"Fieldset","localizedNames":{"nb":"SAPS II"},"min":0,"max":-1,"name":"Fieldset","rmType":"GENERIC_FIELDSET","fid":"generic-field-31632","formId":"generic-field-31632","children":[{"name":"Saps grunnlagsdata","localizedName":"Saps grunnlagsdata","rmType":"OBSERVATION","nodeId":"openEHR-EHR-OBSERVATION.saps-grunnlagsdata.v0","min":0,"max":-1,"localizedNames":{"nb":"Saps grunnlagsdata"},"localizedDescriptions":{"nb":"unknown"},"aqlPath":"/content[openEHR-EHR-OBSERVATION.saps-grunnlagsdata.v0]","fid":"saps_score/saps_grunnlagsdata","formId":"saps_score/saps_grunnlagsdata","viewConfig":{"size":{"field":"inherit","label":"inherit","fill":"inherit"},"layout":{"label":{"valign":"top","align":"top"},"field":{"valign":"inherit","align":"inherit"}},"field":{},"label":{"custom":false,"value":"","useLocalizations":false,"localizationsList":{}},"advanced":{"hidden":false,"readonly":false},"multiplicity":{"min":"1","max":"1"},"tags":["hidelabel"],"datasource":{"loadRemote":false,"loadRemoteUrl":"","terminology":""}},"children":[{"name":"Alder","localizedName":"Alder","rmType":"DV_COUNT","nodeId":"at0004","min":0,"max":1,"localizedNames":{"nb":"Alder"},"localizedDescriptions":{"nb":"*"},"aqlPath":"/content[openEHR-EHR-OBSERVATION.saps-grunnlagsdata.v0]/data[at0001]/events[at0002]/data[at0003]/items[at0004]/value","inputs":[{"type":"INTEGER","validation":{"range":{"minOp":">=","min":0}}}],"fid":"saps_score/saps_grunnlagsdata/alder","formId":"saps_score/saps_grunnlagsdata/alder","viewConfig":{"label":{"custom":false,"value":"","useLocalizations":false,"localizationsList":{}},"advanced":{"hidden":false,"readonly":false},"multiplicity":{"min":"0","max":"1"},"size":{"field":"inherit","label":"inherit","fill":"inherit"},"layout":{"label":{"valign":"inherit","align":"inherit"},"field":{"valign":"inherit","align":"inherit"}},"datasource":{"loadRemote":false,"loadRemoteUrl":"","terminology":""},"annotations":{"select":"{#alder:data[at0001]/events[at0002]/data[at0003]/items[at0033]/value}"},"field":{}}},{"name":"Hjertefrekvens","localizedName":"Hjertefrekvens","rmType":"DV_QUANTITY","nodeId":"at0015","min":1,"max":1,"localizedNames":{"nb":"Hjertefrekvens"},"localizedDescriptions":{"nb":"*"},"aqlPath":"/content[openEHR-EHR-OBSERVATION.saps-grunnlagsdata.v0]/data[at0001]/events[at0002]/data[at0003]/items[at0015]/value","inputs":[{"suffix":"magnitude","type":"DECIMAL"},{"suffix":"unit","type":"CODED_TEXT","list":[{"value":"1/min","label":"1/min","validation":{"range":{"minOp":">=","min":0},"precision":{"minOp":">=","min":0,"maxOp":"<=","max":0}}},{"value":"/min","label":"/min","validation":{"range":{"minOp":">=","min":0,"maxOp":"<=","max":1000},"precision":{"minOp":">=","min":0,"maxOp":"<=","max":0}}}]}],"formId":"saps_score/saps_grunnlagsdata/hjertefrekvens","viewConfig":{"field":{"magnitude":{"presentation":"combobox"},"unit":{"presentation":"combobox"}},"size":{"field":"inherit","label":"inherit","fill":"inherit"},"layout":{"label":{"valign":"inherit","align":"inherit"},"field":{"valign":"inherit","align":"inherit"}},"datasource":{"loadRemote":false,"loadRemoteUrl":"","terminology":""},"label":{"custom":false,"value":"","useLocalizations":false,"localizationsList":{}},"advanced":{"hidden":false,"readonly":false},"tags":[],"annotations":{"select":"{#heartRate}"}},"defaultValue":{"unit":"1/min"},"fid":"saps_score/saps_grunnlagsdata/hjertefrekvens"},{"name":"Systolisk BT","localizedName":"Systolisk BT","rmType":"DV_QUANTITY","nodeId":"at0016","min":1,"max":1,"localizedNames":{"nb":"Systolisk BT"},"localizedDescriptions":{"nb":"*"},"aqlPath":"/content[openEHR-EHR-OBSERVATION.saps-grunnlagsdata.v0]/data[at0001]/events[at0002]/data[at0003]/items[at0016]/value","inputs":[{"suffix":"magnitude","type":"DECIMAL","validation":{"range":{"minOp":">=","min":0,"maxOp":"<=","max":1000},"precision":{"minOp":">=","min":0,"maxOp":"<=","max":0}}},{"suffix":"unit","type":"CODED_TEXT","list":[{"value":"mm[Hg]","label":"mm[Hg]","validation":{"range":{"minOp":">=","min":0,"maxOp":"<=","max":1000},"precision":{"minOp":">=","min":0,"maxOp":"<=","max":0}}}]}],"formId":"saps_score/saps_grunnlagsdata/systolisk_bt","viewConfig":{"field":{"magnitude":{"presentation":"combobox"},"unit":{"presentation":"combobox"}},"size":{"field":"inherit","label":"inherit","fill":"inherit"},"layout":{"label":{"valign":"inherit","align":"inherit"},"field":{"valign":"inherit","align":"inherit"}},"datasource":{"loadRemote":false,"loadRemoteUrl":"","terminology":""},"label":{"custom":false,"value":"","useLocalizations":false,"localizationsList":{}},"advanced":{"hidden":false,"readonly":false},"tags":[],"annotations":{"select":"{#systolisk:data[at0001]/events[at0006]/data[at0003]/items[at0004]/value}"}},"defaultValue":{"unit":"mm[Hg]"},"fid":"saps_score/saps_grunnlagsdata/systolisk_bt"},{"name":"Temperatur","localizedName":"Temperatur","rmType":"DV_QUANTITY","nodeId":"at0017","min":1,"max":1,"localizedNames":{"nb":"Temperatur"},"localizedDescriptions":{"nb":"*"},"aqlPath":"/content[openEHR-EHR-OBSERVATION.saps-grunnlagsdata.v0]/data[at0001]/events[at0002]/data[at0003]/items[at0017]/value","inputs":[{"suffix":"magnitude","type":"DECIMAL"},{"suffix":"unit","type":"CODED_TEXT","list":[{"value":"°C","label":"°C"},{"value":"Cel","label":"Cel","validation":{"range":{"minOp":">=","min":0,"maxOp":"<","max":100}}}]}],"formId":"saps_score/saps_grunnlagsdata/temperatur","viewConfig":{"field":{"magnitude":{"presentation":"combobox"},"unit":{"presentation":"combobox"}},"size":{"field":"inherit","label":"inherit","fill":"inherit"},"layout":{"label":{"valign":"inherit","align":"inherit"},"field":{"valign":"inherit","align":"inherit"}},"datasource":{"loadRemote":false,"loadRemoteUrl":"","terminology":""},"label":{"custom":false,"value":"","useLocalizations":false,"localizationsList":{}},"advanced":{"hidden":false,"readonly":false},"tags":[],"annotations":{"select":"{#temp:data[at0002]/events[at0003]/data[at0001]/items[at0004]/value}"}},"defaultValue":{"unit":"°C"},"fid":"saps_score/saps_grunnlagsdata/temperatur"},{"name":"Døgnurin","localizedName":"Døgnurin","rmType":"DV_QUANTITY","nodeId":"at0018","min":1,"max":1,"localizedNames":{"nb":"Døgnurin"},"localizedDescriptions":{"nb":"*"},"aqlPath":"/content[openEHR-EHR-OBSERVATION.saps-grunnlagsdata.v0]/data[at0001]/events[at0002]/data[at0003]/items[at0018]/value","inputs":[{"suffix":"magnitude","type":"DECIMAL","validation":{"range":{"minOp":">=","min":0,"maxOp":"<=","max":20000},"precision":{"minOp":">=","min":0,"maxOp":"<=","max":0}}},{"suffix":"unit","type":"CODED_TEXT","list":[{"value":"ml","label":"ml","validation":{"range":{"minOp":">=","min":0,"maxOp":"<=","max":20000},"precision":{"minOp":">=","min":0,"maxOp":"<=","max":0}}}]}],"formId":"saps_score/saps_grunnlagsdata/døgnurin","viewConfig":{"field":{"magnitude":{"presentation":"combobox"},"unit":{"presentation":"combobox"}},"size":{"field":"inherit","label":"inherit","fill":"inherit"},"layout":{"label":{"valign":"inherit","align":"inherit"},"field":{"valign":"inherit","align":"inherit"}},"datasource":{"loadRemote":false,"loadRemoteUrl":"","terminology":""},"label":{"custom":false,"value":"","useLocalizations":false,"localizationsList":{}},"advanced":{"hidden":false,"readonly":false},"tags":[]},"defaultValue":{"unit":"ml"},"fid":"saps_score/saps_grunnlagsdata/døgnurin"},{"name":"Karbamid","localizedName":"Karbamid","rmType":"DV_QUANTITY","nodeId":"at0019","min":0,"max":1,"localizedNames":{"nb":"Karbamid"},"localizedDescriptions":{"nb":"*"},"aqlPath":"/content[openEHR-EHR-OBSERVATION.saps-grunnlagsdata.v0]/data[at0001]/events[at0002]/data[at0003]/items[at0019]/value","inputs":[{"suffix":"magnitude","type":"DECIMAL","validation":{"range":{"minOp":">=","min":0,"maxOp":"<=","max":200},"precision":{"minOp":">=","min":1,"maxOp":"<=","max":1}}},{"suffix":"unit","type":"CODED_TEXT","list":[{"value":"mmol/l","label":"mmol/l","validation":{"range":{"minOp":">=","min":0,"maxOp":"<=","max":200},"precision":{"minOp":">=","min":1,"maxOp":"<=","max":1}}}]}],"formId":"saps_score/saps_grunnlagsdata/karbamid","viewConfig":{"field":{"magnitude":{"presentation":"combobox"},"unit":{"presentation":"combobox"}},"size":{"field":"inherit","label":"inherit","fill":"inherit"},"layout":{"field":{"valign":"inherit","align":"inherit"}},"datasource":{"loadRemote":false,"loadRemoteUrl":"","terminology":""}},"defaultValue":{"unit":"mmol/l"},"fid":"saps_score/saps_grunnlagsdata/karbamid"},{"name":"LPK","localizedName":"LPK","rmType":"DV_QUANTITY","nodeId":"at0020","min":1,"max":1,"localizedNames":{"nb":"LPK"},"localizedDescriptions":{"nb":"*"},"aqlPath":"/content[openEHR-EHR-OBSERVATION.saps-grunnlagsdata.v0]/data[at0001]/events[at0002]/data[at0003]/items[at0020]/value","inputs":[{"suffix":"magnitude","type":"DECIMAL","validation":{"range":{"minOp":">=","min":0},"precision":{"minOp":">=","min":1,"maxOp":"<=","max":1}}},{"suffix":"unit","type":"CODED_TEXT","list":[{"value":"10*9/l","label":"10*9/l","validation":{"range":{"minOp":">=","min":0},"precision":{"minOp":">=","min":1,"maxOp":"<=","max":1}}}]}],"formId":"saps_score/saps_grunnlagsdata/lpk","viewConfig":{"field":{"magnitude":{"presentation":"combobox"},"unit":{"presentation":"combobox"}},"size":{"field":"inherit","label":"inherit","fill":"inherit"},"layout":{"label":{"valign":"inherit","align":"inherit"},"field":{"valign":"inherit","align":"inherit"}},"datasource":{"loadRemote":false,"loadRemoteUrl":"","terminology":""},"label":{"custom":false,"value":"","useLocalizations":false,"localizationsList":{}},"advanced":{"hidden":false,"readonly":false},"tags":[]},"defaultValue":{"unit":"10*9/l"},"fid":"saps_score/saps_grunnlagsdata/lpk"},{"name":"s - Kalium","localizedName":"s - Kalium","rmType":"DV_QUANTITY","nodeId":"at0021","min":1,"max":1,"localizedNames":{"nb":"s - Kalium"},"localizedDescriptions":{"nb":"*"},"aqlPath":"/content[openEHR-EHR-OBSERVATION.saps-grunnlagsdata.v0]/data[at0001]/events[at0002]/data[at0003]/items[at0021]/value","inputs":[{"suffix":"magnitude","type":"DECIMAL","validation":{"range":{"minOp":">=","min":0,"maxOp":"<=","max":15},"precision":{"minOp":">=","min":1,"maxOp":"<=","max":1}}},{"suffix":"unit","type":"CODED_TEXT","list":[{"value":"mmol/l","label":"mmol/l","validation":{"range":{"minOp":">=","min":0,"maxOp":"<=","max":15},"precision":{"minOp":">=","min":1,"maxOp":"<=","max":1}}}]}],"formId":"saps_score/saps_grunnlagsdata/s_-_kalium","viewConfig":{"field":{"magnitude":{"presentation":"combobox"},"unit":{"presentation":"combobox"}},"size":{"field":"inherit","label":"inherit","fill":"inherit"},"layout":{"label":{"valign":"inherit","align":"inherit"},"field":{"valign":"inherit","align":"inherit"}},"datasource":{"loadRemote":false,"loadRemoteUrl":"","terminology":""},"label":{"custom":false,"value":"","useLocalizations":false,"localizationsList":{}},"advanced":{"hidden":false,"readonly":false},"tags":[]},"defaultValue":{"unit":"mmol/l"},"fid":"saps_score/saps_grunnlagsdata/s_-_kalium"},{"name":"s - Natrium","localizedName":"s - Natrium","rmType":"DV_QUANTITY","nodeId":"at0022","min":1,"max":1,"localizedNames":{"nb":"s - Natrium"},"localizedDescriptions":{"nb":"*"},"aqlPath":"/content[openEHR-EHR-OBSERVATION.saps-grunnlagsdata.v0]/data[at0001]/events[at0002]/data[at0003]/items[at0022]/value","inputs":[{"suffix":"magnitude","type":"DECIMAL","validation":{"range":{"minOp":">=","min":0,"maxOp":"<=","max":250},"precision":{"minOp":">=","min":0,"maxOp":"<=","max":0}}},{"suffix":"unit","type":"CODED_TEXT","list":[{"value":"mmol/l","label":"mmol/l","validation":{"range":{"minOp":">=","min":0,"maxOp":"<=","max":250},"precision":{"minOp":">=","min":0,"maxOp":"<=","max":0}}}]}],"formId":"saps_score/saps_grunnlagsdata/s_-_natrium","viewConfig":{"field":{"magnitude":{"presentation":"combobox"},"unit":{"presentation":"combobox"}},"size":{"field":"inherit","label":"inherit","fill":"inherit"},"layout":{"label":{"valign":"inherit","align":"inherit"},"field":{"valign":"inherit","align":"inherit"}},"datasource":{"loadRemote":false,"loadRemoteUrl":"","terminology":""},"label":{"custom":false,"value":"","useLocalizations":false,"localizationsList":{}},"advanced":{"hidden":false,"readonly":false},"tags":[]},"defaultValue":{"unit":"mmol/l"},"fid":"saps_score/saps_grunnlagsdata/s_-_natrium"},{"name":"s - HCO3","localizedName":"s - HCO3","rmType":"DV_QUANTITY","nodeId":"at0023","min":0,"max":1,"localizedNames":{"nb":"s - HCO3"},"localizedDescriptions":{"nb":"*"},"aqlPath":"/content[openEHR-EHR-OBSERVATION.saps-grunnlagsdata.v0]/data[at0001]/events[at0002]/data[at0003]/items[at0023]/value","inputs":[{"suffix":"magnitude","type":"DECIMAL","validation":{"range":{"minOp":">=","min":0,"maxOp":"<=","max":50},"precision":{"minOp":">=","min":0,"maxOp":"<=","max":0}}},{"suffix":"unit","type":"CODED_TEXT","list":[{"value":"mmol/l","label":"mmol/l","validation":{"range":{"minOp":">=","min":0,"maxOp":"<=","max":50},"precision":{"minOp":">=","min":0,"maxOp":"<=","max":0}}}]}],"formId":"saps_score/saps_grunnlagsdata/s_-_hco3","viewConfig":{"field":{"magnitude":{"presentation":"combobox"},"unit":{"presentation":"combobox"}},"size":{"field":"inherit","label":"inherit","fill":"inherit"},"layout":{"field":{"valign":"inherit","align":"inherit"}},"datasource":{"loadRemote":false,"loadRemoteUrl":"","terminology":""}},"defaultValue":{"unit":"mmol/l"},"fid":"saps_score/saps_grunnlagsdata/s_-_hco3"},{"name":"s - Bilirubin","localizedName":"s - Bilirubin","rmType":"DV_QUANTITY","nodeId":"at0024","min":0,"max":1,"localizedNames":{"nb":"s - Bilirubin"},"localizedDescriptions":{"nb":"*"},"aqlPath":"/content[openEHR-EHR-OBSERVATION.saps-grunnlagsdata.v0]/data[at0001]/events[at0002]/data[at0003]/items[at0024]/value","inputs":[{"suffix":"magnitude","type":"DECIMAL","validation":{"range":{"minOp":">=","min":0,"maxOp":"<=","max":500},"precision":{"minOp":">=","min":1,"maxOp":"<=","max":1}}},{"suffix":"unit","type":"CODED_TEXT","list":[{"value":"umol/l","label":"umol/l","validation":{"range":{"minOp":">=","min":0,"maxOp":"<=","max":500},"precision":{"minOp":">=","min":1,"maxOp":"<=","max":1}}}]}],"formId":"saps_score/saps_grunnlagsdata/s_-_bilirubin","viewConfig":{"field":{"magnitude":{"presentation":"combobox"},"unit":{"presentation":"combobox"}},"size":{"field":"inherit","label":"inherit","fill":"inherit"},"layout":{"field":{"valign":"inherit","align":"inherit"}},"datasource":{"loadRemote":false,"loadRemoteUrl":"","terminology":""}},"defaultValue":{"unit":"umol/l"},"fid":"saps_score/saps_grunnlagsdata/s_-_bilirubin"},{"name":"Innleggelse","localizedName":"Innleggelse","rmType":"DV_CODED_TEXT","nodeId":"at0005","min":1,"max":1,"localizedNames":{"nb":"Innleggelse"},"localizedDescriptions":{"nb":"*"},"aqlPath":"/content[openEHR-EHR-OBSERVATION.saps-grunnlagsdata.v0]/data[at0001]/events[at0002]/data[at0003]/items[at0005]/value","inputs":[{"suffix":"code","type":"CODED_TEXT","list":[{"value":"at0006","label":"Planlagt kirurgisk (PK)","localizedLabels":{"nb":"Planlagt kirurgisk (PK)"},"localizedDescriptions":{"nb":"*"}},{"value":"at0007","label":"Øyeblikkelig hjelp kirurgisk (ØK)","localizedLabels":{"nb":"Øyeblikkelig hjelp kirurgisk (ØK)"},"localizedDescriptions":{"nb":"*"}},{"value":"at0008","label":"Øyeblikkelig hjelp medisinsk (ØM)","localizedLabels":{"nb":"Øyeblikkelig hjelp medisinsk (ØM)"},"localizedDescriptions":{"nb":"*"}}]}],"formId":"saps_score/saps_grunnlagsdata/innleggelse","viewConfig":{"size":{"field":"inherit","label":"inherit","fill":"inherit"},"layout":{"label":{"valign":"inherit","align":"inherit"},"field":{"valign":"inherit","align":"inherit"}},"datasource":{"loadRemote":false,"loadRemoteUrl":"","terminology":""},"label":{"custom":false,"value":"","useLocalizations":false,"localizationsList":{}},"advanced":{"hidden":false,"readonly":false},"tags":[],"field":{"code":{"presentation":"combobox"}}},"defaultValue":{"code":""},"fid":"saps_score/saps_grunnlagsdata/innleggelse"},{"name":"Kronisk","localizedName":"Kronisk","rmType":"DV_CODED_TEXT","nodeId":"at0009","min":1,"max":1,"localizedNames":{"nb":"Kronisk"},"localizedDescriptions":{"nb":"*"},"aqlPath":"/content[openEHR-EHR-OBSERVATION.saps-grunnlagsdata.v0]/data[at0001]/events[at0002]/data[at0003]/items[at0009]/value","inputs":[{"suffix":"code","type":"CODED_TEXT","list":[{"value":"at0010","label":"AIDS (A)","localizedLabels":{"nb":"AIDS (A)"},"localizedDescriptions":{"nb":"*"}},{"value":"at0011","label":"Cancer med metastaser (C)","localizedLabels":{"nb":"Cancer med metastaser (C)"},"localizedDescriptions":{"nb":"*"}},{"value":"at0012","label":"Hematologisk malgnitet (H)","localizedLabels":{"nb":"Hematologisk malgnitet (H)"},"localizedDescriptions":{"nb":"*"}},{"value":"at0013","label":"Ingen poenggivende sykdom (I)","localizedLabels":{"nb":"Ingen poenggivende sykdom (I)"},"localizedDescriptions":{"nb":"*"}}]}],"formId":"saps_score/saps_grunnlagsdata/kronisk","viewConfig":{"size":{"field":"inherit","label":"inherit","fill":"inherit"},"layout":{"label":{"valign":"inherit","align":"inherit"},"field":{"valign":"inherit","align":"inherit"}},"datasource":{"loadRemote":false,"loadRemoteUrl":"","terminology":""},"label":{"custom":false,"value":"","useLocalizations":false,"localizationsList":{}},"advanced":{"hidden":false,"readonly":false},"tags":[],"field":{"code":{"presentation":"combobox"}}},"defaultValue":{"code":""},"fid":"saps_score/saps_grunnlagsdata/kronisk"}]},{"name":"Saps score","localizedName":"Saps score","rmType":"OBSERVATION","nodeId":"openEHR-EHR-OBSERVATION.saps_score.v0","min":0,"max":-1,"localizedNames":{"nb":"Saps score"},"localizedDescriptions":{"nb":"unknown"},"aqlPath":"/content[openEHR-EHR-OBSERVATION.saps_score.v0]","fid":"saps_score/saps_score","formId":"saps_score/saps_score","viewConfig":{"size":{"field":"inherit","label":"inherit","fill":"inherit"},"layout":{"label":{"valign":"top","align":"top"},"field":{"valign":"inherit","align":"inherit"}},"field":{},"label":{"custom":false,"value":"","useLocalizations":false,"localizationsList":{}},"advanced":{"hidden":false,"readonly":false,"render":true},"multiplicity":{"min":"1","max":"1"},"tags":["hidelabel"],"datasource":{"loadRemote":false,"loadRemoteUrl":"","terminology":""},"annotations":{}},"children":[{"name":"Alder","localizedName":"Alder","rmType":"DV_ORDINAL","nodeId":"at0052","min":1,"max":1,"localizedNames":{"nb":"Alder"},"localizedDescriptions":{"nb":"*"},"aqlPath":"/content[openEHR-EHR-OBSERVATION.saps_score.v0]/data[at0001]/events[at0002]/data[at0003]/items[at0052]/value","inputs":[{"type":"CODED_TEXT","list":[{"value":"at0054","label":"< 40","localizedLabels":{"nb":"< 40"},"localizedDescriptions":{"nb":"*"},"ordinal":0},{"value":"at0055","label":"40 - 59","localizedLabels":{"nb":"40 - 59"},"localizedDescriptions":{"nb":"*"},"ordinal":7},{"value":"at0056","label":"60 - 69","localizedLabels":{"nb":"60 - 69"},"localizedDescriptions":{"nb":"*"},"ordinal":12},{"value":"at0057","label":"70 - 75","localizedLabels":{"nb":"70 - 75"},"localizedDescriptions":{"nb":"*"},"ordinal":15},{"value":"at0058","label":"75 - 79","localizedLabels":{"nb":"75 - 79"},"localizedDescriptions":{"nb":"*"},"ordinal":16},{"value":"at0059","label":"> eller = 80","localizedLabels":{"nb":"> eller = 80"},"localizedDescriptions":{"nb":"*"},"ordinal":18}]}],"formId":"saps_score/saps_score/alder","viewConfig":{"size":{"field":"inherit","label":"inherit","fill":"inherit"},"layout":{"label":{"valign":"inherit","align":"inherit"},"field":{"valign":"inherit","align":"inherit"}},"datasource":{"loadRemote":false,"loadRemoteUrl":"","terminology":""},"annotations":{"calcid":"s_alder"},"label":{"custom":false,"value":"","useLocalizations":false,"localizationsList":{}},"advanced":{"hidden":false,"readonly":true},"tags":[],"field":{"input":{"presentation":"combobox"}}},"defaultValue":{"value":""},"fid":"saps_score/saps_score/alder"},{"name":"Hjertefrekvens","localizedName":"Hjertefrekvens","rmType":"DV_ORDINAL","nodeId":"at0031","min":1,"max":1,"localizedNames":{"nb":"Hjertefrekvens"},"localizedDescriptions":{"nb":"*"},"aqlPath":"/content[openEHR-EHR-OBSERVATION.saps_score.v0]/data[at0001]/events[at0002]/data[at0003]/items[at0031]/value","inputs":[{"type":"CODED_TEXT","list":[{"value":"at0063","label":"70 - 119","localizedLabels":{"nb":"70 - 119"},"localizedDescriptions":{"nb":"*"},"ordinal":0},{"value":"at0064","label":"40 - 69","localizedLabels":{"nb":"40 - 69"},"localizedDescriptions":{"nb":"*"},"ordinal":2},{"value":"at0065","label":"120 - 159","localizedLabels":{"nb":"120 - 159"},"localizedDescriptions":{"nb":"*"},"ordinal":4},{"value":"at0066","label":"> eller = 160","localizedLabels":{"nb":"> eller = 160"},"localizedDescriptions":{"nb":"*"},"ordinal":7},{"value":"at0067","label":"< 40","localizedLabels":{"nb":"< 40"},"localizedDescriptions":{"nb":"*"},"ordinal":11}]}],"formId":"saps_score/saps_score/hjertefrekvens","viewConfig":{"size":{"field":"inherit","label":"inherit","fill":"inherit"},"layout":{"label":{"valign":"inherit","align":"inherit"},"field":{"valign":"inherit","align":"inherit"}},"datasource":{"loadRemote":false,"loadRemoteUrl":"","terminology":""},"annotations":{"calcid":"s_hr"},"label":{"custom":false,"value":"","useLocalizations":false,"localizationsList":{}},"advanced":{"hidden":false,"readonly":true},"tags":[],"field":{"input":{"presentation":"combobox"}}},"defaultValue":{"value":""},"fid":"saps_score/saps_score/hjertefrekvens"},{"name":"Systolisk BT","localizedName":"Systolisk BT","rmType":"DV_ORDINAL","nodeId":"at0032","min":1,"max":1,"localizedNames":{"nb":"Systolisk BT"},"localizedDescriptions":{"nb":"*"},"aqlPath":"/content[openEHR-EHR-OBSERVATION.saps_score.v0]/data[at0001]/events[at0002]/data[at0003]/items[at0032]/value","inputs":[{"type":"CODED_TEXT","list":[{"value":"at0068","label":"100 - 199","localizedLabels":{"nb":"100 - 199"},"localizedDescriptions":{"nb":"*"},"ordinal":0},{"value":"at0069","label":"> eller = 200","localizedLabels":{"nb":"> eller = 200"},"localizedDescriptions":{"nb":"*"},"ordinal":2},{"value":"at0070","label":"70 - 99","localizedLabels":{"nb":"70 - 99"},"localizedDescriptions":{"nb":"*"},"ordinal":5},{"value":"at0071","label":"< 70","localizedLabels":{"nb":"< 70"},"localizedDescriptions":{"nb":"*"},"ordinal":13}]}],"formId":"saps_score/saps_score/systolisk_bt","viewConfig":{"size":{"field":"inherit","label":"inherit","fill":"inherit"},"layout":{"label":{"valign":"inherit","align":"inherit"},"field":{"valign":"inherit","align":"inherit"}},"datasource":{"loadRemote":false,"loadRemoteUrl":"","terminology":""},"annotations":{"calcid":"s_sysBT"},"label":{"custom":false,"value":"","useLocalizations":false,"localizationsList":{}},"advanced":{"hidden":false,"readonly":true},"tags":[],"field":{"input":{"presentation":"combobox"}}},"defaultValue":{"value":""},"fid":"saps_score/saps_score/systolisk_bt"},{"name":"Temperatur","localizedName":"Temperatur","rmType":"DV_ORDINAL","nodeId":"at0033","min":1,"max":1,"localizedNames":{"nb":"Temperatur"},"localizedDescriptions":{"nb":"*"},"aqlPath":"/content[openEHR-EHR-OBSERVATION.saps_score.v0]/data[at0001]/events[at0002]/data[at0003]/items[at0033]/value","inputs":[{"type":"CODED_TEXT","list":[{"value":"at0072","label":"< 39","localizedLabels":{"nb":"< 39"},"localizedDescriptions":{"nb":"*"},"ordinal":0},{"value":"at0073","label":"> eller = 39","localizedLabels":{"nb":"> eller = 39"},"localizedDescriptions":{"nb":"*"},"ordinal":3}]}],"formId":"saps_score/saps_score/temperatur","viewConfig":{"size":{"field":"inherit","label":"inherit","fill":"inherit"},"layout":{"label":{"valign":"inherit","align":"inherit"},"field":{"valign":"inherit","align":"inherit"}},"datasource":{"loadRemote":false,"loadRemoteUrl":"","terminology":""},"annotations":{"calcid":"s_temp"},"label":{"custom":false,"value":"","useLocalizations":false,"localizationsList":{}},"advanced":{"hidden":false,"readonly":true},"tags":[],"field":{"input":{"presentation":"combobox"}}},"defaultValue":{"value":""},"fid":"saps_score/saps_score/temperatur"},{"name":"Døgnurin","localizedName":"Døgnurin","rmType":"DV_ORDINAL","nodeId":"at0034","min":1,"max":1,"localizedNames":{"nb":"Døgnurin"},"localizedDescriptions":{"nb":"*"},"aqlPath":"/content[openEHR-EHR-OBSERVATION.saps_score.v0]/data[at0001]/events[at0002]/data[at0003]/items[at0034]/value","inputs":[{"type":"CODED_TEXT","list":[{"value":"at0074","label":"> eller = 1000","localizedLabels":{"nb":"> eller = 1000"},"localizedDescriptions":{"nb":"*"},"ordinal":0},{"value":"at0075","label":"500 - 999","localizedLabels":{"nb":"500 - 999"},"localizedDescriptions":{"nb":"*"},"ordinal":4},{"value":"at0076","label":"< 500","localizedLabels":{"nb":"< 500"},"localizedDescriptions":{"nb":"*"},"ordinal":11}]}],"formId":"saps_score/saps_score/døgnurin","viewConfig":{"size":{"field":"inherit","label":"inherit","fill":"inherit"},"layout":{"label":{"valign":"inherit","align":"inherit"},"field":{"valign":"inherit","align":"inherit"}},"datasource":{"loadRemote":false,"loadRemoteUrl":"","terminology":""},"annotations":{"calcid":"s_urin"},"label":{"custom":false,"value":"","useLocalizations":false,"localizationsList":{}},"advanced":{"hidden":false,"readonly":true},"tags":[],"field":{"input":{"presentation":"combobox"}}},"defaultValue":{"value":""},"fid":"saps_score/saps_score/døgnurin"},{"name":"Karbamid","localizedName":"Karbamid","rmType":"DV_ORDINAL","nodeId":"at0035","min":0,"max":1,"localizedNames":{"nb":"Karbamid"},"localizedDescriptions":{"nb":"*"},"aqlPath":"/content[openEHR-EHR-OBSERVATION.saps_score.v0]/data[at0001]/events[at0002]/data[at0003]/items[at0035]/value","inputs":[{"type":"CODED_TEXT","list":[{"value":"at0077","label":"< 10","localizedLabels":{"nb":"< 10"},"localizedDescriptions":{"nb":"*"},"ordinal":0},{"value":"at0078","label":"10 - 29,9","localizedLabels":{"nb":"10 - 29,9"},"localizedDescriptions":{"nb":"*"},"ordinal":6},{"value":"at0079","label":"> eller = 30","localizedLabels":{"nb":"> eller = 30"},"localizedDescriptions":{"nb":"*"},"ordinal":10}]}],"formId":"saps_score/saps_score/karbamid","viewConfig":{"size":{"field":"inherit","label":"inherit","fill":"inherit"},"layout":{"label":{"valign":"inherit","align":"inherit"},"field":{"valign":"inherit","align":"inherit"}},"datasource":{"loadRemote":false,"loadRemoteUrl":"","terminology":""},"annotations":{"calcid":"s_karbamid"},"label":{"custom":false,"value":"","useLocalizations":false,"localizationsList":{}},"advanced":{"hidden":false,"readonly":true},"multiplicity":{"min":"0","max":"1"},"tags":[],"field":{"input":{"presentation":"combobox"}}},"defaultValue":{"value":""},"fid":"saps_score/saps_score/karbamid"},{"name":"LPK","localizedName":"LPK","rmType":"DV_ORDINAL","nodeId":"at0036","min":1,"max":1,"localizedNames":{"nb":"LPK"},"localizedDescriptions":{"nb":"*"},"aqlPath":"/content[openEHR-EHR-OBSERVATION.saps_score.v0]/data[at0001]/events[at0002]/data[at0003]/items[at0036]/value","inputs":[{"type":"CODED_TEXT","list":[{"value":"at0080","label":"1 - 19.9","localizedLabels":{"nb":"1 - 19.9"},"localizedDescriptions":{"nb":"*"},"ordinal":0},{"value":"at0081","label":"> eller = 20","localizedLabels":{"nb":"> eller = 20"},"localizedDescriptions":{"nb":"*"},"ordinal":3},{"value":"at0082","label":"< 1","localizedLabels":{"nb":"< 1"},"localizedDescriptions":{"nb":"*"},"ordinal":12}],"defaultValue":"at0080"}],"formId":"saps_score/saps_score/lpk","viewConfig":{"size":{"field":"inherit","label":"inherit","fill":"inherit"},"layout":{"label":{"valign":"inherit","align":"inherit"},"field":{"valign":"inherit","align":"inherit"}},"datasource":{"loadRemote":false,"loadRemoteUrl":"","terminology":""},"annotations":{"calcid":"s_lpk"},"label":{"custom":false,"value":"","useLocalizations":false,"localizationsList":{}},"advanced":{"hidden":false,"readonly":true},"tags":[],"field":{"input":{"presentation":"combobox"}}},"defaultValue":{"value":""},"fid":"saps_score/saps_score/lpk"},{"name":"s - Kalium","localizedName":"s - Kalium","rmType":"DV_ORDINAL","nodeId":"at0037","min":1,"max":1,"localizedNames":{"nb":"s - Kalium"},"localizedDescriptions":{"nb":"*"},"aqlPath":"/content[openEHR-EHR-OBSERVATION.saps_score.v0]/data[at0001]/events[at0002]/data[at0003]/items[at0037]/value","inputs":[{"type":"CODED_TEXT","list":[{"value":"at0083","label":"3 - 4.9","localizedLabels":{"nb":"3 - 4.9"},"localizedDescriptions":{"nb":"*"},"ordinal":0},{"value":"at0084","label":"< 3 eller >/= 5","localizedLabels":{"nb":"< 3 eller >/= 5"},"localizedDescriptions":{"nb":"*"},"ordinal":3}]}],"formId":"saps_score/saps_score/s_-_kalium","viewConfig":{"size":{"field":"inherit","label":"inherit","fill":"inherit"},"layout":{"label":{"valign":"inherit","align":"inherit"},"field":{"valign":"inherit","align":"inherit"}},"datasource":{"loadRemote":false,"loadRemoteUrl":"","terminology":""},"annotations":{"calcid":"s_kalium"},"label":{"custom":false,"value":"","useLocalizations":false,"localizationsList":{}},"advanced":{"hidden":false,"readonly":true},"tags":[],"field":{"input":{"presentation":"combobox"}}},"defaultValue":{"value":""},"fid":"saps_score/saps_score/s_-_kalium"},{"name":"s - Natrium","localizedName":"s - Natrium","rmType":"DV_ORDINAL","nodeId":"at0038","min":1,"max":1,"localizedNames":{"nb":"s - Natrium"},"localizedDescriptions":{"nb":"*"},"aqlPath":"/content[openEHR-EHR-OBSERVATION.saps_score.v0]/data[at0001]/events[at0002]/data[at0003]/items[at0038]/value","inputs":[{"type":"CODED_TEXT","list":[{"value":"at0085","label":"125 - 144","localizedLabels":{"nb":"125 - 144"},"localizedDescriptions":{"nb":"*"},"ordinal":0},{"value":"at0086","label":"> eller = 145","localizedLabels":{"nb":"> eller = 145"},"localizedDescriptions":{"nb":"*"},"ordinal":1},{"value":"at0087","label":"< 125","localizedLabels":{"nb":"< 125"},"localizedDescriptions":{"nb":"*"},"ordinal":5}]}],"formId":"saps_score/saps_score/s_-_natrium","viewConfig":{"size":{"field":"inherit","label":"inherit","fill":"inherit"},"layout":{"label":{"valign":"inherit","align":"inherit"},"field":{"valign":"inherit","align":"inherit"}},"datasource":{"loadRemote":false,"loadRemoteUrl":"","terminology":""},"annotations":{"calcid":"s_natrium"},"label":{"custom":false,"value":"","useLocalizations":false,"localizationsList":{}},"advanced":{"hidden":false,"readonly":true},"tags":[],"field":{"input":{"presentation":"combobox"}}},"defaultValue":{"value":""},"fid":"saps_score/saps_score/s_-_natrium"},{"name":"s - HCO3","localizedName":"s - HCO3","rmType":"DV_ORDINAL","nodeId":"at0039","min":0,"max":1,"localizedNames":{"nb":"s - HCO3"},"localizedDescriptions":{"nb":"*"},"aqlPath":"/content[openEHR-EHR-OBSERVATION.saps_score.v0]/data[at0001]/events[at0002]/data[at0003]/items[at0039]/value","inputs":[{"type":"CODED_TEXT","list":[{"value":"at0088","label":"> eller = 20","localizedLabels":{"nb":"> eller = 20"},"localizedDescriptions":{"nb":"*"},"ordinal":0},{"value":"at0089","label":"> eller = 15-19","localizedLabels":{"nb":"> eller = 15-19"},"localizedDescriptions":{"nb":"*"},"ordinal":3},{"value":"at0090","label":"< 15","localizedLabels":{"nb":"< 15"},"localizedDescriptions":{"nb":"*"},"ordinal":6}]}],"formId":"saps_score/saps_score/s_-_hco3","viewConfig":{"size":{"field":"inherit","label":"inherit","fill":"inherit"},"layout":{"label":{"valign":"inherit","align":"inherit"},"field":{"valign":"inherit","align":"inherit"}},"datasource":{"loadRemote":false,"loadRemoteUrl":"","terminology":""},"annotations":{"calcid":"s_hco3"},"label":{"custom":false,"value":"","useLocalizations":false,"localizationsList":{}},"advanced":{"hidden":false,"readonly":true},"multiplicity":{"min":"0","max":"1"},"tags":[],"field":{"input":{"presentation":"combobox"}}},"defaultValue":{"value":""},"fid":"saps_score/saps_score/s_-_hco3"},{"name":"s - Bilirubin","localizedName":"s - Bilirubin","rmType":"DV_ORDINAL","nodeId":"at0040","min":0,"max":1,"localizedNames":{"nb":"s - Bilirubin"},"localizedDescriptions":{"nb":"*"},"aqlPath":"/content[openEHR-EHR-OBSERVATION.saps_score.v0]/data[at0001]/events[at0002]/data[at0003]/items[at0040]/value","inputs":[{"type":"CODED_TEXT","list":[{"value":"at0091","label":"< 68.4","localizedLabels":{"nb":"< 68.4"},"localizedDescriptions":{"nb":"*"},"ordinal":0},{"value":"at0092","label":"68,4 - 102,5","localizedLabels":{"nb":"68,4 - 102,5"},"localizedDescriptions":{"nb":"*"},"ordinal":4},{"value":"at0093","label":"> eller = 102,6","localizedLabels":{"nb":"> eller = 102,6"},"localizedDescriptions":{"nb":"*"},"ordinal":9}]}],"formId":"saps_score/saps_score/s_-_bilirubin","viewConfig":{"size":{"field":"inherit","label":"inherit","fill":"inherit"},"layout":{"label":{"valign":"inherit","align":"inherit"},"field":{"valign":"inherit","align":"inherit"}},"datasource":{"loadRemote":false,"loadRemoteUrl":"","terminology":""},"annotations":{"calcid":"s_bilirubin"},"label":{"custom":false,"value":"","useLocalizations":false,"localizationsList":{}},"advanced":{"hidden":false,"readonly":true},"multiplicity":{"min":"0","max":"1"},"tags":[],"field":{"input":{"presentation":"combobox"}}},"defaultValue":{"value":""},"fid":"saps_score/saps_score/s_-_bilirubin"},{"name":"Innleggelse","localizedName":"Innleggelse","rmType":"DV_ORDINAL","nodeId":"at0041","min":1,"max":1,"localizedNames":{"nb":"Innleggelse"},"localizedDescriptions":{"nb":"*"},"aqlPath":"/content[openEHR-EHR-OBSERVATION.saps_score.v0]/data[at0001]/events[at0002]/data[at0003]/items[at0041]/value","inputs":[{"type":"CODED_TEXT","list":[{"value":"at0101","label":"Planlagt kirurgisk (PK)","localizedLabels":{"nb":"Planlagt kirurgisk (PK)"},"localizedDescriptions":{"nb":"*"},"ordinal":0},{"value":"at0102","label":"Øyeblikkelig hjelp medisinsk (ØM)","localizedLabels":{"nb":"Øyeblikkelig hjelp medisinsk (ØM)"},"localizedDescriptions":{"nb":"*"},"ordinal":6},{"value":"at0103","label":"Øyeblikkelig hjelp kirurgisk (ØK)","localizedLabels":{"nb":"Øyeblikkelig hjelp kirurgisk (ØK)"},"localizedDescriptions":{"nb":"*"},"ordinal":8}]}],"formId":"saps_score/saps_score/innleggelse","viewConfig":{"size":{"field":"inherit","label":"inherit","fill":"inherit"},"layout":{"label":{"valign":"inherit","align":"inherit"},"field":{"valign":"inherit","align":"inherit"}},"datasource":{"loadRemote":false,"loadRemoteUrl":"","terminology":""},"annotations":{"calcid":"s_innleggelse"},"label":{"custom":false,"value":"","useLocalizations":false,"localizationsList":{}},"advanced":{"hidden":false,"readonly":true},"tags":[],"field":{"input":{"presentation":"combobox"}}},"defaultValue":{"value":""},"fid":"saps_score/saps_score/innleggelse"},{"name":"Kronisk","localizedName":"Kronisk","rmType":"DV_ORDINAL","nodeId":"at0042","min":1,"max":1,"localizedNames":{"nb":"Kronisk"},"localizedDescriptions":{"nb":"*"},"aqlPath":"/content[openEHR-EHR-OBSERVATION.saps_score.v0]/data[at0001]/events[at0002]/data[at0003]/items[at0042]/value","inputs":[{"type":"CODED_TEXT","list":[{"value":"at0099","label":"Ingen poenggivende sykdom (I)","localizedLabels":{"nb":"Ingen poenggivende sykdom (I)"},"localizedDescriptions":{"nb":"*"},"ordinal":0},{"value":"at0104","label":"Cancer med metastaser (C)","localizedLabels":{"nb":"Cancer med metastaser (C)"},"localizedDescriptions":{"nb":"*"},"ordinal":9},{"value":"at0105","label":"Hematologisk malignitet (H)","localizedLabels":{"nb":"Hematologisk malignitet (H)"},"localizedDescriptions":{"nb":"*"},"ordinal":10},{"value":"at0100","label":"AIDS (A)","localizedLabels":{"nb":"AIDS (A)"},"localizedDescriptions":{"nb":"*"},"ordinal":17}]}],"formId":"saps_score/saps_score/kronisk","viewConfig":{"size":{"field":"inherit","label":"inherit","fill":"inherit"},"layout":{"label":{"valign":"inherit","align":"inherit"},"field":{"valign":"inherit","align":"inherit"}},"datasource":{"loadRemote":false,"loadRemoteUrl":"","terminology":""},"annotations":{"calcid":"s_kronisk"},"label":{"custom":false,"value":"","useLocalizations":false,"localizationsList":{}},"advanced":{"hidden":false,"readonly":true},"tags":[],"field":{"input":{"presentation":"combobox"}}},"defaultValue":{"value":""},"fid":"saps_score/saps_score/kronisk"}]},{"localizedName":"Fieldset","localizedNames":{"nb":"Mekanisk ventilasjon"},"min":0,"max":-1,"name":"Fieldset","rmType":"GENERIC_FIELDSET","fid":"generic-field-57157","formId":"generic-field-57157","viewConfig":{"label":{"custom":true,"value":"Mekanisk ventilasjon","useLocalizations":true,"localizationsList":{"nb":"Mekanisk ventilasjon"}},"advanced":{"hidden":false,"readonly":false,"render":true},"multiplicity":{"min":"1","max":"1"},"size":{"field":"inherit","label":"inherit","fill":"inherit"},"layout":{"label":{"valign":"top","align":"top"},"field":{"valign":"inherit","align":"inherit"}},"field":{},"tags":[]},"children":[{"name":"Mekanisk ventilasjon/CPAP","localizedName":"Mekanisk ventilasjon/CPAP","rmType":"DV_BOOLEAN","nodeId":"at0025","min":0,"max":1,"localizedNames":{"nb":"Mekanisk ventilasjon/CPAP"},"localizedDescriptions":{"nb":"*"},"aqlPath":"/content[openEHR-EHR-OBSERVATION.saps-grunnlagsdata.v0]/data[at0001]/events[at0002]/data[at0003]/items[at0025]/value","inputs":[{"type":"BOOLEAN"}],"formId":"saps_score/saps_grunnlagsdata/mekanisk_ventilasjon_cpap","viewConfig":{"size":{"field":"inherit","label":"inherit","fill":"inherit"},"layout":{"label":{"valign":"top","align":"left"},"field":{"valign":"inherit","align":"inherit"}},"datasource":{"loadRemote":false,"loadRemoteUrl":"","terminology":""},"label":{"custom":false,"value":"","useLocalizations":false,"localizationsList":{}},"advanced":{"hidden":false,"readonly":false},"multiplicity":{"min":"0","max":"1"},"tags":[],"field":{"input":{"threeState":false}}},"fid":"saps_score/saps_grunnlagsdata/mekanisk_ventilasjon_cpap","defaultValue":{"value":false}},{"name":"PaO2","localizedName":"PaO2","rmType":"DV_QUANTITY","nodeId":"at0013","min":0,"max":1,"localizedNames":{"nb":"PaO2"},"localizedDescriptions":{"nb":"*"},"aqlPath":"/content[openEHR-EHR-OBSERVATION.mekanisk_ventilasjon.v0]/data[at0001]/events[at0002]/data[at0003]/items[at0013]/value","inputs":[{"suffix":"magnitude","type":"DECIMAL","validation":{"range":{"minOp":">=","min":0,"maxOp":"<=","max":101},"precision":{"minOp":">=","min":1,"maxOp":"<=","max":1}}},{"suffix":"unit","type":"CODED_TEXT","list":[{"value":"kPa","label":"kPa","validation":{"range":{"minOp":">=","min":0,"maxOp":"<=","max":101},"precision":{"minOp":">=","min":1,"maxOp":"<=","max":1}}}]}],"fid":"saps_score/mekanisk_ventilasjon/pao2","formId":"saps_score/mekanisk_ventilasjon/pao2","viewConfig":{"field":{"magnitude":{"presentation":"combobox"},"unit":{"presentation":"combobox"}},"label":{"custom":false,"value":"","useLocalizations":false,"localizationsList":{}},"size":{"field":"inherit","label":"inherit","fill":"inherit"},"layout":{"label":{"valign":"inherit","align":"inherit"},"field":{"valign":"inherit","align":"inherit"}},"datasource":{"loadRemote":false,"loadRemoteUrl":"","terminology":""},"annotations":{"calcid":"s_pao2"}},"defaultValue":{"unit":"kPa"}},{"name":"FiO2","localizedName":"FiO2","rmType":"DV_QUANTITY","nodeId":"at0014","min":0,"max":1,"localizedNames":{"nb":"FiO2"},"localizedDescriptions":{"nb":"*"},"aqlPath":"/content[openEHR-EHR-OBSERVATION.mekanisk_ventilasjon.v0]/data[at0001]/events[at0002]/data[at0003]/items[at0014]/value","inputs":[{"suffix":"magnitude","type":"DECIMAL","validation":{"range":{"minOp":">=","min":0.2,"maxOp":"<=","max":1},"precision":{"minOp":">=","min":2,"maxOp":"<=","max":2}}},{"suffix":"unit","type":"CODED_TEXT","list":[{"value":"%","label":"%","validation":{"range":{"minOp":">=","min":0.2,"maxOp":"<=","max":1},"precision":{"minOp":">=","min":2,"maxOp":"<=","max":2}}}]}],"fid":"saps_score/mekanisk_ventilasjon/fio2","formId":"saps_score/mekanisk_ventilasjon/fio2","viewConfig":{"field":{"magnitude":{"presentation":"combobox"},"unit":{"presentation":"combobox"}},"label":{"custom":false,"value":"","useLocalizations":false,"localizationsList":{}},"size":{"field":"inherit","label":"inherit","fill":"inherit"},"layout":{"label":{"valign":"inherit","align":"inherit"},"field":{"valign":"inherit","align":"inherit"}},"datasource":{"loadRemote":false,"loadRemoteUrl":"","terminology":""},"annotations":{"calcid":"s_fio2"}},"defaultValue":{"unit":"%"}},{"name":"PaO2/FiO2 ratio","localizedName":"PaO2/FiO2 ratio","rmType":"DV_QUANTITY","nodeId":"at0015","min":1,"max":1,"localizedNames":{"nb":"PaO2/FiO2 ratio"},"localizedDescriptions":{"nb":"*"},"aqlPath":"/content[openEHR-EHR-OBSERVATION.mekanisk_ventilasjon.v0]/data[at0001]/events[at0002]/data[at0003]/items[at0015]/value","inputs":[{"suffix":"magnitude","type":"DECIMAL","validation":{"range":{"minOp":">=","min":0},"precision":{"minOp":">=","min":2,"maxOp":"<=","max":2}}},{"suffix":"unit","type":"CODED_TEXT","list":[{"value":"","label":"","validation":{"range":{"minOp":">=","min":0},"precision":{"minOp":">=","min":2,"maxOp":"<=","max":2}}}]}],"fid":"saps_score/mekanisk_ventilasjon/pao2_fio2_ratio","formId":"saps_score/mekanisk_ventilasjon/pao2_fio2_ratio","viewConfig":{"field":{"magnitude":{"presentation":"combobox"},"unit":{"presentation":"combobox"}},"label":{"custom":false,"value":"","useLocalizations":false,"localizationsList":{}},"size":{"field":"inherit","label":"inherit","fill":"inherit"},"layout":{"label":{"valign":"inherit","align":"inherit"},"field":{"valign":"inherit","align":"inherit"}},"datasource":{"loadRemote":false,"loadRemoteUrl":"","terminology":""},"annotations":{"calc":"\tIF(s_fio2 > 0,s_pao2/s_fio2,0)"},"advanced":{"hidden":false,"readonly":false},"multiplicity":{"min":"0","max":"1"},"tags":[]},"defaultValue":{"unit":""}},{"name":"Mekanisk ventilasjon","localizedName":"Mekanisk ventilasjon","rmType":"DV_ORDINAL","nodeId":"at0030","min":0,"max":1,"localizedNames":{"nb":"Mekanisk ventilasjon"},"localizedDescriptions":{"nb":"*"},"aqlPath":"/content[openEHR-EHR-OBSERVATION.saps_score.v0]/data[at0001]/events[at0002]/data[at0003]/items[at0030]/value","inputs":[{"type":"CODED_TEXT","list":[{"value":"at0060","label":"> 26,66","localizedLabels":{"nb":"> 26,66"},"localizedDescriptions":{"nb":"*"},"ordinal":6},{"value":"at0061","label":"13,33 - 26,66","localizedLabels":{"nb":"13,33 - 26,66"},"localizedDescriptions":{"nb":"*"},"ordinal":9},{"value":"at0062","label":"< 13,33","localizedLabels":{"nb":"< 13,33"},"localizedDescriptions":{"nb":"*"},"ordinal":11}]}],"formId":"saps_score/saps_score/mekanisk_ventilasjon","viewConfig":{"size":{"field":"inherit","label":"inherit","fill":"inherit"},"layout":{"label":{"valign":"inherit","align":"inherit"},"field":{"valign":"inherit","align":"inherit"}},"datasource":{"loadRemote":false,"loadRemoteUrl":"","terminology":""},"annotations":{"calcid":"s_mekanisk"},"label":{"custom":true,"value":"Mekanisk vent.","useLocalizations":true,"localizationsList":{"nb":"Mekanisk vent."}},"advanced":{"hidden":false,"readonly":true},"multiplicity":{"min":"0","max":"1"},"tags":[],"field":{"input":{"presentation":"combobox"}}},"defaultValue":{"value":""},"fid":"saps_score/saps_score/mekanisk_ventilasjon"}]},{"localizedName":"Fieldset","localizedNames":{"nb":"Glasgow Coma Scale"},"min":0,"max":-1,"name":"Fieldset","rmType":"GENERIC_FIELDSET","fid":"generic-field-3875","formId":"generic-field-3875","viewConfig":{"label":{"custom":true,"value":"Glasgow Coma Scale","useLocalizations":true,"localizationsList":{"nb":"Glasgow Coma Scale"}},"advanced":{"hidden":false,"readonly":false,"hideFrame":true},"multiplicity":{"min":1,"max":1},"size":{"field":"inherit","label":"inherit","fill":"inherit"},"layout":{"label":{"valign":"top","align":"top"},"field":{"valign":"inherit","align":"inherit"}},"field":{},"tags":["HideLabel"]},"children":[{"name":"Glasgow Coma Scale","localizedName":"Glasgow Coma Scale","rmType":"OBSERVATION","nodeId":"openEHR-EHR-OBSERVATION.glasgow_coma_scale.v0","min":0,"max":-1,"localizedNames":{"nb":"Glasgow Coma Scale"},"localizedDescriptions":{"nb":"En femtenpoengs skala som brukes for å anslå svekkelse av bevissthetsnivå ut fra et definert stimuli. Skalaen er mer korrekt kalt Modified Glasgow Coma Scale."},"aqlPath":"/content[openEHR-EHR-OBSERVATION.glasgow_coma_scale.v0]","fid":"saps_score/glasgow_coma_scale","formId":"saps_score/glasgow_coma_scale","viewConfig":{"size":{"field":"inherit","label":"inherit","fill":"inherit"},"layout":{"label":{"valign":"inherit","align":"inherit"},"field":{"valign":"inherit","align":"inherit"}},"label":{"custom":false,"value":"","useLocalizations":false,"localizationsList":{}},"advanced":{"hidden":false,"readonly":false},"multiplicity":{"min":0,"max":1},"tags":[],"datasource":{"loadRemote":false,"loadRemoteUrl":"","terminology":""},"field":{},"annotations":{"selectreadonly":"{#gcs}"}},"children":[{"localizedName":"Åpning av øynene (Ø)","rmType":"DV_ORDINAL","nodeId":"","min":0,"max":1,"localizedNames":{"nb":"Åpning av øynene (Ø)"},"localizedDescriptions":{"nb":"Beste øyerespons ved stimuli."},"aqlPath":"/content[openEHR-EHR-OBSERVATION.glasgow_coma_scale.v0]/data[at0001]/events[at0002]/data[at0003]/items[at0009]/value","inputs":[{"type":"CODED_TEXT","list":[{"value":"at0010","label":"Ingen reaksjon","localizedLabels":{"nb":"Ingen reaksjon"},"localizedDescriptions":{"nb":"Øynene åpnes ikke, ingen forstyrrende faktorer som for eksempel lukkede øyne på grunn av lokal hevelse."},"ordinal":1},{"value":"at0011","label":"Ved smertestimulering","localizedLabels":{"nb":"Ved smertestimulering"},"localizedDescriptions":{"nb":"Åpner øynene etter stimulering av fingertuppen."},"ordinal":2},{"value":"at0012","label":"Ved tiltale","localizedLabels":{"nb":"Ved tiltale"},"localizedDescriptions":{"nb":"Øynene åpnes ved tiltale eller ved roping. Må ikke forveksles med vekking av en sovende person."},"ordinal":3},{"value":"at0013","label":"Spontant","localizedLabels":{"nb":"Spontant"},"localizedDescriptions":{"nb":"Øyne åpnes spontant uten stimuli."},"ordinal":4}]}],"formId":"saps_score/glasgow_coma_scale/åpning_av_øynene_ø/value","viewConfig":{"size":{"field":"inherit","label":"inherit","fill":"inherit"},"layout":{"field":{"valign":"inherit","align":"inherit"}},"annotations":{"calcId":"gcs_eye"},"datasource":{"loadRemote":false,"loadRemoteUrl":"","terminology":""},"field":{"input":{"presentation":"combobox"}}},"defaultValue":{"value":""},"fid":"saps_score/glasgow_coma_scale/åpning_av_øynene_ø/value"},{"localizedName":"Verbal respons (V)","rmType":"DV_ORDINAL","nodeId":"","min":0,"max":1,"localizedNames":{"nb":"Verbal respons (V)"},"localizedDescriptions":{"nb":"Beste verbal respons på stimuli."},"aqlPath":"/content[openEHR-EHR-OBSERVATION.glasgow_coma_scale.v0]/data[at0001]/events[at0002]/data[at0003]/items[at0007]/value","inputs":[{"type":"CODED_TEXT","list":[{"value":"at0014","label":"Ingen reaksjon","localizedLabels":{"nb":"Ingen reaksjon"},"localizedDescriptions":{"nb":"Ingen hørbar respons og ingen forstyrrende faktorer, som for eksempel intubasjon eller døvhet."},"ordinal":1},{"value":"at0015","label":"Uforståelige lyder","localizedLabels":{"nb":"Uforståelige lyder"},"localizedDescriptions":{"nb":"Bare stønning/jamring."},"ordinal":2},{"value":"at0016","label":"Usammenhengende tale","localizedLabels":{"nb":"Usammenhengende tale"},"localizedDescriptions":{"nb":"Forståelige enkeltord."},"ordinal":3},{"value":"at0017","label":"Forvirret, desorientert","localizedLabels":{"nb":"Forvirret, desorientert"},"localizedDescriptions":{"nb":"Ikke orientert men kommunisererer sammenhengende."},"ordinal":4},{"value":"at0018","label":"Orientert","localizedLabels":{"nb":"Orientert"},"localizedDescriptions":{"nb":"Oppgir riktig navn, sted og dato."},"ordinal":5}]}],"formId":"saps_score/glasgow_coma_scale/verbal_respons_v/value","viewConfig":{"size":{"field":"inherit","label":"inherit","fill":"inherit"},"layout":{"field":{"valign":"inherit","align":"inherit"}},"annotations":{"calcId":"gcs_verbal"},"datasource":{"loadRemote":false,"loadRemoteUrl":"","terminology":""},"field":{"input":{"presentation":"combobox"}}},"defaultValue":{"value":""},"fid":"saps_score/glasgow_coma_scale/verbal_respons_v/value"},{"localizedName":"Motorisk respons (M)","rmType":"DV_ORDINAL","nodeId":"","min":0,"max":1,"localizedNames":{"nb":"Motorisk respons (M)"},"localizedDescriptions":{"nb":"Beste motoriske respons på stimuli."},"aqlPath":"/content[openEHR-EHR-OBSERVATION.glasgow_coma_scale.v0]/data[at0001]/events[at0002]/data[at0003]/items[at0008]/value","inputs":[{"type":"CODED_TEXT","list":[{"value":"at0019","label":"Ingen reaksjon","localizedLabels":{"nb":"Ingen reaksjon"},"localizedDescriptions":{"nb":"Ingen bevegelse i armer/bein, ingen forstyrrende faktorer som for eksempel lammelser."},"ordinal":1},{"value":"at0020","label":"Ekstensjon ved smerte","localizedLabels":{"nb":"Ekstensjon ved smerte"},"localizedDescriptions":{"nb":"Decerebrert ekstensjon av armer og/eller bein som respons på stimuli. For eksempel kan armen ekstenderes ved albuen."},"ordinal":2},{"value":"at0021","label":"Abnormal fleksjon","localizedLabels":{"nb":"Abnormal fleksjon"},"localizedDescriptions":{"nb":"Sakte, decortikert fleksjon av armer og/eller bein. For eksempel kan armen bøyes ved albuen, men trekkene er hovedsakelig abnormale."},"ordinal":3},{"value":"at0022","label":"Normal fleksjon","localizedLabels":{"nb":"Normal fleksjon"},"localizedDescriptions":{"nb":"Hurtig fleksjon som respons på stimuli, men trekkene er hovedsakelig normale. For eksempel kan håndleddet bøyes når det utføres supraorbitalt trykk, eller lemmet trekkes til seg ved trykk på negleroten."},"ordinal":4},{"value":"at0023","label":"Lokaliserer smerte","localizedLabels":{"nb":"Lokaliserer smerte"},"localizedDescriptions":{"nb":"Målrettet fleksjon mot smertestimuli. For eksempel kan hånden løftes til over kragebeinet når det utføres supraorbitalt trykk."},"ordinal":5},{"value":"at0024","label":"Følger oppfordringer","localizedLabels":{"nb":"Følger oppfordringer"},"localizedDescriptions":{"nb":"Følger verbal oppfordring for bevegelse."},"ordinal":6}]}],"formId":"saps_score/glasgow_coma_scale/motorisk_respons_m/value","viewConfig":{"size":{"field":"inherit","label":"inherit","fill":"inherit"},"layout":{"field":{"valign":"inherit","align":"inherit"}},"annotations":{"calcId":"gcs_motor"},"datasource":{"loadRemote":false,"loadRemoteUrl":"","terminology":""},"field":{"input":{"presentation":"combobox"}}},"defaultValue":{"value":""},"fid":"saps_score/glasgow_coma_scale/motorisk_respons_m/value"},{"name":"Totalskår","localizedName":"Totalskår","rmType":"DV_COUNT","nodeId":"at0026","min":0,"max":1,"localizedNames":{"nb":"Totalskår"},"localizedDescriptions":{"nb":"Sum av ordinalene registrert for hver enkelt av de tre komponentene."},"annotations":{"comment":"Totalskåren kan regnes ut ved å summere de tre responselementene. Totalskår skal ikke regnes ut når en eller flere komponenter ikke er testbare, fordi skåren da vil bli kunstig lav. I disse situasjonene skal ØVM-profilen registreres."},"aqlPath":"/content[openEHR-EHR-OBSERVATION.glasgow_coma_scale.v0]/data[at0001]/events[at0002]/data[at0003]/items[at0026]/value","inputs":[{"type":"INTEGER","validation":{"range":{"minOp":">=","min":3,"maxOp":"<=","max":15}}}],"formId":"saps_score/glasgow_coma_scale/totalskår","viewConfig":{"size":{"field":"inherit","label":"inherit","fill":"inherit"},"layout":{"field":{"valign":"inherit","align":"inherit"}},"annotations":{"calc":"sum(gcs_eye, gcs_verbal, gcs_motor)"},"datasource":{"loadRemote":false,"loadRemoteUrl":"","terminology":""},"field":{}},"fid":"saps_score/glasgow_coma_scale/totalskår"},{"name":"Time","rmType":"DV_DATE_TIME","min":1,"max":1,"aqlPath":"/content[openEHR-EHR-OBSERVATION.glasgow_coma_scale.v0]/data[at0001]/events[at0002]/time","inputs":[{"type":"DATETIME"}],"inContext":true,"formId":"saps_score/glasgow_coma_scale/time","viewConfig":{"size":{"field":"inherit","label":"inherit","fill":"inherit"},"layout":{"label":{"valign":"inherit","align":"inherit"},"field":{"valign":"inherit","align":"inherit"}},"label":{"custom":true,"value":"Når","useLocalizations":true,"localizationsList":{"nb":"Når"}},"advanced":{"hidden":false,"readonly":false},"multiplicity":{"min":1,"max":1},"tags":[],"datasource":{"loadRemote":false,"loadRemoteUrl":"","terminology":""},"annotations":{"templateVariable":"[Sys.Now]"},"field":{"input":{"dateFormat":"","hideDate":false,"hideTime":false}}},"defaultValue":{"value":""},"fid":"saps_score/glasgow_coma_scale/time"}]},{"name":"GCS","localizedName":"GCS","rmType":"DV_ORDINAL","nodeId":"at0053","min":1,"max":1,"localizedNames":{"nb":"GCS"},"localizedDescriptions":{"nb":"*"},"aqlPath":"/content[openEHR-EHR-OBSERVATION.saps_score.v0]/data[at0001]/events[at0002]/data[at0003]/items[at0053]/value","inputs":[{"type":"CODED_TEXT","list":[{"value":"at0094","label":"14-15","localizedLabels":{"nb":"14-15"},"localizedDescriptions":{"nb":"*"},"ordinal":0},{"value":"at0095","label":"11-13","localizedLabels":{"nb":"11-13"},"localizedDescriptions":{"nb":"*"},"ordinal":5},{"value":"at0096","label":"9-10","localizedLabels":{"nb":"9-10"},"localizedDescriptions":{"nb":"*"},"ordinal":7},{"value":"at0097","label":"6-8","localizedLabels":{"nb":"6-8"},"localizedDescriptions":{"nb":"*"},"ordinal":13},{"value":"at0098","label":"< 6","localizedLabels":{"nb":"< 6"},"localizedDescriptions":{"nb":"*"},"ordinal":26}]}],"formId":"saps_score/saps_score/gcs","viewConfig":{"size":{"field":"inherit","label":"inherit","fill":"inherit"},"layout":{"label":{"valign":"top","align":"top"},"field":{"valign":"inherit","align":"inherit"}},"datasource":{"loadRemote":false,"loadRemoteUrl":"","terminology":""},"annotations":{"calcid":"s_gcs"},"label":{"custom":false,"value":"","useLocalizations":false,"localizationsList":{}},"advanced":{"hidden":false,"readonly":true},"tags":[],"field":{"input":{"presentation":"combobox"}}},"defaultValue":{"value":""},"fid":"saps_score/saps_score/gcs"}]},{"name":"SAPS score","localizedName":"SAPS score","rmType":"DV_COUNT","nodeId":"at0025","min":0,"max":1,"localizedNames":{"nb":"SAPS score"},"localizedDescriptions":{"nb":"*"},"aqlPath":"/content[openEHR-EHR-OBSERVATION.saps_score.v0]/data[at0001]/events[at0002]/data[at0003]/items[at0025]/value","inputs":[{"type":"INTEGER","validation":{"range":{"minOp":">=","min":0}}}],"formId":"saps_score/saps_score/saps_score","viewConfig":{"size":{"field":"inherit","label":"inherit","fill":"inherit"},"layout":{"field":{"valign":"inherit","align":"inherit"}},"datasource":{"loadRemote":false,"loadRemoteUrl":"","terminology":""},"annotations":{"calc":"SUM(s_alder, s_mekanisk, s_hr, s_sysBT, s_temp, s_urin, s_karbamid, s_lpk, s_kalium, s_natrium, s_hco3, s_bilirubin, s_gcs, s_innleggelse, s_kronisk)","calcid":"s_saps"},"field":{}},"fid":"saps_score/saps_score/saps_score"},{"name":"Mortalitet score","localizedName":"Mortalitet score","rmType":"DV_COUNT","nodeId":"at0026","min":0,"max":1,"localizedNames":{"nb":"Mortalitet score"},"localizedDescriptions":{"nb":"*"},"aqlPath":"/content[openEHR-EHR-OBSERVATION.saps_score.v0]/data[at0001]/events[at0002]/data[at0003]/items[at0026]/value","inputs":[{"type":"INTEGER","validation":{"range":{"minOp":">=","min":0}}}],"formId":"saps_score/saps_score/mortalitet_score","viewConfig":{"size":{"field":"inherit","label":"inherit","fill":"inherit"},"layout":{"field":{"valign":"inherit","align":"inherit"}},"datasource":{"loadRemote":false,"loadRemoteUrl":"","terminology":""},"annotations":{"calc":"100*exp(-7.7631+0.0737*s_saps+0.9971*ln(s_saps+1))/(1+exp(-7.7631+0.0737*s_saps+0.9971*ln(s_saps+1)))"},"field":{}},"fid":"saps_score/saps_score/mortalitet_score"}],"viewConfig":{"size":{"field":"inherit","label":"inherit","fill":"inherit"},"layout":{"label":{"valign":"inherit","align":"inherit"},"field":{"valign":"inherit","align":"inherit"}},"field":{},"label":{"custom":true,"value":"SAPS II","useLocalizations":true,"localizationsList":{"nb":"SAPS II"}},"advanced":{"hidden":false,"readonly":false,"render":false},"multiplicity":{"min":"0","max":"1"},"tags":[]}}]}