[{"col":1,"row":1,"width":12,"height":63,"children":[{"id":"generic-field-31632","rows":[{"cols":[{"width":"50%","children":[{"id":"saps_score/saps_grunnlagsdata","rows":[{"cols":[{"width":"100%","children":[{"id":"saps_score/saps_grunnlagsdata/alder"},{"id":"saps_score/saps_grunnlagsdata/hjertefrekvens"},{"id":"saps_score/saps_grunnlagsdata/systolisk_bt"},{"id":"saps_score/saps_grunnlagsdata/temperatur"},{"id":"saps_score/saps_grunnlagsdata/døgnurin"},{"id":"saps_score/saps_grunnlagsdata/karbamid"},{"id":"saps_score/saps_grunnlagsdata/lpk"},{"id":"saps_score/saps_grunnlagsdata/s_-_kalium"},{"id":"saps_score/saps_grunnlagsdata/s_-_natrium"},{"id":"saps_score/saps_grunnlagsdata/s_-_hco3"},{"id":"saps_score/saps_grunnlagsdata/s_-_bilirubin"},{"id":"saps_score/saps_grunnlagsdata/innleggelse"},{"id":"saps_score/saps_grunnlagsdata/kronisk"}]}]}]}]},{"width":"50%","children":[{"id":"saps_score/saps_score","rows":[{"cols":[{"width":"100%","children":[{"id":"saps_score/saps_score/alder"},{"id":"saps_score/saps_score/hjertefrekvens"},{"id":"saps_score/saps_score/systolisk_bt"},{"id":"saps_score/saps_score/temperatur"},{"id":"saps_score/saps_score/døgnurin"},{"id":"saps_score/saps_score/karbamid"},{"id":"saps_score/saps_score/lpk"},{"id":"saps_score/saps_score/s_-_kalium"},{"id":"saps_score/saps_score/s_-_natrium"},{"id":"saps_score/saps_score/s_-_hco3"},{"id":"saps_score/saps_score/s_-_bilirubin"},{"id":"saps_score/saps_score/innleggelse"},{"id":"saps_score/saps_score/kronisk"}]}]}]}]}]},{"cols":[{"width":"100%","children":[{"id":"generic-field-57157","rows":[{"cols":[{"width":"50%","children":[{"id":"saps_score/saps_grunnlagsdata/mekanisk_ventilasjon_cpap"},{"id":"saps_score/mekanisk_ventilasjon/pao2"},{"id":"saps_score/mekanisk_ventilasjon/fio2"},{"id":"saps_score/mekanisk_ventilasjon/pao2_fio2_ratio"}]},{"width":"50%","children":[{"id":"saps_score/saps_score/mekanisk_ventilasjon"}]}]}]}]}]},{"cols":[{"width":"100%","children":[{"id":"generic-field-3875","rows":[{"cols":[{"width":"50%","children":[{"id":"saps_score/glasgow_coma_scale","rows":[{"cols":[{"width":"100%","children":[{"id":"saps_score/glasgow_coma_scale/åpning_av_øynene_ø/value"},{"id":"saps_score/glasgow_coma_scale/verbal_respons_v/value"},{"id":"saps_score/glasgow_coma_scale/motorisk_respons_m/value"},{"id":"saps_score/glasgow_coma_scale/totalskår"},{"id":"saps_score/glasgow_coma_scale/time"}]}]}]}]},{"width":"50%","children":[{"id":"saps_score/saps_score/gcs"}]}]}]}]}]},{"cols":[{"width":"100%","children":[{"id":"saps_score/saps_score/saps_score"},{"id":"saps_score/saps_score/mortalitet_score"}]}]}]}]}]