[{"field":"saps_score/saps_grunnlagsdata/mekanisk_ventilasjon_cpap","conditions":[{"operator":"is","value":{"value":true},"actions":[{"action":"show","target":"saps_score/mekanisk_ventilasjon/pao2","value":{"unit":"kPa"}},{"action":"show","target":"saps_score/mekanisk_ventilasjon/fio2","value":{"unit":"%"}},{"action":"show","target":"saps_score/mekanisk_ventilasjon/pao2_fio2_ratio","value":{"unit":""}}]},{"operator":"isnot","value":{"value":true},"actions":[{"action":"hide","target":"saps_score/mekanisk_ventilasjon/pao2","value":{"unit":"kPa"}},{"action":"hide","target":"saps_score/mekanisk_ventilasjon/fio2","value":{"unit":"%"}},{"action":"hide","target":"saps_score/mekanisk_ventilasjon/pao2_fio2_ratio","value":{"unit":""}},{"action":"clear","target":"saps_score/mekanisk_ventilasjon/pao2","value":{"unit":"kPa"}},{"action":"clear","target":"saps_score/mekanisk_ventilasjon/fio2","value":{"unit":"%"}},{"action":"clear","target":"saps_score/mekanisk_ventilasjon/pao2_fio2_ratio","value":{"unit":""}}]}]},{"field":"saps_score/saps_grunnlagsdata/hjertefrekvens","conditions":[{"operator":"lt","value":{"magnitude":40,"unit":"1/min"},"actions":[{"action":"set","target":"saps_score/saps_score/hjertefrekvens","value":{"value":"at0067"}}]},{"operator":"ge","value":{"magnitude":40,"unit":"1/min"},"actions":[{"action":"set","target":"saps_score/saps_score/hjertefrekvens","value":{"value":"at0064"}}]},{"operator":"ge","value":{"magnitude":70,"unit":"1/min"},"actions":[{"action":"set","target":"saps_score/saps_score/hjertefrekvens","value":{"value":"at0063"}}]},{"operator":"ge","value":{"magnitude":120,"unit":"1/min"},"actions":[{"action":"set","target":"saps_score/saps_score/hjertefrekvens","value":{"value":"at0065"}}]},{"operator":"ge","value":{"magnitude":160,"unit":"1/min"},"actions":[{"action":"set","target":"saps_score/saps_score/hjertefrekvens","value":{"value":"at0066"}}]}]},{"field":"saps_score/saps_grunnlagsdata/systolisk_bt","conditions":[{"operator":"lt","value":{"magnitude":70,"unit":"mm[Hg]"},"actions":[{"action":"set","target":"saps_score/saps_score/systolisk_bt","value":{"value":"at0071"}}]},{"operator":"ge","value":{"magnitude":70,"unit":"mm[Hg]"},"actions":[{"action":"set","target":"saps_score/saps_score/systolisk_bt","value":{"value":"at0070"}}]},{"operator":"ge","value":{"magnitude":100,"unit":"mm[Hg]"},"actions":[{"action":"set","target":"saps_score/saps_score/systolisk_bt","value":{"value":"at0068"}}]},{"operator":"ge","value":{"magnitude":200,"unit":"mm[Hg]"},"actions":[{"action":"set","target":"saps_score/saps_score/systolisk_bt","value":{"value":"at0069"}}]}]},{"field":"saps_score/saps_grunnlagsdata/temperatur","conditions":[{"operator":"lt","value":{"magnitude":39,"unit":"°C"},"actions":[{"action":"set","target":"saps_score/saps_score/temperatur","value":{"value":"at0072"}}]},{"operator":"ge","value":{"magnitude":39,"unit":"°C"},"actions":[{"action":"set","target":"saps_score/saps_score/temperatur","value":{"value":"at0073"}}]}]},{"field":"saps_score/saps_grunnlagsdata/døgnurin","conditions":[{"operator":"ge","value":{"magnitude":1000,"unit":"ml"},"actions":[{"action":"set","target":"saps_score/saps_score/døgnurin","value":{"value":"at0074"}}]},{"operator":"le","value":{"magnitude":999,"unit":"ml"},"actions":[{"action":"set","target":"saps_score/saps_score/døgnurin","value":{"value":"at0075"}}]},{"operator":"le","value":{"magnitude":499,"unit":"ml"},"actions":[{"action":"set","target":"saps_score/saps_score/døgnurin","value":{"value":"at0076"}}]}]},{"field":"saps_score/saps_grunnlagsdata/karbamid","conditions":[{"operator":"empty","value":null,"actions":[{"action":"clear","target":"saps_score/saps_score/karbamid","value":{"value":"at0077"}}]},{"operator":"lt","value":{"magnitude":10,"unit":"mmol/l"},"actions":[{"action":"set","target":"saps_score/saps_score/karbamid","value":{"value":"at0077"}}]},{"operator":"ge","value":{"magnitude":10,"unit":"mmol/l"},"actions":[{"action":"set","target":"saps_score/saps_score/karbamid","value":{"value":"at0078"}}]},{"operator":"ge","value":{"magnitude":30,"unit":"mmol/l"},"actions":[{"action":"set","target":"saps_score/saps_score/karbamid","value":{"value":"at0079"}}]}]},{"field":"saps_score/saps_grunnlagsdata/lpk","conditions":[{"operator":"lt","value":{"magnitude":1,"unit":"10*9/l"},"actions":[{"action":"set","target":"saps_score/saps_score/lpk","value":{"value":"at0082"}}]},{"operator":"ge","value":{"magnitude":1,"unit":"10*9/l"},"actions":[{"action":"set","target":"saps_score/saps_score/lpk","value":{"value":"at0080"}}]},{"operator":"ge","value":{"magnitude":2,"unit":"10*9/l"},"actions":[{"action":"set","target":"saps_score/saps_score/lpk","value":{"value":"at0081"}}]}]},{"field":"saps_score/saps_grunnlagsdata/s_-_kalium","conditions":[{"operator":"lt","value":{"magnitude":3,"unit":"mmol/l"},"actions":[{"action":"set","target":"saps_score/saps_score/s_-_kalium","value":{"value":"at0084"}}]},{"operator":"ge","value":{"magnitude":3,"unit":"mmol/l"},"actions":[{"action":"set","target":"saps_score/saps_score/s_-_kalium","value":{"value":"at0083"}}]},{"operator":"ge","value":{"magnitude":5,"unit":"mmol/l"},"actions":[{"action":"set","target":"saps_score/saps_score/s_-_kalium","value":{"value":"at0084"}}]}]},{"field":"saps_score/saps_grunnlagsdata/s_-_natrium","conditions":[{"operator":"lt","value":{"magnitude":125,"unit":"mmol/l"},"actions":[{"action":"set","target":"saps_score/saps_score/s_-_natrium","value":{"value":"at0087"}}]},{"operator":"ge","value":{"magnitude":125,"unit":"mmol/l"},"actions":[{"action":"set","target":"saps_score/saps_score/s_-_natrium","value":{"value":"at0085"}}]},{"operator":"ge","value":{"magnitude":145,"unit":"mmol/l"},"actions":[{"action":"set","target":"saps_score/saps_score/s_-_natrium","value":{"value":"at0086"}}]}]},{"field":"saps_score/saps_grunnlagsdata/s_-_hco3","conditions":[{"operator":"empty","value":null,"actions":[{"action":"clear","target":"saps_score/saps_score/s_-_hco3","value":{"value":"at0090"}}]},{"operator":"lt","value":{"magnitude":15,"unit":"mmol/l"},"actions":[{"action":"set","target":"saps_score/saps_score/s_-_hco3","value":{"value":"at0090"}}]},{"operator":"ge","value":{"magnitude":15,"unit":"mmol/l"},"actions":[{"action":"set","target":"saps_score/saps_score/s_-_hco3","value":{"value":"at0089"}}]},{"operator":"ge","value":{"magnitude":20,"unit":"mmol/l"},"actions":[{"action":"set","target":"saps_score/saps_score/s_-_hco3","value":{"value":"at0088"}}]}]},{"field":"saps_score/saps_grunnlagsdata/s_-_bilirubin","conditions":[{"operator":"empty","value":null,"actions":[{"action":"clear","target":"saps_score/saps_score/s_-_bilirubin","value":{"value":"at0091"}}]},{"operator":"lt","value":{"magnitude":68.4,"unit":"umol/l"},"actions":[{"action":"set","target":"saps_score/saps_score/s_-_bilirubin","value":{"value":"at0091"}}]},{"operator":"ge","value":{"magnitude":68.4,"unit":"umol/l"},"actions":[{"action":"set","target":"saps_score/saps_score/s_-_bilirubin","value":{"value":"at0092"}}]},{"operator":"ge","value":{"magnitude":102.6,"unit":"umol/l"},"actions":[{"action":"set","target":"saps_score/saps_score/s_-_bilirubin","value":{"value":"at0093"}}]}]},{"field":"saps_score/saps_grunnlagsdata/innleggelse","conditions":[{"operator":"equals","value":{"code":"at0006"},"actions":[{"action":"set","target":"saps_score/saps_score/innleggelse","value":{"value":"at0101"}}]},{"operator":"equals","value":{"code":"at0007"},"actions":[{"action":"set","target":"saps_score/saps_score/innleggelse","value":{"value":"at0103"}}]},{"operator":"equals","value":{"code":"at0008"},"actions":[{"action":"set","target":"saps_score/saps_score/innleggelse","value":{"value":"at0102"}}]},{"operator":"empty","value":null,"actions":[{"action":"clear","target":"saps_score/saps_score/innleggelse","value":{"value":"at0102"}}]}]},{"field":"saps_score/saps_grunnlagsdata/kronisk","conditions":[{"operator":"equals","value":{"code":"at0010"},"actions":[{"action":"set","target":"saps_score/saps_score/kronisk","value":{"value":"at0100"}}]},{"operator":"equals","value":{"code":"at0011"},"actions":[{"action":"set","target":"saps_score/saps_score/kronisk","value":{"value":"at0104"}}]},{"operator":"equals","value":{"code":"at0012"},"actions":[{"action":"set","target":"saps_score/saps_score/kronisk","value":{"value":"at0105"}}]},{"operator":"equals","value":{"code":"at0013"},"actions":[{"action":"set","target":"saps_score/saps_score/kronisk","value":{"value":"at0099"}}]}]},{"field":"saps_score/glasgow_coma_scale/totalskår","conditions":[{"operator":"lt","value":{"value":6},"actions":[{"action":"set","target":"saps_score/saps_score/gcs","value":{"value":"at0098"}}]},{"operator":"ge","value":{"value":6},"actions":[{"action":"set","target":"saps_score/saps_score/gcs","value":{"value":"at0097"}}]},{"operator":"ge","value":{"value":9},"actions":[{"action":"set","target":"saps_score/saps_score/gcs","value":{"value":"at0096"}}]},{"operator":"ge","value":{"value":11},"actions":[{"action":"set","target":"saps_score/saps_score/gcs","value":{"value":"at0095"}}]},{"operator":"ge","value":{"value":14},"actions":[{"action":"set","target":"saps_score/saps_score/gcs","value":{"value":"at0094"}}]}]},{"field":"saps_score/mekanisk_ventilasjon/pao2_fio2_ratio","conditions":[{"operator":"lt","value":{"magnitude":13.33,"unit":""},"actions":[{"action":"set","target":"saps_score/saps_score/mekanisk_ventilasjon","value":{"value":"at0062"}}]},{"operator":"ge","value":{"magnitude":13.33,"unit":""},"actions":[{"action":"set","target":"saps_score/saps_score/mekanisk_ventilasjon","value":{"value":"at0061"}}]},{"operator":"gt","value":{"magnitude":26.67,"unit":""},"actions":[{"action":"set","target":"saps_score/saps_score/mekanisk_ventilasjon","value":{"value":"at0060"}}]}]},{"field":"saps_score/saps_grunnlagsdata/alder","conditions":[{"operator":"lt","value":{"value":40},"actions":[{"action":"set","target":"saps_score/saps_score/alder","value":{"value":"at0054"}}]},{"operator":"ge","value":{"value":40},"actions":[{"action":"set","target":"saps_score/saps_score/alder","value":{"value":"at0055"}}]},{"operator":"ge","value":{"value":60},"actions":[{"action":"set","target":"saps_score/saps_score/alder","value":{"value":"at0056"}}]},{"operator":"ge","value":{"value":70},"actions":[{"action":"set","target":"saps_score/saps_score/alder","value":{"value":"at0057"}}]},{"operator":"ge","value":{"value":75},"actions":[{"action":"set","target":"saps_score/saps_score/alder","value":{"value":"at0058"}}]},{"operator":"ge","value":{"value":80},"actions":[{"action":"set","target":"saps_score/saps_score/alder","value":{"value":"at0059"}}]}]}]