[{"col":1,"row":1,"width":12,"height":301,"children":[{"id":"prosedyrerapport/problem_diagnose","rows":[{"cols":[{"width":"100%","children":[{"id":"prosedyrerapport/problem_diagnose/problem_diagnosenavn","rows":[]}]}]}]},{"id":"generic-field-95003","rows":[]},{"id":"procedure_report/prosedyre","rows":[{"cols":[{"width":"100%","children":[{"id":"procedure_report/prosedyre/ism_transition","rows":[{"cols":[{"width":"100%","children":[{"id":"procedure_report/prosedyre/ism_transition/transition","rows":[]},{"id":"procedure_report/prosedyre/ism_transition/current_state","rows":[]},{"id":"procedure_report/prosedyre/ism_transition/careflow_step","rows":[]}]}]}]},{"id":"procedure_report/prosedyre/operasjonstype@Operasjonstype","rows":[]},{"id":"generic-field-18114","rows":[{"cols":[{"width":"50%","children":[{"id":"procedure_report/prosedyre/operasjonsdetaljer","rows":[{"cols":[{"width":"100%","children":[{"id":"procedure_report/prosedyre/operasjonsdetaljer/avdekning_incisjon","rows":[{"cols":[{"width":"100%","children":[{"id":"procedure_report/prosedyre/operasjonsdetaljer/avdekning_incisjon/side","rows":[]}]}]}]},{"id":"procedure_report/prosedyre/operasjonsdetaljer/sårets_renhetsgrad","rows":[]}]}]}]}]},{"width":"50%","children":[{"id":"procedure_report/prosedyre/reoperasjonsdetaljer","rows":[{"cols":[{"width":"100%","children":[{"id":"procedure_report/prosedyre/reoperasjonsdetaljer/årsak_til_reoperasjon","rows":[]},{"id":"procedure_report/prosedyre/reoperasjonsdetaljer/kommentar","rows":[]}]}]}]}]}]}]},{"id":"procedure_report/prosedyre/prosedyredetaljer","rows":[{"cols":[{"width":"100%","children":[{"id":"procedure_report/prosedyre/prosedyredetaljer/prosedyrenavn","rows":[]},{"id":"procedure_report/prosedyre/prosedyredetaljer/legens_beskrivelse@Legens beskrivelse","rows":[]},{"id":"procedure_report/prosedyre/prosedyredetaljer/prosedyretype","rows":[]}]}]}]},{"id":"generic-field-76034","rows":[{"cols":[{"width":"35%","children":[{"id":"procedure_report/prosedyre/start_operasjon@Start operasjon","rows":[]}]},{"width":"40%","children":[{"id":"procedure_report/prosedyre/slutt_operasjon@Slutt operasjon","rows":[]}]},{"width":"25%","children":[{"id":"procedure_report/prosedyre/total_varighet","rows":[]}]}]}]},{"id":"procedure_report/prosedyre/prosedyretype","rows":[]},{"id":"procedure_report/prosedyre/other_participations","rows":[{"cols":[{"width":"100%","children":[{"id":"procedure_report/prosedyre/function","rows":[]},{"id":"procedure_report/prosedyre/performer","rows":[]}]}]}]}]}]}]},{"id":"procedure_report/euroscore_dips/any_event/euroscore","rows":[]},{"id":"generic-field-04561","rows":[]},{"id":"procedure_report/tjeneste_utført","rows":[{"cols":[{"width":"100%","children":[{"id":"procedure_report/tjeneste_utført/any_event","rows":[{"cols":[{"width":"100%","children":[{"id":"procedure_report/tjeneste_utført/any_event/tjeneste","rows":[]},{"id":"procedure_report/tjeneste_utført/any_event/status","rows":[]}]}]}]}]}]}]}]}]