[{"col":1,"row":1,"width":12,"height":36,"children":[{"id":"generic-field-27390","rows":[{"cols":[{"width":"100%","children":[{"id":"klinisk_kontakt/gjennomforing_tvangsmiddelvedtak/registrering_av_gjennomføring_nr.","rows":[]}]}]}]},{"id":"generic-field-34805","rows":[{"cols":[{"width":"50%","children":[{"id":"klinisk_kontakt/gjennomforing_tvangsmiddelvedtak/gjelder_tvangsmiddelvedtak_av","rows":[]}]},{"width":"50%","children":[]}]}]},{"id":"generic-field-73197","rows":[{"cols":[{"width":"50%","children":[{"id":"klinisk_kontakt/gjennomforing_tvangsmiddelvedtak/endring_under_gjennomføring","rows":[]}]},{"width":"50%","children":[{"id":"klinisk_kontakt/gjennomforing_tvangsmiddelvedtak/endret_tidspunkt","rows":[]}]}]}]},{"id":"generic-field-89132","rows":[{"cols":[{"width":"100%","children":[{"id":"klinisk_kontakt/gjennomforing_tvangsmiddelvedtak/gjennomført_av","rows":[]},{"id":"klinisk_kontakt/gjennomforing_tvangsmiddelvedtak/stilling","rows":[]},{"id":"klinisk_kontakt/gjennomforing_tvangsmiddelvedtak/merknad","rows":[]}]}]}]},{"id":"generic-field-21781","rows":[{"cols":[{"width":"100%","children":[{"id":"klinisk_kontakt/vedtak_status/time","rows":[]},{"id":"klinisk_kontakt/vedtak_status/ism_transition/careflow_step","rows":[]},{"id":"klinisk_kontakt/vedtak_status/ism_transition/current_state","rows":[]}]}]}]},{"id":"generic-field-72896","rows":[{"cols":[{"width":"100%","children":[{"id":"klinisk_kontakt/gjennomforing_tvangsmiddelvedtak/forrige_gjennomføring_nr.","rows":[]}]}]}]}]}]