[{"field":"klinisk_kontakt/gjennomforing_tvangsmiddelvedtak/endring_under_gjennomføring","conditions":[{"operator":"is","value":{"value":"at0014"},"actions":[{"action":"set","target":"klinisk_kontakt/vedtak_status/ism_transition/careflow_step","value":{"code":"at0003"}},{"action":"set","target":"klinisk_kontakt/vedtak_status/ism_transition/current_state","value":{"code":"532"}}]},{"operator":"isnot","value":{"value":"at0014"},"actions":[{"action":"set","target":"klinisk_kontakt/vedtak_status/ism_transition/careflow_step","value":{"code":"at0002"}},{"action":"set","target":"klinisk_kontakt/vedtak_status/ism_transition/current_state","value":{"code":"245"}}]}]}]