{"name":"Form root","localizedNames":{},"localizedDescriptions":{},"rmType":"FORM_DEFINITION","min":0,"max":0,"formId":"form_root","viewConfig":{"label":{"custom":false,"useLocalizations":false},"size":{"field":"inherit","label":"inherit"},"layout":{"label":{"valign":"inherit","align":"inherit"},"field":{"valign":"inherit","align":"inherit"}},"annotations":{"#gjennomføring":"openEHR-EHR-ADMIN_ENTRY.gjennomforing_tvangsmiddelvedtak.v1?scope=folder","#tvangsmiddel":"openEHR-EHR-ADMIN_ENTRY.tvangsmiddelvedtak.v1?scope=folder"}},"children":[{"name":"","localizedName":"","localizedNames":{"en":null,"nb":""},"localizedDescriptions":{},"rmType":"GENERIC_FIELDSET","min":0,"max":1,"inputs":[],"formId":"generic-field-27390","viewConfig":{"multiplicity":{"min":0,"max":1},"advanced":{"hidden":false,"readonly":false,"hideFrame":false,"render":false},"label":{"custom":false,"useLocalizations":false},"size":{"field":"inherit","label":"inherit"},"layout":{"label":{"valign":"inherit","align":"inherit"},"field":{"valign":"inherit","align":"inherit"}},"annotations":{},"field":{"formId":null,"name":null}},"children":[{"name":"Registrering av gjennomføring nr.","localizedName":"Registrering av gjennomføring nr.","localizedNames":{"en":"","nb":"Registrering av gjennomføring nr."},"localizedDescriptions":{"nb":"Løpenummer for hver enkelt registrering av gjennomføring som er knyttet til tvangsmiddelvedtaket","en":"*Løpenummer for hver enkelt registrering av gjennomføring som er knyttet til tvangsmiddelvedtaket (nb)"},"rmType":"DV_COUNT","nodeId":"at0003","min":0,"max":1,"aqlPath":"/content[openEHR-EHR-ADMIN_ENTRY.gjennomforing_tvangsmiddelvedtak.v1]/data[at0001]/items[at0003]/value","inputs":[{"type":"INTEGER","validation":{"range":{"minOp":">=","min":1,"maxOp":"<"}},"defaultValue":"","listOpen":false}],"formId":"klinisk_kontakt/gjennomforing_tvangsmiddelvedtak/registrering_av_gjennomføring_nr.","viewConfig":{"multiplicity":{"min":0,"max":1},"advanced":{"hidden":false,"readonly":false,"hideFrame":false,"render":false},"label":{"custom":false,"useLocalizations":false},"size":{"field":"inherit","label":"inherit"},"layout":{"label":{"valign":"inherit","align":"inherit"},"field":{"valign":"inherit","align":"inherit"}},"annotations":{"calc":"if (isblank(forrige_lopenr), 1, forrige_lopenr + 1)"}}}]},{"name":"","localizedName":"","localizedNames":{"en":null,"nb":""},"localizedDescriptions":{},"rmType":"GENERIC_FIELDSET","min":0,"max":1,"inputs":[],"formId":"generic-field-34805","viewConfig":{"multiplicity":{"min":0,"max":1},"advanced":{"hidden":false,"readonly":false,"hideFrame":false,"render":false},"label":{"custom":false,"useLocalizations":false},"size":{"field":"inherit","label":"inherit"},"layout":{"label":{"valign":"inherit","align":"inherit"},"field":{"valign":"inherit","align":"inherit"}},"annotations":{},"field":{"formId":null,"name":null}},"children":[{"name":"Gjelder tvangsmiddelvedtak av","localizedName":"Gjelder tvangsmiddelvedtak av","localizedNames":{"en":"","nb":"Gjelder tvangsmiddelvedtak av"},"localizedDescriptions":{"nb":"Referanse til det vedtaket som ligger til grunn for gjennomføring av tvangsmiddelbruken","en":"*Referanse til det vedtaket som ligger til grunn for gjennomføring av tvangsmiddelbruken (nb)"},"rmType":"DV_DATE_TIME","nodeId":"at0002","min":1,"max":1,"aqlPath":"/content[openEHR-EHR-ADMIN_ENTRY.gjennomforing_tvangsmiddelvedtak.v1]/data[at0001]/items[at0002]/value","inputs":[{"type":"DATETIME","listOpen":false}],"formId":"klinisk_kontakt/gjennomforing_tvangsmiddelvedtak/gjelder_tvangsmiddelvedtak_av","viewConfig":{"multiplicity":{"min":1,"max":1},"advanced":{"hidden":false,"readonly":false,"hideFrame":false,"render":false},"label":{"custom":false,"useLocalizations":false},"size":{"field":"inherit","label":"inherit"},"layout":{"label":{"valign":"inherit","align":"top"},"field":{"valign":"inherit","align":"inherit"}},"annotations":{"select":"{#tvangsmiddel:/data[at0001]/items[at0034]/value}"},"field":{"input":{"hideTime":false,"dateFormat":"","hideDate":false}}}}]},{"name":"","localizedName":"","localizedNames":{"en":null,"nb":""},"localizedDescriptions":{},"rmType":"GENERIC_FIELDSET","min":0,"max":1,"inputs":[],"formId":"generic-field-73197","viewConfig":{"multiplicity":{"min":0,"max":1},"advanced":{"hidden":false,"readonly":false,"hideFrame":false,"render":false},"label":{"custom":false,"useLocalizations":false},"size":{"field":"inherit","label":"inherit"},"layout":{"label":{"valign":"inherit","align":"inherit"},"field":{"valign":"inherit","align":"inherit"}},"annotations":{},"field":{"formId":null,"name":null}},"children":[{"name":"Type endring","localizedName":"Type endring","localizedNames":{"en":"","nb":"Endring under gjennomføring"},"localizedDescriptions":{"nb":"Kode som angir hva registreringen gjelder. Standard kodeverk 9272","en":"*Kode som angir hva registreringen gjelder. Standard kodeverk 9272 (nb)"},"rmType":"DV_ORDINAL","nodeId":"at0011","min":1,"max":1,"aqlPath":"/content[openEHR-EHR-ADMIN_ENTRY.gjennomforing_tvangsmiddelvedtak.v1]/data[at0001]/items[at0011]/value","inputs":[{"type":"CODED_TEXT","list":[{"value":"at0012","label":"Start gjennomføring","ordinal":0,"localizedLabels":{"nb":"Start gjennomføring","en":"*Start gjennomføring (nb)"},"localizedDescriptions":{"nb":"*","en":"** (nb)"}},{"value":"at0013","label":"Endring","ordinal":1,"localizedLabels":{"nb":"Endring","en":"*Endring (nb)"},"localizedDescriptions":{"nb":"*","en":"** (nb)"}},{"value":"at0014","label":"Bruk av tvangsmiddelet opphørt","ordinal":2,"localizedLabels":{"nb":"Bruk av tvangsmiddelet opphørt","en":"*Bruk av tvangsmiddelet opphørt (nb)"},"localizedDescriptions":{"nb":"*","en":"** (nb)"}}],"listOpen":false}],"formId":"klinisk_kontakt/gjennomforing_tvangsmiddelvedtak/endring_under_gjennomføring","viewConfig":{"multiplicity":{"min":1,"max":1},"advanced":{"hidden":false,"readonly":false,"hideFrame":false,"render":false},"label":{"custom":false,"useLocalizations":false},"size":{"field":"inherit","label":"inherit"},"layout":{"label":{"valign":"inherit","align":"top"},"field":{"valign":"inherit","align":"inherit"}},"annotations":{"calcId":"TypeEndring","select":"{#gjennomføring:/data[at0001]/items[at0011]/value}"},"field":{"presentation":"combobox","columns":"3","input":{"presentation":"combobox","columns":"3"}}}},{"name":"Endret tidspunkt","localizedName":"Endret tidspunkt","localizedNames":{"en":"","nb":"Endret tidspunkt"},"localizedDescriptions":{"nb":"Det tidspunkt bruken av tvangsmidlet ble iverksatt, endret eller avsluttet","en":"*Det tidspunkt bruken av tvangsmidlet ble iverksatt, endret eller avsluttet (nb)"},"rmType":"DV_DATE_TIME","nodeId":"at0004","min":1,"max":1,"aqlPath":"/content[openEHR-EHR-ADMIN_ENTRY.gjennomforing_tvangsmiddelvedtak.v1]/data[at0001]/items[at0004]/value","inputs":[{"type":"DATETIME","listOpen":false}],"formId":"klinisk_kontakt/gjennomforing_tvangsmiddelvedtak/endret_tidspunkt","viewConfig":{"multiplicity":{"min":1,"max":1},"advanced":{"hidden":false,"readonly":false,"hideFrame":false,"render":false},"label":{"custom":false,"useLocalizations":false},"size":{"field":"inherit","label":"inherit"},"layout":{"label":{"valign":"inherit","align":"top"},"field":{"valign":"inherit","align":"inherit"}},"annotations":{"calcId":"EndretTidspunkt"},"field":{"input":{"hideTime":false,"dateFormat":"","hideDate":false}}}}]},{"name":"","localizedName":"","localizedNames":{"en":null,"nb":""},"localizedDescriptions":{},"rmType":"GENERIC_FIELDSET","min":0,"max":1,"inputs":[],"formId":"generic-field-89132","viewConfig":{"multiplicity":{"min":0,"max":1},"advanced":{"hidden":false,"readonly":false,"hideFrame":false,"render":false},"label":{"custom":false,"useLocalizations":false},"size":{"field":"inherit","label":"inherit"},"layout":{"label":{"valign":"inherit","align":"inherit"},"field":{"valign":"inherit","align":"inherit"}},"annotations":{},"field":{"formId":null,"name":null}},"children":[{"name":"Gjennomført av","localizedName":"Gjennomført av","localizedNames":{"en":"","nb":"Gjennomført av"},"localizedDescriptions":{"nb":"Den tjenesteyter som stod for gjennomføringen av vedtaket","en":"*Den tjenesteyter som stod for gjennomføringen av vedtaket (nb)"},"rmType":"DV_CODED_TEXT","nodeId":"at0008","min":1,"max":1,"aqlPath":"/content[openEHR-EHR-ADMIN_ENTRY.gjennomforing_tvangsmiddelvedtak.v1]/data[at0001]/items[at0008]/value","inputs":[{"suffix":"code","type":"TEXT","terminology":"DIPS?subset=healthcareparty","listOpen":false},{"suffix":"value","type":"TEXT","terminology":"DIPS?subset=healthcareparty","listOpen":false}],"formId":"klinisk_kontakt/gjennomforing_tvangsmiddelvedtak/gjennomført_av","viewConfig":{"multiplicity":{"min":1,"max":1},"advanced":{"hidden":false,"readonly":false,"hideFrame":false,"render":false},"label":{"custom":false,"useLocalizations":false},"size":{"field":"inherit","label":"inherit"},"layout":{"label":{"valign":"inherit","align":"top"},"field":{"valign":"inherit","align":"inherit"}},"datasource":{"loadRemote":true,"loadRemoteUrl":"DIPS?subset=healthcareparty","parameters":{}},"annotations":{}}},{"name":"Stilling","localizedName":"Stilling","localizedNames":{"en":"","nb":"Stilling"},"localizedDescriptions":{"nb":"Stilling til tjenesteyter som stod for gjenomføringen","en":"*Stilling til tjenesteyter som stod for gjenomføringen (nb)"},"rmType":"DV_TEXT","nodeId":"at0015","min":1,"max":1,"aqlPath":"/content[openEHR-EHR-ADMIN_ENTRY.gjennomforing_tvangsmiddelvedtak.v1]/data[at0001]/items[at0015]/value","inputs":[{"type":"TEXT","list":[],"listOpen":false}],"formId":"klinisk_kontakt/gjennomforing_tvangsmiddelvedtak/stilling","viewConfig":{"multiplicity":{"min":1,"max":1},"advanced":{"hidden":false,"readonly":false,"hideFrame":false,"render":false},"label":{"custom":false,"useLocalizations":false},"size":{"field":"inherit","label":"inherit"},"layout":{"label":{"valign":"inherit","align":"top"},"field":{"valign":"inherit","align":"inherit"}},"annotations":{},"field":{"lines":null}}},{"name":"Merknad","localizedName":"Merknad","localizedNames":{"en":"","nb":"Merknad"},"localizedDescriptions":{"nb":"*","en":"** (nb)"},"rmType":"DV_TEXT","nodeId":"at0009","min":0,"max":1,"aqlPath":"/content[openEHR-EHR-ADMIN_ENTRY.gjennomforing_tvangsmiddelvedtak.v1]/data[at0001]/items[at0009]/value","inputs":[{"type":"TEXT","list":[],"listOpen":false}],"formId":"klinisk_kontakt/gjennomforing_tvangsmiddelvedtak/merknad","viewConfig":{"multiplicity":{"min":0,"max":1},"advanced":{"hidden":false,"readonly":false,"hideFrame":false,"render":false},"label":{"custom":false,"useLocalizations":false},"size":{"field":"inherit","label":"inherit"},"layout":{"label":{"valign":"inherit","align":"top"},"field":{"valign":"inherit","align":"inherit"}},"annotations":{},"field":{"lines":null}}}]},{"name":"Vedtak status","localizedName":"Vedtak status","localizedNames":{"en":null,"nb":"Vedtak status"},"localizedDescriptions":{},"rmType":"GENERIC_FIELDSET","min":0,"max":1,"inputs":[],"formId":"generic-field-21781","viewConfig":{"multiplicity":{"min":0,"max":1},"advanced":{"hidden":true,"readonly":false,"hideFrame":false,"render":false},"label":{"custom":false,"useLocalizations":false},"size":{"field":"inherit","label":"inherit"},"layout":{"label":{"valign":"inherit","align":"inherit"},"field":{"valign":"inherit","align":"inherit"}},"annotations":{},"field":{"formId":null,"name":null}},"children":[{"name":"Vedtak status Time","localizedName":"Vedtak status Time","localizedNames":{"en":"","nb":""},"localizedDescriptions":{},"rmType":"DV_DATE_TIME","min":0,"max":1,"aqlPath":"/content[openEHR-EHR-ACTION.vedtak_status.v1]/time","inputs":[{"type":"DATETIME","listOpen":false}],"formId":"klinisk_kontakt/vedtak_status/time","viewConfig":{"multiplicity":{"min":0,"max":1},"advanced":{"hidden":true,"readonly":false,"hideFrame":false,"render":false},"label":{"custom":false,"useLocalizations":false},"size":{"field":"inherit","label":"inherit"},"layout":{"label":{"valign":"inherit","align":"top"},"field":{"valign":"inherit","align":"inherit"}},"annotations":{"calc":"EndretTidspunkt"},"field":{"input":{"hideTime":false,"dateFormat":"","hideDate":false}}}},{"name":"Vedtak status","localizedName":"Vedtak status","localizedNames":{"en":"","nb":""},"localizedDescriptions":{},"rmType":"DV_CODED_TEXT","min":1,"max":1,"aqlPath":"/content[openEHR-EHR-ACTION.vedtak_status.v1]/ism_transition/careflow_step","inputs":[{"suffix":"code","type":"CODED_TEXT","list":[{"value":"at0002","label":"Aktiv","currentStates":["245"],"ordinal":0,"localizedLabels":{"nb":"Aktiv","en":"*Aktiv (nb)"},"localizedDescriptions":{"nb":"*","en":"** (nb)"}},{"value":"at0004","label":"Hastevedtak","currentStates":["245"],"ordinal":0,"localizedLabels":{"nb":"Hastevedtak","en":"*Hastevedtak (nb)"},"localizedDescriptions":{"nb":"*","en":"** (nb)"}},{"value":"at0006","label":"Aktuelt rettslig grunnlag for behandlingen","currentStates":["245"],"ordinal":0,"localizedLabels":{"nb":"Aktuelt rettslig grunnlag for behandlingen","en":"*Aktuelt rettslig grunnlag for behandlingen (nb)"},"localizedDescriptions":{"nb":"*","en":"** (nb)"}},{"value":"at0014","label":"Uten vedtak","currentStates":["245"],"ordinal":0,"localizedLabels":{"nb":"Uten vedtak","en":"*Uten vedtak (nb)"},"localizedDescriptions":{"nb":"*","en":"** (nb)"}},{"value":"at0007","label":"Feilregistrert, erstattet av nytt, korrekt rettslig grunnlag","currentStates":["531"],"ordinal":0,"localizedLabels":{"nb":"Feilregistrert, erstattet av nytt, korrekt rettslig grunnlag","en":"*Feilregistrert, erstattet av nytt, korrekt rettslig grunnlag (nb)"},"localizedDescriptions":{"nb":"*","en":"** (nb)"}},{"value":"at0003","label":"Avsluttet","currentStates":["532"],"ordinal":0,"localizedLabels":{"nb":"Avsluttet","en":"*Avsluttet (nb)"},"localizedDescriptions":{"nb":"*","en":"** (nb)"}},{"value":"at0005","label":"Fattet","currentStates":["532"],"ordinal":0,"localizedLabels":{"nb":"Fattet","en":"*Fattet (nb)"},"localizedDescriptions":{"nb":"*","en":"** (nb)"}},{"value":"at0008","label":"Gyldighetsperiode for rettslig grunnlag overskredet uten at nytt rettslig grunnlag er etablert","currentStates":["532"],"ordinal":0,"localizedLabels":{"nb":"Gyldighetsperiode for rettslig grunnlag overskredet uten at nytt rettslig grunnlag er etablert","en":"*Gyldighetsperiode for rettslig grunnlag overskredet uten at nytt rettslig grunnlag er etablert (nb)"},"localizedDescriptions":{"nb":"*","en":"** (nb)"}},{"value":"at0009","label":"Erstattet av nytt rettslig grunnlag etter forlengelse av gyldighetsperioden","currentStates":["532"],"ordinal":0,"localizedLabels":{"nb":"Erstattet av nytt rettslig grunnlag etter forlengelse av gyldighetsperioden","en":"*Erstattet av nytt rettslig grunnlag etter forlengelse av gyldighetsperioden (nb)"},"localizedDescriptions":{"nb":"*","en":"** (nb)"}},{"value":"at0010","label":"Erstattet av nytt rettslig grunnlag i henhold til nytt vedtak","currentStates":["532"],"ordinal":0,"localizedLabels":{"nb":"Erstattet av nytt rettslig grunnlag i henhold til nytt vedtak","en":"*Erstattet av nytt rettslig grunnlag i henhold til nytt vedtak (nb)"},"localizedDescriptions":{"nb":"*","en":"** (nb)"}},{"value":"at0011","label":"Pasienten overført til annen institusjon innenfor det psykiske helsevern","currentStates":["532"],"ordinal":0,"localizedLabels":{"nb":"Pasienten overført til annen institusjon innenfor det psykiske helsevern","en":"*Pasienten overført til annen institusjon innenfor det psykiske helsevern (nb)"},"localizedDescriptions":{"nb":"*","en":"** (nb)"}},{"value":"at0012","label":"Tvang opphørt, pasienten fortsatt ved institusjonen","currentStates":["532"],"ordinal":0,"localizedLabels":{"nb":"Tvang opphørt, pasienten fortsatt ved institusjonen","en":"*Tvang opphørt, pasienten fortsatt ved institusjonen (nb)"},"localizedDescriptions":{"nb":"*","en":"** (nb)"}},{"value":"at0013","label":"Avsluttet, pasienten utskrevet","currentStates":["532"],"ordinal":0,"localizedLabels":{"nb":"Avsluttet, pasienten utskrevet","en":"*Avsluttet, pasienten utskrevet (nb)"},"localizedDescriptions":{"nb":"*","en":"** (nb)"}}],"listOpen":false}],"formId":"klinisk_kontakt/vedtak_status/ism_transition/careflow_step","viewConfig":{"multiplicity":{"min":1,"max":1},"advanced":{"hidden":true,"readonly":false,"hideFrame":false,"render":false},"label":{"custom":false,"useLocalizations":false},"size":{"field":"inherit","label":"inherit"},"layout":{"label":{"valign":"inherit","align":"inherit"},"field":{"valign":"inherit","align":"inherit"}},"annotations":{},"field":{"code":{"presentation":"combobox","columns":"13"}}}},{"name":"Current_state","localizedName":"Current_state","localizedNames":{"en":"","nb":""},"localizedDescriptions":{},"rmType":"DV_CODED_TEXT","min":1,"max":1,"aqlPath":"/content[openEHR-EHR-ACTION.vedtak_status.v1]/ism_transition/current_state","inputs":[{"suffix":"code","type":"CODED_TEXT","list":[{"value":"245","label":"Aktiv","ordinal":0,"localizedLabels":{"en":"Active","nb":"Aktiv"},"localizedDescriptions":{}},{"value":"531","label":"Avbrutt","ordinal":0,"localizedLabels":{"en":"Aborted","nb":"Avbrutt"},"localizedDescriptions":{}},{"value":"532","label":"Fullført","ordinal":0,"localizedLabels":{"en":"Completed","nb":"Fullført"},"localizedDescriptions":{}}],"listOpen":false}],"formId":"klinisk_kontakt/vedtak_status/ism_transition/current_state","viewConfig":{"multiplicity":{"min":1,"max":1},"advanced":{"hidden":false,"readonly":false,"hideFrame":false,"render":false},"label":{"custom":false,"useLocalizations":false},"size":{"field":"inherit","label":"inherit"},"layout":{"label":{"valign":"inherit","align":"inherit"},"field":{"valign":"inherit","align":"inherit"}},"annotations":{},"field":{"code":{"presentation":"combobox","columns":"10"}}}}]},{"name":"Hidden fields for calculations","localizedName":"Hidden fields for calculations","localizedNames":{"en":null,"nb":"Hidden fields for calculations"},"localizedDescriptions":{},"rmType":"GENERIC_FIELDSET","min":0,"max":1,"inputs":[],"formId":"generic-field-72896","viewConfig":{"multiplicity":{"min":0,"max":1},"advanced":{"hidden":true,"readonly":false,"hideFrame":false,"render":false},"label":{"custom":false,"useLocalizations":false},"size":{"field":"inherit","label":"inherit"},"layout":{"label":{"valign":"inherit","align":"left"},"field":{"valign":"inherit","align":"inherit"}},"annotations":{},"field":{"formId":null,"name":null}},"children":[{"name":"Forrige gjennomføring nr.","localizedName":"Forrige gjennomføring nr.","localizedNames":{"nb":"Forrige gjennomføring nr.","en":"*Forrige gjennomføring nr. (nb)"},"localizedDescriptions":{"nb":"Løpenummer for hver enkelt registrering av gjennomføring som er knyttet til tvangsmiddelvedtaket","en":"*Løpenummer for hver enkelt registrering av gjennomføring som er knyttet til tvangsmiddelvedtaket (nb)"},"rmType":"DV_COUNT","nodeId":"at0016","min":0,"max":1,"aqlPath":"/content[openEHR-EHR-ADMIN_ENTRY.gjennomforing_tvangsmiddelvedtak.v1]/data[at0001]/items[at0016]/value","inputs":[{"type":"INTEGER","listOpen":false}],"formId":"klinisk_kontakt/gjennomforing_tvangsmiddelvedtak/forrige_gjennomføring_nr.","viewConfig":{"annotations":{},"tags":[]}}]}]}