{"formId":"form_root","name":"Form root","rmType":"FORM_DEFINITION","viewConfig":{"label":{"custom":false,"value":"","useLocalizations":false,"localizationsList":{}},"size":{"field":"inherit","label":"inherit","fill":"inherit"},"layout":{"valign":"inherit","align":"inherit"},"tags":[]},"language":"","templateLanguages":["nb"],"children":[{"localizedName":"Fieldset","localizedNames":{"nb":"Epikrise"},"min":0,"max":-1,"name":"Fieldset","rmType":"GENERIC_FIELDSET","fid":"generic-field-79350","formId":"generic-field-79350","children":[{"name":"Starttid","localizedName":"Starttid","rmType":"DV_TEXT","nodeId":"at0008","min":0,"max":1,"localizedNames":{"nb":"Starttid"},"localizedDescriptions":{"nb":"*"},"aqlPath":"/content[openEHR-EHR-ADMIN_ENTRY.utskrivelsesinformasjon.v1]/data[at0001]/items[at0008]/value","inputs":[{"type":"TEXT"}],"fid":"epikrise/utskrivelsesinformasjon/starttid","formId":"epikrise/utskrivelsesinformasjon/starttid","viewConfig":{"annotations":{"TemplateVariable":"[Omse.Starttid]"},"size":{"field":"inherit","label":"inherit","fill":"inherit"},"layout":{"field":{"valign":"inherit","align":"inherit"}},"datasource":{"loadRemote":false,"loadRemoteUrl":"","terminology":""},"field":{"input":{"presentation":"textfield"}}},"defaultValue":{"value":""}},{"name":"Utskrivende enhet","localizedName":"Utskrivende enhet","rmType":"DV_TEXT","nodeId":"at0004","min":0,"max":1,"localizedNames":{"nb":"Utskrivende enhet"},"localizedDescriptions":{"nb":"*"},"aqlPath":"/content[openEHR-EHR-ADMIN_ENTRY.utskrivelsesinformasjon.v1]/data[at0001]/items[at0004]/value","inputs":[{"type":"TEXT"}],"formId":"epikrise/utskrivelsesinformasjon/utskrivende_enhet","viewConfig":{"annotations":{"TemplateVariable":"[Bel.Avd.Navn]"},"size":{"field":"inherit","label":"inherit","fill":"inherit"},"layout":{"field":{"valign":"inherit","align":"inherit"}},"datasource":{"loadRemote":false,"loadRemoteUrl":"","terminology":""},"field":{"input":{"presentation":"textfield"}}},"defaultValue":{"value":""},"fid":"epikrise/utskrivelsesinformasjon/utskrivende_enhet"},{"name":"Fastlege","localizedName":"Fastlege","rmType":"DV_TEXT","nodeId":"at0006","min":0,"max":1,"localizedNames":{"nb":"Fastlege"},"localizedDescriptions":{"nb":"*"},"aqlPath":"/content[openEHR-EHR-ADMIN_ENTRY.utskrivelsesinformasjon.v1]/data[at0001]/items[at0006]/value","inputs":[{"type":"TEXT"}],"formId":"epikrise/utskrivelsesinformasjon/fastlege","viewConfig":{"annotations":{"TemplateVariable":"[Pas.Prim.Navn]"},"size":{"field":"inherit","label":"inherit","fill":"inherit"},"layout":{"field":{"valign":"inherit","align":"inherit"}},"datasource":{"loadRemote":false,"loadRemoteUrl":"","terminology":""},"field":{"input":{"presentation":"textfield"}}},"defaultValue":{"value":""},"fid":"epikrise/utskrivelsesinformasjon/fastlege"},{"name":"Sluttid","localizedName":"Sluttid","rmType":"DV_TEXT","nodeId":"at0009","min":0,"max":1,"localizedNames":{"nb":"Sluttid"},"localizedDescriptions":{"nb":"*"},"aqlPath":"/content[openEHR-EHR-ADMIN_ENTRY.utskrivelsesinformasjon.v1]/data[at0001]/items[at0009]/value","inputs":[{"type":"TEXT"}],"fid":"epikrise/utskrivelsesinformasjon/sluttid","formId":"epikrise/utskrivelsesinformasjon/sluttid","viewConfig":{"annotations":{"TemplateVariable":"[Omse.Slutttid]"},"size":{"field":"inherit","label":"inherit","fill":"inherit"},"layout":{"field":{"valign":"inherit","align":"inherit"}},"datasource":{"loadRemote":false,"loadRemoteUrl":"","terminology":""},"field":{"input":{"presentation":"textfield"}}},"defaultValue":{"value":""}},{"name":"Utskrevet til","localizedName":"Utskrevet til","rmType":"DV_TEXT","nodeId":"at0005","min":0,"max":1,"localizedNames":{"nb":"Utskrevet til"},"localizedDescriptions":{"nb":"*"},"aqlPath":"/content[openEHR-EHR-ADMIN_ENTRY.utskrivelsesinformasjon.v1]/data[at0001]/items[at0005]/value","inputs":[{"type":"TEXT"}],"formId":"epikrise/utskrivelsesinformasjon/utskrevet_til","viewConfig":{"annotations":{"TemplateVariable":"[Bel.Uttil]"},"size":{"field":"inherit","label":"inherit","fill":"inherit"},"layout":{"field":{"valign":"inherit","align":"inherit"}},"datasource":{"loadRemote":false,"loadRemoteUrl":"","terminology":""},"field":{"input":{"presentation":"textfield"}}},"defaultValue":{"value":""},"fid":"epikrise/utskrivelsesinformasjon/utskrevet_til"}],"viewConfig":{"label":{"custom":true,"value":"Epikrise","useLocalizations":true,"localizationsList":{"nb":"Epikrise"}},"advanced":{"hidden":false,"readonly":false,"render":false},"multiplicity":{"min":"0","max":"1"},"size":{"field":"inherit","label":"inherit","fill":"inherit"},"layout":{"label":{"valign":"top","align":"top"},"field":{"valign":"inherit","align":"inherit"}},"tags":[],"field":{},"annotations":{"headersize":"H3"}}},{"name":"Problem/diagnose","localizedName":"Problem/diagnose","rmType":"EVALUATION","nodeId":"openEHR-EHR-EVALUATION.problem_diagnosis.v1","min":0,"max":-1,"localizedNames":{"nb":"Diagnoser"},"localizedDescriptions":{"nb":"Detaljer om én identifisert helsetilstand, skade, funksjonshemming eller annet forhold som påvirker et individs fysiske, mentale og/eller sosiale velvære.\n"},"annotations":{"comment":"Det er i praksis ikke lett å oppnå et klart skille mellom et problem og en diagnose. I klinisk dokumentasjon med denne arketypen ses problem og diagnose som et kontinuum, med økende krav til detaljer og støttende evidens for å underbygge en diagnose."},"aqlPath":"/content[openEHR-EHR-EVALUATION.problem_diagnosis.v1]","fid":"epikrise/problem_diagnose","formId":"epikrise/problem_diagnose","children":[{"name":"Problem/diagnosenavn","localizedName":"Problem/diagnosenavn","rmType":"DV_TEXT","nodeId":"at0002","min":1,"max":1,"localizedNames":{"nb":"Problem/diagnosenavn"},"localizedDescriptions":{"nb":"Identifisering av problemet eller diagnosen ved hjelp av navn."},"annotations":{"comment":"Koding av navnet på problemet eller diagnosen med en terminologi er foretrukket, der det er mulig."},"aqlPath":"/content[openEHR-EHR-EVALUATION.problem_diagnosis.v1]/data[at0001]/items[at0002]/value","inputs":[{"type":"TEXT"}],"formId":"epikrise/problem_diagnose/problem_diagnosenavn","viewConfig":{"label":{"custom":true,"value":"Diagnosekode og navn","useLocalizations":true,"localizationsList":{"nb":"Diagnosekode og navn"}},"advanced":{"hidden":false,"readonly":false},"multiplicity":{"min":0,"max":1},"size":{"field":"inherit","label":"inherit","fill":"inherit"},"layout":{"label":{"valign":"top","align":"top"},"field":{"valign":"inherit","align":"inherit"}},"tags":[],"datasource":{"loadRemote":false,"loadRemoteUrl":"","terminology":""},"annotations":{},"field":{"input":{"presentation":"textfield"}}},"defaultValue":{"value":""},"fid":"epikrise/problem_diagnose/problem_diagnosenavn"}],"viewConfig":{"label":{"custom":true,"value":"Diagnoser","useLocalizations":true,"localizationsList":{"nb":"Diagnoser"}},"advanced":{"hidden":false,"readonly":false,"hideFrame":true},"multiplicity":{"min":0,"max":100},"size":{"field":"inherit","label":"inherit","fill":"inherit"},"layout":{"label":{"valign":"inherit","align":"inherit"},"field":{"valign":"inherit","align":"inherit"}},"tags":["showasmasterdetail"],"field":{},"annotations":{"alerttype":"note"}}},{"localizedName":"Fieldset","localizedNames":{"nb":"Aktuelt og bakgrunn"},"min":0,"max":-1,"name":"Fieldset","rmType":"GENERIC_FIELDSET","fid":"generic-field-22966","formId":"generic-field-22966","children":[{"name":"Klinisk kontaktårsak","localizedName":"Klinisk kontaktårsak","rmType":"DV_TEXT","nodeId":"at0004","min":0,"max":-1,"localizedNames":{"nb":"Klinisk kontaktårsak"},"localizedDescriptions":{"nb":"Klinisk eller sosial årsak til at individet oppsøker helsevesenet."},"annotations":{"comment":"Koding av \"Klinisk problemstilling\" med en terminologi foretrekkes når mulig. Kliniske årsaker kan omfatte helseproblemer, symptomer, eller fysiske sykdomstegn. Eksempler: Helseproblemer - ønske om å slutte å røyke eller vold i hjemmet, symptomer - magesmerter eller kortpusthet, fysiske sykdomstegn - endret bevissthetsnivå. \"Hovedproblemstilling\" kan bli benyttet som et synonym for \"Klinisk kontaktårsak\" i templater."},"aqlPath":"/content[openEHR-EHR-EVALUATION.reason_for_encounter.v1]/data[at0001]/items[at0004]/value","inputs":[{"type":"TEXT"}],"formId":"epikrise/kontaktårsak/klinisk_kontaktårsak","viewConfig":{"label":{"custom":true,"value":"Klinisk kontaktårsak","useLocalizations":true,"localizationsList":{"nb":"Klinisk kontaktårsak"}},"advanced":{"hidden":false,"readonly":false},"multiplicity":{"min":0,"max":1},"size":{"field":"inherit","label":"inherit","fill":"inherit"},"layout":{"label":{"valign":"inherit","align":"inherit"},"field":{"valign":"inherit","align":"inherit"}},"tags":[],"datasource":{"loadRemote":false,"loadRemoteUrl":"","terminology":""},"annotations":{"headersize":"H1"},"field":{"input":{"presentation":"textfield"}}},"defaultValue":{"value":""},"fid":"epikrise/kontaktårsak/klinisk_kontaktårsak"},{"name":"Anamnese","localizedName":"Anamnese","rmType":"DV_TEXT","nodeId":"at0004","min":0,"max":1,"localizedNames":{"nb":"Anamnese"},"localizedDescriptions":{"nb":"Narrativ beskrivelse av sykehistorie/anamnese."},"aqlPath":"/content[openEHR-EHR-OBSERVATION.story.v1]/data[at0001]/events[at0002]/data[at0003]/items[at0004]/value","inputs":[{"type":"TEXT"}],"fid":"epikrise/anamnese/anamnese","formId":"epikrise/anamnese/anamnese","viewConfig":{"size":{"field":"inherit","label":"inherit","fill":"inherit"},"layout":{"label":{"valign":"inherit","align":"inherit"},"field":{"valign":"inherit","align":"inherit"}},"label":{"custom":true,"value":"Relevant sykehistorie/aktuelt","useLocalizations":true,"localizationsList":{"nb":"Relevant sykehistorie/aktuelt"}},"advanced":{"hidden":false,"readonly":false},"multiplicity":{"min":0,"max":1},"tags":[],"datasource":{"loadRemote":false,"loadRemoteUrl":"","terminology":""},"field":{"input":{"presentation":"textfield"}}},"defaultValue":{"value":""}},{"name":"Familie- og sosialanamnese","localizedName":"Familie- og sosialanamnese","rmType":"EVALUATION","nodeId":"openEHR-EHR-EVALUATION.social_summary.v1","min":0,"max":1,"localizedNames":{"nb":"Sosialanamnese"},"localizedDescriptions":{"nb":"Oppsummert informasjon om sosiale forhold eller hendelser som kan ha betydning for et individs helse."},"aqlPath":"/content[openEHR-EHR-EVALUATION.social_summary.v1,'Familie- og sosialanamnese']","fid":"epikrise/familie-_og_sosialanamnese","formId":"epikrise/familie-_og_sosialanamnese","viewConfig":{"size":{"field":"inherit","label":"inherit","fill":"inherit"},"layout":{"label":{"valign":"inherit","align":"inherit"},"field":{"valign":"inherit","align":"inherit"}},"label":{"custom":false,"value":"","useLocalizations":false,"localizationsList":{}},"advanced":{"hidden":false,"readonly":false,"hideFrame":false},"multiplicity":{"min":1,"max":1},"tags":["hidelabel"],"field":{}},"children":[{"name":"Beskrivelse","localizedName":"Beskrivelse","rmType":"DV_TEXT","nodeId":"at0002","min":0,"max":1,"localizedNames":{"nb":"Beskrivelse"},"localizedDescriptions":{"nb":"Narrativ beskrivelse av sosiale forhold eller hendelser som kan ha betdyning for et individs helse. "},"annotations":{"comment":"*May be used to record a narrative summary of the complete social circumstances or experiences or key aspects of the social summary, which will be supported by additioanl structured data. Details of specific structured findings can be included using CLUSTER archetypes in the 'Social Summary Detail' slot.(en)"},"aqlPath":"/content[openEHR-EHR-EVALUATION.social_summary.v1,'Familie- og sosialanamnese']/data[at0001]/items[at0002]/value","inputs":[{"type":"TEXT"}],"formId":"epikrise/familie-_og_sosialanamnese/beskrivelse","viewConfig":{"size":{"field":"inherit","label":"inherit","fill":"inherit"},"layout":{"label":{"valign":"inherit","align":"inherit"},"field":{"valign":"inherit","align":"inherit"}},"label":{"custom":true,"value":"Familie/sosialt","useLocalizations":true,"localizationsList":{"nb":"Familie/sosialt"}},"advanced":{"hidden":false,"readonly":false},"multiplicity":{"min":0,"max":1},"tags":[],"datasource":{"loadRemote":false,"loadRemoteUrl":"","terminology":""},"field":{"input":{"presentation":"textfield"}}},"defaultValue":{"value":""},"fid":"epikrise/familie-_og_sosialanamnese/beskrivelse"}]}],"viewConfig":{"label":{"custom":true,"value":"Aktuelt og bakgrunn","useLocalizations":true,"localizationsList":{"nb":"Aktuelt og bakgrunn"}},"advanced":{"hidden":false,"readonly":false,"hideFrame":true},"multiplicity":{"min":0,"max":1},"size":{"field":"inherit","label":"inherit","fill":"inherit"},"layout":{"label":{"valign":"top","align":"top"},"field":{"valign":"inherit","align":"inherit"}},"tags":[],"field":{},"annotations":{}}},{"name":"Mindrearige barn med behov for oppfolging","localizedName":"Mindrearige barn med behov for oppfolging","rmType":"CLUSTER","nodeId":"openEHR-EHR-CLUSTER.mindrearige_barn_med_behov_for_oppfolging.v1","min":0,"max":-1,"localizedNames":{"nb":"Mindreårige barn med behov for oppfølging"},"localizedDescriptions":{"nb":"unknown"},"aqlPath":"/content[openEHR-EHR-EVALUATION.social_summary.v1,'Familie- og sosialanamnese']/data[at0001]/items[openEHR-EHR-CLUSTER.mindrearige_barn_med_behov_for_oppfolging.v1]","fid":"epikrise/familie-_og_sosialanamnese/mindrearige_barn_med_behov_for_oppfolging","formId":"epikrise/familie-_og_sosialanamnese/mindrearige_barn_med_behov_for_oppfolging","children":[{"name":"Barn med behov for oppfølging","localizedName":"Barn med behov for oppfølging","rmType":"DV_CODED_TEXT","nodeId":"at0001","min":0,"max":1,"localizedNames":{"nb":"Barn med behov for oppfølging"},"localizedDescriptions":{"nb":"Benyttes for å angi hva en pasient har opplyst om eventuelle mindreårige barns behov for informasjon eller nødvendig oppfølging. Helsepersonelloven § 10a pålegger helsepersonell en særlig plikt til å bidra til å ivareta mindreårige barn som pårørende. Dette kodeverket benyttes i forbindelse med kartlegging av eventuelle barns behov."},"aqlPath":"/content[openEHR-EHR-EVALUATION.social_summary.v1,'Familie- og sosialanamnese']/data[at0001]/items[openEHR-EHR-CLUSTER.mindrearige_barn_med_behov_for_oppfolging.v1]/items[at0001]/value","inputs":[{"suffix":"code","type":"CODED_TEXT","list":[{"value":"11","label":"Pasienten oppgir å ikke ha mindreårige barn","localizedLabels":{"nb":"Pasienten oppgir å ikke ha mindreårige barn"}},{"value":"21","label":"Pasienten oppgir å ha mindreårige barn og at deres behov er godt ivaretatt som det er","localizedLabels":{"nb":"Pasienten oppgir å ha mindreårige barn og at deres behov er godt ivaretatt som det er"}},{"value":"22","label":"Pasienten oppgir å ha mindreårige barn som kan ha behov for informasjon eller nødvendig oppfølging","localizedLabels":{"nb":"Pasienten oppgir å ha mindreårige barn som kan ha behov for informasjon eller nødvendig oppfølging"}},{"value":"31","label":"Pasienten er pga. sin tilstand ikke i stand til å gi opplysninger om eventuelle mindreårige barn","localizedLabels":{"nb":"Pasienten er pga. sin tilstand ikke i stand til å gi opplysninger om eventuelle mindreårige barn"}},{"value":"39","label":"Pasienten ønsker ikke å gi opplysninger om eventuelle mindreårige barn","localizedLabels":{"nb":"Pasienten ønsker ikke å gi opplysninger om eventuelle mindreårige barn"}},{"value":"99","label":"Pasienten er ennå ikke forespurt om eventuelle mindreårige barn","localizedLabels":{"nb":"Pasienten er ennå ikke forespurt om eventuelle mindreårige barn"}}],"terminology":"Volven_9190"}],"formId":"epikrise/familie-_og_sosialanamnese/mindrearige_barn_med_behov_for_oppfolging/barn_med_behov_for_oppfølging","viewConfig":{"size":{"field":"inherit","label":"inherit","fill":"inherit"},"layout":{"label":{"valign":"top","align":"top"},"field":{"valign":"inherit","align":"inherit"}},"label":{"custom":false,"value":"","useLocalizations":false,"localizationsList":{}},"advanced":{"hidden":false,"readonly":false},"multiplicity":{"min":0,"max":1},"tags":[],"datasource":{"loadRemote":false,"loadRemoteUrl":"","terminology":""},"field":{"code":{"presentation":"combobox"}}},"defaultValue":{"code":""},"fid":"epikrise/familie-_og_sosialanamnese/mindrearige_barn_med_behov_for_oppfolging/barn_med_behov_for_oppfølging"},{"name":"Utfyllende informasjon","localizedName":"Utfyllende informasjon","rmType":"DV_TEXT","nodeId":"at0002","min":0,"max":1,"localizedNames":{"nb":"Utfyllende informasjon"},"localizedDescriptions":{"nb":"*"},"aqlPath":"/content[openEHR-EHR-EVALUATION.social_summary.v1,'Familie- og sosialanamnese']/data[at0001]/items[openEHR-EHR-CLUSTER.mindrearige_barn_med_behov_for_oppfolging.v1]/items[at0002]/value","inputs":[{"type":"TEXT"}],"fid":"epikrise/familie-_og_sosialanamnese/mindrearige_barn_med_behov_for_oppfolging/utfyllende_informasjon","formId":"epikrise/familie-_og_sosialanamnese/mindrearige_barn_med_behov_for_oppfolging/utfyllende_informasjon","viewConfig":{"size":{"field":"inherit","label":"inherit","fill":"inherit"},"layout":{"label":{"valign":"top","align":"top"},"field":{"valign":"inherit","align":"inherit"}},"label":{"custom":false,"value":"","useLocalizations":false,"localizationsList":{}},"advanced":{"hidden":false,"readonly":false},"multiplicity":{"min":0,"max":1},"tags":[],"datasource":{"loadRemote":false,"loadRemoteUrl":"","terminology":""},"field":{"input":{"presentation":"textfield"}}},"defaultValue":{"value":""}}],"viewConfig":{"size":{"field":"inherit","label":"inherit","fill":"inherit"},"layout":{"label":{"valign":"inherit","align":"inherit"},"field":{"valign":"inherit","align":"inherit"}},"label":{"custom":true,"value":"Mindreårige barn med behov for oppfølging","useLocalizations":true,"localizationsList":{"nb":"Mindreårige barn med behov for oppfølging"}},"advanced":{"hidden":false,"readonly":false,"hideFrame":false},"multiplicity":{"min":0,"max":1},"tags":["hidelabel","forceminmultiplicity"],"field":{}}},{"name":"Prosedyre","localizedName":"Prosedyre","rmType":"ACTION","nodeId":"openEHR-EHR-ACTION.procedure.v1","min":0,"max":-1,"localizedNames":{"nb":"Prosedyrer"},"localizedDescriptions":{"nb":"En klinisk aktivitet som er utført i undersøkende, diagnostisk, kurativ, terapeutisk, evaluerende, prognostisk eller palliativ hensikt."},"aqlPath":"/content[openEHR-EHR-ACTION.procedure.v1]","fid":"epikrise/prosedyre","formId":"epikrise/prosedyre","children":[{"name":"Prosedyrenavn","localizedName":"Prosedyrenavn","rmType":"DV_TEXT","nodeId":"at0002","min":1,"max":1,"localizedNames":{"nb":"Prosedyrenavn"},"localizedDescriptions":{"nb":"Navnet på prosedyren."},"annotations":{"comment":"Det bør om mulig benyttes terminologi for å angi prosedyrenavnet."},"aqlPath":"/content[openEHR-EHR-ACTION.procedure.v1]/description[at0001]/items[at0002]/value","inputs":[{"type":"TEXT"}],"formId":"epikrise/prosedyre/prosedyrenavn","viewConfig":{"label":{"custom":false,"value":"","useLocalizations":false,"localizationsList":{}},"advanced":{"hidden":false,"readonly":false},"multiplicity":{"min":0,"max":1},"size":{"field":"inherit","label":"inherit","fill":"inherit"},"layout":{"label":{"valign":"inherit","align":"inherit"},"field":{"valign":"inherit","align":"inherit"}},"tags":["includeinmasterdetail"],"datasource":{"loadRemote":false,"loadRemoteUrl":"","terminology":""},"field":{"input":{"presentation":"textfield"}}},"defaultValue":{"value":""},"fid":"epikrise/prosedyre/prosedyrenavn"},{"name":"Beskrivelse","localizedName":"Beskrivelse","rmType":"DV_TEXT","nodeId":"at0049","min":0,"max":1,"localizedNames":{"nb":"Beskrivelse"},"localizedDescriptions":{"nb":"Fritekstbeskrivelse av prosedyren, tilpasset det aktuelle prosesstrinnet."},"annotations":{"comment":"For eksempel en beskrivelse av utførelsen og funnene fra prosedyren, det avbrutte forsøket, eller avlysningen av prosedyren."},"aqlPath":"/content[openEHR-EHR-ACTION.procedure.v1]/description[at0001]/items[at0049]/value","inputs":[{"type":"TEXT"}],"formId":"epikrise/prosedyre/beskrivelse","viewConfig":{"size":{"field":"inherit","label":"inherit","fill":"inherit"},"layout":{"field":{"valign":"inherit","align":"inherit"}},"datasource":{"loadRemote":false,"loadRemoteUrl":"","terminology":""},"field":{"input":{"presentation":"textfield"}}},"defaultValue":{"value":""},"fid":"epikrise/prosedyre/beskrivelse"},{"name":"Resultat","localizedName":"Resultat","rmType":"DV_TEXT","nodeId":"at0048","min":0,"max":1,"localizedNames":{"nb":"Resultat"},"localizedDescriptions":{"nb":"Resultatet av den utførte prosedyren."},"annotations":{"comment":"Koding med en terminologi er ønskelig, om mulig."},"aqlPath":"/content[openEHR-EHR-ACTION.procedure.v1]/description[at0001]/items[at0048]/value","inputs":[{"type":"TEXT"}],"formId":"epikrise/prosedyre/resultat","viewConfig":{"size":{"field":"inherit","label":"inherit","fill":"inherit"},"layout":{"field":{"valign":"inherit","align":"inherit"}},"datasource":{"loadRemote":false,"loadRemoteUrl":"","terminology":""},"field":{"input":{"presentation":"textfield"}}},"defaultValue":{"value":""},"fid":"epikrise/prosedyre/resultat"},{"name":"Careflow_step","rmType":"DV_CODED_TEXT","min":0,"max":1,"aqlPath":"/content[openEHR-EHR-ACTION.procedure.v1]/ism_transition/careflow_step","inputs":[{"suffix":"code","type":"CODED_TEXT","list":[{"value":"at0034","label":"Prosedyre planlagt","localizedLabels":{"nb":"Prosedyre planlagt"},"currentStates":["524"]},{"value":"at0035","label":"Prosedyrerekvisisjon sendt","localizedLabels":{"nb":"Prosedyrerekvisisjon sendt"},"currentStates":["524"]},{"value":"at0038","label":"Prosedyre utsatt","localizedLabels":{"nb":"Prosedyre utsatt"},"currentStates":["527"]},{"value":"at0039","label":"Prosedyre avlyst","localizedLabels":{"nb":"Prosedyre avlyst"},"currentStates":["528"]},{"value":"at0036","label":"Fastsatt tidspunkt for prosedyre","localizedLabels":{"nb":"Fastsatt tidspunkt for prosedyre"},"currentStates":["529"]},{"value":"at0068","label":"Prosedyre påbegynt","localizedLabels":{"nb":"Prosedyre påbegynt"},"currentStates":["245"]},{"value":"at0047","label":"Prosedyre utført","localizedLabels":{"nb":"Prosedyre utført"},"currentStates":["245"]},{"value":"at0040","label":"Prosedyre midlertidig stanset","localizedLabels":{"nb":"Prosedyre midlertidig stanset"},"currentStates":["530"]},{"value":"at0041","label":"Prosedyre avbrutt","localizedLabels":{"nb":"Prosedyre avbrutt"},"currentStates":["531"]},{"value":"at0043","label":"Prosedyre fullført","localizedLabels":{"nb":"Prosedyre fullført"},"currentStates":["532"]}]}],"inContext":true,"fid":"epikrise/prosedyre/ism_transition/careflow_step","defaultValue":{"code":"at0047"},"formId":"epikrise/prosedyre/ism_transition/careflow_step","viewConfig":{"size":{"field":"inherit","label":"inherit","fill":"inherit"},"layout":{"label":{"valign":"inherit","align":"inherit"},"field":{"valign":"inherit","align":"inherit"}},"label":{"custom":false,"value":"","useLocalizations":false,"localizationsList":{}},"advanced":{"hidden":true,"readonly":false},"multiplicity":{"min":0,"max":1},"tags":[],"datasource":{"loadRemote":false,"loadRemoteUrl":"","terminology":""},"field":{"code":{"presentation":"combobox"}}}}],"viewConfig":{"label":{"custom":true,"value":"Prosedyrer","useLocalizations":true,"localizationsList":{"nb":"Prosedyrer"}},"advanced":{"hidden":false,"readonly":false,"hideFrame":true},"multiplicity":{"min":0,"max":100},"size":{"field":"inherit","label":"inherit","fill":"inherit"},"layout":{"label":{"valign":"top","align":"top"},"field":{"valign":"inherit","align":"inherit"}},"tags":["showasmasterdetail"],"field":{},"annotations":{"alerttype":"note"}}},{"name":"Sammendrag funn og undersokelser","localizedName":"Sammendrag funn og undersokelser","rmType":"EVALUATION","nodeId":"openEHR-EHR-EVALUATION.sammendrag_funn_og_undersokelser.v1","min":0,"max":-1,"localizedNames":{"nb":"Funn og undersøkelsesresultater"},"localizedDescriptions":{"nb":"Midlertidig arketype"},"aqlPath":"/content[openEHR-EHR-EVALUATION.sammendrag_funn_og_undersokelser.v1]","fid":"epikrise/sammendrag_funn_og_undersokelser","formId":"epikrise/sammendrag_funn_og_undersokelser","children":[{"name":"Funn og undersøkelsesresultater","localizedName":"Funn og undersøkelsesresultater","rmType":"DV_TEXT","nodeId":"at0002","min":0,"max":1,"localizedNames":{"nb":"Funn og undersøkelsesresultater"},"localizedDescriptions":{"nb":"*"},"aqlPath":"/content[openEHR-EHR-EVALUATION.sammendrag_funn_og_undersokelser.v1]/data[at0001]/items[at0002]/value","inputs":[{"type":"TEXT"}],"formId":"epikrise/sammendrag_funn_og_undersokelser/funn_og_undersøkelsesresultater","viewConfig":{"size":{"field":"inherit","label":"inherit","fill":"inherit"},"layout":{"label":{"valign":"top","align":"top"},"field":{"valign":"inherit","align":"inherit"}},"label":{"custom":true,"value":"Sammendrag ","useLocalizations":true,"localizationsList":{"nb":"Sammendrag "}},"advanced":{"hidden":false,"readonly":false},"multiplicity":{"min":0,"max":1},"tags":[],"datasource":{"loadRemote":false,"loadRemoteUrl":"","terminology":""},"field":{"input":{"presentation":"textfield"}}},"defaultValue":{"value":""},"fid":"epikrise/sammendrag_funn_og_undersokelser/funn_og_undersøkelsesresultater"},{"name":"Ubesvarte prøver og undersøkelser","localizedName":"Ubesvarte prøver og undersøkelser","rmType":"DV_TEXT","nodeId":"at0003","min":0,"max":1,"localizedNames":{"nb":"Ubesvarte prøver og undersøkelser"},"localizedDescriptions":{"nb":"*"},"aqlPath":"/content[openEHR-EHR-EVALUATION.sammendrag_funn_og_undersokelser.v1]/data[at0001]/items[at0003]/value","inputs":[{"type":"TEXT"}],"formId":"epikrise/sammendrag_funn_og_undersokelser/ubesvarte_prøver_og_undersøkelser","viewConfig":{"size":{"field":"inherit","label":"inherit","fill":"inherit"},"layout":{"label":{"valign":"top","align":"top"},"field":{"valign":"inherit","align":"inherit"}},"label":{"custom":false,"value":"","useLocalizations":false,"localizationsList":{}},"advanced":{"hidden":false,"readonly":false},"multiplicity":{"min":0,"max":1},"tags":[],"datasource":{"loadRemote":false,"loadRemoteUrl":"","terminology":""},"field":{"input":{"presentation":"textfield"}}},"defaultValue":{"value":""},"fid":"epikrise/sammendrag_funn_og_undersokelser/ubesvarte_prøver_og_undersøkelser"}],"viewConfig":{"size":{"field":"inherit","label":"inherit","fill":"inherit"},"layout":{"label":{"valign":"inherit","align":"inherit"},"field":{"valign":"inherit","align":"inherit"}},"label":{"custom":true,"value":"Funn og undersøkelsesresultater","useLocalizations":true,"localizationsList":{"nb":"Funn og undersøkelsesresultater"}},"advanced":{"hidden":false,"readonly":false,"hideFrame":false},"multiplicity":{"min":0,"max":1},"tags":[],"field":{},"annotations":{}}},{"name":"Legemiddelforordning","localizedName":"Legemiddelforordning","rmType":"INSTRUCTION","nodeId":"openEHR-EHR-INSTRUCTION.medication_order.v1","min":0,"max":-1,"localizedNames":{"nb":"Legemidler"},"localizedDescriptions":{"nb":"Instrukser for bruk av et legemiddel, en vaksine eller andre terapeutiske/medisinske varer."},"aqlPath":"/content[openEHR-EHR-INSTRUCTION.medication_order.v1]","children":[{"name":"Legemiddel","localizedName":"Legemiddel","rmType":"DV_TEXT","nodeId":"at0070","min":1,"max":1,"localizedNames":{"nb":"Legemiddel"},"localizedDescriptions":{"nb":"Legemiddelet, vaksinen eller den andre terapeutisk/medisinske varen som blir forordnet."},"annotations":{"comment":"Det anbefales sterkt at \"Legemiddel\" kodes med en terminologi som understøtter beslutningsstøtte der dette er mulig. Nivå av koding kan variere fra legemiddelnavn til strukturerte detaljer om den aktuelle legemiddelforpakningen som skal brukes. Fritekst bør bare brukes om ingen passende terminologi er tilgjengelig."},"aqlPath":"/content[openEHR-EHR-INSTRUCTION.medication_order.v1]/activities[at0001]/description[at0002]/items[at0070]/value","inputs":[{"type":"TEXT"}],"formId":"epikrise/legemiddelforordning/forordning/legemiddel","viewConfig":{"label":{"custom":false,"value":"","useLocalizations":false,"localizationsList":{}},"size":{"field":"inherit","label":"inherit","fill":"inherit"},"layout":{"label":{"valign":"inherit","align":"inherit"},"field":{"valign":"inherit","align":"inherit"}},"datasource":{"loadRemote":false,"loadRemoteUrl":"","terminology":""},"advanced":{"hidden":false,"readonly":false},"multiplicity":{"min":"1","max":"1"},"tags":["includeinmasterdetail"],"field":{"input":{"presentation":"textfield"}}},"defaultValue":{"value":""},"fid":"epikrise/legemiddelforordning/forordning/legemiddel"},{"name":"Beskrivelse av doseringsanvisninger","localizedName":"Beskrivelse av doseringsanvisninger","rmType":"DV_TEXT","nodeId":"at0009","min":0,"max":1,"localizedNames":{"nb":"Beskrivelse av doseringsanvisninger"},"localizedDescriptions":{"nb":"En komplett fritekstbeskrivelse av hvor mye, når og hvordan legemiddelet, vaksinen eller annen terapeutisk vare/medisinsk materiell skal brukes."},"annotations":{"comment":"Inneholder mengde, på hvilke tidspunkt legemiddelet skal tas, og ytterligere instrukser for bruk. I tilfeller hvor legemiddelets doseringsanvisning er fullt strukturert, bør dette feltet inneholde en fritekstekvivalent som vanligvis autogenereres. Er det ikke mulig å representere de ønskede doseringsanvisningene i en fullt strukturert form, er det ikke anbefalt med delvis strukturert representasjon, og anvisningen bør kun registreres som friekst i dette dataelementet."},"aqlPath":"/content[openEHR-EHR-INSTRUCTION.medication_order.v1]/activities[at0001]/description[at0002]/items[at0009]/value","inputs":[{"type":"TEXT"}],"formId":"epikrise/legemiddelforordning/forordning/beskrivelse_av_doseringsanvisninger","viewConfig":{"label":{"custom":true,"value":"Dosering","useLocalizations":true,"localizationsList":{"nb":"Dosering"}},"size":{"field":"inherit","label":"inherit","fill":"inherit"},"layout":{"label":{"valign":"inherit","align":"inherit"},"field":{"valign":"inherit","align":"inherit"}},"datasource":{"loadRemote":false,"loadRemoteUrl":"","terminology":""},"advanced":{"hidden":false,"readonly":false},"multiplicity":{"min":"0","max":"1"},"tags":["includeinmasterdetail"],"field":{"input":{"presentation":"textfield"}}},"defaultValue":{"value":""},"fid":"epikrise/legemiddelforordning/forordning/beskrivelse_av_doseringsanvisninger"},{"name":"Bruksområde","localizedName":"Bruksområde","rmType":"DV_TEXT","nodeId":"at0105","min":0,"max":-1,"localizedNames":{"nb":"Bruksområde"},"localizedDescriptions":{"nb":"Tilleggsinstruksjon primært rettet mot pasient og pårørende."},"annotations":{"comment":"For eksempel \"Blodtrykksreduserende\", \"Blodfortynnende\", \"Unngå grapefrukt\". Dette dataelementet kan repeteres."},"aqlPath":"/content[openEHR-EHR-INSTRUCTION.medication_order.v1]/activities[at0001]/description[at0002]/items[at0105]/value","inputs":[{"type":"TEXT"}],"formId":"epikrise/legemiddelforordning/forordning/bruksområde","viewConfig":{"label":{"custom":false,"value":"","useLocalizations":false,"localizationsList":{}},"size":{"field":"inherit","label":"inherit","fill":"inherit"},"layout":{"label":{"valign":"inherit","align":"inherit"},"field":{"valign":"inherit","align":"inherit"}},"datasource":{"loadRemote":false,"loadRemoteUrl":"","terminology":""},"advanced":{"hidden":false,"readonly":false},"multiplicity":{"min":"0","max":"1"},"tags":["includeinmasterdetail"],"field":{"input":{"presentation":"textfield"}}},"defaultValue":{"value":""},"fid":"epikrise/legemiddelforordning/forordning/bruksområde"},{"name":"Refusjonshjemmel","localizedName":"Refusjonshjemmel","rmType":"DV_TEXT","nodeId":"at0001","min":0,"max":1,"localizedNames":{"nb":"Refusjonshjemmel"},"localizedDescriptions":{"nb":"§2, §3a, §3b, §4, H-resept..."},"aqlPath":"/content[openEHR-EHR-INSTRUCTION.medication_order.v1]/protocol[at0005]/items[openEHR-EHR-CLUSTER.medication_prescription_no.v1]/items[at0001]/value","inputs":[{"type":"TEXT"}],"formId":"epikrise/legemiddelforordning/medication_prescription_no/refusjonshjemmel","viewConfig":{"label":{"custom":false,"value":"","useLocalizations":false,"localizationsList":{}},"size":{"field":"inherit","label":"inherit","fill":"inherit"},"layout":{"label":{"valign":"inherit","align":"inherit"},"field":{"valign":"inherit","align":"inherit"}},"datasource":{"loadRemote":false,"loadRemoteUrl":"","terminology":""},"advanced":{"hidden":false,"readonly":false},"multiplicity":{"min":"0","max":"1"},"tags":[],"field":{"input":{"presentation":"textfield"}}},"defaultValue":{"value":""},"fid":"epikrise/legemiddelforordning/medication_prescription_no/refusjonshjemmel"},{"name":"Refusjonskode","localizedName":"Refusjonskode","rmType":"DV_TEXT","nodeId":"at0002","min":0,"max":1,"localizedNames":{"nb":"Refusjonskode"},"localizedDescriptions":{"nb":"ICD-koder (eller ICPC)"},"aqlPath":"/content[openEHR-EHR-INSTRUCTION.medication_order.v1]/protocol[at0005]/items[openEHR-EHR-CLUSTER.medication_prescription_no.v1]/items[at0002]/value","inputs":[{"type":"TEXT"}],"formId":"epikrise/legemiddelforordning/medication_prescription_no/refusjonskode","viewConfig":{"label":{"custom":false,"value":"","useLocalizations":false,"localizationsList":{}},"size":{"field":"inherit","label":"inherit","fill":"inherit"},"layout":{"label":{"valign":"inherit","align":"inherit"},"field":{"valign":"inherit","align":"inherit"}},"datasource":{"loadRemote":false,"loadRemoteUrl":"","terminology":""},"advanced":{"hidden":false,"readonly":false},"multiplicity":{"min":"0","max":"1"},"tags":[],"field":{"input":{"presentation":"textfield"}}},"defaultValue":{"value":""},"fid":"epikrise/legemiddelforordning/medication_prescription_no/refusjonskode"}],"fid":"epikrise/legemiddelforordning","formId":"epikrise/legemiddelforordning","viewConfig":{"label":{"custom":true,"value":"Legemidler","useLocalizations":true,"localizationsList":{"nb":"Legemidler"}},"size":{"field":"inherit","label":"inherit","fill":"inherit"},"layout":{"label":{"valign":"inherit","align":"inherit"},"field":{"valign":"inherit","align":"inherit"}},"field":{},"advanced":{"hidden":false,"readonly":false,"render":false},"multiplicity":{"min":"0","max":"100"},"tags":["showasmasterdetail"],"annotations":{"alerttype":"note"}}},{"localizedName":"Fieldset","localizedNames":{"nb":"Del 4"},"min":0,"max":-1,"name":"Fieldset","rmType":"GENERIC_FIELDSET","fid":"generic-field-19529","formId":"generic-field-19529","children":[{"name":"Forløp og vurdering","localizedName":"Forløp og vurdering","rmType":"EVALUATION","nodeId":"openEHR-EHR-EVALUATION.clinical_synopsis.v1","min":0,"max":1,"localizedNames":{"nb":"Forløp/behandling og vurdering"},"localizedDescriptions":{"nb":"Fritekstsammendrag eller oversikt om en pasient fra helsepersonellets perspektiv, med eller uten tilhørende fortolkninger.\n"},"aqlPath":"/content[openEHR-EHR-EVALUATION.clinical_synopsis.v1,'Forløp og vurdering']","children":[{"name":"Sammendrag","localizedName":"Sammendrag","rmType":"DV_TEXT","nodeId":"at0002","min":1,"max":1,"localizedNames":{"nb":"Sammendrag"},"localizedDescriptions":{"nb":"Oppsummering, vurdering, konklusjoner eller evaluering av de kliniske funnene."},"aqlPath":"/content[openEHR-EHR-EVALUATION.clinical_synopsis.v1,'Forløp og vurdering']/data[at0001]/items[at0002]/value","inputs":[{"type":"TEXT"}],"formId":"epikrise/forløp_og_vurdering/sammendrag","viewConfig":{"size":{"field":"inherit","label":"inherit","fill":"inherit"},"layout":{"field":{"valign":"inherit","align":"inherit"}},"datasource":{"loadRemote":false,"loadRemoteUrl":"","terminology":""},"field":{"input":{"presentation":"textfield"}}},"defaultValue":{"value":""},"fid":"epikrise/forløp_og_vurdering/sammendrag"}],"fid":"epikrise/forløp_og_vurdering","formId":"epikrise/forløp_og_vurdering","viewConfig":{"size":{"field":"inherit","label":"inherit","fill":"inherit"},"layout":{"label":{"valign":"inherit","align":"inherit"},"field":{"valign":"inherit","align":"inherit"}},"label":{"custom":true,"value":"Forløp/behandling og vurdering","useLocalizations":true,"localizationsList":{"nb":"Forløp/behandling og vurdering"}},"advanced":{"hidden":false,"readonly":false,"hideFrame":false},"multiplicity":{"min":0,"max":1},"tags":[],"field":{}}},{"name":"Videre oppfølging","localizedName":"Videre oppfølging","rmType":"INSTRUCTION","nodeId":"openEHR-EHR-INSTRUCTION.follow_up.v1","min":0,"max":1,"localizedNames":{"nb":"Videre oppfølging"},"localizedDescriptions":{"nb":"The instruction about follow up"},"aqlPath":"/content[openEHR-EHR-INSTRUCTION.follow_up.v1,'Videre oppfølging']","children":[{"name":"Tjeneste","localizedName":"Tjeneste","rmType":"DV_TEXT","nodeId":"at0002","min":0,"max":1,"localizedNames":{"nb":"Tjeneste"},"localizedDescriptions":{"nb":"Navnet på tjenesten som ønskes utført. "},"aqlPath":"/content[openEHR-EHR-INSTRUCTION.follow_up.v1,'Videre oppfølging']/activities[at0001]/description[openEHR-EHR-ITEM_TREE.follow_up.v1]/items[at0002]/value","inputs":[{"type":"TEXT"}],"formId":"epikrise/videre_oppfølging/oppfølgingsaktivitet/tjeneste","viewConfig":{"size":{"field":"inherit","label":"inherit","fill":"inherit"},"layout":{"field":{"valign":"inherit","align":"inherit"}},"datasource":{"loadRemote":false,"loadRemoteUrl":"","terminology":""},"field":{"input":{"presentation":"textfield"}}},"defaultValue":{"value":""},"fid":"epikrise/videre_oppfølging/oppfølgingsaktivitet/tjeneste"},{"name":"Detaljer","localizedName":"Detaljer","rmType":"DV_TEXT","nodeId":"at0004","min":0,"max":1,"localizedNames":{"nb":"Detaljer"},"localizedDescriptions":{"nb":"Detaljer om tjenesten."},"aqlPath":"/content[openEHR-EHR-INSTRUCTION.follow_up.v1,'Videre oppfølging']/activities[at0001]/description[openEHR-EHR-ITEM_TREE.follow_up.v1]/items[at0004]/value","inputs":[{"type":"TEXT"}],"formId":"epikrise/videre_oppfølging/oppfølgingsaktivitet/detaljer","viewConfig":{"size":{"field":"inherit","label":"inherit","fill":"inherit"},"layout":{"field":{"valign":"inherit","align":"inherit"}},"datasource":{"loadRemote":false,"loadRemoteUrl":"","terminology":""},"field":{"input":{"presentation":"textfield"}}},"defaultValue":{"value":""},"fid":"epikrise/videre_oppfølging/oppfølgingsaktivitet/detaljer"},{"name":"Avtalens dato og tid","localizedName":"Avtalens dato og tid","rmType":"DV_DATE_TIME","nodeId":"at0003","min":0,"max":1,"localizedNames":{"nb":"Avtalens dato og tid"},"localizedDescriptions":{"nb":"Det gjeldende tidspunkt for avtalen.  "},"aqlPath":"/content[openEHR-EHR-INSTRUCTION.follow_up.v1,'Videre oppfølging']/activities[at0001]/description[openEHR-EHR-ITEM_TREE.follow_up.v1]/items[at0003]/value","inputs":[{"type":"DATETIME"}],"formId":"epikrise/videre_oppfølging/oppfølgingsaktivitet/avtalens_dato_og_tid","viewConfig":{"size":{"field":"inherit","label":"inherit","fill":"inherit"},"layout":{"field":{"valign":"inherit","align":"inherit"}},"datasource":{"loadRemote":false,"loadRemoteUrl":"","terminology":""},"field":{"input":{"dateFormat":"","hideDate":false,"hideTime":false}}},"defaultValue":{"value":""},"fid":"epikrise/videre_oppfølging/oppfølgingsaktivitet/avtalens_dato_og_tid"}],"fid":"epikrise/videre_oppfølging","formId":"epikrise/videre_oppfølging","viewConfig":{"size":{"field":"inherit","label":"inherit","fill":"inherit"},"layout":{"label":{"valign":"inherit","align":"inherit"},"field":{"valign":"inherit","align":"inherit"}},"field":{},"label":{"custom":true,"value":"Videre oppfølging","useLocalizations":true,"localizationsList":{"nb":"Videre oppfølging"}},"advanced":{"hidden":false,"readonly":false,"render":false},"multiplicity":{"min":"0","max":"1"},"tags":[]}},{"name":"Aktuelt funksjonsniva og hjelpetiltak","localizedName":"Aktuelt funksjonsniva og hjelpetiltak","rmType":"EVALUATION","nodeId":"openEHR-EHR-EVALUATION.aktuelt_funksjonsniva_og_hjelpetiltak.v1","min":0,"max":-1,"localizedNames":{"nb":"Funksjonsnivå/hjelpetiltak"},"localizedDescriptions":{"nb":"Kort beskrivelse av aktuelt funksjonsnivå og hjelpetiltak"},"aqlPath":"/content[openEHR-EHR-EVALUATION.aktuelt_funksjonsniva_og_hjelpetiltak.v1]","fid":"epikrise/aktuelt_funksjonsniva_og_hjelpetiltak","formId":"epikrise/aktuelt_funksjonsniva_og_hjelpetiltak","viewConfig":{"size":{"field":"inherit","label":"inherit","fill":"inherit"},"layout":{"label":{"valign":"inherit","align":"inherit"},"field":{"valign":"inherit","align":"inherit"}},"label":{"custom":true,"value":"Funksjonsnivå/hjelpetiltak","useLocalizations":true,"localizationsList":{"nb":"Funksjonsnivå/hjelpetiltak"}},"advanced":{"hidden":false,"readonly":false,"hideFrame":false},"multiplicity":{"min":0,"max":1},"tags":["forceminmultiplicity"],"field":{},"annotations":{}},"children":[{"name":"Funksjonsnivå","localizedName":"Funksjonsnivå","rmType":"DV_TEXT","nodeId":"at0002","min":0,"max":1,"localizedNames":{"nb":"Funksjonsnivå"},"localizedDescriptions":{"nb":"*"},"aqlPath":"/content[openEHR-EHR-EVALUATION.aktuelt_funksjonsniva_og_hjelpetiltak.v1]/data[at0001]/items[at0002]/value","inputs":[{"type":"TEXT"}],"formId":"epikrise/aktuelt_funksjonsniva_og_hjelpetiltak/funksjonsnivå","viewConfig":{"size":{"field":"inherit","label":"inherit","fill":"inherit"},"layout":{"field":{"valign":"inherit","align":"inherit"}},"datasource":{"loadRemote":false,"loadRemoteUrl":"","terminology":""},"field":{"input":{"presentation":"textfield"}}},"defaultValue":{"value":""},"fid":"epikrise/aktuelt_funksjonsniva_og_hjelpetiltak/funksjonsnivå"},{"name":"Anbefalte hjelpetiltak","localizedName":"Anbefalte hjelpetiltak","rmType":"DV_TEXT","nodeId":"at0003","min":0,"max":1,"localizedNames":{"nb":"Hjelpetiltak"},"localizedDescriptions":{"nb":"*"},"aqlPath":"/content[openEHR-EHR-EVALUATION.aktuelt_funksjonsniva_og_hjelpetiltak.v1]/data[at0001]/items[at0003,'Anbefalte hjelpetiltak']/value","inputs":[{"type":"TEXT"}],"fid":"epikrise/aktuelt_funksjonsniva_og_hjelpetiltak/anbefalte_hjelpetiltak","formId":"epikrise/aktuelt_funksjonsniva_og_hjelpetiltak/anbefalte_hjelpetiltak","viewConfig":{"size":{"field":"inherit","label":"inherit","fill":"inherit"},"layout":{"field":{"valign":"inherit","align":"inherit"}},"datasource":{"loadRemote":false,"loadRemoteUrl":"","terminology":""},"field":{"input":{"presentation":"textfield"}}},"defaultValue":{"value":""}},{"name":"Oppsummering","localizedName":"Oppsummering","rmType":"DV_TEXT","nodeId":"at0005","min":0,"max":1,"localizedNames":{"nb":"Oppsummering"},"localizedDescriptions":{"nb":"*"},"aqlPath":"/content[openEHR-EHR-EVALUATION.aktuelt_funksjonsniva_og_hjelpetiltak.v1]/data[at0001]/items[at0005]/value","inputs":[{"type":"TEXT"}],"formId":"epikrise/aktuelt_funksjonsniva_og_hjelpetiltak/oppsummering","viewConfig":{"size":{"field":"inherit","label":"inherit","fill":"inherit"},"layout":{"field":{"valign":"inherit","align":"inherit"}},"datasource":{"loadRemote":false,"loadRemoteUrl":"","terminology":""},"field":{"input":{"presentation":"textfield"}}},"defaultValue":{"value":""},"fid":"epikrise/aktuelt_funksjonsniva_og_hjelpetiltak/oppsummering"}]},{"name":"Informasjon til pasient og parorende","localizedName":"Informasjon til pasient og parorende","rmType":"EVALUATION","nodeId":"openEHR-EHR-EVALUATION.informasjon_til_pasient_og_parorende.v1","min":0,"max":-1,"localizedNames":{"nb":"Informasjon til pasient og pårørende"},"localizedDescriptions":{"nb":"Beskrivelse av informasjon som er gitt til pasienten og pårørende"},"aqlPath":"/content[openEHR-EHR-EVALUATION.informasjon_til_pasient_og_parorende.v1]","fid":"epikrise/informasjon_til_pasient_og_parorende","formId":"epikrise/informasjon_til_pasient_og_parorende","viewConfig":{"size":{"field":"inherit","label":"inherit","fill":"inherit"},"layout":{"label":{"valign":"inherit","align":"inherit"},"field":{"valign":"inherit","align":"inherit"}},"label":{"custom":true,"value":"Informasjon til pasient og pårørende","useLocalizations":true,"localizationsList":{"nb":"Informasjon til pasient og pårørende"}},"advanced":{"hidden":false,"readonly":false,"hideFrame":false},"multiplicity":{"min":0,"max":1},"tags":["forceminmultiplicity"],"field":{},"annotations":{}},"children":[{"name":"Beskrivelse av informasjonen som er gitt","localizedName":"Beskrivelse av informasjonen som er gitt","rmType":"DV_TEXT","nodeId":"at0002","min":0,"max":1,"localizedNames":{"nb":"Beskrivelse av informasjonen som er gitt"},"localizedDescriptions":{"nb":"Beskrivelse av informasjonen gitt til ulike aktører"},"aqlPath":"/content[openEHR-EHR-EVALUATION.informasjon_til_pasient_og_parorende.v1]/data[at0001]/items[at0002]/value","inputs":[{"type":"TEXT"}],"formId":"epikrise/informasjon_til_pasient_og_parorende/beskrivelse_av_informasjonen_som_er_gitt","viewConfig":{"size":{"field":"inherit","label":"inherit","fill":"inherit"},"layout":{"field":{"valign":"inherit","align":"inherit"}},"label":{"custom":true,"value":"Beskrivelse og mottagere av informasjon"},"datasource":{"loadRemote":false,"loadRemoteUrl":"","terminology":""},"field":{"input":{"presentation":"textfield"}}},"defaultValue":{"value":""},"fid":"epikrise/informasjon_til_pasient_og_parorende/beskrivelse_av_informasjonen_som_er_gitt"}]}],"viewConfig":{"label":{"custom":true,"value":"Del 4","useLocalizations":true,"localizationsList":{"nb":"Del 4"}},"advanced":{"hidden":false,"readonly":false,"hideFrame":true},"multiplicity":{"min":0,"max":1},"size":{"field":"inherit","label":"inherit","fill":"inherit"},"layout":{"label":{"valign":"top","align":"top"},"field":{"valign":"inherit","align":"inherit"}},"tags":["hidelabel"],"field":{}}}]}