[{"col":1,"row":1,"width":12,"height":18,"children":[{"id":"generic-field-69521","rows":[]},{"id":"generic-field-23195","rows":[{"cols":[{"width":"100%","children":[{"id":"dokumentasjon_operasjonssykepleie/prosedyre/ism_transition","rows":[{"cols":[{"width":"100%","children":[{"id":"dokumentasjon_operasjonssykepleie/prosedyre/ism_transition/transition","rows":[]},{"id":"dokumentasjon_operasjonssykepleie/prosedyre/ism_transition/current_state","rows":[]},{"id":"dokumentasjon_operasjonssykepleie/prosedyre/ism_transition/careflow_step","rows":[]}]}]}]},{"id":"dokumentasjon_operasjonssykepleie/prosedyre/prosedyrenavn","rows":[]},{"id":"dokumentasjon_operasjonssykepleie/prosedyre/beskrivelse","rows":[]}]}]}]},{"id":"generic-field-82953","rows":[]}]},{"col":1,"row":19,"width":12,"height":21,"children":[{"id":"generic-field-88850","rows":[]},{"id":"generic-field-93623","rows":[{"cols":[{"width":"50%","children":[{"id":"dokumentasjon_operasjonssykepleie/prosedyre/operasjonssykepleie/sterilt_utøvende_operasjonssykepleier_klar@Sterilt utøvende operasjonssykepleier klar","rows":[]}]},{"width":"50%","children":[{"id":"generic-field-41253","rows":[]}]}]},{"cols":[{"width":"50%","children":[{"id":"dokumentasjon_operasjonssykepleie/prosedyre/operasjonssykepleie/kommentar_til_sjekkliste","rows":[]}]},{"width":"50%","children":[{"id":"dokumentasjon_operasjonssykepleie/prosedyre/operasjonssykepleie/preoperativ_forberedelse_fra_post_uten_anmerkning","rows":[]}]}]},{"cols":[{"width":"50%","children":[{"id":"dokumentasjon_operasjonssykepleie/hud_preoperativ@Hud preoperativ","rows":[{"cols":[{"width":"100%","children":[{"id":"dokumentasjon_operasjonssykepleie/hud_preoperativ@Hud preoperativ/preoperativ@Preoperativ/hudundersøkelse/klinisk_beskrivelse","rows":[]},{"id":"dokumentasjon_operasjonssykepleie/hud_preoperativ@Hud preoperativ/preoperativ@Preoperativ/hud@Hud","rows":[]}]}]}]}]},{"width":"50%","children":[{"id":"dokumentasjon_operasjonssykepleie/hud_preoperativ@Hud preoperativ/preoperativ@Preoperativ/hudundersøkelse/intet_unormalt_avdekket","rows":[]}]}]}]},{"id":"generic-field-91506","rows":[]}]},{"col":1,"row":40,"width":12,"height":22,"children":[{"id":"generic-field-43689","rows":[]},{"id":"generic-field-15520","rows":[{"cols":[{"width":"50%","children":[{"id":"dokumentasjon_operasjonssykepleie/prosedyre/operasjonssykepleie/leiring","rows":[]},{"id":"dokumentasjon_operasjonssykepleie/prosedyre/operasjonssykepleie/forebygging_av_hypotermi","rows":[]},{"id":"dokumentasjon_operasjonssykepleie/prosedyre/operasjonssykepleie/trykkavlastning","rows":[]}]},{"width":"50%","children":[{"id":"dokumentasjon_operasjonssykepleie/prosedyre/operasjonssykepleie/blæretømming/type_urinkateter","rows":[]},{"id":"dokumentasjon_operasjonssykepleie/prosedyre/operasjonssykepleie/desinfeksjon_av_operasjonsfelt","rows":[]}]}]}]},{"id":"generic-field-19598","rows":[]}]},{"col":1,"row":62,"width":12,"height":32,"children":[{"id":"dokumentasjon_operasjonssykepleie/legemiddelhåndtering","rows":[{"cols":[{"width":"100%","children":[{"id":"dokumentasjon_operasjonssykepleie/legemiddelhåndtering/ism_transition","rows":[{"cols":[{"width":"100%","children":[{"id":"dokumentasjon_operasjonssykepleie/legemiddelhåndtering/ism_transition/current_state","rows":[]},{"id":"dokumentasjon_operasjonssykepleie/legemiddelhåndtering/ism_transition/careflow_step","rows":[]}]}]}]},{"id":"dokumentasjon_operasjonssykepleie/legemiddelhåndtering/lokalanestesi@Lokalanestesi","rows":[]},{"id":"dokumentasjon_operasjonssykepleie/legemiddelhåndtering/dosering/dosemengde","rows":[]},{"id":"dokumentasjon_operasjonssykepleie/legemiddelhåndtering/dosering/doseenhet","rows":[]},{"id":"dokumentasjon_operasjonssykepleie/legemiddelhåndtering/time","rows":[]}]}]}]},{"id":"dokumentasjon_operasjonssykepleie/prosedyre/medisinsk_utstyr","rows":[{"cols":[{"width":"100%","children":[{"id":"dokumentasjon_operasjonssykepleie/prosedyre/medisinsk_utstyr/medisinsk_teknisk_utstyr@Medisinsk teknisk utstyr","rows":[]},{"id":"dokumentasjon_operasjonssykepleie/prosedyre/medisinsk_utstyr/type","rows":[]},{"id":"dokumentasjon_operasjonssykepleie/prosedyre/medisinsk_utstyr/kommentar","rows":[]}]}]}]}]},{"col":1,"row":94,"width":12,"height":24,"children":[{"id":"dokumentasjon_operasjonssykepleie/prosedyre/blodtomhet@Blodtomhet","rows":[{"cols":[{"width":"100%","children":[{"id":"dokumentasjon_operasjonssykepleie/prosedyre/blodtomhet@Blodtomhet/mekanisk_blodtomhet@Mekanisk blodtomhet","rows":[]}]}]},{"cols":[{"width":"100%","children":[{"id":"generic-field-66075","rows":[{"cols":[{"width":"50%","children":[{"id":"dokumentasjon_operasjonssykepleie/prosedyre/blodtomhet@Blodtomhet/blodtomhet_detaljer/plassering_mansjett","rows":[]}]},{"width":"50%","children":[]}]},{"cols":[{"width":"50%","children":[{"id":"dokumentasjon_operasjonssykepleie/prosedyre/blodtomhet@Blodtomhet/blodtomhet_detaljer/trykk","rows":[]}]},{"width":"50%","children":[{"id":"dokumentasjon_operasjonssykepleie/prosedyre/blodtomhet@Blodtomhet/blodtomhet_detaljer/varighet","rows":[]}]}]},{"cols":[{"width":"100%","children":[{"id":"dokumentasjon_operasjonssykepleie/prosedyre/blodtomhet@Blodtomhet/kommentar","rows":[]}]}]}]}]}]}]}]},{"col":1,"row":118,"width":12,"height":38,"children":[{"id":"dokumentasjon_operasjonssykepleie/prosedyre/diatermi@Diatermi","rows":[{"cols":[{"width":"100%","children":[{"id":"dokumentasjon_operasjonssykepleie/prosedyre/diatermi@Diatermi/navn_på_medisinsk_utstyr","rows":[]}]}]},{"cols":[{"width":"100%","children":[{"id":"dokumentasjon_operasjonssykepleie/prosedyre/diatermi@Diatermi/diatermi_egenskaper","rows":[{"cols":[{"width":"100%","children":[]}]},{"cols":[{"width":"50%","children":[{"id":"dokumentasjon_operasjonssykepleie/prosedyre/diatermi@Diatermi/diatermi_egenskaper/styrke_bipolar","rows":[]}]},{"width":"50%","children":[]}]},{"cols":[{"width":"50%","children":[{"id":"dokumentasjon_operasjonssykepleie/prosedyre/diatermi@Diatermi/diatermi_egenskaper/styrke_monopolar_cut","rows":[]},{"id":"generic-field-97976","rows":[]}]},{"width":"50%","children":[{"id":"dokumentasjon_operasjonssykepleie/prosedyre/diatermi@Diatermi/diatermi_egenskaper/styrke_monopolar_coag","rows":[]},{"id":"generic-field-42044","rows":[]}]}]}]}]}]}]},{"id":"dokumentasjon_operasjonssykepleie/prosedyre/nøytral_plate@Nøytral plate","rows":[{"cols":[{"width":"50%","children":[{"id":"dokumentasjon_operasjonssykepleie/prosedyre/nøytral_plate@Nøytral plate/nøytral_plate@Nøytral plate","rows":[]}]},{"width":"50%","children":[{"id":"dokumentasjon_operasjonssykepleie/prosedyre/nøytral_plate@Nøytral plate/beskrivelse","rows":[]}]}]}]},{"id":"dokumentasjon_operasjonssykepleie/prosedyre/røykavsug@Røykavsug","rows":[{"cols":[{"width":"100%","children":[{"id":"dokumentasjon_operasjonssykepleie/prosedyre/røykavsug@Røykavsug/røykvasug@Røykvasug","rows":[]}]}]}]}]},{"col":1,"row":156,"width":12,"height":9,"children":[{"id":"dokumentasjon_operasjonssykepleie/prosedyre/laboratorieprøve","rows":[{"cols":[{"width":"100%","children":[{"id":"dokumentasjon_operasjonssykepleie/prosedyre/laboratorieprøve/prøve@Prøve","rows":[]},{"id":"dokumentasjon_operasjonssykepleie/prosedyre/laboratorieprøve/antall_beholdere","rows":[]}]}]}]}]},{"col":1,"row":165,"width":12,"height":26,"children":[{"id":"dokumentasjon_operasjonssykepleie/prosedyre/operasjonssykepleie/dren","rows":[{"cols":[{"width":"100%","children":[{"id":"dokumentasjon_operasjonssykepleie/prosedyre/operasjonssykepleie/dren/type","rows":[]},{"id":"dokumentasjon_operasjonssykepleie/prosedyre/operasjonssykepleie/dren/egenskaper","rows":[]},{"id":"dokumentasjon_operasjonssykepleie/prosedyre/operasjonssykepleie/dren/avklipt_antall_cm","rows":[]}]}]}]},{"id":"dokumentasjon_operasjonssykepleie/prosedyre/operasjonssykepleie/skyllevæske","rows":[{"cols":[{"width":"100%","children":[{"id":"dokumentasjon_operasjonssykepleie/prosedyre/operasjonssykepleie/skyllevæske/skyllevæske","rows":[]},{"id":"dokumentasjon_operasjonssykepleie/prosedyre/operasjonssykepleie/skyllevæske/mengde_ml","rows":[]}]}]}]}]},{"col":1,"row":191,"width":12,"height":10,"children":[{"id":"dokumentasjon_operasjonssykepleie/prosedyre/operasjonssykepleie/utstyrskontroll","rows":[{"cols":[{"width":"50%","children":[{"id":"dokumentasjon_operasjonssykepleie/prosedyre/operasjonssykepleie/utstyrskontroll/utstyrskontroll_antall_stemmer","rows":[]}]},{"width":"50%","children":[{"id":"dokumentasjon_operasjonssykepleie/prosedyre/operasjonssykepleie/utstyrskontroll/kommentar","rows":[]}]}]}]}]},{"col":1,"row":201,"width":12,"height":15,"children":[{"id":"generic-field-58969","rows":[{"cols":[{"width":"50%","children":[{"id":"dokumentasjon_operasjonssykepleie/prosedyre/operasjonssykepleie/hudlukking","rows":[{"cols":[{"width":"100%","children":[{"id":"dokumentasjon_operasjonssykepleie/prosedyre/operasjonssykepleie/hudlukking/hudlukking","rows":[]}]}]}]},{"id":"dokumentasjon_operasjonssykepleie/prosedyre/operasjonssykepleie/beskjed_til_postoperativ","rows":[]}]},{"width":"50%","children":[{"id":"dokumentasjon_operasjonssykepleie/prosedyre/operasjonssykepleie/bandasje","rows":[{"cols":[{"width":"100%","children":[{"id":"dokumentasjon_operasjonssykepleie/prosedyre/operasjonssykepleie/bandasje/bandasje","rows":[]}]}]}]}]}]}]}]},{"col":1,"row":216,"width":12,"height":21,"children":[{"id":"dokumentasjon_operasjonssykepleie/prosedyre/other_participations","rows":[{"cols":[{"width":"100%","children":[{"id":"dokumentasjon_operasjonssykepleie/prosedyre/performer","rows":[]},{"id":"dokumentasjon_operasjonssykepleie/prosedyre/function","rows":[]},{"id":"dokumentasjon_operasjonssykepleie/prosedyre/other_participations/time","rows":[{"cols":[{"width":"100%","children":[{"id":"dokumentasjon_operasjonssykepleie/prosedyre/other_participations/time/upper"},{"id":"dokumentasjon_operasjonssykepleie/prosedyre/other_participations/time/lower"}]}]}]}]}]}]},{"id":"generic-field-23006","rows":[]}]}]