{"name":"Form root","localizedNames":{},"localizedDescriptions":{},"rmType":"FORM_DEFINITION","min":0,"max":0,"formId":"form_root","viewConfig":{"label":{"custom":false,"useLocalizations":false},"size":{"field":"inherit","label":"inherit"},"layout":{"label":{"valign":"inherit","align":"inherit"},"field":{"valign":"inherit","align":"inherit"}},"annotations":{}},"children":[{"name":"Beskrivelse operasjon","localizedName":"Beskrivelse operasjon","localizedNames":{"en":"*Beskrivelse operasjon (nb)","nb":"Beskrivelse operasjon"},"localizedDescriptions":{"nb":"*","en":"** (nb)"},"rmType":"CLUSTER","nodeId":"at0059","min":0,"max":1,"aqlPath":"/content[openEHR-EHR-EVALUATION.dips_bds_anestesiklarering.v1]/data[at0001]/items[at0059]","inputs":[],"formId":"dips_bds/bds_anestesiklarering/beskrivelse_operasjon","viewConfig":{"multiplicity":{"min":0,"max":1},"advanced":{"hidden":false,"readonly":false,"hideFrame":false,"render":false},"label":{"custom":false,"useLocalizations":false},"size":{"field":"inherit","label":"inherit"},"layout":{"label":{"valign":"inherit","align":"inherit"},"field":{"valign":"inherit","align":"inherit"}},"annotations":{},"field":{}},"children":[{"name":"Operasjonstype","localizedName":"Operasjonstype","localizedNames":{"en":"*Operasjonstype (nb)","nb":"Operasjonstype"},"localizedDescriptions":{"nb":"*","en":"** (nb)"},"rmType":"DV_CODED_TEXT","nodeId":"at0013","min":0,"max":1,"aqlPath":"/content[openEHR-EHR-EVALUATION.dips_bds_anestesiklarering.v1]/data[at0001]/items[at0059]/items[at0013]/value","inputs":[{"suffix":"code","type":"TEXT","terminology":"ARK-VI-OPERASJONSTYPER?subset=ARK-VI-OPERASJONSTYPER","listOpen":false},{"suffix":"value","type":"TEXT","terminology":"ARK-VI-OPERASJONSTYPER?subset=ARK-VI-OPERASJONSTYPER","listOpen":false}],"formId":"dips_bds/bds_anestesiklarering/beskrivelse_operasjon/operasjonstype","viewConfig":{"multiplicity":{"min":0,"max":1},"advanced":{"hidden":false,"readonly":false,"hideFrame":false,"render":false},"label":{"custom":false,"useLocalizations":false},"size":{"field":"inherit","label":"inherit"},"layout":{"label":{"valign":"inherit","align":"inherit"},"field":{"valign":"inherit","align":"inherit"}},"datasource":{"loadRemote":true,"loadRemoteUrl":"ARK-VI-OPERASJONSTYPER?subset=ARK-VI-OPERASJONSTYPER"},"annotations":{},"field":{}}},{"name":"Merknad","localizedName":"Merknad","localizedNames":{"en":"*Merknad (nb)","nb":"Merknad"},"localizedDescriptions":{"nb":"*","en":"** (nb)"},"rmType":"DV_TEXT","nodeId":"at0002","min":0,"max":1,"aqlPath":"/content[openEHR-EHR-EVALUATION.dips_bds_anestesiklarering.v1]/data[at0001]/items[at0059]/items[at0002]/value","inputs":[{"type":"TEXT","list":[],"listOpen":false}],"formId":"dips_bds/bds_anestesiklarering/beskrivelse_operasjon/merknad","viewConfig":{"multiplicity":{"min":0,"max":1},"advanced":{"hidden":false,"readonly":false,"hideFrame":false,"render":false},"label":{"custom":false,"useLocalizations":false},"size":{"field":"inherit","label":"inherit"},"layout":{"label":{"valign":"inherit","align":"inherit"},"field":{"valign":"inherit","align":"inherit"}},"datasource":{"loadRemote":false,"parameters":{}},"annotations":{},"field":{"lines":null,"input":{}}}},{"name":"ASA 1","localizedName":"ASA 1","localizedNames":{"en":"*ASA 1 (nb)","nb":"ASA 1"},"localizedDescriptions":{"nb":"*","en":"** (nb)"},"rmType":"DV_BOOLEAN","nodeId":"at0005","min":0,"max":1,"aqlPath":"/content[openEHR-EHR-EVALUATION.dips_bds_anestesiklarering.v1]/data[at0001]/items[at0059]/items[at0005]/value","inputs":[{"type":"BOOLEAN","defaultValue":"False","listOpen":false}],"formId":"dips_bds/bds_anestesiklarering/beskrivelse_operasjon/asa_1","viewConfig":{"multiplicity":{"min":0,"max":1},"advanced":{"hidden":false,"readonly":false,"hideFrame":false,"render":false},"label":{"custom":false,"useLocalizations":false},"size":{"field":"inherit","label":"inherit"},"layout":{"label":{"valign":"inherit","align":"inherit"},"field":{"valign":"inherit","align":"inherit"}},"annotations":{},"field":{"input":{"threeState":false}}}},{"name":"ASA 2","localizedName":"ASA 2","localizedNames":{"en":"*ASA 2 (nb)","nb":"ASA 2"},"localizedDescriptions":{"nb":"*","en":"** (nb)"},"rmType":"DV_BOOLEAN","nodeId":"at0006","min":0,"max":1,"aqlPath":"/content[openEHR-EHR-EVALUATION.dips_bds_anestesiklarering.v1]/data[at0001]/items[at0059]/items[at0006]/value","inputs":[{"type":"BOOLEAN","defaultValue":"False","listOpen":false}],"formId":"dips_bds/bds_anestesiklarering/beskrivelse_operasjon/asa_2","viewConfig":{"multiplicity":{"min":0,"max":1},"advanced":{"hidden":false,"readonly":false,"hideFrame":false,"render":false},"label":{"custom":false,"useLocalizations":false},"size":{"field":"inherit","label":"inherit"},"layout":{"label":{"valign":"inherit","align":"inherit"},"field":{"valign":"inherit","align":"inherit"}},"annotations":{},"field":{"input":{"threeState":false}}}},{"name":"ASA 3","localizedName":"ASA 3","localizedNames":{"en":"*ASA 3 (nb)","nb":"ASA 3"},"localizedDescriptions":{"nb":"*","en":"** (nb)"},"rmType":"DV_BOOLEAN","nodeId":"at0012","min":0,"max":1,"aqlPath":"/content[openEHR-EHR-EVALUATION.dips_bds_anestesiklarering.v1]/data[at0001]/items[at0059]/items[at0012]/value","inputs":[{"type":"BOOLEAN","defaultValue":"False","listOpen":false}],"formId":"dips_bds/bds_anestesiklarering/beskrivelse_operasjon/asa_3","viewConfig":{"multiplicity":{"min":0,"max":1},"advanced":{"hidden":false,"readonly":false,"hideFrame":false,"render":false},"label":{"custom":false,"useLocalizations":false},"size":{"field":"inherit","label":"inherit"},"layout":{"label":{"valign":"inherit","align":"inherit"},"field":{"valign":"inherit","align":"inherit"}},"annotations":{},"field":{"input":{"threeState":false}}}},{"name":"ASA 4","localizedName":"ASA 4","localizedNames":{"en":"*ASA 4 (nb)","nb":"ASA 4"},"localizedDescriptions":{"nb":"*","en":"** (nb)"},"rmType":"DV_BOOLEAN","nodeId":"at0003","min":0,"max":1,"aqlPath":"/content[openEHR-EHR-EVALUATION.dips_bds_anestesiklarering.v1]/data[at0001]/items[at0059]/items[at0003]/value","inputs":[{"type":"BOOLEAN","defaultValue":"False","listOpen":false}],"formId":"dips_bds/bds_anestesiklarering/beskrivelse_operasjon/asa_4","viewConfig":{"multiplicity":{"min":0,"max":1},"advanced":{"hidden":false,"readonly":false,"hideFrame":false,"render":false},"label":{"custom":false,"useLocalizations":false},"size":{"field":"inherit","label":"inherit"},"layout":{"label":{"valign":"inherit","align":"inherit"},"field":{"valign":"inherit","align":"inherit"}},"annotations":{},"field":{"input":{"threeState":false}}}},{"name":"Pasient er klarert","localizedName":"Pasient er klarert","localizedNames":{"en":"*Pasient er klarert (nb)","nb":"Pasient er klarert"},"localizedDescriptions":{"nb":"*","en":"** (nb)"},"rmType":"DV_BOOLEAN","nodeId":"at0007","min":0,"max":1,"aqlPath":"/content[openEHR-EHR-EVALUATION.dips_bds_anestesiklarering.v1]/data[at0001]/items[at0059]/items[at0007]/value","inputs":[{"type":"BOOLEAN","defaultValue":"False","listOpen":false}],"formId":"dips_bds/bds_anestesiklarering/beskrivelse_operasjon/pasient_er_klarert","viewConfig":{"multiplicity":{"min":0,"max":1},"advanced":{"hidden":false,"readonly":false,"hideFrame":false,"render":false},"label":{"custom":false,"useLocalizations":false},"size":{"field":"inherit","label":"inherit"},"layout":{"label":{"valign":"inherit","align":"inherit"},"field":{"valign":"inherit","align":"inherit"}},"annotations":{},"field":{"input":{"threeState":false}}}},{"name":"Pasient er IKKE klarert","localizedName":"Pasient er IKKE klarert","localizedNames":{"en":"*Pasient er IKKE klarert (nb)","nb":"Pasient er IKKE klarert"},"localizedDescriptions":{"nb":"*","en":"** (nb)"},"rmType":"DV_BOOLEAN","nodeId":"at0004","min":0,"max":1,"aqlPath":"/content[openEHR-EHR-EVALUATION.dips_bds_anestesiklarering.v1]/data[at0001]/items[at0059]/items[at0004]/value","inputs":[{"type":"BOOLEAN","defaultValue":"False","listOpen":false}],"formId":"dips_bds/bds_anestesiklarering/beskrivelse_operasjon/pasient_er_ikke_klarert","viewConfig":{"multiplicity":{"min":0,"max":1},"advanced":{"hidden":false,"readonly":false,"hideFrame":false,"render":false},"label":{"custom":false,"useLocalizations":false},"size":{"field":"inherit","label":"inherit"},"layout":{"label":{"valign":"inherit","align":"inherit"},"field":{"valign":"inherit","align":"inherit"}},"annotations":{},"field":{"input":{"threeState":false}}}},{"name":"Aktivitetsnivå","localizedName":"Aktivitetsnivå","localizedNames":{"en":"*Aktivitetsnivå (nb)","nb":"Aktivitetsnivå"},"localizedDescriptions":{"nb":"*","en":"** (nb)"},"rmType":"DV_CODED_TEXT","nodeId":"at0009","min":0,"max":1,"aqlPath":"/content[openEHR-EHR-EVALUATION.dips_bds_anestesiklarering.v1]/data[at0001]/items[at0059]/items[at0009]/value","inputs":[{"suffix":"code","type":"TEXT","terminology":"ARK-ANE-AKTIVITETSNIVÅ?subset=ARK-ANE-AKTIVITETSNIVÅ","listOpen":false},{"suffix":"value","type":"TEXT","terminology":"ARK-ANE-AKTIVITETSNIVÅ?subset=ARK-ANE-AKTIVITETSNIVÅ","listOpen":false}],"formId":"dips_bds/bds_anestesiklarering/beskrivelse_operasjon/aktivitetsnivå","viewConfig":{"multiplicity":{"min":0,"max":1},"advanced":{"hidden":false,"readonly":false,"hideFrame":false,"render":false},"label":{"custom":false,"useLocalizations":false},"size":{"field":"inherit","label":"inherit"},"layout":{"label":{"valign":"inherit","align":"inherit"},"field":{"valign":"inherit","align":"inherit"}},"datasource":{"loadRemote":true,"loadRemoteUrl":"ARK-ANE-AKTIVITETSNIVÅ?subset=ARK-ANE-AKTIVITETSNIVÅ"},"annotations":{},"field":{}}},{"name":"Intub. forhold","localizedName":"Intub. forhold","localizedNames":{"en":"*Intub. forhold (nb)","nb":"Intub. forhold"},"localizedDescriptions":{"nb":"*","en":"** (nb)"},"rmType":"DV_TEXT","nodeId":"at0010","min":0,"max":1,"aqlPath":"/content[openEHR-EHR-EVALUATION.dips_bds_anestesiklarering.v1]/data[at0001]/items[at0059]/items[at0010]/value","inputs":[{"type":"TEXT","list":[],"listOpen":false}],"formId":"dips_bds/bds_anestesiklarering/beskrivelse_operasjon/intub._forhold","viewConfig":{"multiplicity":{"min":0,"max":1},"advanced":{"hidden":false,"readonly":false,"hideFrame":false,"render":false},"label":{"custom":false,"useLocalizations":false},"size":{"field":"inherit","label":"inherit"},"layout":{"label":{"valign":"inherit","align":"inherit"},"field":{"valign":"inherit","align":"inherit"}},"datasource":{"loadRemote":false,"parameters":{}},"annotations":{},"field":{"lines":null,"input":{}}}}]},{"name":"Tannstatus","localizedName":"Tannstatus","localizedNames":{"en":"*Tannstatus (nb)","nb":"Tannstatus"},"localizedDescriptions":{"nb":"*","en":"** (nb)"},"rmType":"CLUSTER","nodeId":"at0060","min":0,"max":1,"aqlPath":"/content[openEHR-EHR-EVALUATION.dips_bds_anestesiklarering.v1]/data[at0001]/items[at0060]","inputs":[],"formId":"dips_bds/bds_anestesiklarering/tannstatus","viewConfig":{"multiplicity":{"min":0,"max":1},"advanced":{"hidden":false,"readonly":false,"hideFrame":false,"render":false},"label":{"custom":false,"useLocalizations":false},"size":{"field":"inherit","label":"inherit"},"layout":{"label":{"valign":"inherit","align":"inherit"},"field":{"valign":"inherit","align":"inherit"}},"annotations":{},"field":{}},"children":[{"name":"tannstatus_kode","localizedName":"tannstatus_kode","localizedNames":{"en":"*tannstatus_kode (nb)","nb":"tannstatus_kode"},"localizedDescriptions":{"nb":"*","en":"** (nb)"},"rmType":"DV_CODED_TEXT","nodeId":"at0016","min":0,"max":1,"aqlPath":"/content[openEHR-EHR-EVALUATION.dips_bds_anestesiklarering.v1]/data[at0001]/items[at0060]/items[at0016]/value","inputs":[{"suffix":"code","type":"CODED_TEXT","list":[],"listOpen":false}],"formId":"dips_bds/bds_anestesiklarering/tannstatus/tannstatus_kode","viewConfig":{"multiplicity":{"min":0,"max":1},"advanced":{"hidden":false,"readonly":false,"hideFrame":false,"render":false},"label":{"custom":false,"useLocalizations":false},"size":{"field":"inherit","label":"inherit"},"layout":{"label":{"valign":"inherit","align":"inherit"},"field":{"valign":"inherit","align":"inherit"}},"datasource":{"loadRemote":true,"loadRemoteUrl":"ARK-ANE-TANNSTATUS?subset=ARK-ANE-TANNSTATUS","parameters":{}},"annotations":{},"field":{}}}]},{"name":"Intub. forhold","localizedName":"Intub. forhold","localizedNames":{"en":"*Intub. forhold (nb)","nb":"Intub. forhold"},"localizedDescriptions":{"nb":"*","en":"** (nb)"},"rmType":"CLUSTER","nodeId":"at0061","min":0,"max":1,"aqlPath":"/content[openEHR-EHR-EVALUATION.dips_bds_anestesiklarering.v1]/data[at0001]/items[at0061]","inputs":[],"formId":"dips_bds/bds_anestesiklarering/intub._forhold","viewConfig":{"multiplicity":{"min":0,"max":1},"advanced":{"hidden":false,"readonly":false,"hideFrame":false,"render":false},"label":{"custom":false,"useLocalizations":false},"size":{"field":"inherit","label":"inherit"},"layout":{"label":{"valign":"inherit","align":"inherit"},"field":{"valign":"inherit","align":"inherit"}},"annotations":{},"field":{}},"children":[{"name":"intubasjon","localizedName":"intubasjon","localizedNames":{"en":"*intubasjon (nb)","nb":"intubasjon"},"localizedDescriptions":{"nb":"*","en":"** (nb)"},"rmType":"DV_CODED_TEXT","nodeId":"at0020","min":0,"max":1,"aqlPath":"/content[openEHR-EHR-EVALUATION.dips_bds_anestesiklarering.v1]/data[at0001]/items[at0061]/items[at0020]/value","inputs":[{"suffix":"code","type":"TEXT","terminology":"ARK-ANE-INTUBASJONSFORHOLD?subset=ARK-ANE-INTUBASJONSFORHOLD","listOpen":false},{"suffix":"value","type":"TEXT","terminology":"ARK-ANE-INTUBASJONSFORHOLD?subset=ARK-ANE-INTUBASJONSFORHOLD","listOpen":false}],"formId":"dips_bds/bds_anestesiklarering/intub._forhold/intubasjon","viewConfig":{"multiplicity":{"min":0,"max":1},"advanced":{"hidden":false,"readonly":false,"hideFrame":false,"render":false},"label":{"custom":false,"useLocalizations":false},"size":{"field":"inherit","label":"inherit"},"layout":{"label":{"valign":"inherit","align":"inherit"},"field":{"valign":"inherit","align":"inherit"}},"datasource":{"loadRemote":true,"loadRemoteUrl":"ARK-ANE-INTUBASJONSFORHOLD?subset=ARK-ANE-INTUBASJONSFORHOLD"},"annotations":{},"field":{}}}]},{"name":"Merknadsboks2","localizedName":"Merknadsboks2","localizedNames":{"en":"*Merknadsboks2 (nb)","nb":"Merknadsboks2"},"localizedDescriptions":{"nb":"*","en":"** (nb)"},"rmType":"CLUSTER","nodeId":"at0062","min":0,"max":1,"aqlPath":"/content[openEHR-EHR-EVALUATION.dips_bds_anestesiklarering.v1]/data[at0001]/items[at0062]","inputs":[],"formId":"dips_bds/bds_anestesiklarering/merknadsboks2","viewConfig":{"multiplicity":{"min":0,"max":1},"advanced":{"hidden":false,"readonly":false,"hideFrame":false,"render":false},"label":{"custom":false,"useLocalizations":false},"size":{"field":"inherit","label":"inherit"},"layout":{"label":{"valign":"inherit","align":"inherit"},"field":{"valign":"inherit","align":"inherit"}},"annotations":{},"field":{}},"children":[{"name":"Merknad","localizedName":"Merknad","localizedNames":{"en":"*Merknad (nb)","nb":"Merknad"},"localizedDescriptions":{"nb":"*","en":"** (nb)"},"rmType":"DV_TEXT","nodeId":"at0021","min":0,"max":1,"aqlPath":"/content[openEHR-EHR-EVALUATION.dips_bds_anestesiklarering.v1]/data[at0001]/items[at0062]/items[at0021]/value","inputs":[{"type":"TEXT","list":[],"listOpen":false}],"formId":"dips_bds/bds_anestesiklarering/merknadsboks2/merknad","viewConfig":{"multiplicity":{"min":0,"max":1},"advanced":{"hidden":false,"readonly":false,"hideFrame":false,"render":false},"label":{"custom":false,"useLocalizations":false},"size":{"field":"inherit","label":"inherit"},"layout":{"label":{"valign":"inherit","align":"inherit"},"field":{"valign":"inherit","align":"inherit"}},"datasource":{"loadRemote":false,"parameters":{}},"annotations":{},"field":{"lines":null,"input":{}}}}]},{"name":"Pasientopplysninger","localizedName":"Pasientopplysninger","localizedNames":{"en":"*Pasientopplysninger (nb)","nb":"Pasientopplysninger"},"localizedDescriptions":{"nb":"*","en":"** (nb)"},"rmType":"CLUSTER","nodeId":"at0026","min":0,"max":1,"aqlPath":"/content[openEHR-EHR-EVALUATION.dips_bds_anestesiklarering.v1]/data[at0001]/items[at0026]","inputs":[],"formId":"dips_bds/bds_anestesiklarering/pasientopplysninger","viewConfig":{"multiplicity":{"min":0,"max":1},"advanced":{"hidden":false,"readonly":false,"hideFrame":false,"render":false},"label":{"custom":false,"useLocalizations":false},"size":{"field":"inherit","label":"inherit"},"layout":{"label":{"valign":"inherit","align":"inherit"},"field":{"valign":"inherit","align":"inherit"}},"annotations":{},"field":{}},"children":[{"name":"Hjertelidelse","localizedName":"Hjertelidelse","localizedNames":{"en":"*Hjertelidelse (nb)","nb":"Hjertelidelse"},"localizedDescriptions":{"nb":"*","en":"** (nb)"},"rmType":"DV_BOOLEAN","nodeId":"at0008","min":0,"max":1,"aqlPath":"/content[openEHR-EHR-EVALUATION.dips_bds_anestesiklarering.v1]/data[at0001]/items[at0026]/items[at0008]/value","inputs":[{"type":"BOOLEAN","defaultValue":"False","listOpen":false}],"formId":"dips_bds/bds_anestesiklarering/pasientopplysninger/hjertelidelse","viewConfig":{"multiplicity":{"min":0,"max":1},"advanced":{"hidden":false,"readonly":false,"hideFrame":false,"render":false},"label":{"custom":false,"useLocalizations":false},"size":{"field":"inherit","label":"inherit"},"layout":{"label":{"valign":"inherit","align":"inherit"},"field":{"valign":"inherit","align":"inherit"}},"annotations":{},"field":{"input":{"threeState":false}}}},{"name":"Hjerte og lungefrisk","localizedName":"Hjerte og lungefrisk","localizedNames":{"en":"*Hjerte og lungefrisk (nb)","nb":"Hjerte og lungefrisk"},"localizedDescriptions":{"nb":"*","en":"** (nb)"},"rmType":"DV_BOOLEAN","nodeId":"at0027","min":0,"max":1,"aqlPath":"/content[openEHR-EHR-EVALUATION.dips_bds_anestesiklarering.v1]/data[at0001]/items[at0026]/items[at0027]/value","inputs":[{"type":"BOOLEAN","defaultValue":"False","listOpen":false}],"formId":"dips_bds/bds_anestesiklarering/pasientopplysninger/hjerte_og_lungefrisk","viewConfig":{"multiplicity":{"min":0,"max":1},"advanced":{"hidden":false,"readonly":false,"hideFrame":false,"render":false},"label":{"custom":false,"useLocalizations":false},"size":{"field":"inherit","label":"inherit"},"layout":{"label":{"valign":"inherit","align":"inherit"},"field":{"valign":"inherit","align":"inherit"}},"annotations":{},"field":{"input":{"threeState":false}}}},{"name":"Aneopplysninger","localizedName":"Aneopplysninger","localizedNames":{"en":"*Aneopplysninger (nb)","nb":"Aneopplysninger"},"localizedDescriptions":{"nb":"*","en":"** (nb)"},"rmType":"DV_TEXT","nodeId":"at0028","min":0,"max":1,"aqlPath":"/content[openEHR-EHR-EVALUATION.dips_bds_anestesiklarering.v1]/data[at0001]/items[at0026]/items[at0028]/value","inputs":[{"type":"TEXT","list":[],"listOpen":false}],"formId":"dips_bds/bds_anestesiklarering/pasientopplysninger/aneopplysninger","viewConfig":{"multiplicity":{"min":0,"max":1},"advanced":{"hidden":false,"readonly":false,"hideFrame":false,"render":false},"label":{"custom":false,"useLocalizations":false},"size":{"field":"inherit","label":"inherit"},"layout":{"label":{"valign":"inherit","align":"inherit"},"field":{"valign":"inherit","align":"inherit"}},"datasource":{"loadRemote":false,"parameters":{}},"annotations":{},"field":{"lines":null,"input":{}}}},{"name":"Hjertelidelser","localizedName":"Hjertelidelser","localizedNames":{"en":"*Hjertelidelser (nb)","nb":"Hjertelidelser"},"localizedDescriptions":{"nb":"*","en":"** (nb)"},"rmType":"DV_BOOLEAN","nodeId":"at0029","min":0,"max":1,"aqlPath":"/content[openEHR-EHR-EVALUATION.dips_bds_anestesiklarering.v1]/data[at0001]/items[at0026]/items[at0029]/value","inputs":[{"type":"BOOLEAN","defaultValue":"False","listOpen":false}],"formId":"dips_bds/bds_anestesiklarering/pasientopplysninger/hjertelidelser","viewConfig":{"multiplicity":{"min":0,"max":1},"advanced":{"hidden":false,"readonly":false,"hideFrame":false,"render":false},"label":{"custom":false,"useLocalizations":false},"size":{"field":"inherit","label":"inherit"},"layout":{"label":{"valign":"inherit","align":"inherit"},"field":{"valign":"inherit","align":"inherit"}},"annotations":{},"field":{"input":{"threeState":false}}}},{"name":"Hypertensjon","localizedName":"Hypertensjon","localizedNames":{"en":"*Hypertensjon (nb)","nb":"Hypertensjon"},"localizedDescriptions":{"nb":"*","en":"** (nb)"},"rmType":"DV_BOOLEAN","nodeId":"at0030","min":0,"max":1,"aqlPath":"/content[openEHR-EHR-EVALUATION.dips_bds_anestesiklarering.v1]/data[at0001]/items[at0026]/items[at0030]/value","inputs":[{"type":"BOOLEAN","defaultValue":"False","listOpen":false}],"formId":"dips_bds/bds_anestesiklarering/pasientopplysninger/hypertensjon","viewConfig":{"multiplicity":{"min":0,"max":1},"advanced":{"hidden":false,"readonly":false,"hideFrame":false,"render":false},"label":{"custom":false,"useLocalizations":false},"size":{"field":"inherit","label":"inherit"},"layout":{"label":{"valign":"inherit","align":"inherit"},"field":{"valign":"inherit","align":"inherit"}},"annotations":{},"field":{"input":{"threeState":false}}}},{"name":"Lungelidelse","localizedName":"Lungelidelse","localizedNames":{"en":"*Lungelidelse (nb)","nb":"Lungelidelse"},"localizedDescriptions":{"nb":"*","en":"** (nb)"},"rmType":"DV_BOOLEAN","nodeId":"at0031","min":0,"max":1,"aqlPath":"/content[openEHR-EHR-EVALUATION.dips_bds_anestesiklarering.v1]/data[at0001]/items[at0026]/items[at0031]/value","inputs":[{"type":"BOOLEAN","defaultValue":"False","listOpen":false}],"formId":"dips_bds/bds_anestesiklarering/pasientopplysninger/lungelidelse","viewConfig":{"multiplicity":{"min":0,"max":1},"advanced":{"hidden":false,"readonly":false,"hideFrame":false,"render":false},"label":{"custom":false,"useLocalizations":false},"size":{"field":"inherit","label":"inherit"},"layout":{"label":{"valign":"inherit","align":"inherit"},"field":{"valign":"inherit","align":"inherit"}},"annotations":{},"field":{"input":{"threeState":false}}}},{"name":"Diabetes","localizedName":"Diabetes","localizedNames":{"en":"*Diabetes (nb)","nb":"Diabetes"},"localizedDescriptions":{"nb":"*","en":"** (nb)"},"rmType":"DV_BOOLEAN","nodeId":"at0032","min":0,"max":1,"aqlPath":"/content[openEHR-EHR-EVALUATION.dips_bds_anestesiklarering.v1]/data[at0001]/items[at0026]/items[at0032]/value","inputs":[{"type":"BOOLEAN","defaultValue":"False","listOpen":false}],"formId":"dips_bds/bds_anestesiklarering/pasientopplysninger/diabetes","viewConfig":{"multiplicity":{"min":0,"max":1},"advanced":{"hidden":false,"readonly":false,"hideFrame":false,"render":false},"label":{"custom":false,"useLocalizations":false},"size":{"field":"inherit","label":"inherit"},"layout":{"label":{"valign":"inherit","align":"inherit"},"field":{"valign":"inherit","align":"inherit"}},"annotations":{},"field":{"input":{"threeState":false}}}},{"name":"Allergi/ med.reaksjon","localizedName":"Allergi/ med.reaksjon","localizedNames":{"en":"*Allergi/ med.reaksjon (nb)","nb":"Allergi/ med.reaksjon"},"localizedDescriptions":{"nb":"*","en":"** (nb)"},"rmType":"DV_BOOLEAN","nodeId":"at0033","min":0,"max":1,"aqlPath":"/content[openEHR-EHR-EVALUATION.dips_bds_anestesiklarering.v1]/data[at0001]/items[at0026]/items[at0033]/value","inputs":[{"type":"BOOLEAN","defaultValue":"False","listOpen":false}],"formId":"dips_bds/bds_anestesiklarering/pasientopplysninger/allergi__med.reaksjon","viewConfig":{"multiplicity":{"min":0,"max":1},"advanced":{"hidden":false,"readonly":false,"hideFrame":false,"render":false},"label":{"custom":false,"useLocalizations":false},"size":{"field":"inherit","label":"inherit"},"layout":{"label":{"valign":"inherit","align":"inherit"},"field":{"valign":"inherit","align":"inherit"}},"annotations":{},"field":{"input":{"threeState":false}}}},{"name":"Refluxproblemer","localizedName":"Refluxproblemer","localizedNames":{"en":"*Refluxproblemer (nb)","nb":"Refluxproblemer"},"localizedDescriptions":{"nb":"*","en":"** (nb)"},"rmType":"DV_BOOLEAN","nodeId":"at0034","min":0,"max":1,"aqlPath":"/content[openEHR-EHR-EVALUATION.dips_bds_anestesiklarering.v1]/data[at0001]/items[at0026]/items[at0034]/value","inputs":[{"type":"BOOLEAN","defaultValue":"False","listOpen":false}],"formId":"dips_bds/bds_anestesiklarering/pasientopplysninger/refluxproblemer","viewConfig":{"multiplicity":{"min":0,"max":1},"advanced":{"hidden":false,"readonly":false,"hideFrame":false,"render":false},"label":{"custom":false,"useLocalizations":false},"size":{"field":"inherit","label":"inherit"},"layout":{"label":{"valign":"inherit","align":"inherit"},"field":{"valign":"inherit","align":"inherit"}},"annotations":{},"field":{"input":{"threeState":false}}}},{"name":"Blødningstendens","localizedName":"Blødningstendens","localizedNames":{"en":"*Blødningstendens (nb)","nb":"Blødningstendens"},"localizedDescriptions":{"nb":"*","en":"** (nb)"},"rmType":"DV_BOOLEAN","nodeId":"at0035","min":0,"max":1,"aqlPath":"/content[openEHR-EHR-EVALUATION.dips_bds_anestesiklarering.v1]/data[at0001]/items[at0026]/items[at0035]/value","inputs":[{"type":"BOOLEAN","defaultValue":"False","listOpen":false}],"formId":"dips_bds/bds_anestesiklarering/pasientopplysninger/blødningstendens","viewConfig":{"multiplicity":{"min":0,"max":1},"advanced":{"hidden":false,"readonly":false,"hideFrame":false,"render":false},"label":{"custom":false,"useLocalizations":false},"size":{"field":"inherit","label":"inherit"},"layout":{"label":{"valign":"inherit","align":"inherit"},"field":{"valign":"inherit","align":"inherit"}},"annotations":{},"field":{"input":{"threeState":false}}}},{"name":"Alvorlig smittsom sykd.","localizedName":"Alvorlig smittsom sykd.","localizedNames":{"en":"*Alvorlig smittsom sykd. (nb)","nb":"Alvorlig smittsom sykd."},"localizedDescriptions":{"nb":"*","en":"** (nb)"},"rmType":"DV_BOOLEAN","nodeId":"at0036","min":0,"max":1,"aqlPath":"/content[openEHR-EHR-EVALUATION.dips_bds_anestesiklarering.v1]/data[at0001]/items[at0026]/items[at0036]/value","inputs":[{"type":"BOOLEAN","defaultValue":"False","listOpen":false}],"formId":"dips_bds/bds_anestesiklarering/pasientopplysninger/alvorlig_smittsom_sykd.","viewConfig":{"multiplicity":{"min":0,"max":1},"advanced":{"hidden":false,"readonly":false,"hideFrame":false,"render":false},"label":{"custom":false,"useLocalizations":false},"size":{"field":"inherit","label":"inherit"},"layout":{"label":{"valign":"inherit","align":"inherit"},"field":{"valign":"inherit","align":"inherit"}},"annotations":{},"field":{"input":{"threeState":false}}}},{"name":"Tidl. ane.komplik.","localizedName":"Tidl. ane.komplik.","localizedNames":{"en":"*Tidl. ane.komplik. (nb)","nb":"Tidl. ane.komplik."},"localizedDescriptions":{"nb":"*","en":"** (nb)"},"rmType":"DV_BOOLEAN","nodeId":"at0037","min":0,"max":1,"aqlPath":"/content[openEHR-EHR-EVALUATION.dips_bds_anestesiklarering.v1]/data[at0001]/items[at0026]/items[at0037]/value","inputs":[{"type":"BOOLEAN","defaultValue":"False","listOpen":false}],"formId":"dips_bds/bds_anestesiklarering/pasientopplysninger/tidl._ane.komplik.","viewConfig":{"multiplicity":{"min":0,"max":1},"advanced":{"hidden":false,"readonly":false,"hideFrame":false,"render":false},"label":{"custom":false,"useLocalizations":false},"size":{"field":"inherit","label":"inherit"},"layout":{"label":{"valign":"inherit","align":"inherit"},"field":{"valign":"inherit","align":"inherit"}},"annotations":{},"field":{"input":{"threeState":false}}}},{"name":"Høyde (cm)","localizedName":"Høyde (cm)","localizedNames":{"en":"*Høyde (cm) (nb)","nb":"Høyde (cm)"},"localizedDescriptions":{"nb":"*","en":"** (nb)"},"rmType":"DV_TEXT","nodeId":"at0038","min":0,"max":1,"aqlPath":"/content[openEHR-EHR-EVALUATION.dips_bds_anestesiklarering.v1]/data[at0001]/items[at0026]/items[at0038]/value","inputs":[{"type":"TEXT","list":[],"listOpen":false}],"formId":"dips_bds/bds_anestesiklarering/pasientopplysninger/høyde_(cm)","viewConfig":{"multiplicity":{"min":0,"max":1},"advanced":{"hidden":false,"readonly":false,"hideFrame":false,"render":false},"label":{"custom":false,"useLocalizations":false},"size":{"field":"inherit","label":"inherit"},"layout":{"label":{"valign":"inherit","align":"inherit"},"field":{"valign":"inherit","align":"inherit"}},"datasource":{"loadRemote":false,"parameters":{}},"annotations":{},"field":{"lines":null,"input":{}}}},{"name":"Vekt (kg)","localizedName":"Vekt (kg)","localizedNames":{"en":"*Vekt (kg) (nb)","nb":"Vekt (kg)"},"localizedDescriptions":{"nb":"*","en":"** (nb)"},"rmType":"DV_TEXT","nodeId":"at0039","min":0,"max":1,"aqlPath":"/content[openEHR-EHR-EVALUATION.dips_bds_anestesiklarering.v1]/data[at0001]/items[at0026]/items[at0039]/value","inputs":[{"type":"TEXT","list":[],"listOpen":false}],"formId":"dips_bds/bds_anestesiklarering/pasientopplysninger/vekt_(kg)","viewConfig":{"multiplicity":{"min":0,"max":1},"advanced":{"hidden":false,"readonly":false,"hideFrame":false,"render":false},"label":{"custom":false,"useLocalizations":false},"size":{"field":"inherit","label":"inherit"},"layout":{"label":{"valign":"inherit","align":"inherit"},"field":{"valign":"inherit","align":"inherit"}},"datasource":{"loadRemote":false,"parameters":{}},"annotations":{},"field":{"lines":null,"input":{}}}},{"name":"Aktivitetsnivå","localizedName":"Aktivitetsnivå","localizedNames":{"en":"*Aktivitetsnivå (nb)","nb":"Aktivitetsnivå"},"localizedDescriptions":{"nb":"*","en":"** (nb)"},"rmType":"DV_CODED_TEXT","nodeId":"at0040","min":0,"max":1,"aqlPath":"/content[openEHR-EHR-EVALUATION.dips_bds_anestesiklarering.v1]/data[at0001]/items[at0026]/items[at0040]/value","inputs":[{"suffix":"code","type":"TEXT","terminology":"ARK-ANE-AKTIVITETSNIVÅ?subset=ARK-ANE-AKTIVITETSNIVÅ","listOpen":false},{"suffix":"value","type":"TEXT","terminology":"ARK-ANE-AKTIVITETSNIVÅ?subset=ARK-ANE-AKTIVITETSNIVÅ","listOpen":false}],"formId":"dips_bds/bds_anestesiklarering/pasientopplysninger/aktivitetsnivå","viewConfig":{"multiplicity":{"min":0,"max":1},"advanced":{"hidden":false,"readonly":false,"hideFrame":false,"render":false},"label":{"custom":false,"useLocalizations":false},"size":{"field":"inherit","label":"inherit"},"layout":{"label":{"valign":"inherit","align":"inherit"},"field":{"valign":"inherit","align":"inherit"}},"datasource":{"loadRemote":true,"loadRemoteUrl":"ARK-ANE-AKTIVITETSNIVÅ?subset=ARK-ANE-AKTIVITETSNIVÅ"},"annotations":{},"field":{}}},{"name":"Almenntilstand","localizedName":"Almenntilstand","localizedNames":{"en":"*Almenntilstand (nb)","nb":"Almenntilstand"},"localizedDescriptions":{"nb":"*","en":"** (nb)"},"rmType":"DV_CODED_TEXT","nodeId":"at0041","min":0,"max":1,"aqlPath":"/content[openEHR-EHR-EVALUATION.dips_bds_anestesiklarering.v1]/data[at0001]/items[at0026]/items[at0041]/value","inputs":[{"suffix":"code","type":"TEXT","terminology":"ARK-UDS-ALMENTILSTAND?subset=ARK-UDS-ALMENTILSTAND","listOpen":false},{"suffix":"value","type":"TEXT","terminology":"ARK-UDS-ALMENTILSTAND?subset=ARK-UDS-ALMENTILSTAND","listOpen":false}],"formId":"dips_bds/bds_anestesiklarering/pasientopplysninger/almenntilstand","viewConfig":{"multiplicity":{"min":0,"max":1},"advanced":{"hidden":false,"readonly":false,"hideFrame":false,"render":false},"label":{"custom":false,"useLocalizations":false},"size":{"field":"inherit","label":"inherit"},"layout":{"label":{"valign":"inherit","align":"inherit"},"field":{"valign":"inherit","align":"inherit"}},"datasource":{"loadRemote":true,"loadRemoteUrl":"ARK-UDS-ALMENTILSTAND?subset=ARK-UDS-ALMENTILSTAND"},"annotations":{},"field":{}}},{"name":"ASA","localizedName":"ASA","localizedNames":{"en":"*ASA (nb)","nb":"ASA"},"localizedDescriptions":{"nb":"*","en":"** (nb)"},"rmType":"DV_CODED_TEXT","nodeId":"at0042","min":0,"max":1,"aqlPath":"/content[openEHR-EHR-EVALUATION.dips_bds_anestesiklarering.v1]/data[at0001]/items[at0026]/items[at0042]/value","inputs":[{"suffix":"code","type":"TEXT","terminology":"ARK-ANE-ASA?subset=ARK-ANE-ASA","listOpen":false},{"suffix":"value","type":"TEXT","terminology":"ARK-ANE-ASA?subset=ARK-ANE-ASA","listOpen":false}],"formId":"dips_bds/bds_anestesiklarering/pasientopplysninger/asa","viewConfig":{"multiplicity":{"min":0,"max":1},"advanced":{"hidden":false,"readonly":false,"hideFrame":false,"render":false},"label":{"custom":false,"useLocalizations":false},"size":{"field":"inherit","label":"inherit"},"layout":{"label":{"valign":"inherit","align":"inherit"},"field":{"valign":"inherit","align":"inherit"}},"datasource":{"loadRemote":true,"loadRemoteUrl":"ARK-ANE-ASA?subset=ARK-ANE-ASA"},"annotations":{},"field":{}}},{"name":"Merknad","localizedName":"Merknad","localizedNames":{"en":"*Merknad (nb)","nb":"Merknad"},"localizedDescriptions":{"nb":"*","en":"** (nb)"},"rmType":"DV_TEXT","nodeId":"at0043","min":0,"max":1,"aqlPath":"/content[openEHR-EHR-EVALUATION.dips_bds_anestesiklarering.v1]/data[at0001]/items[at0026]/items[at0043]/value","inputs":[{"type":"TEXT","list":[],"listOpen":false}],"formId":"dips_bds/bds_anestesiklarering/pasientopplysninger/merknad","viewConfig":{"multiplicity":{"min":0,"max":1},"advanced":{"hidden":false,"readonly":false,"hideFrame":false,"render":false},"label":{"custom":false,"useLocalizations":false},"size":{"field":"inherit","label":"inherit"},"layout":{"label":{"valign":"inherit","align":"inherit"},"field":{"valign":"inherit","align":"inherit"}},"datasource":{"loadRemote":false,"parameters":{}},"annotations":{},"field":{"lines":null,"input":{}}}},{"name":"merknadpas_boks","localizedName":"merknadpas_boks","localizedNames":{"en":"*merknadpas_boks (nb)","nb":"merknadpas_boks"},"localizedDescriptions":{"nb":"*","en":"** (nb)"},"rmType":"DV_TEXT","nodeId":"at0044","min":0,"max":1,"aqlPath":"/content[openEHR-EHR-EVALUATION.dips_bds_anestesiklarering.v1]/data[at0001]/items[at0026]/items[at0044]/value","inputs":[{"type":"TEXT","list":[],"listOpen":false}],"formId":"dips_bds/bds_anestesiklarering/pasientopplysninger/merknadpas_boks","viewConfig":{"multiplicity":{"min":0,"max":1},"advanced":{"hidden":false,"readonly":false,"hideFrame":false,"render":false},"label":{"custom":false,"useLocalizations":false},"size":{"field":"inherit","label":"inherit"},"layout":{"label":{"valign":"inherit","align":"inherit"},"field":{"valign":"inherit","align":"inherit"}},"datasource":{"loadRemote":false,"parameters":{}},"annotations":{},"field":{"lines":null,"input":{}}}}]},{"name":"Medikamenter","localizedName":"Medikamenter","localizedNames":{"en":"*Medikamenter (nb)","nb":"Medikamenter"},"localizedDescriptions":{"nb":"*","en":"** (nb)"},"rmType":"CLUSTER","nodeId":"at0045","min":0,"max":1,"aqlPath":"/content[openEHR-EHR-EVALUATION.dips_bds_anestesiklarering.v1]/data[at0001]/items[at0045]","inputs":[],"formId":"dips_bds/bds_anestesiklarering/medikamenter","viewConfig":{"multiplicity":{"min":0,"max":1},"advanced":{"hidden":false,"readonly":false,"hideFrame":false,"render":false},"label":{"custom":false,"useLocalizations":false},"size":{"field":"inherit","label":"inherit"},"layout":{"label":{"valign":"inherit","align":"inherit"},"field":{"valign":"inherit","align":"inherit"}},"annotations":{},"field":{}},"children":[{"name":"NyttFelt","localizedName":"NyttFelt","localizedNames":{"en":"*NyttFelt (nb)","nb":"NyttFelt"},"localizedDescriptions":{"nb":"*","en":"** (nb)"},"rmType":"DV_TEXT","nodeId":"at0046","min":0,"max":1,"aqlPath":"/content[openEHR-EHR-EVALUATION.dips_bds_anestesiklarering.v1]/data[at0001]/items[at0045]/items[at0046]/value","inputs":[{"type":"TEXT","list":[],"listOpen":false}],"formId":"dips_bds/bds_anestesiklarering/medikamenter/nyttfelt","viewConfig":{"multiplicity":{"min":0,"max":1},"advanced":{"hidden":false,"readonly":false,"hideFrame":false,"render":false},"label":{"custom":false,"useLocalizations":false},"size":{"field":"inherit","label":"inherit"},"layout":{"label":{"valign":"inherit","align":"inherit"},"field":{"valign":"inherit","align":"inherit"}},"datasource":{"loadRemote":false,"parameters":{}},"annotations":{},"field":{"lines":null,"input":{}}}}]},{"name":"Premedikasjon","localizedName":"Premedikasjon","localizedNames":{"en":"*Premedikasjon (nb)","nb":"Premedikasjon"},"localizedDescriptions":{"nb":"*","en":"** (nb)"},"rmType":"CLUSTER","nodeId":"at0047","min":0,"max":1,"aqlPath":"/content[openEHR-EHR-EVALUATION.dips_bds_anestesiklarering.v1]/data[at0001]/items[at0047]","inputs":[],"formId":"dips_bds/bds_anestesiklarering/premedikasjon","viewConfig":{"multiplicity":{"min":0,"max":1},"advanced":{"hidden":false,"readonly":false,"hideFrame":false,"render":false},"label":{"custom":false,"useLocalizations":false},"size":{"field":"inherit","label":"inherit"},"layout":{"label":{"valign":"inherit","align":"inherit"},"field":{"valign":"inherit","align":"inherit"}},"annotations":{},"field":{}},"children":[{"name":"Premedikasjon","localizedName":"Premedikasjon","localizedNames":{"en":"*Premedikasjon (nb)","nb":"Premedikasjon"},"localizedDescriptions":{"nb":"*","en":"** (nb)"},"rmType":"DV_TEXT","nodeId":"at0048","min":0,"max":1,"aqlPath":"/content[openEHR-EHR-EVALUATION.dips_bds_anestesiklarering.v1]/data[at0001]/items[at0047]/items[at0048]/value","inputs":[{"type":"TEXT","list":[],"listOpen":false}],"formId":"dips_bds/bds_anestesiklarering/premedikasjon/premedikasjon","viewConfig":{"multiplicity":{"min":0,"max":1},"advanced":{"hidden":false,"readonly":false,"hideFrame":false,"render":false},"label":{"custom":false,"useLocalizations":false},"size":{"field":"inherit","label":"inherit"},"layout":{"label":{"valign":"inherit","align":"inherit"},"field":{"valign":"inherit","align":"inherit"}},"datasource":{"loadRemote":false,"parameters":{}},"annotations":{},"field":{"lines":null,"input":{}}}},{"name":"NyttFelt","localizedName":"NyttFelt","localizedNames":{"en":"*NyttFelt (nb)","nb":"NyttFelt"},"localizedDescriptions":{"nb":"*","en":"** (nb)"},"rmType":"DV_TEXT","nodeId":"at0049","min":0,"max":1,"aqlPath":"/content[openEHR-EHR-EVALUATION.dips_bds_anestesiklarering.v1]/data[at0001]/items[at0047]/items[at0049]/value","inputs":[{"type":"TEXT","list":[],"listOpen":false}],"formId":"dips_bds/bds_anestesiklarering/premedikasjon/nyttfelt","viewConfig":{"multiplicity":{"min":0,"max":1},"advanced":{"hidden":false,"readonly":false,"hideFrame":false,"render":false},"label":{"custom":false,"useLocalizations":false},"size":{"field":"inherit","label":"inherit"},"layout":{"label":{"valign":"inherit","align":"inherit"},"field":{"valign":"inherit","align":"inherit"}},"datasource":{"loadRemote":false,"parameters":{}},"annotations":{},"field":{"lines":null,"input":{}}}},{"name":"Egne Morgenmedisiner","localizedName":"Egne Morgenmedisiner","localizedNames":{"en":"*Egne Morgenmedisiner (nb)","nb":"Egne Morgenmedisiner"},"localizedDescriptions":{"nb":"*","en":"** (nb)"},"rmType":"DV_TEXT","nodeId":"at0050","min":0,"max":1,"aqlPath":"/content[openEHR-EHR-EVALUATION.dips_bds_anestesiklarering.v1]/data[at0001]/items[at0047]/items[at0050]/value","inputs":[{"type":"TEXT","list":[],"listOpen":false}],"formId":"dips_bds/bds_anestesiklarering/premedikasjon/egne_morgenmedisiner","viewConfig":{"multiplicity":{"min":0,"max":1},"advanced":{"hidden":false,"readonly":false,"hideFrame":false,"render":false},"label":{"custom":false,"useLocalizations":false},"size":{"field":"inherit","label":"inherit"},"layout":{"label":{"valign":"inherit","align":"inherit"},"field":{"valign":"inherit","align":"inherit"}},"datasource":{"loadRemote":false,"parameters":{}},"annotations":{},"field":{"lines":null,"input":{}}}},{"name":"NyttFelt","localizedName":"NyttFelt","localizedNames":{"en":"*NyttFelt (nb)","nb":"NyttFelt"},"localizedDescriptions":{"nb":"*","en":"** (nb)"},"rmType":"DV_TEXT","nodeId":"at0051","min":0,"max":1,"aqlPath":"/content[openEHR-EHR-EVALUATION.dips_bds_anestesiklarering.v1]/data[at0001]/items[at0047]/items[at0051]/value","inputs":[{"type":"TEXT","list":[],"listOpen":false}],"formId":"dips_bds/bds_anestesiklarering/premedikasjon/nyttfelt2","viewConfig":{"multiplicity":{"min":0,"max":1},"advanced":{"hidden":false,"readonly":false,"hideFrame":false,"render":false},"label":{"custom":false,"useLocalizations":false},"size":{"field":"inherit","label":"inherit"},"layout":{"label":{"valign":"inherit","align":"inherit"},"field":{"valign":"inherit","align":"inherit"}},"datasource":{"loadRemote":false,"parameters":{}},"annotations":{},"field":{"lines":null,"input":{}}}}]},{"name":"Anestesimetode","localizedName":"Anestesimetode","localizedNames":{"en":"*Anestesimetode (nb)","nb":"Anestesimetode"},"localizedDescriptions":{"nb":"*","en":"** (nb)"},"rmType":"CLUSTER","nodeId":"at0052","min":0,"max":1,"aqlPath":"/content[openEHR-EHR-EVALUATION.dips_bds_anestesiklarering.v1]/data[at0001]/items[at0052]","inputs":[],"formId":"dips_bds/bds_anestesiklarering/anestesimetode","viewConfig":{"multiplicity":{"min":0,"max":1},"advanced":{"hidden":false,"readonly":false,"hideFrame":false,"render":false},"label":{"custom":false,"useLocalizations":false},"size":{"field":"inherit","label":"inherit"},"layout":{"label":{"valign":"inherit","align":"inherit"},"field":{"valign":"inherit","align":"inherit"}},"annotations":{},"field":{}},"children":[{"name":"Anestesimetode 1","localizedName":"Anestesimetode 1","localizedNames":{"en":"*Anestesimetode 1 (nb)","nb":"Anestesimetode 1"},"localizedDescriptions":{"nb":"*","en":"** (nb)"},"rmType":"DV_CODED_TEXT","nodeId":"at0053","min":0,"max":1,"aqlPath":"/content[openEHR-EHR-EVALUATION.dips_bds_anestesiklarering.v1]/data[at0001]/items[at0052]/items[at0053]/value","inputs":[{"suffix":"code","type":"TEXT","terminology":"ARK-ANE-HOVEDTYPE?subset=ARK-ANE-HOVEDTYPE","listOpen":false},{"suffix":"value","type":"TEXT","terminology":"ARK-ANE-HOVEDTYPE?subset=ARK-ANE-HOVEDTYPE","listOpen":false}],"formId":"dips_bds/bds_anestesiklarering/anestesimetode/anestesimetode_1","viewConfig":{"multiplicity":{"min":0,"max":1},"advanced":{"hidden":false,"readonly":false,"hideFrame":false,"render":false},"label":{"custom":false,"useLocalizations":false},"size":{"field":"inherit","label":"inherit"},"layout":{"label":{"valign":"inherit","align":"inherit"},"field":{"valign":"inherit","align":"inherit"}},"datasource":{"loadRemote":true,"loadRemoteUrl":"ARK-ANE-HOVEDTYPE?subset=ARK-ANE-HOVEDTYPE"},"annotations":{},"field":{}}},{"name":"Anestesimetode 2","localizedName":"Anestesimetode 2","localizedNames":{"en":"*Anestesimetode 2 (nb)","nb":"Anestesimetode 2"},"localizedDescriptions":{"nb":"*","en":"** (nb)"},"rmType":"DV_CODED_TEXT","nodeId":"at0054","min":0,"max":1,"aqlPath":"/content[openEHR-EHR-EVALUATION.dips_bds_anestesiklarering.v1]/data[at0001]/items[at0052]/items[at0054]/value","inputs":[{"suffix":"code","type":"TEXT","terminology":"ARK-ANE-HOVEDTYPE?subset=ARK-ANE-HOVEDTYPE","listOpen":false},{"suffix":"value","type":"TEXT","terminology":"ARK-ANE-HOVEDTYPE?subset=ARK-ANE-HOVEDTYPE","listOpen":false}],"formId":"dips_bds/bds_anestesiklarering/anestesimetode/anestesimetode_2","viewConfig":{"multiplicity":{"min":0,"max":1},"advanced":{"hidden":false,"readonly":false,"hideFrame":false,"render":false},"label":{"custom":false,"useLocalizations":false},"size":{"field":"inherit","label":"inherit"},"layout":{"label":{"valign":"inherit","align":"inherit"},"field":{"valign":"inherit","align":"inherit"}},"datasource":{"loadRemote":true,"loadRemoteUrl":"ARK-ANE-HOVEDTYPE?subset=ARK-ANE-HOVEDTYPE"},"annotations":{},"field":{}}}]},{"name":"Klarering","localizedName":"Klarering","localizedNames":{"en":"*Klarering (nb)","nb":"Klarering"},"localizedDescriptions":{"nb":"*","en":"** (nb)"},"rmType":"CLUSTER","nodeId":"at0055","min":0,"max":1,"aqlPath":"/content[openEHR-EHR-EVALUATION.dips_bds_anestesiklarering.v1]/data[at0001]/items[at0055]","inputs":[],"formId":"dips_bds/bds_anestesiklarering/klarering","viewConfig":{"multiplicity":{"min":0,"max":1},"advanced":{"hidden":false,"readonly":false,"hideFrame":false,"render":false},"label":{"custom":false,"useLocalizations":false},"size":{"field":"inherit","label":"inherit"},"layout":{"label":{"valign":"inherit","align":"inherit"},"field":{"valign":"inherit","align":"inherit"}},"annotations":{},"field":{}},"children":[{"name":"Klarering","localizedName":"Klarering","localizedNames":{"en":"*Klarering (nb)","nb":"Klarering"},"localizedDescriptions":{"nb":"*","en":"** (nb)"},"rmType":"DV_CODED_TEXT","nodeId":"at0056","min":0,"max":1,"aqlPath":"/content[openEHR-EHR-EVALUATION.dips_bds_anestesiklarering.v1]/data[at0001]/items[at0055]/items[at0056]/value","inputs":[{"suffix":"code","type":"TEXT","terminology":"ARK-ANE-ANESTESIKLARERING?subset=ARK-ANE-ANESTESIKLARERING","listOpen":false},{"suffix":"value","type":"TEXT","terminology":"ARK-ANE-ANESTESIKLARERING?subset=ARK-ANE-ANESTESIKLARERING","listOpen":false}],"formId":"dips_bds/bds_anestesiklarering/klarering/klarering","viewConfig":{"multiplicity":{"min":0,"max":1},"advanced":{"hidden":false,"readonly":false,"hideFrame":false,"render":false},"label":{"custom":false,"useLocalizations":false},"size":{"field":"inherit","label":"inherit"},"layout":{"label":{"valign":"inherit","align":"inherit"},"field":{"valign":"inherit","align":"inherit"}},"datasource":{"loadRemote":true,"loadRemoteUrl":"ARK-ANE-ANESTESIKLARERING?subset=ARK-ANE-ANESTESIKLARERING"},"annotations":{},"field":{}}},{"name":"Merknad","localizedName":"Merknad","localizedNames":{"en":"*Merknad (nb)","nb":"Merknad"},"localizedDescriptions":{"nb":"*","en":"** (nb)"},"rmType":"DV_TEXT","nodeId":"at0057","min":0,"max":1,"aqlPath":"/content[openEHR-EHR-EVALUATION.dips_bds_anestesiklarering.v1]/data[at0001]/items[at0055]/items[at0057]/value","inputs":[{"type":"TEXT","list":[],"listOpen":false}],"formId":"dips_bds/bds_anestesiklarering/klarering/merknad","viewConfig":{"multiplicity":{"min":0,"max":1},"advanced":{"hidden":false,"readonly":false,"hideFrame":false,"render":false},"label":{"custom":false,"useLocalizations":false},"size":{"field":"inherit","label":"inherit"},"layout":{"label":{"valign":"inherit","align":"inherit"},"field":{"valign":"inherit","align":"inherit"}},"datasource":{"loadRemote":false,"parameters":{}},"annotations":{},"field":{"lines":null,"input":{}}}},{"name":"NyttFelt","localizedName":"NyttFelt","localizedNames":{"en":"*NyttFelt (nb)","nb":"NyttFelt"},"localizedDescriptions":{"nb":"*","en":"** (nb)"},"rmType":"DV_TEXT","nodeId":"at0058","min":0,"max":1,"aqlPath":"/content[openEHR-EHR-EVALUATION.dips_bds_anestesiklarering.v1]/data[at0001]/items[at0055]/items[at0058]/value","inputs":[{"type":"TEXT","list":[],"listOpen":false}],"formId":"dips_bds/bds_anestesiklarering/klarering/nyttfelt","viewConfig":{"multiplicity":{"min":0,"max":1},"advanced":{"hidden":false,"readonly":false,"hideFrame":false,"render":false},"label":{"custom":false,"useLocalizations":false},"size":{"field":"inherit","label":"inherit"},"layout":{"label":{"valign":"inherit","align":"inherit"},"field":{"valign":"inherit","align":"inherit"}},"datasource":{"loadRemote":false,"parameters":{}},"annotations":{},"field":{"lines":null,"input":{}}}}]},{"name":"Tilsyn anestesi-SPL:","localizedName":"Tilsyn anestesi-SPL:","localizedNames":{"en":"*Tilsyn anestesi-SPL: (nb)","nb":"Tilsyn anestesi-SPL:"},"localizedDescriptions":{"nb":"*","en":"** (nb)"},"rmType":"CLUSTER","nodeId":"at0063","min":0,"max":1,"aqlPath":"/content[openEHR-EHR-EVALUATION.dips_bds_anestesiklarering.v1]/data[at0001]/items[at0063]","inputs":[],"formId":"dips_bds/bds_anestesiklarering/tilsyn_anestesi-spl:","viewConfig":{"multiplicity":{"min":0,"max":1},"advanced":{"hidden":false,"readonly":false,"hideFrame":false,"render":false},"label":{"custom":false,"useLocalizations":false},"size":{"field":"inherit","label":"inherit"},"layout":{"label":{"valign":"inherit","align":"inherit"},"field":{"valign":"inherit","align":"inherit"}},"annotations":{},"field":{}},"children":[{"name":"Dato for tilsyn:","localizedName":"Dato for tilsyn:","localizedNames":{"en":"*Dato for tilsyn: (nb)","nb":"Dato for tilsyn:"},"localizedDescriptions":{"nb":"*","en":"** (nb)"},"rmType":"DV_DATE","nodeId":"at0024","min":0,"max":1,"aqlPath":"/content[openEHR-EHR-EVALUATION.dips_bds_anestesiklarering.v1]/data[at0001]/items[at0063]/items[at0024]/value","inputs":[{"type":"DATE","listOpen":false}],"formId":"dips_bds/bds_anestesiklarering/tilsyn_anestesi-spl:/dato_for_tilsyn:","viewConfig":{"multiplicity":{"min":0,"max":1},"advanced":{"hidden":false,"readonly":false,"hideFrame":false,"render":false},"label":{"custom":false,"useLocalizations":false},"size":{"field":"inherit","label":"inherit"},"layout":{"label":{"valign":"inherit","align":"inherit"},"field":{"valign":"inherit","align":"inherit"}},"annotations":{},"field":{"input":{"hideTime":false,"dateFormat":"","hideDate":false}}}},{"name":"Godkjenner av tilsyn:","localizedName":"Godkjenner av tilsyn:","localizedNames":{"en":"*Godkjenner av tilsyn: (nb)","nb":"Godkjenner av tilsyn:"},"localizedDescriptions":{"nb":"*","en":"** (nb)"},"rmType":"DV_CODED_TEXT","nodeId":"at0025","min":0,"max":1,"aqlPath":"/content[openEHR-EHR-EVALUATION.dips_bds_anestesiklarering.v1]/data[at0001]/items[at0063]/items[at0025]/value","inputs":[{"suffix":"code","type":"TEXT","terminology":"healthcareparty_both?subset=healthcareparty_both","listOpen":false},{"suffix":"value","type":"TEXT","terminology":"healthcareparty_both?subset=healthcareparty_both","listOpen":false}],"formId":"dips_bds/bds_anestesiklarering/tilsyn_anestesi-spl:/godkjenner_av_tilsyn:","viewConfig":{"multiplicity":{"min":0,"max":1},"advanced":{"hidden":false,"readonly":false,"hideFrame":false,"render":false},"label":{"custom":false,"useLocalizations":false},"size":{"field":"inherit","label":"inherit"},"layout":{"label":{"valign":"inherit","align":"inherit"},"field":{"valign":"inherit","align":"inherit"}},"datasource":{"loadRemote":true,"loadRemoteUrl":"healthcareparty_both?subset=healthcareparty_both"},"annotations":{},"field":{}}}]}]}