{"formId":"form_root","name":"Form root","rmType":"FORM_DEFINITION","viewConfig":{"label":{"custom":false,"value":"","useLocalizations":false,"localizationsList":{}},"size":{"field":"inherit","label":"inherit","fill":"inherit"},"layout":{"valign":"inherit","align":"inherit"},"tags":[]},"templateLanguages":["nb"],"children":[{"name":"Poliklinisk notat","localizedName":"Poliklinisk notat","rmType":"COMPOSITION","nodeId":"openEHR-EHR-COMPOSITION.poliklinisk_notat.v1","min":1,"max":1,"localizedNames":{"nb":"Poliklinisk notat"},"localizedDescriptions":{"nb":"unknown"},"aqlPath":"","children":[],"fid":"poliklinisk_notat","formId":"poliklinisk_notat","viewConfig":{"label":{"custom":false,"value":"","useLocalizations":false,"localizationsList":{}},"advanced":{"hidden":false,"readonly":false,"render":false},"multiplicity":{"min":"0","max":"1"},"size":{"field":"inherit","label":"inherit","fill":"inherit"},"layout":{"label":{"valign":"inherit","align":"inherit"},"field":{"valign":"inherit","align":"inherit"}},"tags":[],"field":{}}}]}