{"formId":"form_root","name":"Form root","rmType":"FORM_DEFINITION","viewConfig":{"label":{"custom":false,"value":"","useLocalizations":false,"localizationsList":{}},"size":{"field":"inherit","label":"inherit","fill":"inherit"},"layout":{"valign":"inherit","align":"inherit"},"tags":[]},"language":"","templateLanguages":["nb"],"children":[{"name":"Mekanisk ventilasjon","localizedName":"Mekanisk ventilasjon","rmType":"OBSERVATION","nodeId":"openEHR-EHR-OBSERVATION.mekanisk_ventilasjon.v0","min":"1","max":"1","localizedNames":{"nb":"Mekanisk ventilasjon"},"localizedDescriptions":{"nb":"unknown"},"aqlPath":"/content[openEHR-EHR-OBSERVATION.mekanisk_ventilasjon.v0]","inputs":[{"type":"TEXT"}],"formId":"nems_score_og_mekanisk_ventilasjon/mekanisk_ventilasjon","children":[{"name":"Tube/kontrollert","localizedName":"Tube/kontrollert","rmType":"DV_DURATION","nodeId":"at0005","min":0,"max":1,"localizedNames":{"nb":"Tube/kontrollert"},"localizedDescriptions":{"nb":"*"},"aqlPath":"/content[openEHR-EHR-OBSERVATION.mekanisk_ventilasjon.v0]/data[at0001]/events[at0002]/data[at0003]/items[at0005]/value","inputs":[{"suffix":"hour","type":"INTEGER","validation":{"range":{"minOp":">=","min":0,"maxOp":"<=","max":24}},"defaultValue":0},{"suffix":"minute","type":"INTEGER","validation":{"range":{"minOp":">=","min":0}},"defaultValue":0}],"formId":"nems_score_og_mekanisk_ventilasjon/mekanisk_ventilasjon/tube_kontrollert","viewConfig":{"size":{"field":"inherit","label":"inherit","fill":"inherit"},"layout":{"label":{"valign":"inherit","align":"inherit"},"field":{"valign":"inherit","align":"inherit"}},"datasource":{"loadRemote":false,"loadRemoteUrl":"","terminology":""},"annotations":{}}},{"name":"Tube/støttet","localizedName":"Tube/støttet","rmType":"DV_DURATION","nodeId":"at0006","min":0,"max":1,"localizedNames":{"nb":"Tube/støttet"},"localizedDescriptions":{"nb":"*"},"aqlPath":"/content[openEHR-EHR-OBSERVATION.mekanisk_ventilasjon.v0]/data[at0001]/events[at0002]/data[at0003]/items[at0006]/value","inputs":[{"suffix":"hour","type":"INTEGER","validation":{"range":{"minOp":">=","min":0,"maxOp":"<=","max":24}},"defaultValue":0},{"suffix":"minute","type":"INTEGER","validation":{"range":{"minOp":">=","min":0}},"defaultValue":0}],"formId":"nems_score_og_mekanisk_ventilasjon/mekanisk_ventilasjon/tube_støttet","viewConfig":{"size":{"field":"inherit","label":"inherit","fill":"inherit"},"layout":{"label":{"valign":"inherit","align":"inherit"},"field":{"valign":"inherit","align":"inherit"}},"datasource":{"loadRemote":false,"loadRemoteUrl":"","terminology":""},"annotations":{}}},{"name":"CPAP/NIV","localizedName":"CPAP/NIV","rmType":"DV_DURATION","nodeId":"at0007","min":0,"max":1,"localizedNames":{"nb":"CPAP/NIV"},"localizedDescriptions":{"nb":"*"},"aqlPath":"/content[openEHR-EHR-OBSERVATION.mekanisk_ventilasjon.v0]/data[at0001]/events[at0002]/data[at0003]/items[at0007]/value","inputs":[{"suffix":"hour","type":"INTEGER","validation":{"range":{"minOp":">=","min":0,"maxOp":"<=","max":24}},"defaultValue":0},{"suffix":"minute","type":"INTEGER","validation":{"range":{"minOp":">=","min":0}},"defaultValue":0}],"formId":"nems_score_og_mekanisk_ventilasjon/mekanisk_ventilasjon/cpap_niv","viewConfig":{"size":{"field":"inherit","label":"inherit","fill":"inherit"},"layout":{"label":{"valign":"inherit","align":"inherit"},"field":{"valign":"inherit","align":"inherit"}},"datasource":{"loadRemote":false,"loadRemoteUrl":"","terminology":""},"annotations":{}}},{"name":"HFOV","localizedName":"HFOV","rmType":"DV_DURATION","nodeId":"at0008","min":0,"max":1,"localizedNames":{"nb":"HFOV"},"localizedDescriptions":{"nb":"*"},"aqlPath":"/content[openEHR-EHR-OBSERVATION.mekanisk_ventilasjon.v0]/data[at0001]/events[at0002]/data[at0003]/items[at0008]/value","inputs":[{"suffix":"hour","type":"INTEGER","validation":{"range":{"minOp":">=","min":0,"maxOp":"<=","max":24}},"defaultValue":0},{"suffix":"minute","type":"INTEGER","validation":{"range":{"minOp":">=","min":0}},"defaultValue":0}],"formId":"nems_score_og_mekanisk_ventilasjon/mekanisk_ventilasjon/hfov","viewConfig":{"size":{"field":"inherit","label":"inherit","fill":"inherit"},"layout":{"label":{"valign":"inherit","align":"inherit"},"field":{"valign":"inherit","align":"inherit"}},"datasource":{"loadRemote":false,"loadRemoteUrl":"","terminology":""},"annotations":{}}},{"name":"HFOV + inh.gass","localizedName":"HFOV + inh.gass","rmType":"DV_DURATION","nodeId":"at0009","min":0,"max":1,"localizedNames":{"nb":"HFOV + inh.gass"},"localizedDescriptions":{"nb":"*"},"aqlPath":"/content[openEHR-EHR-OBSERVATION.mekanisk_ventilasjon.v0]/data[at0001]/events[at0002]/data[at0003]/items[at0009]/value","inputs":[{"suffix":"hour","type":"INTEGER","validation":{"range":{"minOp":">=","min":0,"maxOp":"<=","max":24}},"defaultValue":0},{"suffix":"minute","type":"INTEGER","validation":{"range":{"minOp":">=","min":0}},"defaultValue":0}],"formId":"nems_score_og_mekanisk_ventilasjon/mekanisk_ventilasjon/hfov_inh.gass","viewConfig":{"size":{"field":"inherit","label":"inherit","fill":"inherit"},"layout":{"label":{"valign":"inherit","align":"inherit"},"field":{"valign":"inherit","align":"inherit"}},"datasource":{"loadRemote":false,"loadRemoteUrl":"","terminology":""}}},{"name":"Respirator + inh.gass","localizedName":"Respirator + inh.gass","rmType":"DV_DURATION","nodeId":"at0010","min":0,"max":1,"localizedNames":{"nb":"Respirator + inh.gass"},"localizedDescriptions":{"nb":"*"},"aqlPath":"/content[openEHR-EHR-OBSERVATION.mekanisk_ventilasjon.v0]/data[at0001]/events[at0002]/data[at0003]/items[at0010]/value","inputs":[{"suffix":"hour","type":"INTEGER","validation":{"range":{"minOp":">=","min":0,"maxOp":"<=","max":24}},"defaultValue":0},{"suffix":"minute","type":"INTEGER","validation":{"range":{"minOp":">=","min":0}},"defaultValue":0}],"formId":"nems_score_og_mekanisk_ventilasjon/mekanisk_ventilasjon/respirator_inh.gass","viewConfig":{"size":{"field":"inherit","label":"inherit","fill":"inherit"},"layout":{"label":{"valign":"inherit","align":"inherit"},"field":{"valign":"inherit","align":"inherit"}},"datasource":{"loadRemote":false,"loadRemoteUrl":"","terminology":""}}},{"name":"HF-CPAP","localizedName":"HF-CPAP","rmType":"DV_DURATION","nodeId":"at0011","min":0,"max":1,"localizedNames":{"nb":"HF-CPAP"},"localizedDescriptions":{"nb":"*"},"aqlPath":"/content[openEHR-EHR-OBSERVATION.mekanisk_ventilasjon.v0]/data[at0001]/events[at0002]/data[at0003]/items[at0011]/value","inputs":[{"suffix":"hour","type":"INTEGER","validation":{"range":{"minOp":">=","min":0,"maxOp":"<=","max":24}},"defaultValue":0},{"suffix":"minute","type":"INTEGER","validation":{"range":{"minOp":">=","min":0}},"defaultValue":0}],"formId":"nems_score_og_mekanisk_ventilasjon/mekanisk_ventilasjon/hf-cpap","viewConfig":{"size":{"field":"inherit","label":"inherit","fill":"inherit"},"layout":{"label":{"valign":"inherit","align":"inherit"},"field":{"valign":"inherit","align":"inherit"}},"datasource":{"loadRemote":false,"loadRemoteUrl":"","terminology":""}}}],"viewConfig":{"size":{"field":"inherit","label":"inherit","fill":"inherit"},"layout":{"label":{"valign":"inherit","align":"inherit"},"field":{"valign":"inherit","align":"inherit"}},"advanced":{"hidden":false,"readonly":false,"render":true},"tags":[],"datasource":{"loadRemote":false,"loadRemoteUrl":"","terminology":""},"annotations":{}}}]}