{"formId":"form_root","name":"Form root","rmType":"FORM_DEFINITION","viewConfig":{"label":{"custom":false,"value":"","useLocalizations":false,"localizationsList":{}},"size":{"field":"inherit","label":"inherit","fill":"inherit"},"layout":{"valign":"inherit","align":"inherit"},"tags":[],"annotations":{"#nems":"SELECT c/uid/value as cid, o FROM COMPOSITION c CONTAINS OBSERVATION o[openEHR-EHR-OBSERVATION.nems_score.v0] ORDER BY o/data/origin/value DESC?scope=folder","#saps":"select c/uid/value as cid, o from composition c contains observation o[openEHR-EHR-OBSERVATION.saps_score.v0] order by o/data/origin desc limit 1?scope=folder"}},"language":"","templateLanguages":["nb"],"children":[{"localizedName":"Fieldset","localizedNames":{"nb":"SAPS registrering"},"min":0,"max":-1,"name":"Fieldset","rmType":"GENERIC_FIELDSET","fid":"generic-field-37509","formId":"generic-field-37509","viewConfig":{"label":{"custom":true,"value":"SAPS registrering","useLocalizations":true,"localizationsList":{"nb":"SAPS registrering"}},"advanced":{"hidden":false,"readonly":false,"render":true},"multiplicity":{"min":"0","max":"1"},"size":{"field":"inherit","label":"inherit","fill":"inherit"},"layout":{"label":{"valign":"inherit","align":"inherit"},"field":{"valign":"inherit","align":"inherit"}},"field":{},"tags":[]},"children":[]},{"annotations":{"comment":"Generic input field used to add custom fields."},"inputs":[{"type":"TEXT"}],"localizedName":"Input","localizedNames":{"nb":"Input"},"max":-1,"min":0,"name":"Input","rmType":"GENERIC_FIELD","fid":"generic-field-53380","formId":"generic-field-53380","viewConfig":{"label":{"custom":true,"value":"SAPS","useLocalizations":true,"localizationsList":{"nb":"SAPS"}},"size":{"field":"inherit","label":"inherit","fill":"inherit"},"layout":{"label":{"valign":"inherit","align":"inherit"},"field":{"valign":"inherit","align":"inherit"}},"datasource":{"loadRemote":false,"loadRemoteUrl":"","terminology":""},"advanced":{"hidden":false,"readonly":false},"multiplicity":{"min":"0","max":"1"},"tags":[],"annotations":{"format":"{#saps:/data[at0001]/events[at0002]/data[at0003]/items[at0025]/value/magnitude}"},"field":{"input":{"presentation":"textfield","lines":"1"},"type":"DV_TEXT"}},"defaultValue":{"value":""}},{"annotations":{"comment":"Generic input field used to add custom fields."},"inputs":[{"type":"TEXT"}],"localizedName":"Input","localizedNames":{"nb":"Input"},"max":-1,"min":0,"name":"Input","rmType":"GENERIC_FIELD","fid":"generic-field-38035","formId":"generic-field-38035","viewConfig":{"label":{"custom":true,"value":"Mortalitet","useLocalizations":true,"localizationsList":{"nb":"Mortalitet"}},"advanced":{"hidden":false,"readonly":false},"multiplicity":{"min":"0","max":"1"},"size":{"field":"inherit","label":"inherit","fill":"inherit"},"layout":{"label":{"valign":"inherit","align":"inherit"},"field":{"valign":"inherit","align":"inherit"}},"datasource":{"loadRemote":false,"loadRemoteUrl":"","terminology":""},"tags":[],"annotations":{"format":"{#saps:/data[at0001]/events[at0002]/data[at0003]/items[at0026]/value/magnitude}%"},"field":{"input":{"presentation":"textfield","lines":"1"},"type":"DV_TEXT"}},"defaultValue":{"value":""}},{"localizedName":"Fieldset","localizedNames":{"nb":"NEMS registrering"},"min":0,"max":-1,"name":"Fieldset","rmType":"GENERIC_FIELDSET","fid":"generic-field-54856","formId":"generic-field-54856","children":[{"name":"Nems score","localizedName":"Nems score","rmType":"OBSERVATION","nodeId":"openEHR-EHR-OBSERVATION.nems_score.v0","min":0,"max":-1,"localizedNames":{"nb":"Nems score"},"localizedDescriptions":{"nb":"unknown"},"aqlPath":"/content[openEHR-EHR-OBSERVATION.nems_score.v0]","children":[{"name":"Time","rmType":"DV_DATE_TIME","min":1,"max":1,"aqlPath":"/content[openEHR-EHR-OBSERVATION.nems_score.v0]/data[at0001]/events[at0002]/time","inputs":[{"type":"DATETIME"}],"inContext":true,"fid":"klinisk_kontakt/nems_score/time","formId":"klinisk_kontakt/nems_score/time","viewConfig":{"label":{"custom":false,"value":"","useLocalizations":false,"localizationsList":{}},"advanced":{"hidden":false,"readonly":true},"multiplicity":{"min":"0","max":"1"},"size":{"field":"inherit","label":"inherit","fill":"inherit"},"layout":{"label":{"valign":"inherit","align":"inherit"},"field":{"valign":"inherit","align":"inherit"}},"datasource":{"loadRemote":false,"loadRemoteUrl":"","terminology":""},"tags":["hidelabel"],"field":{"input":{"dateFormat":"","hideDate":false,"hideTime":false}}},"defaultValue":{"value":""}},{"name":"Nems Score","localizedName":"Nems Score","rmType":"DV_COUNT","nodeId":"at0015","min":0,"max":1,"localizedNames":{"nb":"Nems Score"},"localizedDescriptions":{"nb":"*"},"aqlPath":"/content[openEHR-EHR-OBSERVATION.nems_score.v0]/data[at0001]/events[at0002]/data[at0003]/items[at0015]/value","inputs":[{"type":"INTEGER","validation":{"range":{"minOp":">=","min":0}}}],"formId":"klinisk_kontakt/nems_score/nems_score","viewConfig":{"label":{"custom":false,"value":"","useLocalizations":false,"localizationsList":{}},"size":{"field":"inherit","label":"inherit","fill":"inherit"},"layout":{"label":{"valign":"inherit","align":"inherit"},"field":{"valign":"inherit","align":"inherit"}},"datasource":{"loadRemote":false,"loadRemoteUrl":"","terminology":""},"advanced":{"hidden":false,"readonly":true},"multiplicity":{"min":"0","max":"1"},"tags":[],"field":{}},"fid":"klinisk_kontakt/nems_score/nems_score"}],"fid":"klinisk_kontakt/nems_score","formId":"klinisk_kontakt/nems_score","viewConfig":{"label":{"custom":false,"value":"","useLocalizations":false,"localizationsList":{}},"size":{"field":"inherit","label":"inherit","fill":"inherit"},"layout":{"label":{"valign":"inherit","align":"inherit"},"field":{"valign":"inherit","align":"inherit"}},"field":{},"annotations":{"select":"{#nems}"},"advanced":{"hidden":false,"readonly":false,"render":false},"multiplicity":{"min":"0","max":"100"},"tags":["hidelabel"]}}],"viewConfig":{"label":{"custom":true,"value":"NEMS registrering","useLocalizations":true,"localizationsList":{"nb":"NEMS registrering"}},"advanced":{"hidden":false,"readonly":false,"render":false},"multiplicity":{"min":"0","max":"100"},"size":{"field":"inherit","label":"inherit","fill":"inherit"},"layout":{"label":{"valign":"inherit","align":"inherit"},"field":{"valign":"inherit","align":"inherit"}},"field":{},"tags":[]}}]}