[{"col":1,"row":1,"width":12,"height":23,"children":[{"id":"generic-field-37509","rows":[{"cols":[{"width":"100%","children":[]}]}]},{"id":"generic-field-53380","rows":[]},{"id":"generic-field-38035","rows":[]}]},{"col":1,"row":24,"width":12,"height":17,"children":[{"id":"generic-field-54856","rows":[{"cols":[{"width":"100%","children":[{"id":"klinisk_kontakt/nems_score","rows":[{"cols":[{"width":"50%","children":[{"id":"klinisk_kontakt/nems_score/time"}]},{"width":"50%","children":[{"id":"klinisk_kontakt/nems_score/nems_score"}]}]}]}]}]}]}]}]