{"formId":"form_root","name":"Form root","rmType":"FORM_DEFINITION","viewConfig":{"label":{"custom":false,"value":"","useLocalizations":false,"localizationsList":{}},"size":{"field":"inherit","label":"inherit","fill":"inherit"},"layout":{"valign":"inherit","align":"inherit"},"tags":[],"annotations":{"#nems":"SELECT c/uid/value as cid, o FROM COMPOSITION c CONTAINS OBSERVATION o[openEHR-EHR-OBSERVATION.nems_score.v0] ORDER BY o/data/origin/value DESC?scope=folder","#saps":"select c/uid/value as cid, o from composition c contains observation o[openEHR-EHR-OBSERVATION.saps_score.v0] order by o/data/origin desc limit 1?scope=folder"}},"language":"","templateLanguages":["nb"],"children":[{"localizedName":"SAPS registrering","localizedNames":{"nb":"SAPS registrering"},"min":"0","max":"1","name":"SAPS registrering","rmType":"GENERIC_FIELDSET","formId":"generic-field-37509","viewConfig":{"advanced":{"hidden":false,"readonly":false,"render":true},"size":{"field":"inherit","label":"inherit","fill":"inherit"},"layout":{"label":{"valign":"inherit","align":"inherit"},"field":{"valign":"inherit","align":"inherit"}},"tags":[]},"children":[]},{"annotations":{"comment":"Generic input field used to add custom fields."},"inputs":[{"type":"TEXT"}],"localizedName":"SAPS","localizedNames":{"nb":"SAPS"},"max":"1","min":"0","name":"SAPS","rmType":"GENERIC_FIELD","formId":"generic-field-53380","viewConfig":{"size":{"field":"inherit","label":"inherit","fill":"inherit"},"layout":{"label":{"valign":"inherit","align":"inherit"},"field":{"valign":"inherit","align":"inherit"}},"datasource":{"loadRemote":false,"loadRemoteUrl":"","terminology":""},"advanced":{"hidden":false,"readonly":false},"tags":[],"annotations":{"format":"{#saps:/data[at0001]/events[at0002]/data[at0003]/items[at0025]/value/magnitude}"},"field":{"input":{"presentation":"textfield","lines":"1"},"type":"DV_TEXT"}}},{"annotations":{"comment":"Generic input field used to add custom fields."},"inputs":[{"type":"TEXT"}],"localizedName":"Mortalitet","localizedNames":{"nb":"Mortalitet"},"max":"1","min":"0","name":"Mortalitet","rmType":"GENERIC_FIELD","formId":"generic-field-38035","viewConfig":{"advanced":{"hidden":false,"readonly":false},"size":{"field":"inherit","label":"inherit","fill":"inherit"},"layout":{"label":{"valign":"inherit","align":"inherit"},"field":{"valign":"inherit","align":"inherit"}},"datasource":{"loadRemote":false,"loadRemoteUrl":"","terminology":""},"tags":[],"annotations":{"format":"{#saps:/data[at0001]/events[at0002]/data[at0003]/items[at0026]/value/magnitude}%"},"field":{"input":{"presentation":"textfield","lines":"1"},"type":"DV_TEXT"}}},{"localizedName":"NEMS registrering","localizedNames":{"nb":"NEMS registrering"},"min":"0","max":"100","name":"NEMS registrering","rmType":"GENERIC_FIELDSET","formId":"generic-field-54856","children":[{"name":"Nems score","localizedName":"Nems score","rmType":"OBSERVATION","nodeId":"openEHR-EHR-OBSERVATION.nems_score.v0","min":"0","max":"100","localizedNames":{"nb":"Nems score"},"localizedDescriptions":{"nb":"unknown"},"aqlPath":"/content[openEHR-EHR-OBSERVATION.nems_score.v0]","children":[{"name":"Time","rmType":"DV_DATE_TIME","min":"0","max":"1","aqlPath":"/content[openEHR-EHR-OBSERVATION.nems_score.v0]/data[at0001]/events[at0002]/time","inputs":[{"type":"DATETIME"}],"inContext":true,"formId":"klinisk_kontakt/nems_score/time","viewConfig":{"advanced":{"hidden":false,"readonly":true},"size":{"field":"inherit","label":"inherit","fill":"inherit"},"layout":{"label":{"valign":"inherit","align":"inherit"},"field":{"valign":"inherit","align":"inherit"}},"datasource":{"loadRemote":false,"loadRemoteUrl":"","terminology":""},"tags":["hidelabel"],"field":{"input":{"dateFormat":"","hideDate":false,"hideTime":false}}}},{"name":"Nems Score","localizedName":"Nems Score","rmType":"DV_COUNT","nodeId":"at0015","min":"0","max":"1","localizedNames":{"nb":"Nems Score"},"localizedDescriptions":{"nb":"*"},"aqlPath":"/content[openEHR-EHR-OBSERVATION.nems_score.v0]/data[at0001]/events[at0002]/data[at0003]/items[at0015]/value","inputs":[{"type":"INTEGER","validation":{"range":{"minOp":">=","min":0}}}],"formId":"klinisk_kontakt/nems_score/nems_score","viewConfig":{"size":{"field":"inherit","label":"inherit","fill":"inherit"},"layout":{"label":{"valign":"inherit","align":"inherit"},"field":{"valign":"inherit","align":"inherit"}},"datasource":{"loadRemote":false,"loadRemoteUrl":"","terminology":""},"advanced":{"hidden":false,"readonly":true},"tags":[]}}],"formId":"klinisk_kontakt/nems_score","viewConfig":{"size":{"field":"inherit","label":"inherit","fill":"inherit"},"layout":{"label":{"valign":"inherit","align":"inherit"},"field":{"valign":"inherit","align":"inherit"}},"annotations":{"select":"{#nems}"},"advanced":{"hidden":false,"readonly":false,"render":false},"tags":["hidelabel"]}}],"viewConfig":{"advanced":{"hidden":false,"readonly":false,"render":false},"size":{"field":"inherit","label":"inherit","fill":"inherit"},"layout":{"label":{"valign":"inherit","align":"inherit"},"field":{"valign":"inherit","align":"inherit"}},"tags":[]}}]}