[{"field":"preoperativ_sjekkliste/*container(en)/sjekkliste_preopr_diakonhjemmet/pretransfusjonsprøve_tatt","conditions":[{"operator":"equals","value":{"code":"1"},"actions":[{"action":"show","target":"preoperativ_sjekkliste/*container(en)/sjekkliste_preopr_diakonhjemmet/pretransfusjonsprøve_sendt"}]},{"operator":"notequals","value":{"code":"1"},"actions":[{"action":"hide","target":"preoperativ_sjekkliste/*container(en)/sjekkliste_preopr_diakonhjemmet/pretransfusjonsprøve_sendt"},{"action":"clear","target":"preoperativ_sjekkliste/*container(en)/sjekkliste_preopr_diakonhjemmet/pretransfusjonsprøve_sendt"}]}]}]