{"formId":"form_root","name":"Form root","rmType":"FORM_DEFINITION","viewConfig":{"label":{"custom":false,"value":"","useLocalizations":false,"localizationsList":{}},"size":{"field":"inherit","label":"inherit","fill":"inherit"},"layout":{"valign":"inherit","align":"inherit"},"tags":[],"annotations":{"#resp":"SELECT c/uid/value as CID, o/data[at0001]/events[at0002]/data[at0003]/items[at0004]/value FROM COMPOSITION c CONTAINS OBSERVATION o[openEHR-EHR-OBSERVATION.respiration.v1]  ORDER BY o/data[at0001]/events[at0002]/time/value desc  limit 1","#spo2":"SELECT c/uid/value as CID, o/data[at0001]/events[at0002]/data[at0003]/items[at0006]/value FROM COMPOSITION c CONTAINS OBSERVATION o[openEHR-EHR-OBSERVATION.indirect_oximetry.v1]  ORDER BY o/data[at0001]/events[at0002]/time desc limit 1","#bp":"SELECT c/uid/value as CID, o/data[at0001]/events[at0006]/data[at0003]/items[at0004]/value FROM COMPOSITION c CONTAINS OBSERVATION o[openEHR-EHR-OBSERVATION.blood_pressure.v1]  ORDER BY o/data[at0001]/events[at0006]/time/value desc limit 1","#pulse":"SELECT c/uid/value as CID, o/data[at0002]/events[at0003]/data[at0001]/items[at0004]/value FROM COMPOSITION c CONTAINS OBSERVATION o[openEHR-EHR-OBSERVATION.pulse.v1]  ORDER BY o/data[at0002]/events[at0003]/time/value desc limit 1","#tempAQL":"SELECT c/uid/value as CID, o/data[at0002]/events[at0003]/data[at0001]/items[at0004]/value FROM COMPOSITION c  CONTAINS OBSERVATION o[openEHR-EHR-OBSERVATION.body_temperature.v1]  ORDER BY o/data[at0002]/events[at0003]/time/value desc  limit 1"}},"language":"","templateLanguages":["nb"],"children":[{"name":"NEWS","localizedName":"NEWS","rmType":"OBSERVATION","nodeId":"openEHR-EHR-OBSERVATION.news_uk_rcp.v1","min":0,"max":-1,"localizedNames":{"nb":"NEWS"},"localizedDescriptions":{"nb":"NEWS (National Early Warning Score) er et skåringsverktøy som benyttes for å gi en objektiv vurdering av grad av klinisk forverring hos en pasient. Denne versjonen følger retningslinjer utgitt av the UK Royal College of Physicians."},"aqlPath":"/content[openEHR-EHR-OBSERVATION.news_uk_rcp.v1]","fid":"news/news","formId":"news/news","viewConfig":{"size":{"field":"inherit","label":"inherit","fill":"inherit"},"layout":{"label":{"valign":"inherit","align":"top"},"field":{"valign":"inherit","align":"inherit"}},"field":{},"label":{"custom":false,"value":"","useLocalizations":false,"localizationsList":{}},"advanced":{"hidden":false,"readonly":false},"multiplicity":{"min":"0","max":"1"},"tags":[],"datasource":{"loadRemote":false,"loadRemoteUrl":"","terminology":""}},"children":[{"name":"Respirasjonsfrekvens","localizedName":"Respirasjonsfrekvens","rmType":"DV_QUANTITY","nodeId":"at0001","min":0,"max":1,"localizedNames":{"nb":"Respirasjonsfrekvens"},"localizedDescriptions":{"nb":"*"},"aqlPath":"/content[openEHR-EHR-OBSERVATION.news_uk_rcp.v1]/protocol[at0045]/items[openEHR-EHR-CLUSTER.news_base_data.v0]/items[at0001]/value","inputs":[{"suffix":"magnitude","type":"DECIMAL","validation":{"range":{"minOp":">=","min":0,"maxOp":"<=","max":200},"precision":{"minOp":">=","min":0,"maxOp":"<=","max":0}}},{"suffix":"unit","type":"CODED_TEXT","list":[{"value":"/min","label":"/min","validation":{"range":{"minOp":">=","min":0,"maxOp":"<=","max":200},"precision":{"minOp":">=","min":0,"maxOp":"<=","max":0}}}]}],"formId":"news/news/news_grunnlagsdata/respirasjonsfrekvens","viewConfig":{"field":{"magnitude":{"presentation":"combobox"}},"size":{"field":"inherit","label":"inherit","fill":"inherit"},"layout":{"label":{"valign":"inherit","align":"inherit"},"field":{"valign":"inherit","align":"inherit"}},"datasource":{"loadRemote":false,"loadRemoteUrl":"","terminology":""},"annotations":{"select":"{#resp}"},"label":{"custom":false,"value":"","useLocalizations":false,"localizationsList":{}},"advanced":{"hidden":false,"readonly":false},"multiplicity":{"min":"1","max":"1"},"tags":[]},"fid":"news/news/news_grunnlagsdata/respirasjonsfrekvens","defaultValue":{"unit":"/min"}},{"name":"Oksygenmetning","localizedName":"Oksygenmetning","rmType":"DV_PROPORTION","nodeId":"at0002","min":0,"max":1,"localizedNames":{"nb":"Oksygenmetning"},"localizedDescriptions":{"nb":"*"},"aqlPath":"/content[openEHR-EHR-OBSERVATION.news_uk_rcp.v1]/protocol[at0045]/items[openEHR-EHR-CLUSTER.news_base_data.v0]/items[at0002]/value","inputs":[{"suffix":"numerator","type":"INTEGER","validation":{"range":{"minOp":">=","min":0,"maxOp":"<=","max":100}}},{"suffix":"denominator","type":"INTEGER","validation":{"range":{"minOp":">=","min":100,"maxOp":"<=","max":100}}}],"formId":"news/news/news_grunnlagsdata/oksygenmetning","viewConfig":{"size":{"field":"inherit","label":"inherit","fill":"inherit"},"layout":{"label":{"valign":"inherit","align":"inherit"},"field":{"valign":"inherit","align":"inherit"}},"datasource":{"loadRemote":false,"loadRemoteUrl":"","terminology":""},"label":{"custom":false,"value":"","useLocalizations":false,"localizationsList":{}},"advanced":{"hidden":false,"readonly":false},"multiplicity":{"min":"0","max":"1"},"tags":[],"annotations":{"select":"{#spo2}"}},"fid":"news/news/news_grunnlagsdata/oksygenmetning","defaultValue":{"denominator":100}},{"name":"Tilførsel av oksygen","localizedName":"Tilførsel av oksygen","rmType":"DV_BOOLEAN","nodeId":"at0003","min":0,"max":1,"localizedNames":{"nb":"Tilførsel av oksygen"},"localizedDescriptions":{"nb":"*"},"aqlPath":"/content[openEHR-EHR-OBSERVATION.news_uk_rcp.v1]/protocol[at0045]/items[openEHR-EHR-CLUSTER.news_base_data.v0]/items[at0003]/value","inputs":[{"type":"BOOLEAN"}],"formId":"news/news/news_grunnlagsdata/tilførsel_av_oksygen","viewConfig":{"size":{"field":"inherit","label":"inherit","fill":"inherit"},"layout":{"field":{"valign":"inherit","align":"inherit"}},"datasource":{"loadRemote":false,"loadRemoteUrl":"","terminology":""},"field":{"input":{"threeState":false}}},"fid":"news/news/news_grunnlagsdata/tilførsel_av_oksygen"},{"name":"Temperatur","localizedName":"Temperatur","rmType":"DV_QUANTITY","nodeId":"at0004","min":0,"max":1,"localizedNames":{"nb":"Temperatur"},"localizedDescriptions":{"nb":"*"},"aqlPath":"/content[openEHR-EHR-OBSERVATION.news_uk_rcp.v1]/protocol[at0045]/items[openEHR-EHR-CLUSTER.news_base_data.v0]/items[at0004]/value","inputs":[{"suffix":"magnitude","type":"DECIMAL"},{"suffix":"unit","type":"CODED_TEXT","list":[{"value":"°C","label":"°C"}]}],"formId":"news/news/news_grunnlagsdata/temperatur","viewConfig":{"field":{"magnitude":{"presentation":"combobox"}},"size":{"field":"inherit","label":"inherit","fill":"inherit"},"layout":{"label":{"valign":"inherit","align":"inherit"},"field":{"valign":"inherit","align":"inherit"}},"datasource":{"loadRemote":false,"loadRemoteUrl":"","terminology":""},"annotations":{"select ":"{#tempAQL}"},"label":{"custom":false,"value":"","useLocalizations":false,"localizationsList":{}},"advanced":{"hidden":false,"readonly":false},"multiplicity":{"min":"1","max":"1"},"tags":[]},"fid":"news/news/news_grunnlagsdata/temperatur","defaultValue":{"unit":"°C"}},{"name":"Systolisk blodtrykk","localizedName":"Systolisk blodtrykk","rmType":"DV_QUANTITY","nodeId":"at0005","min":0,"max":1,"localizedNames":{"nb":"Systolisk blodtrykk"},"localizedDescriptions":{"nb":"*"},"aqlPath":"/content[openEHR-EHR-OBSERVATION.news_uk_rcp.v1]/protocol[at0045]/items[openEHR-EHR-CLUSTER.news_base_data.v0]/items[at0005]/value","inputs":[{"suffix":"magnitude","type":"DECIMAL"},{"suffix":"unit","type":"CODED_TEXT","list":[{"value":"mm[Hg]","label":"mm[Hg]"}]}],"formId":"news/news/news_grunnlagsdata/systolisk_blodtrykk","viewConfig":{"field":{"magnitude":{"presentation":"combobox"}},"size":{"field":"inherit","label":"inherit","fill":"inherit"},"layout":{"label":{"valign":"inherit","align":"inherit"},"field":{"valign":"inherit","align":"inherit"}},"datasource":{"loadRemote":false,"loadRemoteUrl":"","terminology":""},"annotations":{"select":"{#bp}"},"label":{"custom":false,"value":"","useLocalizations":false,"localizationsList":{}},"advanced":{"hidden":false,"readonly":false},"multiplicity":{"min":"1","max":"1"},"tags":[]},"fid":"news/news/news_grunnlagsdata/systolisk_blodtrykk","defaultValue":{"unit":"mm[Hg]"}},{"name":"Hjertefrekvens/puls","localizedName":"Hjertefrekvens/puls","rmType":"DV_QUANTITY","nodeId":"at0006","min":0,"max":1,"localizedNames":{"nb":"Hjertefrekvens/puls"},"localizedDescriptions":{"nb":"*"},"aqlPath":"/content[openEHR-EHR-OBSERVATION.news_uk_rcp.v1]/protocol[at0045]/items[openEHR-EHR-CLUSTER.news_base_data.v0]/items[at0006]/value","inputs":[{"suffix":"magnitude","type":"DECIMAL","validation":{"range":{"minOp":">=","min":0,"maxOp":"<=","max":1000},"precision":{"minOp":">=","min":0,"maxOp":"<=","max":0}}},{"suffix":"unit","type":"CODED_TEXT","list":[{"value":"/min","label":"/min","validation":{"range":{"minOp":">=","min":0,"maxOp":"<=","max":1000},"precision":{"minOp":">=","min":0,"maxOp":"<=","max":0}}}]}],"formId":"news/news/news_grunnlagsdata/hjertefrekvens_puls","viewConfig":{"field":{"magnitude":{"presentation":"combobox"}},"size":{"field":"inherit","label":"inherit","fill":"inherit"},"layout":{"field":{"valign":"inherit","align":"inherit"}},"datasource":{"loadRemote":false,"loadRemoteUrl":"","terminology":""},"annotations":{"select":"{#pulse}"}},"fid":"news/news/news_grunnlagsdata/hjertefrekvens_puls","defaultValue":{"unit":"/min"}},{"name":"AVPU Observasjon","localizedName":"AVPU Observasjon","rmType":"DV_CODED_TEXT","nodeId":"at0007","min":0,"max":1,"localizedNames":{"nb":"AVPU Observasjon"},"localizedDescriptions":{"nb":"The observation of the patient's responsiveness."},"aqlPath":"/content[openEHR-EHR-OBSERVATION.news_uk_rcp.v1]/protocol[at0045]/items[openEHR-EHR-CLUSTER.news_base_data.v0]/items[at0007]/value","inputs":[{"suffix":"code","type":"CODED_TEXT","list":[{"value":"at0008","label":"Våken","localizedLabels":{"nb":"Våken"},"localizedDescriptions":{"nb":"*"}},{"value":"at0009","label":"Tiltale","localizedLabels":{"nb":"Tiltale"},"localizedDescriptions":{"nb":"*"}},{"value":"at0010","label":"Smerte","localizedLabels":{"nb":"Smerte"},"localizedDescriptions":{"nb":"*"}},{"value":"at0011","label":"Reagerer ikke","localizedLabels":{"nb":"Reagerer ikke"},"localizedDescriptions":{"nb":"*"}}]}],"formId":"news/news/news_grunnlagsdata/avpu_observasjon","viewConfig":{"size":{"field":"inherit","label":"inherit","fill":"inherit"},"layout":{"label":{"valign":"inherit","align":"inherit"},"field":{"valign":"inherit","align":"inherit"}},"datasource":{"loadRemote":false,"loadRemoteUrl":"","terminology":""},"label":{"custom":false,"value":"","useLocalizations":false,"localizationsList":{}},"advanced":{"hidden":false,"readonly":false},"multiplicity":{"min":"1","max":"1"},"tags":[],"field":{"code":{"presentation":"combobox","columns":"4"}}},"fid":"news/news/news_grunnlagsdata/avpu_observasjon","defaultValue":{"code":""}},{"name":"Respirasjonsfrekvens","localizedName":"Respirasjonsfrekvens","rmType":"DV_ORDINAL","nodeId":"at0006","min":0,"max":1,"localizedNames":{"nb":"Respirasjonsfrekvens"},"localizedDescriptions":{"nb":"Pasientens respirasjonsfrekvens."},"aqlPath":"/content[openEHR-EHR-OBSERVATION.news_uk_rcp.v1]/data[at0001]/events[at0002]/data[at0003]/items[at0006]/value","inputs":[{"type":"CODED_TEXT","list":[{"value":"at0018","label":"12-20","localizedLabels":{"nb":"12-20"},"localizedDescriptions":{"nb":"Respirasjonsfrekvensen målt fra og med 12 til og med 20 pust per min; skåres som 0 poeng."},"ordinal":0},{"value":"at0019","label":"9-11","localizedLabels":{"nb":"9-11"},"localizedDescriptions":{"nb":"Respirasjonsfrekvensen målt fra og med 9 til og med 11 pust per min; skåres som 1 poeng."},"ordinal":1},{"value":"at0020","label":"21-24","localizedLabels":{"nb":"21-24"},"localizedDescriptions":{"nb":"Respirasjonsfrekvensen målt fra og med 21 til og med 24 pust per min; skåres som 2 poeng."},"ordinal":2},{"value":"at0021","label":"≤8 eller ≥25","localizedLabels":{"nb":"≤8 eller ≥25"},"localizedDescriptions":{"nb":"Respirasjonsfrekvensen målt, mindre enn eller lik 8, eller større enn eller lik 25 pust per min; skåres som 3 poeng."},"ordinal":3}]}],"formId":"news/news/respirasjonsfrekvens","viewConfig":{"size":{"field":"inherit","label":"inherit","fill":"inherit"},"layout":{"label":{"valign":"inherit","align":"inherit"},"field":{"valign":"inherit","align":"inherit"}},"datasource":{"loadRemote":false,"loadRemoteUrl":"","terminology":""},"label":{"custom":false,"value":"","useLocalizations":false,"localizationsList":{}},"advanced":{"hidden":false,"readonly":true},"multiplicity":{"min":"0","max":"1"},"tags":[],"annotations":{"calcId":"resp"},"field":{"input":{"presentation":"combobox","columns":"4"}}},"fid":"news/news/respirasjonsfrekvens","defaultValue":{"value":""}},{"name":"Oksygenmetning","localizedName":"Oksygenmetning","rmType":"DV_ORDINAL","nodeId":"at0029","min":0,"max":1,"localizedNames":{"nb":"Oksygenmetning"},"localizedDescriptions":{"nb":"Pasientens oksygenmetning."},"aqlPath":"/content[openEHR-EHR-OBSERVATION.news_uk_rcp.v1]/data[at0001]/events[at0002]/data[at0003]/items[at0029]/value","inputs":[{"type":"CODED_TEXT","list":[{"value":"at0030","label":"≥96","localizedLabels":{"nb":"≥96"},"localizedDescriptions":{"nb":"Oksygenmetning målt større enn eller lik 96 prosent; skåres som 0 poeng."},"ordinal":0},{"value":"at0031","label":"94-95","localizedLabels":{"nb":"94-95"},"localizedDescriptions":{"nb":"Oksygenmetning målt fra og med 94 til og med 95 prosent; skåres som 1 poeng."},"ordinal":1},{"value":"at0032","label":"92-93","localizedLabels":{"nb":"92-93"},"localizedDescriptions":{"nb":"Oksygenmetning målt fra og med 92 til og med 93 prosent; skåres som 2 poeng."},"ordinal":2},{"value":"at0033","label":"≤91","localizedLabels":{"nb":"≤91"},"localizedDescriptions":{"nb":"Oksygenmetning målt som mindre enn eller lik 91 prosent; skåres som 3 poeng."},"ordinal":3}]}],"formId":"news/news/oksygenmetning","viewConfig":{"size":{"field":"inherit","label":"inherit","fill":"inherit"},"layout":{"label":{"valign":"inherit","align":"inherit"},"field":{"valign":"inherit","align":"inherit"}},"datasource":{"loadRemote":false,"loadRemoteUrl":"","terminology":""},"label":{"custom":false,"value":"","useLocalizations":false,"localizationsList":{}},"advanced":{"hidden":false,"readonly":true},"multiplicity":{"min":"0","max":"1"},"tags":[],"annotations":{"calcId":"o2"},"field":{"input":{"presentation":"combobox","columns":"4"}}},"fid":"news/news/oksygenmetning","defaultValue":{"value":""}},{"name":"Tilførsel av oksygen","localizedName":"Tilførsel av oksygen","rmType":"DV_ORDINAL","nodeId":"at0034","min":0,"max":1,"localizedNames":{"nb":"Tilførsel av oksygen"},"localizedDescriptions":{"nb":"Om pasienten tilføres oksygen for å opprettholde oksygenmetningen."},"aqlPath":"/content[openEHR-EHR-OBSERVATION.news_uk_rcp.v1]/data[at0001]/events[at0002]/data[at0003]/items[at0034]/value","inputs":[{"type":"CODED_TEXT","list":[{"value":"at0036","label":"Nei","localizedLabels":{"nb":"Nei"},"localizedDescriptions":{"nb":"Pasienten tilføres ikke oksygen; skåres som 0 poeng."},"ordinal":0},{"value":"at0037","label":"Ja","localizedLabels":{"nb":"Ja"},"localizedDescriptions":{"nb":"Pasienten tilføres oksygen; skåres som 2 poeng."},"ordinal":2}]}],"formId":"news/news/tilførsel_av_oksygen","viewConfig":{"size":{"field":"inherit","label":"inherit","fill":"inherit"},"layout":{"label":{"valign":"inherit","align":"inherit"},"field":{"valign":"inherit","align":"inherit"}},"datasource":{"loadRemote":false,"loadRemoteUrl":"","terminology":""},"label":{"custom":false,"value":"","useLocalizations":false,"localizationsList":{}},"advanced":{"hidden":false,"readonly":true},"multiplicity":{"min":"0","max":"1"},"tags":[],"annotations":{"calcId":"am02"},"field":{"input":{"presentation":"combobox","columns":"4"}}},"fid":"news/news/tilførsel_av_oksygen","defaultValue":{"value":""}},{"name":"Kroppstemperatur","localizedName":"Kroppstemperatur","rmType":"DV_ORDINAL","nodeId":"at0007","min":0,"max":1,"localizedNames":{"nb":"Kroppstemperatur"},"localizedDescriptions":{"nb":"Pasientens kroppstemperatur."},"aqlPath":"/content[openEHR-EHR-OBSERVATION.news_uk_rcp.v1]/data[at0001]/events[at0002]/data[at0003]/items[at0007]/value","inputs":[{"type":"CODED_TEXT","list":[{"value":"at0022","label":"36.1-38.0","localizedLabels":{"nb":"36.1-38.0"},"localizedDescriptions":{"nb":"Kroppstemperatur målt fra og med 36,1 til og med 38,0 grader Celsius; skåres til 0 poeng."},"ordinal":0},{"value":"at0023","label":"35.1-36.0 eller 38.1-39.0","localizedLabels":{"nb":"35.1-36.0 eller 38.1-39.0"},"localizedDescriptions":{"nb":"Kroppstemperatur målt fra og med 35,1 til og med 36,0 grader Celsius eller fra og med 38,1 til og med 39,0 grader Celsius; skåres til 1 poeng."},"ordinal":1},{"value":"at0038","label":"≥39,1","localizedLabels":{"nb":"≥39,1"},"localizedDescriptions":{"nb":"Kroppstemperatur målt større enn eller lik 39,1 grader Celcius; skåres som 2 poeng."},"ordinal":2},{"value":"at0039","label":"≤35","localizedLabels":{"nb":"≤35"},"localizedDescriptions":{"nb":"Kroppstemperatur målt mindre enn eller lik 35,0 grader Celcius; skåres som 3 poeng."},"ordinal":3}]}],"formId":"news/news/kroppstemperatur","viewConfig":{"size":{"field":"inherit","label":"inherit","fill":"inherit"},"layout":{"label":{"valign":"inherit","align":"inherit"},"field":{"valign":"inherit","align":"inherit"}},"datasource":{"loadRemote":false,"loadRemoteUrl":"","terminology":""},"label":{"custom":false,"value":"","useLocalizations":false,"localizationsList":{}},"advanced":{"hidden":false,"readonly":true},"multiplicity":{"min":"0","max":"1"},"tags":[],"annotations":{"calcId":"temp"},"field":{"input":{"presentation":"combobox","columns":"4"}}},"fid":"news/news/kroppstemperatur","defaultValue":{"value":""}},{"name":"Systolisk blodtrykk","localizedName":"Systolisk blodtrykk","rmType":"DV_ORDINAL","nodeId":"at0004","min":0,"max":1,"localizedNames":{"nb":"Systolisk blodtrykk"},"localizedDescriptions":{"nb":"Pasientens systoliske blodtrykk."},"aqlPath":"/content[openEHR-EHR-OBSERVATION.news_uk_rcp.v1]/data[at0001]/events[at0002]/data[at0003]/items[at0004]/value","inputs":[{"type":"CODED_TEXT","list":[{"value":"at0014","label":"111-219","localizedLabels":{"nb":"111-219"},"localizedDescriptions":{"nb":"Det systoliske blodtrykket målt fra og med 111 til og med 219 mmHg; skåres som 0 poeng."},"ordinal":0},{"value":"at0015","label":"101-110","localizedLabels":{"nb":"101-110"},"localizedDescriptions":{"nb":"Det systoliske blodtrykket målt fra og med 101 til og med 110 mmHg; skåres som 1 poeng."},"ordinal":1},{"value":"at0016","label":"91-100","localizedLabels":{"nb":"91-100"},"localizedDescriptions":{"nb":"Det systoliske blodtrykket målt fra og med 91 til og med 100 mmHg; skåres som 2 poeng."},"ordinal":2},{"value":"at0017","label":"≤90 eller ≥220","localizedLabels":{"nb":"≤90 eller ≥220"},"localizedDescriptions":{"nb":"Det systoliske blodtrykket målt mindre enn eller lik 90 mmHg eller større enn eller lik 220 mmHg; skåres som 3 poeng."},"ordinal":3}]}],"formId":"news/news/systolisk_blodtrykk","viewConfig":{"size":{"field":"inherit","label":"inherit","fill":"inherit"},"layout":{"label":{"valign":"inherit","align":"inherit"},"field":{"valign":"inherit","align":"inherit"}},"datasource":{"loadRemote":false,"loadRemoteUrl":"","terminology":""},"label":{"custom":false,"value":"","useLocalizations":false,"localizationsList":{}},"advanced":{"hidden":false,"readonly":true},"multiplicity":{"min":"0","max":"1"},"tags":[],"annotations":{"calcId":"bp"},"field":{"input":{"presentation":"combobox","columns":"4"}}},"fid":"news/news/systolisk_blodtrykk","defaultValue":{"value":""}},{"name":"Hjertefrekvens/puls","localizedName":"Hjertefrekvens/puls","rmType":"DV_ORDINAL","nodeId":"at0005","min":0,"max":1,"localizedNames":{"nb":"Hjertefrekvens/puls"},"localizedDescriptions":{"nb":"Pasientens hjertefrekvens."},"aqlPath":"/content[openEHR-EHR-OBSERVATION.news_uk_rcp.v1]/data[at0001]/events[at0002]/data[at0003]/items[at0005]/value","inputs":[{"type":"CODED_TEXT","list":[{"value":"at0013","label":"51-90","localizedLabels":{"nb":"51-90"},"localizedDescriptions":{"nb":"Hjertefrekvensen målt fra og med 51 til og med 90 pulsslag per min; skåres som 0 poeng."},"ordinal":0},{"value":"at0012","label":"41-50 eller 91-110","localizedLabels":{"nb":"41-50 eller 91-110"},"localizedDescriptions":{"nb":"Hjertefrekvensen målt fra og med 41 til og med 50 pulsslag per min eller fra og med 91 til og med 110 pulsslag per min; skåres som 1 poeng."},"ordinal":1},{"value":"at0011","label":"111-130","localizedLabels":{"nb":"111-130"},"localizedDescriptions":{"nb":"Hjertefrekvensen målt fra og med 111 til og med 130 pulsslag per min; skåres som 2 poeng."},"ordinal":2},{"value":"at0010","label":"≤40 eller ≥131","localizedLabels":{"nb":"≤40 eller ≥131"},"localizedDescriptions":{"nb":"Hjertefrekvensen målt som mindre enn eller lik 40 pulsslag per min eller større enn eller lik 131 pulsslag per min; skåres som 3 poeng."},"ordinal":3}]}],"formId":"news/news/hjertefrekvens_puls","viewConfig":{"size":{"field":"inherit","label":"inherit","fill":"inherit"},"layout":{"label":{"valign":"inherit","align":"inherit"},"field":{"valign":"inherit","align":"inherit"}},"datasource":{"loadRemote":false,"loadRemoteUrl":"","terminology":""},"label":{"custom":false,"value":"","useLocalizations":false,"localizationsList":{}},"advanced":{"hidden":false,"readonly":true},"multiplicity":{"min":"0","max":"1"},"tags":[],"annotations":{"calcId":"pulse"},"field":{"input":{"presentation":"combobox","columns":"4"}}},"fid":"news/news/hjertefrekvens_puls","defaultValue":{"value":""}},{"name":"Bevissthetsgrad","localizedName":"Bevissthetsgrad","rmType":"DV_ORDINAL","nodeId":"at0008","min":0,"max":1,"localizedNames":{"nb":"Bevissthetsgrad"},"localizedDescriptions":{"nb":"Observert kategori for AVPU scoring av pasientens bevissthetstilstand."},"aqlPath":"/content[openEHR-EHR-OBSERVATION.news_uk_rcp.v1]/data[at0001]/events[at0002]/data[at0003]/items[at0008]/value","inputs":[{"type":"CODED_TEXT","list":[{"value":"at0024","label":"A","localizedLabels":{"nb":"A"},"localizedDescriptions":{"nb":"Pasienten er helt våken; skåres som 0 poeng."},"ordinal":0},{"value":"at0025","label":"V, P eller U","localizedLabels":{"nb":"V, P eller U"},"localizedDescriptions":{"nb":"V - Reagerer på lyd/ tiltale, P - Reagerer på smerte, U - Reagerer ikke; skåres som 3 poeng."},"ordinal":3}]}],"formId":"news/news/bevissthetsgrad","viewConfig":{"size":{"field":"inherit","label":"inherit","fill":"inherit"},"layout":{"label":{"valign":"inherit","align":"inherit"},"field":{"valign":"inherit","align":"inherit"}},"datasource":{"loadRemote":false,"loadRemoteUrl":"","terminology":""},"label":{"custom":false,"value":"","useLocalizations":false,"localizationsList":{}},"advanced":{"hidden":false,"readonly":true},"multiplicity":{"min":"0","max":"1"},"tags":[],"annotations":{"calcId":"conc"},"field":{"input":{"presentation":"combobox","columns":"4"}}},"fid":"news/news/bevissthetsgrad","defaultValue":{"value":""}},{"localizedName":"Fieldset","localizedNames":{"nb":"Sammendrag"},"min":0,"max":-1,"name":"Fieldset","rmType":"GENERIC_FIELDSET","fid":"generic-field-42369","formId":"generic-field-42369","viewConfig":{"label":{"custom":true,"value":"Sammendrag","useLocalizations":true,"localizationsList":{"nb":"Sammendrag"}},"advanced":{"hidden":false,"readonly":false,"render":true},"multiplicity":{"min":"0","max":"1"},"size":{"field":"inherit","label":"inherit","fill":"inherit"},"layout":{"label":{"valign":"inherit","align":"inherit"},"field":{"valign":"inherit","align":"inherit"}},"field":{},"annotations":{"alertType":"TIP"},"tags":[]},"children":[{"name":"Totalskår","localizedName":"Totalskår","rmType":"DV_COUNT","nodeId":"at0028","min":0,"max":1,"localizedNames":{"nb":"Totalskår"},"localizedDescriptions":{"nb":"Summen av skår til hvert enkelt NEWS-parameter."},"annotations":{"comment":"Totalskår vil normalt beregnes automatisk i en applikasjon."},"aqlPath":"/content[openEHR-EHR-OBSERVATION.news_uk_rcp.v1]/data[at0001]/events[at0002]/data[at0003]/items[at0028]/value","inputs":[{"type":"INTEGER","validation":{"range":{"minOp":">=","min":0,"maxOp":"<=","max":20}}}],"formId":"news/news/totalskår","viewConfig":{"size":{"field":"inherit","label":"inherit","fill":"inherit"},"layout":{"label":{"valign":"middle","align":"left"},"field":{"valign":"inherit","align":"inherit"}},"datasource":{"loadRemote":false,"loadRemoteUrl":"","terminology":""},"annotations":{"calc":"sum(resp, o2,am02,temp, bp,pulse,conc)","headerSize":"H1"},"label":{"custom":false,"value":"","useLocalizations":false,"localizationsList":{}},"advanced":{"hidden":false,"readonly":false},"multiplicity":{"min":"0","max":"1"},"tags":[],"field":{}},"fid":"news/news/totalskår"},{"name":"Kommentar","localizedName":"Kommentar","rmType":"DV_TEXT","nodeId":"at0044","min":0,"max":1,"localizedNames":{"nb":"Kommentar"},"localizedDescriptions":{"nb":"Ytterligere kommentar til NEWS-skåringen som ikke er fanget opp i andre felt."},"aqlPath":"/content[openEHR-EHR-OBSERVATION.news_uk_rcp.v1]/data[at0001]/events[at0002]/data[at0003]/items[at0044]/value","inputs":[{"type":"TEXT"}],"formId":"news/news/kommentar","viewConfig":{"size":{"field":"inherit","label":"inherit","fill":"inherit"},"layout":{"label":{"valign":"inherit","align":"inherit"},"field":{"valign":"inherit","align":"inherit"}},"datasource":{"loadRemote":false,"loadRemoteUrl":"","terminology":""},"label":{"custom":false,"value":"","useLocalizations":false,"localizationsList":{}},"advanced":{"hidden":false,"readonly":false},"multiplicity":{"min":"0","max":"1"},"tags":[],"field":{"input":{"presentation":"textarea","lines":"4"}}},"defaultValue":{"value":""},"fid":"news/news/kommentar"}]},{"name":"Konfunderende faktorer","localizedName":"Konfunderende faktorer","rmType":"DV_TEXT","nodeId":"at0043","min":0,"max":1,"dependsOn":["kroppstemperatur","oksygenmetning","respirasjonsfrekvens","systolisk_blodtrykk","tilførsel_av_oksygen","hjertefrekvens_puls","kommentar","totalskår","bevissthetsgrad"],"localizedNames":{"nb":"Konfunderende faktorer"},"localizedDescriptions":{"nb":"Kommentar til og registrering av faktorer som kan ha betydning for skåren."},"annotations":{"comment":"For eksempel om pasienten har KOLS."},"aqlPath":"/content[openEHR-EHR-OBSERVATION.news_uk_rcp.v1]/data[at0001]/events[at0002]/state[at0041]/items[at0043]/value","inputs":[{"type":"TEXT"}],"formId":"news/news/konfunderende_faktorer","viewConfig":{"size":{"field":"inherit","label":"inherit","fill":"inherit"},"layout":{"label":{"valign":"inherit","align":"inherit"},"field":{"valign":"inherit","align":"inherit"}},"datasource":{"loadRemote":false,"loadRemoteUrl":"","terminology":""},"label":{"custom":false,"value":"","useLocalizations":false,"localizationsList":{}},"advanced":{"hidden":true,"readonly":false},"multiplicity":{"min":"0","max":"1"},"tags":[],"field":{"input":{"presentation":"textfield","lines":"1"}}},"defaultValue":{"value":""},"fid":"news/news/konfunderende_faktorer"}]}]}