[{"col":1,"row":1,"width":12,"height":26,"children":[{"id":"news/news","rows":[{"cols":[{"width":"50%","children":[{"id":"news/news/news_grunnlagsdata/respirasjonsfrekvens"},{"id":"news/news/news_grunnlagsdata/oksygenmetning"},{"id":"news/news/news_grunnlagsdata/tilførsel_av_oksygen"},{"id":"news/news/news_grunnlagsdata/temperatur"},{"id":"news/news/news_grunnlagsdata/systolisk_blodtrykk"},{"id":"news/news/news_grunnlagsdata/hjertefrekvens_puls"},{"id":"news/news/news_grunnlagsdata/avpu_observasjon"}]},{"width":"50%","children":[{"id":"news/news/respirasjonsfrekvens"},{"id":"news/news/oksygenmetning"},{"id":"news/news/tilførsel_av_oksygen"},{"id":"news/news/kroppstemperatur"},{"id":"news/news/systolisk_blodtrykk"},{"id":"news/news/hjertefrekvens_puls"},{"id":"news/news/bevissthetsgrad"}]}]},{"cols":[{"width":"100%","children":[{"id":"generic-field-42369","rows":[{"cols":[{"width":"100%","children":[{"id":"news/news/totalskår"},{"id":"news/news/kommentar"}]}]}]},{"id":"news/news/konfunderende_faktorer"}]}]}]}]}]