[{"col":1,"row":1,"width":12,"height":4,"children":[{"id":"hv_tm_undersokelser_somatisk_dips/hv_tm_undersokelser_somatisk_dips/any_event/somatisk_sykdom_lidelse","rows":[]}]},{"col":1,"row":5,"width":3,"height":4,"children":[{"id":"hv_tm_undersokelser_somatisk_dips/hv_tm_undersokelser_somatisk_dips/any_event/blodprøver","rows":[]}]},{"col":4,"row":5,"width":3,"height":4,"children":[{"id":"hv_tm_undersokelser_somatisk_dips/hv_tm_undersokelser_somatisk_dips/any_event/eeg","rows":[]}]},{"col":7,"row":5,"width":3,"height":4,"children":[{"id":"hv_tm_undersokelser_somatisk_dips/hv_tm_undersokelser_somatisk_dips/any_event/ekg","rows":[]}]},{"col":10,"row":5,"width":3,"height":4,"children":[{"id":"hv_tm_undersokelser_somatisk_dips/hv_tm_undersokelser_somatisk_dips/any_event/ernæring","rows":[]}]},{"col":1,"row":9,"width":3,"height":5,"children":[{"id":"hv_tm_undersokelser_somatisk_dips/hv_tm_undersokelser_somatisk_dips/any_event/innkomstskjema_fysisk_helse","rows":[]}]},{"col":4,"row":9,"width":3,"height":5,"children":[{"id":"hv_tm_undersokelser_somatisk_dips/hv_tm_undersokelser_somatisk_dips/any_event/kartlegging_fysisk_helse","rows":[]}]},{"col":7,"row":9,"width":3,"height":5,"children":[{"id":"hv_tm_undersokelser_somatisk_dips/hv_tm_undersokelser_somatisk_dips/any_event/mr","rows":[]}]},{"col":10,"row":9,"width":3,"height":5,"children":[{"id":"hv_tm_undersokelser_somatisk_dips/hv_tm_undersokelser_somatisk_dips/any_event/røntgen","rows":[]}]},{"col":1,"row":14,"width":3,"height":5,"children":[{"id":"hv_tm_undersokelser_somatisk_dips/hv_tm_undersokelser_somatisk_dips/any_event/somatisk_undersøkelse","rows":[]}]},{"col":4,"row":14,"width":3,"height":5,"children":[{"id":"hv_tm_undersokelser_somatisk_dips/hv_tm_undersokelser_somatisk_dips/any_event/søvnvaner","rows":[]}]},{"col":7,"row":14,"width":3,"height":5,"children":[{"id":"hv_tm_undersokelser_somatisk_dips/hv_tm_undersokelser_somatisk_dips/any_event/urinprøver","rows":[]}]},{"col":10,"row":14,"width":3,"height":5,"children":[{"id":"hv_tm_undersokelser_somatisk_dips/hv_tm_undersokelser_somatisk_dips/any_event/vekt","rows":[]}]},{"col":1,"row":19,"width":12,"height":6,"children":[{"id":"hv_tm_undersokelser_somatisk_dips/hv_tm_undersokelser_somatisk_dips/any_event/annet","rows":[]},{"id":"hv_tm_undersokelser_somatisk_dips/hv_tm_undersokelser_somatisk_dips/any_event/andre_undersøkelser","rows":[]}]}]