{"name":"Form root","localizedNames":{},"localizedDescriptions":{},"rmType":"FORM_DEFINITION","min":0,"max":0,"formId":"form_root","viewConfig":{"label":{"custom":false,"useLocalizations":false},"size":{"field":"inherit","label":"inherit"},"layout":{"label":{"valign":"inherit","align":"top"},"field":{"valign":"inherit","align":"inherit"}},"annotations":{"reuseComposition":"SELECT c FROM COMPOSITION c[openEHR-EHR-COMPOSITION.hv_tm_undersokelser_somatisk_dips.v1] order by c/context/start_time/value desc fetch 1?scope=periodofcare"}},"children":[{"name":"Somatisk sykdom/lidelse","localizedName":"Somatisk sykdom/lidelse","localizedNames":{"en":"*Somatisk sykdom/lidelse (nb)","nb":"Somatisk sykdom/lidelse"},"localizedDescriptions":{"nb":"*","en":"** (nb)"},"rmType":"DV_TEXT","nodeId":"at0004","min":0,"max":1,"aqlPath":"/content[openEHR-EHR-OBSERVATION.hv_tm_undersokelser_somatisk_dips.v4]/data[at0001]/events[at0002]/data[at0003]/items[at0004]/value","inputs":[{"type":"TEXT","list":[],"listOpen":false}],"formId":"hv_tm_undersokelser_somatisk_dips/hv_tm_undersokelser_somatisk_dips/any_event/somatisk_sykdom_lidelse","viewConfig":{"multiplicity":{"min":0,"max":1},"advanced":{"hidden":false,"readonly":false,"hideFrame":false,"render":false},"label":{"custom":false,"useLocalizations":false},"size":{"field":"inherit","label":"inherit"},"layout":{"label":{"valign":"inherit","align":"inherit"},"field":{"valign":"inherit","align":"inherit"}},"datasource":{"loadRemote":false,"parameters":{}},"annotations":{"nullflavour":"271"},"field":{"lines":null,"input":{}}}},{"name":"Blodprøver","localizedName":"Blodprøver","localizedNames":{"en":"*Blodprøver (nb)","nb":"Blodprøver"},"localizedDescriptions":{"nb":"*","en":"** (nb)"},"rmType":"DV_CODED_TEXT","nodeId":"at0033","min":0,"max":1,"aqlPath":"/content[openEHR-EHR-OBSERVATION.hv_tm_undersokelser_somatisk_dips.v4]/data[at0001]/events[at0002]/data[at0003]/items[at0033]/value","inputs":[{"suffix":"code","type":"CODED_TEXT","list":[{"value":"at0034","label":"Blodprøver","ordinal":0,"localizedLabels":{"nb":"Blodprøver","en":"*Blodprøver (nb)"},"localizedDescriptions":{"nb":"*","en":"** (nb)"}}],"listOpen":false}],"formId":"hv_tm_undersokelser_somatisk_dips/hv_tm_undersokelser_somatisk_dips/any_event/blodprøver","viewConfig":{"multiplicity":{"min":0,"max":1},"advanced":{"hidden":false,"readonly":false,"hideFrame":false,"render":false},"label":{"custom":false,"useLocalizations":false},"size":{"field":"inherit","label":"-1"},"layout":{"label":{"valign":"inherit","align":"inherit"},"field":{"valign":"inherit","align":"inherit"}},"annotations":{},"field":{"code":{"presentation":"radios","columns":"1"}},"tags":["HideLabel"]}},{"name":"EEG","localizedName":"EEG","localizedNames":{"en":"*EEG (nb)","nb":"EEG"},"localizedDescriptions":{"nb":"*","en":"** (nb)"},"rmType":"DV_CODED_TEXT","nodeId":"at0035","min":0,"max":1,"aqlPath":"/content[openEHR-EHR-OBSERVATION.hv_tm_undersokelser_somatisk_dips.v4]/data[at0001]/events[at0002]/data[at0003]/items[at0035]/value","inputs":[{"suffix":"code","type":"CODED_TEXT","list":[{"value":"at0036","label":"EEG","ordinal":0,"localizedLabels":{"nb":"EEG","en":"*EEG (nb)"},"localizedDescriptions":{"nb":"*","en":"** (nb)"}}],"listOpen":false}],"formId":"hv_tm_undersokelser_somatisk_dips/hv_tm_undersokelser_somatisk_dips/any_event/eeg","viewConfig":{"multiplicity":{"min":0,"max":1},"advanced":{"hidden":false,"readonly":false,"hideFrame":false,"render":false},"label":{"custom":false,"useLocalizations":false},"size":{"field":"inherit","label":"-1"},"layout":{"label":{"valign":"inherit","align":"inherit"},"field":{"valign":"inherit","align":"inherit"}},"annotations":{},"field":{"code":{"presentation":"radios","columns":"1"}},"tags":["HideLabel"]}},{"name":"EKG","localizedName":"EKG","localizedNames":{"en":"*EKG (nb)","nb":"EKG"},"localizedDescriptions":{"nb":"*","en":"** (nb)"},"rmType":"DV_CODED_TEXT","nodeId":"at0037","min":0,"max":1,"aqlPath":"/content[openEHR-EHR-OBSERVATION.hv_tm_undersokelser_somatisk_dips.v4]/data[at0001]/events[at0002]/data[at0003]/items[at0037]/value","inputs":[{"suffix":"code","type":"CODED_TEXT","list":[{"value":"at0038","label":"EKG","ordinal":0,"localizedLabels":{"nb":"EKG","en":"*EKG (nb)"},"localizedDescriptions":{"nb":"*","en":"** (nb)"}}],"listOpen":false}],"formId":"hv_tm_undersokelser_somatisk_dips/hv_tm_undersokelser_somatisk_dips/any_event/ekg","viewConfig":{"multiplicity":{"min":0,"max":1},"advanced":{"hidden":false,"readonly":false,"hideFrame":false,"render":false},"label":{"custom":false,"useLocalizations":false},"size":{"field":"inherit","label":"-1"},"layout":{"label":{"valign":"inherit","align":"inherit"},"field":{"valign":"inherit","align":"inherit"}},"annotations":{},"field":{"code":{"presentation":"radios","columns":"1"}},"tags":["HideLabel"]}},{"name":"Ernæring","localizedName":"Ernæring","localizedNames":{"en":"*Ernæring (nb)","nb":"Ernæring"},"localizedDescriptions":{"nb":"*","en":"** (nb)"},"rmType":"DV_CODED_TEXT","nodeId":"at0039","min":0,"max":1,"aqlPath":"/content[openEHR-EHR-OBSERVATION.hv_tm_undersokelser_somatisk_dips.v4]/data[at0001]/events[at0002]/data[at0003]/items[at0039]/value","inputs":[{"suffix":"code","type":"CODED_TEXT","list":[{"value":"at0040","label":"Ernæring","ordinal":0,"localizedLabels":{"nb":"Ernæring","en":"*Ernæring (nb)"},"localizedDescriptions":{"nb":"*","en":"** (nb)"}}],"listOpen":false}],"formId":"hv_tm_undersokelser_somatisk_dips/hv_tm_undersokelser_somatisk_dips/any_event/ernæring","viewConfig":{"multiplicity":{"min":0,"max":1},"advanced":{"hidden":false,"readonly":false,"hideFrame":false,"render":false},"label":{"custom":false,"useLocalizations":false},"size":{"field":"inherit","label":"-1"},"layout":{"label":{"valign":"inherit","align":"inherit"},"field":{"valign":"inherit","align":"inherit"}},"annotations":{},"field":{"code":{"presentation":"radios","columns":"1"}},"tags":["HideLabel"]}},{"name":"Innkomstskjema fysisk helse","localizedName":"Innkomstskjema fysisk helse","localizedNames":{"en":"*Innkomstskjema fysisk helse (nb)","nb":"Innkomstskjema fysisk helse"},"localizedDescriptions":{"nb":"*","en":"** (nb)"},"rmType":"DV_CODED_TEXT","nodeId":"at0041","min":0,"max":1,"aqlPath":"/content[openEHR-EHR-OBSERVATION.hv_tm_undersokelser_somatisk_dips.v4]/data[at0001]/events[at0002]/data[at0003]/items[at0041]/value","inputs":[{"suffix":"code","type":"CODED_TEXT","list":[{"value":"at0042","label":"innkomstskjema fysisk helse","ordinal":0,"localizedLabels":{"nb":"innkomstskjema fysisk helse","en":"*innkomstskjema fysisk helse (nb)"},"localizedDescriptions":{"nb":"*","en":"** (nb)"}}],"listOpen":false}],"formId":"hv_tm_undersokelser_somatisk_dips/hv_tm_undersokelser_somatisk_dips/any_event/innkomstskjema_fysisk_helse","viewConfig":{"multiplicity":{"min":0,"max":1},"advanced":{"hidden":false,"readonly":false,"hideFrame":false,"render":false},"label":{"custom":false,"useLocalizations":false},"size":{"field":"inherit","label":"-1"},"layout":{"label":{"valign":"inherit","align":"inherit"},"field":{"valign":"inherit","align":"inherit"}},"annotations":{},"field":{"code":{"presentation":"radios","columns":"1"}},"tags":["HideLabel"]}},{"name":"Kartlegging fysisk helse","localizedName":"Kartlegging fysisk helse","localizedNames":{"en":"*Kartlegging fysisk helse (nb)","nb":"Kartlegging fysisk helse"},"localizedDescriptions":{"nb":"*","en":"** (nb)"},"rmType":"DV_CODED_TEXT","nodeId":"at0043","min":0,"max":1,"aqlPath":"/content[openEHR-EHR-OBSERVATION.hv_tm_undersokelser_somatisk_dips.v4]/data[at0001]/events[at0002]/data[at0003]/items[at0043]/value","inputs":[{"suffix":"code","type":"CODED_TEXT","list":[{"value":"at0044","label":"Kartlegging fysisk helse","ordinal":0,"localizedLabels":{"nb":"Kartlegging fysisk helse","en":"*Kartlegging fysisk helse (nb)"},"localizedDescriptions":{"nb":"*","en":"** (nb)"}}],"listOpen":false}],"formId":"hv_tm_undersokelser_somatisk_dips/hv_tm_undersokelser_somatisk_dips/any_event/kartlegging_fysisk_helse","viewConfig":{"multiplicity":{"min":0,"max":1},"advanced":{"hidden":false,"readonly":false,"hideFrame":false,"render":false},"label":{"custom":false,"useLocalizations":false},"size":{"field":"inherit","label":"-1"},"layout":{"label":{"valign":"inherit","align":"inherit"},"field":{"valign":"inherit","align":"inherit"}},"annotations":{},"field":{"code":{"presentation":"radios","columns":"1"}},"tags":["HideLabel"]}},{"name":"MR","localizedName":"MR","localizedNames":{"en":"*MR (nb)","nb":"MR"},"localizedDescriptions":{"nb":"*","en":"** (nb)"},"rmType":"DV_CODED_TEXT","nodeId":"at0045","min":0,"max":1,"aqlPath":"/content[openEHR-EHR-OBSERVATION.hv_tm_undersokelser_somatisk_dips.v4]/data[at0001]/events[at0002]/data[at0003]/items[at0045]/value","inputs":[{"suffix":"code","type":"CODED_TEXT","list":[{"value":"at0046","label":"MR","ordinal":0,"localizedLabels":{"nb":"MR","en":"*MR (nb)"},"localizedDescriptions":{"nb":"*","en":"** (nb)"}}],"listOpen":false}],"formId":"hv_tm_undersokelser_somatisk_dips/hv_tm_undersokelser_somatisk_dips/any_event/mr","viewConfig":{"multiplicity":{"min":0,"max":1},"advanced":{"hidden":false,"readonly":false,"hideFrame":false,"render":false},"label":{"custom":false,"useLocalizations":false},"size":{"field":"inherit","label":"-1"},"layout":{"label":{"valign":"inherit","align":"inherit"},"field":{"valign":"inherit","align":"inherit"}},"annotations":{},"field":{"code":{"presentation":"radios","columns":"1"}},"tags":["HideLabel"]}},{"name":"Røntgen","localizedName":"Røntgen","localizedNames":{"en":"*Røntgen (nb)","nb":"Røntgen"},"localizedDescriptions":{"nb":"*","en":"** (nb)"},"rmType":"DV_CODED_TEXT","nodeId":"at0047","min":0,"max":1,"aqlPath":"/content[openEHR-EHR-OBSERVATION.hv_tm_undersokelser_somatisk_dips.v4]/data[at0001]/events[at0002]/data[at0003]/items[at0047]/value","inputs":[{"suffix":"code","type":"CODED_TEXT","list":[{"value":"at0048","label":"Røntgen","ordinal":0,"localizedLabels":{"nb":"Røntgen","en":"*Røntgen (nb)"},"localizedDescriptions":{"nb":"*","en":"** (nb)"}}],"listOpen":false}],"formId":"hv_tm_undersokelser_somatisk_dips/hv_tm_undersokelser_somatisk_dips/any_event/røntgen","viewConfig":{"multiplicity":{"min":0,"max":1},"advanced":{"hidden":false,"readonly":false,"hideFrame":false,"render":false},"label":{"custom":false,"useLocalizations":false},"size":{"field":"inherit","label":"-1"},"layout":{"label":{"valign":"inherit","align":"inherit"},"field":{"valign":"inherit","align":"inherit"}},"annotations":{},"field":{"code":{"presentation":"radios","columns":"1"}},"tags":["HideLabel"]}},{"name":"Somatisk undersøkelse","localizedName":"Somatisk undersøkelse","localizedNames":{"en":"*Somatisk undersøkelse (nb)","nb":"Somatisk undersøkelse"},"localizedDescriptions":{"nb":"*","en":"** (nb)"},"rmType":"DV_CODED_TEXT","nodeId":"at0049","min":0,"max":1,"aqlPath":"/content[openEHR-EHR-OBSERVATION.hv_tm_undersokelser_somatisk_dips.v4]/data[at0001]/events[at0002]/data[at0003]/items[at0049]/value","inputs":[{"suffix":"code","type":"CODED_TEXT","list":[{"value":"at0050","label":"Somatisk undersøkelse","ordinal":0,"localizedLabels":{"nb":"Somatisk undersøkelse","en":"*Somatisk undersøkelse (nb)"},"localizedDescriptions":{"nb":"*","en":"** (nb)"}}],"listOpen":false}],"formId":"hv_tm_undersokelser_somatisk_dips/hv_tm_undersokelser_somatisk_dips/any_event/somatisk_undersøkelse","viewConfig":{"multiplicity":{"min":0,"max":1},"advanced":{"hidden":false,"readonly":false,"hideFrame":false,"render":false},"label":{"custom":false,"useLocalizations":false},"size":{"field":"inherit","label":"-1"},"layout":{"label":{"valign":"inherit","align":"inherit"},"field":{"valign":"inherit","align":"inherit"}},"annotations":{},"field":{"code":{"presentation":"radios","columns":"1"}},"tags":["HideLabel"]}},{"name":"Søvnvaner","localizedName":"Søvnvaner","localizedNames":{"en":"*Søvnvaner (nb)","nb":"Søvnvaner"},"localizedDescriptions":{"nb":"*","en":"** (nb)"},"rmType":"DV_CODED_TEXT","nodeId":"at0051","min":0,"max":1,"aqlPath":"/content[openEHR-EHR-OBSERVATION.hv_tm_undersokelser_somatisk_dips.v4]/data[at0001]/events[at0002]/data[at0003]/items[at0051]/value","inputs":[{"suffix":"code","type":"CODED_TEXT","list":[{"value":"at0052","label":"Søvnvaner","ordinal":0,"localizedLabels":{"nb":"Søvnvaner","en":"*Søvnvaner (nb)"},"localizedDescriptions":{"nb":"*","en":"** (nb)"}}],"listOpen":false}],"formId":"hv_tm_undersokelser_somatisk_dips/hv_tm_undersokelser_somatisk_dips/any_event/søvnvaner","viewConfig":{"multiplicity":{"min":0,"max":1},"advanced":{"hidden":false,"readonly":false,"hideFrame":false,"render":false},"label":{"custom":false,"useLocalizations":false},"size":{"field":"inherit","label":"-1"},"layout":{"label":{"valign":"inherit","align":"inherit"},"field":{"valign":"inherit","align":"inherit"}},"annotations":{},"field":{"code":{"presentation":"radios","columns":"1"}},"tags":["HideLabel"]}},{"name":"Urinprøver","localizedName":"Urinprøver","localizedNames":{"en":"*Urinprøver (nb)","nb":"Urinprøver"},"localizedDescriptions":{"nb":"*","en":"** (nb)"},"rmType":"DV_CODED_TEXT","nodeId":"at0053","min":0,"max":1,"aqlPath":"/content[openEHR-EHR-OBSERVATION.hv_tm_undersokelser_somatisk_dips.v4]/data[at0001]/events[at0002]/data[at0003]/items[at0053]/value","inputs":[{"suffix":"code","type":"CODED_TEXT","list":[{"value":"at0054","label":"Urinprøver","ordinal":0,"localizedLabels":{"nb":"Urinprøver","en":"*Urinprøver (nb)"},"localizedDescriptions":{"nb":"*","en":"** (nb)"}}],"listOpen":false}],"formId":"hv_tm_undersokelser_somatisk_dips/hv_tm_undersokelser_somatisk_dips/any_event/urinprøver","viewConfig":{"multiplicity":{"min":0,"max":1},"advanced":{"hidden":false,"readonly":false,"hideFrame":false,"render":false},"label":{"custom":false,"useLocalizations":false},"size":{"field":"inherit","label":"-1"},"layout":{"label":{"valign":"inherit","align":"inherit"},"field":{"valign":"inherit","align":"inherit"}},"annotations":{},"field":{"code":{"presentation":"radios","columns":"1"}},"tags":["HideLabel"]}},{"name":"Vekt","localizedName":"Vekt","localizedNames":{"en":"*Vekt (nb)","nb":"Vekt"},"localizedDescriptions":{"nb":"*","en":"** (nb)"},"rmType":"DV_CODED_TEXT","nodeId":"at0057","min":0,"max":1,"aqlPath":"/content[openEHR-EHR-OBSERVATION.hv_tm_undersokelser_somatisk_dips.v4]/data[at0001]/events[at0002]/data[at0003]/items[at0057]/value","inputs":[{"suffix":"code","type":"CODED_TEXT","list":[{"value":"at0058","label":"Vekt","ordinal":0,"localizedLabels":{"nb":"Vekt","en":"*Vekt (nb)"},"localizedDescriptions":{"nb":"*","en":"** (nb)"}}],"listOpen":false}],"formId":"hv_tm_undersokelser_somatisk_dips/hv_tm_undersokelser_somatisk_dips/any_event/vekt","viewConfig":{"multiplicity":{"min":0,"max":1},"advanced":{"hidden":false,"readonly":false,"hideFrame":false,"render":false},"label":{"custom":false,"useLocalizations":false},"size":{"field":"inherit","label":"-1"},"layout":{"label":{"valign":"inherit","align":"inherit"},"field":{"valign":"inherit","align":"inherit"}},"annotations":{},"field":{"code":{"presentation":"radios","columns":"1"}},"tags":["HideLabel"]}},{"name":"Annet","localizedName":"Annet","localizedNames":{"en":"*Annet (nb)","nb":"Annet"},"localizedDescriptions":{"nb":"*","en":"** (nb)"},"rmType":"DV_CODED_TEXT","nodeId":"at0055","min":0,"max":1,"aqlPath":"/content[openEHR-EHR-OBSERVATION.hv_tm_undersokelser_somatisk_dips.v4]/data[at0001]/events[at0002]/data[at0003]/items[at0055]/value","inputs":[{"suffix":"code","type":"CODED_TEXT","list":[{"value":"at0056","label":"Annet","ordinal":0,"localizedLabels":{"nb":"Annet","en":"*Annet (nb)"},"localizedDescriptions":{"nb":"*","en":"** (nb)"}}],"listOpen":false}],"formId":"hv_tm_undersokelser_somatisk_dips/hv_tm_undersokelser_somatisk_dips/any_event/annet","viewConfig":{"multiplicity":{"min":0,"max":1},"advanced":{"hidden":false,"readonly":false,"hideFrame":false,"render":false},"label":{"custom":false,"useLocalizations":false},"size":{"field":"inherit","label":"-1"},"layout":{"label":{"valign":"inherit","align":"inherit"},"field":{"valign":"inherit","align":"inherit"}},"annotations":{},"field":{"code":{"presentation":"radios","columns":"1"}},"tags":["HideLabel"]}},{"name":"Andre undersøkelser","localizedName":"Andre undersøkelser","localizedNames":{"en":"*Andre undersøkelser (nb)","nb":"Merknad"},"localizedDescriptions":{"nb":"*","en":"** (nb)"},"rmType":"DV_TEXT","nodeId":"at0019","min":0,"max":1,"aqlPath":"/content[openEHR-EHR-OBSERVATION.hv_tm_undersokelser_somatisk_dips.v4]/data[at0001]/events[at0002]/data[at0003]/items[at0019]/value","inputs":[{"type":"TEXT","list":[],"listOpen":false}],"formId":"hv_tm_undersokelser_somatisk_dips/hv_tm_undersokelser_somatisk_dips/any_event/andre_undersøkelser","viewConfig":{"multiplicity":{"min":0,"max":1},"advanced":{"hidden":false,"readonly":false,"hideFrame":false,"render":false},"label":{"custom":false,"useLocalizations":false},"size":{"field":"inherit","label":"inherit"},"layout":{"label":{"valign":"inherit","align":"inherit"},"field":{"valign":"inherit","align":"inherit"}},"datasource":{"loadRemote":false,"parameters":{}},"annotations":{},"field":{"lines":null,"input":{}}}}]}