[{"col":1,"row":1,"width":12,"height":14,"children":[{"id":"nems_score/mekanisk_ventilasjon","rows":[{"cols":[{"width":"100%","children":[{"id":"nems_score/mekanisk_ventilasjon/tube_kontrollert"},{"id":"nems_score/mekanisk_ventilasjon/tube_støttet"},{"id":"nems_score/mekanisk_ventilasjon/cpap_niv"},{"id":"nems_score/mekanisk_ventilasjon/hfov"},{"id":"nems_score/mekanisk_ventilasjon/hfov_inh.gass"},{"id":"nems_score/mekanisk_ventilasjon/respirator_inh.gass"},{"id":"nems_score/mekanisk_ventilasjon/hf-cpap"}]}]}]}]},{"col":1,"row":15,"width":12,"height":14,"children":[]}]