[{"col":1,"row":1,"width":12,"height":4,"children":[{"id":"hv_tm_rettslig_grunnlag_dips/hv_tm_rettslig_grunnlag_dips/any_event/§_2-1_frivilling_psykisk_helsevern","rows":[]}]},{"col":1,"row":5,"width":12,"height":4,"children":[{"id":"hv_tm_rettslig_grunnlag_dips/hv_tm_rettslig_grunnlag_dips/any_event/§_2-2_samtykke_til_å_være_underlagt_reglene_for_tph_i_§_3-5","rows":[]}]},{"col":1,"row":9,"width":12,"height":4,"children":[{"id":"hv_tm_rettslig_grunnlag_dips/hv_tm_rettslig_grunnlag_dips/any_event/§_3-2_vedtak_om_tvungen_observasjon/§_3-2_vedtak_om_tvungen_observasjon","rows":[]}]},{"col":1,"row":13,"width":6,"height":4,"children":[{"id":"hv_tm_rettslig_grunnlag_dips/hv_tm_rettslig_grunnlag_dips/any_event/§_3-2_vedtak_om_tvungen_observasjon/etablert_dato","rows":[]}]},{"col":7,"row":13,"width":6,"height":4,"children":[{"id":"hv_tm_rettslig_grunnlag_dips/hv_tm_rettslig_grunnlag_dips/any_event/§_3-2_vedtak_om_tvungen_observasjon/utgår_dato","rows":[]}]},{"col":1,"row":17,"width":12,"height":4,"children":[{"id":"hv_tm_rettslig_grunnlag_dips/hv_tm_rettslig_grunnlag_dips/any_event/§_3-3_vedtak_om_tvungent_psykisk_helsevern/§_3-3_vedtak_om_tvungent_psykisk_helsevern","rows":[]}]},{"col":1,"row":21,"width":6,"height":4,"children":[{"id":"hv_tm_rettslig_grunnlag_dips/hv_tm_rettslig_grunnlag_dips/any_event/§_3-3_vedtak_om_tvungent_psykisk_helsevern/etablert_dato","rows":[]}]},{"col":7,"row":21,"width":6,"height":4,"children":[{"id":"hv_tm_rettslig_grunnlag_dips/hv_tm_rettslig_grunnlag_dips/any_event/§_3-3_vedtak_om_tvungent_psykisk_helsevern/utgår_dato","rows":[]}]},{"col":1,"row":25,"width":4,"height":4,"children":[{"id":"hv_tm_rettslig_grunnlag_dips/hv_tm_rettslig_grunnlag_dips/any_event/§_3-3_vedtak_om_tvungent_psykisk_helsevern/3_mnd_kontrollundersøkelse","rows":[]}]},{"col":5,"row":25,"width":4,"height":4,"children":[{"id":"hv_tm_rettslig_grunnlag_dips/hv_tm_rettslig_grunnlag_dips/any_event/§_3-3_vedtak_om_tvungent_psykisk_helsevern/6_mnd_kontrollundersøkelse","rows":[]}]},{"col":9,"row":25,"width":4,"height":4,"children":[{"id":"hv_tm_rettslig_grunnlag_dips/hv_tm_rettslig_grunnlag_dips/any_event/§_3-3_vedtak_om_tvungent_psykisk_helsevern/9_mnd_kontrollundersøkelse","rows":[]}]},{"col":1,"row":29,"width":12,"height":4,"children":[{"id":"hv_tm_rettslig_grunnlag_dips/hv_tm_rettslig_grunnlag_dips/any_event/§_62_straffeloven,_jf._psykisk_helsevernloven_kap._5._dom_på_overføring_til_tph","rows":[]}]},{"col":1,"row":33,"width":12,"height":4,"children":[{"id":"hv_tm_rettslig_grunnlag_dips/hv_tm_rettslig_grunnlag_dips/any_event/§_63_straffeloven._dom_på_tvungen_omsorg","rows":[]}]},{"col":1,"row":37,"width":12,"height":4,"children":[{"id":"hv_tm_rettslig_grunnlag_dips/hv_tm_rettslig_grunnlag_dips/any_event/§_167_staffeloven._rettsbestemt_innlegges_til_undersøkelse_på_psykiatrisk_sykehus_eller_annet_egnet_undersøkelsessted","rows":[]}]},{"col":1,"row":41,"width":12,"height":4,"children":[{"id":"hv_tm_rettslig_grunnlag_dips/hv_tm_rettslig_grunnlag_dips/any_event/barnevernloven","rows":[]}]},{"col":1,"row":45,"width":12,"height":4,"children":[{"id":"hv_tm_rettslig_grunnlag_dips/hv_tm_rettslig_grunnlag_dips/any_event/§_10-4_første_ledd._tilbakehold_av_rusmiddelavhengig_i_institusjon_på_grunnlag_av_eget_samtykke,_helse-_og_omsorgstjenesteloven","rows":[]}]},{"col":1,"row":49,"width":12,"height":4,"children":[{"id":"hv_tm_rettslig_grunnlag_dips/hv_tm_rettslig_grunnlag_dips/any_event/§_10-4_andre_ledd._tilbakehold_av_rusmiddelavhengig_i_institusjon_på_bakgrunn_av_eget_samtykke,_helse-_og_omsorgstjenesteloven","rows":[]}]},{"col":1,"row":53,"width":12,"height":4,"children":[{"id":"hv_tm_rettslig_grunnlag_dips/hv_tm_rettslig_grunnlag_dips/any_event/§_10-2_første_ledd._fylkesnemdsvedtak_om_tilbakehold_av_rusmiddelavhengig_i_institusjon_uten_eget_samtykke._helse-_og_omsorgstjenesteloven","rows":[]}]},{"col":1,"row":57,"width":12,"height":4,"children":[{"id":"hv_tm_rettslig_grunnlag_dips/hv_tm_rettslig_grunnlag_dips/any_event/§_10-2_fjerde_ledd._midlertidig_vedtak_av_kommunen_om_tilbakehold_av_rusmiddelavhengig._helse-_og_omsorgstjenesteloven","rows":[]}]},{"col":1,"row":61,"width":12,"height":4,"children":[{"id":"hv_tm_rettslig_grunnlag_dips/hv_tm_rettslig_grunnlag_dips/any_event/§_10-3_første_ledd._fylkesnemdvedtak_om_tilbakeholdelse_av_gravide_rusmiddelavhengige._helse-_og_omsorgstjenesteloven","rows":[]}]},{"col":1,"row":65,"width":12,"height":4,"children":[{"id":"hv_tm_rettslig_grunnlag_dips/hv_tm_rettslig_grunnlag_dips/any_event/§_10-3_femte_ledd._midlertidig_vedtak_av_kommunen_om_tilbakeholdelse_av_gravide_rusmiddelavhengige._helse-_og_omsorgstjenesteloven","rows":[]}]},{"col":1,"row":69,"width":12,"height":4,"children":[{"id":"hv_tm_rettslig_grunnlag_dips/hv_tm_rettslig_grunnlag_dips/any_event/§_12_gjennomføring_av_straff_i_institusjon_(straffegjennomføringsloven)","rows":[]}]},{"col":1,"row":73,"width":12,"height":4,"children":[{"id":"hv_tm_rettslig_grunnlag_dips/hv_tm_rettslig_grunnlag_dips/any_event/nødrett_(straffeloven_§_17)","rows":[]}]},{"col":1,"row":77,"width":12,"height":4,"children":[{"id":"hv_tm_rettslig_grunnlag_dips/hv_tm_rettslig_grunnlag_dips/any_event/fritekst","rows":[]}]}]