[{"field":"hv_tm_rettslig_grunnlag_dips/hv_tm_rettslig_grunnlag_dips/any_event/§_3-2_vedtak_om_tvungen_observasjon/§_3-2_vedtak_om_tvungen_observasjon","conditions":[{"operator":"equals","value":{"code":"at0049"},"actions":[{"action":"show","target":"hv_tm_rettslig_grunnlag_dips/hv_tm_rettslig_grunnlag_dips/any_event/§_3-2_vedtak_om_tvungen_observasjon/etablert_dato"},{"action":"show","target":"hv_tm_rettslig_grunnlag_dips/hv_tm_rettslig_grunnlag_dips/any_event/§_3-2_vedtak_om_tvungen_observasjon/utgår_dato"}]},{"operator":"notequals","value":{"code":"at0049"},"actions":[{"action":"hide","target":"hv_tm_rettslig_grunnlag_dips/hv_tm_rettslig_grunnlag_dips/any_event/§_3-2_vedtak_om_tvungen_observasjon/etablert_dato"},{"action":"clear","target":"hv_tm_rettslig_grunnlag_dips/hv_tm_rettslig_grunnlag_dips/any_event/§_3-2_vedtak_om_tvungen_observasjon/etablert_dato"},{"action":"hide","target":"hv_tm_rettslig_grunnlag_dips/hv_tm_rettslig_grunnlag_dips/any_event/§_3-2_vedtak_om_tvungen_observasjon/utgår_dato"},{"action":"clear","target":"hv_tm_rettslig_grunnlag_dips/hv_tm_rettslig_grunnlag_dips/any_event/§_3-2_vedtak_om_tvungen_observasjon/utgår_dato"}]}]},{"field":"hv_tm_rettslig_grunnlag_dips/hv_tm_rettslig_grunnlag_dips/any_event/§_3-3_vedtak_om_tvungent_psykisk_helsevern/§_3-3_vedtak_om_tvungent_psykisk_helsevern","conditions":[{"operator":"equals","value":{"code":"at0050"},"actions":[{"action":"show","target":"hv_tm_rettslig_grunnlag_dips/hv_tm_rettslig_grunnlag_dips/any_event/§_3-3_vedtak_om_tvungent_psykisk_helsevern/etablert_dato"},{"action":"show","target":"hv_tm_rettslig_grunnlag_dips/hv_tm_rettslig_grunnlag_dips/any_event/§_3-3_vedtak_om_tvungent_psykisk_helsevern/utgår_dato"},{"action":"show","target":"hv_tm_rettslig_grunnlag_dips/hv_tm_rettslig_grunnlag_dips/any_event/§_3-3_vedtak_om_tvungent_psykisk_helsevern/3_mnd_kontrollundersøkelse"},{"action":"show","target":"hv_tm_rettslig_grunnlag_dips/hv_tm_rettslig_grunnlag_dips/any_event/§_3-3_vedtak_om_tvungent_psykisk_helsevern/6_mnd_kontrollundersøkelse"},{"action":"show","target":"hv_tm_rettslig_grunnlag_dips/hv_tm_rettslig_grunnlag_dips/any_event/§_3-3_vedtak_om_tvungent_psykisk_helsevern/9_mnd_kontrollundersøkelse"}]},{"operator":"notequals","value":{"code":"at0050"},"actions":[{"action":"hide","target":"hv_tm_rettslig_grunnlag_dips/hv_tm_rettslig_grunnlag_dips/any_event/§_3-3_vedtak_om_tvungent_psykisk_helsevern/etablert_dato"},{"action":"clear","target":"hv_tm_rettslig_grunnlag_dips/hv_tm_rettslig_grunnlag_dips/any_event/§_3-3_vedtak_om_tvungent_psykisk_helsevern/etablert_dato"},{"action":"hide","target":"hv_tm_rettslig_grunnlag_dips/hv_tm_rettslig_grunnlag_dips/any_event/§_3-3_vedtak_om_tvungent_psykisk_helsevern/utgår_dato"},{"action":"clear","target":"hv_tm_rettslig_grunnlag_dips/hv_tm_rettslig_grunnlag_dips/any_event/§_3-3_vedtak_om_tvungent_psykisk_helsevern/utgår_dato"},{"action":"hide","target":"hv_tm_rettslig_grunnlag_dips/hv_tm_rettslig_grunnlag_dips/any_event/§_3-3_vedtak_om_tvungent_psykisk_helsevern/3_mnd_kontrollundersøkelse"},{"action":"clear","target":"hv_tm_rettslig_grunnlag_dips/hv_tm_rettslig_grunnlag_dips/any_event/§_3-3_vedtak_om_tvungent_psykisk_helsevern/3_mnd_kontrollundersøkelse"},{"action":"hide","target":"hv_tm_rettslig_grunnlag_dips/hv_tm_rettslig_grunnlag_dips/any_event/§_3-3_vedtak_om_tvungent_psykisk_helsevern/6_mnd_kontrollundersøkelse"},{"action":"clear","target":"hv_tm_rettslig_grunnlag_dips/hv_tm_rettslig_grunnlag_dips/any_event/§_3-3_vedtak_om_tvungent_psykisk_helsevern/6_mnd_kontrollundersøkelse"},{"action":"hide","target":"hv_tm_rettslig_grunnlag_dips/hv_tm_rettslig_grunnlag_dips/any_event/§_3-3_vedtak_om_tvungent_psykisk_helsevern/9_mnd_kontrollundersøkelse"},{"action":"clear","target":"hv_tm_rettslig_grunnlag_dips/hv_tm_rettslig_grunnlag_dips/any_event/§_3-3_vedtak_om_tvungent_psykisk_helsevern/9_mnd_kontrollundersøkelse"}]}]}]