{"name":"Form root","localizedNames":{},"localizedDescriptions":{},"rmType":"FORM_DEFINITION","min":0,"max":0,"formId":"form_root","viewConfig":{"label":{"custom":false,"useLocalizations":false},"size":{"field":"inherit","label":"inherit"},"layout":{"label":{"valign":"inherit","align":"top"},"field":{"valign":"inherit","align":"inherit"}},"annotations":{"reuseComposition":"SELECT c FROM COMPOSITION c[openEHR-EHR-COMPOSITION.hv_tm_rettslig_grunnlag_dips.v1] order by c/context/start_time/value desc fetch 1?scope=periodofcare"}},"children":[{"name":"§ 2-1 Frivilling psykisk helsevern","localizedName":"§ 2-1 Frivilling psykisk helsevern","localizedNames":{"en":"*§ 2-1 Frivilling psykisk helsevern (nb)","nb":"§ 2-1 Frivilling psykisk helsevern"},"localizedDescriptions":{"nb":"*","en":"** (nb)"},"rmType":"DV_CODED_TEXT","nodeId":"at0036","min":0,"max":1,"aqlPath":"/content[openEHR-EHR-OBSERVATION.hv_tm_rettslig_grunnlag_dips.v6]/data[at0001]/events[at0002]/data[at0003]/items[at0036]/value","inputs":[{"suffix":"code","type":"CODED_TEXT","list":[{"value":"at0051","label":"§ 2-1 Frivilling psykisk helsevern","ordinal":0,"localizedLabels":{"nb":"§ 2-1 Frivilling psykisk helsevern","en":"*§ 2-1 Frivilling psykisk helsevern (nb)"},"localizedDescriptions":{"nb":"*","en":"** (nb)"}}],"listOpen":false}],"formId":"hv_tm_rettslig_grunnlag_dips/hv_tm_rettslig_grunnlag_dips/any_event/§_2-1_frivilling_psykisk_helsevern","viewConfig":{"multiplicity":{"min":0,"max":1},"advanced":{"hidden":false,"readonly":false,"hideFrame":false,"render":false},"label":{"custom":false,"useLocalizations":false},"size":{"field":"inherit","label":"-1"},"layout":{"label":{"valign":"inherit","align":"inherit"},"field":{"valign":"inherit","align":"inherit"}},"annotations":{"nullflavour":"271"},"field":{"code":{"presentation":"radios","columns":"1"}},"tags":["HideLabel"]}},{"name":"§ 2-2 Samtykke til å være underlagt reglene for TPH i § 3-5","localizedName":"§ 2-2 Samtykke til å være underlagt reglene for TPH i § 3-5","localizedNames":{"en":"*§ 2-2 Samtykke til å være underlagt reglene for TPH i § 3-5 (nb)","nb":"§ 2-2 Samtykke til å være underlagt reglene for TPH i § 3-5"},"localizedDescriptions":{"nb":"*","en":"** (nb)"},"rmType":"DV_CODED_TEXT","nodeId":"at0037","min":0,"max":1,"aqlPath":"/content[openEHR-EHR-OBSERVATION.hv_tm_rettslig_grunnlag_dips.v6]/data[at0001]/events[at0002]/data[at0003]/items[at0037]/value","inputs":[{"suffix":"code","type":"CODED_TEXT","list":[{"value":"at0052","label":"§ 2-2 Samtykke til å være underlagt reglene for TPH i § 3-5","ordinal":0,"localizedLabels":{"nb":"§ 2-2 Samtykke til å være underlagt reglene for TPH i § 3-5","en":"*§ 2-2 Samtykke til å være underlagt reglene for TPH i § 3-5 (nb)"},"localizedDescriptions":{"nb":"*","en":"** (nb)"}}],"listOpen":false}],"formId":"hv_tm_rettslig_grunnlag_dips/hv_tm_rettslig_grunnlag_dips/any_event/§_2-2_samtykke_til_å_være_underlagt_reglene_for_tph_i_§_3-5","viewConfig":{"multiplicity":{"min":0,"max":1},"advanced":{"hidden":false,"readonly":false,"hideFrame":false,"render":false},"label":{"custom":false,"useLocalizations":false},"size":{"field":"inherit","label":"-1"},"layout":{"label":{"valign":"inherit","align":"inherit"},"field":{"valign":"inherit","align":"inherit"}},"annotations":{},"field":{"code":{"presentation":"radios","columns":"1"}},"tags":["HideLabel"]}},{"name":"§ 3-2 Vedtak om tvungen observasjon","localizedName":"§ 3-2 Vedtak om tvungen observasjon","localizedNames":{"en":"*§ 3-2 Vedtak om tvungen observasjon (nb)","nb":"§ 3-2 Vedtak om tvungen observasjon"},"localizedDescriptions":{"nb":"*","en":"** (nb)"},"rmType":"DV_CODED_TEXT","nodeId":"at0025","min":0,"max":1,"aqlPath":"/content[openEHR-EHR-OBSERVATION.hv_tm_rettslig_grunnlag_dips.v6]/data[at0001]/events[at0002]/data[at0003]/items[at0024]/items[at0025]/value","inputs":[{"suffix":"code","type":"CODED_TEXT","list":[{"value":"at0049","label":"§ 3-2 Vedtak om tvungen observasjon","ordinal":0,"localizedLabels":{"nb":"§ 3-2 Vedtak om tvungen observasjon","en":"*§ 3-2 Vedtak om tvungen observasjon (nb)"},"localizedDescriptions":{"nb":"*","en":"** (nb)"}}],"listOpen":false}],"formId":"hv_tm_rettslig_grunnlag_dips/hv_tm_rettslig_grunnlag_dips/any_event/§_3-2_vedtak_om_tvungen_observasjon/§_3-2_vedtak_om_tvungen_observasjon","viewConfig":{"multiplicity":{"min":0,"max":1},"advanced":{"hidden":false,"readonly":false,"hideFrame":false,"render":false},"label":{"custom":false,"useLocalizations":false},"size":{"field":"inherit","label":"-1"},"layout":{"label":{"valign":"inherit","align":"inherit"},"field":{"valign":"inherit","align":"inherit"}},"annotations":{},"field":{"code":{"presentation":"radios","columns":"1"}},"tags":["HideLabel"]}},{"name":"Etablert dato","localizedName":"Etablert dato","localizedNames":{"en":"*Etablert dato (nb)","nb":"Etablert dato"},"localizedDescriptions":{"nb":"*","en":"** (nb)"},"rmType":"DV_DATE_TIME","nodeId":"at0026","min":0,"max":1,"aqlPath":"/content[openEHR-EHR-OBSERVATION.hv_tm_rettslig_grunnlag_dips.v6]/data[at0001]/events[at0002]/data[at0003]/items[at0024]/items[at0026]/value","inputs":[{"type":"DATETIME","listOpen":false}],"formId":"hv_tm_rettslig_grunnlag_dips/hv_tm_rettslig_grunnlag_dips/any_event/§_3-2_vedtak_om_tvungen_observasjon/etablert_dato","viewConfig":{"multiplicity":{"min":0,"max":1},"advanced":{"hidden":false,"readonly":false,"hideFrame":false,"render":false},"label":{"custom":false,"useLocalizations":false},"size":{"field":"inherit","label":"inherit"},"layout":{"label":{"valign":"inherit","align":"inherit"},"field":{"valign":"inherit","align":"inherit"}},"annotations":{"calcId":"TOstart"},"field":{"input":{"hideTime":true,"dateFormat":"","hideDate":false}}}},{"name":"Utgår dato","localizedName":"Utgår dato","localizedNames":{"en":"*Utgår dato (nb)","nb":"Utgår dato"},"localizedDescriptions":{"nb":"*","en":"** (nb)"},"rmType":"DV_DATE_TIME","nodeId":"at0028","min":0,"max":1,"aqlPath":"/content[openEHR-EHR-OBSERVATION.hv_tm_rettslig_grunnlag_dips.v6]/data[at0001]/events[at0002]/data[at0003]/items[at0024]/items[at0028]/value","inputs":[{"type":"DATETIME","listOpen":false}],"formId":"hv_tm_rettslig_grunnlag_dips/hv_tm_rettslig_grunnlag_dips/any_event/§_3-2_vedtak_om_tvungen_observasjon/utgår_dato","viewConfig":{"multiplicity":{"min":0,"max":1},"advanced":{"hidden":false,"readonly":false,"hideFrame":false,"render":false},"label":{"custom":false,"useLocalizations":false},"size":{"field":"inherit","label":"inherit"},"layout":{"label":{"valign":"inherit","align":"inherit"},"field":{"valign":"inherit","align":"inherit"}},"annotations":{"calc":"DATETIME(DATEVALUE(TOstart)+DAYTICKS(10))"},"field":{"input":{"hideTime":true,"dateFormat":"","hideDate":false}}}},{"name":"§ 3-3 Vedtak om tvungent psykisk helsevern","localizedName":"§ 3-3 Vedtak om tvungent psykisk helsevern","localizedNames":{"en":"*§ 3-3 Vedtak om tvungent psykisk helsevern (nb)","nb":"§ 3-3 Vedtak om tvungent psykisk helsevern"},"localizedDescriptions":{"nb":"*","en":"** (nb)"},"rmType":"DV_CODED_TEXT","nodeId":"at0030","min":0,"max":1,"aqlPath":"/content[openEHR-EHR-OBSERVATION.hv_tm_rettslig_grunnlag_dips.v6]/data[at0001]/events[at0002]/data[at0003]/items[at0029]/items[at0030]/value","inputs":[{"suffix":"code","type":"CODED_TEXT","list":[{"value":"at0050","label":"§ 3-3 Vedtak om tvungent psykisk helsevern","ordinal":0,"localizedLabels":{"nb":"§ 3-3 Vedtak om tvungent psykisk helsevern","en":"*§ 3-3 Vedtak om tvungent psykisk helsevern (nb)"},"localizedDescriptions":{"nb":"*","en":"** (nb)"}}],"listOpen":false}],"formId":"hv_tm_rettslig_grunnlag_dips/hv_tm_rettslig_grunnlag_dips/any_event/§_3-3_vedtak_om_tvungent_psykisk_helsevern/§_3-3_vedtak_om_tvungent_psykisk_helsevern","viewConfig":{"multiplicity":{"min":0,"max":1},"advanced":{"hidden":false,"readonly":false,"hideFrame":false,"render":false},"label":{"custom":false,"useLocalizations":false},"size":{"field":"inherit","label":"-1"},"layout":{"label":{"valign":"inherit","align":"inherit"},"field":{"valign":"inherit","align":"inherit"}},"annotations":{},"field":{"code":{"presentation":"radios","columns":"1"}},"tags":["HideLabel"]}},{"name":"Etablert dato","localizedName":"Etablert dato","localizedNames":{"en":"*Etablert dato (nb)","nb":"Etablert dato"},"localizedDescriptions":{"nb":"*","en":"** (nb)"},"rmType":"DV_DATE_TIME","nodeId":"at0031","min":0,"max":1,"aqlPath":"/content[openEHR-EHR-OBSERVATION.hv_tm_rettslig_grunnlag_dips.v6]/data[at0001]/events[at0002]/data[at0003]/items[at0029]/items[at0031]/value","inputs":[{"type":"DATETIME","listOpen":false}],"formId":"hv_tm_rettslig_grunnlag_dips/hv_tm_rettslig_grunnlag_dips/any_event/§_3-3_vedtak_om_tvungent_psykisk_helsevern/etablert_dato","viewConfig":{"multiplicity":{"min":0,"max":1},"advanced":{"hidden":false,"readonly":false,"hideFrame":false,"render":false},"label":{"custom":false,"useLocalizations":false},"size":{"field":"inherit","label":"inherit"},"layout":{"label":{"valign":"inherit","align":"inherit"},"field":{"valign":"inherit","align":"inherit"}},"annotations":{"calcId":"TPHstart"},"field":{"input":{"hideTime":true,"dateFormat":"","hideDate":false}}}},{"name":"Utgår dato","localizedName":"Utgår dato","localizedNames":{"en":"*Utgår dato (nb)","nb":"Utgår dato"},"localizedDescriptions":{"nb":"*","en":"** (nb)"},"rmType":"DV_DATE_TIME","nodeId":"at0032","min":0,"max":1,"aqlPath":"/content[openEHR-EHR-OBSERVATION.hv_tm_rettslig_grunnlag_dips.v6]/data[at0001]/events[at0002]/data[at0003]/items[at0029]/items[at0032]/value","inputs":[{"type":"DATETIME","listOpen":false}],"formId":"hv_tm_rettslig_grunnlag_dips/hv_tm_rettslig_grunnlag_dips/any_event/§_3-3_vedtak_om_tvungent_psykisk_helsevern/utgår_dato","viewConfig":{"multiplicity":{"min":0,"max":1},"advanced":{"hidden":false,"readonly":false,"hideFrame":false,"render":false},"label":{"custom":false,"useLocalizations":false},"size":{"field":"inherit","label":"inherit"},"layout":{"label":{"valign":"inherit","align":"inherit"},"field":{"valign":"inherit","align":"inherit"}},"annotations":{"calc":"DATETIME(DATEVALUE(TPHstart)+DAYTICKS(365))"},"field":{"input":{"hideTime":true,"dateFormat":"","hideDate":false}}}},{"name":"3 mnd kontrollundersøkelse","localizedName":"3 mnd kontrollundersøkelse","localizedNames":{"en":"*3 mnd kontrollundersøkelse (nb)","nb":"3 mnd kontrollundersøkelse"},"localizedDescriptions":{"nb":"*","en":"** (nb)"},"rmType":"DV_DATE_TIME","nodeId":"at0033","min":0,"max":1,"aqlPath":"/content[openEHR-EHR-OBSERVATION.hv_tm_rettslig_grunnlag_dips.v6]/data[at0001]/events[at0002]/data[at0003]/items[at0029]/items[at0033]/value","inputs":[{"type":"DATETIME","listOpen":false}],"formId":"hv_tm_rettslig_grunnlag_dips/hv_tm_rettslig_grunnlag_dips/any_event/§_3-3_vedtak_om_tvungent_psykisk_helsevern/3_mnd_kontrollundersøkelse","viewConfig":{"multiplicity":{"min":0,"max":1},"advanced":{"hidden":false,"readonly":false,"hideFrame":false,"render":false},"label":{"custom":false,"useLocalizations":false},"size":{"field":"inherit","label":"inherit"},"layout":{"label":{"valign":"inherit","align":"inherit"},"field":{"valign":"inherit","align":"inherit"}},"annotations":{"calc":"DATETIME(DATEVALUE(TPHstart)+DAYTICKS(90))"},"field":{"input":{"hideTime":true,"dateFormat":"","hideDate":false}}}},{"name":"6 mnd kontrollundersøkelse","localizedName":"6 mnd kontrollundersøkelse","localizedNames":{"en":"*6 mnd kontrollundersøkelse (nb)","nb":"6 mnd kontrollundersøkelse"},"localizedDescriptions":{"nb":"*","en":"** (nb)"},"rmType":"DV_DATE_TIME","nodeId":"at0034","min":0,"max":1,"aqlPath":"/content[openEHR-EHR-OBSERVATION.hv_tm_rettslig_grunnlag_dips.v6]/data[at0001]/events[at0002]/data[at0003]/items[at0029]/items[at0034]/value","inputs":[{"type":"DATETIME","listOpen":false}],"formId":"hv_tm_rettslig_grunnlag_dips/hv_tm_rettslig_grunnlag_dips/any_event/§_3-3_vedtak_om_tvungent_psykisk_helsevern/6_mnd_kontrollundersøkelse","viewConfig":{"multiplicity":{"min":0,"max":1},"advanced":{"hidden":false,"readonly":false,"hideFrame":false,"render":false},"label":{"custom":false,"useLocalizations":false},"size":{"field":"inherit","label":"inherit"},"layout":{"label":{"valign":"inherit","align":"inherit"},"field":{"valign":"inherit","align":"inherit"}},"annotations":{"calc":"DATETIME(DATEVALUE(TPHstart)+DAYTICKS(180))"},"field":{"input":{"hideTime":true,"dateFormat":"","hideDate":false}}}},{"name":"9 mnd kontrollundersøkelse","localizedName":"9 mnd kontrollundersøkelse","localizedNames":{"en":"*9 mnd kontrollundersøkelse (nb)","nb":"9 mnd kontrollundersøkelse"},"localizedDescriptions":{"nb":"*","en":"** (nb)"},"rmType":"DV_DATE_TIME","nodeId":"at0035","min":0,"max":1,"aqlPath":"/content[openEHR-EHR-OBSERVATION.hv_tm_rettslig_grunnlag_dips.v6]/data[at0001]/events[at0002]/data[at0003]/items[at0029]/items[at0035]/value","inputs":[{"type":"DATETIME","listOpen":false}],"formId":"hv_tm_rettslig_grunnlag_dips/hv_tm_rettslig_grunnlag_dips/any_event/§_3-3_vedtak_om_tvungent_psykisk_helsevern/9_mnd_kontrollundersøkelse","viewConfig":{"multiplicity":{"min":0,"max":1},"advanced":{"hidden":false,"readonly":false,"hideFrame":false,"render":false},"label":{"custom":false,"useLocalizations":false},"size":{"field":"inherit","label":"inherit"},"layout":{"label":{"valign":"inherit","align":"inherit"},"field":{"valign":"inherit","align":"inherit"}},"annotations":{"calc":"DATETIME(DATEVALUE(TPHstart)+DAYTICKS(270))"},"field":{"input":{"hideTime":true,"dateFormat":"","hideDate":false}}}},{"name":"§ 62 Straffeloven, jf. psykisk helsevernloven kap. 5. Dom på overføring til TPH","localizedName":"§ 62 Straffeloven, jf. psykisk helsevernloven kap. 5. Dom på overføring til TPH","localizedNames":{"en":"*§ 62 Straffeloven, jf. psykisk helsevernloven kap. 5. Dom på overføring til TPH (nb)","nb":"§ 62 Straffeloven, jf. psykisk helsevernloven kap. 5. Dom på overføring til TPH"},"localizedDescriptions":{"nb":"*","en":"** (nb)"},"rmType":"DV_CODED_TEXT","nodeId":"at0038","min":0,"max":1,"aqlPath":"/content[openEHR-EHR-OBSERVATION.hv_tm_rettslig_grunnlag_dips.v6]/data[at0001]/events[at0002]/data[at0003]/items[at0038]/value","inputs":[{"suffix":"code","type":"CODED_TEXT","list":[{"value":"at0053","label":"§ 62 Straffeloven, jf. psykisk helsevernloven kap. 5Dom på overføring til TPH","ordinal":0,"localizedLabels":{"nb":"§ 62 Straffeloven, jf. psykisk helsevernloven kap. 5Dom på overføring til TPH","en":"*§ 62 Straffeloven, jf. psykisk helsevernloven kap. 5Dom på overføring til TPH (nb)"},"localizedDescriptions":{"nb":"*","en":"** (nb)"}}],"listOpen":false}],"formId":"hv_tm_rettslig_grunnlag_dips/hv_tm_rettslig_grunnlag_dips/any_event/§_62_straffeloven,_jf._psykisk_helsevernloven_kap._5._dom_på_overføring_til_tph","viewConfig":{"multiplicity":{"min":0,"max":1},"advanced":{"hidden":false,"readonly":false,"hideFrame":false,"render":false},"label":{"custom":false,"useLocalizations":false},"size":{"field":"inherit","label":"-1"},"layout":{"label":{"valign":"inherit","align":"inherit"},"field":{"valign":"inherit","align":"inherit"}},"annotations":{},"field":{"code":{"presentation":"radios","columns":"1"}},"tags":["HideLabel"]}},{"name":"§ 63 Straffeloven. Dom på tvungen omsorg","localizedName":"§ 63 Straffeloven. Dom på tvungen omsorg","localizedNames":{"en":"*§ 63 Straffeloven. Dom på tvungen omsorg (nb)","nb":"§ 63 Straffeloven. Dom på tvungen omsorg"},"localizedDescriptions":{"nb":"*","en":"** (nb)"},"rmType":"DV_CODED_TEXT","nodeId":"at0039","min":0,"max":1,"aqlPath":"/content[openEHR-EHR-OBSERVATION.hv_tm_rettslig_grunnlag_dips.v6]/data[at0001]/events[at0002]/data[at0003]/items[at0039]/value","inputs":[{"suffix":"code","type":"CODED_TEXT","list":[{"value":"at0054","label":"§ 63 Straffeloven. Dom på tvungen omsorg","ordinal":0,"localizedLabels":{"nb":"§ 63 Straffeloven. Dom på tvungen omsorg","en":"*§ 63 Straffeloven. Dom på tvungen omsorg (nb)"},"localizedDescriptions":{"nb":"*","en":"** (nb)"}}],"listOpen":false}],"formId":"hv_tm_rettslig_grunnlag_dips/hv_tm_rettslig_grunnlag_dips/any_event/§_63_straffeloven._dom_på_tvungen_omsorg","viewConfig":{"multiplicity":{"min":0,"max":1},"advanced":{"hidden":false,"readonly":false,"hideFrame":false,"render":false},"label":{"custom":false,"useLocalizations":false},"size":{"field":"inherit","label":"-1"},"layout":{"label":{"valign":"inherit","align":"inherit"},"field":{"valign":"inherit","align":"inherit"}},"annotations":{},"field":{"code":{"presentation":"radios","columns":"1"}},"tags":["HideLabel"]}},{"name":"§ 167 Staffeloven. Rettsbestemt innlegges til undersøkelse på psykiatrisk sykehus eller annet egnet undersøkelsessted","localizedName":"§ 167 Staffeloven. Rettsbestemt innlegges til undersøkelse på psykiatrisk sykehus eller annet egnet undersøkelsessted","localizedNames":{"en":"*§ 167 Staffeloven. Rettsbestemt innlegges til undersøkelse på psykiatrisk sykehus eller annet egnet undersøkelsessted (nb)","nb":"§ 167 Staffeloven. Rettsbestemt innlegges til undersøkelse på psykiatrisk sykehus eller annet egnet undersøkelsessted"},"localizedDescriptions":{"nb":"*","en":"** (nb)"},"rmType":"DV_CODED_TEXT","nodeId":"at0040","min":0,"max":1,"aqlPath":"/content[openEHR-EHR-OBSERVATION.hv_tm_rettslig_grunnlag_dips.v6]/data[at0001]/events[at0002]/data[at0003]/items[at0040]/value","inputs":[{"suffix":"code","type":"CODED_TEXT","list":[{"value":"at0055","label":"§ 167 Straffeloven. Rettsbestemt innlegges til undersøkelse på psykiatrisk sykehus eller annet egnet undersøkelsessted","ordinal":0,"localizedLabels":{"nb":"§ 167 Straffeloven. Rettsbestemt innlegges til undersøkelse på psykiatrisk sykehus eller annet egnet undersøkelsessted","en":"*§ 167 Straffeloven. Rettsbestemt innlegges til undersøkelse på psykiatrisk sykehus eller annet egnet undersøkelsessted (nb)"},"localizedDescriptions":{"nb":"*","en":"** (nb)"}}],"listOpen":false}],"formId":"hv_tm_rettslig_grunnlag_dips/hv_tm_rettslig_grunnlag_dips/any_event/§_167_staffeloven._rettsbestemt_innlegges_til_undersøkelse_på_psykiatrisk_sykehus_eller_annet_egnet_undersøkelsessted","viewConfig":{"multiplicity":{"min":0,"max":1},"advanced":{"hidden":false,"readonly":false,"hideFrame":false,"render":false},"label":{"custom":false,"useLocalizations":false},"size":{"field":"inherit","label":"-1"},"layout":{"label":{"valign":"inherit","align":"inherit"},"field":{"valign":"inherit","align":"inherit"}},"annotations":{},"field":{"code":{"presentation":"radios","columns":"1"}},"tags":["HideLabel"]}},{"name":"Barnevernloven","localizedName":"Barnevernloven","localizedNames":{"en":"*Barnevernloven (nb)","nb":"Barnevernloven"},"localizedDescriptions":{"nb":"*","en":"** (nb)"},"rmType":"DV_CODED_TEXT","nodeId":"at0041","min":0,"max":1,"aqlPath":"/content[openEHR-EHR-OBSERVATION.hv_tm_rettslig_grunnlag_dips.v6]/data[at0001]/events[at0002]/data[at0003]/items[at0041]/value","inputs":[{"suffix":"code","type":"CODED_TEXT","list":[{"value":"at0056","label":"Barnevernloven","ordinal":0,"localizedLabels":{"nb":"Barnevernloven","en":"*Barnevernloven (nb)"},"localizedDescriptions":{"nb":"*","en":"** (nb)"}}],"listOpen":false}],"formId":"hv_tm_rettslig_grunnlag_dips/hv_tm_rettslig_grunnlag_dips/any_event/barnevernloven","viewConfig":{"multiplicity":{"min":0,"max":1},"advanced":{"hidden":false,"readonly":false,"hideFrame":false,"render":false},"label":{"custom":false,"useLocalizations":false},"size":{"field":"inherit","label":"-1"},"layout":{"label":{"valign":"inherit","align":"inherit"},"field":{"valign":"inherit","align":"inherit"}},"annotations":{},"field":{"code":{"presentation":"radios","columns":"1"}},"tags":["HideLabel"]}},{"name":"§ 10-4 første ledd. Tilbakehold av rusmiddelavhengig i institusjon på grunnlag av eget samtykke, Helse- og omsorgstjenesteloven","localizedName":"§ 10-4 første ledd. Tilbakehold av rusmiddelavhengig i institusjon på grunnlag av eget samtykke, Helse- og omsorgstjenesteloven","localizedNames":{"en":"*§ 10-4 første ledd. Tilbakehold av rusmiddelavhengig i institusjon på grunnlag av eget samtykke, Helse- og omsorgstjenesteloven (nb)","nb":"§ 10-4 første ledd. Tilbakehold av rusmiddelavhengig i institusjon på grunnlag av eget samtykke, Helse- og omsorgstjenesteloven"},"localizedDescriptions":{"nb":"*","en":"** (nb)"},"rmType":"DV_CODED_TEXT","nodeId":"at0042","min":0,"max":1,"aqlPath":"/content[openEHR-EHR-OBSERVATION.hv_tm_rettslig_grunnlag_dips.v6]/data[at0001]/events[at0002]/data[at0003]/items[at0042]/value","inputs":[{"suffix":"code","type":"CODED_TEXT","list":[{"value":"at0057","label":"§ 10-4 første ledd. Tilbakehold av rusmiddelavhengig i institusjon på grunnlag av eget samtykke, Helse- og omsorgstjenesteloven","ordinal":0,"localizedLabels":{"nb":"§ 10-4 første ledd. Tilbakehold av rusmiddelavhengig i institusjon på grunnlag av eget samtykke, Helse- og omsorgstjenesteloven","en":"*§ 10-4 første ledd. Tilbakehold av rusmiddelavhengig i institusjon på grunnlag av eget samtykke, Helse- og omsorgstjenesteloven (nb)"},"localizedDescriptions":{"nb":"*","en":"** (nb)"}}],"listOpen":false}],"formId":"hv_tm_rettslig_grunnlag_dips/hv_tm_rettslig_grunnlag_dips/any_event/§_10-4_første_ledd._tilbakehold_av_rusmiddelavhengig_i_institusjon_på_grunnlag_av_eget_samtykke,_helse-_og_omsorgstjenesteloven","viewConfig":{"multiplicity":{"min":0,"max":1},"advanced":{"hidden":false,"readonly":false,"hideFrame":false,"render":false},"label":{"custom":false,"useLocalizations":false},"size":{"field":"inherit","label":"-1"},"layout":{"label":{"valign":"inherit","align":"inherit"},"field":{"valign":"inherit","align":"inherit"}},"annotations":{},"field":{"code":{"presentation":"radios","columns":"1"}},"tags":["HideLabel"]}},{"name":"§ 10-4 andre ledd. Tilbakehold av rusmiddelavhengig i institusjon på bakgrunn av eget samtykke, Helse- og omsorgstjenesteloven","localizedName":"§ 10-4 andre ledd. Tilbakehold av rusmiddelavhengig i institusjon på bakgrunn av eget samtykke, Helse- og omsorgstjenesteloven","localizedNames":{"en":"*§ 10-4 andre ledd. Tilbakehold av rusmiddelavhengig i institusjon på bakgrunn av eget samtykke, Helse- og omsorgstjenesteloven (nb)","nb":"§ 10-4 andre ledd. Tilbakehold av rusmiddelavhengig i institusjon på bakgrunn av eget samtykke, Helse- og omsorgstjenesteloven"},"localizedDescriptions":{"nb":"*","en":"** (nb)"},"rmType":"DV_CODED_TEXT","nodeId":"at0043","min":0,"max":1,"aqlPath":"/content[openEHR-EHR-OBSERVATION.hv_tm_rettslig_grunnlag_dips.v6]/data[at0001]/events[at0002]/data[at0003]/items[at0043]/value","inputs":[{"suffix":"code","type":"CODED_TEXT","list":[{"value":"at0058","label":"§ 10-4 andre ledd. Tilbakehold av rusmiddelavhengig i institusjon på bakgrunn av eget samtykke, Helse- og omsorgstjenesteloven","ordinal":0,"localizedLabels":{"nb":"§ 10-4 andre ledd. Tilbakehold av rusmiddelavhengig i institusjon på bakgrunn av eget samtykke, Helse- og omsorgstjenesteloven","en":"*§ 10-4 andre ledd. Tilbakehold av rusmiddelavhengig i institusjon på bakgrunn av eget samtykke, Helse- og omsorgstjenesteloven (nb)"},"localizedDescriptions":{"nb":"*","en":"** (nb)"}}],"listOpen":false}],"formId":"hv_tm_rettslig_grunnlag_dips/hv_tm_rettslig_grunnlag_dips/any_event/§_10-4_andre_ledd._tilbakehold_av_rusmiddelavhengig_i_institusjon_på_bakgrunn_av_eget_samtykke,_helse-_og_omsorgstjenesteloven","viewConfig":{"multiplicity":{"min":0,"max":1},"advanced":{"hidden":false,"readonly":false,"hideFrame":false,"render":false},"label":{"custom":false,"useLocalizations":false},"size":{"field":"inherit","label":"-1"},"layout":{"label":{"valign":"inherit","align":"inherit"},"field":{"valign":"inherit","align":"inherit"}},"annotations":{},"field":{"code":{"presentation":"radios","columns":"1"}},"tags":["HideLabel"]}},{"name":"§ 10-2 første ledd. Fylkesnemdsvedtak om tilbakehold av rusmiddelavhengig i institusjon uten eget samtykke. Helse- og omsorgstjenesteloven","localizedName":"§ 10-2 første ledd. Fylkesnemdsvedtak om tilbakehold av rusmiddelavhengig i institusjon uten eget samtykke. Helse- og omsorgstjenesteloven","localizedNames":{"en":"*§ 10-2 første ledd. Fylkesnemdsvedtak om tilbakehold av rusmiddelavhengig i institusjon uten eget samtykke. Helse- og omsorgstjenesteloven (nb)","nb":"§ 10-2 første ledd. Fylkesnemdsvedtak om tilbakehold av rusmiddelavhengig i institusjon uten eget samtykke. Helse- og omsorgstjenesteloven"},"localizedDescriptions":{"nb":"*","en":"** (nb)"},"rmType":"DV_CODED_TEXT","nodeId":"at0044","min":0,"max":1,"aqlPath":"/content[openEHR-EHR-OBSERVATION.hv_tm_rettslig_grunnlag_dips.v6]/data[at0001]/events[at0002]/data[at0003]/items[at0044]/value","inputs":[{"suffix":"code","type":"CODED_TEXT","list":[{"value":"at0059","label":"§ 10-2 første ledd. Fylkesnemdsvedtak om tilbakehold av rusmiddelavhengig i institusjon uten eget samtykke. Helse- og omsorgstjenesteloven","ordinal":0,"localizedLabels":{"nb":"§ 10-2 første ledd. Fylkesnemdsvedtak om tilbakehold av rusmiddelavhengig i institusjon uten eget samtykke. Helse- og omsorgstjenesteloven","en":"*§ 10-2 første ledd. Fylkesnemdsvedtak om tilbakehold av rusmiddelavhengig i institusjon uten eget samtykke. Helse- og omsorgstjenesteloven (nb)"},"localizedDescriptions":{"nb":"*","en":"** (nb)"}}],"listOpen":false}],"formId":"hv_tm_rettslig_grunnlag_dips/hv_tm_rettslig_grunnlag_dips/any_event/§_10-2_første_ledd._fylkesnemdsvedtak_om_tilbakehold_av_rusmiddelavhengig_i_institusjon_uten_eget_samtykke._helse-_og_omsorgstjenesteloven","viewConfig":{"multiplicity":{"min":0,"max":1},"advanced":{"hidden":false,"readonly":false,"hideFrame":false,"render":false},"label":{"custom":false,"useLocalizations":false},"size":{"field":"inherit","label":"-1"},"layout":{"label":{"valign":"inherit","align":"inherit"},"field":{"valign":"inherit","align":"inherit"}},"annotations":{},"field":{"code":{"presentation":"radios","columns":"1"}},"tags":["HideLabel"]}},{"name":"§ 10-2 fjerde ledd. Midlertidig vedtak av kommunen om tilbakehold av rusmiddelavhengig. Helse- og omsorgstjenesteloven","localizedName":"§ 10-2 fjerde ledd. Midlertidig vedtak av kommunen om tilbakehold av rusmiddelavhengig. Helse- og omsorgstjenesteloven","localizedNames":{"en":"*§ 10-2 fjerde ledd. Midlertidig vedtak av kommunen om tilbakehold av rusmiddelavhengig. Helse- og omsorgstjenesteloven (nb)","nb":"§ 10-2 fjerde ledd. Midlertidig vedtak av kommunen om tilbakehold av rusmiddelavhengig. Helse- og omsorgstjenesteloven"},"localizedDescriptions":{"nb":"*","en":"** (nb)"},"rmType":"DV_CODED_TEXT","nodeId":"at0045","min":0,"max":1,"aqlPath":"/content[openEHR-EHR-OBSERVATION.hv_tm_rettslig_grunnlag_dips.v6]/data[at0001]/events[at0002]/data[at0003]/items[at0045]/value","inputs":[{"suffix":"code","type":"CODED_TEXT","list":[{"value":"at0060","label":"§ 10-2 fjerde ledd. Midlertidig vedtak av kommunen om tilbakehold av rusmiddelavhengig. Helse- og omsorgstjenesteloven","ordinal":0,"localizedLabels":{"nb":"§ 10-2 fjerde ledd. Midlertidig vedtak av kommunen om tilbakehold av rusmiddelavhengig. Helse- og omsorgstjenesteloven","en":"*§ 10-2 fjerde ledd. Midlertidig vedtak av kommunen om tilbakehold av rusmiddelavhengig. Helse- og omsorgstjenesteloven (nb)"},"localizedDescriptions":{"nb":"*","en":"** (nb)"}}],"listOpen":false}],"formId":"hv_tm_rettslig_grunnlag_dips/hv_tm_rettslig_grunnlag_dips/any_event/§_10-2_fjerde_ledd._midlertidig_vedtak_av_kommunen_om_tilbakehold_av_rusmiddelavhengig._helse-_og_omsorgstjenesteloven","viewConfig":{"multiplicity":{"min":0,"max":1},"advanced":{"hidden":false,"readonly":false,"hideFrame":false,"render":false},"label":{"custom":false,"useLocalizations":false},"size":{"field":"inherit","label":"-1"},"layout":{"label":{"valign":"inherit","align":"inherit"},"field":{"valign":"inherit","align":"inherit"}},"annotations":{},"field":{"code":{"presentation":"radios","columns":"1"}},"tags":["HideLabel"]}},{"name":"§ 10-3 første ledd. Fylkesnemdvedtak om tilbakeholdelse av gravide rusmiddelavhengige. Helse- og omsorgstjenesteloven","localizedName":"§ 10-3 første ledd. Fylkesnemdvedtak om tilbakeholdelse av gravide rusmiddelavhengige. Helse- og omsorgstjenesteloven","localizedNames":{"en":"*§ 10-3 første ledd. Fylkesnemdvedtak om tilbakeholdelse av gravide rusmiddelavhengige. Helse- og omsorgstjenesteloven (nb)","nb":"§ 10-3 første ledd. Fylkesnemdvedtak om tilbakeholdelse av gravide rusmiddelavhengige. Helse- og omsorgstjenesteloven"},"localizedDescriptions":{"nb":"*","en":"** (nb)"},"rmType":"DV_CODED_TEXT","nodeId":"at0046","min":0,"max":1,"aqlPath":"/content[openEHR-EHR-OBSERVATION.hv_tm_rettslig_grunnlag_dips.v6]/data[at0001]/events[at0002]/data[at0003]/items[at0046]/value","inputs":[{"suffix":"code","type":"CODED_TEXT","list":[{"value":"at0061","label":"§ 10-3 første ledd. Fylkesnemdvedtak om tilbakeholdelse av gravide rusmiddelavhengige. Helse- og omsorgstjenesteloven","ordinal":0,"localizedLabels":{"nb":"§ 10-3 første ledd. Fylkesnemdvedtak om tilbakeholdelse av gravide rusmiddelavhengige. Helse- og omsorgstjenesteloven","en":"*§ 10-3 første ledd. Fylkesnemdvedtak om tilbakeholdelse av gravide rusmiddelavhengige. Helse- og omsorgstjenesteloven (nb)"},"localizedDescriptions":{"nb":"*","en":"** (nb)"}}],"listOpen":false}],"formId":"hv_tm_rettslig_grunnlag_dips/hv_tm_rettslig_grunnlag_dips/any_event/§_10-3_første_ledd._fylkesnemdvedtak_om_tilbakeholdelse_av_gravide_rusmiddelavhengige._helse-_og_omsorgstjenesteloven","viewConfig":{"multiplicity":{"min":0,"max":1},"advanced":{"hidden":false,"readonly":false,"hideFrame":false,"render":false},"label":{"custom":false,"useLocalizations":false},"size":{"field":"inherit","label":"-1"},"layout":{"label":{"valign":"inherit","align":"inherit"},"field":{"valign":"inherit","align":"inherit"}},"annotations":{},"field":{"code":{"presentation":"radios","columns":"1"}},"tags":["HideLabel"]}},{"name":"§ 10-3 femte ledd. Midlertidig vedtak av kommunen om tilbakeholdelse av gravide rusmiddelavhengige. Helse- og omsorgstjenesteloven","localizedName":"§ 10-3 femte ledd. Midlertidig vedtak av kommunen om tilbakeholdelse av gravide rusmiddelavhengige. Helse- og omsorgstjenesteloven","localizedNames":{"en":"*§ 10-3 femte ledd. Midlertidig vedtak av kommunen om tilbakeholdelse av gravide rusmiddelavhengige. Helse- og omsorgstjenesteloven (nb)","nb":"§ 10-3 femte ledd. Midlertidig vedtak av kommunen om tilbakeholdelse av gravide rusmiddelavhengige. Helse- og omsorgstjenesteloven"},"localizedDescriptions":{"nb":"*","en":"** (nb)"},"rmType":"DV_CODED_TEXT","nodeId":"at0047","min":0,"max":1,"aqlPath":"/content[openEHR-EHR-OBSERVATION.hv_tm_rettslig_grunnlag_dips.v6]/data[at0001]/events[at0002]/data[at0003]/items[at0047]/value","inputs":[{"suffix":"code","type":"CODED_TEXT","list":[{"value":"at0062","label":"§ 10-3 femte ledd. Midlertidig vedtak av kommunen om tilbakeholdelse av gravide rusmiddelavhengige. Helse- og omsorgstjenesteloven","ordinal":0,"localizedLabels":{"nb":"§ 10-3 femte ledd. Midlertidig vedtak av kommunen om tilbakeholdelse av gravide rusmiddelavhengige. Helse- og omsorgstjenesteloven","en":"*§ 10-3 femte ledd. Midlertidig vedtak av kommunen om tilbakeholdelse av gravide rusmiddelavhengige. Helse- og omsorgstjenesteloven (nb)"},"localizedDescriptions":{"nb":"*","en":"** (nb)"}}],"listOpen":false}],"formId":"hv_tm_rettslig_grunnlag_dips/hv_tm_rettslig_grunnlag_dips/any_event/§_10-3_femte_ledd._midlertidig_vedtak_av_kommunen_om_tilbakeholdelse_av_gravide_rusmiddelavhengige._helse-_og_omsorgstjenesteloven","viewConfig":{"multiplicity":{"min":0,"max":1},"advanced":{"hidden":false,"readonly":false,"hideFrame":false,"render":false},"label":{"custom":false,"useLocalizations":false},"size":{"field":"inherit","label":"-1"},"layout":{"label":{"valign":"inherit","align":"inherit"},"field":{"valign":"inherit","align":"inherit"}},"annotations":{},"field":{"code":{"presentation":"radios","columns":"1"}},"tags":["HideLabel"]}},{"name":"§ 12 Gjennomføring av straff i institusjon (Straffegjennomføringsloven)","localizedName":"§ 12 Gjennomføring av straff i institusjon (Straffegjennomføringsloven)","localizedNames":{"en":"*§ 12 Gjennomføring av straff i institusjon (Straffegjennomføringsloven) (nb)","nb":"§ 12 Gjennomføring av straff i institusjon (Straffegjennomføringsloven)"},"localizedDescriptions":{"nb":"*","en":"** (nb)"},"rmType":"DV_CODED_TEXT","nodeId":"at0064","min":0,"max":1,"aqlPath":"/content[openEHR-EHR-OBSERVATION.hv_tm_rettslig_grunnlag_dips.v6]/data[at0001]/events[at0002]/data[at0003]/items[at0064]/value","inputs":[{"suffix":"code","type":"CODED_TEXT","list":[{"value":"at0065","label":"§ 12 Gjennomføring av straff i institusjon (Straffegjennomføringsloven)","ordinal":0,"localizedLabels":{"nb":"§ 12 Gjennomføring av straff i institusjon (Straffegjennomføringsloven)","en":"*§ 12 Gjennomføring av straff i institusjon (Straffegjennomføringsloven) (nb)"},"localizedDescriptions":{"nb":"*","en":"** (nb)"}}],"listOpen":false}],"formId":"hv_tm_rettslig_grunnlag_dips/hv_tm_rettslig_grunnlag_dips/any_event/§_12_gjennomføring_av_straff_i_institusjon_(straffegjennomføringsloven)","viewConfig":{"multiplicity":{"min":0,"max":1},"advanced":{"hidden":false,"readonly":false,"hideFrame":false,"render":false},"label":{"custom":false,"useLocalizations":false},"size":{"field":"inherit","label":"-1"},"layout":{"label":{"valign":"inherit","align":"inherit"},"field":{"valign":"inherit","align":"inherit"}},"annotations":{},"field":{"code":{"presentation":"radios","columns":"1"}},"tags":["HideLabel"]}},{"name":"Nødrett (Straffeloven § 17)","localizedName":"Nødrett (Straffeloven § 17)","localizedNames":{"en":"*Nødrett (Straffeloven § 17) (nb)","nb":"Nødrett (Straffeloven § 17)"},"localizedDescriptions":{"nb":"*","en":"** (nb)"},"rmType":"DV_CODED_TEXT","nodeId":"at0048","min":0,"max":1,"aqlPath":"/content[openEHR-EHR-OBSERVATION.hv_tm_rettslig_grunnlag_dips.v6]/data[at0001]/events[at0002]/data[at0003]/items[at0048]/value","inputs":[{"suffix":"code","type":"CODED_TEXT","list":[{"value":"at0063","label":"Nødrett (Straffeloven § 17)","ordinal":0,"localizedLabels":{"nb":"Nødrett (Straffeloven § 17)","en":"*Nødrett (Straffeloven § 17) (nb)"},"localizedDescriptions":{"nb":"*","en":"** (nb)"}}],"listOpen":false}],"formId":"hv_tm_rettslig_grunnlag_dips/hv_tm_rettslig_grunnlag_dips/any_event/nødrett_(straffeloven_§_17)","viewConfig":{"multiplicity":{"min":0,"max":1},"advanced":{"hidden":false,"readonly":false,"hideFrame":false,"render":false},"label":{"custom":false,"useLocalizations":false},"size":{"field":"inherit","label":"-1"},"layout":{"label":{"valign":"inherit","align":"inherit"},"field":{"valign":"inherit","align":"inherit"}},"annotations":{},"field":{"code":{"presentation":"radios","columns":"1"}},"tags":["HideLabel"]}},{"name":"Fritekst","localizedName":"Fritekst","localizedNames":{"en":"*Fritekst (nb)","nb":"Fritekst"},"localizedDescriptions":{"nb":"*","en":"** (nb)"},"rmType":"DV_TEXT","nodeId":"at0066","min":0,"max":1,"aqlPath":"/content[openEHR-EHR-OBSERVATION.hv_tm_rettslig_grunnlag_dips.v6]/data[at0001]/events[at0002]/data[at0003]/items[at0066]/value","inputs":[{"type":"TEXT","list":[],"listOpen":false}],"formId":"hv_tm_rettslig_grunnlag_dips/hv_tm_rettslig_grunnlag_dips/any_event/fritekst","viewConfig":{"multiplicity":{"min":0,"max":1},"advanced":{"hidden":false,"readonly":false,"hideFrame":false,"render":false},"label":{"custom":false,"useLocalizations":false},"size":{"field":"inherit","label":"inherit"},"layout":{"label":{"valign":"inherit","align":"inherit"},"field":{"valign":"inherit","align":"inherit"}},"datasource":{"loadRemote":false,"parameters":{}},"annotations":{},"field":{"lines":null,"input":{}}}}]}