[{"field":"nems_score_og_mekanisk_ventilasjon/nems_score/respirasjon","conditions":[{"operator":"equals","value":{"value":"at0023"},"actions":[{"action":"show","target":"nems_score_og_mekanisk_ventilasjon/mekanisk_ventilasjon","value":{"value":""}}]},{"operator":"notequals","value":{"value":"at0023"},"actions":[{"action":"hide","target":"nems_score_og_mekanisk_ventilasjon/mekanisk_ventilasjon","value":{"value":""}},{"action":"reset","target":"nems_score_og_mekanisk_ventilasjon/mekanisk_ventilasjon","value":{"value":""}}]}]}]