[{"field":"informasjon_for_post/mistanke_om_smittefare@Mistanke om smittefare/status","conditions":[{"operator":"equals","value":{"code":"at0015"},"actions":[{"action":"setOccurrences","target":"informasjon_for_post/mistanke_om_smittefare@Mistanke om smittefare/gyldighetsperiode_start","value":{"value":"1..1"}},{"action":"hide","target":"informasjon_for_post/mistanke_om_smittefare@Mistanke om smittefare/gyldighetsperiode_slutt"},{"action":"clear","target":"informasjon_for_post/mistanke_om_smittefare@Mistanke om smittefare/gyldighetsperiode_slutt"},{"action":"setOccurrences","target":"informasjon_for_post/mistanke_om_smittefare@Mistanke om smittefare/gyldighetsperiode_slutt","value":{"value":"0..1"}}]},{"operator":"equals","value":{"code":"at0018"},"actions":[{"action":"show","target":"informasjon_for_post/mistanke_om_smittefare@Mistanke om smittefare/gyldighetsperiode_slutt"},{"action":"setOccurrences","target":"informasjon_for_post/mistanke_om_smittefare@Mistanke om smittefare/gyldighetsperiode_slutt","value":{"value":"1..1"}},{"action":"setOccurrences","target":"informasjon_for_post/mistanke_om_smittefare@Mistanke om smittefare/gyldighetsperiode_start","value":{"value":"1..1"}}]}]}]