{"name":"Form root","localizedNames":{},"localizedDescriptions":{},"rmType":"FORM_DEFINITION","min":0,"max":0,"formId":"form_root","viewConfig":{"label":{"custom":false,"useLocalizations":false},"size":{"field":"inherit","label":"inherit"},"layout":{"label":{"valign":"inherit","align":"inherit"},"field":{"valign":"inherit","align":"inherit"}},"annotations":{"reuseComposition":"select c from composition c[openEHR-EHR-COMPOSITION.encounter.v1] contains EVALUATION e[openEHR-EHR-EVALUATION.precaution.v1] where c/name/value = 'Informasjon for post' and e/name/value = 'Mistanke om smittefare' order by c/context/start_time/value DESC fetch 1?scope=episodeofcare"}},"children":[{"name":"Informasjon for post","localizedName":"Informasjon for post","localizedNames":{"en":"*Informasjon for post (en)","nb":"Informasjon for post"},"localizedDescriptions":{"nb":"Interaksjon, kontakt eller omsorgshendelse mellom et individ og helsepersonell.","en":"*Interaksjon, kontakt eller omsorgshendelse mellom et individ og helsepersonell. (nb)"},"rmType":"COMPOSITION","nodeId":"openEHR-EHR-COMPOSITION.encounter.v1","min":1,"max":1,"aqlPath":"/","inputs":[],"formId":"informasjon_for_post","viewConfig":{"multiplicity":{"min":1,"max":1},"advanced":{"hidden":false,"readonly":false,"hideFrame":false,"render":false},"label":{"custom":false,"useLocalizations":false},"size":{"field":"inherit","label":"-1"},"layout":{"label":{"valign":"inherit","align":"inherit"},"field":{"valign":"inherit","align":"inherit"}},"annotations":{},"field":{},"tags":["HideLabel"]},"children":[{"name":"Mistanke om smittefare","localizedName":"Mistanke om smittefare","localizedNames":{"en":"*Mistanke om smittefare (en)","nb":"Mistanke om smittefare"},"localizedDescriptions":{"nb":"En klinisk tilstand eller status som er unik eller særegen for et individ, og som regnes som viktig informasjon i forbindelse med beslutninger om behandling.","en":"*En klinisk tilstand eller status som er unik eller særegen for et individ, og som regnes som viktig informasjon i forbindelse med beslutninger om behandling. (nb)"},"rmType":"EVALUATION","nodeId":"openEHR-EHR-EVALUATION.precaution.v1","min":1,"max":1,"aqlPath":"/content[openEHR-EHR-EVALUATION.precaution.v1 and name/value='Mistanke om smittefare']","inputs":[],"formId":"informasjon_for_post/mistanke_om_smittefare@Mistanke om smittefare","viewConfig":{"multiplicity":{"min":1,"max":1},"advanced":{"hidden":false,"readonly":false,"hideFrame":false,"render":false},"label":{"custom":false,"useLocalizations":false},"size":{"field":"small","label":"inherit"},"layout":{"label":{"valign":"inherit","align":"inherit"},"field":{"valign":"inherit","align":"inherit"}},"annotations":{},"field":{}},"children":[{"name":"Smittevernstiltak","localizedName":"Smittevernstiltak","localizedNames":{"en":"*Smittevernstiltak (en)","nb":"Smittevernstiltak"},"localizedDescriptions":{"nb":"Navnet på tilstanden eller statusen.","en":"*Navnet på tilstanden eller statusen. (nb)"},"rmType":"DV_CODED_TEXT","nodeId":"at0002","min":1,"max":1,"aqlPath":"/content[openEHR-EHR-EVALUATION.precaution.v1 and name/value='Mistanke om smittefare']/data[at0001]/items[at0002 and name/value='Smittevernstiltak']/value","inputs":[{"suffix":"code","type":"CODED_TEXT","list":[{"value":"409529001","label":"Kontaktsmitte","ordinal":0,"localizedLabels":{"nb":"Kontaktsmitte","en":"*Kontaktsmitte (nb)"},"localizedDescriptions":{}},{"value":"409525007","label":"Dråpesmitte","ordinal":0,"localizedLabels":{"nb":"Dråpesmitte","en":"*Dråpesmitte (nb)"},"localizedDescriptions":{}},{"value":"409524006","label":"Luftsmitte","ordinal":0,"localizedLabels":{"nb":"Luftsmitte","en":"*Luftsmitte (nb)"},"localizedDescriptions":{}}],"listOpen":false}],"formId":"informasjon_for_post/mistanke_om_smittefare@Mistanke om smittefare/smittevernstiltak@Smittevernstiltak","viewConfig":{"multiplicity":{"min":1,"max":1},"advanced":{"hidden":false,"readonly":false,"hideFrame":false,"render":false},"label":{"custom":false,"useLocalizations":false},"size":{"field":"inherit","label":"inherit"},"layout":{"label":{"valign":"inherit","align":"inherit"},"field":{"valign":"inherit","align":"inherit"}},"annotations":{},"field":{"code":{"presentation":"combobox","columns":"3"}}}},{"name":"Status","localizedName":"Status","localizedNames":{"en":"*Status (nb)","nb":"Status"},"localizedDescriptions":{"nb":"Forholdsregelens nåværende status.","en":"*Forholdsregelens nåværende status. (nb)"},"rmType":"DV_CODED_TEXT","nodeId":"at0014","min":1,"max":1,"aqlPath":"/content[openEHR-EHR-EVALUATION.precaution.v1 and name/value='Mistanke om smittefare']/data[at0001]/items[at0014]/value","inputs":[{"suffix":"code","type":"CODED_TEXT","list":[{"value":"at0015","label":"Aktiv","ordinal":0,"localizedLabels":{"nb":"Aktiv","en":"*Aktiv (nb)"},"localizedDescriptions":{"nb":"Forholdsregelen er aktiv.","en":"*Forholdsregelen er aktiv. (nb)"}},{"value":"at0018","label":"Opphørt","ordinal":0,"localizedLabels":{"nb":"Opphørt","en":"*Opphørt (nb)"},"localizedDescriptions":{"nb":"Den tidligere kjente forholdsregelen er klinisk revurdert ved testing, og regnes ikke lenger for å være en aktiv risiko.","en":"*Den tidligere kjente forholdsregelen er klinisk revurdert ved testing, og regnes ikke lenger for å være en aktiv risiko. (nb)"}}],"listOpen":false}],"formId":"informasjon_for_post/mistanke_om_smittefare@Mistanke om smittefare/status","viewConfig":{"multiplicity":{"min":1,"max":1},"advanced":{"hidden":false,"readonly":false,"hideFrame":false,"render":false},"label":{"custom":false,"useLocalizations":false},"size":{"field":"medium","label":"3"},"layout":{"label":{"valign":"inherit","align":"inherit"},"field":{"valign":"inherit","align":"inherit"}},"annotations":{},"field":{"code":{"presentation":"radios","columns":"2"}}}},{"name":"Mistanke om","localizedName":"Mistanke om","localizedNames":{"en":"*Mistanke om (en)","nb":"Mistanke om"},"localizedDescriptions":{"nb":"Beskrivelse av underlaget som understøtter forholdsregelen.","en":"*Beskrivelse av underlaget som understøtter forholdsregelen. (nb)"},"rmType":"DV_CODED_TEXT","nodeId":"at0003","min":0,"max":1,"aqlPath":"/content[openEHR-EHR-EVALUATION.precaution.v1 and name/value='Mistanke om smittefare']/data[at0001]/items[at0003 and name/value='Mistanke om']/value","inputs":[{"suffix":"code","type":"CODED_TEXT","list":[{"value":"725894000","label":"Influensavirus","ordinal":0,"localizedLabels":{"nb":"Influensavirus","en":"*Influensavirus (nb)"},"localizedDescriptions":{}},{"value":"115329001","label":"MRSA","ordinal":0,"localizedLabels":{"nb":"MRSA","en":"*MRSA (nb)"},"localizedDescriptions":{}},{"value":"407359000","label":"NORO-virus","ordinal":0,"localizedLabels":{"nb":"NORO-virus","en":"*NORO-virus (nb)"},"localizedDescriptions":{}},{"value":"74964007","label":"Annet","ordinal":0,"localizedLabels":{"nb":"Annet","en":"*Annet (nb)"},"localizedDescriptions":{}}],"listOpen":false}],"formId":"informasjon_for_post/mistanke_om_smittefare@Mistanke om smittefare/mistanke_om@Mistanke om","viewConfig":{"multiplicity":{"min":0,"max":1},"advanced":{"hidden":false,"readonly":false,"hideFrame":false,"render":false},"label":{"custom":false,"useLocalizations":false},"size":{"field":"inherit","label":"inherit"},"layout":{"label":{"valign":"inherit","align":"inherit"},"field":{"valign":"inherit","align":"inherit"}},"annotations":{},"field":{"code":{"presentation":"combobox","columns":"4"}}}},{"name":"Kategori","localizedName":"Kategori","localizedNames":{"en":"*Kategori (nb)","nb":"Kategori"},"localizedDescriptions":{"nb":"Type \"Tilstand\".","en":"*Type \"Tilstand\". (nb)"},"rmType":"DV_CODED_TEXT","nodeId":"at0013","min":0,"max":1,"aqlPath":"/content[openEHR-EHR-EVALUATION.precaution.v1 and name/value='Mistanke om smittefare']/data[at0001]/items[at0013]/value","inputs":[{"suffix":"code","type":"CODED_TEXT","list":[{"value":"170497006","label":"Isolasjon grunnet infeksjon","ordinal":0,"localizedLabels":{"nb":"Isolasjon grunnet infeksjon","en":"*Isolasjon grunnet infeksjon (nb)"},"localizedDescriptions":{}}],"defaultValue":"170497006","listOpen":false}],"formId":"informasjon_for_post/mistanke_om_smittefare@Mistanke om smittefare/kategori","viewConfig":{"multiplicity":{"min":0,"max":1},"advanced":{"hidden":true,"readonly":false,"hideFrame":false,"render":false},"label":{"custom":false,"useLocalizations":false},"size":{"field":"inherit","label":"inherit"},"layout":{"label":{"valign":"inherit","align":"inherit"},"field":{"valign":"inherit","align":"inherit"}},"annotations":{},"field":{"code":{"presentation":"combobox","columns":"1"}}}},{"name":"Kommentar","localizedName":"Kommentar","localizedNames":{"en":"*Kommentar (nb)","nb":"Kommentar"},"localizedDescriptions":{"nb":"Ytterligere informasjon om forholdsregelen, som ikke kan registreres i andre felter.","en":"*Ytterligere informasjon om forholdsregelen, som ikke kan registreres i andre felter. (nb)"},"rmType":"DV_TEXT","nodeId":"at0008","min":0,"max":1,"aqlPath":"/content[openEHR-EHR-EVALUATION.precaution.v1 and name/value='Mistanke om smittefare']/data[at0001]/items[at0008]/value","inputs":[{"type":"TEXT","list":[],"listOpen":false}],"formId":"informasjon_for_post/mistanke_om_smittefare@Mistanke om smittefare/kommentar","viewConfig":{"multiplicity":{"min":0,"max":1},"advanced":{"hidden":false,"readonly":false,"hideFrame":false,"render":false},"label":{"custom":false,"useLocalizations":false},"size":{"field":"inherit","label":"inherit"},"layout":{"label":{"valign":"inherit","align":"inherit"},"field":{"valign":"inherit","align":"inherit"}},"datasource":{"loadRemote":false,"parameters":{}},"annotations":{},"field":{"lines":null,"input":{}}}},{"name":"Gyldighetsperiode start","localizedName":"Gyldighetsperiode start","localizedNames":{"en":"*Gyldighetsperiode start (nb)","nb":"Tiltak startet"},"localizedDescriptions":{"nb":"Forholdsregelen regnes som aktiv etter denne datoen.","en":"*Forholdsregelen regnes som aktiv etter denne datoen. (nb)"},"rmType":"DV_DATE_TIME","nodeId":"at0022","min":0,"max":1,"aqlPath":"/content[openEHR-EHR-EVALUATION.precaution.v1 and name/value='Mistanke om smittefare']/protocol[at0006]/items[at0022]/value","inputs":[{"type":"DATETIME","listOpen":false}],"formId":"informasjon_for_post/mistanke_om_smittefare@Mistanke om smittefare/gyldighetsperiode_start","viewConfig":{"multiplicity":{"min":0,"max":1},"advanced":{"hidden":false,"readonly":false,"hideFrame":false,"render":false},"label":{"custom":false,"useLocalizations":false},"size":{"field":"inherit","label":"inherit"},"layout":{"label":{"valign":"inherit","align":"inherit"},"field":{"valign":"inherit","align":"inherit"}},"annotations":{"templateVariable":"[sys.now]"},"field":{"input":{"hideTime":false,"dateFormat":"","hideDate":false}}}},{"name":"Gyldighetsperiode slutt","localizedName":"Gyldighetsperiode slutt","localizedNames":{"en":"*Gyldighetsperiode slutt (nb)","nb":"Tiltak avsluttet"},"localizedDescriptions":{"nb":"Forholdsregelen regnes som inaktiv etter denne datoen.","en":"*Forholdsregelen regnes som inaktiv etter denne datoen. (nb)"},"rmType":"DV_DATE_TIME","nodeId":"at0024","min":0,"max":1,"aqlPath":"/content[openEHR-EHR-EVALUATION.precaution.v1 and name/value='Mistanke om smittefare']/protocol[at0006]/items[at0024]/value","inputs":[{"type":"DATETIME","listOpen":false}],"formId":"informasjon_for_post/mistanke_om_smittefare@Mistanke om smittefare/gyldighetsperiode_slutt","viewConfig":{"multiplicity":{"min":0,"max":1},"advanced":{"hidden":true,"readonly":false,"hideFrame":false,"render":false},"label":{"custom":false,"useLocalizations":false},"size":{"field":"inherit","label":"inherit"},"layout":{"label":{"valign":"inherit","align":"inherit"},"field":{"valign":"inherit","align":"inherit"}},"annotations":{},"field":{"input":{"hideTime":false,"dateFormat":"","hideDate":false}}}}]}]}]}