{"name":"Form root","localizedNames":{},"localizedDescriptions":{},"rmType":"FORM_DEFINITION","min":0,"max":0,"formId":"form_root","viewConfig":{"label":{"custom":false,"useLocalizations":false},"size":{"field":"inherit","label":"inherit"},"layout":{"label":{"valign":"inherit","align":"top"},"field":{"valign":"inherit","align":"inherit"}},"annotations":{"reuseComposition":"select c from composition c[openEHR-EHR-COMPOSITION.encounter.v1] contains OBSERVATION o[openEHR-EHR-OBSERVATION.decubitus_risk_npsp.v1] where c/name/value = 'Klinisk kontakt' and c/archetype_details/template_id/value = 'Risiko for trykksår_v1' and o/name/value = 'Risiko for trykksår Pasientsikkerhetsprogrammet' order by c/context/start_time/value DESC fetch 1?scope?=episodeofcare"}},"children":[{"name":"Klinisk kontakt","localizedName":"Klinisk kontakt","localizedNames":{"en":"*Klinisk kontakt (nb)","nb":"Klinisk kontakt"},"localizedDescriptions":{"nb":"Interaksjon, kontakt eller omsorgshendelse mellom et individ og helsepersonell.","en":"*Interaksjon, kontakt eller omsorgshendelse mellom et individ og helsepersonell. (nb)"},"rmType":"COMPOSITION","nodeId":"openEHR-EHR-COMPOSITION.encounter.v1","min":1,"max":1,"aqlPath":"/","inputs":[],"formId":"klinisk_kontakt","viewConfig":{"multiplicity":{"min":1,"max":1},"advanced":{"hidden":false,"readonly":false,"hideFrame":false,"render":false},"label":{"custom":false,"useLocalizations":false},"size":{"field":"inherit","label":"-1"},"layout":{"label":{"valign":"inherit","align":"inherit"},"field":{"valign":"inherit","align":"inherit"}},"annotations":{},"field":{},"tags":["HideLabel"]},"children":[{"name":"Start time","localizedName":"Start time","localizedNames":{"en":"*Start time (en)","nb":"Start time"},"localizedDescriptions":{},"rmType":"DV_DATE_TIME","min":0,"max":1,"aqlPath":"/context/start_time","inputs":[{"type":"DATETIME","listOpen":false}],"formId":"klinisk_kontakt/start_time","viewConfig":{"multiplicity":{"min":0,"max":1},"advanced":{"hidden":true,"readonly":false,"hideFrame":false,"render":false},"label":{"custom":false,"useLocalizations":false},"size":{"field":"inherit","label":"inherit"},"layout":{"label":{"valign":"inherit","align":"inherit"},"field":{"valign":"inherit","align":"inherit"}},"annotations":{"calc":"timeset"},"field":{"input":{"hideTime":false,"dateFormat":"","hideDate":false}}}},{"name":"Risiko for trykksår Pasientsikkerhetsprogrammet","localizedName":"Risiko for trykksår Pasientsikkerhetsprogrammet","localizedNames":{"en":"*Risiko for trykksår Pasientsikkerhetsprogrammet (nb)","nb":"Risiko for trykksår"},"localizedDescriptions":{"nb":"Tre spørsmål for å vurdere alle pasienter for trykksårrisiko ved innleggelse i sykehus, og ved første møte med pasienter i sykehjem. Gjengitt fra Tiltak 1 i Pasientsikkerhetsprogrammets innsatsområde \"Forebygging av trykksår\".","en":"*Tre spørsmål for å vurdere alle pasienter for trykksårrisiko ved innleggelse i sykehus, og ved første møte med pasienter i sykehjem. Gjengitt fra Tiltak 1 i Pasientsikkerhetsprogrammets innsatsområde \"Forebygging av trykksår\". (nb)"},"rmType":"OBSERVATION","nodeId":"openEHR-EHR-OBSERVATION.decubitus_risk_npsp.v1","min":1,"max":1,"aqlPath":"/content[openEHR-EHR-OBSERVATION.decubitus_risk_npsp.v1]","inputs":[],"formId":"klinisk_kontakt/risiko_for_trykksår_pasientsikkerhetsprogrammet","viewConfig":{"multiplicity":{"min":1,"max":1},"advanced":{"hidden":false,"readonly":false,"hideFrame":false,"render":false},"label":{"custom":false,"useLocalizations":false},"size":{"field":"inherit","label":"inherit"},"layout":{"label":{"valign":"inherit","align":"inherit"},"field":{"valign":"inherit","align":"inherit"}},"annotations":{},"field":{}},"children":[{"name":"Origin","localizedName":"Origin","localizedNames":{"en":"*Origin (en)","nb":"Origin"},"localizedDescriptions":{},"rmType":"DV_DATE_TIME","min":0,"max":1,"aqlPath":"/content[openEHR-EHR-OBSERVATION.decubitus_risk_npsp.v1]/data[at0001]/origin","inputs":[{"type":"DATETIME","listOpen":false}],"formId":"klinisk_kontakt/risiko_for_trykksår_pasientsikkerhetsprogrammet/event_series/origin","viewConfig":{"multiplicity":{"min":0,"max":1},"advanced":{"hidden":true,"readonly":false,"hideFrame":false,"render":false},"label":{"custom":false,"useLocalizations":false},"size":{"field":"inherit","label":"inherit"},"layout":{"label":{"valign":"inherit","align":"inherit"},"field":{"valign":"inherit","align":"inherit"}},"annotations":{"calc":"timeset"},"field":{"input":{"hideTime":false,"dateFormat":"","hideDate":false}}}},{"name":"Spacer","localizedName":"","localizedNames":{"nb":""},"localizedDescriptions":{},"rmType":"GENERIC_SPACER","min":0,"max":1,"inputs":[],"formId":"generic-field-00015","viewConfig":{"annotations":{},"field":{"height":25,"input":{"height":25}}}},{"name":"Uspesifisert hendelse","localizedName":"Uspesifisert hendelse","localizedNames":{"en":"*Uspesifisert hendelse (nb)","nb":"Uspesifisert hendelse"},"localizedDescriptions":{"nb":"Standard, uspesifisert tidspunkt eller tidsintervall som kan defineres mer eksplisitt i en template eller i en applikasjon.","en":"*Standard, uspesifisert tidspunkt eller tidsintervall som kan defineres mer eksplisitt i en template eller i en applikasjon. (nb)"},"rmType":"EVENT","nodeId":"at0002","min":1,"max":1,"aqlPath":"/content[openEHR-EHR-OBSERVATION.decubitus_risk_npsp.v1]/data[at0001]/events[at0002]","inputs":[],"formId":"klinisk_kontakt/risiko_for_trykksår_pasientsikkerhetsprogrammet/uspesifisert_hendelse","viewConfig":{"multiplicity":{"min":1,"max":1},"advanced":{"hidden":false,"readonly":false,"hideFrame":false,"render":false},"label":{"custom":false,"useLocalizations":false},"size":{"field":"inherit","label":"-1"},"layout":{"label":{"valign":"inherit","align":"inherit"},"field":{"valign":"inherit","align":"inherit"}},"annotations":{},"tags":["HideLabel"]},"children":[{"name":"Trykksår","localizedName":"Trykksår","localizedNames":{"en":"*Trykksår (nb)","nb":"Har pasienten trykksår ved innleggelse/overflytting?"},"localizedDescriptions":{"nb":"Har pasienten trykksår ved innleggelse/overflytting?","en":"*Har pasienten trykksår ved innleggelse/overflytting? (nb)"},"rmType":"DV_CODED_TEXT","nodeId":"at0004","min":0,"max":1,"aqlPath":"/content[openEHR-EHR-OBSERVATION.decubitus_risk_npsp.v1]/data[at0001]/events[at0002]/data[at0003]/items[at0004]/value","inputs":[{"suffix":"code","type":"CODED_TEXT","list":[{"value":"at0008","label":"Ja","ordinal":0,"localizedLabels":{"nb":"Ja","en":"*Ja (nb)"},"localizedDescriptions":{"nb":"Pasienten har trykksår ved innleggelse/overflytting.","en":"*Pasienten har trykksår ved innleggelse/overflytting. (nb)"}},{"value":"at0009","label":"Nei","ordinal":0,"localizedLabels":{"nb":"Nei","en":"*Nei (nb)"},"localizedDescriptions":{"nb":"Pasienten har ikke trykksår ved innleggelse/overflytting.","en":"*Pasienten har ikke trykksår ved innleggelse/overflytting. (nb)"}}],"listOpen":false}],"formId":"klinisk_kontakt/risiko_for_trykksår_pasientsikkerhetsprogrammet/uspesifisert_hendelse/trykksår","viewConfig":{"multiplicity":{"min":0,"max":1},"advanced":{"hidden":false,"readonly":false,"hideFrame":false,"render":false},"label":{"custom":false,"useLocalizations":false},"size":{"field":"inherit","label":"inherit"},"layout":{"label":{"valign":"inherit","align":"inherit"},"field":{"valign":"inherit","align":"inherit"}},"annotations":{"calcId":"trykksår"},"field":{"code":{"presentation":"radios","columns":"2"}}}},{"name":"Stillingsendring","localizedName":"Stillingsendring","localizedNames":{"en":"*Stillingsendring (nb)","nb":"Har pasienten behov for hjelp til å endre stilling i seng eller stol?"},"localizedDescriptions":{"nb":"Har pasienten behov for hjelp til å endre stilling i seng eller stol?","en":"*Har pasienten behov for hjelp til å endre stilling i seng eller stol? (nb)"},"rmType":"DV_CODED_TEXT","nodeId":"at0005","min":0,"max":1,"aqlPath":"/content[openEHR-EHR-OBSERVATION.decubitus_risk_npsp.v1]/data[at0001]/events[at0002]/data[at0003]/items[at0005]/value","inputs":[{"suffix":"code","type":"CODED_TEXT","list":[{"value":"at0010","label":"Ja","ordinal":0,"localizedLabels":{"nb":"Ja","en":"*Ja (nb)"},"localizedDescriptions":{"nb":"Pasienten har behov for hjelp til å endre stilling i seng eller stol.","en":"*Pasienten har behov for hjelp til å endre stilling i seng eller stol. (nb)"}},{"value":"at0011","label":"Nei","ordinal":0,"localizedLabels":{"nb":"Nei","en":"*Nei (nb)"},"localizedDescriptions":{"nb":"Pasienten har ikke behov for hjelp til å endre stilling i seng eller stol.","en":"*Pasienten har ikke behov for hjelp til å endre stilling i seng eller stol. (nb)"}}],"listOpen":false}],"formId":"klinisk_kontakt/risiko_for_trykksår_pasientsikkerhetsprogrammet/uspesifisert_hendelse/stillingsendring","viewConfig":{"multiplicity":{"min":0,"max":1},"advanced":{"hidden":false,"readonly":false,"hideFrame":false,"render":false},"label":{"custom":false,"useLocalizations":false},"size":{"field":"inherit","label":"inherit"},"layout":{"label":{"valign":"inherit","align":"inherit"},"field":{"valign":"inherit","align":"inherit"}},"annotations":{"calcId":"stillingsendring"},"field":{"code":{"presentation":"radios","columns":"2"}}}},{"name":"Risiko for trykksår","localizedName":"Risiko for trykksår","localizedNames":{"en":"*Risiko for trykksår (nb)","nb":"Vurderer du det som sannsynlig at pasienten kan få trykksår under innleggelsen?"},"localizedDescriptions":{"nb":"Vurderer du det som sannsynlig at pasienten kan få trykksår under innleggelsen?","en":"*Vurderer du det som sannsynlig at pasienten kan få trykksår under innleggelsen? (nb)"},"rmType":"DV_CODED_TEXT","nodeId":"at0006","min":0,"max":1,"aqlPath":"/content[openEHR-EHR-OBSERVATION.decubitus_risk_npsp.v1]/data[at0001]/events[at0002]/data[at0003]/items[at0006]/value","inputs":[{"suffix":"code","type":"CODED_TEXT","list":[{"value":"at0012","label":"Ja","ordinal":0,"localizedLabels":{"nb":"Ja","en":"*Ja (nb)"},"localizedDescriptions":{"nb":"Det er sannsynlig at pasienten kan få trykksår under innleggelsen.","en":"*Det er sannsynlig at pasienten kan få trykksår under innleggelsen. (nb)"}},{"value":"at0013","label":"Nei","ordinal":0,"localizedLabels":{"nb":"Nei","en":"*Nei (nb)"},"localizedDescriptions":{"nb":"Det er ikke sannsynlig at pasienten kan få trykksår under innleggelsen.","en":"*Det er ikke sannsynlig at pasienten kan få trykksår under innleggelsen. (nb)"}}],"listOpen":false}],"formId":"klinisk_kontakt/risiko_for_trykksår_pasientsikkerhetsprogrammet/uspesifisert_hendelse/risiko_for_trykksår","viewConfig":{"multiplicity":{"min":0,"max":1},"advanced":{"hidden":false,"readonly":false,"hideFrame":false,"render":false},"label":{"custom":false,"useLocalizations":false},"size":{"field":"inherit","label":"inherit"},"layout":{"label":{"valign":"inherit","align":"inherit"},"field":{"valign":"inherit","align":"inherit"}},"annotations":{"calcId":"risikotrykksår"},"field":{"code":{"presentation":"radios","columns":"2"}}}},{"name":"Kommentar","localizedName":"Kommentar","localizedNames":{"en":"*Kommentar (nb)","nb":"Kommentar"},"localizedDescriptions":{"nb":"Tekstlig beskrivelse av vurderingen som ikke er dekket av andre felt.","en":"*Tekstlig beskrivelse av vurderingen som ikke er dekket av andre felt. (nb)"},"rmType":"DV_TEXT","nodeId":"at0007","min":0,"max":1,"aqlPath":"/content[openEHR-EHR-OBSERVATION.decubitus_risk_npsp.v1]/data[at0001]/events[at0002]/data[at0003]/items[at0007]/value","inputs":[{"type":"TEXT","list":[],"listOpen":false}],"formId":"klinisk_kontakt/risiko_for_trykksår_pasientsikkerhetsprogrammet/uspesifisert_hendelse/kommentar","viewConfig":{"multiplicity":{"min":0,"max":1},"advanced":{"hidden":false,"readonly":false,"hideFrame":false,"render":false},"label":{"custom":false,"useLocalizations":false},"size":{"field":"medium","label":"inherit"},"layout":{"label":{"valign":"inherit","align":"inherit"},"field":{"valign":"inherit","align":"inherit"}},"datasource":{"loadRemote":false,"parameters":{}},"annotations":{},"field":{"lines":null,"input":{}}}},{"name":"Time","localizedName":"Tidspunkt for scoring","localizedNames":{"en":"*Time (en)","nb":"Tidspunkt for scoring"},"localizedDescriptions":{},"rmType":"DV_DATE_TIME","min":0,"max":1,"aqlPath":"/content[openEHR-EHR-OBSERVATION.decubitus_risk_npsp.v1]/data[at0001]/events[at0002]/time","inputs":[{"type":"DATETIME","listOpen":false}],"formId":"klinisk_kontakt/risiko_for_trykksår_pasientsikkerhetsprogrammet/uspesifisert_hendelse/time","viewConfig":{"multiplicity":{"min":0,"max":1},"advanced":{"hidden":false,"readonly":false,"hideFrame":false,"render":false},"label":{"custom":false,"useLocalizations":false},"size":{"field":"medium","label":"inherit"},"layout":{"label":{"valign":"inherit","align":"inherit"},"field":{"valign":"inherit","align":"inherit"}},"annotations":{"templateVariable":"[Sys.now]","calcId":"timeset"},"field":{"input":{"hideTime":false,"dateFormat":"","hideDate":false}}}}]},{"name":"Fieldset","localizedName":"Fieldset","localizedNames":{"en":"*Fieldset (en)","nb":"// summerer +1 for hvert ja-svar i scoringen over, eller hvis creflow_step "},"localizedDescriptions":{},"rmType":"GENERIC_FIELDSET","min":0,"max":1,"inputs":[],"formId":"generic-field-21792","viewConfig":{"multiplicity":{"min":0,"max":1},"advanced":{"hidden":true,"readonly":false,"hideFrame":false,"render":false},"label":{"custom":false,"useLocalizations":false},"size":{"field":"inherit","label":"inherit"},"layout":{"label":{"valign":"inherit","align":"inherit"},"field":{"valign":"inherit","align":"inherit"}},"annotations":{},"field":{"formId":null,"name":null}},"children":[{"name":"Input","localizedName":"Input","localizedNames":{"en":"*Input (en)","nb":"Calc1"},"localizedDescriptions":{},"rmType":"GENERIC_FIELD","min":0,"max":-1,"inputs":[{"type":"TEXT","list":[],"listOpen":false}],"formId":"generic-field-26238","viewConfig":{"multiplicity":{"min":0,"max":-1},"advanced":{"hidden":false,"readonly":false,"hideFrame":false,"render":false},"label":{"custom":false,"useLocalizations":false},"size":{"field":"inherit","label":"inherit"},"layout":{"label":{"valign":"inherit","align":"inherit"},"field":{"valign":"inherit","align":"inherit"}},"annotations":{"calcId":"calc1"},"field":{"lines":null,"input":{},"type":"DV_TEXT"}}},{"name":"Input","localizedName":"Input","localizedNames":{"en":"*Input (en)","nb":"Calc2"},"localizedDescriptions":{},"rmType":"GENERIC_FIELD","min":0,"max":-1,"inputs":[{"type":"TEXT","list":[],"listOpen":false}],"formId":"generic-field-69768","viewConfig":{"multiplicity":{"min":0,"max":-1},"advanced":{"hidden":false,"readonly":false,"hideFrame":false,"render":false},"label":{"custom":false,"useLocalizations":false},"size":{"field":"inherit","label":"inherit"},"layout":{"label":{"valign":"inherit","align":"inherit"},"field":{"valign":"inherit","align":"inherit"}},"annotations":{"calcId":"calc2"},"field":{"lines":null,"input":{},"type":"DV_TEXT"}}},{"name":"Input","localizedName":"Input","localizedNames":{"en":"*Input (en)","nb":"Calc3"},"localizedDescriptions":{},"rmType":"GENERIC_FIELD","min":0,"max":-1,"inputs":[{"type":"TEXT","list":[],"listOpen":false}],"formId":"generic-field-30030","viewConfig":{"multiplicity":{"min":0,"max":-1},"advanced":{"hidden":false,"readonly":false,"hideFrame":false,"render":false},"label":{"custom":false,"useLocalizations":false},"size":{"field":"inherit","label":"inherit"},"layout":{"label":{"valign":"inherit","align":"inherit"},"field":{"valign":"inherit","align":"inherit"}},"annotations":{"calcId":"calc3"},"field":{"lines":null,"input":{},"type":"DV_TEXT"}}},{"name":"Input","localizedName":"Input","localizedNames":{"en":"*Input (en)","nb":"CalcCareflowStep"},"localizedDescriptions":{},"rmType":"GENERIC_FIELD","min":0,"max":-1,"inputs":[{"type":"TEXT","list":[],"listOpen":false}],"formId":"generic-field-78009","viewConfig":{"multiplicity":{"min":0,"max":-1},"advanced":{"hidden":false,"readonly":false,"hideFrame":false,"render":false},"label":{"custom":false,"useLocalizations":false},"size":{"field":"inherit","label":"inherit"},"layout":{"label":{"valign":"inherit","align":"inherit"},"field":{"valign":"inherit","align":"inherit"}},"annotations":{"calcId":"CalcCareflowStep"},"field":{"lines":null,"input":{},"type":"DV_TEXT"}}},{"name":"Input","localizedName":"Input","localizedNames":{"en":"*Input (en)","nb":"CalcSum"},"localizedDescriptions":{},"rmType":"GENERIC_FIELD","min":0,"max":-1,"inputs":[{"type":"TEXT","list":[],"listOpen":false}],"formId":"generic-field-47552","viewConfig":{"multiplicity":{"min":0,"max":-1},"advanced":{"hidden":false,"readonly":false,"hideFrame":false,"render":false},"label":{"custom":false,"useLocalizations":false},"size":{"field":"inherit","label":"inherit"},"layout":{"label":{"valign":"inherit","align":"inherit"},"field":{"valign":"inherit","align":"inherit"}},"annotations":{"calc":"$calc1 + $calc2 + $calc3 + $CalcCareflowStep"},"field":{"lines":null,"input":{},"type":"DV_TEXT"}}}]}]},{"name":"Spacer","localizedName":"","localizedNames":{"nb":""},"localizedDescriptions":{},"rmType":"GENERIC_SPACER","min":0,"max":1,"inputs":[],"formId":"generic-field-18519","viewConfig":{"annotations":{},"field":{"height":25,"input":{"height":25}}}},{"name":"Fieldset","localizedName":"Fieldset","localizedNames":{"en":"*Fieldset (en)","nb":"// settes hvis det svares ja på et av spørsmålene over, CalcSum > 0"},"localizedDescriptions":{},"rmType":"GENERIC_FIELDSET","min":0,"max":1,"inputs":[],"formId":"generic-field-45863","viewConfig":{"multiplicity":{"min":0,"max":1},"advanced":{"hidden":false,"readonly":false,"hideFrame":false,"render":false},"label":{"custom":false,"useLocalizations":false},"size":{"field":"inherit","label":"-1"},"layout":{"label":{"valign":"inherit","align":"inherit"},"field":{"valign":"inherit","align":"inherit"}},"annotations":{},"field":{"formId":null,"name":null},"tags":["HideLabel"]},"children":[{"name":"Input","localizedName":"Input","localizedNames":{"en":"*Input (en)","nb":"Er det iverksatt tiltak mot trykksår?"},"localizedDescriptions":{},"rmType":"GENERIC_FIELD","min":0,"max":-1,"inputs":[{"suffix":"code","type":"CODED_TEXT","list":[{"value":"1","label":"Ja","ordinal":0,"localizedLabels":{"nb":"Ja"},"localizedDescriptions":{}},{"value":"2","label":"Nei","ordinal":0,"localizedLabels":{"nb":"Nei"},"localizedDescriptions":{}}],"listOpen":false}],"formId":"generic-field-88596","viewConfig":{"multiplicity":{"min":0,"max":-1},"advanced":{"hidden":false,"readonly":false,"hideFrame":false,"render":false},"label":{"custom":false,"useLocalizations":false},"size":{"field":"inherit","label":"inherit"},"layout":{"label":{"valign":"inherit","align":"inherit"},"field":{"valign":"inherit","align":"inherit"}},"annotations":{},"field":{"code":{"presentation":"radios","columns":"2"},"type":"DV_CODED_TEXT"}}}]},{"name":"Iverksatt tiltak mot trykksår","localizedName":"Iverksatt tiltak mot trykksår","localizedNames":{"en":"*Iverksatt tiltak mot trykksår (en)","nb":"Iverksatt tiltak mot trykksår"},"localizedDescriptions":{"nb":"En klinisk aktivitet som er utført i undersøkende, diagnostisk, kurativ, terapeutisk, evaluerende, prognostisk eller palliativ hensikt.","en":"*En klinisk aktivitet som er utført i undersøkende, diagnostisk, kurativ, terapeutisk, evaluerende, prognostisk eller palliativ hensikt. (nb)"},"rmType":"ACTION","nodeId":"openEHR-EHR-ACTION.procedure.v1","min":0,"max":1,"aqlPath":"/content[openEHR-EHR-ACTION.procedure.v1 and name/value='Iverksatt tiltak mot trykksår']","inputs":[],"formId":"klinisk_kontakt/iverksatt_tiltak_mot_trykksår@Iverksatt tiltak mot trykksår","viewConfig":{"multiplicity":{"min":0,"max":1},"advanced":{"hidden":true,"readonly":false,"hideFrame":false,"render":false},"label":{"custom":false,"useLocalizations":false},"size":{"field":"inherit","label":"inherit"},"layout":{"label":{"valign":"inherit","align":"inherit"},"field":{"valign":"inherit","align":"inherit"}},"annotations":{"validateemptycontainer":"false"},"field":{}},"children":[{"name":"ism_transition","localizedName":"ism_transition","localizedNames":{"en":"*ism_transition (en)","nb":"ism_transition"},"localizedDescriptions":{},"rmType":"ISM_TRANSITION","min":1,"max":1,"aqlPath":"/content[openEHR-EHR-ACTION.procedure.v1 and name/value='Iverksatt tiltak mot trykksår']/ism_transition","inputs":[],"formId":"klinisk_kontakt/iverksatt_tiltak_mot_trykksår@Iverksatt tiltak mot trykksår/ism_transition","viewConfig":{"multiplicity":{"min":1,"max":1},"advanced":{"hidden":false,"readonly":false,"hideFrame":false,"render":false},"label":{"custom":false,"useLocalizations":false},"size":{"field":"inherit","label":"inherit"},"layout":{"label":{"valign":"inherit","align":"inherit"},"field":{"valign":"inherit","align":"inherit"}},"annotations":{}},"children":[{"name":"current_state","localizedName":"current_state","localizedNames":{"en":"*current_state (en)","nb":"current_state"},"localizedDescriptions":{},"rmType":"DV_CODED_TEXT","min":1,"max":1,"aqlPath":"/content[openEHR-EHR-ACTION.procedure.v1 and name/value='Iverksatt tiltak mot trykksår']/ism_transition/current_state","inputs":[{"suffix":"code","type":"CODED_TEXT","list":[{"value":"526","label":"Planned","ordinal":0,"localizedLabels":{"en":"Planned","nb":"Planlagt"},"localizedDescriptions":{}},{"value":"524","label":"Initial","ordinal":0,"localizedLabels":{"en":"Initial","nb":"Initiell"},"localizedDescriptions":{}},{"value":"527","label":"Postponed","ordinal":0,"localizedLabels":{"en":"Postponed","nb":"Utsatt"},"localizedDescriptions":{}},{"value":"528","label":"Cancelled","ordinal":0,"localizedLabels":{"en":"Cancelled","nb":"Avbrutt"},"localizedDescriptions":{}},{"value":"529","label":"Scheduled","ordinal":0,"localizedLabels":{"en":"Scheduled","nb":"Planlagt"},"localizedDescriptions":{}},{"value":"245","label":"Active","ordinal":0,"localizedLabels":{"en":"Active","nb":"Aktiv"},"localizedDescriptions":{}},{"value":"530","label":"Suspended","ordinal":0,"localizedLabels":{"en":"Suspended","nb":"Suspendert"},"localizedDescriptions":{}},{"value":"531","label":"Aborted","ordinal":0,"localizedLabels":{"en":"Aborted","nb":"Avbrutt"},"localizedDescriptions":{}},{"value":"532","label":"Completed","ordinal":0,"localizedLabels":{"en":"Completed","nb":"Fullført"},"localizedDescriptions":{}}],"listOpen":false}],"formId":"klinisk_kontakt/iverksatt_tiltak_mot_trykksår@Iverksatt tiltak mot trykksår/ism_transition/current_state","viewConfig":{"multiplicity":{"min":1,"max":1},"advanced":{"hidden":false,"readonly":false,"hideFrame":false,"render":false},"label":{"custom":false,"useLocalizations":false},"size":{"field":"inherit","label":"inherit"},"layout":{"label":{"valign":"inherit","align":"inherit"},"field":{"valign":"inherit","align":"inherit"}},"annotations":{},"field":{"code":{"presentation":"combobox","columns":"9"}}}},{"name":"careflow_step","localizedName":"careflow_step","localizedNames":{"en":"*careflow_step (en)","nb":"careflow_step"},"localizedDescriptions":{},"rmType":"DV_CODED_TEXT","min":1,"max":1,"aqlPath":"/content[openEHR-EHR-ACTION.procedure.v1 and name/value='Iverksatt tiltak mot trykksår']/ism_transition/careflow_step","inputs":[{"suffix":"code","type":"CODED_TEXT","list":[{"value":"at0004","label":"Prosedyre planlagt","currentStates":["526"],"ordinal":0,"localizedLabels":{"nb":"Prosedyre planlagt","en":"*Prosedyre planlagt (nb)"},"localizedDescriptions":{"nb":"Prosedyren er planlagt.","en":"*Prosedyren er planlagt. (nb)"}},{"value":"at0034","label":"X - Prosedyre planlagt","currentStates":["524"],"ordinal":0,"localizedLabels":{"nb":"X - Prosedyre planlagt","en":"*X - Prosedyre planlagt (nb)"},"localizedDescriptions":{"nb":"Dette prosesstrinnet er satt ut av bruk, siden det ved en feil hadde statusen \"initial\". Bruk det nye prosesstrinnet \"Prosedyre planlagt\" (at0004) som har den korrekte statusen \"planned\".","en":"*Dette prosesstrinnet er satt ut av bruk, siden det ved en feil hadde statusen \"initial\". Bruk det nye prosesstrinnet \"Prosedyre planlagt\" (at0004) som har den korrekte statusen \"planned\". (nb)"}},{"value":"at0007","label":"Prosedyrerekvisisjon sendt","currentStates":["526"],"ordinal":0,"localizedLabels":{"nb":"Prosedyrerekvisisjon sendt","en":"*Prosedyrerekvisisjon sendt (nb)"},"localizedDescriptions":{"nb":"Det er sendt rekvisisjon for prosedyren.","en":"*Det er sendt rekvisisjon for prosedyren. (nb)"}},{"value":"at0035","label":"X - Prosedyrerekvisisjon sendt","currentStates":["524"],"ordinal":0,"localizedLabels":{"nb":"X - Prosedyrerekvisisjon sendt","en":"*X - Prosedyrerekvisisjon sendt (nb)"},"localizedDescriptions":{"nb":"Dette prosesstrinnet er satt ut av bruk, siden det ved en feil hadde statusen \"initial\". Bruk det nye prosesstrinnet \"Prosedyre planlagt\" (at0007) som har den korrekte statusen \"planned\".","en":"*Dette prosesstrinnet er satt ut av bruk, siden det ved en feil hadde statusen \"initial\". Bruk det nye prosesstrinnet \"Prosedyre planlagt\" (at0007) som har den korrekte statusen \"planned\". (nb)"}},{"value":"at0038","label":"Prosedyre utsatt","currentStates":["527"],"ordinal":0,"localizedLabels":{"nb":"Prosedyre utsatt","en":"*Prosedyre utsatt (nb)"},"localizedDescriptions":{"nb":"Prosedyren er utsatt.","en":"*Prosedyren er utsatt. (nb)"}},{"value":"at0039","label":"Prosedyre avlyst","currentStates":["528"],"ordinal":0,"localizedLabels":{"nb":"Prosedyre avlyst","en":"*Prosedyre avlyst (nb)"},"localizedDescriptions":{"nb":"Den planlagte prosedyren har blitt avlyst før den ble igangsatt.","en":"*Den planlagte prosedyren har blitt avlyst før den ble igangsatt. (nb)"}},{"value":"at0036","label":"Fastsatt tidspunkt for prosedyre","currentStates":["529"],"ordinal":0,"localizedLabels":{"nb":"Fastsatt tidspunkt for prosedyre","en":"*Fastsatt tidspunkt for prosedyre (nb)"},"localizedDescriptions":{"nb":"Tidspunkt for prosedyre er fastsatt.","en":"*Tidspunkt for prosedyre er fastsatt. (nb)"}},{"value":"at0068","label":"Prosedyre påbegynt","currentStates":["245"],"ordinal":0,"localizedLabels":{"nb":"Prosedyre påbegynt","en":"*Prosedyre påbegynt (nb)"},"localizedDescriptions":{"nb":"Prosedyren eller en del av en prosedyre som består av flere delprosedyrer er påbegynt.","en":"*Prosedyren eller en del av en prosedyre som består av flere delprosedyrer er påbegynt. (nb)"}},{"value":"at0047","label":"Prosedyre utført","currentStates":["245"],"ordinal":0,"localizedLabels":{"nb":"Prosedyre utført","en":"*Prosedyre utført (nb)"},"localizedDescriptions":{"nb":"Prosedyren eller en del av en prosedyre som består av flere delprosedyrer er utført.","en":"*Prosedyren eller en del av en prosedyre som består av flere delprosedyrer er utført. (nb)"}},{"value":"at0040","label":"Prosedyre midlertidig stanset","currentStates":["530"],"ordinal":0,"localizedLabels":{"nb":"Prosedyre midlertidig stanset","en":"*Prosedyre midlertidig stanset (nb)"},"localizedDescriptions":{"nb":"Prosedyren er suspendert/ midlertidig stanset.","en":"*Prosedyren er suspendert/ midlertidig stanset. (nb)"}},{"value":"at0041","label":"Prosedyre avbrutt","currentStates":["531"],"ordinal":0,"localizedLabels":{"nb":"Prosedyre avbrutt","en":"*Prosedyre avbrutt (nb)"},"localizedDescriptions":{"nb":"Prosedyren har blitt avbrutt.","en":"*Prosedyren har blitt avbrutt. (nb)"}},{"value":"at0043","label":"Prosedyre fullført","currentStates":["532"],"ordinal":0,"localizedLabels":{"nb":"Prosedyre fullført","en":"*Prosedyre fullført (nb)"},"localizedDescriptions":{"nb":"Prosedyren er utført og alle tilknyttede kliniske handlinger er fullførte.","en":"*Prosedyren er utført og alle tilknyttede kliniske handlinger er fullførte. (nb)"}}],"listOpen":false}],"formId":"klinisk_kontakt/iverksatt_tiltak_mot_trykksår@Iverksatt tiltak mot trykksår/ism_transition/careflow_step","viewConfig":{"multiplicity":{"min":1,"max":1},"advanced":{"hidden":false,"readonly":false,"hideFrame":false,"render":false},"label":{"custom":false,"useLocalizations":false},"size":{"field":"inherit","label":"inherit"},"layout":{"label":{"valign":"inherit","align":"inherit"},"field":{"valign":"inherit","align":"inherit"}},"annotations":{},"field":{"code":{"presentation":"combobox","columns":"12"}}}}]},{"name":"Prosedyrenavn","localizedName":"Prosedyrenavn","localizedNames":{"en":"*Prosedyrenavn (nb)","nb":"Prosedyrenavn"},"localizedDescriptions":{"nb":"Navnet på prosedyren.","en":"*Navnet på prosedyren. (nb)"},"rmType":"DV_TEXT","nodeId":"at0002","min":1,"max":1,"aqlPath":"/content[openEHR-EHR-ACTION.procedure.v1 and name/value='Iverksatt tiltak mot trykksår']/description[at0001]/items[at0002]/value","inputs":[{"type":"TEXT","list":[{"value":"Iverksatt tiltak mot trykksår","label":"Iverksatt tiltak mot trykksår","ordinal":0,"localizedLabels":{},"localizedDescriptions":{}}],"listOpen":false}],"formId":"klinisk_kontakt/iverksatt_tiltak_mot_trykksår@Iverksatt tiltak mot trykksår/prosedyrenavn","viewConfig":{"multiplicity":{"min":1,"max":1},"advanced":{"hidden":false,"readonly":false,"hideFrame":false,"render":false},"label":{"custom":false,"useLocalizations":false},"size":{"field":"inherit","label":"inherit"},"layout":{"label":{"valign":"inherit","align":"inherit"},"field":{"valign":"inherit","align":"inherit"}},"datasource":{"loadRemote":false,"parameters":{}},"annotations":{},"field":{"input":{"presentation":"combobox","columns":"1"}}}},{"name":"Beskrivelse","localizedName":"Beskrivelse","localizedNames":{"en":"*Beskrivelse (nb)","nb":"Beskrivelse"},"localizedDescriptions":{"nb":"Fritekstbeskrivelse av prosedyren, tilpasset det aktuelle prosesstrinnet.","en":"*Fritekstbeskrivelse av prosedyren, tilpasset det aktuelle prosesstrinnet. (nb)"},"rmType":"DV_CODED_TEXT","nodeId":"at0049","min":0,"max":1,"aqlPath":"/content[openEHR-EHR-ACTION.procedure.v1 and name/value='Iverksatt tiltak mot trykksår']/description[at0001]/items[at0049]/value","inputs":[{"suffix":"code","type":"CODED_TEXT","list":[{"value":"225996006","label":"Forebygging av trykksår","ordinal":0,"localizedLabels":{"nb":"Forebygging av trykksår","en":"*Forebygging av trykksår (nb)"},"localizedDescriptions":{}}],"listOpen":false}],"formId":"klinisk_kontakt/iverksatt_tiltak_mot_trykksår@Iverksatt tiltak mot trykksår/beskrivelse","viewConfig":{"multiplicity":{"min":0,"max":1},"advanced":{"hidden":false,"readonly":false,"hideFrame":false,"render":false},"label":{"custom":false,"useLocalizations":false},"size":{"field":"inherit","label":"inherit"},"layout":{"label":{"valign":"inherit","align":"inherit"},"field":{"valign":"inherit","align":"inherit"}},"annotations":{},"field":{"code":{"presentation":"combobox","columns":"1"}}}}]}]},{"name":"Spacer","localizedName":"","localizedNames":{"nb":""},"localizedDescriptions":{},"rmType":"GENERIC_SPACER","min":0,"max":1,"inputs":[],"formId":"generic-field-91607","viewConfig":{"annotations":{},"field":{"height":25,"input":{"height":25}}}}]}