[{"col":1,"row":1,"width":12,"height":23,"children":[{"id":"generic-field-77666","rows":[{"cols":[{"width":"66%","children":[{"id":"kat_status_v3/kat_status/status_kat"}]},{"width":"34%","children":[{"id":"kat_status_v3/kat_status/kat_lagt_inn_dato"}]}]}]},{"id":"generic-field-58754","rows":[{"cols":[{"width":"29%","children":[{"id":"kat_status_v3/kat_status/indikasjon"}]},{"width":"71%","children":[{"id":"kat_status_v3/kat_status/indikasjonsliste"}]}]}]},{"id":"generic-field-47831","rows":[{"cols":[{"width":"100%","children":[]}]}]},{"id":"generic-field-4446","rows":[{"cols":[{"width":"100%","children":[{"id":"kat_status_v3/kat_status/observert"}]}]}]},{"id":"generic-field-9460","rows":[{"cols":[{"width":"100%","children":[]}]}]}]}]