{"formId":"form_root","name":"Form root","rmType":"FORM_DEFINITION","viewConfig":{"label":{"custom":false,"value":"","useLocalizations":true,"localizationsList":{"nb":"Legemiddelgjennomgang status"}},"size":{"field":"inherit","label":"inherit","fill":"inherit"},"layout":{"label":{"valign":"inherit","align":"top"},"field":{"valign":"inherit","align":"inherit"}},"tags":[],"annotations":{"reuseComposition":"select c from composition c contains observation e[openEHR-EHR-OBSERVATION.legemiddelgjennomgang_status.v0] where c/archetype_details/template_id/value = 'HV Legemiddelgjennomgang enkel Status' order by c/context/start_time/value desc fetch 1?scope=periodofcare"}},"language":"nb","templateLanguages":["nb"],"children":[{"name":"Dato for gjennomgang","localizedName":"Dato for gjennomgang","rmType":"DV_DATE","nodeId":"at0009","min":0,"max":1,"localizedNames":{"nb":"Dato for gjennomgang"},"localizedDescriptions":{"nb":"*"},"aqlPath":"/content[openEHR-EHR-OBSERVATION.legemiddelgjennomgang_status.v0]/data[at0001]/events[at0002]/data[at0003]/items[at0009]/value","inputs":[{"type":"DATE"}],"fid":"legemiddelgjennomgang_status/legemiddelgjennomgang_status/dato_for_gjennomgang","formId":"legemiddelgjennomgang_status/legemiddelgjennomgang_status/dato_for_gjennomgang","defaultValue":{"value":""},"viewConfig":{"label":{"custom":true,"value":"Dato for legemiddelsamstemming","useLocalizations":true,"localizationsList":{"nb":"Dato for legemiddelsamstemming"}},"advanced":{"hidden":false,"readonly":false},"multiplicity":{"min":"0","max":"1"},"size":{"field":"inherit","label":"inherit","fill":"inherit"},"layout":{"label":{"valign":"inherit","align":"top"},"field":{"valign":"inherit","align":"inherit"}},"tags":[],"datasource":{"loadRemote":false,"loadRemoteUrl":"","terminology":""},"annotations":{},"field":{"input":{"dateFormat":"","hideDate":false,"hideTime":false}}}}]}