{"formId":"form_root","name":"Form root","rmType":"FORM_DEFINITION","viewConfig":{"label":{"custom":false,"value":"","useLocalizations":true,"localizationsList":{"nb":"Legemiddelgjennomgang status"}},"size":{"field":"inherit","label":"inherit","fill":"inherit"},"layout":{"label":{"valign":"inherit","align":"top"},"field":{"valign":"inherit","align":"inherit"}},"tags":[],"annotations":{"reuseComposition":"select c from composition c contains observation e[openEHR-EHR-OBSERVATION.legemiddelgjennomgang_status.v0] where c/archetype_details/template_id/value = 'HV Legemiddelgjennomgang enkel Status' order by c/context/start_time/value desc fetch 1?scope=periodofcare"}},"language":"nb","templateLanguages":["nb"],"children":[{"name":"Dato for legemiddelsamstemming","localizedName":"Dato for legemiddelsamstemming","rmType":"DV_DATE","nodeId":"at0009","min":"0","max":"1","localizedNames":{"nb":"Dato for legemiddelsamstemming"},"localizedDescriptions":{"nb":"*"},"aqlPath":"/content[openEHR-EHR-OBSERVATION.legemiddelgjennomgang_status.v0]/data[at0001]/events[at0002]/data[at0003]/items[at0009]/value","inputs":[{"type":"DATE"}],"formId":"legemiddelgjennomgang_status/legemiddelgjennomgang_status/dato_for_gjennomgang","viewConfig":{"advanced":{"hidden":false,"readonly":false},"size":{"field":"inherit","label":"inherit","fill":"inherit"},"layout":{"label":{"valign":"inherit","align":"top"},"field":{"valign":"inherit","align":"inherit"}},"tags":[],"datasource":{"loadRemote":false,"loadRemoteUrl":"","terminology":""},"annotations":{},"field":{"input":{"dateFormat":"","hideDate":false,"hideTime":false}}}}]}