{"name":"Form root","localizedNames":{},"localizedDescriptions":{},"rmType":"FORM_DEFINITION","min":0,"max":0,"formId":"form_root","viewConfig":{"label":{"custom":false,"useLocalizations":false},"size":{"field":"inherit","label":"inherit"},"layout":{"label":{"valign":"inherit","align":"inherit"},"field":{"valign":"inherit","align":"inherit"}},"annotations":{}},"children":[{"name":"Sjekkliste preopr Diakonhjemmet","localizedName":"Sjekkliste preopr Diakonhjemmet","localizedNames":{"en":"*Sjekkliste preopr Diakonhjemmet (nb)","nb":"SPL Klargjøring til operasjon"},"localizedDescriptions":{"nb":"Sjekklisten benyttes for å registrere aktiviterer som er gjort før pasient sendes til operasjon. Spesialtilpasset for Diakonhjemmets kirurgiske avdeling.","en":"*Sjekklisten benyttes for å registrere aktiviterer som er gjort før pasient sendes til operasjon. Spesialtilpasset for Diakonhjemmets kirurgiske avdeling. (nb)"},"rmType":"CLUSTER","nodeId":"openEHR-EHR-CLUSTER.preop_checklist_diakonhjemmet_dips.v2","min":1,"max":1,"aqlPath":"/content[openEHR-EHR-EVALUATION.container_dips.v1]/data[at0001]/items[openEHR-EHR-CLUSTER.preop_checklist_diakonhjemmet_dips.v2]","inputs":[],"formId":"preoperativ_sjekkliste/*container(en)/sjekkliste_preopr_diakonhjemmet","viewConfig":{"multiplicity":{"min":1,"max":1},"advanced":{"hidden":false,"readonly":false,"hideFrame":false,"render":false},"label":{"custom":false,"useLocalizations":false},"size":{"field":"inherit","label":"inherit"},"layout":{"label":{"valign":"inherit","align":"inherit"},"field":{"valign":"inherit","align":"inherit"}},"annotations":{},"field":{}},"children":[{"name":"Spacer","localizedName":"","localizedNames":{"nb":""},"localizedDescriptions":{},"rmType":"GENERIC_SPACER","min":0,"max":1,"inputs":[],"formId":"generic-field-10855","viewConfig":{"annotations":{},"field":{"height":15,"input":{"height":15}}}},{"name":"ID-armbånd sjekket","localizedName":"ID-armbånd sjekket","localizedNames":{"en":"*ID-armbånd sjekket (nb)","nb":"ID-armbånd sjekket"},"localizedDescriptions":{"nb":"*","en":"** (nb)"},"rmType":"DV_CODED_TEXT","nodeId":"at0035","min":0,"max":1,"aqlPath":"/content[openEHR-EHR-EVALUATION.container_dips.v1]/data[at0001]/items[openEHR-EHR-CLUSTER.preop_checklist_diakonhjemmet_dips.v2]/items[at0035]/value","inputs":[{"suffix":"code","type":"CODED_TEXT","list":[{"value":"9","label":"ID-armbånd sjekket","ordinal":0,"localizedLabels":{"nb":"ID-armbånd sjekket","en":"*ID-armbånd sjekket (nb)"},"localizedDescriptions":{}}],"listOpen":false}],"formId":"preoperativ_sjekkliste/*container(en)/sjekkliste_preopr_diakonhjemmet/id-armbånd_sjekket","viewConfig":{"multiplicity":{"min":0,"max":1},"advanced":{"hidden":false,"readonly":false,"hideFrame":false,"render":false},"label":{"custom":false,"useLocalizations":false},"size":{"field":"inherit","label":"-1"},"layout":{"label":{"valign":"inherit","align":"inherit"},"field":{"valign":"inherit","align":"inherit"}},"annotations":{},"field":{"code":{"presentation":"radios","columns":"1"}},"tags":["HideLabel"]}},{"name":"Operasjonsfelt markert av kirurg","localizedName":"Operasjonsfelt markert av kirurg","localizedNames":{"en":"*Operasjonsfelt markert av kirurg (nb)","nb":"Operasjonsfelt markert av kirurg"},"localizedDescriptions":{"nb":"Avhuking betyr at operasjonsfelt er markert av kirurg.","en":"*Avhuking betyr at operasjonsfelt er markert av kirurg. (nb)"},"rmType":"DV_CODED_TEXT","nodeId":"at0021","min":0,"max":1,"aqlPath":"/content[openEHR-EHR-EVALUATION.container_dips.v1]/data[at0001]/items[openEHR-EHR-CLUSTER.preop_checklist_diakonhjemmet_dips.v2]/items[at0021]/value","inputs":[{"suffix":"code","type":"CODED_TEXT","list":[{"value":"4","label":"Operasjonsfelt markert av kirurg","ordinal":0,"localizedLabels":{"nb":"Operasjonsfelt markert av kirurg","en":"*Operasjonsfelt markert av kirurg (nb)"},"localizedDescriptions":{}}],"listOpen":false}],"formId":"preoperativ_sjekkliste/*container(en)/sjekkliste_preopr_diakonhjemmet/operasjonsfelt_markert_av_kirurg","viewConfig":{"multiplicity":{"min":0,"max":1},"advanced":{"hidden":false,"readonly":false,"hideFrame":false,"render":false},"label":{"custom":false,"useLocalizations":false},"size":{"field":"inherit","label":"-1"},"layout":{"label":{"valign":"inherit","align":"inherit"},"field":{"valign":"inherit","align":"inherit"}},"annotations":{},"field":{"code":{"presentation":"radios","columns":"1"}},"tags":["HideLabel"]}},{"name":"Spacer","localizedName":"","localizedNames":{"nb":""},"localizedDescriptions":{},"rmType":"GENERIC_SPACER","min":0,"max":1,"inputs":[],"formId":"generic-field-63109","viewConfig":{"annotations":{},"field":{"height":15,"input":{"height":15}}}},{"name":"Fieldset","localizedName":"Fieldset","localizedNames":{"en":"*Fieldset (en)","nb":"Anestesi"},"localizedDescriptions":{},"rmType":"GENERIC_FIELDSET","min":0,"max":1,"inputs":[],"formId":"generic-field-87186","viewConfig":{"multiplicity":{"min":0,"max":1},"advanced":{"hidden":false,"readonly":false,"hideFrame":false,"render":false},"label":{"custom":false,"useLocalizations":false},"size":{"field":"inherit","label":"inherit"},"layout":{"label":{"valign":"inherit","align":"inherit"},"field":{"valign":"inherit","align":"inherit"}},"annotations":{},"field":{"formId":null,"name":null}},"children":[{"name":"Sist spist","localizedName":"Sist spist","localizedNames":{"en":"*Sist spist (nb)","nb":"Sist spist"},"localizedDescriptions":{"nb":"Pasientens siste inntak av mat før operasjon.","en":"*Pasientens siste inntak av mat før operasjon. (nb)"},"rmType":"DV_DATE_TIME","nodeId":"at0001","min":0,"max":1,"aqlPath":"/content[openEHR-EHR-EVALUATION.container_dips.v1]/data[at0001]/items[openEHR-EHR-CLUSTER.preop_checklist_diakonhjemmet_dips.v2]/items[at0001]/value","inputs":[{"type":"DATETIME","validation":{"pattern":"yyyy-mm-ddTHH:MM:SS"},"listOpen":false}],"formId":"preoperativ_sjekkliste/*container(en)/sjekkliste_preopr_diakonhjemmet/sist_spist","viewConfig":{"multiplicity":{"min":0,"max":1},"advanced":{"hidden":false,"readonly":false,"hideFrame":false,"render":false},"label":{"custom":false,"useLocalizations":false},"size":{"field":"large","label":"inherit"},"layout":{"label":{"valign":"inherit","align":"inherit"},"field":{"valign":"inherit","align":"inherit"}},"annotations":{},"field":{"input":{"hideTime":false,"dateFormat":"","hideDate":false}}}},{"name":"Sist drukket","localizedName":"Sist drukket","localizedNames":{"en":"*Sist drukket (nb)","nb":"Sist drukket"},"localizedDescriptions":{"nb":"Pasientens siste inntak av væske før operasjon.","en":"*Pasientens siste inntak av væske før operasjon. (nb)"},"rmType":"DV_DATE_TIME","nodeId":"at0002","min":0,"max":1,"aqlPath":"/content[openEHR-EHR-EVALUATION.container_dips.v1]/data[at0001]/items[openEHR-EHR-CLUSTER.preop_checklist_diakonhjemmet_dips.v2]/items[at0002]/value","inputs":[{"type":"DATETIME","listOpen":false}],"formId":"preoperativ_sjekkliste/*container(en)/sjekkliste_preopr_diakonhjemmet/sist_drukket","viewConfig":{"multiplicity":{"min":0,"max":1},"advanced":{"hidden":false,"readonly":false,"hideFrame":false,"render":false},"label":{"custom":false,"useLocalizations":false},"size":{"field":"large","label":"inherit"},"layout":{"label":{"valign":"inherit","align":"inherit"},"field":{"valign":"inherit","align":"inherit"}},"annotations":{},"field":{"input":{"hideTime":false,"dateFormat":"","hideDate":false}}}},{"name":"Premedikasjon gitt","localizedName":"Premedikasjon gitt","localizedNames":{"en":"*Premedikasjon gitt (nb)","nb":"Premedikasjon gitt"},"localizedDescriptions":{"nb":"Avhuking betyr at premedikasjon er gitt preoperativt.","en":"*Avhuking betyr at premedikasjon er gitt preoperativt. (nb)"},"rmType":"DV_CODED_TEXT","nodeId":"at0019","min":0,"max":1,"aqlPath":"/content[openEHR-EHR-EVALUATION.container_dips.v1]/data[at0001]/items[openEHR-EHR-CLUSTER.preop_checklist_diakonhjemmet_dips.v2]/items[at0019]/value","inputs":[{"suffix":"code","type":"CODED_TEXT","list":[{"value":"1","label":"Ja","ordinal":0,"localizedLabels":{"nb":"Ja","en":"*Ja (nb)"},"localizedDescriptions":{}},{"value":"2","label":"Nei","ordinal":0,"localizedLabels":{"nb":"Nei","en":"*Nei (nb)"},"localizedDescriptions":{}}],"listOpen":false}],"formId":"preoperativ_sjekkliste/*container(en)/sjekkliste_preopr_diakonhjemmet/premedikasjon_gitt","viewConfig":{"multiplicity":{"min":0,"max":1},"advanced":{"hidden":false,"readonly":false,"hideFrame":false,"render":false},"label":{"custom":false,"useLocalizations":false},"size":{"field":"inherit","label":"inherit"},"layout":{"label":{"valign":"inherit","align":"inherit"},"field":{"valign":"inherit","align":"inherit"}},"annotations":{},"field":{"code":{"presentation":"radios","columns":"2"}}}},{"name":"Antibiotikaprofylakse gitt","localizedName":"Antibiotikaprofylakse gitt","localizedNames":{"en":"*Antibiotikaprofylakse gitt (nb)","nb":"Antibiotika-profylakse gitt"},"localizedDescriptions":{"nb":"*","en":"** (nb)"},"rmType":"DV_CODED_TEXT","nodeId":"at0015","min":0,"max":1,"aqlPath":"/content[openEHR-EHR-EVALUATION.container_dips.v1]/data[at0001]/items[openEHR-EHR-CLUSTER.preop_checklist_diakonhjemmet_dips.v2]/items[at0015]/value","inputs":[{"suffix":"code","type":"CODED_TEXT","list":[{"value":"1","label":"Ja","ordinal":0,"localizedLabels":{"nb":"Ja","en":"*Ja (nb)"},"localizedDescriptions":{}},{"value":"2","label":"Nei","ordinal":0,"localizedLabels":{"nb":"Nei","en":"*Nei (nb)"},"localizedDescriptions":{}}],"listOpen":false}],"formId":"preoperativ_sjekkliste/*container(en)/sjekkliste_preopr_diakonhjemmet/antibiotikaprofylakse_gitt","viewConfig":{"multiplicity":{"min":0,"max":1},"advanced":{"hidden":false,"readonly":false,"hideFrame":false,"render":false},"label":{"custom":false,"useLocalizations":false},"size":{"field":"inherit","label":"inherit"},"layout":{"label":{"valign":"inherit","align":"inherit"},"field":{"valign":"inherit","align":"inherit"}},"annotations":{},"field":{"code":{"presentation":"radios","columns":"2"}}}},{"name":"Spacer","localizedName":"","localizedNames":{"nb":""},"localizedDescriptions":{},"rmType":"GENERIC_SPACER","min":0,"max":1,"inputs":[],"formId":"generic-field-83151","viewConfig":{"annotations":{},"field":{"height":25,"input":{"height":25}}}}]},{"name":"Fieldset","localizedName":"Fieldset","localizedNames":{"en":"*Fieldset (en)","nb":"Operasjon"},"localizedDescriptions":{},"rmType":"GENERIC_FIELDSET","min":0,"max":1,"inputs":[],"formId":"generic-field-46513","viewConfig":{"multiplicity":{"min":0,"max":1},"advanced":{"hidden":false,"readonly":false,"hideFrame":false,"render":false},"label":{"custom":false,"useLocalizations":false},"size":{"field":"inherit","label":"inherit"},"layout":{"label":{"valign":"inherit","align":"inherit"},"field":{"valign":"inherit","align":"inherit"}},"annotations":{},"field":{"formId":null,"name":null}},"children":[{"name":"Sist vannlatning","localizedName":"Sist vannlatning","localizedNames":{"en":"*Sist vannlatning (nb)","nb":"Sist vannlatning"},"localizedDescriptions":{"nb":"Tidspunkt blære ble tømt. ","en":"*Tidspunkt blære ble tømt.  (nb)"},"rmType":"DV_DATE_TIME","nodeId":"at0012","min":0,"max":1,"aqlPath":"/content[openEHR-EHR-EVALUATION.container_dips.v1]/data[at0001]/items[openEHR-EHR-CLUSTER.preop_checklist_diakonhjemmet_dips.v2]/items[at0012]/value","inputs":[{"type":"DATETIME","listOpen":false}],"formId":"preoperativ_sjekkliste/*container(en)/sjekkliste_preopr_diakonhjemmet/sist_vannlatning","viewConfig":{"multiplicity":{"min":0,"max":1},"advanced":{"hidden":false,"readonly":false,"hideFrame":false,"render":false},"label":{"custom":false,"useLocalizations":false},"size":{"field":"large","label":"inherit"},"layout":{"label":{"valign":"inherit","align":"inherit"},"field":{"valign":"inherit","align":"inherit"}},"annotations":{},"field":{"input":{"hideTime":false,"dateFormat":"","hideDate":false}}}},{"name":"Innlagt blærekateter","localizedName":"Innlagt blærekateter","localizedNames":{"en":"*Innlagt blærekateter (nb)","nb":"Innlagt blærekateter"},"localizedDescriptions":{"nb":"*","en":"** (nb)"},"rmType":"DV_CODED_TEXT","nodeId":"at0022","min":0,"max":1,"aqlPath":"/content[openEHR-EHR-EVALUATION.container_dips.v1]/data[at0001]/items[openEHR-EHR-CLUSTER.preop_checklist_diakonhjemmet_dips.v2]/items[at0022]/value","inputs":[{"suffix":"code","type":"CODED_TEXT","list":[{"value":"1","label":"Ja","ordinal":0,"localizedLabels":{"nb":"Ja","en":"*Ja (nb)"},"localizedDescriptions":{}}],"listOpen":false}],"formId":"preoperativ_sjekkliste/*container(en)/sjekkliste_preopr_diakonhjemmet/innlagt_blærekateter","viewConfig":{"multiplicity":{"min":0,"max":1},"advanced":{"hidden":false,"readonly":false,"hideFrame":false,"render":false},"label":{"custom":false,"useLocalizations":false},"size":{"field":"inherit","label":"inherit"},"layout":{"label":{"valign":"inherit","align":"inherit"},"field":{"valign":"inherit","align":"inherit"}},"annotations":{},"field":{"code":{"presentation":"radios","columns":"1"}}}},{"name":"Temperatur","localizedName":"Temperatur","localizedNames":{"en":"*Temperatur (nb)","nb":"Temperatur"},"localizedDescriptions":{"nb":"*","en":"** (nb)"},"rmType":"DV_QUANTITY","nodeId":"at0023","min":0,"max":1,"aqlPath":"/content[openEHR-EHR-EVALUATION.container_dips.v1]/data[at0001]/items[openEHR-EHR-CLUSTER.preop_checklist_diakonhjemmet_dips.v2]/items[at0023]/value","inputs":[{"suffix":"magnitude","type":"DECIMAL","defaultValue":"","listOpen":false},{"suffix":"unit","type":"CODED_TEXT","list":[{"value":"°C","label":"°C","validation":{"range":{"minOp":">","maxOp":"<"},"precision":{"minOp":">=","min":1.0,"maxOp":"<=","max":1.0}},"ordinal":0,"localizedLabels":{},"localizedDescriptions":{}}],"defaultValue":"°C","listOpen":false}],"formId":"preoperativ_sjekkliste/*container(en)/sjekkliste_preopr_diakonhjemmet/temperatur","viewConfig":{"multiplicity":{"min":0,"max":1},"advanced":{"hidden":false,"readonly":false,"hideFrame":false,"render":false},"label":{"custom":false,"useLocalizations":false},"size":{"field":"medium","label":"inherit"},"layout":{"label":{"valign":"inherit","align":"inherit"},"field":{"valign":"inherit","align":"inherit"}},"annotations":{},"field":{}}},{"name":"Hårfjerning utført","localizedName":"Hårfjerning utført","localizedNames":{"en":"*Hårfjerning utført (nb)","nb":"Hårfjerning utført"},"localizedDescriptions":{"nb":"*","en":"** (nb)"},"rmType":"DV_CODED_TEXT","nodeId":"at0033","min":0,"max":1,"aqlPath":"/content[openEHR-EHR-EVALUATION.container_dips.v1]/data[at0001]/items[openEHR-EHR-CLUSTER.preop_checklist_diakonhjemmet_dips.v2]/items[at0033]/value","inputs":[{"suffix":"code","type":"CODED_TEXT","list":[{"value":"1","label":"Ja","ordinal":0,"localizedLabels":{"nb":"Ja","en":"*Ja (nb)"},"localizedDescriptions":{}},{"value":"2","label":"Nei","ordinal":0,"localizedLabels":{"nb":"Nei","en":"*Nei (nb)"},"localizedDescriptions":{}}],"listOpen":false}],"formId":"preoperativ_sjekkliste/*container(en)/sjekkliste_preopr_diakonhjemmet/hårfjerning_utført","viewConfig":{"multiplicity":{"min":0,"max":1},"advanced":{"hidden":false,"readonly":false,"hideFrame":false,"render":false},"label":{"custom":false,"useLocalizations":false},"size":{"field":"inherit","label":"inherit"},"layout":{"label":{"valign":"inherit","align":"inherit"},"field":{"valign":"inherit","align":"inherit"}},"annotations":{},"field":{"code":{"presentation":"radios","columns":"2"}}}},{"name":"Navle rengjort (gastro)","localizedName":"Navle rengjort (gastro)","localizedNames":{"en":"*Navle rengjort (gastro) (nb)","nb":"Navle rengjort (gastro)"},"localizedDescriptions":{"nb":"*","en":"** (nb)"},"rmType":"DV_CODED_TEXT","nodeId":"at0028","min":0,"max":1,"aqlPath":"/content[openEHR-EHR-EVALUATION.container_dips.v1]/data[at0001]/items[openEHR-EHR-CLUSTER.preop_checklist_diakonhjemmet_dips.v2]/items[at0028]/value","inputs":[{"suffix":"code","type":"CODED_TEXT","list":[{"value":"1","label":"Ja","ordinal":0,"localizedLabels":{"nb":"Ja","en":"*Ja (nb)"},"localizedDescriptions":{}}],"listOpen":false}],"formId":"preoperativ_sjekkliste/*container(en)/sjekkliste_preopr_diakonhjemmet/navle_rengjort_(gastro)","viewConfig":{"multiplicity":{"min":0,"max":1},"advanced":{"hidden":false,"readonly":false,"hideFrame":false,"render":false},"label":{"custom":false,"useLocalizations":false},"size":{"field":"inherit","label":"inherit"},"layout":{"label":{"valign":"inherit","align":"inherit"},"field":{"valign":"inherit","align":"inherit"}},"annotations":{},"field":{"code":{"presentation":"radios","columns":"1"}}}},{"name":"Tarm tømt (gastro)","localizedName":"Tarm tømt (gastro)","localizedNames":{"en":"*Tarm tømt (gastro) (nb)","nb":"Tarm tømt (gastro)"},"localizedDescriptions":{"nb":"Avhuking betyr at tarm er tømt preoperativt.","en":"*Avhuking betyr at tarm er tømt preoperativt. (nb)"},"rmType":"DV_CODED_TEXT","nodeId":"at0013","min":0,"max":1,"aqlPath":"/content[openEHR-EHR-EVALUATION.container_dips.v1]/data[at0001]/items[openEHR-EHR-CLUSTER.preop_checklist_diakonhjemmet_dips.v2]/items[at0013]/value","inputs":[{"suffix":"code","type":"CODED_TEXT","list":[{"value":"1","label":"Ja","ordinal":0,"localizedLabels":{"nb":"Ja","en":"*Ja (nb)"},"localizedDescriptions":{}}],"listOpen":false}],"formId":"preoperativ_sjekkliste/*container(en)/sjekkliste_preopr_diakonhjemmet/tarm_tømt_(gastro)","viewConfig":{"multiplicity":{"min":0,"max":1},"advanced":{"hidden":false,"readonly":false,"hideFrame":false,"render":false},"label":{"custom":false,"useLocalizations":false},"size":{"field":"inherit","label":"inherit"},"layout":{"label":{"valign":"inherit","align":"inherit"},"field":{"valign":"inherit","align":"inherit"}},"annotations":{},"field":{"code":{"presentation":"radios","columns":"1"}}}}]},{"name":"Spacer","localizedName":"","localizedNames":{"nb":""},"localizedDescriptions":{},"rmType":"GENERIC_SPACER","min":0,"max":1,"inputs":[],"formId":"generic-field-96247","viewConfig":{"annotations":{},"field":{"height":25,"input":{"height":25}}}},{"name":"Merknader","localizedName":"Merknader","localizedNames":{"en":"*Merknader (nb)","nb":"Merknader"},"localizedDescriptions":{"nb":"*","en":"** (nb)"},"rmType":"DV_TEXT","nodeId":"at0031","min":0,"max":1,"aqlPath":"/content[openEHR-EHR-EVALUATION.container_dips.v1]/data[at0001]/items[openEHR-EHR-CLUSTER.preop_checklist_diakonhjemmet_dips.v2]/items[at0031]/value","inputs":[{"type":"TEXT","list":[],"listOpen":false}],"formId":"preoperativ_sjekkliste/*container(en)/sjekkliste_preopr_diakonhjemmet/merknader","viewConfig":{"multiplicity":{"min":0,"max":1},"advanced":{"hidden":false,"readonly":false,"hideFrame":false,"render":false},"label":{"custom":false,"useLocalizations":false},"size":{"field":"inherit","label":"inherit"},"layout":{"label":{"valign":"inherit","align":"inherit"},"field":{"valign":"inherit","align":"inherit"}},"datasource":{"loadRemote":false,"parameters":{}},"annotations":{},"field":{"lines":"3","input":{"lines":3}}}},{"name":"Spacer","localizedName":"","localizedNames":{"nb":""},"localizedDescriptions":{},"rmType":"GENERIC_SPACER","min":0,"max":1,"inputs":[],"formId":"generic-field-24928","viewConfig":{"annotations":{},"field":{"height":15,"input":{"height":15}}}}]},{"name":"Spacer","localizedName":"","localizedNames":{"nb":""},"localizedDescriptions":{},"rmType":"GENERIC_SPACER","min":0,"max":1,"inputs":[],"formId":"generic-field-70691","viewConfig":{"annotations":{},"field":{"height":25,"input":{"height":25}}}}]}