[{"field":"generic-field-62913","conditions":[{"operator":"is","value":{"value":"True"},"actions":[{"action":"set","target":"informasjon_for_post/diabetes@Diabetes/tilstand","value":{"code":"73211009"}},{"action":"set","target":"informasjon_for_post/diabetes@Diabetes/status/value","value":{"code":"at0015"}}]},{"operator":"isnot","value":{"value":"True"},"actions":[{"action":"set","target":"informasjon_for_post/diabetes@Diabetes/tilstand","value":{"code":"73211009"}},{"action":"set","target":"informasjon_for_post/diabetes@Diabetes/status/value","value":{"code":"at0018"}}]}]},{"field":"informasjon_for_post/diabetes@Diabetes/status/value","conditions":[{"operator":"equals","value":{"code":"at0015"},"actions":[{"action":"set","target":"generic-field-62913","value":{"value":"True"}}]},{"operator":"equals","value":{"code":"at0018"},"actions":[{"action":"set","target":"generic-field-62913","value":{"value":"False"}}]}]}]