{"name":"Form root","localizedNames":{},"localizedDescriptions":{},"rmType":"FORM_DEFINITION","min":0,"max":0,"formId":"form_root","viewConfig":{"label":{"custom":false,"useLocalizations":false},"size":{"field":"inherit","label":"inherit"},"layout":{"label":{"valign":"inherit","align":"inherit"},"field":{"valign":"inherit","align":"inherit"}},"annotations":{}},"children":[{"name":"Tilsyn","localizedName":"Tilsyn","localizedNames":{"en":"*Tilsyn (en)","nb":"Tilsyn"},"localizedDescriptions":{"nb":"Fritekstbeskrivelse av anbefalingen.","en":"*Fritekstbeskrivelse av anbefalingen. (nb)"},"rmType":"DV_TEXT","nodeId":"at0002","min":0,"max":1,"aqlPath":"/content[openEHR-EHR-EVALUATION.recommendation.v1 and name/value='Tilsyn']/data[at0001]/items[at0002 and name/value='Tilsyn']/value","inputs":[{"type":"TEXT","list":[],"listOpen":false}],"formId":"klinisk_kontakt/tilsyn@Tilsyn/tilsyn@Tilsyn","viewConfig":{"multiplicity":{"min":0,"max":1},"advanced":{"hidden":false,"readonly":false,"hideFrame":false,"render":false},"label":{"custom":false,"useLocalizations":false},"size":{"field":"inherit","label":"inherit"},"layout":{"label":{"valign":"inherit","align":"inherit"},"field":{"valign":"inherit","align":"inherit"}},"datasource":{"loadRemote":false,"parameters":{}},"annotations":{"nullflavour":"271"},"field":{"lines":null,"input":{}}}}]}