[{"col":1,"row":1,"width":17,"height":194,"children":[{"id":"klinisk_kontakt/ingen_kjente_sykdommer@Ingen kjente sykdommer","rows":[{"cols":[{"width":"42%","children":[{"id":"klinisk_kontakt/ingen_kjente_sykdommer@Ingen kjente sykdommer/overordnet_eksklusjonsutsagn@Overordnet eksklusjon av problemer/diagnoser","rows":[]}]},{"width":"58%","children":[]}]}]},{"id":"generic-field-04094","rows":[{"cols":[{"width":"100%","children":[{"id":"generic-field-78265","rows":[]},{"id":"generic-field-93970","rows":[{"cols":[{"width":"50%","children":[{"id":"klinisk_kontakt/sirkulasjon@Sirkulasjon","rows":[{"cols":[{"width":"100%","children":[{"id":"klinisk_kontakt/sirkulasjon@Sirkulasjon/ingen_sirkulasjonssykdommer@Ingen sirkulasjonssykdommer","rows":[{"cols":[{"width":"100%","children":[{"id":"klinisk_kontakt/sirkulasjon@Sirkulasjon/ingen_sirkulasjonssykdommer@Ingen sirkulasjonssykdommer/ingen_kjente_sirkulasjonssykdommer@Ingen kjente sirkulasjonssykdommer","rows":[]},{"id":"klinisk_kontakt/sirkulasjon@Sirkulasjon/ingen_sirkulasjonssykdommer@Ingen sirkulasjonssykdommer/ekskludert_konsept@Problem/diagnose","rows":[]}]}]}]},{"id":"generic-field-76462","rows":[{"cols":[{"width":"100%","children":[{"id":"generic-field-30886","rows":[]}]}]}]},{"id":"klinisk_kontakt/sirkulasjon@Sirkulasjon/sirkulasjon@Sirkulasjon","rows":[{"cols":[{"width":"100%","children":[{"id":"klinisk_kontakt/sirkulasjon@Sirkulasjon/sirkulasjon@Sirkulasjon/underlag","rows":[]},{"id":"klinisk_kontakt/sirkulasjon@Sirkulasjon/sirkulasjon@Sirkulasjon/sirkulasjonssykdommer@Sirkulasjonssykdommer","rows":[]}]}]}]},{"id":"klinisk_kontakt/sirkulasjon@Sirkulasjon/hjertesvikt_klassifisering@Hjertesvikt klassifisering","rows":[{"cols":[{"width":"100%","children":[{"id":"klinisk_kontakt/sirkulasjon@Sirkulasjon/hjertesvikt_klassifisering@Hjertesvikt klassifisering/hjertesvikt@Hjertesvikt","rows":[]},{"id":"klinisk_kontakt/sirkulasjon@Sirkulasjon/hjertesvikt_klassifisering@Hjertesvikt klassifisering/nyha_klassifikasjon_av_hjertesvikt","rows":[{"cols":[{"width":"50%","children":[{"id":"klinisk_kontakt/sirkulasjon@Sirkulasjon/hjertesvikt_klassifisering@Hjertesvikt klassifisering/nyha_klassifikasjon_av_hjertesvikt/funksjonell_kapasitet","rows":[]}]},{"width":"50%","children":[{"id":"klinisk_kontakt/sirkulasjon@Sirkulasjon/hjertesvikt_klassifisering@Hjertesvikt klassifisering/nyha_klassifikasjon_av_hjertesvikt/objektiv_vurdering","rows":[]}]}]}]}]}]}]},{"id":"generic-field-36928","rows":[]}]}]}]}]},{"width":"50%","children":[{"id":"klinisk_kontakt/respirasjon@Respirasjon","rows":[{"cols":[{"width":"100%","children":[{"id":"klinisk_kontakt/respirasjon@Respirasjon/ingen_respirasjonssykdommer@Ingen respirasjonssykdommer","rows":[{"cols":[{"width":"100%","children":[{"id":"klinisk_kontakt/respirasjon@Respirasjon/ingen_respirasjonssykdommer@Ingen respirasjonssykdommer/ingen_kjente_respirasjonssykdommer@Ingen kjente respirasjonssykdommer","rows":[]},{"id":"klinisk_kontakt/respirasjon@Respirasjon/ingen_respirasjonssykdommer@Ingen respirasjonssykdommer/ekskludert_konsept@Problem/diagnose","rows":[]}]}]}]},{"id":"generic-field-44031","rows":[{"cols":[{"width":"100%","children":[{"id":"generic-field-59783","rows":[]}]}]}]},{"id":"klinisk_kontakt/respirasjon@Respirasjon/respirasjon@Respirasjon","rows":[{"cols":[{"width":"100%","children":[{"id":"klinisk_kontakt/respirasjon@Respirasjon/respirasjon@Respirasjon/underlag","rows":[]},{"id":"klinisk_kontakt/respirasjon@Respirasjon/respirasjon@Respirasjon/respirasjonssykdommer@Respirasjonssykdommer","rows":[]}]}]}]},{"id":"generic-field-89348","rows":[]}]}]}]}]}]},{"cols":[{"width":"50%","children":[{"id":"klinisk_kontakt/sirkulasjon@Sirkulasjon/sirkulasjon@Sirkulasjon/kommentar","rows":[]}]},{"width":"50%","children":[{"id":"klinisk_kontakt/respirasjon@Respirasjon/respirasjon@Respirasjon/kommentar","rows":[]}]}]}]},{"id":"generic-field-16680","rows":[]},{"id":"generic-field-85240","rows":[{"cols":[{"width":"100%","children":[{"id":"klinisk_kontakt/andre_sykdommer@Andre sykdommer","rows":[{"cols":[{"width":"100%","children":[{"id":"klinisk_kontakt/andre_sykdommer@Andre sykdommer/ingen_andre_sykdommer@Ingen andre sykdommer","rows":[{"cols":[{"width":"50%","children":[{"id":"klinisk_kontakt/andre_sykdommer@Andre sykdommer/ingen_andre_sykdommer@Ingen andre sykdommer/ingen_andre_kjente_sykdommer@Ingen andre kjente sykdommer","rows":[]},{"id":"klinisk_kontakt/andre_sykdommer@Andre sykdommer/ingen_andre_sykdommer@Ingen andre sykdommer/ekskludert_konsept@Problem/diagnose","rows":[]}]},{"width":"50%","children":[]}]}]},{"id":"generic-field-07527","rows":[{"cols":[{"width":"100%","children":[{"id":"generic-field-02203","rows":[]}]}]}]},{"id":"klinisk_kontakt/andre_sykdommer@Andre sykdommer/andre_sykdommer@Andre sykdommer","rows":[{"cols":[{"width":"50%","children":[{"id":"klinisk_kontakt/andre_sykdommer@Andre sykdommer/andre_sykdommer@Andre sykdommer/underlag","rows":[]},{"id":"klinisk_kontakt/andre_sykdommer@Andre sykdommer/andre_sykdommer@Andre sykdommer/kommentar","rows":[]}]},{"width":"50%","children":[{"id":"klinisk_kontakt/andre_sykdommer@Andre sykdommer/andre_sykdommer@Andre sykdommer/andre_sykdommer@Andre sykdommer","rows":[]}]}]}]}]}]}]},{"id":"generic-field-01494","rows":[]}]}]}]}]}]}]},{"id":"klinisk_kontakt/funn_ved_fysisk_undersøkelse/uspesifisert_hendelse/undersøkelsessfunn_lunge@Undersøkelsessfunn lunge","rows":[{"cols":[{"width":"100%","children":[{"id":"klinisk_kontakt/funn_ved_fysisk_undersøkelse/uspesifisert_hendelse/undersøkelsessfunn_lunge@Undersøkelsessfunn lunge/undersøkt_system_eller_struktur","rows":[]},{"id":"klinisk_kontakt/funn_ved_fysisk_undersøkelse/uspesifisert_hendelse/undersøkelsessfunn_lunge@Undersøkelsessfunn lunge/uten_anmerkning","rows":[]},{"id":"klinisk_kontakt/funn_ved_fysisk_undersøkelse/uspesifisert_hendelse/undersøkelsessfunn_lunge@Undersøkelsessfunn lunge/klinisk_beskrivelse","rows":[]}]}]}]},{"id":"klinisk_kontakt/funn_ved_fysisk_undersøkelse/uspesifisert_hendelse/undersøkelsesfunn_hjerte@Undersøkelsesfunn hjerte","rows":[{"cols":[{"width":"100%","children":[{"id":"klinisk_kontakt/funn_ved_fysisk_undersøkelse/uspesifisert_hendelse/undersøkelsesfunn_hjerte@Undersøkelsesfunn hjerte/undersøkt_system_eller_struktur","rows":[]},{"id":"klinisk_kontakt/funn_ved_fysisk_undersøkelse/uspesifisert_hendelse/undersøkelsesfunn_hjerte@Undersøkelsesfunn hjerte/uten_anmerkning","rows":[]},{"id":"klinisk_kontakt/funn_ved_fysisk_undersøkelse/uspesifisert_hendelse/undersøkelsesfunn_hjerte@Undersøkelsesfunn hjerte/klinisk_beskrivelse","rows":[]}]}]}]}]},{"col":1,"row":195,"width":17,"height":41,"children":[{"id":"klinisk_kontakt/legemidler_i_bruk_classic_dips","rows":[{"cols":[{"width":"100%","children":[{"id":"klinisk_kontakt/legemidler_i_bruk_classic_dips/event_series/origin","rows":[]},{"id":"klinisk_kontakt/legemidler_i_bruk_classic_dips/any_event/navn_form_styrke","rows":[]},{"id":"klinisk_kontakt/legemidler_i_bruk_classic_dips/any_event/virkestoff","rows":[]},{"id":"klinisk_kontakt/legemidler_i_bruk_classic_dips/any_event/bruk","rows":[]},{"id":"klinisk_kontakt/legemidler_i_bruk_classic_dips/any_event/time","rows":[]}]}]}]},{"id":"klinisk_kontakt/faste_medisiner@Faste medisiner/faste_medisiner@Faste medisiner","rows":[{"cols":[{"width":"100%","children":[{"id":"klinisk_kontakt/faste_medisiner@Faste medisiner/faste_medisiner@Faste medisiner/bruker_faste_medisiner@Bruker faste medisiner","rows":[]},{"id":"generic-field-31770","rows":[{"cols":[{"width":"100%","children":[{"id":"klinisk_kontakt/faste_medisiner@Faste medisiner/faste_medisiner@Faste medisiner/faste_medisiner@Faste medisiner","rows":[]}]}]}]},{"id":"klinisk_kontakt/faste_medisiner@Faste medisiner/faste_medisiner@Faste medisiner/kommentar","rows":[]}]}]}]}]}]