{"formId":"form_root","name":"Form root","rmType":"FORM_DEFINITION","viewConfig":{"label":{"custom":false,"value":"","useLocalizations":true,"localizationsList":{"nb":"Planlagt utreise"}},"size":{"field":"inherit","label":"inherit","fill":"inherit"},"layout":{"label":{"valign":"inherit","align":"inherit"},"field":{"valign":"inherit","align":"inherit"}},"tags":[],"annotations":{"reuseComposition":"select c from composition c contains ADMIN_ENTRY e[openEHR-EHR-ADMIN_ENTRY.hv_pasientliste_geriatri_utreise.v1] where c/archetype_details/template_id/value = 'HV Pasientliste Geriatri Utreise' order by c/context/start_time/value desc fetch 1?scope=periodofcare"}},"language":"nb","templateLanguages":["nb"],"children":[{"name":"Utreise","localizedName":"Utreise","rmType":"DV_DATE","nodeId":"at0002","min":0,"max":1,"localizedNames":{"nb":"Utreise"},"localizedDescriptions":{"nb":"*"},"aqlPath":"/content[openEHR-EHR-ADMIN_ENTRY.hv_pasientliste_geriatri_utreise.v1]/data[at0001]/items[at0002]/value","inputs":[{"type":"DATE"}],"fid":"hv_pasientliste_geriatri_utreise/hv_pasientliste_geriatri_utreise/utreise","formId":"hv_pasientliste_geriatri_utreise/hv_pasientliste_geriatri_utreise/utreise","viewConfig":{"label":{"custom":true,"value":"Angi planlagt utreisedato","useLocalizations":true,"localizationsList":{"nb":"Angi planlagt utreisedato"}},"advanced":{"hidden":false,"readonly":false},"multiplicity":{"min":"0","max":"1"},"size":{"field":"inherit","label":"inherit","fill":"inherit"},"layout":{"label":{"valign":"inherit","align":"top"},"field":{"valign":"inherit","align":"inherit"}},"tags":[],"datasource":{"loadRemote":false,"loadRemoteUrl":"","terminology":""},"annotations":{},"field":{"input":{"dateFormat":"","hideDate":false,"hideTime":false}}},"defaultValue":{"value":""}}]}