{"formId":"form_root","name":"Form root","rmType":"FORM_DEFINITION","viewConfig":{"label":{"custom":false,"value":"","useLocalizations":false,"localizationsList":{}},"size":{"field":"inherit","label":"inherit","fill":"inherit"},"layout":{"valign":"inherit","align":"inherit"},"tags":[]},"language":"","templateLanguages":["nb"],"children":[{"name":"Medikamenter","localizedName":"Medikamenter","rmType":"ACTION","nodeId":"openEHR-EHR-ACTION.medication_olafia.v1","min":"0","max":"100","localizedNames":{"nb":"Medikamenter"},"localizedDescriptions":{"nb":"Detaljer om bruk, administrasjon, utdeling eller andre steg i behandlingsprosessen som er knyttet til en medisin, vaksine eller andre terapeutiske/medisinske varer som kan følge en forordning gjort av en kliniker."},"aqlPath":"/content[openEHR-EHR-ACTION.medication_olafia.v1]","children":[{"name":"Legemiddel / Medisin","localizedName":"Legemiddel / Medisin","rmType":"DV_TEXT","nodeId":"at0020","min":"0","max":"1","localizedNames":{"nb":"Legemiddel / Medisin"},"localizedDescriptions":{"nb":"Medisinen, vaksinen eller annen terapeutisk/medisinsk vare som var i fokus i denne aktiviteten (Action). Dette elementet vil normalt sett bli kodet med en medisinsk terminologi, men i noen tilfeller kan fritekst være nødvendig."},"aqlPath":"/content[openEHR-EHR-ACTION.medication_olafia.v1]/description[at0017]/items[at0020]/value","inputs":[{"type":"TEXT"}],"formId":"kontakt/medikasjonshandlinger/legemiddel_medisin","viewConfig":{"advanced":{"hidden":false,"readonly":false},"size":{"field":"inherit","label":"inherit","fill":"inherit"},"layout":{"label":{"valign":"inherit","align":"inherit"},"field":{"valign":"inherit","align":"inherit"}},"tags":[],"datasource":{"loadRemote":false,"loadRemoteUrl":"","terminology":""},"field":{"input":{"presentation":"textfield"}}}},{"name":"Beskrivelse","localizedName":"Beskrivelse","rmType":"DV_TEXT","nodeId":"at0003","min":0,"max":1,"localizedNames":{"nb":"Beskrivelse"},"localizedDescriptions":{"nb":"Fritekstbeskrivelse av mengden, som kan bestå av både mengde og styrke."},"aqlPath":"/content[openEHR-EHR-ACTION.medication_olafia.v1]/description[at0017]/items[openEHR-EHR-CLUSTER.medication_amount.v1]/items[at0003]/value","inputs":[{"type":"TEXT"}],"formId":"kontakt/medikasjonshandlinger/medikamentmengde/beskrivelse","viewConfig":{"size":{"field":"inherit","label":"inherit","fill":"inherit"},"layout":{"field":{"valign":"inherit","align":"inherit"}},"datasource":{"loadRemote":false,"loadRemoteUrl":"","terminology":""},"field":{"input":{"presentation":"textfield"}}}},{"name":"Refusjonskategori","localizedName":"Refusjonskategori","rmType":"DV_TEXT","nodeId":"at0038","min":0,"max":1,"localizedNames":{"nb":"Refusjonskategori"},"localizedDescriptions":{"nb":"Kategori for refusjon som søkes for varen/artikkelen."},"aqlPath":"/content[openEHR-EHR-ACTION.medication_olafia.v1]/protocol[at0030]/items[at0038]/value","inputs":[{"type":"TEXT"}],"formId":"kontakt/medikasjonshandlinger/refusjonskategori","viewConfig":{"size":{"field":"inherit","label":"inherit","fill":"inherit"},"layout":{"field":{"valign":"inherit","align":"inherit"}},"datasource":{"loadRemote":false,"loadRemoteUrl":"","terminology":""},"field":{"input":{"presentation":"textfield"}}}},{"name":"Medikament status","rmType":"DV_CODED_TEXT","min":"0","max":"1","aqlPath":"/content[openEHR-EHR-ACTION.medication_olafia.v1]/ism_transition/careflow_step","inputs":[{"suffix":"code","type":"CODED_TEXT","list":[{"value":"at0002","label":"Medikasjon forordnet","localizedLabels":{"nb":"Medikasjon forordnet"},"currentStates":["245"]},{"value":"at0045","label":"Resept utdelt","localizedLabels":{"nb":"Resept utdelt"},"currentStates":["245"]},{"value":"at0003","label":"Medikasjonen utdelt","localizedLabels":{"nb":"Medikasjonen utdelt"},"currentStates":["245"]},{"value":"at0006","label":"Medikasjon administrert","localizedLabels":{"nb":"Medikasjon administrert"},"currentStates":["245"]}],"defaultValue":"at0003"}],"inContext":true,"formId":"kontakt/medikasjonshandlinger/ism_transition/careflow_step","viewConfig":{"advanced":{"hidden":true,"readonly":false},"size":{"field":"inherit","label":"inherit","fill":"inherit"},"layout":{"label":{"valign":"inherit","align":"inherit"},"field":{"valign":"inherit","align":"inherit"}},"tags":[],"datasource":{"loadRemote":false,"loadRemoteUrl":"","terminology":""},"field":{"code":{"presentation":"combobox"}}},"localizedName":"Medikament status"}],"formId":"kontakt/medikasjonshandlinger","viewConfig":{"advanced":{"hidden":false,"readonly":false,"render":false},"size":{"field":"inherit","label":"inherit","fill":"inherit"},"layout":{"label":{"valign":"inherit","align":"inherit"},"field":{"valign":"inherit","align":"inherit"}},"tags":[]}}]}