{"formId":"form_root","name":"Form root","rmType":"FORM_DEFINITION","viewConfig":{"label":{"custom":false,"value":"","useLocalizations":false,"localizationsList":{}},"size":{"field":"inherit","label":"inherit","fill":"inherit"},"layout":{"valign":"inherit","align":"inherit"},"tags":[]},"language":"","templateLanguages":["nb"],"children":[{"localizedName":"Status intensivopphold","localizedNames":{"nb":"Status intensivopphold"},"min":"0","max":"1","name":"Status intensivopphold","rmType":"GENERIC_FIELDSET","formId":"generic-field-46560","children":[{"name":"Start intensivopphold","localizedName":"Start intensivopphold","rmType":"DV_BOOLEAN","nodeId":"at0002","min":"1","max":"1","localizedNames":{"nb":"Start intensivopphold"},"localizedDescriptions":{"nb":"*"},"aqlPath":"/content[openEHR-EHR-ACTION.intensivopphold.v0]/description[at0001]/items[at0002]/value","inputs":[{"type":"BOOLEAN","list":[{"value":"true","label":"true"}]}],"formId":"klinisk_kontakt/intensivopphold/start_intensivopphold","viewConfig":{"advanced":{"hidden":false,"readonly":false},"size":{"field":"inherit","label":"inherit","fill":"inherit"},"layout":{"label":{"valign":"inherit","align":"inherit"},"field":{"valign":"inherit","align":"inherit"}},"datasource":{"loadRemote":false,"loadRemoteUrl":"","terminology":""},"tags":[],"field":{"input":{"threeState":false}}}},{"name":"Status intensivopphold","rmType":"DV_CODED_TEXT","min":"0","max":"1","aqlPath":"/content[openEHR-EHR-ACTION.intensivopphold.v0]/ism_transition/careflow_step","inputs":[{"suffix":"code","type":"CODED_TEXT","list":[{"value":"at0004","label":"Start","localizedLabels":{"nb":"Start"},"currentStates":["245"]},{"value":"at0008","label":"Avslutt","localizedLabels":{"nb":"Avslutt"},"currentStates":["532"]}],"defaultValue":"at0004"}],"inContext":true,"formId":"klinisk_kontakt/intensivopphold/ism_transition/careflow_step","viewConfig":{"advanced":{"hidden":false,"readonly":true},"size":{"field":"inherit","label":"inherit","fill":"inherit"},"layout":{"label":{"valign":"inherit","align":"inherit"},"field":{"valign":"inherit","align":"inherit"}},"datasource":{"loadRemote":false,"loadRemoteUrl":"","terminology":""},"tags":[],"field":{"code":{"presentation":"combobox"}}},"localizedName":"Status intensivopphold"}],"viewConfig":{"size":{"field":"inherit","label":"inherit","fill":"inherit"},"layout":{"label":{"valign":"inherit","align":"inherit"},"field":{"valign":"inherit","align":"inherit"}},"advanced":{"hidden":false,"readonly":false,"render":false},"tags":[]}},{"name":"Alder ved innleggelse","localizedName":"Alder ved innleggelse","rmType":"DV_COUNT","nodeId":"at0033","min":"0","max":"1","localizedNames":{"nb":"Alder ved innleggelse"},"localizedDescriptions":{"nb":"*"},"aqlPath":"/content[openEHR-EHR-OBSERVATION.nir-grunnlagsdata.v0]/data[at0001]/events[at0002]/data[at0003]/items[at0033]/value","inputs":[{"type":"INTEGER","validation":{"range":{"minOp":">=","min":0}}}],"formId":"klinisk_kontakt/nir_grunnlagsdata/alder_ved_innleggelse","viewConfig":{"size":{"field":"inherit","label":"inherit","fill":"inherit"},"layout":{"label":{"valign":"inherit","align":"inherit"},"field":{"valign":"inherit","align":"inherit"}},"datasource":{"loadRemote":false,"loadRemoteUrl":"","terminology":""},"advanced":{"hidden":false,"readonly":false},"tags":[],"annotations":{"templatevariable":"[Pas.Alder]"}}}]}