{"formId":"form_root","name":"Form root","rmType":"FORM_DEFINITION","viewConfig":{"label":{"custom":false,"value":"","useLocalizations":false,"localizationsList":{}},"size":{"field":"inherit","label":"inherit","fill":"inherit"},"layout":{"valign":"inherit","align":"inherit"},"tags":[]},"templateLanguages":["nb"],"children":[{"localizedName":"Fieldset","localizedNames":{"nb":"Fieldset"},"min":0,"max":-1,"name":"Fieldset","rmType":"GENERIC_FIELDSET","fid":"generic-field-58652","formId":"generic-field-58652","viewConfig":{"label":{"custom":true,"value":"CVK","useLocalizations":false,"localizationsList":{}},"advanced":{"hidden":false,"readonly":false,"render":false},"multiplicity":{"min":"0","max":"1"},"size":{"field":"inherit","label":"inherit","fill":"inherit"},"layout":{"label":{"valign":"inherit","align":"top"},"field":{"valign":"inherit","align":"inherit"}},"tags":[],"field":{}},"children":[{"name":"Time","rmType":"DV_DATE_TIME","min":1,"max":1,"aqlPath":"/content[openEHR-EHR-ACTION.cvk_status.v0]/time","inputs":[{"type":"DATETIME"}],"inContext":true,"fid":"cvk_status/cvk_status/time","formId":"cvk_status/cvk_status/time","viewConfig":{"label":{"custom":true,"value":"Tidspunkt"}},"defaultValue":{"value":""}},{"name":"Careflow_step","rmType":"DV_CODED_TEXT","min":0,"max":1,"aqlPath":"/content[openEHR-EHR-ACTION.cvk_status.v0]/ism_transition/careflow_step","inputs":[{"suffix":"code","type":"CODED_TEXT","list":[{"value":"at0003","label":"Lagt inn","localizedLabels":{"nb":"Lagt inn"},"currentStates":["245"]},{"value":"at0004","label":"Stelt/skylt","localizedLabels":{"nb":"Stelt/skylt"},"currentStates":["245"]},{"value":"at0006","label":"Fjernet","localizedLabels":{"nb":"Fjernet"},"currentStates":["532"]}]}],"inContext":true,"fid":"cvk_status/cvk_status/ism_transition/careflow_step","formId":"cvk_status/cvk_status/ism_transition/careflow_step","viewConfig":{"label":{"custom":true,"value":"Utført handling"}},"defaultValue":{"code":""}},{"name":"Merknad","localizedName":"Merknad","rmType":"DV_TEXT","nodeId":"at0002","min":0,"max":1,"localizedNames":{"nb":"Merknad"},"localizedDescriptions":{"nb":"*"},"aqlPath":"/content[openEHR-EHR-ACTION.cvk_status.v0]/description[at0001]/items[at0002]/value","inputs":[{"type":"TEXT"}],"fid":"cvk_status/cvk_status/merknad","formId":"cvk_status/cvk_status/merknad","viewConfig":{},"defaultValue":{"value":""}}]}]}