{"formId":"form_root","name":"Form root","rmType":"FORM_DEFINITION","viewConfig":{"label":{"custom":false,"value":"","useLocalizations":false,"localizationsList":{}},"size":{"field":"inherit","label":"inherit","fill":"inherit"},"layout":{"valign":"inherit","align":"inherit"},"tags":[]},"templateLanguages":["nb"],"children":[{"localizedName":"CVK","localizedNames":{"nb":"Fieldset"},"min":"0","max":"1","name":"CVK","rmType":"GENERIC_FIELDSET","formId":"generic-field-58652","viewConfig":{"advanced":{"hidden":false,"readonly":false,"render":false},"size":{"field":"inherit","label":"inherit","fill":"inherit"},"layout":{"label":{"valign":"inherit","align":"top"},"field":{"valign":"inherit","align":"inherit"}},"tags":[]},"children":[{"name":"Tidspunkt","rmType":"DV_DATE_TIME","min":1,"max":1,"aqlPath":"/content[openEHR-EHR-ACTION.cvk_status.v0]/time","inputs":[{"type":"DATETIME"}],"inContext":true,"formId":"cvk_status/cvk_status/time","localizedName":"Tidspunkt"},{"name":"Utført handling","rmType":"DV_CODED_TEXT","min":0,"max":1,"aqlPath":"/content[openEHR-EHR-ACTION.cvk_status.v0]/ism_transition/careflow_step","inputs":[{"suffix":"code","type":"CODED_TEXT","list":[{"value":"at0003","label":"Lagt inn","localizedLabels":{"nb":"Lagt inn"},"currentStates":["245"]},{"value":"at0004","label":"Stelt/skylt","localizedLabels":{"nb":"Stelt/skylt"},"currentStates":["245"]},{"value":"at0006","label":"Fjernet","localizedLabels":{"nb":"Fjernet"},"currentStates":["532"]}]}],"inContext":true,"formId":"cvk_status/cvk_status/ism_transition/careflow_step","localizedName":"Utført handling"},{"name":"Merknad","localizedName":"Merknad","rmType":"DV_TEXT","nodeId":"at0002","min":0,"max":1,"localizedNames":{"nb":"Merknad"},"localizedDescriptions":{"nb":"*"},"aqlPath":"/content[openEHR-EHR-ACTION.cvk_status.v0]/description[at0001]/items[at0002]/value","inputs":[{"type":"TEXT"}],"formId":"cvk_status/cvk_status/merknad"}]}]}