[{"field":"hv_tm_kriseplan/hv_tm_kriseplan/kriseplan","conditions":[{"operator":"empty","actions":[{"action":"setOccurrences","target":"hv_tm_kriseplan/hv_tm_kriseplan/dato","value":{"value":"0..1"}},{"action":"clear","target":"hv_tm_kriseplan/hv_tm_kriseplan/dato"},{"action":"disable","target":"hv_tm_kriseplan/hv_tm_kriseplan/dato"}]},{"operator":"notempty","actions":[{"action":"setOccurrences","target":"hv_tm_kriseplan/hv_tm_kriseplan/dato","value":{"value":"1..1"}},{"action":"reset","target":"hv_tm_kriseplan/hv_tm_kriseplan/dato"},{"action":"enable","target":"hv_tm_kriseplan/hv_tm_kriseplan/dato"}]}]}]