{"name":"Form root","localizedNames":{},"localizedDescriptions":{},"rmType":"FORM_DEFINITION","min":0,"max":0,"formId":"form_root","viewConfig":{"label":{"custom":false,"useLocalizations":false},"size":{"field":"inherit","label":"inherit"},"layout":{"label":{"valign":"inherit","align":"top"},"field":{"valign":"inherit","align":"inherit"}},"annotations":{}},"children":[{"name":"Kriseplan","localizedName":"Kriseplan","localizedNames":{"en":"*Kriseplan (nb)","nb":"Kriseplan"},"localizedDescriptions":{"nb":"*","en":"** (nb)"},"rmType":"DV_BOOLEAN","nodeId":"at0002","min":0,"max":1,"aqlPath":"/content[openEHR-EHR-EVALUATION.hv_tm_kriseplan_dips.v1]/data[at0001]/items[at0002]/value","inputs":[{"type":"BOOLEAN","listOpen":false}],"formId":"hv_tm_kriseplan/hv_tm_kriseplan/kriseplan","viewConfig":{"multiplicity":{"min":0,"max":1},"advanced":{"hidden":false,"readonly":false,"hideFrame":false,"render":false},"label":{"custom":false,"useLocalizations":false},"size":{"field":"inherit","label":"inherit"},"layout":{"label":{"valign":"inherit","align":"inherit"},"field":{"valign":"inherit","align":"inherit"}},"annotations":{},"field":{"input":{"threeState":true}},"tags":["ShowAsRadios"]}},{"name":"Dato","localizedName":"Dato","localizedNames":{"en":"*Dato (nb)","nb":"Dato1"},"localizedDescriptions":{"nb":"*","en":"** (nb)"},"rmType":"DV_DATE_TIME","nodeId":"at0003","min":0,"max":1,"aqlPath":"/content[openEHR-EHR-EVALUATION.hv_tm_kriseplan_dips.v1]/data[at0001]/items[at0003]/value","inputs":[{"type":"DATETIME","listOpen":false}],"formId":"hv_tm_kriseplan/hv_tm_kriseplan/dato","viewConfig":{"multiplicity":{"min":0,"max":1},"advanced":{"hidden":false,"readonly":false,"hideFrame":false,"render":false},"label":{"custom":false,"useLocalizations":false},"size":{"field":"medium","label":"inherit"},"layout":{"label":{"valign":"inherit","align":"inherit"},"field":{"valign":"inherit","align":"inherit"}},"annotations":{"templateVariable":"[Sys.Now]"},"field":{"input":{"hideTime":false,"dateFormat":"","hideDate":false}},"tags":[]}},{"name":"Marknad","localizedName":"Marknad","localizedNames":{"en":"*Marknad (nb)","nb":"Merknad"},"localizedDescriptions":{"nb":"*","en":"** (nb)"},"rmType":"DV_TEXT","nodeId":"at0004","min":0,"max":1,"aqlPath":"/content[openEHR-EHR-EVALUATION.hv_tm_kriseplan_dips.v1]/data[at0001]/items[at0004]/value","inputs":[{"type":"TEXT","list":[],"listOpen":false}],"formId":"hv_tm_kriseplan/hv_tm_kriseplan/marknad","viewConfig":{"multiplicity":{"min":0,"max":1},"advanced":{"hidden":false,"readonly":false,"hideFrame":false,"render":false},"label":{"custom":false,"useLocalizations":false},"size":{"field":"medium","label":"inherit"},"layout":{"label":{"valign":"inherit","align":"inherit"},"field":{"valign":"inherit","align":"inherit"}},"datasource":{"loadRemote":false,"parameters":{}},"annotations":{},"field":{"lines":null,"input":{}},"tags":[]}}]}