{"formId":"form_root","name":"Form root","rmType":"FORM_DEFINITION","viewConfig":{"label":{"custom":false,"value":"","useLocalizations":false,"localizationsList":{}},"size":{"field":"inherit","label":"inherit","fill":"inherit"},"layout":{"valign":"inherit","align":"inherit"},"tags":[],"annotations":{"#TR":"openEHR-EHR-OBSERVATION.tr.v1?scope=episodeofcare"}},"language":"nb","templateLanguages":["nb"],"children":[{"name":"Tr","localizedName":"Tr","rmType":"OBSERVATION","nodeId":"openEHR-EHR-OBSERVATION.tr.v1","min":0,"max":-1,"localizedNames":{"nb":"Tromboserisiko"},"localizedDescriptions":{"nb":"unknown"},"aqlPath":"/content[openEHR-EHR-OBSERVATION.tr.v1]","children":[{"name":"Er pasienten i risiko for trombose?","localizedName":"Er pasienten i risiko for trombose?","rmType":"DV_CODED_TEXT","nodeId":"at0004","min":0,"max":1,"localizedNames":{"nb":"Er pasienten i risiko for trombose?"},"localizedDescriptions":{"nb":"*"},"aqlPath":"/content[openEHR-EHR-OBSERVATION.tr.v1]/data[at0001]/events[at0002]/data[at0003]/items[at0004]/value","inputs":[{"suffix":"code","type":"CODED_TEXT","list":[{"value":"at0005","label":"Ja","localizedLabels":{"nb":"Ja"},"localizedDescriptions":{"nb":"Pasienten har risiko for utvikling av trombose og/eller allerede trombose."}},{"value":"at0006","label":"Nei","localizedLabels":{"nb":"Nei"},"localizedDescriptions":{"nb":"Det er ingen risiko for utvikling av trombose nå, ny screening kreves senere."}},{"value":"at0007","label":"Vet ikke","localizedLabels":{"nb":"Vet ikke"},"localizedDescriptions":{"nb":"Det er ikke tatt stilling til om pasienten er i fare for å utvikle trombose eller har utviklet trombose."}}]}],"formId":"tr_risiko/tr/er_pasienten_i_risiko_for_trombose","viewConfig":{"annotations":{"select":"{#TR:/data[at0001]/events[at0002]/data[at0003]/items[at0004]/value}"},"label":{"custom":true,"value":"Har pasienten risiko for trombose?","useLocalizations":true,"localizationsList":{"nb":"Har pasienten risiko for trombose?"}},"advanced":{"hidden":false,"readonly":false},"multiplicity":{"min":"0","max":"1"},"size":{"field":"inherit","label":"inherit","fill":"inherit"},"layout":{"label":{"valign":"inherit","align":"top"},"field":{"valign":"inherit","align":"inherit"}},"tags":[],"datasource":{"loadRemote":false,"loadRemoteUrl":"","terminology":""},"field":{"code":{"presentation":"combobox","columns":"4"}}},"defaultValue":{"code":""},"fid":"tr_risiko/tr/er_pasienten_i_risiko_for_trombose"}],"fid":"tr_risiko/tr","formId":"tr_risiko/tr","viewConfig":{"label":{"custom":true,"value":"Tromboserisiko","useLocalizations":true,"localizationsList":{"nb":"Tromboserisiko"}},"advanced":{"hidden":false,"readonly":false,"render":false},"multiplicity":{"min":"0","max":"1"},"size":{"field":"inherit","label":"inherit","fill":"inherit"},"layout":{"label":{"valign":"inherit","align":"inherit"},"field":{"valign":"inherit","align":"inherit"}},"tags":[],"field":{}}}]}