[{"col":1,"row":1,"width":12,"height":35,"children":[{"id":"klinisk_kontakt/glasgow_coma_scale","rows":[{"cols":[{"width":"100%","children":[{"id":"klinisk_kontakt/glasgow_coma_scale/tidspunkt/åpning_av_øynene_(ø)","rows":[]},{"id":"klinisk_kontakt/glasgow_coma_scale/tidspunkt/verbal_respons_(v)","rows":[]},{"id":"klinisk_kontakt/glasgow_coma_scale/tidspunkt/motorisk_respons_(m)","rows":[]},{"id":"klinisk_kontakt/glasgow_coma_scale/tidspunkt/totalskår","rows":[]},{"id":"klinisk_kontakt/glasgow_coma_scale/tidspunkt/time","rows":[]},{"id":"klinisk_kontakt/glasgow_coma_scale/tidspunkt/kommentar","rows":[]}]}]}]}]}]