{"name":"Form root","localizedNames":{},"localizedDescriptions":{},"rmType":"FORM_DEFINITION","min":0,"max":0,"formId":"form_root","viewConfig":{"label":{"custom":false,"useLocalizations":false},"size":{"field":"inherit","label":"inherit"},"layout":{"label":{"valign":"inherit","align":"inherit"},"field":{"valign":"inherit","align":"inherit"}},"annotations":{}},"children":[{"name":"Glasgow Coma Scale","localizedName":"Glasgow Coma Scale","localizedNames":{"en":"*Glasgow Coma Scale (nb)","nb":"Glasgow Coma Scale"},"localizedDescriptions":{"nb":"En femtenpoengs skala som brukes for å anslå bevissthetsnivå ut fra et definert stimuli.","en":"*En femtenpoengs skala som brukes for å anslå bevissthetsnivå ut fra et definert stimuli. (nb)"},"rmType":"OBSERVATION","nodeId":"openEHR-EHR-OBSERVATION.glasgow_coma_scale.v1","min":0,"max":-1,"aqlPath":"/content[openEHR-EHR-OBSERVATION.glasgow_coma_scale.v1]","inputs":[],"formId":"klinisk_kontakt/glasgow_coma_scale","viewConfig":{"multiplicity":{"min":0,"max":-1},"advanced":{"hidden":false,"readonly":false,"hideFrame":false,"render":false},"label":{"custom":false,"useLocalizations":false},"size":{"field":"inherit","label":"inherit"},"layout":{"label":{"valign":"inherit","align":"inherit"},"field":{"valign":"inherit","align":"inherit"}},"annotations":{},"field":{}},"children":[{"name":"Åpning av øynene (Ø)","localizedName":"Åpning av øynene (Ø)","localizedNames":{"en":"*Åpning av øynene (Ø) (nb)","nb":"Åpning av øynene (Ø)"},"localizedDescriptions":{"nb":"Beste øyerespons ved stimuli.","en":"*Beste øyerespons ved stimuli. (nb)"},"rmType":"DV_ORDINAL","nodeId":"at0009","min":1,"max":1,"aqlPath":"/content[openEHR-EHR-OBSERVATION.glasgow_coma_scale.v1]/data[at0001]/events[at0002]/data[at0003]/items[at0009]/value","inputs":[{"type":"CODED_TEXT","list":[{"value":"at0010","label":"Ingen reaksjon","ordinal":1,"localizedLabels":{"nb":"Ingen reaksjon","en":"*Ingen reaksjon (nb)"},"localizedDescriptions":{"nb":"Øynene åpnes ikke, ingen forstyrrende faktorer som for eksempel lukkede øyne på grunn av lokal hevelse.","en":"*Øynene åpnes ikke, ingen forstyrrende faktorer som for eksempel lukkede øyne på grunn av lokal hevelse. (nb)"}},{"value":"at0011","label":"Ved smertestimulering","ordinal":2,"localizedLabels":{"nb":"Ved smertestimulering","en":"*Ved smertestimulering (nb)"},"localizedDescriptions":{"nb":"Åpner øynene på smerte. For eksempel ved supraorbitalt trykk.","en":"*Åpner øynene på smerte. For eksempel ved supraorbitalt trykk. (nb)"}},{"value":"at0012","label":"Ved tiltale","ordinal":3,"localizedLabels":{"nb":"Ved tiltale","en":"*Ved tiltale (nb)"},"localizedDescriptions":{"nb":"Øynene åpnes ved tiltale eller ved roping. Må ikke forveksles med vekking av en sovende person.","en":"*Øynene åpnes ved tiltale eller ved roping. Må ikke forveksles med vekking av en sovende person. (nb)"}},{"value":"at0013","label":"Spontant","ordinal":4,"localizedLabels":{"nb":"Spontant","en":"*Spontant (nb)"},"localizedDescriptions":{"nb":"Åpner øynene av seg selv uten stimuli.","en":"*Åpner øynene av seg selv uten stimuli. (nb)"}}],"listOpen":false}],"formId":"klinisk_kontakt/glasgow_coma_scale/tidspunkt/åpning_av_øynene_(ø)","viewConfig":{"multiplicity":{"min":1,"max":1},"advanced":{"hidden":false,"readonly":false,"hideFrame":false,"render":false},"label":{"custom":false,"useLocalizations":false},"size":{"field":"inherit","label":"inherit"},"layout":{"label":{"valign":"inherit","align":"inherit"},"field":{"valign":"inherit","align":"inherit"}},"annotations":{"calcid":"GCSoyne"},"field":{"presentation":"combobox","columns":"4","input":{"presentation":"combobox","columns":"4"}}}},{"name":"Verbal respons (V)","localizedName":"Verbal respons (V)","localizedNames":{"en":"*Verbal respons (V) (nb)","nb":"Verbal respons (V)"},"localizedDescriptions":{"nb":"Beste verbal respons på stimuli.","en":"*Beste verbal respons på stimuli. (nb)"},"rmType":"DV_ORDINAL","nodeId":"at0007","min":1,"max":1,"aqlPath":"/content[openEHR-EHR-OBSERVATION.glasgow_coma_scale.v1]/data[at0001]/events[at0002]/data[at0003]/items[at0007]/value","inputs":[{"type":"CODED_TEXT","list":[{"value":"at0014","label":"Ingen reaksjon","ordinal":1,"localizedLabels":{"nb":"Ingen reaksjon","en":"*Ingen reaksjon (nb)"},"localizedDescriptions":{"nb":"Ingen hørbar respons og ingen forstyrrende faktorer, som for eksempel intubasjon eller døvhet.","en":"*Ingen hørbar respons og ingen forstyrrende faktorer, som for eksempel intubasjon eller døvhet. (nb)"}},{"value":"at0015","label":"Uforståelige lyder","ordinal":2,"localizedLabels":{"nb":"Uforståelige lyder","en":"*Uforståelige lyder (nb)"},"localizedDescriptions":{"nb":"Bare stønning/jamring.","en":"*Bare stønning/jamring. (nb)"}},{"value":"at0016","label":"Usammenhengende tale","ordinal":3,"localizedLabels":{"nb":"Usammenhengende tale","en":"*Usammenhengende tale (nb)"},"localizedDescriptions":{"nb":"Forståelige enkeltord.","en":"*Forståelige enkeltord. (nb)"}},{"value":"at0017","label":"Forvirret, desorientert","ordinal":4,"localizedLabels":{"nb":"Forvirret, desorientert","en":"*Forvirret, desorientert (nb)"},"localizedDescriptions":{"nb":"Ikke orientert, men kommuniserer sammenhengende.","en":"*Ikke orientert, men kommuniserer sammenhengende. (nb)"}},{"value":"at0018","label":"Orientert","ordinal":5,"localizedLabels":{"nb":"Orientert","en":"*Orientert (nb)"},"localizedDescriptions":{"nb":"Oppgir riktig navn, sted og dato.","en":"*Oppgir riktig navn, sted og dato. (nb)"}}],"listOpen":false}],"formId":"klinisk_kontakt/glasgow_coma_scale/tidspunkt/verbal_respons_(v)","viewConfig":{"multiplicity":{"min":1,"max":1},"advanced":{"hidden":false,"readonly":false,"hideFrame":false,"render":false},"label":{"custom":false,"useLocalizations":false},"size":{"field":"inherit","label":"inherit"},"layout":{"label":{"valign":"inherit","align":"inherit"},"field":{"valign":"inherit","align":"inherit"}},"annotations":{"calcid":"GCSverbal"},"field":{"presentation":"combobox","columns":"5","input":{"presentation":"combobox","columns":"5"}}}},{"name":"Motorisk respons (M)","localizedName":"Motorisk respons (M)","localizedNames":{"en":"*Motorisk respons (M) (nb)","nb":"Motorisk respons (M)"},"localizedDescriptions":{"nb":"Beste motoriske respons på stimuli.","en":"*Beste motoriske respons på stimuli. (nb)"},"rmType":"DV_ORDINAL","nodeId":"at0008","min":1,"max":1,"aqlPath":"/content[openEHR-EHR-OBSERVATION.glasgow_coma_scale.v1]/data[at0001]/events[at0002]/data[at0003]/items[at0008]/value","inputs":[{"type":"CODED_TEXT","list":[{"value":"at0019","label":"Ingen reaksjon","ordinal":1,"localizedLabels":{"nb":"Ingen reaksjon","en":"*Ingen reaksjon (nb)"},"localizedDescriptions":{"nb":"Ingen bevegelse i armer/bein, ingen forstyrrende faktorer, som for eksempel lammelser.","en":"*Ingen bevegelse i armer/bein, ingen forstyrrende faktorer, som for eksempel lammelser. (nb)"}},{"value":"at0020","label":"Ekstensjon ved smerte","ordinal":2,"localizedLabels":{"nb":"Ekstensjon ved smerte","en":"*Ekstensjon ved smerte (nb)"},"localizedDescriptions":{"nb":"Decerebrert ekstensjon av armer og/eller bein som respons på stimuli. For eksempel kan armen ekstenderes ved albuen.","en":"*Decerebrert ekstensjon av armer og/eller bein som respons på stimuli. For eksempel kan armen ekstenderes ved albuen. (nb)"}},{"value":"at0021","label":"Fleksjon ved smerte","ordinal":3,"localizedLabels":{"nb":"Fleksjon ved smerte","en":"*Fleksjon ved smerte (nb)"},"localizedDescriptions":{"nb":"Abnorm/ unormal fleksjon. Sakte, decortikert fleksjon av armer og/eller bein. For eksempel kan armen bøyes ved albuen, men trekkene er hovedsakelig abnormale.","en":"*Abnorm/ unormal fleksjon. Sakte, decortikert fleksjon av armer og/eller bein. For eksempel kan armen bøyes ved albuen, men trekkene er hovedsakelig abnormale. (nb)"}},{"value":"at0022","label":"Avverger smerte","ordinal":4,"localizedLabels":{"nb":"Avverger smerte","en":"*Avverger smerte (nb)"},"localizedDescriptions":{"nb":"Avvergereaksjon. Hurtig fleksjon som respons på stimuli, men trekkene er hovedsakelig normale. For eksempel kan håndleddet bøyes eller trekkes til seg når det utføres supraorbitalt trykk.","en":"*Avvergereaksjon. Hurtig fleksjon som respons på stimuli, men trekkene er hovedsakelig normale. For eksempel kan håndleddet bøyes eller trekkes til seg når det utføres supraorbitalt trykk. (nb)"}},{"value":"at0023","label":"Lokaliserer smerte","ordinal":5,"localizedLabels":{"nb":"Lokaliserer smerte","en":"*Lokaliserer smerte (nb)"},"localizedDescriptions":{"nb":"Målrettet fleksjon mot smertestimuli. For eksempel kan hånden løftes til over kragebeinet når det utføres supraorbitalt trykk.","en":"*Målrettet fleksjon mot smertestimuli. For eksempel kan hånden løftes til over kragebeinet når det utføres supraorbitalt trykk. (nb)"}},{"value":"at0024","label":"Følger oppfordringer","ordinal":6,"localizedLabels":{"nb":"Følger oppfordringer","en":"*Følger oppfordringer (nb)"},"localizedDescriptions":{"nb":"Følger oppfordring for bevegelse.","en":"*Følger oppfordring for bevegelse. (nb)"}}],"listOpen":false}],"formId":"klinisk_kontakt/glasgow_coma_scale/tidspunkt/motorisk_respons_(m)","viewConfig":{"multiplicity":{"min":1,"max":1},"advanced":{"hidden":false,"readonly":false,"hideFrame":false,"render":false},"label":{"custom":false,"useLocalizations":false},"size":{"field":"inherit","label":"inherit"},"layout":{"label":{"valign":"inherit","align":"inherit"},"field":{"valign":"inherit","align":"inherit"}},"annotations":{"calcId":"GCSmotorisk"},"field":{"presentation":"combobox","columns":"6","input":{"presentation":"combobox","columns":"6"}}}},{"name":"Totalskår","localizedName":"Totalskår","localizedNames":{"en":"*Totalskår (nb)","nb":"Totalskår"},"localizedDescriptions":{"nb":"Sum av verdiene som er registrert for hver enkelt av de tre undersøkelsesdelene.","en":"*Sum av verdiene som er registrert for hver enkelt av de tre undersøkelsesdelene. (nb)"},"rmType":"DV_COUNT","nodeId":"at0026","min":0,"max":1,"aqlPath":"/content[openEHR-EHR-OBSERVATION.glasgow_coma_scale.v1]/data[at0001]/events[at0002]/data[at0003]/items[at0026]/value","inputs":[{"type":"INTEGER","validation":{"range":{"minOp":">=","min":3.0,"maxOp":"<=","max":15.0}},"defaultValue":"","listOpen":false}],"formId":"klinisk_kontakt/glasgow_coma_scale/tidspunkt/totalskår","viewConfig":{"multiplicity":{"min":0,"max":1},"advanced":{"hidden":false,"readonly":false,"hideFrame":false,"render":false},"label":{"custom":false,"useLocalizations":false},"size":{"field":"inherit","label":"inherit"},"layout":{"label":{"valign":"inherit","align":"inherit"},"field":{"valign":"inherit","align":"inherit"}},"annotations":{"calc":"GCSoyne+GCSverbal+GCSmotorisk"},"field":{}}},{"name":"Time","localizedName":"Time","localizedNames":{"en":"*Time (en)","nb":"Time"},"localizedDescriptions":{},"rmType":"DV_DATE_TIME","min":0,"max":1,"aqlPath":"/content[openEHR-EHR-OBSERVATION.glasgow_coma_scale.v1]/data[at0001]/events[at0002]/time","inputs":[{"type":"DATETIME","listOpen":false}],"formId":"klinisk_kontakt/glasgow_coma_scale/tidspunkt/time","viewConfig":{"multiplicity":{"min":0,"max":1},"advanced":{"hidden":false,"readonly":false,"hideFrame":false,"render":false},"label":{"custom":false,"useLocalizations":false},"size":{"field":"inherit","label":"inherit"},"layout":{"label":{"valign":"inherit","align":"inherit"},"field":{"valign":"inherit","align":"inherit"}},"annotations":{"templateVariable":"[sys.now]"},"field":{"input":{"hideTime":false,"dateFormat":"","hideDate":false}}}},{"name":"Kommentar","localizedName":"Kommentar","localizedNames":{"en":"*Kommentar (nb)","nb":"Kommentar"},"localizedDescriptions":{"nb":"Ytterligere fritekst om målingen som ikke er fanget i andre felt.","en":"*Ytterligere fritekst om målingen som ikke er fanget i andre felt. (nb)"},"rmType":"DV_TEXT","nodeId":"at0037","min":0,"max":1,"aqlPath":"/content[openEHR-EHR-OBSERVATION.glasgow_coma_scale.v1]/data[at0001]/events[at0002]/data[at0003]/items[at0037]/value","inputs":[{"type":"TEXT","list":[],"listOpen":false}],"formId":"klinisk_kontakt/glasgow_coma_scale/tidspunkt/kommentar","viewConfig":{"multiplicity":{"min":0,"max":1},"advanced":{"hidden":false,"readonly":false,"hideFrame":false,"render":false},"label":{"custom":false,"useLocalizations":false},"size":{"field":"inherit","label":"inherit"},"layout":{"label":{"valign":"inherit","align":"inherit"},"field":{"valign":"inherit","align":"inherit"}},"datasource":{"loadRemote":false,"parameters":{}},"annotations":{},"field":{"lines":null,"input":{}}}}]}]}