{"formId":"form_root","name":"Form root","rmType":"FORM_DEFINITION","viewConfig":{"label":{"custom":false,"value":"","useLocalizations":false,"localizationsList":{}},"size":{"field":"inherit","label":"inherit","fill":"inherit"},"layout":{"valign":"inherit","align":"inherit"},"tags":[],"annotations":{"#sistesaps":"select c/uid/value as cid, o from composition c contains observation o[openEHR-EHR-OBSERVATION.saps_score.v0] order by o/data/origin desc limit 1?scope=folder","#nems":"SELECT c/uid/value as cid, o FROM COMPOSITION c CONTAINS OBSERVATION o[openEHR-EHR-OBSERVATION.nems_score.v0] ORDER BY o/data/origin/value DESC?scope=folder"}},"language":"","templateLanguages":["nb"],"children":[{"localizedName":"SAPS registrering","localizedNames":{"nb":"SAPS registrering"},"min":"1","max":"1","name":"SAPS registrering","rmType":"GENERIC_FIELDSET","formId":"generic-field-88292","children":[{"name":"Saps score","localizedName":"Saps score","rmType":"OBSERVATION","nodeId":"openEHR-EHR-OBSERVATION.saps_score.v0","min":"0","max":"1","localizedNames":{"nb":"Saps score"},"localizedDescriptions":{"nb":"unknown"},"aqlPath":"/content[openEHR-EHR-OBSERVATION.saps_score.v0]","children":[{"name":"SAPS score","localizedName":"SAPS score","rmType":"DV_COUNT","nodeId":"at0025","min":0,"max":1,"localizedNames":{"nb":"SAPS score"},"localizedDescriptions":{"nb":"*"},"aqlPath":"/content[openEHR-EHR-OBSERVATION.saps_score.v0]/data[at0001]/events[at0002]/data[at0003]/items[at0025]/value","inputs":[{"type":"INTEGER","validation":{"range":{"minOp":">=","min":0}}}],"formId":"klinisk_kontakt/saps_score/saps_score","viewConfig":{"size":{"field":"inherit","label":"inherit","fill":"inherit"},"layout":{"label":{"valign":"inherit","align":"inherit"},"field":{"valign":"inherit","align":"inherit"}},"datasource":{"loadRemote":false,"loadRemoteUrl":"","terminology":""}}},{"name":"Mortalitet score","localizedName":"Mortalitet score","rmType":"DV_COUNT","nodeId":"at0026","min":0,"max":1,"localizedNames":{"nb":"Mortalitet score"},"localizedDescriptions":{"nb":"*"},"aqlPath":"/content[openEHR-EHR-OBSERVATION.saps_score.v0]/data[at0001]/events[at0002]/data[at0003]/items[at0026]/value","inputs":[{"type":"INTEGER","validation":{"range":{"minOp":">=","min":0}}}],"formId":"klinisk_kontakt/saps_score/mortalitet_score","viewConfig":{"size":{"field":"inherit","label":"inherit","fill":"inherit"},"layout":{"label":{"valign":"inherit","align":"inherit"},"field":{"valign":"inherit","align":"inherit"}},"datasource":{"loadRemote":false,"loadRemoteUrl":"","terminology":""}}}],"formId":"klinisk_kontakt/saps_score","viewConfig":{"size":{"field":"inherit","label":"inherit","fill":"inherit"},"layout":{"label":{"valign":"inherit","align":"inherit"},"field":{"valign":"inherit","align":"inherit"}},"annotations":{"selectreadonly":"{#sistesaps}"},"advanced":{"hidden":false,"readonly":false,"render":false},"tags":[]}}],"viewConfig":{"size":{"field":"inherit","label":"inherit","fill":"inherit"},"layout":{"label":{"valign":"inherit","align":"inherit"},"field":{"valign":"inherit","align":"inherit"}},"advanced":{"hidden":false,"readonly":false,"render":false},"tags":[]}},{"localizedName":"NEMS registrering","localizedNames":{"nb":"NEMS registrering"},"min":"0","max":"100","name":"NEMS registrering","rmType":"GENERIC_FIELDSET","formId":"generic-field-74967","children":[{"name":"Nems score","localizedName":"Nems score","rmType":"OBSERVATION","nodeId":"openEHR-EHR-OBSERVATION.nems_score.v0","min":"0","max":"100","localizedNames":{"nb":"Nems score"},"localizedDescriptions":{"nb":"unknown"},"aqlPath":"/content[openEHR-EHR-OBSERVATION.nems_score.v0]","children":[{"name":"Tidspunkt","rmType":"DV_DATE_TIME","min":"1","max":"1","aqlPath":"/content[openEHR-EHR-OBSERVATION.nems_score.v0]/data[at0001]/events[at0002]/time","inputs":[{"type":"DATETIME"}],"inContext":true,"formId":"klinisk_kontakt/nems_score/time","viewConfig":{"size":{"field":"inherit","label":"inherit","fill":"inherit"},"layout":{"label":{"valign":"inherit","align":"inherit"},"field":{"valign":"inherit","align":"inherit"}},"datasource":{"loadRemote":false,"loadRemoteUrl":"","terminology":""},"advanced":{"hidden":false,"readonly":false},"tags":[],"field":{"input":{"dateFormat":"","hideDate":false,"hideTime":false}}},"localizedName":"Tidspunkt"},{"name":"Nems Score","localizedName":"Nems Score","rmType":"DV_COUNT","nodeId":"at0015","min":"1","max":"1","localizedNames":{"nb":"Nems Score"},"localizedDescriptions":{"nb":"*"},"aqlPath":"/content[openEHR-EHR-OBSERVATION.nems_score.v0]/data[at0001]/events[at0002]/data[at0003]/items[at0015]/value","inputs":[{"type":"INTEGER","validation":{"range":{"minOp":">=","min":0}}}],"formId":"klinisk_kontakt/nems_score/nems_score","viewConfig":{"size":{"field":"inherit","label":"inherit","fill":"inherit"},"layout":{"label":{"valign":"inherit","align":"inherit"},"field":{"valign":"inherit","align":"inherit"}},"datasource":{"loadRemote":false,"loadRemoteUrl":"","terminology":""},"advanced":{"hidden":false,"readonly":false},"tags":[]}}],"formId":"klinisk_kontakt/nems_score","viewConfig":{"size":{"field":"inherit","label":"inherit","fill":"inherit"},"layout":{"label":{"valign":"inherit","align":"inherit"},"field":{"valign":"inherit","align":"inherit"}},"advanced":{"hidden":false,"readonly":false,"render":false},"tags":["hidelabel"],"annotations":{"selectreadonly":"{#nems}"}}}],"viewConfig":{"advanced":{"hidden":false,"readonly":false,"render":false},"size":{"field":"inherit","label":"inherit","fill":"inherit"},"layout":{"label":{"valign":"inherit","align":"inherit"},"field":{"valign":"inherit","align":"inherit"}},"tags":[]}}]}