{"name":"Form root","localizedNames":{},"localizedDescriptions":{},"rmType":"FORM_DEFINITION","min":0,"max":0,"formId":"form_root","viewConfig":{"label":{"custom":false,"useLocalizations":false},"size":{"field":"inherit","label":"inherit"},"layout":{"label":{"valign":"inherit","align":"top"},"field":{"valign":"inherit","align":"inherit"}},"annotations":{"reuseComposition":"SELECT c FROM COMPOSITION c[openEHR-EHR-COMPOSITION.hv_tm_undersokelse_dips.v1] order by c/context/start_time/value desc fetch 1?scope=periodofcare"}},"children":[{"name":"Undersøkelser","localizedName":"Undersøkelser","localizedNames":{"en":"*Undersøkelser (nb)","nb":"Undersøkelser"},"localizedDescriptions":{"nb":"Angi undersøkelser pasienten venter på å få utført","en":"*Angi undersøkelser pasienten venter på å få utført (nb)"},"rmType":"DV_TEXT","nodeId":"at0004","min":0,"max":1,"aqlPath":"/content[openEHR-EHR-OBSERVATION.hv_tm_undersokelse_dips.v1]/data[at0001]/events[at0002]/data[at0003]/items[at0004]/value","inputs":[{"type":"TEXT","list":[],"listOpen":false}],"formId":"hv_tm_undersokelse_dips/hv_tm_undersokelse_dips/any_event/undersøkelser","viewConfig":{"multiplicity":{"min":0,"max":1},"advanced":{"hidden":false,"readonly":false,"hideFrame":false,"render":false},"label":{"custom":false,"useLocalizations":false},"size":{"field":"inherit","label":"inherit"},"layout":{"label":{"valign":"inherit","align":"inherit"},"field":{"valign":"inherit","align":"inherit"}},"annotations":{"nullflavour":"271"},"field":{"lines":null,"input":{}}}}]}