{"formId":"form_root","name":"Form root","rmType":"FORM_DEFINITION","viewConfig":{"label":{"custom":false,"value":"","useLocalizations":false,"localizationsList":{}},"size":{"field":"inherit","label":"inherit","fill":"inherit"},"layout":{"valign":"inherit","align":"inherit"},"tags":[],"annotations":{"#proc_act":"openEHR-EHR-ACTION.procedure.v1?scope=folder","#add_proc":"openEHR-EHR-CLUSTER.additional_procedure_code.v1?scope=folder","#surg_dtl":"openEHR-EHR-CLUSTER.surgery_details.v1?scope=folder","#spec_req":"openEHR-EHR-CLUSTER.special_requirements_surgery.v1?scope=folder","#antibiotika":"select c/uid/value as cid, a from composition c contains action a[openEHR-EHR-ACTION.medication.v1] where a/name/value='Antibiotikaprofylakse' order by c/context/start_time/value desc fetch 1?scope=folder","#medicine_surgery":"select c/uid/value as cid, a from composition c contains action a[openEHR-EHR-ACTION.medication.v1] where a/name/value='Annen medisin under operasjon' order by c/context/start_time/value desc fetch 1?scope=folder","#height":"openEHR-EHR-OBSERVATION.height.v1?scope=folder","#weight":"openEHR-EHR-OBSERVATION.body_weight.v1?scope=folder","#bp":"openEHR-EHR-OBSERVATION.blood_pressure.v1?scope=folder","#exam_heart":"select c/uid/value as cid, c2 from composition c contains observation o[openEHR-EHR-OBSERVATION.exam.v1] contains cluster c1[openEHR-EHR-CLUSTER.exam_chest.v1] contains cluster c2[openEHR-EHR-CLUSTER.exam_heart.v1] order by c/context/start_time/value desc fetch 1?scope=folder","#exam_lungs":"select c/uid/value as cid, c2 from composition c contains observation o[openEHR-EHR-OBSERVATION.exam.v1] contains cluster c1[openEHR-EHR-CLUSTER.exam_chest.v1] contains cluster c2[openEHR-EHR-CLUSTER.exam_lungs.v1] where c1/name/value='Undersøkelse av hjerte og lunge' order by c/context/start_time/value desc fetch 1?scope=folder","#tobakk":"openEHR-EHR-OBSERVATION.tobacco_use.v1?scope=folder","#medikamenter":"select c/uid/value as cid, o/data[at0001]/events[at0002]/data[at0003]/items[at0009,'Bruk av medikamenter'] from composition c contains observation o[openEHR-EHR-OBSERVATION.poor_outcome_and_or_complication_risk_assesement.v1] where o/name/value='Medikamenter og allergier' order by c/context/start_time/value desc fetch 1?scope=folder","#allergier":"select c/uid/value as cid, o/data[at0001]/events[at0002]/data[at0003]/items[at0009,'Bruk av medikamenter'] from composition c contains observation o[openEHR-EHR-OBSERVATION.poor_outcome_and_or_complication_risk_assesement.v1] where o/name/value='Medikamenter og allergier' order by c/context/start_time/value desc fetch 1?scope=folder","#ane_req":"openEHR-EHR-CLUSTER.anesthesia_requested.v1?scope=folder","#asa":"openEHR-EHR-CLUSTER.asa_status.v1?scope=folder","#importantinfo":"openEHR-EHR-CLUSTER.important_information.v1?scope=folder","#medikamenter_allergier":"select c/uid/value as cid, o/data[at0001]/events[at0002]/data[at0003] from composition c contains observation o[openEHR-EHR-OBSERVATION.poor_outcome_and_or_complication_risk_assesement.v1] where o/name/value='Medikamenter og allergier' order by c/context/start_time/value desc fetch 1?scope=folder"}},"language":"nb","templateLanguages":["nb"],"children":[{"localizedName":"Operasjonsdetaljer","localizedNames":{"nb":"Operasjonsdetaljer"},"min":"0","max":"1","name":"Operasjonsdetaljer","rmType":"GENERIC_FIELDSET","formId":"generic-field-59003","children":[{"name":"Ism_transition","rmType":"ISM_TRANSITION","min":"1","max":"1","aqlPath":"/content[openEHR-EHR-ACTION.procedure.v1]/ism_transition","inContext":true,"formId":"operatørvurdering/prosedyre/ism_transition","viewConfig":{"advanced":{"hidden":true,"readonly":false,"render":false},"size":{"field":"inherit","label":"inherit","fill":"inherit"},"layout":{"label":{"valign":"inherit","align":"inherit"},"field":{"valign":"inherit","align":"inherit"}},"tags":[]},"children":[{"name":"Current_state","rmType":"DV_CODED_TEXT","min":1,"max":1,"aqlPath":"/content[openEHR-EHR-ACTION.procedure.v1]/ism_transition/current_state","inputs":[{"suffix":"code","type":"CODED_TEXT","list":[{"value":"524","label":"initial"},{"value":"526","label":"planned"},{"value":"527","label":"postponed"},{"value":"528","label":"cancelled"},{"value":"529","label":"scheduled"},{"value":"530","label":"suspended"},{"value":"245","label":"active"},{"value":"531","label":"aborted"},{"value":"532","label":"completed"},{"value":"533","label":"expired"}],"defaultValue":"524"}],"inContext":true,"formId":"operatørvurdering/prosedyre/ism_transition/current_state","viewConfig":{"size":{"field":"inherit","label":"inherit","fill":"inherit"},"layout":{"field":{"valign":"inherit","align":"inherit"}},"datasource":{"loadRemote":false,"loadRemoteUrl":"","terminology":""},"field":{"code":{"presentation":"combobox"}}}},{"name":"Careflow_step","rmType":"DV_CODED_TEXT","min":0,"max":1,"aqlPath":"/content[openEHR-EHR-ACTION.procedure.v1]/ism_transition/careflow_step","inputs":[{"suffix":"code","type":"CODED_TEXT","list":[{"value":"at0034","label":"Prosedyre planlagt","localizedLabels":{"nb":"Prosedyre planlagt"},"currentStates":["524"]},{"value":"at0035","label":"Prosedyrerekvisisjon sendt","localizedLabels":{"nb":"Prosedyrerekvisisjon sendt"},"currentStates":["524"]},{"value":"at0038","label":"Prosedyre utsatt","localizedLabels":{"nb":"Prosedyre utsatt"},"currentStates":["527"]},{"value":"at0039","label":"Prosedyre avlyst","localizedLabels":{"nb":"Prosedyre avlyst"},"currentStates":["528"]},{"value":"at0036","label":"Fastsatt tidspunkt for prosedyre","localizedLabels":{"nb":"Fastsatt tidspunkt for prosedyre"},"currentStates":["529"]},{"value":"at0068","label":"Prosedyre påbegynt","localizedLabels":{"nb":"Prosedyre påbegynt"},"currentStates":["245"]},{"value":"at0047","label":"Prosedyre utført","localizedLabels":{"nb":"Prosedyre utført"},"currentStates":["245"]},{"value":"at0040","label":"Prosedyre midlertidig stanset","localizedLabels":{"nb":"Prosedyre midlertidig stanset"},"currentStates":["530"]},{"value":"at0041","label":"Prosedyre avbrutt","localizedLabels":{"nb":"Prosedyre avbrutt"},"currentStates":["531"]},{"value":"at0043","label":"Prosedyre fullført","localizedLabels":{"nb":"Prosedyre fullført"},"currentStates":["532"]}],"defaultValue":"at0034"}],"inContext":true,"formId":"operatørvurdering/prosedyre/ism_transition/careflow_step","viewConfig":{"size":{"field":"inherit","label":"inherit","fill":"inherit"},"layout":{"field":{"valign":"inherit","align":"inherit"}},"datasource":{"loadRemote":false,"loadRemoteUrl":"","terminology":""},"field":{"code":{"presentation":"combobox"}}}}]},{"name":"Prosedyrenavn","localizedName":"Prosedyrenavn","rmType":"DV_CODED_TEXT","nodeId":"at0002","min":"0","max":"1","localizedNames":{"nb":"Prosedyrenavn"},"localizedDescriptions":{"nb":"Navnet på prosedyren."},"annotations":{"comment":"Det bør om mulig benyttes terminologi for å angi prosedyrenavnet."},"aqlPath":"/content[openEHR-EHR-ACTION.procedure.v1]/description[at0001]/items[at0002]/value","inputs":[{"suffix":"code","type":"TEXT","terminology":"ARK-VI-OPERASJONSTYPER?subset=ARK-VI-OPERASJONSTYPER&language=en-GB"},{"suffix":"value","type":"TEXT","terminology":"ARK-VI-OPERASJONSTYPER?subset=ARK-VI-OPERASJONSTYPER&language=en-GB"}],"formId":"operatørvurdering/prosedyre/prosedyrenavn","viewConfig":{"advanced":{"hidden":true,"readonly":true},"size":{"field":"large","label":"inherit","fill":"inherit"},"layout":{"label":{"valign":"inherit","align":"top"},"field":{"valign":"inherit","align":"inherit"}},"datasource":{"loadRemote":false,"loadRemoteUrl":"","terminology":""},"tags":[],"annotations":{"select":"{#proc_act:/description[at0001]/items[at0002]/value}"},"field":{"code":{"presentation":"textfield","lines":"1"},"value":{"presentation":"textfield","lines":"1"}}}},{"name":"Beskrivelse inngrep","localizedName":"Beskrivelse inngrep","rmType":"DV_TEXT","nodeId":"at0049","min":"0","max":"1","localizedNames":{"nb":"Beskrivelse inngrep"},"localizedDescriptions":{"nb":"Fritekstbeskrivelse av prosedyren, tilpasset det aktuelle prosesstrinnet."},"annotations":{"comment":"For eksempel en beskrivelse av utførelsen og funnene fra prosedyren, det avbrutte forsøket, eller avlysningen av prosedyren."},"aqlPath":"/content[openEHR-EHR-ACTION.procedure.v1]/description[at0001]/items[at0049]/value","inputs":[{"type":"TEXT"}],"formId":"operatørvurdering/prosedyre/beskrivelse","viewConfig":{"annotations":{"select":"{#proc_act:/description[at0001]/items[at0049]/value}","description":"Beskrivelse av prosedyren"},"advanced":{"hidden":false,"readonly":false},"size":{"field":"inherit","label":"inherit","fill":"inherit"},"layout":{"label":{"valign":"inherit","align":"inherit"},"field":{"valign":"inherit","align":"inherit"}},"tags":[],"datasource":{"loadRemote":false,"loadRemoteUrl":"","terminology":""},"field":{"input":{"presentation":"textfield"}}}},{"name":"Tilleggsprosedyre","localizedName":"Tilleggsprosedyre","rmType":"CLUSTER","nodeId":"openEHR-EHR-CLUSTER.additional_procedure_code.v1","min":"0","max":"100","localizedNames":{"nb":"Tilleggsprosedyre"},"localizedDescriptions":{"nb":"Tilleggsprosedyrer som bestilles."},"aqlPath":"/content[openEHR-EHR-ACTION.procedure.v1]/description[at0001]/items[openEHR-EHR-CLUSTER.additional_procedure_code.v1]","formId":"operatørvurdering/prosedyre/tilleggsprosedyre","viewConfig":{"annotations":{"select":"{#proc_act:/description[at0001]/items[openEHR-EHR-CLUSTER.additional_procedure_code.v1]}"},"advanced":{"hidden":false,"readonly":false,"render":false},"size":{"field":"inherit","label":"inherit","fill":"inherit"},"layout":{"label":{"valign":"inherit","align":"inherit"},"field":{"valign":"inherit","align":"inherit"}},"tags":["ForceMinMultiplicity"]},"children":[{"name":"Planlagt inngrep","localizedName":"Planlagt inngrep","rmType":"DV_CODED_TEXT","nodeId":"at0001","min":"1","max":"100","localizedNames":{"nb":"Planlagt inngrep"},"localizedDescriptions":{"nb":"Identifisering av bestilt prosedyre. Kodes ofte med en ekstern terminologi."},"aqlPath":"/content[openEHR-EHR-ACTION.procedure.v1]/description[at0001]/items[openEHR-EHR-CLUSTER.additional_procedure_code.v1]/items[at0001]/value","inputs":[{"suffix":"code","type":"TEXT","terminology":"ARK-VI-OPERASJONSTYPER?subset=ARK-VI-OPERASJONSTYPER&language=en-GB"},{"suffix":"value","type":"TEXT","terminology":"ARK-VI-OPERASJONSTYPER?subset=ARK-VI-OPERASJONSTYPER&language=en-GB"}],"formId":"operatørvurdering/prosedyre/tilleggsprosedyre/planlagt_prosedyre","viewConfig":{"advanced":{"hidden":false,"readonly":false},"size":{"field":"inherit","label":"inherit","fill":"inherit"},"layout":{"label":{"valign":"inherit","align":"inherit"},"field":{"valign":"inherit","align":"inherit"}},"tags":[],"datasource":{"loadRemote":false,"loadRemoteUrl":"","terminology":""},"field":{"code":{"presentation":"textfield"},"value":{"presentation":"textfield"}}}},{"name":"Indikasjon","localizedName":"Indikasjon","rmType":"DV_TEXT","nodeId":"at0003","min":0,"max":1,"localizedNames":{"nb":"Indikasjon"},"localizedDescriptions":{"nb":"En kort beskrivelse av indikasjon eller grunn for bestillingen. Dette blir ofte kodet med en ekstern terminologi."},"aqlPath":"/content[openEHR-EHR-ACTION.procedure.v1]/description[at0001]/items[openEHR-EHR-CLUSTER.additional_procedure_code.v1]/items[at0003]/value","inputs":[{"type":"TEXT"}],"formId":"operatørvurdering/prosedyre/tilleggsprosedyre/indikasjon","viewConfig":{"annotations":{"description":"En kort beskrivelse av årsak eller indikasjon for rekvireringen"},"size":{"field":"inherit","label":"inherit","fill":"inherit"},"layout":{"field":{"valign":"inherit","align":"inherit"}},"datasource":{"loadRemote":false,"loadRemoteUrl":"","terminology":""},"field":{"input":{"presentation":"textfield"}}}},{"name":"Beskrivelse","localizedName":"Beskrivelse","rmType":"DV_TEXT","nodeId":"at0004","min":"0","max":"1","localizedNames":{"nb":"Beskrivelse"},"localizedDescriptions":{"nb":"En detaljert narrativ beskrivelse av bestilt prosedyre."},"aqlPath":"/content[openEHR-EHR-ACTION.procedure.v1]/description[at0001]/items[openEHR-EHR-CLUSTER.additional_procedure_code.v1]/items[at0004]/value","inputs":[{"type":"TEXT"}],"formId":"operatørvurdering/prosedyre/tilleggsprosedyre/beskrivelse_prosedyre","viewConfig":{"advanced":{"hidden":false,"readonly":false},"size":{"field":"inherit","label":"inherit","fill":"inherit"},"layout":{"label":{"valign":"inherit","align":"inherit"},"field":{"valign":"inherit","align":"inherit"}},"tags":[],"datasource":{"loadRemote":false,"loadRemoteUrl":"","terminology":""},"annotations":{"description":"Beskrivelse av prosedyren"},"field":{"input":{"presentation":"textfield"}}}}]},{"name":"Smittestatus","localizedName":"Smittestatus","rmType":"DV_CODED_TEXT","nodeId":"at0001","min":"1","max":"1","localizedNames":{"nb":"Smittestatus"},"localizedDescriptions":{"nb":"Smittestatus under et kirurgisk inngrep f.eks. ren, blodsmitte, dråpesmitte etc."},"aqlPath":"/content[openEHR-EHR-ACTION.procedure.v1]/description[at0001]/items[openEHR-EHR-CLUSTER.surgery_details.v1]/items[at0001]/value","inputs":[{"suffix":"code","type":"TEXT","terminology":"ARK-UDS-SMITTESTATUS%20OPR%20UNN?subset=ARK-UDS-SMITTESTATUS%20OPR%20UNN&language=en-GB"},{"suffix":"value","type":"TEXT","terminology":"ARK-UDS-SMITTESTATUS%20OPR%20UNN?subset=ARK-UDS-SMITTESTATUS%20OPR%20UNN&language=en-GB"}],"formId":"operatørvurdering/prosedyre/operasjonsdetaljer/smittestatus","viewConfig":{"advanced":{"hidden":false,"readonly":false},"size":{"field":"inherit","label":"inherit","fill":"inherit"},"layout":{"label":{"valign":"inherit","align":"inherit"},"field":{"valign":"inherit","align":"inherit"}},"tags":["ShowAsCombobox"],"datasource":{"loadRemote":false,"loadRemoteUrl":"","terminology":""},"annotations":{"select":"{#surg_dtl:/items[at0001]/value}"},"field":{"code":{"presentation":"textfield"},"value":{"presentation":"textfield"}}}},{"name":"Operasjonsleie","localizedName":"Operasjonsleie","rmType":"DV_TEXT","nodeId":"at0002","min":1,"max":1,"localizedNames":{"nb":"Operasjonsleie"},"localizedDescriptions":{"nb":"Leiring av pasienten under operasjon f.eks. rygg, mage, sideleie etc."},"aqlPath":"/content[openEHR-EHR-ACTION.procedure.v1]/description[at0001]/items[openEHR-EHR-CLUSTER.surgery_details.v1]/items[at0002]/value","inputs":[{"type":"TEXT"}],"formId":"operatørvurdering/prosedyre/operasjonsdetaljer/operasjonsleie","viewConfig":{"annotations":{"select":"{#surg_dtl:/items[at0002]/value}"},"size":{"field":"inherit","label":"inherit","fill":"inherit"},"layout":{"field":{"valign":"inherit","align":"inherit"}},"datasource":{"loadRemote":false,"loadRemoteUrl":"","terminology":""},"field":{"input":{"presentation":"textfield"}}}},{"name":"Avdekning/incisjon","localizedName":"Avdekning/incisjon","rmType":"DV_TEXT","nodeId":"at0004","min":"1","max":"1","localizedNames":{"nb":"Avdekning/incisjon"},"localizedDescriptions":{"nb":"Avdekning og incisjon for et krirugisk inngrep."},"aqlPath":"/content[openEHR-EHR-ACTION.procedure.v1]/description[at0001]/items[openEHR-EHR-CLUSTER.surgery_details.v1]/items[at0003]/items[at0004]/value","inputs":[{"type":"TEXT"}],"formId":"operatørvurdering/prosedyre/operasjonsdetaljer/avdekning_incisjon/avdekning_incisjon","viewConfig":{"annotations":{"select":"{#surg_dtl:/items[at0003]/items[at0004]/value}"},"advanced":{"hidden":false,"readonly":false},"size":{"field":"inherit","label":"inherit","fill":"inherit"},"layout":{"label":{"valign":"inherit","align":"inherit"},"field":{"valign":"inherit","align":"inherit"}},"tags":[],"datasource":{"loadRemote":false,"loadRemoteUrl":"","terminology":""},"field":{"input":{"presentation":"textfield"}}}},{"name":"Side","localizedName":"Side","rmType":"DV_TEXT","nodeId":"at0005","min":0,"max":1,"localizedNames":{"nb":"Side"},"localizedDescriptions":{"nb":"Side som skal avdekkes under en operasjon hvor operasjonen skal foretas."},"aqlPath":"/content[openEHR-EHR-ACTION.procedure.v1]/description[at0001]/items[openEHR-EHR-CLUSTER.surgery_details.v1]/items[at0003]/items[at0005]/value","inputs":[{"type":"TEXT"}],"formId":"operatørvurdering/prosedyre/operasjonsdetaljer/avdekning_incisjon/side","viewConfig":{"annotations":{"select":"{#surg_dtl:/items[at0003]/items[at0005]/value}"},"size":{"field":"inherit","label":"inherit","fill":"inherit"},"layout":{"field":{"valign":"inherit","align":"inherit"}},"datasource":{"loadRemote":false,"loadRemoteUrl":"","terminology":""},"field":{"input":{"presentation":"textfield"}}}},{"name":"Spesialutstyr","localizedName":"Spesialutstyr","rmType":"DV_TEXT","nodeId":"at0007","min":"0","max":"1","localizedNames":{"nb":"Spesialutstyr"},"localizedDescriptions":{"nb":"Spesialutstyr som brukes på operasjonsstue i forbindelse med kirurgi."},"aqlPath":"/content[openEHR-EHR-ACTION.procedure.v1]/description[at0001]/items[openEHR-EHR-CLUSTER.special_requirements_surgery.v1]/items[at0007]/value","inputs":[{"type":"TEXT"}],"formId":"operatørvurdering/prosedyre/spesielle_behov_kirurgi/spesialutstyr","viewConfig":{"advanced":{"hidden":false,"readonly":false},"size":{"field":"inherit","label":"inherit","fill":"inherit"},"layout":{"label":{"valign":"inherit","align":"inherit"},"field":{"valign":"inherit","align":"inherit"}},"tags":[],"datasource":{"loadRemote":false,"loadRemoteUrl":"","terminology":""},"annotations":{"select":"{#spec_req:/items[at0007]/value}","nullflavour":"271"},"field":{"input":{"presentation":"textfield"}}}},{"name":"Blodprodukter","localizedName":"Blodprodukter","rmType":"DV_TEXT","nodeId":"at0010","min":0,"max":1,"localizedNames":{"nb":"Blodprodukter"},"localizedDescriptions":{"nb":"Beskriver et behov for blodprodukter under planalgt kirurgi."},"aqlPath":"/content[openEHR-EHR-ACTION.procedure.v1]/description[at0001]/items[openEHR-EHR-CLUSTER.special_requirements_surgery.v1]/items[at0010]/value","inputs":[{"type":"TEXT"}],"formId":"operatørvurdering/prosedyre/spesielle_behov_kirurgi/blodprodukter","viewConfig":{"annotations":{"select":"{#spec_req:/items[at0010]/value}","nullflavour":"271"},"size":{"field":"inherit","label":"inherit","fill":"inherit"},"layout":{"field":{"valign":"inherit","align":"inherit"}},"datasource":{"loadRemote":false,"loadRemoteUrl":"","terminology":""},"field":{"input":{"presentation":"textfield"}}}},{"name":"Andre behov","localizedName":"Andre behov","rmType":"DV_TEXT","nodeId":"at0014","min":0,"max":1,"localizedNames":{"nb":"Andre behov"},"localizedDescriptions":{"nb":"Andre behov på operasjonsstuen som ikke omfattes av punktene ovenfor."},"aqlPath":"/content[openEHR-EHR-ACTION.procedure.v1]/description[at0001]/items[openEHR-EHR-CLUSTER.special_requirements_surgery.v1]/items[at0014]/value","inputs":[{"type":"TEXT"}],"formId":"operatørvurdering/prosedyre/spesielle_behov_kirurgi/andre_behov","viewConfig":{"annotations":{"select":"{#spec_req:/items[at0014]/value}","nullflavour":"271"},"size":{"field":"inherit","label":"inherit","fill":"inherit"},"layout":{"field":{"valign":"inherit","align":"inherit"}},"datasource":{"loadRemote":false,"loadRemoteUrl":"","terminology":""},"field":{"input":{"presentation":"textfield"}}}},{"name":"Antibiotikaprofylakse","localizedName":"Antibiotikaprofylakse","rmType":"DV_TEXT","nodeId":"at0001","min":"0","max":"1","localizedNames":{"nb":"Antibiotikaprofylakse"},"localizedDescriptions":{"nb":"*"},"aqlPath":"/content[openEHR-EHR-ACTION.medication.v1,'Antibiotikaprofylakse']/description[at0017]/items[openEHR-EHR-CLUSTER.ofte_brukte_medikamenter.v1]/items[at0001,'Hurtigvalg antibiotikaprofylakse']/value","inputs":[{"type":"TEXT","list":[{"value":"Cefalotin 2 g x 4, 30-60 før knivstart","label":"Cefalotin 2 g x 4, 30-60 før knivstart"},{"value":"Cefalotin 2 g, 30-60 før knivstart","label":"Cefalotin 2 g, 30-60 før knivstart"},{"value":"Avvente prøvetaking deretter Cefalotin 2 g x 4","label":"Avvente prøvetaking deretter Cefalotin 2 g x 4"},{"value":"Klindamycin 600 mg x 4, 30-60 min før knivstart","label":"Klindamycin 600 mg x 4, 30-60 min før knivstart"},{"value":"Klindamycin 600 mg, 30-60 min før knivstart","label":"Klindamycin 600 mg, 30-60 min før knivstart"}],"listOpen":true}],"formId":"operatørvurdering/antibiotikaprofylakse/ofte_brukte_medikamenter/hurtigvalg_antibiotikaprofylakse","viewConfig":{"annotations":{"select":"{#antibiotika:/description[at0017]/items[openEHR-EHR-CLUSTER.ofte_brukte_medikamenter.v1]/items[at0001]/value}"},"advanced":{"hidden":false,"readonly":false},"size":{"field":"inherit","label":"inherit","fill":"inherit"},"layout":{"label":{"valign":"inherit","align":"inherit"},"field":{"valign":"inherit","align":"inherit"}},"tags":[],"datasource":{"loadRemote":false,"loadRemoteUrl":"","terminology":""},"field":{"input":{"presentation":"textfield"}}}},{"annotations":{"comment":"Generic input field used to add custom fields."},"inputs":[{"type":"TEXT","defaultValue":"Nasjonal faglig retningslinje for antibiotikaprofylakse"}],"localizedName":"Input","localizedNames":{"nb":"Input"},"max":"1","min":"0","name":"Input","rmType":"GENERIC_FIELD","formId":"generic-field-15452","viewConfig":{"annotations":{"ShowAsHyperlink":"http://sites.helsedirektoratet.no/sites/antibiotikabruk-i-sykehus/om/Sider/default.aspx"},"advanced":{"hidden":false,"readonly":false},"size":{"field":"inherit","label":-1,"fill":"inherit"},"layout":{"label":{"valign":"inherit","align":"left"},"field":{"valign":"inherit","align":"inherit"}},"tags":[],"datasource":{"loadRemote":false,"loadRemoteUrl":"","terminology":""},"field":{"input":{"presentation":"textfield"}}}},{"name":"Legemiddel / Medisin (antibiotikaprofylakse)","localizedName":"Legemiddel / Medisin (antibiotikaprofylakse)","rmType":"DV_TEXT","nodeId":"at0020","min":"0","max":"1","localizedNames":{"nb":"Legemiddel / Medisin (antibiotikaprofylakse)"},"localizedDescriptions":{"nb":"Medisinen, vaksinen eller annen terapeutisk/medisinsk vare som var i fokus i denne aktiviteten (Action). Dette elementet vil normalt sett bli kodet med en medisinsk terminologi, men i noen tilfeller kan fritekst være nødvendig."},"annotations":{"view:pass_through":"true"},"aqlPath":"/content[openEHR-EHR-ACTION.medication.v1,'Antibiotikaprofylakse']/description[at0017]/items[at0020]/value","inputs":[{"type":"TEXT","list":[{"value":"Cefalotin","label":"Cefalotin"},{"value":"Klindamycin","label":"Klindamycin"}],"listOpen":true}],"formId":"operatørvurdering/antibiotikaprofylakse/legemiddel_medisin","viewConfig":{"annotations":{"select":"{#antibiotika:/description[at0017]/items[at0020]/value}"},"advanced":{"hidden":true,"readonly":false},"size":{"field":"inherit","label":"inherit","fill":"inherit"},"layout":{"label":{"valign":"inherit","align":"inherit"},"field":{"valign":"inherit","align":"inherit"}},"tags":[],"datasource":{"loadRemote":false,"loadRemoteUrl":"","terminology":""},"field":{"input":{"presentation":"textfield"}}}},{"name":"Foreskrivninger (antibiotikaprofylakse)","localizedName":"Foreskrivninger (antibiotikaprofylakse)","rmType":"DV_TEXT","nodeId":"at0033","min":"0","max":"1","localizedNames":{"nb":"Foreskrivninger (antibiotikaprofylakse)"},"localizedDescriptions":{"nb":"Enhver foreskriving som er gitt til pasienten eller behandler på tidspunktet for aktiviteten (action)."},"annotations":{"view:pass_through":"true"},"aqlPath":"/content[openEHR-EHR-ACTION.medication.v1,'Antibiotikaprofylakse']/description[at0017]/items[at0033]/value","inputs":[{"type":"TEXT","list":[{"value":"2gx4, 30-60 min. før knivstart","label":"2gx4, 30-60 min. før knivstart"},{"value":"2g, 30-60 min før knivstart","label":"2g, 30-60 min før knivstart"},{"value":"Avvente prøvetaking, deretter 2gx4","label":"Avvente prøvetaking, deretter 2gx4"},{"value":"600mg x4, 30-60 min. før knivstart","label":"600mg x4, 30-60 min. før knivstart"},{"value":"600mg, 30-60 min. før knivstart","label":"600mg, 30-60 min. før knivstart"}],"listOpen":true}],"formId":"operatørvurdering/antibiotikaprofylakse/foreskrivninger","viewConfig":{"annotations":{"select":"{#antibiotika:/description[at0017]/items[at0033]/value}"},"advanced":{"hidden":true,"readonly":false},"size":{"field":"inherit","label":"inherit","fill":"inherit"},"layout":{"label":{"valign":"inherit","align":"inherit"},"field":{"valign":"inherit","align":"inherit"}},"tags":[],"datasource":{"loadRemote":false,"loadRemoteUrl":"","terminology":""},"field":{"input":{"presentation":"textfield"}}}},{"name":"Annen medikasjon under operasjon","localizedName":"Annen medikasjon under operasjon","rmType":"DV_TEXT","nodeId":"at0001","min":"0","max":"1","localizedNames":{"nb":"Annen medikasjon under operasjon"},"localizedDescriptions":{"nb":"*"},"aqlPath":"/content[openEHR-EHR-ACTION.medication.v1,'Annen medisin under operasjon']/description[at0017]/items[openEHR-EHR-CLUSTER.ofte_brukte_medikamenter.v1]/items[at0001,'Hurtigvalg annen medikasjon under operasjon']/value","inputs":[{"type":"TEXT","list":[{"value":"Cyclokapron/Traneksamsyre 10mg/kg etter avtale før blodtomhetslipp. + etter 3 timer","label":"Cyclokapron/Traneksamsyre 10mg/kg etter avtale før blodtomhetslipp. + etter 3 timer"},{"value":"Cyclokapron/Traneksamsyre 10mg/kg 20-30 min før knivstart + etter 3 timer","label":"Cyclokapron/Traneksamsyre 10mg/kg 20-30 min før knivstart + etter 3 timer"}],"listOpen":true}],"formId":"operatørvurdering/annen_medisin_under_operasjon/ofte_brukte_medikamenter/hurtigvalg_annen_medikasjon_under_operasjon","viewConfig":{"annotations":{"select":"{#medicine_surgery:/description[at0017]/items[openEHR-EHR-CLUSTER.ofte_brukte_medikamenter.v1]/items[at0001]/value}"},"advanced":{"hidden":false,"readonly":false},"size":{"field":"inherit","label":"inherit","fill":"inherit"},"layout":{"label":{"valign":"inherit","align":"inherit"},"field":{"valign":"inherit","align":"inherit"}},"tags":[],"datasource":{"loadRemote":false,"loadRemoteUrl":"","terminology":""},"field":{"input":{"presentation":"textfield"}}}},{"name":"Legemiddel / Medisin (annen medikasjon)","localizedName":"Legemiddel / Medisin (annen medikasjon)","rmType":"DV_TEXT","nodeId":"at0020","min":"0","max":"1","localizedNames":{"nb":"Legemiddel / Medisin"},"localizedDescriptions":{"nb":"Medisinen, vaksinen eller annen terapeutisk/medisinsk vare som var i fokus i denne aktiviteten (Action). Dette elementet vil normalt sett bli kodet med en medisinsk terminologi, men i noen tilfeller kan fritekst være nødvendig."},"annotations":{"view:pass_through":"true"},"aqlPath":"/content[openEHR-EHR-ACTION.medication.v1,'Annen medisin under operasjon']/description[at0017]/items[at0020]/value","inputs":[{"type":"TEXT","list":[{"value":"Cyklokapron/Tranexamsyre","label":"Cyklokapron/Tranexamsyre"}],"listOpen":true}],"formId":"operatørvurdering/annen_medisin_under_operasjon/legemiddel_medisin","viewConfig":{"annotations":{"select":"{#medicine_surgery:/description[at0017]/items[at0020]/value}"},"advanced":{"hidden":true,"readonly":false},"size":{"field":"inherit","label":"inherit","fill":"inherit"},"layout":{"label":{"valign":"inherit","align":"inherit"},"field":{"valign":"inherit","align":"inherit"}},"tags":[],"datasource":{"loadRemote":false,"loadRemoteUrl":"","terminology":""},"field":{"input":{"presentation":"textfield"}}}},{"name":"Foreskrivninger (annen medikasjon)","localizedName":"Foreskrivninger (annen medikasjon)","rmType":"DV_TEXT","nodeId":"at0033","min":"0","max":"1","localizedNames":{"nb":"Foreskrivninger"},"localizedDescriptions":{"nb":"Enhver foreskriving som er gitt til pasienten eller behandler på tidspunktet for aktiviteten (action)."},"annotations":{"view:pass_through":"true"},"aqlPath":"/content[openEHR-EHR-ACTION.medication.v1,'Annen medisin under operasjon']/description[at0017]/items[at0033]/value","inputs":[{"type":"TEXT","list":[{"value":"10 mg/kg etter avtale før blodtomhetsslipp, + etter 3 timer","label":"10 mg/kg etter avtale før blodtomhetsslipp, + etter 3 timer"},{"value":"10mg/kg, 20-30 min. før knivstart + etter 3 timer","label":"10mg/kg, 20-30 min. før knivstart + etter 3 timer"}],"listOpen":true}],"formId":"operatørvurdering/annen_medisin_under_operasjon/foreskrivninger","viewConfig":{"annotations":{"select":"{#medicine_surgery:/description[at0017]/items[at0033]/value}"},"advanced":{"hidden":true,"readonly":false},"size":{"field":"inherit","label":"inherit","fill":"inherit"},"layout":{"label":{"valign":"inherit","align":"inherit"},"field":{"valign":"inherit","align":"inherit"}},"tags":[],"datasource":{"loadRemote":false,"loadRemoteUrl":"","terminology":""},"field":{"input":{"presentation":"textfield"}}}},{"name":"Ism_transition (antibiotikaprofylakse)","rmType":"ISM_TRANSITION","min":"1","max":"1","aqlPath":"/content[openEHR-EHR-ACTION.medication.v1,'Antibiotikaprofylakse']/ism_transition","inContext":true,"formId":"operatørvurdering/antibiotikaprofylakse/ism_transition","viewConfig":{"advanced":{"hidden":true,"readonly":false,"render":false},"size":{"field":"inherit","label":"inherit","fill":"inherit"},"layout":{"label":{"valign":"inherit","align":"inherit"},"field":{"valign":"inherit","align":"inherit"}},"tags":[]},"children":[{"name":"Current_state","rmType":"DV_CODED_TEXT","min":1,"max":1,"aqlPath":"/content[openEHR-EHR-ACTION.medication.v1,'Antibiotikaprofylakse']/ism_transition/current_state","inputs":[{"suffix":"code","type":"CODED_TEXT","list":[{"value":"524","label":"initial"},{"value":"526","label":"planned"},{"value":"527","label":"postponed"},{"value":"528","label":"cancelled"},{"value":"529","label":"scheduled"},{"value":"530","label":"suspended"},{"value":"245","label":"active"},{"value":"531","label":"aborted"},{"value":"532","label":"completed"},{"value":"533","label":"expired"}],"defaultValue":"524"}],"inContext":true,"formId":"operatørvurdering/antibiotikaprofylakse/ism_transition/current_state","viewConfig":{"size":{"field":"inherit","label":"inherit","fill":"inherit"},"layout":{"field":{"valign":"inherit","align":"inherit"}},"datasource":{"loadRemote":false,"loadRemoteUrl":"","terminology":""},"field":{"code":{"presentation":"combobox"}}}},{"name":"Careflow_step","rmType":"DV_CODED_TEXT","min":0,"max":1,"aqlPath":"/content[openEHR-EHR-ACTION.medication.v1,'Antibiotikaprofylakse']/ism_transition/careflow_step","inputs":[{"suffix":"code","type":"CODED_TEXT","list":[{"value":"at0042","label":"Anbefalt medikasjon","localizedLabels":{"nb":"Anbefalt medikasjon"},"currentStates":["526"]},{"value":"at0001","label":"Planlagt medikasjon","localizedLabels":{"nb":"Planlagt medikasjon"},"currentStates":["524"]},{"value":"at0013","label":"Plan for medikasjon satt på vent","localizedLabels":{"nb":"Plan for medikasjon satt på vent"},"currentStates":["527"]},{"value":"at0012","label":"Plan for medikasjon er kansellert","localizedLabels":{"nb":"Plan for medikasjon er kansellert"},"currentStates":["528"]},{"value":"at0016","label":"Bestemt tid for medikasjonen","localizedLabels":{"nb":"Bestemt tid for medikasjonen"},"currentStates":["529"]},{"value":"at0002","label":"Utstedt forordning for medikasjonen","localizedLabels":{"nb":"Utstedt forordning for medikasjonen"},"currentStates":["245","524"]},{"value":"at0003","label":"Medikasjonen utdelt","localizedLabels":{"nb":"Medikasjonen utdelt"},"currentStates":["245","524"]},{"value":"at0004","label":"Medikasjonen innledet","localizedLabels":{"nb":"Medikasjonen innledet"},"currentStates":["245"]},{"value":"at0005","label":"Medikasjonen gjennomgått","localizedLabels":{"nb":"Medikasjonen gjennomgått"},"currentStates":["245"]},{"value":"at0041","label":"Medikasjonen endret","localizedLabels":{"nb":"Medikasjonen endret"},"currentStates":["245"]},{"value":"at0006","label":"Medikasjon administrert","localizedLabels":{"nb":"Medikasjon administrert"},"currentStates":["245"]},{"value":"at0010","label":"Forordningen markert reit.","localizedLabels":{"nb":"Forordningen markert reit."},"currentStates":["245"]},{"value":"at0018","label":"Medikasjon tilbakeholdt","localizedLabels":{"nb":"Medikasjon tilbakeholdt"},"currentStates":["245"]},{"value":"at0019","label":"Medikasjon nektet","localizedLabels":{"nb":"Medikasjon nektet"},"currentStates":["245"]},{"value":"at0035","label":"Medikasjon returnert","localizedLabels":{"nb":"Medikasjon returnert"},"currentStates":["245","524"]},{"value":"at0008","label":"Medikasjonen forsinket levert","localizedLabels":{"nb":"Medikasjonen forsinket levert"},"currentStates":["530"]},{"value":"at0009","label":"Medikasjonen satt på hold","localizedLabels":{"nb":"Medikasjonen satt på hold"},"currentStates":["530"]},{"value":"at0011","label":"Reiterasjonen av forordningen satt på hold","localizedLabels":{"nb":"Reiterasjonen av forordningen satt på hold"},"currentStates":["530"]},{"value":"at0015","label":"Administrasjonen er avsluttet","localizedLabels":{"nb":"Administrasjonen er avsluttet"},"currentStates":["531"]},{"value":"at0014","label":"Forordningen tilbaketrukket","localizedLabels":{"nb":"Forordningen tilbaketrukket"},"currentStates":["531"]},{"value":"at0039","label":"Forandret dose eller tidsangivelse","localizedLabels":{"nb":"Forandret dose eller tidsangivelse"},"currentStates":["531"]},{"value":"at0007","label":"Medikasjon komplett","localizedLabels":{"nb":"Medikasjon komplett"},"currentStates":["532"]}],"defaultValue":"at0001"}],"inContext":true,"formId":"operatørvurdering/antibiotikaprofylakse/ism_transition/careflow_step","viewConfig":{"size":{"field":"inherit","label":"inherit","fill":"inherit"},"layout":{"field":{"valign":"inherit","align":"inherit"}},"datasource":{"loadRemote":false,"loadRemoteUrl":"","terminology":""},"field":{"code":{"presentation":"combobox"}}}}],"localizedName":"Ism_transition (antibiotikaprofylakse)"},{"name":"Ism_transition (annen medikasjon)","rmType":"ISM_TRANSITION","min":"1","max":"1","aqlPath":"/content[openEHR-EHR-ACTION.medication.v1,'Annen medisin under operasjon']/ism_transition","inContext":true,"formId":"operatørvurdering/annen_medisin_under_operasjon/ism_transition","viewConfig":{"advanced":{"hidden":true,"readonly":false,"render":false},"size":{"field":"inherit","label":"inherit","fill":"inherit"},"layout":{"label":{"valign":"inherit","align":"inherit"},"field":{"valign":"inherit","align":"inherit"}},"tags":[]},"children":[{"name":"Current_state","rmType":"DV_CODED_TEXT","min":1,"max":1,"aqlPath":"/content[openEHR-EHR-ACTION.medication.v1,'Annen medisin under operasjon']/ism_transition/current_state","inputs":[{"suffix":"code","type":"CODED_TEXT","list":[{"value":"524","label":"initial"},{"value":"526","label":"planned"},{"value":"527","label":"postponed"},{"value":"528","label":"cancelled"},{"value":"529","label":"scheduled"},{"value":"530","label":"suspended"},{"value":"245","label":"active"},{"value":"531","label":"aborted"},{"value":"532","label":"completed"},{"value":"533","label":"expired"}],"defaultValue":"524"}],"inContext":true,"formId":"operatørvurdering/annen_medisin_under_operasjon/ism_transition/current_state","viewConfig":{"size":{"field":"inherit","label":"inherit","fill":"inherit"},"layout":{"field":{"valign":"inherit","align":"inherit"}},"datasource":{"loadRemote":false,"loadRemoteUrl":"","terminology":""},"field":{"code":{"presentation":"combobox"}}}},{"name":"Careflow_step","rmType":"DV_CODED_TEXT","min":0,"max":1,"aqlPath":"/content[openEHR-EHR-ACTION.medication.v1,'Annen medisin under operasjon']/ism_transition/careflow_step","inputs":[{"suffix":"code","type":"CODED_TEXT","list":[{"value":"at0042","label":"Anbefalt medikasjon","localizedLabels":{"nb":"Anbefalt medikasjon"},"currentStates":["526"]},{"value":"at0001","label":"Planlagt medikasjon","localizedLabels":{"nb":"Planlagt medikasjon"},"currentStates":["524"]},{"value":"at0013","label":"Plan for medikasjon satt på vent","localizedLabels":{"nb":"Plan for medikasjon satt på vent"},"currentStates":["527"]},{"value":"at0012","label":"Plan for medikasjon er kansellert","localizedLabels":{"nb":"Plan for medikasjon er kansellert"},"currentStates":["528"]},{"value":"at0016","label":"Bestemt tid for medikasjonen","localizedLabels":{"nb":"Bestemt tid for medikasjonen"},"currentStates":["529"]},{"value":"at0002","label":"Utstedt forordning for medikasjonen","localizedLabels":{"nb":"Utstedt forordning for medikasjonen"},"currentStates":["245","524"]},{"value":"at0003","label":"Medikasjonen utdelt","localizedLabels":{"nb":"Medikasjonen utdelt"},"currentStates":["245","524"]},{"value":"at0004","label":"Medikasjonen innledet","localizedLabels":{"nb":"Medikasjonen innledet"},"currentStates":["245"]},{"value":"at0005","label":"Medikasjonen gjennomgått","localizedLabels":{"nb":"Medikasjonen gjennomgått"},"currentStates":["245"]},{"value":"at0041","label":"Medikasjonen endret","localizedLabels":{"nb":"Medikasjonen endret"},"currentStates":["245"]},{"value":"at0006","label":"Medikasjon administrert","localizedLabels":{"nb":"Medikasjon administrert"},"currentStates":["245"]},{"value":"at0010","label":"Forordningen markert reit.","localizedLabels":{"nb":"Forordningen markert reit."},"currentStates":["245"]},{"value":"at0018","label":"Medikasjon tilbakeholdt","localizedLabels":{"nb":"Medikasjon tilbakeholdt"},"currentStates":["245"]},{"value":"at0019","label":"Medikasjon nektet","localizedLabels":{"nb":"Medikasjon nektet"},"currentStates":["245"]},{"value":"at0035","label":"Medikasjon returnert","localizedLabels":{"nb":"Medikasjon returnert"},"currentStates":["245","524"]},{"value":"at0008","label":"Medikasjonen forsinket levert","localizedLabels":{"nb":"Medikasjonen forsinket levert"},"currentStates":["530"]},{"value":"at0009","label":"Medikasjonen satt på hold","localizedLabels":{"nb":"Medikasjonen satt på hold"},"currentStates":["530"]},{"value":"at0011","label":"Reiterasjonen av forordningen satt på hold","localizedLabels":{"nb":"Reiterasjonen av forordningen satt på hold"},"currentStates":["530"]},{"value":"at0015","label":"Administrasjonen er avsluttet","localizedLabels":{"nb":"Administrasjonen er avsluttet"},"currentStates":["531"]},{"value":"at0014","label":"Forordningen tilbaketrukket","localizedLabels":{"nb":"Forordningen tilbaketrukket"},"currentStates":["531"]},{"value":"at0039","label":"Forandret dose eller tidsangivelse","localizedLabels":{"nb":"Forandret dose eller tidsangivelse"},"currentStates":["531"]},{"value":"at0007","label":"Medikasjon komplett","localizedLabels":{"nb":"Medikasjon komplett"},"currentStates":["532"]}],"defaultValue":"at0001"}],"inContext":true,"formId":"operatørvurdering/annen_medisin_under_operasjon/ism_transition/careflow_step","viewConfig":{"size":{"field":"inherit","label":"inherit","fill":"inherit"},"layout":{"field":{"valign":"inherit","align":"inherit"}},"datasource":{"loadRemote":false,"loadRemoteUrl":"","terminology":""},"field":{"code":{"presentation":"combobox"}}}}],"localizedName":"Ism_transition (annen medikasjon)"}],"viewConfig":{"advanced":{"hidden":false,"readonly":false,"render":false},"size":{"field":"large","label":"inherit","fill":"inherit"},"layout":{"label":{"valign":"inherit","align":"top"},"field":{"valign":"inherit","align":"inherit"}},"tags":[],"annotations":{}}},{"name":"Viktig informasjon","localizedName":"Viktig informasjon","rmType":"CLUSTER","nodeId":"openEHR-EHR-CLUSTER.important_information.v1","min":"1","max":"1","localizedNames":{"nb":"Viktig informasjon"},"localizedDescriptions":{"nb":"Beskriver viktig informasjon i forbindelse med behandling, utredning eller andre helstjenester som ytes for en pasient."},"aqlPath":"/content[openEHR-EHR-ACTION.procedure.v1]/description[at0001]/items[openEHR-EHR-CLUSTER.important_information.v1]","formId":"operatørvurdering/prosedyre/viktig_informasjon","children":[{"name":"Viktig informasjon","localizedName":"Viktig informasjon","rmType":"DV_TEXT","nodeId":"at0001","min":"0","max":"1","localizedNames":{"nb":"Viktig informasjon"},"localizedDescriptions":{"nb":"En narrativ beskrivelse av viktig informasjon."},"aqlPath":"/content[openEHR-EHR-ACTION.procedure.v1]/description[at0001]/items[openEHR-EHR-CLUSTER.important_information.v1]/items[at0001]/value","inputs":[{"type":"TEXT"}],"formId":"operatørvurdering/prosedyre/viktig_informasjon/viktig_informasjon","viewConfig":{"advanced":{"hidden":false,"readonly":false},"size":{"field":"large","label":"inherit","fill":"inherit"},"layout":{"label":{"valign":"inherit","align":"inherit"},"field":{"valign":"inherit","align":"inherit"}},"tags":[],"datasource":{"loadRemote":false,"loadRemoteUrl":"","terminology":""},"annotations":{"select":"{#importantinfo:/items[at0001]/value}","nullflavour":"271"},"field":{"input":{"presentation":"textfield"}}}}],"viewConfig":{"advanced":{"hidden":false,"readonly":false,"render":false},"size":{"field":"large","label":-1,"fill":"inherit"},"layout":{"label":{"valign":"inherit","align":"left"},"field":{"valign":"inherit","align":"inherit"}},"tags":[],"annotations":{"AlertType":"important","HeaderSize":"text","description":""}}},{"localizedName":"Pasient","localizedNames":{"nb":"Pasient"},"min":"0","max":"1","name":"Pasient","rmType":"GENERIC_FIELDSET","formId":"generic-field-45340","children":[{"name":"Høyde","localizedName":"Høyde","rmType":"DV_QUANTITY","nodeId":"at0004","min":"0","max":"1","localizedNames":{"nb":"Høyde"},"localizedDescriptions":{"nb":"Høyde/lengde fra isse til fotsåle."},"aqlPath":"/content[openEHR-EHR-OBSERVATION.height.v1]/data[at0001]/events[at0002]/data[at0003]/items[at0004]/value","inputs":[{"suffix":"magnitude","type":"DECIMAL","validation":{"range":{"minOp":">=","min":0,"maxOp":"<=","max":500}}},{"suffix":"unit","type":"CODED_TEXT","list":[{"value":"cm","label":"cm","validation":{"range":{"minOp":">=","min":0,"maxOp":"<=","max":500}}}],"defaultValue":"cm"}],"formId":"operatørvurdering/høyde_lengde/uspesifisert_hendelse/høyde_lengde","viewConfig":{"field":{"magnitude":{"presentation":"combobox"}},"annotations":{"select":"{#height:/data[at0001]/events[at0002]/data[at0003]/items[at0004]/value}"},"advanced":{"hidden":false,"readonly":false},"size":{"field":"inherit","label":"inherit","fill":"inherit"},"layout":{"label":{"valign":"inherit","align":"inherit"},"field":{"valign":"inherit","align":"inherit"}},"tags":[],"datasource":{"loadRemote":false,"loadRemoteUrl":"","terminology":""}}},{"name":"Vekt","localizedName":"Vekt","rmType":"DV_QUANTITY","nodeId":"at0004","min":"0","max":"1","localizedNames":{"nb":"Vekt"},"localizedDescriptions":{"nb":"Et individs totale kroppsmasse."},"aqlPath":"/content[openEHR-EHR-OBSERVATION.body_weight.v1]/data[at0002]/events[at0003]/data[at0001]/items[at0004]/value","inputs":[{"suffix":"magnitude","type":"DECIMAL","validation":{"range":{"minOp":">=","min":0,"maxOp":"<","max":1000}}},{"suffix":"unit","type":"CODED_TEXT","list":[{"value":"kg","label":"kg","validation":{"range":{"minOp":">=","min":0,"maxOp":"<","max":1000}}}],"defaultValue":"kg"}],"formId":"operatørvurdering/kroppsvekt/uspesifisert_hendelse/kroppsvekt","viewConfig":{"field":{"magnitude":{"presentation":"combobox"}},"annotations":{"select":"{#weight:/data[at0002]/events[at0003]/data[at0001]/items[at0004]/value}"},"advanced":{"hidden":false,"readonly":false},"size":{"field":"inherit","label":"inherit","fill":"inherit"},"layout":{"label":{"valign":"inherit","align":"inherit"},"field":{"valign":"inherit","align":"inherit"}},"tags":[],"datasource":{"loadRemote":false,"loadRemoteUrl":"","terminology":""}}},{"name":"BT systolisk","localizedName":"BT systolisk","rmType":"DV_QUANTITY","nodeId":"at0004","min":"0","max":"1","localizedNames":{"nb":"BT systolisk"},"localizedDescriptions":{"nb":"Maksimalt systemisk arterielt blodtrykk - målt i systolen, det vil si i hjertets kontraksjonsfase."},"aqlPath":"/content[openEHR-EHR-OBSERVATION.blood_pressure.v1]/data[at0001]/events[at0006]/data[at0003]/items[at0004]/value","inputs":[{"suffix":"magnitude","type":"DECIMAL","validation":{"range":{"minOp":">=","min":0,"maxOp":"<=","max":1000},"precision":{"minOp":">=","min":0,"maxOp":"<=","max":0}}},{"suffix":"unit","type":"CODED_TEXT","list":[{"value":"mm[Hg]","label":"mm[Hg]","validation":{"range":{"minOp":">=","min":0,"maxOp":"<=","max":1000},"precision":{"minOp":">=","min":0,"maxOp":"<=","max":0}}}],"defaultValue":"mm[Hg]"}],"formId":"operatørvurdering/blodtrykk/uspesifisert_hendelse/systolisk","viewConfig":{"field":{"magnitude":{"presentation":"combobox"}},"annotations":{"select":"{#bp:/data[at0001]/events[at0006]/data[at0003]/items[at0004]/value}"},"advanced":{"hidden":false,"readonly":false},"size":{"field":"inherit","label":"inherit","fill":"inherit"},"layout":{"label":{"valign":"inherit","align":"inherit"},"field":{"valign":"inherit","align":"inherit"}},"tags":[],"datasource":{"loadRemote":false,"loadRemoteUrl":"","terminology":""}}},{"name":"BT diastolisk","localizedName":"BT diastolisk","rmType":"DV_QUANTITY","nodeId":"at0005","min":"0","max":"1","localizedNames":{"nb":"BT diastolisk"},"localizedDescriptions":{"nb":"Laveste systemiske arterielle blodtrykk - målt i diastolen, det vil si under hjertets relaksasjonsfase."},"aqlPath":"/content[openEHR-EHR-OBSERVATION.blood_pressure.v1]/data[at0001]/events[at0006]/data[at0003]/items[at0005]/value","inputs":[{"suffix":"magnitude","type":"DECIMAL","validation":{"range":{"minOp":">=","min":0,"maxOp":"<=","max":1000},"precision":{"minOp":">=","min":0,"maxOp":"<=","max":0}}},{"suffix":"unit","type":"CODED_TEXT","list":[{"value":"mm[Hg]","label":"mm[Hg]","validation":{"range":{"minOp":">=","min":0,"maxOp":"<=","max":1000},"precision":{"minOp":">=","min":0,"maxOp":"<=","max":0}}}],"defaultValue":"mm[Hg]"}],"formId":"operatørvurdering/blodtrykk/uspesifisert_hendelse/diastolisk","viewConfig":{"field":{"magnitude":{"presentation":"combobox"}},"annotations":{"select":"{#bp:/data[at0001]/events[at0006]/data[at0003]/items[at0005]/value}"},"advanced":{"hidden":false,"readonly":false},"size":{"field":"inherit","label":"inherit","fill":"inherit"},"layout":{"label":{"valign":"inherit","align":"inherit"},"field":{"valign":"inherit","align":"inherit"}},"tags":[],"datasource":{"loadRemote":false,"loadRemoteUrl":"","terminology":""}}}],"viewConfig":{"advanced":{"hidden":false,"readonly":false,"render":false},"size":{"field":"large","label":"inherit","fill":"inherit"},"layout":{"label":{"valign":"inherit","align":"top"},"field":{"valign":"inherit","align":"inherit"}},"tags":[]}},{"localizedName":"Fieldset","localizedNames":{"nb":"Fieldset"},"min":"0","max":"1","name":"Fieldset","rmType":"GENERIC_FIELDSET","formId":"generic-field-55941","children":[{"name":"Ønsket anestesi","localizedName":"Ønsket anestesi","rmType":"DV_CODED_TEXT","nodeId":"at0001","min":"1","max":"1","localizedNames":{"nb":"Ønsket anestesi"},"localizedDescriptions":{"nb":"Anestesitypen/formen som ønskes i forbindelse med en planlagt prosedyre."},"aqlPath":"/content[openEHR-EHR-ACTION.procedure.v1]/description[at0001]/items[openEHR-EHR-CLUSTER.anesthesia_requested.v1]/items[at0001]/value","inputs":[{"suffix":"code","type":"TEXT","terminology":"ARK-UDS%20-%20%C3%98NSKET%20ANESTESI?subset=ARK-UDS%20-%20%C3%98NSKET%20ANESTESI&language=en-GB"},{"suffix":"value","type":"TEXT","terminology":"ARK-UDS%20-%20%C3%98NSKET%20ANESTESI?subset=ARK-UDS%20-%20%C3%98NSKET%20ANESTESI&language=en-GB"}],"formId":"operatørvurdering/prosedyre/ønsket_anestesi/ønsket_anestesi","viewConfig":{"advanced":{"hidden":false,"readonly":false},"size":{"field":"inherit","label":"inherit","fill":"inherit"},"layout":{"label":{"valign":"inherit","align":"inherit"},"field":{"valign":"inherit","align":"inherit"}},"tags":["ShowAsCombobox"],"datasource":{"loadRemote":false,"loadRemoteUrl":"","terminology":""},"annotations":{"select":"{#ane_req:/items[at0001]/value}"},"field":{"code":{"presentation":"textfield"},"value":{"presentation":"textfield"}}}},{"name":"Merknad ønsket anestesi","localizedName":"Merknad ønsket anestesi","rmType":"DV_TEXT","nodeId":"at0002","min":"0","max":"1","localizedNames":{"nb":"Merknad ønsket anestesi"},"localizedDescriptions":{"nb":"Detaljert beskrivelse av spesielle forhold rundt ønsket anestesi f.eks. bagrunn for valget, anestesi ønsket av pasient etc."},"aqlPath":"/content[openEHR-EHR-ACTION.procedure.v1]/description[at0001]/items[openEHR-EHR-CLUSTER.anesthesia_requested.v1]/items[at0002]/value","inputs":[{"type":"TEXT"}],"formId":"operatørvurdering/prosedyre/ønsket_anestesi/kommentar","viewConfig":{"annotations":{"select":"{#ane_req:/items[at0002]/value}"},"advanced":{"hidden":false,"readonly":false},"size":{"field":"inherit","label":"inherit","fill":"inherit"},"layout":{"label":{"valign":"inherit","align":"inherit"},"field":{"valign":"inherit","align":"inherit"}},"tags":[],"datasource":{"loadRemote":false,"loadRemoteUrl":"","terminology":""},"field":{"input":{"presentation":"textfield"}}}},{"name":"ASA-status","localizedName":"ASA-status","rmType":"DV_CODED_TEXT","nodeId":"at0001","min":1,"max":1,"localizedNames":{"nb":"ASA-status"},"localizedDescriptions":{"nb":"Et individs vurderte preoperative status."},"aqlPath":"/content[openEHR-EHR-OBSERVATION.exam.v1]/data[at0001]/events[at0002]/data[at0003]/items[openEHR-EHR-CLUSTER.asa_status.v1]/items[at0001]/value","inputs":[{"suffix":"code","type":"CODED_TEXT","list":[{"value":"at0003","label":"ASA I","localizedLabels":{"nb":"ASA I"},"localizedDescriptions":{"nb":"Frisk pasient. Ingen organisk, fysiologisk, biokjemisk eller psykiatrisk forstyrrelse. Den aktuelle lidelsen er lokalisert og gir ikke generelle systemforstyrrelser. Mindre enn 5 sigaretters røyking per dag. Alder under 80 år. Eksempel: Frisk 50-åring, ikke-røyker, til åreknuteoperasjon."}},{"value":"at0004","label":"ASA II","localizedLabels":{"nb":"ASA II"},"localizedDescriptions":{"nb":"Moderat organisk lidelse eller forstyrrelse som ikke forårsaker funksjonelle begrensninger, men som kan medføre spesielle forholdsregler eller anestesitekniske tiltak. Lidelsen(e) kan enten være forårsaket av den aktuelle sykdommen pasienten skal opereres for, eller av en annen patologisk prosess. Alder over 80 år og nyfødte under 3 måneder. Mer enn 5 sigaretters røyking per dag. Eksempler: Lett organisk hjertesykdom. Ukomplisert diabetes (type 1 og 2). Godartet, ukomplisert hypertensjon. Frisk 20-åring med kjeveleddsperre."}},{"value":"at0005","label":"ASA III","localizedLabels":{"nb":"ASA III"},"localizedDescriptions":{"nb":"Alvorlig organisk sykdom eller forstyrrelse som gir definerte funksjonelle begrensninger. Eksempler: Diabetes med organkomplikasjoner. Invalidiserende hjertesykdom. Moderat til alvorlig lungesykdom. Angina pectoris. Gjennomgått hjerteinfarkt (mer enn 6 måneder siden)."}},{"value":"at0006","label":"ASA IV","localizedLabels":{"nb":"ASA IV"},"localizedDescriptions":{"nb":"Livstruende organisk sykdom som ikke behøver å være relatert til den aktuelle kirurgiske lidelsen eller som ikke alltid bedres ved det kirurgiske inngrepet. Eksempler: Malign hypertensjon. Nylig gjennomgått hjerteinfarkt (mindre enn 6 måneder siden). Sterkt framskreden lever-, nyre-, lunge- eller endokrin dysfunksjon. Manifest hjertesvikt. Ustabil angina pectoris. Subaraknoidalblødning, pasienten våken eller somnolent."}},{"value":"at0007","label":"ASA V","localizedLabels":{"nb":"ASA V"},"localizedDescriptions":{"nb":"Moribund pasient som ikke forventes å overleve 24 timer, med eller uten kirurgi. Eksempler: Pasient i sjokk med aortaaneurisme. Dypt komatøs pasient med intrakraniell blødning."}},{"value":"at0008","label":"ASA VI","localizedLabels":{"nb":"ASA VI"},"localizedDescriptions":{"nb":"Erklært hjernedød pasient som skal få organer fjernet for donasjon."}}]}],"formId":"operatørvurdering/funn_ved_fysisk_undersøkelse/uspesifisert_hendelse/asa-klassifikasjon/asa-status","viewConfig":{"annotations":{"select":"{#asa:/items[at0001]/value}"},"size":{"field":"inherit","label":"inherit","fill":"inherit"},"layout":{"field":{"valign":"inherit","align":"inherit"}},"datasource":{"loadRemote":false,"loadRemoteUrl":"","terminology":""},"field":{"code":{"presentation":"combobox"}}}},{"name":"Merknad ASA","localizedName":"Merknad ASA","rmType":"DV_TEXT","nodeId":"at0014","min":"0","max":"1","localizedNames":{"nb":"Merknad ASA"},"localizedDescriptions":{"nb":"Fritekstvurdering av individets ASA-status."},"aqlPath":"/content[openEHR-EHR-OBSERVATION.exam.v1]/data[at0001]/events[at0002]/data[at0003]/items[openEHR-EHR-CLUSTER.asa_status.v1]/items[at0014]/value","inputs":[{"type":"TEXT"}],"formId":"operatørvurdering/funn_ved_fysisk_undersøkelse/uspesifisert_hendelse/asa-klassifikasjon/kommentar","viewConfig":{"annotations":{"select":"{#asa:/items[at0014]/value}"},"advanced":{"hidden":false,"readonly":false},"size":{"field":"inherit","label":"inherit","fill":"inherit"},"layout":{"label":{"valign":"inherit","align":"inherit"},"field":{"valign":"inherit","align":"inherit"}},"tags":[],"datasource":{"loadRemote":false,"loadRemoteUrl":"","terminology":""},"field":{"input":{"presentation":"textfield"}}}}],"viewConfig":{"advanced":{"hidden":false,"readonly":false,"render":false},"size":{"field":"large","label":"inherit","fill":"inherit"},"layout":{"label":{"valign":"inherit","align":"top"},"field":{"valign":"inherit","align":"inherit"}},"tags":["HideLabel"],"annotations":{"HeaderSize":"text"}}},{"name":"Hjerteundersøkelse","localizedName":"Hjerteundersøkelse","rmType":"CLUSTER","nodeId":"openEHR-EHR-CLUSTER.exam_heart.v1","min":"1","max":"1","localizedNames":{"nb":"Hjerteundersøkelse"},"localizedDescriptions":{"nb":"Funn observert ved klinisk undersøkelse av hjertet."},"aqlPath":"/content[openEHR-EHR-OBSERVATION.exam.v1]/data[at0001]/events[at0002]/data[at0003]/items[openEHR-EHR-CLUSTER.exam_chest.v1,'Undersøkelse av hjerte og lunge']/items[openEHR-EHR-CLUSTER.exam_heart.v1]","formId":"operatørvurdering/funn_ved_fysisk_undersøkelse/uspesifisert_hendelse/undersøkelse_av_hjerte_og_lunge/hjerteundersøkelse","children":[{"name":"Uten anmerkning","localizedName":"Uten anmerkning","rmType":"DV_BOOLEAN","nodeId":"at0002","min":0,"max":1,"localizedNames":{"nb":"Uten anmerkning"},"localizedDescriptions":{"nb":"Konstatering at funn ved undersøkelse ikke viste noe unormalt."},"annotations":{"comment":"Dokumenter som Sann dersom intet unormalt ble funnet ved undersøkelse. Spesifikke uttalelser vedrørende undersøkelse kan bli inkludert i dataelementet \"klinisk interpretasjon\"."},"aqlPath":"/content[openEHR-EHR-OBSERVATION.exam.v1]/data[at0001]/events[at0002]/data[at0003]/items[openEHR-EHR-CLUSTER.exam_chest.v1,'Undersøkelse av hjerte og lunge']/items[openEHR-EHR-CLUSTER.exam_heart.v1]/items[at0002]/value","inputs":[{"type":"BOOLEAN","list":[{"value":"true","label":"true"}],"defaultValue":false}],"formId":"operatørvurdering/funn_ved_fysisk_undersøkelse/uspesifisert_hendelse/undersøkelse_av_hjerte_og_lunge/hjerteundersøkelse/uten_anmerkning","viewConfig":{"annotations":{"select":"{#exam_heart:/items[at0002]/value}","nullflavour":"271"},"size":{"field":"inherit","label":"inherit","fill":"inherit"},"layout":{"field":{"valign":"inherit","align":"inherit"}},"datasource":{"loadRemote":false,"loadRemoteUrl":"","terminology":""},"field":{"input":{"threeState":false}}}},{"name":"Klinisk beskrivelse","localizedName":"Klinisk beskrivelse","rmType":"DV_TEXT","nodeId":"at0003","min":"0","max":"1","localizedNames":{"nb":"Klinisk beskrivelse"},"localizedDescriptions":{"nb":"Beskrivelse av samlede funn observert ved klinisk undersøkelse av hjertet."},"aqlPath":"/content[openEHR-EHR-OBSERVATION.exam.v1]/data[at0001]/events[at0002]/data[at0003]/items[openEHR-EHR-CLUSTER.exam_chest.v1,'Undersøkelse av hjerte og lunge']/items[openEHR-EHR-CLUSTER.exam_heart.v1]/items[at0003]/value","inputs":[{"type":"TEXT"}],"formId":"operatørvurdering/funn_ved_fysisk_undersøkelse/uspesifisert_hendelse/undersøkelse_av_hjerte_og_lunge/hjerteundersøkelse/klinisk_beskrivelse","viewConfig":{"annotations":{"select":"{#exam_heart:/items[at0003]/value}","nullflavour":"271"},"advanced":{"hidden":false,"readonly":false},"size":{"field":"inherit","label":"inherit","fill":"inherit"},"layout":{"label":{"valign":"inherit","align":"top"},"field":{"valign":"inherit","align":"inherit"}},"tags":[],"datasource":{"loadRemote":false,"loadRemoteUrl":"","terminology":""},"field":{"input":{"presentation":"textfield"}}}}],"viewConfig":{"annotations":{"HeaderSize":"text"},"advanced":{"hidden":false,"readonly":false,"render":false},"size":{"field":"inherit","label":"inherit","fill":"inherit"},"layout":{"label":{"valign":"inherit","align":"inherit"},"field":{"valign":"inherit","align":"inherit"}},"tags":[]}},{"name":"Lungeundersøkelse","localizedName":"Lungeundersøkelse","rmType":"CLUSTER","nodeId":"openEHR-EHR-CLUSTER.exam_lungs.v1","min":"1","max":"1","localizedNames":{"nb":"Lungeundersøkelse"},"localizedDescriptions":{"nb":"Funn observert ved klinisk undersøkelse av begge lunger."},"aqlPath":"/content[openEHR-EHR-OBSERVATION.exam.v1]/data[at0001]/events[at0002]/data[at0003]/items[openEHR-EHR-CLUSTER.exam_chest.v1,'Undersøkelse av hjerte og lunge']/items[openEHR-EHR-CLUSTER.exam_lungs.v1]","formId":"operatørvurdering/funn_ved_fysisk_undersøkelse/uspesifisert_hendelse/undersøkelse_av_hjerte_og_lunge/undersøkelse_av_begge_lunger","children":[{"name":"Uten anmerkning","localizedName":"Uten anmerkning","rmType":"DV_BOOLEAN","nodeId":"at0002","min":0,"max":1,"localizedNames":{"nb":"Uten anmerkning"},"localizedDescriptions":{"nb":"Konstatering at funn ved undersøkelse ikke viste noe unormalt."},"annotations":{"comment":"Dokumenter som Sann dersom intet unormalt ble funnet ved undersøkelse. Spesifikke uttalelser vedrørende undersøkelse kan bli inkludert i dataelementet \"klinisk interpretasjon\"."},"aqlPath":"/content[openEHR-EHR-OBSERVATION.exam.v1]/data[at0001]/events[at0002]/data[at0003]/items[openEHR-EHR-CLUSTER.exam_chest.v1,'Undersøkelse av hjerte og lunge']/items[openEHR-EHR-CLUSTER.exam_lungs.v1]/items[at0002]/value","inputs":[{"type":"BOOLEAN","list":[{"value":"true","label":"true"}],"defaultValue":false}],"formId":"operatørvurdering/funn_ved_fysisk_undersøkelse/uspesifisert_hendelse/undersøkelse_av_hjerte_og_lunge/undersøkelse_av_begge_lunger/uten_anmerkning","viewConfig":{"annotations":{"select":"{#exam_lungs:/items[at0002]/value}","nullflavour":"271"},"size":{"field":"inherit","label":"inherit","fill":"inherit"},"layout":{"field":{"valign":"inherit","align":"inherit"}},"datasource":{"loadRemote":false,"loadRemoteUrl":"","terminology":""},"field":{"input":{"threeState":false}}}},{"name":"Klinisk beskrivelse","localizedName":"Klinisk beskrivelse","rmType":"DV_TEXT","nodeId":"at0003","min":"0","max":"1","localizedNames":{"nb":"Klinisk beskrivelse"},"localizedDescriptions":{"nb":"En tekstlig beskrivelse av samlete funn observert ved den kliniske undersøkelsen."},"aqlPath":"/content[openEHR-EHR-OBSERVATION.exam.v1]/data[at0001]/events[at0002]/data[at0003]/items[openEHR-EHR-CLUSTER.exam_chest.v1,'Undersøkelse av hjerte og lunge']/items[openEHR-EHR-CLUSTER.exam_lungs.v1]/items[at0003]/value","inputs":[{"type":"TEXT"}],"formId":"operatørvurdering/funn_ved_fysisk_undersøkelse/uspesifisert_hendelse/undersøkelse_av_hjerte_og_lunge/undersøkelse_av_begge_lunger/klinisk_beskrivelse","viewConfig":{"advanced":{"hidden":false,"readonly":false},"size":{"field":"inherit","label":"inherit","fill":"inherit"},"layout":{"label":{"valign":"inherit","align":"top"},"field":{"valign":"inherit","align":"inherit"}},"tags":[],"datasource":{"loadRemote":false,"loadRemoteUrl":"","terminology":""},"annotations":{"select":"{#exam_lungs:/items[at0003]/value}","nullflavour":"271"},"field":{"input":{"presentation":"textfield"}}}}],"viewConfig":{"annotations":{"HeaderSize":"text"},"advanced":{"hidden":false,"readonly":false,"render":false},"size":{"field":"inherit","label":"inherit","fill":"inherit"},"layout":{"label":{"valign":"inherit","align":"inherit"},"field":{"valign":"inherit","align":"inherit"}},"tags":[]}},{"localizedName":"Fieldset","localizedNames":{"nb":"Fieldset"},"min":"0","max":"1","name":"Fieldset","rmType":"GENERIC_FIELDSET","formId":"generic-field-20120","children":[{"name":"Bruker medisin?","localizedName":"Bruker medisin?","rmType":"DV_BOOLEAN","nodeId":"at0011","min":"0","max":"1","localizedNames":{"nb":"Bruker medisin?"},"localizedDescriptions":{"nb":"Tilstedeværelse av beskrevet faktor. Tilstedeværelse kan angis på foskjellig måte og behovene vil være foskjellige avhengis av situasjon. En vil noen gang kun ha behov for å bekrefte at faktoren er til stede, andre ganger vil man også eksplisitt ønske å angi at nevnt faktor ikke er tilstede. Noen ganger er infomrasjonen ikke etterspurt eller ikke aktuell i denne sammenheng."},"aqlPath":"/content[openEHR-EHR-OBSERVATION.poor_outcome_and_or_complication_risk_assesement.v1,'Medikamenter og allergier']/data[at0001]/events[at0002]/data[at0003]/items[at0009,'Bruk av medikamenter']/items[at0011]/value","inputs":[{"type":"BOOLEAN"}],"formId":"operatørvurdering/medikamenter_og_allergier/bruk_av_medikamenter/tilstedeværelse","viewConfig":{"advanced":{"hidden":false,"readonly":false},"size":{"field":"large","label":"3","fill":"inherit"},"layout":{"label":{"valign":"inherit","align":"inherit"},"field":{"valign":"inherit","align":"inherit"}},"tags":["ShowAsRadios"],"datasource":{"loadRemote":false,"loadRemoteUrl":"","terminology":""},"annotations":{"select":"{#medikamenter_allergier:/items[at0009,'Bruk av medikamenter']/items[at0011]/value}","description":"Bruker pasienten medisiner?"},"field":{"input":{"threeState":false}}}},{"name":"Medikamenter","localizedName":"Medikamenter","rmType":"DV_TEXT","nodeId":"at0010","min":"0","max":"100","localizedNames":{"nb":"Medikamenter"},"localizedDescriptions":{"nb":"Navn på helsefaktor som utgjør en rsiko for dårlig utfall. Når bruk av medisiner er helsefaktoren vil navnet helsefaktor navn være en substansgrupppe eller navn på medikamentene pasienten bruker. Når helsefaktor er pasientstatus kan det være en egneskap ved pasientens sirkulasjon f.eks. høyt blodtrykk. "},"aqlPath":"/content[openEHR-EHR-OBSERVATION.poor_outcome_and_or_complication_risk_assesement.v1,'Medikamenter og allergier']/data[at0001]/events[at0002]/data[at0003]/items[at0009,'Bruk av medikamenter']/items[at0010]/value","inputs":[{"type":"TEXT"}],"formId":"operatørvurdering/medikamenter_og_allergier/bruk_av_medikamenter/helsefaktor_navn_egenskap","viewConfig":{"annotations":{"select":"{#medikamenter_allergier:/items[at0009,'Bruk av medikamenter']/items[at0010]/value}","description":"Navn på medikament som pasienten bruker."},"advanced":{"hidden":false,"readonly":false},"size":{"field":"inherit","label":"inherit","fill":"inherit"},"layout":{"label":{"valign":"inherit","align":"top"},"field":{"valign":"inherit","align":"inherit"}},"tags":[],"datasource":{"loadRemote":false,"loadRemoteUrl":"","terminology":""},"field":{"input":{"presentation":"textfield"}}}},{"name":"Har allergier?","localizedName":"Har allergier?","rmType":"DV_BOOLEAN","nodeId":"at0011","min":"0","max":"1","localizedNames":{"nb":"Har allergier?"},"localizedDescriptions":{"nb":"Tilstedeværelse av beskrevet faktor. Tilstedeværelse kan angis på foskjellig måte og behovene vil være foskjellige avhengis av situasjon. En vil noen gang kun ha behov for å bekrefte at faktoren er til stede, andre ganger vil man også eksplisitt ønske å angi at nevnt faktor ikke er tilstede. Noen ganger er infomrasjonen ikke etterspurt eller ikke aktuell i denne sammenheng."},"aqlPath":"/content[openEHR-EHR-OBSERVATION.poor_outcome_and_or_complication_risk_assesement.v1,'Medikamenter og allergier']/data[at0001]/events[at0002]/data[at0003]/items[at0009,'Allergier']/items[at0011]/value","inputs":[{"type":"BOOLEAN"}],"formId":"operatørvurdering/medikamenter_og_allergier/allergier/tilstedeværelse","viewConfig":{"advanced":{"hidden":false,"readonly":false},"size":{"field":"inherit","label":"inherit","fill":"inherit"},"layout":{"label":{"valign":"inherit","align":"inherit"},"field":{"valign":"inherit","align":"inherit"}},"tags":["ShowAsRadios"],"datasource":{"loadRemote":false,"loadRemoteUrl":"","terminology":""},"annotations":{"select":"{#medikamenter_allergier:/items[at0009,'Allergier']/items[at0011]/value}","description":"Har pasienten allergier?"},"field":{"input":{"threeState":false}}}},{"name":"Allergier","localizedName":"Allergier","rmType":"DV_TEXT","nodeId":"at0010","min":"0","max":"100","localizedNames":{"nb":"Allergier"},"localizedDescriptions":{"nb":"Navn på helsefaktor som utgjør en rsiko for dårlig utfall. Når bruk av medisiner er helsefaktoren vil navnet helsefaktor navn være en substansgrupppe eller navn på medikamentene pasienten bruker. Når helsefaktor er pasientstatus kan det være en egneskap ved pasientens sirkulasjon f.eks. høyt blodtrykk. "},"aqlPath":"/content[openEHR-EHR-OBSERVATION.poor_outcome_and_or_complication_risk_assesement.v1,'Medikamenter og allergier']/data[at0001]/events[at0002]/data[at0003]/items[at0009,'Allergier']/items[at0010]/value","inputs":[{"type":"TEXT"}],"formId":"operatørvurdering/medikamenter_og_allergier/allergier/helsefaktor_navn_egenskap","viewConfig":{"advanced":{"hidden":false,"readonly":false},"size":{"field":"inherit","label":"inherit","fill":"inherit"},"layout":{"label":{"valign":"inherit","align":"top"},"field":{"valign":"inherit","align":"inherit"}},"tags":[],"datasource":{"loadRemote":false,"loadRemoteUrl":"","terminology":""},"annotations":{"select":"{#medikamenter_allergier:/items[at0009,'Allergier']/items[at0010]/value}","description":"navn på stoff, medikament, næringsmiddel etc. som utløser allergien."},"field":{"input":{"presentation":"textfield"}}}}],"viewConfig":{"advanced":{"hidden":false,"readonly":false,"render":false},"size":{"field":"large","label":"inherit","fill":"inherit"},"layout":{"label":{"valign":"inherit","align":"top"},"field":{"valign":"inherit","align":"inherit"}},"tags":["HideLabel"],"annotations":{"HeaderSize":"text"}}},{"localizedName":"Tobakksbruk","localizedNames":{"nb":"Tobakksbruk"},"min":"0","max":"1","name":"Tobakksbruk","rmType":"GENERIC_FIELDSET","formId":"generic-field-77095","children":[{"name":"Bruker tobakk","localizedName":"Bruker tobakk","rmType":"DV_BOOLEAN","nodeId":"at0004","min":"0","max":"1","localizedNames":{"nb":"Bruker tobakk"},"localizedDescriptions":{"nb":"Brukes tobakk av en eller annen type?"},"annotations":{"comment":"Registrer som Sann dersom individet bruker tobakk. Registrer som Usann dersom individet ikke bruker tobakk."},"aqlPath":"/content[openEHR-EHR-OBSERVATION.tobacco_use.v1]/data[at0001]/events[at0002]/data[at0003]/items[at0004]/value","inputs":[{"type":"BOOLEAN"}],"formId":"operatørvurdering/tobakksbruk/tobakksbruk","viewConfig":{"advanced":{"hidden":false,"readonly":false},"size":{"field":"inherit","label":"inherit","fill":"inherit"},"layout":{"label":{"valign":"inherit","align":"inherit"},"field":{"valign":"inherit","align":"inherit"}},"tags":["ShowAsRadios"],"datasource":{"loadRemote":false,"loadRemoteUrl":"","terminology":""},"annotations":{"select":"{#tobakk:/data[at0001]/events[at0002]/data[at0003]/items[at0004]/value}"},"field":{"input":{"threeState":false}}}},{"name":"Type","localizedName":"Type","rmType":"DV_TEXT","nodeId":"at0006","min":"0","max":"1","localizedNames":{"nb":"Type"},"localizedDescriptions":{"nb":"Type tobakk som brukes eller forbrukes."},"annotations":{"comment":"Den geografiske og kulturelle variasjon i vanlig brukte typer tobakk varierer betydelig, så denne verdien bør ikke spesifiseres i arketypen. Derimot er koding av \"Type\" med terminologi ønskelig når mulig."},"aqlPath":"/content[openEHR-EHR-OBSERVATION.tobacco_use.v1]/data[at0001]/events[at0002]/data[at0003]/items[at0005]/items[at0006]/value","inputs":[{"type":"TEXT","list":[{"value":"Sigaretter","label":"Sigaretter"},{"value":"Rulletobakk","label":"Rulletobakk"},{"value":"Sigar","label":"Sigar"},{"value":"Pipe","label":"Pipe"},{"value":"Vannpipe","label":"Vannpipe"},{"value":"Tobakk uten røyk","label":"Tobakk uten røyk"}],"listOpen":false}],"formId":"operatørvurdering/tobakksbruk/detaljer_om_bruk/type","viewConfig":{"advanced":{"hidden":false,"readonly":false},"size":{"field":"inherit","label":"inherit","fill":"inherit"},"layout":{"label":{"valign":"inherit","align":"inherit"},"field":{"valign":"inherit","align":"inherit"}},"tags":["ShowAsCombobox"],"datasource":{"loadRemote":false,"loadRemoteUrl":"","terminology":""},"annotations":{"select":"{#tobakk:/data[at0001]/events[at0002]/data[at0003]/items[at0005]/items[at0006]/value}"},"field":{"input":{"presentation":"textfield"}}}},{"name":"Antall røkt","localizedName":"Antall røkt","rmType":"DV_QUANTITY","nodeId":"at0014","min":0,"max":1,"localizedNames":{"nb":"Antall røkt"},"localizedDescriptions":{"nb":"Antall enheter som inneholder tobakk som er røkt."},"annotations":{"comment":"For eksempel sigaretter eller sigarer."},"aqlPath":"/content[openEHR-EHR-OBSERVATION.tobacco_use.v1]/data[at0001]/events[at0002]/data[at0003]/items[at0005]/items[at0015]/items[at0014]/value","inputs":[{"suffix":"magnitude","type":"DECIMAL"},{"suffix":"unit","type":"CODED_TEXT","list":[{"value":"/d","label":"/d"},{"value":"/wk","label":"/wk"},{"value":"/mo","label":"/mo"}],"defaultValue":"/d"}],"formId":"operatørvurdering/tobakksbruk/detaljer_om_bruk/mengde/antall_røkt","viewConfig":{"field":{"magnitude":{"presentation":"combobox"}},"annotations":{"select":"{#tobakk:/data[at0001]/events[at0002]/data[at0003]/items[at0005]/items[at0015]/items[at0014]/value}"},"size":{"field":"inherit","label":"inherit","fill":"inherit"},"layout":{"field":{"valign":"inherit","align":"inherit"}},"datasource":{"loadRemote":false,"loadRemoteUrl":"","terminology":""}}},{"name":"Mengde konsumert","localizedName":"Mengde konsumert","rmType":"DV_QUANTITY","nodeId":"at0016","min":0,"max":1,"localizedNames":{"nb":"Mengde konsumert"},"localizedDescriptions":{"nb":"Vekten til tobakksmengden som er konsumert."},"annotations":{"comment":"For eksempel røkt i en pipe eller mengde tyggetobakk."},"aqlPath":"/content[openEHR-EHR-OBSERVATION.tobacco_use.v1]/data[at0001]/events[at0002]/data[at0003]/items[at0005]/items[at0015]/items[at0016]/value","inputs":[{"suffix":"magnitude","type":"DECIMAL"},{"suffix":"unit","type":"CODED_TEXT","list":[{"value":"g/d","label":"g/d"},{"value":"g/wk","label":"g/wk"}],"defaultValue":"g/d"}],"formId":"operatørvurdering/tobakksbruk/detaljer_om_bruk/mengde/mengde_konsumert","viewConfig":{"field":{"magnitude":{"presentation":"combobox"}},"annotations":{"select":"{#tobakk:/data[at0001]/events[at0002]/data[at0003]/items[at0005]/items[at0015]/items[at0016]/value}"},"size":{"field":"inherit","label":"inherit","fill":"inherit"},"layout":{"field":{"valign":"inherit","align":"inherit"}},"datasource":{"loadRemote":false,"loadRemoteUrl":"","terminology":""}}}],"viewConfig":{"annotations":{"HeaderSize":"text"},"advanced":{"hidden":false,"readonly":false,"render":false},"size":{"field":"large","label":"inherit","fill":"inherit"},"layout":{"label":{"valign":"inherit","align":"top"},"field":{"valign":"inherit","align":"inherit"}},"tags":["HideLabel"]}}]}