[{"col":1,"row":1,"width":12,"height":50,"children":[{"id":"generic-field-59003","rows":[{"cols":[{"width":"100%","children":[{"id":"operatørvurdering/prosedyre/ism_transition","rows":[{"cols":[{"width":"100%","children":[{"id":"operatørvurdering/prosedyre/ism_transition/current_state"},{"id":"operatørvurdering/prosedyre/ism_transition/careflow_step"}]}]}]},{"id":"operatørvurdering/prosedyre/prosedyrenavn"},{"id":"operatørvurdering/prosedyre/beskrivelse"},{"id":"operatørvurdering/prosedyre/tilleggsprosedyre","rows":[{"cols":[{"width":"100%","children":[{"id":"operatørvurdering/prosedyre/tilleggsprosedyre/planlagt_prosedyre"},{"id":"operatørvurdering/prosedyre/tilleggsprosedyre/indikasjon"},{"id":"operatørvurdering/prosedyre/tilleggsprosedyre/beskrivelse_prosedyre"}]}]}]}]}]},{"cols":[{"width":"49%","children":[{"id":"operatørvurdering/prosedyre/operasjonsdetaljer/smittestatus"},{"id":"operatørvurdering/prosedyre/operasjonsdetaljer/operasjonsleie"}]},{"width":"48%","children":[{"id":"operatørvurdering/prosedyre/operasjonsdetaljer/avdekning_incisjon/avdekning_incisjon"},{"id":"operatørvurdering/prosedyre/operasjonsdetaljer/avdekning_incisjon/side"}]}]},{"cols":[{"width":"49%","children":[{"id":"operatørvurdering/prosedyre/spesielle_behov_kirurgi/spesialutstyr"},{"id":"operatørvurdering/prosedyre/spesielle_behov_kirurgi/blodprodukter"},{"id":"operatørvurdering/prosedyre/spesielle_behov_kirurgi/andre_behov"}]},{"width":"48%","children":[{"id":"operatørvurdering/antibiotikaprofylakse/ofte_brukte_medikamenter/hurtigvalg_antibiotikaprofylakse"},{"id":"generic-field-15452"},{"id":"operatørvurdering/antibiotikaprofylakse/legemiddel_medisin"},{"id":"operatørvurdering/antibiotikaprofylakse/foreskrivninger"},{"id":"operatørvurdering/annen_medisin_under_operasjon/ofte_brukte_medikamenter/hurtigvalg_annen_medikasjon_under_operasjon"},{"id":"operatørvurdering/annen_medisin_under_operasjon/legemiddel_medisin"},{"id":"operatørvurdering/annen_medisin_under_operasjon/foreskrivninger"},{"id":"operatørvurdering/antibiotikaprofylakse/ism_transition","rows":[{"cols":[{"width":"100%","children":[{"id":"operatørvurdering/antibiotikaprofylakse/ism_transition/current_state"},{"id":"operatørvurdering/antibiotikaprofylakse/ism_transition/careflow_step"}]}]}]},{"id":"operatørvurdering/annen_medisin_under_operasjon/ism_transition","rows":[{"cols":[{"width":"100%","children":[{"id":"operatørvurdering/annen_medisin_under_operasjon/ism_transition/current_state"},{"id":"operatørvurdering/annen_medisin_under_operasjon/ism_transition/careflow_step"}]}]}]}]}]}]}]},{"col":1,"row":51,"width":12,"height":4,"children":[{"id":"operatørvurdering/prosedyre/viktig_informasjon","rows":[{"cols":[{"width":"100%","children":[{"id":"operatørvurdering/prosedyre/viktig_informasjon/viktig_informasjon"}]}]}]}]},{"col":1,"row":55,"width":12,"height":4,"children":[{"id":"generic-field-45340","rows":[{"cols":[{"width":"25%","children":[{"id":"operatørvurdering/høyde_lengde/uspesifisert_hendelse/høyde_lengde"}]},{"width":"24%","children":[{"id":"operatørvurdering/kroppsvekt/uspesifisert_hendelse/kroppsvekt"}]},{"width":"25%","children":[{"id":"operatørvurdering/blodtrykk/uspesifisert_hendelse/systolisk"}]},{"width":"24%","children":[{"id":"operatørvurdering/blodtrykk/uspesifisert_hendelse/diastolisk"}]}]}]}]},{"col":1,"row":59,"width":12,"height":8,"children":[{"id":"generic-field-55941","rows":[{"cols":[{"width":"49%","children":[{"id":"operatørvurdering/prosedyre/ønsket_anestesi/ønsket_anestesi"}]},{"width":"48%","children":[{"id":"operatørvurdering/prosedyre/ønsket_anestesi/kommentar"}]}]},{"cols":[{"width":"49%","children":[{"id":"operatørvurdering/funn_ved_fysisk_undersøkelse/uspesifisert_hendelse/asa-klassifikasjon/asa-status"}]},{"width":"48%","children":[{"id":"operatørvurdering/funn_ved_fysisk_undersøkelse/uspesifisert_hendelse/asa-klassifikasjon/kommentar"}]}]}]}]},{"col":1,"row":67,"width":6,"height":9,"children":[{"id":"operatørvurdering/funn_ved_fysisk_undersøkelse/uspesifisert_hendelse/undersøkelse_av_hjerte_og_lunge/hjerteundersøkelse","rows":[{"cols":[{"width":"100%","children":[{"id":"operatørvurdering/funn_ved_fysisk_undersøkelse/uspesifisert_hendelse/undersøkelse_av_hjerte_og_lunge/hjerteundersøkelse/uten_anmerkning"},{"id":"operatørvurdering/funn_ved_fysisk_undersøkelse/uspesifisert_hendelse/undersøkelse_av_hjerte_og_lunge/hjerteundersøkelse/klinisk_beskrivelse"}]}]}]}]},{"col":7,"row":67,"width":6,"height":9,"children":[{"id":"operatørvurdering/funn_ved_fysisk_undersøkelse/uspesifisert_hendelse/undersøkelse_av_hjerte_og_lunge/undersøkelse_av_begge_lunger","rows":[{"cols":[{"width":"100%","children":[{"id":"operatørvurdering/funn_ved_fysisk_undersøkelse/uspesifisert_hendelse/undersøkelse_av_hjerte_og_lunge/undersøkelse_av_begge_lunger/uten_anmerkning"},{"id":"operatørvurdering/funn_ved_fysisk_undersøkelse/uspesifisert_hendelse/undersøkelse_av_hjerte_og_lunge/undersøkelse_av_begge_lunger/klinisk_beskrivelse"}]}]}]}]},{"col":1,"row":76,"width":12,"height":19,"children":[{"id":"generic-field-20120","rows":[{"cols":[{"width":"50%","children":[{"id":"operatørvurdering/medikamenter_og_allergier/bruk_av_medikamenter/tilstedeværelse"},{"id":"operatørvurdering/medikamenter_og_allergier/bruk_av_medikamenter/helsefaktor_navn_egenskap"}]},{"width":"50%","children":[{"id":"operatørvurdering/medikamenter_og_allergier/allergier/tilstedeværelse"},{"id":"operatørvurdering/medikamenter_og_allergier/allergier/helsefaktor_navn_egenskap"}]}]}]},{"id":"generic-field-77095","rows":[{"cols":[{"width":"50%","children":[{"id":"operatørvurdering/tobakksbruk/tobakksbruk"}]},{"width":"50%","children":[]}]},{"cols":[{"width":"50%","children":[{"id":"operatørvurdering/tobakksbruk/detaljer_om_bruk/type"}]},{"width":"50%","children":[{"id":"operatørvurdering/tobakksbruk/detaljer_om_bruk/mengde/antall_røkt"},{"id":"operatørvurdering/tobakksbruk/detaljer_om_bruk/mengde/mengde_konsumert"}]}]}]}]}]