[{"field":"operatørvurdering/antibiotikaprofylakse/ofte_brukte_medikamenter/hurtigvalg_antibiotikaprofylakse","conditions":[{"operator":"equals","value":{"value":"Cefalotin 2 g x 4, 30-60 før knivstart"},"actions":[{"action":"set","target":"operatørvurdering/antibiotikaprofylakse/legemiddel_medisin","value":{"value":"Cefalotin"}},{"action":"set","target":"operatørvurdering/antibiotikaprofylakse/foreskrivninger","value":{"value":"2 g x 4, 30-60 før knivstart"}}]},{"operator":"equals","value":{"value":"Cefalotin 2 g, 30-60 før knivstart"},"actions":[{"action":"set","target":"operatørvurdering/antibiotikaprofylakse/legemiddel_medisin","value":{"value":"Cefalotin"}},{"action":"set","target":"operatørvurdering/antibiotikaprofylakse/foreskrivninger","value":{"value":"2 g, 30-60 før knivstart"}}]},{"operator":"equals","value":{"value":"Avvente prøvetaking deretter Cefalotin 2 g x 4"},"actions":[{"action":"set","target":"operatørvurdering/antibiotikaprofylakse/legemiddel_medisin","value":{"value":"Cefalotin"}},{"action":"set","target":"operatørvurdering/antibiotikaprofylakse/foreskrivninger","value":{"value":"Avvente prøvetaking deretter Cefalotin 2 g x 4"}}]},{"operator":"equals","value":{"value":"Klindamycin 600 mg x 4, 30-60 min før knivstart"},"actions":[{"action":"set","target":"operatørvurdering/antibiotikaprofylakse/legemiddel_medisin","value":{"value":"Klindamycin"}},{"action":"set","target":"operatørvurdering/antibiotikaprofylakse/foreskrivninger","value":{"value":"600 mg x 4, 30-60 min før knivstart"}}]},{"operator":"equals","value":{"value":"Klindamycin 600 mg, 30-60 min før knivstart"},"actions":[{"action":"set","target":"operatørvurdering/antibiotikaprofylakse/legemiddel_medisin","value":{"value":"Klindamycin"}},{"action":"set","target":"operatørvurdering/antibiotikaprofylakse/foreskrivninger","value":{"value":"600 mg, 30-60 min før knivstart"}}]},{"operator":"empty","value":null,"actions":[{"action":"clear","target":"operatørvurdering/antibiotikaprofylakse/legemiddel_medisin","value":{"value":"Klindamycin"}},{"action":"clear","target":"operatørvurdering/antibiotikaprofylakse/foreskrivninger","value":{"value":"600 mg, 30-60 min før knivstart"}}]}]},{"field":"operatørvurdering/annen_medisin_under_operasjon/ofte_brukte_medikamenter/hurtigvalg_annen_medikasjon_under_operasjon","conditions":[{"operator":"equals","value":{"value":"Cyclokapron/Traneksamsyre 10mg/kg etter avtale før blodtomhetslipp. + etter 3 timer"},"actions":[{"action":"set","target":"operatørvurdering/annen_medisin_under_operasjon/legemiddel_medisin","value":{"value":"Cyclokapron/Traneksamsyre"}},{"action":"set","target":"operatørvurdering/annen_medisin_under_operasjon/foreskrivninger","value":{"value":"10mg/kg etter avtale før blodtomhetslipp. + etter 3 timer"}}]},{"operator":"empty","value":null,"actions":[{"action":"reset","target":"operatørvurdering/annen_medisin_under_operasjon/legemiddel_medisin","value":{"value":""}},{"action":"reset","target":"operatørvurdering/annen_medisin_under_operasjon/foreskrivninger","value":{"value":""}}]},{"operator":"equals","value":{"value":"Cyclokapron/Traneksamsyre 10mg/kg 20-30 min før knivstart + etter 3 timer"},"actions":[{"action":"set","target":"operatørvurdering/annen_medisin_under_operasjon/legemiddel_medisin","value":{"value":"Cyclokapron/Traneksamsyre"}},{"action":"set","target":"operatørvurdering/annen_medisin_under_operasjon/foreskrivninger","value":{"value":"10mg/kg 20-30 min før knivstart + etter 3 timer"}}]}]},{"field":"operatørvurdering/medikamenter_og_allergier/bruk_av_medikamenter/tilstedeværelse","conditions":[{"operator":"isnot","value":{"value":true},"actions":[{"action":"hide","target":"operatørvurdering/medikamenter_og_allergier/bruk_av_medikamenter/helsefaktor_navn_egenskap","value":{"value":""}},{"action":"reset","target":"operatørvurdering/medikamenter_og_allergier/bruk_av_medikamenter/helsefaktor_navn_egenskap","value":{"value":""}}]},{"operator":"is","value":{"value":true},"actions":[{"action":"show","target":"operatørvurdering/medikamenter_og_allergier/bruk_av_medikamenter/helsefaktor_navn_egenskap","value":{"value":""}}]}]},{"field":"operatørvurdering/medikamenter_og_allergier/allergier/tilstedeværelse","conditions":[{"operator":"isnot","value":{"value":true},"actions":[{"action":"hide","target":"operatørvurdering/medikamenter_og_allergier/allergier/helsefaktor_navn_egenskap","value":{"value":""}},{"action":"reset","target":"operatørvurdering/medikamenter_og_allergier/allergier/helsefaktor_navn_egenskap","value":{"value":""}}]},{"operator":"is","value":{"value":true},"actions":[{"action":"show","target":"operatørvurdering/medikamenter_og_allergier/allergier/helsefaktor_navn_egenskap","value":{"value":""}}]}]},{"field":"operatørvurdering/tobakksbruk/tobakksbruk","conditions":[{"operator":"isnot","value":{"value":true},"actions":[{"action":"hide","target":"operatørvurdering/tobakksbruk/detaljer_om_bruk/type","value":{"value":""}},{"action":"hide","target":"operatørvurdering/tobakksbruk/detaljer_om_bruk/mengde/antall_røkt","value":{"unit":""}},{"action":"hide","target":"operatørvurdering/tobakksbruk/detaljer_om_bruk/mengde/mengde_konsumert","value":{"unit":""}},{"action":"clear","target":"operatørvurdering/tobakksbruk/detaljer_om_bruk/type","value":{"value":""}},{"action":"clear","target":"operatørvurdering/tobakksbruk/detaljer_om_bruk/mengde/antall_røkt","value":{"unit":""}},{"action":"clear","target":"operatørvurdering/tobakksbruk/detaljer_om_bruk/mengde/mengde_konsumert","value":{"unit":""}}]},{"operator":"is","value":{"value":true},"actions":[{"action":"show","target":"operatørvurdering/tobakksbruk/detaljer_om_bruk/type","value":{"value":""}}]}]},{"field":"operatørvurdering/tobakksbruk/detaljer_om_bruk/type","conditions":[{"operator":"empty","value":null,"actions":[{"action":"hide","target":"operatørvurdering/tobakksbruk/detaljer_om_bruk/mengde/mengde_konsumert","value":{"unit":""}},{"action":"hide","target":"operatørvurdering/tobakksbruk/detaljer_om_bruk/mengde/antall_røkt","value":{"unit":""}},{"action":"clear","target":"operatørvurdering/tobakksbruk/detaljer_om_bruk/mengde/mengde_konsumert","value":{"unit":""}},{"action":"clear","target":"operatørvurdering/tobakksbruk/detaljer_om_bruk/mengde/antall_røkt","value":{"unit":""}}]},{"operator":"equals","value":{"value":"Sigaretter"},"actions":[{"action":"show","target":"operatørvurdering/tobakksbruk/detaljer_om_bruk/mengde/antall_røkt","value":{"unit":""}},{"action":"hide","target":"operatørvurdering/tobakksbruk/detaljer_om_bruk/mengde/mengde_konsumert","value":{"unit":""}},{"action":"clear","target":"operatørvurdering/tobakksbruk/detaljer_om_bruk/mengde/mengde_konsumert","value":{"unit":""}}]},{"operator":"equals","value":{"value":"Sigar"},"actions":[{"action":"show","target":"operatørvurdering/tobakksbruk/detaljer_om_bruk/mengde/antall_røkt","value":{"unit":""}},{"action":"hide","target":"operatørvurdering/tobakksbruk/detaljer_om_bruk/mengde/mengde_konsumert","value":{"unit":""}},{"action":"clear","target":"operatørvurdering/tobakksbruk/detaljer_om_bruk/mengde/mengde_konsumert","value":{"unit":""}}]},{"operator":"equals","value":{"value":"Rulletobakk"},"actions":[{"action":"show","target":"operatørvurdering/tobakksbruk/detaljer_om_bruk/mengde/mengde_konsumert","value":{"unit":""}},{"action":"hide","target":"operatørvurdering/tobakksbruk/detaljer_om_bruk/mengde/antall_røkt","value":{"unit":""}},{"action":"clear","target":"operatørvurdering/tobakksbruk/detaljer_om_bruk/mengde/antall_røkt","value":{"unit":""}}]},{"operator":"equals","value":{"value":"Pipe"},"actions":[{"action":"show","target":"operatørvurdering/tobakksbruk/detaljer_om_bruk/mengde/mengde_konsumert","value":{"unit":""}},{"action":"hide","target":"operatørvurdering/tobakksbruk/detaljer_om_bruk/mengde/antall_røkt","value":{"unit":""}},{"action":"clear","target":"operatørvurdering/tobakksbruk/detaljer_om_bruk/mengde/antall_røkt","value":{"unit":""}}]},{"operator":"equals","value":{"value":"Vannpipe"},"actions":[{"action":"show","target":"operatørvurdering/tobakksbruk/detaljer_om_bruk/mengde/mengde_konsumert","value":{"unit":""}},{"action":"hide","target":"operatørvurdering/tobakksbruk/detaljer_om_bruk/mengde/antall_røkt","value":{"unit":""}},{"action":"clear","target":"operatørvurdering/tobakksbruk/detaljer_om_bruk/mengde/antall_røkt","value":{"unit":""}}]},{"operator":"equals","value":{"value":"Tobakk uten røyk"},"actions":[{"action":"show","target":"operatørvurdering/tobakksbruk/detaljer_om_bruk/mengde/mengde_konsumert","value":{"unit":""}},{"action":"hide","target":"operatørvurdering/tobakksbruk/detaljer_om_bruk/mengde/antall_røkt","value":{"unit":""}},{"action":"clear","target":"operatørvurdering/tobakksbruk/detaljer_om_bruk/mengde/antall_røkt","value":{"unit":""}}]}]}]