{"name":"Form root","localizedNames":{},"localizedDescriptions":{},"rmType":"FORM_DEFINITION","min":0,"max":0,"formId":"form_root","viewConfig":{"label":{"custom":false,"useLocalizations":false},"size":{"field":"medium","label":"inherit"},"layout":{"label":{"valign":"inherit","align":"inherit"},"field":{"valign":"inherit","align":"inherit"}},"annotations":{}},"children":[{"name":"Ansvarlig fysioterapeut","localizedName":"Ansvarlig fysioterapeut","localizedNames":{"en":"*Ansvarlig fysioterapeut (en)","nb":"Ansvarlig fysioterapeut"},"localizedDescriptions":{"nb":"Innhold i beskjed","en":"*Innhold i beskjed (nb)"},"rmType":"DV_CODED_TEXT","nodeId":"at0002","min":0,"max":1,"aqlPath":"/content[openEHR-EHR-ADMIN_ENTRY.administrativ_informasjon_dips.v2 and name/value='Ansvarlig fysioterapeut']/data[at0001]/items[at0016]/items[at0002 and name/value='Ansvarlig fysioterapeut']/value","inputs":[{"suffix":"code","type":"TEXT","terminology":"DIPS?subset=HEALTHCAREPARTY&language=en-GB","listOpen":false},{"suffix":"value","type":"TEXT","terminology":"DIPS?subset=HEALTHCAREPARTY&language=en-GB","listOpen":false}],"formId":"informasjon_for_post/ansvarlig_fysioterapeut@Ansvarlig fysioterapeut/informasjon_beskjed/ansvarlig_fysioterapeut@Ansvarlig fysioterapeut","viewConfig":{"multiplicity":{"min":0,"max":1},"advanced":{"hidden":false,"readonly":false,"hideFrame":false,"render":false},"label":{"custom":false,"useLocalizations":false},"size":{"field":"inherit","label":"inherit"},"layout":{"label":{"valign":"inherit","align":"inherit"},"field":{"valign":"inherit","align":"inherit"}},"datasource":{"loadRemote":true,"loadRemoteUrl":"DIPS?subset=HEALTHCAREPARTY&language=en-GB"},"annotations":{"reuseComposition":"select c from composition c[openEHR-EHR-COMPOSITION.encounter.v1] contains ADMIN_ENTRY a[openEHR-EHR-ADMIN_ENTRY.administrativ_informasjon_dips.v2] where c/name/value = 'Informasjon for post' and a/name/value = 'Ansvarlig fysioterapeut' order by c/context/start_time/value DESC fetch 1?scope=episodeofcare"},"field":{}}},{"name":"Tidspunkt beskjed","localizedName":"Tidspunkt beskjed","localizedNames":{"en":"*Tidspunkt beskjed (nb)","nb":"Tidspunkt beskjed"},"localizedDescriptions":{"nb":"Tidspunkt for sending av beskjed","en":"*Tidspunkt for sending av beskjed (nb)"},"rmType":"DV_DATE_TIME","nodeId":"at0005","min":0,"max":1,"aqlPath":"/content[openEHR-EHR-ADMIN_ENTRY.administrativ_informasjon_dips.v2 and name/value='Ansvarlig fysioterapeut']/data[at0001]/items[at0016]/items[at0005]/value","inputs":[{"type":"DATETIME","listOpen":false}],"formId":"informasjon_for_post/ansvarlig_fysioterapeut@Ansvarlig fysioterapeut/informasjon_beskjed/tidspunkt_beskjed","viewConfig":{"multiplicity":{"min":0,"max":1},"advanced":{"hidden":true,"readonly":false,"hideFrame":false,"render":false},"label":{"custom":false,"useLocalizations":false},"size":{"field":"inherit","label":"inherit"},"layout":{"label":{"valign":"inherit","align":"inherit"},"field":{"valign":"inherit","align":"inherit"}},"annotations":{"templateVariable":"[sys.now]"},"field":{"input":{"hideTime":false,"dateFormat":"","hideDate":false}}}}]}