{"formId":"form_root","name":"Form root","rmType":"FORM_DEFINITION","viewConfig":{"label":{"custom":false,"value":"","useLocalizations":false,"localizationsList":{}},"size":{"field":"inherit","label":"inherit","fill":"inherit"},"layout":{"valign":"inherit","align":"inherit"},"tags":[],"annotations":{"compositionReuse":"select c from composition c contains observation e[openEHR-EHR-OBSERVATION.pvk_status.v2] where c/archetype_details/template_id/value = 'PVK Status V2' order by c/context/start_time/value desc fetch 1?scope=periodofcare"}},"language":"nb","templateLanguages":["nb"],"children":[{"name":"Er perifer venekanyle innlagt?","localizedName":"Er perifer venekanyle innlagt?","rmType":"DV_CODED_TEXT","nodeId":"at0004","min":"0","max":"1","localizedNames":{"nb":"Er perifer venekanyle innlagt?"},"localizedDescriptions":{"nb":"Har pasienten perifer venekanyle?"},"aqlPath":"/content[openEHR-EHR-OBSERVATION.pvk_status.v2]/data[at0001]/events[at0002]/data[at0003]/items[at0004]/value","inputs":[{"suffix":"code","type":"CODED_TEXT","list":[{"value":"at0006","label":"Ja","localizedLabels":{"nb":"Ja"},"localizedDescriptions":{"nb":"Perifer venekanyle er innlagt"}},{"value":"at0007","label":"Nei","localizedLabels":{"nb":"Nei"},"localizedDescriptions":{"nb":"Pasienten har ikke perifer venekanyle"}},{"value":"at0008","label":"Fjernet","localizedLabels":{"nb":"Fjernet"},"localizedDescriptions":{"nb":"Perifer venekanyle er fjernet"}}]}],"formId":"pvk_status_v2/pvk_status/status_pvk","viewConfig":{"size":{"field":"inherit","label":"inherit","fill":"inherit"},"layout":{"label":{"valign":"inherit","align":"top"},"field":{"valign":"inherit","align":"inherit"}},"datasource":{"loadRemote":false,"loadRemoteUrl":"","terminology":""},"advanced":{"hidden":false,"readonly":false},"tags":[],"field":{"code":{"presentation":"combobox"}}}},{"name":"PVK Lagt inn dato","localizedName":"PVK Lagt inn dato","rmType":"DV_DATE","nodeId":"at0005","min":"0","max":"1","localizedNames":{"nb":"PVK Lagt inn dato"},"localizedDescriptions":{"nb":"Angi dato for når pvk ble lagt inn"},"aqlPath":"/content[openEHR-EHR-OBSERVATION.pvk_status.v2]/data[at0001]/events[at0002]/data[at0003]/items[at0005]/value","inputs":[{"type":"DATE"}],"formId":"pvk_status_v2/pvk_status/pvk_lagt_inn_dato","viewConfig":{"size":{"field":"inherit","label":"inherit","fill":"inherit"},"layout":{"label":{"valign":"inherit","align":"top"},"field":{"valign":"inherit","align":"inherit"}},"datasource":{"loadRemote":false,"loadRemoteUrl":"","terminology":""},"advanced":{"hidden":false,"readonly":false},"tags":[],"field":{"input":{"dateFormat":"","hideDate":false,"hideTime":false}}}}]}