{"formId":"form_root","name":"Form root","rmType":"FORM_DEFINITION","viewConfig":{"label":{"custom":false,"value":"","useLocalizations":false,"localizationsList":{}},"size":{"field":"inherit","label":"inherit","fill":"inherit"},"layout":{"valign":"inherit","align":"inherit"},"tags":[],"annotations":{"#fodeland":"openEHR-EHR-ADMIN_ENTRY.msis_nr_olafia.v1?scope=patient"}},"language":"nb","templateLanguages":["nb"],"children":[{"name":"Msis nr olafia","localizedName":"Msis nr olafia","rmType":"ADMIN_ENTRY","nodeId":"openEHR-EHR-ADMIN_ENTRY.msis_nr_olafia.v1","min":0,"max":-1,"localizedNames":{"nb":"MSIS nr"},"localizedDescriptions":{"nb":"unknown"},"aqlPath":"/content[openEHR-EHR-ADMIN_ENTRY.msis_nr_olafia.v1]","children":[{"name":"MSIS nr","localizedName":"MSIS nr","rmType":"DV_COUNT","nodeId":"at0002","min":0,"max":1,"localizedNames":{"nb":"MSIS nr"},"localizedDescriptions":{"nb":"*"},"aqlPath":"/content[openEHR-EHR-ADMIN_ENTRY.msis_nr_olafia.v1]/data[at0001]/items[at0002]/value","inputs":[{"type":"INTEGER"}],"formId":"kontakt/msis_nr_olafia/msis_nr","viewConfig":{"size":{"field":"inherit","label":"inherit","fill":"inherit"},"layout":{"field":{"valign":"inherit","align":"inherit"}},"datasource":{"loadRemote":false,"loadRemoteUrl":"","terminology":""},"field":{}},"defaultValue":{},"fid":"kontakt/msis_nr_olafia/msis_nr"},{"name":"Status","localizedName":"Status","rmType":"DV_CODED_TEXT","nodeId":"at0003","min":0,"max":1,"localizedNames":{"nb":"Status"},"localizedDescriptions":{"nb":"*"},"aqlPath":"/content[openEHR-EHR-ADMIN_ENTRY.msis_nr_olafia.v1]/data[at0001]/items[at0003]/value","inputs":[{"suffix":"code","type":"CODED_TEXT","list":[{"value":"at0004","label":"Registrert","localizedLabels":{"nb":"Registrert"},"localizedDescriptions":{"nb":"*"}},{"value":"at0005","label":"Kladdet","localizedLabels":{"nb":"Kladdet"},"localizedDescriptions":{"nb":"*"}},{"value":"at0006","label":"Utfylt","localizedLabels":{"nb":"Utfylt"},"localizedDescriptions":{"nb":"*"}},{"value":"at0007","label":"Signert","localizedLabels":{"nb":"Signert"},"localizedDescriptions":{"nb":"*"}},{"value":"at0008","label":"Innsendt","localizedLabels":{"nb":"Innsendt"},"localizedDescriptions":{"nb":"*"}}]}],"formId":"kontakt/msis_nr_olafia/status","viewConfig":{"label":{"custom":false,"value":"","useLocalizations":false,"localizationsList":{}},"advanced":{"hidden":false,"readonly":false},"multiplicity":{"min":"0","max":"1"},"size":{"field":"inherit","label":"inherit","fill":"inherit"},"layout":{"label":{"valign":"inherit","align":"inherit"},"field":{"valign":"inherit","align":"inherit"}},"tags":["showasradios"],"datasource":{"loadRemote":false,"loadRemoteUrl":"","terminology":""},"field":{"code":{"presentation":"combobox"}}},"defaultValue":{"code":""},"fid":"kontakt/msis_nr_olafia/status"},{"name":"Infeksjon","localizedName":"Infeksjon","rmType":"DV_TEXT","nodeId":"at0009","min":0,"max":1,"localizedNames":{"nb":"Infeksjon"},"localizedDescriptions":{"nb":"*"},"aqlPath":"/content[openEHR-EHR-ADMIN_ENTRY.msis_nr_olafia.v1]/data[at0001]/items[at0009]/value","inputs":[{"suffix":"code","type":"CODED_TEXT","list":[{"value":"CZ01","label":"Gonoré","localizedLabels":{"nb":"Gonoré"}},{"value":"CZ02","label":"HIV","localizedLabels":{"nb":"HIV"}},{"value":"CZ03","label":"Syfilis","localizedLabels":{"nb":"Syfilis"}},{"value":"CZ04","label":"Hepatitt A","localizedLabels":{"nb":"Hepatitt A"}},{"value":"CZ05","label":"Hepatitt B","localizedLabels":{"nb":"Hepatitt B"}},{"value":"CZ06","label":"Hepatitt C","localizedLabels":{"nb":"Hepatitt C"}},{"value":"CZ07","label":"Giardiasis","localizedLabels":{"nb":"Giardiasis"}}],"terminology":"Olafia"}],"formId":"kontakt/msis_nr_olafia/infeksjon","viewConfig":{"size":{"field":"inherit","label":"inherit","fill":"inherit"},"layout":{"field":{"valign":"inherit","align":"inherit"}},"datasource":{"loadRemote":false,"loadRemoteUrl":"","terminology":""},"field":{"code":{"presentation":"combobox"}}},"defaultValue":{"code":""},"fid":"kontakt/msis_nr_olafia/infeksjon"},{"name":"Utfyllende opplysninger","localizedName":"Utfyllende opplysninger","rmType":"DV_TEXT","nodeId":"at0013","min":0,"max":1,"localizedNames":{"nb":"Utfyllende opplysninger"},"localizedDescriptions":{"nb":"*"},"aqlPath":"/content[openEHR-EHR-ADMIN_ENTRY.msis_nr_olafia.v1]/data[at0001]/items[at0013]/value","inputs":[{"type":"TEXT"}],"defaultValue":{"value":"Antatt smittested: Innsynkningsdato: Antatt smittekilde: Antatt smittemåte:"},"formId":"kontakt/msis_nr_olafia/utfyllende_opplysninger","viewConfig":{"size":{"field":"inherit","label":"inherit","fill":"inherit"},"layout":{"field":{"valign":"inherit","align":"inherit"}},"datasource":{"loadRemote":false,"loadRemoteUrl":"","terminology":""},"field":{"input":{"presentation":"textfield"}}},"fid":"kontakt/msis_nr_olafia/utfyllende_opplysninger"},{"name":"Fødeland","localizedName":"Fødeland","rmType":"DV_CODED_TEXT","nodeId":"at0010","min":0,"max":1,"localizedNames":{"nb":"Fødeland"},"localizedDescriptions":{"nb":"*"},"aqlPath":"/content[openEHR-EHR-ADMIN_ENTRY.msis_nr_olafia.v1]/data[at0001]/items[at0010]/value","inputs":[{"suffix":"code","type":"TEXT","terminology":"ARK-FE-STATSBORGERSKAP?subset=ARK-FE-STATSBORGERSKAP&language=en-GB"},{"suffix":"value","type":"TEXT","terminology":"ARK-FE-STATSBORGERSKAP?subset=ARK-FE-STATSBORGERSKAP&language=en-GB"}],"formId":"kontakt/msis_nr_olafia/fødeland","viewConfig":{"annotations":{"select":"{#fodeland:/data[at0001]/items[at0010]/value}"},"size":{"field":"inherit","label":"inherit","fill":"inherit"},"layout":{"field":{"valign":"inherit","align":"inherit"}},"datasource":{"loadRemote":false,"loadRemoteUrl":"","terminology":""},"field":{"code":{"presentation":"textfield"},"value":{"presentation":"textfield"}}},"defaultValue":{"code":"","value":""},"fid":"kontakt/msis_nr_olafia/fødeland"},{"name":"Fars fødeland","localizedName":"Fars fødeland","rmType":"DV_CODED_TEXT","nodeId":"at0011","min":0,"max":1,"localizedNames":{"nb":"Fars fødeland"},"localizedDescriptions":{"nb":"*"},"aqlPath":"/content[openEHR-EHR-ADMIN_ENTRY.msis_nr_olafia.v1]/data[at0001]/items[at0011]/value","inputs":[{"suffix":"code","type":"TEXT","terminology":"ARK-FE-STATSBORGERSKAP?subset=ARK-FE-STATSBORGERSKAP&language=en-GB"},{"suffix":"value","type":"TEXT","terminology":"ARK-FE-STATSBORGERSKAP?subset=ARK-FE-STATSBORGERSKAP&language=en-GB"}],"formId":"kontakt/msis_nr_olafia/fars_fødeland","viewConfig":{"annotations":{"select":"{#fodeland:/data[at0001]/items[at0011]/value}"},"size":{"field":"inherit","label":"inherit","fill":"inherit"},"layout":{"field":{"valign":"inherit","align":"inherit"}},"datasource":{"loadRemote":false,"loadRemoteUrl":"","terminology":""},"field":{"code":{"presentation":"textfield"},"value":{"presentation":"textfield"}}},"defaultValue":{"code":"","value":""},"fid":"kontakt/msis_nr_olafia/fars_fødeland"},{"name":"Mors fødeland","localizedName":"Mors fødeland","rmType":"DV_CODED_TEXT","nodeId":"at0012","min":0,"max":1,"localizedNames":{"nb":"Mors fødeland"},"localizedDescriptions":{"nb":"*"},"aqlPath":"/content[openEHR-EHR-ADMIN_ENTRY.msis_nr_olafia.v1]/data[at0001]/items[at0012]/value","inputs":[{"suffix":"code","type":"TEXT","terminology":"ARK-FE-STATSBORGERSKAP?subset=ARK-FE-STATSBORGERSKAP&language=en-GB"},{"suffix":"value","type":"TEXT","terminology":"ARK-FE-STATSBORGERSKAP?subset=ARK-FE-STATSBORGERSKAP&language=en-GB"}],"formId":"kontakt/msis_nr_olafia/mors_fødeland","viewConfig":{"annotations":{"select":"{#fodeland:/data[at0001]/items[at0012]/value}"},"size":{"field":"inherit","label":"inherit","fill":"inherit"},"layout":{"field":{"valign":"inherit","align":"inherit"}},"datasource":{"loadRemote":false,"loadRemoteUrl":"","terminology":""},"field":{"code":{"presentation":"textfield"},"value":{"presentation":"textfield"}}},"defaultValue":{"code":"","value":""},"fid":"kontakt/msis_nr_olafia/mors_fødeland"}],"fid":"kontakt/msis_nr_olafia","formId":"kontakt/msis_nr_olafia","viewConfig":{"label":{"custom":true,"value":"MSIS nr","useLocalizations":true,"localizationsList":{"nb":"MSIS nr"}},"advanced":{"hidden":false,"readonly":false,"render":false},"multiplicity":{"min":"1","max":"1"},"size":{"field":"inherit","label":"inherit","fill":"inherit"},"layout":{"label":{"valign":"inherit","align":"inherit"},"field":{"valign":"inherit","align":"inherit"}},"tags":[],"field":{}}}]}