{"name":"Form root","localizedNames":{},"localizedDescriptions":{},"rmType":"FORM_DEFINITION","min":0,"max":0,"formId":"form_root","viewConfig":{"label":{"custom":false,"useLocalizations":false},"size":{"field":"inherit","label":"inherit"},"layout":{"label":{"valign":"inherit","align":"inherit"},"field":{"valign":"inherit","align":"inherit"}},"annotations":{"#lege":"select a\r\nfrom composition c\r\ncontains ADMIN_ENTRY a[openEHR-EHR-ADMIN_ENTRY.administrativ_informasjon_dips.v2]\r\nwhere  a/name/value = 'Lege' order by c/context/start_time/value DESC fetch 1?scope=episodeofcare"}},"children":[{"name":"Lege","localizedName":"Lege","localizedNames":{"en":"*Lege (en)","nb":"Lege"},"localizedDescriptions":{"nb":"Innhold i beskjed","en":"*Innhold i beskjed (nb)"},"rmType":"DV_TEXT","nodeId":"at0002","min":0,"max":1,"aqlPath":"/content[openEHR-EHR-ADMIN_ENTRY.administrativ_informasjon_dips.v2 and name/value='Lege']/data[at0001]/items[at0016]/items[at0002 and name/value='Lege']/value","inputs":[{"type":"TEXT","list":[],"listOpen":false}],"formId":"informasjon_for_post/lege@Lege/informasjon_beskjed/lege@Lege","viewConfig":{"multiplicity":{"min":0,"max":1},"advanced":{"hidden":false,"readonly":false,"hideFrame":false,"render":false},"label":{"custom":false,"useLocalizations":false},"size":{"field":"small","label":"inherit"},"layout":{"label":{"valign":"inherit","align":"inherit"},"field":{"valign":"inherit","align":"inherit"}},"datasource":{"loadRemote":false,"parameters":{}},"annotations":{"select":"{#lege:/data[at0001]/items[at0016]/items[at0002 and name/value='Lege']/value}","nullflavour":"271"},"field":{"lines":null,"input":{}}}}]}