[{"col":1,"row":1,"width":12,"height":69,"children":[{"id":"klinisk_kontakt","rows":[{"cols":[{"width":"100%","children":[{"id":"klinisk_kontakt/start_time","rows":[]},{"id":"klinisk_kontakt/laboratorieresultat/uspesifisert_hendelse","rows":[{"cols":[{"width":"100%","children":[{"id":"klinisk_kontakt/laboratorieresultat/uspesifisert_hendelse/undersøkelsesnavn","rows":[]},{"id":"klinisk_kontakt/laboratorieresultat/uspesifisert_hendelse/analyseresultat","rows":[{"cols":[{"width":"100%","children":[{"id":"klinisk_kontakt/laboratorieresultat/uspesifisert_hendelse/analyseresultat/analysenavn","rows":[]},{"id":"klinisk_kontakt/laboratorieresultat/uspesifisert_hendelse/analyseresultat/analyseresultat","rows":[]}]}]}]},{"id":"klinisk_kontakt/laboratorieresultat/uspesifisert_hendelse/time","rows":[]}]}]}]}]}]}]}]}]