[{"field":"klinisk_kontakt/laboratorieresultat/uspesifisert_hendelse/analyseresultat/analyseresultat","conditions":[{"operator":"empty","actions":[{"action":"clear","target":"klinisk_kontakt/laboratorieresultat/uspesifisert_hendelse/analyseresultat/analysenavn"},{"action":"clear","target":"klinisk_kontakt/laboratorieresultat/uspesifisert_hendelse/undersøkelsesnavn"}]},{"operator":"notempty","actions":[{"action":"set","target":"klinisk_kontakt/laboratorieresultat/uspesifisert_hendelse/analyseresultat/analysenavn","value":{"code":"102737005"}},{"action":"set","target":"klinisk_kontakt/laboratorieresultat/uspesifisert_hendelse/undersøkelsesnavn","value":{"code":"17888004"}}]}]}]