[{"col":1,"row":1,"width":12,"height":37,"children":[{"id":"generic-field-19888","rows":[{"cols":[{"width":"50%","children":[{"id":"hv_ernaeringrisikovurdering/screening_for_ernæringsmessig_risiko/uspesifisert_hendelse/innledende_screening/dato_for_screening"}]},{"width":"50%","children":[{"id":"hv_ernaeringrisikovurdering/hv_ps_er/ernæringsrisiko"},{"id":"hv_ernaeringrisikovurdering/hv_ps_er/er_tall"}]}]}]},{"id":"generic-field-99322","rows":[{"cols":[{"width":"33%","children":[{"id":"hv_ernaeringrisikovurdering/høyde_lengde/uspesifisert_hendelse/høyde_lengde"}]},{"width":"34%","children":[{"id":"hv_ernaeringrisikovurdering/aktuell_kroppsvekt/uspesifisert_hendelse/kroppsvekt"}]},{"width":"33%","children":[{"id":"hv_ernaeringrisikovurdering/kroppsmasseindeks/uspesifisert_hendelse/kroppsmasseindeks"}]}]},{"cols":[{"width":"50%","children":[{"id":"hv_ernaeringrisikovurdering/overarmsomkrets/uspesifisert_hendelse/venstre_overarm_omkrets_uac"}]},{"width":"50%","children":[{"id":"hv_ernaeringrisikovurdering/overarmsomkrets_til_bmi/bmi_utledet_av_overarmsomkrets"}]}]}]},{"id":"generic-field-52623","rows":[{"cols":[{"width":"33%","children":[{"id":"hv_ernaeringrisikovurdering/tidligere_kroppsvekt/uspesifisert_hendelse/time"}]},{"width":"34%","children":[{"id":"hv_ernaeringrisikovurdering/tidligere_kroppsvekt/uspesifisert_hendelse/kroppsvekt"}]},{"width":"33%","children":[{"id":"hv_ernaeringrisikovurdering/prosentvis_endring_av_vekt_og_matinntak/vekttap/vekttap_i_prosent"}]}]},{"cols":[{"width":"100%","children":[{"id":"hv_ernaeringrisikovurdering/tidligere_kroppsvekt/uspesifisert_hendelse/konfunderende_faktorer"}]}]}]},{"id":"generic-field-7713","rows":[]},{"id":"generic-field-61661","rows":[]},{"id":"generic-field-60097","rows":[{"cols":[{"width":"100%","children":[{"id":"hv_ernaeringrisikovurdering/prosentvis_endring_av_vekt_og_matinntak/tidspunkt_for_screening"},{"id":"hv_ernaeringrisikovurdering/screening_for_ernæringsmessig_risiko/uspesifisert_hendelse/innledende_screening/er_bmi_20_5"},{"id":"hv_ernaeringrisikovurdering/screening_for_ernæringsmessig_risiko/uspesifisert_hendelse/innledende_screening/har_pasienten_tapt_vekt_i_løpet_av_de_3_siste_månedene"},{"id":"hv_ernaeringrisikovurdering/screening_for_ernæringsmessig_risiko/uspesifisert_hendelse/innledende_screening/har_pasienten_hatt_redusert_næringsinntak_i_den_siste_uken"},{"id":"hv_ernaeringrisikovurdering/screening_for_ernæringsmessig_risiko/uspesifisert_hendelse/innledende_screening/er_pasienten_alvorlig_kritisk_syk"}]}]}]},{"id":"generic-field-46653","rows":[{"cols":[{"width":"100%","children":[{"id":"hv_ernaeringrisikovurdering/screening_for_ernæringsmessig_risiko/uspesifisert_hendelse/hovedscreening/ernæringsstatus"},{"id":"hv_ernaeringrisikovurdering/screening_for_ernæringsmessig_risiko/uspesifisert_hendelse/hovedscreening/sykdommens_alvorlighetsgrad"},{"id":"hv_ernaeringrisikovurdering/screening_for_ernæringsmessig_risiko/uspesifisert_hendelse/hovedscreening/er_pasientens_alder_70_år"},{"id":"hv_ernaeringrisikovurdering/screening_for_ernæringsmessig_risiko/uspesifisert_hendelse/hovedscreening/total_score"}]}]}]},{"id":"generic-field-60860","rows":[{"cols":[{"width":"100%","children":[{"id":"generic-field-21809","rows":[{"cols":[{"width":"100%","children":[]}]}]}]}]}]}]}]