[{"col":1,"row":1,"width":12,"height":29,"children":[{"id":"klinisk_kontakt","rows":[{"cols":[{"width":"100%","children":[{"id":"klinisk_kontakt/start_time","rows":[]},{"id":"klinisk_kontakt/risiko_for_trykksår_pasientsikkerhetsprogrammet","rows":[{"cols":[{"width":"100%","children":[{"id":"klinisk_kontakt/risiko_for_trykksår_pasientsikkerhetsprogrammet/event_series/origin","rows":[]},{"id":"generic-field-00015","rows":[]},{"id":"klinisk_kontakt/risiko_for_trykksår_pasientsikkerhetsprogrammet/uspesifisert_hendelse","rows":[{"cols":[{"width":"100%","children":[{"id":"klinisk_kontakt/risiko_for_trykksår_pasientsikkerhetsprogrammet/uspesifisert_hendelse/trykksår","rows":[]},{"id":"klinisk_kontakt/risiko_for_trykksår_pasientsikkerhetsprogrammet/uspesifisert_hendelse/stillingsendring","rows":[]},{"id":"klinisk_kontakt/risiko_for_trykksår_pasientsikkerhetsprogrammet/uspesifisert_hendelse/risiko_for_trykksår","rows":[]},{"id":"klinisk_kontakt/risiko_for_trykksår_pasientsikkerhetsprogrammet/uspesifisert_hendelse/kommentar","rows":[]},{"id":"klinisk_kontakt/risiko_for_trykksår_pasientsikkerhetsprogrammet/uspesifisert_hendelse/time","rows":[]}]}]}]}]}]}]}]}]}]}]}]