[{"col":1,"row":1,"width":12,"height":65,"children":[{"id":"klinisk_kontakt/urinkateter@Urinkateter","rows":[{"cols":[{"width":"100%","children":[{"id":"klinisk_kontakt/urinkateter@Urinkateter/kad@KAD","rows":[]},{"id":"klinisk_kontakt/urinkateter@Urinkateter/beskrivelse","rows":[]},{"id":"generic-field-38790","rows":[]},{"id":"klinisk_kontakt/urinkateter@Urinkateter/detaljer/lagt_inn@Lagt inn","rows":[]},{"id":"klinisk_kontakt/urinkateter@Urinkateter/detaljer/seponert@Seponert","rows":[]},{"id":"klinisk_kontakt/urinkateter@Urinkateter/detaljer/neste_tilsyn_stell@Neste tilsyn/stell","rows":[]}]}]}]}]}]