[{"field":"operatørvurdering/informasjon_gitt@Informasjon gitt/informasjon_gitt@Informasjon gitt","conditions":[{"operator":"equals","value":{"value":"Ja"},"actions":[{"action":"set","target":"operatørvurdering/informasjon_gitt@Informasjon gitt/ism_transition/current_state","value":{"code":"532"}},{"action":"set","target":"operatørvurdering/informasjon_gitt@Informasjon gitt/ism_transition/careflow_step","value":{"code":"at0013"}},{"action":"set","target":"operatørvurdering/informasjon_gitt@Informasjon gitt/informasjon_gitt@Informasjon gitt2","value":{"code":"171035004"}}]},{"operator":"equals","value":{"value":"Nei"},"actions":[{"action":"set","target":"operatørvurdering/informasjon_gitt@Informasjon gitt/ism_transition/current_state","value":{"code":"528"}},{"action":"set","target":"operatørvurdering/informasjon_gitt@Informasjon gitt/ism_transition/careflow_step","value":{"code":"at0015"}},{"action":"clear","target":"operatørvurdering/informasjon_gitt@Informasjon gitt/informasjon_gitt@Informasjon gitt2"}]}]},{"field":"operatørvurdering/admin_planlegging@Admin planlegging/preoperativ_administrativ_planlegging/medisink_vurdering/er_henvist_medisink_vurdering","conditions":[{"operator":"is","value":{"value":"True"},"actions":[{"action":"show","target":"operatørvurdering/admin_planlegging@Admin planlegging/preoperativ_administrativ_planlegging/medisink_vurdering/utført_dato"}]},{"operator":"isnot","value":{"value":"True"},"actions":[{"action":"hide","target":"operatørvurdering/admin_planlegging@Admin planlegging/preoperativ_administrativ_planlegging/medisink_vurdering/utført_dato"},{"action":"clear","target":"operatørvurdering/admin_planlegging@Admin planlegging/preoperativ_administrativ_planlegging/medisink_vurdering/utført_dato"}]}]},{"field":"operatørvurdering/admin_planlegging@Admin planlegging/preoperativ_administrativ_planlegging/preoperativ_røntgen/er_henvist_rtg._preop.","conditions":[{"operator":"is","value":{"value":"True"},"actions":[{"action":"show","target":"operatørvurdering/admin_planlegging@Admin planlegging/preoperativ_administrativ_planlegging/preoperativ_røntgen/fått_time@Fått time"}]},{"operator":"isnot","value":{"value":"True"},"actions":[{"action":"hide","target":"operatørvurdering/admin_planlegging@Admin planlegging/preoperativ_administrativ_planlegging/preoperativ_røntgen/fått_time@Fått time"},{"action":"clear","target":"operatørvurdering/admin_planlegging@Admin planlegging/preoperativ_administrativ_planlegging/preoperativ_røntgen/fått_time@Fått time"}]}]},{"field":"operatørvurdering/blodtomhet@Blodtomhet/forespørsel/blodtomhet@Blodtomhet","conditions":[{"operator":"notempty","actions":[{"action":"set","target":"operatørvurdering/blodtomhet@Blodtomhet/forespørsel/tjenestetype","value":{"code":"71388002"}}]},{"operator":"empty","actions":[{"action":"clear","target":"operatørvurdering/blodtomhet@Blodtomhet/forespørsel/tjenestetype"}]}]},{"field":"operatørvurdering/gips@Gips/forespørsel/anvende_gips@Anvende gips","conditions":[{"operator":"equals","value":{"code":"118480003"},"actions":[{"action":"set","target":"operatørvurdering/gips@Gips/forespørsel/tjenestetype","value":{"code":"71388002"}}]},{"operator":"notequals","value":{"code":"118480003"},"actions":[{"action":"clear","target":"operatørvurdering/gips@Gips/forespørsel/tjenestetype"}]}]},{"field":"operatørvurdering/tømming@Tømming/forespørsel/tømming@Tømming","conditions":[{"operator":"equals","value":{"code":"225106003"},"actions":[{"action":"set","target":"operatørvurdering/tømming@Tømming/forespørsel/tjenestetype","value":{"code":"71388002"}}]},{"operator":"notequals","value":{"code":"225106003"},"actions":[{"action":"clear","target":"operatørvurdering/tømming@Tømming/forespørsel/tjenestetype"}]}]},{"field":"operatørvurdering/prosedyre/gjennomlysning@Gjennomlysning/gjennomlysning@Gjennomlysning","conditions":[{"operator":"notempty","actions":[{"action":"show","target":"operatørvurdering/prosedyre/gjennomlysning@Gjennomlysning/status"}]},{"operator":"empty","actions":[{"action":"hide","target":"operatørvurdering/prosedyre/gjennomlysning@Gjennomlysning/status"},{"action":"clear","target":"operatørvurdering/prosedyre/gjennomlysning@Gjennomlysning/status"}]}]},{"field":"generic-field-60146","conditions":[{"operator":"notequals","value":{"value":"P5"},"actions":[{"action":"hide","target":"utvidet_operasjonsbestilling/prosedyre/helsetjenesteressurs"},{"action":"clear","target":"utvidet_operasjonsbestilling/prosedyre/helsetjenesteressurs"}]},{"operator":"equals","value":{"value":"P5"},"actions":[{"action":"show","target":"utvidet_operasjonsbestilling/prosedyre/helsetjenesteressurs"}]}]},{"field":"operatørvurdering/tromboseprofylakse_under_operasjon@Tromboseprofylakse under operasjon/anbefaling","conditions":[{"operator":"equals","value":{"code":"421728001"},"actions":[{"action":"clear","target":"operatørvurdering/fibrinolysehemmer@Fibrinolysehemmer/begrunnelse"}]},{"operator":"notequals","value":{"code":"421728001"},"actions":[{"action":"set","target":"operatørvurdering/fibrinolysehemmer@Fibrinolysehemmer/begrunnelse","value":{"value":"x","code":"xx"}}]}]},{"field":"operatørvurdering/endelig_klarering_av_operatør@Endelig klarering av operatør/klarering_operatør@Klarering operatør/resultat","conditions":[{"operator":"empty","actions":[{"action":"hide","target":"generic-field-04377"},{"action":"set","target":"operatørvurdering/endelig_klarering_av_operatør@Endelig klarering av operatør/klarering_operatør@Klarering operatør/ism_transition/current_state","value":{"code":"245"}},{"action":"set","target":"operatørvurdering/endelig_klarering_av_operatør@Endelig klarering av operatør/klarering_operatør@Klarering operatør/ism_transition/careflow_step","value":{"code":"at0068"}},{"action":"set","target":"operatørvurdering/endelig_klarering_av_operatør@Endelig klarering av operatør/klarering_operatør@Klarering operatør/prosedyrenavn","value":{"code":"110466009"}},{"action":"setOccurrences","target":"operatørvurdering/endelig_klarering_av_operatør@Endelig klarering av operatør/klarering_operatør@Klarering operatør/provider","value":{"value":"0..1"}}]},{"operator":"notempty","actions":[{"action":"show","target":"generic-field-04377"},{"action":"set","target":"operatørvurdering/endelig_klarering_av_operatør@Endelig klarering av operatør/klarering_operatør@Klarering operatør/ism_transition/current_state","value":{"code":"532"}},{"action":"set","target":"operatørvurdering/endelig_klarering_av_operatør@Endelig klarering av operatør/klarering_operatør@Klarering operatør/ism_transition/careflow_step","value":{"code":"at0043"}},{"action":"set","target":"operatørvurdering/endelig_klarering_av_operatør@Endelig klarering av operatør/klarering_operatør@Klarering operatør/prosedyrenavn","value":{"code":"110466009"}},{"action":"setOccurrences","target":"operatørvurdering/endelig_klarering_av_operatør@Endelig klarering av operatør/klarering_operatør@Klarering operatør/provider","value":{"value":"1..1"}}]}]}]