{"formId":"form_root","name":"Form root","rmType":"FORM_DEFINITION","viewConfig":{"label":{"custom":false,"value":"","useLocalizations":false,"localizationsList":{}},"size":{"field":"inherit","label":"inherit","fill":"inherit"},"layout":{"valign":"inherit","align":"inherit"},"tags":[],"annotations":{"reuseComposition":"select c from composition c contains observation e[openEHR-EHR-OBSERVATION.nutritional_risk_screening.v1] where c/archetype_details/template_id/value = 'HV Ernaeringrisikovurdering V3' order by e/data[at0001]/events[at0002]/data[at0003]/items[at0031]/items[at0033]/value/value desc fetch 1?scope=periodofcare"}},"language":"","templateLanguages":["nb"],"children":[{"localizedName":"Fieldset","localizedNames":{"nb":"Fieldset"},"min":0,"max":-1,"name":"Fieldset","rmType":"GENERIC_FIELDSET","fid":"generic-field-81734","formId":"generic-field-81734","children":[{"name":"Høyde/lengde","localizedName":"Høyde/lengde","rmType":"DV_QUANTITY","nodeId":"at0004","min":0,"max":1,"localizedNames":{"nb":"Høyde/lengde"},"localizedDescriptions":{"nb":"Høyde/lengde fra isse til fotsåle."},"aqlPath":"/content[openEHR-EHR-OBSERVATION.height.v1]/data[at0001]/events[at0002]/data[at0003]/items[at0004]/value","inputs":[{"suffix":"magnitude","type":"DECIMAL","validation":{"range":{"minOp":">=","min":0,"maxOp":"<=","max":500}}},{"suffix":"unit","type":"CODED_TEXT","list":[{"value":"cm","label":"cm","validation":{"range":{"minOp":">=","min":0,"maxOp":"<=","max":500}}}]}],"fid":"hv_ernaeringrisikovurdering/høyde_lengde/uspesifisert_hendelse/høyde_lengde","formId":"hv_ernaeringrisikovurdering/høyde_lengde/uspesifisert_hendelse/høyde_lengde","viewConfig":{"field":{"magnitude":{"presentation":"combobox"}},"label":{"custom":true,"value":"Høyde","useLocalizations":true,"localizationsList":{"nb":"Høyde"}},"size":{"field":"inherit","label":"inherit","fill":"inherit"},"layout":{"label":{"valign":"inherit","align":"inherit"},"field":{"valign":"inherit","align":"inherit"}},"datasource":{"loadRemote":false,"loadRemoteUrl":"","terminology":""},"annotations":{"calcid":"HL"},"advanced":{"hidden":false,"readonly":false},"multiplicity":{"min":"0","max":"1"},"tags":[]},"defaultValue":{"unit":"cm"}},{"name":"Kroppsvekt","localizedName":"Kroppsvekt","rmType":"DV_QUANTITY","nodeId":"at0004","min":0,"max":1,"localizedNames":{"nb":"Kroppsvekt"},"localizedDescriptions":{"nb":"Et individs totale kroppsmasse."},"aqlPath":"/content[openEHR-EHR-OBSERVATION.body_weight.v1]/data[at0002]/events[at0003,'Aktuell vekt']/data[at0001]/items[at0004]/value","inputs":[{"suffix":"magnitude","type":"DECIMAL","validation":{"range":{"minOp":">=","min":0,"maxOp":"<","max":1000}}},{"suffix":"unit","type":"CODED_TEXT","list":[{"value":"kg","label":"kg","validation":{"range":{"minOp":">=","min":0,"maxOp":"<","max":1000}}}]}],"fid":"hv_ernaeringrisikovurdering/kroppsvekt/aktuell_vekt/kroppsvekt","formId":"hv_ernaeringrisikovurdering/kroppsvekt/aktuell_vekt/kroppsvekt","viewConfig":{"field":{"magnitude":{"presentation":"combobox"}},"label":{"custom":false,"value":"","useLocalizations":false,"localizationsList":{}},"advanced":{"hidden":false,"readonly":false},"multiplicity":{"min":"0","max":"1"},"size":{"field":"large","label":"inherit","fill":"inherit"},"layout":{"label":{"valign":"inherit","align":"top"},"field":{"valign":"inherit","align":"inherit"}},"datasource":{"loadRemote":false,"loadRemoteUrl":"","terminology":""},"annotations":{"calcid":"KV"},"tags":[]},"defaultValue":{"unit":"kg"}},{"name":"Kroppsvekt","localizedName":"Kroppsvekt","rmType":"DV_QUANTITY","nodeId":"at0004","min":0,"max":1,"localizedNames":{"nb":"Kroppsvekt"},"localizedDescriptions":{"nb":"Et individs totale kroppsmasse."},"aqlPath":"/content[openEHR-EHR-OBSERVATION.body_weight.v1]/data[at0002]/events[at0003,'Vekt for en måned siden']/data[at0001]/items[at0004]/value","inputs":[{"suffix":"magnitude","type":"DECIMAL","validation":{"range":{"minOp":">=","min":0,"maxOp":"<","max":1000}}},{"suffix":"unit","type":"CODED_TEXT","list":[{"value":"kg","label":"kg","validation":{"range":{"minOp":">=","min":0,"maxOp":"<","max":1000}}}]}],"fid":"hv_ernaeringrisikovurdering/kroppsvekt/vekt_for_en_måned_siden/kroppsvekt","formId":"hv_ernaeringrisikovurdering/kroppsvekt/vekt_for_en_måned_siden/kroppsvekt","viewConfig":{"label":{"custom":true,"value":"Vekt en mnd siden","useLocalizations":true,"localizationsList":{"nb":"Vekt en mnd siden"}},"advanced":{"hidden":false,"readonly":false},"multiplicity":{"min":"0","max":"1"},"size":{"field":"large","label":"inherit","fill":"inherit"},"layout":{"label":{"valign":"inherit","align":"top"},"field":{"valign":"inherit","align":"inherit"}},"datasource":{"loadRemote":false,"loadRemoteUrl":"","terminology":""},"tags":[],"annotations":{"calcid":"TV1"},"field":{"magnitude":{"presentation":"combobox"}}},"defaultValue":{"unit":""}},{"localizedName":"Kroppsvekt","rmType":"DV_QUANTITY","nodeId":"at0004","min":0,"max":1,"localizedNames":{"nb":"Kroppsvekt"},"localizedDescriptions":{"nb":"Et individs totale kroppsmasse."},"aqlPath":"/content[openEHR-EHR-OBSERVATION.body_weight.v1]/data[at0002]/events[at0003,'Vekt for to måneder siden']/data[at0001]/items[at0004]/value","inputs":[{"suffix":"magnitude","type":"DECIMAL","validation":{"range":{"minOp":">=","min":0,"maxOp":"<","max":1000}}},{"suffix":"unit","type":"CODED_TEXT","list":[{"value":"kg","label":"kg","validation":{"range":{"minOp":">=","min":0,"maxOp":"<","max":1000}}}]}],"fid":"hv_ernaeringrisikovurdering/kroppsvekt/vekt_for_to_måneder_siden/kroppsvekt/value","formId":"hv_ernaeringrisikovurdering/kroppsvekt/vekt_for_to_måneder_siden/kroppsvekt/value","viewConfig":{"label":{"custom":true,"value":"Vekt to mnd siden","useLocalizations":true,"localizationsList":{"nb":"Vekt to mnd siden"}},"advanced":{"hidden":false,"readonly":false},"multiplicity":{"min":"0","max":"1"},"size":{"field":"large","label":"inherit","fill":"inherit"},"layout":{"label":{"valign":"inherit","align":"top"},"field":{"valign":"inherit","align":"inherit"}},"datasource":{"loadRemote":false,"loadRemoteUrl":"","terminology":""},"tags":[],"annotations":{"calcId":"TV2"},"field":{"magnitude":{"presentation":"combobox"}}},"defaultValue":{"unit":""}},{"name":"Kroppsvekt","localizedName":"Kroppsvekt","rmType":"DV_QUANTITY","nodeId":"at0004","min":0,"max":1,"localizedNames":{"nb":"Kroppsvekt"},"localizedDescriptions":{"nb":"Et individs totale kroppsmasse."},"aqlPath":"/content[openEHR-EHR-OBSERVATION.body_weight.v1]/data[at0002]/events[at0003,'Vekt for tre måneder siden']/data[at0001]/items[at0004]/value","inputs":[{"suffix":"magnitude","type":"DECIMAL","validation":{"range":{"minOp":">=","min":0,"maxOp":"<","max":1000}}},{"suffix":"unit","type":"CODED_TEXT","list":[{"value":"kg","label":"kg","validation":{"range":{"minOp":">=","min":0,"maxOp":"<","max":1000}}}]}],"fid":"hv_ernaeringrisikovurdering/kroppsvekt/vekt_for_tre_måneder_siden/kroppsvekt","formId":"hv_ernaeringrisikovurdering/kroppsvekt/vekt_for_tre_måneder_siden/kroppsvekt","viewConfig":{"label":{"custom":true,"value":"Vekt tre mnd siden","useLocalizations":true,"localizationsList":{"nb":"Vekt tre mnd siden"}},"advanced":{"hidden":false,"readonly":false},"multiplicity":{"min":"0","max":"1"},"size":{"field":"large","label":"inherit","fill":"inherit"},"layout":{"label":{"valign":"inherit","align":"top"},"field":{"valign":"inherit","align":"inherit"}},"datasource":{"loadRemote":false,"loadRemoteUrl":"","terminology":""},"tags":[],"annotations":{"calcid":"TV3"},"field":{"magnitude":{"presentation":"combobox"}}},"defaultValue":{"unit":""}},{"name":"Matinntak siste uken","localizedName":"Matinntak siste uken","rmType":"DV_CODED_TEXT","nodeId":"at0033","min":0,"max":1,"localizedNames":{"nb":"Matinntak siste uken"},"localizedDescriptions":{"nb":"Matinntak siste uken, på en skala fra 1-10, det pasienten vanligvis spiser når han/hun er frisk tilsvarer 10."},"aqlPath":"/content[openEHR-EHR-OBSERVATION.prosentvis_endring_av_vekt_og_matinntak.v3]/data[at0001]/events[at0002]/data[at0003]/items[at0007]/items[at0033]/value","inputs":[{"suffix":"code","type":"CODED_TEXT","list":[{"value":"at0035","label":"1","localizedLabels":{"nb":"1"},"localizedDescriptions":{"nb":"1"}},{"value":"at0036","label":"2","localizedLabels":{"nb":"2"},"localizedDescriptions":{"nb":"2"}},{"value":"at0037","label":"3","localizedLabels":{"nb":"3"},"localizedDescriptions":{"nb":"3"}},{"value":"at0038","label":"4","localizedLabels":{"nb":"4"},"localizedDescriptions":{"nb":"4"}},{"value":"at0039","label":"5","localizedLabels":{"nb":"5"},"localizedDescriptions":{"nb":"5"}},{"value":"at0040","label":"6","localizedLabels":{"nb":"6"},"localizedDescriptions":{"nb":"6"}},{"value":"at0041","label":"7","localizedLabels":{"nb":"7"},"localizedDescriptions":{"nb":"7"}},{"value":"at0042","label":"8","localizedLabels":{"nb":"8"},"localizedDescriptions":{"nb":"8"}},{"value":"at0043","label":"9","localizedLabels":{"nb":"9"},"localizedDescriptions":{"nb":"9"}},{"value":"at0044","label":"10","localizedLabels":{"nb":"10"},"localizedDescriptions":{"nb":"10"}}]}],"fid":"hv_ernaeringrisikovurdering/prosentvis_endring_av_vekt_og_matinntak/matinntak_endring/matinntak_siste_uken","formId":"hv_ernaeringrisikovurdering/prosentvis_endring_av_vekt_og_matinntak/matinntak_endring/matinntak_siste_uken","viewConfig":{"label":{"custom":true,"value":"Matinntak siste uken","useLocalizations":true,"localizationsList":{"nb":"Matinntak siste uken"}},"advanced":{"hidden":false,"readonly":false},"multiplicity":{"min":"1","max":"1"},"size":{"field":"inherit","label":"inherit","fill":"inherit"},"layout":{"label":{"valign":"inherit","align":"top"},"field":{"valign":"inherit","align":"inherit"}},"datasource":{"loadRemote":false,"loadRemoteUrl":"","terminology":""},"tags":[],"annotations":{"calcid":"matinntak"},"field":{"code":{"presentation":"combobox","columns":"4"}}},"defaultValue":{"code":""}},{"name":"Allmenntilstand","localizedName":"Allmenntilstand","rmType":"DV_CODED_TEXT","nodeId":"at0002","min":0,"max":1,"localizedNames":{"nb":"Allmenntilstand"},"localizedDescriptions":{"nb":"Allmenntilstand angis her"},"aqlPath":"/content[openEHR-EHR-EVALUATION.hv_ernaeringsscreening_allmenntilstand.v0]/data[at0001]/items[at0002]/value","inputs":[{"suffix":"code","type":"CODED_TEXT","list":[{"value":"at0003","label":"Normal","localizedLabels":{"nb":"Normal"},"localizedDescriptions":{"nb":"Pasienten er i en normal allmenntilstand"}},{"value":"at0004","label":"Redusert","localizedLabels":{"nb":"Redusert"},"localizedDescriptions":{"nb":"Pasienten har en redusert allmenntilstand"}},{"value":"at0005","label":"Vet ikke/informasjon ikke tilgjengelig","localizedLabels":{"nb":"Vet ikke/informasjon ikke tilgjengelig"},"localizedDescriptions":{"nb":"Pasientens allmenntilstand er uavklart"}}]}],"fid":"hv_ernaeringrisikovurdering/hv_ernaeringsscreening_allmenntilstand/allmenntilstand","formId":"hv_ernaeringrisikovurdering/hv_ernaeringsscreening_allmenntilstand/allmenntilstand","viewConfig":{"label":{"custom":false,"value":"","useLocalizations":false,"localizationsList":{}},"advanced":{"hidden":false,"readonly":false},"multiplicity":{"min":"1","max":"1"},"size":{"field":"inherit","label":"inherit","fill":"inherit"},"layout":{"label":{"valign":"inherit","align":"top"},"field":{"valign":"inherit","align":"inherit"}},"datasource":{"loadRemote":false,"loadRemoteUrl":"","terminology":""},"annotations":{"calcid":"allmenntilstand"},"tags":[],"field":{"code":{"presentation":"combobox"}}},"defaultValue":{"code":""}},{"name":"Total score","localizedName":"Total score","rmType":"DV_COUNT","nodeId":"at0030","min":0,"max":7,"localizedNames":{"nb":"Total score"},"localizedDescriptions":{"nb":"Summen av score fra ernæringsstatus, sykdommens alvorlighetsgrad og alder."},"aqlPath":"/content[openEHR-EHR-OBSERVATION.nutritional_risk_screening.v1]/data[at0001]/events[at0002]/data[at0003]/items[at0032]/items[at0030]/value","inputs":[{"type":"INTEGER"}],"fid":"hv_ernaeringrisikovurdering/screening_for_ernæringsmessig_risiko/uspesifisert_hendelse/hovedscreening/total_score","formId":"hv_ernaeringrisikovurdering/screening_for_ernæringsmessig_risiko/uspesifisert_hendelse/hovedscreening/total_score","viewConfig":{"label":{"custom":false,"value":"","useLocalizations":false,"localizationsList":{}},"advanced":{"hidden":true,"readonly":false},"multiplicity":{"min":"0","max":"1"},"size":{"field":"large","label":"inherit","fill":"inherit"},"layout":{"label":{"valign":"inherit","align":"top"},"field":{"valign":"inherit","align":"inherit"}},"datasource":{"loadRemote":false,"loadRemoteUrl":"","terminology":""},"annotations":{"calc":"totscore+0"},"tags":[],"field":{}}},{"name":"Sykdommens alvorlighetsgrad","localizedName":"Sykdommens alvorlighetsgrad","rmType":"DV_ORDINAL","nodeId":"at0017","min":0,"max":1,"localizedNames":{"nb":"Sykdommens alvorlighetsgrad"},"localizedDescriptions":{"nb":"Sykdommens alvorlighetsgrad (≈ økt\nbehov)."},"annotations":{"comment":"* indikerer at en studie direkte underbygger inndelingen av sykdommens alvorlighetsgrad i mild, moderat og alvorlig sykdom til pasienter med den diagnosen.\n\n# indikerer at diagnosen er basert på prototypene gitt nedenfor:\n\nSkår=1: en pasient med kronisk sykdom innlagt på sykehus på grunn av komplikasjoner. Pasienten er avkreftet, men er oppegående. Proteinbehovet er økt, men kan dekkes med mat og/eller næringstilskudd i de fleste tilfeller.\n\nSkår=2: en pasient som er sengeliggende på grunn av sykdom, f.eks etter stor abdominal kirurgi. Proteinbehov er vesentlig økt, men kan dekkes, selv om sondeernæring og/eller intravenøs ernæringstilførsel er nødvendig i mange tilfeller.\n\nSkår=3: en intensivpasient med behov for respiratorstøtte etc. Proteinbehovet er økt og kan ikke dekkes, selv med sondeernæring og/eller intravenøs ernæringstilførsel. Nedbrytning av proteiner og\nnitrogentap kan bli betydelig hemmet."},"aqlPath":"/content[openEHR-EHR-OBSERVATION.nutritional_risk_screening.v1]/data[at0001]/events[at0002]/data[at0003]/items[at0032]/items[at0017]/value","inputs":[{"type":"CODED_TEXT","list":[{"value":"at0022","label":"Normal","localizedLabels":{"nb":"Normal"},"localizedDescriptions":{"nb":"Normale ernæringsbehov."},"ordinal":0},{"value":"at0023","label":"Mild","localizedLabels":{"nb":"Mild"},"localizedDescriptions":{"nb":"Lårhalsbrudd*, kronisk syke pasienter* spesielt de med akutte komplikasjoner, levercirrose*, KOLS*, kronisk hemodialyse#, diabetes#, kreftsykdommer#."},"ordinal":1},{"value":"at0024","label":"Moderat","localizedLabels":{"nb":"Moderat"},"localizedDescriptions":{"nb":"Omfattende abdominal kirurgi*, slag*, alvorlig lungebetennelse#, maligne blodsykdommer#."},"ordinal":2},{"value":"at0025","label":"Alvorlig","localizedLabels":{"nb":"Alvorlig"},"localizedDescriptions":{"nb":"Hodeskade*, benmargstransplantasjon*, intensivpasienter (APACHE skår>10)."},"ordinal":3}]}],"fid":"hv_ernaeringrisikovurdering/screening_for_ernæringsmessig_risiko/uspesifisert_hendelse/hovedscreening/sykdommens_alvorlighetsgrad","defaultValue":{"value":""},"formId":"hv_ernaeringrisikovurdering/screening_for_ernæringsmessig_risiko/uspesifisert_hendelse/hovedscreening/sykdommens_alvorlighetsgrad","viewConfig":{"label":{"custom":true,"value":"Økt behov pga sykdom/skade?","useLocalizations":true,"localizationsList":{"nb":"Økt behov pga sykdom/skade?"}},"advanced":{"hidden":false,"readonly":false},"multiplicity":{"min":"1","max":"1"},"size":{"field":"inherit","label":"inherit","fill":"inherit"},"layout":{"label":{"valign":"inherit","align":"top"},"field":{"valign":"inherit","align":"inherit"}},"datasource":{"loadRemote":false,"loadRemoteUrl":"","terminology":""},"tags":[],"field":{"input":{"presentation":"combobox","columns":"4"}}}},{"name":"Planlagt behandling som vil medføre vekttap","localizedName":"Planlagt behandling som vil medføre vekttap","rmType":"DV_CODED_TEXT","nodeId":"at0002","min":0,"max":1,"localizedNames":{"nb":"Planlagt behandling som vil medføre vekttap"},"localizedDescriptions":{"nb":"Planlagt behandling som vil medføre vekttap (omfattende kirurgi, stråling mot hals eller annet)"},"aqlPath":"/content[openEHR-EHR-EVALUATION.hv_ernaeringsscreening_behandling.v0]/data[at0001]/items[at0002]/value","inputs":[{"suffix":"code","type":"CODED_TEXT","list":[{"value":"at0005","label":"Nei","localizedLabels":{"nb":"Nei"},"localizedDescriptions":{"nb":"Det er ikke planlagt behandling som sannsynligvis vil medføre vekttap"}},{"value":"at0004","label":"Ja, omfattende kirurgi, stråling mot fordøyelseskanalen eller annet","localizedLabels":{"nb":"Ja, omfattende kirurgi, stråling mot fordøyelseskanalen eller annet"},"localizedDescriptions":{"nb":"Ja, omfattende kirurgi, stråling mot fordøyelseskanalen eller annet"}},{"value":"at0006","label":"Vet ikke/informasjon ikke tilgjengelig","localizedLabels":{"nb":"Vet ikke/informasjon ikke tilgjengelig"},"localizedDescriptions":{"nb":"Vet ikke/informasjon ikke tilgjengelig"}}]}],"fid":"hv_ernaeringrisikovurdering/hv_ernaeringsscreening_behandling/planlagt_behandling_som_vil_medføre_vekttap","formId":"hv_ernaeringrisikovurdering/hv_ernaeringsscreening_behandling/planlagt_behandling_som_vil_medføre_vekttap","viewConfig":{"label":{"custom":false,"value":"","useLocalizations":false,"localizationsList":{}},"advanced":{"hidden":false,"readonly":false},"multiplicity":{"min":"1","max":"1"},"size":{"field":"large","label":"inherit","fill":"inherit"},"layout":{"label":{"valign":"inherit","align":"top"},"field":{"valign":"inherit","align":"inherit"}},"datasource":{"loadRemote":false,"loadRemoteUrl":"","terminology":""},"annotations":{"calcid":"behandling"},"tags":[],"field":{"code":{"presentation":"combobox"}}},"defaultValue":{"code":""}}],"viewConfig":{"label":{"custom":false,"value":"","useLocalizations":false,"localizationsList":{}},"size":{"field":"inherit","label":"1","fill":"inherit"},"layout":{"label":{"valign":"inherit","align":"top"},"field":{"valign":"inherit","align":"inherit"}},"field":{},"advanced":{"hidden":false,"readonly":false,"render":false},"multiplicity":{"min":"0","max":"1"},"tags":["HideLabel"],"annotations":{}}},{"localizedName":"Fieldset","localizedNames":{"nb":"Risiko eller ufullstendig screening"},"min":0,"max":-1,"name":"Fieldset","rmType":"GENERIC_FIELDSET","fid":"generic-field-87336","formId":"generic-field-87336","inputs":[{"type":"TEXT"}],"children":[],"viewConfig":{"label":{"custom":true,"value":"Risiko eller ufullstendig screening","useLocalizations":true,"localizationsList":{"nb":"Risiko eller ufullstendig screening"}},"size":{"field":"inherit","label":"inherit","fill":"inherit"},"layout":{"label":{"valign":"inherit","align":"inherit"},"field":{"valign":"inherit","align":"inherit"}},"field":{},"advanced":{"hidden":false,"readonly":false,"render":false},"multiplicity":{"min":"0","max":"1"},"tags":[],"annotations":{"alertType":"error"}}},{"localizedName":"Fieldset","localizedNames":{"nb":"Ingen risiko"},"min":0,"max":-1,"name":"Fieldset","rmType":"GENERIC_FIELDSET","fid":"generic-field-38322","formId":"generic-field-38322","inputs":[{"type":"TEXT"}],"children":[],"viewConfig":{"label":{"custom":true,"value":"Ingen risiko","useLocalizations":true,"localizationsList":{"nb":"Ingen risiko"}},"advanced":{"hidden":false,"readonly":false,"render":false},"multiplicity":{"min":"0","max":"1"},"size":{"field":"inherit","label":"inherit","fill":"inherit"},"layout":{"label":{"valign":"inherit","align":"inherit"},"field":{"valign":"inherit","align":"inherit"}},"field":{},"tags":[],"annotations":{"alertType":"success"}}},{"localizedName":"Fieldset","localizedNames":{"nb":"Kalkulasjoner"},"min":0,"max":-1,"name":"Fieldset","rmType":"GENERIC_FIELDSET","fid":"generic-field-90005","formId":"generic-field-90005","children":[{"name":"total score aldersjustert","localizedName":"total score aldersjustert","rmType":"DV_COUNT","nodeId":"at0015","min":0,"max":1,"localizedNames":{"nb":"total score aldersjustert"},"localizedDescriptions":{"nb":"*"},"aqlPath":"/content[openEHR-EHR-OBSERVATION.er_kalk_dips.v0]/data[at0001]/events[at0002]/data[at0003]/items[at0015]/value","inputs":[{"type":"INTEGER"}],"fid":"hv_ernaeringrisikovurdering/er_kalk_dips/total_score_aldersjustert","defaultValue":{"value":0},"formId":"hv_ernaeringrisikovurdering/er_kalk_dips/total_score_aldersjustert","viewConfig":{"label":{"custom":true,"value":"total score aldersjustert","useLocalizations":true,"localizationsList":{"nb":"total score aldersjustert"}},"advanced":{"hidden":false,"readonly":false},"multiplicity":{"min":"0","max":"1"},"size":{"field":"inherit","label":"inherit","fill":"inherit"},"layout":{"label":{"valign":"inherit","align":"top"},"field":{"valign":"inherit","align":"inherit"}},"datasource":{"loadRemote":false,"loadRemoteUrl":"","terminology":""},"tags":[],"annotations":{"calc":"ATS+BS+SS+MS+AS+BMIS+MAX(vt1s,vt2s,vt3s)","calcid":"totscore"},"field":{}}},{"name":"Kroppsmasseindeks","localizedName":"Kroppsmasseindeks","rmType":"DV_QUANTITY","nodeId":"at0004","min":1,"max":1,"localizedNames":{"nb":"Kroppsmasseindeks"},"localizedDescriptions":{"nb":"Indeks som beskriver forholdet mellom vekt og høyde."},"aqlPath":"/content[openEHR-EHR-OBSERVATION.body_mass_index.v1]/data[at0001]/events[at0002]/data[at0003]/items[at0004]/value","inputs":[{"suffix":"magnitude","type":"DECIMAL","validation":{"range":{"minOp":">=","min":0,"maxOp":"<","max":500},"precision":{"minOp":">=","min":1,"maxOp":"<=","max":1}}},{"suffix":"unit","type":"CODED_TEXT","list":[{"value":"kg/m2","label":"kg/m2","validation":{"range":{"minOp":">=","min":0,"maxOp":"<","max":500},"precision":{"minOp":">=","min":1,"maxOp":"<=","max":1}}}]}],"fid":"hv_ernaeringrisikovurdering/kroppsmasseindeks/uspesifisert_hendelse/kroppsmasseindeks","formId":"hv_ernaeringrisikovurdering/kroppsmasseindeks/uspesifisert_hendelse/kroppsmasseindeks","viewConfig":{"field":{"magnitude":{"presentation":"combobox"}},"label":{"custom":false,"value":"","useLocalizations":false,"localizationsList":{}},"advanced":{"hidden":false,"readonly":false},"multiplicity":{"min":"0","max":"1"},"size":{"field":"large","label":"inherit","fill":"inherit"},"layout":{"label":{"valign":"inherit","align":"top"},"field":{"valign":"inherit","align":"inherit"}},"datasource":{"loadRemote":false,"loadRemoteUrl":"","terminology":""},"tags":[],"annotations":{"calc":"if(or(isblank(KV), isblank(HL)), null, KV / (HL/100)^2)","calcid":"bmi"}},"defaultValue":{"unit":"kg/m2"}},{"name":"vt1 score","localizedName":"vt1 score","rmType":"DV_COUNT","nodeId":"at0012","min":0,"max":1,"localizedNames":{"nb":"vt1 score"},"localizedDescriptions":{"nb":"*"},"aqlPath":"/content[openEHR-EHR-OBSERVATION.er_kalk_dips.v0]/data[at0001]/events[at0002]/data[at0003]/items[at0012]/value","inputs":[{"type":"INTEGER"}],"fid":"hv_ernaeringrisikovurdering/er_kalk_dips/vt1_score","defaultValue":{"value":0},"formId":"hv_ernaeringrisikovurdering/er_kalk_dips/vt1_score","viewConfig":{"label":{"custom":true,"value":"vt1 score","useLocalizations":true,"localizationsList":{"nb":"vt1 score"}},"advanced":{"hidden":false,"readonly":false},"multiplicity":{"min":"0","max":"1"},"size":{"field":"inherit","label":"inherit","fill":"inherit"},"layout":{"label":{"valign":"inherit","align":"top"},"field":{"valign":"inherit","align":"inherit"}},"datasource":{"loadRemote":false,"loadRemoteUrl":"","terminology":""},"tags":[],"annotations":{"calcid":"vt1s"},"field":{}}},{"name":"vt2 score","localizedName":"vt2 score","rmType":"DV_COUNT","nodeId":"at0013","min":0,"max":1,"localizedNames":{"nb":"vt2 score"},"localizedDescriptions":{"nb":"*"},"aqlPath":"/content[openEHR-EHR-OBSERVATION.er_kalk_dips.v0]/data[at0001]/events[at0002]/data[at0003]/items[at0013]/value","inputs":[{"type":"INTEGER"}],"fid":"hv_ernaeringrisikovurdering/er_kalk_dips/vt2_score","defaultValue":{"value":0},"formId":"hv_ernaeringrisikovurdering/er_kalk_dips/vt2_score","viewConfig":{"label":{"custom":true,"value":"vt2 score","useLocalizations":true,"localizationsList":{"nb":"vt2 score"}},"advanced":{"hidden":false,"readonly":false},"multiplicity":{"min":"0","max":"1"},"size":{"field":"inherit","label":"inherit","fill":"inherit"},"layout":{"label":{"valign":"inherit","align":"top"},"field":{"valign":"inherit","align":"inherit"}},"datasource":{"loadRemote":false,"loadRemoteUrl":"","terminology":""},"tags":[],"annotations":{"calcid":"vt2s"},"field":{}}},{"name":"vt3 score","localizedName":"vt3 score","rmType":"DV_COUNT","nodeId":"at0014","min":0,"max":1,"localizedNames":{"nb":"vt3 score"},"localizedDescriptions":{"nb":"*"},"aqlPath":"/content[openEHR-EHR-OBSERVATION.er_kalk_dips.v0]/data[at0001]/events[at0002]/data[at0003]/items[at0014]/value","inputs":[{"type":"INTEGER"}],"fid":"hv_ernaeringrisikovurdering/er_kalk_dips/vt3_score","defaultValue":{"value":0},"formId":"hv_ernaeringrisikovurdering/er_kalk_dips/vt3_score","viewConfig":{"label":{"custom":true,"value":"vt3 score","useLocalizations":true,"localizationsList":{"nb":"vt3 score"}},"advanced":{"hidden":false,"readonly":false},"multiplicity":{"min":"0","max":"1"},"size":{"field":"inherit","label":"inherit","fill":"inherit"},"layout":{"label":{"valign":"inherit","align":"top"},"field":{"valign":"inherit","align":"inherit"}},"datasource":{"loadRemote":false,"loadRemoteUrl":"","terminology":""},"tags":[],"annotations":{"calcid":"vt3s"},"field":{}}},{"name":"sykdommens alvorlighet score","localizedName":"sykdommens alvorlighet score","rmType":"DV_COUNT","nodeId":"at0011","min":0,"max":1,"localizedNames":{"nb":"sykdommens alvorlighet score"},"localizedDescriptions":{"nb":"*"},"aqlPath":"/content[openEHR-EHR-OBSERVATION.er_kalk_dips.v0]/data[at0001]/events[at0002]/data[at0003]/items[at0011]/value","inputs":[{"type":"INTEGER"}],"fid":"hv_ernaeringrisikovurdering/er_kalk_dips/sykdommens_alvorlighet_score","defaultValue":{"value":3},"formId":"hv_ernaeringrisikovurdering/er_kalk_dips/sykdommens_alvorlighet_score","viewConfig":{"label":{"custom":true,"value":"sykdommens alvorlighet score","useLocalizations":true,"localizationsList":{"nb":"sykdommens alvorlighet score"}},"advanced":{"hidden":false,"readonly":false},"multiplicity":{"min":"0","max":"1"},"size":{"field":"inherit","label":"inherit","fill":"inherit"},"layout":{"label":{"valign":"inherit","align":"top"},"field":{"valign":"inherit","align":"inherit"}},"datasource":{"loadRemote":false,"loadRemoteUrl":"","terminology":""},"tags":[],"annotations":{"calcid":"SS"},"field":{}}},{"name":"behandling score","localizedName":"behandling score","rmType":"DV_COUNT","nodeId":"at0009","min":0,"max":1,"localizedNames":{"nb":"behandling score"},"localizedDescriptions":{"nb":"*"},"aqlPath":"/content[openEHR-EHR-OBSERVATION.er_kalk_dips.v0]/data[at0001]/events[at0002]/data[at0003]/items[at0009]/value","inputs":[{"type":"INTEGER"}],"fid":"hv_ernaeringrisikovurdering/er_kalk_dips/behandling_score","defaultValue":{"value":3},"formId":"hv_ernaeringrisikovurdering/er_kalk_dips/behandling_score","viewConfig":{"label":{"custom":true,"value":"behandling score","useLocalizations":true,"localizationsList":{"nb":"behandling score"}},"advanced":{"hidden":false,"readonly":false},"multiplicity":{"min":"0","max":"1"},"size":{"field":"inherit","label":"inherit","fill":"inherit"},"layout":{"label":{"valign":"inherit","align":"top"},"field":{"valign":"inherit","align":"inherit"}},"datasource":{"loadRemote":false,"loadRemoteUrl":"","terminology":""},"tags":[],"annotations":{"calcid":"BS"},"field":{}}},{"name":"allmenntilstand bmi score","localizedName":"allmenntilstand bmi score","rmType":"DV_COUNT","nodeId":"at0010","min":0,"max":1,"localizedNames":{"nb":"allmenntilstand bmi score"},"localizedDescriptions":{"nb":"*"},"aqlPath":"/content[openEHR-EHR-OBSERVATION.er_kalk_dips.v0]/data[at0001]/events[at0002]/data[at0003]/items[at0010]/value","inputs":[{"type":"INTEGER"}],"fid":"hv_ernaeringrisikovurdering/er_kalk_dips/allmenntilstand_bmi_score","defaultValue":{"value":3},"formId":"hv_ernaeringrisikovurdering/er_kalk_dips/allmenntilstand_bmi_score","viewConfig":{"label":{"custom":true,"value":"allmenntilstand bmi score","useLocalizations":true,"localizationsList":{"nb":"allmenntilstand bmi score"}},"advanced":{"hidden":false,"readonly":false},"multiplicity":{"min":"0","max":"1"},"size":{"field":"inherit","label":"inherit","fill":"inherit"},"layout":{"label":{"valign":"inherit","align":"top"},"field":{"valign":"inherit","align":"inherit"}},"datasource":{"loadRemote":false,"loadRemoteUrl":"","terminology":""},"tags":[],"annotations":{"calcid":"ATS"},"field":{}}},{"name":"Alder ved screening","localizedName":"Alder ved screening","rmType":"DV_COUNT","nodeId":"at0004","min":0,"max":1,"localizedNames":{"nb":"Alder ved screening"},"localizedDescriptions":{"nb":"*"},"aqlPath":"/content[openEHR-EHR-OBSERVATION.er_kalk_dips.v0]/data[at0001]/events[at0002]/data[at0003]/items[at0004]/value","inputs":[{"type":"INTEGER"}],"fid":"hv_ernaeringrisikovurdering/er_kalk_dips/alder_ved_screening","defaultValue":{"value":70},"formId":"hv_ernaeringrisikovurdering/er_kalk_dips/alder_ved_screening","viewConfig":{"label":{"custom":true,"value":"Pasientens alder ved screening","useLocalizations":true,"localizationsList":{"nb":"Pasientens alder ved screening"}},"advanced":{"hidden":false,"readonly":false},"multiplicity":{"min":"0","max":"1"},"size":{"field":"inherit","label":"inherit","fill":"inherit"},"layout":{"label":{"valign":"inherit","align":"top"},"field":{"valign":"inherit","align":"inherit"}},"datasource":{"loadRemote":false,"loadRemoteUrl":"","terminology":""},"annotations":{"templateVariable":"[Pas.Alder]","calcId":"PAL"},"field":{}}},{"name":"Risikoangivelse","localizedName":"Risikoangivelse","rmType":"DV_CODED_TEXT","nodeId":"at0018","min":0,"max":1,"localizedNames":{"nb":"Risikoangivelse"},"localizedDescriptions":{"nb":"*"},"aqlPath":"/content[openEHR-EHR-OBSERVATION.er_kalk_dips.v0]/data[at0001]/events[at0002]/data[at0003]/items[at0018]/value","inputs":[{"suffix":"code","type":"CODED_TEXT","list":[{"value":"at0019","label":"Risiko","localizedLabels":{"nb":"Risiko"},"localizedDescriptions":{"nb":"Risiko"}},{"value":"at0020","label":"Ikke risiko","localizedLabels":{"nb":"Ikke risiko"},"localizedDescriptions":{"nb":"Ikke risiko"}},{"value":"at0021","label":"Pasienten er i ernæringsmessig svikt eller uavklart","localizedLabels":{"nb":"Pasienten er i ernæringsmessig svikt eller uavklart"},"localizedDescriptions":{"nb":"Pasienten er i ernæringsmessig svikt eller uavklart"}}]}],"fid":"hv_ernaeringrisikovurdering/er_kalk_dips/risikoangivelse","defaultValue":{"code":"at0019"},"formId":"hv_ernaeringrisikovurdering/er_kalk_dips/risikoangivelse","viewConfig":{"size":{"field":"inherit","label":"inherit","fill":"inherit"},"layout":{"field":{"valign":"inherit","align":"inherit"}},"datasource":{"loadRemote":false,"loadRemoteUrl":"","terminology":""},"field":{"code":{"presentation":"combobox"}}}},{"name":"Alders score","localizedName":"Alders score","rmType":"DV_COUNT","nodeId":"at0016","min":0,"max":1,"localizedNames":{"nb":"Alders score"},"localizedDescriptions":{"nb":"*"},"aqlPath":"/content[openEHR-EHR-OBSERVATION.er_kalk_dips.v0]/data[at0001]/events[at0002]/data[at0003]/items[at0016]/value","inputs":[{"type":"INTEGER"}],"fid":"hv_ernaeringrisikovurdering/er_kalk_dips/alders_score","defaultValue":{"value":0},"formId":"hv_ernaeringrisikovurdering/er_kalk_dips/alders_score","viewConfig":{"label":{"custom":true,"value":"Alders Score","useLocalizations":true,"localizationsList":{"nb":"Alders Score"}},"advanced":{"hidden":false,"readonly":false},"multiplicity":{"min":"0","max":"1"},"size":{"field":"inherit","label":"inherit","fill":"inherit"},"layout":{"label":{"valign":"inherit","align":"top"},"field":{"valign":"inherit","align":"inherit"}},"datasource":{"loadRemote":false,"loadRemoteUrl":"","terminology":""},"tags":[],"annotations":{"calcid":"AS","calc":"if(PAL>69,1,0)"},"field":{}}},{"name":"BMI score","localizedName":"BMI score","rmType":"DV_COUNT","nodeId":"at0017","min":0,"max":1,"localizedNames":{"nb":"BMI score"},"localizedDescriptions":{"nb":"*"},"aqlPath":"/content[openEHR-EHR-OBSERVATION.er_kalk_dips.v0]/data[at0001]/events[at0002]/data[at0003]/items[at0017]/value","inputs":[{"type":"INTEGER"}],"fid":"hv_ernaeringrisikovurdering/er_kalk_dips/bmi_score","defaultValue":{"value":3},"formId":"hv_ernaeringrisikovurdering/er_kalk_dips/bmi_score","viewConfig":{"label":{"custom":true,"value":"BMI Score","useLocalizations":true,"localizationsList":{"nb":"BMI Score"}},"advanced":{"hidden":false,"readonly":false},"multiplicity":{"min":"0","max":"1"},"size":{"field":"inherit","label":"inherit","fill":"inherit"},"layout":{"label":{"valign":"inherit","align":"top"},"field":{"valign":"inherit","align":"inherit"}},"datasource":{"loadRemote":false,"loadRemoteUrl":"","terminology":""},"tags":[],"annotations":{"calcid":"BMIS"},"field":{}}},{"name":"matinntak score","localizedName":"matinntak score","rmType":"DV_COUNT","nodeId":"at0008","min":0,"max":1,"localizedNames":{"nb":"matinntak score"},"localizedDescriptions":{"nb":"*"},"aqlPath":"/content[openEHR-EHR-OBSERVATION.er_kalk_dips.v0]/data[at0001]/events[at0002]/data[at0003]/items[at0008]/value","inputs":[{"type":"INTEGER"}],"fid":"hv_ernaeringrisikovurdering/er_kalk_dips/matinntak_score","defaultValue":{"value":3},"formId":"hv_ernaeringrisikovurdering/er_kalk_dips/matinntak_score","viewConfig":{"label":{"custom":true,"value":"matinntak score","useLocalizations":true,"localizationsList":{"nb":"matinntak score"}},"advanced":{"hidden":false,"readonly":false},"multiplicity":{"min":"0","max":"1"},"size":{"field":"inherit","label":"inherit","fill":"inherit"},"layout":{"label":{"valign":"inherit","align":"top"},"field":{"valign":"inherit","align":"inherit"}},"datasource":{"loadRemote":false,"loadRemoteUrl":"","terminology":""},"tags":[],"annotations":{"calcid":"MS"},"field":{}}},{"name":"vt1","localizedName":"vt1","rmType":"DV_COUNT","nodeId":"at0005","min":0,"max":1,"localizedNames":{"nb":"vt1"},"localizedDescriptions":{"nb":"*"},"aqlPath":"/content[openEHR-EHR-OBSERVATION.er_kalk_dips.v0]/data[at0001]/events[at0002]/data[at0003]/items[at0005]/value","inputs":[{"type":"INTEGER"}],"fid":"hv_ernaeringrisikovurdering/er_kalk_dips/vt1","defaultValue":{"value":0},"formId":"hv_ernaeringrisikovurdering/er_kalk_dips/vt1","viewConfig":{"label":{"custom":true,"value":"vt1","useLocalizations":true,"localizationsList":{"nb":"vt1"}},"advanced":{"hidden":false,"readonly":false},"multiplicity":{"min":"0","max":"1"},"size":{"field":"inherit","label":"inherit","fill":"inherit"},"layout":{"label":{"valign":"inherit","align":"top"},"field":{"valign":"inherit","align":"inherit"}},"datasource":{"loadRemote":false,"loadRemoteUrl":"","terminology":""},"tags":[],"annotations":{"calc":"round(if(or(isblank(KV), isblank(TV1)), null, (TV1-KV)/TV1*100), 2)","calcId":"vt1"},"field":{}}},{"name":"vt2","localizedName":"vt2","rmType":"DV_COUNT","nodeId":"at0006","min":0,"max":1,"localizedNames":{"nb":"vt2"},"localizedDescriptions":{"nb":"*"},"aqlPath":"/content[openEHR-EHR-OBSERVATION.er_kalk_dips.v0]/data[at0001]/events[at0002]/data[at0003]/items[at0006]/value","inputs":[{"type":"INTEGER"}],"fid":"hv_ernaeringrisikovurdering/er_kalk_dips/vt2","defaultValue":{"value":0},"formId":"hv_ernaeringrisikovurdering/er_kalk_dips/vt2","viewConfig":{"label":{"custom":true,"value":"vt2","useLocalizations":true,"localizationsList":{"nb":"vt2"}},"advanced":{"hidden":false,"readonly":false},"multiplicity":{"min":"0","max":"1"},"size":{"field":"inherit","label":"inherit","fill":"inherit"},"layout":{"label":{"valign":"inherit","align":"inherit"},"field":{"valign":"inherit","align":"inherit"}},"datasource":{"loadRemote":false,"loadRemoteUrl":"","terminology":""},"tags":[],"annotations":{"calc":"round(if(or(isblank(KV), isblank(TV2)), null, (TV2-KV)/TV2*100), 2)","calcId":"vt2"},"field":{}}},{"name":"vt3","localizedName":"vt3","rmType":"DV_COUNT","nodeId":"at0007","min":0,"max":1,"localizedNames":{"nb":"vt3"},"localizedDescriptions":{"nb":"*"},"aqlPath":"/content[openEHR-EHR-OBSERVATION.er_kalk_dips.v0]/data[at0001]/events[at0002]/data[at0003]/items[at0007]/value","inputs":[{"type":"INTEGER"}],"fid":"hv_ernaeringrisikovurdering/er_kalk_dips/vt3","defaultValue":{"value":0},"formId":"hv_ernaeringrisikovurdering/er_kalk_dips/vt3","viewConfig":{"label":{"custom":true,"value":"vt3","useLocalizations":true,"localizationsList":{"nb":"vt3"}},"advanced":{"hidden":false,"readonly":false},"multiplicity":{"min":"0","max":"1"},"size":{"field":"inherit","label":"inherit","fill":"inherit"},"layout":{"label":{"valign":"inherit","align":"inherit"},"field":{"valign":"inherit","align":"inherit"}},"datasource":{"loadRemote":false,"loadRemoteUrl":"","terminology":""},"tags":[],"annotations":{"calc":"round(if(or(isblank(KV), isblank(TV3)), null, (TV3-KV)/TV3*100), 2)","calcId":"vt3"},"field":{}}}],"viewConfig":{"label":{"custom":true,"value":"Kalkulasjoner","useLocalizations":true,"localizationsList":{"nb":"Kalkulasjoner"}},"size":{"field":"inherit","label":"inherit","fill":"inherit"},"layout":{"label":{"valign":"inherit","align":"top"},"field":{"valign":"inherit","align":"inherit"}},"field":{},"advanced":{"hidden":true,"readonly":false,"render":false},"multiplicity":{"min":"0","max":"1"},"tags":[],"annotations":{"templateVariable":"[Pas.Alder]"}}}]}