{"name":"Form root","localizedNames":{},"localizedDescriptions":{},"rmType":"FORM_DEFINITION","min":0,"max":0,"formId":"form_root","viewConfig":{"label":{"custom":false,"useLocalizations":false},"size":{"field":"inherit","label":"inherit"},"layout":{"label":{"valign":"inherit","align":"inherit"},"field":{"valign":"inherit","align":"inherit"}},"annotations":{}},"children":[{"name":"Perifert venekateter","localizedName":"Perifert venekateter","localizedNames":{"en":"*Perifert venekateter (en)","nb":"Perifert venekateter"},"localizedDescriptions":{"nb":"En pågående og persistent oversikt over medisinsk utstyr som er tilpasset eller implantert.","en":"*En pågående og persistent oversikt over medisinsk utstyr som er tilpasset eller implantert. (nb)"},"rmType":"EVALUATION","nodeId":"openEHR-EHR-EVALUATION.device_summary.v0","min":0,"max":1,"aqlPath":"/content[openEHR-EHR-EVALUATION.device_summary.v0 and name/value='Perifert venekateter']","inputs":[],"formId":"klinisk_kontakt/perifert_venekateter@Perifert venekateter","viewConfig":{"multiplicity":{"min":0,"max":1},"advanced":{"hidden":false,"readonly":false,"hideFrame":false,"render":false},"label":{"custom":false,"useLocalizations":false},"size":{"field":"inherit","label":"inherit"},"layout":{"label":{"valign":"inherit","align":"inherit"},"field":{"valign":"inherit","align":"inherit"}},"annotations":{},"field":{}},"children":[{"name":"PVK","localizedName":"PVK","localizedNames":{"en":"*PVK (en)","nb":"PVK"},"localizedDescriptions":{"nb":"Kategori eller type medisinsk utstyr.","en":"*Kategori eller type medisinsk utstyr. (nb)"},"rmType":"DV_TEXT","nodeId":"at0020","min":0,"max":1,"aqlPath":"/content[openEHR-EHR-EVALUATION.device_summary.v0 and name/value='Perifert venekateter']/data[at0001]/items[at0020 and name/value='PVK']/value","inputs":[{"type":"TEXT","list":[],"listOpen":false}],"formId":"klinisk_kontakt/perifert_venekateter@Perifert venekateter/pvk@PVK","viewConfig":{"multiplicity":{"min":0,"max":1},"advanced":{"hidden":false,"readonly":false,"hideFrame":false,"render":false},"label":{"custom":false,"useLocalizations":false},"size":{"field":"inherit","label":"inherit"},"layout":{"label":{"valign":"inherit","align":"inherit"},"field":{"valign":"inherit","align":"inherit"}},"datasource":{"loadRemote":false,"parameters":{}},"annotations":{},"field":{"lines":null,"input":{}}}},{"name":"Beskrivelse","localizedName":"Beskrivelse","localizedNames":{"en":"*Beskrivelse (nb)","nb":"Beskrivelse"},"localizedDescriptions":{"nb":"Fritekstbeskrivelse om bruken av det tilpassede eller implanterte utstyret.","en":"*Fritekstbeskrivelse om bruken av det tilpassede eller implanterte utstyret. (nb)"},"rmType":"DV_TEXT","nodeId":"at0015","min":0,"max":1,"aqlPath":"/content[openEHR-EHR-EVALUATION.device_summary.v0 and name/value='Perifert venekateter']/data[at0001]/items[at0015]/value","inputs":[{"type":"TEXT","list":[],"listOpen":false}],"formId":"klinisk_kontakt/perifert_venekateter@Perifert venekateter/beskrivelse","viewConfig":{"multiplicity":{"min":0,"max":1},"advanced":{"hidden":false,"readonly":false,"hideFrame":false,"render":false},"label":{"custom":false,"useLocalizations":false},"size":{"field":"inherit","label":"inherit"},"layout":{"label":{"valign":"inherit","align":"inherit"},"field":{"valign":"inherit","align":"inherit"}},"datasource":{"loadRemote":false,"parameters":{}},"annotations":{},"field":{"lines":null,"input":{}}}},{"name":"Detaljer","localizedName":"Detaljer","localizedNames":{"en":"*Detaljer (nb)","nb":"Detaljer"},"localizedDescriptions":{"nb":"Detaljer om hvert enkelt medisinsk utstyr.","en":"*Detaljer om hvert enkelt medisinsk utstyr. (nb)"},"rmType":"CLUSTER","nodeId":"at0022","min":0,"max":-1,"aqlPath":"/content[openEHR-EHR-EVALUATION.device_summary.v0 and name/value='Perifert venekateter']/data[at0001]/items[at0022]","inputs":[],"formId":"klinisk_kontakt/perifert_venekateter@Perifert venekateter/detaljer","viewConfig":{"multiplicity":{"min":0,"max":-1},"advanced":{"hidden":false,"readonly":false,"hideFrame":false,"render":false},"label":{"custom":false,"useLocalizations":false},"size":{"field":"inherit","label":"inherit"},"layout":{"label":{"valign":"inherit","align":"inherit"},"field":{"valign":"inherit","align":"inherit"}},"annotations":{},"field":{}},"children":[{"name":"Lagt inn","localizedName":"Lagt inn","localizedNames":{"en":"*Lagt inn (en)","nb":"Lagt inn"},"localizedDescriptions":{"nb":"Dato for tilpasning eller implantering av det medisinske utstyret.","en":"*Dato for tilpasning eller implantering av det medisinske utstyret. (nb)"},"rmType":"DV_DATE_TIME","nodeId":"at0008","min":0,"max":1,"aqlPath":"/content[openEHR-EHR-EVALUATION.device_summary.v0 and name/value='Perifert venekateter']/data[at0001]/items[at0022]/items[at0008 and name/value='Lagt inn']/value","inputs":[{"type":"DATETIME","listOpen":false}],"formId":"klinisk_kontakt/perifert_venekateter@Perifert venekateter/detaljer/lagt_inn@Lagt inn","viewConfig":{"multiplicity":{"min":0,"max":1},"advanced":{"hidden":false,"readonly":false,"hideFrame":false,"render":false},"label":{"custom":false,"useLocalizations":false},"size":{"field":"inherit","label":"inherit"},"layout":{"label":{"valign":"inherit","align":"inherit"},"field":{"valign":"inherit","align":"inherit"}},"annotations":{},"field":{"input":{"hideTime":false,"dateFormat":"","hideDate":false}}}},{"name":"Seponert","localizedName":"Seponert","localizedNames":{"en":"*Seponert (en)","nb":"Seponert"},"localizedDescriptions":{"nb":"Datoen da bruk av det medisinske utstyret opphørte eller ble fjernet.","en":"*Datoen da bruk av det medisinske utstyret opphørte eller ble fjernet. (nb)"},"rmType":"DV_DATE_TIME","nodeId":"at0009","min":0,"max":1,"aqlPath":"/content[openEHR-EHR-EVALUATION.device_summary.v0 and name/value='Perifert venekateter']/data[at0001]/items[at0022]/items[at0009 and name/value='Seponert']/value","inputs":[{"type":"DATETIME","listOpen":false}],"formId":"klinisk_kontakt/perifert_venekateter@Perifert venekateter/detaljer/seponert@Seponert","viewConfig":{"multiplicity":{"min":0,"max":1},"advanced":{"hidden":false,"readonly":false,"hideFrame":false,"render":false},"label":{"custom":false,"useLocalizations":false},"size":{"field":"inherit","label":"inherit"},"layout":{"label":{"valign":"inherit","align":"inherit"},"field":{"valign":"inherit","align":"inherit"}},"annotations":{},"field":{"input":{"hideTime":false,"dateFormat":"","hideDate":false}}}},{"name":"Neste tilsyn/stell","localizedName":"Neste tilsyn/stell","localizedNames":{"en":"*Neste tilsyn/stell (en)","nb":"Neste tilsyn/stell"},"localizedDescriptions":{"nb":"Dato da det medisinske utstyret skal gjennomgås på nytt.","en":"*Dato da det medisinske utstyret skal gjennomgås på nytt. (nb)"},"rmType":"DV_DATE_TIME","nodeId":"at0019","min":0,"max":1,"aqlPath":"/content[openEHR-EHR-EVALUATION.device_summary.v0 and name/value='Perifert venekateter']/data[at0001]/items[at0022]/items[at0019 and name/value='Neste tilsyn/stell']/value","inputs":[{"type":"DATETIME","listOpen":false}],"formId":"klinisk_kontakt/perifert_venekateter@Perifert venekateter/detaljer/neste_tilsyn_stell@Neste tilsyn/stell","viewConfig":{"multiplicity":{"min":0,"max":1},"advanced":{"hidden":false,"readonly":false,"hideFrame":false,"render":false},"label":{"custom":false,"useLocalizations":false},"size":{"field":"inherit","label":"inherit"},"layout":{"label":{"valign":"inherit","align":"inherit"},"field":{"valign":"inherit","align":"inherit"}},"annotations":{},"field":{"input":{"hideTime":false,"dateFormat":"","hideDate":false}}}}]}]}]}