[{"col":1,"row":1,"width":12,"height":50,"children":[{"id":"legemiddelsamstemming/faste_medisiner@Faste medisiner","rows":[{"cols":[{"width":"100%","children":[{"id":"legemiddelsamstemming/faste_medisiner@Faste medisiner/tilstand","rows":[]}]}]}]},{"id":"generic-field-66515","rows":[]},{"id":"legemiddelsamstemming/legemiddelsamstemming@Legemiddelsamstemming","rows":[{"cols":[{"width":"100%","children":[{"id":"legemiddelsamstemming/legemiddelsamstemming@Legemiddelsamstemming/ism_transition","rows":[{"cols":[{"width":"100%","children":[{"id":"legemiddelsamstemming/legemiddelsamstemming@Legemiddelsamstemming/ism_transition/current_state","rows":[]},{"id":"legemiddelsamstemming/legemiddelsamstemming@Legemiddelsamstemming/ism_transition/careflow_step","rows":[]}]}]}]},{"id":"legemiddelsamstemming/legemiddelsamstemming@Legemiddelsamstemming/prosedyrenavn","rows":[]},{"id":"legemiddelsamstemming/legemiddelsamstemming@Legemiddelsamstemming/beskrivelse","rows":[]}]}]}]},{"id":"legemiddelsamstemming/legemiddelsamstemming@Legemiddelsamstemming/time","rows":[]}]}]