[{"col":1,"row":1,"width":12,"height":26,"children":[{"id":"klinisk_kontakt/sentralt_venekateter@Sentralt venekateter","rows":[{"cols":[{"width":"100%","children":[{"id":"klinisk_kontakt/sentralt_venekateter@Sentralt venekateter/svk@SVK","rows":[]},{"id":"klinisk_kontakt/sentralt_venekateter@Sentralt venekateter/beskrivelse","rows":[]},{"id":"generic-field-45286","rows":[]},{"id":"klinisk_kontakt/sentralt_venekateter@Sentralt venekateter/detaljer/lagt_inn@Lagt inn","rows":[]},{"id":"klinisk_kontakt/sentralt_venekateter@Sentralt venekateter/detaljer/neste_tilsyn_stell@Neste tilsyn/stell","rows":[]},{"id":"klinisk_kontakt/sentralt_venekateter@Sentralt venekateter/detaljer/seponert@Seponert","rows":[]}]}]}]}]}]