{"formId":"form_root","name":"Form root","rmType":"FORM_DEFINITION","viewConfig":{"label":{"custom":false,"value":"","useLocalizations":false,"localizationsList":{}},"size":{"field":"inherit","label":"inherit","fill":"inherit"},"layout":{"label":{"valign":"inherit","align":"inherit"},"field":{"valign":"inherit","align":"inherit"}},"tags":["ShowAsMultiComboBox"],"annotations":{"reuseComposition":"select c from composition c contains instruction e[openEHR-EHR-INSTRUCTION.nevrologisk_observasjon.v0] where c/archetype_details/template_id/value = 'nevrologisk observasjon' order by a/context/start_time/value desc fetch 1?scope=episodeofcare"},"advanced":{"hidden":false,"readonly":false,"render":false},"multiplicity":{"min":"1","max":"1"}},"language":"nb","templateLanguages":["nb"],"children":[{"name":"Nevrologisk observasjon","localizedName":"Nevrologisk observasjon","rmType":"DV_CODED_TEXT","nodeId":"at0003","min":0,"max":-1,"localizedNames":{"nb":"Nevrologisk observasjon"},"localizedDescriptions":{"nb":"Angi type nevrologisk observasjonsregime"},"aqlPath":"/content[openEHR-EHR-INSTRUCTION.nevrologisk_observasjon.v0]/activities[at0001]/description[at0002]/items[at0003]/value","inputs":[{"suffix":"code","type":"CODED_TEXT","list":[{"value":"at0007","label":"Kramper/epilepsi","localizedLabels":{"nb":"Kramper/epilepsi"},"localizedDescriptions":{"nb":"Observasjonsregime for kramper og epilepsi"}},{"value":"at0008","label":"Økt ICP","localizedLabels":{"nb":"Økt ICP"},"localizedDescriptions":{"nb":"Observasjonsregime for økt ICP"}},{"value":"at0009","label":"Guillaine Barre","localizedLabels":{"nb":"Guillaine Barre"},"localizedDescriptions":{"nb":"Observasjonsregime for Guillaine Barre"}},{"value":"at0010","label":"Slagregime","localizedLabels":{"nb":"Slagregime"},"localizedDescriptions":{"nb":"Observasjonsregime for slag"}},{"value":"at0011","label":"Intrakraniell blødning","localizedLabels":{"nb":"Intrakraniell blødning"},"localizedDescriptions":{"nb":"Observasjonsregime for intrakraniell blødning"}},{"value":"at0012","label":"Bevegelsesprotokoll","localizedLabels":{"nb":"Bevegelsesprotokoll"},"localizedDescriptions":{"nb":"Observasjonsregime for bevegelsesprotokoll"}},{"value":"at0013","label":"Annet","localizedLabels":{"nb":"Annet"},"localizedDescriptions":{"nb":"Angi i merknadsfeltet type observasjon"}}]}],"formId":"nevrologisk_observasjon/nevrologisk_observasjon/current_activity/nevrologisk_observasjon","viewConfig":{"size":{"field":"inherit","label":"inherit","fill":"inherit"},"layout":{"label":{"valign":"inherit","align":"top"},"field":{"valign":"inherit","align":"inherit"}},"datasource":{"loadRemote":false,"loadRemoteUrl":"","terminology":""},"label":{"custom":false,"value":"","useLocalizations":true,"localizationsList":{"nb":"Nevrologisk observasjon"}},"advanced":{"hidden":false,"readonly":false},"multiplicity":{"min":"0","max":"100"},"tags":[],"field":{"code":{"presentation":"combobox","columns":"4"}}},"defaultValue":{"code":""}},{"name":"Merknad:","localizedName":"Merknad:","rmType":"DV_TEXT","nodeId":"at0004","min":0,"max":1,"localizedNames":{"nb":"Merknad:"},"localizedDescriptions":{"nb":"*"},"aqlPath":"/content[openEHR-EHR-INSTRUCTION.nevrologisk_observasjon.v0]/activities[at0001]/description[at0002]/items[at0004]/value","inputs":[{"type":"TEXT"}],"formId":"nevrologisk_observasjon/nevrologisk_observasjon/current_activity/merknad","viewConfig":{"size":{"field":"inherit","label":"inherit","fill":"inherit"},"layout":{"label":{"valign":"inherit","align":"top"},"field":{"valign":"inherit","align":"inherit"}},"datasource":{"loadRemote":false,"loadRemoteUrl":"","terminology":""},"label":{"custom":false,"value":"","useLocalizations":true,"localizationsList":{"nb":"Merknad:"}},"advanced":{"hidden":false,"readonly":false},"multiplicity":{"min":"0","max":"1"},"tags":[],"field":{"input":{"presentation":"textfield","lines":"1"}}},"defaultValue":{"value":""}}]}