{"name":"Form root","localizedNames":{},"localizedDescriptions":{},"rmType":"FORM_DEFINITION","min":0,"max":0,"formId":"form_root","viewConfig":{"label":{"custom":false,"useLocalizations":false},"size":{"field":"inherit","label":"inherit"},"layout":{"label":{"valign":"inherit","align":"inherit"},"field":{"valign":"inherit","align":"inherit"}},"annotations":{"#weight":"SELECT c/uid as cid, o FROM COMPOSITION c CONTAINS OBSERVATION o[openEHR-EHR-OBSERVATION.body_weight.v1]  order by o/data[at0002]/events[at0003]/time desc LIMIT 1","#height":"SELECT c/uid as cid, o FROM COMPOSITION c CONTAINS OBSERVATION o[openEHR-EHR-OBSERVATION.height.v1] order by o//data[at0001]/events[at0002]/time LIMIT 1 ","#reuseNRS":"select\r\n   c/uid as cid,o\r\nfrom\r\n   composition c\r\ncontains\r\n   OBSERVATION o[openEHR-EHR-OBSERVATION.nutritional_risk_screening.v1]\r\norder by c/context/start_time DESC fetch 1"}},"children":[{"name":"Fieldset","localizedName":"OBS! gammel vekt","localizedNames":{"en":"*Fieldset (en)","nb":"OBS! gammel vekt"},"localizedDescriptions":{},"rmType":"GENERIC_FIELDSET","min":0,"max":1,"inputs":[],"formId":"generic-field-91187","viewConfig":{"multiplicity":{"min":0,"max":1},"advanced":{"hidden":false,"readonly":false,"hideFrame":false,"render":false},"label":{"custom":false,"useLocalizations":false},"size":{"field":"inherit","label":"-1"},"layout":{"label":{"valign":"inherit","align":"inherit"},"field":{"valign":"inherit","align":"inherit"}},"annotations":{"alertType":"TIP"},"field":{"formId":null,"name":null},"tags":["HideLabel"]},"children":[{"name":"Input","localizedName":"OBS GAMMEL VEKT!","localizedNames":{"en":"*Input (en)","nb":"OBS GAMMEL VEKT!"},"localizedDescriptions":{},"rmType":"GENERIC_FIELD","min":0,"max":-1,"inputs":[{"type":"TEXT","list":[],"defaultValue":"BMI i dette skjema er basert på gjenbruk av en vekt som er over 1 mnd gammel. Det anbefales derfor å oppdatere vekten.","listOpen":false}],"formId":"generic-field-53125","viewConfig":{"multiplicity":{"min":0,"max":-1},"advanced":{"hidden":false,"readonly":true,"hideFrame":false,"render":false},"label":{"custom":false,"useLocalizations":false},"size":{"field":"inherit","label":"inherit"},"layout":{"label":{"valign":"inherit","align":"inherit"},"field":{"valign":"inherit","align":"inherit"}},"annotations":{},"field":{"lines":null,"input":{},"type":"DV_TEXT"}}}]},{"name":"Høyde/Lengde","localizedName":"Høyde/Lengde","localizedNames":{"en":"*Høyde/Lengde (nb)","nb":"Høyde/Lengde"},"localizedDescriptions":{"nb":"Individets høyde eller lengde målt fra isse til fotsåle. Høyde måles stående og lengde liggende.","en":"*Individets høyde eller lengde målt fra isse til fotsåle. Høyde måles stående og lengde liggende. (nb)"},"rmType":"OBSERVATION","nodeId":"openEHR-EHR-OBSERVATION.height.v1","min":0,"max":1,"aqlPath":"/content[openEHR-EHR-OBSERVATION.height.v1]","inputs":[],"formId":"klinisk_kontakt/høyde_lengde","viewConfig":{"multiplicity":{"min":0,"max":1},"advanced":{"hidden":false,"readonly":false,"hideFrame":false,"render":false},"label":{"custom":false,"useLocalizations":false},"size":{"field":"large","label":"-1"},"layout":{"label":{"valign":"inherit","align":"inherit"},"field":{"valign":"inherit","align":"inherit"}},"annotations":{"selectreadonly":"{#height}"},"field":{},"tags":["HideLabel"]},"children":[{"name":"Uspesifisert hendelse","localizedName":"Uspesifisert hendelse","localizedNames":{"en":"*Uspesifisert hendelse (nb)","nb":"Uspesifisert hendelse"},"localizedDescriptions":{"nb":"Standard, uspesifisert tidspunkt eller tidsintervall som kan defineres mer eksplisitt i en template eller i en applikasjon.","en":"*Standard, uspesifisert tidspunkt eller tidsintervall som kan defineres mer eksplisitt i en template eller i en applikasjon. (nb)"},"rmType":"EVENT","nodeId":"at0002","min":1,"max":1,"aqlPath":"/content[openEHR-EHR-OBSERVATION.height.v1]/data[at0001]/events[at0002]","inputs":[],"formId":"klinisk_kontakt/høyde_lengde/uspesifisert_hendelse","viewConfig":{"multiplicity":{"min":1,"max":1},"advanced":{"hidden":false,"readonly":false,"hideFrame":false,"render":false},"label":{"custom":false,"useLocalizations":false},"size":{"field":"inherit","label":"-1"},"layout":{"label":{"valign":"inherit","align":"inherit"},"field":{"valign":"inherit","align":"inherit"}},"annotations":{},"tags":["HideLabel"]},"children":[{"name":"Høyde/lengde","localizedName":"Høyde/lengde","localizedNames":{"en":"*Høyde/lengde (nb)","nb":"Høyde/lengde"},"localizedDescriptions":{"nb":"Høyde/lengde fra isse til fotsåle.","en":"*Høyde/lengde fra isse til fotsåle. (nb)"},"rmType":"DV_QUANTITY","nodeId":"at0004","min":1,"max":1,"aqlPath":"/content[openEHR-EHR-OBSERVATION.height.v1]/data[at0001]/events[at0002]/data[at0003]/items[at0004]/value","inputs":[{"suffix":"magnitude","type":"DECIMAL","defaultValue":"","listOpen":false},{"suffix":"unit","type":"CODED_TEXT","list":[{"value":"cm","label":"cm","validation":{"range":{"minOp":">=","min":100.0,"maxOp":"<=","max":300.0}},"ordinal":0,"localizedLabels":{},"localizedDescriptions":{}}],"listOpen":false}],"formId":"klinisk_kontakt/høyde_lengde/uspesifisert_hendelse/høyde_lengde","viewConfig":{"multiplicity":{"min":1,"max":1},"advanced":{"hidden":false,"readonly":false,"hideFrame":false,"render":false},"label":{"custom":false,"useLocalizations":false},"size":{"field":"large","label":"inherit"},"layout":{"label":{"valign":"inherit","align":"inherit"},"field":{"valign":"inherit","align":"inherit"}},"annotations":{"calcId":"hight"},"field":{}}},{"name":"Time","localizedName":"tidspunkt for måling","localizedNames":{"en":"*Time (en)","nb":"tidspunkt for måling"},"localizedDescriptions":{},"rmType":"DV_DATE_TIME","min":1,"max":1,"aqlPath":"/content[openEHR-EHR-OBSERVATION.height.v1]/data[at0001]/events[at0002]/time","inputs":[{"type":"DATETIME","listOpen":false}],"formId":"klinisk_kontakt/høyde_lengde/uspesifisert_hendelse/time","viewConfig":{"multiplicity":{"min":1,"max":1},"advanced":{"hidden":false,"readonly":false,"hideFrame":false,"render":false},"label":{"custom":false,"useLocalizations":false},"size":{"field":"inherit","label":"inherit"},"layout":{"label":{"valign":"inherit","align":"inherit"},"field":{"valign":"inherit","align":"inherit"}},"annotations":{"editAction":"clear"},"field":{"input":{"hideTime":false,"dateFormat":"","hideDate":false}}}}]}]},{"name":"Kroppsvekt","localizedName":"Kroppsvekt","localizedNames":{"en":"*Kroppsvekt (nb)","nb":"Kroppsvekt"},"localizedDescriptions":{"nb":"Individets kroppsvekt.","en":"*Individets kroppsvekt. (nb)"},"rmType":"OBSERVATION","nodeId":"openEHR-EHR-OBSERVATION.body_weight.v1","min":0,"max":1,"aqlPath":"/content[openEHR-EHR-OBSERVATION.body_weight.v1]","inputs":[],"formId":"klinisk_kontakt/kroppsvekt","viewConfig":{"multiplicity":{"min":0,"max":1},"advanced":{"hidden":false,"readonly":false,"hideFrame":false,"render":false},"label":{"custom":false,"useLocalizations":false},"size":{"field":"large","label":"-1"},"layout":{"label":{"valign":"inherit","align":"inherit"},"field":{"valign":"inherit","align":"inherit"}},"annotations":{"selectreadonly":"{#weight}"},"field":{},"tags":["HideLabel"]},"children":[{"name":"Uspesifisert hendelse","localizedName":"Uspesifisert hendelse","localizedNames":{"en":"*Uspesifisert hendelse (nb)","nb":"Uspesifisert hendelse"},"localizedDescriptions":{"nb":"Standard, uspesifisert tidspunkt eller tidsintervall som kan defineres mer eksplisitt i en template eller i en applikasjon.","en":"*Standard, uspesifisert tidspunkt eller tidsintervall som kan defineres mer eksplisitt i en template eller i en applikasjon. (nb)"},"rmType":"EVENT","nodeId":"at0003","min":1,"max":1,"aqlPath":"/content[openEHR-EHR-OBSERVATION.body_weight.v1]/data[at0002]/events[at0003]","inputs":[],"formId":"klinisk_kontakt/kroppsvekt/uspesifisert_hendelse","viewConfig":{"multiplicity":{"min":1,"max":1},"advanced":{"hidden":false,"readonly":false,"hideFrame":false,"render":false},"label":{"custom":false,"useLocalizations":false},"size":{"field":"inherit","label":"-1"},"layout":{"label":{"valign":"inherit","align":"inherit"},"field":{"valign":"inherit","align":"inherit"}},"annotations":{},"tags":["HideLabel"]},"children":[{"name":"Kroppsvekt","localizedName":"Kroppsvekt","localizedNames":{"en":"*Kroppsvekt (nb)","nb":"Kroppsvekt"},"localizedDescriptions":{"nb":"Et individs totale kroppsmasse.","en":"*Et individs totale kroppsmasse. (nb)"},"rmType":"DV_QUANTITY","nodeId":"at0004","min":1,"max":1,"aqlPath":"/content[openEHR-EHR-OBSERVATION.body_weight.v1]/data[at0002]/events[at0003]/data[at0001]/items[at0004]/value","inputs":[{"suffix":"magnitude","type":"DECIMAL","defaultValue":"","listOpen":false},{"suffix":"unit","type":"CODED_TEXT","list":[{"value":"kg","label":"kg","validation":{"range":{"minOp":">=","min":0.0,"maxOp":"<","max":400.0}},"ordinal":0,"localizedLabels":{},"localizedDescriptions":{}},{"value":"g","label":"g","validation":{"range":{"minOp":">=","min":0.0,"maxOp":"<","max":40000.0},"precision":{"minOp":">=","min":0.0,"maxOp":"<=","max":0.0}},"ordinal":0,"localizedLabels":{},"localizedDescriptions":{}}],"listOpen":false}],"formId":"klinisk_kontakt/kroppsvekt/uspesifisert_hendelse/kroppsvekt","viewConfig":{"multiplicity":{"min":1,"max":1},"advanced":{"hidden":false,"readonly":false,"hideFrame":false,"render":false},"label":{"custom":false,"useLocalizations":false},"size":{"field":"large","label":"inherit"},"layout":{"label":{"valign":"inherit","align":"inherit"},"field":{"valign":"inherit","align":"inherit"}},"annotations":{"calcId":"weight"},"field":{}}},{"name":"Time","localizedName":"tidspunkt for måling","localizedNames":{"en":"*Time (en)","nb":"tidspunkt for måling"},"localizedDescriptions":{},"rmType":"DV_DATE_TIME","min":1,"max":1,"aqlPath":"/content[openEHR-EHR-OBSERVATION.body_weight.v1]/data[at0002]/events[at0003]/time","inputs":[{"type":"DATETIME","listOpen":false}],"formId":"klinisk_kontakt/kroppsvekt/uspesifisert_hendelse/time","viewConfig":{"multiplicity":{"min":1,"max":1},"advanced":{"hidden":false,"readonly":false,"hideFrame":false,"render":false},"label":{"custom":false,"useLocalizations":false},"size":{"field":"inherit","label":"inherit"},"layout":{"label":{"valign":"inherit","align":"inherit"},"field":{"valign":"inherit","align":"inherit"}},"annotations":{"calcId":"WeightTime","editAction":"clear"},"field":{"input":{"hideTime":false,"dateFormat":"","hideDate":false}}}}]}]},{"name":"Kroppsmasseindeks","localizedName":"Kroppsmasseindeks","localizedNames":{"en":"*Kroppsmasseindeks (nb)","nb":"Kroppsmasseindeks"},"localizedDescriptions":{"nb":"Beregnet verdi som gjenspeiler individets kroppsmasse på grunnlag av dens høyde og vekt.","en":"*Beregnet verdi som gjenspeiler individets kroppsmasse på grunnlag av dens høyde og vekt. (nb)"},"rmType":"OBSERVATION","nodeId":"openEHR-EHR-OBSERVATION.body_mass_index.v1","min":1,"max":1,"aqlPath":"/content[openEHR-EHR-OBSERVATION.body_mass_index.v1]","inputs":[],"formId":"klinisk_kontakt/kroppsmasseindeks","viewConfig":{"multiplicity":{"min":1,"max":1},"advanced":{"hidden":false,"readonly":false,"hideFrame":false,"render":false},"label":{"custom":false,"useLocalizations":false},"size":{"field":"inherit","label":"-1"},"layout":{"label":{"valign":"inherit","align":"inherit"},"field":{"valign":"inherit","align":"inherit"}},"annotations":{},"field":{},"tags":["HideLabel"]},"children":[{"name":"Kroppsmasseindeks","localizedName":"Kroppsmasseindeks","localizedNames":{"en":"*Kroppsmasseindeks (nb)","nb":"Kroppsmasseindeks"},"localizedDescriptions":{"nb":"Indeks som beskriver forholdet mellom vekt og høyde.","en":"*Indeks som beskriver forholdet mellom vekt og høyde. (nb)"},"rmType":"DV_QUANTITY","nodeId":"at0004","min":1,"max":1,"aqlPath":"/content[openEHR-EHR-OBSERVATION.body_mass_index.v1]/data[at0001]/events[at0002]/data[at0003]/items[at0004]/value","inputs":[{"suffix":"magnitude","type":"DECIMAL","defaultValue":"","listOpen":false},{"suffix":"unit","type":"CODED_TEXT","list":[{"value":"kg/m2","label":"kg/m2","validation":{"range":{"minOp":">=","min":0.0,"maxOp":"<","max":500.0},"precision":{"minOp":">=","min":1.0,"maxOp":"<=","max":1.0}},"ordinal":0,"localizedLabels":{},"localizedDescriptions":{}}],"defaultValue":"kg/m2","listOpen":false}],"formId":"klinisk_kontakt/kroppsmasseindeks/uspesifisert_hendelse/kroppsmasseindeks","viewConfig":{"multiplicity":{"min":1,"max":1},"advanced":{"hidden":false,"readonly":false,"hideFrame":false,"render":false},"label":{"custom":false,"useLocalizations":false},"size":{"field":"small","label":"inherit"},"layout":{"label":{"valign":"inherit","align":"inherit"},"field":{"valign":"inherit","align":"inherit"}},"annotations":{"calc":"(weight/(hight/100))/(hight/100)"},"field":{}}}]},{"name":"Klinisk kontakt","localizedName":"Klinisk kontakt","localizedNames":{"en":"*Klinisk kontakt (nb)","nb":"Klinisk kontakt"},"localizedDescriptions":{"nb":"Interaksjon, kontakt eller omsorgshendelse mellom et individ og helsepersonell.","en":"*Interaksjon, kontakt eller omsorgshendelse mellom et individ og helsepersonell. (nb)"},"rmType":"COMPOSITION","nodeId":"openEHR-EHR-COMPOSITION.encounter.v1","min":1,"max":1,"aqlPath":"/","inputs":[],"formId":"klinisk_kontakt","viewConfig":{"multiplicity":{"min":1,"max":1},"advanced":{"hidden":false,"readonly":false,"hideFrame":false,"render":false},"label":{"custom":false,"useLocalizations":false},"size":{"field":"inherit","label":"-1"},"layout":{"label":{"valign":"inherit","align":"inherit"},"field":{"valign":"inherit","align":"inherit"}},"annotations":{},"field":{},"tags":["HideLabel"]},"children":[{"name":"NRS 2002","localizedName":"NRS 2002","localizedNames":{"en":"*NRS 2002 (nb)","nb":"NRS 2002"},"localizedDescriptions":{"nb":"Verktøyet Nutritional Risk Screening (NRS) 2002 for screening for ernæringsmessig risiko.","en":"*Verktøyet Nutritional Risk Screening (NRS) 2002 for screening for ernæringsmessig risiko. (nb)"},"rmType":"OBSERVATION","nodeId":"openEHR-EHR-OBSERVATION.nutritional_risk_screening.v1","min":1,"max":1,"aqlPath":"/content[openEHR-EHR-OBSERVATION.nutritional_risk_screening.v1]","inputs":[],"formId":"klinisk_kontakt/nrs_2002","viewConfig":{"multiplicity":{"min":1,"max":1},"advanced":{"hidden":false,"readonly":false,"hideFrame":false,"render":false},"label":{"custom":false,"useLocalizations":false},"size":{"field":"inherit","label":"-1"},"layout":{"label":{"valign":"inherit","align":"inherit"},"field":{"valign":"inherit","align":"inherit"}},"annotations":{"selectreadonly":"{#reuseNRS}"},"field":{},"tags":["HideLabel"]},"children":[{"name":"Origin","localizedName":"Origin","localizedNames":{"en":"*Origin (en)","nb":"Origin"},"localizedDescriptions":{},"rmType":"DV_DATE_TIME","min":1,"max":1,"aqlPath":"/content[openEHR-EHR-OBSERVATION.nutritional_risk_screening.v1]/data[at0001]/origin","inputs":[{"type":"DATETIME","listOpen":false}],"formId":"klinisk_kontakt/nrs_2002/event_series/origin","viewConfig":{"multiplicity":{"min":1,"max":1},"advanced":{"hidden":true,"readonly":false,"hideFrame":false,"render":false},"label":{"custom":false,"useLocalizations":false},"size":{"field":"inherit","label":"inherit"},"layout":{"label":{"valign":"inherit","align":"inherit"},"field":{"valign":"inherit","align":"inherit"}},"annotations":{"calc":"NRStime"},"field":{"input":{"hideTime":false,"dateFormat":"","hideDate":false}}}},{"name":"Uspesifisert hendelse","localizedName":"NRS 2002 screening","localizedNames":{"en":"*Uspesifisert hendelse (nb)","nb":"NRS 2002 screening"},"localizedDescriptions":{"nb":"Standard, uspesifisert tidspunkt eller tidsintervall som kan defineres mer eksplisitt i en template eller i en applikasjon.","en":"*Standard, uspesifisert tidspunkt eller tidsintervall som kan defineres mer eksplisitt i en template eller i en applikasjon. (nb)"},"rmType":"POINT_EVENT","nodeId":"at0002","min":1,"max":1,"aqlPath":"/content[openEHR-EHR-OBSERVATION.nutritional_risk_screening.v1]/data[at0001]/events[at0002]","inputs":[],"formId":"klinisk_kontakt/nrs_2002/uspesifisert_hendelse","viewConfig":{"multiplicity":{"min":1,"max":1},"advanced":{"hidden":false,"readonly":false,"hideFrame":false,"render":false},"label":{"custom":false,"useLocalizations":false},"size":{"field":"inherit","label":"inherit"},"layout":{"label":{"valign":"inherit","align":"inherit"},"field":{"valign":"inherit","align":"inherit"}},"annotations":{}},"children":[{"name":"Time","localizedName":"tidspunkt for utført scoring","localizedNames":{"en":"*Time (en)","nb":"tidspunkt for utført scoring"},"localizedDescriptions":{},"rmType":"DV_DATE_TIME","min":1,"max":1,"aqlPath":"/content[openEHR-EHR-OBSERVATION.nutritional_risk_screening.v1]/data[at0001]/events[at0002]/time","inputs":[{"type":"DATETIME","listOpen":false}],"formId":"klinisk_kontakt/nrs_2002/uspesifisert_hendelse/time","viewConfig":{"multiplicity":{"min":1,"max":1},"advanced":{"hidden":false,"readonly":false,"hideFrame":false,"render":false},"label":{"custom":false,"useLocalizations":false},"size":{"field":"medium","label":"inherit"},"layout":{"label":{"valign":"inherit","align":"inherit"},"field":{"valign":"inherit","align":"inherit"}},"annotations":{"templateVariable":"[sys.now]","calcId":"NRStime","editAction":"clear"},"field":{"input":{"hideTime":false,"dateFormat":"","hideDate":false}}}},{"name":"Innledende screening","localizedName":"Innledende screening","localizedNames":{"en":"*Innledende screening (nb)","nb":"Innledende screening"},"localizedDescriptions":{"nb":"Dersom svaret er \"Ja\" på noen av de innledende spørsmålene, gjennomføres hovedscreeningen.","en":"*Dersom svaret er \"Ja\" på noen av de innledende spørsmålene, gjennomføres hovedscreeningen. (nb)"},"rmType":"CLUSTER","nodeId":"at0031","min":1,"max":1,"aqlPath":"/content[openEHR-EHR-OBSERVATION.nutritional_risk_screening.v1]/data[at0001]/events[at0002]/data[at0003]/items[at0031]","inputs":[],"formId":"klinisk_kontakt/nrs_2002/uspesifisert_hendelse/innledende_screening","viewConfig":{"multiplicity":{"min":1,"max":1},"advanced":{"hidden":false,"readonly":false,"hideFrame":false,"render":false},"label":{"custom":false,"useLocalizations":false},"size":{"field":"medium","label":"1"},"layout":{"label":{"valign":"inherit","align":"top"},"field":{"valign":"inherit","align":"inherit"}},"annotations":{},"field":{}},"children":[{"name":"Er BMI < 20,5?","localizedName":"Er BMI < 20,5?","localizedNames":{"en":"*Er BMI < 20,5? (nb)","nb":"Er BMI < 20,5?"},"localizedDescriptions":{"nb":"Er pasientens BMI under 20,5?","en":"*Er pasientens BMI under 20,5? (nb)"},"rmType":"DV_CODED_TEXT","nodeId":"at0004","min":0,"max":1,"aqlPath":"/content[openEHR-EHR-OBSERVATION.nutritional_risk_screening.v1]/data[at0001]/events[at0002]/data[at0003]/items[at0031]/items[at0004]/value","inputs":[{"suffix":"code","type":"CODED_TEXT","list":[{"value":"at0033","label":"Ja","ordinal":0,"localizedLabels":{"nb":"Ja","en":"*Ja (nb)"},"localizedDescriptions":{"nb":"Pasientens BMI er under 20,5.","en":"*Pasientens BMI er under 20,5. (nb)"}},{"value":"at0034","label":"Nei","ordinal":0,"localizedLabels":{"nb":"Nei","en":"*Nei (nb)"},"localizedDescriptions":{"nb":"Pasientens BMI er over eller lik 20,5.","en":"*Pasientens BMI er over eller lik 20,5. (nb)"}}],"listOpen":false}],"formId":"klinisk_kontakt/nrs_2002/uspesifisert_hendelse/innledende_screening/er_bmi_<_20,5","viewConfig":{"multiplicity":{"min":0,"max":1},"advanced":{"hidden":false,"readonly":false,"hideFrame":false,"render":false},"label":{"custom":false,"useLocalizations":false},"size":{"field":"inherit","label":"inherit"},"layout":{"label":{"valign":"inherit","align":"inherit"},"field":{"valign":"inherit","align":"inherit"}},"annotations":{"calcId":"NRSbmi"},"field":{"code":{"presentation":"radios","columns":"2"}}}},{"name":"Har pasienten tapt vekt i løpet av de 3 siste månedene?","localizedName":"Har pasienten tapt vekt i løpet av de 3 siste månedene?","localizedNames":{"en":"*Har pasienten tapt vekt i løpet av de 3 siste månedene? (nb)","nb":"Har pasienten tapt vekt i løpet av de 3 siste månedene?"},"localizedDescriptions":{"nb":"Vekttap de siste 3 månedene?","en":"*Vekttap de siste 3 månedene? (nb)"},"rmType":"DV_CODED_TEXT","nodeId":"at0005","min":0,"max":1,"aqlPath":"/content[openEHR-EHR-OBSERVATION.nutritional_risk_screening.v1]/data[at0001]/events[at0002]/data[at0003]/items[at0031]/items[at0005]/value","inputs":[{"suffix":"code","type":"CODED_TEXT","list":[{"value":"at0035","label":"Ja","ordinal":0,"localizedLabels":{"nb":"Ja","en":"*Ja (nb)"},"localizedDescriptions":{"nb":"Pasienten har tapt vekt i løpet av de 3 siste månedene.","en":"*Pasienten har tapt vekt i løpet av de 3 siste månedene. (nb)"}},{"value":"at0036","label":"Nei","ordinal":0,"localizedLabels":{"nb":"Nei","en":"*Nei (nb)"},"localizedDescriptions":{"nb":"Pasienten har ikke tapt vekt i løpet av de 3 siste månedene.","en":"*Pasienten har ikke tapt vekt i løpet av de 3 siste månedene. (nb)"}}],"listOpen":false}],"formId":"klinisk_kontakt/nrs_2002/uspesifisert_hendelse/innledende_screening/har_pasienten_tapt_vekt_i_løpet_av_de_3_siste_månedene","viewConfig":{"multiplicity":{"min":0,"max":1},"advanced":{"hidden":false,"readonly":false,"hideFrame":false,"render":false},"label":{"custom":false,"useLocalizations":false},"size":{"field":"inherit","label":"inherit"},"layout":{"label":{"valign":"inherit","align":"inherit"},"field":{"valign":"inherit","align":"inherit"}},"annotations":{"calcId":"NRSvektnedgang"},"field":{"code":{"presentation":"radios","columns":"2"}}}},{"name":"Har pasienten hatt redusert næringsinntak i den siste uken?","localizedName":"Har pasienten hatt redusert næringsinntak i den siste uken?","localizedNames":{"en":"*Har pasienten hatt redusert næringsinntak i den siste uken? (nb)","nb":"Har pasienten hatt redusert næringsinntak i den siste uken?"},"localizedDescriptions":{"nb":"Redusert næringsinntak siste uken?","en":"*Redusert næringsinntak siste uken? (nb)"},"rmType":"DV_CODED_TEXT","nodeId":"at0006","min":0,"max":1,"aqlPath":"/content[openEHR-EHR-OBSERVATION.nutritional_risk_screening.v1]/data[at0001]/events[at0002]/data[at0003]/items[at0031]/items[at0006]/value","inputs":[{"suffix":"code","type":"CODED_TEXT","list":[{"value":"at0037","label":"Ja","ordinal":0,"localizedLabels":{"nb":"Ja","en":"*Ja (nb)"},"localizedDescriptions":{"nb":"Pasienten har hatt redusert næringsinntak i den siste uken.","en":"*Pasienten har hatt redusert næringsinntak i den siste uken. (nb)"}},{"value":"at0038","label":"Nei","ordinal":0,"localizedLabels":{"nb":"Nei","en":"*Nei (nb)"},"localizedDescriptions":{"nb":"Pasienten har ikke hatt redusert næringsinntak i den siste uken.","en":"*Pasienten har ikke hatt redusert næringsinntak i den siste uken. (nb)"}}],"listOpen":false}],"formId":"klinisk_kontakt/nrs_2002/uspesifisert_hendelse/innledende_screening/har_pasienten_hatt_redusert_næringsinntak_i_den_siste_uken","viewConfig":{"multiplicity":{"min":0,"max":1},"advanced":{"hidden":false,"readonly":false,"hideFrame":false,"render":false},"label":{"custom":false,"useLocalizations":false},"size":{"field":"inherit","label":"inherit"},"layout":{"label":{"valign":"inherit","align":"inherit"},"field":{"valign":"inherit","align":"inherit"}},"annotations":{"calcId":"NRSredusertinntak"},"field":{"code":{"presentation":"radios","columns":"2"}}}},{"name":"Er pasienten alvorlig / kritisk syk?","localizedName":"Er pasienten alvorlig / kritisk syk?","localizedNames":{"en":"*Er pasienten alvorlig / kritisk syk? (nb)","nb":"Er pasienten alvorlig / kritisk syk?"},"localizedDescriptions":{"nb":"Har pasienten en økt stressmetabolisme i forbindelse med aktuell sykdom (traume, intensivpasient).","en":"*Har pasienten en økt stressmetabolisme i forbindelse med aktuell sykdom (traume, intensivpasient). (nb)"},"rmType":"DV_CODED_TEXT","nodeId":"at0007","min":0,"max":1,"aqlPath":"/content[openEHR-EHR-OBSERVATION.nutritional_risk_screening.v1]/data[at0001]/events[at0002]/data[at0003]/items[at0031]/items[at0007]/value","inputs":[{"suffix":"code","type":"CODED_TEXT","list":[{"value":"at0039","label":"Ja","ordinal":0,"localizedLabels":{"nb":"Ja","en":"*Ja (nb)"},"localizedDescriptions":{"nb":"Pasienten er alvorlig/kritisk syk.","en":"*Pasienten er alvorlig/kritisk syk. (nb)"}},{"value":"at0040","label":"Nei","ordinal":0,"localizedLabels":{"nb":"Nei","en":"*Nei (nb)"},"localizedDescriptions":{"nb":"Pasienten er ikke alvorlig/kritisk syk.","en":"*Pasienten er ikke alvorlig/kritisk syk. (nb)"}}],"listOpen":false}],"formId":"klinisk_kontakt/nrs_2002/uspesifisert_hendelse/innledende_screening/er_pasienten_alvorlig___kritisk_syk","viewConfig":{"multiplicity":{"min":0,"max":1},"advanced":{"hidden":false,"readonly":false,"hideFrame":false,"render":false},"label":{"custom":false,"useLocalizations":false},"size":{"field":"inherit","label":"inherit"},"layout":{"label":{"valign":"inherit","align":"inherit"},"field":{"valign":"inherit","align":"inherit"}},"annotations":{"calcId":"NRSsykdom"},"field":{"code":{"presentation":"radios","columns":"2"}}}}]},{"name":"Hovedscreening","localizedName":"Hovedscreening","localizedNames":{"en":"*Hovedscreening (nb)","nb":"Hovedscreening"},"localizedDescriptions":{"nb":"Den avsluttende screeningen gjennomføres kun dersom det svares \"Ja\" på noen av spørsmålene i den innledende screeningen.","en":"*Den avsluttende screeningen gjennomføres kun dersom det svares \"Ja\" på noen av spørsmålene i den innledende screeningen. (nb)"},"rmType":"CLUSTER","nodeId":"at0032","min":0,"max":1,"aqlPath":"/content[openEHR-EHR-OBSERVATION.nutritional_risk_screening.v1]/data[at0001]/events[at0002]/data[at0003]/items[at0032]","inputs":[],"formId":"klinisk_kontakt/nrs_2002/uspesifisert_hendelse/hovedscreening","viewConfig":{"multiplicity":{"min":0,"max":1},"advanced":{"hidden":false,"readonly":false,"hideFrame":false,"render":false},"label":{"custom":false,"useLocalizations":false},"size":{"field":"large","label":"inherit"},"layout":{"label":{"valign":"inherit","align":"top"},"field":{"valign":"inherit","align":"inherit"}},"annotations":{},"field":{}},"children":[{"name":"Sykdommens alvorlighetsgrad","localizedName":"Sykdommens alvorlighetsgrad","localizedNames":{"en":"*Sykdommens alvorlighetsgrad (nb)","nb":"Sykdommens alvorlighetsgrad"},"localizedDescriptions":{"nb":"Sykdommens alvorlighetsgrad (≈ økt\nbehov).","en":"*Sykdommens alvorlighetsgrad (≈ økt\nbehov). (nb)"},"rmType":"DV_ORDINAL","nodeId":"at0017","min":0,"max":1,"aqlPath":"/content[openEHR-EHR-OBSERVATION.nutritional_risk_screening.v1]/data[at0001]/events[at0002]/data[at0003]/items[at0032]/items[at0017]/value","inputs":[{"type":"CODED_TEXT","list":[{"value":"at0022","label":"Fraværende","ordinal":0,"localizedLabels":{"nb":"Fraværende","en":"*Fraværende (nb)"},"localizedDescriptions":{"nb":"Normale ernæringsbehov.","en":"*Normale ernæringsbehov. (nb)"}},{"value":"at0023","label":"Mild","ordinal":1,"localizedLabels":{"nb":"Mild","en":"*Mild (nb)"},"localizedDescriptions":{"nb":"Lårhalsbrudd*, kronisk syke pasienter* spesielt de med akutte komplikasjoner, levercirrose*, KOLS*, kronisk hemodialyse#, diabetes#, kreftsykdommer#.","en":"*Lårhalsbrudd*, kronisk syke pasienter* spesielt de med akutte komplikasjoner, levercirrose*, KOLS*, kronisk hemodialyse#, diabetes#, kreftsykdommer#. (nb)"}},{"value":"at0024","label":"Moderat","ordinal":2,"localizedLabels":{"nb":"Moderat","en":"*Moderat (nb)"},"localizedDescriptions":{"nb":"Omfattende abdominal kirurgi*, slag*, alvorlig lungebetennelse#, maligne blodsykdommer#.","en":"*Omfattende abdominal kirurgi*, slag*, alvorlig lungebetennelse#, maligne blodsykdommer#. (nb)"}},{"value":"at0025","label":"Alvorlig","ordinal":3,"localizedLabels":{"nb":"Alvorlig","en":"*Alvorlig (nb)"},"localizedDescriptions":{"nb":"Hodeskade*, benmargstransplantasjon*, intensivpasienter (APACHE skår>10).","en":"*Hodeskade*, benmargstransplantasjon*, intensivpasienter (APACHE skår>10). (nb)"}}],"listOpen":false}],"formId":"klinisk_kontakt/nrs_2002/uspesifisert_hendelse/hovedscreening/sykdommens_alvorlighetsgrad","viewConfig":{"multiplicity":{"min":0,"max":1},"advanced":{"hidden":false,"readonly":false,"hideFrame":false,"render":false},"label":{"custom":false,"useLocalizations":false},"size":{"field":"inherit","label":"inherit"},"layout":{"label":{"valign":"inherit","align":"inherit"},"field":{"valign":"middle","align":"inherit"}},"annotations":{"calcId":"NRSalvorlighetsgrad","description":"Skår=1: En pasient med kronisk\r\nsykdom innlagt på sykehus på grunn\r\nav komplikasjoner. Pasienten er\r\navkreftet, men er oppegående.\r\nProteinbehovet er økt, men kan\r\ndekkes med mat og/eller næringstilskudd i de fleste tilfeller.\r\nEks: Lårhalsbrudd, Kronisk syke pasienter, spesielt de\r\nmed akutte komplikasjoner: levercirrose, KOLS\r\nKronisk hemodialyse, diabetes, kreftsykdommer\r\n\r\n\r\nSkår=2: En pasient med kronisk\r\nsykdom innlagt på sykehus på grunn\r\nav komplikasjoner. Pasienten er\r\navkreftet, men er oppegående.\r\nProteinbehovet er økt, men kan\r\ndekkes med mat og/eller næringstilskudd i de fleste tilfeller.\r\nEks:Omfattende abdominal kirurgi, Slag\r\nAlvorlig lungebetennelse, maligne blodsykdommer\r\n\r\nSkår=3: En intensivpasient\r\nmed behov for respiratorstøtte\r\netc. Proteinbehovet er økt og kan\r\nikke dekkes, selv med sondeernæring\r\nog/eller intravenøs ernæringstilførsel.\r\nNedbrytning av proteiner og\r\nnitrogentap kan imidlertid bli\r\nbetydelig redusert med\r\nernæringstilførsel.\r\nEks:Hodeskade, Benmargstransplantasjon\r\nIntensivpasienter (APACHE skår>10)\r\n"},"field":{"presentation":"radios","columns":"4","input":{"presentation":"radios","columns":"4"}}}},{"name":"Ernæringsstatus","localizedName":"Ernæringsstatus","localizedNames":{"en":"*Ernæringsstatus (nb)","nb":"Ernæringsstatus"},"localizedDescriptions":{"nb":"Ernæringsstatus (≈ grad av svekkelse).","en":"*Ernæringsstatus (≈ grad av svekkelse). (nb)"},"rmType":"DV_ORDINAL","nodeId":"at0016","min":0,"max":1,"aqlPath":"/content[openEHR-EHR-OBSERVATION.nutritional_risk_screening.v1]/data[at0001]/events[at0002]/data[at0003]/items[at0032]/items[at0016]/value","inputs":[{"type":"CODED_TEXT","list":[{"value":"at0018","label":"Fraværende","ordinal":0,"localizedLabels":{"nb":"Fraværende","en":"*Fraværende (nb)"},"localizedDescriptions":{"nb":"Normal ernæringsstatus.","en":"*Normal ernæringsstatus. (nb)"}},{"value":"at0019","label":"Mild","ordinal":1,"localizedLabels":{"nb":"Mild","en":"*Mild (nb)"},"localizedDescriptions":{"nb":"Vekttap > 5 % i løpet av 3 måneder, eller matinntak 50-75 % av normalt behov i siste uke.","en":"*Vekttap > 5 % i løpet av 3 måneder, eller matinntak 50-75 % av normalt behov i siste uke. (nb)"}},{"value":"at0020","label":"Moderat","ordinal":2,"localizedLabels":{"nb":"Moderat","en":"*Moderat (nb)"},"localizedDescriptions":{"nb":"Vekttap > 5 % i løpet av 2 måneder, eller BMI 18.5-20.5 + nedsatt almenntilstand, eller matinntak 25-50 % av normalt behov i siste uke.","en":"*Vekttap > 5 % i løpet av 2 måneder, eller BMI 18.5-20.5 + nedsatt almenntilstand, eller matinntak 25-50 % av normalt behov i siste uke. (nb)"}},{"value":"at0021","label":"Alvorlig","ordinal":3,"localizedLabels":{"nb":"Alvorlig","en":"*Alvorlig (nb)"},"localizedDescriptions":{"nb":"Vekttap > 5 % i løpet av 1 måned (>15 % siste 3 måneder), eller BMI<18.5 + nedsatt almenntilstand, eller matinntak 0-25 % av normalt behov siste uke.","en":"*Vekttap > 5 % i løpet av 1 måned (>15 % siste 3 måneder), eller BMI<18.5 + nedsatt almenntilstand, eller matinntak 0-25 % av normalt behov siste uke. (nb)"}}],"listOpen":false}],"formId":"klinisk_kontakt/nrs_2002/uspesifisert_hendelse/hovedscreening/ernæringsstatus","viewConfig":{"multiplicity":{"min":0,"max":1},"advanced":{"hidden":false,"readonly":false,"hideFrame":false,"render":false},"label":{"custom":false,"useLocalizations":false},"size":{"field":"inherit","label":"inherit"},"layout":{"label":{"valign":"inherit","align":"inherit"},"field":{"valign":"middle","align":"inherit"}},"annotations":{"calcId":"NRSstatus"},"field":{"presentation":"radios","columns":"4","input":{"presentation":"radios","columns":"4"}}}},{"name":"Er pasientens alder ≥ 70 år?","localizedName":"Er pasientens alder ≥ 70 år?","localizedNames":{"en":"*Er pasientens alder ≥ 70 år? (nb)","nb":"Er pasientens alder ≥ 70 år?"},"localizedDescriptions":{"nb":"Er pasienten 70 år eller eldre?","en":"*Er pasienten 70 år eller eldre? (nb)"},"rmType":"DV_ORDINAL","nodeId":"at0027","min":0,"max":1,"aqlPath":"/content[openEHR-EHR-OBSERVATION.nutritional_risk_screening.v1]/data[at0001]/events[at0002]/data[at0003]/items[at0032]/items[at0027]/value","inputs":[{"type":"CODED_TEXT","list":[{"value":"at0028","label":"Nei","ordinal":0,"localizedLabels":{"nb":"Nei","en":"*Nei (nb)"},"localizedDescriptions":{"nb":"Pasienten er yngre enn 70 år.","en":"*Pasienten er yngre enn 70 år. (nb)"}},{"value":"at0029","label":"Ja","ordinal":1,"localizedLabels":{"nb":"Ja","en":"*Ja (nb)"},"localizedDescriptions":{"nb":"Pasienten er 70 år eller eldre.","en":"*Pasienten er 70 år eller eldre. (nb)"}}],"listOpen":false}],"formId":"klinisk_kontakt/nrs_2002/uspesifisert_hendelse/hovedscreening/er_pasientens_alder_≥_70_år","viewConfig":{"multiplicity":{"min":0,"max":1},"advanced":{"hidden":false,"readonly":false,"hideFrame":false,"render":false},"label":{"custom":false,"useLocalizations":false},"size":{"field":"inherit","label":"inherit"},"layout":{"label":{"valign":"inherit","align":"inherit"},"field":{"valign":"inherit","align":"inherit"}},"annotations":{"calcId":"NRSalder"},"field":{"presentation":"radios","columns":"2","input":{"presentation":"radios","columns":"2"}}}}]}]}]}]},{"name":"Total score","localizedName":"Total NRS score","localizedNames":{"en":"*Total score (nb)","nb":"Total NRS score"},"localizedDescriptions":{"nb":"Summen av score fra ernæringsstatus, sykdommens alvorlighetsgrad og alder.","en":"*Summen av score fra ernæringsstatus, sykdommens alvorlighetsgrad og alder. (nb)"},"rmType":"DV_COUNT","nodeId":"at0030","min":0,"max":7,"aqlPath":"/content[openEHR-EHR-OBSERVATION.nutritional_risk_screening.v1]/data[at0001]/events[at0002]/data[at0003]/items[at0032]/items[at0030]/value","inputs":[{"type":"INTEGER","defaultValue":"","listOpen":false}],"formId":"klinisk_kontakt/nrs_2002/uspesifisert_hendelse/hovedscreening/total_score","viewConfig":{"multiplicity":{"min":0,"max":7},"advanced":{"hidden":false,"readonly":false,"hideFrame":false,"render":false},"label":{"custom":false,"useLocalizations":false},"size":{"field":"medium","label":"inherit"},"layout":{"label":{"valign":"inherit","align":"inherit"},"field":{"valign":"inherit","align":"right"}},"annotations":{"calc":"NRSstatus+NRSalvorlighetsgrad+NRSalder"},"field":{}}},{"name":"Fieldset","localizedName":"innledende screeningrespons","localizedNames":{"en":"*Fieldset (en)","nb":"innledende screeningrespons"},"localizedDescriptions":{},"rmType":"GENERIC_FIELDSET","min":0,"max":1,"inputs":[],"formId":"generic-field-96688","viewConfig":{"multiplicity":{"min":0,"max":1},"advanced":{"hidden":false,"readonly":false,"hideFrame":false,"render":false},"label":{"custom":false,"useLocalizations":false},"size":{"field":"inherit","label":"-1"},"layout":{"label":{"valign":"inherit","align":"inherit"},"field":{"valign":"inherit","align":"inherit"}},"annotations":{"alertType":"TIP"},"field":{"formId":null,"name":null},"tags":["HideLabel"]},"children":[{"name":"Input","localizedName":"Varlslingstekst innledende screening","localizedNames":{"en":"*Input (en)","nb":"Varlslingstekst innledende screening"},"localizedDescriptions":{},"rmType":"GENERIC_FIELD","min":0,"max":-1,"inputs":[{"type":"TEXT","list":[],"defaultValue":"Pasienten bør rescreenes ukentlig. Obs! Om pasienten f.eks skal gjennomgå en planlagt stor operasjon, skal en forebyggende ernæringsplan overveies for å unngå den forventede ernæringsrisiko.","listOpen":false}],"formId":"generic-field-51083","viewConfig":{"multiplicity":{"min":0,"max":-1},"advanced":{"hidden":false,"readonly":true,"hideFrame":false,"render":false},"label":{"custom":false,"useLocalizations":false},"size":{"field":"inherit","label":"-1"},"layout":{"label":{"valign":"inherit","align":"inherit"},"field":{"valign":"inherit","align":"inherit"}},"annotations":{},"field":{"lines":null,"input":{},"type":"DV_TEXT"},"tags":["HideLabel"]}}]},{"name":"Fieldset","localizedName":"Hovedscreeningresponser","localizedNames":{"en":"*Fieldset (en)","nb":"Hovedscreeningresponser"},"localizedDescriptions":{},"rmType":"GENERIC_FIELDSET","min":0,"max":1,"inputs":[],"formId":"generic-field-68096","viewConfig":{"multiplicity":{"min":0,"max":1},"advanced":{"hidden":false,"readonly":false,"hideFrame":false,"render":false},"label":{"custom":false,"useLocalizations":false},"size":{"field":"inherit","label":"-1"},"layout":{"label":{"valign":"inherit","align":"inherit"},"field":{"valign":"inherit","align":"inherit"}},"annotations":{},"field":{"formId":null,"name":null},"tags":["HideLabel"]},"children":[{"name":"Fieldset","localizedName":"moderat/lav risiko","localizedNames":{"en":"*Fieldset (en)","nb":"moderat/lav risiko"},"localizedDescriptions":{},"rmType":"GENERIC_FIELDSET","min":0,"max":1,"inputs":[],"formId":"generic-field-30114","viewConfig":{"multiplicity":{"min":0,"max":1},"advanced":{"hidden":false,"readonly":false,"hideFrame":false,"render":false},"label":{"custom":false,"useLocalizations":false},"size":{"field":"inherit","label":"-1"},"layout":{"label":{"valign":"inherit","align":"inherit"},"field":{"valign":"inherit","align":"inherit"}},"annotations":{"alertType":"WARNING"},"field":{"formId":null,"name":null},"tags":["HideLabel"]},"children":[{"name":"Input","localizedName":"NRS hovedscreening < 3 respons","localizedNames":{"en":"*Input (en)","nb":"NRS hovedscreening under 3 respons"},"localizedDescriptions":{},"rmType":"GENERIC_FIELD","min":0,"max":1,"inputs":[{"type":"TEXT","list":[],"defaultValue":"Pasienten har under 3 i score på NRS screening, Det anbefales derfor at det tas ny NRS screening om 1 uke. Obs! Om pasienten f.eks skal gjennomgå omfattende kirurgi skal en forebyggende ernæringsplan overveies for å unngå den forventede ernæringsrisiko.","listOpen":false}],"formId":"generic-field-95863","viewConfig":{"multiplicity":{"min":0,"max":1},"advanced":{"hidden":false,"readonly":true,"hideFrame":false,"render":false},"label":{"custom":false,"useLocalizations":false},"size":{"field":"inherit","label":"-1"},"layout":{"label":{"valign":"inherit","align":"inherit"},"field":{"valign":"inherit","align":"inherit"}},"annotations":{},"field":{"lines":null,"input":{},"type":"DV_TEXT"},"tags":["HideLabel"]}}]},{"name":"Fieldset","localizedName":"Høy risiko","localizedNames":{"en":"*Fieldset (en)","nb":"Høy risiko"},"localizedDescriptions":{},"rmType":"GENERIC_FIELDSET","min":0,"max":1,"inputs":[],"formId":"generic-field-37364","viewConfig":{"multiplicity":{"min":0,"max":1},"advanced":{"hidden":false,"readonly":false,"hideFrame":false,"render":false},"label":{"custom":false,"useLocalizations":false},"size":{"field":"inherit","label":"-1"},"layout":{"label":{"valign":"inherit","align":"inherit"},"field":{"valign":"inherit","align":"inherit"}},"annotations":{"alertType":"error"},"field":{"formId":null,"name":null},"tags":["HideLabel"]},"children":[{"name":"Input","localizedName":"NRS hovedscreening >= 3 respons","localizedNames":{"en":"*Input (en)","nb":"NRS hovedscreening >= 3 respons"},"localizedDescriptions":{},"rmType":"GENERIC_FIELD","min":0,"max":1,"inputs":[{"type":"TEXT","list":[],"defaultValue":"Pasienten har 3 eller mere i score på NRS screening,  Pasienten er i ernæringsmessig risiko og en ernæringsplan skal iverksettes.","listOpen":false}],"formId":"generic-field-35634","viewConfig":{"multiplicity":{"min":0,"max":1},"advanced":{"hidden":false,"readonly":true,"hideFrame":false,"render":false},"label":{"custom":false,"useLocalizations":false},"size":{"field":"inherit","label":"-1"},"layout":{"label":{"valign":"inherit","align":"inherit"},"field":{"valign":"inherit","align":"inherit"}},"annotations":{},"field":{"lines":null,"input":{},"type":"DV_TEXT"},"tags":["HideLabel"]}}]}]},{"name":"Fieldset","localizedName":"Hjelpefelter/kalkulasjonsfelter","localizedNames":{"en":"Assist/calculation field","nb":"Hjelpefelter/kalkulasjonsfelter"},"localizedDescriptions":{},"rmType":"GENERIC_FIELDSET","min":0,"max":1,"inputs":[],"formId":"generic-field-58885","viewConfig":{"multiplicity":{"min":0,"max":1},"advanced":{"hidden":true,"readonly":true,"hideFrame":false,"render":false},"label":{"custom":false,"useLocalizations":false},"size":{"field":"inherit","label":"inherit"},"layout":{"label":{"valign":"inherit","align":"inherit"},"field":{"valign":"inherit","align":"inherit"}},"annotations":{},"field":{"formId":null,"name":null}},"children":[{"name":"Input","localizedName":"Patient age","localizedNames":{"en":"*Input (en)","nb":"Patient age"},"localizedDescriptions":{},"rmType":"GENERIC_FIELD","min":0,"max":-1,"inputs":[{"type":"TEXT","list":[],"listOpen":false}],"formId":"generic-field-73711","viewConfig":{"multiplicity":{"min":0,"max":-1},"advanced":{"hidden":false,"readonly":true,"hideFrame":false,"render":false},"label":{"custom":false,"useLocalizations":false},"size":{"field":"inherit","label":"inherit"},"layout":{"label":{"valign":"inherit","align":"inherit"},"field":{"valign":"inherit","align":"inherit"}},"annotations":{"templateVariable":"[pas.alder]","calcId":"patientage"},"field":{"lines":null,"input":{},"type":"DV_TEXT"}}},{"name":"Input","localizedName":"NRS Age calcualtion","localizedNames":{"en":"*Input (en)","nb":"NRS Age calcualtion"},"localizedDescriptions":{},"rmType":"GENERIC_FIELD","min":0,"max":-1,"inputs":[{"type":"TEXT","list":[],"listOpen":false}],"formId":"generic-field-71155","viewConfig":{"multiplicity":{"min":0,"max":-1},"advanced":{"hidden":false,"readonly":true,"hideFrame":false,"render":false},"label":{"custom":false,"useLocalizations":false},"size":{"field":"inherit","label":"inherit"},"layout":{"label":{"valign":"inherit","align":"inherit"},"field":{"valign":"inherit","align":"inherit"}},"annotations":{"calc":"IF(70<=patientage,\"TRUE\",\"FALSE\")"},"field":{"lines":null,"input":{},"type":"DV_TEXT"}}},{"name":"Input","localizedName":"First lvl screening check","localizedNames":{"en":"*Input (en)","nb":"First lvl screening check"},"localizedDescriptions":{},"rmType":"GENERIC_FIELD","min":0,"max":-1,"inputs":[{"type":"TEXT","list":[],"listOpen":false}],"formId":"generic-field-25529","viewConfig":{"multiplicity":{"min":0,"max":-1},"advanced":{"hidden":false,"readonly":true,"hideFrame":false,"render":false},"label":{"custom":false,"useLocalizations":false},"size":{"field":"inherit","label":"inherit"},"layout":{"label":{"valign":"inherit","align":"inherit"},"field":{"valign":"inherit","align":"inherit"}},"annotations":{"calc":"IF(or(\"at0033\"=ifnull(NRSbmi,\"NULL\"),\"at0035\"=ifnull(NRSvektnedgang,\"NULL\"),\"at0037\"=ifnull(NRSredusertinntak,\"NULL\"),\"at0039\"=ifnull(NRSsykdom,\"NULL\")),\"TRUE\",\"FALSE\")"},"field":{"lines":null,"input":{},"type":"DV_TEXT"}}},{"name":"Input","localizedName":"First lvlv screening complete check \"warning\"","localizedNames":{"en":"*Input (en)","nb":"First lvlv screening complete check \"warning\""},"localizedDescriptions":{},"rmType":"GENERIC_FIELD","min":0,"max":-1,"inputs":[{"type":"TEXT","list":[],"listOpen":false}],"formId":"generic-field-82981","viewConfig":{"multiplicity":{"min":0,"max":-1},"advanced":{"hidden":false,"readonly":true,"hideFrame":false,"render":false},"label":{"custom":false,"useLocalizations":false},"size":{"field":"inherit","label":"inherit"},"layout":{"label":{"valign":"inherit","align":"inherit"},"field":{"valign":"inherit","align":"inherit"}},"annotations":{"calc":"IF(or(\"at0033\"=NRSbmi,\"at0035\"=NRSvektnedgang,\"at0037\"=NRSredusertinntak,\"at0039\"=NRSsykdom),\"FALSE\",\"TRUE\")"},"field":{"lines":null,"input":{},"type":"DV_TEXT"}}},{"name":"Input","localizedName":"Age weight alert","localizedNames":{"en":"*Input (en)","nb":"Age weight alert"},"localizedDescriptions":{},"rmType":"GENERIC_FIELD","min":0,"max":1,"inputs":[{"type":"TEXT","list":[],"listOpen":false}],"formId":"generic-field-06252","viewConfig":{"multiplicity":{"min":0,"max":1},"advanced":{"hidden":false,"readonly":false,"hideFrame":false,"render":false},"label":{"custom":false,"useLocalizations":false},"size":{"field":"inherit","label":"inherit"},"layout":{"label":{"valign":"inherit","align":"inherit"},"field":{"valign":"inherit","align":"inherit"}},"annotations":{"calc":"(IF(-24192000000000>=(DATEVALUE($WeightTime)-NOWTICKS()),\"TRUE\",\"FALSE\"))"},"field":{"lines":null,"input":{},"type":"DV_TEXT"}}},{"name":"Input","localizedName":"BMI belove 20,5","localizedNames":{"en":"*Input (en)","nb":"BMI belove 20,5"},"localizedDescriptions":{},"rmType":"GENERIC_FIELD","min":0,"max":-1,"inputs":[{"type":"TEXT","list":[],"listOpen":false}],"formId":"generic-field-62032","viewConfig":{"multiplicity":{"min":0,"max":-1},"advanced":{"hidden":false,"readonly":false,"hideFrame":false,"render":false},"label":{"custom":false,"useLocalizations":false},"size":{"field":"inherit","label":"inherit"},"layout":{"label":{"valign":"inherit","align":"inherit"},"field":{"valign":"inherit","align":"inherit"}},"annotations":{"calc":"(IF(20.5>(weight/(hight/100))/(hight/100),\"TRUE\",\"FALSE\"))","calcId":"BMI"},"field":{"lines":null,"input":{},"type":"DV_TEXT"}}}]}]}