{"name":"Form root","localizedNames":{},"localizedDescriptions":{},"rmType":"FORM_DEFINITION","min":0,"max":0,"formId":"form_root","viewConfig":{"label":{"custom":false,"useLocalizations":false},"size":{"field":"inherit","label":"inherit"},"layout":{"label":{"valign":"inherit","align":"inherit"},"field":{"valign":"inherit","align":"inherit"}},"annotations":{"#decision":"SELECT c/uid/value as cid, i \r\nFROM COMPOSITION c \r\nCONTAINS INSTRUCTION i[openEHR-EHR-INSTRUCTION.request-procedure.v1] \r\nWHERE c/archetype_details/template_id/value = 'SurgeryRequest_v2' \r\nORDER BY c/context/start_time/value DESC FETCH 1?scope=folder","#SurgeryEmergencyPriority":"select c2/items[at0009]/value/defining_code/code_string from composition c contains CLUSTER c2[openEHR-EHR-CLUSTER.priority_details_dips.v1] order by c/context/start/time desc fetch 1?scope=folder"}},"children":[{"name":"Endelig klarering av operatør","localizedName":"Endelig klarering av operatør","localizedNames":{"en":"*Endelig klarering av operatør (en)","nb":"Endelig klarering av operatør"},"localizedDescriptions":{"nb":"En generisk seksjonsoverskrift som skal gis nytt navn i en templat for å passe i en gitt klinisk kontekst.","en":"*En generisk seksjonsoverskrift som skal gis nytt navn i en templat for å passe i en gitt klinisk kontekst. (nb)"},"rmType":"SECTION","nodeId":"openEHR-EHR-SECTION.adhoc.v1","min":1,"max":1,"aqlPath":"/content[openEHR-EHR-SECTION.adhoc.v1 and name/value='Endelig klarering av operatør']","inputs":[],"formId":"operatørvurdering/endelig_klarering_av_operatør@Endelig klarering av operatør","viewConfig":{"multiplicity":{"min":1,"max":1},"advanced":{"hidden":false,"readonly":false,"hideFrame":false,"render":false},"label":{"custom":false,"useLocalizations":false},"size":{"field":"inherit","label":"inherit"},"layout":{"label":{"valign":"inherit","align":"inherit"},"field":{"valign":"inherit","align":"inherit"}},"annotations":{"headerSize":"text"},"field":{}},"children":[{"name":"Klarering operatør","localizedName":"Klarering operatør","localizedNames":{"en":"*Klarering operatør (en)","nb":"Klarering operatør"},"localizedDescriptions":{"nb":"En klinisk aktivitet som er utført i undersøkende, diagnostisk, kurativ, terapeutisk, evaluerende, prognostisk eller palliativ hensikt.","en":"*En klinisk aktivitet som er utført i undersøkende, diagnostisk, kurativ, terapeutisk, evaluerende, prognostisk eller palliativ hensikt. (nb)"},"rmType":"ACTION","nodeId":"openEHR-EHR-ACTION.procedure.v1","min":1,"max":1,"aqlPath":"/content[openEHR-EHR-SECTION.adhoc.v1 and name/value='Endelig klarering av operatør']/items[openEHR-EHR-ACTION.procedure.v1 and name/value='Klarering operatør']","inputs":[],"formId":"operatørvurdering/endelig_klarering_av_operatør@Endelig klarering av operatør/klarering_operatør@Klarering operatør","viewConfig":{"multiplicity":{"min":1,"max":1},"advanced":{"hidden":false,"readonly":false,"hideFrame":false,"render":false},"label":{"custom":false,"useLocalizations":false},"size":{"field":"inherit","label":"-1"},"layout":{"label":{"valign":"inherit","align":"top"},"field":{"valign":"inherit","align":"inherit"}},"annotations":{},"field":{},"tags":["HideLabel"]},"children":[{"name":"Prosedyrenavn","localizedName":"Prosedyrenavn","localizedNames":{"en":"*Prosedyrenavn (nb)","nb":"Prosedyrenavn"},"localizedDescriptions":{"nb":"Navnet på prosedyren.","en":"*Navnet på prosedyren. (nb)"},"rmType":"DV_CODED_TEXT","nodeId":"at0002","min":1,"max":1,"aqlPath":"/content[openEHR-EHR-SECTION.adhoc.v1 and name/value='Endelig klarering av operatør']/items[openEHR-EHR-ACTION.procedure.v1 and name/value='Klarering operatør']/description[at0001]/items[at0002]/value","inputs":[{"suffix":"code","type":"CODED_TEXT","list":[{"value":"110466009","label":"Preoperativ evaluering","ordinal":0,"localizedLabels":{"nb":"Preoperativ evaluering","en":"*Preoperativ evaluering (nb)"},"localizedDescriptions":{}}],"listOpen":false}],"formId":"operatørvurdering/endelig_klarering_av_operatør@Endelig klarering av operatør/klarering_operatør@Klarering operatør/prosedyrenavn","viewConfig":{"multiplicity":{"min":1,"max":1},"advanced":{"hidden":true,"readonly":false,"hideFrame":false,"render":false},"label":{"custom":false,"useLocalizations":false},"size":{"field":"inherit","label":"inherit"},"layout":{"label":{"valign":"inherit","align":"inherit"},"field":{"valign":"inherit","align":"inherit"}},"annotations":{},"field":{"code":{"presentation":"combobox","columns":"1"}}}},{"name":"Resultat","localizedName":"Resultat","localizedNames":{"en":"*Resultat (nb)","nb":"Resultat"},"localizedDescriptions":{"nb":"Resultatet av den utførte prosedyren.","en":"*Resultatet av den utførte prosedyren. (nb)"},"rmType":"DV_CODED_TEXT","nodeId":"at0048","min":0,"max":1,"aqlPath":"/content[openEHR-EHR-SECTION.adhoc.v1 and name/value='Endelig klarering av operatør']/items[openEHR-EHR-ACTION.procedure.v1 and name/value='Klarering operatør']/description[at0001]/items[at0048]/value","inputs":[{"suffix":"code","type":"CODED_TEXT","list":[{"value":"713671003","label":"Klarert for operasjon","ordinal":0,"localizedLabels":{"nb":"Klarert for operasjon","en":"*Klarert for operasjon (nb)"},"localizedDescriptions":{}},{"value":"702370009","label":"Ikke klarert for operasjon","ordinal":0,"localizedLabels":{"nb":"Ikke klarert for operasjon","en":"*Ikke klarert for operasjon (nb)"},"localizedDescriptions":{}}],"listOpen":false}],"formId":"operatørvurdering/endelig_klarering_av_operatør@Endelig klarering av operatør/klarering_operatør@Klarering operatør/resultat","viewConfig":{"multiplicity":{"min":0,"max":1},"advanced":{"hidden":false,"readonly":false,"hideFrame":false,"render":false},"label":{"custom":false,"useLocalizations":false},"size":{"field":"inherit","label":"-1"},"layout":{"label":{"valign":"inherit","align":"inherit"},"field":{"valign":"inherit","align":"inherit"}},"annotations":{},"field":{"code":{"presentation":"radios","columns":"2"}},"tags":["HideLabel"]}},{"name":"Fieldset","localizedName":"Ansvarlig operatør fieldset","localizedNames":{"en":"*Fieldset (en)","nb":"Ansvarlig operatør fieldset"},"localizedDescriptions":{},"rmType":"GENERIC_FIELDSET","min":0,"max":1,"inputs":[],"formId":"generic-field-04377","viewConfig":{"multiplicity":{"min":0,"max":1},"advanced":{"hidden":false,"readonly":false,"hideFrame":false,"render":false},"label":{"custom":false,"useLocalizations":false},"size":{"field":"inherit","label":"-1"},"layout":{"label":{"valign":"inherit","align":"inherit"},"field":{"valign":"inherit","align":"inherit"}},"annotations":{},"field":{"formId":null,"name":null},"tags":["HideLabel"]},"children":[{"name":"provider","localizedName":"Ansvarlig lege","localizedNames":{"en":"*provider (en)","nb":"Ansvarlig lege"},"localizedDescriptions":{},"rmType":"PARTY_IDENTIFIED","min":0,"max":1,"aqlPath":"/content[openEHR-EHR-SECTION.adhoc.v1 and name/value='Endelig klarering av operatør']/items[openEHR-EHR-ACTION.procedure.v1 and name/value='Klarering operatør']/provider","inputs":[],"formId":"operatørvurdering/endelig_klarering_av_operatør@Endelig klarering av operatør/klarering_operatør@Klarering operatør/provider","viewConfig":{"multiplicity":{"min":0,"max":1},"advanced":{"hidden":false,"readonly":false,"hideFrame":false,"render":false},"label":{"custom":false,"useLocalizations":false},"size":{"field":"inherit","label":"inherit"},"layout":{"label":{"valign":"inherit","align":"inherit"},"field":{"valign":"inherit","align":"inherit"}},"annotations":{},"field":{"name":null}}},{"name":"Kommentar","localizedName":"Kommentar","localizedNames":{"en":"*Kommentar (nb)","nb":"Kommentar"},"localizedDescriptions":{"nb":"Ytterligere fritekstbeskrivelse av aktivitet eller prosesstrinn som ikke er registrert i andre felt.","en":"*Ytterligere fritekstbeskrivelse av aktivitet eller prosesstrinn som ikke er registrert i andre felt. (nb)"},"rmType":"DV_TEXT","nodeId":"at0005","min":0,"max":1,"aqlPath":"/content[openEHR-EHR-SECTION.adhoc.v1 and name/value='Endelig klarering av operatør']/items[openEHR-EHR-ACTION.procedure.v1 and name/value='Klarering operatør']/description[at0001]/items[at0005]/value","inputs":[{"type":"TEXT","list":[],"listOpen":false}],"formId":"operatørvurdering/endelig_klarering_av_operatør@Endelig klarering av operatør/klarering_operatør@Klarering operatør/kommentar","viewConfig":{"multiplicity":{"min":0,"max":1},"advanced":{"hidden":false,"readonly":false,"hideFrame":false,"render":false},"label":{"custom":false,"useLocalizations":false},"size":{"field":"inherit","label":"inherit"},"layout":{"label":{"valign":"inherit","align":"inherit"},"field":{"valign":"inherit","align":"inherit"}},"datasource":{"loadRemote":false,"parameters":{}},"annotations":{},"field":{"lines":null,"input":{}}}}]}]}]},{"name":"Fieldset","localizedName":"Fieldset","localizedNames":{"en":"*Fieldset (en)","nb":"Fieldset"},"localizedDescriptions":{},"rmType":"GENERIC_FIELDSET","min":1,"max":1,"inputs":[],"formId":"generic-field-15703","viewConfig":{"multiplicity":{"min":1,"max":1},"advanced":{"hidden":false,"readonly":false,"hideFrame":false,"render":false},"label":{"custom":false,"useLocalizations":false},"size":{"field":"inherit","label":"-1"},"layout":{"label":{"valign":"inherit","align":"inherit"},"field":{"valign":"inherit","align":"inherit"}},"annotations":{},"field":{"formId":null,"name":null},"tags":["HideLabel"]},"children":[{"name":"Problem/diagnose","localizedName":"Problem/diagnose","localizedNames":{"en":"*Problem/diagnose (nb)","nb":"Problem/diagnose"},"localizedDescriptions":{"nb":"Detaljer om én identifisert helsetilstand, skade, funksjonshemming eller annet forhold som påvirker et individs fysiske, mentale og/eller sosiale velvære.\n","en":"*Detaljer om én identifisert helsetilstand, skade, funksjonshemming eller annet forhold som påvirker et individs fysiske, mentale og/eller sosiale velvære.\n (nb)"},"rmType":"EVALUATION","nodeId":"openEHR-EHR-EVALUATION.problem_diagnosis.v1","min":1,"max":1,"aqlPath":"/content[openEHR-EHR-EVALUATION.problem_diagnosis.v1]","inputs":[],"formId":"utvidet_operasjonsbestilling/problem_diagnose","viewConfig":{"multiplicity":{"min":1,"max":1},"advanced":{"hidden":false,"readonly":false,"hideFrame":false,"render":false},"label":{"custom":false,"useLocalizations":false},"size":{"field":"inherit","label":"-1"},"layout":{"label":{"valign":"inherit","align":"top"},"field":{"valign":"inherit","align":"inherit"}},"annotations":{},"field":{},"tags":["HideLabel"]},"children":[{"name":"Indikasjon/diagnose","localizedName":"Indikasjon/diagnose","localizedNames":{"en":"*Indikasjon (en)","nb":"Indikasjon/diagnose"},"localizedDescriptions":{"nb":"Identifisering av problemet eller diagnosen ved hjelp av navn.","en":"*Identifisering av problemet eller diagnosen ved hjelp av navn. (nb)"},"rmType":"DV_TEXT","nodeId":"at0002","min":1,"max":1,"aqlPath":"/content[openEHR-EHR-EVALUATION.problem_diagnosis.v1]/data[at0001]/items[at0002 and name/value='Indikasjon']/value","inputs":[{"type":"TEXT","list":[],"listOpen":false}],"formId":"utvidet_operasjonsbestilling/problem_diagnose/indikasjon@Indikasjon","viewConfig":{"multiplicity":{"min":1,"max":1},"advanced":{"hidden":false,"readonly":false,"hideFrame":false,"render":false},"label":{"custom":false,"useLocalizations":false},"size":{"field":"inherit","label":"inherit"},"layout":{"label":{"valign":"inherit","align":"inherit"},"field":{"valign":"inherit","align":"inherit"}},"datasource":{"loadRemote":false,"parameters":{}},"annotations":{},"field":{"lines":null,"input":{}}}}]},{"name":"Reoperasjonsdetaljer","localizedName":"Reoperasjonsdetaljer","localizedNames":{"en":"*Reoperasjonsdetaljer (nb)","nb":"Reoperasjonsdetaljer"},"localizedDescriptions":{"nb":"Dokumentere detaljer om reoperasjon. ","en":"*Dokumentere detaljer om reoperasjon.  (nb)"},"rmType":"CLUSTER","nodeId":"openEHR-EHR-CLUSTER.reoperation_details.v1","min":1,"max":1,"aqlPath":"/content[openEHR-EHR-ACTION.procedure.v1]/description[at0001]/items[openEHR-EHR-CLUSTER.reoperation_details.v1]","inputs":[],"formId":"operatørvurdering/prosedyre/reoperasjonsdetaljer","viewConfig":{"multiplicity":{"min":1,"max":1},"advanced":{"hidden":false,"readonly":false,"hideFrame":false,"render":false},"label":{"custom":false,"useLocalizations":false},"size":{"field":"inherit","label":"-1"},"layout":{"label":{"valign":"inherit","align":"inherit"},"field":{"valign":"inherit","align":"inherit"}},"annotations":{},"field":{},"tags":["HideLabel"]},"children":[{"name":"Årsak til reoperasjon","localizedName":"Reoperasjon?","localizedNames":{"en":"*Årsak til reoperasjon (nb)","nb":"Reoperasjon?"},"localizedDescriptions":{"nb":"Årsaken til hvorfor det ble en reoperasjon.","en":"*Årsaken til hvorfor det ble en reoperasjon. (nb)"},"rmType":"DV_CODED_TEXT","nodeId":"at0001","min":0,"max":1,"aqlPath":"/content[openEHR-EHR-ACTION.procedure.v1]/description[at0001]/items[openEHR-EHR-CLUSTER.reoperation_details.v1]/items[at0001]/value","inputs":[{"suffix":"code","type":"CODED_TEXT","list":[{"value":"AR0","label":"Ny operasjon","ordinal":0,"localizedLabels":{"nb":"Ny operasjon","en":"*Ny operasjon (nb)"},"localizedDescriptions":{}},{"value":"AR1","label":"Reop. pga. blødning","ordinal":0,"localizedLabels":{"nb":"Reop. pga. blødning","en":"*Reop. pga. blødning (nb)"},"localizedDescriptions":{}},{"value":"AR2","label":"Reop. pga. infeksjon","ordinal":0,"localizedLabels":{"nb":"Reop. pga. infeksjon","en":"*Reop. pga. infeksjon (nb)"},"localizedDescriptions":{}},{"value":"AR3","label":"Reop. pga. mekanisk","ordinal":0,"localizedLabels":{"nb":"Reop. pga. mekanisk","en":"*Reop. pga. mekanisk (nb)"},"localizedDescriptions":{}},{"value":"AR4","label":"Reop. annen årsak","ordinal":0,"localizedLabels":{"nb":"Reop. annen årsak","en":"*Reop. annen årsak (nb)"},"localizedDescriptions":{}},{"value":"AR5","label":"Ukjent om det er reoperasjon","ordinal":0,"localizedLabels":{"nb":"Ukjent om det er reoperasjon","en":"*Ukjent om det er reoperasjon (nb)"},"localizedDescriptions":{}}],"defaultValue":"AR0","listOpen":false}],"formId":"operatørvurdering/prosedyre/reoperasjonsdetaljer/årsak_til_reoperasjon","viewConfig":{"multiplicity":{"min":0,"max":1},"advanced":{"hidden":false,"readonly":false,"hideFrame":false,"render":false},"label":{"custom":false,"useLocalizations":false},"size":{"field":"inherit","label":"inherit"},"layout":{"label":{"valign":"inherit","align":"top"},"field":{"valign":"inherit","align":"inherit"}},"annotations":{"description":"Angir om dette er en reoperasjon og eventuell årsak til dette."},"field":{"code":{"presentation":"combobox","columns":"6"}}}}]},{"name":"Diagnosekode","localizedName":"Diagnosekode","localizedNames":{"en":"*Problem/diagnose detaljer (nb)","nb":"Diagnosekode"},"localizedDescriptions":{"nb":"Brukes for å registrere detaljer til problem/diagnose blant annet ICD koder.","en":"*Brukes for å registrere detaljer til problem/diagnose blant annet ICD koder. (nb)"},"rmType":"CLUSTER","nodeId":"openEHR-EHR-CLUSTER.problem_diagnosis_dips.v1","min":0,"max":-1,"aqlPath":"/content[openEHR-EHR-EVALUATION.problem_diagnosis.v1]/data[at0001]/items[openEHR-EHR-CLUSTER.problem_diagnosis_dips.v1]","inputs":[],"formId":"utvidet_operasjonsbestilling/problem_diagnose/problem_diagnose_detaljer","viewConfig":{"multiplicity":{"min":0,"max":-1},"advanced":{"hidden":false,"readonly":false,"hideFrame":false,"render":false},"label":{"custom":false,"useLocalizations":false},"size":{"field":"inherit","label":"-1"},"layout":{"label":{"valign":"inherit","align":"inherit"},"field":{"valign":"inherit","align":"inherit"}},"annotations":{},"field":{},"tags":["HideLabel","ShowAsTable"]},"children":[{"name":"Diagnosekode","localizedName":"Diagnosekode","localizedNames":{"en":"*Diagnosenavn (nb)","nb":"Diagnosekode"},"localizedDescriptions":{"nb":"Navnet på problem/diagnose","en":"*Navnet på problem/diagnose (nb)"},"rmType":"DV_CODED_TEXT","nodeId":"at0001","min":0,"max":1,"aqlPath":"/content[openEHR-EHR-EVALUATION.problem_diagnosis.v1]/data[at0001]/items[openEHR-EHR-CLUSTER.problem_diagnosis_dips.v1]/items[at0001]/value","inputs":[{"suffix":"code","type":"TEXT","terminology":"ICD10?subset=ICD10&language=en-GB","listOpen":false},{"suffix":"value","type":"TEXT","terminology":"ICD10?subset=ICD10&language=en-GB","listOpen":false}],"formId":"utvidet_operasjonsbestilling/problem_diagnose/problem_diagnose_detaljer/diagnosenavn","viewConfig":{"multiplicity":{"min":0,"max":1},"advanced":{"hidden":false,"readonly":false,"hideFrame":false,"render":false},"label":{"custom":false,"useLocalizations":false},"size":{"field":"inherit","label":"inherit"},"layout":{"label":{"valign":"inherit","align":"inherit"},"field":{"valign":"inherit","align":"inherit"}},"datasource":{"loadRemote":true,"loadRemoteUrl":"ICD10?subset=ICD10&language=en-GB"},"annotations":{},"field":{}}}]}]},{"name":"Prosedyre","localizedName":"Prosedyre","localizedNames":{"en":"*Prosedyre (nb)","nb":"Prosedyre"},"localizedDescriptions":{"nb":"En klinisk aktivitet som er utført i undersøkende, diagnostisk, kurativ, terapeutisk, evaluerende, prognostisk eller palliativ hensikt.","en":"*En klinisk aktivitet som er utført i undersøkende, diagnostisk, kurativ, terapeutisk, evaluerende, prognostisk eller palliativ hensikt. (nb)"},"rmType":"ACTION","nodeId":"openEHR-EHR-ACTION.procedure.v1","min":1,"max":1,"aqlPath":"/content[openEHR-EHR-ACTION.procedure.v1]","inputs":[],"formId":"utvidet_operasjonsbestilling/prosedyre","viewConfig":{"multiplicity":{"min":1,"max":1},"advanced":{"hidden":false,"readonly":false,"hideFrame":false,"render":false},"label":{"custom":false,"useLocalizations":false},"size":{"field":"inherit","label":"-1"},"layout":{"label":{"valign":"inherit","align":"inherit"},"field":{"valign":"inherit","align":"inherit"}},"annotations":{},"field":{},"tags":["HideLabel"]},"children":[{"name":"Fieldset","localizedName":"Fieldset","localizedNames":{"en":"*Fieldset (en)","nb":"Fieldset"},"localizedDescriptions":{},"rmType":"GENERIC_FIELDSET","min":0,"max":1,"inputs":[],"formId":"generic-field-04346","viewConfig":{"multiplicity":{"min":0,"max":1},"advanced":{"hidden":false,"readonly":false,"hideFrame":false,"render":false},"label":{"custom":false,"useLocalizations":false},"size":{"field":"inherit","label":"-1"},"layout":{"label":{"valign":"inherit","align":"inherit"},"field":{"valign":"inherit","align":"inherit"}},"annotations":{},"field":{"formId":null,"name":null},"tags":["HideLabel","ShowAsTable"]},"children":[{"name":"Operasjonstype","localizedName":"Operasjonstype","localizedNames":{"en":"*Operasjonstype (en)","nb":"Operasjonstype"},"localizedDescriptions":{"nb":"Navnet på prosedyren.","en":"*Navnet på prosedyren. (nb)"},"rmType":"DV_CODED_TEXT","nodeId":"at0002","min":1,"max":1,"aqlPath":"/content[openEHR-EHR-ACTION.procedure.v1]/description[at0001]/items[at0002 and name/value='Operasjonstype']/value","inputs":[{"suffix":"code","type":"TEXT","terminology":"ARK-VI-OPERASJONSTYPER?subset=ARK-VI-OPERASJONSTYPER&language=en-GB","listOpen":false},{"suffix":"value","type":"TEXT","terminology":"ARK-VI-OPERASJONSTYPER?subset=ARK-VI-OPERASJONSTYPER&language=en-GB","listOpen":false}],"formId":"utvidet_operasjonsbestilling/prosedyre/operasjonstype@Operasjonstype","viewConfig":{"multiplicity":{"min":1,"max":1},"advanced":{"hidden":false,"readonly":false,"hideFrame":false,"render":false},"label":{"custom":false,"useLocalizations":false},"size":{"field":"inherit","label":"inherit"},"layout":{"label":{"valign":"inherit","align":"top"},"field":{"valign":"inherit","align":"inherit"}},"datasource":{"loadRemote":true,"loadRemoteUrl":"ARK-VI-OPERASJONSTYPER?subset=ARK-VI-OPERASJONSTYPER&language=en-GB"},"annotations":{"select":"{#decision:/activities[at0001]/description[at0009]/items[at0121.1 and name/value='Operasjonstype']/value}","codeditem.displayformat":"name"},"field":{}}},{"name":"Beskrivelse","localizedName":"Beskrivelse","localizedNames":{"en":"*Beskrivelse (nb)","nb":"Beskrivelse"},"localizedDescriptions":{"nb":"Fritekstbeskrivelse av prosedyren, tilpasset det aktuelle prosesstrinnet.","en":"*Fritekstbeskrivelse av prosedyren, tilpasset det aktuelle prosesstrinnet. (nb)"},"rmType":"DV_TEXT","nodeId":"at0049","min":0,"max":1,"aqlPath":"/content[openEHR-EHR-ACTION.procedure.v1]/description[at0001]/items[at0049]/value","inputs":[{"type":"TEXT","list":[],"listOpen":false}],"formId":"utvidet_operasjonsbestilling/prosedyre/beskrivelse","viewConfig":{"multiplicity":{"min":0,"max":1},"advanced":{"hidden":false,"readonly":false,"hideFrame":false,"render":false},"label":{"custom":false,"useLocalizations":false},"size":{"field":"inherit","label":"inherit"},"layout":{"label":{"valign":"inherit","align":"top"},"field":{"valign":"inherit","align":"inherit"}},"datasource":{"loadRemote":false,"parameters":{}},"annotations":{"description":"Fritekstbeskrivelse av operasjonstype.","select":"{#decision:/activities[at0001]/description[at0009]/items[at0135.1]/value}"},"field":{"lines":null,"input":{}}}}]},{"name":"Prosedyrekode","localizedName":"Prosedyrekode","localizedNames":{"en":"*Prosedyredetaljer (nb)","nb":"Prosedyrekode"},"localizedDescriptions":{"nb":"Detaljer til prosedyre.","en":"*Detaljer til prosedyre. (nb)"},"rmType":"CLUSTER","nodeId":"openEHR-EHR-CLUSTER.procedure_details_dips.v1","min":0,"max":-1,"aqlPath":"/content[openEHR-EHR-ACTION.procedure.v1]/description[at0001]/items[openEHR-EHR-CLUSTER.procedure_details_dips.v1]","inputs":[],"formId":"utvidet_operasjonsbestilling/prosedyre/prosedyredetaljer","viewConfig":{"multiplicity":{"min":0,"max":-1},"advanced":{"hidden":false,"readonly":false,"hideFrame":false,"render":false},"label":{"custom":false,"useLocalizations":false},"size":{"field":"inherit","label":"-1"},"layout":{"label":{"valign":"inherit","align":"top"},"field":{"valign":"inherit","align":"inherit"}},"annotations":{"select":"{#decision:/activities[at0001]/description[at0009]/items[openEHR-EHR-CLUSTER.procedure_details_dips.v1]}"},"field":{},"tags":["HideLabel","ShowAsTable"]},"children":[{"name":"Prosedyrekode","localizedName":"Prosedyrekode","localizedNames":{"en":"*Prosedyrenavn (nb)","nb":"Prosedyrekode"},"localizedDescriptions":{"nb":"Identifisering av bestilt prosedyre. Kodes ofte med en ekstern terminologi.","en":"*Identifisering av bestilt prosedyre. Kodes ofte med en ekstern terminologi. (nb)"},"rmType":"DV_CODED_TEXT","nodeId":"at0001","min":1,"max":1,"aqlPath":"/content[openEHR-EHR-ACTION.procedure.v1]/description[at0001]/items[openEHR-EHR-CLUSTER.procedure_details_dips.v1]/items[at0001]/value","inputs":[{"suffix":"code","type":"TEXT","terminology":"NCSP?subset=NCSP&language=en-GB","listOpen":false},{"suffix":"value","type":"TEXT","terminology":"NCSP?subset=NCSP&language=en-GB","listOpen":false}],"formId":"utvidet_operasjonsbestilling/prosedyre/prosedyredetaljer/prosedyrenavn","viewConfig":{"multiplicity":{"min":1,"max":1},"advanced":{"hidden":false,"readonly":false,"hideFrame":false,"render":false},"label":{"custom":false,"useLocalizations":false},"size":{"field":"inherit","label":"inherit"},"layout":{"label":{"valign":"inherit","align":"inherit"},"field":{"valign":"inherit","align":"inherit"}},"datasource":{"loadRemote":true,"loadRemoteUrl":"NCSP?subset=NCSP&language=en-GB"},"annotations":{"description":"","codeditem.displayformat":"name"},"field":{}}},{"name":"Legens beskrivelse","localizedName":"Legens beskrivelse","localizedNames":{"en":"*Legens beskrivelse (en)","nb":"Legens beskrivelse"},"localizedDescriptions":{"nb":"En detaljert narrativ beskrivelse av bestilt prosedyre.","en":"*En detaljert narrativ beskrivelse av bestilt prosedyre. (nb)"},"rmType":"DV_TEXT","nodeId":"at0004","min":0,"max":1,"aqlPath":"/content[openEHR-EHR-ACTION.procedure.v1]/description[at0001]/items[openEHR-EHR-CLUSTER.procedure_details_dips.v1]/items[at0004 and name/value='Legens beskrivelse']/value","inputs":[{"type":"TEXT","list":[],"listOpen":false}],"formId":"operatørvurdering/prosedyre/prosedyredetaljer/legens_beskrivelse@Legens beskrivelse","viewConfig":{"multiplicity":{"min":0,"max":1},"advanced":{"hidden":false,"readonly":false,"hideFrame":false,"render":false},"label":{"custom":false,"useLocalizations":false},"size":{"field":"inherit","label":"inherit"},"layout":{"label":{"valign":"inherit","align":"inherit"},"field":{"valign":"inherit","align":"inherit"}},"datasource":{"loadRemote":false,"parameters":{}},"annotations":{},"field":{"lines":null,"input":{}}}},{"name":"Prosedyretype","localizedName":"Prosedyretype","localizedNames":{"en":"*Prosedyretype (nb)","nb":"Prosedyretype"},"localizedDescriptions":{"nb":"Detaljer vedrørende prosedyretype som er bestilt f.eks. kirurgisk, radiologisk etc.","en":"*Detaljer vedrørende prosedyretype som er bestilt f.eks. kirurgisk, radiologisk etc. (nb)"},"rmType":"DV_CODED_TEXT","nodeId":"at0002","min":0,"max":1,"aqlPath":"/content[openEHR-EHR-ACTION.procedure.v1]/description[at0001]/items[openEHR-EHR-CLUSTER.procedure_details_dips.v1]/items[at0002]/value","inputs":[{"suffix":"code","type":"CODED_TEXT","list":[{"value":"399455000","label":"Hovedprosedyre","ordinal":0,"localizedLabels":{"nb":"Hovedprosedyre","en":"*Hovedprosedyre (nb)"},"localizedDescriptions":{}},{"value":"262134003","label":"Sekundærprosedyre","ordinal":0,"localizedLabels":{"nb":"Sekundærprosedyre","en":"*Sekundærprosedyre (nb)"},"localizedDescriptions":{}},{"value":"261554009","label":"Reoperasjon","ordinal":0,"localizedLabels":{"nb":"Reoperasjon","en":"*Reoperasjon (nb)"},"localizedDescriptions":{}}],"listOpen":false}],"formId":"operatørvurdering/prosedyre/prosedyredetaljer/prosedyretype","viewConfig":{"multiplicity":{"min":0,"max":1},"advanced":{"hidden":false,"readonly":false,"hideFrame":false,"render":false},"label":{"custom":false,"useLocalizations":false},"size":{"field":"inherit","label":"inherit"},"layout":{"label":{"valign":"inherit","align":"inherit"},"field":{"valign":"inherit","align":"inherit"}},"annotations":{"description":"Beskriver om prosedyre er hoved-, sekundærprosedyre eller reoperasjon."},"field":{"code":{"presentation":"combobox","columns":"3"}}}}]}]},{"name":"Operasjonsdetaljer","localizedName":"Operasjonsdetaljer","localizedNames":{"en":"*Operasjonsdetaljer (nb)","nb":"Operasjonsdetaljer"},"localizedDescriptions":{"nb":"Detaljer om en operasjon","en":"*Detaljer om en operasjon (nb)"},"rmType":"CLUSTER","nodeId":"openEHR-EHR-CLUSTER.surgery_details_dips.v1","min":1,"max":1,"aqlPath":"/content[openEHR-EHR-ACTION.procedure.v1]/description[at0001]/items[openEHR-EHR-CLUSTER.surgery_details_dips.v1]","inputs":[],"formId":"operatørvurdering/prosedyre/operasjonsdetaljer","viewConfig":{"multiplicity":{"min":1,"max":1},"advanced":{"hidden":false,"readonly":false,"hideFrame":false,"render":false},"label":{"custom":false,"useLocalizations":false},"size":{"field":"inherit","label":"inherit"},"layout":{"label":{"valign":"inherit","align":"top"},"field":{"valign":"inherit","align":"inherit"}},"annotations":{"headerSize":"Text"},"field":{}},"children":[{"name":"Operasjonsleie","localizedName":"Operasjonsleie","localizedNames":{"en":"*Operasjonsleie (nb)","nb":"Operasjonsleie"},"localizedDescriptions":{"nb":"Leiring av pasienten under operasjon f.eks. rygg, mage, sideleie etc.","en":"*Leiring av pasienten under operasjon f.eks. rygg, mage, sideleie etc. (nb)"},"rmType":"DV_TEXT","nodeId":"at0002","min":0,"max":1,"aqlPath":"/content[openEHR-EHR-ACTION.procedure.v1]/description[at0001]/items[openEHR-EHR-CLUSTER.surgery_details_dips.v1]/items[at0002]/value","inputs":[{"type":"TEXT","list":[{"value":"Ryggleie","label":"Ryggleie","ordinal":0,"localizedLabels":{},"localizedDescriptions":{}},{"value":"Ryggleie  med bensprik","label":"Ryggleie  med bensprik","ordinal":0,"localizedLabels":{},"localizedDescriptions":{}},{"value":"Ryggleie med lave benholdere","label":"Ryggleie med lave benholdere","ordinal":0,"localizedLabels":{},"localizedDescriptions":{}},{"value":"Ryggleie med armbord","label":"Ryggleie med armbord","ordinal":0,"localizedLabels":{},"localizedDescriptions":{}},{"value":"Mageleie","label":"Mageleie","ordinal":0,"localizedLabels":{},"localizedDescriptions":{}},{"value":"Sideleie høyre","label":"Sideleie høyre","ordinal":0,"localizedLabels":{},"localizedDescriptions":{}},{"value":"Sideleie venstre","label":"Sideleie venstre","ordinal":0,"localizedLabels":{},"localizedDescriptions":{}},{"value":"Strekk venstre","label":"Strekk venstre","ordinal":0,"localizedLabels":{},"localizedDescriptions":{}},{"value":"Strekk høyre","label":"Strekk høyre","ordinal":0,"localizedLabels":{},"localizedDescriptions":{}},{"value":"Hoftestrekk","label":"Hoftestrekk","ordinal":0,"localizedLabels":{},"localizedDescriptions":{}},{"value":"Calcaneus strekk","label":"Calcaneus strekk","ordinal":0,"localizedLabels":{},"localizedDescriptions":{}},{"value":"Kne - Profix","label":"Kne - Profix","ordinal":0,"localizedLabels":{},"localizedDescriptions":{}},{"value":"Kne - Oxford","label":"Kne - Oxford","ordinal":0,"localizedLabels":{},"localizedDescriptions":{}},{"value":"Ryggleie total kneprotese","label":"Ryggleie total kneprotese","ordinal":0,"localizedLabels":{},"localizedDescriptions":{}},{"value":"Beachchair","label":"Beachchair","ordinal":0,"localizedLabels":{},"localizedDescriptions":{}},{"value":"Gyn","label":"Gyn","ordinal":0,"localizedLabels":{},"localizedDescriptions":{}},{"value":"Skråleie","label":"Skråleie","ordinal":0,"localizedLabels":{},"localizedDescriptions":{}}],"listOpen":true}],"formId":"operatørvurdering/prosedyre/operasjonsdetaljer/operasjonsleie","viewConfig":{"multiplicity":{"min":0,"max":1},"advanced":{"hidden":false,"readonly":false,"hideFrame":false,"render":false},"label":{"custom":false,"useLocalizations":false},"size":{"field":"inherit","label":"inherit"},"layout":{"label":{"valign":"inherit","align":"inherit"},"field":{"valign":"inherit","align":"inherit"}},"datasource":{"loadRemote":false,"parameters":{}},"annotations":{},"field":{"input":{"presentation":"combobox","columns":"17"}}}},{"name":"Avdekning/incisjon","localizedName":"Avdekning/incisjon","localizedNames":{"en":"*Avdekning/incisjon (nb)","nb":"Avdekning/incisjon"},"localizedDescriptions":{"nb":"Avdekning og incisjon for et kirugisk inngrep.","en":"*Avdekning og incisjon for et kirugisk inngrep. (nb)"},"rmType":"CLUSTER","nodeId":"at0003","min":1,"max":1,"aqlPath":"/content[openEHR-EHR-ACTION.procedure.v1]/description[at0001]/items[openEHR-EHR-CLUSTER.surgery_details_dips.v1]/items[at0003]","inputs":[],"formId":"operatørvurdering/prosedyre/operasjonsdetaljer/avdekning_incisjon","viewConfig":{"multiplicity":{"min":1,"max":1},"advanced":{"hidden":false,"readonly":false,"hideFrame":false,"render":false},"label":{"custom":false,"useLocalizations":false},"size":{"field":"inherit","label":"-1"},"layout":{"label":{"valign":"inherit","align":"inherit"},"field":{"valign":"inherit","align":"inherit"}},"annotations":{},"field":{},"tags":["HideLabel"]},"children":[{"name":"Avdekning/incisjon","localizedName":"Avdekning/incisjon","localizedNames":{"en":"*Avdekning/incisjon (nb)","nb":"Avdekning/incisjon"},"localizedDescriptions":{"nb":"Avdekning og incisjon for et kirugisk inngrep.","en":"*Avdekning og incisjon for et kirugisk inngrep. (nb)"},"rmType":"DV_TEXT","nodeId":"at0004","min":0,"max":1,"aqlPath":"/content[openEHR-EHR-ACTION.procedure.v1]/description[at0001]/items[openEHR-EHR-CLUSTER.surgery_details_dips.v1]/items[at0003]/items[at0004]/value","inputs":[{"type":"TEXT","list":[],"listOpen":false}],"formId":"operatørvurdering/prosedyre/operasjonsdetaljer/avdekning_incisjon/avdekning_incisjon","viewConfig":{"multiplicity":{"min":0,"max":1},"advanced":{"hidden":false,"readonly":false,"hideFrame":false,"render":false},"label":{"custom":false,"useLocalizations":false},"size":{"field":"inherit","label":"inherit"},"layout":{"label":{"valign":"inherit","align":"inherit"},"field":{"valign":"inherit","align":"inherit"}},"datasource":{"loadRemote":false,"parameters":{}},"annotations":{},"field":{"lines":null,"input":{}}}},{"name":"Side","localizedName":"Side","localizedNames":{"en":"*Side (nb)","nb":"Side"},"localizedDescriptions":{"nb":"Side som skal avdekkes under operasjon.","en":"*Side som skal avdekkes under operasjon. (nb)"},"rmType":"DV_CODED_TEXT","nodeId":"at0005","min":1,"max":1,"aqlPath":"/content[openEHR-EHR-ACTION.procedure.v1]/description[at0001]/items[openEHR-EHR-CLUSTER.surgery_details_dips.v1]/items[at0003]/items[at0005]/value","inputs":[{"suffix":"code","type":"CODED_TEXT","list":[{"value":"7771000","label":"Venstre","ordinal":0,"localizedLabels":{"nb":"Venstre","en":"*Venstre (nb)"},"localizedDescriptions":{}},{"value":"24028007","label":"Høyre","ordinal":0,"localizedLabels":{"nb":"Høyre","en":"*Høyre (nb)"},"localizedDescriptions":{}},{"value":"51440002","label":"Bilateral","ordinal":0,"localizedLabels":{"nb":"Bilateral","en":"*Bilateral (nb)"},"localizedDescriptions":{}},{"value":"385432009","label":"Ikke aktuelt","ordinal":0,"localizedLabels":{"nb":"Ikke aktuelt","en":"*Ikke aktuelt (nb)"},"localizedDescriptions":{}}],"listOpen":false}],"formId":"operatørvurdering/prosedyre/operasjonsdetaljer/avdekning_incisjon/side","viewConfig":{"multiplicity":{"min":1,"max":1},"advanced":{"hidden":false,"readonly":false,"hideFrame":false,"render":false},"label":{"custom":false,"useLocalizations":false},"size":{"field":"inherit","label":"inherit"},"layout":{"label":{"valign":"inherit","align":"inherit"},"field":{"valign":"inherit","align":"inherit"}},"annotations":{},"field":{"code":{"presentation":"radios","columns":"4"}},"tags":["ShowAsRadios"]}}]},{"name":"Kommentar","localizedName":"Kommentar","localizedNames":{"en":"*Kommentar (nb)","nb":"Kommentar/beskjed til operasjonssykepleier"},"localizedDescriptions":{"nb":"Informasjon vedrørende inngrepet, som er viktig å formidle, men som ikke er en advarsel. ","en":"*Informasjon vedrørende inngrepet, som er viktig å formidle, men som ikke er en advarsel.  (nb)"},"rmType":"DV_TEXT","nodeId":"at0008","min":0,"max":1,"aqlPath":"/content[openEHR-EHR-ACTION.procedure.v1]/description[at0001]/items[openEHR-EHR-CLUSTER.surgery_details_dips.v1]/items[at0008]/value","inputs":[{"type":"TEXT","list":[],"listOpen":false}],"formId":"operatørvurdering/prosedyre/operasjonsdetaljer/kommentar","viewConfig":{"multiplicity":{"min":0,"max":1},"advanced":{"hidden":false,"readonly":false,"hideFrame":false,"render":false},"label":{"custom":false,"useLocalizations":false},"size":{"field":"inherit","label":"inherit"},"layout":{"label":{"valign":"inherit","align":"inherit"},"field":{"valign":"inherit","align":"inherit"}},"datasource":{"loadRemote":false,"parameters":{}},"annotations":{},"field":{"lines":"3","input":{"lines":3}}}},{"name":"Input","localizedName":"Input","localizedNames":{"en":"*Input (en)","nb":"Påminnelse om utstyrsbestilling"},"localizedDescriptions":{},"rmType":"GENERIC_FIELD","min":0,"max":-1,"inputs":[{"type":"TEXT","list":[],"defaultValue":"Ved utstyr utenom prosedyre/standard: fyll ut skjemaet \"Spesialutstyr til operasjon\"","listOpen":false}],"formId":"generic-field-07373","viewConfig":{"multiplicity":{"min":0,"max":-1},"advanced":{"hidden":false,"readonly":true,"hideFrame":false,"render":false},"label":{"custom":false,"useLocalizations":false},"size":{"field":"inherit","label":"-1"},"layout":{"label":{"valign":"inherit","align":"inherit"},"field":{"valign":"inherit","align":"inherit"}},"annotations":{},"field":{"lines":null,"input":{},"type":"DV_TEXT"},"tags":["HideLabel"]}}]},{"name":"Spacer","localizedName":"","localizedNames":{"nb":""},"localizedDescriptions":{},"rmType":"GENERIC_SPACER","min":0,"max":1,"inputs":[],"formId":"generic-field-87411","viewConfig":{"annotations":{},"field":{"height":15,"input":{"height":15}}}},{"name":"Planlagt profylakse under operasjon","localizedName":"Planlagt profylakse under operasjon","localizedNames":{"en":"*Fieldset (en)","nb":"Planlagt profylakse under operasjon"},"localizedDescriptions":{},"rmType":"GENERIC_FIELDSET","min":1,"max":1,"inputs":[],"formId":"generic-field-29147","viewConfig":{"multiplicity":{"min":1,"max":1},"advanced":{"hidden":false,"readonly":false,"hideFrame":false,"render":false},"label":{"custom":false,"useLocalizations":false},"size":{"field":"inherit","label":"inherit"},"layout":{"label":{"valign":"inherit","align":"inherit"},"field":{"valign":"inherit","align":"inherit"}},"annotations":{"headerSize":"Text"},"field":{"formId":null,"name":null}},"children":[{"name":"Antibiotikaprofylakse under operasjon","localizedName":"Antibiotikaprofylakse under operasjon","localizedNames":{"en":"*Antibiotikaprofylakse under operasjon (en)","nb":"Antibiotikaprofylakse under operasjon"},"localizedDescriptions":{"nb":"Et forslag, råd eller anmodning om klinisk oppfølging.","en":"*Et forslag, råd eller anmodning om klinisk oppfølging. (nb)"},"rmType":"EVALUATION","nodeId":"openEHR-EHR-EVALUATION.recommendation.v1","min":1,"max":1,"aqlPath":"/content[openEHR-EHR-EVALUATION.recommendation.v1 and name/value='Antibiotikaprofylakse under operasjon']","inputs":[],"formId":"operatørvurdering/antibiotikaprofylakse_under_operasjon@Antibiotikaprofylakse under operasjon","viewConfig":{"multiplicity":{"min":1,"max":1},"advanced":{"hidden":false,"readonly":false,"hideFrame":false,"render":false},"label":{"custom":false,"useLocalizations":false},"size":{"field":"inherit","label":"-1"},"layout":{"label":{"valign":"inherit","align":"top"},"field":{"valign":"inherit","align":"inherit"}},"annotations":{},"field":{},"tags":["HideLabel","ShowAsTable"]},"children":[{"name":"Beskrivelse","localizedName":"Beskrivelse","localizedNames":{"en":"*Begrunnelse (nb)","nb":"Antibiotikaprofylakse"},"localizedDescriptions":{"nb":"Begrunnelse for anbefalingen.","en":"*Begrunnelse for anbefalingen. (nb)"},"rmType":"DV_CODED_TEXT","nodeId":"at0003","min":0,"max":1,"aqlPath":"/content[openEHR-EHR-EVALUATION.recommendation.v1 and name/value='Antibiotikaprofylakse under operasjon']/data[at0001]/items[at0003]/value","inputs":[{"suffix":"code","type":"TEXT","terminology":"ARK-UDS-D-OPR-AB-PROFYLAKSE?subset=ARK-UDS-D-OPR-AB-PROFYLAKSE&language=en-GB","listOpen":false},{"suffix":"value","type":"TEXT","terminology":"ARK-UDS-D-OPR-AB-PROFYLAKSE?subset=ARK-UDS-D-OPR-AB-PROFYLAKSE&language=en-GB","listOpen":false}],"formId":"operatørvurdering/antibiotikaprofylakse_under_operasjon@Antibiotikaprofylakse under operasjon/begrunnelse","viewConfig":{"multiplicity":{"min":0,"max":1},"advanced":{"hidden":false,"readonly":false,"hideFrame":false,"render":false},"label":{"custom":false,"useLocalizations":false},"size":{"field":"inherit","label":"inherit"},"layout":{"label":{"valign":"inherit","align":"inherit"},"field":{"valign":"inherit","align":"inherit"}},"datasource":{"loadRemote":true,"loadRemoteUrl":"ARK-UDS-D-OPR-AB-PROFYLAKSE?subset=ARK-UDS-D-OPR-AB-PROFYLAKSE&language=en-GB","parameters":{}},"annotations":{"codeditem.displayformat":"name"},"field":{},"tags":["ShowAsCombobox"]}},{"name":"Lenke","localizedName":"Lenke","localizedNames":{"en":"*Input (en)","nb":"Lenke"},"localizedDescriptions":{},"rmType":"GENERIC_FIELD","min":0,"max":1,"inputs":[{"type":"TEXT","list":[],"defaultValue":"Lenke til Nasjonal faglig retningslinje for bruk av antibiotika i sykehus, Antibiotikaprofylakse ved kirurgi","listOpen":false}],"formId":"generic-field-16446","viewConfig":{"multiplicity":{"min":0,"max":1},"advanced":{"hidden":false,"readonly":false,"hideFrame":false,"render":false},"label":{"custom":false,"useLocalizations":false},"size":{"field":"inherit","label":"-1"},"layout":{"label":{"valign":"inherit","align":"inherit"},"field":{"valign":"inherit","align":"inherit"}},"annotations":{"showAsHyperlink":"https://helsedirektoratet.no/retningslinjer/antibiotika-i-sykehus/seksjon?Tittel=antibiotikaprofylakse-ved-kirurgi-9305"},"field":{"lines":null,"input":{},"type":"DV_TEXT"},"tags":["HideLabel"]}},{"name":"Anbefaling","localizedName":"Anbefaling","localizedNames":{"en":"*Anbefaling (nb)","nb":"Anbefaling"},"localizedDescriptions":{"nb":"Fritekstbeskrivelse av anbefalingen.","en":"*Fritekstbeskrivelse av anbefalingen. (nb)"},"rmType":"DV_CODED_TEXT","nodeId":"at0002","min":0,"max":1,"aqlPath":"/content[openEHR-EHR-EVALUATION.recommendation.v1 and name/value='Antibiotikaprofylakse under operasjon']/data[at0001]/items[at0002]/value","inputs":[{"suffix":"code","type":"CODED_TEXT","list":[{"value":"422181004","label":"Antibiotikaprofylakse","ordinal":0,"localizedLabels":{"nb":"Antibiotikaprofylakse","en":"*Antibiotikaprofylakse (nb)"},"localizedDescriptions":{}}],"listOpen":false}],"formId":"operatørvurdering/antibiotikaprofylakse_under_operasjon@Antibiotikaprofylakse under operasjon/anbefaling","viewConfig":{"multiplicity":{"min":0,"max":1},"advanced":{"hidden":true,"readonly":false,"hideFrame":false,"render":false},"label":{"custom":false,"useLocalizations":false},"size":{"field":"inherit","label":"-1"},"layout":{"label":{"valign":"inherit","align":"top"},"field":{"valign":"inherit","align":"inherit"}},"annotations":{},"field":{"code":{"presentation":"radios","columns":"1"}},"tags":["HideLabel","ShowAsRadios"]}}]},{"name":"Tromboseprofylakse under operasjon","localizedName":"Tromboseprofylakse under operasjon","localizedNames":{"en":"*Tromboseprofylakse under operasjon (en)","nb":"Tromboseprofylakse under operasjon"},"localizedDescriptions":{"nb":"Et forslag, råd eller anmodning om klinisk oppfølging.","en":"*Et forslag, råd eller anmodning om klinisk oppfølging. (nb)"},"rmType":"EVALUATION","nodeId":"openEHR-EHR-EVALUATION.recommendation.v1","min":1,"max":1,"aqlPath":"/content[openEHR-EHR-EVALUATION.recommendation.v1 and name/value='Tromboseprofylakse under operasjon']","inputs":[],"formId":"operatørvurdering/tromboseprofylakse_under_operasjon@Tromboseprofylakse under operasjon","viewConfig":{"multiplicity":{"min":1,"max":1},"advanced":{"hidden":false,"readonly":false,"hideFrame":false,"render":false},"label":{"custom":false,"useLocalizations":false},"size":{"field":"inherit","label":"-1"},"layout":{"label":{"valign":"inherit","align":"inherit"},"field":{"valign":"inherit","align":"inherit"}},"annotations":{},"field":{},"tags":["HideLabel"]},"children":[{"name":"Beskrivelse","localizedName":"Beskrivelse","localizedNames":{"en":"*Begrunnelse (nb)","nb":"Tromboseprofylakse"},"localizedDescriptions":{"nb":"Begrunnelse for anbefalingen.","en":"*Begrunnelse for anbefalingen. (nb)"},"rmType":"DV_CODED_TEXT","nodeId":"at0003","min":0,"max":1,"aqlPath":"/content[openEHR-EHR-EVALUATION.recommendation.v1 and name/value='Tromboseprofylakse under operasjon']/data[at0001]/items[at0003]/value","inputs":[{"suffix":"code","type":"TEXT","terminology":"ARK-UDS-D-OPR-TROMBOSEPROFYLAKSE?subset=ARK-UDS-D-OPR-TROMBOSEPROFYLAKSE&language=en-GB","listOpen":false},{"suffix":"value","type":"TEXT","terminology":"ARK-UDS-D-OPR-TROMBOSEPROFYLAKSE?subset=ARK-UDS-D-OPR-TROMBOSEPROFYLAKSE&language=en-GB","listOpen":false}],"formId":"operatørvurdering/tromboseprofylakse_under_operasjon@Tromboseprofylakse under operasjon/begrunnelse","viewConfig":{"multiplicity":{"min":0,"max":1},"advanced":{"hidden":false,"readonly":false,"hideFrame":false,"render":false},"label":{"custom":false,"useLocalizations":false},"size":{"field":"inherit","label":"inherit"},"layout":{"label":{"valign":"inherit","align":"top"},"field":{"valign":"inherit","align":"inherit"}},"datasource":{"loadRemote":true,"loadRemoteUrl":"ARK-UDS-D-OPR-TROMBOSEPROFYLAKSE?subset=ARK-UDS-D-OPR-TROMBOSEPROFYLAKSE&language=en-GB","parameters":{}},"annotations":{"codeditem.displayformat":"name"},"field":{},"tags":["ShowAsCombobox"]}},{"name":"Anbefaling","localizedName":"Anbefaling","localizedNames":{"en":"*Anbefaling (nb)","nb":"Anbefaling"},"localizedDescriptions":{"nb":"Fritekstbeskrivelse av anbefalingen.","en":"*Fritekstbeskrivelse av anbefalingen. (nb)"},"rmType":"DV_CODED_TEXT","nodeId":"at0002","min":0,"max":1,"aqlPath":"/content[openEHR-EHR-EVALUATION.recommendation.v1 and name/value='Tromboseprofylakse under operasjon']/data[at0001]/items[at0002]/value","inputs":[{"suffix":"code","type":"CODED_TEXT","list":[{"value":"421728001","label":"Tromboseprofylakse","ordinal":0,"localizedLabels":{"nb":"Tromboseprofylakse","en":"*Tromboseprofylakse (nb)"},"localizedDescriptions":{}}],"listOpen":false}],"formId":"operatørvurdering/tromboseprofylakse_under_operasjon@Tromboseprofylakse under operasjon/anbefaling","viewConfig":{"multiplicity":{"min":0,"max":1},"advanced":{"hidden":true,"readonly":false,"hideFrame":false,"render":false},"label":{"custom":false,"useLocalizations":false},"size":{"field":"inherit","label":"-1"},"layout":{"label":{"valign":"inherit","align":"inherit"},"field":{"valign":"inherit","align":"inherit"}},"annotations":{},"field":{"code":{"presentation":"radios","columns":"1"}},"tags":["HideLabel","ShowAsRadios"]}}]},{"name":"Fibrinolysehemmer","localizedName":"Fibrinolysehemmer","localizedNames":{"en":"*Fibrinolysehemmer (en)","nb":"Fibrinolysehemmer"},"localizedDescriptions":{"nb":"Et forslag, råd eller anmodning om klinisk oppfølging.","en":"*Et forslag, råd eller anmodning om klinisk oppfølging. (nb)"},"rmType":"EVALUATION","nodeId":"openEHR-EHR-EVALUATION.recommendation.v1","min":1,"max":1,"aqlPath":"/content[openEHR-EHR-EVALUATION.recommendation.v1 and name/value='Fibrinolysehemmer']","inputs":[],"formId":"operatørvurdering/fibrinolysehemmer@Fibrinolysehemmer","viewConfig":{"multiplicity":{"min":1,"max":1},"advanced":{"hidden":false,"readonly":false,"hideFrame":false,"render":false},"label":{"custom":false,"useLocalizations":false},"size":{"field":"inherit","label":"-1"},"layout":{"label":{"valign":"inherit","align":"inherit"},"field":{"valign":"inherit","align":"inherit"}},"annotations":{},"field":{},"tags":["HideLabel"]},"children":[{"name":"Begrunnelse","localizedName":"Begrunnelse","localizedNames":{"en":"*Begrunnelse (nb)","nb":"Fibrinolysehemmer"},"localizedDescriptions":{"nb":"Begrunnelse for anbefalingen.","en":"*Begrunnelse for anbefalingen. (nb)"},"rmType":"DV_CODED_TEXT","nodeId":"at0003","min":0,"max":1,"aqlPath":"/content[openEHR-EHR-EVALUATION.recommendation.v1 and name/value='Fibrinolysehemmer']/data[at0001]/items[at0003]/value","inputs":[{"suffix":"code","type":"TEXT","terminology":"ARK-UDS-D-OPR-FIBRINOLYSEHEMMERE?subset=ARK-UDS-D-OPR-FIBRINOLYSEHEMMERE&language=en-GB","listOpen":false},{"suffix":"value","type":"TEXT","terminology":"ARK-UDS-D-OPR-FIBRINOLYSEHEMMERE?subset=ARK-UDS-D-OPR-FIBRINOLYSEHEMMERE&language=en-GB","listOpen":false}],"formId":"operatørvurdering/fibrinolysehemmer@Fibrinolysehemmer/begrunnelse","viewConfig":{"multiplicity":{"min":0,"max":1},"advanced":{"hidden":false,"readonly":false,"hideFrame":false,"render":false},"label":{"custom":false,"useLocalizations":false},"size":{"field":"inherit","label":"inherit"},"layout":{"label":{"valign":"inherit","align":"top"},"field":{"valign":"inherit","align":"inherit"}},"datasource":{"loadRemote":true,"loadRemoteUrl":"ARK-UDS-D-OPR-FIBRINOLYSEHEMMERE?subset=ARK-UDS-D-OPR-FIBRINOLYSEHEMMERE&language=en-GB","parameters":{}},"annotations":{"codeditem.displayformat":"name"},"field":{},"tags":["ShowAsCombobox"]}},{"name":"Anbefaling","localizedName":"Anbefaling","localizedNames":{"en":"*Anbefaling (nb)","nb":"Anbefaling"},"localizedDescriptions":{"nb":"Fritekstbeskrivelse av anbefalingen.","en":"*Fritekstbeskrivelse av anbefalingen. (nb)"},"rmType":"DV_CODED_TEXT","nodeId":"at0002","min":0,"max":1,"aqlPath":"/content[openEHR-EHR-EVALUATION.recommendation.v1 and name/value='Fibrinolysehemmer']/data[at0001]/items[at0002]/value","inputs":[{"suffix":"code","type":"CODED_TEXT","list":[{"value":"109006003","label":"Fibrinolysehemmer","ordinal":0,"localizedLabels":{"nb":"Fibrinolysehemmer","en":"*Fibrinolysehemmer (nb)"},"localizedDescriptions":{}}],"listOpen":false}],"formId":"operatørvurdering/fibrinolysehemmer@Fibrinolysehemmer/anbefaling","viewConfig":{"multiplicity":{"min":0,"max":1},"advanced":{"hidden":true,"readonly":false,"hideFrame":false,"render":false},"label":{"custom":false,"useLocalizations":false},"size":{"field":"inherit","label":"-1"},"layout":{"label":{"valign":"inherit","align":"top"},"field":{"valign":"inherit","align":"inherit"}},"annotations":{},"field":{"code":{"presentation":"radios","columns":"1"}},"tags":["HideLabel"]}}]}]},{"name":"Spacer","localizedName":"","localizedNames":{"nb":""},"localizedDescriptions":{},"rmType":"GENERIC_SPACER","min":0,"max":1,"inputs":[],"formId":"generic-field-01040","viewConfig":{"annotations":{},"field":{"height":7,"input":{"height":7}}}},{"name":"Pretransfusjonsprøve","localizedName":"Pretransfusjonsprøve","localizedNames":{"en":"*Pretransfusjonsprøve (en)","nb":"Pretransfusjonsprøve"},"localizedDescriptions":{"nb":"Navn på forespurt tjeneste.","en":"*Navn på forespurt tjeneste. (nb)"},"rmType":"DV_CODED_TEXT","nodeId":"at0121","min":1,"max":1,"aqlPath":"/content[openEHR-EHR-INSTRUCTION.service_request.v1 and name/value='Pretransfusjonsprøve']/activities[at0001]/description[at0009]/items[at0121 and name/value='Pretransfusjonsprøve']/value","inputs":[{"suffix":"code","type":"CODED_TEXT","list":[{"value":"1","label":"Ingen","ordinal":0,"localizedLabels":{"nb":"Ingen","en":"*Ingen (nb)"},"localizedDescriptions":{}},{"value":"2","label":"Ja","ordinal":0,"localizedLabels":{"nb":"Ja","en":"*Ja (nb)"},"localizedDescriptions":{}},{"value":"3","label":"Ja, skal sendes","ordinal":0,"localizedLabels":{"nb":"Ja, skal sendes","en":"*Ja, skal sendes (nb)"},"localizedDescriptions":{}}],"listOpen":false}],"formId":"operatørvurdering/pretransfusjonsprøve@Pretransfusjonsprøve/forespørsel/pretransfusjonsprøve@Pretransfusjonsprøve","viewConfig":{"multiplicity":{"min":1,"max":1},"advanced":{"hidden":false,"readonly":false,"hideFrame":false,"render":false},"label":{"custom":false,"useLocalizations":false},"size":{"field":"inherit","label":"inherit"},"layout":{"label":{"valign":"inherit","align":"inherit"},"field":{"valign":"inherit","align":"inherit"}},"annotations":{},"field":{"code":{"presentation":"radios","columns":"1"}}}}]}