[{"col":1,"row":1,"width":12,"height":32,"children":[{"id":"informasjon_for_post","rows":[{"cols":[{"width":"100%","children":[{"id":"informasjon_for_post/diabetes@Diabetes","rows":[{"cols":[{"width":"100%","children":[{"id":"generic-field-62913","rows":[]},{"id":"informasjon_for_post/diabetes@Diabetes/tilstand","rows":[]},{"id":"informasjon_for_post/diabetes@Diabetes/status","rows":[{"cols":[{"width":"100%","children":[{"id":"informasjon_for_post/diabetes@Diabetes/status/value","rows":[]}]}]}]},{"id":"informasjon_for_post/diabetes@Diabetes/sist_oppdatert","rows":[]}]}]}]}]}]}]}]}]