{"name":"Form root","localizedNames":{},"localizedDescriptions":{},"rmType":"FORM_DEFINITION","min":0,"max":0,"formId":"form_root","viewConfig":{"label":{"custom":false,"useLocalizations":false},"size":{"field":"inherit","label":"inherit"},"layout":{"label":{"valign":"inherit","align":"inherit"},"field":{"valign":"inherit","align":"inherit"}},"annotations":{"reuseComposition":"select c from composition c[openEHR-EHR-COMPOSITION.encounter.v1] contains EVALUATION e[openEHR-EHR-EVALUATION.precaution.v1] where c/name/value = 'Informasjon for post' and c/archetype_details/template_id/value = 'Forholdsregel_diabetes_V1' and e/name/value = 'Diabetes' order by c/context/start_time/value DESC fetch 1?scope=patient"}},"children":[{"name":"Informasjon for post","localizedName":"Informasjon for post","localizedNames":{"en":"*Informasjon for post (en)","nb":"Informasjon for post"},"localizedDescriptions":{"nb":"Interaksjon, kontakt eller omsorgshendelse mellom et individ og helsepersonell.","en":"*Interaksjon, kontakt eller omsorgshendelse mellom et individ og helsepersonell. (nb)"},"rmType":"COMPOSITION","nodeId":"openEHR-EHR-COMPOSITION.encounter.v1","min":1,"max":1,"aqlPath":"/","inputs":[],"formId":"informasjon_for_post","viewConfig":{"multiplicity":{"min":1,"max":1},"advanced":{"hidden":false,"readonly":false,"hideFrame":false,"render":false},"label":{"custom":false,"useLocalizations":false},"size":{"field":"inherit","label":"-1"},"layout":{"label":{"valign":"inherit","align":"inherit"},"field":{"valign":"inherit","align":"inherit"}},"annotations":{},"field":{},"tags":["HideLabel"]},"children":[{"name":"Diabetes","localizedName":"Diabetes","localizedNames":{"en":"*Diabetes (en)","nb":"Diabetes"},"localizedDescriptions":{"nb":"En klinisk tilstand eller status som er unik eller særegen for et individ, og som regnes som viktig informasjon i forbindelse med beslutninger om behandling.","en":"*En klinisk tilstand eller status som er unik eller særegen for et individ, og som regnes som viktig informasjon i forbindelse med beslutninger om behandling. (nb)"},"rmType":"EVALUATION","nodeId":"openEHR-EHR-EVALUATION.precaution.v1","min":1,"max":1,"aqlPath":"/content[openEHR-EHR-EVALUATION.precaution.v1 and name/value='Diabetes']","inputs":[],"formId":"informasjon_for_post/diabetes@Diabetes","viewConfig":{"multiplicity":{"min":1,"max":1},"advanced":{"hidden":false,"readonly":false,"hideFrame":false,"render":false},"label":{"custom":false,"useLocalizations":false},"size":{"field":"inherit","label":"-1"},"layout":{"label":{"valign":"inherit","align":"inherit"},"field":{"valign":"inherit","align":"inherit"}},"annotations":{},"field":{},"tags":["HideLabel"]},"children":[{"name":"Input","localizedName":"Forholdsregler for diabetes burde tas","localizedNames":{"en":"*Input (en)","nb":"Forholdsregler for diabetes burde tas"},"localizedDescriptions":{},"rmType":"GENERIC_FIELD","min":0,"max":1,"inputs":[{"type":"BOOLEAN","defaultValue":"False","listOpen":false}],"formId":"generic-field-62913","viewConfig":{"multiplicity":{"min":0,"max":1},"advanced":{"hidden":false,"readonly":false,"hideFrame":false,"render":false},"label":{"custom":false,"useLocalizations":false},"size":{"field":"inherit","label":"inherit"},"layout":{"label":{"valign":"inherit","align":"top"},"field":{"valign":"inherit","align":"inherit"}},"annotations":{},"field":{"input":{"threeState":false},"type":"DV_BOOLEAN"}}},{"name":"Tilstand","localizedName":"Tilstand","localizedNames":{"en":"*Tilstand (nb)","nb":"Tilstand"},"localizedDescriptions":{"nb":"Navnet på tilstanden eller statusen.","en":"*Navnet på tilstanden eller statusen. (nb)"},"rmType":"DV_CODED_TEXT","nodeId":"at0002","min":1,"max":1,"aqlPath":"/content[openEHR-EHR-EVALUATION.precaution.v1 and name/value='Diabetes']/data[at0001]/items[at0002]/value","inputs":[{"suffix":"code","type":"CODED_TEXT","list":[{"value":"73211009","label":"Diabetes","ordinal":0,"localizedLabels":{"nb":"Diabetes","en":"*Diabetes (nb)"},"localizedDescriptions":{}}],"listOpen":false}],"formId":"informasjon_for_post/diabetes@Diabetes/tilstand","viewConfig":{"multiplicity":{"min":1,"max":1},"advanced":{"hidden":true,"readonly":false,"hideFrame":false,"render":false},"label":{"custom":false,"useLocalizations":false},"size":{"field":"inherit","label":"inherit"},"layout":{"label":{"valign":"inherit","align":"inherit"},"field":{"valign":"inherit","align":"inherit"}},"annotations":{},"field":{"code":{"presentation":"radios","columns":"1"}}}},{"name":"Status","localizedName":"Status","localizedNames":{"en":"*Status (nb)","nb":"Status"},"localizedDescriptions":{"nb":"Forholdsregelens nåværende status.","en":"*Forholdsregelens nåværende status. (nb)"},"rmType":"ELEMENT","nodeId":"at0014","min":0,"max":1,"aqlPath":"/content[openEHR-EHR-EVALUATION.precaution.v1 and name/value='Diabetes']/data[at0001]/items[at0014]","inputs":[],"formId":"informasjon_for_post/diabetes@Diabetes/status","viewConfig":{"multiplicity":{"min":0,"max":1},"advanced":{"hidden":true,"readonly":false,"hideFrame":false,"render":false},"label":{"custom":false,"useLocalizations":false},"size":{"field":"inherit","label":"inherit"},"layout":{"label":{"valign":"inherit","align":"inherit"},"field":{"valign":"inherit","align":"inherit"}},"annotations":{}},"children":[{"name":"Status","localizedName":"Status","localizedNames":{"en":"*Status (nb)","nb":"Status"},"localizedDescriptions":{"nb":"Forholdsregelens nåværende status.","en":"*Forholdsregelens nåværende status. (nb)"},"rmType":"DV_CODED_TEXT","nodeId":"","min":1,"max":1,"aqlPath":"/content[openEHR-EHR-EVALUATION.precaution.v1 and name/value='Diabetes']/data[at0001]/items[at0014]/value","inputs":[{"suffix":"code","type":"CODED_TEXT","list":[{"value":"at0015","label":"Aktiv","ordinal":0,"localizedLabels":{"nb":"Aktiv","en":"*Aktiv (nb)"},"localizedDescriptions":{"nb":"Forholdsregelen er aktiv.","en":"*Forholdsregelen er aktiv. (nb)"}},{"value":"at0018","label":"Opphørt","ordinal":0,"localizedLabels":{"nb":"Opphørt","en":"*Opphørt (nb)"},"localizedDescriptions":{"nb":"Den tidligere kjente forholdsregelen er klinisk revurdert ved testing, og regnes ikke lenger for å være en aktiv risiko.","en":"*Den tidligere kjente forholdsregelen er klinisk revurdert ved testing, og regnes ikke lenger for å være en aktiv risiko. (nb)"}},{"value":"at0019","label":"Avkreftet","ordinal":0,"localizedLabels":{"nb":"Avkreftet","en":"*Avkreftet (nb)"},"localizedDescriptions":{"nb":"Forholdsregelen har blitt klinisk revurdert eller er avkreftet med høy grad av sikkerhet ved testing.","en":"*Forholdsregelen har blitt klinisk revurdert eller er avkreftet med høy grad av sikkerhet ved testing. (nb)"}}],"listOpen":false}],"formId":"informasjon_for_post/diabetes@Diabetes/status/value","viewConfig":{"multiplicity":{"min":1,"max":1},"advanced":{"hidden":false,"readonly":false,"hideFrame":false,"render":false},"label":{"custom":false,"useLocalizations":false},"size":{"field":"inherit","label":"inherit"},"layout":{"label":{"valign":"inherit","align":"inherit"},"field":{"valign":"inherit","align":"inherit"}},"annotations":{},"field":{"code":{"presentation":"radios","columns":"1"}}}}]},{"name":"Sist oppdatert","localizedName":"Sist oppdatert","localizedNames":{"en":"*Sist oppdatert (nb)","nb":"Sist oppdatert"},"localizedDescriptions":{"nb":"Dato da forholdsregelinformasjonen sist ble oppdatert.","en":"*Dato da forholdsregelinformasjonen sist ble oppdatert. (nb)"},"rmType":"DV_DATE_TIME","nodeId":"at0004","min":0,"max":1,"aqlPath":"/content[openEHR-EHR-EVALUATION.precaution.v1 and name/value='Diabetes']/protocol[at0006]/items[at0004]/value","inputs":[{"type":"DATETIME","listOpen":false}],"formId":"informasjon_for_post/diabetes@Diabetes/sist_oppdatert","viewConfig":{"multiplicity":{"min":0,"max":1},"advanced":{"hidden":false,"readonly":false,"hideFrame":false,"render":false},"label":{"custom":false,"useLocalizations":false},"size":{"field":"medium","label":"inherit"},"layout":{"label":{"valign":"inherit","align":"inherit"},"field":{"valign":"inherit","align":"inherit"}},"annotations":{"templateVariable":"[sys.now]"},"field":{"input":{"hideTime":false,"dateFormat":"","hideDate":false}},"tags":[]}}]}]}]}