[{"col":1,"row":1,"width":12,"height":16,"children":[{"id":"vurdering_behandling_og_plan/vudering_og_behandling_og_videre_plan","rows":[{"cols":[{"width":"100%","children":[{"id":"vurdering_behandling_og_plan/vudering_og_behandling_og_videre_plan/tiltak_i_dag"}]}]},{"cols":[{"width":"100%","children":[{"id":"vurdering_behandling_og_plan/vudering_og_behandling_og_videre_plan/beskrivelse_av_vurdering_og_tiltak_behandling"}]}]},{"cols":[{"width":"50%","children":[{"id":"vurdering_behandling_og_plan/vudering_og_behandling_og_videre_plan/videre_oppfølging_av"},{"id":"vurdering_behandling_og_plan/vudering_og_behandling_og_videre_plan/olafiaoppfølging"}]},{"width":"50%","children":[{"id":"vurdering_behandling_og_plan/vudering_og_behandling_og_videre_plan/timebestilling"},{"id":"vurdering_behandling_og_plan/vudering_og_behandling_og_videre_plan/neste_time_om"}]}]}]},{"id":"vurdering_behandling_og_plan/vudering_og_behandling_og_videre_plan/beskrivelse_av_plan","rows":[]}]},{"col":1,"row":17,"width":12,"height":4,"children":[{"id":"vurdering_behandling_og_plan/status_olafia","rows":[{"cols":[{"width":"50%","children":[{"id":"vurdering_behandling_og_plan/status_olafia/status"}]},{"width":"50%","children":[{"id":"vurdering_behandling_og_plan/status_olafia/beskjed"}]}]}]}]},{"col":1,"row":21,"width":12,"height":61,"children":[{"id":"generic-field-64433","rows":[{"cols":[{"width":"50%","children":[{"id":"vurdering_behandling_og_plan/medikasjonshandlinger_1","rows":[{"cols":[{"width":"100%","children":[{"id":"vurdering_behandling_og_plan/medikasjonshandlinger_1/ofte_brukte_medikamenter/ofte_brukte_medikamenter"},{"id":"generic-field-36882","rows":[{"cols":[{"width":"100%","children":[{"id":"vurdering_behandling_og_plan/medikasjonshandlinger_1/legemiddel_medisin"},{"id":"vurdering_behandling_og_plan/medikasjonshandlinger_1/medikamentmengde/beskrivelse"},{"id":"vurdering_behandling_og_plan/medikasjonshandlinger_1/refusjonskategori"},{"id":"vurdering_behandling_og_plan/medikasjonshandlinger_1/ism_transition/careflow_step"},{"id":"vurdering_behandling_og_plan/medikasjonshandlinger_1/olafia_medikament_administrasjon/medikament_utdelt_administrert"},{"id":"vurdering_behandling_og_plan/medikasjonshandlinger_1/olafia_medikament_administrasjon","rows":[{"cols":[{"width":"100%","children":[{"id":"vurdering_behandling_og_plan/medikasjonshandlinger_1/olafia_medikament_administrasjon/behandling_avklart_med_lege"},{"id":"vurdering_behandling_og_plan/medikasjonshandlinger_1/olafia_medikament_administrasjon/legens_navn"},{"id":"vurdering_behandling_og_plan/medikasjonshandlinger_1/olafia_medikament_administrasjon/dobbeltkontroll2"}]}]}]}]}]}]}]}]}]}]},{"width":"50%","children":[{"id":"vurdering_behandling_og_plan/medikasjonshandlinger_2","rows":[{"cols":[{"width":"100%","children":[{"id":"vurdering_behandling_og_plan/medikasjonshandlinger_2/ofte_brukte_medikamenter/ofte_brukte_medikamenter"},{"id":"generic-field-97330","rows":[{"cols":[{"width":"100%","children":[{"id":"vurdering_behandling_og_plan/medikasjonshandlinger_2/legemiddel_medisin"},{"id":"vurdering_behandling_og_plan/medikasjonshandlinger_2/medikamentmengde/beskrivelse"},{"id":"vurdering_behandling_og_plan/medikasjonshandlinger_2/refusjonskategori"},{"id":"vurdering_behandling_og_plan/medikasjonshandlinger_2/ism_transition/careflow_step"},{"id":"vurdering_behandling_og_plan/medikasjonshandlinger_2/olafia_medikament_administrasjon/medikament_utdelt_administrert"},{"id":"vurdering_behandling_og_plan/medikasjonshandlinger_2/olafia_medikament_administrasjon","rows":[{"cols":[{"width":"100%","children":[{"id":"vurdering_behandling_og_plan/medikasjonshandlinger_2/olafia_medikament_administrasjon/behandling_avklart_med_lege"},{"id":"vurdering_behandling_og_plan/medikasjonshandlinger_2/olafia_medikament_administrasjon/legens_navn"},{"id":"vurdering_behandling_og_plan/medikasjonshandlinger_2/olafia_medikament_administrasjon/dobbeltkontroll2"}]}]}]}]}]}]}]}]}]}]}]},{"cols":[{"width":"50%","children":[{"id":"vurdering_behandling_og_plan/medikasjonshandlinger_3","rows":[{"cols":[{"width":"100%","children":[{"id":"vurdering_behandling_og_plan/medikasjonshandlinger_3/ofte_brukte_medikamenter/ofte_brukte_medikamenter"},{"id":"generic-field-53376","rows":[{"cols":[{"width":"100%","children":[{"id":"vurdering_behandling_og_plan/medikasjonshandlinger_3/legemiddel_medisin"},{"id":"vurdering_behandling_og_plan/medikasjonshandlinger_3/medikamentmengde/beskrivelse"},{"id":"vurdering_behandling_og_plan/medikasjonshandlinger_3/refusjonskategori"},{"id":"vurdering_behandling_og_plan/medikasjonshandlinger_3/ism_transition/careflow_step"},{"id":"vurdering_behandling_og_plan/medikasjonshandlinger_3/olafia_medikament_administrasjon/medikament_utdelt_administrert"},{"id":"vurdering_behandling_og_plan/medikasjonshandlinger_3/olafia_medikament_administrasjon","rows":[{"cols":[{"width":"100%","children":[{"id":"vurdering_behandling_og_plan/medikasjonshandlinger_3/olafia_medikament_administrasjon/behandling_avklart_med_lege"},{"id":"vurdering_behandling_og_plan/medikasjonshandlinger_3/olafia_medikament_administrasjon/legens_navn"},{"id":"vurdering_behandling_og_plan/medikasjonshandlinger_3/olafia_medikament_administrasjon/dobbeltkontroll2"}]}]}]}]}]}]}]}]}]}]},{"width":"50%","children":[{"id":"vurdering_behandling_og_plan/medikasjonshandlinger_4","rows":[{"cols":[{"width":"100%","children":[{"id":"vurdering_behandling_og_plan/medikasjonshandlinger_4/ofte_brukte_medikamenter/ofte_brukte_medikamenter"},{"id":"generic-field-90843","rows":[{"cols":[{"width":"100%","children":[{"id":"vurdering_behandling_og_plan/medikasjonshandlinger_4/legemiddel_medisin"},{"id":"vurdering_behandling_og_plan/medikasjonshandlinger_4/medikamentmengde/beskrivelse"},{"id":"vurdering_behandling_og_plan/medikasjonshandlinger_4/refusjonskategori"},{"id":"vurdering_behandling_og_plan/medikasjonshandlinger_4/ism_transition/careflow_step"},{"id":"vurdering_behandling_og_plan/medikasjonshandlinger_4/olafia_medikament_administrasjon/medikament_utdelt_administrert"},{"id":"vurdering_behandling_og_plan/medikasjonshandlinger_4/olafia_medikament_administrasjon","rows":[{"cols":[{"width":"100%","children":[{"id":"vurdering_behandling_og_plan/medikasjonshandlinger_4/olafia_medikament_administrasjon/behandling_avklart_med_lege"},{"id":"vurdering_behandling_og_plan/medikasjonshandlinger_4/olafia_medikament_administrasjon/legens_navn"},{"id":"vurdering_behandling_og_plan/medikasjonshandlinger_4/olafia_medikament_administrasjon/dobbeltkontroll2"}]}]}]}]}]}]}]}]}]}]}]}]},{"id":"vurdering_behandling_og_plan/medikasjonshandlinger","rows":[{"cols":[{"width":"100%","children":[{"id":"vurdering_behandling_og_plan/medikasjonshandlinger/legemiddel_medisin"},{"id":"vurdering_behandling_og_plan/medikasjonshandlinger/medikamentmengde/beskrivelse"},{"id":"vurdering_behandling_og_plan/medikasjonshandlinger/refusjonskategori"},{"id":"vurdering_behandling_og_plan/medikasjonshandlinger/ism_transition/careflow_step"},{"id":"vurdering_behandling_og_plan/medikasjonshandlinger/olafia_medikament_administrasjon/medikament_utdelt_administrert"},{"id":"vurdering_behandling_og_plan/medikasjonshandlinger/olafia_medikament_administrasjon","rows":[{"cols":[{"width":"52%","children":[{"id":"vurdering_behandling_og_plan/medikasjonshandlinger/olafia_medikament_administrasjon/behandling_avklart_med_lege"},{"id":"vurdering_behandling_og_plan/medikasjonshandlinger/olafia_medikament_administrasjon/legens_navn"},{"id":"vurdering_behandling_og_plan/medikasjonshandlinger/olafia_medikament_administrasjon/dobbeltkontroll2"}]},{"width":"48%","children":[]}]}]}]}]}]}]},{"col":1,"row":82,"width":12,"height":4,"children":[{"id":"vurdering_behandling_og_plan/takst","rows":[{"cols":[{"width":"100%","children":[{"id":"vurdering_behandling_og_plan/takst/kode"}]}]}]}]}]