[{"field":"vurdering_behandling_og_plan/medikasjonshandlinger_1/ofte_brukte_medikamenter/ofte_brukte_medikamenter","conditions":[{"operator":"equals","value":{"code":"BC0"},"actions":[{"action":"set","target":"vurdering_behandling_og_plan/medikasjonshandlinger_1/legemiddel_medisin","value":{"value":"Doksycyklin"}},{"action":"set","target":"vurdering_behandling_og_plan/medikasjonshandlinger_1/medikamentmengde/beskrivelse","value":{"value":"100 mg, 2 tabl daglig i 7 dager"}},{"action":"set","target":"vurdering_behandling_og_plan/medikasjonshandlinger_1/refusjonskategori","value":{"value":"§4-3"}},{"action":"show","target":"generic-field-36882","value":{"value":""}},{"action":"clear","target":"vurdering_behandling_og_plan/medikasjonshandlinger_1/ism_transition/careflow_step","value":{"code":"at0006"}},{"action":"clear","target":"vurdering_behandling_og_plan/medikasjonshandlinger_1/olafia_medikament_administrasjon/medikament_utdelt_administrert","value":{"code":""}},{"action":"clear","target":"vurdering_behandling_og_plan/medikasjonshandlinger_1/olafia_medikament_administrasjon","value":{"value":""}}]},{"operator":"equals","value":{"code":"BC1"},"actions":[{"action":"set","target":"vurdering_behandling_og_plan/medikasjonshandlinger_1/legemiddel_medisin","value":{"value":"Doksycyklin"}},{"action":"set","target":"vurdering_behandling_og_plan/medikasjonshandlinger_1/medikamentmengde/beskrivelse","value":{"value":"100 mg, 2 tabl daglig i 14 dager"}},{"action":"set","target":"vurdering_behandling_og_plan/medikasjonshandlinger_1/refusjonskategori","value":{"value":"§4-3"}},{"action":"show","target":"generic-field-36882","value":{"value":""}},{"action":"clear","target":"vurdering_behandling_og_plan/medikasjonshandlinger_1/ism_transition/careflow_step","value":{"code":"at0006"}},{"action":"clear","target":"vurdering_behandling_og_plan/medikasjonshandlinger_1/olafia_medikament_administrasjon/medikament_utdelt_administrert","value":{"code":""}},{"action":"clear","target":"vurdering_behandling_og_plan/medikasjonshandlinger_1/olafia_medikament_administrasjon","value":{"value":""}}]},{"operator":"equals","value":{"code":"BC2"},"actions":[{"action":"set","target":"vurdering_behandling_og_plan/medikasjonshandlinger_1/legemiddel_medisin","value":{"value":"Doksycyklin"}},{"action":"set","target":"vurdering_behandling_og_plan/medikasjonshandlinger_1/medikamentmengde/beskrivelse","value":{"value":"100 mg, 2 tabl daglig i 21 dager"}},{"action":"set","target":"vurdering_behandling_og_plan/medikasjonshandlinger_1/refusjonskategori","value":{"value":"§4-3"}},{"action":"show","target":"generic-field-36882","value":{"value":""}},{"action":"clear","target":"vurdering_behandling_og_plan/medikasjonshandlinger_1/ism_transition/careflow_step","value":{"code":"at0006"}},{"action":"clear","target":"vurdering_behandling_og_plan/medikasjonshandlinger_1/olafia_medikament_administrasjon/medikament_utdelt_administrert","value":{"code":""}},{"action":"clear","target":"vurdering_behandling_og_plan/medikasjonshandlinger_1/olafia_medikament_administrasjon","value":{"value":""}}]},{"operator":"equals","value":{"code":"BC3"},"actions":[{"action":"set","target":"vurdering_behandling_og_plan/medikasjonshandlinger_1/legemiddel_medisin","value":{"value":"Doksycyklin"}},{"action":"set","target":"vurdering_behandling_og_plan/medikasjonshandlinger_1/medikamentmengde/beskrivelse","value":{"value":"100 mg, 2 tabl daglig i 28 dager"}},{"action":"set","target":"vurdering_behandling_og_plan/medikasjonshandlinger_1/refusjonskategori","value":{"value":"§4-3"}},{"action":"show","target":"generic-field-36882","value":{"value":""}},{"action":"clear","target":"vurdering_behandling_og_plan/medikasjonshandlinger_1/ism_transition/careflow_step","value":{"code":"at0006"}},{"action":"clear","target":"vurdering_behandling_og_plan/medikasjonshandlinger_1/olafia_medikament_administrasjon/medikament_utdelt_administrert","value":{"code":""}},{"action":"clear","target":"vurdering_behandling_og_plan/medikasjonshandlinger_1/olafia_medikament_administrasjon","value":{"value":""}}]},{"operator":"equals","value":{"code":"BC4"},"actions":[{"action":"set","target":"vurdering_behandling_og_plan/medikasjonshandlinger_1/legemiddel_medisin","value":{"value":"Azitromycin"}},{"action":"set","target":"vurdering_behandling_og_plan/medikasjonshandlinger_1/medikamentmengde/beskrivelse","value":{"value":"500 mg, 2 tabl engangsdose"}},{"action":"set","target":"vurdering_behandling_og_plan/medikasjonshandlinger_1/refusjonskategori","value":{"value":"§4-3"}},{"action":"show","target":"generic-field-36882","value":{"value":""}},{"action":"clear","target":"vurdering_behandling_og_plan/medikasjonshandlinger_1/ism_transition/careflow_step","value":{"code":"at0006"}},{"action":"clear","target":"vurdering_behandling_og_plan/medikasjonshandlinger_1/olafia_medikament_administrasjon/medikament_utdelt_administrert","value":{"code":""}},{"action":"clear","target":"vurdering_behandling_og_plan/medikasjonshandlinger_1/olafia_medikament_administrasjon","value":{"value":""}}]},{"operator":"equals","value":{"code":"BC5"},"actions":[{"action":"set","target":"vurdering_behandling_og_plan/medikasjonshandlinger_1/legemiddel_medisin","value":{"value":"Azitromycin"}},{"action":"set","target":"vurdering_behandling_og_plan/medikasjonshandlinger_1/medikamentmengde/beskrivelse","value":{"value":"500 mg, 3 tabl engangsdose"}},{"action":"set","target":"vurdering_behandling_og_plan/medikasjonshandlinger_1/refusjonskategori","value":{"value":"§4-3"}},{"action":"show","target":"generic-field-36882","value":{"value":""}},{"action":"clear","target":"vurdering_behandling_og_plan/medikasjonshandlinger_1/ism_transition/careflow_step","value":{"code":"at0006"}},{"action":"clear","target":"vurdering_behandling_og_plan/medikasjonshandlinger_1/olafia_medikament_administrasjon/medikament_utdelt_administrert","value":{"code":""}},{"action":"clear","target":"vurdering_behandling_og_plan/medikasjonshandlinger_1/olafia_medikament_administrasjon","value":{"value":""}}]},{"operator":"equals","value":{"code":"BC6"},"actions":[{"action":"set","target":"vurdering_behandling_og_plan/medikasjonshandlinger_1/legemiddel_medisin","value":{"value":"Azitromycin"}},{"action":"set","target":"vurdering_behandling_og_plan/medikasjonshandlinger_1/medikamentmengde/beskrivelse","value":{"value":"500 mg, 4 tabl engangsdose"}},{"action":"set","target":"vurdering_behandling_og_plan/medikasjonshandlinger_1/refusjonskategori","value":{"value":"§4-3"}},{"action":"show","target":"generic-field-36882","value":{"value":""}},{"action":"clear","target":"vurdering_behandling_og_plan/medikasjonshandlinger_2/ism_transition/careflow_step","value":{"code":"at0045"}},{"action":"clear","target":"vurdering_behandling_og_plan/medikasjonshandlinger_1/olafia_medikament_administrasjon/medikament_utdelt_administrert","value":{"code":""}},{"action":"clear","target":"vurdering_behandling_og_plan/medikasjonshandlinger_1/olafia_medikament_administrasjon","value":{"value":""}}]},{"operator":"equals","value":{"code":"BC7"},"actions":[{"action":"set","target":"vurdering_behandling_og_plan/medikasjonshandlinger_1/legemiddel_medisin","value":{"value":"Azitromycin"}},{"action":"set","target":"vurdering_behandling_og_plan/medikasjonshandlinger_1/medikamentmengde/beskrivelse","value":{"value":"500 mg 3 tabl:  500 mg dag en, 250 mg dag to-fem"}},{"action":"set","target":"vurdering_behandling_og_plan/medikasjonshandlinger_1/refusjonskategori","value":{"value":"§4-3"}},{"action":"show","target":"generic-field-36882","value":{"value":""}},{"action":"clear","target":"vurdering_behandling_og_plan/medikasjonshandlinger_1/ism_transition/careflow_step","value":{"code":"at0006"}},{"action":"clear","target":"vurdering_behandling_og_plan/medikasjonshandlinger_1/olafia_medikament_administrasjon/medikament_utdelt_administrert","value":{"code":""}},{"action":"clear","target":"vurdering_behandling_og_plan/medikasjonshandlinger_1/olafia_medikament_administrasjon","value":{"value":""}}]},{"operator":"equals","value":{"code":"BC8"},"actions":[{"action":"set","target":"vurdering_behandling_og_plan/medikasjonshandlinger_1/legemiddel_medisin","value":{"value":"Ceftiraxon"}},{"action":"set","target":"vurdering_behandling_og_plan/medikasjonshandlinger_1/medikamentmengde/beskrivelse","value":{"value":"500 mg, i.m. inj. "}},{"action":"set","target":"vurdering_behandling_og_plan/medikasjonshandlinger_1/refusjonskategori","value":{"value":"§4-3"}},{"action":"show","target":"generic-field-36882","value":{"value":""}},{"action":"clear","target":"vurdering_behandling_og_plan/medikasjonshandlinger_1/ism_transition/careflow_step","value":{"code":"at0006"}},{"action":"clear","target":"vurdering_behandling_og_plan/medikasjonshandlinger_1/olafia_medikament_administrasjon","value":{"value":""}},{"action":"clear","target":"vurdering_behandling_og_plan/medikasjonshandlinger_1/olafia_medikament_administrasjon/medikament_utdelt_administrert","value":{"code":""}}]},{"operator":"equals","value":{"code":"BC9"},"actions":[{"action":"set","target":"vurdering_behandling_og_plan/medikasjonshandlinger_1/legemiddel_medisin","value":{"value":"Ceftiraxon"}},{"action":"set","target":"vurdering_behandling_og_plan/medikasjonshandlinger_1/medikamentmengde/beskrivelse","value":{"value":"1 gram i.m. inj. "}},{"action":"set","target":"vurdering_behandling_og_plan/medikasjonshandlinger_1/refusjonskategori","value":{"value":"§4-3"}},{"action":"show","target":"generic-field-36882","value":{"value":""}},{"action":"clear","target":"vurdering_behandling_og_plan/medikasjonshandlinger_1/ism_transition/careflow_step","value":{"code":"at0006"}},{"action":"clear","target":"vurdering_behandling_og_plan/medikasjonshandlinger_1/olafia_medikament_administrasjon","value":{"value":""}},{"action":"clear","target":"vurdering_behandling_og_plan/medikasjonshandlinger_1/olafia_medikament_administrasjon/medikament_utdelt_administrert","value":{"code":""}}]},{"operator":"equals","value":{"code":"BC10"},"actions":[{"action":"set","target":"vurdering_behandling_og_plan/medikasjonshandlinger_1/legemiddel_medisin","value":{"value":"Tardocillin"}},{"action":"set","target":"vurdering_behandling_og_plan/medikasjonshandlinger_1/medikamentmengde/beskrivelse","value":{"value":"2,4 mill IE i.m. inj. som engangsdose. 1,2 mill IE i hver gluté"}},{"action":"set","target":"vurdering_behandling_og_plan/medikasjonshandlinger_1/refusjonskategori","value":{"value":"§4-3"}},{"action":"show","target":"generic-field-36882","value":{"value":""}},{"action":"clear","target":"vurdering_behandling_og_plan/medikasjonshandlinger_1/ism_transition/careflow_step","value":{"code":"at0006"}},{"action":"clear","target":"vurdering_behandling_og_plan/medikasjonshandlinger_1/olafia_medikament_administrasjon","value":{"value":""}},{"action":"clear","target":"vurdering_behandling_og_plan/medikasjonshandlinger_1/olafia_medikament_administrasjon/medikament_utdelt_administrert","value":{"code":""}}]},{"operator":"equals","value":{"code":"BC11"},"actions":[{"action":"set","target":"vurdering_behandling_og_plan/medikasjonshandlinger_1/legemiddel_medisin","value":{"value":"Aciclovir"}},{"action":"clear","target":"vurdering_behandling_og_plan/medikasjonshandlinger_1/medikamentmengde/beskrivelse","value":{"value":""}},{"action":"clear","target":"vurdering_behandling_og_plan/medikasjonshandlinger_1/refusjonskategori","value":{"value":""}},{"action":"show","target":"generic-field-36882","value":{"value":""}},{"action":"set","target":"vurdering_behandling_og_plan/medikasjonshandlinger_1/ism_transition/careflow_step","value":{"code":"at0045"}},{"action":"clear","target":"vurdering_behandling_og_plan/medikasjonshandlinger_1/olafia_medikament_administrasjon","value":{"value":""}}]},{"operator":"equals","value":{"code":"BC12"},"actions":[{"action":"set","target":"vurdering_behandling_og_plan/medikasjonshandlinger_1/legemiddel_medisin","value":{"value":"Zovirax"}},{"action":"clear","target":"vurdering_behandling_og_plan/medikasjonshandlinger_1/medikamentmengde/beskrivelse","value":{"value":""}},{"action":"clear","target":"vurdering_behandling_og_plan/medikasjonshandlinger_1/refusjonskategori","value":{"value":""}},{"action":"show","target":"generic-field-36882","value":{"value":""}},{"action":"set","target":"vurdering_behandling_og_plan/medikasjonshandlinger_1/ism_transition/careflow_step","value":{"code":"at0045"}},{"action":"clear","target":"vurdering_behandling_og_plan/medikasjonshandlinger_1/olafia_medikament_administrasjon","value":{"value":""}}]},{"operator":"equals","value":{"code":"BC13"},"actions":[{"action":"set","target":"vurdering_behandling_og_plan/medikasjonshandlinger_1/legemiddel_medisin","value":{"value":"Valtrex"}},{"action":"clear","target":"vurdering_behandling_og_plan/medikasjonshandlinger_1/medikamentmengde/beskrivelse","value":{"value":""}},{"action":"clear","target":"vurdering_behandling_og_plan/medikasjonshandlinger_1/refusjonskategori","value":{"value":""}},{"action":"show","target":"generic-field-36882","value":{"value":""}},{"action":"set","target":"vurdering_behandling_og_plan/medikasjonshandlinger_1/ism_transition/careflow_step","value":{"code":"at0045"}},{"action":"clear","target":"vurdering_behandling_og_plan/medikasjonshandlinger_1/olafia_medikament_administrasjon","value":{"value":""}}]},{"operator":"equals","value":{"code":"BC14"},"actions":[{"action":"set","target":"vurdering_behandling_og_plan/medikasjonshandlinger_1/legemiddel_medisin","value":{"value":"Avelox"}},{"action":"clear","target":"vurdering_behandling_og_plan/medikasjonshandlinger_1/medikamentmengde/beskrivelse","value":{"value":""}},{"action":"clear","target":"vurdering_behandling_og_plan/medikasjonshandlinger_1/refusjonskategori","value":{"value":""}},{"action":"show","target":"generic-field-36882","value":{"value":""}},{"action":"set","target":"vurdering_behandling_og_plan/medikasjonshandlinger_1/ism_transition/careflow_step","value":{"code":"at0045"}},{"action":"clear","target":"vurdering_behandling_og_plan/medikasjonshandlinger_1/olafia_medikament_administrasjon","value":{"value":""}}]},{"operator":"empty","value":null,"actions":[{"action":"clear","target":"generic-field-36882","value":{"value":""}},{"action":"hide","target":"generic-field-36882","value":{"value":""}},{"action":"clear","target":"vurdering_behandling_og_plan/medikasjonshandlinger_1/olafia_medikament_administrasjon","value":{"value":""}}]},{"operator":"equals","value":{"code":"BC15"},"actions":[{"action":"set","target":"vurdering_behandling_og_plan/medikasjonshandlinger_1/legemiddel_medisin","value":{"value":"Tardocillin"}},{"action":"set","target":"vurdering_behandling_og_plan/medikasjonshandlinger_1/medikamentmengde/beskrivelse","value":{"value":"2,4 mill IE i.m. inj. 1 behandling i uken over 3 uker (dag 0, 7 og 14). 1,2 mill IE i hver gluté."}},{"action":"set","target":"vurdering_behandling_og_plan/medikasjonshandlinger_1/refusjonskategori","value":{"value":"§4-3"}},{"action":"show","target":"generic-field-36882","value":{"value":""}},{"action":"set","target":"vurdering_behandling_og_plan/medikasjonshandlinger_1/ism_transition/careflow_step","value":{"code":"at0002"}},{"action":"clear","target":"vurdering_behandling_og_plan/medikasjonshandlinger_1/olafia_medikament_administrasjon","value":{"value":""}}]},{"operator":"equals","value":{"code":"BC16"},"actions":[{"action":"set","target":"vurdering_behandling_og_plan/medikasjonshandlinger_1/legemiddel_medisin","value":{"value":"Dermovat"}},{"action":"set","target":"vurdering_behandling_og_plan/medikasjonshandlinger_1/medikamentmengde/beskrivelse","value":{"value":"Beskrivelse: Smøres tynt om kvelden i 4 uker, deretter annen hver dag i 4 uker og så 2 ganger i uken i 4 uker. Som vedlikeholdsbehandling smøres en gang i uken. Bruk olje til vask i stedet for såpe. Smør med uparfymert fet krem eller salve 1-2 ganger daglig"}},{"action":"clear","target":"vurdering_behandling_og_plan/medikasjonshandlinger_1/refusjonskategori","value":{"value":"§4-3"}},{"action":"show","target":"generic-field-36882","value":{"value":""}},{"action":"set","target":"vurdering_behandling_og_plan/medikasjonshandlinger_1/ism_transition/careflow_step","value":{"code":"at0045"}},{"action":"clear","target":"vurdering_behandling_og_plan/medikasjonshandlinger_1/olafia_medikament_administrasjon","value":{"value":""}}]}]},{"field":"vurdering_behandling_og_plan/medikasjonshandlinger_2/ofte_brukte_medikamenter/ofte_brukte_medikamenter","conditions":[{"operator":"equals","value":{"code":"BC0"},"actions":[{"action":"set","target":"vurdering_behandling_og_plan/medikasjonshandlinger_2/legemiddel_medisin","value":{"value":"Doksycyklin"}},{"action":"set","target":"vurdering_behandling_og_plan/medikasjonshandlinger_2/medikamentmengde/beskrivelse","value":{"value":"100 mg, 2 tabl daglig i 7 dager"}},{"action":"set","target":"vurdering_behandling_og_plan/medikasjonshandlinger_2/refusjonskategori","value":{"value":"§4-3"}},{"action":"show","target":"generic-field-97330","value":{"value":""}},{"action":"clear","target":"vurdering_behandling_og_plan/medikasjonshandlinger_2/ism_transition/careflow_step","value":{"code":"at0045"}},{"action":"clear","target":"vurdering_behandling_og_plan/medikasjonshandlinger_2/olafia_medikament_administrasjon/medikament_utdelt_administrert","value":{"code":""}},{"action":"clear","target":"vurdering_behandling_og_plan/medikasjonshandlinger_2/olafia_medikament_administrasjon","value":{"value":""}}]},{"operator":"equals","value":{"code":"BC1"},"actions":[{"action":"set","target":"vurdering_behandling_og_plan/medikasjonshandlinger_2/legemiddel_medisin","value":{"value":"Doksycyklin"}},{"action":"set","target":"vurdering_behandling_og_plan/medikasjonshandlinger_2/medikamentmengde/beskrivelse","value":{"value":"100 mg, 2 tabl daglig i 14 dager"}},{"action":"set","target":"vurdering_behandling_og_plan/medikasjonshandlinger_2/refusjonskategori","value":{"value":"§4-3"}},{"action":"show","target":"generic-field-97330","value":{"value":""}},{"action":"clear","target":"vurdering_behandling_og_plan/medikasjonshandlinger_2/ism_transition/careflow_step","value":{"code":"at0045"}},{"action":"clear","target":"vurdering_behandling_og_plan/medikasjonshandlinger_2/olafia_medikament_administrasjon/medikament_utdelt_administrert","value":{"code":""}},{"action":"clear","target":"vurdering_behandling_og_plan/medikasjonshandlinger_2/olafia_medikament_administrasjon","value":{"value":""}}]},{"operator":"equals","value":{"code":"BC2"},"actions":[{"action":"set","target":"vurdering_behandling_og_plan/medikasjonshandlinger_2/legemiddel_medisin","value":{"value":"Doksycyklin"}},{"action":"set","target":"vurdering_behandling_og_plan/medikasjonshandlinger_2/medikamentmengde/beskrivelse","value":{"value":"100 mg, 2 tabl daglig i 21 dager"}},{"action":"set","target":"vurdering_behandling_og_plan/medikasjonshandlinger_2/refusjonskategori","value":{"value":"§4-3"}},{"action":"show","target":"generic-field-97330","value":{"value":""}},{"action":"clear","target":"vurdering_behandling_og_plan/medikasjonshandlinger_2/ism_transition/careflow_step","value":{"code":"at0045"}},{"action":"clear","target":"vurdering_behandling_og_plan/medikasjonshandlinger_2/olafia_medikament_administrasjon/medikament_utdelt_administrert","value":{"code":""}},{"action":"clear","target":"vurdering_behandling_og_plan/medikasjonshandlinger_2/olafia_medikament_administrasjon","value":{"value":""}}]},{"operator":"equals","value":{"code":"BC3"},"actions":[{"action":"set","target":"vurdering_behandling_og_plan/medikasjonshandlinger_2/legemiddel_medisin","value":{"value":"Doksycyklin"}},{"action":"set","target":"vurdering_behandling_og_plan/medikasjonshandlinger_2/medikamentmengde/beskrivelse","value":{"value":"100 mg, 2 tabl daglig i 28 dager"}},{"action":"set","target":"vurdering_behandling_og_plan/medikasjonshandlinger_2/refusjonskategori","value":{"value":"§4-3"}},{"action":"show","target":"generic-field-97330","value":{"value":""}},{"action":"clear","target":"vurdering_behandling_og_plan/medikasjonshandlinger_2/ism_transition/careflow_step","value":{"code":"at0045"}},{"action":"clear","target":"vurdering_behandling_og_plan/medikasjonshandlinger_2/olafia_medikament_administrasjon/medikament_utdelt_administrert","value":{"code":""}},{"action":"clear","target":"vurdering_behandling_og_plan/medikasjonshandlinger_2/olafia_medikament_administrasjon","value":{"value":""}}]},{"operator":"equals","value":{"code":"BC4"},"actions":[{"action":"set","target":"vurdering_behandling_og_plan/medikasjonshandlinger_2/legemiddel_medisin","value":{"value":"Azitromycin"}},{"action":"set","target":"vurdering_behandling_og_plan/medikasjonshandlinger_2/medikamentmengde/beskrivelse","value":{"value":"500 mg, 2 tabl engangsdose"}},{"action":"set","target":"vurdering_behandling_og_plan/medikasjonshandlinger_2/refusjonskategori","value":{"value":"§4-3"}},{"action":"show","target":"generic-field-97330","value":{"value":""}},{"action":"clear","target":"vurdering_behandling_og_plan/medikasjonshandlinger_2/ism_transition/careflow_step","value":{"code":"at0045"}},{"action":"clear","target":"vurdering_behandling_og_plan/medikasjonshandlinger_2/olafia_medikament_administrasjon/medikament_utdelt_administrert","value":{"code":""}},{"action":"clear","target":"vurdering_behandling_og_plan/medikasjonshandlinger_2/olafia_medikament_administrasjon","value":{"value":""}}]},{"operator":"equals","value":{"code":"BC5"},"actions":[{"action":"set","target":"vurdering_behandling_og_plan/medikasjonshandlinger_2/legemiddel_medisin","value":{"value":"Azitromycin"}},{"action":"set","target":"vurdering_behandling_og_plan/medikasjonshandlinger_2/medikamentmengde/beskrivelse","value":{"value":"500 mg, 3 tabl engangsdose"}},{"action":"set","target":"vurdering_behandling_og_plan/medikasjonshandlinger_2/refusjonskategori","value":{"value":"§4-3"}},{"action":"show","target":"generic-field-97330","value":{"value":""}},{"action":"clear","target":"vurdering_behandling_og_plan/medikasjonshandlinger_2/ism_transition/careflow_step","value":{"code":"at0045"}},{"action":"clear","target":"vurdering_behandling_og_plan/medikasjonshandlinger_2/olafia_medikament_administrasjon/medikament_utdelt_administrert","value":{"code":""}},{"action":"clear","target":"vurdering_behandling_og_plan/medikasjonshandlinger_2/olafia_medikament_administrasjon","value":{"value":""}}]},{"operator":"equals","value":{"code":"BC6"},"actions":[{"action":"set","target":"vurdering_behandling_og_plan/medikasjonshandlinger_2/legemiddel_medisin","value":{"value":"Azitromycin"}},{"action":"set","target":"vurdering_behandling_og_plan/medikasjonshandlinger_2/medikamentmengde/beskrivelse","value":{"value":"500 mg, 4 tabl engangsdose"}},{"action":"set","target":"vurdering_behandling_og_plan/medikasjonshandlinger_2/refusjonskategori","value":{"value":"§4-3"}},{"action":"show","target":"generic-field-97330","value":{"value":""}},{"action":"clear","target":"vurdering_behandling_og_plan/medikasjonshandlinger_2/ism_transition/careflow_step","value":{"code":"at0045"}},{"action":"clear","target":"vurdering_behandling_og_plan/medikasjonshandlinger_2/olafia_medikament_administrasjon/medikament_utdelt_administrert","value":{"code":""}},{"action":"clear","target":"vurdering_behandling_og_plan/medikasjonshandlinger_2/olafia_medikament_administrasjon","value":{"value":""}}]},{"operator":"equals","value":{"code":"BC7"},"actions":[{"action":"set","target":"vurdering_behandling_og_plan/medikasjonshandlinger_2/legemiddel_medisin","value":{"value":"Azitromycin"}},{"action":"set","target":"vurdering_behandling_og_plan/medikasjonshandlinger_2/medikamentmengde/beskrivelse","value":{"value":"500 mg 3 tabl:  500 mg dag en, 250 mg dag to-fem"}},{"action":"set","target":"vurdering_behandling_og_plan/medikasjonshandlinger_2/refusjonskategori","value":{"value":"§4-3"}},{"action":"show","target":"generic-field-97330","value":{"value":""}},{"action":"clear","target":"vurdering_behandling_og_plan/medikasjonshandlinger_2/ism_transition/careflow_step","value":{"code":"at0045"}},{"action":"clear","target":"vurdering_behandling_og_plan/medikasjonshandlinger_2/olafia_medikament_administrasjon/medikament_utdelt_administrert","value":{"code":""}},{"action":"clear","target":"vurdering_behandling_og_plan/medikasjonshandlinger_2/olafia_medikament_administrasjon","value":{"value":""}}]},{"operator":"equals","value":{"code":"BC8"},"actions":[{"action":"set","target":"vurdering_behandling_og_plan/medikasjonshandlinger_2/legemiddel_medisin","value":{"value":"Ceftiraxon"}},{"action":"set","target":"vurdering_behandling_og_plan/medikasjonshandlinger_2/medikamentmengde/beskrivelse","value":{"value":"500 mg, i.m. inj. "}},{"action":"set","target":"vurdering_behandling_og_plan/medikasjonshandlinger_2/refusjonskategori","value":{"value":"§4-3"}},{"action":"show","target":"generic-field-97330","value":{"value":""}},{"action":"clear","target":"vurdering_behandling_og_plan/medikasjonshandlinger_2/ism_transition/careflow_step","value":{"code":"at0006"}},{"action":"clear","target":"vurdering_behandling_og_plan/medikasjonshandlinger_2/olafia_medikament_administrasjon","value":{"value":""}},{"action":"clear","target":"vurdering_behandling_og_plan/medikasjonshandlinger_2/olafia_medikament_administrasjon/medikament_utdelt_administrert","value":{"code":""}}]},{"operator":"equals","value":{"code":"BC9"},"actions":[{"action":"set","target":"vurdering_behandling_og_plan/medikasjonshandlinger_2/legemiddel_medisin","value":{"value":"Ceftiraxon"}},{"action":"set","target":"vurdering_behandling_og_plan/medikasjonshandlinger_2/medikamentmengde/beskrivelse","value":{"value":"1 gram i.m. inj. "}},{"action":"set","target":"vurdering_behandling_og_plan/medikasjonshandlinger_2/refusjonskategori","value":{"value":"§4-3"}},{"action":"show","target":"generic-field-97330","value":{"value":""}},{"action":"clear","target":"vurdering_behandling_og_plan/medikasjonshandlinger_2/ism_transition/careflow_step","value":{"code":"at0006"}},{"action":"clear","target":"vurdering_behandling_og_plan/medikasjonshandlinger_2/olafia_medikament_administrasjon","value":{"value":""}},{"action":"clear","target":"vurdering_behandling_og_plan/medikasjonshandlinger_2/olafia_medikament_administrasjon/medikament_utdelt_administrert","value":{"code":""}}]},{"operator":"equals","value":{"code":"BC10"},"actions":[{"action":"set","target":"vurdering_behandling_og_plan/medikasjonshandlinger_2/legemiddel_medisin","value":{"value":"Tardocillin"}},{"action":"set","target":"vurdering_behandling_og_plan/medikasjonshandlinger_2/medikamentmengde/beskrivelse","value":{"value":"2,4 mill IE i.m. inj. som engangsdose. 1,2 mill IE i hver gluté"}},{"action":"set","target":"vurdering_behandling_og_plan/medikasjonshandlinger_2/refusjonskategori","value":{"value":"§4-3"}},{"action":"show","target":"generic-field-97330","value":{"value":""}},{"action":"clear","target":"vurdering_behandling_og_plan/medikasjonshandlinger_2/ism_transition/careflow_step","value":{"code":"at0006"}},{"action":"clear","target":"vurdering_behandling_og_plan/medikasjonshandlinger_2/olafia_medikament_administrasjon","value":{"value":""}},{"action":"clear","target":"vurdering_behandling_og_plan/medikasjonshandlinger_2/olafia_medikament_administrasjon/medikament_utdelt_administrert","value":{"code":""}}]},{"operator":"equals","value":{"code":"BC11"},"actions":[{"action":"set","target":"vurdering_behandling_og_plan/medikasjonshandlinger_2/legemiddel_medisin","value":{"value":"Aciclovir"}},{"action":"set","target":"vurdering_behandling_og_plan/medikasjonshandlinger_2/ism_transition/careflow_step","value":{"code":"at0045"}},{"action":"clear","target":"vurdering_behandling_og_plan/medikasjonshandlinger_2/medikamentmengde/beskrivelse","value":{"value":"Tardocillin 2,4 mill IE i.m. inj. "}},{"action":"clear","target":"vurdering_behandling_og_plan/medikasjonshandlinger_2/refusjonskategori","value":{"value":"§4-3"}},{"action":"clear","target":"vurdering_behandling_og_plan/medikasjonshandlinger_2/olafia_medikament_administrasjon","value":{"value":""}},{"action":"show","target":"generic-field-97330","value":{"value":""}}]},{"operator":"equals","value":{"code":"BC12"},"actions":[{"action":"set","target":"vurdering_behandling_og_plan/medikasjonshandlinger_2/legemiddel_medisin","value":{"value":"Zovirax"}},{"action":"set","target":"vurdering_behandling_og_plan/medikasjonshandlinger_2/ism_transition/careflow_step","value":{"code":"at0045"}},{"action":"clear","target":"vurdering_behandling_og_plan/medikasjonshandlinger_2/medikamentmengde/beskrivelse","value":{"value":"Tardocillin 2,4 mill IE i.m. inj. "}},{"action":"clear","target":"vurdering_behandling_og_plan/medikasjonshandlinger_2/refusjonskategori","value":{"value":"§4-3"}},{"action":"clear","target":"vurdering_behandling_og_plan/medikasjonshandlinger_2/olafia_medikament_administrasjon","value":{"value":""}},{"action":"show","target":"generic-field-97330","value":{"value":""}}]},{"operator":"equals","value":{"code":"BC13"},"actions":[{"action":"set","target":"vurdering_behandling_og_plan/medikasjonshandlinger_2/legemiddel_medisin","value":{"value":"Valtrex"}},{"action":"set","target":"vurdering_behandling_og_plan/medikasjonshandlinger_2/ism_transition/careflow_step","value":{"code":"at0045"}},{"action":"show","target":"generic-field-97330","value":{"value":""}},{"action":"clear","target":"vurdering_behandling_og_plan/medikasjonshandlinger_2/medikamentmengde/beskrivelse","value":{"value":"Tardocillin 2,4 mill IE i.m. inj. "}},{"action":"clear","target":"vurdering_behandling_og_plan/medikasjonshandlinger_2/refusjonskategori","value":{"value":"§4-3"}},{"action":"clear","target":"vurdering_behandling_og_plan/medikasjonshandlinger_2/olafia_medikament_administrasjon","value":{"value":""}}]},{"operator":"equals","value":{"code":"BC14"},"actions":[{"action":"set","target":"vurdering_behandling_og_plan/medikasjonshandlinger_2/legemiddel_medisin","value":{"value":"Avelox"}},{"action":"set","target":"vurdering_behandling_og_plan/medikasjonshandlinger_2/ism_transition/careflow_step","value":{"code":"at0045"}},{"action":"show","target":"generic-field-97330","value":{"value":""}},{"action":"clear","target":"vurdering_behandling_og_plan/medikasjonshandlinger_2/medikamentmengde/beskrivelse","value":{"value":"Tardocillin 2,4 mill IE i.m. inj. "}},{"action":"clear","target":"vurdering_behandling_og_plan/medikasjonshandlinger_2/refusjonskategori","value":{"value":"§4-3"}},{"action":"clear","target":"vurdering_behandling_og_plan/medikasjonshandlinger_2/olafia_medikament_administrasjon","value":{"value":""}}]},{"operator":"empty","value":null,"actions":[{"action":"clear","target":"generic-field-97330","value":{"value":""}},{"action":"hide","target":"generic-field-97330","value":{"value":""}}]},{"operator":"equals","value":{"code":"BC15"},"actions":[{"action":"set","target":"vurdering_behandling_og_plan/medikasjonshandlinger_2/legemiddel_medisin","value":{"value":"Tardocillin"}},{"action":"set","target":"vurdering_behandling_og_plan/medikasjonshandlinger_2/medikamentmengde/beskrivelse","value":{"value":"2,4 mill IE i.m. inj. 1 behandling i uken over 3 uker (dag 0, 7 og 14). 1,2 mill IE i hver gluté"}},{"action":"set","target":"vurdering_behandling_og_plan/medikasjonshandlinger_2/refusjonskategori","value":{"value":"§4-3"}},{"action":"show","target":"generic-field-97330","value":{"value":""}},{"action":"set","target":"vurdering_behandling_og_plan/medikasjonshandlinger_2/ism_transition/careflow_step","value":{"code":"at0002"}},{"action":"clear","target":"vurdering_behandling_og_plan/medikasjonshandlinger_2/olafia_medikament_administrasjon","value":{"value":""}}]},{"operator":"equals","value":{"code":"BC16"},"actions":[{"action":"set","target":"vurdering_behandling_og_plan/medikasjonshandlinger_2/legemiddel_medisin","value":{"value":"Dermovat"}},{"action":"set","target":"vurdering_behandling_og_plan/medikasjonshandlinger_2/ism_transition/careflow_step","value":{"code":"at0045"}},{"action":"show","target":"generic-field-97330","value":{"value":""}},{"action":"set","target":"vurdering_behandling_og_plan/medikasjonshandlinger_2/medikamentmengde/beskrivelse","value":{"value":"Beskrivelse: Smøres tynt om kvelden i 4 uker, deretter annen hver dag i 4 uker og så 2 ganger i uken i 4 uker. Som vedlikeholdsbehandling smøres en gang i uken. Bruk olje til vask i stedet for såpe. Smør med uparfymert fet krem eller salve 1-2 ganger daglig"}},{"action":"clear","target":"vurdering_behandling_og_plan/medikasjonshandlinger_2/refusjonskategori","value":{"value":"§4-3"}},{"action":"clear","target":"vurdering_behandling_og_plan/medikasjonshandlinger_2/olafia_medikament_administrasjon","value":{"value":""}}]}]},{"field":"vurdering_behandling_og_plan/medikasjonshandlinger_3/ofte_brukte_medikamenter/ofte_brukte_medikamenter","conditions":[{"operator":"equals","value":{"code":"BC0"},"actions":[{"action":"set","target":"vurdering_behandling_og_plan/medikasjonshandlinger_3/legemiddel_medisin","value":{"value":"Doksycyklin"}},{"action":"set","target":"vurdering_behandling_og_plan/medikasjonshandlinger_3/medikamentmengde/beskrivelse","value":{"value":"100 mg, 2 tabl daglig i 7 dager"}},{"action":"set","target":"vurdering_behandling_og_plan/medikasjonshandlinger_3/refusjonskategori","value":{"value":"§4-3"}},{"action":"show","target":"generic-field-53376","value":{"value":""}},{"action":"clear","target":"vurdering_behandling_og_plan/medikasjonshandlinger_3/ism_transition/careflow_step","value":{"code":""}},{"action":"clear","target":"vurdering_behandling_og_plan/medikasjonshandlinger_3/olafia_medikament_administrasjon/medikament_utdelt_administrert","value":{"code":""}},{"action":"clear","target":"vurdering_behandling_og_plan/medikasjonshandlinger_1/olafia_medikament_administrasjon","value":{"value":""}}]},{"operator":"equals","value":{"code":"BC1"},"actions":[{"action":"set","target":"vurdering_behandling_og_plan/medikasjonshandlinger_3/legemiddel_medisin","value":{"value":"Doksycyklin"}},{"action":"set","target":"vurdering_behandling_og_plan/medikasjonshandlinger_3/medikamentmengde/beskrivelse","value":{"value":"100 mg, 2 tabl daglig i 14 dager"}},{"action":"set","target":"vurdering_behandling_og_plan/medikasjonshandlinger_3/refusjonskategori","value":{"value":"§4-3"}},{"action":"show","target":"generic-field-53376","value":{"value":""}},{"action":"clear","target":"vurdering_behandling_og_plan/medikasjonshandlinger_3/ism_transition/careflow_step","value":{"code":""}},{"action":"clear","target":"vurdering_behandling_og_plan/medikasjonshandlinger_3/olafia_medikament_administrasjon/medikament_utdelt_administrert","value":{"code":""}},{"action":"clear","target":"vurdering_behandling_og_plan/medikasjonshandlinger_3/olafia_medikament_administrasjon","value":{"value":""}}]},{"operator":"equals","value":{"code":"BC2"},"actions":[{"action":"set","target":"vurdering_behandling_og_plan/medikasjonshandlinger_3/legemiddel_medisin","value":{"value":"Doksycyklin"}},{"action":"set","target":"vurdering_behandling_og_plan/medikasjonshandlinger_3/medikamentmengde/beskrivelse","value":{"value":"100 mg, 2 tabl daglig i 21 dager"}},{"action":"set","target":"vurdering_behandling_og_plan/medikasjonshandlinger_3/refusjonskategori","value":{"value":"§4-3"}},{"action":"show","target":"generic-field-53376","value":{"value":""}},{"action":"clear","target":"vurdering_behandling_og_plan/medikasjonshandlinger_3/ism_transition/careflow_step","value":{"code":""}},{"action":"clear","target":"vurdering_behandling_og_plan/medikasjonshandlinger_3/olafia_medikament_administrasjon/medikament_utdelt_administrert","value":{"code":""}},{"action":"clear","target":"vurdering_behandling_og_plan/medikasjonshandlinger_3/olafia_medikament_administrasjon","value":{"value":""}}]},{"operator":"equals","value":{"code":"BC3"},"actions":[{"action":"set","target":"vurdering_behandling_og_plan/medikasjonshandlinger_3/legemiddel_medisin","value":{"value":"Doksycyklin"}},{"action":"set","target":"vurdering_behandling_og_plan/medikasjonshandlinger_3/medikamentmengde/beskrivelse","value":{"value":"100 mg, 2 tabl daglig i 28 dager"}},{"action":"set","target":"vurdering_behandling_og_plan/medikasjonshandlinger_3/refusjonskategori","value":{"value":"§4-3"}},{"action":"show","target":"generic-field-53376","value":{"value":""}},{"action":"clear","target":"vurdering_behandling_og_plan/medikasjonshandlinger_3/ism_transition/careflow_step","value":{"code":""}},{"action":"clear","target":"vurdering_behandling_og_plan/medikasjonshandlinger_3/olafia_medikament_administrasjon/medikament_utdelt_administrert","value":{"code":""}},{"action":"clear","target":"vurdering_behandling_og_plan/medikasjonshandlinger_3/olafia_medikament_administrasjon","value":{"value":""}}]},{"operator":"equals","value":{"code":"BC4"},"actions":[{"action":"set","target":"vurdering_behandling_og_plan/medikasjonshandlinger_3/legemiddel_medisin","value":{"value":"Azitromycin"}},{"action":"set","target":"vurdering_behandling_og_plan/medikasjonshandlinger_3/medikamentmengde/beskrivelse","value":{"value":"500 mg, 2 tabl engangsdose"}},{"action":"set","target":"vurdering_behandling_og_plan/medikasjonshandlinger_3/refusjonskategori","value":{"value":"§4-3"}},{"action":"show","target":"generic-field-53376","value":{"value":""}},{"action":"clear","target":"vurdering_behandling_og_plan/medikasjonshandlinger_3/ism_transition/careflow_step","value":{"code":""}},{"action":"clear","target":"vurdering_behandling_og_plan/medikasjonshandlinger_3/olafia_medikament_administrasjon/medikament_utdelt_administrert","value":{"code":""}},{"action":"clear","target":"vurdering_behandling_og_plan/medikasjonshandlinger_3/olafia_medikament_administrasjon","value":{"value":""}}]},{"operator":"equals","value":{"code":"BC5"},"actions":[{"action":"set","target":"vurdering_behandling_og_plan/medikasjonshandlinger_3/legemiddel_medisin","value":{"value":"Azitromycin"}},{"action":"set","target":"vurdering_behandling_og_plan/medikasjonshandlinger_3/medikamentmengde/beskrivelse","value":{"value":"500 mg, 3 tabl engangsdose"}},{"action":"set","target":"vurdering_behandling_og_plan/medikasjonshandlinger_3/refusjonskategori","value":{"value":"§4-3"}},{"action":"show","target":"generic-field-53376","value":{"value":""}},{"action":"clear","target":"vurdering_behandling_og_plan/medikasjonshandlinger_3/ism_transition/careflow_step","value":{"code":""}},{"action":"clear","target":"vurdering_behandling_og_plan/medikasjonshandlinger_3/olafia_medikament_administrasjon/medikament_utdelt_administrert","value":{"code":""}},{"action":"clear","target":"vurdering_behandling_og_plan/medikasjonshandlinger_3/olafia_medikament_administrasjon","value":{"value":""}}]},{"operator":"equals","value":{"code":"BC6"},"actions":[{"action":"set","target":"vurdering_behandling_og_plan/medikasjonshandlinger_3/legemiddel_medisin","value":{"value":"Azitromycin"}},{"action":"set","target":"vurdering_behandling_og_plan/medikasjonshandlinger_3/medikamentmengde/beskrivelse","value":{"value":"500 mg, 4 tabl engangsdose"}},{"action":"set","target":"vurdering_behandling_og_plan/medikasjonshandlinger_3/refusjonskategori","value":{"value":"§4-3"}},{"action":"show","target":"generic-field-53376","value":{"value":""}},{"action":"clear","target":"vurdering_behandling_og_plan/medikasjonshandlinger_3/ism_transition/careflow_step","value":{"code":""}},{"action":"clear","target":"vurdering_behandling_og_plan/medikasjonshandlinger_3/olafia_medikament_administrasjon/medikament_utdelt_administrert","value":{"code":""}},{"action":"clear","target":"vurdering_behandling_og_plan/medikasjonshandlinger_3/olafia_medikament_administrasjon","value":{"value":""}}]},{"operator":"equals","value":{"code":"BC7"},"actions":[{"action":"set","target":"vurdering_behandling_og_plan/medikasjonshandlinger_3/legemiddel_medisin","value":{"value":"Azitromycin"}},{"action":"set","target":"vurdering_behandling_og_plan/medikasjonshandlinger_3/medikamentmengde/beskrivelse","value":{"value":"500 mg 3 tabl:  500 mg dag en, 250 mg dag to-fem"}},{"action":"set","target":"vurdering_behandling_og_plan/medikasjonshandlinger_3/refusjonskategori","value":{"value":"§4-3"}},{"action":"show","target":"generic-field-53376","value":{"value":""}},{"action":"clear","target":"vurdering_behandling_og_plan/medikasjonshandlinger_3/ism_transition/careflow_step","value":{"code":""}},{"action":"clear","target":"vurdering_behandling_og_plan/medikasjonshandlinger_3/olafia_medikament_administrasjon/medikament_utdelt_administrert","value":{"code":""}},{"action":"clear","target":"vurdering_behandling_og_plan/medikasjonshandlinger_3/olafia_medikament_administrasjon","value":{"value":""}}]},{"operator":"equals","value":{"code":"BC8"},"actions":[{"action":"set","target":"vurdering_behandling_og_plan/medikasjonshandlinger_3/legemiddel_medisin","value":{"value":"Ceftiraxon"}},{"action":"set","target":"vurdering_behandling_og_plan/medikasjonshandlinger_3/medikamentmengde/beskrivelse","value":{"value":"500 mg, i.m. inj. "}},{"action":"set","target":"vurdering_behandling_og_plan/medikasjonshandlinger_3/refusjonskategori","value":{"value":"§4-3"}},{"action":"show","target":"generic-field-53376","value":{"value":""}},{"action":"clear","target":"vurdering_behandling_og_plan/medikasjonshandlinger_3/ism_transition/careflow_step","value":{"code":"at0006"}},{"action":"clear","target":"vurdering_behandling_og_plan/medikasjonshandlinger_3/olafia_medikament_administrasjon","value":{"value":""}},{"action":"clear","target":"vurdering_behandling_og_plan/medikasjonshandlinger_3/olafia_medikament_administrasjon/medikament_utdelt_administrert","value":{"code":""}}]},{"operator":"equals","value":{"code":"BC9"},"actions":[{"action":"set","target":"vurdering_behandling_og_plan/medikasjonshandlinger_3/legemiddel_medisin","value":{"value":"Ceftiraxon"}},{"action":"set","target":"vurdering_behandling_og_plan/medikasjonshandlinger_3/medikamentmengde/beskrivelse","value":{"value":"1 gram i.m. inj. "}},{"action":"set","target":"vurdering_behandling_og_plan/medikasjonshandlinger_3/refusjonskategori","value":{"value":"§4-3"}},{"action":"show","target":"generic-field-53376","value":{"value":""}},{"action":"clear","target":"vurdering_behandling_og_plan/medikasjonshandlinger_3/ism_transition/careflow_step","value":{"code":"at0006"}},{"action":"clear","target":"vurdering_behandling_og_plan/medikasjonshandlinger_3/olafia_medikament_administrasjon","value":{"value":""}},{"action":"clear","target":"vurdering_behandling_og_plan/medikasjonshandlinger_3/olafia_medikament_administrasjon/medikament_utdelt_administrert","value":{"code":""}}]},{"operator":"equals","value":{"code":"BC10"},"actions":[{"action":"set","target":"vurdering_behandling_og_plan/medikasjonshandlinger_3/legemiddel_medisin","value":{"value":"Tardocillin"}},{"action":"set","target":"vurdering_behandling_og_plan/medikasjonshandlinger_3/medikamentmengde/beskrivelse","value":{"value":"2,4 mill IE i.m. inj. som engangsdose. 1,2 mill IE i hver gluté"}},{"action":"set","target":"vurdering_behandling_og_plan/medikasjonshandlinger_3/refusjonskategori","value":{"value":"§4-3"}},{"action":"show","target":"generic-field-53376","value":{"value":""}},{"action":"clear","target":"vurdering_behandling_og_plan/medikasjonshandlinger_3/ism_transition/careflow_step","value":{"code":"at0006"}},{"action":"clear","target":"vurdering_behandling_og_plan/medikasjonshandlinger_3/olafia_medikament_administrasjon","value":{"value":""}},{"action":"clear","target":"vurdering_behandling_og_plan/medikasjonshandlinger_3/olafia_medikament_administrasjon/medikament_utdelt_administrert","value":{"code":""}}]},{"operator":"equals","value":{"code":"BC11"},"actions":[{"action":"set","target":"vurdering_behandling_og_plan/medikasjonshandlinger_3/legemiddel_medisin","value":{"value":"Aciclovir"}},{"action":"set","target":"vurdering_behandling_og_plan/medikasjonshandlinger_3/ism_transition/careflow_step","value":{"code":"at0045"}},{"action":"clear","target":"vurdering_behandling_og_plan/medikasjonshandlinger_3/medikamentmengde/beskrivelse","value":{"value":"Tardocillin 2,4 mill IE i.m. inj. "}},{"action":"clear","target":"vurdering_behandling_og_plan/medikasjonshandlinger_3/refusjonskategori","value":{"value":"§4-3"}},{"action":"show","target":"generic-field-53376","value":{"value":""}},{"action":"clear","target":"vurdering_behandling_og_plan/medikasjonshandlinger_3/olafia_medikament_administrasjon","value":{"value":""}}]},{"operator":"equals","value":{"code":"BC12"},"actions":[{"action":"set","target":"vurdering_behandling_og_plan/medikasjonshandlinger_3/legemiddel_medisin","value":{"value":"Zovirax"}},{"action":"set","target":"vurdering_behandling_og_plan/medikasjonshandlinger_3/ism_transition/careflow_step","value":{"code":"at0045"}},{"action":"show","target":"generic-field-53376","value":{"value":""}},{"action":"clear","target":"vurdering_behandling_og_plan/medikasjonshandlinger_3/medikamentmengde/beskrivelse","value":{"value":"Tardocillin 2,4 mill IE i.m. inj. "}},{"action":"clear","target":"vurdering_behandling_og_plan/medikasjonshandlinger_3/refusjonskategori","value":{"value":"§4-3"}},{"action":"clear","target":"vurdering_behandling_og_plan/medikasjonshandlinger_3/olafia_medikament_administrasjon","value":{"value":""}}]},{"operator":"equals","value":{"code":"BC13"},"actions":[{"action":"set","target":"vurdering_behandling_og_plan/medikasjonshandlinger_3/legemiddel_medisin","value":{"value":"Valtrex"}},{"action":"set","target":"vurdering_behandling_og_plan/medikasjonshandlinger_3/ism_transition/careflow_step","value":{"code":"at0045"}},{"action":"show","target":"generic-field-53376","value":{"value":""}},{"action":"clear","target":"vurdering_behandling_og_plan/medikasjonshandlinger_3/medikamentmengde/beskrivelse","value":{"value":"Tardocillin 2,4 mill IE i.m. inj. "}},{"action":"clear","target":"vurdering_behandling_og_plan/medikasjonshandlinger_3/refusjonskategori","value":{"value":"§4-3"}},{"action":"clear","target":"vurdering_behandling_og_plan/medikasjonshandlinger_3/olafia_medikament_administrasjon","value":{"value":""}}]},{"operator":"equals","value":{"code":"BC14"},"actions":[{"action":"set","target":"vurdering_behandling_og_plan/medikasjonshandlinger_3/legemiddel_medisin","value":{"value":"Avelox"}},{"action":"set","target":"vurdering_behandling_og_plan/medikasjonshandlinger_3/ism_transition/careflow_step","value":{"code":"at0045"}},{"action":"show","target":"generic-field-53376","value":{"value":""}},{"action":"clear","target":"vurdering_behandling_og_plan/medikasjonshandlinger_3/medikamentmengde/beskrivelse","value":{"value":"Tardocillin 2,4 mill IE i.m. inj. "}},{"action":"clear","target":"vurdering_behandling_og_plan/medikasjonshandlinger_3/refusjonskategori","value":{"value":"§4-3"}},{"action":"clear","target":"vurdering_behandling_og_plan/medikasjonshandlinger_3/olafia_medikament_administrasjon","value":{"value":""}}]},{"operator":"empty","value":null,"actions":[{"action":"hide","target":"generic-field-53376","value":{"value":""}},{"action":"clear","target":"generic-field-53376","value":{"value":""}}]},{"operator":"equals","value":{"code":"BC15"},"actions":[{"action":"set","target":"vurdering_behandling_og_plan/medikasjonshandlinger_3/legemiddel_medisin","value":{"value":"Tardocillin"}},{"action":"set","target":"vurdering_behandling_og_plan/medikasjonshandlinger_3/medikamentmengde/beskrivelse","value":{"value":"2,4 mill IE i.m. inj. 1 behandling i uken over 3 uker (dag 0, 7 og 14). 1,2 mill IE i hver gluté"}},{"action":"set","target":"vurdering_behandling_og_plan/medikasjonshandlinger_3/refusjonskategori","value":{"value":"§4-3"}},{"action":"show","target":"generic-field-53376","value":{"value":""}},{"action":"set","target":"vurdering_behandling_og_plan/medikasjonshandlinger_3/ism_transition/careflow_step","value":{"code":"at0002"}},{"action":"clear","target":"vurdering_behandling_og_plan/medikasjonshandlinger_3/olafia_medikament_administrasjon","value":{"value":""}}]},{"operator":"equals","value":{"code":"BC16"},"actions":[{"action":"set","target":"vurdering_behandling_og_plan/medikasjonshandlinger_3/legemiddel_medisin","value":{"value":"Dermovat"}},{"action":"set","target":"vurdering_behandling_og_plan/medikasjonshandlinger_3/ism_transition/careflow_step","value":{"code":"at0045"}},{"action":"show","target":"generic-field-53376","value":{"value":""}},{"action":"set","target":"vurdering_behandling_og_plan/medikasjonshandlinger_3/medikamentmengde/beskrivelse","value":{"value":"Beskrivelse: Smøres tynt om kvelden i 4 uker, deretter annen hver dag i 4 uker og så 2 ganger i uken i 4 uker. Som vedlikeholdsbehandling smøres en gang i uken. Bruk olje til vask i stedet for såpe. Smør med uparfymert fet krem eller salve 1-2 ganger daglig"}},{"action":"clear","target":"vurdering_behandling_og_plan/medikasjonshandlinger_3/refusjonskategori","value":{"value":"§4-3"}},{"action":"clear","target":"vurdering_behandling_og_plan/medikasjonshandlinger_3/olafia_medikament_administrasjon","value":{"value":""}}]}]},{"field":"vurdering_behandling_og_plan/medikasjonshandlinger_4/ofte_brukte_medikamenter/ofte_brukte_medikamenter","conditions":[{"operator":"equals","value":{"code":"BC0"},"actions":[{"action":"set","target":"vurdering_behandling_og_plan/medikasjonshandlinger_4/legemiddel_medisin","value":{"value":"Doksycyklin"}},{"action":"set","target":"vurdering_behandling_og_plan/medikasjonshandlinger_4/medikamentmengde/beskrivelse","value":{"value":"100 mg, 2 tabl daglig i 7 dager"}},{"action":"set","target":"vurdering_behandling_og_plan/medikasjonshandlinger_4/refusjonskategori","value":{"value":"§4-3"}},{"action":"show","target":"generic-field-90843","value":{"value":""}},{"action":"clear","target":"vurdering_behandling_og_plan/medikasjonshandlinger_4/ism_transition/careflow_step","value":{"code":""}},{"action":"clear","target":"vurdering_behandling_og_plan/medikasjonshandlinger_4/olafia_medikament_administrasjon/medikament_utdelt_administrert","value":{"code":""}},{"action":"clear","target":"vurdering_behandling_og_plan/medikasjonshandlinger_4/olafia_medikament_administrasjon","value":{"value":""}}]},{"operator":"equals","value":{"code":"BC1"},"actions":[{"action":"set","target":"vurdering_behandling_og_plan/medikasjonshandlinger_4/legemiddel_medisin","value":{"value":"Doksycyklin"}},{"action":"set","target":"vurdering_behandling_og_plan/medikasjonshandlinger_4/medikamentmengde/beskrivelse","value":{"value":"100 mg, 2 tabl daglig i 14 dager"}},{"action":"set","target":"vurdering_behandling_og_plan/medikasjonshandlinger_4/refusjonskategori","value":{"value":"§4-3"}},{"action":"show","target":"generic-field-90843","value":{"value":""}},{"action":"clear","target":"vurdering_behandling_og_plan/medikasjonshandlinger_4/ism_transition/careflow_step","value":{"code":""}},{"action":"clear","target":"vurdering_behandling_og_plan/medikasjonshandlinger_4/olafia_medikament_administrasjon/medikament_utdelt_administrert","value":{"code":""}},{"action":"clear","target":"vurdering_behandling_og_plan/medikasjonshandlinger_4/olafia_medikament_administrasjon","value":{"value":""}}]},{"operator":"equals","value":{"code":"BC2"},"actions":[{"action":"set","target":"vurdering_behandling_og_plan/medikasjonshandlinger_4/legemiddel_medisin","value":{"value":"Doksycyklin"}},{"action":"set","target":"vurdering_behandling_og_plan/medikasjonshandlinger_4/medikamentmengde/beskrivelse","value":{"value":"100 mg, 2 tabl daglig i 21 dager"}},{"action":"set","target":"vurdering_behandling_og_plan/medikasjonshandlinger_4/refusjonskategori","value":{"value":"§4-3"}},{"action":"show","target":"generic-field-90843","value":{"value":""}},{"action":"clear","target":"vurdering_behandling_og_plan/medikasjonshandlinger_4/ism_transition/careflow_step","value":{"code":""}},{"action":"clear","target":"vurdering_behandling_og_plan/medikasjonshandlinger_4/olafia_medikament_administrasjon/medikament_utdelt_administrert","value":{"code":""}},{"action":"clear","target":"vurdering_behandling_og_plan/medikasjonshandlinger_4/olafia_medikament_administrasjon","value":{"value":""}}]},{"operator":"equals","value":{"code":"BC3"},"actions":[{"action":"set","target":"vurdering_behandling_og_plan/medikasjonshandlinger_4/legemiddel_medisin","value":{"value":"Doksycyklin"}},{"action":"set","target":"vurdering_behandling_og_plan/medikasjonshandlinger_4/medikamentmengde/beskrivelse","value":{"value":"100 mg, 2 tabl daglig i 28 dager"}},{"action":"set","target":"vurdering_behandling_og_plan/medikasjonshandlinger_4/refusjonskategori","value":{"value":"§4-3"}},{"action":"show","target":"generic-field-90843","value":{"value":""}},{"action":"clear","target":"vurdering_behandling_og_plan/medikasjonshandlinger_4/ism_transition/careflow_step","value":{"code":""}},{"action":"clear","target":"vurdering_behandling_og_plan/medikasjonshandlinger_4/olafia_medikament_administrasjon/medikament_utdelt_administrert","value":{"code":""}},{"action":"clear","target":"vurdering_behandling_og_plan/medikasjonshandlinger_4/olafia_medikament_administrasjon","value":{"value":""}}]},{"operator":"equals","value":{"code":"BC4"},"actions":[{"action":"set","target":"vurdering_behandling_og_plan/medikasjonshandlinger_4/legemiddel_medisin","value":{"value":"Azitromycin"}},{"action":"set","target":"vurdering_behandling_og_plan/medikasjonshandlinger_4/medikamentmengde/beskrivelse","value":{"value":"500 mg, 2 tabl engangsdose"}},{"action":"set","target":"vurdering_behandling_og_plan/medikasjonshandlinger_4/refusjonskategori","value":{"value":"§4-3"}},{"action":"show","target":"generic-field-90843","value":{"value":""}},{"action":"clear","target":"vurdering_behandling_og_plan/medikasjonshandlinger_4/ism_transition/careflow_step","value":{"code":""}},{"action":"clear","target":"vurdering_behandling_og_plan/medikasjonshandlinger_4/olafia_medikament_administrasjon/medikament_utdelt_administrert","value":{"code":""}},{"action":"clear","target":"vurdering_behandling_og_plan/medikasjonshandlinger_4/olafia_medikament_administrasjon","value":{"value":""}}]},{"operator":"equals","value":{"code":"BC5"},"actions":[{"action":"set","target":"vurdering_behandling_og_plan/medikasjonshandlinger_4/legemiddel_medisin","value":{"value":"Azitromycin"}},{"action":"set","target":"vurdering_behandling_og_plan/medikasjonshandlinger_4/medikamentmengde/beskrivelse","value":{"value":"500 mg, 3 tabl engangsdose"}},{"action":"set","target":"vurdering_behandling_og_plan/medikasjonshandlinger_4/refusjonskategori","value":{"value":"§4-3"}},{"action":"show","target":"generic-field-90843","value":{"value":""}},{"action":"clear","target":"vurdering_behandling_og_plan/medikasjonshandlinger_4/ism_transition/careflow_step","value":{"code":""}},{"action":"clear","target":"vurdering_behandling_og_plan/medikasjonshandlinger_4/olafia_medikament_administrasjon/medikament_utdelt_administrert","value":{"code":""}},{"action":"clear","target":"vurdering_behandling_og_plan/medikasjonshandlinger_4/olafia_medikament_administrasjon","value":{"value":""}}]},{"operator":"equals","value":{"code":"BC6"},"actions":[{"action":"set","target":"vurdering_behandling_og_plan/medikasjonshandlinger_4/legemiddel_medisin","value":{"value":"Azitromycin"}},{"action":"set","target":"vurdering_behandling_og_plan/medikasjonshandlinger_4/medikamentmengde/beskrivelse","value":{"value":"500 mg, 4 tabl engangsdose"}},{"action":"set","target":"vurdering_behandling_og_plan/medikasjonshandlinger_4/refusjonskategori","value":{"value":"§4-3"}},{"action":"show","target":"generic-field-90843","value":{"value":""}},{"action":"clear","target":"vurdering_behandling_og_plan/medikasjonshandlinger_4/ism_transition/careflow_step","value":{"code":""}},{"action":"clear","target":"vurdering_behandling_og_plan/medikasjonshandlinger_4/olafia_medikament_administrasjon/medikament_utdelt_administrert","value":{"code":""}},{"action":"clear","target":"vurdering_behandling_og_plan/medikasjonshandlinger/olafia_medikament_administrasjon","value":{"value":""}}]},{"operator":"equals","value":{"code":"BC7"},"actions":[{"action":"set","target":"vurdering_behandling_og_plan/medikasjonshandlinger_4/legemiddel_medisin","value":{"value":"Azitromycin"}},{"action":"set","target":"vurdering_behandling_og_plan/medikasjonshandlinger_4/medikamentmengde/beskrivelse","value":{"value":"500 mg 3 tabl:  500 mg dag en, 250 mg dag to-fem"}},{"action":"set","target":"vurdering_behandling_og_plan/medikasjonshandlinger_4/refusjonskategori","value":{"value":"§4-3"}},{"action":"show","target":"generic-field-90843","value":{"value":""}},{"action":"clear","target":"vurdering_behandling_og_plan/medikasjonshandlinger_4/ism_transition/careflow_step","value":{"code":""}},{"action":"clear","target":"vurdering_behandling_og_plan/medikasjonshandlinger_4/olafia_medikament_administrasjon/medikament_utdelt_administrert","value":{"code":""}},{"action":"clear","target":"vurdering_behandling_og_plan/medikasjonshandlinger_4/olafia_medikament_administrasjon","value":{"value":""}}]},{"operator":"equals","value":{"code":"BC8"},"actions":[{"action":"set","target":"vurdering_behandling_og_plan/medikasjonshandlinger_4/legemiddel_medisin","value":{"value":"Ceftiraxon"}},{"action":"set","target":"vurdering_behandling_og_plan/medikasjonshandlinger_4/medikamentmengde/beskrivelse","value":{"value":"500 mg, i.m. inj. "}},{"action":"set","target":"vurdering_behandling_og_plan/medikasjonshandlinger_4/refusjonskategori","value":{"value":"§4-3"}},{"action":"clear","target":"vurdering_behandling_og_plan/medikasjonshandlinger_4/ism_transition/careflow_step","value":{"code":"at0006"}},{"action":"show","target":"generic-field-90843","value":{"value":""}},{"action":"clear","target":"vurdering_behandling_og_plan/medikasjonshandlinger_4/olafia_medikament_administrasjon","value":{"value":""}},{"action":"clear","target":"vurdering_behandling_og_plan/medikasjonshandlinger_4/olafia_medikament_administrasjon/medikament_utdelt_administrert","value":{"code":""}}]},{"operator":"equals","value":{"code":"BC9"},"actions":[{"action":"set","target":"vurdering_behandling_og_plan/medikasjonshandlinger_4/legemiddel_medisin","value":{"value":"Ceftiraxon"}},{"action":"set","target":"vurdering_behandling_og_plan/medikasjonshandlinger_4/medikamentmengde/beskrivelse","value":{"value":"1 gram i.m. inj. "}},{"action":"set","target":"vurdering_behandling_og_plan/medikasjonshandlinger_4/refusjonskategori","value":{"value":"§4-3"}},{"action":"clear","target":"vurdering_behandling_og_plan/medikasjonshandlinger_4/ism_transition/careflow_step","value":{"code":"at0006"}},{"action":"show","target":"generic-field-90843","value":{"value":""}},{"action":"clear","target":"vurdering_behandling_og_plan/medikasjonshandlinger_4/olafia_medikament_administrasjon","value":{"value":""}},{"action":"clear","target":"vurdering_behandling_og_plan/medikasjonshandlinger_4/olafia_medikament_administrasjon/medikament_utdelt_administrert","value":{"code":""}}]},{"operator":"equals","value":{"code":"BC10"},"actions":[{"action":"set","target":"vurdering_behandling_og_plan/medikasjonshandlinger_4/legemiddel_medisin","value":{"value":"Tardocillin"}},{"action":"set","target":"vurdering_behandling_og_plan/medikasjonshandlinger_4/medikamentmengde/beskrivelse","value":{"value":"2,4 mill IE i.m. inj. som engangsdose. 1,2 mill IE i hver gluté"}},{"action":"set","target":"vurdering_behandling_og_plan/medikasjonshandlinger_4/refusjonskategori","value":{"value":"§4-3"}},{"action":"show","target":"generic-field-90843","value":{"value":""}},{"action":"clear","target":"vurdering_behandling_og_plan/medikasjonshandlinger_4/olafia_medikament_administrasjon","value":{"value":""}},{"action":"clear","target":"vurdering_behandling_og_plan/medikasjonshandlinger_4/ism_transition/careflow_step","value":{"code":"at0006"}},{"action":"clear","target":"vurdering_behandling_og_plan/medikasjonshandlinger_4/olafia_medikament_administrasjon/medikament_utdelt_administrert","value":{"code":""}}]},{"operator":"equals","value":{"code":"BC11"},"actions":[{"action":"set","target":"vurdering_behandling_og_plan/medikasjonshandlinger_4/legemiddel_medisin","value":{"value":"Aciclovir"}},{"action":"set","target":"vurdering_behandling_og_plan/medikasjonshandlinger_4/ism_transition/careflow_step","value":{"code":"at0045"}},{"action":"show","target":"generic-field-90843","value":{"value":""}},{"action":"clear","target":"vurdering_behandling_og_plan/medikasjonshandlinger_4/medikamentmengde/beskrivelse","value":{"value":"Tardocillin 2,4 mill IE i.m. inj. "}},{"action":"clear","target":"vurdering_behandling_og_plan/medikasjonshandlinger_4/refusjonskategori","value":{"value":"§4-3"}},{"action":"clear","target":"vurdering_behandling_og_plan/medikasjonshandlinger_4/olafia_medikament_administrasjon","value":{"value":""}}]},{"operator":"equals","value":{"code":"BC12"},"actions":[{"action":"set","target":"vurdering_behandling_og_plan/medikasjonshandlinger_4/legemiddel_medisin","value":{"value":"Zovirax"}},{"action":"set","target":"vurdering_behandling_og_plan/medikasjonshandlinger_4/ism_transition/careflow_step","value":{"code":"at0045"}},{"action":"show","target":"generic-field-90843","value":{"value":""}},{"action":"clear","target":"vurdering_behandling_og_plan/medikasjonshandlinger_4/medikamentmengde/beskrivelse","value":{"value":"Tardocillin 2,4 mill IE i.m. inj. "}},{"action":"clear","target":"vurdering_behandling_og_plan/medikasjonshandlinger_4/refusjonskategori","value":{"value":"§4-3"}},{"action":"clear","target":"vurdering_behandling_og_plan/medikasjonshandlinger_4/olafia_medikament_administrasjon","value":{"value":""}}]},{"operator":"equals","value":{"code":"BC13"},"actions":[{"action":"set","target":"vurdering_behandling_og_plan/medikasjonshandlinger_4/legemiddel_medisin","value":{"value":"Valtrex"}},{"action":"set","target":"vurdering_behandling_og_plan/medikasjonshandlinger_4/ism_transition/careflow_step","value":{"code":"at0045"}},{"action":"show","target":"generic-field-90843","value":{"value":""}},{"action":"clear","target":"vurdering_behandling_og_plan/medikasjonshandlinger_4/medikamentmengde/beskrivelse","value":{"value":"Tardocillin 2,4 mill IE i.m. inj. "}},{"action":"clear","target":"vurdering_behandling_og_plan/medikasjonshandlinger_4/refusjonskategori","value":{"value":"§4-3"}},{"action":"clear","target":"vurdering_behandling_og_plan/medikasjonshandlinger_4/olafia_medikament_administrasjon","value":{"value":""}}]},{"operator":"equals","value":{"code":"BC14"},"actions":[{"action":"set","target":"vurdering_behandling_og_plan/medikasjonshandlinger_4/legemiddel_medisin","value":{"value":"Avelox"}},{"action":"set","target":"vurdering_behandling_og_plan/medikasjonshandlinger_4/ism_transition/careflow_step","value":{"code":"at0045"}},{"action":"show","target":"generic-field-90843","value":{"value":""}},{"action":"clear","target":"vurdering_behandling_og_plan/medikasjonshandlinger_4/medikamentmengde/beskrivelse","value":{"value":"Tardocillin 2,4 mill IE i.m. inj. "}},{"action":"clear","target":"vurdering_behandling_og_plan/medikasjonshandlinger_4/refusjonskategori","value":{"value":"§4-3"}},{"action":"clear","target":"vurdering_behandling_og_plan/medikasjonshandlinger_4/olafia_medikament_administrasjon","value":{"value":""}}]},{"operator":"empty","value":null,"actions":[{"action":"clear","target":"generic-field-90843","value":{"value":""}},{"action":"hide","target":"generic-field-90843","value":{"value":""}}]},{"operator":"equals","value":{"code":"BC15"},"actions":[{"action":"set","target":"vurdering_behandling_og_plan/medikasjonshandlinger_4/legemiddel_medisin","value":{"value":"Tardocillin"}},{"action":"set","target":"vurdering_behandling_og_plan/medikasjonshandlinger_4/medikamentmengde/beskrivelse","value":{"value":"2,4 mill IE i.m. inj. 1 behandling i uken over 3 uker (dag 0, 7 og 14). 1,2 mill IE i hver gluté"}},{"action":"set","target":"vurdering_behandling_og_plan/medikasjonshandlinger_4/refusjonskategori","value":{"value":"§4-3"}},{"action":"show","target":"generic-field-90843","value":{"value":""}},{"action":"set","target":"vurdering_behandling_og_plan/medikasjonshandlinger_4/ism_transition/careflow_step","value":{"code":"at0002"}},{"action":"clear","target":"vurdering_behandling_og_plan/medikasjonshandlinger_4/olafia_medikament_administrasjon","value":{"value":""}}]},{"operator":"equals","value":{"code":"BC16"},"actions":[{"action":"set","target":"vurdering_behandling_og_plan/medikasjonshandlinger_4/legemiddel_medisin","value":{"value":"Dermovat"}},{"action":"set","target":"vurdering_behandling_og_plan/medikasjonshandlinger_4/medikamentmengde/beskrivelse","value":{"value":"Beskrivelse: Smøres tynt om kvelden i 4 uker, deretter annen hver dag i 4 uker og så 2 ganger i uken i 4 uker. Som vedlikeholdsbehandling smøres en gang i uken. Bruk olje til vask i stedet for såpe. Smør med uparfymert fet krem eller salve 1-2 ganger daglig"}},{"action":"clear","target":"vurdering_behandling_og_plan/medikasjonshandlinger_4/refusjonskategori","value":{"value":"§4-3"}},{"action":"set","target":"vurdering_behandling_og_plan/medikasjonshandlinger_4/ism_transition/careflow_step","value":{"code":"at0045"}},{"action":"clear","target":"vurdering_behandling_og_plan/medikasjonshandlinger_4/olafia_medikament_administrasjon","value":{"value":""}},{"action":"show","target":"generic-field-90843","value":{"value":""}}]}]},{"field":"vurdering_behandling_og_plan/medikasjonshandlinger_1/ism_transition/careflow_step","conditions":[{"operator":"equals","value":{"code":"at0002"},"actions":[{"action":"set","target":"vurdering_behandling_og_plan/medikasjonshandlinger_1/olafia_medikament_administrasjon/medikament_utdelt_administrert","value":{"code":"at0008"}}]},{"operator":"equals","value":{"code":"at0045"},"actions":[{"action":"set","target":"vurdering_behandling_og_plan/medikasjonshandlinger_1/olafia_medikament_administrasjon/medikament_utdelt_administrert","value":{"code":"at0008"}}]},{"operator":"equals","value":{"code":"at0003"},"actions":[{"action":"set","target":"vurdering_behandling_og_plan/medikasjonshandlinger_1/olafia_medikament_administrasjon/medikament_utdelt_administrert","value":{"code":"at0006"}}]},{"operator":"equals","value":{"code":"at0006"},"actions":[{"action":"set","target":"vurdering_behandling_og_plan/medikasjonshandlinger_1/olafia_medikament_administrasjon/medikament_utdelt_administrert","value":{"code":"at0006"}}]}]},{"field":"vurdering_behandling_og_plan/medikasjonshandlinger_2/ism_transition/careflow_step","conditions":[{"operator":"equals","value":{"code":"at0002"},"actions":[{"action":"set","target":"vurdering_behandling_og_plan/medikasjonshandlinger_2/olafia_medikament_administrasjon/medikament_utdelt_administrert","value":{"code":"at0008"}}]},{"operator":"equals","value":{"code":"at0045"},"actions":[{"action":"set","target":"vurdering_behandling_og_plan/medikasjonshandlinger_2/olafia_medikament_administrasjon/medikament_utdelt_administrert","value":{"code":"at0008"}}]},{"operator":"equals","value":{"code":"at0003"},"actions":[{"action":"set","target":"vurdering_behandling_og_plan/medikasjonshandlinger_2/olafia_medikament_administrasjon/medikament_utdelt_administrert","value":{"code":"at0006"}}]},{"operator":"equals","value":{"code":"at0006"},"actions":[{"action":"set","target":"vurdering_behandling_og_plan/medikasjonshandlinger_2/olafia_medikament_administrasjon/medikament_utdelt_administrert","value":{"code":"at0006"}}]}]},{"field":"vurdering_behandling_og_plan/medikasjonshandlinger_3/ism_transition/careflow_step","conditions":[{"operator":"equals","value":{"code":"at0002"},"actions":[{"action":"set","target":"vurdering_behandling_og_plan/medikasjonshandlinger_3/olafia_medikament_administrasjon/medikament_utdelt_administrert","value":{"code":"at0008"}}]},{"operator":"equals","value":{"code":"at0045"},"actions":[{"action":"set","target":"vurdering_behandling_og_plan/medikasjonshandlinger_3/olafia_medikament_administrasjon/medikament_utdelt_administrert","value":{"code":"at0008"}}]},{"operator":"equals","value":{"code":"at0003"},"actions":[{"action":"set","target":"vurdering_behandling_og_plan/medikasjonshandlinger_3/olafia_medikament_administrasjon/medikament_utdelt_administrert","value":{"code":"at0006"}}]},{"operator":"equals","value":{"code":"at0006"},"actions":[{"action":"set","target":"vurdering_behandling_og_plan/medikasjonshandlinger_3/olafia_medikament_administrasjon/medikament_utdelt_administrert","value":{"code":"at0006"}}]}]},{"field":"vurdering_behandling_og_plan/medikasjonshandlinger_4/ism_transition/careflow_step","conditions":[{"operator":"equals","value":{"code":"at0002"},"actions":[{"action":"set","target":"vurdering_behandling_og_plan/medikasjonshandlinger_4/olafia_medikament_administrasjon/medikament_utdelt_administrert","value":{"code":"at0008"}}]},{"operator":"equals","value":{"code":"at0045"},"actions":[{"action":"set","target":"vurdering_behandling_og_plan/medikasjonshandlinger_4/olafia_medikament_administrasjon/medikament_utdelt_administrert","value":{"code":"at0008"}}]},{"operator":"equals","value":{"code":"at0003"},"actions":[{"action":"set","target":"vurdering_behandling_og_plan/medikasjonshandlinger_4/olafia_medikament_administrasjon/medikament_utdelt_administrert","value":{"code":"at0006"}}]},{"operator":"equals","value":{"code":"at0006"},"actions":[{"action":"set","target":"vurdering_behandling_og_plan/medikasjonshandlinger_4/olafia_medikament_administrasjon/medikament_utdelt_administrert","value":{"code":"at0006"}}]}]},{"field":"vurdering_behandling_og_plan/vudering_og_behandling_og_videre_plan/videre_oppfølging_av","conditions":[{"operator":"equals","value":{"code":"BZ1"},"actions":[{"action":"show","target":"vurdering_behandling_og_plan/vudering_og_behandling_og_videre_plan/timebestilling","value":{"code":""}}]}]},{"field":"vurdering_behandling_og_plan/vudering_og_behandling_og_videre_plan/timebestilling","conditions":[{"operator":"equals","value":{"code":"BA3"},"actions":[{"action":"show","target":"vurdering_behandling_og_plan/vudering_og_behandling_og_videre_plan/neste_time_om","value":{"code":""}}]},{"operator":"notequals","value":{"code":"BA3"},"actions":[{"action":"hide","target":"vurdering_behandling_og_plan/vudering_og_behandling_og_videre_plan/neste_time_om","value":{"code":""}},{"action":"clear","target":"vurdering_behandling_og_plan/vudering_og_behandling_og_videre_plan/neste_time_om","value":{"code":""}}]},{"operator":"empty","value":null,"actions":[{"action":"hide","target":"vurdering_behandling_og_plan/vudering_og_behandling_og_videre_plan/neste_time_om","value":{"code":""}},{"action":"clear","target":"vurdering_behandling_og_plan/vudering_og_behandling_og_videre_plan/neste_time_om","value":{"code":""}}]}]}]