{"formId":"form_root","name":"Form root","rmType":"FORM_DEFINITION","viewConfig":{"label":{"custom":false,"value":"","useLocalizations":true,"localizationsList":{"nb":"Vurdering av fallrisiko"}},"size":{"field":"inherit","label":"inherit","fill":"inherit"},"layout":{"label":{"valign":"inherit","align":"inherit"},"field":{"valign":"inherit","align":"inherit"}},"tags":["HideLabel"],"annotations":{"reuseComposition":"select c from composition c contains evaluation e[openEHR-EHR-EVALUATION.innl_fallrisiko.v1] where c/archetype_details/template_id/value = 'HV Fallrisikovurdering' order by e/data[at0001]/items[at0005]/items[at0015]/value/value desc fetch 1?scope=periodofcare"}},"language":"nb","templateLanguages":["nb"],"children":[{"name":"Risikovurdering for fall","localizedName":"Risikovurdering for fall","rmType":"CLUSTER","nodeId":"at0005","min":"1","max":"1","localizedNames":{"nb":"Risikovurdering for fall"},"localizedDescriptions":{"nb":"*"},"aqlPath":"/content[openEHR-EHR-EVALUATION.innl_fallrisiko.v1]/data[at0001]/items[at0005]","formId":"hv_fallrisikovurdering/fallrisiko/innledende_risikovurdering_for_fall","children":[{"name":"Pasientens alder","localizedName":"Pasientens alder","rmType":"DV_COUNT","nodeId":"at0012","min":"0","max":"1","localizedNames":{"nb":"Pasientens alder"},"localizedDescriptions":{"nb":"*"},"aqlPath":"/content[openEHR-EHR-EVALUATION.innl_fallrisiko.v1]/data[at0001]/items[at0005]/items[at0012]/value","inputs":[{"type":"INTEGER","validation":{"range":{"minOp":">=","min":0,"maxOp":"<=","max":200}}}],"formId":"hv_fallrisikovurdering/fallrisiko/innledende_risikovurdering_for_fall/alder_skjult","viewConfig":{"advanced":{"hidden":false,"readonly":true},"size":{"field":"inherit","label":"inherit","fill":"inherit"},"layout":{"label":{"valign":"inherit","align":"inherit"},"field":{"valign":"inherit","align":"inherit"}},"tags":[],"datasource":{"loadRemote":false,"loadRemoteUrl":"","terminology":""},"annotations":{"TemplateVariable":"[Pas.Alder]","CalcId":"PasAlder"}}},{"name":"Poeng for alder over 65 år","localizedName":"Poeng for alder over 65 år","rmType":"DV_BOOLEAN","nodeId":"at0007","min":"0","max":"1","localizedNames":{"nb":"Alder over 65 år"},"localizedDescriptions":{"nb":"*"},"aqlPath":"/content[openEHR-EHR-EVALUATION.innl_fallrisiko.v1]/data[at0001]/items[at0005]/items[at0007]/value","inputs":[{"type":"BOOLEAN","defaultValue":false}],"formId":"hv_fallrisikovurdering/fallrisiko/innledende_risikovurdering_for_fall/alder_over_65_år","viewConfig":{"advanced":{"hidden":true,"readonly":false},"size":{"field":"medium","label":"inherit","fill":"inherit"},"layout":{"label":{"valign":"inherit","align":"inherit"},"field":{"valign":"inherit","align":"inherit"}},"tags":[],"datasource":{"loadRemote":false,"loadRemoteUrl":"","terminology":""},"annotations":{"CalcId":"PoengForAlder"},"field":{"input":{"threeState":false}}}},{"localizedName":"Dato for screening","localizedNames":{"nb":"Dato for screening"},"min":"0","max":"1","name":"Dato for screening","rmType":"GENERIC_FIELDSET","formId":"generic-field-77537","viewConfig":{"advanced":{"hidden":false,"readonly":false,"render":true},"size":{"field":"medium","label":"inherit","fill":"inherit"},"layout":{"label":{"valign":"inherit","align":"inherit"},"field":{"valign":"inherit","align":"inherit"}},"tags":["HideLabel"]},"children":[{"name":"Dato for screening","localizedName":"Dato for screening","rmType":"DV_DATE","nodeId":"at0015","min":"0","max":"1","localizedNames":{"nb":"Dato for screening"},"localizedDescriptions":{"nb":"*"},"aqlPath":"/content[openEHR-EHR-EVALUATION.innl_fallrisiko.v1]/data[at0001]/items[at0005]/items[at0015]/value","inputs":[{"type":"DATE"}],"formId":"hv_fallrisikovurdering/fallrisiko/innledende_risikovurdering_for_fall/dato_for_screening","viewConfig":{"annotations":{"TemplateVariable":"[Sys.Now]","CalcId":"DatoScreening","select":"{#FR:/data[at0001]/items[at0005]/items[at0015]/value}"},"advanced":{"hidden":false,"readonly":false},"size":{"field":"large","label":"inherit","fill":"inherit"},"layout":{"label":{"valign":"inherit","align":"top"},"field":{"valign":"inherit","align":"inherit"}},"tags":[],"datasource":{"loadRemote":false,"loadRemoteUrl":"","terminology":""},"field":{"input":{"dateFormat":"","hideDate":false,"hideTime":false}}}},{"name":"Fallrisiko","localizedName":"Fallrisiko","rmType":"DV_CODED_TEXT","nodeId":"at0002","min":"0","max":"1","localizedNames":{"nb":"Fallrisiko"},"localizedDescriptions":{"nb":"Angi grad av fallrisiko"},"aqlPath":"/content[openEHR-EHR-ADMIN_ENTRY.hv_ps_fall.v0]/data[at0001]/items[at0002]/value","inputs":[{"suffix":"code","type":"CODED_TEXT","list":[{"value":"at0008","label":"Ingen risiko","localizedLabels":{"nb":"Ingen risiko"},"localizedDescriptions":{"nb":"Ingen risiko"}},{"value":"at0009","label":"Lav risiko","localizedLabels":{"nb":"Lav risiko"},"localizedDescriptions":{"nb":"Lav risiko"}},{"value":"at0010","label":"Moderat risiko","localizedLabels":{"nb":"Moderat risiko"},"localizedDescriptions":{"nb":"Moderat risiko"}},{"value":"at0011","label":"Høy risiko","localizedLabels":{"nb":"Høy risiko"},"localizedDescriptions":{"nb":"Høy risiko"}}]}],"formId":"hv_fallrisikovurdering/hv_ps_fall/fallrisiko","viewConfig":{"advanced":{"hidden":false,"readonly":false},"size":{"field":"large","label":"inherit","fill":"inherit"},"layout":{"label":{"valign":"inherit","align":"top"},"field":{"valign":"inherit","align":"inherit"}},"datasource":{"loadRemote":false,"loadRemoteUrl":"","terminology":""},"tags":[],"field":{"code":{"presentation":"combobox"}}}},{"name":"fall tall","localizedName":"fall tall","rmType":"DV_CODED_TEXT","nodeId":"at0003","min":"0","max":"1","localizedNames":{"nb":"fall tall"},"localizedDescriptions":{"nb":"*"},"aqlPath":"/content[openEHR-EHR-ADMIN_ENTRY.hv_ps_fall.v0]/data[at0001]/items[at0003]/value","inputs":[{"suffix":"code","type":"CODED_TEXT","list":[{"value":"at0004","label":"1","localizedLabels":{"nb":"1"},"localizedDescriptions":{"nb":"*"}},{"value":"at0005","label":"2","localizedLabels":{"nb":"2"},"localizedDescriptions":{"nb":"*"}},{"value":"at0006","label":"3","localizedLabels":{"nb":"3"},"localizedDescriptions":{"nb":"*"}},{"value":"at0007","label":"4","localizedLabels":{"nb":"4"},"localizedDescriptions":{"nb":"*"}}]}],"formId":"hv_fallrisikovurdering/hv_ps_fall/fall_tall","viewConfig":{"advanced":{"hidden":true,"readonly":false},"size":{"field":"medium","label":"inherit","fill":"inherit"},"layout":{"label":{"valign":"inherit","align":"inherit"},"field":{"valign":"inherit","align":"inherit"}},"datasource":{"loadRemote":false,"loadRemoteUrl":"","terminology":""},"tags":[],"field":{"code":{"presentation":"combobox"}}}}]}],"viewConfig":{"advanced":{"hidden":false,"readonly":false},"size":{"field":"inherit","label":"inherit","fill":"inherit"},"layout":{"label":{"valign":"inherit","align":"inherit"},"field":{"valign":"inherit","align":"inherit"}},"tags":[],"datasource":{"loadRemote":false,"loadRemoteUrl":"","terminology":""}}},{"localizedName":"Pasienten er over 65 år.","localizedNames":{"nb":"Pasienten er over 65 år."},"min":"0","max":"1","name":"Pasienten er over 65 år.","rmType":"GENERIC_FIELDSET","inputs":[{"type":"TEXT"}],"formId":"generic-field-48911","children":[{"localizedName":"Gjennomfør en utvidet risikovurdering samt vurder tilstedeværelse av følgende","localizedNames":{"nb":"Gjennomfør en utvidet risikovurdering samt vurder tilstedeværelse av følgende"},"min":"0","max":"1","name":"Gjennomfør en utvidet risikovurdering samt vurder tilstedeværelse av følgende","rmType":"GENERIC_FIELDSET","formId":"generic-field-21473","viewConfig":{"annotations":{"HeaderSize":"Text"},"advanced":{"hidden":false,"readonly":false,"render":false},"size":{"field":"inherit","label":"inherit","fill":"inherit"},"layout":{"label":{"valign":"inherit","align":"inherit"},"field":{"valign":"inherit","align":"inherit"}},"tags":[]},"children":[]},{"localizedName":"sykdommer og tilstander som medfører økt risiko for fall (hak av):","localizedNames":{"nb":"sykdommer og tilstander som medfører økt risiko for fall (hak av):"},"min":"0","max":"1","name":"sykdommer og tilstander som medfører økt risiko for fall (hak av):","rmType":"GENERIC_FIELDSET","formId":"generic-field-23151","viewConfig":{"annotations":{"HeaderSize":"Text"},"size":{"field":"inherit","label":"inherit","fill":"inherit"},"layout":{"label":{"valign":"inherit","align":"inherit"},"field":{"valign":"inherit","align":"inherit"}},"advanced":{"hidden":false,"readonly":false,"render":false},"tags":[]},"children":[]}],"viewConfig":{"advanced":{"hidden":true,"readonly":false,"render":false},"size":{"field":"inherit","label":"inherit","fill":"inherit"},"layout":{"label":{"valign":"inherit","align":"inherit"},"field":{"valign":"inherit","align":"inherit"}},"tags":[],"annotations":{"AlertType":"Info"}}},{"localizedName":"Pasienten er 65 år eller yngre.","localizedNames":{"nb":"Pasienten er 65 år eller yngre."},"min":"0","max":"1","name":"Pasienten er 65 år eller yngre.","rmType":"GENERIC_FIELDSET","inputs":[{"type":"TEXT"}],"formId":"generic-field-32347","children":[{"localizedName":"Vurder tilstedeværelse av følgende sykdommer og tilstander som medfører","localizedNames":{"nb":"Vurder tilstedeværelse av følgende sykdommer og tilstander som medfører"},"min":"0","max":"1","name":"Vurder tilstedeværelse av følgende sykdommer og tilstander som medfører","rmType":"GENERIC_FIELDSET","formId":"generic-field-54750","viewConfig":{"annotations":{"HeaderSize":"Text"},"size":{"field":"inherit","label":"inherit","fill":"inherit"},"layout":{"label":{"valign":"inherit","align":"inherit"},"field":{"valign":"inherit","align":"inherit"}},"advanced":{"hidden":false,"readonly":false,"render":false},"tags":[]},"children":[]},{"localizedName":"økt risiko for fall (hak av):","localizedNames":{"nb":"økt risiko for fall (hak av):"},"min":"0","max":"1","name":"økt risiko for fall (hak av):","rmType":"GENERIC_FIELDSET","formId":"generic-field-48795","viewConfig":{"annotations":{"HeaderSize":"text"},"size":{"field":"inherit","label":"inherit","fill":"inherit"},"layout":{"label":{"valign":"inherit","align":"inherit"},"field":{"valign":"inherit","align":"inherit"}},"advanced":{"hidden":false,"readonly":false,"render":false},"tags":[]},"children":[]}],"viewConfig":{"advanced":{"hidden":true,"readonly":false,"render":false},"size":{"field":"inherit","label":"inherit","fill":"inherit"},"layout":{"label":{"valign":"inherit","align":"inherit"},"field":{"valign":"inherit","align":"inherit"}},"tags":[],"annotations":{"AlertType":"Info"}}},{"name":"Sykdommer og tilstander som medfører økt risiko for fall","localizedName":"Sykdommer og tilstander som medfører økt risiko for fall","rmType":"CLUSTER","nodeId":"at0008","min":"1","max":"1","localizedNames":{"nb":"Sykdommer og tilstander som medfører økt risiko for fall, kryss av for aktuelle"},"localizedDescriptions":{"nb":"*"},"aqlPath":"/content[openEHR-EHR-EVALUATION.innl_fallrisiko.v1]/data[at0001]/items[at0005]/items[at0008]","formId":"hv_fallrisikovurdering/fallrisiko/innledende_risikovurdering_for_fall/sykdommer_og_tilstander_som_medfører_økt_risiko_for_fall_kryss_av_for_aktuelle","children":[{"name":"Nevrologiske lidelser","localizedName":"Nevrologiske lidelser","rmType":"DV_BOOLEAN","nodeId":"at0011","min":0,"max":1,"localizedNames":{"nb":"Nevrologiske lidelser"},"localizedDescriptions":{"nb":"*"},"aqlPath":"/content[openEHR-EHR-EVALUATION.innl_fallrisiko.v1]/data[at0001]/items[at0005]/items[at0008]/items[at0011]/value","inputs":[{"type":"BOOLEAN","defaultValue":false}],"formId":"hv_fallrisikovurdering/fallrisiko/innledende_risikovurdering_for_fall/sykdommer_og_tilstander_som_medfører_økt_risiko_for_fall_kryss_av_for_aktuelle/nevrologiske_lidelser","viewConfig":{"annotations":{"CalcId":"NevrologiskeLidelser"},"size":{"field":"inherit","label":"inherit","fill":"inherit"},"layout":{"field":{"valign":"inherit","align":"inherit"}},"datasource":{"loadRemote":false,"loadRemoteUrl":"","terminology":""},"field":{"input":{"threeState":false}}}},{"name":"Kognitive sykdomstilstander","localizedName":"Kognitive sykdomstilstander","rmType":"DV_BOOLEAN","nodeId":"at0010","min":0,"max":1,"localizedNames":{"nb":"Kognitive sykdomstilstander"},"localizedDescriptions":{"nb":"*"},"aqlPath":"/content[openEHR-EHR-EVALUATION.innl_fallrisiko.v1]/data[at0001]/items[at0005]/items[at0008]/items[at0010]/value","inputs":[{"type":"BOOLEAN","defaultValue":false}],"formId":"hv_fallrisikovurdering/fallrisiko/innledende_risikovurdering_for_fall/sykdommer_og_tilstander_som_medfører_økt_risiko_for_fall_kryss_av_for_aktuelle/kognitive_sykdomstilstander","viewConfig":{"annotations":{"CalcId":"KognitiveSykdTilstand"},"size":{"field":"inherit","label":"inherit","fill":"inherit"},"layout":{"field":{"valign":"inherit","align":"inherit"}},"datasource":{"loadRemote":false,"loadRemoteUrl":"","terminology":""},"field":{"input":{"threeState":false}}}},{"name":"Betydelig synshemning","localizedName":"Betydelig synshemning","rmType":"DV_BOOLEAN","nodeId":"at0009","min":0,"max":1,"localizedNames":{"nb":"Betydelig synshemning"},"localizedDescriptions":{"nb":"*"},"aqlPath":"/content[openEHR-EHR-EVALUATION.innl_fallrisiko.v1]/data[at0001]/items[at0005]/items[at0008]/items[at0009]/value","inputs":[{"type":"BOOLEAN","defaultValue":false}],"formId":"hv_fallrisikovurdering/fallrisiko/innledende_risikovurdering_for_fall/sykdommer_og_tilstander_som_medfører_økt_risiko_for_fall_kryss_av_for_aktuelle/betydelig_synshemning","viewConfig":{"annotations":{"CalcId":"BetydeligSynshemning"},"size":{"field":"inherit","label":"inherit","fill":"inherit"},"layout":{"field":{"valign":"inherit","align":"inherit"}},"datasource":{"loadRemote":false,"loadRemoteUrl":"","terminology":""},"field":{"input":{"threeState":false}}}},{"name":"Ikke aktuelt","localizedName":"Ikke aktuelt","rmType":"DV_BOOLEAN","nodeId":"at0013","min":0,"max":1,"localizedNames":{"nb":"Ikke aktuelt"},"localizedDescriptions":{"nb":"*"},"aqlPath":"/content[openEHR-EHR-EVALUATION.innl_fallrisiko.v1]/data[at0001]/items[at0005]/items[at0008]/items[at0013]/value","inputs":[{"type":"BOOLEAN","defaultValue":false}],"formId":"hv_fallrisikovurdering/fallrisiko/innledende_risikovurdering_for_fall/sykdommer_og_tilstander_som_medfører_økt_risiko_for_fall_kryss_av_for_aktuelle/ikke_aktuelt","viewConfig":{"annotations":{"CalcId":"IkkeAktuell"},"size":{"field":"inherit","label":"inherit","fill":"inherit"},"layout":{"field":{"valign":"inherit","align":"inherit"}},"datasource":{"loadRemote":false,"loadRemoteUrl":"","terminology":""},"field":{"input":{"threeState":false}}}},{"name":"Merknad:","localizedName":"Merknad:","rmType":"DV_TEXT","nodeId":"at0016","min":"0","max":"1","localizedNames":{"nb":"Merknad"},"localizedDescriptions":{"nb":"*"},"aqlPath":"/content[openEHR-EHR-EVALUATION.innl_fallrisiko.v1]/data[at0001]/items[at0005]/items[at0008]/items[at0016]/value","inputs":[{"type":"TEXT"}],"formId":"hv_fallrisikovurdering/fallrisiko/innledende_risikovurdering_for_fall/sykdommer_og_tilstander_som_medfører_økt_risiko_for_fall_kryss_av_for_aktuelle/merknad","viewConfig":{"advanced":{"hidden":false,"readonly":false},"size":{"field":"inherit","label":"inherit","fill":"inherit"},"layout":{"label":{"valign":"inherit","align":"top"},"field":{"valign":"inherit","align":"inherit"}},"tags":[],"datasource":{"loadRemote":false,"loadRemoteUrl":"","terminology":""},"field":{"input":{"presentation":"textfield"}}}}],"viewConfig":{"advanced":{"hidden":false,"readonly":false},"size":{"field":"inherit","label":"inherit","fill":"inherit"},"layout":{"label":{"valign":"inherit","align":"inherit"},"field":{"valign":"inherit","align":"inherit"}},"tags":["HideLabel"],"datasource":{"loadRemote":false,"loadRemoteUrl":"","terminology":""}}},{"annotations":{"comment":"Generic input field used to add custom fields."},"inputs":[{"type":"TEXT","defaultValue":"0"}],"localizedName":"Input","localizedNames":{"nb":"Input"},"max":"1","min":"0","name":"Input","rmType":"GENERIC_FIELD","formId":"generic-field-83739","viewConfig":{"annotations":{"Calc":"PoengForAlder+NevrologiskeLidelser+KognitiveSykdTilstand+BetydeligSynshemning","CalcId":"Input"},"advanced":{"hidden":true,"readonly":false},"size":{"field":"inherit","label":"inherit","fill":"inherit"},"layout":{"label":{"valign":"inherit","align":"inherit"},"field":{"valign":"inherit","align":"inherit"}},"tags":[],"datasource":{"loadRemote":false,"loadRemoteUrl":"","terminology":""},"field":{"input":{"presentation":"textfield"}}}},{"localizedName":"Utvidet risikovurdering for fall","localizedNames":{"nb":"Utvidet risikovurdering for fall"},"min":"0","max":"1","name":"Utvidet risikovurdering for fall","rmType":"GENERIC_FIELDSET","inputs":[{"type":"TEXT"}],"formId":"generic-field-12236","children":[{"name":"Fall de siste tre måneder","localizedName":"Fall de siste tre måneder","rmType":"DV_ORDINAL","nodeId":"at0004","min":0,"max":1,"localizedNames":{"nb":"Fall de siste tre måneder"},"localizedDescriptions":{"nb":"Har pasienten hatt noen fall i de siste 3 månedene?"},"annotations":{"comment":"score 0 for Usann/ Nei, \nscore 1 for Sann/ Ja."},"aqlPath":"/content[openEHR-EHR-OBSERVATION.stratify_no.v0]/data[at0001]/events[at0002]/data[at0003]/items[at0004]/value","inputs":[{"type":"CODED_TEXT","list":[{"value":"at0011","label":"Nei","localizedLabels":{"nb":"Nei"},"localizedDescriptions":{"nb":"Pasienten har ikke hatt noen fall siste 3 måneder."},"ordinal":0},{"value":"at0012","label":"Ja","localizedLabels":{"nb":"Ja"},"localizedDescriptions":{"nb":"Pasienten har hatt fall siste 3 måneder."},"ordinal":1}]}],"formId":"hv_fallrisikovurdering/stratify_vurderingsverktøy_for_fallrisiko/uspesifisert_hendelse/fall_de_siste_tre_måneder","viewConfig":{"annotations":{"CalcId":"FallDeSiste3Mnd","HeaderSize":"H2"},"size":{"field":"inherit","label":"inherit","fill":"inherit"},"layout":{"field":{"valign":"inherit","align":"inherit"}},"datasource":{"loadRemote":false,"loadRemoteUrl":"","terminology":""},"field":{"input":{"presentation":"combobox"}}}},{"name":"Synshemminger","localizedName":"Synshemminger","rmType":"DV_ORDINAL","nodeId":"at0006","min":0,"max":1,"localizedNames":{"nb":"Synshemminger"},"localizedDescriptions":{"nb":"Er pasienten synsskadet/synshemmet i et slikt omfang at hverdagslige funksjoner er påvirket?"},"annotations":{"comment":"score 0 for Usann/ Nei, \nscore 1 for Sann/ Ja."},"aqlPath":"/content[openEHR-EHR-OBSERVATION.stratify_no.v0]/data[at0001]/events[at0002]/data[at0003]/items[at0006]/value","inputs":[{"type":"CODED_TEXT","list":[{"value":"at0015","label":"Nei","localizedLabels":{"nb":"Nei"},"localizedDescriptions":{"nb":"Pasienten har ikke store synshemminger."},"ordinal":0},{"value":"at0017","label":"Ja","localizedLabels":{"nb":"Ja"},"localizedDescriptions":{"nb":"Pasienten har store synshemminger."},"ordinal":1}]}],"formId":"hv_fallrisikovurdering/stratify_vurderingsverktøy_for_fallrisiko/uspesifisert_hendelse/synshemminger","viewConfig":{"annotations":{"CalcId":"Synshemminger"},"size":{"field":"inherit","label":"inherit","fill":"inherit"},"layout":{"field":{"valign":"inherit","align":"inherit"}},"datasource":{"loadRemote":false,"loadRemoteUrl":"","terminology":""},"field":{"input":{"presentation":"combobox"}}}},{"name":"Urolig atferd","localizedName":"Urolig atferd","rmType":"DV_ORDINAL","nodeId":"at0005","min":0,"max":1,"localizedNames":{"nb":"Urolig atferd"},"localizedDescriptions":{"nb":"Viser pasienten urolig, uklar, desorientert eller forvirret atferd?"},"annotations":{"comment":"score 0 for Usann/ Nei, \nscore 1 for Sann/ Ja."},"aqlPath":"/content[openEHR-EHR-OBSERVATION.stratify_no.v0]/data[at0001]/events[at0002]/data[at0003]/items[at0005]/value","inputs":[{"type":"CODED_TEXT","list":[{"value":"at0013","label":"Nei","localizedLabels":{"nb":"Nei"},"localizedDescriptions":{"nb":"Pasienten viser ikke urolig atferd."},"ordinal":0},{"value":"at0014","label":"Ja","localizedLabels":{"nb":"Ja"},"localizedDescriptions":{"nb":"Pasienten viser urolig atferd."},"ordinal":1}]}],"formId":"hv_fallrisikovurdering/stratify_vurderingsverktøy_for_fallrisiko/uspesifisert_hendelse/urolig_atferd","viewConfig":{"annotations":{"CalcId":"UroligAdferd"},"size":{"field":"inherit","label":"inherit","fill":"inherit"},"layout":{"field":{"valign":"inherit","align":"inherit"}},"datasource":{"loadRemote":false,"loadRemoteUrl":"","terminology":""},"field":{"input":{"presentation":"combobox"}}}},{"name":"Hyppige toalettbesøk","localizedName":"Hyppige toalettbesøk","rmType":"DV_ORDINAL","nodeId":"at0007","min":0,"max":1,"localizedNames":{"nb":"Hyppige toalettbesøk"},"localizedDescriptions":{"nb":"Oppfatter du at pasienten har spesielt behov av å besøke toalett ofte?"},"annotations":{"comment":"score 0 for Usann/ Nei, \nscore 1 for Sann/ Ja."},"aqlPath":"/content[openEHR-EHR-OBSERVATION.stratify_no.v0]/data[at0001]/events[at0002]/data[at0003]/items[at0007]/value","inputs":[{"type":"CODED_TEXT","list":[{"value":"at0018","label":"Nei","localizedLabels":{"nb":"Nei"},"localizedDescriptions":{"nb":"Pasienten har ikke behov for hyppige toalettbesøk."},"ordinal":0},{"value":"at0019","label":"Ja","localizedLabels":{"nb":"Ja"},"localizedDescriptions":{"nb":"Pasienten har behov for hyppige toalettbesøk."},"ordinal":1}]}],"formId":"hv_fallrisikovurdering/stratify_vurderingsverktøy_for_fallrisiko/uspesifisert_hendelse/hyppige_toalettbesøk","viewConfig":{"annotations":{"CalcId":"HyppigeToalettbesok"},"size":{"field":"inherit","label":"inherit","fill":"inherit"},"layout":{"field":{"valign":"inherit","align":"inherit"}},"datasource":{"loadRemote":false,"loadRemoteUrl":"","terminology":""},"field":{"input":{"presentation":"combobox"}}}},{"name":"Forflytning mellom seng og stol","localizedName":"Forflytning mellom seng og stol","rmType":"DV_ORDINAL","nodeId":"at0021","min":0,"max":1,"localizedNames":{"nb":"Forflytning mellom seng og stol"},"localizedDescriptions":{"nb":"Evne til forflytning mellom seng og stol."},"aqlPath":"/content[openEHR-EHR-OBSERVATION.barthel_no.v1]/data[at0002]/events[at0003]/data[at0001]/items[at0021]/value","inputs":[{"type":"CODED_TEXT","list":[{"value":"at0022","label":"Kan ikke sitte","localizedLabels":{"nb":"Kan ikke sitte"},"localizedDescriptions":{"nb":"Sengeliggende."},"ordinal":0},{"value":"at0023","label":"Kan sitte, men trenger mye hjelp ved forflytning","localizedLabels":{"nb":"Kan sitte, men trenger mye hjelp ved forflytning"},"localizedDescriptions":{"nb":"Kan sitte, men trenger mye hjelp ved forflytning."},"ordinal":1},{"value":"at0024","label":"Klarer forflytning med litt hjelp eller tilsyn","localizedLabels":{"nb":"Klarer forflytning med litt hjelp eller tilsyn"},"localizedDescriptions":{"nb":"Klarer forflytning med litt hjelp eller tilsyn."},"ordinal":2},{"value":"at0025","label":"Selvhjulpen","localizedLabels":{"nb":"Selvhjulpen"},"localizedDescriptions":{"nb":"Klarer også å låse rullestol og bevege \nfotstøtte."},"ordinal":3}]}],"formId":"hv_fallrisikovurdering/barthel_adl-indeks/uspesifisert_hendelse/forflytning_mellom_seng_og_stol","viewConfig":{"annotations":{"CalcId":"ForflyttSengStol"},"size":{"field":"inherit","label":"inherit","fill":"inherit"},"layout":{"field":{"valign":"inherit","align":"inherit"}},"datasource":{"loadRemote":false,"loadRemoteUrl":"","terminology":""},"field":{"input":{"presentation":"combobox"}}}},{"name":"Mobilitet","localizedName":"Mobilitet","rmType":"DV_ORDINAL","nodeId":"at0017","min":0,"max":1,"localizedNames":{"nb":"Mobilitet"},"localizedDescriptions":{"nb":"Evne til å forflytte seg til fots eller i rullestol."},"aqlPath":"/content[openEHR-EHR-OBSERVATION.barthel_no.v1]/data[at0002]/events[at0003]/data[at0001]/items[at0017]/value","inputs":[{"type":"CODED_TEXT","list":[{"value":"at0018","label":"Kan ikke kjøre rullestol uten hjelp","localizedLabels":{"nb":"Kan ikke kjøre rullestol uten hjelp"},"localizedDescriptions":{"nb":"Kan ikke kjøre rullestol uten hjelp."},"ordinal":0},{"value":"at0019","label":"Kan ikke gå","localizedLabels":{"nb":"Kan ikke gå"},"localizedDescriptions":{"nb":"Kan ikke gå, men kan kjøre rullestol uten hjelp 50 meter."},"ordinal":1},{"value":"at0020","label":"Kan gå med rullator og/eller støtte/tilsyn","localizedLabels":{"nb":"Kan gå med rullator og/eller støtte/tilsyn"},"localizedDescriptions":{"nb":"Kan gå 50 meter med rullator og/eller støtte/tilsyn av en person."},"ordinal":2},{"value":"at0039","label":"Kan gå uten hjelp, evt med stokk/krykker","localizedLabels":{"nb":"Kan gå uten hjelp, evt med stokk/krykker"},"localizedDescriptions":{"nb":"Klarer å gå 50 meter, kan bruke stokk eller krykker, men ikke annet ganghjelpemiddel."},"ordinal":3}]}],"formId":"hv_fallrisikovurdering/barthel_adl-indeks/uspesifisert_hendelse/mobilitet","viewConfig":{"annotations":{"CalcId":"Mobilitet"},"size":{"field":"inherit","label":"inherit","fill":"inherit"},"layout":{"field":{"valign":"inherit","align":"inherit"}},"datasource":{"loadRemote":false,"loadRemoteUrl":"","terminology":""},"field":{"input":{"presentation":"combobox"}}}},{"name":"Total sum av \"Mobilitet\" og \"Forflytning mellom seng og stol\" fra Barthel ADL-indeks","localizedName":"Total sum av \"Mobilitet\" og \"Forflytning mellom seng og stol\" fra Barthel ADL-indeks","rmType":"DV_ORDINAL","nodeId":"at0010","min":"0","max":"1","localizedNames":{"nb":"Total sum av \"Mobililtet\" og \"Forflytning mellom seng og stol\" fra Barthel ADL-indeks"},"localizedDescriptions":{"nb":"Poengene kommer fra registreringer gjort i Barthel ADL indeks fra punktene \"Mobililtet\" og \"Forflytning mellom seng og stol\"."},"aqlPath":"/content[openEHR-EHR-OBSERVATION.stratify_no.v0]/data[at0001]/events[at0002]/data[at0003]/items[at0010]/value","inputs":[{"type":"CODED_TEXT","list":[{"value":"at0020","label":"0-2, 5 eller 6 poeng","localizedLabels":{"nb":"0-2, 5 eller 6 poeng"},"localizedDescriptions":{"nb":"0 poeng."},"ordinal":0},{"value":"at0021","label":"3-4 poeng","localizedLabels":{"nb":"3-4 poeng"},"localizedDescriptions":{"nb":"1 Poeng."},"ordinal":1}],"defaultValue":"at0020"}],"formId":"hv_fallrisikovurdering/stratify_vurderingsverktøy_for_fallrisiko/uspesifisert_hendelse/total_sum_av_mobililtet_og_forflytning_mellom_seng_og_stol_fra_barthel_adl-indeks","viewConfig":{"advanced":{"hidden":true,"readonly":false},"size":{"field":"inherit","label":"inherit","fill":"inherit"},"layout":{"label":{"valign":"inherit","align":"inherit"},"field":{"valign":"inherit","align":"inherit"}},"tags":[],"datasource":{"loadRemote":false,"loadRemoteUrl":"","terminology":""},"annotations":{"CalcId":"TotSumMobForflytt"},"field":{"input":{"presentation":"combobox"}}}},{"name":"Poeng totalt","localizedName":"Poeng totalt","rmType":"DV_COUNT","nodeId":"at0009","min":0,"max":1,"localizedNames":{"nb":"Poeng totalt"},"localizedDescriptions":{"nb":"Sum av poeng fra alle elementene. "},"annotations":{"comment":"0 = lav risko, \n1 = moderat risko, \n>2 = høy risko."},"aqlPath":"/content[openEHR-EHR-OBSERVATION.stratify_no.v0]/data[at0001]/events[at0002]/data[at0003]/items[at0009]/value","inputs":[{"type":"INTEGER","validation":{"range":{"minOp":">=","min":0,"maxOp":"<=","max":5}}}],"formId":"hv_fallrisikovurdering/stratify_vurderingsverktøy_for_fallrisiko/uspesifisert_hendelse/poeng_totalt","viewConfig":{"annotations":{"Calc":"FallDeSiste3Mnd+Synshemminger+UroligAdferd+HyppigeToalettbesok+TotSumMobForflytt"},"size":{"field":"inherit","label":"inherit","fill":"inherit"},"layout":{"field":{"valign":"inherit","align":"inherit"}},"datasource":{"loadRemote":false,"loadRemoteUrl":"","terminology":""}}},{"annotations":{"comment":"Generic input field used to add custom fields."},"inputs":[{"type":"TEXT","defaultValue":"0"}],"localizedName":"BartelCalc","localizedNames":{"nb":"Input"},"max":"1","min":"0","name":"BartelCalc","rmType":"GENERIC_FIELD","formId":"generic-field-81457","viewConfig":{"annotations":{"Calc":"Mobilitet+ForflyttSengStol"},"advanced":{"hidden":true,"readonly":false},"size":{"field":"inherit","label":"inherit","fill":"inherit"},"layout":{"label":{"valign":"inherit","align":"inherit"},"field":{"valign":"inherit","align":"inherit"}},"tags":[],"datasource":{"loadRemote":false,"loadRemoteUrl":"","terminology":""},"field":{"input":{"presentation":"textfield"}}}}],"viewConfig":{"advanced":{"hidden":true,"readonly":false,"render":false},"size":{"field":"inherit","label":"inherit","fill":"inherit"},"layout":{"label":{"valign":"inherit","align":"inherit"},"field":{"valign":"inherit","align":"inherit"}},"tags":[],"annotations":{"CalcId":"UtvidetRisikoVurd"}}}]}