[{"field":"generic-field-25529","conditions":[{"operator":"equals","value":{"value":"FALSE"},"actions":[{"action":"hide","target":"klinisk_kontakt/nrs_2002/uspesifisert_hendelse/hovedscreening"},{"action":"clear","target":"klinisk_kontakt/nrs_2002/uspesifisert_hendelse/hovedscreening"},{"action":"setOccurrences","target":"klinisk_kontakt/nrs_2002/uspesifisert_hendelse/hovedscreening","value":{"value":"0..1"}},{"action":"hide","target":"klinisk_kontakt/nrs_2002/uspesifisert_hendelse/hovedscreening/ernæringsstatus"},{"action":"clear","target":"klinisk_kontakt/nrs_2002/uspesifisert_hendelse/hovedscreening/ernæringsstatus"},{"action":"setOccurrences","target":"klinisk_kontakt/nrs_2002/uspesifisert_hendelse/hovedscreening/ernæringsstatus","value":{"value":"0..1"}},{"action":"hide","target":"klinisk_kontakt/nrs_2002/uspesifisert_hendelse/hovedscreening/sykdommens_alvorlighetsgrad"},{"action":"clear","target":"klinisk_kontakt/nrs_2002/uspesifisert_hendelse/hovedscreening/sykdommens_alvorlighetsgrad"},{"action":"setOccurrences","target":"klinisk_kontakt/nrs_2002/uspesifisert_hendelse/hovedscreening/sykdommens_alvorlighetsgrad","value":{"value":"0..1"}},{"action":"setOccurrences","target":"klinisk_kontakt/nrs_2002/uspesifisert_hendelse/hovedscreening/er_pasientens_alder_≥_70_år","value":{"value":"0..1"}},{"action":"setOccurrences","target":"klinisk_kontakt/nrs_2002/uspesifisert_hendelse/innledende_screening/er_bmi_<_20,5","value":{"value":"1..1"}},{"action":"setOccurrences","target":"klinisk_kontakt/nrs_2002/uspesifisert_hendelse/innledende_screening/har_pasienten_tapt_vekt_i_løpet_av_de_3_siste_månedene","value":{"value":"1..1"}},{"action":"setOccurrences","target":"klinisk_kontakt/nrs_2002/uspesifisert_hendelse/innledende_screening/har_pasienten_hatt_redusert_næringsinntak_i_den_siste_uken","value":{"value":"1..1"}},{"action":"setOccurrences","target":"klinisk_kontakt/nrs_2002/uspesifisert_hendelse/innledende_screening/er_pasienten_alvorlig___kritisk_syk","value":{"value":"1..1"}},{"action":"setOccurrences","target":"klinisk_kontakt/nrs_2002/uspesifisert_hendelse/innledende_screening","value":{"value":"1..1"}}]},{"operator":"equals","value":{"value":"TRUE"},"actions":[{"action":"show","target":"klinisk_kontakt/nrs_2002/uspesifisert_hendelse/hovedscreening"},{"action":"setOccurrences","target":"klinisk_kontakt/nrs_2002/uspesifisert_hendelse/hovedscreening","value":{"value":"1..1"}},{"action":"show","target":"klinisk_kontakt/nrs_2002/uspesifisert_hendelse/hovedscreening/ernæringsstatus"},{"action":"setOccurrences","target":"klinisk_kontakt/nrs_2002/uspesifisert_hendelse/hovedscreening/ernæringsstatus","value":{"value":"1..1"}},{"action":"show","target":"klinisk_kontakt/nrs_2002/uspesifisert_hendelse/hovedscreening/sykdommens_alvorlighetsgrad"},{"action":"setOccurrences","target":"klinisk_kontakt/nrs_2002/uspesifisert_hendelse/hovedscreening/sykdommens_alvorlighetsgrad","value":{"value":"1..1"}},{"action":"setOccurrences","target":"klinisk_kontakt/nrs_2002/uspesifisert_hendelse/hovedscreening/er_pasientens_alder_≥_70_år","value":{"value":"1..1"}},{"action":"setOccurrences","target":"klinisk_kontakt/nrs_2002/uspesifisert_hendelse/innledende_screening/er_bmi_<_20,5","value":{"value":"0..1"}},{"action":"setOccurrences","target":"klinisk_kontakt/nrs_2002/uspesifisert_hendelse/innledende_screening/har_pasienten_tapt_vekt_i_løpet_av_de_3_siste_månedene","value":{"value":"0..1"}},{"action":"setOccurrences","target":"klinisk_kontakt/nrs_2002/uspesifisert_hendelse/innledende_screening/har_pasienten_hatt_redusert_næringsinntak_i_den_siste_uken","value":{"value":"0..1"}},{"action":"setOccurrences","target":"klinisk_kontakt/nrs_2002/uspesifisert_hendelse/innledende_screening/er_pasienten_alvorlig___kritisk_syk","value":{"value":"0..1"}}]}]},{"field":"generic-field-71155","conditions":[{"operator":"equals","value":{"value":"TRUE"},"actions":[{"action":"set","target":"klinisk_kontakt/nrs_2002/uspesifisert_hendelse/hovedscreening/er_pasientens_alder_≥_70_år","value":{"value":"at0029"}}]},{"operator":"equals","value":{"value":"FALSE"},"actions":[{"action":"set","target":"klinisk_kontakt/nrs_2002/uspesifisert_hendelse/hovedscreening/er_pasientens_alder_≥_70_år","value":{"value":"at0028"}}]}]},{"field":"generic-field-82981","conditions":[{"operator":"equals","value":{"value":"FALSE"},"actions":[{"action":"hide","target":"generic-field-96688"}]},{"operator":"equals","value":{"value":"TRUE"},"actions":[{"action":"show","target":"generic-field-96688"}]},{"operator":"empty","actions":[{"action":"hide","target":"generic-field-96688"}]}]},{"field":"klinisk_kontakt/nrs_2002/uspesifisert_hendelse/hovedscreening/total_score","conditions":[{"operator":"lt","value":{"value":"3"},"actions":[{"action":"show","target":"generic-field-30114"},{"action":"show","target":"generic-field-95863"},{"action":"hide","target":"generic-field-35634"},{"action":"hide","target":"generic-field-37364"}]},{"operator":"ge","value":{"value":"3"},"actions":[{"action":"show","target":"generic-field-37364"},{"action":"hide","target":"generic-field-30114"},{"action":"show","target":"generic-field-35634"}]},{"operator":"empty","actions":[{"action":"hide","target":"generic-field-30114"},{"action":"hide","target":"generic-field-95863"},{"action":"hide","target":"generic-field-35634"},{"action":"hide","target":"generic-field-37364"},{"action":"hide","target":"klinisk_kontakt/nrs_2002/uspesifisert_hendelse/hovedscreening/total_score"}]},{"operator":"notempty","actions":[{"action":"show","target":"klinisk_kontakt/nrs_2002/uspesifisert_hendelse/hovedscreening/total_score"}]}]},{"field":"generic-field-62032","conditions":[{"operator":"equals","value":{"value":"TRUE"},"actions":[{"action":"set","target":"klinisk_kontakt/nrs_2002/uspesifisert_hendelse/innledende_screening/er_bmi_<_20,5","value":{"code":"at0033"}}]},{"operator":"equals","value":{"value":"FALSE"},"actions":[{"action":"set","target":"klinisk_kontakt/nrs_2002/uspesifisert_hendelse/innledende_screening/er_bmi_<_20,5","value":{"code":"at0034"}}]}]},{"field":"generic-field-06252","conditions":[{"operator":"equals","value":{"value":"TRUE"},"actions":[{"action":"show","target":"generic-field-91187"},{"action":"show","target":"generic-field-53125"}]},{"operator":"notequals","value":{"value":"TRUE"},"actions":[{"action":"hide","target":"generic-field-91187"},{"action":"hide","target":"generic-field-53125"}]}]}]