{"name":"Form root","localizedNames":{},"localizedDescriptions":{},"rmType":"FORM_DEFINITION","min":0,"max":0,"formId":"form_root","viewConfig":{"label":{"custom":false,"useLocalizations":false},"size":{"field":"inherit","label":"inherit"},"layout":{"label":{"valign":"inherit","align":"inherit"},"field":{"valign":"inherit","align":"inherit"}},"annotations":{"#resp":"SELECT c/uid/value as CID, o/data[at0001]/events[at0002]/data[at0003]/items[at0004]/value FROM COMPOSITION c CONTAINS OBSERVATION o[openEHR-EHR-OBSERVATION.respiration.v1]  ORDER BY o/data[at0001]/events[at0002]/time/value desc  limit 1","#spo2":"SELECT c/uid/value as CID, o/data[at0001]/events[at0002]/data[at0003]/items[at0006]/value FROM COMPOSITION c CONTAINS OBSERVATION o[openEHR-EHR-OBSERVATION.indirect_oximetry.v1]  ORDER BY o/data[at0001]/events[at0002]/time desc limit 1","#bp":"SELECT c/uid/value as CID, o/data[at0001]/events[at0006]/data[at0003]/items[at0004]/value FROM COMPOSITION c CONTAINS OBSERVATION o[openEHR-EHR-OBSERVATION.blood_pressure.v1]  ORDER BY o/data[at0001]/events[at0006]/time/value desc limit 1","#pulse":"SELECT c/uid/value as CID, o/data[at0002]/events[at0003]/data[at0001]/items[at0004]/value FROM COMPOSITION c CONTAINS OBSERVATION o[openEHR-EHR-OBSERVATION.pulse.v1]  ORDER BY o/data[at0002]/events[at0003]/time/value desc limit 1","#tempAQL":"SELECT c/uid/value as CID, o/data[at0002]/events[at0003]/data[at0001]/items[at0004]/value FROM COMPOSITION c  CONTAINS OBSERVATION o[openEHR-EHR-OBSERVATION.body_temperature.v1]  ORDER BY o/data[at0002]/events[at0003]/time/value desc  limit 1"}},"children":[{"name":"NEWS","localizedName":"NEWS","localizedNames":{"en":"*NEWS (en)","nb":"NEWS"},"localizedDescriptions":{"nb":"NEWS (National Early Warning Score) er et skåringsverktøy som benyttes for å gi en objektiv vurdering av grad av klinisk forverring hos en pasient. Denne versjonen følger retningslinjer utgitt av the UK Royal College of Physicians.","en":"*NEWS (National Early Warning Score) er et skåringsverktøy som benyttes for å gi en objektiv vurdering av grad av klinisk forverring hos en pasient. Denne versjonen følger retningslinjer utgitt av the UK Royal College of Physicians. (nb)"},"rmType":"OBSERVATION","nodeId":"openEHR-EHR-OBSERVATION.news_uk_rcp.v1","min":0,"max":1,"aqlPath":"/content[openEHR-EHR-OBSERVATION.news_uk_rcp.v1]","inputs":[],"formId":"news/news","viewConfig":{"multiplicity":{"min":0,"max":1},"advanced":{"hidden":false,"readonly":false,"hideFrame":false,"render":false},"label":{"custom":false,"useLocalizations":false},"size":{"field":"inherit","label":"inherit"},"layout":{"label":{"valign":"inherit","align":"top"},"field":{"valign":"inherit","align":"inherit"}},"annotations":{},"field":{}},"children":[{"name":"Respirasjonsfrekvens","localizedName":"Respirasjonsfrekvens","localizedNames":{"en":"*Respirasjonsfrekvens (en)","nb":"Respirasjonsfrekvens"},"localizedDescriptions":{"nb":"*","en":"** (nb)"},"rmType":"DV_QUANTITY","nodeId":"at0001","min":1,"max":1,"aqlPath":"/content[openEHR-EHR-OBSERVATION.news_uk_rcp.v1]/protocol[at0045]/items[openEHR-EHR-CLUSTER.news_base_data.v0]/items[at0001]/value","inputs":[{"suffix":"magnitude","type":"DECIMAL","defaultValue":"","listOpen":false},{"suffix":"unit","type":"CODED_TEXT","list":[{"value":"/min","label":"/min","validation":{"range":{"minOp":">=","min":0.0,"maxOp":"<=","max":200.0},"precision":{"minOp":">=","min":0.0,"maxOp":"<=","max":0.0}},"ordinal":0,"localizedLabels":{},"localizedDescriptions":{}}],"defaultValue":"/min","listOpen":false}],"formId":"news/news/news_grunnlagsdata/respirasjonsfrekvens","viewConfig":{"multiplicity":{"min":1,"max":1},"advanced":{"hidden":false,"readonly":false,"hideFrame":false,"render":false},"label":{"custom":false,"useLocalizations":false},"size":{"field":"inherit","label":"inherit"},"layout":{"label":{"valign":"inherit","align":"inherit"},"field":{"valign":"inherit","align":"inherit"}},"annotations":{"select":"{#resp}"},"field":{}}},{"name":"Oksygenmetning","localizedName":"Oksygenmetning","localizedNames":{"en":"*Oksygenmetning (en)","nb":"Oksygenmetning"},"localizedDescriptions":{"nb":"*","en":"** (nb)"},"rmType":"DV_PROPORTION","nodeId":"at0002","min":0,"max":1,"aqlPath":"/content[openEHR-EHR-OBSERVATION.news_uk_rcp.v1]/protocol[at0045]/items[openEHR-EHR-CLUSTER.news_base_data.v0]/items[at0002]/value","inputs":[{"suffix":"numerator","type":"INTEGER","validation":{"range":{"minOp":">=","min":0.0,"maxOp":"<=","max":100.0}},"listOpen":false},{"suffix":"denominator","type":"INTEGER","validation":{"range":{"minOp":">=","min":100.0,"maxOp":"<=","max":100.0}},"defaultValue":"100","listOpen":false}],"formId":"news/news/news_grunnlagsdata/oksygenmetning","viewConfig":{"multiplicity":{"min":0,"max":1},"advanced":{"hidden":false,"readonly":false,"hideFrame":false,"render":false},"label":{"custom":false,"useLocalizations":false},"size":{"field":"inherit","label":"inherit"},"layout":{"label":{"valign":"inherit","align":"inherit"},"field":{"valign":"inherit","align":"inherit"}},"annotations":{"select":"{#spo2}"}}},{"name":"Tilførsel av oksygen","localizedName":"Tilførsel av oksygen","localizedNames":{"en":"*Tilførsel av oksygen (en)","nb":"Tilførsel av oksygen"},"localizedDescriptions":{"nb":"*","en":"** (nb)"},"rmType":"DV_BOOLEAN","nodeId":"at0003","min":0,"max":1,"aqlPath":"/content[openEHR-EHR-OBSERVATION.news_uk_rcp.v1]/protocol[at0045]/items[openEHR-EHR-CLUSTER.news_base_data.v0]/items[at0003]/value","inputs":[{"type":"BOOLEAN","defaultValue":"False","listOpen":false}],"formId":"news/news/news_grunnlagsdata/tilførsel_av_oksygen","viewConfig":{"multiplicity":{"min":0,"max":1},"advanced":{"hidden":false,"readonly":false,"hideFrame":false,"render":false},"label":{"custom":false,"useLocalizations":false},"size":{"field":"inherit","label":"inherit"},"layout":{"label":{"valign":"inherit","align":"inherit"},"field":{"valign":"inherit","align":"inherit"}},"annotations":{},"field":{"input":{"threeState":false}}}},{"name":"Temperatur","localizedName":"Temperatur","localizedNames":{"en":"*Temperatur (en)","nb":"Temperatur"},"localizedDescriptions":{"nb":"*","en":"** (nb)"},"rmType":"DV_QUANTITY","nodeId":"at0004","min":1,"max":1,"aqlPath":"/content[openEHR-EHR-OBSERVATION.news_uk_rcp.v1]/protocol[at0045]/items[openEHR-EHR-CLUSTER.news_base_data.v0]/items[at0004]/value","inputs":[{"suffix":"magnitude","type":"DECIMAL","defaultValue":"","listOpen":false},{"suffix":"unit","type":"CODED_TEXT","list":[{"value":"°C","label":"°C","validation":{"range":{"minOp":">","maxOp":"<"}},"ordinal":0,"localizedLabels":{},"localizedDescriptions":{}}],"defaultValue":"°C","listOpen":false}],"formId":"news/news/news_grunnlagsdata/temperatur","viewConfig":{"multiplicity":{"min":1,"max":1},"advanced":{"hidden":false,"readonly":false,"hideFrame":false,"render":false},"label":{"custom":false,"useLocalizations":false},"size":{"field":"inherit","label":"inherit"},"layout":{"label":{"valign":"inherit","align":"inherit"},"field":{"valign":"inherit","align":"inherit"}},"annotations":{"select":"{#tempAQL}"},"field":{}}},{"name":"Systolisk blodtrykk","localizedName":"Systolisk blodtrykk","localizedNames":{"en":"*Systolisk blodtrykk (en)","nb":"Systolisk blodtrykk"},"localizedDescriptions":{"nb":"*","en":"** (nb)"},"rmType":"DV_QUANTITY","nodeId":"at0005","min":1,"max":1,"aqlPath":"/content[openEHR-EHR-OBSERVATION.news_uk_rcp.v1]/protocol[at0045]/items[openEHR-EHR-CLUSTER.news_base_data.v0]/items[at0005]/value","inputs":[{"suffix":"magnitude","type":"DECIMAL","defaultValue":"","listOpen":false},{"suffix":"unit","type":"CODED_TEXT","list":[{"value":"mm[Hg]","label":"mm[Hg]","validation":{"range":{"minOp":">","maxOp":"<"}},"ordinal":0,"localizedLabels":{},"localizedDescriptions":{}}],"defaultValue":"mm[Hg]","listOpen":false}],"formId":"news/news/news_grunnlagsdata/systolisk_blodtrykk","viewConfig":{"multiplicity":{"min":1,"max":1},"advanced":{"hidden":false,"readonly":false,"hideFrame":false,"render":false},"label":{"custom":false,"useLocalizations":false},"size":{"field":"inherit","label":"inherit"},"layout":{"label":{"valign":"inherit","align":"inherit"},"field":{"valign":"inherit","align":"inherit"}},"annotations":{"select":"{#bp}"},"field":{}}},{"name":"Hjertefrekvens/puls","localizedName":"Hjertefrekvens/puls","localizedNames":{"en":"*Hjertefrekvens/puls (en)","nb":"Hjertefrekvens/puls"},"localizedDescriptions":{"nb":"*","en":"** (nb)"},"rmType":"DV_QUANTITY","nodeId":"at0006","min":0,"max":1,"aqlPath":"/content[openEHR-EHR-OBSERVATION.news_uk_rcp.v1]/protocol[at0045]/items[openEHR-EHR-CLUSTER.news_base_data.v0]/items[at0006]/value","inputs":[{"suffix":"magnitude","type":"DECIMAL","defaultValue":"","listOpen":false},{"suffix":"unit","type":"CODED_TEXT","list":[{"value":"/min","label":"/min","validation":{"range":{"minOp":">=","min":0.0,"maxOp":"<=","max":1000.0},"precision":{"minOp":">=","min":0.0,"maxOp":"<=","max":0.0}},"ordinal":0,"localizedLabels":{},"localizedDescriptions":{}}],"defaultValue":"/min","listOpen":false}],"formId":"news/news/news_grunnlagsdata/hjertefrekvens_puls","viewConfig":{"multiplicity":{"min":0,"max":1},"advanced":{"hidden":false,"readonly":false,"hideFrame":false,"render":false},"label":{"custom":false,"useLocalizations":false},"size":{"field":"inherit","label":"inherit"},"layout":{"label":{"valign":"inherit","align":"inherit"},"field":{"valign":"inherit","align":"inherit"}},"annotations":{"select":"{#pulse}"},"field":{}}},{"name":"AVPU Observasjon","localizedName":"AVPU Observasjon","localizedNames":{"en":"*AVPU Observasjon (en)","nb":"AVPU Observasjon"},"localizedDescriptions":{"nb":"The observation of the patient's responsiveness.","en":"*The observation of the patient's responsiveness. (nb)"},"rmType":"DV_CODED_TEXT","nodeId":"at0007","min":1,"max":1,"aqlPath":"/content[openEHR-EHR-OBSERVATION.news_uk_rcp.v1]/protocol[at0045]/items[openEHR-EHR-CLUSTER.news_base_data.v0]/items[at0007]/value","inputs":[{"suffix":"code","type":"CODED_TEXT","list":[{"value":"at0008","label":"Våken","ordinal":0,"localizedLabels":{"nb":"Våken","en":"*Våken (nb)"},"localizedDescriptions":{"nb":"*","en":"** (nb)"}},{"value":"at0009","label":"Tiltale","ordinal":0,"localizedLabels":{"nb":"Tiltale","en":"*Tiltale (nb)"},"localizedDescriptions":{"nb":"*","en":"** (nb)"}},{"value":"at0010","label":"Smerte","ordinal":0,"localizedLabels":{"nb":"Smerte","en":"*Smerte (nb)"},"localizedDescriptions":{"nb":"*","en":"** (nb)"}},{"value":"at0011","label":"Reagerer ikke","ordinal":0,"localizedLabels":{"nb":"Reagerer ikke","en":"*Reagerer ikke (nb)"},"localizedDescriptions":{"nb":"*","en":"** (nb)"}}],"listOpen":false}],"formId":"news/news/news_grunnlagsdata/avpu_observasjon","viewConfig":{"multiplicity":{"min":1,"max":1},"advanced":{"hidden":false,"readonly":false,"hideFrame":false,"render":false},"label":{"custom":false,"useLocalizations":false},"size":{"field":"inherit","label":"inherit"},"layout":{"label":{"valign":"inherit","align":"inherit"},"field":{"valign":"inherit","align":"inherit"}},"annotations":{},"field":{"code":{"presentation":"combobox","columns":"4"}}}},{"name":"Respirasjonsfrekvens","localizedName":"Respirasjonsfrekvens","localizedNames":{"en":"*Respirasjonsfrekvens (en)","nb":"Respirasjonsfrekvens"},"localizedDescriptions":{"nb":"Pasientens respirasjonsfrekvens.","en":"*Pasientens respirasjonsfrekvens. (nb)"},"rmType":"DV_ORDINAL","nodeId":"at0006","min":0,"max":1,"aqlPath":"/content[openEHR-EHR-OBSERVATION.news_uk_rcp.v1]/data[at0001]/events[at0002]/data[at0003]/items[at0006]/value","inputs":[{"type":"CODED_TEXT","list":[{"value":"at0018","label":"12-20","ordinal":0,"localizedLabels":{"nb":"12-20","en":"*12-20 (nb)"},"localizedDescriptions":{"nb":"Respirasjonsfrekvensen målt fra og med 12 til og med 20 pust per min; skåres som 0 poeng.","en":"*Respirasjonsfrekvensen målt fra og med 12 til og med 20 pust per min; skåres som 0 poeng. (nb)"}},{"value":"at0019","label":"9-11","ordinal":1,"localizedLabels":{"nb":"9-11","en":"*9-11 (nb)"},"localizedDescriptions":{"nb":"Respirasjonsfrekvensen målt fra og med 9 til og med 11 pust per min; skåres som 1 poeng.","en":"*Respirasjonsfrekvensen målt fra og med 9 til og med 11 pust per min; skåres som 1 poeng. (nb)"}},{"value":"at0020","label":"21-24","ordinal":2,"localizedLabels":{"nb":"21-24","en":"*21-24 (nb)"},"localizedDescriptions":{"nb":"Respirasjonsfrekvensen målt fra og med 21 til og med 24 pust per min; skåres som 2 poeng.","en":"*Respirasjonsfrekvensen målt fra og med 21 til og med 24 pust per min; skåres som 2 poeng. (nb)"}},{"value":"at0021","label":"=8 eller =25","ordinal":3,"localizedLabels":{"nb":"=8 eller =25","en":"*=8 eller =25 (nb)"},"localizedDescriptions":{"nb":"Respirasjonsfrekvensen målt, mindre enn eller lik 8, eller større enn eller lik 25 pust per min; skåres som 3 poeng.","en":"*Respirasjonsfrekvensen målt, mindre enn eller lik 8, eller større enn eller lik 25 pust per min; skåres som 3 poeng. (nb)"}}],"listOpen":false}],"formId":"news/news/respirasjonsfrekvens","viewConfig":{"multiplicity":{"min":0,"max":1},"advanced":{"hidden":false,"readonly":true,"hideFrame":false,"render":false},"label":{"custom":false,"useLocalizations":false},"size":{"field":"inherit","label":"inherit"},"layout":{"label":{"valign":"inherit","align":"inherit"},"field":{"valign":"inherit","align":"inherit"}},"annotations":{"calcId":"resp"},"field":{"presentation":"combobox","columns":"4","input":{"presentation":"combobox","columns":"4"}}}},{"name":"Oksygenmetning","localizedName":"Oksygenmetning","localizedNames":{"en":"*Oksygenmetning (en)","nb":"Oksygenmetning"},"localizedDescriptions":{"nb":"Pasientens oksygenmetning.","en":"*Pasientens oksygenmetning. (nb)"},"rmType":"DV_ORDINAL","nodeId":"at0029","min":0,"max":1,"aqlPath":"/content[openEHR-EHR-OBSERVATION.news_uk_rcp.v1]/data[at0001]/events[at0002]/data[at0003]/items[at0029]/value","inputs":[{"type":"CODED_TEXT","list":[{"value":"at0030","label":"=96","ordinal":0,"localizedLabels":{"nb":"=96","en":"*=96 (nb)"},"localizedDescriptions":{"nb":"Oksygenmetning målt større enn eller lik 96 prosent; skåres som 0 poeng.","en":"*Oksygenmetning målt større enn eller lik 96 prosent; skåres som 0 poeng. (nb)"}},{"value":"at0031","label":"94-95","ordinal":1,"localizedLabels":{"nb":"94-95","en":"*94-95 (nb)"},"localizedDescriptions":{"nb":"Oksygenmetning målt fra og med 94 til og med 95 prosent; skåres som 1 poeng.","en":"*Oksygenmetning målt fra og med 94 til og med 95 prosent; skåres som 1 poeng. (nb)"}},{"value":"at0032","label":"92-93","ordinal":2,"localizedLabels":{"nb":"92-93","en":"*92-93 (nb)"},"localizedDescriptions":{"nb":"Oksygenmetning målt fra og med 92 til og med 93 prosent; skåres som 2 poeng.","en":"*Oksygenmetning målt fra og med 92 til og med 93 prosent; skåres som 2 poeng. (nb)"}},{"value":"at0033","label":"=91","ordinal":3,"localizedLabels":{"nb":"=91","en":"*=91 (nb)"},"localizedDescriptions":{"nb":"Oksygenmetning målt som mindre enn eller lik 91 prosent; skåres som 3 poeng.","en":"*Oksygenmetning målt som mindre enn eller lik 91 prosent; skåres som 3 poeng. (nb)"}}],"listOpen":false}],"formId":"news/news/oksygenmetning","viewConfig":{"multiplicity":{"min":0,"max":1},"advanced":{"hidden":false,"readonly":true,"hideFrame":false,"render":false},"label":{"custom":false,"useLocalizations":false},"size":{"field":"inherit","label":"inherit"},"layout":{"label":{"valign":"inherit","align":"inherit"},"field":{"valign":"inherit","align":"inherit"}},"annotations":{"calcId":"o2"},"field":{"presentation":"combobox","columns":"4","input":{"presentation":"combobox","columns":"4"}}}},{"name":"Tilførsel av oksygen","localizedName":"Tilførsel av oksygen","localizedNames":{"en":"*Tilførsel av oksygen (en)","nb":"Tilførsel av oksygen"},"localizedDescriptions":{"nb":"Om pasienten tilføres oksygen for å opprettholde oksygenmetningen.","en":"*Om pasienten tilføres oksygen for å opprettholde oksygenmetningen. (nb)"},"rmType":"DV_ORDINAL","nodeId":"at0034","min":0,"max":1,"aqlPath":"/content[openEHR-EHR-OBSERVATION.news_uk_rcp.v1]/data[at0001]/events[at0002]/data[at0003]/items[at0034]/value","inputs":[{"type":"CODED_TEXT","list":[{"value":"at0036","label":"Nei","ordinal":0,"localizedLabels":{"nb":"Nei","en":"*Nei (nb)"},"localizedDescriptions":{"nb":"Pasienten tilføres ikke oksygen; skåres som 0 poeng.","en":"*Pasienten tilføres ikke oksygen; skåres som 0 poeng. (nb)"}},{"value":"at0037","label":"Ja","ordinal":2,"localizedLabels":{"nb":"Ja","en":"*Ja (nb)"},"localizedDescriptions":{"nb":"Pasienten tilføres oksygen; skåres som 2 poeng.","en":"*Pasienten tilføres oksygen; skåres som 2 poeng. (nb)"}}],"listOpen":false}],"formId":"news/news/tilførsel_av_oksygen","viewConfig":{"multiplicity":{"min":0,"max":1},"advanced":{"hidden":false,"readonly":true,"hideFrame":false,"render":false},"label":{"custom":false,"useLocalizations":false},"size":{"field":"inherit","label":"inherit"},"layout":{"label":{"valign":"inherit","align":"inherit"},"field":{"valign":"inherit","align":"inherit"}},"annotations":{"calcId":"am02"},"field":{"presentation":"combobox","columns":"2","input":{"presentation":"combobox","columns":"2"}}}},{"name":"Kroppstemperatur","localizedName":"Kroppstemperatur","localizedNames":{"en":"*Kroppstemperatur (en)","nb":"Kroppstemperatur"},"localizedDescriptions":{"nb":"Pasientens kroppstemperatur.","en":"*Pasientens kroppstemperatur. (nb)"},"rmType":"DV_ORDINAL","nodeId":"at0007","min":0,"max":1,"aqlPath":"/content[openEHR-EHR-OBSERVATION.news_uk_rcp.v1]/data[at0001]/events[at0002]/data[at0003]/items[at0007]/value","inputs":[{"type":"CODED_TEXT","list":[{"value":"at0022","label":"36.1-38.0","ordinal":0,"localizedLabels":{"nb":"36.1-38.0","en":"*36.1-38.0 (nb)"},"localizedDescriptions":{"nb":"Kroppstemperatur målt fra og med 36,1 til og med 38,0 grader Celsius; skåres til 0 poeng.","en":"*Kroppstemperatur målt fra og med 36,1 til og med 38,0 grader Celsius; skåres til 0 poeng. (nb)"}},{"value":"at0023","label":"35.1-36.0 eller 38.1-39.0","ordinal":1,"localizedLabels":{"nb":"35.1-36.0 eller 38.1-39.0","en":"*35.1-36.0 eller 38.1-39.0 (nb)"},"localizedDescriptions":{"nb":"Kroppstemperatur målt fra og med 35,1 til og med 36,0 grader Celsius eller fra og med 38,1 til og med 39,0 grader Celsius; skåres til 1 poeng.","en":"*Kroppstemperatur målt fra og med 35,1 til og med 36,0 grader Celsius eller fra og med 38,1 til og med 39,0 grader Celsius; skåres til 1 poeng. (nb)"}},{"value":"at0038","label":"=39,1","ordinal":2,"localizedLabels":{"nb":"=39,1","en":"*=39,1 (nb)"},"localizedDescriptions":{"nb":"Kroppstemperatur målt større enn eller lik 39,1 grader Celcius; skåres som 2 poeng.","en":"*Kroppstemperatur målt større enn eller lik 39,1 grader Celcius; skåres som 2 poeng. (nb)"}},{"value":"at0039","label":"=35","ordinal":3,"localizedLabels":{"nb":"=35","en":"*=35 (nb)"},"localizedDescriptions":{"nb":"Kroppstemperatur målt mindre enn eller lik 35,0 grader Celcius; skåres som 3 poeng.","en":"*Kroppstemperatur målt mindre enn eller lik 35,0 grader Celcius; skåres som 3 poeng. (nb)"}}],"listOpen":false}],"formId":"news/news/kroppstemperatur","viewConfig":{"multiplicity":{"min":0,"max":1},"advanced":{"hidden":false,"readonly":true,"hideFrame":false,"render":false},"label":{"custom":false,"useLocalizations":false},"size":{"field":"inherit","label":"inherit"},"layout":{"label":{"valign":"inherit","align":"inherit"},"field":{"valign":"inherit","align":"inherit"}},"annotations":{"calcId":"temp"},"field":{"presentation":"combobox","columns":"4","input":{"presentation":"combobox","columns":"4"}}}},{"name":"Systolisk blodtrykk","localizedName":"Systolisk blodtrykk","localizedNames":{"en":"*Systolisk blodtrykk (en)","nb":"Systolisk blodtrykk"},"localizedDescriptions":{"nb":"Pasientens systoliske blodtrykk.","en":"*Pasientens systoliske blodtrykk. (nb)"},"rmType":"DV_ORDINAL","nodeId":"at0004","min":0,"max":1,"aqlPath":"/content[openEHR-EHR-OBSERVATION.news_uk_rcp.v1]/data[at0001]/events[at0002]/data[at0003]/items[at0004]/value","inputs":[{"type":"CODED_TEXT","list":[{"value":"at0014","label":"111-219","ordinal":0,"localizedLabels":{"nb":"111-219","en":"*111-219 (nb)"},"localizedDescriptions":{"nb":"Det systoliske blodtrykket målt fra og med 111 til og med 219 mmHg; skåres som 0 poeng.","en":"*Det systoliske blodtrykket målt fra og med 111 til og med 219 mmHg; skåres som 0 poeng. (nb)"}},{"value":"at0015","label":"101-110","ordinal":1,"localizedLabels":{"nb":"101-110","en":"*101-110 (nb)"},"localizedDescriptions":{"nb":"Det systoliske blodtrykket målt fra og med 101 til og med 110 mmHg; skåres som 1 poeng.","en":"*Det systoliske blodtrykket målt fra og med 101 til og med 110 mmHg; skåres som 1 poeng. (nb)"}},{"value":"at0016","label":"91-100","ordinal":2,"localizedLabels":{"nb":"91-100","en":"*91-100 (nb)"},"localizedDescriptions":{"nb":"Det systoliske blodtrykket målt fra og med 91 til og med 100 mmHg; skåres som 2 poeng.","en":"*Det systoliske blodtrykket målt fra og med 91 til og med 100 mmHg; skåres som 2 poeng. (nb)"}},{"value":"at0017","label":"=90 eller =220","ordinal":3,"localizedLabels":{"nb":"=90 eller =220","en":"*=90 eller =220 (nb)"},"localizedDescriptions":{"nb":"Det systoliske blodtrykket målt mindre enn eller lik 90 mmHg eller større enn eller lik 220 mmHg; skåres som 3 poeng.","en":"*Det systoliske blodtrykket målt mindre enn eller lik 90 mmHg eller større enn eller lik 220 mmHg; skåres som 3 poeng. (nb)"}}],"listOpen":false}],"formId":"news/news/systolisk_blodtrykk","viewConfig":{"multiplicity":{"min":0,"max":1},"advanced":{"hidden":false,"readonly":true,"hideFrame":false,"render":false},"label":{"custom":false,"useLocalizations":false},"size":{"field":"inherit","label":"inherit"},"layout":{"label":{"valign":"inherit","align":"inherit"},"field":{"valign":"inherit","align":"inherit"}},"annotations":{"calcId":"bp"},"field":{"presentation":"combobox","columns":"4","input":{"presentation":"combobox","columns":"4"}}}},{"name":"Hjertefrekvens/puls","localizedName":"Hjertefrekvens/puls","localizedNames":{"en":"*Hjertefrekvens/puls (en)","nb":"Hjertefrekvens/puls"},"localizedDescriptions":{"nb":"Pasientens hjertefrekvens.","en":"*Pasientens hjertefrekvens. (nb)"},"rmType":"DV_ORDINAL","nodeId":"at0005","min":0,"max":1,"aqlPath":"/content[openEHR-EHR-OBSERVATION.news_uk_rcp.v1]/data[at0001]/events[at0002]/data[at0003]/items[at0005]/value","inputs":[{"type":"CODED_TEXT","list":[{"value":"at0013","label":"51-90","ordinal":0,"localizedLabels":{"nb":"51-90","en":"*51-90 (nb)"},"localizedDescriptions":{"nb":"Hjertefrekvensen målt fra og med 51 til og med 90 pulsslag per min; skåres som 0 poeng.","en":"*Hjertefrekvensen målt fra og med 51 til og med 90 pulsslag per min; skåres som 0 poeng. (nb)"}},{"value":"at0012","label":"41-50 eller 91-110","ordinal":1,"localizedLabels":{"nb":"41-50 eller 91-110","en":"*41-50 eller 91-110 (nb)"},"localizedDescriptions":{"nb":"Hjertefrekvensen målt fra og med 41 til og med 50 pulsslag per min eller fra og med 91 til og med 110 pulsslag per min; skåres som 1 poeng.","en":"*Hjertefrekvensen målt fra og med 41 til og med 50 pulsslag per min eller fra og med 91 til og med 110 pulsslag per min; skåres som 1 poeng. (nb)"}},{"value":"at0011","label":"111-130","ordinal":2,"localizedLabels":{"nb":"111-130","en":"*111-130 (nb)"},"localizedDescriptions":{"nb":"Hjertefrekvensen målt fra og med 111 til og med 130 pulsslag per min; skåres som 2 poeng.","en":"*Hjertefrekvensen målt fra og med 111 til og med 130 pulsslag per min; skåres som 2 poeng. (nb)"}},{"value":"at0010","label":"=40 eller =131","ordinal":3,"localizedLabels":{"nb":"=40 eller =131","en":"*=40 eller =131 (nb)"},"localizedDescriptions":{"nb":"Hjertefrekvensen målt som mindre enn eller lik 40 pulsslag per min eller større enn eller lik 131 pulsslag per min; skåres som 3 poeng.","en":"*Hjertefrekvensen målt som mindre enn eller lik 40 pulsslag per min eller større enn eller lik 131 pulsslag per min; skåres som 3 poeng. (nb)"}}],"listOpen":false}],"formId":"news/news/hjertefrekvens_puls","viewConfig":{"multiplicity":{"min":0,"max":1},"advanced":{"hidden":false,"readonly":true,"hideFrame":false,"render":false},"label":{"custom":false,"useLocalizations":false},"size":{"field":"inherit","label":"inherit"},"layout":{"label":{"valign":"inherit","align":"inherit"},"field":{"valign":"inherit","align":"inherit"}},"annotations":{"calcId":"pulse"},"field":{"presentation":"combobox","columns":"4","input":{"presentation":"combobox","columns":"4"}}}},{"name":"Bevissthetsgrad","localizedName":"Bevissthetsgrad","localizedNames":{"en":"*Bevissthetsgrad (en)","nb":"Bevissthetsgrad"},"localizedDescriptions":{"nb":"Observert kategori for AVPU scoring av pasientens bevissthetstilstand.","en":"*Observert kategori for AVPU scoring av pasientens bevissthetstilstand. (nb)"},"rmType":"DV_ORDINAL","nodeId":"at0008","min":0,"max":1,"aqlPath":"/content[openEHR-EHR-OBSERVATION.news_uk_rcp.v1]/data[at0001]/events[at0002]/data[at0003]/items[at0008]/value","inputs":[{"type":"CODED_TEXT","list":[{"value":"at0024","label":"A","ordinal":0,"localizedLabels":{"nb":"A","en":"*A (nb)"},"localizedDescriptions":{"nb":"Pasienten er helt våken; skåres som 0 poeng.","en":"*Pasienten er helt våken; skåres som 0 poeng. (nb)"}},{"value":"at0025","label":"V, P eller U","ordinal":3,"localizedLabels":{"nb":"V, P eller U","en":"*V, P eller U (nb)"},"localizedDescriptions":{"nb":"V - Reagerer på lyd/ tiltale, P - Reagerer på smerte, U - Reagerer ikke; skåres som 3 poeng.","en":"*V - Reagerer på lyd/ tiltale, P - Reagerer på smerte, U - Reagerer ikke; skåres som 3 poeng. (nb)"}}],"listOpen":false}],"formId":"news/news/bevissthetsgrad","viewConfig":{"multiplicity":{"min":0,"max":1},"advanced":{"hidden":false,"readonly":true,"hideFrame":false,"render":false},"label":{"custom":false,"useLocalizations":false},"size":{"field":"inherit","label":"inherit"},"layout":{"label":{"valign":"inherit","align":"inherit"},"field":{"valign":"inherit","align":"inherit"}},"annotations":{"calcId":"conc"},"field":{"presentation":"combobox","columns":"2","input":{"presentation":"combobox","columns":"2"}}}},{"name":"Sammendrag","localizedName":"Sammendrag","localizedNames":{"en":"*Sammendrag (en)","nb":"Sammendrag"},"localizedDescriptions":{},"rmType":"GENERIC_FIELDSET","min":0,"max":1,"inputs":[],"formId":"generic-field-42369","viewConfig":{"multiplicity":{"min":0,"max":1},"advanced":{"hidden":false,"readonly":false,"hideFrame":false,"render":false},"label":{"custom":false,"useLocalizations":false},"size":{"field":"inherit","label":"inherit"},"layout":{"label":{"valign":"inherit","align":"inherit"},"field":{"valign":"inherit","align":"inherit"}},"annotations":{"alertType":"TIP"},"field":{"formId":null,"name":null}},"children":[{"name":"Totalskår","localizedName":"Totalskår","localizedNames":{"en":"*Totalskår (en)","nb":"Totalskår"},"localizedDescriptions":{"nb":"Summen av skår til hvert enkelt NEWS-parameter.","en":"*Summen av skår til hvert enkelt NEWS-parameter. (nb)"},"rmType":"DV_COUNT","nodeId":"at0028","min":0,"max":1,"aqlPath":"/content[openEHR-EHR-OBSERVATION.news_uk_rcp.v1]/data[at0001]/events[at0002]/data[at0003]/items[at0028]/value","inputs":[{"type":"INTEGER","validation":{"range":{"minOp":">=","min":0.0,"maxOp":"<=","max":20.0}},"defaultValue":"","listOpen":false}],"formId":"news/news/totalskår","viewConfig":{"multiplicity":{"min":0,"max":1},"advanced":{"hidden":false,"readonly":false,"hideFrame":false,"render":false},"label":{"custom":false,"useLocalizations":false},"size":{"field":"inherit","label":"inherit"},"layout":{"label":{"valign":"middle","align":"left"},"field":{"valign":"inherit","align":"inherit"}},"annotations":{"calc":"sum(resp, o2,am02,temp, bp,pulse,conc)","headerSize":"H1"},"field":{}},"annotations":{"comment":"Totalskår vil normalt beregnes automatisk i en applikasjon."}},{"name":"Kommentar","localizedName":"Kommentar","localizedNames":{"en":"*Kommentar (en)","nb":"Kommentar"},"localizedDescriptions":{"nb":"Ytterligere kommentar til NEWS-skåringen som ikke er fanget opp i andre felt.","en":"*Ytterligere kommentar til NEWS-skåringen som ikke er fanget opp i andre felt. (nb)"},"rmType":"DV_TEXT","nodeId":"at0044","min":0,"max":1,"aqlPath":"/content[openEHR-EHR-OBSERVATION.news_uk_rcp.v1]/data[at0001]/events[at0002]/data[at0003]/items[at0044]/value","inputs":[{"type":"TEXT","list":[],"listOpen":false}],"formId":"news/news/kommentar","viewConfig":{"multiplicity":{"min":0,"max":1},"advanced":{"hidden":false,"readonly":false,"hideFrame":false,"render":false},"label":{"custom":false,"useLocalizations":false},"size":{"field":"inherit","label":"inherit"},"layout":{"label":{"valign":"inherit","align":"inherit"},"field":{"valign":"inherit","align":"inherit"}},"datasource":{"loadRemote":false,"parameters":{}},"annotations":{},"field":{"lines":"4","input":{"lines":4}}}}]},{"name":"Konfunderende faktorer","localizedName":"Konfunderende faktorer","localizedNames":{"en":"*Konfunderende faktorer (en)","nb":"Konfunderende faktorer"},"localizedDescriptions":{"nb":"Kommentar til og registrering av faktorer som kan ha betydning for skåren."},"rmType":"DV_TEXT","nodeId":"at0043","min":0,"max":1,"aqlPath":"/content[openEHR-EHR-OBSERVATION.news_uk_rcp.v1]/data[at0001]/events[at0002]/state[at0041]/items[at0043]/value","inputs":[{"type":"TEXT","list":[],"listOpen":false}],"formId":"news/news/konfunderende_faktorer","viewConfig":{"multiplicity":{"min":0,"max":1},"advanced":{"hidden":true,"readonly":false,"hideFrame":false,"render":false},"label":{"custom":false,"useLocalizations":false},"size":{"field":"inherit","label":"inherit"},"layout":{"label":{"valign":"inherit","align":"inherit"},"field":{"valign":"inherit","align":"inherit"}},"datasource":{"loadRemote":false,"parameters":{}},"annotations":{},"field":{"lines":null,"input":{}}},"dependsOn":["kroppstemperatur","oksygenmetning","respirasjonsfrekvens","systolisk_blodtrykk","tilførsel_av_oksygen","hjertefrekvens_puls","kommentar","totalskår","bevissthetsgrad"],"annotations":{"comment":"For eksempel om pasienten har KOLS."}}]}],"templateLanguages":["nb"],"language":""}