[{"col":1,"row":1,"width":12,"height":26,"children":[{"id":"news/news","rows":[{"cols":[{"width":"50%","children":[{"id":"news/news/news_grunnlagsdata/respirasjonsfrekvens","rows":[]},{"id":"news/news/news_grunnlagsdata/oksygenmetning","rows":[]},{"id":"news/news/news_grunnlagsdata/tilførsel_av_oksygen","rows":[]},{"id":"news/news/news_grunnlagsdata/temperatur","rows":[]},{"id":"news/news/news_grunnlagsdata/systolisk_blodtrykk","rows":[]},{"id":"news/news/news_grunnlagsdata/hjertefrekvens_puls","rows":[]},{"id":"news/news/news_grunnlagsdata/avpu_observasjon","rows":[]}]},{"width":"50%","children":[{"id":"news/news/respirasjonsfrekvens","rows":[]},{"id":"news/news/oksygenmetning","rows":[]},{"id":"news/news/tilførsel_av_oksygen","rows":[]},{"id":"news/news/kroppstemperatur","rows":[]},{"id":"news/news/systolisk_blodtrykk","rows":[]},{"id":"news/news/hjertefrekvens_puls","rows":[]},{"id":"news/news/bevissthetsgrad","rows":[]}]}]},{"cols":[{"width":"100%","children":[{"id":"generic-field-42369","rows":[{"cols":[{"width":"100%","children":[{"id":"news/news/totalskår","rows":[]},{"id":"news/news/kommentar","rows":[]}]}]}]},{"id":"news/news/konfunderende_faktorer","rows":[]}]}]}]}]}]