[{"field":"news/news/news_grunnlagsdata/respirasjonsfrekvens","conditions":[{"operator":"ge","value":{"magnitude":"25","unit":"/min"},"actions":[{"action":"set","target":"news/news/respirasjonsfrekvens","value":{"value":"at0021"}}]},{"operator":"lt","value":{"magnitude":"25","unit":"/min"},"actions":[{"action":"set","target":"news/news/respirasjonsfrekvens","value":{"value":"at0020"}}]},{"operator":"lt","value":{"magnitude":"21","unit":"/min"},"actions":[{"action":"set","target":"news/news/respirasjonsfrekvens","value":{"value":"at0018"}}]},{"operator":"lt","value":{"magnitude":"12","unit":"/min"},"actions":[{"action":"set","target":"news/news/respirasjonsfrekvens","value":{"value":"at0019"}}]},{"operator":"lt","value":{"magnitude":"9","unit":"/min"},"actions":[{"action":"set","target":"news/news/respirasjonsfrekvens","value":{"value":"at0021"}}]},{"operator":"empty","actions":[{"action":"clear","target":"news/news/respirasjonsfrekvens","value":{"value":"at0021"}}]}]},{"field":"news/news/news_grunnlagsdata/oksygenmetning","conditions":[{"operator":"ge","value":{"numerator":96.0,"denominator":100.0},"actions":[{"action":"set","target":"news/news/oksygenmetning","value":{"value":"at0030"}}]},{"operator":"lt","value":{"numerator":96.0,"denominator":100.0},"actions":[{"action":"set","target":"news/news/oksygenmetning","value":{"value":"at0031"}}]},{"operator":"lt","value":{"numerator":94.0,"denominator":100.0},"actions":[{"action":"set","target":"news/news/oksygenmetning","value":{"value":"at0032"}}]},{"operator":"lt","value":{"numerator":92.0,"denominator":100.0},"actions":[{"action":"set","target":"news/news/oksygenmetning","value":{"value":"at0033"}}]},{"operator":"empty","actions":[{"action":"clear","target":"news/news/oksygenmetning","value":{"value":"at0033"}}]}]},{"field":"news/news/news_grunnlagsdata/tilførsel_av_oksygen","conditions":[{"operator":"is","value":{"value":"True"},"actions":[{"action":"set","target":"news/news/tilførsel_av_oksygen","value":{"value":"at0037"}}]},{"operator":"isnot","value":{"value":"True"},"actions":[{"action":"set","target":"news/news/tilførsel_av_oksygen","value":{"value":"at0036"}}]}]},{"field":"news/news/news_grunnlagsdata/temperatur","conditions":[{"operator":"ge","value":{"magnitude":"39.1","unit":"°C"},"actions":[{"action":"set","target":"news/news/kroppstemperatur","value":{"value":"at0038"}}]},{"operator":"lt","value":{"magnitude":"39.1","unit":"°C"},"actions":[{"action":"set","target":"news/news/kroppstemperatur","value":{"value":"at0023"}}]},{"operator":"lt","value":{"magnitude":"38.1","unit":"°C"},"actions":[{"action":"set","target":"news/news/kroppstemperatur","value":{"value":"at0022"}}]},{"operator":"lt","value":{"magnitude":"36.1","unit":"°C"},"actions":[{"action":"set","target":"news/news/kroppstemperatur","value":{"value":"at0023"}}]},{"operator":"lt","value":{"magnitude":"35.1","unit":"°C"},"actions":[{"action":"set","target":"news/news/kroppstemperatur","value":{"value":"at0039"}}]},{"operator":"empty","actions":[{"action":"clear","target":"news/news/kroppstemperatur","value":{"value":"at0039"}}]}]},{"field":"news/news/news_grunnlagsdata/systolisk_blodtrykk","conditions":[{"operator":"ge","value":{"magnitude":"220","unit":"mm[Hg]"},"actions":[{"action":"set","target":"news/news/systolisk_blodtrykk","value":{"value":"at0017"}}]},{"operator":"lt","value":{"magnitude":"220","unit":"mm[Hg]"},"actions":[{"action":"set","target":"news/news/systolisk_blodtrykk","value":{"value":"at0014"}}]},{"operator":"lt","value":{"magnitude":"111","unit":"mm[Hg]"},"actions":[{"action":"set","target":"news/news/systolisk_blodtrykk","value":{"value":"at0015"}}]},{"operator":"lt","value":{"magnitude":"101","unit":"mm[Hg]"},"actions":[{"action":"set","target":"news/news/systolisk_blodtrykk","value":{"value":"at0016"}}]},{"operator":"lt","value":{"magnitude":"91","unit":"mm[Hg]"},"actions":[{"action":"set","target":"news/news/systolisk_blodtrykk","value":{"value":"at0017"}}]},{"operator":"empty","actions":[{"action":"clear","target":"news/news/systolisk_blodtrykk","value":{"value":"at0017"}}]}]},{"field":"news/news/news_grunnlagsdata/hjertefrekvens_puls","conditions":[{"operator":"ge","value":{"magnitude":"131","unit":"/min"},"actions":[{"action":"set","target":"news/news/hjertefrekvens_puls","value":{"value":"at0010"}}]},{"operator":"lt","value":{"magnitude":"131","unit":"/min"},"actions":[{"action":"set","target":"news/news/hjertefrekvens_puls","value":{"value":"at0011"}}]},{"operator":"lt","value":{"magnitude":"111","unit":"/min"},"actions":[{"action":"set","target":"news/news/hjertefrekvens_puls","value":{"value":"at0012"}}]},{"operator":"lt","value":{"magnitude":"91","unit":"/min"},"actions":[{"action":"set","target":"news/news/hjertefrekvens_puls","value":{"value":"at0013"}}]},{"operator":"lt","value":{"magnitude":"51","unit":"/min"},"actions":[{"action":"set","target":"news/news/hjertefrekvens_puls","value":{"value":"at0012"}}]},{"operator":"le","value":{"magnitude":"40","unit":"/min"},"actions":[{"action":"set","target":"news/news/hjertefrekvens_puls","value":{"value":"at0010"}}]},{"operator":"empty","actions":[{"action":"clear","target":"news/news/hjertefrekvens_puls","value":{"value":"at0010"}}]}]},{"field":"news/news/news_grunnlagsdata/avpu_observasjon","conditions":[{"operator":"equals","value":{"code":"at0008"},"actions":[{"action":"set","target":"news/news/bevissthetsgrad","value":{"value":"at0024"}}]},{"operator":"notequals","value":{"code":"at0008"},"actions":[{"action":"set","target":"news/news/bevissthetsgrad","value":{"value":"at0025"}}]},{"operator":"empty","actions":[{"action":"clear","target":"news/news/bevissthetsgrad","value":{"value":"at0025"}}]}]}]