[{"field":"hv_trykksaarrisikovurdering/trykksaar_risiko/velg_verktøy_for_risikovurdering","conditions":[{"operator":"equals","value":{"code":"at0023"},"actions":[{"action":"show","target":"hv_trykksaarrisikovurdering/braden_scale","value":{"value":""}},{"action":"hide","target":"hv_trykksaarrisikovurdering/neonatal_braden_scale_nsras","value":{"value":""}},{"action":"hide","target":"hv_trykksaarrisikovurdering/modified_braden_q_scale","value":{"value":""}}]},{"operator":"equals","value":{"code":"at0025"},"actions":[{"action":"show","target":"hv_trykksaarrisikovurdering/modified_braden_q_scale","value":{"value":""}},{"action":"hide","target":"hv_trykksaarrisikovurdering/braden_scale","value":{"value":""}},{"action":"hide","target":"hv_trykksaarrisikovurdering/neonatal_braden_scale_nsras","value":{"value":""}}]},{"operator":"equals","value":{"code":"at0024"},"actions":[{"action":"show","target":"hv_trykksaarrisikovurdering/neonatal_braden_scale_nsras","value":{"value":""}},{"action":"hide","target":"hv_trykksaarrisikovurdering/braden_scale","value":{"value":""}},{"action":"hide","target":"hv_trykksaarrisikovurdering/modified_braden_q_scale","value":{"value":""}}]}]},{"field":"generic-field-33093","conditions":[{"operator":"gt","value":{"value":"70"},"actions":[{"action":"set","target":"hv_trykksaarrisikovurdering/trykksaar_risiko/klinisk_vurdering/høy_alder_70_år","value":{"value":true}}]},{"operator":"le","value":{"value":"70"},"actions":[{"action":"set","target":"hv_trykksaarrisikovurdering/trykksaar_risiko/klinisk_vurdering/høy_alder_70_år","value":{"value":false}}]}]}]