{"formId":"form_root","name":"Form root","rmType":"FORM_DEFINITION","viewConfig":{"label":{"custom":false,"value":"","useLocalizations":false,"localizationsList":{}},"size":{"field":"inherit","label":"inherit","fill":"inherit"},"layout":{"valign":"inherit","align":"inherit"},"tags":[],"annotations":{"#eresept":"openEHR-EHR-OBSERVATION.e_resept_status.v0?scope=episodeofcare"}},"language":"","templateLanguages":["nb"],"children":[{"localizedName":"E-resept","localizedNames":{"nb":"Fieldset"},"min":"0","max":"1","name":"E-resept","rmType":"GENERIC_FIELDSET","formId":"generic-field-54544","children":[{"name":"E-resept status","localizedName":"E-resept status","rmType":"DV_CODED_TEXT","nodeId":"at0004","min":0,"max":1,"localizedNames":{"nb":"E-resept status"},"localizedDescriptions":{"nb":"*"},"aqlPath":"/content[openEHR-EHR-OBSERVATION.e_resept_status.v0]/data[at0001]/events[at0002]/data[at0003]/items[at0004]/value","inputs":[{"suffix":"code","type":"CODED_TEXT","list":[{"value":"at0005","label":"Ja","localizedLabels":{"nb":"Ja"},"localizedDescriptions":{"nb":"Har E-resept"}},{"value":"at0006","label":"Nei","localizedLabels":{"nb":"Nei"},"localizedDescriptions":{"nb":"Har ikke E-resept"}},{"value":"at0007","label":"Vet ikke","localizedLabels":{"nb":"Vet ikke"},"localizedDescriptions":{"nb":"Ukjent om E-resept foreligger"}}]}],"formId":"e_resept_status/e_resept_status/e-resept_status","viewConfig":{"annotations":{"select":"{#eresept:/data[at0001]/events[at0002]/data[at0003]/items[at0004]/value}"}}}],"viewConfig":{"advanced":{"hidden":false,"readonly":false,"render":false},"size":{"field":"inherit","label":"inherit","fill":"inherit"},"layout":{"label":{"valign":"inherit","align":"top"},"field":{"valign":"inherit","align":"inherit"}},"tags":[]}}]}