[{"col":1,"row":1,"width":12,"height":118,"children":[{"id":"dips_bds/bds_anestesiklarering","rows":[{"cols":[{"width":"100%","children":[{"id":"dips_bds/bds_anestesiklarering/beskrivelse_operasjon/operasjonstype","rows":[]},{"id":"dips_bds/bds_anestesiklarering/beskrivelse_operasjon/merknad","rows":[]},{"id":"generic-field-08533","rows":[]},{"id":"dips_bds/bds_anestesiklarering/pasientopplysninger","rows":[{"cols":[{"width":"32%","children":[{"id":"dips_bds/bds_anestesiklarering/pasientopplysninger/hjerte_og_lungefrisk","rows":[]},{"id":"dips_bds/bds_anestesiklarering/pasientopplysninger/hjertelidelser","rows":[]},{"id":"dips_bds/bds_anestesiklarering/pasientopplysninger/hypertensjon","rows":[]},{"id":"dips_bds/bds_anestesiklarering/pasientopplysninger/lungelidelse","rows":[]},{"id":"dips_bds/bds_anestesiklarering/pasientopplysninger/diabetes","rows":[]},{"id":"dips_bds/bds_anestesiklarering/pasientopplysninger/allergi__med.reaksjon","rows":[]},{"id":"dips_bds/bds_anestesiklarering/pasientopplysninger/refluxproblemer","rows":[]},{"id":"dips_bds/bds_anestesiklarering/pasientopplysninger/blødningstendens","rows":[]},{"id":"dips_bds/bds_anestesiklarering/pasientopplysninger/alvorlig_smittsom_sykd.","rows":[]},{"id":"dips_bds/bds_anestesiklarering/pasientopplysninger/tidl._ane.komplik.","rows":[]}]},{"width":"68%","children":[{"id":"dips_bds/bds_anestesiklarering/pasientopplysninger/aneopplysninger","rows":[]},{"id":"dips_bds/bds_anestesiklarering/pasientopplysninger/høyde_(cm)","rows":[]},{"id":"dips_bds/bds_anestesiklarering/pasientopplysninger/vekt_(kg)","rows":[]},{"id":"dips_bds/bds_anestesiklarering/pasientopplysninger/aktivitetsnivå","rows":[]},{"id":"dips_bds/bds_anestesiklarering/pasientopplysninger/almenntilstand","rows":[]},{"id":"dips_bds/bds_anestesiklarering/pasientopplysninger/asa","rows":[]},{"id":"dips_bds/bds_anestesiklarering/pasientopplysninger/merknad","rows":[]}]}]}]},{"id":"generic-field-11466","rows":[]},{"id":"generic-field-26585","rows":[{"cols":[{"width":"50%","children":[{"id":"dips_bds/bds_anestesiklarering/beskrivelse_operasjon/tannstatus","rows":[]},{"id":"generic-field-65135","rows":[]}]},{"width":"50%","children":[{"id":"dips_bds/bds_anestesiklarering/intub._forhold","rows":[{"cols":[{"width":"100%","children":[{"id":"dips_bds/bds_anestesiklarering/intub._forhold/intubasjon","rows":[]}]}]}]}]}]},{"cols":[{"width":"50%","children":[{"id":"dips_bds/bds_anestesiklarering/medikamenter","rows":[{"cols":[{"width":"100%","children":[{"id":"dips_bds/bds_anestesiklarering/medikamenter/nyttfelt","rows":[]}]}]}]}]},{"width":"50%","children":[{"id":"dips_bds/bds_anestesiklarering/premedikasjon","rows":[{"cols":[{"width":"100%","children":[{"id":"dips_bds/bds_anestesiklarering/premedikasjon/premedikasjon","rows":[]},{"id":"dips_bds/bds_anestesiklarering/premedikasjon/egne_morgenmedisiner","rows":[]}]}]}]}]}]}]},{"id":"generic-field-27773","rows":[]},{"id":"dips_bds/bds_anestesiklarering/anestesimetode","rows":[{"cols":[{"width":"50%","children":[{"id":"dips_bds/bds_anestesiklarering/anestesimetode/anestesimetode_1","rows":[]}]},{"width":"50%","children":[{"id":"dips_bds/bds_anestesiklarering/anestesimetode/anestesimetode_2","rows":[]}]}]}]},{"id":"generic-field-41315","rows":[]},{"id":"generic-field-66398","rows":[]},{"id":"generic-field-24771","rows":[{"cols":[{"width":"50%","children":[{"id":"dips_bds/bds_anestesiklarering/klarering/klarering","rows":[]},{"id":"dips_bds/bds_anestesiklarering/klarering/merknad","rows":[]}]},{"width":"50%","children":[{"id":"dips_bds/bds_anestesiklarering/klarering/nyttfelt","rows":[]},{"id":"dips_bds/bds_anestesiklarering/tilsyn_anestesi-spl:/godkjenner_av_tilsyn:","rows":[]},{"id":"dips_bds/bds_anestesiklarering/tilsyn_anestesi-spl:/dato_for_tilsyn:","rows":[]}]}]}]},{"id":"generic-field-62791","rows":[]}]}]}]}]}]