{"name":"Form root","localizedNames":{},"localizedDescriptions":{},"rmType":"FORM_DEFINITION","min":0,"max":0,"formId":"form_root","viewConfig":{"label":{"custom":false,"useLocalizations":false},"size":{"field":"inherit","label":"inherit"},"layout":{"label":{"valign":"inherit","align":"inherit"},"field":{"valign":"inherit","align":"inherit"}},"annotations":{"#fluidicbalance":"select\r\n   e\r\nfrom\r\n   composition c\r\ncontains\r\n   EVALUATION e[openEHR-EHR-EVALUATION.precaution.v1]\r\nwhere\r\n   e/name/value = 'Antibiotikabehandling'\r\norder by c/context/start_time DESC fetch 1?scope=episodeofcare"}},"children":[{"name":"Væskebalanse","localizedName":"Væskebalanse","localizedNames":{"en":"*Væskebalanse (en)","nb":"Væskebalanse"},"localizedDescriptions":{"nb":"En klinisk tilstand eller status som er unik eller særegen for et individ, og som regnes som viktig informasjon i forbindelse med beslutninger om behandling.","en":"*En klinisk tilstand eller status som er unik eller særegen for et individ, og som regnes som viktig informasjon i forbindelse med beslutninger om behandling. (nb)"},"rmType":"EVALUATION","nodeId":"openEHR-EHR-EVALUATION.precaution.v1","min":0,"max":1,"aqlPath":"/content[openEHR-EHR-EVALUATION.precaution.v1 and name/value='Væskebalanse']","inputs":[],"formId":"klinisk_kontakt/væskebalanse@Væskebalanse","viewConfig":{"multiplicity":{"min":0,"max":1},"advanced":{"hidden":false,"readonly":false,"hideFrame":false,"render":false},"label":{"custom":false,"useLocalizations":false},"size":{"field":"inherit","label":"-1"},"layout":{"label":{"valign":"inherit","align":"inherit"},"field":{"valign":"inherit","align":"inherit"}},"annotations":{"selectreadonly":"{#fluidicbalance}","validateemptycontainer":"false"},"field":{},"tags":["HideLabel"]},"children":[{"name":"Væskebalanse","localizedName":"Drikke/diurese","localizedNames":{"en":"*Væskebalanse (en)","nb":"Drikke/diurese"},"localizedDescriptions":{"nb":"Navnet på tilstanden eller statusen.","en":"*Navnet på tilstanden eller statusen. (nb)"},"rmType":"DV_TEXT","nodeId":"at0002","min":1,"max":1,"aqlPath":"/content[openEHR-EHR-EVALUATION.precaution.v1 and name/value='Væskebalanse']/data[at0001]/items[at0002 and name/value='Væskebalanse']/value","inputs":[{"type":"TEXT","list":[],"listOpen":false}],"formId":"klinisk_kontakt/væskebalanse@Væskebalanse/væskebalanse@Væskebalanse","viewConfig":{"multiplicity":{"min":1,"max":1},"advanced":{"hidden":false,"readonly":false,"hideFrame":false,"render":false},"label":{"custom":false,"useLocalizations":false},"size":{"field":"inherit","label":"inherit"},"layout":{"label":{"valign":"inherit","align":"inherit"},"field":{"valign":"inherit","align":"inherit"}},"datasource":{"loadRemote":false,"parameters":{}},"annotations":{"nullflavour":"271"},"field":{"lines":null,"input":{}}}},{"name":"Kategori","localizedName":"Kategori","localizedNames":{"en":"*Kategori (nb)","nb":"Kategori"},"localizedDescriptions":{"nb":"Type \"Tilstand\".","en":"*Type \"Tilstand\". (nb)"},"rmType":"DV_CODED_TEXT","nodeId":"at0013","min":0,"max":1,"aqlPath":"/content[openEHR-EHR-EVALUATION.precaution.v1 and name/value='Væskebalanse']/data[at0001]/items[at0013]/value","inputs":[{"suffix":"code","type":"CODED_TEXT","list":[{"value":"276026009","label":"væskebalanseregulering (prosedyre)","ordinal":0,"localizedLabels":{"nb":"væskebalanseregulering (prosedyre)","en":"*væskebalanseregulering (prosedyre) (nb)"},"localizedDescriptions":{}}],"defaultValue":"276026009","listOpen":false}],"formId":"klinisk_kontakt/væskebalanse@Væskebalanse/kategori","viewConfig":{"multiplicity":{"min":0,"max":1},"advanced":{"hidden":true,"readonly":false,"hideFrame":false,"render":false},"label":{"custom":false,"useLocalizations":false},"size":{"field":"inherit","label":"inherit"},"layout":{"label":{"valign":"inherit","align":"inherit"},"field":{"valign":"inherit","align":"inherit"}},"annotations":{"IncludeIfContainerHasValue":"EVALUATION"},"field":{"code":{"presentation":"combobox","columns":"1"}}}}]}]}