{"formId":"form_root","name":"Form root","rmType":"FORM_DEFINITION","viewConfig":{"label":{"custom":false,"value":"","useLocalizations":false,"localizationsList":{}},"size":{"field":"inherit","label":"inherit","fill":"inherit"},"layout":{"valign":"inherit","align":"inherit"},"tags":[]},"language":"nb","templateLanguages":["nb"],"children":[{"localizedName":"Pasientnære analyser","localizedNames":{"nb":"Pasientnære analyser","no":"Pasientnære analyser"},"min":"0","max":"1","name":"Pasientnære analyser","rmType":"GENERIC_FIELDSET","formId":"generic-field-97125","children":[],"viewConfig":{"annotations":{"HeaderSize":"H1"},"size":{"field":"inherit","label":"inherit","fill":"inherit"},"layout":{"label":{"valign":"inherit","align":"inherit"},"field":{"valign":"inherit","align":"inherit"}},"advanced":{"hidden":false,"readonly":false,"render":false},"tags":[]}},{"name":"Prøvenavn","localizedName":"Prøvenavn","rmType":"DV_TEXT","nodeId":"at0005","min":"1","max":"1","localizedNames":{"nb":"Prøvenavn"},"localizedDescriptions":{"nb":"Identifikasjon av laboratorieprøven som er analysert, av og til inkludert prøvetype og pasientens tilstand"},"annotations":{"comment":"Et prøveresultat kan gjelde for en enkelt analyse eller en gruppe av analyser, inkludert prøvepakker. Koding med en terminologi, eventuelt med en forhånds-koordinert term, inkludert prøvetype er å foretrekke, hvis mulig. Kan bli kodet med LOINC eller Snomed-CT. Eksempler kan være \"Glukose\", \"Urea og elektrolytter\", \"Bomullspinne\", \"Cortisol\" eller \"Leverbiopsi\".","fhirmapping":"*Diagnostic.Reportname(en)","fhirvalueset":"*reportnames(en)"},"aqlPath":"/content[openEHR-EHR-OBSERVATION.laboratory_test.v1,'PNA']/data[at0001]/events[at0002]/data[at0003]/items[at0005]/value","inputs":[{"type":"TEXT","defaultValue":"PNA OLAFIA"}],"formId":"pna_soi/pna/uspesifisert_hendelse/prøvenavn","viewConfig":{"advanced":{"hidden":true,"readonly":false},"size":{"field":"inherit","label":"inherit","fill":"inherit"},"layout":{"label":{"valign":"inherit","align":"inherit"},"field":{"valign":"inherit","align":"inherit"}},"tags":[],"datasource":{"loadRemote":false,"loadRemoteUrl":"","terminology":""},"field":{"input":{"presentation":"textfield"}}}},{"name":"PNA (pasientnært analyseutstyr)","localizedName":"PNA (pasientnært analyseutstyr)","rmType":"DV_BOOLEAN","nodeId":"at0111","min":"0","max":"1","dependsOn":["uspesifisert_hendelse"],"localizedNames":{"nb":"PNA (pasientnært analyseutstyr)"},"localizedDescriptions":{"nb":"Sann hvis resultatet er basert på analyse med pasientnært utstyr i stedet for en mer formell laboratorietjeneste."},"aqlPath":"/content[openEHR-EHR-OBSERVATION.laboratory_test.v1,'PNA']/protocol[at0004]/items[at0111]/value","inputs":[{"type":"BOOLEAN","defaultValue":true}],"formId":"pna_soi/pna/pna_pasientnært_analyseutstyr","viewConfig":{"advanced":{"hidden":true,"readonly":false},"size":{"field":"inherit","label":"inherit","fill":"inherit"},"layout":{"label":{"valign":"inherit","align":"inherit"},"field":{"valign":"inherit","align":"inherit"}},"tags":[],"datasource":{"loadRemote":false,"loadRemoteUrl":"","terminology":""},"field":{"input":{"threeState":false}}}},{"name":"Uretrautstryk","localizedName":"Uretrautstryk","rmType":"CLUSTER","nodeId":"openEHR-EHR-CLUSTER.laboratory_test_panel.v1","min":"0","max":"1","localizedNames":{"nb":"Uretrautstryk"},"localizedDescriptions":{"nb":"Laboratorieprøveresultat som en enkeltverdi eller i grupper/pakker som er vanlig i kliniske prøveanalyser."},"aqlPath":"/content[openEHR-EHR-OBSERVATION.laboratory_test.v1,'PNA']/data[at0001]/events[at0002]/data[at0003]/items[openEHR-EHR-CLUSTER.laboratory_test_panel.v1,'Uretrautstryk']","formId":"pna_soi/pna/uspesifisert_hendelse/uretrautstryk","children":[{"name":"Leukocytter","localizedName":"Leukocytter","rmType":"DV_CODED_TEXT","nodeId":"at0001","min":"0","max":"1","localizedNames":{"nb":"Leukocytter"},"localizedDescriptions":{"nb":"Faktisk verdi av prøvesvaret. Navnet på dette dataelementet er vanligvis oversatt i templat eller i applikasjon, slik at det samsvarer med den faktiske analysen. For eksempel \"S-Na\" eller \"Serum Natrium\". Det vil også som regel være kodet i et kodeverk.\n"},"aqlPath":"/content[openEHR-EHR-OBSERVATION.laboratory_test.v1,'PNA']/data[at0001]/events[at0002]/data[at0003]/items[openEHR-EHR-CLUSTER.laboratory_test_panel.v1,'Uretrautstryk']/items[at0002,'Hvite blodceller']/items[at0001]/value","inputs":[{"suffix":"code","type":"CODED_TEXT","list":[{"value":"C01","label":"0 - 4","localizedLabels":{"nb":"0 - 4"}},{"value":"C02","label":"5 - 9","localizedLabels":{"nb":"5 - 9"}},{"value":"C03","label":"10 - 30","localizedLabels":{"nb":"10 - 30"}},{"value":"C04","label":"Over 30","localizedLabels":{"nb":"Over 30"}}],"terminology":"OlafiaLAB_WBU"}],"formId":"pna_soi/pna/uspesifisert_hendelse/uretrautstryk/hvite_blodceller/analysesvar","viewConfig":{"advanced":{"hidden":false,"readonly":false},"size":{"field":"inherit","label":"inherit","fill":"inherit"},"layout":{"label":{"valign":"inherit","align":"inherit"},"field":{"valign":"inherit","align":"inherit"}},"tags":["ShowAsRadios"],"datasource":{"loadRemote":false,"loadRemoteUrl":"","terminology":""},"field":{"code":{"presentation":"combobox"}}}},{"name":"Intracellulære diplokokker/gonokokker","localizedName":"Intracellulære diplokokker/gonokokker","rmType":"DV_CODED_TEXT","nodeId":"at0001","min":"0","max":"1","localizedNames":{"nb":"Intracellulære diplokokker/gonokokker"},"localizedDescriptions":{"nb":"Faktisk verdi av prøvesvaret. Navnet på dette dataelementet er vanligvis oversatt i templat eller i applikasjon, slik at det samsvarer med den faktiske analysen. For eksempel \"S-Na\" eller \"Serum Natrium\". Det vil også som regel være kodet i et kodeverk.\n"},"aqlPath":"/content[openEHR-EHR-OBSERVATION.laboratory_test.v1,'PNA']/data[at0001]/events[at0002]/data[at0003]/items[openEHR-EHR-CLUSTER.laboratory_test_panel.v1,'Uretrautstryk']/items[at0002,'Gonokokker']/items[at0001]/value","inputs":[{"suffix":"code","type":"CODED_TEXT","list":[{"value":"E01","label":"Ikke tilstede","localizedLabels":{"nb":"Ikke tilstede"}},{"value":"E02","label":"Tilstede","localizedLabels":{"nb":"Tilstede"}},{"value":"E03","label":"Usikker","localizedLabels":{"nb":"Usikker"}}],"terminology":"OlafiaLAB_TI"}],"formId":"pna_soi/pna/uspesifisert_hendelse/uretrautstryk/gonokokker/analysesvar","viewConfig":{"advanced":{"hidden":false,"readonly":false},"size":{"field":"inherit","label":"inherit","fill":"inherit"},"layout":{"label":{"valign":"inherit","align":"inherit"},"field":{"valign":"inherit","align":"inherit"}},"tags":["ShowAsRadios"],"datasource":{"loadRemote":false,"loadRemoteUrl":"","terminology":""},"field":{"code":{"presentation":"combobox"}}}},{"name":"Kokkoide/anaerobe bakterier","localizedName":"Kokkoide/anaerobe bakterier","rmType":"DV_CODED_TEXT","nodeId":"at0001","min":"0","max":"1","localizedNames":{"nb":"Kokkoide/anaerobe bakterier"},"localizedDescriptions":{"nb":"Faktisk verdi av prøvesvaret. Navnet på dette dataelementet er vanligvis oversatt i templat eller i applikasjon, slik at det samsvarer med den faktiske analysen. For eksempel \"S-Na\" eller \"Serum Natrium\". Det vil også som regel være kodet i et kodeverk.\n"},"aqlPath":"/content[openEHR-EHR-OBSERVATION.laboratory_test.v1,'PNA']/data[at0001]/events[at0002]/data[at0003]/items[openEHR-EHR-CLUSTER.laboratory_test_panel.v1,'Uretrautstryk']/items[at0002,'Kokkoide/anaerobe bakterier']/items[at0001]/value","inputs":[{"suffix":"code","type":"CODED_TEXT","list":[{"value":"CF1","label":"Ikke tilstede","localizedLabels":{"nb":"Ikke tilstede"}},{"value":"CF4","label":"Noen få","localizedLabels":{"nb":"Noen få"}},{"value":"CF5","label":"Mange","localizedLabels":{"nb":"Mange"}}],"terminology":"OlafiaLAB_TI"}],"formId":"pna_soi/pna/uspesifisert_hendelse/uretrautstryk/kokkoide_anaerobe_bakterier/analysesvar","viewConfig":{"advanced":{"hidden":false,"readonly":false},"size":{"field":"inherit","label":"inherit","fill":"inherit"},"layout":{"label":{"valign":"inherit","align":"inherit"},"field":{"valign":"inherit","align":"inherit"}},"tags":["ShowAsRadios"],"datasource":{"loadRemote":false,"loadRemoteUrl":"","terminology":""},"field":{"code":{"presentation":"combobox"}}}},{"name":"Monocytter","localizedName":"Monocytter","rmType":"DV_CODED_TEXT","nodeId":"at0001","min":"0","max":"1","localizedNames":{"nb":"Monocytter"},"localizedDescriptions":{"nb":"Faktisk verdi av prøvesvaret. Navnet på dette dataelementet er vanligvis oversatt i templat eller i applikasjon, slik at det samsvarer med den faktiske analysen. For eksempel \"S-Na\" eller \"Serum Natrium\". Det vil også som regel være kodet i et kodeverk.\n"},"aqlPath":"/content[openEHR-EHR-OBSERVATION.laboratory_test.v1,'PNA']/data[at0001]/events[at0002]/data[at0003]/items[openEHR-EHR-CLUSTER.laboratory_test_panel.v1,'Uretrautstryk']/items[at0002,'Monocytter']/items[at0001]/value","inputs":[{"suffix":"code","type":"CODED_TEXT","list":[{"value":"F04","label":"Ikke tilstede","localizedLabels":{"nb":"Ikke tilstede"}},{"value":"F05","label":"Noen få","localizedLabels":{"nb":"Noen få"}},{"value":"F06","label":"Mange","localizedLabels":{"nb":"Mange"}}],"terminology":"OlafiaLAB_Mon"}],"formId":"pna_soi/pna/uspesifisert_hendelse/uretrautstryk/monocytter/analysesvar","viewConfig":{"advanced":{"hidden":false,"readonly":false},"size":{"field":"inherit","label":"inherit","fill":"inherit"},"layout":{"label":{"valign":"inherit","align":"inherit"},"field":{"valign":"inherit","align":"inherit"}},"tags":["showasradios"],"datasource":{"loadRemote":false,"loadRemoteUrl":"","terminology":""},"field":{"code":{"presentation":"combobox"}}}}],"viewConfig":{"advanced":{"hidden":false,"readonly":false,"render":false},"size":{"field":"inherit","label":"inherit","fill":"inherit"},"layout":{"label":{"valign":"inherit","align":"top"},"field":{"valign":"inherit","align":"inherit"}},"tags":["ForceMinMultiplicity"]}},{"name":"pH/Våtpreparat","localizedName":"pH/Våtpreparat","rmType":"CLUSTER","nodeId":"openEHR-EHR-CLUSTER.laboratory_test_panel.v1","min":"0","max":"1","localizedNames":{"nb":"pH/Våtpreparat"},"localizedDescriptions":{"nb":"Laboratorieprøveresultat som en enkeltverdi eller i grupper/pakker som er vanlig i kliniske prøveanalyser."},"aqlPath":"/content[openEHR-EHR-OBSERVATION.laboratory_test.v1,'PNA']/data[at0001]/events[at0002]/data[at0003]/items[openEHR-EHR-CLUSTER.laboratory_test_panel.v1,'Våtpreparat']","formId":"pna_soi/pna/uspesifisert_hendelse/våtpreparat","children":[{"name":"pH","localizedName":"pH","rmType":"DV_CODED_TEXT","nodeId":"at0001","min":"0","max":"1","localizedNames":{"nb":"pH"},"localizedDescriptions":{"nb":"Faktisk verdi av prøvesvaret. Navnet på dette dataelementet er vanligvis oversatt i templat eller i applikasjon, slik at det samsvarer med den faktiske analysen. For eksempel \"S-Na\" eller \"Serum Natrium\". Det vil også som regel være kodet i et kodeverk.\n"},"aqlPath":"/content[openEHR-EHR-OBSERVATION.laboratory_test.v1,'PNA']/data[at0001]/events[at0002]/data[at0003]/items[openEHR-EHR-CLUSTER.laboratory_test_panel.v1,'Våtpreparat']/items[at0002,'pH']/items[at0001]/value","inputs":[{"suffix":"code","type":"CODED_TEXT","list":[{"value":"B01","label":"Under 3.8","localizedLabels":{"nb":"Under 3.8"}},{"value":"B02","label":"3.8 – 4.4","localizedLabels":{"nb":"3.8 – 4.4"}},{"value":"B03","label":"4.5","localizedLabels":{"nb":"4.5"}},{"value":"B04","label":"4.6 – 5.8","localizedLabels":{"nb":"4.6 – 5.8"}},{"value":"B05","label":"Over 5.8","localizedLabels":{"nb":"Over 5.8"}}],"terminology":"OlafiaLAB_pH"}],"formId":"pna_soi/pna/uspesifisert_hendelse/våtpreparat/ph/analysesvar","viewConfig":{"advanced":{"hidden":false,"readonly":false},"size":{"field":"inherit","label":"inherit","fill":"inherit"},"layout":{"label":{"valign":"inherit","align":"inherit"},"field":{"valign":"inherit","align":"inherit"}},"tags":["ShowAsRadios"],"datasource":{"loadRemote":false,"loadRemoteUrl":"","terminology":""},"field":{"code":{"presentation":"combobox"}}}},{"name":"Snifftest","localizedName":"Snifftest","rmType":"DV_CODED_TEXT","nodeId":"at0001","min":"0","max":"1","localizedNames":{"nb":"Snifftest"},"localizedDescriptions":{"nb":"Faktisk verdi av prøvesvaret. Navnet på dette dataelementet er vanligvis oversatt i templat eller i applikasjon, slik at det samsvarer med den faktiske analysen. For eksempel \"S-Na\" eller \"Serum Natrium\". Det vil også som regel være kodet i et kodeverk.\n"},"aqlPath":"/content[openEHR-EHR-OBSERVATION.laboratory_test.v1,'PNA']/data[at0001]/events[at0002]/data[at0003]/items[openEHR-EHR-CLUSTER.laboratory_test_panel.v1,'Våtpreparat']/items[at0002,'Snifftest']/items[at0001]/value","inputs":[{"suffix":"code","type":"CODED_TEXT","list":[{"value":"A01","label":"Negativ","localizedLabels":{"nb":"Negativ"}},{"value":"A02","label":"Positiv","localizedLabels":{"nb":"Positiv"}}],"terminology":"OlafiaLAB_PN"}],"formId":"pna_soi/pna/uspesifisert_hendelse/våtpreparat/snifftest/analysesvar","viewConfig":{"advanced":{"hidden":false,"readonly":false},"size":{"field":"inherit","label":"inherit","fill":"inherit"},"layout":{"label":{"valign":"inherit","align":"inherit"},"field":{"valign":"inherit","align":"inherit"}},"tags":["ShowAsRadios"],"datasource":{"loadRemote":false,"loadRemoteUrl":"","terminology":""},"field":{"code":{"presentation":"combobox"}}}},{"name":"Sopp","localizedName":"Sopp","rmType":"DV_CODED_TEXT","nodeId":"at0001","min":"0","max":"1","localizedNames":{"nb":"Sopp"},"localizedDescriptions":{"nb":"Faktisk verdi av prøvesvaret. Navnet på dette dataelementet er vanligvis oversatt i templat eller i applikasjon, slik at det samsvarer med den faktiske analysen. For eksempel \"S-Na\" eller \"Serum Natrium\". Det vil også som regel være kodet i et kodeverk.\n"},"aqlPath":"/content[openEHR-EHR-OBSERVATION.laboratory_test.v1,'PNA']/data[at0001]/events[at0002]/data[at0003]/items[openEHR-EHR-CLUSTER.laboratory_test_panel.v1,'Våtpreparat']/items[at0002,'Sopp']/items[at0001]/value","inputs":[{"suffix":"code","type":"CODED_TEXT","list":[{"value":"H01","label":"Ingen pseudomycelier","localizedLabels":{"nb":"Ingen pseudomycelier"}},{"value":"H02","label":"Pseudomycelier tilstede","localizedLabels":{"nb":"Pseudomycelier tilstede"}},{"value":"H03","label":"Usikker","localizedLabels":{"nb":"Usikker"}}],"terminology":"OlafiaLAB_Pse"}],"formId":"pna_soi/pna/uspesifisert_hendelse/våtpreparat/sopp/analysesvar","viewConfig":{"advanced":{"hidden":false,"readonly":false},"size":{"field":"inherit","label":"inherit","fill":"inherit"},"layout":{"label":{"valign":"inherit","align":"inherit"},"field":{"valign":"inherit","align":"inherit"}},"tags":["ShowAsRadios"],"datasource":{"loadRemote":false,"loadRemoteUrl":"","terminology":""},"field":{"code":{"presentation":"combobox"}}}},{"name":"Laktobasiller","localizedName":"Laktobasiller","rmType":"DV_CODED_TEXT","nodeId":"at0001","min":"0","max":"1","localizedNames":{"nb":"Laktobasiller"},"localizedDescriptions":{"nb":"Faktisk verdi av prøvesvaret. Navnet på dette dataelementet er vanligvis oversatt i templat eller i applikasjon, slik at det samsvarer med den faktiske analysen. For eksempel \"S-Na\" eller \"Serum Natrium\". Det vil også som regel være kodet i et kodeverk.\n"},"aqlPath":"/content[openEHR-EHR-OBSERVATION.laboratory_test.v1,'PNA']/data[at0001]/events[at0002]/data[at0003]/items[openEHR-EHR-CLUSTER.laboratory_test_panel.v1,'Våtpreparat']/items[at0002,'Laktobaciller']/items[at0001]/value","inputs":[{"suffix":"code","type":"CODED_TEXT","list":[{"value":"I01","label":"gr I Normal flora, laktobasiller","localizedLabels":{"nb":"gr I Normal flora, laktobasiller"}},{"value":"I02","label":"gr I Laktobasiller/cytolyse","localizedLabels":{"nb":"gr I Laktobasiller/cytolyse"}},{"value":"I03","label":"gr II Blandet flora","localizedLabels":{"nb":"gr II Blandet flora"}},{"value":"I04","label":"gr III Aerob/kokkoid","localizedLabels":{"nb":"gr III Aerob/kokkoid"}},{"value":"I05","label":"gr III Anaerob/clueceller/BV","localizedLabels":{"nb":"gr III Anaerob/clueceller/BV"}}],"terminology":"OlafiaLAB_Lac"}],"formId":"pna_soi/pna/uspesifisert_hendelse/våtpreparat/laktobaciller/analysesvar","viewConfig":{"advanced":{"hidden":false,"readonly":false},"size":{"field":"inherit","label":"inherit","fill":"inherit"},"layout":{"label":{"valign":"inherit","align":"inherit"},"field":{"valign":"inherit","align":"inherit"}},"tags":["ShowAsRadios"],"datasource":{"loadRemote":false,"loadRemoteUrl":"","terminology":""},"field":{"code":{"presentation":"combobox"}}}},{"name":"Ratio leukocytter/epitelceller","localizedName":"Ratio leukocytter/epitelceller","rmType":"DV_CODED_TEXT","nodeId":"at0001","min":"0","max":"1","localizedNames":{"nb":"Ratio leukocytter/epitelceller"},"localizedDescriptions":{"nb":"Faktisk verdi av prøvesvaret. Navnet på dette dataelementet er vanligvis oversatt i templat eller i applikasjon, slik at det samsvarer med den faktiske analysen. For eksempel \"S-Na\" eller \"Serum Natrium\". Det vil også som regel være kodet i et kodeverk.\n"},"aqlPath":"/content[openEHR-EHR-OBSERVATION.laboratory_test.v1,'PNA']/data[at0001]/events[at0002]/data[at0003]/items[openEHR-EHR-CLUSTER.laboratory_test_panel.v1,'Våtpreparat']/items[at0002,'Ratio leukocytter/epitelceller']/items[at0001]/value","inputs":[{"suffix":"code","type":"CODED_TEXT","list":[{"value":"J01","label":"Færre leukocytter","localizedLabels":{"nb":"Færre leukocytter"}},{"value":"J02","label":"Like mange","localizedLabels":{"nb":"Like mange"}},{"value":"J03","label":"Flere leukocytter","localizedLabels":{"nb":"Flere leukocytter"}},{"value":"J04","label":"Mange flere leukocytter","localizedLabels":{"nb":"Mange flere leukocytter"}}],"terminology":"OlafiaLAB_Leu"}],"formId":"pna_soi/pna/uspesifisert_hendelse/våtpreparat/ratio_leukocytter_epitelceller/analysesvar","viewConfig":{"advanced":{"hidden":false,"readonly":false},"size":{"field":"inherit","label":"inherit","fill":"inherit"},"layout":{"label":{"valign":"inherit","align":"inherit"},"field":{"valign":"inherit","align":"inherit"}},"tags":["ShowAsRadios"],"datasource":{"loadRemote":false,"loadRemoteUrl":"","terminology":""},"field":{"code":{"presentation":"combobox"}}}},{"name":"Epitelceller","localizedName":"Epitelceller","rmType":"DV_CODED_TEXT","nodeId":"at0001","min":"0","max":"1","localizedNames":{"nb":"Analysesvar"},"localizedDescriptions":{"nb":"Faktisk verdi av prøvesvaret. Navnet på dette dataelementet er vanligvis oversatt i templat eller i applikasjon, slik at det samsvarer med den faktiske analysen. For eksempel \"S-Na\" eller \"Serum Natrium\". Det vil også som regel være kodet i et kodeverk.\n"},"aqlPath":"/content[openEHR-EHR-OBSERVATION.laboratory_test.v1,'PNA']/data[at0001]/events[at0002]/data[at0003]/items[openEHR-EHR-CLUSTER.laboratory_test_panel.v1,'Våtpreparat']/items[at0002,'Epitelceller']/items[at0001]/value","inputs":[{"suffix":"code","type":"CODED_TEXT","list":[{"value":"K01","label":"Normalt modne","localizedLabels":{"nb":"Normalt modne"}},{"value":"K02","label":"Intermediære","localizedLabels":{"nb":"Intermediære"}},{"value":"K03","label":"Cytolyse","localizedLabels":{"nb":"Cytolyse"}},{"value":"K04","label":"Parabasale","localizedLabels":{"nb":"Parabasale"}}],"terminology":"OlafiaLAB_epi"}],"formId":"pna_soi/pna/uspesifisert_hendelse/våtpreparat/epitelceller/analysesvar","viewConfig":{"advanced":{"hidden":false,"readonly":false},"size":{"field":"inherit","label":"inherit","fill":"inherit"},"layout":{"label":{"valign":"inherit","align":"inherit"},"field":{"valign":"inherit","align":"inherit"}},"tags":["ShowAsRadios"],"datasource":{"loadRemote":false,"loadRemoteUrl":"","terminology":""},"field":{"code":{"presentation":"combobox"}}}}],"viewConfig":{"advanced":{"hidden":false,"readonly":false,"render":false},"size":{"field":"inherit","label":"inherit","fill":"inherit"},"layout":{"label":{"valign":"inherit","align":"top"},"field":{"valign":"inherit","align":"inherit"}},"tags":["ForceMinMultiplicity"]}},{"name":"Cervixutstryk","localizedName":"Cervixutstryk","rmType":"CLUSTER","nodeId":"openEHR-EHR-CLUSTER.laboratory_test_panel.v1","min":"0","max":"1","localizedNames":{"nb":"Cervixutstryk"},"localizedDescriptions":{"nb":"Laboratorieprøveresultat som en enkeltverdi eller i grupper/pakker som er vanlig i kliniske prøveanalyser."},"aqlPath":"/content[openEHR-EHR-OBSERVATION.laboratory_test.v1,'PNA']/data[at0001]/events[at0002]/data[at0003]/items[openEHR-EHR-CLUSTER.laboratory_test_panel.v1,'Cervix-utstryk']","formId":"pna_soi/pna/uspesifisert_hendelse/cervix-utstryk","children":[{"name":"Leukocytter","localizedName":"Leukocytter","rmType":"DV_CODED_TEXT","nodeId":"at0001","min":"0","max":"1","localizedNames":{"nb":"Leukocytter"},"localizedDescriptions":{"nb":"Faktisk verdi av prøvesvaret. Navnet på dette dataelementet er vanligvis oversatt i templat eller i applikasjon, slik at det samsvarer med den faktiske analysen. For eksempel \"S-Na\" eller \"Serum Natrium\". Det vil også som regel være kodet i et kodeverk.\n"},"aqlPath":"/content[openEHR-EHR-OBSERVATION.laboratory_test.v1,'PNA']/data[at0001]/events[at0002]/data[at0003]/items[openEHR-EHR-CLUSTER.laboratory_test_panel.v1,'Cervix-utstryk']/items[at0002,'Hvite blodceller']/items[at0001]/value","inputs":[{"suffix":"code","type":"CODED_TEXT","list":[{"value":"G01","label":"Under 30","localizedLabels":{"nb":"Under 30"}},{"value":"G02","label":"30 eller flere","localizedLabels":{"nb":"30 eller flere"}}],"terminology":"OlafiaLAB_WBC"}],"formId":"pna_soi/pna/uspesifisert_hendelse/cervix-utstryk/hvite_blodceller/analysesvar","viewConfig":{"advanced":{"hidden":false,"readonly":false},"size":{"field":"inherit","label":"inherit","fill":"inherit"},"layout":{"label":{"valign":"inherit","align":"inherit"},"field":{"valign":"inherit","align":"inherit"}},"tags":["ShowAsRadios"],"datasource":{"loadRemote":false,"loadRemoteUrl":"","terminology":""},"field":{"code":{"presentation":"combobox"}}}},{"name":"Intracellulære diplokokker/gonokokker","localizedName":"Intracellulære diplokokker/gonokokker","rmType":"DV_CODED_TEXT","nodeId":"at0001","min":"0","max":"1","localizedNames":{"nb":"Intracellulære diplokokker/gonokokker"},"localizedDescriptions":{"nb":"Faktisk verdi av prøvesvaret. Navnet på dette dataelementet er vanligvis oversatt i templat eller i applikasjon, slik at det samsvarer med den faktiske analysen. For eksempel \"S-Na\" eller \"Serum Natrium\". Det vil også som regel være kodet i et kodeverk.\n"},"aqlPath":"/content[openEHR-EHR-OBSERVATION.laboratory_test.v1,'PNA']/data[at0001]/events[at0002]/data[at0003]/items[openEHR-EHR-CLUSTER.laboratory_test_panel.v1,'Cervix-utstryk']/items[at0002,'Gonokokker']/items[at0001]/value","inputs":[{"suffix":"code","type":"CODED_TEXT","list":[{"value":"E01","label":"Ikke tilstede","localizedLabels":{"nb":"Ikke tilstede"}},{"value":"E02","label":"Tilstede","localizedLabels":{"nb":"Tilstede"}},{"value":"E03","label":"Usikker","localizedLabels":{"nb":"Usikker"}}],"terminology":"OlafiaLAB_TI"}],"formId":"pna_soi/pna/uspesifisert_hendelse/cervix-utstryk/gonokokker/analysesvar","viewConfig":{"advanced":{"hidden":false,"readonly":false},"size":{"field":"inherit","label":"inherit","fill":"inherit"},"layout":{"label":{"valign":"inherit","align":"inherit"},"field":{"valign":"inherit","align":"inherit"}},"tags":["ShowAsRadios"],"datasource":{"loadRemote":false,"loadRemoteUrl":"","terminology":""},"field":{"code":{"presentation":"combobox"}}}},{"name":"Kokkoide/anaerobe bakterier","localizedName":"Kokkoide/anaerobe bakterier","rmType":"DV_CODED_TEXT","nodeId":"at0001","min":"0","max":"1","localizedNames":{"nb":"Kokkoide/anaerobe bakterier"},"localizedDescriptions":{"nb":"Faktisk verdi av prøvesvaret. Navnet på dette dataelementet er vanligvis oversatt i templat eller i applikasjon, slik at det samsvarer med den faktiske analysen. For eksempel \"S-Na\" eller \"Serum Natrium\". Det vil også som regel være kodet i et kodeverk.\n"},"aqlPath":"/content[openEHR-EHR-OBSERVATION.laboratory_test.v1,'PNA']/data[at0001]/events[at0002]/data[at0003]/items[openEHR-EHR-CLUSTER.laboratory_test_panel.v1,'Cervix-utstryk']/items[at0002,'Kokkoide/anaerobe bakterier']/items[at0001]/value","inputs":[{"suffix":"code","type":"CODED_TEXT","list":[{"value":"CF1","label":"Ikke tilstede","localizedLabels":{"nb":"Ikke tilstede"}},{"value":"CF4","label":"Noen få","localizedLabels":{"nb":"Noen få"}},{"value":"CF5","label":"Mange","localizedLabels":{"nb":"Mange"}}],"terminology":"OlafiaLAB_TI"}],"formId":"pna_soi/pna/uspesifisert_hendelse/cervix-utstryk/kokkoide_anaerobe_bakterier/analysesvar","viewConfig":{"advanced":{"hidden":false,"readonly":false},"size":{"field":"inherit","label":"inherit","fill":"inherit"},"layout":{"label":{"valign":"inherit","align":"inherit"},"field":{"valign":"inherit","align":"inherit"}},"tags":["ShowAsRadios"],"datasource":{"loadRemote":false,"loadRemoteUrl":"","terminology":""},"field":{"code":{"presentation":"combobox"}}}}],"viewConfig":{"advanced":{"hidden":false,"readonly":false,"render":false},"size":{"field":"inherit","label":"inherit","fill":"inherit"},"layout":{"label":{"valign":"inherit","align":"top"},"field":{"valign":"inherit","align":"inherit"}},"tags":["ForceMinMultiplicity"]}},{"name":"Urin","localizedName":"Urin","rmType":"CLUSTER","nodeId":"openEHR-EHR-CLUSTER.laboratory_test_panel.v1","min":"0","max":"1","localizedNames":{"nb":"Urin"},"localizedDescriptions":{"nb":"Laboratorieprøveresultat som en enkeltverdi eller i grupper/pakker som er vanlig i kliniske prøveanalyser."},"aqlPath":"/content[openEHR-EHR-OBSERVATION.laboratory_test.v1,'PNA']/data[at0001]/events[at0002]/data[at0003]/items[openEHR-EHR-CLUSTER.laboratory_test_panel.v1,'Annet']","formId":"pna_soi/pna/uspesifisert_hendelse/annet","children":[{"name":"U-stix - Leukocytter","localizedName":"U-stix - Leukocytter","rmType":"DV_CODED_TEXT","nodeId":"at0001","min":"0","max":"1","localizedNames":{"nb":"U-stix - Leukocytter"},"localizedDescriptions":{"nb":"Faktisk verdi av prøvesvaret. Navnet på dette dataelementet er vanligvis oversatt i templat eller i applikasjon, slik at det samsvarer med den faktiske analysen. For eksempel \"S-Na\" eller \"Serum Natrium\". Det vil også som regel være kodet i et kodeverk.\n"},"aqlPath":"/content[openEHR-EHR-OBSERVATION.laboratory_test.v1,'PNA']/data[at0001]/events[at0002]/data[at0003]/items[openEHR-EHR-CLUSTER.laboratory_test_panel.v1,'Annet']/items[at0002,'U-stix-Leukocytter']/items[at0001]/value","inputs":[{"suffix":"code","type":"CODED_TEXT","list":[{"value":"AF1","label":"0","localizedLabels":{"nb":"0"}},{"value":"AF2","label":"+","localizedLabels":{"nb":"+"}},{"value":"AF3","label":"++","localizedLabels":{"nb":"++"}},{"value":"AF4","label":"+++","localizedLabels":{"nb":"+++"}}],"terminology":"OlafiaLAB_USX"}],"formId":"pna_soi/pna/uspesifisert_hendelse/annet/u-stix-leukocytter/analysesvar","viewConfig":{"size":{"field":"inherit","label":"inherit","fill":"inherit"},"layout":{"label":{"valign":"top","align":"top"},"field":{"valign":"inherit","align":"inherit"}},"datasource":{"loadRemote":false,"loadRemoteUrl":"","terminology":""},"advanced":{"hidden":false,"readonly":false},"tags":["showasradios"],"field":{"code":{"presentation":"combobox"}}}},{"name":"U-stix - Nitritt","localizedName":"U-stix - Nitritt","rmType":"DV_CODED_TEXT","nodeId":"at0001","min":"0","max":"1","localizedNames":{"nb":"U-stix - Nitritt"},"localizedDescriptions":{"nb":"Faktisk verdi av prøvesvaret. Navnet på dette dataelementet er vanligvis oversatt i templat eller i applikasjon, slik at det samsvarer med den faktiske analysen. For eksempel \"S-Na\" eller \"Serum Natrium\". Det vil også som regel være kodet i et kodeverk.\n"},"aqlPath":"/content[openEHR-EHR-OBSERVATION.laboratory_test.v1,'PNA']/data[at0001]/events[at0002]/data[at0003]/items[openEHR-EHR-CLUSTER.laboratory_test_panel.v1,'Annet']/items[at0002,'U-stix - Nitritt']/items[at0001]/value","inputs":[{"suffix":"code","type":"CODED_TEXT","list":[{"value":"CG1","label":"0","localizedLabels":{"nb":"0"}},{"value":"CG2","label":"+","localizedLabels":{"nb":"+"}},{"value":"CG3","label":"++","localizedLabels":{"nb":"++"}},{"value":"CG4","label":"+++","localizedLabels":{"nb":"+++"}}],"terminology":"OlafiaLAB_USX"}],"formId":"pna_soi/pna/uspesifisert_hendelse/annet/u-stix_-_nitritt/analysesvar","viewConfig":{"size":{"field":"inherit","label":"inherit","fill":"inherit"},"layout":{"label":{"valign":"top","align":"top"},"field":{"valign":"inherit","align":"inherit"}},"datasource":{"loadRemote":false,"loadRemoteUrl":"","terminology":""},"advanced":{"hidden":false,"readonly":false},"tags":["showasradios"],"field":{"code":{"presentation":"combobox"}}}},{"name":"U-stix - Blod","localizedName":"U-stix - Blod","rmType":"DV_CODED_TEXT","nodeId":"at0001","min":"0","max":"1","localizedNames":{"nb":"U-stix - Blod"},"localizedDescriptions":{"nb":"Faktisk verdi av prøvesvaret. Navnet på dette dataelementet er vanligvis oversatt i templat eller i applikasjon, slik at det samsvarer med den faktiske analysen. For eksempel \"S-Na\" eller \"Serum Natrium\". Det vil også som regel være kodet i et kodeverk.\n"},"aqlPath":"/content[openEHR-EHR-OBSERVATION.laboratory_test.v1,'PNA']/data[at0001]/events[at0002]/data[at0003]/items[openEHR-EHR-CLUSTER.laboratory_test_panel.v1,'Annet']/items[at0002,'U-stix - Blod']/items[at0001]/value","inputs":[{"suffix":"code","type":"CODED_TEXT","list":[{"value":"CH1","label":"0","localizedLabels":{"nb":"0"}},{"value":"CH2","label":"+","localizedLabels":{"nb":"+"}},{"value":"CH3","label":"++","localizedLabels":{"nb":"++"}},{"value":"CH4","label":"+++","localizedLabels":{"nb":"+++"}}],"terminology":"OlafiaLAB_USX"}],"formId":"pna_soi/pna/uspesifisert_hendelse/annet/u-stix_-_blod/analysesvar","viewConfig":{"size":{"field":"inherit","label":"inherit","fill":"inherit"},"layout":{"label":{"valign":"top","align":"top"},"field":{"valign":"inherit","align":"inherit"}},"datasource":{"loadRemote":false,"loadRemoteUrl":"","terminology":""},"advanced":{"hidden":false,"readonly":false},"tags":["showasradios"],"field":{"code":{"presentation":"combobox"}}}}],"viewConfig":{"size":{"field":"inherit","label":"inherit","fill":"inherit"},"layout":{"label":{"valign":"inherit","align":"inherit"},"field":{"valign":"inherit","align":"inherit"}},"advanced":{"hidden":false,"readonly":false,"render":false},"tags":["ForceMinMultiplicity"]}}]}