{"name":"Form root","localizedNames":{},"localizedDescriptions":{},"rmType":"FORM_DEFINITION","min":0,"max":0,"formId":"form_root","viewConfig":{"label":{"custom":false,"useLocalizations":false},"size":{"field":"inherit","label":"inherit"},"layout":{"label":{"valign":"inherit","align":"inherit"},"field":{"valign":"inherit","align":"inherit"}},"annotations":{"reuseComposition":"SELECT c FROM COMPOSITION c[openEHR-EHR-COMPOSITION.plan_tavlemote.v0] order by c/context/start_time/value desc fetch 1?scope=periodofcare"}},"children":[{"name":"Plan","localizedName":"Plan","localizedNames":{"en":"*Plan (en)","nb":"Plan"},"localizedDescriptions":{"nb":"*"},"rmType":"DV_TEXT","nodeId":"at0004","min":0,"max":1,"aqlPath":"/content[openEHR-EHR-OBSERVATION.plan_tavlemote.v0]/data[at0001]/events[at0002]/data[at0003]/items[at0004]/value","inputs":[{"type":"TEXT","list":[],"listOpen":false}],"formId":"plan_tavlemote/plan_tavlemote/plan","viewConfig":{"multiplicity":{"min":0,"max":1},"advanced":{"hidden":false,"readonly":false,"hideFrame":false,"render":false},"label":{"custom":false,"useLocalizations":false},"size":{"field":"large","label":"inherit"},"layout":{"label":{"valign":"inherit","align":"top"},"field":{"valign":"inherit","align":"inherit"}},"annotations":{"nullflavour":"271"},"field":{"lines":"3","input":{"lines":3}}}}],"templateLanguages":["nb"],"language":""}