{"name":"Form root","localizedNames":{},"localizedDescriptions":{},"rmType":"FORM_DEFINITION","min":0,"max":0,"formId":"form_root","viewConfig":{"label":{"custom":false,"useLocalizations":false},"size":{"field":"inherit","label":"inherit"},"layout":{"label":{"valign":"inherit","align":"inherit"},"field":{"valign":"inherit","align":"inherit"}},"annotations":{}},"children":[{"name":"Klinisk kontakt","localizedName":"Klinisk kontakt","localizedNames":{"en":"*Klinisk kontakt (nb)","nb":"Klinisk kontakt"},"localizedDescriptions":{"nb":"Interaksjon, kontakt eller omsorgshendelse mellom et individ og helsepersonell.","en":"*Interaksjon, kontakt eller omsorgshendelse mellom et individ og helsepersonell. (nb)"},"rmType":"COMPOSITION","nodeId":"openEHR-EHR-COMPOSITION.encounter.v1","min":1,"max":1,"aqlPath":"/","inputs":[],"formId":"klinisk_kontakt","viewConfig":{"multiplicity":{"min":1,"max":1},"advanced":{"hidden":false,"readonly":false,"hideFrame":false,"render":false},"label":{"custom":false,"useLocalizations":false},"size":{"field":"inherit","label":"-1"},"layout":{"label":{"valign":"inherit","align":"top"},"field":{"valign":"inherit","align":"inherit"}},"annotations":{},"field":{},"tags":["HideLabel"]},"children":[{"name":"Blodtrykk","localizedName":"Blodtrykk","localizedNames":{"en":"*Blodtrykk (nb)","nb":"Blodtrykk"},"localizedDescriptions":{"nb":"Måling av blodtrykket som uttrykk for det arterielle blodtrykk i det systemiske kretsløp.","en":"*Måling av blodtrykket som uttrykk for det arterielle blodtrykk i det systemiske kretsløp. (nb)"},"rmType":"OBSERVATION","nodeId":"openEHR-EHR-OBSERVATION.blood_pressure.v1","min":1,"max":1,"aqlPath":"/content[openEHR-EHR-OBSERVATION.blood_pressure.v1]","inputs":[],"formId":"klinisk_kontakt/blodtrykk","viewConfig":{"multiplicity":{"min":1,"max":1},"advanced":{"hidden":false,"readonly":false,"hideFrame":false,"render":false},"label":{"custom":false,"useLocalizations":false},"size":{"field":"inherit","label":"-1"},"layout":{"label":{"valign":"inherit","align":"inherit"},"field":{"valign":"inherit","align":"inherit"}},"annotations":{},"field":{},"tags":["HideLabel"]},"children":[{"name":"Uspesifisert hendelse","localizedName":"Uspesifisert hendelse","localizedNames":{"en":"*Uspesifisert hendelse (nb)","nb":"Blodtrykksmåling"},"localizedDescriptions":{"nb":"Standard, uspesifisert tidspunkt eller tidsintervall som kan defineres mer eksplisitt i en template eller i en applikasjon.","en":"*Standard, uspesifisert tidspunkt eller tidsintervall som kan defineres mer eksplisitt i en template eller i en applikasjon. (nb)"},"rmType":"EVENT","nodeId":"at0006","min":0,"max":-1,"aqlPath":"/content[openEHR-EHR-OBSERVATION.blood_pressure.v1]/data[at0001]/events[at0006]","inputs":[],"formId":"klinisk_kontakt/blodtrykk/uspesifisert_hendelse","viewConfig":{"multiplicity":{"min":0,"max":-1},"advanced":{"hidden":false,"readonly":false,"hideFrame":false,"render":false},"label":{"custom":false,"useLocalizations":false},"size":{"field":"inherit","label":"inherit"},"layout":{"label":{"valign":"inherit","align":"inherit"},"field":{"valign":"inherit","align":"inherit"}},"annotations":{}},"children":[{"name":"Systolisk","localizedName":"Systolisk","localizedNames":{"en":"*Systolisk (nb)","nb":"Systolisk"},"localizedDescriptions":{"nb":"Maksimalt systemisk arterielt blodtrykk - målt i systolen, det vil si i hjertets kontraksjonsfase.","en":"*Maksimalt systemisk arterielt blodtrykk - målt i systolen, det vil si i hjertets kontraksjonsfase. (nb)"},"rmType":"DV_QUANTITY","nodeId":"at0004","min":0,"max":1,"aqlPath":"/content[openEHR-EHR-OBSERVATION.blood_pressure.v1]/data[at0001]/events[at0006]/data[at0003]/items[at0004]/value","inputs":[{"suffix":"magnitude","type":"DECIMAL","defaultValue":"","listOpen":false},{"suffix":"unit","type":"CODED_TEXT","list":[{"value":"mm[Hg]","label":"mm[Hg]","validation":{"range":{"minOp":">=","min":0.0,"maxOp":"<","max":1000.0},"precision":{"minOp":">=","min":0.0,"maxOp":"<=","max":0.0}},"ordinal":0,"localizedLabels":{},"localizedDescriptions":{}}],"defaultValue":"mm[Hg]","listOpen":false}],"formId":"klinisk_kontakt/blodtrykk/uspesifisert_hendelse/systolisk","viewConfig":{"multiplicity":{"min":0,"max":1},"advanced":{"hidden":false,"readonly":false,"hideFrame":false,"render":false},"label":{"custom":false,"useLocalizations":false},"size":{"field":"medium","label":"inherit"},"layout":{"label":{"valign":"inherit","align":"inherit"},"field":{"valign":"inherit","align":"inherit"}},"annotations":{},"field":{},"tags":[]}},{"name":"Diastolisk","localizedName":"Diastolisk","localizedNames":{"en":"*Diastolisk (nb)","nb":"Diastolisk"},"localizedDescriptions":{"nb":"Laveste systemiske arterielle blodtrykk - målt i diastolen, det vil si under hjertets relaksasjonsfase.","en":"*Laveste systemiske arterielle blodtrykk - målt i diastolen, det vil si under hjertets relaksasjonsfase. (nb)"},"rmType":"DV_QUANTITY","nodeId":"at0005","min":0,"max":1,"aqlPath":"/content[openEHR-EHR-OBSERVATION.blood_pressure.v1]/data[at0001]/events[at0006]/data[at0003]/items[at0005]/value","inputs":[{"suffix":"magnitude","type":"DECIMAL","defaultValue":"","listOpen":false},{"suffix":"unit","type":"CODED_TEXT","list":[{"value":"mm[Hg]","label":"mm[Hg]","validation":{"range":{"minOp":">=","min":0.0,"maxOp":"<","max":1000.0},"precision":{"minOp":">=","min":0.0,"maxOp":"<=","max":0.0}},"ordinal":0,"localizedLabels":{},"localizedDescriptions":{}}],"defaultValue":"mm[Hg]","listOpen":false}],"formId":"klinisk_kontakt/blodtrykk/uspesifisert_hendelse/diastolisk","viewConfig":{"multiplicity":{"min":0,"max":1},"advanced":{"hidden":false,"readonly":false,"hideFrame":false,"render":false},"label":{"custom":false,"useLocalizations":false},"size":{"field":"medium","label":"inherit"},"layout":{"label":{"valign":"inherit","align":"inherit"},"field":{"valign":"inherit","align":"inherit"}},"annotations":{},"field":{},"tags":[]}},{"name":"Time","localizedName":"Time","localizedNames":{"en":"*Time (en)","nb":"Registert tidspunkt"},"localizedDescriptions":{},"rmType":"DV_DATE_TIME","min":0,"max":1,"aqlPath":"/content[openEHR-EHR-OBSERVATION.blood_pressure.v1]/data[at0001]/events[at0006]/time","inputs":[{"type":"DATETIME","listOpen":false}],"formId":"klinisk_kontakt/blodtrykk/uspesifisert_hendelse/time","viewConfig":{"multiplicity":{"min":0,"max":1},"advanced":{"hidden":false,"readonly":false,"hideFrame":false,"render":false},"label":{"custom":false,"useLocalizations":false},"size":{"field":"inherit","label":"inherit"},"layout":{"label":{"valign":"inherit","align":"inherit"},"field":{"valign":"inherit","align":"inherit"}},"annotations":{"templateVariable":"[sys.Now]"},"field":{"input":{"hideTime":false,"dateFormat":"","hideDate":false}}}}]}]}]}]}