{"formId":"form_root","name":"Form root","rmType":"FORM_DEFINITION","viewConfig":{"label":{"custom":false,"value":"","useLocalizations":false,"localizationsList":{}},"size":{"field":"inherit","label":"inherit","fill":"inherit"},"layout":{"valign":"inherit","align":"inherit"},"tags":[]},"templateLanguages":["nb"],"children":[{"localizedName":"Fieldset","localizedNames":{"nb":"Fieldset"},"min":0,"max":-1,"name":"Fieldset","rmType":"GENERIC_FIELDSET","fid":"generic-field-6784","formId":"generic-field-6784","viewConfig":{"label":{"custom":true,"value":"PLO Status","useLocalizations":false,"localizationsList":{}},"advanced":{"hidden":false,"readonly":false,"render":false},"multiplicity":{"min":"0","max":"1"},"size":{"field":"inherit","label":"inherit","fill":"inherit"},"layout":{"label":{"valign":"inherit","align":"top"},"field":{"valign":"inherit","align":"inherit"}},"tags":[],"field":{}},"children":[{"name":"Helseopplysninger sendt","localizedName":"Helseopplysninger sendt","rmType":"DV_CODED_TEXT","nodeId":"at0004","min":0,"max":1,"localizedNames":{"nb":"Helseopplysninger sendt"},"localizedDescriptions":{"nb":"*"},"aqlPath":"/content[openEHR-EHR-OBSERVATION.plo_status.v0]/data[at0001]/events[at0002]/data[at0003]/items[at0004]/value","inputs":[{"suffix":"code","type":"CODED_TEXT","list":[{"value":"at0008","label":"Ja","localizedLabels":{"nb":"Ja"},"localizedDescriptions":{"nb":"*"}},{"value":"at0009","label":"Nei","localizedLabels":{"nb":"Nei"},"localizedDescriptions":{"nb":"*"}},{"value":"at0010","label":"Vet ikke","localizedLabels":{"nb":"Vet ikke"},"localizedDescriptions":{"nb":"*"}}]}],"fid":"plo_status/plo_status/helseopplysninger_sendt","formId":"plo_status/plo_status/helseopplysninger_sendt","viewConfig":{"label":{"custom":false,"value":"","useLocalizations":false,"localizationsList":{}},"advanced":{"hidden":false,"readonly":false},"multiplicity":{"min":"0","max":"1"},"size":{"field":"inherit","label":"inherit","fill":"inherit"},"layout":{"label":{"valign":"inherit","align":"top"},"field":{"valign":"inherit","align":"inherit"}},"tags":[],"datasource":{"loadRemote":false,"loadRemoteUrl":"","terminology":""},"field":{"code":{"presentation":"combobox","columns":"4"}}},"defaultValue":{"code":""}},{"name":"HO Dato","localizedName":"HO Dato","rmType":"DV_DATE_TIME","nodeId":"at0005","min":0,"max":1,"localizedNames":{"nb":"HO Dato"},"localizedDescriptions":{"nb":"*"},"aqlPath":"/content[openEHR-EHR-OBSERVATION.plo_status.v0]/data[at0001]/events[at0002]/data[at0003]/items[at0005]/value","inputs":[{"type":"DATETIME"}],"fid":"plo_status/plo_status/ho_dato","formId":"plo_status/plo_status/ho_dato","viewConfig":{"label":{"custom":true,"value":"Dato"}},"defaultValue":{"value":""}},{"name":"Utskrivingsklar pasient sendt","localizedName":"Utskrivingsklar pasient sendt","rmType":"DV_CODED_TEXT","nodeId":"at0006","min":0,"max":1,"localizedNames":{"nb":"Utskrivingsklar pasient sendt"},"localizedDescriptions":{"nb":"*"},"aqlPath":"/content[openEHR-EHR-OBSERVATION.plo_status.v0]/data[at0001]/events[at0002]/data[at0003]/items[at0006]/value","inputs":[{"suffix":"code","type":"CODED_TEXT","list":[{"value":"at0011","label":"Ja","localizedLabels":{"nb":"Ja"},"localizedDescriptions":{"nb":"*"}},{"value":"at0012","label":"Nei","localizedLabels":{"nb":"Nei"},"localizedDescriptions":{"nb":"*"}},{"value":"at0013","label":"Vet ikke","localizedLabels":{"nb":"Vet ikke"},"localizedDescriptions":{"nb":"*"}}]}],"fid":"plo_status/plo_status/utskrivingsklar_pasient_sendt","formId":"plo_status/plo_status/utskrivingsklar_pasient_sendt","viewConfig":{},"defaultValue":{"code":""}},{"name":"UK Dato","localizedName":"UK Dato","rmType":"DV_DATE_TIME","nodeId":"at0007","min":0,"max":1,"localizedNames":{"nb":"UK Dato"},"localizedDescriptions":{"nb":"*"},"aqlPath":"/content[openEHR-EHR-OBSERVATION.plo_status.v0]/data[at0001]/events[at0002]/data[at0003]/items[at0007]/value","inputs":[{"type":"DATETIME"}],"fid":"plo_status/plo_status/uk_dato","formId":"plo_status/plo_status/uk_dato","viewConfig":{"label":{"custom":true,"value":"Dato"}},"defaultValue":{"value":""}}]}]}