{"formId":"form_root","name":"Form root","rmType":"FORM_DEFINITION","viewConfig":{"label":{"custom":false,"value":"","useLocalizations":true,"localizationsList":{"nb":"KAT status"}},"size":{"field":"inherit","label":"inherit","fill":"inherit"},"layout":{"label":{"valign":"inherit","align":"inherit"},"field":{"valign":"inherit","align":"inherit"}},"tags":[],"annotations":{"#KAT":"openEHR-EHR-OBSERVATION.kat_status.v1?scope=episodeofcare"}},"language":"nb","templateLanguages":["nb"],"children":[{"name":"KAT Status","localizedName":"KAT Status","rmType":"OBSERVATION","nodeId":"openEHR-EHR-OBSERVATION.kat_status.v1","min":0,"max":-1,"localizedNames":{"nb":"KAT Status"},"localizedDescriptions":{"nb":"unknown"},"aqlPath":"/content[openEHR-EHR-OBSERVATION.kat_status.v1]","children":[{"name":"Status KAT","localizedName":"Status KAT","rmType":"DV_CODED_TEXT","nodeId":"at0004","min":0,"max":1,"localizedNames":{"nb":"Status KAT"},"localizedDescriptions":{"nb":"*"},"aqlPath":"/content[openEHR-EHR-OBSERVATION.kat_status.v1]/data[at0001]/events[at0002]/data[at0003]/items[at0004]/value","inputs":[{"suffix":"code","type":"CODED_TEXT","list":[{"value":"at0006","label":"Lagt inn","localizedLabels":{"nb":"Lagt inn"},"localizedDescriptions":{"nb":"*"}},{"value":"at0007","label":"Stelt","localizedLabels":{"nb":"Stelt"},"localizedDescriptions":{"nb":"*"}},{"value":"at0008","label":"Fjernet","localizedLabels":{"nb":"Fjernet"},"localizedDescriptions":{"nb":"*"}}]}],"formId":"kat_status/kat_status/status_kat","viewConfig":{"annotations":{"select":"{#KAT:/data[at0001]/events[at0002]/data[at0003]/items[at0004]/value}"},"size":{"field":"inherit","label":"inherit","fill":"inherit"},"layout":{"label":{"valign":"inherit","align":"inherit"},"field":{"valign":"inherit","align":"inherit"}},"datasource":{"loadRemote":false,"loadRemoteUrl":"","terminology":""},"label":{"custom":false,"value":"","useLocalizations":true,"localizationsList":{"nb":"Kateter status"}},"advanced":{"hidden":false,"readonly":false},"multiplicity":{"min":"0","max":"1"},"tags":[],"field":{"code":{"presentation":"combobox","columns":"4"}}},"defaultValue":{"code":""},"fid":"kat_status/kat_status/status_kat"},{"name":"KAT Lagt inn dato","localizedName":"KAT Lagt inn dato","rmType":"DV_DATE_TIME","nodeId":"at0005","min":0,"max":1,"localizedNames":{"nb":"KAT Lagt inn dato"},"localizedDescriptions":{"nb":"*"},"aqlPath":"/content[openEHR-EHR-OBSERVATION.kat_status.v1]/data[at0001]/events[at0002]/data[at0003]/items[at0005]/value","inputs":[{"type":"DATETIME"}],"formId":"kat_status/kat_status/kat_lagt_inn_dato","viewConfig":{"annotations":{"select":"{#KAT:/data[at0001]/events[at0002]/data[at0003]/items[at0005]/value}"},"label":{"custom":false,"value":"","useLocalizations":false,"localizationsList":{}},"advanced":{"hidden":true,"readonly":false},"multiplicity":{"min":"0","max":"1"},"size":{"field":"inherit","label":"inherit","fill":"inherit"},"layout":{"label":{"valign":"inherit","align":"inherit"},"field":{"valign":"inherit","align":"inherit"}},"tags":[],"datasource":{"loadRemote":false,"loadRemoteUrl":"","terminology":""},"field":{"input":{"dateFormat":"","hideDate":false,"hideTime":false}}},"defaultValue":{"value":""},"fid":"kat_status/kat_status/kat_lagt_inn_dato"}],"fid":"kat_status/kat_status","formId":"kat_status/kat_status","viewConfig":{"label":{"custom":false,"value":"","useLocalizations":false,"localizationsList":{}},"advanced":{"hidden":false,"readonly":false,"render":false},"multiplicity":{"min":"1","max":"1"},"size":{"field":"inherit","label":"inherit","fill":"inherit"},"layout":{"label":{"valign":"inherit","align":"top"},"field":{"valign":"inherit","align":"inherit"}},"tags":[],"field":{}}}]}