[{"col":1,"row":1,"width":12,"height":58,"children":[{"id":"hv_trykksaarrisikovurdering/trykksaar_risiko","rows":[{"cols":[{"width":"100%","children":[{"id":"hv_trykksaarrisikovurdering/trykksaar_risiko/har_pasienten_trykksår_ved_innleggelse_overflytting"},{"id":"hv_trykksaarrisikovurdering/trykksaar_risiko/dato_siste_screening"},{"id":"hv_trykksaarrisikovurdering/trykksaar_risiko/dato_for_screening"},{"id":"hv_trykksaarrisikovurdering/trykksaar_risiko/trenger_pasienten_hjelp_til_stillingsendring_i_stol_og_eller_seng"},{"id":"hv_trykksaarrisikovurdering/trykksaar_risiko/tror_du_det_er_sannsynlig_at_pasienten_kan_utvikle_trykksår_under_innleggelsen"},{"id":"hv_trykksaarrisikovurdering/trykksaar_risiko/merknad"}]}]}]},{"id":"hv_trykksaarrisikovurdering/trykksaar_risiko/klinisk_vurdering","rows":[{"cols":[{"width":"100%","children":[{"id":"hv_trykksaarrisikovurdering/trykksaar_risiko/klinisk_vurdering/høy_alder_70_år"},{"id":"generic-field-33093"},{"id":"hv_trykksaarrisikovurdering/trykksaar_risiko/klinisk_vurdering/diabetes"},{"id":"hv_trykksaarrisikovurdering/trykksaar_risiko/klinisk_vurdering/underernæring"},{"id":"hv_trykksaarrisikovurdering/trykksaar_risiko/klinisk_vurdering/overvekt"},{"id":"hv_trykksaarrisikovurdering/trykksaar_risiko/klinisk_vurdering/respirasjon_sirkulasjonssykdom_f.eks_kols_hjertesvikt"},{"id":"hv_trykksaarrisikovurdering/trykksaar_risiko/klinisk_vurdering/midlertidig_immobil_pga_kirurgisk_inngrep"},{"id":"hv_trykksaarrisikovurdering/trykksaar_risiko/klinisk_vurdering/kognitiv_svikt_compliance"},{"id":"hv_trykksaarrisikovurdering/trykksaar_risiko/klinisk_vurdering/beskriv_risiko_for_trykksår"}]}]}]},{"id":"generic-field-48457","rows":[{"cols":[{"width":"100%","children":[{"id":"hv_trykksaarrisikovurdering/trykksaar_risiko/velg_verktøy_for_risikovurdering"},{"id":"hv_trykksaarrisikovurdering/braden_scale","rows":[{"cols":[{"width":"100%","children":[{"id":"hv_trykksaarrisikovurdering/braden_scale/sensory_perception"},{"id":"hv_trykksaarrisikovurdering/braden_scale/moisture"},{"id":"hv_trykksaarrisikovurdering/braden_scale/activity"},{"id":"hv_trykksaarrisikovurdering/braden_scale/mobility"},{"id":"hv_trykksaarrisikovurdering/braden_scale/nutrition"},{"id":"hv_trykksaarrisikovurdering/braden_scale/friction_and_shear"},{"id":"hv_trykksaarrisikovurdering/braden_scale/comment"},{"id":"hv_trykksaarrisikovurdering/braden_scale/braden_total_score"},{"id":"hv_trykksaarrisikovurdering/braden_scale/braden_risk_grade"}]}]}]},{"id":"hv_trykksaarrisikovurdering/modified_braden_q_scale","rows":[{"cols":[{"width":"100%","children":[{"id":"hv_trykksaarrisikovurdering/modified_braden_q_scale/sensory_perception"},{"id":"hv_trykksaarrisikovurdering/modified_braden_q_scale/moisture"},{"id":"hv_trykksaarrisikovurdering/modified_braden_q_scale/activity"},{"id":"hv_trykksaarrisikovurdering/modified_braden_q_scale/mobility"},{"id":"hv_trykksaarrisikovurdering/modified_braden_q_scale/nutrition"},{"id":"hv_trykksaarrisikovurdering/modified_braden_q_scale/friction_and_shear"},{"id":"hv_trykksaarrisikovurdering/modified_braden_q_scale/comment"},{"id":"hv_trykksaarrisikovurdering/modified_braden_q_scale/braden_total_score"},{"id":"hv_trykksaarrisikovurdering/modified_braden_q_scale/braden_risk_grade"}]}]}]},{"id":"hv_trykksaarrisikovurdering/neonatal_braden_scale_nsras","rows":[{"cols":[{"width":"100%","children":[{"id":"hv_trykksaarrisikovurdering/neonatal_braden_scale_nsras/general_physical_condition"},{"id":"hv_trykksaarrisikovurdering/neonatal_braden_scale_nsras/moisture"},{"id":"hv_trykksaarrisikovurdering/neonatal_braden_scale_nsras/nutrition"},{"id":"hv_trykksaarrisikovurdering/neonatal_braden_scale_nsras/activity"},{"id":"hv_trykksaarrisikovurdering/neonatal_braden_scale_nsras/mobility"},{"id":"hv_trykksaarrisikovurdering/neonatal_braden_scale_nsras/mental_status"},{"id":"hv_trykksaarrisikovurdering/neonatal_braden_scale_nsras/comment"},{"id":"hv_trykksaarrisikovurdering/neonatal_braden_scale_nsras/total_score"},{"id":"hv_trykksaarrisikovurdering/neonatal_braden_scale_nsras/graded_risk"}]}]}]}]}]}]}]}]