[{"col":1,"row":1,"width":12,"height":60,"children":[{"id":"klinisk_kontakt/perifert_venekateter@Perifert venekateter","rows":[{"cols":[{"width":"100%","children":[{"id":"klinisk_kontakt/perifert_venekateter@Perifert venekateter/pvk@PVK","rows":[]},{"id":"klinisk_kontakt/perifert_venekateter@Perifert venekateter/beskrivelse","rows":[]},{"id":"generic-field-57666","rows":[]},{"id":"klinisk_kontakt/perifert_venekateter@Perifert venekateter/detaljer/seponert@Seponert","rows":[]},{"id":"klinisk_kontakt/perifert_venekateter@Perifert venekateter/detaljer","rows":[{"cols":[{"width":"100%","children":[{"id":"klinisk_kontakt/perifert_venekateter@Perifert venekateter/detaljer/lagt_inn@Lagt inn","rows":[]},{"id":"klinisk_kontakt/perifert_venekateter@Perifert venekateter/detaljer/neste_tilsyn_stell@Neste tilsyn/stell","rows":[]}]}]}]}]}]}]}]}]