{"name":"Form root","localizedNames":{},"localizedDescriptions":{},"rmType":"FORM_DEFINITION","min":0,"max":0,"formId":"form_root","viewConfig":{"label":{"custom":false,"useLocalizations":false},"size":{"field":"inherit","label":"inherit"},"layout":{"label":{"valign":"inherit","align":"inherit"},"field":{"valign":"inherit","align":"inherit"}},"annotations":{"reuseComposition":"SELECT c FROM COMPOSITION c[openEHR-EHR-COMPOSITION.hn_ald_annet.v1] order by c/context/start_time/value desc fetch 1?scope=periodofcare\r\n","nullflavour":"271"}},"children":[{"name":"Annet","localizedName":"Annet","localizedNames":{"en":"*Annet (nb)","nb":"Annet"},"localizedDescriptions":{"nb":"Annet","en":"*Annet (nb)"},"rmType":"DV_TEXT","nodeId":"at0004","min":0,"max":1,"aqlPath":"/content[openEHR-EHR-OBSERVATION.hn_ald_annet.v1]/data[at0001]/events[at0002]/data[at0003]/items[at0004]/value","inputs":[{"type":"TEXT","list":[],"listOpen":false}],"formId":"hn_ald_annet/hn_ald_annet/any_event/annet","viewConfig":{"multiplicity":{"min":0,"max":1},"advanced":{"hidden":false,"readonly":false,"hideFrame":false,"render":false},"label":{"custom":false,"useLocalizations":false},"size":{"field":"inherit","label":"inherit"},"layout":{"label":{"valign":"inherit","align":"inherit"},"field":{"valign":"inherit","align":"inherit"}},"datasource":{"loadRemote":false,"parameters":{}},"annotations":{},"field":{"lines":"2","input":{"lines":2}}}},{"name":"Fieldset","localizedName":"Fieldset","localizedNames":{"en":"*Fieldset (en)","nb":"Fieldset"},"localizedDescriptions":{},"rmType":"GENERIC_FIELDSET","min":0,"max":1,"inputs":[],"formId":"generic-field-20271","viewConfig":{"multiplicity":{"min":0,"max":1},"advanced":{"hidden":false,"readonly":false,"hideFrame":false,"render":false},"label":{"custom":false,"useLocalizations":false},"size":{"field":"inherit","label":"-1"},"layout":{"label":{"valign":"inherit","align":"inherit"},"field":{"valign":"inherit","align":"inherit"}},"annotations":{},"field":{"formId":null,"name":null},"tags":["HideLabel"]},"children":[{"name":"Barn som pårørende","localizedName":"Barn som pårørende","localizedNames":{"en":"*Barn som pårørende (nb)","nb":"Barn som pårørende"},"localizedDescriptions":{"nb":"Angi om pasienten har barn som pårørende","en":"*Angi om pasienten har barn som pårørende (nb)"},"rmType":"DV_BOOLEAN","nodeId":"at0005","min":0,"max":1,"aqlPath":"/content[openEHR-EHR-OBSERVATION.hn_ald_annet.v1]/data[at0001]/events[at0002]/data[at0003]/items[at0005]/value","inputs":[{"type":"BOOLEAN","defaultValue":"False","listOpen":false}],"formId":"hn_ald_annet/hn_ald_annet/any_event/barn_som_pårørende","viewConfig":{"multiplicity":{"min":0,"max":1},"advanced":{"hidden":false,"readonly":false,"hideFrame":false,"render":false},"label":{"custom":false,"useLocalizations":false},"size":{"field":"inherit","label":"inherit"},"layout":{"label":{"valign":"inherit","align":"inherit"},"field":{"valign":"inherit","align":"inherit"}},"annotations":{},"field":{"input":{"threeState":false}}}},{"name":"Herteskole","localizedName":"Herteskole","localizedNames":{"en":"*Herteskole (nb)","nb":"Herteskole"},"localizedDescriptions":{"nb":"Angi om pasienten skal ha hjerteskole","en":"*Angi om pasienten skal ha hjerteskole (nb)"},"rmType":"DV_BOOLEAN","nodeId":"at0006","min":0,"max":1,"aqlPath":"/content[openEHR-EHR-OBSERVATION.hn_ald_annet.v1]/data[at0001]/events[at0002]/data[at0003]/items[at0006]/value","inputs":[{"type":"BOOLEAN","defaultValue":"False","listOpen":false}],"formId":"hn_ald_annet/hn_ald_annet/any_event/herteskole","viewConfig":{"multiplicity":{"min":0,"max":1},"advanced":{"hidden":false,"readonly":false,"hideFrame":false,"render":false},"label":{"custom":false,"useLocalizations":false},"size":{"field":"inherit","label":"inherit"},"layout":{"label":{"valign":"inherit","align":"inherit"},"field":{"valign":"inherit","align":"inherit"}},"annotations":{},"field":{"input":{"threeState":false}}}}]}]}