{"formId":"form_root","name":"Form root","rmType":"FORM_DEFINITION","viewConfig":{"label":{"custom":false,"value":"","useLocalizations":false,"localizationsList":{}},"size":{"field":"inherit","label":"inherit","fill":"inherit"},"layout":{"valign":"inherit","align":"inherit"},"tags":[]},"language":"","templateLanguages":["nb"],"children":[{"localizedName":"Hjelpefunksjon","localizedNames":{"nb":"Fieldset"},"min":"0","max":"100","name":"Hjelpefunksjon","rmType":"GENERIC_FIELDSET","formId":"generic-field-71083","children":[{"name":"Hjelpefunksjon","localizedName":"Hjelpefunksjon","rmType":"OBSERVATION","nodeId":"openEHR-EHR-OBSERVATION.hjelpefunksjon.v0","min":"0","max":"100","localizedNames":{"nb":"Hjelpefunksjon"},"localizedDescriptions":{"nb":"unknown"},"aqlPath":"/content[openEHR-EHR-OBSERVATION.hjelpefunksjon.v0]","children":[{"name":"Hjelpefunksjon","localizedName":"Hjelpefunksjon","rmType":"DV_CODED_TEXT","nodeId":"at0004","min":0,"max":1,"localizedNames":{"nb":"Hjelpefunksjon"},"localizedDescriptions":{"nb":"*"},"aqlPath":"/content[openEHR-EHR-OBSERVATION.hjelpefunksjon.v0]/data[at0001]/events[at0002]/data[at0003]/items[at0004]/value","inputs":[{"suffix":"code","type":"CODED_TEXT","list":[{"value":"at0005","label":"Fysioterapeut","localizedLabels":{"nb":"Fysioterapeut"},"localizedDescriptions":{"nb":"*"}},{"value":"at0006","label":"Ergoterapeut","localizedLabels":{"nb":"Ergoterapeut"},"localizedDescriptions":{"nb":"*"}},{"value":"at0007","label":"Sosionom","localizedLabels":{"nb":"Sosionom"},"localizedDescriptions":{"nb":"*"}},{"value":"at0008","label":"Ernæringsfysiolog","localizedLabels":{"nb":"Ernæringsfysiolog"},"localizedDescriptions":{"nb":"*"}},{"value":"at0009","label":"Logoped","localizedLabels":{"nb":"Logoped"},"localizedDescriptions":{"nb":"*"}},{"value":"at0010","label":"Pedagog","localizedLabels":{"nb":"Pedagog"},"localizedDescriptions":{"nb":"*"}}]}],"formId":"hjelpefunksjon/hjelpefunksjon/hjelpefunksjon"},{"name":"Dato","localizedName":"Dato","rmType":"DV_DATE_TIME","nodeId":"at0011","min":0,"max":1,"localizedNames":{"nb":"Dato"},"localizedDescriptions":{"nb":"*"},"aqlPath":"/content[openEHR-EHR-OBSERVATION.hjelpefunksjon.v0]/data[at0001]/events[at0002]/data[at0003]/items[at0011]/value","inputs":[{"type":"DATETIME"}],"formId":"hjelpefunksjon/hjelpefunksjon/dato"}],"formId":"hjelpefunksjon/hjelpefunksjon","viewConfig":{"advanced":{"hidden":false,"readonly":false,"render":false},"size":{"field":"inherit","label":"inherit","fill":"inherit"},"layout":{"label":{"valign":"inherit","align":"inherit"},"field":{"valign":"inherit","align":"inherit"}},"tags":["HideLabel"]}}],"viewConfig":{"advanced":{"hidden":false,"readonly":false,"render":false},"size":{"field":"inherit","label":"inherit","fill":"inherit"},"layout":{"label":{"valign":"inherit","align":"top"},"field":{"valign":"inherit","align":"inherit"}},"tags":[]}}]}