{"name":"Form root","localizedNames":{},"localizedDescriptions":{},"rmType":"FORM_DEFINITION","min":0,"max":0,"formId":"form_root","viewConfig":{"label":{"custom":false,"useLocalizations":false},"size":{"field":"inherit","label":"inherit"},"layout":{"label":{"valign":"inherit","align":"inherit"},"field":{"valign":"inherit","align":"inherit"}},"annotations":{"#nurse":"select\r\nc/uid as cid, a/data[at0001]/items[at0016]/items[at0002 and name/value='Sykepleier']/value\r\nfrom\r\n   composition c[openEHR-EHR-COMPOSITION.encounter.v1]\r\ncontains\r\n   ADMIN_ENTRY a[openEHR-EHR-ADMIN_ENTRY.administrativ_informasjon_dips.v2]\r\nwhere\r\n   a/name/value = 'Sykepleier'\r\norder by c/context/start_time DESC fetch 1?scope=episodeofcare","#nurse2":"select\r\nc/uid as cid, a\r\nfrom\r\n   composition c[openEHR-EHR-COMPOSITION.encounter.v1]\r\ncontains\r\n   ADMIN_ENTRY a[openEHR-EHR-ADMIN_ENTRY.administrativ_informasjon_dips.v2]\r\nwhere\r\n   a/name/value = 'Sykepleier'\r\norder by c/context/start_time DESC fetch 1?scope=episodeofcare"}},"children":[{"name":"Sykepleier","localizedName":"Sykepleier","localizedNames":{"en":"*Sykepleier (en)","nb":"Sykepleier"},"localizedDescriptions":{"nb":"Kan benyttes i kolonne i pasientliste for å sende/vise beskjeder. ","en":"*Kan benyttes i kolonne i pasientliste for å sende/vise beskjeder.  (nb)"},"rmType":"ADMIN_ENTRY","nodeId":"openEHR-EHR-ADMIN_ENTRY.administrativ_informasjon_dips.v2","min":0,"max":1,"aqlPath":"/content[openEHR-EHR-ADMIN_ENTRY.administrativ_informasjon_dips.v2 and name/value='Sykepleier']","inputs":[],"formId":"informasjon_for_post/sykepleier@Sykepleier","viewConfig":{"multiplicity":{"min":0,"max":1},"advanced":{"hidden":false,"readonly":false,"hideFrame":false,"render":false},"label":{"custom":false,"useLocalizations":false},"size":{"field":"inherit","label":"-1"},"layout":{"label":{"valign":"inherit","align":"inherit"},"field":{"valign":"inherit","align":"inherit"}},"annotations":{"selectreadonly":"{#nurse2}"},"field":{},"tags":["HideLabel"]},"children":[{"name":"Informasjon/beskjed","localizedName":"Informasjon/beskjed","localizedNames":{"en":"*Informasjon/beskjed (nb)","nb":"Informasjon/beskjed"},"localizedDescriptions":{"nb":"*","en":"** (nb)"},"rmType":"CLUSTER","nodeId":"at0016","min":0,"max":-1,"aqlPath":"/content[openEHR-EHR-ADMIN_ENTRY.administrativ_informasjon_dips.v2 and name/value='Sykepleier']/data[at0001]/items[at0016]","inputs":[],"formId":"informasjon_for_post/sykepleier@Sykepleier/informasjon_beskjed","viewConfig":{"multiplicity":{"min":0,"max":-1},"advanced":{"hidden":false,"readonly":false,"hideFrame":false,"render":false},"label":{"custom":false,"useLocalizations":false},"size":{"field":"inherit","label":"-1"},"layout":{"label":{"valign":"inherit","align":"inherit"},"field":{"valign":"inherit","align":"inherit"}},"annotations":{},"field":{},"tags":["HideLabel"]},"children":[{"name":"Sykepleier","localizedName":"Sykepleier","localizedNames":{"en":"*Sykepleier (en)","nb":"Sykepleier"},"localizedDescriptions":{"nb":"Innhold i beskjed","en":"*Innhold i beskjed (nb)"},"rmType":"DV_TEXT","nodeId":"at0002","min":0,"max":1,"aqlPath":"/content[openEHR-EHR-ADMIN_ENTRY.administrativ_informasjon_dips.v2 and name/value='Sykepleier']/data[at0001]/items[at0016]/items[at0002 and name/value='Sykepleier']/value","inputs":[{"type":"TEXT","list":[],"listOpen":false}],"formId":"informasjon_for_post/sykepleier@Sykepleier/informasjon_beskjed/sykepleier@Sykepleier","viewConfig":{"multiplicity":{"min":0,"max":1},"advanced":{"hidden":false,"readonly":false,"hideFrame":false,"render":false},"label":{"custom":false,"useLocalizations":false},"size":{"field":"inherit","label":"inherit"},"layout":{"label":{"valign":"inherit","align":"inherit"},"field":{"valign":"inherit","align":"inherit"}},"datasource":{"loadRemote":false,"parameters":{}},"annotations":{},"field":{"lines":null,"input":{}}}}]}]}]}