[{"col":1,"row":1,"width":19,"height":17,"children":[{"id":"operatørvurdering/endelig_klarering_av_operatør@Endelig klarering av operatør","rows":[{"cols":[{"width":"50%","children":[{"id":"operatørvurdering/endelig_klarering_av_operatør@Endelig klarering av operatør/klarering_operatør@Klarering operatør","rows":[{"cols":[{"width":"100%","children":[{"id":"operatørvurdering/endelig_klarering_av_operatør@Endelig klarering av operatør/klarering_operatør@Klarering operatør/prosedyrenavn","rows":[]},{"id":"operatørvurdering/endelig_klarering_av_operatør@Endelig klarering av operatør/klarering_operatør@Klarering operatør/resultat","rows":[]},{"id":"generic-field-04377","rows":[{"cols":[{"width":"50%","children":[{"id":"operatørvurdering/endelig_klarering_av_operatør@Endelig klarering av operatør/klarering_operatør@Klarering operatør/provider","rows":[]},{"id":"operatørvurdering/endelig_klarering_av_operatør@Endelig klarering av operatør/klarering_operatør@Klarering operatør/kommentar","rows":[]}]},{"width":"50%","children":[]}]}]}]}]}]}]},{"width":"50%","children":[]}]}]}]},{"col":1,"row":18,"width":19,"height":30,"children":[{"id":"generic-field-15703","rows":[{"cols":[{"width":"60%","children":[{"id":"utvidet_operasjonsbestilling/problem_diagnose","rows":[{"cols":[{"width":"100%","children":[{"id":"utvidet_operasjonsbestilling/problem_diagnose/indikasjon@Indikasjon","rows":[]}]}]}]}]},{"width":"40%","children":[{"id":"operatørvurdering/prosedyre/reoperasjonsdetaljer","rows":[{"cols":[{"width":"100%","children":[{"id":"operatørvurdering/prosedyre/reoperasjonsdetaljer/årsak_til_reoperasjon","rows":[]}]}]}]}]}]},{"cols":[{"width":"100%","children":[{"id":"utvidet_operasjonsbestilling/problem_diagnose/problem_diagnose_detaljer","rows":[{"cols":[{"width":"100%","children":[{"id":"utvidet_operasjonsbestilling/problem_diagnose/problem_diagnose_detaljer/diagnosenavn","rows":[]}]}]}]}]}]},{"cols":[{"width":"100%","children":[]}]}]},{"id":"utvidet_operasjonsbestilling/prosedyre","rows":[{"cols":[{"width":"100%","children":[{"id":"generic-field-04346","rows":[{"cols":[{"width":"60%","children":[{"id":"utvidet_operasjonsbestilling/prosedyre/operasjonstype@Operasjonstype","rows":[]}]},{"width":"40%","children":[{"id":"utvidet_operasjonsbestilling/prosedyre/beskrivelse","rows":[]}]}]}]},{"id":"utvidet_operasjonsbestilling/prosedyre/prosedyredetaljer","rows":[{"cols":[{"width":"100%","children":[{"id":"utvidet_operasjonsbestilling/prosedyre/prosedyredetaljer/prosedyrenavn","rows":[]},{"id":"operatørvurdering/prosedyre/prosedyredetaljer/legens_beskrivelse@Legens beskrivelse","rows":[]},{"id":"operatørvurdering/prosedyre/prosedyredetaljer/prosedyretype","rows":[]}]}]}]}]}]}]}]},{"col":1,"row":48,"width":19,"height":43,"children":[{"id":"operatørvurdering/prosedyre/operasjonsdetaljer","rows":[{"cols":[{"width":"58%","children":[{"id":"operatørvurdering/prosedyre/operasjonsdetaljer/operasjonsleie","rows":[]},{"id":"operatørvurdering/prosedyre/operasjonsdetaljer/avdekning_incisjon","rows":[{"cols":[{"width":"100%","children":[{"id":"operatørvurdering/prosedyre/operasjonsdetaljer/avdekning_incisjon/avdekning_incisjon","rows":[]},{"id":"operatørvurdering/prosedyre/operasjonsdetaljer/avdekning_incisjon/side","rows":[]}]}]}]}]},{"width":"42%","children":[{"id":"operatørvurdering/prosedyre/operasjonsdetaljer/kommentar","rows":[]},{"id":"generic-field-07373","rows":[]}]}]}]},{"id":"generic-field-87411","rows":[]},{"id":"generic-field-29147","rows":[{"cols":[{"width":"100%","children":[{"id":"operatørvurdering/antibiotikaprofylakse_under_operasjon@Antibiotikaprofylakse under operasjon","rows":[{"cols":[{"width":"65%","children":[{"id":"operatørvurdering/antibiotikaprofylakse_under_operasjon@Antibiotikaprofylakse under operasjon/begrunnelse","rows":[]},{"id":"generic-field-16446","rows":[]},{"id":"operatørvurdering/antibiotikaprofylakse_under_operasjon@Antibiotikaprofylakse under operasjon/anbefaling","rows":[]}]}]}]},{"id":"operatørvurdering/tromboseprofylakse_under_operasjon@Tromboseprofylakse under operasjon","rows":[{"cols":[{"width":"65%","children":[{"id":"operatørvurdering/tromboseprofylakse_under_operasjon@Tromboseprofylakse under operasjon/begrunnelse","rows":[]},{"id":"operatørvurdering/tromboseprofylakse_under_operasjon@Tromboseprofylakse under operasjon/anbefaling","rows":[]}]}]}]},{"id":"operatørvurdering/fibrinolysehemmer@Fibrinolysehemmer","rows":[{"cols":[{"width":"65%","children":[{"id":"operatørvurdering/fibrinolysehemmer@Fibrinolysehemmer/begrunnelse","rows":[]},{"id":"operatørvurdering/fibrinolysehemmer@Fibrinolysehemmer/anbefaling","rows":[]}]}]}]}]}]}]},{"id":"generic-field-01040","rows":[]}]}]