{"formId":"form_root","name":"Form root","rmType":"FORM_DEFINITION","viewConfig":{"label":{"custom":false,"value":"","useLocalizations":false,"localizationsList":{}},"size":{"field":"inherit","label":"inherit","fill":"inherit"},"layout":{"label":{"valign":"top","align":"inherit"},"field":{"valign":"inherit","align":"inherit"}},"tags":[],"annotations":{"reuseComposition":"select c from composition c contains observation e[openEHR-EHR-OBSERVATION.kat_status.v3] where c/archetype_details/template_id/value = 'KAT Status V3' order by c/context/start_time/value desc fetch 1?scope=periodofcare"}},"language":"","templateLanguages":["nb"],"children":[{"localizedName":"Fieldset","localizedNames":{"nb":"Fieldset"},"min":0,"max":-1,"name":"Fieldset","rmType":"GENERIC_FIELDSET","fid":"generic-field-77666","formId":"generic-field-77666","children":[{"name":"Status KAT","localizedName":"Status KAT","rmType":"DV_CODED_TEXT","nodeId":"at0004","min":0,"max":1,"localizedNames":{"nb":"Status KAT"},"localizedDescriptions":{"nb":"Status på urinveiskateter"},"aqlPath":"/content[openEHR-EHR-OBSERVATION.kat_status.v3]/data[at0001]/events[at0002]/data[at0003]/items[at0004]/value","inputs":[{"suffix":"code","type":"CODED_TEXT","list":[{"value":"at0006","label":"Ja","localizedLabels":{"nb":"Ja"},"localizedDescriptions":{"nb":"Urinveiskateter er innlagt - sjekk indikasjon"}},{"value":"at0007","label":"Nei","localizedLabels":{"nb":"Nei"},"localizedDescriptions":{"nb":"Pasienten har ikke urinveiskateter"}},{"value":"at0008","label":"Fjernet","localizedLabels":{"nb":"Fjernet"},"localizedDescriptions":{"nb":"Urinveiskateter er fjernet"}}]}],"fid":"kat_status_v3/kat_status/status_kat","defaultValue":{"code":""},"formId":"kat_status_v3/kat_status/status_kat","viewConfig":{"size":{"field":"inherit","label":"inherit","fill":"inherit"},"layout":{"label":{"valign":"top","align":"inherit"},"field":{"valign":"inherit","align":"inherit"}},"datasource":{"loadRemote":false,"loadRemoteUrl":"","terminology":""},"label":{"custom":true,"value":"Har pasienten urinveiskateter","useLocalizations":true,"localizationsList":{"nb":"Har pasienten urinveiskateter"}},"advanced":{"hidden":false,"readonly":false},"multiplicity":{"min":"0","max":"1"},"tags":["showasradios"],"field":{"code":{"presentation":"combobox"}}}},{"name":"KAT Lagt inn dato","localizedName":"KAT Lagt inn dato","rmType":"DV_DATE","nodeId":"at0005","min":0,"max":1,"localizedNames":{"nb":"KAT Lagt inn dato"},"localizedDescriptions":{"nb":"*"},"aqlPath":"/content[openEHR-EHR-OBSERVATION.kat_status.v3]/data[at0001]/events[at0002]/data[at0003]/items[at0005]/value","inputs":[{"type":"DATE"}],"fid":"kat_status_v3/kat_status/kat_lagt_inn_dato","formId":"kat_status_v3/kat_status/kat_lagt_inn_dato","viewConfig":{"label":{"custom":true,"value":"Lagt inn dato","useLocalizations":true,"localizationsList":{"nb":"Lagt inn dato"}},"advanced":{"hidden":false,"readonly":false},"multiplicity":{"min":"0","max":"1"},"size":{"field":"inherit","label":"inherit","fill":"inherit"},"layout":{"label":{"valign":"inherit","align":"inherit"},"field":{"valign":"inherit","align":"inherit"}},"datasource":{"loadRemote":false,"loadRemoteUrl":"","terminology":""},"tags":[],"field":{"input":{"dateFormat":"","hideDate":false,"hideTime":false}}},"defaultValue":{"value":""}}],"viewConfig":{"size":{"field":"inherit","label":"inherit","fill":"inherit"},"layout":{"label":{"valign":"inherit","align":"top"},"field":{"valign":"inherit","align":"inherit"}},"field":{},"label":{"custom":false,"value":"","useLocalizations":false,"localizationsList":{}},"advanced":{"hidden":false,"readonly":false,"render":false},"multiplicity":{"min":"0","max":"1"},"tags":["HideLabel"]}},{"localizedName":"Fieldset","localizedNames":{"nb":"Fieldset"},"min":0,"max":-1,"name":"Fieldset","rmType":"GENERIC_FIELDSET","fid":"generic-field-58754","inputs":[{"type":"TEXT"}],"formId":"generic-field-58754","children":[{"name":"Indikasjon","localizedName":"Indikasjon","rmType":"DV_BOOLEAN","nodeId":"at0009","min":0,"max":1,"localizedNames":{"nb":"Indikasjon"},"localizedDescriptions":{"nb":"*"},"aqlPath":"/content[openEHR-EHR-OBSERVATION.kat_status.v3]/data[at0001]/events[at0002]/data[at0003]/items[at0009]/value","inputs":[{"type":"BOOLEAN","list":[{"value":"true","label":"true"}]}],"fid":"kat_status_v3/kat_status/indikasjon","defaultValue":{"value":false},"formId":"kat_status_v3/kat_status/indikasjon","viewConfig":{"label":{"custom":false,"value":"","useLocalizations":false,"localizationsList":{}},"advanced":{"hidden":false,"readonly":false},"multiplicity":{"min":"0","max":"1"},"size":{"field":"inherit","label":"inherit","fill":"inherit"},"layout":{"label":{"valign":"inherit","align":"right"},"field":{"valign":"inherit","align":"inherit"}},"datasource":{"loadRemote":false,"loadRemoteUrl":"","terminology":""},"tags":["HideLabel"],"field":{"input":{"threeState":false}}}},{"name":"Indikasjonsliste","localizedName":"Indikasjonsliste","rmType":"DV_CODED_TEXT","nodeId":"at0015","min":0,"max":-1,"localizedNames":{"nb":"Indikasjonsliste"},"localizedDescriptions":{"nb":"Liste over indikasjoner for urinveiskateter"},"aqlPath":"/content[openEHR-EHR-OBSERVATION.kat_status.v3]/data[at0001]/events[at0002]/data[at0003]/items[at0015]/value","inputs":[{"suffix":"code","type":"CODED_TEXT","list":[{"value":"at0016","label":"1. Behov for diuresemåling hos kritisk syke","localizedLabels":{"nb":"1. Behov for diuresemåling hos kritisk syke"},"localizedDescriptions":{"nb":"1. Behov for diuresemåling hos kritisk syke"}},{"value":"at0017","label":"2. Akutt urinretensjon/urethra-/blæreobstruksjon","localizedLabels":{"nb":"2. Akutt urinretensjon/urethra-/blæreobstruksjon"},"localizedDescriptions":{"nb":"2. Akutt urinretensjon/urethra-/blæreobstruksjon"}},{"value":"at0018","label":"3, Blæretømmingsproblemer","localizedLabels":{"nb":"3, Blæretømmingsproblemer"},"localizedDescriptions":{"nb":"3, Blæretømmingsproblemer"}},{"value":"at0019","label":"4. Behov for kontinuerlig gjennomskylling","localizedLabels":{"nb":"4. Behov for kontinuerlig gjennomskylling"},"localizedDescriptions":{"nb":"4. Behov for kontinuerlig gjennomskylling"}},{"value":"at0020","label":"5. Peroperativt ved visse inngrep","localizedLabels":{"nb":"5. Peroperativt ved visse inngrep"},"localizedDescriptions":{"nb":"5. Peroperativt ved visse inngrep"}},{"value":"at0021","label":"6. Ved sakrale/perineale sår og inkontinens","localizedLabels":{"nb":"6. Ved sakrale/perineale sår og inkontinens"},"localizedDescriptions":{"nb":"6. Ved sakrale/perineale sår og inkontinens"}},{"value":"at0022","label":"7. Langvarig immobilisering","localizedLabels":{"nb":"7. Langvarig immobilisering"},"localizedDescriptions":{"nb":"7. Langvarig immobilisering"}},{"value":"at0023","label":"8. Nevrogene/ikke-nevrogene blæreforst.","localizedLabels":{"nb":"8. Nevrogene/ikke-nevrogene blæreforst."},"localizedDescriptions":{"nb":"8. Nevrogene/ikke-nevrogene blæreforst."}},{"value":"at0024","label":"9. Bedret komfort ved terminal pleie","localizedLabels":{"nb":"9. Bedret komfort ved terminal pleie"},"localizedDescriptions":{"nb":"9. Bedret komfort ved terminal pleie"}}]}],"fid":"kat_status_v3/kat_status/indikasjonsliste","formId":"kat_status_v3/kat_status/indikasjonsliste","viewConfig":{"label":{"custom":false,"value":"","useLocalizations":false,"localizationsList":{}},"advanced":{"hidden":false,"readonly":false},"multiplicity":{"min":"0","max":"1"},"size":{"field":"inherit","label":"inherit","fill":"inherit"},"layout":{"label":{"valign":"inherit","align":"left"},"field":{"valign":"inherit","align":"inherit"}},"datasource":{"loadRemote":false,"loadRemoteUrl":"","terminology":""},"tags":[],"field":{"code":{"presentation":"combobox"}}},"defaultValue":{"code":""}}],"viewConfig":{"size":{"field":"inherit","label":"inherit","fill":"inherit"},"layout":{"label":{"valign":"inherit","align":"top"},"field":{"valign":"inherit","align":"inherit"}},"field":{},"label":{"custom":false,"value":"","useLocalizations":false,"localizationsList":{}},"advanced":{"hidden":false,"readonly":false,"render":false},"multiplicity":{"min":"0","max":"1"},"tags":["HideLabel"]}},{"localizedName":"Fieldset","localizedNames":{"nb":"Avkrysning for indikasjon fjernes ved døgnskifte"},"min":0,"max":-1,"name":"Fieldset","rmType":"GENERIC_FIELDSET","fid":"generic-field-47831","inputs":[{"type":"TEXT"}],"formId":"generic-field-47831","children":[],"viewConfig":{"label":{"custom":true,"value":"Avkrysning for indikasjon fjernes ved døgnskifte","useLocalizations":true,"localizationsList":{"nb":"Avkrysning for indikasjon fjernes ved døgnskifte"}},"advanced":{"hidden":false,"readonly":false,"render":false},"multiplicity":{"min":"0","max":"1"},"size":{"field":"inherit","label":"inherit","fill":"inherit"},"layout":{"label":{"valign":"top","align":"inherit"},"field":{"valign":"inherit","align":"inherit"}},"field":{},"tags":[]}},{"localizedName":"Fieldset","localizedNames":{"nb":"Fieldset"},"min":0,"max":-1,"name":"Fieldset","rmType":"GENERIC_FIELDSET","fid":"generic-field-4446","inputs":[{"type":"TEXT"}],"formId":"generic-field-4446","children":[{"name":"Observert","localizedName":"Observert","rmType":"DV_BOOLEAN","nodeId":"at0014","min":0,"max":1,"localizedNames":{"nb":"Observert"},"localizedDescriptions":{"nb":"Kateter er observert inneværende døgn. "},"aqlPath":"/content[openEHR-EHR-OBSERVATION.kat_status.v3]/data[at0001]/events[at0002]/data[at0003]/items[at0014]/value","inputs":[{"type":"BOOLEAN"}],"fid":"kat_status_v3/kat_status/observert","defaultValue":{"value":false},"formId":"kat_status_v3/kat_status/observert","viewConfig":{"label":{"custom":true,"value":"Daglig observasjon","useLocalizations":true,"localizationsList":{"nb":"Daglig observasjon"}},"advanced":{"hidden":false,"readonly":false},"multiplicity":{"min":"0","max":"1"},"size":{"field":"inherit","label":"inherit","fill":"inherit"},"layout":{"label":{"valign":"inherit","align":"right"},"field":{"valign":"inherit","align":"inherit"}},"datasource":{"loadRemote":false,"loadRemoteUrl":"","terminology":""},"tags":["HideLabel"],"field":{"input":{"threeState":false}}}}],"viewConfig":{"size":{"field":"inherit","label":"inherit","fill":"inherit"},"layout":{"label":{"valign":"inherit","align":"top"},"field":{"valign":"inherit","align":"inherit"}},"field":{},"label":{"custom":false,"value":"","useLocalizations":false,"localizationsList":{}},"advanced":{"hidden":false,"readonly":false,"render":false},"multiplicity":{"min":"0","max":"1"},"tags":["HideLabel"]}},{"localizedName":"Fieldset","localizedNames":{"nb":"Avkrysning for daglig observasjon fjernes ved døgnskifte"},"min":0,"max":-1,"name":"Fieldset","rmType":"GENERIC_FIELDSET","fid":"generic-field-9460","inputs":[{"type":"TEXT"}],"formId":"generic-field-9460","children":[],"viewConfig":{"label":{"custom":true,"value":"Avkrysning for daglig observasjon fjernes ved døgnskifte","useLocalizations":true,"localizationsList":{"nb":"Avkrysning for daglig observasjon fjernes ved døgnskifte"}},"advanced":{"hidden":false,"readonly":false,"render":false},"multiplicity":{"min":"0","max":"1"},"size":{"field":"inherit","label":"inherit","fill":"inherit"},"layout":{"label":{"valign":"top","align":"inherit"},"field":{"valign":"inherit","align":"inherit"}},"field":{},"tags":[]}}]}