[{"field":"kat_status_v3/kat_status/status_kat","conditions":[{"operator":"notequals","value":{"code":"at0006"},"actions":[{"action":"hide","target":"generic-field-58754","value":{"value":""}},{"action":"hide","target":"generic-field-4446","value":{"value":""}},{"action":"hide","target":"generic-field-4446","value":{"value":""}},{"action":"hide","target":"generic-field-9460","value":{"value":""}},{"action":"hide","target":"generic-field-47831","value":{"value":""}},{"action":"hide","target":"kat_status_v3/kat_status/kat_lagt_inn_dato","value":{"value":""}},{"action":"reset","target":"kat_status_v3/kat_status/kat_lagt_inn_dato","value":{"value":""}},{"action":"clear","target":"kat_status_v3/kat_status/kat_lagt_inn_dato","value":{"value":""}},{"action":"clear","target":"generic-field-58754","value":{"value":""}},{"action":"clear","target":"generic-field-4446","value":{"value":""}}]},{"operator":"equals","value":{"code":"at0007"},"actions":[{"action":"hide","target":"kat_status_v3/kat_status/kat_lagt_inn_dato","value":{"value":""}},{"action":"hide","target":"generic-field-58754","value":{"value":""}},{"action":"hide","target":"generic-field-4446","value":{"value":""}},{"action":"hide","target":"generic-field-9460","value":{"value":""}},{"action":"hide","target":"generic-field-47831","value":{"value":""}}]},{"operator":"equals","value":{"code":"at0008"},"actions":[{"action":"hide","target":"kat_status_v3/kat_status/kat_lagt_inn_dato","value":{"value":""}},{"action":"hide","target":"generic-field-58754","value":{"value":""}},{"action":"hide","target":"generic-field-4446","value":{"value":""}},{"action":"hide","target":"generic-field-4446","value":{"value":""}},{"action":"hide","target":"generic-field-9460","value":{"value":""}},{"action":"hide","target":"generic-field-47831","value":{"value":""}}]},{"operator":"equals","value":{"code":"at0006"},"actions":[{"action":"show","target":"kat_status_v3/kat_status/kat_lagt_inn_dato","value":{"value":""}},{"action":"show","target":"generic-field-58754","value":{"value":""}},{"action":"show","target":"generic-field-4446","value":{"value":""}}]}]},{"field":"kat_status_v3/kat_status/indikasjon","conditions":[{"operator":"isnot","value":{"value":true},"actions":[{"action":"hide","target":"generic-field-47831","value":{"value":""}}]},{"operator":"is","value":{"value":true},"actions":[{"action":"show","target":"generic-field-47831","value":{"value":""}}]}]},{"field":"kat_status_v3/kat_status/observert","conditions":[{"operator":"isnot","value":{"value":true},"actions":[{"action":"hide","target":"generic-field-9460","value":{"value":""}}]},{"operator":"is","value":{"value":true},"actions":[{"action":"show","target":"generic-field-9460","value":{"value":""}}]}]}]