{"formId":"form_root","name":"Form root","rmType":"FORM_DEFINITION","viewConfig":{"label":{"custom":true,"value":"Vaksinasjonsliste","useLocalizations":true,"localizationsList":{"nb":"Vaksinasjonsliste"}},"size":{"field":"inherit","label":"inherit","fill":"inherit"},"layout":{"label":{"valign":"inherit","align":"inherit"},"field":{"valign":"inherit","align":"inherit"}},"tags":[]},"language":"nb","templateLanguages":["nb"],"children":[{"name":"Medikasjonshandlinger","localizedName":"Medikasjonshandlinger","rmType":"ACTION","nodeId":"openEHR-EHR-ACTION.medication_olafia.v1","min":0,"max":-1,"localizedNames":{"nb":"Vaksiner"},"localizedDescriptions":{"nb":"Detaljer om bruk, administrasjon, utdeling eller andre steg i behandlingsprosessen som er knyttet til en medisin, vaksine eller andre terapeutiske/medisinske varer som kan følge en forordning gjort av en kliniker."},"aqlPath":"/content[openEHR-EHR-ACTION.medication_olafia.v1]","children":[{"name":"Preparat","localizedName":"Preparat","rmType":"DV_TEXT","nodeId":"at0020","min":0,"max":1,"localizedNames":{"nb":"Legemiddel / Medisin"},"localizedDescriptions":{"nb":"Medisinen, vaksinen eller annen terapeutisk/medisinsk vare som var i fokus i denne aktiviteten (Action). Dette elementet vil normalt sett bli kodet med en medisinsk terminologi, men i noen tilfeller kan fritekst være nødvendig."},"aqlPath":"/content[openEHR-EHR-ACTION.medication_olafia.v1]/description[at0017]/items[at0020,'Preparat']/value","inputs":[{"type":"TEXT"}],"formId":"vaksinasjonsoversikt/medikasjonshandlinger/preparat","viewConfig":{"label":{"custom":true,"value":"Preparat","useLocalizations":true,"localizationsList":{"nb":"Preparat"}},"advanced":{"hidden":false,"readonly":false},"multiplicity":{"min":"0","max":"1"},"size":{"field":"inherit","label":"inherit","fill":"inherit"},"layout":{"label":{"valign":"inherit","align":"inherit"},"field":{"valign":"inherit","align":"inherit"}},"tags":[],"datasource":{"loadRemote":false,"loadRemoteUrl":"","terminology":""},"field":{"input":{"presentation":"textfield","lines":"1"}}},"defaultValue":{"value":""},"fid":"vaksinasjonsoversikt/medikasjonshandlinger/preparat"},{"name":"Beskrivelse","localizedName":"Beskrivelse","rmType":"DV_TEXT","nodeId":"at0003","min":0,"max":1,"localizedNames":{"nb":"Beskrivelse"},"localizedDescriptions":{"nb":"Fritekstbeskrivelse av mengden, som kan bestå av både mengde og styrke."},"aqlPath":"/content[openEHR-EHR-ACTION.medication_olafia.v1]/description[at0017]/items[openEHR-EHR-CLUSTER.medication_amount.v1]/items[at0003]/value","inputs":[{"type":"TEXT","listOpen":true}],"formId":"vaksinasjonsoversikt/medikasjonshandlinger/medikamentmengde/beskrivelse","viewConfig":{"label":{"custom":true,"value":"Dosering","useLocalizations":true,"localizationsList":{"nb":"Dosering"}},"advanced":{"hidden":false,"readonly":false},"multiplicity":{"min":"0","max":"1"},"size":{"field":"inherit","label":"inherit","fill":"inherit"},"layout":{"label":{"valign":"inherit","align":"inherit"},"field":{"valign":"inherit","align":"inherit"}},"tags":[],"datasource":{"loadRemote":false,"loadRemoteUrl":"","terminology":""},"field":{"input":{"presentation":"textfield","lines":"1"}}},"defaultValue":{"value":""},"fid":"vaksinasjonsoversikt/medikasjonshandlinger/medikamentmengde/beskrivelse"},{"name":"Antall ganger utdelt","localizedName":"Antall ganger utdelt","rmType":"DV_COUNT","nodeId":"at0037","min":0,"max":1,"localizedNames":{"nb":"Antall ganger utdelt"},"localizedDescriptions":{"nb":"Antall ganger denne foreskrivningen har blitt utdelt. Antallet minus en, pluss antall tillatte gjenstående utdelinger utgjør antall reiterasjoner (reit.) på den originale foreskrivningen."},"aqlPath":"/content[openEHR-EHR-ACTION.medication_olafia.v1]/protocol[at0030]/items[at0037]/value","inputs":[{"type":"INTEGER"}],"formId":"vaksinasjonsoversikt/medikasjonshandlinger/antall_ganger_utdelt","viewConfig":{"label":{"custom":true,"value":"Antall ganger administrert","useLocalizations":true,"localizationsList":{"nb":"Antall ganger administrert"}},"advanced":{"hidden":false,"readonly":false},"multiplicity":{"min":"0","max":"1"},"size":{"field":"inherit","label":"inherit","fill":"inherit"},"layout":{"label":{"valign":"inherit","align":"inherit"},"field":{"valign":"inherit","align":"inherit"}},"tags":[],"datasource":{"loadRemote":false,"loadRemoteUrl":"","terminology":""},"field":{}},"defaultValue":{},"fid":"vaksinasjonsoversikt/medikasjonshandlinger/antall_ganger_utdelt"},{"name":"BatchID","localizedName":"BatchID","rmType":"DV_TEXT","nodeId":"at0026","min":0,"max":1,"localizedNames":{"nb":"BatchID"},"localizedDescriptions":{"nb":"ID tildelt av produsent for å identifisere det produserte partiet av varen/artikkelen."},"aqlPath":"/content[openEHR-EHR-ACTION.medication_olafia.v1]/protocol[at0030]/items[at0026]/value","inputs":[{"type":"TEXT"}],"formId":"vaksinasjonsoversikt/medikasjonshandlinger/batchid","viewConfig":{"label":{"custom":false,"value":"","useLocalizations":true,"localizationsList":{"nb":"BatchID"}},"advanced":{"hidden":false,"readonly":false},"multiplicity":{"min":"0","max":"1"},"size":{"field":"inherit","label":"inherit","fill":"inherit"},"layout":{"label":{"valign":"inherit","align":"inherit"},"field":{"valign":"inherit","align":"inherit"}},"tags":[],"datasource":{"loadRemote":false,"loadRemoteUrl":"","terminology":""},"field":{"input":{"presentation":"textfield","lines":"1"}}},"defaultValue":{"value":""},"fid":"vaksinasjonsoversikt/medikasjonshandlinger/batchid"},{"name":"Vaksinasjonsdato","localizedName":"Vaksinasjonsdato","rmType":"DV_DATE","nodeId":"at0009","min":0,"max":1,"localizedNames":{"nb":"Vaksinasjonsdato"},"localizedDescriptions":{"nb":"*"},"aqlPath":"/content[openEHR-EHR-ACTION.medication_olafia.v1]/description[at0017]/items[openEHR-EHR-CLUSTER.sysvak_detaljer.v1]/items[at0009]/value","inputs":[{"type":"DATE"}],"formId":"vaksinasjonsoversikt/medikasjonshandlinger/sysvak_detaljer/vaksinasjonsdato","viewConfig":{"label":{"custom":false,"value":"","useLocalizations":true,"localizationsList":{"nb":"Vaksinasjonsdato"}},"advanced":{"hidden":false,"readonly":false},"multiplicity":{"min":"0","max":"1"},"size":{"field":"inherit","label":"inherit","fill":"inherit"},"layout":{"label":{"valign":"inherit","align":"inherit"},"field":{"valign":"inherit","align":"inherit"}},"tags":[],"datasource":{"loadRemote":false,"loadRemoteUrl":"","terminology":""},"field":{}},"defaultValue":{"value":""},"fid":"vaksinasjonsoversikt/medikasjonshandlinger/sysvak_detaljer/vaksinasjonsdato"},{"name":"Gjenstående utdelinger","localizedName":"Gjenstående utdelinger","rmType":"DV_COUNT","nodeId":"at0032","min":0,"max":1,"localizedNames":{"nb":"Gjenstående utdelinger"},"localizedDescriptions":{"nb":"Antall ganger medisinen, vaksinen eller annen terapeutisk/medisinsk vare kan utdeles uten å utstede resepten eller foreskrivningen på nytt. NB: Dette er informasjon som må komme fra pasienten og den som har foreskrevet."},"aqlPath":"/content[openEHR-EHR-ACTION.medication_olafia.v1]/protocol[at0030]/items[at0032]/value","inputs":[{"type":"INTEGER","validation":{"range":{"minOp":">=","min":0}}}],"formId":"vaksinasjonsoversikt/medikasjonshandlinger/gjenstående_utdelinger","viewConfig":{"label":{"custom":true,"value":"Gjenstående administreringer","useLocalizations":true,"localizationsList":{"nb":"Gjenstående administreringer"}},"advanced":{"hidden":false,"readonly":false},"multiplicity":{"min":"0","max":"1"},"size":{"field":"inherit","label":"inherit","fill":"inherit"},"layout":{"label":{"valign":"inherit","align":"inherit"},"field":{"valign":"inherit","align":"inherit"}},"tags":[],"datasource":{"loadRemote":false,"loadRemoteUrl":"","terminology":""},"field":{}},"defaultValue":{},"fid":"vaksinasjonsoversikt/medikasjonshandlinger/gjenstående_utdelinger"},{"name":"Kommentar","localizedName":"Kommentar","rmType":"DV_TEXT","nodeId":"at0024","min":0,"max":1,"localizedNames":{"nb":"Kommentar"},"localizedDescriptions":{"nb":"En kommentar til handlingen (action) som ble foretatt."},"aqlPath":"/content[openEHR-EHR-ACTION.medication_olafia.v1]/description[at0017]/items[at0024]/value","inputs":[{"type":"TEXT"}],"formId":"vaksinasjonsoversikt/medikasjonshandlinger/kommentar","viewConfig":{"label":{"custom":false,"value":"","useLocalizations":true,"localizationsList":{"nb":"Kommentar"}},"advanced":{"hidden":false,"readonly":false},"multiplicity":{"min":"0","max":"1"},"size":{"field":"inherit","label":"inherit","fill":"inherit"},"layout":{"label":{"valign":"inherit","align":"inherit"},"field":{"valign":"inherit","align":"inherit"}},"tags":[],"datasource":{"loadRemote":false,"loadRemoteUrl":"","terminology":""},"field":{"input":{"presentation":"textfield","lines":"1"}}},"defaultValue":{"value":""},"fid":"vaksinasjonsoversikt/medikasjonshandlinger/kommentar"},{"name":"Careflow_step","rmType":"DV_CODED_TEXT","min":0,"max":1,"aqlPath":"/content[openEHR-EHR-ACTION.medication_olafia.v1]/ism_transition/careflow_step","inputs":[{"suffix":"code","type":"CODED_TEXT","list":[{"value":"at0002","label":"Medikasjon forordnet","localizedLabels":{"nb":"Medikasjon forordnet"},"currentStates":["245"]},{"value":"at0045","label":"Resept utdelt","localizedLabels":{"nb":"Resept utdelt"},"currentStates":["245"]},{"value":"at0003","label":"Medikasjonen utdelt","localizedLabels":{"nb":"Medikasjonen utdelt"},"currentStates":["245"]},{"value":"at0006","label":"Medikasjon administrert","localizedLabels":{"nb":"Medikasjon administrert"},"currentStates":["245"]}]}],"inContext":true,"fid":"vaksinasjonsoversikt/medikasjonshandlinger/ism_transition/careflow_step","defaultValue":{"code":"at0006"},"formId":"vaksinasjonsoversikt/medikasjonshandlinger/ism_transition/careflow_step","viewConfig":{"label":{"custom":true,"value":"Vaksine status","useLocalizations":false,"localizationsList":{}},"advanced":{"hidden":true,"readonly":false},"multiplicity":{"min":"0","max":"1"},"size":{"field":"inherit","label":"inherit","fill":"inherit"},"layout":{"label":{"valign":"inherit","align":"inherit"},"field":{"valign":"inherit","align":"inherit"}},"tags":[],"datasource":{"loadRemote":false,"loadRemoteUrl":"","terminology":""},"field":{"code":{"presentation":"combobox","columns":"4"}}}}],"fid":"vaksinasjonsoversikt/medikasjonshandlinger","formId":"vaksinasjonsoversikt/medikasjonshandlinger","viewConfig":{"label":{"custom":true,"value":"Vaksiner","useLocalizations":true,"localizationsList":{"nb":"Vaksiner"}},"advanced":{"hidden":false,"readonly":false,"render":false},"multiplicity":{"min":"0","max":"100"},"size":{"field":"inherit","label":"inherit","fill":"inherit"},"layout":{"label":{"valign":"top","align":"top"},"field":{"valign":"inherit","align":"inherit"}},"tags":[],"field":{}}}]}