[{"col":1,"row":1,"width":12,"height":17,"children":[{"id":"vaksinasjonsoversikt/medikasjonshandlinger","rows":[{"cols":[{"width":"50%","children":[{"id":"vaksinasjonsoversikt/medikasjonshandlinger/preparat"},{"id":"vaksinasjonsoversikt/medikasjonshandlinger/medikamentmengde/beskrivelse"},{"id":"vaksinasjonsoversikt/medikasjonshandlinger/antall_ganger_utdelt"}]},{"width":"50%","children":[{"id":"vaksinasjonsoversikt/medikasjonshandlinger/batchid"},{"id":"vaksinasjonsoversikt/medikasjonshandlinger/sysvak_detaljer/vaksinasjonsdato"},{"id":"vaksinasjonsoversikt/medikasjonshandlinger/gjenstående_utdelinger"}]}]},{"cols":[{"width":"100%","children":[{"id":"vaksinasjonsoversikt/medikasjonshandlinger/kommentar"},{"id":"vaksinasjonsoversikt/medikasjonshandlinger/ism_transition/careflow_step"}]}]}]}]}]