[{"col":1,"row":1,"width":11,"height":84,"children":[{"id":"informasjon_for_post","rows":[{"cols":[{"width":"100%","children":[{"id":"informasjon_for_post/mistanke_om_smittefare@Mistanke om smittefare","rows":[{"cols":[{"width":"100%","children":[{"id":"informasjon_for_post/mistanke_om_smittefare@Mistanke om smittefare/smittevernstiltak@Smittevernstiltak","rows":[]},{"id":"informasjon_for_post/mistanke_om_smittefare@Mistanke om smittefare/status","rows":[]},{"id":"informasjon_for_post/mistanke_om_smittefare@Mistanke om smittefare/mistanke_om@Mistanke om","rows":[]},{"id":"informasjon_for_post/mistanke_om_smittefare@Mistanke om smittefare/kategori","rows":[]},{"id":"informasjon_for_post/mistanke_om_smittefare@Mistanke om smittefare/kommentar","rows":[]},{"id":"informasjon_for_post/mistanke_om_smittefare@Mistanke om smittefare/gyldighetsperiode_start","rows":[]},{"id":"informasjon_for_post/mistanke_om_smittefare@Mistanke om smittefare/gyldighetsperiode_slutt","rows":[]}]}]}]}]}]}]}]}]