{"formId":"form_root","name":"Form root","rmType":"FORM_DEFINITION","viewConfig":{"label":{"custom":false,"value":"","useLocalizations":true,"localizationsList":{"nb":"Vurdering, behandling og plan"}},"size":{"field":"inherit","label":"inherit","fill":"inherit"},"layout":{"label":{"valign":"inherit","align":"inherit"},"field":{"valign":"inherit","align":"inherit"}},"tags":[],"annotations":{"#vurdering":"openEHR-EHR-EVALUATION.vudering_og_behandling_og_videre_plan.v1?scope=episodeofcare","#takst":"openEHR-EHR-ADMIN_ENTRY.tariff.v1?scope=episodeofcare"}},"language":"nb","templateLanguages":["nb"],"children":[{"name":"Vurdering, behandling og videre plan","localizedName":"Vurdering, behandling og videre plan","rmType":"EVALUATION","nodeId":"openEHR-EHR-EVALUATION.vudering_og_behandling_og_videre_plan.v1","min":"1","max":"1","localizedNames":{"nb":"Vurdering, behandling og videre plan"},"localizedDescriptions":{"nb":"unknown"},"aqlPath":"/content[openEHR-EHR-EVALUATION.vudering_og_behandling_og_videre_plan.v1]","formId":"vurdering_behandling_og_plan/vudering_og_behandling_og_videre_plan","viewConfig":{"size":{"field":"inherit","label":"inherit","fill":"inherit"},"layout":{"label":{"valign":"top","align":"top"},"field":{"valign":"inherit","align":"inherit"}},"advanced":{"hidden":false,"readonly":false},"tags":[],"annotations":{"headerSize":"H1"},"datasource":{"loadRemote":false,"loadRemoteUrl":"","terminology":""}},"children":[{"name":"Tiltak i dag","localizedName":"Tiltak i dag","rmType":"DV_CODED_TEXT","nodeId":"at0004","min":"0","max":"100","localizedNames":{"nb":"Tiltak i dag"},"localizedDescriptions":{"nb":"*"},"aqlPath":"/content[openEHR-EHR-EVALUATION.vudering_og_behandling_og_videre_plan.v1]/data[at0001]/items[at0004]/value","inputs":[{"suffix":"code","type":"CODED_TEXT","list":[{"value":"AJ1","label":"Prøvetaking","localizedLabels":{"nb":"Prøvetaking"}},{"value":"AJ2","label":"Medikamentell behandling","localizedLabels":{"nb":"Medikamentell behandling"}},{"value":"AJ3","label":"Vaksinering","localizedLabels":{"nb":"Vaksinering"}},{"value":"AJ4","label":"Smitteoppsporing","localizedLabels":{"nb":"Smitteoppsporing"}},{"value":"AJ5","label":"Prøvesvarsformidling","localizedLabels":{"nb":"Prøvesvarsformidling"}},{"value":"AJ6","label":"Kryobehandling","localizedLabels":{"nb":"Kryobehandling"}},{"value":"AJ7","label":"Foto","localizedLabels":{"nb":"Foto"}},{"value":"AJ8","label":"Biopsi","localizedLabels":{"nb":"Biopsi"}},{"value":"AJ9","label":"Laserbehandling","localizedLabels":{"nb":"Laserbehandling"}},{"value":"AJ10","label":"Videre henvisning","localizedLabels":{"nb":"Videre henvisning"}},{"value":"AJ11","label":"Rådgivning","localizedLabels":{"nb":"Rådgivning"}},{"value":"AJ12","label":"Annet tiltak","localizedLabels":{"nb":"Annet tiltak"}},{"value":"AJ13","label":"Ingen","localizedLabels":{"nb":"Ingen"}}],"terminology":"Olafia"}],"formId":"vurdering_behandling_og_plan/vudering_og_behandling_og_videre_plan/tiltak_i_dag","viewConfig":{"size":{"field":"inherit","label":"inherit","fill":"inherit"},"layout":{"label":{"valign":"top","align":"top"},"field":{"valign":"inherit","align":"inherit"}},"datasource":{"loadRemote":false,"loadRemoteUrl":"","terminology":""},"advanced":{"hidden":false,"readonly":false},"tags":["showasmulticombobox"],"field":{"code":{"presentation":"combobox"}}}},{"name":"Beskrivelse av vurdering og behandling","localizedName":"Beskrivelse av vurdering og behandling","rmType":"DV_TEXT","nodeId":"at0002","min":"0","max":"1","localizedNames":{"nb":"Beskrivelse av vurdering og behandling"},"localizedDescriptions":{"nb":"*"},"aqlPath":"/content[openEHR-EHR-EVALUATION.vudering_og_behandling_og_videre_plan.v1]/data[at0001]/items[at0002,'Beskrivelse av vurdering og tiltak/behandling']/value","inputs":[{"type":"TEXT"}],"formId":"vurdering_behandling_og_plan/vudering_og_behandling_og_videre_plan/beskrivelse_av_vurdering_og_tiltak_behandling","viewConfig":{"size":{"field":"inherit","label":"inherit","fill":"inherit"},"layout":{"label":{"valign":"top","align":"top"},"field":{"valign":"inherit","align":"inherit"}},"datasource":{"loadRemote":false,"loadRemoteUrl":"","terminology":""},"advanced":{"hidden":false,"readonly":false},"tags":[],"field":{"input":{"presentation":"textfield"}},"annotations":{"select":"{#vurdering:/data[at0001]/items[at0002]/value}"}}},{"name":"Videre oppfølging av","localizedName":"Videre oppfølging av","rmType":"DV_CODED_TEXT","nodeId":"at0025","min":"0","max":"100","localizedNames":{"nb":"Videre oppfølging av"},"localizedDescriptions":{"nb":"*"},"aqlPath":"/content[openEHR-EHR-EVALUATION.vudering_og_behandling_og_videre_plan.v1]/data[at0001]/items[at0025]/value","inputs":[{"suffix":"code","type":"CODED_TEXT","list":[{"value":"BZ1","label":"Olafiaklinikken","localizedLabels":{"nb":"Olafiaklinikken"}},{"value":"BZ2","label":"Egen lege/fastlege","localizedLabels":{"nb":"Egen lege/fastlege"}},{"value":"BZ3","label":"Intern instans","localizedLabels":{"nb":"Intern instans"}},{"value":"BZ5","label":"Ekstern instans","localizedLabels":{"nb":"Ekstern instans"}},{"value":"BZ4","label":"Pasienten selv","localizedLabels":{"nb":"Pasienten selv"}}],"terminology":"Olafia"}],"formId":"vurdering_behandling_og_plan/vudering_og_behandling_og_videre_plan/videre_oppfølging_av","viewConfig":{"size":{"field":"inherit","label":"inherit","fill":"inherit"},"layout":{"label":{"valign":"top","align":"top"},"field":{"valign":"inherit","align":"inherit"}},"datasource":{"loadRemote":false,"loadRemoteUrl":"","terminology":""},"advanced":{"hidden":false,"readonly":false},"tags":["showasmulticombobox"],"field":{"code":{"presentation":"combobox"}}}},{"name":"Type oppfølging","localizedName":"Type oppfølging","rmType":"DV_CODED_TEXT","nodeId":"at0006","min":"0","max":"10","localizedNames":{"nb":"Type oppfølging"},"localizedDescriptions":{"nb":"*"},"aqlPath":"/content[openEHR-EHR-EVALUATION.vudering_og_behandling_og_videre_plan.v1]/data[at0001]/items[at0006]/value","inputs":[{"suffix":"code","type":"CODED_TEXT","list":[{"value":"AE1","label":"Avventer prøvesvar","localizedLabels":{"nb":"Avventer prøvesvar"}},{"value":"AE2","label":"Kontroll","localizedLabels":{"nb":"Kontroll"}},{"value":"AE3","label":"Kontroll med hjemmetest","localizedLabels":{"nb":"Kontroll med hjemmetest"}},{"value":"AE4","label":"Behandling","localizedLabels":{"nb":"Behandling"}},{"value":"AE5","label":"Smitteoppsporing","localizedLabels":{"nb":"Smitteoppsporing"}},{"value":"AE6","label":"Vaksine","localizedLabels":{"nb":"Vaksine"}},{"value":"AE7","label":"Ny prøvetaking","localizedLabels":{"nb":"Ny prøvetaking"}},{"value":"AE8","label":"Prøvesvarsformidling","localizedLabels":{"nb":"Prøvesvarsformidling"}}],"terminology":"Olafia"}],"formId":"vurdering_behandling_og_plan/vudering_og_behandling_og_videre_plan/olafiaoppfølging","viewConfig":{"size":{"field":"inherit","label":"inherit","fill":"inherit"},"layout":{"label":{"valign":"top","align":"top"},"field":{"valign":"inherit","align":"inherit"}},"datasource":{"loadRemote":false,"loadRemoteUrl":"","terminology":""},"advanced":{"hidden":false,"readonly":false},"tags":["showasmulticombobox"],"field":{"code":{"presentation":"combobox"}}}},{"name":"Avtalt med lege","localizedName":"Avtalt med lege","rmType":"DV_CODED_TEXT","nodeId":"at0017","min":"1","max":"1","localizedNames":{"nb":"Avtalt med lege"},"localizedDescriptions":{"nb":"*"},"aqlPath":"/content[openEHR-EHR-EVALUATION.vudering_og_behandling_og_videre_plan.v1]/data[at0001]/items[at0017]/value","inputs":[{"suffix":"code","type":"CODED_TEXT","list":[{"value":"DA01","label":"Avslutt/lukk","localizedLabels":{"nb":"Avslutt/lukk"}},{"value":"DA02","label":"Tildelt time","localizedLabels":{"nb":"Tildelt time"}},{"value":"DA03","label":"Venteliste","localizedLabels":{"nb":"Venteliste"}}],"terminology":"Olafia"}],"formId":"vurdering_behandling_og_plan/vudering_og_behandling_og_videre_plan/avtalt_med_lege","viewConfig":{"advanced":{"hidden":false,"readonly":false},"size":{"field":"inherit","label":"inherit","fill":"inherit"},"layout":{"label":{"valign":"inherit","align":"inherit"},"field":{"valign":"inherit","align":"inherit"}},"tags":["ShowAsRadios"],"datasource":{"loadRemote":true,"loadRemoteUrl":"Olafia","terminology":""},"annotations":{},"field":{"code":{"presentation":"combobox","columns":"4"}}}},{"name":"Avtalt med sykepleier","localizedName":"Avtalt med sykepleier","rmType":"DV_CODED_TEXT","nodeId":"at0013","min":"0","max":"1","localizedNames":{"nb":"Avtalt med sykepleier"},"localizedDescriptions":{"nb":"*"},"aqlPath":"/content[openEHR-EHR-EVALUATION.vudering_og_behandling_og_videre_plan.v1]/data[at0001]/items[at0013]/value","inputs":[{"suffix":"code","type":"CODED_TEXT","list":[{"value":"BA1","label":"Avslutt/lukk","localizedLabels":{"nb":"Avslutt/lukk"}},{"value":"BA2","label":"Tildelt time","localizedLabels":{"nb":"Tildelt time"}},{"value":"BA3","label":"Venteliste","localizedLabels":{"nb":"Venteliste"}}],"terminology":"Olafia"}],"formId":"vurdering_behandling_og_plan/vudering_og_behandling_og_videre_plan/avtalt_med_sykepleier","viewConfig":{"advanced":{"hidden":false,"readonly":false},"size":{"field":"inherit","label":"inherit","fill":"inherit"},"layout":{"label":{"valign":"inherit","align":"inherit"},"field":{"valign":"inherit","align":"inherit"}},"tags":["ShowAsRadios"],"datasource":{"loadRemote":true,"loadRemoteUrl":"Olafia","terminology":""},"field":{"code":{"presentation":"combobox","columns":"4"}},"annotations":{"select":"{#vurdering:/data[at0001]/items[at0013]/value}"}}},{"name":"Neste time om","localizedName":"Neste time om","rmType":"DV_TEXT","nodeId":"at0007","min":"0","max":"1","localizedNames":{"nb":"Neste time om"},"localizedDescriptions":{"nb":"*"},"aqlPath":"/content[openEHR-EHR-EVALUATION.vudering_og_behandling_og_videre_plan.v1]/data[at0001]/items[at0007,'Neste time om']/value","inputs":[{"type":"TEXT","list":[{"value":"7 dager","label":"7 dager"},{"value":"2 uker","label":"2 uker"},{"value":"3 uker","label":"3 uker"},{"value":"4 uker","label":"4 uker"},{"value":"5 uker","label":"5 uker"},{"value":"3 mnd","label":"3 mnd"},{"value":"5 mnd","label":"5 mnd"},{"value":"6 mnd","label":"6 mnd"},{"value":"12 mnd","label":"12 mnd"},{"value":"Annet","label":"Annet"}],"listOpen":true}],"formId":"vurdering_behandling_og_plan/vudering_og_behandling_og_videre_plan/neste_time_om","viewConfig":{"advanced":{"hidden":false,"readonly":false},"size":{"field":"inherit","label":"inherit","fill":"inherit"},"layout":{"label":{"valign":"inherit","align":"inherit"},"field":{"valign":"inherit","align":"inherit"}},"tags":[],"datasource":{"loadRemote":false,"loadRemoteUrl":"","terminology":""},"field":{"input":{"presentation":"textfield"}}}},{"name":"Beskrivelse av plan","localizedName":"Beskrivelse av plan","rmType":"DV_TEXT","nodeId":"at0003","min":"0","max":"1","localizedNames":{"nb":"Beskrivelse av plan"},"localizedDescriptions":{"nb":"*"},"aqlPath":"/content[openEHR-EHR-EVALUATION.vudering_og_behandling_og_videre_plan.v1]/data[at0001]/items[at0003,'Beskrivelse av plan']/value","inputs":[{"type":"TEXT"}],"formId":"vurdering_behandling_og_plan/vudering_og_behandling_og_videre_plan/beskrivelse_av_plan","viewConfig":{"size":{"field":"inherit","label":"inherit","fill":"inherit"},"layout":{"label":{"valign":"top","align":"top"},"field":{"valign":"inherit","align":"inherit"}},"datasource":{"loadRemote":false,"loadRemoteUrl":"","terminology":""},"advanced":{"hidden":false,"readonly":false},"tags":[],"field":{"input":{"presentation":"textfield"}},"annotations":{"select":"{#vurdering:/data[at0001]/items[at0003]/value}"}}}]},{"name":"Status","localizedName":"Status","rmType":"EVALUATION","nodeId":"openEHR-EHR-EVALUATION.status_olafia.v1","min":"1","max":"1","localizedNames":{"nb":"Status"},"localizedDescriptions":{"nb":"unknown"},"aqlPath":"/content[openEHR-EHR-EVALUATION.status_olafia.v1]","formId":"vurdering_behandling_og_plan/status_olafia","viewConfig":{"size":{"field":"inherit","label":"inherit","fill":"inherit"},"layout":{"label":{"valign":"top","align":"top"},"field":{"valign":"inherit","align":"inherit"}},"advanced":{"hidden":false,"readonly":false,"render":false},"tags":[]},"children":[{"name":"Status","localizedName":"Status","rmType":"DV_CODED_TEXT","nodeId":"at0002","min":0,"max":1,"localizedNames":{"nb":"Status"},"localizedDescriptions":{"nb":"*"},"aqlPath":"/content[openEHR-EHR-EVALUATION.status_olafia.v1]/data[at0001]/items[at0002]/value","inputs":[{"suffix":"code","type":"CODED_TEXT","list":[{"value":"AZA","label":"Selvregistrering utført","localizedLabels":{"nb":"Selvregistrering utført"}},{"value":"AZB","label":"Venter på sykepleier","localizedLabels":{"nb":"Venter på sykepleier"}},{"value":"AZ1","label":"Hos sykepleier","localizedLabels":{"nb":"Hos sykepleier"}},{"value":"AZ2","label":"Venter på lege","localizedLabels":{"nb":"Venter på lege"}},{"value":"AZ3","label":"Hos lege","localizedLabels":{"nb":"Hos lege"}},{"value":"AZ5","label":"Ferdig for dagen","localizedLabels":{"nb":"Ferdig for dagen"}},{"value":"AZ4","label":"Ferdig for dagen (Endre \"smittefarlig sykdom\")","localizedLabels":{"nb":"Ferdig for dagen (Endre \"smittefarlig sykdom\")"}}],"terminology":"Olafia"}],"formId":"vurdering_behandling_og_plan/status_olafia/status","viewConfig":{"size":{"field":"inherit","label":"inherit","fill":"inherit"},"layout":{"label":{"valign":"inherit","align":"inherit"},"field":{"valign":"inherit","align":"inherit"}},"datasource":{"loadRemote":false,"loadRemoteUrl":"","terminology":""},"field":{"code":{"presentation":"combobox"}}}},{"name":"Beskjed","localizedName":"Beskjed","rmType":"DV_TEXT","nodeId":"at0003","min":0,"max":1,"localizedNames":{"nb":"Beskjed"},"localizedDescriptions":{"nb":"*"},"aqlPath":"/content[openEHR-EHR-EVALUATION.status_olafia.v1]/data[at0001]/items[at0003]/value","inputs":[{"type":"TEXT"}],"formId":"vurdering_behandling_og_plan/status_olafia/beskjed","viewConfig":{"size":{"field":"inherit","label":"inherit","fill":"inherit"},"layout":{"label":{"valign":"inherit","align":"inherit"},"field":{"valign":"inherit","align":"inherit"}},"datasource":{"loadRemote":false,"loadRemoteUrl":"","terminology":""},"field":{"input":{"presentation":"textfield"}}}}]},{"localizedName":"Medikamenter","localizedNames":{"nb":"Medikamenter"},"min":"0","max":"1","name":"Medikamenter","rmType":"GENERIC_FIELDSET","formId":"generic-field-64433","viewConfig":{"size":{"field":"inherit","label":"inherit","fill":"inherit"},"layout":{"label":{"valign":"top","align":"top"},"field":{"valign":"inherit","align":"inherit"}},"advanced":{"hidden":false,"readonly":false,"render":false},"tags":[]},"children":[{"name":"Medikament 1","localizedName":"Medikament 1","rmType":"ACTION","nodeId":"openEHR-EHR-ACTION.medication_olafia.v1","min":"0","max":"1","localizedNames":{"nb":"Medikament 1"},"localizedDescriptions":{"nb":"Detaljer om bruk, administrasjon, utdeling eller andre steg i behandlingsprosessen som er knyttet til en medisin, vaksine eller andre terapeutiske/medisinske varer som kan følge en forordning gjort av en kliniker."},"aqlPath":"/content[openEHR-EHR-ACTION.medication_olafia.v1,'Medikasjonshandlinger 1']","formId":"vurdering_behandling_og_plan/medikasjonshandlinger_1","viewConfig":{"size":{"field":"inherit","label":"inherit","fill":"inherit"},"layout":{"label":{"valign":"inherit","align":"inherit"},"field":{"valign":"inherit","align":"inherit"}},"advanced":{"hidden":false,"readonly":false,"render":true},"tags":["ForceMinMultiplicity"],"datasource":{"loadRemote":false,"loadRemoteUrl":"","terminology":""},"annotations":{"description":"*"}},"children":[{"name":"Hurtigvalg","localizedName":"Hurtigvalg","rmType":"DV_CODED_TEXT","nodeId":"at0001","min":"0","max":"1","localizedNames":{"nb":"Hurtigvalg"},"localizedDescriptions":{"nb":"*"},"aqlPath":"/content[openEHR-EHR-ACTION.medication_olafia.v1,'Medikasjonshandlinger 1']/description[at0017]/items[openEHR-EHR-CLUSTER.ofte_brukte_medikamenter.v1]/items[at0001]/value","inputs":[{"suffix":"code","type":"CODED_TEXT","list":[{"value":"BC0","label":"Doksycyklin 7 dager","localizedLabels":{"nb":"Doksycyklin 7 dager"}},{"value":"BC1","label":"Doksycyklin 14 dager","localizedLabels":{"nb":"Doksycyklin 14 dager"}},{"value":"BC2","label":"Doksycyklin 21 dager","localizedLabels":{"nb":"Doksycyklin 21 dager"}},{"value":"BC3","label":"Doksycyklin 28 dager","localizedLabels":{"nb":"Doksycyklin 28 dager"}},{"value":"BC4","label":"Azitromycin 2 tabl engangsdose","localizedLabels":{"nb":"Azitromycin 2 tabl engangsdose"}},{"value":"BC5","label":"Azitromycin 3 tabl engangsdose","localizedLabels":{"nb":"Azitromycin 3 tabl engangsdose"}},{"value":"BC6","label":"Azitromycin 4 tabl engangsdose","localizedLabels":{"nb":"Azitromycin 4 tabl engangsdose"}},{"value":"BC7","label":"Azitromycin over 5 dager","localizedLabels":{"nb":"Azitromycin over 5 dager"}},{"value":"BC8","label":"Ceftriaxon 500 mg","localizedLabels":{"nb":"Ceftriaxon 500 mg"}},{"value":"BC9","label":"Ceftriaxon 1 gram","localizedLabels":{"nb":"Ceftriaxon 1 gram"}},{"value":"BC10","label":"Tardocillin 2,4 mill IE inj. 1 beh.","localizedLabels":{"nb":"Tardocillin 2,4 mill IE inj. 1 beh."}},{"value":"BC15","label":"Tardocillin 2,4 mill IE inj. 3 beh.-KUN FOR LEGE","localizedLabels":{"nb":"Tardocillin 2,4 mill IE inj. 3 beh.-KUN FOR LEGE"}},{"value":"BC14","label":"Moxifloxacin - resept","localizedLabels":{"nb":"Moxifloxacin - resept"}},{"value":"BC13","label":"Valtrex 7 - resept","localizedLabels":{"nb":"Valtrex 7 - resept"}},{"value":"BC17","label":"Wartec - resept","localizedLabels":{"nb":"Wartec - resept"}},{"value":"BC18","label":"Condyline - resept","localizedLabels":{"nb":"Condyline - resept"}},{"value":"BC19","label":"Veregen - resept","localizedLabels":{"nb":"Veregen - resept"}},{"value":"BC20","label":"Aldara - resept","localizedLabels":{"nb":"Aldara - resept"}},{"value":"BC21","label":"Metronidazol - resept","localizedLabels":{"nb":"Metronidazol - resept"}},{"value":"BC22","label":"Dalacin - resept","localizedLabels":{"nb":"Dalacin - resept"}},{"value":"BC23","label":"Zidoval - resept","localizedLabels":{"nb":"Zidoval - resept"}},{"value":"BC24","label":"Donaxyl - resept","localizedLabels":{"nb":"Donaxyl - resept"}},{"value":"BC25","label":"Canesten - resept","localizedLabels":{"nb":"Canesten - resept"}},{"value":"BC26","label":"Pevaryl - resept","localizedLabels":{"nb":"Pevaryl - resept"}},{"value":"BC27","label":"Pevisone - resept","localizedLabels":{"nb":"Pevisone - resept"}},{"value":"BC28","label":"Daktacort - resept","localizedLabels":{"nb":"Daktacort - resept"}},{"value":"BC29","label":"Fluconazol - resept","localizedLabels":{"nb":"Fluconazol - resept"}},{"value":"BC30","label":"Locoid - resept","localizedLabels":{"nb":"Locoid - resept"}},{"value":"BC31","label":"Apolar - resept","localizedLabels":{"nb":"Apolar - resept"}},{"value":"BC16","label":"Dermovat - resept","localizedLabels":{"nb":"Dermovat - resept"}},{"value":"BC32","label":"Kaliumpermanganat - resept","localizedLabels":{"nb":"Kaliumpermanganat - resept"}}],"terminology":"Olafia"}],"formId":"vurdering_behandling_og_plan/medikasjonshandlinger_1/ofte_brukte_medikamenter/ofte_brukte_medikamenter","viewConfig":{"size":{"field":"inherit","label":"inherit","fill":"inherit"},"layout":{"label":{"valign":"inherit","align":"top"},"field":{"valign":"inherit","align":"inherit"}},"datasource":{"loadRemote":false,"loadRemoteUrl":"","terminology":""},"advanced":{"hidden":false,"readonly":false},"tags":[]}},{"localizedName":"Medikament 1","localizedNames":{"nb":"Medikament 1"},"min":"0","max":"1","name":"Medikament 1","rmType":"GENERIC_FIELDSET","inputs":[{"type":"TEXT"}],"formId":"generic-field-36882","viewConfig":{"advanced":{"hidden":false,"readonly":false,"render":true},"size":{"field":"inherit","label":"inherit","fill":"inherit"},"layout":{"label":{"valign":"inherit","align":"top"},"field":{"valign":"inherit","align":"inherit"}},"tags":["hidelabel"],"annotations":{"headerSize":"text"}},"children":[{"name":"Legemiddel / Medisin","localizedName":"Legemiddel / Medisin","rmType":"DV_TEXT","nodeId":"at0020","min":0,"max":1,"localizedNames":{"nb":"Legemiddel / Medisin"},"localizedDescriptions":{"nb":"Medisinen, vaksinen eller annen terapeutisk/medisinsk vare som var i fokus i denne aktiviteten (Action). Dette elementet vil normalt sett bli kodet med en medisinsk terminologi, men i noen tilfeller kan fritekst være nødvendig."},"aqlPath":"/content[openEHR-EHR-ACTION.medication_olafia.v1,'Medikasjonshandlinger 1']/description[at0017]/items[at0020]/value","inputs":[{"type":"TEXT"}],"formId":"vurdering_behandling_og_plan/medikasjonshandlinger_1/legemiddel_medisin","viewConfig":{"size":{"field":"inherit","label":"inherit","fill":"inherit"},"layout":{"label":{"valign":"inherit","align":"inherit"},"field":{"valign":"inherit","align":"inherit"}},"datasource":{"loadRemote":false,"loadRemoteUrl":"","terminology":""},"annotations":{"description":"*"},"field":{"input":{"presentation":"textfield"}}}},{"name":"Dosering","localizedName":"Dosering","rmType":"DV_TEXT","nodeId":"at0003","min":"0","max":"1","localizedNames":{"nb":"Dosering"},"localizedDescriptions":{"nb":"Fritekstbeskrivelse av mengden, som kan bestå av både mengde og styrke."},"aqlPath":"/content[openEHR-EHR-ACTION.medication_olafia.v1,'Medikasjonshandlinger 1']/description[at0017]/items[openEHR-EHR-CLUSTER.medication_amount.v1]/items[at0003]/value","inputs":[{"type":"TEXT"}],"formId":"vurdering_behandling_og_plan/medikasjonshandlinger_1/medikamentmengde/beskrivelse","viewConfig":{"size":{"field":"inherit","label":"inherit","fill":"inherit"},"layout":{"label":{"valign":"inherit","align":"inherit"},"field":{"valign":"inherit","align":"inherit"}},"datasource":{"loadRemote":false,"loadRemoteUrl":"","terminology":""},"annotations":{"description":"*"},"advanced":{"hidden":false,"readonly":false},"tags":[],"field":{"input":{"presentation":"textfield"}}}},{"name":"Refusjonskategori","localizedName":"Refusjonskategori","rmType":"DV_TEXT","nodeId":"at0038","min":0,"max":1,"localizedNames":{"nb":"Refusjonskategori"},"localizedDescriptions":{"nb":"Kategori for refusjon som søkes for varen/artikkelen."},"aqlPath":"/content[openEHR-EHR-ACTION.medication_olafia.v1,'Medikasjonshandlinger 1']/protocol[at0030]/items[at0038]/value","inputs":[{"type":"TEXT"}],"formId":"vurdering_behandling_og_plan/medikasjonshandlinger_1/refusjonskategori","viewConfig":{"size":{"field":"inherit","label":"inherit","fill":"inherit"},"layout":{"label":{"valign":"inherit","align":"inherit"},"field":{"valign":"inherit","align":"inherit"}},"datasource":{"loadRemote":false,"loadRemoteUrl":"","terminology":""},"annotations":{"description":"*"},"field":{"input":{"presentation":"textfield"}}}},{"name":"Medikament status","rmType":"DV_CODED_TEXT","min":"1","max":"1","aqlPath":"/content[openEHR-EHR-ACTION.medication_olafia.v1,'Medikasjonshandlinger 1']/ism_transition/careflow_step","inputs":[{"suffix":"code","type":"CODED_TEXT","list":[{"value":"at0002","label":"Medikasjon forordnet","localizedLabels":{"nb":"Medikasjon forordnet"},"currentStates":["245"]},{"value":"at0045","label":"Resept utdelt","localizedLabels":{"nb":"Resept utdelt"},"currentStates":["245"]},{"value":"at0003","label":"Medikasjonen utdelt","localizedLabels":{"nb":"Medikasjonen utdelt"},"currentStates":["245"]},{"value":"at0006","label":"Medikasjon administrert","localizedLabels":{"nb":"Medikasjon administrert"},"currentStates":["245"]}]}],"inContext":true,"formId":"vurdering_behandling_og_plan/medikasjonshandlinger_1/ism_transition/careflow_step","viewConfig":{"size":{"field":"inherit","label":"inherit","fill":"inherit"},"layout":{"label":{"valign":"inherit","align":"inherit"},"field":{"valign":"inherit","align":"inherit"}},"datasource":{"loadRemote":false,"loadRemoteUrl":"","terminology":""},"advanced":{"hidden":false,"readonly":false},"tags":[],"annotations":{},"field":{"code":{"presentation":"combobox"}}},"localizedName":"Medikament status"},{"name":"Medikament utdelt/administrert","localizedName":"Medikament utdelt/administrert","rmType":"DV_CODED_TEXT","nodeId":"at0004","min":"0","max":"1","localizedNames":{"nb":"Medikament utdelt/administrert"},"localizedDescriptions":{"nb":"*"},"aqlPath":"/content[openEHR-EHR-ACTION.medication_olafia.v1,'Medikasjonshandlinger 1']/description[at0017]/items[openEHR-EHR-CLUSTER.olafia_medikament_administrasjon.v1]/items[at0004]/value","inputs":[{"suffix":"code","type":"CODED_TEXT","list":[{"value":"at0006","label":"Ja","localizedLabels":{"nb":"Ja"},"localizedDescriptions":{"nb":"*"}},{"value":"at0008","label":"Nei/Ikke aktuelt","localizedLabels":{"nb":"Nei/Ikke aktuelt"},"localizedDescriptions":{"nb":"*"}}]}],"formId":"vurdering_behandling_og_plan/medikasjonshandlinger_1/olafia_medikament_administrasjon/medikament_utdelt_administrert","viewConfig":{"advanced":{"hidden":true,"readonly":false},"size":{"field":"inherit","label":"inherit","fill":"inherit"},"layout":{"label":{"valign":"inherit","align":"top"},"field":{"valign":"inherit","align":"inherit"}},"datasource":{"loadRemote":false,"loadRemoteUrl":"","terminology":""},"tags":["showasradios"],"annotations":{"description":"Rapportfelt"},"field":{"code":{"presentation":"combobox"}}}},{"name":"Medikament administrasjon","localizedName":"Medikament administrasjon","rmType":"CLUSTER","nodeId":"openEHR-EHR-CLUSTER.olafia_medikament_administrasjon.v1","min":"0","max":"1","localizedNames":{"nb":"Medikament administrasjon"},"localizedDescriptions":{"nb":"unknown"},"aqlPath":"/content[openEHR-EHR-ACTION.medication_olafia.v1,'Medikasjonshandlinger 1']/description[at0017]/items[openEHR-EHR-CLUSTER.olafia_medikament_administrasjon.v1]","formId":"vurdering_behandling_og_plan/medikasjonshandlinger_1/olafia_medikament_administrasjon","viewConfig":{"size":{"field":"inherit","label":"inherit","fill":"inherit"},"layout":{"label":{"valign":"inherit","align":"inherit"},"field":{"valign":"inherit","align":"inherit"}},"advanced":{"hidden":false,"readonly":false,"render":true},"tags":["ForceMinMultiplicity"],"datasource":{"loadRemote":false,"loadRemoteUrl":"","terminology":""}},"inputs":[{"type":"TEXT"}],"children":[{"name":"Behandling avklart med lege","localizedName":"Behandling avklart med lege","rmType":"DV_TEXT","nodeId":"at0001","min":"0","max":"1","localizedNames":{"nb":"Behandling avklart med lege"},"localizedDescriptions":{"nb":"*"},"aqlPath":"/content[openEHR-EHR-ACTION.medication_olafia.v1,'Medikasjonshandlinger 1']/description[at0017]/items[openEHR-EHR-CLUSTER.olafia_medikament_administrasjon.v1]/items[at0001]/value","inputs":[{"suffix":"code","type":"CODED_TEXT","list":[{"value":"BR1","label":"Ja","localizedLabels":{"nb":"Ja"}},{"value":"BR2","label":"Nei, ikke nødvendig ihht prosedyre","localizedLabels":{"nb":"Nei, ikke nødvendig ihht prosedyre"}}],"terminology":"Olafia"}],"formId":"vurdering_behandling_og_plan/medikasjonshandlinger_1/olafia_medikament_administrasjon/behandling_avklart_med_lege","viewConfig":{"size":{"field":"inherit","label":"inherit","fill":"inherit"},"layout":{"label":{"valign":"inherit","align":"inherit"},"field":{"valign":"inherit","align":"inherit"}},"datasource":{"loadRemote":false,"loadRemoteUrl":"","terminology":""},"advanced":{"hidden":false,"readonly":false},"tags":["showasradios"],"field":{"code":{"presentation":"combobox"}}}},{"name":"Legens navn","localizedName":"Legens navn","rmType":"DV_CODED_TEXT","nodeId":"at0002","min":"0","max":"1","localizedNames":{"nb":"Legens navn"},"localizedDescriptions":{"nb":"*"},"aqlPath":"/content[openEHR-EHR-ACTION.medication_olafia.v1,'Medikasjonshandlinger 1']/description[at0017]/items[openEHR-EHR-CLUSTER.olafia_medikament_administrasjon.v1]/items[at0002]/value","inputs":[{"suffix":"code","type":"TEXT","terminology":"DIPS?subset=HEALTHCAREPARTY&language=en-GB"},{"suffix":"value","type":"TEXT","terminology":"DIPS?subset=HEALTHCAREPARTY&language=en-GB"}],"formId":"vurdering_behandling_og_plan/medikasjonshandlinger_1/olafia_medikament_administrasjon/legens_navn","viewConfig":{"advanced":{"hidden":false,"readonly":false},"size":{"field":"inherit","label":"inherit","fill":"inherit"},"layout":{"label":{"valign":"inherit","align":"inherit"},"field":{"valign":"inherit","align":"inherit"}},"datasource":{"loadRemote":false,"loadRemoteUrl":"","terminology":""},"field":{"code":{"presentation":"textfield"},"value":{"presentation":"textfield"}}}},{"name":"Dobbeltkontroll","localizedName":"Dobbeltkontroll","rmType":"DV_BOOLEAN","nodeId":"at0009","min":"0","max":"1","localizedNames":{"nb":"Dobbeltkontroll"},"localizedDescriptions":{"nb":"*"},"aqlPath":"/content[openEHR-EHR-ACTION.medication_olafia.v1,'Medikasjonshandlinger 1']/description[at0017]/items[openEHR-EHR-CLUSTER.olafia_medikament_administrasjon.v1]/items[at0009]/value","inputs":[{"type":"BOOLEAN","defaultValue":false}],"formId":"vurdering_behandling_og_plan/medikasjonshandlinger_1/olafia_medikament_administrasjon/dobbeltkontroll2","viewConfig":{"advanced":{"hidden":false,"readonly":false},"size":{"field":"inherit","label":"inherit","fill":"inherit"},"layout":{"label":{"valign":"middle","align":"left"},"field":{"valign":"inherit","align":"inherit"}},"tags":[],"datasource":{"loadRemote":false,"loadRemoteUrl":"","terminology":""},"field":{"input":{"threeState":false}}}}]}]}]},{"name":"Medikament 2","localizedName":"Medikament 2","rmType":"ACTION","nodeId":"openEHR-EHR-ACTION.medication_olafia.v1","min":"0","max":"1","localizedNames":{"nb":"Medikament 2"},"localizedDescriptions":{"nb":"Detaljer om bruk, administrasjon, utdeling eller andre steg i behandlingsprosessen som er knyttet til en medisin, vaksine eller andre terapeutiske/medisinske varer som kan følge en forordning gjort av en kliniker."},"aqlPath":"/content[openEHR-EHR-ACTION.medication_olafia.v1,'Medikasjonshandlinger 2']","formId":"vurdering_behandling_og_plan/medikasjonshandlinger_2","viewConfig":{"advanced":{"hidden":false,"readonly":false,"render":true},"size":{"field":"inherit","label":"inherit","fill":"inherit"},"layout":{"label":{"valign":"inherit","align":"inherit"},"field":{"valign":"inherit","align":"inherit"}},"tags":["ForceMinMultiplicity"],"datasource":{"loadRemote":false,"loadRemoteUrl":"","terminology":""},"annotations":{"description":"*"}},"children":[{"name":"Hurtigvalg","localizedName":"Hurtigvalg","rmType":"DV_CODED_TEXT","nodeId":"at0001","min":"0","max":"1","localizedNames":{"nb":"Hurtigvalg"},"localizedDescriptions":{"nb":"*"},"aqlPath":"/content[openEHR-EHR-ACTION.medication_olafia.v1,'Medikasjonshandlinger 2']/description[at0017]/items[openEHR-EHR-CLUSTER.ofte_brukte_medikamenter.v1]/items[at0001]/value","inputs":[{"suffix":"code","type":"CODED_TEXT","list":[{"value":"BC0","label":"Doksycyklin 7 dager","localizedLabels":{"nb":"Doksycyklin 7 dager"}},{"value":"BC1","label":"Doksycyklin 14 dager","localizedLabels":{"nb":"Doksycyklin 14 dager"}},{"value":"BC2","label":"Doksycyklin 21 dager","localizedLabels":{"nb":"Doksycyklin 21 dager"}},{"value":"BC3","label":"Doksycyklin 28 dager","localizedLabels":{"nb":"Doksycyklin 28 dager"}},{"value":"BC4","label":"Azitromycin 2 tabl engangsdose","localizedLabels":{"nb":"Azitromycin 2 tabl engangsdose"}},{"value":"BC5","label":"Azitromycin 3 tabl engangsdose","localizedLabels":{"nb":"Azitromycin 3 tabl engangsdose"}},{"value":"BC6","label":"Azitromycin 4 tabl engangsdose","localizedLabels":{"nb":"Azitromycin 4 tabl engangsdose"}},{"value":"BC7","label":"Azitromycin over 5 dager","localizedLabels":{"nb":"Azitromycin over 5 dager"}},{"value":"BC8","label":"Ceftriaxon 500 mg","localizedLabels":{"nb":"Ceftriaxon 500 mg"}},{"value":"BC9","label":"Ceftriaxon 1 gram","localizedLabels":{"nb":"Ceftriaxon 1 gram"}},{"value":"BC10","label":"Tardocillin 2,4 mill IE inj. 1 beh.","localizedLabels":{"nb":"Tardocillin 2,4 mill IE inj. 1 beh."}},{"value":"BC15","label":"Tardocillin 2,4 mill IE inj. 3 beh.-KUN FOR LEGE","localizedLabels":{"nb":"Tardocillin 2,4 mill IE inj. 3 beh.-KUN FOR LEGE"}},{"value":"BC14","label":"Moxifloxacin - resept","localizedLabels":{"nb":"Moxifloxacin - resept"}},{"value":"BC13","label":"Valtrex 7 - resept","localizedLabels":{"nb":"Valtrex 7 - resept"}},{"value":"BC17","label":"Wartec - resept","localizedLabels":{"nb":"Wartec - resept"}},{"value":"BC18","label":"Condyline - resept","localizedLabels":{"nb":"Condyline - resept"}},{"value":"BC19","label":"Veregen - resept","localizedLabels":{"nb":"Veregen - resept"}},{"value":"BC20","label":"Aldara - resept","localizedLabels":{"nb":"Aldara - resept"}},{"value":"BC21","label":"Metronidazol - resept","localizedLabels":{"nb":"Metronidazol - resept"}},{"value":"BC22","label":"Dalacin - resept","localizedLabels":{"nb":"Dalacin - resept"}},{"value":"BC23","label":"Zidoval - resept","localizedLabels":{"nb":"Zidoval - resept"}},{"value":"BC24","label":"Donaxyl - resept","localizedLabels":{"nb":"Donaxyl - resept"}},{"value":"BC25","label":"Canesten - resept","localizedLabels":{"nb":"Canesten - resept"}},{"value":"BC26","label":"Pevaryl - resept","localizedLabels":{"nb":"Pevaryl - resept"}},{"value":"BC27","label":"Pevisone - resept","localizedLabels":{"nb":"Pevisone - resept"}},{"value":"BC28","label":"Daktacort - resept","localizedLabels":{"nb":"Daktacort - resept"}},{"value":"BC29","label":"Fluconazol - resept","localizedLabels":{"nb":"Fluconazol - resept"}},{"value":"BC30","label":"Locoid - resept","localizedLabels":{"nb":"Locoid - resept"}},{"value":"BC31","label":"Apolar - resept","localizedLabels":{"nb":"Apolar - resept"}},{"value":"BC16","label":"Dermovat - resept","localizedLabels":{"nb":"Dermovat - resept"}},{"value":"BC32","label":"Kaliumpermanganat - resept","localizedLabels":{"nb":"Kaliumpermanganat - resept"}}],"terminology":"Olafia"}],"formId":"vurdering_behandling_og_plan/medikasjonshandlinger_2/ofte_brukte_medikamenter/ofte_brukte_medikamenter","viewConfig":{"advanced":{"hidden":false,"readonly":false},"size":{"field":"inherit","label":"inherit","fill":"inherit"},"layout":{"label":{"valign":"inherit","align":"inherit"},"field":{"valign":"inherit","align":"inherit"}},"datasource":{"loadRemote":false,"loadRemoteUrl":"","terminology":""},"tags":[]}},{"localizedName":"Medikament 2","localizedNames":{"nb":"Medikament 2"},"min":"0","max":"100","name":"Medikament 2","rmType":"GENERIC_FIELDSET","inputs":[{"type":"TEXT"}],"formId":"generic-field-97330","viewConfig":{"advanced":{"hidden":false,"readonly":false,"render":true},"size":{"field":"inherit","label":"inherit","fill":"inherit"},"layout":{"label":{"valign":"inherit","align":"inherit"},"field":{"valign":"inherit","align":"inherit"}},"tags":["hidelabel"],"annotations":{"headerSize":"text"}},"children":[{"name":"Legemiddel / Medisin","localizedName":"Legemiddel / Medisin","rmType":"DV_TEXT","nodeId":"at0020","min":"0","max":"1","localizedNames":{"nb":"Legemiddel / Medisin"},"localizedDescriptions":{"nb":"Medisinen, vaksinen eller annen terapeutisk/medisinsk vare som var i fokus i denne aktiviteten (Action). Dette elementet vil normalt sett bli kodet med en medisinsk terminologi, men i noen tilfeller kan fritekst være nødvendig."},"aqlPath":"/content[openEHR-EHR-ACTION.medication_olafia.v1,'Medikasjonshandlinger 2']/description[at0017]/items[at0020]/value","inputs":[{"type":"TEXT"}],"formId":"vurdering_behandling_og_plan/medikasjonshandlinger_2/legemiddel_medisin","viewConfig":{"advanced":{"hidden":false,"readonly":false,"render":false},"size":{"field":"inherit","label":"inherit","fill":"inherit"},"layout":{"label":{"valign":"inherit","align":"inherit"},"field":{"valign":"inherit","align":"inherit"}},"datasource":{"loadRemote":false,"loadRemoteUrl":"","terminology":""},"annotations":{"description":"*"},"field":{"input":{"presentation":"textfield"}}}},{"name":"Dosering","localizedName":"Dosering","rmType":"DV_TEXT","nodeId":"at0003","min":"0","max":"1","localizedNames":{"nb":"Dosering"},"localizedDescriptions":{"nb":"Fritekstbeskrivelse av mengden, som kan bestå av både mengde og styrke."},"aqlPath":"/content[openEHR-EHR-ACTION.medication_olafia.v1,'Medikasjonshandlinger 2']/description[at0017]/items[openEHR-EHR-CLUSTER.medication_amount.v1]/items[at0003]/value","inputs":[{"type":"TEXT"}],"formId":"vurdering_behandling_og_plan/medikasjonshandlinger_2/medikamentmengde/beskrivelse","viewConfig":{"advanced":{"hidden":false,"readonly":false},"size":{"field":"inherit","label":"inherit","fill":"inherit"},"layout":{"label":{"valign":"inherit","align":"inherit"},"field":{"valign":"inherit","align":"inherit"}},"datasource":{"loadRemote":false,"loadRemoteUrl":"","terminology":""},"annotations":{"description":"*"},"tags":[],"field":{"input":{"presentation":"textfield"}}}},{"name":"Refusjonskategori","localizedName":"Refusjonskategori","rmType":"DV_TEXT","nodeId":"at0038","min":"0","max":"1","localizedNames":{"nb":"Refusjonskategori"},"localizedDescriptions":{"nb":"Kategori for refusjon som søkes for varen/artikkelen."},"aqlPath":"/content[openEHR-EHR-ACTION.medication_olafia.v1,'Medikasjonshandlinger 2']/protocol[at0030]/items[at0038]/value","inputs":[{"type":"TEXT"}],"formId":"vurdering_behandling_og_plan/medikasjonshandlinger_2/refusjonskategori","viewConfig":{"advanced":{"hidden":false,"readonly":false,"render":false},"size":{"field":"inherit","label":"inherit","fill":"inherit"},"layout":{"label":{"valign":"inherit","align":"inherit"},"field":{"valign":"inherit","align":"inherit"}},"datasource":{"loadRemote":false,"loadRemoteUrl":"","terminology":""},"annotations":{"description":"*"},"field":{"input":{"presentation":"textfield"}}}},{"name":"Medikament status","rmType":"DV_CODED_TEXT","min":"1","max":"1","aqlPath":"/content[openEHR-EHR-ACTION.medication_olafia.v1,'Medikasjonshandlinger 2']/ism_transition/careflow_step","inputs":[{"suffix":"code","type":"CODED_TEXT","list":[{"value":"at0002","label":"Medikasjon forordnet","localizedLabels":{"nb":"Medikasjon forordnet"},"currentStates":["245"]},{"value":"at0045","label":"Resept utdelt","localizedLabels":{"nb":"Resept utdelt"},"currentStates":["245"]},{"value":"at0003","label":"Medikasjonen utdelt","localizedLabels":{"nb":"Medikasjonen utdelt"},"currentStates":["245"]},{"value":"at0006","label":"Medikasjon administrert","localizedLabels":{"nb":"Medikasjon administrert"},"currentStates":["245"]}]}],"inContext":true,"formId":"vurdering_behandling_og_plan/medikasjonshandlinger_2/ism_transition/careflow_step","viewConfig":{"advanced":{"hidden":false,"readonly":false},"size":{"field":"inherit","label":"inherit","fill":"inherit"},"layout":{"label":{"valign":"inherit","align":"inherit"},"field":{"valign":"inherit","align":"inherit"}},"datasource":{"loadRemote":false,"loadRemoteUrl":"","terminology":""},"annotations":{},"tags":[],"field":{"code":{"presentation":"combobox"}}},"localizedName":"Medikament status"},{"name":"Medikament utdelt/administrert","localizedName":"Medikament utdelt/administrert","rmType":"DV_CODED_TEXT","nodeId":"at0004","min":"0","max":"1","localizedNames":{"nb":"Medikament utdelt/administrert"},"localizedDescriptions":{"nb":"*"},"aqlPath":"/content[openEHR-EHR-ACTION.medication_olafia.v1,'Medikasjonshandlinger 2']/description[at0017]/items[openEHR-EHR-CLUSTER.olafia_medikament_administrasjon.v1]/items[at0004]/value","inputs":[{"suffix":"code","type":"CODED_TEXT","list":[{"value":"at0006","label":"Ja","localizedLabels":{"nb":"Ja"},"localizedDescriptions":{"nb":"*"}},{"value":"at0008","label":"Nei/Ikke aktuelt","localizedLabels":{"nb":"Nei/Ikke aktuelt"},"localizedDescriptions":{"nb":"*"}}]}],"formId":"vurdering_behandling_og_plan/medikasjonshandlinger_2/olafia_medikament_administrasjon/medikament_utdelt_administrert","viewConfig":{"advanced":{"hidden":true,"readonly":false},"size":{"field":"inherit","label":"inherit","fill":"inherit"},"layout":{"label":{"valign":"inherit","align":"inherit"},"field":{"valign":"inherit","align":"inherit"}},"datasource":{"loadRemote":false,"loadRemoteUrl":"","terminology":""},"tags":["showasradios"],"annotations":{"description":"Rapportfelt"},"field":{"code":{"presentation":"combobox"}}}},{"name":"Medikament administrasjon","localizedName":"Medikament administrasjon","rmType":"CLUSTER","nodeId":"openEHR-EHR-CLUSTER.olafia_medikament_administrasjon.v1","min":"0","max":"1","localizedNames":{"nb":"Medikament administrasjon"},"localizedDescriptions":{"nb":"unknown"},"aqlPath":"/content[openEHR-EHR-ACTION.medication_olafia.v1,'Medikasjonshandlinger 2']/description[at0017]/items[openEHR-EHR-CLUSTER.olafia_medikament_administrasjon.v1]","formId":"vurdering_behandling_og_plan/medikasjonshandlinger_2/olafia_medikament_administrasjon","viewConfig":{"advanced":{"hidden":false,"readonly":false,"render":false},"size":{"field":"inherit","label":"inherit","fill":"inherit"},"layout":{"label":{"valign":"inherit","align":"inherit"},"field":{"valign":"inherit","align":"inherit"}},"tags":["ForceMinMultiplicity"]},"inputs":[{"type":"TEXT"}],"children":[{"name":"Behandling avklart med lege","localizedName":"Behandling avklart med lege","rmType":"DV_TEXT","nodeId":"at0001","min":"0","max":"1","localizedNames":{"nb":"Behandling avklart med lege"},"localizedDescriptions":{"nb":"*"},"aqlPath":"/content[openEHR-EHR-ACTION.medication_olafia.v1,'Medikasjonshandlinger 2']/description[at0017]/items[openEHR-EHR-CLUSTER.olafia_medikament_administrasjon.v1]/items[at0001]/value","inputs":[{"suffix":"code","type":"CODED_TEXT","list":[{"value":"BR1","label":"Ja","localizedLabels":{"nb":"Ja"}},{"value":"BR2","label":"Nei, ikke nødvendig ihht prosedyre","localizedLabels":{"nb":"Nei, ikke nødvendig ihht prosedyre"}}],"terminology":"Olafia"}],"formId":"vurdering_behandling_og_plan/medikasjonshandlinger_2/olafia_medikament_administrasjon/behandling_avklart_med_lege","viewConfig":{"advanced":{"hidden":false,"readonly":false},"size":{"field":"inherit","label":"inherit","fill":"inherit"},"layout":{"label":{"valign":"inherit","align":"inherit"},"field":{"valign":"inherit","align":"inherit"}},"datasource":{"loadRemote":false,"loadRemoteUrl":"","terminology":""},"tags":["showasradios"],"field":{"code":{"presentation":"combobox"}}}},{"name":"Legens navn","localizedName":"Legens navn","rmType":"DV_CODED_TEXT","nodeId":"at0002","min":"0","max":"1","localizedNames":{"nb":"Legens navn"},"localizedDescriptions":{"nb":"*"},"aqlPath":"/content[openEHR-EHR-ACTION.medication_olafia.v1,'Medikasjonshandlinger 2']/description[at0017]/items[openEHR-EHR-CLUSTER.olafia_medikament_administrasjon.v1]/items[at0002]/value","inputs":[{"suffix":"code","type":"TEXT","terminology":"DIPS?subset=HEALTHCAREPARTY&language=en-GB"},{"suffix":"value","type":"TEXT","terminology":"DIPS?subset=HEALTHCAREPARTY&language=en-GB"}],"formId":"vurdering_behandling_og_plan/medikasjonshandlinger_2/olafia_medikament_administrasjon/legens_navn","viewConfig":{"advanced":{"hidden":false,"readonly":false,"render":false},"size":{"field":"inherit","label":"inherit","fill":"inherit"},"layout":{"label":{"valign":"inherit","align":"inherit"},"field":{"valign":"inherit","align":"inherit"}},"datasource":{"loadRemote":false,"loadRemoteUrl":"","terminology":""},"field":{"code":{"presentation":"textfield"},"value":{"presentation":"textfield"}}}},{"name":"Dobbeltkontroll","localizedName":"Dobbeltkontroll","rmType":"DV_BOOLEAN","nodeId":"at0009","min":"0","max":"1","localizedNames":{"nb":"Dobbeltkontroll"},"localizedDescriptions":{"nb":"*"},"aqlPath":"/content[openEHR-EHR-ACTION.medication_olafia.v1,'Medikasjonshandlinger 2']/description[at0017]/items[openEHR-EHR-CLUSTER.olafia_medikament_administrasjon.v1]/items[at0009]/value","inputs":[{"type":"BOOLEAN","defaultValue":false}],"formId":"vurdering_behandling_og_plan/medikasjonshandlinger_2/olafia_medikament_administrasjon/dobbeltkontroll2","viewConfig":{"advanced":{"hidden":false,"readonly":false},"size":{"field":"inherit","label":"inherit","fill":"inherit"},"layout":{"label":{"valign":"middle","align":"left"},"field":{"valign":"inherit","align":"inherit"}},"tags":[],"datasource":{"loadRemote":false,"loadRemoteUrl":"","terminology":""},"field":{"input":{"threeState":false}}}}]}]}]},{"name":"Medikament 3","localizedName":"Medikament 3","rmType":"ACTION","nodeId":"openEHR-EHR-ACTION.medication_olafia.v1","min":"0","max":"1","localizedNames":{"nb":"Medikament 3"},"localizedDescriptions":{"nb":"Detaljer om bruk, administrasjon, utdeling eller andre steg i behandlingsprosessen som er knyttet til en medisin, vaksine eller andre terapeutiske/medisinske varer som kan følge en forordning gjort av en kliniker."},"aqlPath":"/content[openEHR-EHR-ACTION.medication_olafia.v1,'Medikasjonshandlinger 3']","formId":"vurdering_behandling_og_plan/medikasjonshandlinger_3","viewConfig":{"advanced":{"hidden":false,"readonly":false,"render":true},"size":{"field":"inherit","label":"inherit","fill":"inherit"},"layout":{"label":{"valign":"inherit","align":"inherit"},"field":{"valign":"inherit","align":"inherit"}},"tags":["ForceMinMultiplicity"],"datasource":{"loadRemote":false,"loadRemoteUrl":"","terminology":""},"annotations":{"description":"*"}},"children":[{"name":"Hurtigvalg","localizedName":"Hurtigvalg","rmType":"DV_CODED_TEXT","nodeId":"at0001","min":"0","max":"1","localizedNames":{"nb":"Hurtigvalg"},"localizedDescriptions":{"nb":"*"},"aqlPath":"/content[openEHR-EHR-ACTION.medication_olafia.v1,'Medikasjonshandlinger 3']/description[at0017]/items[openEHR-EHR-CLUSTER.ofte_brukte_medikamenter.v1]/items[at0001]/value","inputs":[{"suffix":"code","type":"CODED_TEXT","list":[{"value":"BC0","label":"Doksycyklin 7 dager","localizedLabels":{"nb":"Doksycyklin 7 dager"}},{"value":"BC1","label":"Doksycyklin 14 dager","localizedLabels":{"nb":"Doksycyklin 14 dager"}},{"value":"BC2","label":"Doksycyklin 21 dager","localizedLabels":{"nb":"Doksycyklin 21 dager"}},{"value":"BC3","label":"Doksycyklin 28 dager","localizedLabels":{"nb":"Doksycyklin 28 dager"}},{"value":"BC4","label":"Azitromycin 2 tabl engangsdose","localizedLabels":{"nb":"Azitromycin 2 tabl engangsdose"}},{"value":"BC5","label":"Azitromycin 3 tabl engangsdose","localizedLabels":{"nb":"Azitromycin 3 tabl engangsdose"}},{"value":"BC6","label":"Azitromycin 4 tabl engangsdose","localizedLabels":{"nb":"Azitromycin 4 tabl engangsdose"}},{"value":"BC7","label":"Azitromycin over 5 dager","localizedLabels":{"nb":"Azitromycin over 5 dager"}},{"value":"BC8","label":"Ceftriaxon 500 mg","localizedLabels":{"nb":"Ceftriaxon 500 mg"}},{"value":"BC9","label":"Ceftriaxon 1 gram","localizedLabels":{"nb":"Ceftriaxon 1 gram"}},{"value":"BC10","label":"Tardocillin 2,4 mill IE inj. 1 beh.","localizedLabels":{"nb":"Tardocillin 2,4 mill IE inj. 1 beh."}},{"value":"BC15","label":"Tardocillin 2,4 mill IE inj. 3 beh.-KUN FOR LEGE","localizedLabels":{"nb":"Tardocillin 2,4 mill IE inj. 3 beh.-KUN FOR LEGE"}},{"value":"BC14","label":"Moxifloxacin - resept","localizedLabels":{"nb":"Moxifloxacin - resept"}},{"value":"BC13","label":"Valtrex 7 - resept","localizedLabels":{"nb":"Valtrex 7 - resept"}},{"value":"BC17","label":"Wartec - resept","localizedLabels":{"nb":"Wartec - resept"}},{"value":"BC18","label":"Condyline - resept","localizedLabels":{"nb":"Condyline - resept"}},{"value":"BC19","label":"Veregen - resept","localizedLabels":{"nb":"Veregen - resept"}},{"value":"BC20","label":"Aldara - resept","localizedLabels":{"nb":"Aldara - resept"}},{"value":"BC21","label":"Metronidazol - resept","localizedLabels":{"nb":"Metronidazol - resept"}},{"value":"BC22","label":"Dalacin - resept","localizedLabels":{"nb":"Dalacin - resept"}},{"value":"BC23","label":"Zidoval - resept","localizedLabels":{"nb":"Zidoval - resept"}},{"value":"BC24","label":"Donaxyl - resept","localizedLabels":{"nb":"Donaxyl - resept"}},{"value":"BC25","label":"Canesten - resept","localizedLabels":{"nb":"Canesten - resept"}},{"value":"BC26","label":"Pevaryl - resept","localizedLabels":{"nb":"Pevaryl - resept"}},{"value":"BC27","label":"Pevisone - resept","localizedLabels":{"nb":"Pevisone - resept"}},{"value":"BC28","label":"Daktacort - resept","localizedLabels":{"nb":"Daktacort - resept"}},{"value":"BC29","label":"Fluconazol - resept","localizedLabels":{"nb":"Fluconazol - resept"}},{"value":"BC30","label":"Locoid - resept","localizedLabels":{"nb":"Locoid - resept"}},{"value":"BC31","label":"Apolar - resept","localizedLabels":{"nb":"Apolar - resept"}},{"value":"BC16","label":"Dermovat - resept","localizedLabels":{"nb":"Dermovat - resept"}},{"value":"BC32","label":"Kaliumpermanganat - resept","localizedLabels":{"nb":"Kaliumpermanganat - resept"}}],"terminology":"Olafia"}],"formId":"vurdering_behandling_og_plan/medikasjonshandlinger_3/ofte_brukte_medikamenter/ofte_brukte_medikamenter","viewConfig":{"advanced":{"hidden":false,"readonly":false},"size":{"field":"inherit","label":"inherit","fill":"inherit"},"layout":{"label":{"valign":"inherit","align":"inherit"},"field":{"valign":"inherit","align":"inherit"}},"datasource":{"loadRemote":false,"loadRemoteUrl":"","terminology":""},"tags":[]}},{"localizedName":"Medikament 3","localizedNames":{"nb":"Medikament 3"},"min":"0","max":"100","name":"Medikament 3","rmType":"GENERIC_FIELDSET","formId":"generic-field-53376","viewConfig":{"advanced":{"hidden":false,"readonly":false,"render":true},"size":{"field":"inherit","label":"inherit","fill":"inherit"},"layout":{"label":{"valign":"inherit","align":"inherit"},"field":{"valign":"inherit","align":"inherit"}},"tags":["hidelabel"],"annotations":{"headerSize":"text"}},"inputs":[{"type":"TEXT"}],"children":[{"name":"Legemiddel / Medisin","localizedName":"Legemiddel / Medisin","rmType":"DV_TEXT","nodeId":"at0020","min":"0","max":"1","localizedNames":{"nb":"Legemiddel / Medisin"},"localizedDescriptions":{"nb":"Medisinen, vaksinen eller annen terapeutisk/medisinsk vare som var i fokus i denne aktiviteten (Action). Dette elementet vil normalt sett bli kodet med en medisinsk terminologi, men i noen tilfeller kan fritekst være nødvendig."},"aqlPath":"/content[openEHR-EHR-ACTION.medication_olafia.v1,'Medikasjonshandlinger 3']/description[at0017]/items[at0020]/value","inputs":[{"type":"TEXT"}],"formId":"vurdering_behandling_og_plan/medikasjonshandlinger_3/legemiddel_medisin","viewConfig":{"advanced":{"hidden":false,"readonly":false,"render":false},"size":{"field":"inherit","label":"inherit","fill":"inherit"},"layout":{"label":{"valign":"inherit","align":"inherit"},"field":{"valign":"inherit","align":"inherit"}},"datasource":{"loadRemote":false,"loadRemoteUrl":"","terminology":""},"annotations":{"description":"*"},"field":{"input":{"presentation":"textfield"}}}},{"name":"Dosering","localizedName":"Dosering","rmType":"DV_TEXT","nodeId":"at0003","min":"0","max":"1","localizedNames":{"nb":"Dosering"},"localizedDescriptions":{"nb":"Fritekstbeskrivelse av mengden, som kan bestå av både mengde og styrke."},"aqlPath":"/content[openEHR-EHR-ACTION.medication_olafia.v1,'Medikasjonshandlinger 3']/description[at0017]/items[openEHR-EHR-CLUSTER.medication_amount.v1]/items[at0003]/value","inputs":[{"type":"TEXT"}],"formId":"vurdering_behandling_og_plan/medikasjonshandlinger_3/medikamentmengde/beskrivelse","viewConfig":{"advanced":{"hidden":false,"readonly":false},"size":{"field":"inherit","label":"inherit","fill":"inherit"},"layout":{"label":{"valign":"inherit","align":"inherit"},"field":{"valign":"inherit","align":"inherit"}},"datasource":{"loadRemote":false,"loadRemoteUrl":"","terminology":""},"annotations":{"description":"*"},"tags":[],"field":{"input":{"presentation":"textfield"}}}},{"name":"Refusjonskategori","localizedName":"Refusjonskategori","rmType":"DV_TEXT","nodeId":"at0038","min":"0","max":"1","localizedNames":{"nb":"Refusjonskategori"},"localizedDescriptions":{"nb":"Kategori for refusjon som søkes for varen/artikkelen."},"aqlPath":"/content[openEHR-EHR-ACTION.medication_olafia.v1,'Medikasjonshandlinger 3']/protocol[at0030]/items[at0038]/value","inputs":[{"type":"TEXT"}],"formId":"vurdering_behandling_og_plan/medikasjonshandlinger_3/refusjonskategori","viewConfig":{"advanced":{"hidden":false,"readonly":false,"render":false},"size":{"field":"inherit","label":"inherit","fill":"inherit"},"layout":{"label":{"valign":"inherit","align":"inherit"},"field":{"valign":"inherit","align":"inherit"}},"datasource":{"loadRemote":false,"loadRemoteUrl":"","terminology":""},"annotations":{"description":"*"},"field":{"input":{"presentation":"textfield"}}}},{"name":"Medikament status","rmType":"DV_CODED_TEXT","min":"1","max":"1","aqlPath":"/content[openEHR-EHR-ACTION.medication_olafia.v1,'Medikasjonshandlinger 3']/ism_transition/careflow_step","inputs":[{"suffix":"code","type":"CODED_TEXT","list":[{"value":"at0002","label":"Medikasjon forordnet","localizedLabels":{"nb":"Medikasjon forordnet"},"currentStates":["245"]},{"value":"at0045","label":"Resept utdelt","localizedLabels":{"nb":"Resept utdelt"},"currentStates":["245"]},{"value":"at0003","label":"Medikasjonen utdelt","localizedLabels":{"nb":"Medikasjonen utdelt"},"currentStates":["245"]},{"value":"at0006","label":"Medikasjon administrert","localizedLabels":{"nb":"Medikasjon administrert"},"currentStates":["245"]}]}],"inContext":true,"formId":"vurdering_behandling_og_plan/medikasjonshandlinger_3/ism_transition/careflow_step","viewConfig":{"advanced":{"hidden":false,"readonly":false},"size":{"field":"inherit","label":"inherit","fill":"inherit"},"layout":{"label":{"valign":"inherit","align":"inherit"},"field":{"valign":"inherit","align":"inherit"}},"datasource":{"loadRemote":false,"loadRemoteUrl":"","terminology":""},"tags":[],"annotations":{},"field":{"code":{"presentation":"combobox"}}},"localizedName":"Medikament status"},{"name":"Medikament utdelt/administrert","localizedName":"Medikament utdelt/administrert","rmType":"DV_CODED_TEXT","nodeId":"at0004","min":"0","max":"1","localizedNames":{"nb":"Medikament utdelt/administrert"},"localizedDescriptions":{"nb":"*"},"aqlPath":"/content[openEHR-EHR-ACTION.medication_olafia.v1,'Medikasjonshandlinger 3']/description[at0017]/items[openEHR-EHR-CLUSTER.olafia_medikament_administrasjon.v1]/items[at0004]/value","inputs":[{"suffix":"code","type":"CODED_TEXT","list":[{"value":"at0006","label":"Ja","localizedLabels":{"nb":"Ja"},"localizedDescriptions":{"nb":"*"}},{"value":"at0008","label":"Nei/Ikke aktuelt","localizedLabels":{"nb":"Nei/Ikke aktuelt"},"localizedDescriptions":{"nb":"*"}}]}],"formId":"vurdering_behandling_og_plan/medikasjonshandlinger_3/olafia_medikament_administrasjon/medikament_utdelt_administrert","viewConfig":{"advanced":{"hidden":true,"readonly":false},"size":{"field":"inherit","label":"inherit","fill":"inherit"},"layout":{"label":{"valign":"top","align":"top"},"field":{"valign":"inherit","align":"inherit"}},"datasource":{"loadRemote":false,"loadRemoteUrl":"","terminology":""},"tags":["showasradios"],"annotations":{"description":"Rapportfelt"},"field":{"code":{"presentation":"combobox"}}}},{"name":"Medikament administrasjon","localizedName":"Medikament administrasjon","rmType":"CLUSTER","nodeId":"openEHR-EHR-CLUSTER.olafia_medikament_administrasjon.v1","min":"0","max":"1","localizedNames":{"nb":"Medikament administrasjon"},"localizedDescriptions":{"nb":"unknown"},"aqlPath":"/content[openEHR-EHR-ACTION.medication_olafia.v1,'Medikasjonshandlinger 3']/description[at0017]/items[openEHR-EHR-CLUSTER.olafia_medikament_administrasjon.v1]","formId":"vurdering_behandling_og_plan/medikasjonshandlinger_3/olafia_medikament_administrasjon","viewConfig":{"advanced":{"hidden":false,"readonly":false,"render":false},"size":{"field":"inherit","label":"inherit","fill":"inherit"},"layout":{"label":{"valign":"inherit","align":"inherit"},"field":{"valign":"inherit","align":"inherit"}},"tags":["ForceMinMultiplicity"]},"inputs":[{"type":"TEXT"}],"children":[{"name":"Behandling avklart med lege","localizedName":"Behandling avklart med lege","rmType":"DV_TEXT","nodeId":"at0001","min":"0","max":"1","localizedNames":{"nb":"Behandling avklart med lege"},"localizedDescriptions":{"nb":"*"},"aqlPath":"/content[openEHR-EHR-ACTION.medication_olafia.v1,'Medikasjonshandlinger 3']/description[at0017]/items[openEHR-EHR-CLUSTER.olafia_medikament_administrasjon.v1]/items[at0001]/value","inputs":[{"suffix":"code","type":"CODED_TEXT","list":[{"value":"BR1","label":"Ja","localizedLabels":{"nb":"Ja"}},{"value":"BR2","label":"Nei, ikke nødvendig ihht prosedyre","localizedLabels":{"nb":"Nei, ikke nødvendig ihht prosedyre"}}],"terminology":"Olafia"}],"formId":"vurdering_behandling_og_plan/medikasjonshandlinger_3/olafia_medikament_administrasjon/behandling_avklart_med_lege","viewConfig":{"advanced":{"hidden":false,"readonly":false},"size":{"field":"inherit","label":"inherit","fill":"inherit"},"layout":{"label":{"valign":"inherit","align":"inherit"},"field":{"valign":"inherit","align":"inherit"}},"datasource":{"loadRemote":false,"loadRemoteUrl":"","terminology":""},"tags":["showasradios"],"field":{"code":{"presentation":"combobox"}}}},{"name":"Legens navn","localizedName":"Legens navn","rmType":"DV_CODED_TEXT","nodeId":"at0002","min":"0","max":"1","localizedNames":{"nb":"Legens navn"},"localizedDescriptions":{"nb":"*"},"aqlPath":"/content[openEHR-EHR-ACTION.medication_olafia.v1,'Medikasjonshandlinger 3']/description[at0017]/items[openEHR-EHR-CLUSTER.olafia_medikament_administrasjon.v1]/items[at0002]/value","inputs":[{"suffix":"code","type":"TEXT","terminology":"DIPS?subset=HEALTHCAREPARTY&language=en-GB"},{"suffix":"value","type":"TEXT","terminology":"DIPS?subset=HEALTHCAREPARTY&language=en-GB"}],"formId":"vurdering_behandling_og_plan/medikasjonshandlinger_3/olafia_medikament_administrasjon/legens_navn","viewConfig":{"advanced":{"hidden":false,"readonly":false},"size":{"field":"inherit","label":"inherit","fill":"inherit"},"layout":{"label":{"valign":"inherit","align":"inherit"},"field":{"valign":"inherit","align":"inherit"}},"datasource":{"loadRemote":false,"loadRemoteUrl":"","terminology":""},"field":{"code":{"presentation":"textfield"},"value":{"presentation":"textfield"}}}},{"name":"Dobbeltkontroll","localizedName":"Dobbeltkontroll","rmType":"DV_BOOLEAN","nodeId":"at0009","min":"0","max":"1","localizedNames":{"nb":"Dobbeltkontroll"},"localizedDescriptions":{"nb":"*"},"aqlPath":"/content[openEHR-EHR-ACTION.medication_olafia.v1,'Medikasjonshandlinger 3']/description[at0017]/items[openEHR-EHR-CLUSTER.olafia_medikament_administrasjon.v1]/items[at0009]/value","inputs":[{"type":"BOOLEAN","defaultValue":false}],"formId":"vurdering_behandling_og_plan/medikasjonshandlinger_3/olafia_medikament_administrasjon/dobbeltkontroll2","viewConfig":{"advanced":{"hidden":false,"readonly":false},"size":{"field":"inherit","label":"inherit","fill":"inherit"},"layout":{"label":{"valign":"middle","align":"left"},"field":{"valign":"inherit","align":"inherit"}},"tags":[],"datasource":{"loadRemote":false,"loadRemoteUrl":"","terminology":""},"field":{"input":{"threeState":false}}}}]}]}]},{"name":"Medikament 4","localizedName":"Medikament 4","rmType":"ACTION","nodeId":"openEHR-EHR-ACTION.medication_olafia.v1","min":"0","max":"1","localizedNames":{"nb":"Medikament 4"},"localizedDescriptions":{"nb":"Detaljer om bruk, administrasjon, utdeling eller andre steg i behandlingsprosessen som er knyttet til en medisin, vaksine eller andre terapeutiske/medisinske varer som kan følge en forordning gjort av en kliniker."},"aqlPath":"/content[openEHR-EHR-ACTION.medication_olafia.v1,'Medikasjonshandlinger 4']","formId":"vurdering_behandling_og_plan/medikasjonshandlinger_4","viewConfig":{"advanced":{"hidden":false,"readonly":false,"render":true},"size":{"field":"inherit","label":"inherit","fill":"inherit"},"layout":{"label":{"valign":"inherit","align":"inherit"},"field":{"valign":"inherit","align":"inherit"}},"tags":["ForceMinMultiplicity"],"datasource":{"loadRemote":false,"loadRemoteUrl":"","terminology":""},"annotations":{"description":"*"}},"children":[{"name":"Hurtigvalg","localizedName":"Hurtigvalg","rmType":"DV_CODED_TEXT","nodeId":"at0001","min":"0","max":"1","localizedNames":{"nb":"Hurtigvalg"},"localizedDescriptions":{"nb":"*"},"aqlPath":"/content[openEHR-EHR-ACTION.medication_olafia.v1,'Medikasjonshandlinger 4']/description[at0017]/items[openEHR-EHR-CLUSTER.ofte_brukte_medikamenter.v1]/items[at0001]/value","inputs":[{"suffix":"code","type":"CODED_TEXT","list":[{"value":"BC0","label":"Doksycyklin 7 dager","localizedLabels":{"nb":"Doksycyklin 7 dager"}},{"value":"BC1","label":"Doksycyklin 14 dager","localizedLabels":{"nb":"Doksycyklin 14 dager"}},{"value":"BC2","label":"Doksycyklin 21 dager","localizedLabels":{"nb":"Doksycyklin 21 dager"}},{"value":"BC3","label":"Doksycyklin 28 dager","localizedLabels":{"nb":"Doksycyklin 28 dager"}},{"value":"BC4","label":"Azitromycin 2 tabl engangsdose","localizedLabels":{"nb":"Azitromycin 2 tabl engangsdose"}},{"value":"BC5","label":"Azitromycin 3 tabl engangsdose","localizedLabels":{"nb":"Azitromycin 3 tabl engangsdose"}},{"value":"BC6","label":"Azitromycin 4 tabl engangsdose","localizedLabels":{"nb":"Azitromycin 4 tabl engangsdose"}},{"value":"BC7","label":"Azitromycin over 5 dager","localizedLabels":{"nb":"Azitromycin over 5 dager"}},{"value":"BC8","label":"Ceftriaxon 500 mg","localizedLabels":{"nb":"Ceftriaxon 500 mg"}},{"value":"BC9","label":"Ceftriaxon 1 gram","localizedLabels":{"nb":"Ceftriaxon 1 gram"}},{"value":"BC10","label":"Tardocillin 2,4 mill IE inj. 1 beh.","localizedLabels":{"nb":"Tardocillin 2,4 mill IE inj. 1 beh."}},{"value":"BC15","label":"Tardocillin 2,4 mill IE inj. 3 beh.-KUN FOR LEGE","localizedLabels":{"nb":"Tardocillin 2,4 mill IE inj. 3 beh.-KUN FOR LEGE"}},{"value":"BC14","label":"Moxifloxacin - resept","localizedLabels":{"nb":"Moxifloxacin - resept"}},{"value":"BC13","label":"Valtrex 7 - resept","localizedLabels":{"nb":"Valtrex 7 - resept"}},{"value":"BC17","label":"Wartec - resept","localizedLabels":{"nb":"Wartec - resept"}},{"value":"BC18","label":"Condyline - resept","localizedLabels":{"nb":"Condyline - resept"}},{"value":"BC19","label":"Veregen - resept","localizedLabels":{"nb":"Veregen - resept"}},{"value":"BC20","label":"Aldara - resept","localizedLabels":{"nb":"Aldara - resept"}},{"value":"BC21","label":"Metronidazol - resept","localizedLabels":{"nb":"Metronidazol - resept"}},{"value":"BC22","label":"Dalacin - resept","localizedLabels":{"nb":"Dalacin - resept"}},{"value":"BC23","label":"Zidoval - resept","localizedLabels":{"nb":"Zidoval - resept"}},{"value":"BC24","label":"Donaxyl - resept","localizedLabels":{"nb":"Donaxyl - resept"}},{"value":"BC25","label":"Canesten - resept","localizedLabels":{"nb":"Canesten - resept"}},{"value":"BC26","label":"Pevaryl - resept","localizedLabels":{"nb":"Pevaryl - resept"}},{"value":"BC27","label":"Pevisone - resept","localizedLabels":{"nb":"Pevisone - resept"}},{"value":"BC28","label":"Daktacort - resept","localizedLabels":{"nb":"Daktacort - resept"}},{"value":"BC29","label":"Fluconazol - resept","localizedLabels":{"nb":"Fluconazol - resept"}},{"value":"BC30","label":"Locoid - resept","localizedLabels":{"nb":"Locoid - resept"}},{"value":"BC31","label":"Apolar - resept","localizedLabels":{"nb":"Apolar - resept"}},{"value":"BC16","label":"Dermovat - resept","localizedLabels":{"nb":"Dermovat - resept"}},{"value":"BC32","label":"Kaliumpermanganat - resept","localizedLabels":{"nb":"Kaliumpermanganat - resept"}}],"terminology":"Olafia"}],"formId":"vurdering_behandling_og_plan/medikasjonshandlinger_4/ofte_brukte_medikamenter/ofte_brukte_medikamenter","viewConfig":{"advanced":{"hidden":false,"readonly":false},"size":{"field":"inherit","label":"inherit","fill":"inherit"},"layout":{"label":{"valign":"inherit","align":"inherit"},"field":{"valign":"inherit","align":"inherit"}},"datasource":{"loadRemote":false,"loadRemoteUrl":"","terminology":""},"tags":[]}},{"localizedName":"Medikament 4","localizedNames":{"nb":"Medikament 4"},"min":"0","max":"100","name":"Medikament 4","rmType":"GENERIC_FIELDSET","formId":"generic-field-90843","viewConfig":{"advanced":{"hidden":false,"readonly":false,"render":true},"size":{"field":"inherit","label":"inherit","fill":"inherit"},"layout":{"label":{"valign":"inherit","align":"inherit"},"field":{"valign":"inherit","align":"inherit"}},"tags":["hidelabel"],"annotations":{"headerSize":"text"}},"inputs":[{"type":"TEXT"}],"children":[{"name":"Legemiddel / Medisin","localizedName":"Legemiddel / Medisin","rmType":"DV_TEXT","nodeId":"at0020","min":"0","max":"1","localizedNames":{"nb":"Legemiddel / Medisin"},"localizedDescriptions":{"nb":"Medisinen, vaksinen eller annen terapeutisk/medisinsk vare som var i fokus i denne aktiviteten (Action). Dette elementet vil normalt sett bli kodet med en medisinsk terminologi, men i noen tilfeller kan fritekst være nødvendig."},"aqlPath":"/content[openEHR-EHR-ACTION.medication_olafia.v1,'Medikasjonshandlinger 4']/description[at0017]/items[at0020]/value","inputs":[{"type":"TEXT"}],"formId":"vurdering_behandling_og_plan/medikasjonshandlinger_4/legemiddel_medisin","viewConfig":{"advanced":{"hidden":false,"readonly":false,"render":false},"size":{"field":"inherit","label":"inherit","fill":"inherit"},"layout":{"label":{"valign":"inherit","align":"inherit"},"field":{"valign":"inherit","align":"inherit"}},"datasource":{"loadRemote":false,"loadRemoteUrl":"","terminology":""},"annotations":{"description":"*"},"field":{"input":{"presentation":"textfield"}}}},{"name":"Dosering","localizedName":"Dosering","rmType":"DV_TEXT","nodeId":"at0003","min":"0","max":"1","localizedNames":{"nb":"Dosering"},"localizedDescriptions":{"nb":"Fritekstbeskrivelse av mengden, som kan bestå av både mengde og styrke."},"aqlPath":"/content[openEHR-EHR-ACTION.medication_olafia.v1,'Medikasjonshandlinger 4']/description[at0017]/items[openEHR-EHR-CLUSTER.medication_amount.v1]/items[at0003]/value","inputs":[{"type":"TEXT"}],"formId":"vurdering_behandling_og_plan/medikasjonshandlinger_4/medikamentmengde/beskrivelse","viewConfig":{"advanced":{"hidden":false,"readonly":false},"size":{"field":"inherit","label":"inherit","fill":"inherit"},"layout":{"label":{"valign":"inherit","align":"inherit"},"field":{"valign":"inherit","align":"inherit"}},"datasource":{"loadRemote":false,"loadRemoteUrl":"","terminology":""},"annotations":{"description":"*"},"tags":[],"field":{"input":{"presentation":"textfield"}}}},{"name":"Refusjonskategori","localizedName":"Refusjonskategori","rmType":"DV_TEXT","nodeId":"at0038","min":"0","max":"1","localizedNames":{"nb":"Refusjonskategori"},"localizedDescriptions":{"nb":"Kategori for refusjon som søkes for varen/artikkelen."},"aqlPath":"/content[openEHR-EHR-ACTION.medication_olafia.v1,'Medikasjonshandlinger 4']/protocol[at0030]/items[at0038]/value","inputs":[{"type":"TEXT"}],"formId":"vurdering_behandling_og_plan/medikasjonshandlinger_4/refusjonskategori","viewConfig":{"advanced":{"hidden":false,"readonly":false,"render":false},"size":{"field":"inherit","label":"inherit","fill":"inherit"},"layout":{"label":{"valign":"inherit","align":"inherit"},"field":{"valign":"inherit","align":"inherit"}},"datasource":{"loadRemote":false,"loadRemoteUrl":"","terminology":""},"annotations":{"description":"*"},"field":{"input":{"presentation":"textfield"}}}},{"name":"Medikament status","rmType":"DV_CODED_TEXT","min":"1","max":"1","aqlPath":"/content[openEHR-EHR-ACTION.medication_olafia.v1,'Medikasjonshandlinger 4']/ism_transition/careflow_step","inputs":[{"suffix":"code","type":"CODED_TEXT","list":[{"value":"at0002","label":"Medikasjon forordnet","localizedLabels":{"nb":"Medikasjon forordnet"},"currentStates":["245"]},{"value":"at0045","label":"Resept utdelt","localizedLabels":{"nb":"Resept utdelt"},"currentStates":["245"]},{"value":"at0003","label":"Medikasjonen utdelt","localizedLabels":{"nb":"Medikasjonen utdelt"},"currentStates":["245"]},{"value":"at0006","label":"Medikasjon administrert","localizedLabels":{"nb":"Medikasjon administrert"},"currentStates":["245"]}]}],"inContext":true,"formId":"vurdering_behandling_og_plan/medikasjonshandlinger_4/ism_transition/careflow_step","viewConfig":{"advanced":{"hidden":false,"readonly":false},"size":{"field":"inherit","label":"inherit","fill":"inherit"},"layout":{"label":{"valign":"inherit","align":"inherit"},"field":{"valign":"inherit","align":"inherit"}},"datasource":{"loadRemote":false,"loadRemoteUrl":"","terminology":""},"annotations":{},"tags":[],"field":{"code":{"presentation":"combobox"}}},"localizedName":"Medikament status"},{"name":"Medikament utdelt/administrert","localizedName":"Medikament utdelt/administrert","rmType":"DV_CODED_TEXT","nodeId":"at0004","min":"0","max":"1","localizedNames":{"nb":"Medikament utdelt/administrert"},"localizedDescriptions":{"nb":"*"},"aqlPath":"/content[openEHR-EHR-ACTION.medication_olafia.v1,'Medikasjonshandlinger 4']/description[at0017]/items[openEHR-EHR-CLUSTER.olafia_medikament_administrasjon.v1]/items[at0004]/value","inputs":[{"suffix":"code","type":"CODED_TEXT","list":[{"value":"at0006","label":"Ja","localizedLabels":{"nb":"Ja"},"localizedDescriptions":{"nb":"*"}},{"value":"at0008","label":"Nei/Ikke aktuelt","localizedLabels":{"nb":"Nei/Ikke aktuelt"},"localizedDescriptions":{"nb":"*"}}]}],"formId":"vurdering_behandling_og_plan/medikasjonshandlinger_4/olafia_medikament_administrasjon/medikament_utdelt_administrert","viewConfig":{"advanced":{"hidden":true,"readonly":false},"size":{"field":"inherit","label":"inherit","fill":"inherit"},"layout":{"label":{"valign":"top","align":"top"},"field":{"valign":"inherit","align":"inherit"}},"datasource":{"loadRemote":false,"loadRemoteUrl":"","terminology":""},"tags":["showasradios"],"annotations":{"description":"Rapportfelt"},"field":{"code":{"presentation":"combobox"}}}},{"name":"Medikament administrasjon","localizedName":"Medikament administrasjon","rmType":"CLUSTER","nodeId":"openEHR-EHR-CLUSTER.olafia_medikament_administrasjon.v1","min":"0","max":"1","localizedNames":{"nb":"Medikament administrasjon"},"localizedDescriptions":{"nb":"unknown"},"aqlPath":"/content[openEHR-EHR-ACTION.medication_olafia.v1,'Medikasjonshandlinger 4']/description[at0017]/items[openEHR-EHR-CLUSTER.olafia_medikament_administrasjon.v1]","formId":"vurdering_behandling_og_plan/medikasjonshandlinger_4/olafia_medikament_administrasjon","viewConfig":{"advanced":{"hidden":false,"readonly":false,"render":false},"size":{"field":"inherit","label":"inherit","fill":"inherit"},"layout":{"label":{"valign":"inherit","align":"inherit"},"field":{"valign":"inherit","align":"inherit"}},"tags":["ForceMinMultiplicity"]},"inputs":[{"type":"TEXT"}],"children":[{"name":"Behandling avklart med lege","localizedName":"Behandling avklart med lege","rmType":"DV_TEXT","nodeId":"at0001","min":"0","max":"1","localizedNames":{"nb":"Behandling avklart med lege"},"localizedDescriptions":{"nb":"*"},"aqlPath":"/content[openEHR-EHR-ACTION.medication_olafia.v1,'Medikasjonshandlinger 4']/description[at0017]/items[openEHR-EHR-CLUSTER.olafia_medikament_administrasjon.v1]/items[at0001]/value","inputs":[{"suffix":"code","type":"CODED_TEXT","list":[{"value":"BR1","label":"Ja","localizedLabels":{"nb":"Ja"}},{"value":"BR2","label":"Nei, ikke nødvendig ihht prosedyre","localizedLabels":{"nb":"Nei, ikke nødvendig ihht prosedyre"}}],"terminology":"Olafia"}],"formId":"vurdering_behandling_og_plan/medikasjonshandlinger_4/olafia_medikament_administrasjon/behandling_avklart_med_lege","viewConfig":{"advanced":{"hidden":false,"readonly":false},"size":{"field":"inherit","label":"inherit","fill":"inherit"},"layout":{"label":{"valign":"inherit","align":"inherit"},"field":{"valign":"inherit","align":"inherit"}},"datasource":{"loadRemote":false,"loadRemoteUrl":"","terminology":""},"tags":["showasradios"],"field":{"code":{"presentation":"combobox"}}}},{"name":"Legens navn","localizedName":"Legens navn","rmType":"DV_CODED_TEXT","nodeId":"at0002","min":"0","max":"1","localizedNames":{"nb":"Legens navn"},"localizedDescriptions":{"nb":"*"},"aqlPath":"/content[openEHR-EHR-ACTION.medication_olafia.v1,'Medikasjonshandlinger 4']/description[at0017]/items[openEHR-EHR-CLUSTER.olafia_medikament_administrasjon.v1]/items[at0002]/value","inputs":[{"suffix":"code","type":"TEXT","terminology":"DIPS?subset=HEALTHCAREPARTY&language=en-GB"},{"suffix":"value","type":"TEXT","terminology":"DIPS?subset=HEALTHCAREPARTY&language=en-GB"}],"formId":"vurdering_behandling_og_plan/medikasjonshandlinger_4/olafia_medikament_administrasjon/legens_navn","viewConfig":{"advanced":{"hidden":false,"readonly":false,"render":false},"size":{"field":"inherit","label":"inherit","fill":"inherit"},"layout":{"label":{"valign":"inherit","align":"inherit"},"field":{"valign":"inherit","align":"inherit"}},"datasource":{"loadRemote":false,"loadRemoteUrl":"","terminology":""},"field":{"code":{"presentation":"textfield"},"value":{"presentation":"textfield"}}}},{"name":"Dobbeltkontroll","localizedName":"Dobbeltkontroll","rmType":"DV_BOOLEAN","nodeId":"at0009","min":"0","max":"1","localizedNames":{"nb":"Dobbeltkontroll"},"localizedDescriptions":{"nb":"*"},"aqlPath":"/content[openEHR-EHR-ACTION.medication_olafia.v1,'Medikasjonshandlinger 4']/description[at0017]/items[openEHR-EHR-CLUSTER.olafia_medikament_administrasjon.v1]/items[at0009]/value","inputs":[{"type":"BOOLEAN","defaultValue":false}],"formId":"vurdering_behandling_og_plan/medikasjonshandlinger_4/olafia_medikament_administrasjon/dobbeltkontroll2","viewConfig":{"advanced":{"hidden":false,"readonly":false},"size":{"field":"inherit","label":"inherit","fill":"inherit"},"layout":{"label":{"valign":"middle","align":"left"},"field":{"valign":"inherit","align":"inherit"}},"tags":[],"datasource":{"loadRemote":false,"loadRemoteUrl":"","terminology":""},"field":{"input":{"threeState":false}}}}]}]}]}]},{"name":"Annet medikament","localizedName":"Annet medikament","rmType":"ACTION","nodeId":"openEHR-EHR-ACTION.medication_olafia.v1","min":"0","max":"100","localizedNames":{"nb":"Annet medikament"},"localizedDescriptions":{"nb":"Detaljer om bruk, administrasjon, utdeling eller andre steg i behandlingsprosessen som er knyttet til en medisin, vaksine eller andre terapeutiske/medisinske varer som kan følge en forordning gjort av en kliniker."},"aqlPath":"/content[openEHR-EHR-ACTION.medication_olafia.v1]","formId":"vurdering_behandling_og_plan/medikasjonshandlinger","viewConfig":{"advanced":{"hidden":false,"readonly":false,"render":true},"size":{"field":"inherit","label":"inherit","fill":"inherit"},"layout":{"label":{"valign":"inherit","align":"inherit"},"field":{"valign":"inherit","align":"inherit"}},"tags":["ForceMinMultiplicity","showasmasterdetail"],"datasource":{"loadRemote":false,"loadRemoteUrl":"","terminology":""},"annotations":{"description":"*","headerSize":"text"}},"children":[{"name":"Legemiddel / Medisin","localizedName":"Legemiddel / Medisin","rmType":"DV_TEXT","nodeId":"at0020","min":"0","max":"1","localizedNames":{"nb":"Legemiddel / Medisin"},"localizedDescriptions":{"nb":"Medisinen, vaksinen eller annen terapeutisk/medisinsk vare som var i fokus i denne aktiviteten (Action). Dette elementet vil normalt sett bli kodet med en medisinsk terminologi, men i noen tilfeller kan fritekst være nødvendig."},"aqlPath":"/content[openEHR-EHR-ACTION.medication_olafia.v1]/description[at0017]/items[at0020]/value","inputs":[{"type":"TEXT"}],"formId":"vurdering_behandling_og_plan/medikasjonshandlinger/legemiddel_medisin","viewConfig":{"advanced":{"hidden":false,"readonly":false},"size":{"field":"inherit","label":"inherit","fill":"inherit"},"layout":{"label":{"valign":"inherit","align":"inherit"},"field":{"valign":"inherit","align":"inherit"}},"datasource":{"loadRemote":false,"loadRemoteUrl":"","terminology":""},"tags":["includeinmasterdetail"],"annotations":{"description":"*"},"field":{"input":{"presentation":"textfield"}}}},{"name":"Dosering","localizedName":"Dosering","rmType":"DV_TEXT","nodeId":"at0003","min":"0","max":"1","localizedNames":{"nb":"Dosering"},"localizedDescriptions":{"nb":"Fritekstbeskrivelse av mengden, som kan bestå av både mengde og styrke."},"aqlPath":"/content[openEHR-EHR-ACTION.medication_olafia.v1]/description[at0017]/items[openEHR-EHR-CLUSTER.medication_amount.v1]/items[at0003]/value","inputs":[{"type":"TEXT"}],"formId":"vurdering_behandling_og_plan/medikasjonshandlinger/medikamentmengde/beskrivelse","viewConfig":{"advanced":{"hidden":false,"readonly":false},"size":{"field":"inherit","label":"inherit","fill":"inherit"},"layout":{"label":{"valign":"inherit","align":"inherit"},"field":{"valign":"inherit","align":"inherit"}},"datasource":{"loadRemote":false,"loadRemoteUrl":"","terminology":""},"tags":["includeinmasterdetail"],"annotations":{"description":"*"},"field":{"input":{"presentation":"textfield"}}}},{"name":"Refusjonskategori","localizedName":"Refusjonskategori","rmType":"DV_TEXT","nodeId":"at0038","min":"0","max":"1","localizedNames":{"nb":"Refusjonskategori"},"localizedDescriptions":{"nb":"Kategori for refusjon som søkes for varen/artikkelen."},"aqlPath":"/content[openEHR-EHR-ACTION.medication_olafia.v1]/protocol[at0030]/items[at0038]/value","inputs":[{"type":"TEXT"}],"formId":"vurdering_behandling_og_plan/medikasjonshandlinger/refusjonskategori","viewConfig":{"advanced":{"hidden":false,"readonly":false},"size":{"field":"inherit","label":"inherit","fill":"inherit"},"layout":{"label":{"valign":"inherit","align":"inherit"},"field":{"valign":"inherit","align":"inherit"}},"datasource":{"loadRemote":false,"loadRemoteUrl":"","terminology":""},"tags":[],"annotations":{"description":"*"},"field":{"input":{"presentation":"textfield"}}}},{"name":"Medikament status","rmType":"DV_CODED_TEXT","min":"1","max":"1","aqlPath":"/content[openEHR-EHR-ACTION.medication_olafia.v1]/ism_transition/careflow_step","inputs":[{"suffix":"code","type":"CODED_TEXT","list":[{"value":"at0002","label":"Medikasjon forordnet","localizedLabels":{"nb":"Medikasjon forordnet"},"currentStates":["245"]},{"value":"at0045","label":"Resept utdelt","localizedLabels":{"nb":"Resept utdelt"},"currentStates":["245"]},{"value":"at0003","label":"Medikasjonen utdelt","localizedLabels":{"nb":"Medikasjonen utdelt"},"currentStates":["245"]},{"value":"at0006","label":"Medikasjon administrert","localizedLabels":{"nb":"Medikasjon administrert"},"currentStates":["245"]}]}],"inContext":true,"formId":"vurdering_behandling_og_plan/medikasjonshandlinger/ism_transition/careflow_step","viewConfig":{"advanced":{"hidden":false,"readonly":false},"size":{"field":"inherit","label":"inherit","fill":"inherit"},"layout":{"label":{"valign":"inherit","align":"inherit"},"field":{"valign":"inherit","align":"inherit"}},"datasource":{"loadRemote":false,"loadRemoteUrl":"","terminology":""},"annotations":{"description":"OBLIGATORISK FELT"},"tags":[],"field":{"code":{"presentation":"combobox"}}},"localizedName":"Medikament status"},{"name":"Medikament utdelt/administrert","localizedName":"Medikament utdelt/administrert","rmType":"DV_CODED_TEXT","nodeId":"at0004","min":"1","max":"1","localizedNames":{"nb":"Medikament utdelt/administrert"},"localizedDescriptions":{"nb":"*"},"aqlPath":"/content[openEHR-EHR-ACTION.medication_olafia.v1]/description[at0017]/items[openEHR-EHR-CLUSTER.olafia_medikament_administrasjon.v1]/items[at0004]/value","inputs":[{"suffix":"code","type":"CODED_TEXT","list":[{"value":"at0006","label":"Ja","localizedLabels":{"nb":"Ja"},"localizedDescriptions":{"nb":"*"}},{"value":"at0008","label":"Nei/Ikke aktuelt","localizedLabels":{"nb":"Nei/Ikke aktuelt"},"localizedDescriptions":{"nb":"*"}}]}],"formId":"vurdering_behandling_og_plan/medikasjonshandlinger/olafia_medikament_administrasjon/medikament_utdelt_administrert","viewConfig":{"advanced":{"hidden":false,"readonly":false},"size":{"field":"inherit","label":"inherit","fill":"inherit"},"layout":{"label":{"valign":"middle","align":"left"},"field":{"valign":"inherit","align":"inherit"}},"datasource":{"loadRemote":false,"loadRemoteUrl":"","terminology":""},"tags":["showasradios"],"annotations":{"description":"Rapportfelt"},"field":{"code":{"presentation":"combobox"}}}},{"name":"Medikament administrasjon","localizedName":"Medikament administrasjon","rmType":"CLUSTER","nodeId":"openEHR-EHR-CLUSTER.olafia_medikament_administrasjon.v1","min":"0","max":"1","localizedNames":{"nb":"Medikament administrasjon"},"localizedDescriptions":{"nb":"unknown"},"aqlPath":"/content[openEHR-EHR-ACTION.medication_olafia.v1]/description[at0017]/items[openEHR-EHR-CLUSTER.olafia_medikament_administrasjon.v1]","formId":"vurdering_behandling_og_plan/medikasjonshandlinger/olafia_medikament_administrasjon","viewConfig":{"advanced":{"hidden":false,"readonly":false,"render":false},"size":{"field":"inherit","label":"inherit","fill":"inherit"},"layout":{"label":{"valign":"top","align":"top"},"field":{"valign":"inherit","align":"inherit"}},"tags":["ForceMinMultiplicity"]},"inputs":[{"type":"TEXT"}],"children":[{"name":"Behandling avklart med lege","localizedName":"Behandling avklart med lege","rmType":"DV_TEXT","nodeId":"at0001","min":"0","max":"1","localizedNames":{"nb":"Behandling avklart med lege"},"localizedDescriptions":{"nb":"*"},"aqlPath":"/content[openEHR-EHR-ACTION.medication_olafia.v1]/description[at0017]/items[openEHR-EHR-CLUSTER.olafia_medikament_administrasjon.v1]/items[at0001]/value","inputs":[{"suffix":"code","type":"CODED_TEXT","list":[{"value":"BR1","label":"Ja","localizedLabels":{"nb":"Ja"}},{"value":"BR2","label":"Nei, ikke nødvendig ihht prosedyre","localizedLabels":{"nb":"Nei, ikke nødvendig ihht prosedyre"}}],"terminology":"Olafia"}],"formId":"vurdering_behandling_og_plan/medikasjonshandlinger/olafia_medikament_administrasjon/behandling_avklart_med_lege","viewConfig":{"advanced":{"hidden":false,"readonly":false},"size":{"field":"inherit","label":"inherit","fill":"inherit"},"layout":{"label":{"valign":"inherit","align":"inherit"},"field":{"valign":"inherit","align":"inherit"}},"datasource":{"loadRemote":false,"loadRemoteUrl":"","terminology":""},"tags":["showasradios"],"field":{"code":{"presentation":"combobox"}}}},{"name":"Legens navn","localizedName":"Legens navn","rmType":"DV_CODED_TEXT","nodeId":"at0002","min":"0","max":"1","localizedNames":{"nb":"Legens navn"},"localizedDescriptions":{"nb":"*"},"aqlPath":"/content[openEHR-EHR-ACTION.medication_olafia.v1]/description[at0017]/items[openEHR-EHR-CLUSTER.olafia_medikament_administrasjon.v1]/items[at0002]/value","inputs":[{"suffix":"code","type":"TEXT","terminology":"DIPS?subset=HEALTHCAREPARTY&language=en-GB"},{"suffix":"value","type":"TEXT","terminology":"DIPS?subset=HEALTHCAREPARTY&language=en-GB"}],"formId":"vurdering_behandling_og_plan/medikasjonshandlinger/olafia_medikament_administrasjon/legens_navn","viewConfig":{"advanced":{"hidden":false,"readonly":false,"render":false},"size":{"field":"inherit","label":"inherit","fill":"inherit"},"layout":{"label":{"valign":"inherit","align":"inherit"},"field":{"valign":"inherit","align":"inherit"}},"datasource":{"loadRemote":false,"loadRemoteUrl":"","terminology":""},"field":{"code":{"presentation":"textfield"},"value":{"presentation":"textfield"}}}},{"name":"Dobbeltkontroll","localizedName":"Dobbeltkontroll","rmType":"DV_BOOLEAN","nodeId":"at0009","min":"0","max":"1","localizedNames":{"nb":"Dobbeltkontroll"},"localizedDescriptions":{"nb":"*"},"aqlPath":"/content[openEHR-EHR-ACTION.medication_olafia.v1]/description[at0017]/items[openEHR-EHR-CLUSTER.olafia_medikament_administrasjon.v1]/items[at0009]/value","inputs":[{"type":"BOOLEAN","defaultValue":false}],"formId":"vurdering_behandling_og_plan/medikasjonshandlinger/olafia_medikament_administrasjon/dobbeltkontroll2","viewConfig":{"advanced":{"hidden":false,"readonly":false},"size":{"field":"inherit","label":"inherit","fill":"inherit"},"layout":{"label":{"valign":"middle","align":"left"},"field":{"valign":"inherit","align":"inherit"}},"tags":[],"datasource":{"loadRemote":false,"loadRemoteUrl":"","terminology":""},"field":{"input":{"threeState":false}}}}]}]},{"name":"Takst","localizedName":"Takst","rmType":"ADMIN_ENTRY","nodeId":"openEHR-EHR-ADMIN_ENTRY.tariff.v1","min":"0","max":"1","localizedNames":{"nb":"Takst"},"localizedDescriptions":{"nb":"This achetype is used to assign tariffs in outpatient documents in DIPS Arena"},"aqlPath":"/content[openEHR-EHR-ADMIN_ENTRY.tariff.v1]","formId":"vurdering_behandling_og_plan/takst","viewConfig":{"advanced":{"hidden":false,"readonly":false},"size":{"field":"inherit","label":"inherit","fill":"inherit"},"layout":{"label":{"valign":"inherit","align":"inherit"},"field":{"valign":"inherit","align":"inherit"}},"tags":[],"annotations":{"description":"*"},"datasource":{"loadRemote":false,"loadRemoteUrl":"","terminology":""}},"children":[{"name":"Kode","localizedName":"Kode","rmType":"DV_CODED_TEXT","nodeId":"at0002","min":"1","max":"100","localizedNames":{"nb":"Kode"},"localizedDescriptions":{"nb":"Felt for takstkode. Ved lagring blir taksten lagt til det polikliniske besøket."},"aqlPath":"/content[openEHR-EHR-ADMIN_ENTRY.tariff.v1]/data[at0001]/items[at0002]/value","inputs":[{"suffix":"code","type":"TEXT","terminology":"DIPS-Tariff?subset=DIPS-Tariff&language=en-GB"},{"suffix":"value","type":"TEXT","terminology":"DIPS-Tariff?subset=DIPS-Tariff&language=en-GB"}],"formId":"vurdering_behandling_og_plan/takst/kode","viewConfig":{"advanced":{"hidden":false,"readonly":false},"size":{"field":"inherit","label":"inherit","fill":"inherit"},"layout":{"label":{"valign":"inherit","align":"inherit"},"field":{"valign":"inherit","align":"inherit"}},"tags":[],"datasource":{"loadRemote":false,"loadRemoteUrl":"","terminology":""},"field":{"code":{"presentation":"textfield","lines":"1"},"value":{"presentation":"textfield","lines":"1"}},"annotations":{"select":"{#takst:/data[at0001]/items[at0002]/value}"}}}]}]}