[{"field":"dokumentasjon_operasjonssykepleie/prosedyre/blodtomhet@Blodtomhet/mekanisk_blodtomhet@Mekanisk blodtomhet","conditions":[{"operator":"empty","actions":[{"action":"hide","target":"generic-field-66075"},{"action":"clear","target":"generic-field-66075"}]},{"operator":"notempty","actions":[{"action":"show","target":"generic-field-66075"}]}]},{"field":"dokumentasjon_operasjonssykepleie/prosedyre/diatermi@Diatermi/navn_på_medisinsk_utstyr","conditions":[{"operator":"empty","actions":[{"action":"hide","target":"dokumentasjon_operasjonssykepleie/prosedyre/nøytral_plate@Nøytral plate/nøytral_plate@Nøytral plate"},{"action":"clear","target":"dokumentasjon_operasjonssykepleie/prosedyre/nøytral_plate@Nøytral plate/nøytral_plate@Nøytral plate"},{"action":"hide","target":"dokumentasjon_operasjonssykepleie/prosedyre/røykavsug@Røykavsug"},{"action":"clear","target":"dokumentasjon_operasjonssykepleie/prosedyre/røykavsug@Røykavsug"},{"action":"hide","target":"dokumentasjon_operasjonssykepleie/prosedyre/diatermi@Diatermi/diatermi_egenskaper"},{"action":"clear","target":"dokumentasjon_operasjonssykepleie/prosedyre/diatermi@Diatermi/diatermi_egenskaper"}]},{"operator":"notempty","actions":[{"action":"show","target":"dokumentasjon_operasjonssykepleie/prosedyre/nøytral_plate@Nøytral plate/nøytral_plate@Nøytral plate"},{"action":"show","target":"dokumentasjon_operasjonssykepleie/prosedyre/røykavsug@Røykavsug"},{"action":"show","target":"dokumentasjon_operasjonssykepleie/prosedyre/diatermi@Diatermi/diatermi_egenskaper"}]}]},{"field":"dokumentasjon_operasjonssykepleie/prosedyre/nøytral_plate@Nøytral plate/nøytral_plate@Nøytral plate","conditions":[{"operator":"empty","actions":[{"action":"hide","target":"dokumentasjon_operasjonssykepleie/prosedyre/nøytral_plate@Nøytral plate/beskrivelse"},{"action":"clear","target":"dokumentasjon_operasjonssykepleie/prosedyre/nøytral_plate@Nøytral plate/beskrivelse"}]},{"operator":"notempty","actions":[{"action":"show","target":"dokumentasjon_operasjonssykepleie/prosedyre/nøytral_plate@Nøytral plate/beskrivelse"}]}]},{"field":"dokumentasjon_operasjonssykepleie/legemiddelhåndtering/lokalanestesi@Lokalanestesi","conditions":[{"operator":"notempty","actions":[{"action":"set","target":"dokumentasjon_operasjonssykepleie/legemiddelhåndtering/ism_transition/current_state","value":{"code":"532"}},{"action":"set","target":"dokumentasjon_operasjonssykepleie/legemiddelhåndtering/ism_transition/careflow_step","value":{"code":"at0007"}}]},{"operator":"empty","actions":[{"action":"clear","target":"dokumentasjon_operasjonssykepleie/legemiddelhåndtering/ism_transition/current_state"},{"action":"clear","target":"dokumentasjon_operasjonssykepleie/legemiddelhåndtering/ism_transition/careflow_step"}]}]},{"field":"dokumentasjon_operasjonssykepleie/legemiddelhåndtering/lokalanestesi@Lokalanestesi","conditions":[{"operator":"empty","actions":[{"action":"clear","target":"dokumentasjon_operasjonssykepleie/legemiddelhåndtering/dosering/doseenhet"}]},{"operator":"notempty","actions":[{"action":"set","target":"dokumentasjon_operasjonssykepleie/legemiddelhåndtering/dosering/doseenhet","value":{"code":"258773002"}}]}]},{"field":"dokumentasjon_operasjonssykepleie/prosedyre/diatermi@Diatermi/diatermi_egenskaper/type","conditions":[{"operator":"equals","value":{"code":"257798003"},"actions":[{"action":"show","target":"dokumentasjon_operasjonssykepleie/prosedyre/diatermi@Diatermi/diatermi_egenskaper/metode@Metode"}]},{"operator":"notequals","value":{"code":"257798003"},"actions":[{"action":"hide","target":"dokumentasjon_operasjonssykepleie/prosedyre/diatermi@Diatermi/diatermi_egenskaper/metode@Metode"},{"action":"clear","target":"dokumentasjon_operasjonssykepleie/prosedyre/diatermi@Diatermi/diatermi_egenskaper/metode@Metode"}]}]}]