[{"field":"dokumentasjon_operasjonssykepleie/prosedyre/blodtomhet@Blodtomhet/mekanisk_blodtomhet@Mekanisk blodtomhet","conditions":[{"operator":"empty","actions":[{"action":"hide","target":"generic-field-66075"},{"action":"clear","target":"generic-field-66075"}]},{"operator":"notempty","actions":[{"action":"show","target":"generic-field-66075"}]}]},{"field":"dokumentasjon_operasjonssykepleie/prosedyre/diatermi@Diatermi/navn_på_medisinsk_utstyr","conditions":[{"operator":"empty","actions":[{"action":"hide","target":"dokumentasjon_operasjonssykepleie/prosedyre/nøytral_plate@Nøytral plate/nøytral_plate@Nøytral plate"},{"action":"clear","target":"dokumentasjon_operasjonssykepleie/prosedyre/nøytral_plate@Nøytral plate/nøytral_plate@Nøytral plate"},{"action":"hide","target":"dokumentasjon_operasjonssykepleie/prosedyre/røykavsug@Røykavsug"},{"action":"clear","target":"dokumentasjon_operasjonssykepleie/prosedyre/røykavsug@Røykavsug"},{"action":"hide","target":"dokumentasjon_operasjonssykepleie/prosedyre/diatermi@Diatermi/diatermi_egenskaper"},{"action":"clear","target":"dokumentasjon_operasjonssykepleie/prosedyre/diatermi@Diatermi/diatermi_egenskaper"}]},{"operator":"notempty","actions":[{"action":"show","target":"dokumentasjon_operasjonssykepleie/prosedyre/nøytral_plate@Nøytral plate/nøytral_plate@Nøytral plate"},{"action":"show","target":"dokumentasjon_operasjonssykepleie/prosedyre/røykavsug@Røykavsug"},{"action":"show","target":"dokumentasjon_operasjonssykepleie/prosedyre/diatermi@Diatermi/diatermi_egenskaper"}]}]},{"field":"dokumentasjon_operasjonssykepleie/prosedyre/nøytral_plate@Nøytral plate/nøytral_plate@Nøytral plate","conditions":[{"operator":"empty","actions":[{"action":"hide","target":"dokumentasjon_operasjonssykepleie/prosedyre/nøytral_plate@Nøytral plate/beskrivelse"},{"action":"clear","target":"dokumentasjon_operasjonssykepleie/prosedyre/nøytral_plate@Nøytral plate/beskrivelse"}]},{"operator":"notempty","actions":[{"action":"show","target":"dokumentasjon_operasjonssykepleie/prosedyre/nøytral_plate@Nøytral plate/beskrivelse"}]}]},{"field":"dokumentasjon_operasjonssykepleie/legemiddelhåndtering/lokalanestesi@Lokalanestesi","conditions":[{"operator":"notempty","actions":[{"action":"set","target":"dokumentasjon_operasjonssykepleie/legemiddelhåndtering/ism_transition/current_state","value":{"code":"532"}},{"action":"set","target":"dokumentasjon_operasjonssykepleie/legemiddelhåndtering/ism_transition/careflow_step","value":{"code":"at0007"}}]},{"operator":"empty","actions":[{"action":"clear","target":"dokumentasjon_operasjonssykepleie/legemiddelhåndtering/ism_transition/current_state"},{"action":"clear","target":"dokumentasjon_operasjonssykepleie/legemiddelhåndtering/ism_transition/careflow_step"}]}]},{"field":"dokumentasjon_operasjonssykepleie/legemiddelhåndtering/lokalanestesi@Lokalanestesi","conditions":[{"operator":"empty","actions":[{"action":"clear","target":"dokumentasjon_operasjonssykepleie/legemiddelhåndtering/dosering/doseenhet"}]},{"operator":"notempty","actions":[{"action":"set","target":"dokumentasjon_operasjonssykepleie/legemiddelhåndtering/dosering/doseenhet","value":{"code":"258773002"}}]}]},{"field":"dokumentasjon_operasjonssykepleie/prosedyre/eksponering_for_radiografisk_diagnostisk_stråling/type_stråling","conditions":[{"operator":"equals","value":{"code":"125576007"},"actions":[{"action":"show","target":"dokumentasjon_operasjonssykepleie/prosedyre/eksponering_for_radiografisk_diagnostisk_stråling/dose-areal_produkt_(dap)"},{"action":"show","target":"dokumentasjon_operasjonssykepleie/prosedyre/eksponering_for_radiografisk_diagnostisk_stråling/kommentar"}]},{"operator":"notequals","value":{"code":"125576007"},"actions":[{"action":"hide","target":"dokumentasjon_operasjonssykepleie/prosedyre/eksponering_for_radiografisk_diagnostisk_stråling/dose-areal_produkt_(dap)"},{"action":"clear","target":"dokumentasjon_operasjonssykepleie/prosedyre/eksponering_for_radiografisk_diagnostisk_stråling/dose-areal_produkt_(dap)"},{"action":"hide","target":"dokumentasjon_operasjonssykepleie/prosedyre/eksponering_for_radiografisk_diagnostisk_stråling/kommentar"},{"action":"clear","target":"dokumentasjon_operasjonssykepleie/prosedyre/eksponering_for_radiografisk_diagnostisk_stråling/kommentar"}]}]},{"field":"dokumentasjon_operasjonssykepleie/prosedyre/bladder_scanning_performed/has_been_performed","conditions":[{"operator":"empty","actions":[{"action":"hide","target":"dokumentasjon_operasjonssykepleie/prosedyre/bladder_scanning_performed/comment"},{"action":"clear","target":"dokumentasjon_operasjonssykepleie/prosedyre/bladder_scanning_performed/comment"},{"action":"hide","target":"dokumentasjon_operasjonssykepleie/urinary_bladder_volume"},{"action":"clear","target":"dokumentasjon_operasjonssykepleie/urinary_bladder_volume"}]},{"operator":"equals","value":{"code":"398166005"},"actions":[{"action":"hide","target":"dokumentasjon_operasjonssykepleie/prosedyre/bladder_scanning_performed/comment"},{"action":"clear","target":"dokumentasjon_operasjonssykepleie/prosedyre/bladder_scanning_performed/comment"},{"action":"show","target":"dokumentasjon_operasjonssykepleie/urinary_bladder_volume"}]},{"operator":"equals","value":{"code":"262008008"},"actions":[{"action":"show","target":"dokumentasjon_operasjonssykepleie/prosedyre/bladder_scanning_performed/comment"},{"action":"hide","target":"dokumentasjon_operasjonssykepleie/urinary_bladder_volume"},{"action":"clear","target":"dokumentasjon_operasjonssykepleie/urinary_bladder_volume"}]},{"operator":"equals","value":{"code":"385432009"},"actions":[{"action":"show","target":"dokumentasjon_operasjonssykepleie/prosedyre/bladder_scanning_performed/comment"},{"action":"hide","target":"dokumentasjon_operasjonssykepleie/urinary_bladder_volume"},{"action":"clear","target":"dokumentasjon_operasjonssykepleie/urinary_bladder_volume"}]}]},{"field":"dokumentasjon_operasjonssykepleie/urination/timing/voiding/passed_urine","conditions":[{"operator":"is","value":{"value":"True"},"actions":[{"action":"show","target":"dokumentasjon_operasjonssykepleie/urination/timing/voiding/datetime_urine_last_passed"}]},{"operator":"isnot","value":{"value":"True"},"actions":[{"action":"hide","target":"dokumentasjon_operasjonssykepleie/urination/timing/voiding/datetime_urine_last_passed"},{"action":"clear","target":"dokumentasjon_operasjonssykepleie/urination/timing/voiding/datetime_urine_last_passed"}]}]},{"field":"dokumentasjon_operasjonssykepleie/prosedyre/bladder_scanning_performed/has_been_performed","conditions":[{"operator":"empty","actions":[{"action":"clear","target":"dokumentasjon_operasjonssykepleie/prosedyre/bladder_scanning_performed/bladder_scanning"}]},{"operator":"notempty","actions":[{"action":"set","target":"dokumentasjon_operasjonssykepleie/prosedyre/bladder_scanning_performed/bladder_scanning","value":{"code":"169251004"}}]}]},{"field":"dokumentasjon_operasjonssykepleie/prosedyre/bladder_scanning_performed/has_been_performed","conditions":[{"operator":"equals","value":{"code":"398166005"},"actions":[{"action":"set","target":"dokumentasjon_operasjonssykepleie/urinary_bladder_volume/medisinsk_utstyr/navn_på_medisinsk_utstyr","value":{"code":"701338007"}}]},{"operator":"notequals","value":{"code":"398166005"},"actions":[{"action":"clear","target":"dokumentasjon_operasjonssykepleie/urinary_bladder_volume/medisinsk_utstyr/navn_på_medisinsk_utstyr"}]}]}]