{"formId":"form_root","name":"Form root","rmType":"FORM_DEFINITION","viewConfig":{"label":{"custom":false,"value":"","useLocalizations":true,"localizationsList":{"nb":"Arbeidsdiagnose "}},"size":{"field":"inherit","label":"inherit","fill":"inherit"},"layout":{"label":{"valign":"inherit","align":"top"},"field":{"valign":"inherit","align":"inherit"}},"tags":[],"annotations":{"reuseComposition":"select c from composition c contains evaluation e[openEHR-EHR-EVALUATION.problem_diagnosis.v1] where c/archetype_details/template_id/value = 'hv diag diagnose' order by c/context/start_time/value desc fetch 1?scope=periodofcare"}},"language":"nb","templateLanguages":["nb"],"children":[{"name":"Klinisk beskrivelse","localizedName":"Klinisk beskrivelse","rmType":"DV_TEXT","nodeId":"at0009","min":0,"max":1,"localizedNames":{"nb":"Klinisk beskrivelse"},"localizedDescriptions":{"nb":"Fritekstbeskrivelse av problemet eller diagnosen."},"annotations":{"comment":"Brukes til å gi bakgrunn og kontekst, inkludert utvikling, episoder eller forverringer, fremgang og alle andre relevante detaljer, om problemet eller diagnosen."},"aqlPath":"/content[openEHR-EHR-EVALUATION.problem_diagnosis.v1]/data[at0001]/items[at0009]/value","inputs":[{"type":"TEXT"}],"fid":"hv_diag_diagnose/problem_diagnose/klinisk_beskrivelse","formId":"hv_diag_diagnose/problem_diagnose/klinisk_beskrivelse","defaultValue":{"value":""},"viewConfig":{"size":{"field":"inherit","label":"inherit","fill":"inherit"},"layout":{"label":{"valign":"inherit","align":"inherit"},"field":{"valign":"inherit","align":"inherit"}},"datasource":{"loadRemote":false,"loadRemoteUrl":"","terminology":""},"label":{"custom":true,"value":"Klinisk beskrivelse av aktuelt problem","useLocalizations":true,"localizationsList":{"nb":"Klinisk beskrivelse av aktuelt problem"}},"advanced":{"hidden":false,"readonly":false},"multiplicity":{"min":"0","max":"1"},"tags":[],"field":{"input":{"presentation":"textfield","lines":"1"}}}}]}