[{"col":1,"row":1,"width":6,"height":59,"children":[{"id":"generic-field-81734","rows":[{"cols":[{"width":"50%","children":[{"id":"hv_ernaeringrisikovurdering/høyde_lengde/uspesifisert_hendelse/høyde_lengde","rows":[]}]},{"width":"50%","children":[{"id":"hv_ernaeringrisikovurdering/kroppsvekt/aktuell_vekt/kroppsvekt","rows":[]}]}]},{"cols":[{"width":"33%","children":[{"id":"hv_ernaeringrisikovurdering/kroppsvekt/vekt_for_en_måned_siden/kroppsvekt","rows":[]}]},{"width":"39%","children":[{"id":"hv_ernaeringrisikovurdering/kroppsvekt/vekt_for_to_måneder_siden/kroppsvekt/value","rows":[]}]},{"width":"28%","children":[{"id":"hv_ernaeringrisikovurdering/kroppsvekt/vekt_for_tre_måneder_siden/kroppsvekt","rows":[]}]}]},{"cols":[{"width":"50%","children":[{"id":"hv_ernaeringrisikovurdering/prosentvis_endring_av_vekt_og_matinntak/matinntak_endring/matinntak_siste_uken","rows":[]}]},{"width":"50%","children":[]}]},{"cols":[{"width":"50%","children":[{"id":"hv_ernaeringrisikovurdering/hv_ernaeringsscreening_allmenntilstand/allmenntilstand","rows":[]}]},{"width":"50%","children":[{"id":"hv_ernaeringrisikovurdering/screening_for_ernæringsmessig_risiko/uspesifisert_hendelse/hovedscreening/total_score","rows":[]}]}]},{"cols":[{"width":"50%","children":[{"id":"hv_ernaeringrisikovurdering/screening_for_ernæringsmessig_risiko/uspesifisert_hendelse/hovedscreening/sykdommens_alvorlighetsgrad","rows":[]}]},{"width":"50%","children":[]}]},{"cols":[{"width":"50%","children":[{"id":"hv_ernaeringrisikovurdering/hv_ernaeringsscreening_behandling/planlagt_behandling_som_vil_medføre_vekttap","rows":[]}]},{"width":"50%","children":[]}]}]},{"id":"generic-field-87336","rows":[{"cols":[{"width":"100%","children":[]}]}]},{"id":"generic-field-38322","rows":[{"cols":[{"width":"100%","children":[]}]}]},{"id":"generic-field-90005","rows":[{"cols":[{"width":"50%","children":[{"id":"hv_ernaeringrisikovurdering/er_kalk_dips/total_score_aldersjustert","rows":[]},{"id":"hv_ernaeringrisikovurdering/kroppsmasseindeks/uspesifisert_hendelse/kroppsmasseindeks","rows":[]},{"id":"hv_ernaeringrisikovurdering/er_kalk_dips/vt1_score","rows":[]},{"id":"hv_ernaeringrisikovurdering/er_kalk_dips/vt2_score","rows":[]},{"id":"hv_ernaeringrisikovurdering/er_kalk_dips/vt3_score","rows":[]},{"id":"hv_ernaeringrisikovurdering/er_kalk_dips/sykdommens_alvorlighet_score","rows":[]},{"id":"hv_ernaeringrisikovurdering/er_kalk_dips/behandling_score","rows":[]},{"id":"hv_ernaeringrisikovurdering/er_kalk_dips/allmenntilstand_bmi_score","rows":[]},{"id":"hv_ernaeringrisikovurdering/er_kalk_dips/alder_ved_screening","rows":[]},{"id":"hv_ernaeringrisikovurdering/er_kalk_dips/risikoangivelse","rows":[]},{"id":"hv_ernaeringrisikovurdering/er_kalk_dips/alders_score","rows":[]}]},{"width":"50%","children":[{"id":"hv_ernaeringrisikovurdering/er_kalk_dips/bmi_score","rows":[]},{"id":"hv_ernaeringrisikovurdering/er_kalk_dips/matinntak_score","rows":[]},{"id":"hv_ernaeringrisikovurdering/er_kalk_dips/vt1","rows":[]},{"id":"hv_ernaeringrisikovurdering/er_kalk_dips/vt2","rows":[]},{"id":"hv_ernaeringrisikovurdering/er_kalk_dips/vt3","rows":[]}]}]},{"cols":[{"width":"50%","children":[]},{"width":"50%","children":[]}]}]}]}]