{"parent":null,"id":null,"name":"Form root","localizedName":null,"localizedNames":{},"localizedDescriptions":{},"rmType":"FORM_DEFINITION","nodeId":null,"min":0,"max":0,"aqlPath":null,"inputs":[],"formId":"form_root","cardinality":null,"viewConfig":{"multiplicity":null,"advanced":null,"label":{"custom":false,"value":null,"useLocalizations":false,"localizationsList":null},"expanded":null,"layout":{"label":{"valign":"inherit","align":"inherit"},"field":{"valign":"inherit","align":"inherit"}},"size":{"field":"inherit","label":"inherit"},"datasource":null,"extras":null,"annotations":{"reuseComposition":"SELECT c FROM COMPOSITION c[openEHR-EHR-COMPOSITION.hv_ernaeringrisikovurdering.v1] order by c/context/start_time/value desc fetch 1?scope=periodofcare"},"field":[],"tags":null},"dependsOn":null,"children":[{"parent":null,"id":null,"name":"Fieldset","localizedName":"Fieldset","localizedNames":{"nb":"Fieldset"},"localizedDescriptions":{},"rmType":"GENERIC_FIELDSET","nodeId":null,"min":0,"max":1,"aqlPath":null,"inputs":null,"formId":"generic-field-81734","cardinality":null,"viewConfig":{"multiplicity":null,"advanced":{"hidden":false,"readonly":false,"tags":null},"label":null,"expanded":null,"layout":{"label":{"valign":"inherit","align":"top"},"field":{"valign":"inherit","align":"inherit"}},"size":{"field":"inherit","label":"1"},"datasource":null,"extras":null,"annotations":{},"field":[],"tags":["HideLabel"]},"dependsOn":null,"children":[{"parent":null,"id":null,"name":"Høyde","localizedName":"Høyde","localizedNames":{"nb":"Høyde"},"localizedDescriptions":{"nb":"Høyde/lengde fra isse til fotsåle."},"rmType":"DV_QUANTITY","nodeId":"at0004","min":0,"max":1,"aqlPath":"/content[openEHR-EHR-OBSERVATION.height.v1]/data[at0001]/events[at0002]/data[at0003]/items[at0004]/value","inputs":[{"suffix":"magnitude","type":"DECIMAL","terminology":null,"list":null,"validation":{"range":{"minOp":">=","min":0.0,"maxOp":"<=","max":500.0},"precision":null},"defaultValue":null,"listOpen":false,"threeState":null,"presentation":null,"hideTime":false,"columns":null,"lines":null},{"suffix":"unit","type":"CODED_TEXT","terminology":null,"list":[{"value":"cm","label":"cm","currentStates":null,"validation":{"range":{"minOp":">=","min":0.0,"maxOp":"<=","max":500.0},"precision":null},"ordinal":0,"localizedLabels":{},"localizedDescriptions":{}}],"validation":null,"defaultValue":"cm","listOpen":false,"threeState":null,"presentation":null,"hideTime":false,"columns":null,"lines":null}],"formId":"hv_ernaeringrisikovurdering/høyde_lengde/uspesifisert_hendelse/høyde_lengde","cardinality":null,"viewConfig":{"multiplicity":null,"advanced":{"hidden":false,"readonly":false,"tags":null},"label":null,"expanded":null,"layout":{"label":{"valign":"inherit","align":"inherit"},"field":{"valign":"inherit","align":"inherit"}},"size":{"field":"inherit","label":"inherit"},"datasource":{"loadRemote":false,"loadRemoteUrl":""},"extras":null,"annotations":{"calcid":"HL"},"field":[{"input":null,"code":null,"hidden":null,"name":null,"formId":null,"type":null}],"tags":[]},"dependsOn":null,"children":null,"inContext":null},{"parent":null,"id":null,"name":"Kroppsvekt","localizedName":"Kroppsvekt","localizedNames":{"nb":"Kroppsvekt"},"localizedDescriptions":{"nb":"Et individs totale kroppsmasse."},"rmType":"DV_QUANTITY","nodeId":"at0004","min":0,"max":1,"aqlPath":"/content[openEHR-EHR-OBSERVATION.body_weight.v1]/data[at0002]/events[at0003,'Aktuell vekt']/data[at0001]/items[at0004]/value","inputs":[{"suffix":"magnitude","type":"DECIMAL","terminology":null,"list":null,"validation":{"range":{"minOp":">=","min":0.0,"maxOp":"<","max":1000.0},"precision":null},"defaultValue":null,"listOpen":false,"threeState":null,"presentation":null,"hideTime":false,"columns":null,"lines":null},{"suffix":"unit","type":"CODED_TEXT","terminology":null,"list":[{"value":"kg","label":"kg","currentStates":null,"validation":{"range":{"minOp":">=","min":0.0,"maxOp":"<","max":1000.0},"precision":null},"ordinal":0,"localizedLabels":{},"localizedDescriptions":{}}],"validation":null,"defaultValue":"kg","listOpen":false,"threeState":null,"presentation":null,"hideTime":false,"columns":null,"lines":null}],"formId":"hv_ernaeringrisikovurdering/kroppsvekt/aktuell_vekt/kroppsvekt","cardinality":null,"viewConfig":{"multiplicity":null,"advanced":{"hidden":false,"readonly":false,"tags":null},"label":null,"expanded":null,"layout":{"label":{"valign":"inherit","align":"top"},"field":{"valign":"inherit","align":"inherit"}},"size":{"field":"large","label":"inherit"},"datasource":{"loadRemote":false,"loadRemoteUrl":""},"extras":null,"annotations":{"calcid":"KV"},"field":[{"input":null,"code":null,"hidden":null,"name":null,"formId":null,"type":null}],"tags":[]},"dependsOn":null,"children":null,"inContext":null},{"parent":null,"id":null,"name":"Vekt en mnd siden","localizedName":"Vekt en mnd siden","localizedNames":{"nb":"Vekt en mnd siden"},"localizedDescriptions":{"nb":"Et individs totale kroppsmasse."},"rmType":"DV_QUANTITY","nodeId":"at0004","min":0,"max":1,"aqlPath":"/content[openEHR-EHR-OBSERVATION.body_weight.v1]/data[at0002]/events[at0003,'Vekt for en måned siden']/data[at0001]/items[at0004]/value","inputs":[{"suffix":"magnitude","type":"DECIMAL","terminology":null,"list":null,"validation":{"range":{"minOp":">=","min":0.0,"maxOp":"<","max":1000.0},"precision":null},"defaultValue":null,"listOpen":false,"threeState":null,"presentation":null,"hideTime":false,"columns":null,"lines":null},{"suffix":"unit","type":"CODED_TEXT","terminology":null,"list":[{"value":"kg","label":"kg","currentStates":null,"validation":{"range":{"minOp":">=","min":0.0,"maxOp":"<","max":1000.0},"precision":null},"ordinal":0,"localizedLabels":{},"localizedDescriptions":{}}],"validation":null,"defaultValue":null,"listOpen":false,"threeState":null,"presentation":null,"hideTime":false,"columns":null,"lines":null}],"formId":"hv_ernaeringrisikovurdering/kroppsvekt/vekt_for_en_måned_siden/kroppsvekt","cardinality":null,"viewConfig":{"multiplicity":null,"advanced":{"hidden":false,"readonly":false,"tags":null},"label":null,"expanded":null,"layout":{"label":{"valign":"inherit","align":"top"},"field":{"valign":"inherit","align":"inherit"}},"size":{"field":"large","label":"inherit"},"datasource":{"loadRemote":false,"loadRemoteUrl":""},"extras":null,"annotations":{"calcid":"TV1"},"field":[{"input":null,"code":null,"hidden":null,"name":null,"formId":null,"type":null}],"tags":[]},"dependsOn":null,"children":null,"inContext":null},{"parent":null,"id":null,"name":"Vekt to mnd siden","localizedName":"Vekt to mnd siden","localizedNames":{"nb":"Vekt to mnd siden"},"localizedDescriptions":{"nb":"Et individs totale kroppsmasse."},"rmType":"DV_QUANTITY","nodeId":"at0004","min":0,"max":1,"aqlPath":"/content[openEHR-EHR-OBSERVATION.body_weight.v1]/data[at0002]/events[at0003,'Vekt for to måneder siden']/data[at0001]/items[at0004]/value","inputs":[{"suffix":"magnitude","type":"DECIMAL","terminology":null,"list":null,"validation":{"range":{"minOp":">=","min":0.0,"maxOp":"<","max":1000.0},"precision":null},"defaultValue":null,"listOpen":false,"threeState":null,"presentation":null,"hideTime":false,"columns":null,"lines":null},{"suffix":"unit","type":"CODED_TEXT","terminology":null,"list":[{"value":"kg","label":"kg","currentStates":null,"validation":{"range":{"minOp":">=","min":0.0,"maxOp":"<","max":1000.0},"precision":null},"ordinal":0,"localizedLabels":{},"localizedDescriptions":{}}],"validation":null,"defaultValue":null,"listOpen":false,"threeState":null,"presentation":null,"hideTime":false,"columns":null,"lines":null}],"formId":"hv_ernaeringrisikovurdering/kroppsvekt/vekt_for_to_måneder_siden/kroppsvekt/value","cardinality":null,"viewConfig":{"multiplicity":null,"advanced":{"hidden":false,"readonly":false,"tags":null},"label":null,"expanded":null,"layout":{"label":{"valign":"inherit","align":"top"},"field":{"valign":"inherit","align":"inherit"}},"size":{"field":"large","label":"inherit"},"datasource":{"loadRemote":false,"loadRemoteUrl":""},"extras":null,"annotations":{"calcId":"TV2"},"field":[{"input":null,"code":null,"hidden":null,"name":null,"formId":null,"type":null}],"tags":[]},"dependsOn":null,"children":null,"inContext":null},{"parent":null,"id":null,"name":"Vekt tre mnd siden","localizedName":"Vekt tre mnd siden","localizedNames":{"nb":"Vekt tre mnd siden"},"localizedDescriptions":{"nb":"Et individs totale kroppsmasse."},"rmType":"DV_QUANTITY","nodeId":"at0004","min":0,"max":1,"aqlPath":"/content[openEHR-EHR-OBSERVATION.body_weight.v1]/data[at0002]/events[at0003,'Vekt for tre måneder siden']/data[at0001]/items[at0004]/value","inputs":[{"suffix":"magnitude","type":"DECIMAL","terminology":null,"list":null,"validation":{"range":{"minOp":">=","min":0.0,"maxOp":"<","max":1000.0},"precision":null},"defaultValue":null,"listOpen":false,"threeState":null,"presentation":null,"hideTime":false,"columns":null,"lines":null},{"suffix":"unit","type":"CODED_TEXT","terminology":null,"list":[{"value":"kg","label":"kg","currentStates":null,"validation":{"range":{"minOp":">=","min":0.0,"maxOp":"<","max":1000.0},"precision":null},"ordinal":0,"localizedLabels":{},"localizedDescriptions":{}}],"validation":null,"defaultValue":null,"listOpen":false,"threeState":null,"presentation":null,"hideTime":false,"columns":null,"lines":null}],"formId":"hv_ernaeringrisikovurdering/kroppsvekt/vekt_for_tre_måneder_siden/kroppsvekt","cardinality":null,"viewConfig":{"multiplicity":null,"advanced":{"hidden":false,"readonly":false,"tags":null},"label":null,"expanded":null,"layout":{"label":{"valign":"inherit","align":"top"},"field":{"valign":"inherit","align":"inherit"}},"size":{"field":"large","label":"inherit"},"datasource":{"loadRemote":false,"loadRemoteUrl":""},"extras":null,"annotations":{"calcid":"TV3"},"field":[{"input":null,"code":null,"hidden":null,"name":null,"formId":null,"type":null}],"tags":[]},"dependsOn":null,"children":null,"inContext":null},{"parent":null,"id":null,"name":"Matinntak siste uken","localizedName":"Matinntak siste uken","localizedNames":{"nb":"Matinntak siste uken"},"localizedDescriptions":{"nb":"Matinntak siste uken, på en skala fra 1-10, det pasienten vanligvis spiser når han/hun er frisk tilsvarer 10."},"rmType":"DV_CODED_TEXT","nodeId":"at0033","min":1,"max":1,"aqlPath":"/content[openEHR-EHR-OBSERVATION.prosentvis_endring_av_vekt_og_matinntak.v3]/data[at0001]/events[at0002]/data[at0003]/items[at0007]/items[at0033]/value","inputs":[{"suffix":"code","type":"CODED_TEXT","terminology":null,"list":[{"value":"at0035","label":"1","currentStates":null,"validation":null,"ordinal":0,"localizedLabels":{"nb":"1"},"localizedDescriptions":{"nb":"1"}},{"value":"at0036","label":"2","currentStates":null,"validation":null,"ordinal":0,"localizedLabels":{"nb":"2"},"localizedDescriptions":{"nb":"2"}},{"value":"at0037","label":"3","currentStates":null,"validation":null,"ordinal":0,"localizedLabels":{"nb":"3"},"localizedDescriptions":{"nb":"3"}},{"value":"at0038","label":"4","currentStates":null,"validation":null,"ordinal":0,"localizedLabels":{"nb":"4"},"localizedDescriptions":{"nb":"4"}},{"value":"at0039","label":"5","currentStates":null,"validation":null,"ordinal":0,"localizedLabels":{"nb":"5"},"localizedDescriptions":{"nb":"5"}},{"value":"at0040","label":"6","currentStates":null,"validation":null,"ordinal":0,"localizedLabels":{"nb":"6"},"localizedDescriptions":{"nb":"6"}},{"value":"at0041","label":"7","currentStates":null,"validation":null,"ordinal":0,"localizedLabels":{"nb":"7"},"localizedDescriptions":{"nb":"7"}},{"value":"at0042","label":"8","currentStates":null,"validation":null,"ordinal":0,"localizedLabels":{"nb":"8"},"localizedDescriptions":{"nb":"8"}},{"value":"at0043","label":"9","currentStates":null,"validation":null,"ordinal":0,"localizedLabels":{"nb":"9"},"localizedDescriptions":{"nb":"9"}},{"value":"at0044","label":"10","currentStates":null,"validation":null,"ordinal":0,"localizedLabels":{"nb":"10"},"localizedDescriptions":{"nb":"10"}}],"validation":null,"defaultValue":null,"listOpen":false,"threeState":null,"presentation":null,"hideTime":false,"columns":null,"lines":null}],"formId":"hv_ernaeringrisikovurdering/prosentvis_endring_av_vekt_og_matinntak/matinntak_endring/matinntak_siste_uken","cardinality":null,"viewConfig":{"multiplicity":null,"advanced":{"hidden":false,"readonly":false,"tags":null},"label":null,"expanded":null,"layout":{"label":{"valign":"inherit","align":"top"},"field":{"valign":"inherit","align":"inherit"}},"size":{"field":"inherit","label":"inherit"},"datasource":{"loadRemote":false,"loadRemoteUrl":""},"extras":null,"annotations":{"calcid":"matinntak"},"field":[{"input":null,"code":{"presentation":"combobox","columns":null},"hidden":null,"name":null,"formId":null,"type":null}],"tags":[]},"dependsOn":null,"children":null,"inContext":null},{"parent":null,"id":null,"name":"Allmenntilstand","localizedName":"Allmenntilstand","localizedNames":{"nb":"Allmenntilstand"},"localizedDescriptions":{"nb":"Allmenntilstand angis her"},"rmType":"DV_CODED_TEXT","nodeId":"at0002","min":1,"max":1,"aqlPath":"/content[openEHR-EHR-EVALUATION.hv_ernaeringsscreening_allmenntilstand.v0]/data[at0001]/items[at0002]/value","inputs":[{"suffix":"code","type":"CODED_TEXT","terminology":null,"list":[{"value":"at0003","label":"Normal","currentStates":null,"validation":null,"ordinal":0,"localizedLabels":{"nb":"Normal"},"localizedDescriptions":{"nb":"Pasienten er i en normal allmenntilstand"}},{"value":"at0004","label":"Redusert","currentStates":null,"validation":null,"ordinal":0,"localizedLabels":{"nb":"Redusert"},"localizedDescriptions":{"nb":"Pasienten har en redusert allmenntilstand"}},{"value":"at0005","label":"Vet ikke/informasjon ikke tilgjengelig","currentStates":null,"validation":null,"ordinal":0,"localizedLabels":{"nb":"Vet ikke/informasjon ikke tilgjengelig"},"localizedDescriptions":{"nb":"Pasientens allmenntilstand er uavklart"}}],"validation":null,"defaultValue":null,"listOpen":false,"threeState":null,"presentation":null,"hideTime":false,"columns":null,"lines":null}],"formId":"hv_ernaeringrisikovurdering/hv_ernaeringsscreening_allmenntilstand/allmenntilstand","cardinality":null,"viewConfig":{"multiplicity":null,"advanced":{"hidden":false,"readonly":false,"tags":null},"label":null,"expanded":null,"layout":{"label":{"valign":"inherit","align":"top"},"field":{"valign":"inherit","align":"inherit"}},"size":{"field":"inherit","label":"inherit"},"datasource":{"loadRemote":false,"loadRemoteUrl":""},"extras":null,"annotations":{"calcid":"allmenntilstand"},"field":[{"input":null,"code":{"presentation":"combobox","columns":null},"hidden":null,"name":null,"formId":null,"type":null}],"tags":[]},"dependsOn":null,"children":null,"inContext":null},{"parent":null,"id":null,"name":"Total score","localizedName":"Total score","localizedNames":{"nb":"Total score"},"localizedDescriptions":{"nb":"Summen av score fra ernæringsstatus, sykdommens alvorlighetsgrad og alder."},"rmType":"DV_COUNT","nodeId":"at0030","min":0,"max":1,"aqlPath":"/content[openEHR-EHR-OBSERVATION.nutritional_risk_screening.v1]/data[at0001]/events[at0002]/data[at0003]/items[at0032]/items[at0030]/value","inputs":[{"suffix":null,"type":"INTEGER","terminology":null,"list":null,"validation":null,"defaultValue":null,"listOpen":false,"threeState":null,"presentation":null,"hideTime":false,"columns":null,"lines":null}],"formId":"hv_ernaeringrisikovurdering/screening_for_ernæringsmessig_risiko/uspesifisert_hendelse/hovedscreening/total_score","cardinality":null,"viewConfig":{"multiplicity":null,"advanced":{"hidden":true,"readonly":false,"tags":null},"label":null,"expanded":null,"layout":{"label":{"valign":"inherit","align":"top"},"field":{"valign":"inherit","align":"inherit"}},"size":{"field":"large","label":"inherit"},"datasource":{"loadRemote":false,"loadRemoteUrl":""},"extras":null,"annotations":{"calc":"totscore+0"},"field":[],"tags":[]},"dependsOn":null,"children":null,"inContext":null},{"parent":null,"id":null,"name":"Økt behov pga sykdom/skade?","localizedName":"Økt behov pga sykdom/skade?","localizedNames":{"nb":"Økt behov pga sykdom/skade?"},"localizedDescriptions":{"nb":"Sykdommens alvorlighetsgrad (≈ økt\nbehov)."},"rmType":"DV_ORDINAL","nodeId":"at0017","min":1,"max":1,"aqlPath":"/content[openEHR-EHR-OBSERVATION.nutritional_risk_screening.v1]/data[at0001]/events[at0002]/data[at0003]/items[at0032]/items[at0017]/value","inputs":[{"suffix":null,"type":"CODED_TEXT","terminology":null,"list":[{"value":"at0022","label":"Normal","currentStates":null,"validation":null,"ordinal":0,"localizedLabels":{"nb":"Normal"},"localizedDescriptions":{"nb":"Normale ernæringsbehov."}},{"value":"at0023","label":"Mild","currentStates":null,"validation":null,"ordinal":1,"localizedLabels":{"nb":"Mild"},"localizedDescriptions":{"nb":"Lårhalsbrudd*, kronisk syke pasienter* spesielt de med akutte komplikasjoner, levercirrose*, KOLS*, kronisk hemodialyse#, diabetes#, kreftsykdommer#."}},{"value":"at0024","label":"Moderat","currentStates":null,"validation":null,"ordinal":2,"localizedLabels":{"nb":"Moderat"},"localizedDescriptions":{"nb":"Omfattende abdominal kirurgi*, slag*, alvorlig lungebetennelse#, maligne blodsykdommer#."}},{"value":"at0025","label":"Alvorlig","currentStates":null,"validation":null,"ordinal":3,"localizedLabels":{"nb":"Alvorlig"},"localizedDescriptions":{"nb":"Hodeskade*, benmargstransplantasjon*, intensivpasienter (APACHE skår>10)."}}],"validation":null,"defaultValue":null,"listOpen":false,"threeState":null,"presentation":null,"hideTime":false,"columns":null,"lines":null}],"formId":"hv_ernaeringrisikovurdering/screening_for_ernæringsmessig_risiko/uspesifisert_hendelse/hovedscreening/sykdommens_alvorlighetsgrad","cardinality":null,"viewConfig":{"multiplicity":null,"advanced":{"hidden":false,"readonly":false,"tags":null},"label":null,"expanded":null,"layout":{"label":{"valign":"inherit","align":"top"},"field":{"valign":"inherit","align":"inherit"}},"size":{"field":"inherit","label":"inherit"},"datasource":{"loadRemote":false,"loadRemoteUrl":""},"extras":null,"annotations":{},"field":[{"input":{"suffix":null,"type":null,"terminology":null,"list":null,"validation":null,"defaultValue":null,"listOpen":false,"threeState":null,"presentation":"combobox","hideTime":false,"columns":null,"lines":null},"code":null,"hidden":null,"name":null,"formId":null,"type":null}],"tags":[]},"dependsOn":null,"children":null,"inContext":null},{"parent":null,"id":null,"name":"Planlagt behandling som vil medføre vekttap","localizedName":"Planlagt behandling som vil medføre vekttap","localizedNames":{"nb":"Planlagt behandling som vil medføre vekttap"},"localizedDescriptions":{"nb":"Planlagt behandling som vil medføre vekttap (omfattende kirurgi, stråling mot hals eller annet)"},"rmType":"DV_CODED_TEXT","nodeId":"at0002","min":1,"max":1,"aqlPath":"/content[openEHR-EHR-EVALUATION.hv_ernaeringsscreening_behandling.v0]/data[at0001]/items[at0002]/value","inputs":[{"suffix":"code","type":"CODED_TEXT","terminology":null,"list":[{"value":"at0005","label":"Nei","currentStates":null,"validation":null,"ordinal":0,"localizedLabels":{"nb":"Nei"},"localizedDescriptions":{"nb":"Det er ikke planlagt behandling som sannsynligvis vil medføre vekttap"}},{"value":"at0004","label":"Ja, omfattende kirurgi, stråling mot fordøyelseskanalen eller annet","currentStates":null,"validation":null,"ordinal":0,"localizedLabels":{"nb":"Ja, omfattende kirurgi, stråling mot fordøyelseskanalen eller annet"},"localizedDescriptions":{"nb":"Ja, omfattende kirurgi, stråling mot fordøyelseskanalen eller annet"}},{"value":"at0006","label":"Vet ikke/informasjon ikke tilgjengelig","currentStates":null,"validation":null,"ordinal":0,"localizedLabels":{"nb":"Vet ikke/informasjon ikke tilgjengelig"},"localizedDescriptions":{"nb":"Vet ikke/informasjon ikke tilgjengelig"}}],"validation":null,"defaultValue":null,"listOpen":false,"threeState":null,"presentation":null,"hideTime":false,"columns":null,"lines":null}],"formId":"hv_ernaeringrisikovurdering/hv_ernaeringsscreening_behandling/planlagt_behandling_som_vil_medføre_vekttap","cardinality":null,"viewConfig":{"multiplicity":null,"advanced":{"hidden":false,"readonly":false,"tags":null},"label":null,"expanded":null,"layout":{"label":{"valign":"inherit","align":"top"},"field":{"valign":"inherit","align":"inherit"}},"size":{"field":"large","label":"inherit"},"datasource":{"loadRemote":false,"loadRemoteUrl":""},"extras":null,"annotations":{"calcid":"behandling"},"field":[{"input":null,"code":{"presentation":"combobox","columns":null},"hidden":null,"name":null,"formId":null,"type":null}],"tags":[]},"dependsOn":null,"children":null,"inContext":null}],"inContext":null},{"parent":null,"id":null,"name":"Risiko eller ufullstendig screening","localizedName":"Risiko eller ufullstendig screening","localizedNames":{"nb":"Risiko eller ufullstendig screening"},"localizedDescriptions":{},"rmType":"GENERIC_FIELDSET","nodeId":null,"min":0,"max":1,"aqlPath":null,"inputs":[{"suffix":null,"type":"TEXT","terminology":null,"list":null,"validation":null,"defaultValue":null,"listOpen":false,"threeState":null,"presentation":null,"hideTime":false,"columns":null,"lines":null}],"formId":"generic-field-87336","cardinality":null,"viewConfig":{"multiplicity":null,"advanced":{"hidden":false,"readonly":false,"tags":null},"label":null,"expanded":null,"layout":{"label":{"valign":"inherit","align":"inherit"},"field":{"valign":"inherit","align":"inherit"}},"size":{"field":"inherit","label":"inherit"},"datasource":null,"extras":null,"annotations":{"alertType":"error"},"field":[],"tags":[]},"dependsOn":null,"children":[],"inContext":null},{"parent":null,"id":null,"name":"Ingen risiko","localizedName":"Ingen risiko","localizedNames":{"nb":"Ingen risiko"},"localizedDescriptions":{},"rmType":"GENERIC_FIELDSET","nodeId":null,"min":0,"max":1,"aqlPath":null,"inputs":[{"suffix":null,"type":"TEXT","terminology":null,"list":null,"validation":null,"defaultValue":null,"listOpen":false,"threeState":null,"presentation":null,"hideTime":false,"columns":null,"lines":null}],"formId":"generic-field-38322","cardinality":null,"viewConfig":{"multiplicity":null,"advanced":{"hidden":false,"readonly":false,"tags":null},"label":null,"expanded":null,"layout":{"label":{"valign":"inherit","align":"inherit"},"field":{"valign":"inherit","align":"inherit"}},"size":{"field":"inherit","label":"inherit"},"datasource":null,"extras":null,"annotations":{"alertType":"success"},"field":[],"tags":[]},"dependsOn":null,"children":[],"inContext":null},{"parent":null,"id":null,"name":"Kalkulasjoner","localizedName":"Kalkulasjoner","localizedNames":{"nb":"Kalkulasjoner"},"localizedDescriptions":{},"rmType":"GENERIC_FIELDSET","nodeId":null,"min":0,"max":1,"aqlPath":null,"inputs":null,"formId":"generic-field-90005","cardinality":null,"viewConfig":{"multiplicity":null,"advanced":{"hidden":true,"readonly":false,"tags":null},"label":null,"expanded":null,"layout":{"label":{"valign":"inherit","align":"top"},"field":{"valign":"inherit","align":"inherit"}},"size":{"field":"inherit","label":"inherit"},"datasource":null,"extras":null,"annotations":{"templateVariable":"[Pas.Alder]"},"field":[],"tags":[]},"dependsOn":null,"children":[{"parent":null,"id":null,"name":"total score aldersjustert","localizedName":"total score aldersjustert","localizedNames":{"nb":"total score aldersjustert"},"localizedDescriptions":{"nb":"*"},"rmType":"DV_COUNT","nodeId":"at0015","min":0,"max":1,"aqlPath":"/content[openEHR-EHR-OBSERVATION.er_kalk_dips.v0]/data[at0001]/events[at0002]/data[at0003]/items[at0015]/value","inputs":[{"suffix":null,"type":"INTEGER","terminology":null,"list":null,"validation":null,"defaultValue":"0","listOpen":false,"threeState":null,"presentation":null,"hideTime":false,"columns":null,"lines":null}],"formId":"hv_ernaeringrisikovurdering/er_kalk_dips/total_score_aldersjustert","cardinality":null,"viewConfig":{"multiplicity":null,"advanced":{"hidden":false,"readonly":false,"tags":null},"label":null,"expanded":null,"layout":{"label":{"valign":"inherit","align":"top"},"field":{"valign":"inherit","align":"inherit"}},"size":{"field":"inherit","label":"inherit"},"datasource":{"loadRemote":false,"loadRemoteUrl":""},"extras":null,"annotations":{"calc":"ATS+BS+SS+MS+AS+BMIS+MAX(vt1s,vt2s,vt3s)","calcid":"totscore"},"field":[],"tags":[]},"dependsOn":null,"children":null,"inContext":null},{"parent":null,"id":null,"name":"Kroppsmasseindeks","localizedName":"Kroppsmasseindeks","localizedNames":{"nb":"Kroppsmasseindeks"},"localizedDescriptions":{"nb":"Indeks som beskriver forholdet mellom vekt og høyde."},"rmType":"DV_QUANTITY","nodeId":"at0004","min":0,"max":1,"aqlPath":"/content[openEHR-EHR-OBSERVATION.body_mass_index.v1]/data[at0001]/events[at0002]/data[at0003]/items[at0004]/value","inputs":[{"suffix":"magnitude","type":"DECIMAL","terminology":null,"list":null,"validation":{"range":{"minOp":">=","min":0.0,"maxOp":"<","max":500.0},"precision":{"min":1,"max":1}},"defaultValue":null,"listOpen":false,"threeState":null,"presentation":null,"hideTime":false,"columns":null,"lines":null},{"suffix":"unit","type":"CODED_TEXT","terminology":null,"list":[{"value":"kg/m2","label":"kg/m2","currentStates":null,"validation":{"range":{"minOp":">=","min":0.0,"maxOp":"<","max":500.0},"precision":{"min":1,"max":1}},"ordinal":0,"localizedLabels":{},"localizedDescriptions":{}}],"validation":null,"defaultValue":"kg/m2","listOpen":false,"threeState":null,"presentation":null,"hideTime":false,"columns":null,"lines":null}],"formId":"hv_ernaeringrisikovurdering/kroppsmasseindeks/uspesifisert_hendelse/kroppsmasseindeks","cardinality":null,"viewConfig":{"multiplicity":null,"advanced":{"hidden":false,"readonly":false,"tags":null},"label":null,"expanded":null,"layout":{"label":{"valign":"inherit","align":"top"},"field":{"valign":"inherit","align":"inherit"}},"size":{"field":"large","label":"inherit"},"datasource":{"loadRemote":false,"loadRemoteUrl":""},"extras":null,"annotations":{"calc":"if(or(isblank(KV), isblank(HL)), null, KV / (HL/100)^2)","calcid":"bmi"},"field":[{"input":null,"code":null,"hidden":null,"name":null,"formId":null,"type":null}],"tags":[]},"dependsOn":null,"children":null,"inContext":null},{"parent":null,"id":null,"name":"vt1 score","localizedName":"vt1 score","localizedNames":{"nb":"vt1 score"},"localizedDescriptions":{"nb":"*"},"rmType":"DV_COUNT","nodeId":"at0012","min":0,"max":1,"aqlPath":"/content[openEHR-EHR-OBSERVATION.er_kalk_dips.v0]/data[at0001]/events[at0002]/data[at0003]/items[at0012]/value","inputs":[{"suffix":null,"type":"INTEGER","terminology":null,"list":null,"validation":null,"defaultValue":"0","listOpen":false,"threeState":null,"presentation":null,"hideTime":false,"columns":null,"lines":null}],"formId":"hv_ernaeringrisikovurdering/er_kalk_dips/vt1_score","cardinality":null,"viewConfig":{"multiplicity":null,"advanced":{"hidden":false,"readonly":false,"tags":null},"label":null,"expanded":null,"layout":{"label":{"valign":"inherit","align":"top"},"field":{"valign":"inherit","align":"inherit"}},"size":{"field":"inherit","label":"inherit"},"datasource":{"loadRemote":false,"loadRemoteUrl":""},"extras":null,"annotations":{"calcid":"vt1s"},"field":[],"tags":[]},"dependsOn":null,"children":null,"inContext":null},{"parent":null,"id":null,"name":"vt2 score","localizedName":"vt2 score","localizedNames":{"nb":"vt2 score"},"localizedDescriptions":{"nb":"*"},"rmType":"DV_COUNT","nodeId":"at0013","min":0,"max":1,"aqlPath":"/content[openEHR-EHR-OBSERVATION.er_kalk_dips.v0]/data[at0001]/events[at0002]/data[at0003]/items[at0013]/value","inputs":[{"suffix":null,"type":"INTEGER","terminology":null,"list":null,"validation":null,"defaultValue":"0","listOpen":false,"threeState":null,"presentation":null,"hideTime":false,"columns":null,"lines":null}],"formId":"hv_ernaeringrisikovurdering/er_kalk_dips/vt2_score","cardinality":null,"viewConfig":{"multiplicity":null,"advanced":{"hidden":false,"readonly":false,"tags":null},"label":null,"expanded":null,"layout":{"label":{"valign":"inherit","align":"top"},"field":{"valign":"inherit","align":"inherit"}},"size":{"field":"inherit","label":"inherit"},"datasource":{"loadRemote":false,"loadRemoteUrl":""},"extras":null,"annotations":{"calcid":"vt2s"},"field":[],"tags":[]},"dependsOn":null,"children":null,"inContext":null},{"parent":null,"id":null,"name":"vt3 score","localizedName":"vt3 score","localizedNames":{"nb":"vt3 score"},"localizedDescriptions":{"nb":"*"},"rmType":"DV_COUNT","nodeId":"at0014","min":0,"max":1,"aqlPath":"/content[openEHR-EHR-OBSERVATION.er_kalk_dips.v0]/data[at0001]/events[at0002]/data[at0003]/items[at0014]/value","inputs":[{"suffix":null,"type":"INTEGER","terminology":null,"list":null,"validation":null,"defaultValue":"0","listOpen":false,"threeState":null,"presentation":null,"hideTime":false,"columns":null,"lines":null}],"formId":"hv_ernaeringrisikovurdering/er_kalk_dips/vt3_score","cardinality":null,"viewConfig":{"multiplicity":null,"advanced":{"hidden":false,"readonly":false,"tags":null},"label":null,"expanded":null,"layout":{"label":{"valign":"inherit","align":"top"},"field":{"valign":"inherit","align":"inherit"}},"size":{"field":"inherit","label":"inherit"},"datasource":{"loadRemote":false,"loadRemoteUrl":""},"extras":null,"annotations":{"calcid":"vt3s"},"field":[],"tags":[]},"dependsOn":null,"children":null,"inContext":null},{"parent":null,"id":null,"name":"sykdommens alvorlighet score","localizedName":"sykdommens alvorlighet score","localizedNames":{"nb":"sykdommens alvorlighet score"},"localizedDescriptions":{"nb":"*"},"rmType":"DV_COUNT","nodeId":"at0011","min":0,"max":1,"aqlPath":"/content[openEHR-EHR-OBSERVATION.er_kalk_dips.v0]/data[at0001]/events[at0002]/data[at0003]/items[at0011]/value","inputs":[{"suffix":null,"type":"INTEGER","terminology":null,"list":null,"validation":null,"defaultValue":"3","listOpen":false,"threeState":null,"presentation":null,"hideTime":false,"columns":null,"lines":null}],"formId":"hv_ernaeringrisikovurdering/er_kalk_dips/sykdommens_alvorlighet_score","cardinality":null,"viewConfig":{"multiplicity":null,"advanced":{"hidden":false,"readonly":false,"tags":null},"label":null,"expanded":null,"layout":{"label":{"valign":"inherit","align":"top"},"field":{"valign":"inherit","align":"inherit"}},"size":{"field":"inherit","label":"inherit"},"datasource":{"loadRemote":false,"loadRemoteUrl":""},"extras":null,"annotations":{"calcid":"SS"},"field":[],"tags":[]},"dependsOn":null,"children":null,"inContext":null},{"parent":null,"id":null,"name":"behandling score","localizedName":"behandling score","localizedNames":{"nb":"behandling score"},"localizedDescriptions":{"nb":"*"},"rmType":"DV_COUNT","nodeId":"at0009","min":0,"max":1,"aqlPath":"/content[openEHR-EHR-OBSERVATION.er_kalk_dips.v0]/data[at0001]/events[at0002]/data[at0003]/items[at0009]/value","inputs":[{"suffix":null,"type":"INTEGER","terminology":null,"list":null,"validation":null,"defaultValue":"3","listOpen":false,"threeState":null,"presentation":null,"hideTime":false,"columns":null,"lines":null}],"formId":"hv_ernaeringrisikovurdering/er_kalk_dips/behandling_score","cardinality":null,"viewConfig":{"multiplicity":null,"advanced":{"hidden":false,"readonly":false,"tags":null},"label":null,"expanded":null,"layout":{"label":{"valign":"inherit","align":"top"},"field":{"valign":"inherit","align":"inherit"}},"size":{"field":"inherit","label":"inherit"},"datasource":{"loadRemote":false,"loadRemoteUrl":""},"extras":null,"annotations":{"calcid":"BS"},"field":[],"tags":[]},"dependsOn":null,"children":null,"inContext":null},{"parent":null,"id":null,"name":"allmenntilstand bmi score","localizedName":"allmenntilstand bmi score","localizedNames":{"nb":"allmenntilstand bmi score"},"localizedDescriptions":{"nb":"*"},"rmType":"DV_COUNT","nodeId":"at0010","min":0,"max":1,"aqlPath":"/content[openEHR-EHR-OBSERVATION.er_kalk_dips.v0]/data[at0001]/events[at0002]/data[at0003]/items[at0010]/value","inputs":[{"suffix":null,"type":"INTEGER","terminology":null,"list":null,"validation":null,"defaultValue":"3","listOpen":false,"threeState":null,"presentation":null,"hideTime":false,"columns":null,"lines":null}],"formId":"hv_ernaeringrisikovurdering/er_kalk_dips/allmenntilstand_bmi_score","cardinality":null,"viewConfig":{"multiplicity":null,"advanced":{"hidden":false,"readonly":false,"tags":null},"label":null,"expanded":null,"layout":{"label":{"valign":"inherit","align":"top"},"field":{"valign":"inherit","align":"inherit"}},"size":{"field":"inherit","label":"inherit"},"datasource":{"loadRemote":false,"loadRemoteUrl":""},"extras":null,"annotations":{"calcid":"ATS"},"field":[],"tags":[]},"dependsOn":null,"children":null,"inContext":null},{"parent":null,"id":null,"name":"Pasientens alder ved screening","localizedName":"Pasientens alder ved screening","localizedNames":{"nb":"Pasientens alder ved screening"},"localizedDescriptions":{"nb":"*"},"rmType":"DV_COUNT","nodeId":"at0004","min":0,"max":1,"aqlPath":"/content[openEHR-EHR-OBSERVATION.er_kalk_dips.v0]/data[at0001]/events[at0002]/data[at0003]/items[at0004]/value","inputs":[{"suffix":null,"type":"INTEGER","terminology":null,"list":null,"validation":null,"defaultValue":"70","listOpen":false,"threeState":null,"presentation":null,"hideTime":false,"columns":null,"lines":null}],"formId":"hv_ernaeringrisikovurdering/er_kalk_dips/alder_ved_screening","cardinality":null,"viewConfig":{"multiplicity":null,"advanced":{"hidden":false,"readonly":false,"tags":null},"label":null,"expanded":null,"layout":{"label":{"valign":"inherit","align":"top"},"field":{"valign":"inherit","align":"inherit"}},"size":{"field":"inherit","label":"inherit"},"datasource":{"loadRemote":false,"loadRemoteUrl":""},"extras":null,"annotations":{"templateVariable":"[Pas.Alder]","calcId":"PAL"},"field":[],"tags":null},"dependsOn":null,"children":null,"inContext":null},{"parent":null,"id":null,"name":"Risikoangivelse","localizedName":"Risikoangivelse","localizedNames":{"nb":"Risikoangivelse"},"localizedDescriptions":{"nb":"*"},"rmType":"DV_CODED_TEXT","nodeId":"at0018","min":0,"max":1,"aqlPath":"/content[openEHR-EHR-OBSERVATION.er_kalk_dips.v0]/data[at0001]/events[at0002]/data[at0003]/items[at0018]/value","inputs":[{"suffix":"code","type":"CODED_TEXT","terminology":null,"list":[{"value":"at0019","label":"Risiko","currentStates":null,"validation":null,"ordinal":0,"localizedLabels":{"nb":"Risiko"},"localizedDescriptions":{"nb":"Risiko"}},{"value":"at0020","label":"Ikke risiko","currentStates":null,"validation":null,"ordinal":0,"localizedLabels":{"nb":"Ikke risiko"},"localizedDescriptions":{"nb":"Ikke risiko"}},{"value":"at0021","label":"Pasienten er i ernæringsmessig svikt eller uavklart","currentStates":null,"validation":null,"ordinal":0,"localizedLabels":{"nb":"Pasienten er i ernæringsmessig svikt eller uavklart"},"localizedDescriptions":{"nb":"Pasienten er i ernæringsmessig svikt eller uavklart"}}],"validation":null,"defaultValue":"at0019","listOpen":false,"threeState":null,"presentation":null,"hideTime":false,"columns":null,"lines":null}],"formId":"hv_ernaeringrisikovurdering/er_kalk_dips/risikoangivelse","cardinality":null,"viewConfig":{"multiplicity":null,"advanced":null,"label":null,"expanded":null,"layout":{"label":null,"field":{"valign":"inherit","align":"inherit"}},"size":{"field":"inherit","label":"inherit"},"datasource":{"loadRemote":false,"loadRemoteUrl":""},"extras":null,"annotations":{},"field":[{"input":null,"code":{"presentation":"combobox","columns":null},"hidden":null,"name":null,"formId":null,"type":null}],"tags":null},"dependsOn":null,"children":null,"inContext":null},{"parent":null,"id":null,"name":"Alders Score","localizedName":"Alders Score","localizedNames":{"nb":"Alders Score"},"localizedDescriptions":{"nb":"*"},"rmType":"DV_COUNT","nodeId":"at0016","min":0,"max":1,"aqlPath":"/content[openEHR-EHR-OBSERVATION.er_kalk_dips.v0]/data[at0001]/events[at0002]/data[at0003]/items[at0016]/value","inputs":[{"suffix":null,"type":"INTEGER","terminology":null,"list":null,"validation":null,"defaultValue":"0","listOpen":false,"threeState":null,"presentation":null,"hideTime":false,"columns":null,"lines":null}],"formId":"hv_ernaeringrisikovurdering/er_kalk_dips/alders_score","cardinality":null,"viewConfig":{"multiplicity":null,"advanced":{"hidden":false,"readonly":false,"tags":null},"label":null,"expanded":null,"layout":{"label":{"valign":"inherit","align":"top"},"field":{"valign":"inherit","align":"inherit"}},"size":{"field":"inherit","label":"inherit"},"datasource":{"loadRemote":false,"loadRemoteUrl":""},"extras":null,"annotations":{"calcid":"AS","calc":"if(PAL>69,1,0)"},"field":[],"tags":[]},"dependsOn":null,"children":null,"inContext":null},{"parent":null,"id":null,"name":"BMI Score","localizedName":"BMI Score","localizedNames":{"nb":"BMI Score"},"localizedDescriptions":{"nb":"*"},"rmType":"DV_COUNT","nodeId":"at0017","min":0,"max":1,"aqlPath":"/content[openEHR-EHR-OBSERVATION.er_kalk_dips.v0]/data[at0001]/events[at0002]/data[at0003]/items[at0017]/value","inputs":[{"suffix":null,"type":"INTEGER","terminology":null,"list":null,"validation":null,"defaultValue":"3","listOpen":false,"threeState":null,"presentation":null,"hideTime":false,"columns":null,"lines":null}],"formId":"hv_ernaeringrisikovurdering/er_kalk_dips/bmi_score","cardinality":null,"viewConfig":{"multiplicity":null,"advanced":{"hidden":false,"readonly":false,"tags":null},"label":null,"expanded":null,"layout":{"label":{"valign":"inherit","align":"top"},"field":{"valign":"inherit","align":"inherit"}},"size":{"field":"inherit","label":"inherit"},"datasource":{"loadRemote":false,"loadRemoteUrl":""},"extras":null,"annotations":{"calcid":"BMIS"},"field":[],"tags":[]},"dependsOn":null,"children":null,"inContext":null},{"parent":null,"id":null,"name":"matinntak score","localizedName":"matinntak score","localizedNames":{"nb":"matinntak score"},"localizedDescriptions":{"nb":"*"},"rmType":"DV_COUNT","nodeId":"at0008","min":0,"max":1,"aqlPath":"/content[openEHR-EHR-OBSERVATION.er_kalk_dips.v0]/data[at0001]/events[at0002]/data[at0003]/items[at0008]/value","inputs":[{"suffix":null,"type":"INTEGER","terminology":null,"list":null,"validation":null,"defaultValue":"3","listOpen":false,"threeState":null,"presentation":null,"hideTime":false,"columns":null,"lines":null}],"formId":"hv_ernaeringrisikovurdering/er_kalk_dips/matinntak_score","cardinality":null,"viewConfig":{"multiplicity":null,"advanced":{"hidden":false,"readonly":false,"tags":null},"label":null,"expanded":null,"layout":{"label":{"valign":"inherit","align":"top"},"field":{"valign":"inherit","align":"inherit"}},"size":{"field":"inherit","label":"inherit"},"datasource":{"loadRemote":false,"loadRemoteUrl":""},"extras":null,"annotations":{"calcid":"MS"},"field":[],"tags":[]},"dependsOn":null,"children":null,"inContext":null},{"parent":null,"id":null,"name":"vt1","localizedName":"vt1","localizedNames":{"nb":"vt1"},"localizedDescriptions":{"nb":"*"},"rmType":"DV_COUNT","nodeId":"at0005","min":0,"max":1,"aqlPath":"/content[openEHR-EHR-OBSERVATION.er_kalk_dips.v0]/data[at0001]/events[at0002]/data[at0003]/items[at0005]/value","inputs":[{"suffix":null,"type":"INTEGER","terminology":null,"list":null,"validation":null,"defaultValue":"0","listOpen":false,"threeState":null,"presentation":null,"hideTime":false,"columns":null,"lines":null}],"formId":"hv_ernaeringrisikovurdering/er_kalk_dips/vt1","cardinality":null,"viewConfig":{"multiplicity":null,"advanced":{"hidden":false,"readonly":false,"tags":null},"label":null,"expanded":null,"layout":{"label":{"valign":"inherit","align":"top"},"field":{"valign":"inherit","align":"inherit"}},"size":{"field":"inherit","label":"inherit"},"datasource":{"loadRemote":false,"loadRemoteUrl":""},"extras":null,"annotations":{"calc":"round(if(or(isblank(KV), isblank(TV1)), null, (TV1-KV)/TV1*100), 2)","calcId":"vt1"},"field":[],"tags":[]},"dependsOn":null,"children":null,"inContext":null},{"parent":null,"id":null,"name":"vt2","localizedName":"vt2","localizedNames":{"nb":"vt2"},"localizedDescriptions":{"nb":"*"},"rmType":"DV_COUNT","nodeId":"at0006","min":0,"max":1,"aqlPath":"/content[openEHR-EHR-OBSERVATION.er_kalk_dips.v0]/data[at0001]/events[at0002]/data[at0003]/items[at0006]/value","inputs":[{"suffix":null,"type":"INTEGER","terminology":null,"list":null,"validation":null,"defaultValue":"0","listOpen":false,"threeState":null,"presentation":null,"hideTime":false,"columns":null,"lines":null}],"formId":"hv_ernaeringrisikovurdering/er_kalk_dips/vt2","cardinality":null,"viewConfig":{"multiplicity":null,"advanced":{"hidden":false,"readonly":false,"tags":null},"label":null,"expanded":null,"layout":{"label":{"valign":"inherit","align":"inherit"},"field":{"valign":"inherit","align":"inherit"}},"size":{"field":"inherit","label":"inherit"},"datasource":{"loadRemote":false,"loadRemoteUrl":""},"extras":null,"annotations":{"calc":"round(if(or(isblank(KV), isblank(TV2)), null, (TV2-KV)/TV2*100), 2)","calcId":"vt2"},"field":[],"tags":[]},"dependsOn":null,"children":null,"inContext":null},{"parent":null,"id":null,"name":"vt3","localizedName":"vt3","localizedNames":{"nb":"vt3"},"localizedDescriptions":{"nb":"*"},"rmType":"DV_COUNT","nodeId":"at0007","min":0,"max":1,"aqlPath":"/content[openEHR-EHR-OBSERVATION.er_kalk_dips.v0]/data[at0001]/events[at0002]/data[at0003]/items[at0007]/value","inputs":[{"suffix":null,"type":"INTEGER","terminology":null,"list":null,"validation":null,"defaultValue":"0","listOpen":false,"threeState":null,"presentation":null,"hideTime":false,"columns":null,"lines":null}],"formId":"hv_ernaeringrisikovurdering/er_kalk_dips/vt3","cardinality":null,"viewConfig":{"multiplicity":null,"advanced":{"hidden":false,"readonly":false,"tags":null},"label":null,"expanded":null,"layout":{"label":{"valign":"inherit","align":"inherit"},"field":{"valign":"inherit","align":"inherit"}},"size":{"field":"inherit","label":"inherit"},"datasource":{"loadRemote":false,"loadRemoteUrl":""},"extras":null,"annotations":{"calc":"round(if(or(isblank(KV), isblank(TV3)), null, (TV3-KV)/TV3*100), 2)","calcId":"vt3"},"field":[],"tags":[]},"dependsOn":null,"children":null,"inContext":null}],"inContext":null}],"inContext":null}