[{"field":"hv_ernaeringrisikovurdering/kroppsmasseindeks/uspesifisert_hendelse/kroppsmasseindeks","conditions":[{"operator":"gt","value":{"value":null,"code":null,"magnitude":"20.5","unit":"kg/m2","numerator":null,"denominator":null,"undefined":null,"id":null,"type":null,"issuer":null,"assigner":null,"year":null,"month":null,"week":null,"day":null,"hour":null,"minute":null,"second":null},"actions":[{"action":"set","target":"hv_ernaeringrisikovurdering/er_kalk_dips/bmi_score","value":{"value":"0","code":null,"magnitude":null,"unit":null,"numerator":null,"denominator":null,"undefined":null,"id":null,"type":null,"issuer":null,"assigner":null,"year":null,"month":null,"week":null,"day":null,"hour":null,"minute":null,"second":null}}]},{"operator":"lt","value":{"value":null,"code":null,"magnitude":"20.5","unit":"kg/m2","numerator":null,"denominator":null,"undefined":null,"id":null,"type":null,"issuer":null,"assigner":null,"year":null,"month":null,"week":null,"day":null,"hour":null,"minute":null,"second":null},"actions":[{"action":"set","target":"hv_ernaeringrisikovurdering/er_kalk_dips/bmi_score","value":{"value":"1","code":null,"magnitude":null,"unit":null,"numerator":null,"denominator":null,"undefined":null,"id":null,"type":null,"issuer":null,"assigner":null,"year":null,"month":null,"week":null,"day":null,"hour":null,"minute":null,"second":null}}]},{"operator":"lt","value":{"value":null,"code":null,"magnitude":"18","unit":"kg/m2","numerator":null,"denominator":null,"undefined":null,"id":null,"type":null,"issuer":null,"assigner":null,"year":null,"month":null,"week":null,"day":null,"hour":null,"minute":null,"second":null},"actions":[{"action":"set","target":"hv_ernaeringrisikovurdering/er_kalk_dips/bmi_score","value":{"value":"2","code":null,"magnitude":null,"unit":null,"numerator":null,"denominator":null,"undefined":null,"id":null,"type":null,"issuer":null,"assigner":null,"year":null,"month":null,"week":null,"day":null,"hour":null,"minute":null,"second":null}}]},{"operator":"empty","value":null,"actions":[{"action":"clear","target":"hv_ernaeringrisikovurdering/er_kalk_dips/bmi_score","value":{"value":"2","code":null,"magnitude":null,"unit":null,"numerator":null,"denominator":null,"undefined":null,"id":null,"type":null,"issuer":null,"assigner":null,"year":null,"month":null,"week":null,"day":null,"hour":null,"minute":null,"second":null}}]}]},{"field":"hv_ernaeringrisikovurdering/hv_ernaeringsscreening_behandling/planlagt_behandling_som_vil_medføre_vekttap","conditions":[{"operator":"equals","value":{"value":null,"code":"at0004","magnitude":null,"unit":null,"numerator":null,"denominator":null,"undefined":null,"id":null,"type":null,"issuer":null,"assigner":null,"year":null,"month":null,"week":null,"day":null,"hour":null,"minute":null,"second":null},"actions":[{"action":"set","target":"hv_ernaeringrisikovurdering/er_kalk_dips/behandling_score","value":{"value":"3","code":null,"magnitude":null,"unit":null,"numerator":null,"denominator":null,"undefined":null,"id":null,"type":null,"issuer":null,"assigner":null,"year":null,"month":null,"week":null,"day":null,"hour":null,"minute":null,"second":null}}]},{"operator":"notequals","value":{"value":null,"code":"at0004","magnitude":null,"unit":null,"numerator":null,"denominator":null,"undefined":null,"id":null,"type":null,"issuer":null,"assigner":null,"year":null,"month":null,"week":null,"day":null,"hour":null,"minute":null,"second":null},"actions":[{"action":"set","target":"hv_ernaeringrisikovurdering/er_kalk_dips/behandling_score","value":{"value":"0","code":null,"magnitude":null,"unit":null,"numerator":null,"denominator":null,"undefined":null,"id":null,"type":null,"issuer":null,"assigner":null,"year":null,"month":null,"week":null,"day":null,"hour":null,"minute":null,"second":null}}]},{"operator":"empty","value":null,"actions":[{"action":"reset","target":"hv_ernaeringrisikovurdering/er_kalk_dips/behandling_score","value":{"value":"3","code":null,"magnitude":null,"unit":null,"numerator":null,"denominator":null,"undefined":null,"id":null,"type":null,"issuer":null,"assigner":null,"year":null,"month":null,"week":null,"day":null,"hour":null,"minute":null,"second":null}},{"action":"set","target":"hv_ernaeringrisikovurdering/er_kalk_dips/risikoangivelse","value":{"value":null,"code":"at0019","magnitude":null,"unit":null,"numerator":null,"denominator":null,"undefined":null,"id":null,"type":null,"issuer":null,"assigner":null,"year":null,"month":null,"week":null,"day":null,"hour":null,"minute":null,"second":null}}]}]},{"field":"hv_ernaeringrisikovurdering/prosentvis_endring_av_vekt_og_matinntak/matinntak_endring/matinntak_siste_uken","conditions":[{"operator":"empty","value":null,"actions":[{"action":"reset","target":"hv_ernaeringrisikovurdering/er_kalk_dips/matinntak_score","value":{"value":"0","code":null,"magnitude":null,"unit":null,"numerator":null,"denominator":null,"undefined":null,"id":null,"type":null,"issuer":null,"assigner":null,"year":null,"month":null,"week":null,"day":null,"hour":null,"minute":null,"second":null}},{"action":"set","target":"hv_ernaeringrisikovurdering/er_kalk_dips/risikoangivelse","value":{"value":null,"code":"at0019","magnitude":null,"unit":null,"numerator":null,"denominator":null,"undefined":null,"id":null,"type":null,"issuer":null,"assigner":null,"year":null,"month":null,"week":null,"day":null,"hour":null,"minute":null,"second":null}}]},{"operator":"equals","value":{"value":null,"code":"at0035","magnitude":null,"unit":null,"numerator":null,"denominator":null,"undefined":null,"id":null,"type":null,"issuer":null,"assigner":null,"year":null,"month":null,"week":null,"day":null,"hour":null,"minute":null,"second":null},"actions":[{"action":"set","target":"hv_ernaeringrisikovurdering/er_kalk_dips/matinntak_score","value":{"value":"3","code":null,"magnitude":null,"unit":null,"numerator":null,"denominator":null,"undefined":null,"id":null,"type":null,"issuer":null,"assigner":null,"year":null,"month":null,"week":null,"day":null,"hour":null,"minute":null,"second":null}}]},{"operator":"equals","value":{"value":null,"code":"at0036","magnitude":null,"unit":null,"numerator":null,"denominator":null,"undefined":null,"id":null,"type":null,"issuer":null,"assigner":null,"year":null,"month":null,"week":null,"day":null,"hour":null,"minute":null,"second":null},"actions":[{"action":"set","target":"hv_ernaeringrisikovurdering/er_kalk_dips/matinntak_score","value":{"value":"3","code":null,"magnitude":null,"unit":null,"numerator":null,"denominator":null,"undefined":null,"id":null,"type":null,"issuer":null,"assigner":null,"year":null,"month":null,"week":null,"day":null,"hour":null,"minute":null,"second":null}}]},{"operator":"equals","value":{"value":null,"code":"at0037","magnitude":null,"unit":null,"numerator":null,"denominator":null,"undefined":null,"id":null,"type":null,"issuer":null,"assigner":null,"year":null,"month":null,"week":null,"day":null,"hour":null,"minute":null,"second":null},"actions":[{"action":"set","target":"hv_ernaeringrisikovurdering/er_kalk_dips/matinntak_score","value":{"value":"3","code":null,"magnitude":null,"unit":null,"numerator":null,"denominator":null,"undefined":null,"id":null,"type":null,"issuer":null,"assigner":null,"year":null,"month":null,"week":null,"day":null,"hour":null,"minute":null,"second":null}}]},{"operator":"equals","value":{"value":null,"code":"at0038","magnitude":null,"unit":null,"numerator":null,"denominator":null,"undefined":null,"id":null,"type":null,"issuer":null,"assigner":null,"year":null,"month":null,"week":null,"day":null,"hour":null,"minute":null,"second":null},"actions":[{"action":"set","target":"hv_ernaeringrisikovurdering/er_kalk_dips/matinntak_score","value":{"value":"2","code":null,"magnitude":null,"unit":null,"numerator":null,"denominator":null,"undefined":null,"id":null,"type":null,"issuer":null,"assigner":null,"year":null,"month":null,"week":null,"day":null,"hour":null,"minute":null,"second":null}}]},{"operator":"equals","value":{"value":null,"code":"at0039","magnitude":null,"unit":null,"numerator":null,"denominator":null,"undefined":null,"id":null,"type":null,"issuer":null,"assigner":null,"year":null,"month":null,"week":null,"day":null,"hour":null,"minute":null,"second":null},"actions":[{"action":"set","target":"hv_ernaeringrisikovurdering/er_kalk_dips/matinntak_score","value":{"value":"2","code":null,"magnitude":null,"unit":null,"numerator":null,"denominator":null,"undefined":null,"id":null,"type":null,"issuer":null,"assigner":null,"year":null,"month":null,"week":null,"day":null,"hour":null,"minute":null,"second":null}}]},{"operator":"equals","value":{"value":null,"code":"at0040","magnitude":null,"unit":null,"numerator":null,"denominator":null,"undefined":null,"id":null,"type":null,"issuer":null,"assigner":null,"year":null,"month":null,"week":null,"day":null,"hour":null,"minute":null,"second":null},"actions":[{"action":"set","target":"hv_ernaeringrisikovurdering/er_kalk_dips/matinntak_score","value":{"value":"1","code":null,"magnitude":null,"unit":null,"numerator":null,"denominator":null,"undefined":null,"id":null,"type":null,"issuer":null,"assigner":null,"year":null,"month":null,"week":null,"day":null,"hour":null,"minute":null,"second":null}}]},{"operator":"equals","value":{"value":null,"code":"at0041","magnitude":null,"unit":null,"numerator":null,"denominator":null,"undefined":null,"id":null,"type":null,"issuer":null,"assigner":null,"year":null,"month":null,"week":null,"day":null,"hour":null,"minute":null,"second":null},"actions":[{"action":"set","target":"hv_ernaeringrisikovurdering/er_kalk_dips/matinntak_score","value":{"value":"1","code":null,"magnitude":null,"unit":null,"numerator":null,"denominator":null,"undefined":null,"id":null,"type":null,"issuer":null,"assigner":null,"year":null,"month":null,"week":null,"day":null,"hour":null,"minute":null,"second":null}}]},{"operator":"equals","value":{"value":null,"code":"at0042","magnitude":null,"unit":null,"numerator":null,"denominator":null,"undefined":null,"id":null,"type":null,"issuer":null,"assigner":null,"year":null,"month":null,"week":null,"day":null,"hour":null,"minute":null,"second":null},"actions":[{"action":"set","target":"hv_ernaeringrisikovurdering/er_kalk_dips/matinntak_score","value":{"value":"1","code":null,"magnitude":null,"unit":null,"numerator":null,"denominator":null,"undefined":null,"id":null,"type":null,"issuer":null,"assigner":null,"year":null,"month":null,"week":null,"day":null,"hour":null,"minute":null,"second":null}}]},{"operator":"equals","value":{"value":null,"code":"at0043","magnitude":null,"unit":null,"numerator":null,"denominator":null,"undefined":null,"id":null,"type":null,"issuer":null,"assigner":null,"year":null,"month":null,"week":null,"day":null,"hour":null,"minute":null,"second":null},"actions":[{"action":"set","target":"hv_ernaeringrisikovurdering/er_kalk_dips/matinntak_score","value":{"value":"0","code":null,"magnitude":null,"unit":null,"numerator":null,"denominator":null,"undefined":null,"id":null,"type":null,"issuer":null,"assigner":null,"year":null,"month":null,"week":null,"day":null,"hour":null,"minute":null,"second":null}}]},{"operator":"equals","value":{"value":null,"code":"at0044","magnitude":null,"unit":null,"numerator":null,"denominator":null,"undefined":null,"id":null,"type":null,"issuer":null,"assigner":null,"year":null,"month":null,"week":null,"day":null,"hour":null,"minute":null,"second":null},"actions":[{"action":"set","target":"hv_ernaeringrisikovurdering/er_kalk_dips/matinntak_score","value":{"value":"0","code":null,"magnitude":null,"unit":null,"numerator":null,"denominator":null,"undefined":null,"id":null,"type":null,"issuer":null,"assigner":null,"year":null,"month":null,"week":null,"day":null,"hour":null,"minute":null,"second":null}}]}]},{"field":"hv_ernaeringrisikovurdering/er_kalk_dips/vt1","conditions":[{"operator":"gt","value":{"value":"5","code":null,"magnitude":null,"unit":null,"numerator":null,"denominator":null,"undefined":null,"id":null,"type":null,"issuer":null,"assigner":null,"year":null,"month":null,"week":null,"day":null,"hour":null,"minute":null,"second":null},"actions":[{"action":"set","target":"hv_ernaeringrisikovurdering/er_kalk_dips/vt1_score","value":{"value":"3","code":null,"magnitude":null,"unit":null,"numerator":null,"denominator":null,"undefined":null,"id":null,"type":null,"issuer":null,"assigner":null,"year":null,"month":null,"week":null,"day":null,"hour":null,"minute":null,"second":null}}]},{"operator":"le","value":{"value":"5","code":null,"magnitude":null,"unit":null,"numerator":null,"denominator":null,"undefined":null,"id":null,"type":null,"issuer":null,"assigner":null,"year":null,"month":null,"week":null,"day":null,"hour":null,"minute":null,"second":null},"actions":[{"action":"set","target":"hv_ernaeringrisikovurdering/er_kalk_dips/vt1_score","value":{"value":"0","code":null,"magnitude":null,"unit":null,"numerator":null,"denominator":null,"undefined":null,"id":null,"type":null,"issuer":null,"assigner":null,"year":null,"month":null,"week":null,"day":null,"hour":null,"minute":null,"second":null}}]},{"operator":"empty","value":null,"actions":[{"action":"set","target":"hv_ernaeringrisikovurdering/er_kalk_dips/vt1_score","value":{"value":"0","code":null,"magnitude":null,"unit":null,"numerator":null,"denominator":null,"undefined":null,"id":null,"type":null,"issuer":null,"assigner":null,"year":null,"month":null,"week":null,"day":null,"hour":null,"minute":null,"second":null}}]}]},{"field":"hv_ernaeringrisikovurdering/er_kalk_dips/vt2","conditions":[{"operator":"gt","value":{"value":"5","code":null,"magnitude":null,"unit":null,"numerator":null,"denominator":null,"undefined":null,"id":null,"type":null,"issuer":null,"assigner":null,"year":null,"month":null,"week":null,"day":null,"hour":null,"minute":null,"second":null},"actions":[{"action":"set","target":"hv_ernaeringrisikovurdering/er_kalk_dips/vt2_score","value":{"value":"2","code":null,"magnitude":null,"unit":null,"numerator":null,"denominator":null,"undefined":null,"id":null,"type":null,"issuer":null,"assigner":null,"year":null,"month":null,"week":null,"day":null,"hour":null,"minute":null,"second":null}}]},{"operator":"le","value":{"value":"5","code":null,"magnitude":null,"unit":null,"numerator":null,"denominator":null,"undefined":null,"id":null,"type":null,"issuer":null,"assigner":null,"year":null,"month":null,"week":null,"day":null,"hour":null,"minute":null,"second":null},"actions":[{"action":"set","target":"hv_ernaeringrisikovurdering/er_kalk_dips/vt2_score","value":{"value":"0","code":null,"magnitude":null,"unit":null,"numerator":null,"denominator":null,"undefined":null,"id":null,"type":null,"issuer":null,"assigner":null,"year":null,"month":null,"week":null,"day":null,"hour":null,"minute":null,"second":null}}]},{"operator":"empty","value":null,"actions":[{"action":"set","target":"hv_ernaeringrisikovurdering/er_kalk_dips/vt2_score","value":{"value":"0","code":null,"magnitude":null,"unit":null,"numerator":null,"denominator":null,"undefined":null,"id":null,"type":null,"issuer":null,"assigner":null,"year":null,"month":null,"week":null,"day":null,"hour":null,"minute":null,"second":null}}]}]},{"field":"hv_ernaeringrisikovurdering/er_kalk_dips/vt3","conditions":[{"operator":"gt","value":{"value":"5","code":null,"magnitude":null,"unit":null,"numerator":null,"denominator":null,"undefined":null,"id":null,"type":null,"issuer":null,"assigner":null,"year":null,"month":null,"week":null,"day":null,"hour":null,"minute":null,"second":null},"actions":[{"action":"set","target":"hv_ernaeringrisikovurdering/er_kalk_dips/vt3_score","value":{"value":"1","code":null,"magnitude":null,"unit":null,"numerator":null,"denominator":null,"undefined":null,"id":null,"type":null,"issuer":null,"assigner":null,"year":null,"month":null,"week":null,"day":null,"hour":null,"minute":null,"second":null}}]},{"operator":"gt","value":{"value":"15","code":null,"magnitude":null,"unit":null,"numerator":null,"denominator":null,"undefined":null,"id":null,"type":null,"issuer":null,"assigner":null,"year":null,"month":null,"week":null,"day":null,"hour":null,"minute":null,"second":null},"actions":[{"action":"set","target":"hv_ernaeringrisikovurdering/er_kalk_dips/vt3_score","value":{"value":"3","code":null,"magnitude":null,"unit":null,"numerator":null,"denominator":null,"undefined":null,"id":null,"type":null,"issuer":null,"assigner":null,"year":null,"month":null,"week":null,"day":null,"hour":null,"minute":null,"second":null}}]},{"operator":"le","value":{"value":"5","code":null,"magnitude":null,"unit":null,"numerator":null,"denominator":null,"undefined":null,"id":null,"type":null,"issuer":null,"assigner":null,"year":null,"month":null,"week":null,"day":null,"hour":null,"minute":null,"second":null},"actions":[{"action":"set","target":"hv_ernaeringrisikovurdering/er_kalk_dips/vt3_score","value":{"value":"0","code":null,"magnitude":null,"unit":null,"numerator":null,"denominator":null,"undefined":null,"id":null,"type":null,"issuer":null,"assigner":null,"year":null,"month":null,"week":null,"day":null,"hour":null,"minute":null,"second":null}}]},{"operator":"empty","value":null,"actions":[{"action":"set","target":"hv_ernaeringrisikovurdering/er_kalk_dips/vt3_score","value":{"value":"0","code":null,"magnitude":null,"unit":null,"numerator":null,"denominator":null,"undefined":null,"id":null,"type":null,"issuer":null,"assigner":null,"year":null,"month":null,"week":null,"day":null,"hour":null,"minute":null,"second":null}}]}]},{"field":"hv_ernaeringrisikovurdering/hv_ernaeringsscreening_allmenntilstand/allmenntilstand","conditions":[{"operator":"empty","value":null,"actions":[{"action":"reset","target":"hv_ernaeringrisikovurdering/er_kalk_dips/allmenntilstand_bmi_score","value":{"value":"0","code":null,"magnitude":null,"unit":null,"numerator":null,"denominator":null,"undefined":null,"id":null,"type":null,"issuer":null,"assigner":null,"year":null,"month":null,"week":null,"day":null,"hour":null,"minute":null,"second":null}},{"action":"set","target":"hv_ernaeringrisikovurdering/er_kalk_dips/risikoangivelse","value":{"value":null,"code":"at0019","magnitude":null,"unit":null,"numerator":null,"denominator":null,"undefined":null,"id":null,"type":null,"issuer":null,"assigner":null,"year":null,"month":null,"week":null,"day":null,"hour":null,"minute":null,"second":null}}]},{"operator":"equals","value":{"value":null,"code":"at0003","magnitude":null,"unit":null,"numerator":null,"denominator":null,"undefined":null,"id":null,"type":null,"issuer":null,"assigner":null,"year":null,"month":null,"week":null,"day":null,"hour":null,"minute":null,"second":null},"actions":[{"action":"set","target":"hv_ernaeringrisikovurdering/er_kalk_dips/allmenntilstand_bmi_score","value":{"value":"0","code":null,"magnitude":null,"unit":null,"numerator":null,"denominator":null,"undefined":null,"id":null,"type":null,"issuer":null,"assigner":null,"year":null,"month":null,"week":null,"day":null,"hour":null,"minute":null,"second":null}}]},{"operator":"equals","value":{"value":null,"code":"at0004","magnitude":null,"unit":null,"numerator":null,"denominator":null,"undefined":null,"id":null,"type":null,"issuer":null,"assigner":null,"year":null,"month":null,"week":null,"day":null,"hour":null,"minute":null,"second":null},"actions":[{"action":"set","target":"hv_ernaeringrisikovurdering/er_kalk_dips/allmenntilstand_bmi_score","value":{"value":"1","code":null,"magnitude":null,"unit":null,"numerator":null,"denominator":null,"undefined":null,"id":null,"type":null,"issuer":null,"assigner":null,"year":null,"month":null,"week":null,"day":null,"hour":null,"minute":null,"second":null}}]},{"operator":"equals","value":{"value":null,"code":"at0005","magnitude":null,"unit":null,"numerator":null,"denominator":null,"undefined":null,"id":null,"type":null,"issuer":null,"assigner":null,"year":null,"month":null,"week":null,"day":null,"hour":null,"minute":null,"second":null},"actions":[{"action":"set","target":"hv_ernaeringrisikovurdering/er_kalk_dips/allmenntilstand_bmi_score","value":{"value":"0","code":null,"magnitude":null,"unit":null,"numerator":null,"denominator":null,"undefined":null,"id":null,"type":null,"issuer":null,"assigner":null,"year":null,"month":null,"week":null,"day":null,"hour":null,"minute":null,"second":null}}]}]},{"field":"hv_ernaeringrisikovurdering/er_kalk_dips/total_score_aldersjustert","conditions":[{"operator":"le","value":{"value":"2","code":null,"magnitude":null,"unit":null,"numerator":null,"denominator":null,"undefined":null,"id":null,"type":null,"issuer":null,"assigner":null,"year":null,"month":null,"week":null,"day":null,"hour":null,"minute":null,"second":null},"actions":[{"action":"set","target":"hv_ernaeringrisikovurdering/er_kalk_dips/risikoangivelse","value":{"value":null,"code":"at0020","magnitude":null,"unit":null,"numerator":null,"denominator":null,"undefined":null,"id":null,"type":null,"issuer":null,"assigner":null,"year":null,"month":null,"week":null,"day":null,"hour":null,"minute":null,"second":null}}]},{"operator":"gt","value":{"value":"2","code":null,"magnitude":null,"unit":null,"numerator":null,"denominator":null,"undefined":null,"id":null,"type":null,"issuer":null,"assigner":null,"year":null,"month":null,"week":null,"day":null,"hour":null,"minute":null,"second":null},"actions":[{"action":"set","target":"hv_ernaeringrisikovurdering/er_kalk_dips/risikoangivelse","value":{"value":null,"code":"at0019","magnitude":null,"unit":null,"numerator":null,"denominator":null,"undefined":null,"id":null,"type":null,"issuer":null,"assigner":null,"year":null,"month":null,"week":null,"day":null,"hour":null,"minute":null,"second":null}}]}]},{"field":"hv_ernaeringrisikovurdering/screening_for_ernæringsmessig_risiko/uspesifisert_hendelse/hovedscreening/sykdommens_alvorlighetsgrad","conditions":[{"operator":"empty","value":null,"actions":[{"action":"reset","target":"hv_ernaeringrisikovurdering/er_kalk_dips/sykdommens_alvorlighet_score","value":{"value":"0","code":null,"magnitude":null,"unit":null,"numerator":null,"denominator":null,"undefined":null,"id":null,"type":null,"issuer":null,"assigner":null,"year":null,"month":null,"week":null,"day":null,"hour":null,"minute":null,"second":null}},{"action":"set","target":"hv_ernaeringrisikovurdering/er_kalk_dips/risikoangivelse","value":{"value":null,"code":"at0019","magnitude":null,"unit":null,"numerator":null,"denominator":null,"undefined":null,"id":null,"type":null,"issuer":null,"assigner":null,"year":null,"month":null,"week":null,"day":null,"hour":null,"minute":null,"second":null}}]},{"operator":"equals","value":{"value":"at0022","code":null,"magnitude":null,"unit":null,"numerator":null,"denominator":null,"undefined":null,"id":null,"type":null,"issuer":null,"assigner":null,"year":null,"month":null,"week":null,"day":null,"hour":null,"minute":null,"second":null},"actions":[{"action":"set","target":"hv_ernaeringrisikovurdering/er_kalk_dips/sykdommens_alvorlighet_score","value":{"value":"0","code":null,"magnitude":null,"unit":null,"numerator":null,"denominator":null,"undefined":null,"id":null,"type":null,"issuer":null,"assigner":null,"year":null,"month":null,"week":null,"day":null,"hour":null,"minute":null,"second":null}}]},{"operator":"equals","value":{"value":"at0023","code":null,"magnitude":null,"unit":null,"numerator":null,"denominator":null,"undefined":null,"id":null,"type":null,"issuer":null,"assigner":null,"year":null,"month":null,"week":null,"day":null,"hour":null,"minute":null,"second":null},"actions":[{"action":"set","target":"hv_ernaeringrisikovurdering/er_kalk_dips/sykdommens_alvorlighet_score","value":{"value":"1","code":null,"magnitude":null,"unit":null,"numerator":null,"denominator":null,"undefined":null,"id":null,"type":null,"issuer":null,"assigner":null,"year":null,"month":null,"week":null,"day":null,"hour":null,"minute":null,"second":null}}]},{"operator":"equals","value":{"value":"at0024","code":null,"magnitude":null,"unit":null,"numerator":null,"denominator":null,"undefined":null,"id":null,"type":null,"issuer":null,"assigner":null,"year":null,"month":null,"week":null,"day":null,"hour":null,"minute":null,"second":null},"actions":[{"action":"set","target":"hv_ernaeringrisikovurdering/er_kalk_dips/sykdommens_alvorlighet_score","value":{"value":"2","code":null,"magnitude":null,"unit":null,"numerator":null,"denominator":null,"undefined":null,"id":null,"type":null,"issuer":null,"assigner":null,"year":null,"month":null,"week":null,"day":null,"hour":null,"minute":null,"second":null}}]},{"operator":"equals","value":{"value":"at0025","code":null,"magnitude":null,"unit":null,"numerator":null,"denominator":null,"undefined":null,"id":null,"type":null,"issuer":null,"assigner":null,"year":null,"month":null,"week":null,"day":null,"hour":null,"minute":null,"second":null},"actions":[{"action":"set","target":"hv_ernaeringrisikovurdering/er_kalk_dips/sykdommens_alvorlighet_score","value":{"value":"3","code":null,"magnitude":null,"unit":null,"numerator":null,"denominator":null,"undefined":null,"id":null,"type":null,"issuer":null,"assigner":null,"year":null,"month":null,"week":null,"day":null,"hour":null,"minute":null,"second":null}}]}]},{"field":"hv_ernaeringrisikovurdering/er_kalk_dips/risikoangivelse","conditions":[{"operator":"equals","value":{"value":null,"code":"at0020","magnitude":null,"unit":null,"numerator":null,"denominator":null,"undefined":null,"id":null,"type":null,"issuer":null,"assigner":null,"year":null,"month":null,"week":null,"day":null,"hour":null,"minute":null,"second":null},"actions":[{"action":"hide","target":"generic-field-87336","value":{"value":"","code":null,"magnitude":null,"unit":null,"numerator":null,"denominator":null,"undefined":null,"id":null,"type":null,"issuer":null,"assigner":null,"year":null,"month":null,"week":null,"day":null,"hour":null,"minute":null,"second":null}},{"action":"show","target":"generic-field-38322","value":{"value":"","code":null,"magnitude":null,"unit":null,"numerator":null,"denominator":null,"undefined":null,"id":null,"type":null,"issuer":null,"assigner":null,"year":null,"month":null,"week":null,"day":null,"hour":null,"minute":null,"second":null}}]},{"operator":"equals","value":{"value":null,"code":"at0019","magnitude":null,"unit":null,"numerator":null,"denominator":null,"undefined":null,"id":null,"type":null,"issuer":null,"assigner":null,"year":null,"month":null,"week":null,"day":null,"hour":null,"minute":null,"second":null},"actions":[{"action":"hide","target":"generic-field-38322","value":{"value":"","code":null,"magnitude":null,"unit":null,"numerator":null,"denominator":null,"undefined":null,"id":null,"type":null,"issuer":null,"assigner":null,"year":null,"month":null,"week":null,"day":null,"hour":null,"minute":null,"second":null}},{"action":"show","target":"generic-field-87336","value":{"value":"","code":null,"magnitude":null,"unit":null,"numerator":null,"denominator":null,"undefined":null,"id":null,"type":null,"issuer":null,"assigner":null,"year":null,"month":null,"week":null,"day":null,"hour":null,"minute":null,"second":null}}]}]}]