{"formId":"form_root","name":"Form root","rmType":"FORM_DEFINITION","viewConfig":{"label":{"custom":false,"value":"","useLocalizations":false,"localizationsList":{}},"size":{"field":"inherit","label":"inherit","fill":"inherit"},"layout":{"label":{"valign":"inherit","align":"inherit"},"field":{"valign":"inherit","align":"inherit"}},"tags":[],"annotations":{"#ane_eval":"select c/uid/value as cid, c/content[openEHR-EHR-SECTION.adhoc.v1 and name/value='Preoperativ evaluering']/items[openEHR-EHR-OBSERVATION.preoperative_evaluation_anesthesia.v1] from composition c contains cluster u[openEHR-EHR-CLUSTER.planned_anesthesia.v1] order by c/context/start_time/value desc fetch 1?scope=folder","#pasientstatus":"select c/uid/value as cid, o from composition c contains observation o[openEHR-EHR-OBSERVATION.poor_outcome_and_or_complication_risk_assesement.v1] where o/name/value='Pasientstatus' order by c/context/start_time/value desc fetch 1?scope=folder","#nyha":"openEHR-EHR-CLUSTER.nyha_heart_failure.v1?scope=folder","#eval_luftvei":"select c/uid/value as cid, o from composition c contains observation o[openEHR-EHR-OBSERVATION.poor_outcome_and_or_complication_risk_assesement.v1] where o/name/value='Evaluering av luftvei' order by c/context/start_time/value desc fetch 1?scope=folder","#mallampati":"openEHR-EHR-CLUSTER.mallampati_classification.v1?scope=folder","#planned_anesthesia":"openEHR-EHR-CLUSTER.planned_anesthesia.v1?scope=folder","#height":"openEHR-EHR-OBSERVATION.height.v1?scope=folder","#weight":"openEHR-EHR-OBSERVATION.body_weight.v1?scope=folder","#bp":"openEHR-EHR-OBSERVATION.blood_pressure.v1?scope=folder","#importantinfo":"openEHR-EHR-CLUSTER.important_information.v1?scope=folder","#asa":"openEHR-EHR-CLUSTER.asa_status.v1?scope=folder","#medikamenter":"select c/uid/value as cid, o/data[at0001]/events[at0002]/data[at0003]/items[at0009] from composition c contains observation o[openEHR-EHR-OBSERVATION.poor_outcome_and_or_complication_risk_assesement.v1] where o/name/value='Medikamenter og allergier' and o/data[at0001]/events[at0002]/data[at0003]/items[at0009]/name/value='Bruk av medikamenter' order by c/context/start_time/value desc fetch 1?scope=folder","#allergier":"select c/uid/value as cid, o/data[at0001]/events[at0002]/data[at0003]/items[at0009] from composition c contains observation o[openEHR-EHR-OBSERVATION.poor_outcome_and_or_complication_risk_assesement.v1] where o/name/value='Medikamenter og allergier' and o/data[at0001]/events[at0002]/data[at0003]/items[at0009]/name/value='Allergier' order by c/context/start_time/value desc fetch 1?scope=folder","#tobakk":"openEHR-EHR-OBSERVATION.tobacco_use.v1?scope=folder","#medikamenter_allergier":"select c/uid/value as cid, o/data[at0001]/events[at0002]/data[at0003] from composition c contains observation o[openEHR-EHR-OBSERVATION.poor_outcome_and_or_complication_risk_assesement.v1] where o/name/value='Medikamenter og allergier' order by c/context/start_time/value desc fetch 1?scope=folder"}},"language":"nb","templateLanguages":["nb"],"children":[{"localizedName":"Fieldset","localizedNames":{"nb":"Preoperativ vurdering"},"min":0,"max":-1,"name":"Fieldset","rmType":"GENERIC_FIELDSET","fid":"generic-field-76821","formId":"generic-field-76821","children":[{"name":"Anestesivurdering ferdigstilt?","localizedName":"Anestesivurdering ferdigstilt?","rmType":"DV_BOOLEAN","nodeId":"at0025","min":0,"max":1,"localizedNames":{"nb":"Anestesivurdering ferdigstilt?"},"localizedDescriptions":{"nb":"Sann indikerer at anestesivurderingen er ferdigstilt og en evaluering er foretatt. "},"aqlPath":"/content[openEHR-EHR-SECTION.adhoc.v1,'Preoperativ evaluering']/items[openEHR-EHR-OBSERVATION.preoperative_evaluation_anesthesia.v1]/data[at0001]/events[at0002]/data[at0003]/items[at0025]/value","inputs":[{"type":"BOOLEAN","list":[{"value":"true","label":"true"}]}],"fid":"klinisk_kontakt/preoperativ_evaluering/preoperativ_evaluering_anestesi/anestesivurdering_ferdigstilt","formId":"klinisk_kontakt/preoperativ_evaluering/preoperativ_evaluering_anestesi/anestesivurdering_ferdigstilt","viewConfig":{"label":{"custom":true,"value":"Anestesivurdering ferdigstilt","useLocalizations":true,"localizationsList":{"nb":"Anestesivurdering ferdigstilt"}},"advanced":{"hidden":false,"readonly":false},"multiplicity":{"min":"0","max":"1"},"size":{"field":"inherit","label":"3","fill":"inherit"},"layout":{"label":{"valign":"inherit","align":"inherit"},"field":{"valign":"inherit","align":"inherit"}},"tags":[],"datasource":{"loadRemote":false,"loadRemoteUrl":"","terminology":""},"annotations":{"select":"{#ane_eval:/data[at0001]/events[at0002]/data[at0003]/items[at0025]/value}","description":"","nullflavour":"271"},"field":{"input":{"threeState":false}}},"defaultValue":{"value":false}},{"name":"Pasient fysisk tilsett?","localizedName":"Pasient fysisk tilsett?","rmType":"DV_BOOLEAN","nodeId":"at0026","min":0,"max":1,"localizedNames":{"nb":"Pasient fysisk tilsett?"},"localizedDescriptions":{"nb":"Sann indikerer at pasienten er fysisk tilsett, usant indikerer at tilsynet f.eks. er gjort på bakgrunn av journalopplysninger."},"aqlPath":"/content[openEHR-EHR-SECTION.adhoc.v1,'Preoperativ evaluering']/items[openEHR-EHR-OBSERVATION.preoperative_evaluation_anesthesia.v1]/data[at0001]/events[at0002]/data[at0003]/items[at0026]/value","inputs":[{"type":"BOOLEAN","list":[{"value":"true","label":"true"}]}],"fid":"klinisk_kontakt/preoperativ_evaluering/preoperativ_evaluering_anestesi/pasient_fysisk_tilsett","formId":"klinisk_kontakt/preoperativ_evaluering/preoperativ_evaluering_anestesi/pasient_fysisk_tilsett","viewConfig":{"label":{"custom":true,"value":"Pasient fysisk tilsett","useLocalizations":true,"localizationsList":{"nb":"Pasient fysisk tilsett"}},"advanced":{"hidden":false,"readonly":false},"multiplicity":{"min":"0","max":"1"},"size":{"field":"inherit","label":"3","fill":"inherit"},"layout":{"label":{"valign":"inherit","align":"inherit"},"field":{"valign":"inherit","align":"inherit"}},"tags":[],"datasource":{"loadRemote":false,"loadRemoteUrl":"","terminology":""},"annotations":{"select":"{#ane_eval:/data[at0001]/events[at0002]/data[at0003]/items[at0026]/value}","description":"","nullflavour":"271"},"field":{"input":{"threeState":false}}},"defaultValue":{"value":false}},{"name":"Blodprøver vurdert?","localizedName":"Blodprøver vurdert?","rmType":"DV_BOOLEAN","nodeId":"at0029","min":0,"max":1,"localizedNames":{"nb":"Aktuelle funn vurdert?"},"localizedDescriptions":{"nb":"Sann indikerer at funnene er vurdert."},"aqlPath":"/content[openEHR-EHR-SECTION.adhoc.v1,'Preoperativ evaluering']/items[openEHR-EHR-OBSERVATION.preoperative_evaluation_anesthesia.v1]/data[at0001]/events[at0002]/data[at0003]/items[at0021,'Vurdering blodprøver']/items[at0029,'Blodprøver vurdert?']/value","inputs":[{"type":"BOOLEAN"}],"fid":"klinisk_kontakt/preoperativ_evaluering/preoperativ_evaluering_anestesi/vurdering_blodprøver/blodprøver_vurdert","formId":"klinisk_kontakt/preoperativ_evaluering/preoperativ_evaluering_anestesi/vurdering_blodprøver/blodprøver_vurdert","viewConfig":{"label":{"custom":true,"value":"Blodprøver vurdert","useLocalizations":true,"localizationsList":{"nb":"Blodprøver vurdert"}},"advanced":{"hidden":false,"readonly":false},"multiplicity":{"min":"0","max":"1"},"size":{"field":"inherit","label":"3","fill":"inherit"},"layout":{"label":{"valign":"inherit","align":"inherit"},"field":{"valign":"inherit","align":"inherit"}},"tags":[],"datasource":{"loadRemote":false,"loadRemoteUrl":"","terminology":""},"annotations":{"select":"{#ane_eval:/data[at0001]/events[at0002]/data[at0003]/items[at0021 and name/value='Vurdering blodprøver']/items[at0029 and name/value='Blodprøver vurdert?']/value}","description":"","nullflavour":"271"},"field":{"input":{"threeState":false}}},"defaultValue":{"value":false}},{"name":"Beskrivelse","localizedName":"Beskrivelse","rmType":"DV_TEXT","nodeId":"at0004","min":0,"max":1,"localizedNames":{"nb":"Beskrivelse"},"localizedDescriptions":{"nb":"Beskrivelse av siteringen."},"aqlPath":"/content[openEHR-EHR-SECTION.adhoc.v1,'Preoperativ evaluering']/items[openEHR-EHR-OBSERVATION.preoperative_evaluation_anesthesia.v1]/data[at0001]/events[at0002]/data[at0003]/items[at0021,'Vurdering blodprøver']/items[openEHR-EHR-CLUSTER.citation.v1]/items[at0004]/value","inputs":[{"type":"TEXT"}],"fid":"klinisk_kontakt/preoperativ_evaluering/preoperativ_evaluering_anestesi/vurdering_blodprøver/sitering/beskrivelse","formId":"klinisk_kontakt/preoperativ_evaluering/preoperativ_evaluering_anestesi/vurdering_blodprøver/sitering/beskrivelse","viewConfig":{"label":{"custom":true,"value":"Beskrivelse blodprøver","useLocalizations":true,"localizationsList":{"nb":"Beskrivelse blodprøver"}},"advanced":{"hidden":false,"readonly":false},"multiplicity":{"min":"0","max":"1"},"size":{"field":"large","label":"3","fill":"inherit"},"layout":{"label":{"valign":"inherit","align":"top"},"field":{"valign":"inherit","align":"inherit"}},"tags":[],"datasource":{"loadRemote":false,"loadRemoteUrl":"","terminology":""},"annotations":{"select":"{#ane_eval:/data[at0001]/events[at0002]/data[at0003]/items[at0021 and name/value='Vurdering blodprøver']/items[openEHR-EHR-CLUSTER.citation.v1]/items[at0004]/value}","description":"","nullflavour":"271"},"field":{"input":{"presentation":"textfield"}}},"defaultValue":{"value":""}},{"name":"EKG vurdert?","localizedName":"EKG vurdert?","rmType":"DV_BOOLEAN","nodeId":"at0029","min":0,"max":1,"localizedNames":{"nb":"Aktuelle funn vurdert?"},"localizedDescriptions":{"nb":"Sann indikerer at funnene er vurdert."},"aqlPath":"/content[openEHR-EHR-SECTION.adhoc.v1,'Preoperativ evaluering']/items[openEHR-EHR-OBSERVATION.preoperative_evaluation_anesthesia.v1]/data[at0001]/events[at0002]/data[at0003]/items[at0021,'Vurdering EKG']/items[at0029,'EKG vurdert?']/value","inputs":[{"type":"BOOLEAN"}],"fid":"klinisk_kontakt/preoperativ_evaluering/preoperativ_evaluering_anestesi/vurdering_ekg/ekg_vurdert","formId":"klinisk_kontakt/preoperativ_evaluering/preoperativ_evaluering_anestesi/vurdering_ekg/ekg_vurdert","viewConfig":{"label":{"custom":true,"value":"EKG vurdert","useLocalizations":true,"localizationsList":{"nb":"EKG vurdert"}},"advanced":{"hidden":false,"readonly":false},"multiplicity":{"min":"0","max":"1"},"size":{"field":"inherit","label":"3","fill":"inherit"},"layout":{"label":{"valign":"inherit","align":"inherit"},"field":{"valign":"inherit","align":"inherit"}},"tags":[],"datasource":{"loadRemote":false,"loadRemoteUrl":"","terminology":""},"annotations":{"select":"{#ane_eval:/data[at0001]/events[at0002]/data[at0003]/items[at0021 and name/value='Vurdering EKG']/items[at0029 and name/value='EKG vurdert?']/value}","description":"","nullflavour":"271"},"field":{"input":{"threeState":false}}},"defaultValue":{"value":false}},{"name":"Beskrivelse","localizedName":"Beskrivelse","rmType":"DV_TEXT","nodeId":"at0004","min":0,"max":1,"localizedNames":{"nb":"Beskrivelse"},"localizedDescriptions":{"nb":"Beskrivelse av siteringen."},"aqlPath":"/content[openEHR-EHR-SECTION.adhoc.v1,'Preoperativ evaluering']/items[openEHR-EHR-OBSERVATION.preoperative_evaluation_anesthesia.v1]/data[at0001]/events[at0002]/data[at0003]/items[at0021,'Vurdering EKG']/items[openEHR-EHR-CLUSTER.citation.v1]/items[at0004]/value","inputs":[{"type":"TEXT"}],"fid":"klinisk_kontakt/preoperativ_evaluering/preoperativ_evaluering_anestesi/vurdering_ekg/sitering/beskrivelse","formId":"klinisk_kontakt/preoperativ_evaluering/preoperativ_evaluering_anestesi/vurdering_ekg/sitering/beskrivelse","viewConfig":{"label":{"custom":true,"value":"Beskrivelse EKG","useLocalizations":true,"localizationsList":{"nb":"Beskrivelse EKG"}},"annotations":{"select":"{#ane_eval:/data[at0001]/events[at0002]/data[at0003]/items[at0021 and name/value='Vurdering EKG']/items[openEHR-EHR-CLUSTER.citation.v1]/items[at0004]/value}","description":"","nullflavour":"271"},"advanced":{"hidden":false,"readonly":false},"multiplicity":{"min":"0","max":"1"},"size":{"field":"inherit","label":"3","fill":"inherit"},"layout":{"label":{"valign":"inherit","align":"top"},"field":{"valign":"inherit","align":"inherit"}},"tags":[],"datasource":{"loadRemote":false,"loadRemoteUrl":"","terminology":""},"field":{"input":{"presentation":"textfield"}}},"defaultValue":{"value":""}},{"name":"Ekko vurdert?","localizedName":"Ekko vurdert?","rmType":"DV_BOOLEAN","nodeId":"at0029","min":0,"max":1,"localizedNames":{"nb":"Aktuelle funn vurdert?"},"localizedDescriptions":{"nb":"Sann indikerer at funnene er vurdert."},"aqlPath":"/content[openEHR-EHR-SECTION.adhoc.v1,'Preoperativ evaluering']/items[openEHR-EHR-OBSERVATION.preoperative_evaluation_anesthesia.v1]/data[at0001]/events[at0002]/data[at0003]/items[at0021,'Vurdering ekko']/items[at0029,'Ekko vurdert?']/value","inputs":[{"type":"BOOLEAN"}],"fid":"klinisk_kontakt/preoperativ_evaluering/preoperativ_evaluering_anestesi/vurdering_ekko/ekko_vurdert","formId":"klinisk_kontakt/preoperativ_evaluering/preoperativ_evaluering_anestesi/vurdering_ekko/ekko_vurdert","viewConfig":{"label":{"custom":true,"value":"Ekko vurdert","useLocalizations":true,"localizationsList":{"nb":"Ekko vurdert"}},"advanced":{"hidden":false,"readonly":false},"multiplicity":{"min":"0","max":"1"},"size":{"field":"inherit","label":"3","fill":"inherit"},"layout":{"label":{"valign":"inherit","align":"inherit"},"field":{"valign":"inherit","align":"inherit"}},"tags":[],"datasource":{"loadRemote":false,"loadRemoteUrl":"","terminology":""},"annotations":{"select":"{#ane_eval:/data[at0001]/events[at0002]/data[at0003]/items[at0021 and name/value='Vurdering ekko']/items[at0029 and name/value='Ekko vurdert?']/value}","description":"","nullflavour":"271"},"field":{"input":{"threeState":false}}},"defaultValue":{"value":false}},{"name":"Beskrivelse","localizedName":"Beskrivelse","rmType":"DV_TEXT","nodeId":"at0004","min":0,"max":1,"localizedNames":{"nb":"Beskrivelse"},"localizedDescriptions":{"nb":"Beskrivelse av siteringen."},"aqlPath":"/content[openEHR-EHR-SECTION.adhoc.v1,'Preoperativ evaluering']/items[openEHR-EHR-OBSERVATION.preoperative_evaluation_anesthesia.v1]/data[at0001]/events[at0002]/data[at0003]/items[at0021,'Vurdering ekko']/items[openEHR-EHR-CLUSTER.citation.v1]/items[at0004]/value","inputs":[{"type":"TEXT"}],"fid":"klinisk_kontakt/preoperativ_evaluering/preoperativ_evaluering_anestesi/vurdering_ekko/sitering/beskrivelse","formId":"klinisk_kontakt/preoperativ_evaluering/preoperativ_evaluering_anestesi/vurdering_ekko/sitering/beskrivelse","viewConfig":{"label":{"custom":true,"value":"Beskrivelse Ekko","useLocalizations":true,"localizationsList":{"nb":"Beskrivelse Ekko"}},"annotations":{"select":"{#ane_eval:/data[at0001]/events[at0002]/data[at0003]/items[at0021 and name/value='Vurdering ekko']/items[openEHR-EHR-CLUSTER.citation.v1]/items[at0004]/value}","description":"","nullflavour":"271"},"advanced":{"hidden":false,"readonly":false},"multiplicity":{"min":"0","max":"1"},"size":{"field":"inherit","label":"3","fill":"inherit"},"layout":{"label":{"valign":"inherit","align":"top"},"field":{"valign":"inherit","align":"inherit"}},"tags":[],"datasource":{"loadRemote":false,"loadRemoteUrl":"","terminology":""},"field":{"input":{"presentation":"textfield"}}},"defaultValue":{"value":""}},{"name":"Rø. thorax vurdert?","localizedName":"Rø. thorax vurdert?","rmType":"DV_BOOLEAN","nodeId":"at0029","min":0,"max":1,"localizedNames":{"nb":"Aktuelle funn vurdert?"},"localizedDescriptions":{"nb":"Sann indikerer at funnene er vurdert."},"aqlPath":"/content[openEHR-EHR-SECTION.adhoc.v1,'Preoperativ evaluering']/items[openEHR-EHR-OBSERVATION.preoperative_evaluation_anesthesia.v1]/data[at0001]/events[at0002]/data[at0003]/items[at0021,'Vurdering rø. thorax']/items[at0029,'Rø. thorax vurdert?']/value","inputs":[{"type":"BOOLEAN"}],"fid":"klinisk_kontakt/preoperativ_evaluering/preoperativ_evaluering_anestesi/vurdering_rø._thorax/rø._thorax_vurdert","formId":"klinisk_kontakt/preoperativ_evaluering/preoperativ_evaluering_anestesi/vurdering_rø._thorax/rø._thorax_vurdert","viewConfig":{"label":{"custom":true,"value":"Rø. thorax vurdert","useLocalizations":true,"localizationsList":{"nb":"Rø. thorax vurdert"}},"advanced":{"hidden":false,"readonly":false},"multiplicity":{"min":"0","max":"1"},"size":{"field":"inherit","label":"3","fill":"inherit"},"layout":{"label":{"valign":"inherit","align":"inherit"},"field":{"valign":"inherit","align":"inherit"}},"tags":[],"datasource":{"loadRemote":false,"loadRemoteUrl":"","terminology":""},"annotations":{"select":"{#ane_eval:/data[at0001]/events[at0002]/data[at0003]/items[at0021 and name/value='Vurdering rø. thorax']/items[at0029 and name/value='Rø. thorax vurdert?']/value}","description":"","nullflavour":"271"},"field":{"input":{"threeState":false}}},"defaultValue":{"value":false}},{"name":"Beskrivelse","localizedName":"Beskrivelse","rmType":"DV_TEXT","nodeId":"at0004","min":0,"max":1,"localizedNames":{"nb":"Beskrivelse"},"localizedDescriptions":{"nb":"Beskrivelse av siteringen."},"aqlPath":"/content[openEHR-EHR-SECTION.adhoc.v1,'Preoperativ evaluering']/items[openEHR-EHR-OBSERVATION.preoperative_evaluation_anesthesia.v1]/data[at0001]/events[at0002]/data[at0003]/items[at0021,'Vurdering rø. thorax']/items[openEHR-EHR-CLUSTER.citation.v1]/items[at0004]/value","inputs":[{"type":"TEXT"}],"fid":"klinisk_kontakt/preoperativ_evaluering/preoperativ_evaluering_anestesi/vurdering_rø._thorax/sitering/beskrivelse","formId":"klinisk_kontakt/preoperativ_evaluering/preoperativ_evaluering_anestesi/vurdering_rø._thorax/sitering/beskrivelse","viewConfig":{"label":{"custom":true,"value":"Beskrivelse Rø. thorax","useLocalizations":true,"localizationsList":{"nb":"Beskrivelse Rø. thorax"}},"annotations":{"select":"{#ane_eval:/data[at0001]/events[at0002]/data[at0003]/items[at0021 and name/value='Vurdering rø. thorax']/items[openEHR-EHR-CLUSTER.citation.v1]/items[at0004]/value}","description":"","nullflavour":"271"},"advanced":{"hidden":false,"readonly":false},"multiplicity":{"min":"0","max":"1"},"size":{"field":"inherit","label":"3","fill":"inherit"},"layout":{"label":{"valign":"inherit","align":"top"},"field":{"valign":"inherit","align":"inherit"}},"tags":[],"datasource":{"loadRemote":false,"loadRemoteUrl":"","terminology":""},"field":{"input":{"presentation":"textfield"}}},"defaultValue":{"value":""}},{"name":"Oppsummering","localizedName":"Oppsummering","rmType":"DV_TEXT","nodeId":"at0006","min":0,"max":1,"localizedNames":{"nb":"Oppsummering"},"localizedDescriptions":{"nb":"En tekstlig oppsummering av anestesipersonellets evaluering av pasientens totale risiko i forkant av en kirurgisk prosedyre."},"aqlPath":"/content[openEHR-EHR-SECTION.adhoc.v1,'Preoperativ evaluering']/items[openEHR-EHR-OBSERVATION.preoperative_evaluation_anesthesia.v1]/data[at0001]/events[at0002]/data[at0003]/items[at0006]/value","inputs":[{"type":"TEXT"}],"fid":"klinisk_kontakt/preoperativ_evaluering/preoperativ_evaluering_anestesi/oppsummering","formId":"klinisk_kontakt/preoperativ_evaluering/preoperativ_evaluering_anestesi/oppsummering","viewConfig":{"label":{"custom":true,"value":"Oppsummering/merknad","useLocalizations":true,"localizationsList":{"nb":"Oppsummering/merknad"}},"advanced":{"hidden":false,"readonly":false},"multiplicity":{"min":"0","max":"1"},"size":{"field":"inherit","label":"inherit","fill":"inherit"},"layout":{"label":{"valign":"inherit","align":"top"},"field":{"valign":"inherit","align":"inherit"}},"tags":[],"datasource":{"loadRemote":false,"loadRemoteUrl":"","terminology":""},"annotations":{"select":"{#ane_eval:/data[at0001]/events[at0002]/data[at0003]/items[at0006]/value}","description":"","nullflavour":"271"},"field":{"input":{"presentation":"textfield"}}},"defaultValue":{"value":""}}],"viewConfig":{"label":{"custom":true,"value":"Preoperativ vurdering","useLocalizations":true,"localizationsList":{"nb":"Preoperativ vurdering"}},"advanced":{"hidden":false,"readonly":false,"render":false},"multiplicity":{"min":"0","max":"1"},"size":{"field":"large","label":"inherit","fill":"inherit"},"layout":{"label":{"valign":"inherit","align":"inherit"},"field":{"valign":"inherit","align":"inherit"}},"tags":[],"field":{}}},{"localizedName":"Fieldset","localizedNames":{"nb":"Pasient"},"min":0,"max":-1,"name":"Fieldset","rmType":"GENERIC_FIELDSET","fid":"generic-field-3671","formId":"generic-field-3671","children":[{"name":"Høyde/lengde","localizedName":"Høyde/lengde","rmType":"DV_QUANTITY","nodeId":"at0004","min":0,"max":1,"localizedNames":{"nb":"Høyde/lengde"},"localizedDescriptions":{"nb":"Høyde/lengde fra isse til fotsåle."},"aqlPath":"/content[openEHR-EHR-SECTION.adhoc.v1,'Pasient']/items[openEHR-EHR-OBSERVATION.height.v1]/data[at0001]/events[at0002]/data[at0003]/items[at0004]/value","inputs":[{"suffix":"magnitude","type":"DECIMAL","validation":{"range":{"minOp":">=","min":0,"maxOp":"<=","max":500}}},{"suffix":"unit","type":"CODED_TEXT","list":[{"value":"cm","label":"cm","validation":{"range":{"minOp":">=","min":0,"maxOp":"<=","max":500}}}]}],"fid":"klinisk_kontakt/pasient/høyde_lengde/uspesifisert_hendelse/høyde_lengde","formId":"klinisk_kontakt/pasient/høyde_lengde/uspesifisert_hendelse/høyde_lengde","viewConfig":{"field":{"magnitude":{"presentation":"combobox"}},"label":{"custom":true,"value":"Høyde","useLocalizations":true,"localizationsList":{"nb":"Høyde"}},"annotations":{"select":"{#height:/data[at0001]/events[at0002]/data[at0003]/items[at0004]/value}"},"advanced":{"hidden":false,"readonly":false},"multiplicity":{"min":"0","max":"1"},"size":{"field":"inherit","label":"inherit","fill":"inherit"},"layout":{"label":{"valign":"inherit","align":"inherit"},"field":{"valign":"inherit","align":"inherit"}},"tags":[],"datasource":{"loadRemote":false,"loadRemoteUrl":"","terminology":""}},"defaultValue":{"unit":"cm"}},{"name":"Kroppsvekt","localizedName":"Kroppsvekt","rmType":"DV_QUANTITY","nodeId":"at0004","min":0,"max":1,"localizedNames":{"nb":"Kroppsvekt"},"localizedDescriptions":{"nb":"Et individs totale kroppsmasse."},"aqlPath":"/content[openEHR-EHR-SECTION.adhoc.v1,'Pasient']/items[openEHR-EHR-OBSERVATION.body_weight.v1]/data[at0002]/events[at0003]/data[at0001]/items[at0004]/value","inputs":[{"suffix":"magnitude","type":"DECIMAL","validation":{"range":{"minOp":">=","min":0,"maxOp":"<","max":1000}}},{"suffix":"unit","type":"CODED_TEXT","list":[{"value":"kg","label":"kg","validation":{"range":{"minOp":">=","min":0,"maxOp":"<","max":1000}}}]}],"fid":"klinisk_kontakt/pasient/kroppsvekt/uspesifisert_hendelse/kroppsvekt","formId":"klinisk_kontakt/pasient/kroppsvekt/uspesifisert_hendelse/kroppsvekt","viewConfig":{"field":{"magnitude":{"presentation":"combobox"}},"label":{"custom":true,"value":"Vekt","useLocalizations":true,"localizationsList":{"nb":"Vekt"}},"annotations":{"select":"{#weight:/data[at0002]/events[at0003]/data[at0001]/items[at0004]/value}"},"advanced":{"hidden":false,"readonly":false},"multiplicity":{"min":"0","max":"1"},"size":{"field":"inherit","label":"inherit","fill":"inherit"},"layout":{"label":{"valign":"inherit","align":"inherit"},"field":{"valign":"inherit","align":"inherit"}},"tags":[],"datasource":{"loadRemote":false,"loadRemoteUrl":"","terminology":""}},"defaultValue":{"unit":"kg"}},{"name":"Systolisk","localizedName":"Systolisk","rmType":"DV_QUANTITY","nodeId":"at0004","min":0,"max":1,"localizedNames":{"nb":"Systolisk"},"localizedDescriptions":{"nb":"Maksimalt systemisk arterielt blodtrykk - målt i systolen, det vil si i hjertets kontraksjonsfase."},"aqlPath":"/content[openEHR-EHR-SECTION.adhoc.v1,'Pasient']/items[openEHR-EHR-OBSERVATION.blood_pressure.v1]/data[at0001]/events[at0006]/data[at0003]/items[at0004]/value","inputs":[{"suffix":"magnitude","type":"DECIMAL","validation":{"range":{"minOp":">=","min":0,"maxOp":"<=","max":1000},"precision":{"minOp":">=","min":0,"maxOp":"<=","max":0}}},{"suffix":"unit","type":"CODED_TEXT","list":[{"value":"mm[Hg]","label":"mm[Hg]","validation":{"range":{"minOp":">=","min":0,"maxOp":"<=","max":1000},"precision":{"minOp":">=","min":0,"maxOp":"<=","max":0}}}]}],"fid":"klinisk_kontakt/pasient/blodtrykk/systolisk","formId":"klinisk_kontakt/pasient/blodtrykk/systolisk","viewConfig":{"field":{"magnitude":{"presentation":"combobox"}},"label":{"custom":true,"value":"BT systolisk","useLocalizations":true,"localizationsList":{"nb":"BT systolisk"}},"annotations":{"select":"{#bp:/data[at0001]/events[at0006]/data[at0003]/items[at0004]/value}"},"advanced":{"hidden":false,"readonly":false},"multiplicity":{"min":"0","max":"1"},"size":{"field":"inherit","label":"inherit","fill":"inherit"},"layout":{"label":{"valign":"inherit","align":"inherit"},"field":{"valign":"inherit","align":"inherit"}},"tags":[],"datasource":{"loadRemote":false,"loadRemoteUrl":"","terminology":""}},"defaultValue":{"unit":"mm[Hg]"}},{"name":"Diastolisk","localizedName":"Diastolisk","rmType":"DV_QUANTITY","nodeId":"at0005","min":0,"max":1,"localizedNames":{"nb":"Diastolisk"},"localizedDescriptions":{"nb":"Laveste systemiske arterielle blodtrykk - målt i diastolen, det vil si under hjertets relaksasjonsfase."},"aqlPath":"/content[openEHR-EHR-SECTION.adhoc.v1,'Pasient']/items[openEHR-EHR-OBSERVATION.blood_pressure.v1]/data[at0001]/events[at0006]/data[at0003]/items[at0005]/value","inputs":[{"suffix":"magnitude","type":"DECIMAL","validation":{"range":{"minOp":">=","min":0,"maxOp":"<=","max":1000},"precision":{"minOp":">=","min":0,"maxOp":"<=","max":0}}},{"suffix":"unit","type":"CODED_TEXT","list":[{"value":"mm[Hg]","label":"mm[Hg]","validation":{"range":{"minOp":">=","min":0,"maxOp":"<=","max":1000},"precision":{"minOp":">=","min":0,"maxOp":"<=","max":0}}}]}],"fid":"klinisk_kontakt/pasient/blodtrykk/diastolisk","formId":"klinisk_kontakt/pasient/blodtrykk/diastolisk","viewConfig":{"field":{"magnitude":{"presentation":"combobox"}},"label":{"custom":true,"value":"BT diastolisk","useLocalizations":true,"localizationsList":{"nb":"BT diastolisk"}},"annotations":{"select":"{#bp:/data[at0001]/events[at0006]/data[at0003]/items[at0005]/value}"},"advanced":{"hidden":false,"readonly":false},"multiplicity":{"min":"0","max":"1"},"size":{"field":"inherit","label":"inherit","fill":"inherit"},"layout":{"label":{"valign":"inherit","align":"inherit"},"field":{"valign":"inherit","align":"inherit"}},"tags":[],"datasource":{"loadRemote":false,"loadRemoteUrl":"","terminology":""}},"defaultValue":{"unit":"mm[Hg]"}}],"viewConfig":{"label":{"custom":true,"value":"Pasient","useLocalizations":true,"localizationsList":{"nb":"Pasient"}},"advanced":{"hidden":false,"readonly":false,"render":false},"multiplicity":{"min":"0","max":"1"},"size":{"field":"large","label":"inherit","fill":"inherit"},"layout":{"label":{"valign":"inherit","align":"top"},"field":{"valign":"inherit","align":"inherit"}},"tags":[],"field":{}}},{"localizedName":"Fieldset","localizedNames":{"nb":"Fieldset"},"min":0,"max":-1,"name":"Fieldset","rmType":"GENERIC_FIELDSET","fid":"generic-field-24387","formId":"generic-field-24387","children":[{"name":"Tilstedeværelse","localizedName":"Tilstedeværelse","rmType":"DV_BOOLEAN","nodeId":"at0011","min":0,"max":1,"localizedNames":{"nb":"Tilstedeværelse"},"localizedDescriptions":{"nb":"Tilstedeværelse av beskrevet faktor. Tilstedeværelse kan angis på foskjellig måte og behovene vil være foskjellige avhengis av situasjon. En vil noen gang kun ha behov for å bekrefte at faktoren er til stede, andre ganger vil man også eksplisitt ønske å angi at nevnt faktor ikke er tilstede. Noen ganger er infomrasjonen ikke etterspurt eller ikke aktuell i denne sammenheng."},"aqlPath":"/content[openEHR-EHR-SECTION.adhoc.v1,'Evaluering av risiko for komplikasjoner']/items[openEHR-EHR-OBSERVATION.poor_outcome_and_or_complication_risk_assesement.v1,'Medikamenter og allergier']/data[at0001]/events[at0002]/data[at0003]/items[at0009,'Bruk av medikamenter']/items[at0011]/value","inputs":[{"type":"BOOLEAN"}],"fid":"klinisk_kontakt/evaluering_av_risiko_for_komplikasjoner/medikamenter_og_allergier/bruk_av_medikamenter/tilstedeværelse","formId":"klinisk_kontakt/evaluering_av_risiko_for_komplikasjoner/medikamenter_og_allergier/bruk_av_medikamenter/tilstedeværelse","viewConfig":{"label":{"custom":true,"value":"Bruker medisin","useLocalizations":true,"localizationsList":{"nb":"Bruker medisin"}},"advanced":{"hidden":false,"readonly":false},"multiplicity":{"min":"0","max":"1"},"size":{"field":"inherit","label":"inherit","fill":"inherit"},"layout":{"label":{"valign":"inherit","align":"inherit"},"field":{"valign":"inherit","align":"inherit"}},"tags":["ShowAsRadios"],"datasource":{"loadRemote":false,"loadRemoteUrl":"","terminology":""},"annotations":{"select":"{#medikamenter_allergier:/items[at0009,'Bruk av medikamenter']/items[at0011]/value}","description":"Bruker pasienten medisiner?"},"field":{"input":{"threeState":false}}},"defaultValue":{"value":""}},{"name":"Helsefaktor navn/egenskap","localizedName":"Helsefaktor navn/egenskap","rmType":"DV_TEXT","nodeId":"at0010","min":0,"max":-1,"localizedNames":{"nb":"Helsefaktor navn/egenskap"},"localizedDescriptions":{"nb":"Navn på helsefaktor som utgjør en rsiko for dårlig utfall. Når bruk av medisiner er helsefaktoren vil navnet helsefaktor navn være en substansgrupppe eller navn på medikamentene pasienten bruker. Når helsefaktor er pasientstatus kan det være en egneskap ved pasientens sirkulasjon f.eks. høyt blodtrykk. "},"aqlPath":"/content[openEHR-EHR-SECTION.adhoc.v1,'Evaluering av risiko for komplikasjoner']/items[openEHR-EHR-OBSERVATION.poor_outcome_and_or_complication_risk_assesement.v1,'Medikamenter og allergier']/data[at0001]/events[at0002]/data[at0003]/items[at0009,'Bruk av medikamenter']/items[at0010]/value","inputs":[{"type":"TEXT"}],"fid":"klinisk_kontakt/evaluering_av_risiko_for_komplikasjoner/medikamenter_og_allergier/bruk_av_medikamenter/helsefaktor_navn_egenskap","formId":"klinisk_kontakt/evaluering_av_risiko_for_komplikasjoner/medikamenter_og_allergier/bruk_av_medikamenter/helsefaktor_navn_egenskap","viewConfig":{"label":{"custom":true,"value":"Medikament","useLocalizations":true,"localizationsList":{"nb":"Medikament"}},"annotations":{"select":"{#medikamenter_allergier:/items[at0009,'Bruk av medikamenter']/items[at0010]/value}","description":"Navn på medikamentene som pasienten bruker."},"advanced":{"hidden":false,"readonly":false},"multiplicity":{"min":"0","max":"100"},"size":{"field":"inherit","label":"inherit","fill":"inherit"},"layout":{"label":{"valign":"inherit","align":"top"},"field":{"valign":"inherit","align":"inherit"}},"tags":[],"datasource":{"loadRemote":false,"loadRemoteUrl":"","terminology":""},"field":{"input":{"presentation":"textfield"}}},"defaultValue":{"value":""}},{"name":"Tilstedeværelse","localizedName":"Tilstedeværelse","rmType":"DV_BOOLEAN","nodeId":"at0011","min":0,"max":1,"localizedNames":{"nb":"Tilstedeværelse"},"localizedDescriptions":{"nb":"Tilstedeværelse av beskrevet faktor. Tilstedeværelse kan angis på foskjellig måte og behovene vil være foskjellige avhengis av situasjon. En vil noen gang kun ha behov for å bekrefte at faktoren er til stede, andre ganger vil man også eksplisitt ønske å angi at nevnt faktor ikke er tilstede. Noen ganger er infomrasjonen ikke etterspurt eller ikke aktuell i denne sammenheng."},"aqlPath":"/content[openEHR-EHR-SECTION.adhoc.v1,'Evaluering av risiko for komplikasjoner']/items[openEHR-EHR-OBSERVATION.poor_outcome_and_or_complication_risk_assesement.v1,'Medikamenter og allergier']/data[at0001]/events[at0002]/data[at0003]/items[at0009,'Allergier']/items[at0011]/value","inputs":[{"type":"BOOLEAN"}],"fid":"klinisk_kontakt/evaluering_av_risiko_for_komplikasjoner/medikamenter_og_allergier/allergier/tilstedeværelse","formId":"klinisk_kontakt/evaluering_av_risiko_for_komplikasjoner/medikamenter_og_allergier/allergier/tilstedeværelse","viewConfig":{"label":{"custom":true,"value":"Har allergi","useLocalizations":true,"localizationsList":{"nb":"Har allergi"}},"advanced":{"hidden":false,"readonly":false},"multiplicity":{"min":"0","max":"1"},"size":{"field":"inherit","label":"inherit","fill":"inherit"},"layout":{"label":{"valign":"inherit","align":"inherit"},"field":{"valign":"inherit","align":"inherit"}},"tags":["ShowAsRadios"],"datasource":{"loadRemote":false,"loadRemoteUrl":"","terminology":""},"annotations":{"select":"{#medikamenter_allergier:/items[at0009,'Allergier']/items[at0011]/value}","description":"Har pasienten allergier?"},"field":{"input":{"threeState":false}}},"defaultValue":{"value":""}},{"name":"Helsefaktor navn/egenskap","localizedName":"Helsefaktor navn/egenskap","rmType":"DV_TEXT","nodeId":"at0010","min":0,"max":-1,"localizedNames":{"nb":"Helsefaktor navn/egenskap"},"localizedDescriptions":{"nb":"Navn på helsefaktor som utgjør en rsiko for dårlig utfall. Når bruk av medisiner er helsefaktoren vil navnet helsefaktor navn være en substansgrupppe eller navn på medikamentene pasienten bruker. Når helsefaktor er pasientstatus kan det være en egneskap ved pasientens sirkulasjon f.eks. høyt blodtrykk. "},"aqlPath":"/content[openEHR-EHR-SECTION.adhoc.v1,'Evaluering av risiko for komplikasjoner']/items[openEHR-EHR-OBSERVATION.poor_outcome_and_or_complication_risk_assesement.v1,'Medikamenter og allergier']/data[at0001]/events[at0002]/data[at0003]/items[at0009,'Allergier']/items[at0010]/value","inputs":[{"type":"TEXT"}],"fid":"klinisk_kontakt/evaluering_av_risiko_for_komplikasjoner/medikamenter_og_allergier/allergier/helsefaktor_navn_egenskap","formId":"klinisk_kontakt/evaluering_av_risiko_for_komplikasjoner/medikamenter_og_allergier/allergier/helsefaktor_navn_egenskap","viewConfig":{"label":{"custom":true,"value":"Allergen","useLocalizations":true,"localizationsList":{"nb":"Allergen"}},"annotations":{"select":"{#medikamenter_allergier:/items[at0009,'Allergier']/items[at0010]/value}","description":"Navn på stoff, medikament, legemiddel etc., som pasienten er allergisk mot"},"advanced":{"hidden":false,"readonly":false},"multiplicity":{"min":"0","max":"100"},"size":{"field":"inherit","label":"inherit","fill":"inherit"},"layout":{"label":{"valign":"inherit","align":"top"},"field":{"valign":"inherit","align":"inherit"}},"tags":[],"datasource":{"loadRemote":false,"loadRemoteUrl":"","terminology":""},"field":{"input":{"presentation":"textfield"}}},"defaultValue":{"value":""}},{"name":"Tobakksbruk?","localizedName":"Tobakksbruk?","rmType":"DV_BOOLEAN","nodeId":"at0004","min":0,"max":1,"localizedNames":{"nb":"Tobakksbruk?"},"localizedDescriptions":{"nb":"Brukes tobakk av en eller annen type?"},"annotations":{"comment":"Registrer som Sann dersom individet bruker tobakk. Registrer som Usann dersom individet ikke bruker tobakk."},"aqlPath":"/content[openEHR-EHR-SECTION.adhoc.v1,'Evaluering av risiko for komplikasjoner']/items[openEHR-EHR-OBSERVATION.tobacco_use.v1]/data[at0001]/events[at0002]/data[at0003]/items[at0004]/value","inputs":[{"type":"BOOLEAN"}],"fid":"klinisk_kontakt/evaluering_av_risiko_for_komplikasjoner/tobakksbruk/tobakksbruk","formId":"klinisk_kontakt/evaluering_av_risiko_for_komplikasjoner/tobakksbruk/tobakksbruk","viewConfig":{"label":{"custom":true,"value":"Bruker tobakk","useLocalizations":true,"localizationsList":{"nb":"Bruker tobakk"}},"advanced":{"hidden":false,"readonly":false},"multiplicity":{"min":"0","max":"1"},"size":{"field":"inherit","label":"inherit","fill":"inherit"},"layout":{"label":{"valign":"inherit","align":"inherit"},"field":{"valign":"inherit","align":"inherit"}},"tags":["ShowAsRadios"],"datasource":{"loadRemote":false,"loadRemoteUrl":"","terminology":""},"annotations":{"select":"{#tobakk:/data[at0001]/events[at0002]/data[at0003]/items[at0004]/value}"},"field":{"input":{"threeState":false}}},"defaultValue":{"value":""}},{"name":"Type","localizedName":"Type","rmType":"DV_TEXT","nodeId":"at0006","min":0,"max":1,"localizedNames":{"nb":"Type"},"localizedDescriptions":{"nb":"Type tobakk som brukes eller forbrukes."},"annotations":{"comment":"Den geografiske og kulturelle variasjon i vanlig brukte typer tobakk varierer betydelig, så denne verdien bør ikke spesifiseres i arketypen. Derimot er koding av \"Type\" med terminologi ønskelig når mulig."},"aqlPath":"/content[openEHR-EHR-SECTION.adhoc.v1,'Evaluering av risiko for komplikasjoner']/items[openEHR-EHR-OBSERVATION.tobacco_use.v1]/data[at0001]/events[at0002]/data[at0003]/items[at0005]/items[at0006]/value","inputs":[{"type":"TEXT","list":[{"value":"Sigaretter","label":"Sigaretter"},{"value":"Rulletobakk","label":"Rulletobakk"},{"value":"Sigar","label":"Sigar"},{"value":"Pipe","label":"Pipe"},{"value":"Vannpipe","label":"Vannpipe"},{"value":"Tobakk uten røyk","label":"Tobakk uten røyk"}],"listOpen":false}],"fid":"klinisk_kontakt/evaluering_av_risiko_for_komplikasjoner/tobakksbruk/detaljer_om_bruk/type","defaultValue":{"value":""},"formId":"klinisk_kontakt/evaluering_av_risiko_for_komplikasjoner/tobakksbruk/detaljer_om_bruk/type","viewConfig":{"label":{"custom":true,"value":"Form","useLocalizations":true,"localizationsList":{"nb":"Form"}},"advanced":{"hidden":false,"readonly":false},"multiplicity":{"min":"0","max":"1"},"size":{"field":"inherit","label":"inherit","fill":"inherit"},"layout":{"label":{"valign":"inherit","align":"inherit"},"field":{"valign":"inherit","align":"inherit"}},"tags":["ShowAsCombobox"],"datasource":{"loadRemote":false,"loadRemoteUrl":"","terminology":""},"annotations":{"select":"{#tobakk:/data[at0001]/events[at0002]/data[at0003]/items[at0005]/items[at0006]/value}"},"field":{"input":{"presentation":"textfield"}}}},{"name":"Antall røkt","localizedName":"Antall røkt","rmType":"DV_QUANTITY","nodeId":"at0014","min":0,"max":1,"localizedNames":{"nb":"Antall røkt"},"localizedDescriptions":{"nb":"Antall enheter som inneholder tobakk som er røkt."},"annotations":{"comment":"For eksempel sigaretter eller sigarer."},"aqlPath":"/content[openEHR-EHR-SECTION.adhoc.v1,'Evaluering av risiko for komplikasjoner']/items[openEHR-EHR-OBSERVATION.tobacco_use.v1]/data[at0001]/events[at0002]/data[at0003]/items[at0005]/items[at0015]/items[at0014]/value","inputs":[{"suffix":"magnitude","type":"DECIMAL"},{"suffix":"unit","type":"CODED_TEXT","list":[{"value":"/d","label":"/d"},{"value":"/wk","label":"/wk"},{"value":"/mo","label":"/mo"}]}],"fid":"klinisk_kontakt/evaluering_av_risiko_for_komplikasjoner/tobakksbruk/detaljer_om_bruk/mengde/antall_røkt","formId":"klinisk_kontakt/evaluering_av_risiko_for_komplikasjoner/tobakksbruk/detaljer_om_bruk/mengde/antall_røkt","viewConfig":{"field":{"magnitude":{"presentation":"combobox"}},"annotations":{"select":"{#tobakk:/data[at0001]/events[at0002]/data[at0003]/items[at0005]/items[at0015]/items[at0014]/value}"},"size":{"field":"inherit","label":"inherit","fill":"inherit"},"layout":{"field":{"valign":"inherit","align":"inherit"}},"datasource":{"loadRemote":false,"loadRemoteUrl":"","terminology":""}},"defaultValue":{"unit":""}},{"name":"Mengde konsumert","localizedName":"Mengde konsumert","rmType":"DV_QUANTITY","nodeId":"at0016","min":0,"max":1,"localizedNames":{"nb":"Mengde konsumert"},"localizedDescriptions":{"nb":"Vekten til tobakksmengden som er konsumert."},"annotations":{"comment":"For eksempel røkt i en pipe eller mengde tyggetobakk."},"aqlPath":"/content[openEHR-EHR-SECTION.adhoc.v1,'Evaluering av risiko for komplikasjoner']/items[openEHR-EHR-OBSERVATION.tobacco_use.v1]/data[at0001]/events[at0002]/data[at0003]/items[at0005]/items[at0015]/items[at0016]/value","inputs":[{"suffix":"magnitude","type":"DECIMAL"},{"suffix":"unit","type":"CODED_TEXT","list":[{"value":"g/d","label":"g/d"},{"value":"g/wk","label":"g/wk"}]}],"fid":"klinisk_kontakt/evaluering_av_risiko_for_komplikasjoner/tobakksbruk/detaljer_om_bruk/mengde/mengde_konsumert","formId":"klinisk_kontakt/evaluering_av_risiko_for_komplikasjoner/tobakksbruk/detaljer_om_bruk/mengde/mengde_konsumert","viewConfig":{"field":{"magnitude":{"presentation":"combobox"}},"annotations":{"select":"{#tobakk:/data[at0001]/events[at0002]/data[at0003]/items[at0005]/items[at0015]/items[at0016]/value}"},"size":{"field":"inherit","label":"inherit","fill":"inherit"},"layout":{"field":{"valign":"inherit","align":"inherit"}},"datasource":{"loadRemote":false,"loadRemoteUrl":"","terminology":""}},"defaultValue":{"unit":""}}],"viewConfig":{"label":{"custom":false,"value":"","useLocalizations":false,"localizationsList":{}},"advanced":{"hidden":false,"readonly":false,"render":false},"multiplicity":{"min":"0","max":"1"},"size":{"field":"large","label":"inherit","fill":"inherit"},"layout":{"label":{"valign":"inherit","align":"inherit"},"field":{"valign":"inherit","align":"inherit"}},"tags":["HideLabel"],"field":{}}},{"name":"Viktig informasjon","localizedName":"Viktig informasjon","rmType":"CLUSTER","nodeId":"openEHR-EHR-CLUSTER.important_information.v1","min":0,"max":1,"localizedNames":{"nb":"Viktig informasjon"},"localizedDescriptions":{"nb":"Beskriver viktig informasjon i forbindelse med behandling, utredning eller andre helstjenester som ytes for en pasient."},"aqlPath":"/content[openEHR-EHR-SECTION.adhoc.v1,'Plan']/items[openEHR-EHR-INSTRUCTION.request-procedure.v1]/activities[at0001]/description[at0009]/items[openEHR-EHR-CLUSTER.important_information.v1]","children":[{"name":"Viktig informasjon","localizedName":"Viktig informasjon","rmType":"DV_TEXT","nodeId":"at0001","min":0,"max":1,"localizedNames":{"nb":"Viktig informasjon"},"localizedDescriptions":{"nb":"En narrativ beskrivelse av viktig informasjon."},"aqlPath":"/content[openEHR-EHR-SECTION.adhoc.v1,'Plan']/items[openEHR-EHR-INSTRUCTION.request-procedure.v1]/activities[at0001]/description[at0009]/items[openEHR-EHR-CLUSTER.important_information.v1]/items[at0001]/value","inputs":[{"type":"TEXT"}],"formId":"klinisk_kontakt/plan/prosedyrerekvirering/rekvirering/viktig_informasjon/viktig_informasjon","viewConfig":{"annotations":{"select":"{#importantinfo:/items[at0001]/value}","nullflavour":"271"},"label":{"custom":false,"value":"","useLocalizations":false,"localizationsList":{}},"advanced":{"hidden":false,"readonly":false},"multiplicity":{"min":"0","max":"1"},"size":{"field":"inherit","label":-1,"fill":"inherit"},"layout":{"label":{"valign":"inherit","align":"inherit"},"field":{"valign":"inherit","align":"inherit"}},"tags":[],"datasource":{"loadRemote":false,"loadRemoteUrl":"","terminology":""},"field":{"input":{"presentation":"textfield"}}},"defaultValue":{"value":""},"fid":"klinisk_kontakt/plan/prosedyrerekvirering/rekvirering/viktig_informasjon/viktig_informasjon"}],"fid":"klinisk_kontakt/plan/prosedyrerekvirering/rekvirering/viktig_informasjon","formId":"klinisk_kontakt/plan/prosedyrerekvirering/rekvirering/viktig_informasjon","viewConfig":{"annotations":{"HeaderSize":"text","AlertType":"important"},"label":{"custom":false,"value":"","useLocalizations":false,"localizationsList":{}},"advanced":{"hidden":false,"readonly":false,"render":false},"multiplicity":{"min":"1","max":"1"},"size":{"field":"inherit","label":"inherit","fill":"inherit"},"layout":{"label":{"valign":"inherit","align":"inherit"},"field":{"valign":"inherit","align":"inherit"}},"tags":[],"field":{}}},{"localizedName":"Fieldset","localizedNames":{"nb":"Status"},"min":0,"max":-1,"name":"Fieldset","rmType":"GENERIC_FIELDSET","fid":"generic-field-83770","formId":"generic-field-83770","children":[{"name":"ASA-status","localizedName":"ASA-status","rmType":"DV_CODED_TEXT","nodeId":"at0001","min":0,"max":1,"localizedNames":{"nb":"ASA-status"},"localizedDescriptions":{"nb":"Et individs vurderte preoperative status."},"aqlPath":"/content[openEHR-EHR-SECTION.adhoc.v1,'Evaluering av risiko for komplikasjoner']/items[openEHR-EHR-OBSERVATION.poor_outcome_and_or_complication_risk_assesement.v1,'Pasientstatus']/data[at0001]/events[at0002]/data[at0003]/items[openEHR-EHR-CLUSTER.asa_status.v1]/items[at0001]/value","inputs":[{"suffix":"code","type":"CODED_TEXT","list":[{"value":"at0003","label":"ASA I","localizedLabels":{"nb":"ASA I"},"localizedDescriptions":{"nb":"Frisk pasient. Ingen organisk, fysiologisk, biokjemisk eller psykiatrisk forstyrrelse. Den aktuelle lidelsen er lokalisert og gir ikke generelle systemforstyrrelser. Mindre enn 5 sigaretters røyking per dag. Alder under 80 år. Eksempel: Frisk 50-åring, ikke-røyker, til åreknuteoperasjon."}},{"value":"at0004","label":"ASA II","localizedLabels":{"nb":"ASA II"},"localizedDescriptions":{"nb":"Moderat organisk lidelse eller forstyrrelse som ikke forårsaker funksjonelle begrensninger, men som kan medføre spesielle forholdsregler eller anestesitekniske tiltak. Lidelsen(e) kan enten være forårsaket av den aktuelle sykdommen pasienten skal opereres for, eller av en annen patologisk prosess. Alder over 80 år og nyfødte under 3 måneder. Mer enn 5 sigaretters røyking per dag. Eksempler: Lett organisk hjertesykdom. Ukomplisert diabetes (type 1 og 2). Godartet, ukomplisert hypertensjon. Frisk 20-åring med kjeveleddsperre."}},{"value":"at0005","label":"ASA III","localizedLabels":{"nb":"ASA III"},"localizedDescriptions":{"nb":"Alvorlig organisk sykdom eller forstyrrelse som gir definerte funksjonelle begrensninger. Eksempler: Diabetes med organkomplikasjoner. Invalidiserende hjertesykdom. Moderat til alvorlig lungesykdom. Angina pectoris. Gjennomgått hjerteinfarkt (mer enn 6 måneder siden)."}},{"value":"at0006","label":"ASA IV","localizedLabels":{"nb":"ASA IV"},"localizedDescriptions":{"nb":"Livstruende organisk sykdom som ikke behøver å være relatert til den aktuelle kirurgiske lidelsen eller som ikke alltid bedres ved det kirurgiske inngrepet. Eksempler: Malign hypertensjon. Nylig gjennomgått hjerteinfarkt (mindre enn 6 måneder siden). Sterkt framskreden lever-, nyre-, lunge- eller endokrin dysfunksjon. Manifest hjertesvikt. Ustabil angina pectoris. Subaraknoidalblødning, pasienten våken eller somnolent."}},{"value":"at0007","label":"ASA V","localizedLabels":{"nb":"ASA V"},"localizedDescriptions":{"nb":"Moribund pasient som ikke forventes å overleve 24 timer, med eller uten kirurgi. Eksempler: Pasient i sjokk med aortaaneurisme. Dypt komatøs pasient med intrakraniell blødning."}},{"value":"at0008","label":"ASA VI","localizedLabels":{"nb":"ASA VI"},"localizedDescriptions":{"nb":"Erklært hjernedød pasient som skal få organer fjernet for donasjon."}}]}],"fid":"klinisk_kontakt/evaluering_av_risiko_for_komplikasjoner/pasientstatus/asa-klassifikasjon/asa-status","formId":"klinisk_kontakt/evaluering_av_risiko_for_komplikasjoner/pasientstatus/asa-klassifikasjon/asa-status","viewConfig":{"annotations":{"select":"{#asa:/items[at0001]/value}","nullflavour":"271"},"size":{"field":"inherit","label":"inherit","fill":"inherit"},"layout":{"field":{"valign":"inherit","align":"inherit"}},"datasource":{"loadRemote":false,"loadRemoteUrl":"","terminology":""},"field":{"code":{"presentation":"combobox"}}},"defaultValue":{"code":""}},{"name":"Kommentar","localizedName":"Kommentar","rmType":"DV_TEXT","nodeId":"at0014","min":0,"max":1,"localizedNames":{"nb":"Kommentar"},"localizedDescriptions":{"nb":"Fritekstvurdering av individets ASA-status."},"aqlPath":"/content[openEHR-EHR-SECTION.adhoc.v1,'Evaluering av risiko for komplikasjoner']/items[openEHR-EHR-OBSERVATION.poor_outcome_and_or_complication_risk_assesement.v1,'Pasientstatus']/data[at0001]/events[at0002]/data[at0003]/items[openEHR-EHR-CLUSTER.asa_status.v1]/items[at0014]/value","inputs":[{"type":"TEXT"}],"fid":"klinisk_kontakt/evaluering_av_risiko_for_komplikasjoner/pasientstatus/asa-klassifikasjon/kommentar","formId":"klinisk_kontakt/evaluering_av_risiko_for_komplikasjoner/pasientstatus/asa-klassifikasjon/kommentar","viewConfig":{"label":{"custom":true,"value":"Merknad ASA","useLocalizations":true,"localizationsList":{"nb":"Merknad ASA"}},"advanced":{"hidden":false,"readonly":false},"multiplicity":{"min":"0","max":"1"},"size":{"field":"inherit","label":"inherit","fill":"inherit"},"layout":{"label":{"valign":"inherit","align":"inherit"},"field":{"valign":"inherit","align":"inherit"}},"tags":[],"datasource":{"loadRemote":false,"loadRemoteUrl":"","terminology":""},"annotations":{"select":"{#asa:/items[at0014]/value}","description":"Kommentar om ASA pasientstatus vurderingen","nullflavour":"271"},"field":{"input":{"presentation":"textfield"}}},"defaultValue":{"value":""}},{"name":"Helsefaktor navn/egenskap","localizedName":"Helsefaktor navn/egenskap","rmType":"DV_TEXT","nodeId":"at0010","min":0,"max":-1,"localizedNames":{"nb":"Helsefaktor navn/egenskap"},"localizedDescriptions":{"nb":"Navn på helsefaktor som utgjør en rsiko for dårlig utfall. Når bruk av medisiner er helsefaktoren vil navnet helsefaktor navn være en substansgrupppe eller navn på medikamentene pasienten bruker. Når helsefaktor er pasientstatus kan det være en egneskap ved pasientens sirkulasjon f.eks. høyt blodtrykk. "},"aqlPath":"/content[openEHR-EHR-SECTION.adhoc.v1,'Evaluering av risiko for komplikasjoner']/items[openEHR-EHR-OBSERVATION.poor_outcome_and_or_complication_risk_assesement.v1,'Pasientstatus']/data[at0001]/events[at0002]/data[at0003]/items[at0009,'Sirkulasjon']/items[at0010]/value","inputs":[{"type":"TEXT","list":[{"value":"Hjertesvikt","label":"Hjertesvikt"},{"value":"Korornarsykdom","label":"Korornarsykdom"},{"value":"Hypertensjon","label":"Hypertensjon"},{"value":"Arrytmi","label":"Arrytmi"},{"value":"Annet","label":"Annet"}],"listOpen":true}],"fid":"klinisk_kontakt/evaluering_av_risiko_for_komplikasjoner/pasientstatus/sirkulasjon/helsefaktor_navn_egenskap","formId":"klinisk_kontakt/evaluering_av_risiko_for_komplikasjoner/pasientstatus/sirkulasjon/helsefaktor_navn_egenskap","viewConfig":{"label":{"custom":true,"value":"Sirkulasjon","useLocalizations":true,"localizationsList":{"nb":"Sirkulasjon"}},"advanced":{"hidden":false,"readonly":false},"multiplicity":{"min":"0","max":"100"},"size":{"field":"inherit","label":"inherit","fill":"inherit"},"layout":{"label":{"valign":"inherit","align":"inherit"},"field":{"valign":"inherit","align":"inherit"}},"tags":["ShowAsMultiCombobox"],"datasource":{"loadRemote":false,"loadRemoteUrl":"","terminology":""},"annotations":{"select":"{#pasientstatus:/data[at0001]/events[at0002]/data[at0003]/items[at0009 and name/value='Sirkulasjon']/items[at0010]/value}","description":"Kjente sykdommer i sirkulasjonssystemet."},"field":{"input":{"presentation":"textfield"}}},"defaultValue":{"value":""}},{"name":"Tilstedeværelse","localizedName":"Tilstedeværelse","rmType":"DV_BOOLEAN","nodeId":"at0011","min":0,"max":1,"localizedNames":{"nb":"Tilstedeværelse"},"localizedDescriptions":{"nb":"Tilstedeværelse av beskrevet faktor. Tilstedeværelse kan angis på foskjellig måte og behovene vil være foskjellige avhengis av situasjon. En vil noen gang kun ha behov for å bekrefte at faktoren er til stede, andre ganger vil man også eksplisitt ønske å angi at nevnt faktor ikke er tilstede. Noen ganger er infomrasjonen ikke etterspurt eller ikke aktuell i denne sammenheng."},"aqlPath":"/content[openEHR-EHR-SECTION.adhoc.v1,'Evaluering av risiko for komplikasjoner']/items[openEHR-EHR-OBSERVATION.poor_outcome_and_or_complication_risk_assesement.v1,'Pasientstatus']/data[at0001]/events[at0002]/data[at0003]/items[at0009,'Sirkulasjon']/items[at0011]/value","inputs":[{"type":"BOOLEAN"}],"fid":"klinisk_kontakt/evaluering_av_risiko_for_komplikasjoner/pasientstatus/sirkulasjon/tilstedeværelse","formId":"klinisk_kontakt/evaluering_av_risiko_for_komplikasjoner/pasientstatus/sirkulasjon/tilstedeværelse","viewConfig":{"annotations":{"select":"{#pasientstatus:/data[at0001]/events[at0002]/data[at0003]/items[at0009 and name/value='Sirkulasjon']/items[at0011]/value}"},"label":{"custom":true,"value":"Tilstedeværelse sirkulasjon","useLocalizations":false,"localizationsList":{}},"advanced":{"hidden":true,"readonly":false},"multiplicity":{"min":"0","max":"1"},"size":{"field":"inherit","label":"inherit","fill":"inherit"},"layout":{"label":{"valign":"inherit","align":"inherit"},"field":{"valign":"inherit","align":"inherit"}},"tags":[],"datasource":{"loadRemote":false,"loadRemoteUrl":"","terminology":""},"field":{"input":{"threeState":false}}},"defaultValue":{"value":false}},{"name":"Risikovurdering","localizedName":"Risikovurdering","rmType":"DV_TEXT","nodeId":"at0013","min":0,"max":1,"localizedNames":{"nb":"Risikovurdering"},"localizedDescriptions":{"nb":"Vurdering av rsiko som denne helsefaktoren utgjør for utfallet til behandlingen. Det er ønskelig å bruke kodet tekst der dette er mulig og naturlig."},"aqlPath":"/content[openEHR-EHR-SECTION.adhoc.v1,'Evaluering av risiko for komplikasjoner']/items[openEHR-EHR-OBSERVATION.poor_outcome_and_or_complication_risk_assesement.v1,'Pasientstatus']/data[at0001]/events[at0002]/data[at0003]/items[at0009,'Sirkulasjon']/items[at0013]/value","inputs":[{"type":"TEXT"}],"fid":"klinisk_kontakt/evaluering_av_risiko_for_komplikasjoner/pasientstatus/sirkulasjon/risikovurdering","formId":"klinisk_kontakt/evaluering_av_risiko_for_komplikasjoner/pasientstatus/sirkulasjon/risikovurdering","viewConfig":{"label":{"custom":true,"value":"Merknad sirkulasjon","useLocalizations":true,"localizationsList":{"nb":"Merknad sirkulasjon"}},"annotations":{"select":"{#pasientstatus:/data[at0001]/events[at0002]/data[at0003]/items[at0009 and name/value='Sirkulasjon']/items[at0013]/value}","description":"Kommentar til sykdommer i sirkulasjonssystemet. "},"advanced":{"hidden":false,"readonly":false},"multiplicity":{"min":"0","max":"1"},"size":{"field":"inherit","label":"inherit","fill":"inherit"},"layout":{"label":{"valign":"inherit","align":"inherit"},"field":{"valign":"inherit","align":"inherit"}},"tags":[],"datasource":{"loadRemote":false,"loadRemoteUrl":"","terminology":""},"field":{"input":{"presentation":"textfield"}}},"defaultValue":{"value":""}},{"name":"Funksjonell kapasitet","localizedName":"Funksjonell kapasitet","rmType":"DV_CODED_TEXT","nodeId":"at0001","min":0,"max":1,"localizedNames":{"nb":"Funksjonell kapasitet"},"localizedDescriptions":{"nb":"Den funksjonelle klassifiseringen av hjertesvikt, basert på pasientsymptomer."},"aqlPath":"/content[openEHR-EHR-SECTION.adhoc.v1,'Evaluering av risiko for komplikasjoner']/items[openEHR-EHR-OBSERVATION.poor_outcome_and_or_complication_risk_assesement.v1,'Pasientstatus']/data[at0001]/events[at0002]/data[at0003]/items[openEHR-EHR-CLUSTER.nyha_heart_failure.v1]/items[at0001]/value","inputs":[{"suffix":"code","type":"CODED_TEXT","list":[{"value":"at0002","label":"Klasse I","localizedLabels":{"nb":"Klasse I"},"localizedDescriptions":{"nb":"Ingen begrensninger i fysisk kapasitet. Vanlig fysisk aktivitet forårsaker ikke uvanlig tretthet, hjertebank eller pustebesvær."}},{"value":"at0003","label":"Klasse II","localizedLabels":{"nb":"Klasse II"},"localizedDescriptions":{"nb":"Liten begrensning i fysisk kapasitet. Har det bra i hvile. Vanlig fysisk aktivitet forårsaker tretthet, hjertebank eller pustebesvær."}},{"value":"at0004","label":"Klasse III","localizedLabels":{"nb":"Klasse III"},"localizedDescriptions":{"nb":"Merkbar begrensning i fysisk kapasitet. Har det bra i hvile. Mindre enn vanlig fysisk aktivitet forårsaker tretthet, hjertebank eller pustebesvær."}},{"value":"at0005","label":"Klasse IV","localizedLabels":{"nb":"Klasse IV"},"localizedDescriptions":{"nb":"Ikke i stand til å utføre fysisk aktivitet uten ubehag. Symptomer på hjertesvikt i hvile. Hvis fysisk aktivitet utføres, øker ubehaget."}}]}],"fid":"klinisk_kontakt/evaluering_av_risiko_for_komplikasjoner/pasientstatus/nyha_klassifikasjon_av_hjertesvikt/funksjonell_kapasitet","formId":"klinisk_kontakt/evaluering_av_risiko_for_komplikasjoner/pasientstatus/nyha_klassifikasjon_av_hjertesvikt/funksjonell_kapasitet","viewConfig":{"annotations":{"select":"{#nyha:/items[at0001]/value}","nullflavour":"271"},"label":{"custom":true,"value":"NYHA klassifikasjon av hjertesvikt","useLocalizations":true,"localizationsList":{"nb":"NYHA klassifikasjon av hjertesvikt"}},"advanced":{"hidden":false,"readonly":false},"multiplicity":{"min":"0","max":"1"},"size":{"field":"inherit","label":"inherit","fill":"inherit"},"layout":{"label":{"valign":"inherit","align":"inherit"},"field":{"valign":"inherit","align":"inherit"}},"tags":[],"datasource":{"loadRemote":false,"loadRemoteUrl":"","terminology":""},"field":{"code":{"presentation":"combobox"}}},"defaultValue":{"code":""}},{"name":"Helsefaktor navn/egenskap","localizedName":"Helsefaktor navn/egenskap","rmType":"DV_TEXT","nodeId":"at0010","min":0,"max":-1,"localizedNames":{"nb":"Helsefaktor navn/egenskap"},"localizedDescriptions":{"nb":"Navn på helsefaktor som utgjør en rsiko for dårlig utfall. Når bruk av medisiner er helsefaktoren vil navnet helsefaktor navn være en substansgrupppe eller navn på medikamentene pasienten bruker. Når helsefaktor er pasientstatus kan det være en egneskap ved pasientens sirkulasjon f.eks. høyt blodtrykk. "},"aqlPath":"/content[openEHR-EHR-SECTION.adhoc.v1,'Evaluering av risiko for komplikasjoner']/items[openEHR-EHR-OBSERVATION.poor_outcome_and_or_complication_risk_assesement.v1,'Pasientstatus']/data[at0001]/events[at0002]/data[at0003]/items[at0009,'Respirasjon']/items[at0010]/value","inputs":[{"type":"TEXT","list":[{"value":"KOLS","label":"KOLS"},{"value":"Astma","label":"Astma"},{"value":"Restriktiv lungesykdom","label":"Restriktiv lungesykdom"},{"value":"Søvnapne","label":"Søvnapne"},{"value":"Annet","label":"Annet"}],"listOpen":true}],"fid":"klinisk_kontakt/evaluering_av_risiko_for_komplikasjoner/pasientstatus/respirasjon/helsefaktor_navn_egenskap","formId":"klinisk_kontakt/evaluering_av_risiko_for_komplikasjoner/pasientstatus/respirasjon/helsefaktor_navn_egenskap","viewConfig":{"label":{"custom":true,"value":"Respirasjon","useLocalizations":true,"localizationsList":{"nb":"Respirasjon"}},"advanced":{"hidden":false,"readonly":false},"multiplicity":{"min":"0","max":"100"},"size":{"field":"inherit","label":"inherit","fill":"inherit"},"layout":{"label":{"valign":"inherit","align":"inherit"},"field":{"valign":"inherit","align":"inherit"}},"tags":["ShowAsMultiCombobox"],"datasource":{"loadRemote":false,"loadRemoteUrl":"","terminology":""},"annotations":{"description":"Kjente sykdommer i respirasjonssystemet.","select":"{#pasientstatus:/data[at0001]/events[at0002]/data[at0003]/items[at0009 and name/value='Respirasjon']/items[at0010]/value}"},"field":{"input":{"presentation":"textfield"}}},"defaultValue":{"value":""}},{"name":"Tilstedeværelse","localizedName":"Tilstedeværelse","rmType":"DV_BOOLEAN","nodeId":"at0011","min":0,"max":1,"localizedNames":{"nb":"Tilstedeværelse"},"localizedDescriptions":{"nb":"Tilstedeværelse av beskrevet faktor. Tilstedeværelse kan angis på foskjellig måte og behovene vil være foskjellige avhengis av situasjon. En vil noen gang kun ha behov for å bekrefte at faktoren er til stede, andre ganger vil man også eksplisitt ønske å angi at nevnt faktor ikke er tilstede. Noen ganger er infomrasjonen ikke etterspurt eller ikke aktuell i denne sammenheng."},"annotations":{"view:pass_through":"true"},"aqlPath":"/content[openEHR-EHR-SECTION.adhoc.v1,'Evaluering av risiko for komplikasjoner']/items[openEHR-EHR-OBSERVATION.poor_outcome_and_or_complication_risk_assesement.v1,'Pasientstatus']/data[at0001]/events[at0002]/data[at0003]/items[at0009,'Respirasjon']/items[at0011]/value","inputs":[{"type":"BOOLEAN"}],"fid":"klinisk_kontakt/evaluering_av_risiko_for_komplikasjoner/pasientstatus/respirasjon/tilstedeværelse","formId":"klinisk_kontakt/evaluering_av_risiko_for_komplikasjoner/pasientstatus/respirasjon/tilstedeværelse","viewConfig":{"label":{"custom":true,"value":"Tilstedeværelse respirasjon","useLocalizations":true,"localizationsList":{"nb":"Tilstedeværelse respirasjon"}},"annotations":{"select":"{#pasientstatus:/data[at0001]/events[at0002]/data[at0003]/items[at0009 and name/value='Respirasjon']/items[at0011]/value}"},"advanced":{"hidden":true,"readonly":false},"multiplicity":{"min":"0","max":"1"},"size":{"field":"inherit","label":"inherit","fill":"inherit"},"layout":{"label":{"valign":"inherit","align":"inherit"},"field":{"valign":"inherit","align":"inherit"}},"tags":[],"datasource":{"loadRemote":false,"loadRemoteUrl":"","terminology":""},"field":{"input":{"threeState":false}}},"defaultValue":{"value":false}},{"name":"Risikovurdering","localizedName":"Risikovurdering","rmType":"DV_TEXT","nodeId":"at0013","min":0,"max":1,"localizedNames":{"nb":"Risikovurdering"},"localizedDescriptions":{"nb":"Vurdering av rsiko som denne helsefaktoren utgjør for utfallet til behandlingen. Det er ønskelig å bruke kodet tekst der dette er mulig og naturlig."},"aqlPath":"/content[openEHR-EHR-SECTION.adhoc.v1,'Evaluering av risiko for komplikasjoner']/items[openEHR-EHR-OBSERVATION.poor_outcome_and_or_complication_risk_assesement.v1,'Pasientstatus']/data[at0001]/events[at0002]/data[at0003]/items[at0009,'Respirasjon']/items[at0013]/value","inputs":[{"type":"TEXT"}],"fid":"klinisk_kontakt/evaluering_av_risiko_for_komplikasjoner/pasientstatus/respirasjon/risikovurdering","formId":"klinisk_kontakt/evaluering_av_risiko_for_komplikasjoner/pasientstatus/respirasjon/risikovurdering","viewConfig":{"label":{"custom":true,"value":"Merknad respirasjon","useLocalizations":true,"localizationsList":{"nb":"Merknad respirasjon"}},"annotations":{"select":"{#pasientstatus:/data[at0001]/events[at0002]/data[at0003]/items[at0009 and name/value='Respirasjon']/items[at0013]/value}","description":"Kommentar til sykdommer i respirasjonssystemet."},"advanced":{"hidden":false,"readonly":false},"multiplicity":{"min":"0","max":"1"},"size":{"field":"inherit","label":"inherit","fill":"inherit"},"layout":{"label":{"valign":"inherit","align":"inherit"},"field":{"valign":"inherit","align":"inherit"}},"tags":[],"datasource":{"loadRemote":false,"loadRemoteUrl":"","terminology":""},"field":{"input":{"presentation":"textfield"}}},"defaultValue":{"value":""}},{"name":"Helsefaktor navn/egenskap","localizedName":"Helsefaktor navn/egenskap","rmType":"DV_TEXT","nodeId":"at0010","min":0,"max":-1,"localizedNames":{"nb":"Helsefaktor navn/egenskap"},"localizedDescriptions":{"nb":"Navn på helsefaktor som utgjør en rsiko for dårlig utfall. Når bruk av medisiner er helsefaktoren vil navnet helsefaktor navn være en substansgrupppe eller navn på medikamentene pasienten bruker. Når helsefaktor er pasientstatus kan det være en egneskap ved pasientens sirkulasjon f.eks. høyt blodtrykk. "},"aqlPath":"/content[openEHR-EHR-SECTION.adhoc.v1,'Evaluering av risiko for komplikasjoner']/items[openEHR-EHR-OBSERVATION.poor_outcome_and_or_complication_risk_assesement.v1,'Pasientstatus']/data[at0001]/events[at0002]/data[at0003]/items[at0009,'Andre sykdommer']/items[at0010]/value","inputs":[{"type":"TEXT","list":[{"value":"CNS/nevrologi","label":"CNS/nevrologi"},{"value":"Diabetes","label":"Diabetes"},{"value":"GI-tractus/lever","label":"GI-tractus/lever"},{"value":"Dårlig ernæringstilstand","label":"Dårlig ernæringstilstand"},{"value":"Nyre/urinveier","label":"Nyre/urinveier"},{"value":"Hematologi","label":"Hematologi"},{"value":"Malign sykdom","label":"Malign sykdom"},{"value":"Psyke","label":"Psyke"},{"value":"Annet","label":"Annet"}],"listOpen":true}],"fid":"klinisk_kontakt/evaluering_av_risiko_for_komplikasjoner/pasientstatus/andre_sykdommer/helsefaktor_navn_egenskap","formId":"klinisk_kontakt/evaluering_av_risiko_for_komplikasjoner/pasientstatus/andre_sykdommer/helsefaktor_navn_egenskap","viewConfig":{"label":{"custom":true,"value":"Andre sykdommer","useLocalizations":true,"localizationsList":{"nb":"Andre sykdommer"}},"advanced":{"hidden":false,"readonly":false},"multiplicity":{"min":"0","max":"100"},"size":{"field":"inherit","label":"inherit","fill":"inherit"},"layout":{"label":{"valign":"inherit","align":"inherit"},"field":{"valign":"inherit","align":"inherit"}},"tags":["ShowAsMultiCombobox"],"datasource":{"loadRemote":false,"loadRemoteUrl":"","terminology":""},"annotations":{"select":"{#pasientstatus:/data[at0001]/events[at0002]/data[at0003]/items[at0009 and name/value='Andre sykdommer']/items[at0010]/value}","description":"Andre kjente sykdommer."},"field":{"input":{"presentation":"textfield"}}},"defaultValue":{"value":""}},{"name":"Tilstedeværelse","localizedName":"Tilstedeværelse","rmType":"DV_BOOLEAN","nodeId":"at0011","min":0,"max":1,"localizedNames":{"nb":"Tilstedeværelse"},"localizedDescriptions":{"nb":"Tilstedeværelse av beskrevet faktor. Tilstedeværelse kan angis på foskjellig måte og behovene vil være foskjellige avhengis av situasjon. En vil noen gang kun ha behov for å bekrefte at faktoren er til stede, andre ganger vil man også eksplisitt ønske å angi at nevnt faktor ikke er tilstede. Noen ganger er infomrasjonen ikke etterspurt eller ikke aktuell i denne sammenheng."},"annotations":{"view:pass_through":"true"},"aqlPath":"/content[openEHR-EHR-SECTION.adhoc.v1,'Evaluering av risiko for komplikasjoner']/items[openEHR-EHR-OBSERVATION.poor_outcome_and_or_complication_risk_assesement.v1,'Pasientstatus']/data[at0001]/events[at0002]/data[at0003]/items[at0009,'Andre helsefaktorer']/items[at0011]/value","inputs":[{"type":"BOOLEAN"}],"fid":"klinisk_kontakt/evaluering_av_risiko_for_komplikasjoner/pasientstatus/andre_helsefaktorer/tilstedeværelse","formId":"klinisk_kontakt/evaluering_av_risiko_for_komplikasjoner/pasientstatus/andre_helsefaktorer/tilstedeværelse","viewConfig":{"annotations":{"select":"{#pasientstatus:/data[at0001]/events[at0002]/data[at0003]/items[at0009 and name/value='Andre sykdommer']/items[at0011]/value}"},"label":{"custom":true,"value":"Tilstedeværelse andre sykdommer","useLocalizations":true,"localizationsList":{"nb":"Tilstedeværelse"}},"advanced":{"hidden":true,"readonly":false},"multiplicity":{"min":"0","max":"1"},"size":{"field":"inherit","label":"inherit","fill":"inherit"},"layout":{"label":{"valign":"inherit","align":"inherit"},"field":{"valign":"inherit","align":"inherit"}},"tags":[],"datasource":{"loadRemote":false,"loadRemoteUrl":"","terminology":""},"field":{"input":{"threeState":false}}},"defaultValue":{"value":false}},{"name":"Risikovurdering","localizedName":"Risikovurdering","rmType":"DV_TEXT","nodeId":"at0013","min":0,"max":1,"localizedNames":{"nb":"Risikovurdering"},"localizedDescriptions":{"nb":"Vurdering av rsiko som denne helsefaktoren utgjør for utfallet til behandlingen. Det er ønskelig å bruke kodet tekst der dette er mulig og naturlig."},"aqlPath":"/content[openEHR-EHR-SECTION.adhoc.v1,'Evaluering av risiko for komplikasjoner']/items[openEHR-EHR-OBSERVATION.poor_outcome_and_or_complication_risk_assesement.v1,'Pasientstatus']/data[at0001]/events[at0002]/data[at0003]/items[at0009,'Andre sykdommer']/items[at0013]/value","inputs":[{"type":"TEXT"}],"fid":"klinisk_kontakt/evaluering_av_risiko_for_komplikasjoner/pasientstatus/andre_sykdommer/risikovurdering","formId":"klinisk_kontakt/evaluering_av_risiko_for_komplikasjoner/pasientstatus/andre_sykdommer/risikovurdering","viewConfig":{"label":{"custom":true,"value":"Merknad andre sykdommer","useLocalizations":true,"localizationsList":{"nb":"Merknad andre sykdommer"}},"annotations":{"select":"{#pasientstatus:/data[at0001]/events[at0002]/data[at0003]/items[at0009 and name/value='Andre sykdommer']/items[at0013]/value}","description":"Kommentar til andre sykdommer."},"advanced":{"hidden":false,"readonly":false},"multiplicity":{"min":"0","max":"1"},"size":{"field":"inherit","label":"inherit","fill":"inherit"},"layout":{"label":{"valign":"inherit","align":"inherit"},"field":{"valign":"inherit","align":"inherit"}},"tags":[],"datasource":{"loadRemote":false,"loadRemoteUrl":"","terminology":""},"field":{"input":{"presentation":"textfield"}}},"defaultValue":{"value":""}},{"name":"Helsefaktor navn/egenskap","localizedName":"Helsefaktor navn/egenskap","rmType":"DV_TEXT","nodeId":"at0010","min":0,"max":-1,"localizedNames":{"nb":"Helsefaktor navn/egenskap"},"localizedDescriptions":{"nb":"Navn på helsefaktor som utgjør en rsiko for dårlig utfall. Når bruk av medisiner er helsefaktoren vil navnet helsefaktor navn være en substansgrupppe eller navn på medikamentene pasienten bruker. Når helsefaktor er pasientstatus kan det være en egneskap ved pasientens sirkulasjon f.eks. høyt blodtrykk. "},"aqlPath":"/content[openEHR-EHR-SECTION.adhoc.v1,'Evaluering av risiko for komplikasjoner']/items[openEHR-EHR-OBSERVATION.poor_outcome_and_or_complication_risk_assesement.v1,'Pasientstatus']/data[at0001]/events[at0002]/data[at0003]/items[at0009,'Andre helsefaktorer']/items[at0010]/value","inputs":[{"type":"TEXT","list":[{"value":"PONV/bilsyke","label":"PONV/bilsyke"},{"value":"Tidligere anestesi","label":"Tidligere anestesi"},{"value":"Stimulantia","label":"Stimulantia"},{"value":"Annet","label":"Annet"}],"listOpen":true}],"fid":"klinisk_kontakt/evaluering_av_risiko_for_komplikasjoner/pasientstatus/andre_helsefaktorer/helsefaktor_navn_egenskap","formId":"klinisk_kontakt/evaluering_av_risiko_for_komplikasjoner/pasientstatus/andre_helsefaktorer/helsefaktor_navn_egenskap","viewConfig":{"label":{"custom":true,"value":"Andre helsefaktorer","useLocalizations":true,"localizationsList":{"nb":"Andre helsefaktorer"}},"advanced":{"hidden":false,"readonly":false},"multiplicity":{"min":"0","max":"100"},"size":{"field":"inherit","label":"inherit","fill":"inherit"},"layout":{"label":{"valign":"inherit","align":"inherit"},"field":{"valign":"inherit","align":"inherit"}},"tags":["ShowAsMultiCombobox"],"datasource":{"loadRemote":false,"loadRemoteUrl":"","terminology":""},"annotations":{"select":"{#pasientstatus:/data[at0001]/events[at0002]/data[at0003]/items[at0009 and name/value='Andre helsefaktorer']/items[at0010]/value}","description":"Andre kjente helsefaktorer hos pasienten."},"field":{"input":{"presentation":"textfield"}}},"defaultValue":{"value":""}},{"name":"Risikovurdering","localizedName":"Risikovurdering","rmType":"DV_TEXT","nodeId":"at0013","min":0,"max":1,"localizedNames":{"nb":"Risikovurdering"},"localizedDescriptions":{"nb":"Vurdering av rsiko som denne helsefaktoren utgjør for utfallet til behandlingen. Det er ønskelig å bruke kodet tekst der dette er mulig og naturlig."},"aqlPath":"/content[openEHR-EHR-SECTION.adhoc.v1,'Evaluering av risiko for komplikasjoner']/items[openEHR-EHR-OBSERVATION.poor_outcome_and_or_complication_risk_assesement.v1,'Pasientstatus']/data[at0001]/events[at0002]/data[at0003]/items[at0009,'Andre helsefaktorer']/items[at0013]/value","inputs":[{"type":"TEXT"}],"fid":"klinisk_kontakt/evaluering_av_risiko_for_komplikasjoner/pasientstatus/andre_helsefaktorer/risikovurdering","formId":"klinisk_kontakt/evaluering_av_risiko_for_komplikasjoner/pasientstatus/andre_helsefaktorer/risikovurdering","viewConfig":{"label":{"custom":true,"value":"Merknad andre helsefaktorer","useLocalizations":true,"localizationsList":{"nb":"Merknad andre helsefaktorer"}},"annotations":{"select":"{#pasientstatus:/data[at0001]/events[at0002]/data[at0003]/items[at0009 and name/value='Andre helsefaktorer']/items[at0013]/value}","description":"Kommentar til andre faktorer som kan påvirke operasjon og/eller anestesi."},"advanced":{"hidden":false,"readonly":false},"multiplicity":{"min":"0","max":"1"},"size":{"field":"inherit","label":"inherit","fill":"inherit"},"layout":{"label":{"valign":"inherit","align":"inherit"},"field":{"valign":"inherit","align":"inherit"}},"tags":[],"datasource":{"loadRemote":false,"loadRemoteUrl":"","terminology":""},"field":{"input":{"presentation":"textfield"}}},"defaultValue":{"value":""}},{"name":"Total evaluering","localizedName":"Total evaluering","rmType":"DV_TEXT","nodeId":"at0006","min":0,"max":-1,"localizedNames":{"nb":"Total evaluering"},"localizedDescriptions":{"nb":"Total evaluering av hvordan nevnte faktorer vil kunne påvirke resultatet av behandlingen. Evaluering kan være en tekstlig beskrivelse av vurderingen eller også angis som aktuelle risikofaktorer. Ved en vurdering av anestesirisiko kan evalueringen f.eks. vise forhøyet aspirasjonsrisiko og risiko for vanskelig intubasjon."},"aqlPath":"/content[openEHR-EHR-SECTION.adhoc.v1,'Evaluering av risiko for komplikasjoner']/items[openEHR-EHR-OBSERVATION.poor_outcome_and_or_complication_risk_assesement.v1,'Pasientstatus']/data[at0001]/events[at0002]/data[at0003]/items[at0006]/value","inputs":[{"type":"TEXT"}],"fid":"klinisk_kontakt/evaluering_av_risiko_for_komplikasjoner/pasientstatus/total_evaluering","formId":"klinisk_kontakt/evaluering_av_risiko_for_komplikasjoner/pasientstatus/total_evaluering","viewConfig":{"label":{"custom":true,"value":"Anestesi totalevaluering","useLocalizations":true,"localizationsList":{"nb":"Anestesi totalevaluering"}},"advanced":{"hidden":false,"readonly":false},"multiplicity":{"min":"0","max":"1"},"size":{"field":"inherit","label":"inherit","fill":"inherit"},"layout":{"label":{"valign":"inherit","align":"inherit"},"field":{"valign":"inherit","align":"inherit"}},"tags":[],"datasource":{"loadRemote":false,"loadRemoteUrl":"","terminology":""},"annotations":{"description":"En total evaluering av pasientens tilstand i forhold til risiko for operasjon og eller anestesi.","select":"{#pasientstatus:/data[at0001]/events[at0002]/data[at0003]/items[at0006 and name/value='Total evaluering']/value}"},"field":{"input":{"presentation":"textfield"}}},"defaultValue":{"value":""}}],"viewConfig":{"label":{"custom":true,"value":"Status","useLocalizations":true,"localizationsList":{"nb":"Status"}},"advanced":{"hidden":false,"readonly":false,"render":false},"multiplicity":{"min":"0","max":"1"},"size":{"field":"large","label":"inherit","fill":"inherit"},"layout":{"label":{"valign":"inherit","align":"top"},"field":{"valign":"inherit","align":"inherit"}},"tags":[],"field":{},"annotations":{}}},{"localizedName":"Fieldset","localizedNames":{"nb":"Evaluering luftvei"},"min":0,"max":-1,"name":"Fieldset","rmType":"GENERIC_FIELDSET","fid":"generic-field-25517","formId":"generic-field-25517","children":[{"name":"Helsefaktor navn/egenskap","localizedName":"Helsefaktor navn/egenskap","rmType":"DV_TEXT","nodeId":"at0010","min":0,"max":-1,"localizedNames":{"nb":"Helsefaktor navn/egenskap"},"localizedDescriptions":{"nb":"Navn på helsefaktor som utgjør en rsiko for dårlig utfall. Når bruk av medisiner er helsefaktoren vil navnet helsefaktor navn være en substansgrupppe eller navn på medikamentene pasienten bruker. Når helsefaktor er pasientstatus kan det være en egneskap ved pasientens sirkulasjon f.eks. høyt blodtrykk. "},"aqlPath":"/content[openEHR-EHR-SECTION.adhoc.v1,'Evaluering av risiko for komplikasjoner']/items[openEHR-EHR-OBSERVATION.poor_outcome_and_or_complication_risk_assesement.v1,'Evaluering av luftvei']/data[at0001]/events[at0002]/data[at0003]/items[at0009,'Luftvei']/items[at0010]/value","inputs":[{"type":"TEXT","list":[{"value":"Redusert nakkeekstensjon","label":"Redusert nakkeekstensjon"},{"value":"Dårlig tannstatus","label":"Dårlig tannstatus"},{"value":"Redusert gapeevne","label":"Redusert gapeevne"}],"listOpen":true}],"fid":"klinisk_kontakt/evaluering_av_risiko_for_komplikasjoner/evaluering_av_luftvei/luftvei/helsefaktor_navn_egenskap","formId":"klinisk_kontakt/evaluering_av_risiko_for_komplikasjoner/evaluering_av_luftvei/luftvei/helsefaktor_navn_egenskap","viewConfig":{"label":{"custom":true,"value":"Luftvei","useLocalizations":true,"localizationsList":{"nb":"Luftvei"}},"advanced":{"hidden":false,"readonly":false},"multiplicity":{"min":"0","max":"100"},"size":{"field":"inherit","label":"inherit","fill":"inherit"},"layout":{"label":{"valign":"inherit","align":"inherit"},"field":{"valign":"inherit","align":"inherit"}},"tags":["ShowAsMultiCombobox"],"datasource":{"loadRemote":false,"loadRemoteUrl":"","terminology":""},"annotations":{"select":"{#eval_luftvei:/data[at0001]/events[at0002]/data[at0003]/items[at0009 and name/value='Luftvei']/items[at0010]/value}","description":"Faktorer ved luftveier som kan utgjøre en risiko for operasjon og/eller anestesi."},"field":{"input":{"presentation":"textfield"}}},"defaultValue":{"value":""}},{"name":"Tilstedeværelse","localizedName":"Tilstedeværelse","rmType":"DV_BOOLEAN","nodeId":"at0011","min":0,"max":1,"localizedNames":{"nb":"Tilstedeværelse"},"localizedDescriptions":{"nb":"Tilstedeværelse av beskrevet faktor. Tilstedeværelse kan angis på foskjellig måte og behovene vil være foskjellige avhengis av situasjon. En vil noen gang kun ha behov for å bekrefte at faktoren er til stede, andre ganger vil man også eksplisitt ønske å angi at nevnt faktor ikke er tilstede. Noen ganger er infomrasjonen ikke etterspurt eller ikke aktuell i denne sammenheng."},"annotations":{"view:pass_through":"true"},"aqlPath":"/content[openEHR-EHR-SECTION.adhoc.v1,'Evaluering av risiko for komplikasjoner']/items[openEHR-EHR-OBSERVATION.poor_outcome_and_or_complication_risk_assesement.v1,'Evaluering av luftvei']/data[at0001]/events[at0002]/data[at0003]/items[at0009,'Luftvei']/items[at0011]/value","inputs":[{"type":"BOOLEAN"}],"fid":"klinisk_kontakt/evaluering_av_risiko_for_komplikasjoner/evaluering_av_luftvei/luftvei/tilstedeværelse","formId":"klinisk_kontakt/evaluering_av_risiko_for_komplikasjoner/evaluering_av_luftvei/luftvei/tilstedeværelse","viewConfig":{"label":{"custom":true,"value":"Tilstedeværelse luftvei","useLocalizations":true,"localizationsList":{"nb":"Tilstedeværelse luftvei"}},"annotations":{"select":"{#eval_luftvei:/data[at0001]/events[at0002]/data[at0003]/items[at0009 and name/value='Luftvei']/items[at0011]/value}"},"advanced":{"hidden":true,"readonly":false},"multiplicity":{"min":"0","max":"1"},"size":{"field":"inherit","label":"inherit","fill":"inherit"},"layout":{"label":{"valign":"inherit","align":"inherit"},"field":{"valign":"inherit","align":"inherit"}},"tags":[],"datasource":{"loadRemote":false,"loadRemoteUrl":"","terminology":""},"field":{"input":{"threeState":false}}},"defaultValue":{"value":false}},{"name":"Total evaluering","localizedName":"Total evaluering","rmType":"DV_TEXT","nodeId":"at0006","min":0,"max":-1,"localizedNames":{"nb":"Total evaluering"},"localizedDescriptions":{"nb":"Total evaluering av hvordan nevnte faktorer vil kunne påvirke resultatet av behandlingen. Evaluering kan være en tekstlig beskrivelse av vurderingen eller også angis som aktuelle risikofaktorer. Ved en vurdering av anestesirisiko kan evalueringen f.eks. vise forhøyet aspirasjonsrisiko og risiko for vanskelig intubasjon."},"aqlPath":"/content[openEHR-EHR-SECTION.adhoc.v1,'Evaluering av risiko for komplikasjoner']/items[openEHR-EHR-OBSERVATION.poor_outcome_and_or_complication_risk_assesement.v1,'Evaluering av luftvei']/data[at0001]/events[at0002]/data[at0003]/items[at0006]/value","inputs":[{"type":"TEXT","list":[{"value":"Forventet vanskelig intubasjon","label":"Forventet vanskelig intubasjon"},{"value":"Aspirasjonsrisiko","label":"Aspirasjonsrisiko"}],"listOpen":true}],"fid":"klinisk_kontakt/evaluering_av_risiko_for_komplikasjoner/evaluering_av_luftvei/total_evaluering","formId":"klinisk_kontakt/evaluering_av_risiko_for_komplikasjoner/evaluering_av_luftvei/total_evaluering","viewConfig":{"label":{"custom":true,"value":"Evaluering luftvei","useLocalizations":true,"localizationsList":{"nb":"Evaluering luftvei"}},"advanced":{"hidden":false,"readonly":false},"multiplicity":{"min":"0","max":"100"},"size":{"field":"inherit","label":"inherit","fill":"inherit"},"layout":{"label":{"valign":"inherit","align":"inherit"},"field":{"valign":"inherit","align":"inherit"}},"tags":["ShowAsMultiCombobox"],"datasource":{"loadRemote":false,"loadRemoteUrl":"","terminology":""},"annotations":{"select":"{#eval_luftvei:/data[at0001]/events[at0002]/data[at0003]/items[at0006]/value}","description":""},"field":{"input":{"presentation":"textfield"}}},"defaultValue":{"value":""}},{"name":"Mallampati-klassifikasjon","localizedName":"Mallampati-klassifikasjon","rmType":"DV_ORDINAL","nodeId":"at0004","min":0,"max":1,"localizedNames":{"nb":"Mallampati-klassifikasjon"},"localizedDescriptions":{"nb":"Mallampati-klassifikasjon."},"aqlPath":"/content[openEHR-EHR-SECTION.adhoc.v1,'Evaluering av risiko for komplikasjoner']/items[openEHR-EHR-OBSERVATION.poor_outcome_and_or_complication_risk_assesement.v1,'Evaluering av luftvei']/data[at0001]/events[at0002]/data[at0003]/items[openEHR-EHR-CLUSTER.mallampati_classification.v1]/items[at0004]/value","inputs":[{"type":"CODED_TEXT","list":[{"value":"at0006","label":"Klasse 1","localizedLabels":{"nb":"Klasse 1"},"localizedDescriptions":{"nb":"Tonsillesøylene, uvula, hard og bløt gane er fullstendig synlige."},"ordinal":1},{"value":"at0007","label":"Klasse 2","localizedLabels":{"nb":"Klasse 2"},"localizedDescriptions":{"nb":"Uvula og bløt gane er delvis synlige."},"ordinal":2},{"value":"at0008","label":"Klasse 3","localizedLabels":{"nb":"Klasse 3"},"localizedDescriptions":{"nb":"Kun bløt gane er synlig."},"ordinal":3},{"value":"at0009","label":"Klasse 4","localizedLabels":{"nb":"Klasse 4"},"localizedDescriptions":{"nb":"Ingen visualisering av strukturer bak tungen, kun hard gane er synlig."},"ordinal":4}]}],"fid":"klinisk_kontakt/evaluering_av_risiko_for_komplikasjoner/evaluering_av_luftvei/modifisert_mallampati-klassifikasjon/mallampati-klassifikasjon","formId":"klinisk_kontakt/evaluering_av_risiko_for_komplikasjoner/evaluering_av_luftvei/modifisert_mallampati-klassifikasjon/mallampati-klassifikasjon","viewConfig":{"annotations":{"select":"{#mallampati:/items[at0004]/value}","description":"","nullflavour":"271"},"label":{"custom":false,"value":"","useLocalizations":false,"localizationsList":{}},"advanced":{"hidden":false,"readonly":false},"multiplicity":{"min":"0","max":"1"},"size":{"field":"inherit","label":"inherit","fill":"inherit"},"layout":{"label":{"valign":"inherit","align":"inherit"},"field":{"valign":"inherit","align":"inherit"}},"tags":[],"datasource":{"loadRemote":false,"loadRemoteUrl":"","terminology":""},"extras":{"imageCfg":{"image":"Mallampati_classification.jpg","areas":[{"title":"0","coords":"1,1,148,292","shape":"rect","indicator":"none","value":"at0006"},{"title":"1","coords":"149,1,284,292","shape":"rect","indicator":"none","value":"at0007"},{"title":"2","coords":"285,1,421,292","shape":"rect","indicator":"none","value":"at0008"},{"title":"3","coords":"422,1,556,292","shape":"rect","indicator":"none","value":"at0009"}]}},"field":{"input":{"presentation":"image","columns":"4"}}},"defaultValue":{"value":""}}],"viewConfig":{"label":{"custom":true,"value":"Evaluering luftvei","useLocalizations":true,"localizationsList":{"nb":"Evaluering luftvei"}},"advanced":{"hidden":false,"readonly":false,"render":false},"multiplicity":{"min":"0","max":"1"},"size":{"field":"large","label":"inherit","fill":"inherit"},"layout":{"label":{"valign":"inherit","align":"top"},"field":{"valign":"inherit","align":"inherit"}},"tags":["HideLabel"],"field":{}}},{"localizedName":"Fieldset","localizedNames":{"nb":"Plan"},"min":0,"max":-1,"name":"Fieldset","rmType":"GENERIC_FIELDSET","fid":"generic-field-41268","formId":"generic-field-41268","children":[{"name":"Anestesitype","localizedName":"Anestesitype","rmType":"DV_CODED_TEXT","nodeId":"at0001","min":1,"max":-1,"localizedNames":{"nb":"Anestesitype"},"localizedDescriptions":{"nb":"Anestesitype som planlegges gitt. Dette kan være en eller en kombinasjon av flere f.eks. generelle anestesi og epiduralbedøvelse."},"aqlPath":"/content[openEHR-EHR-SECTION.adhoc.v1,'Plan']/items[openEHR-EHR-INSTRUCTION.request-procedure.v1]/activities[at0001]/description[at0009]/items[openEHR-EHR-CLUSTER.planned_anesthesia.v1]/items[at0001]/value","inputs":[{"suffix":"code","type":"TEXT","terminology":"ark-ane-hovedtype?subset=ark-ane-hovedtype&language=en-GB"},{"suffix":"value","type":"TEXT","terminology":"ark-ane-hovedtype?subset=ark-ane-hovedtype&language=en-GB"}],"fid":"klinisk_kontakt/plan/prosedyrerekvirering/rekvirering/planlagt_anestesi/anestesitype","formId":"klinisk_kontakt/plan/prosedyrerekvirering/rekvirering/planlagt_anestesi/anestesitype","viewConfig":{"label":{"custom":true,"value":"Planlagt anestesitype","useLocalizations":true,"localizationsList":{"nb":"Planlagt anestesitype"}},"advanced":{"hidden":false,"readonly":false},"multiplicity":{"min":"1","max":"100"},"size":{"field":"inherit","label":"inherit","fill":"inherit"},"layout":{"label":{"valign":"inherit","align":"inherit"},"field":{"valign":"inherit","align":"inherit"}},"tags":["ShowAsMulticombobox"],"datasource":{"loadRemote":false,"loadRemoteUrl":"","terminology":""},"annotations":{"select":"{#planned_anesthesia:/items[at0001]/value}"},"field":{"code":{"presentation":"textfield"},"value":{"presentation":"textfield"}}},"defaultValue":{"code":"","value":""}},{"name":"Planlagt luftvei","localizedName":"Planlagt luftvei","rmType":"DV_CODED_TEXT","nodeId":"at0002","min":0,"max":-1,"localizedNames":{"nb":"Planlagt luftvei"},"localizedDescriptions":{"nb":"Luftveistilgang som lanlegges i forbindelse med anestesi.*"},"aqlPath":"/content[openEHR-EHR-SECTION.adhoc.v1,'Plan']/items[openEHR-EHR-INSTRUCTION.request-procedure.v1]/activities[at0001]/description[at0009]/items[openEHR-EHR-CLUSTER.planned_anesthesia.v1]/items[at0002]/value","inputs":[{"suffix":"code","type":"TEXT","terminology":"ARK-ANE-LUFTVEISTILGANG?subset=ARK-ANE-LUFTVEISTILGANG&language=en-GB"},{"suffix":"value","type":"TEXT","terminology":"ARK-ANE-LUFTVEISTILGANG?subset=ARK-ANE-LUFTVEISTILGANG&language=en-GB"}],"fid":"klinisk_kontakt/plan/prosedyrerekvirering/rekvirering/planlagt_anestesi/planlagt_luftvei","formId":"klinisk_kontakt/plan/prosedyrerekvirering/rekvirering/planlagt_anestesi/planlagt_luftvei","viewConfig":{"label":{"custom":false,"value":"","useLocalizations":false,"localizationsList":{}},"advanced":{"hidden":false,"readonly":false},"multiplicity":{"min":"0","max":"100"},"size":{"field":"inherit","label":"inherit","fill":"inherit"},"layout":{"label":{"valign":"inherit","align":"inherit"},"field":{"valign":"inherit","align":"inherit"}},"tags":["ShowAsMulticombobox"],"datasource":{"loadRemote":false,"loadRemoteUrl":"","terminology":""},"annotations":{"select":"{#planned_anesthesia:/items[at0002]/value}"},"field":{"code":{"presentation":"textfield"},"value":{"presentation":"textfield"}}},"defaultValue":{"code":"","value":""}},{"name":"Prosedyretype","localizedName":"Prosedyretype","rmType":"DV_CODED_TEXT","nodeId":"at0.2","min":0,"max":1,"localizedNames":{"nb":"Prosedyretype"},"localizedDescriptions":{"nb":"Beskrivelse av prosedyretypen."},"annotations":{"comment":"For eksempel: Utredning, operasjon eller terapi."},"aqlPath":"/content[openEHR-EHR-SECTION.adhoc.v1,'Plan']/items[openEHR-EHR-INSTRUCTION.request-procedure.v1]/activities[at0001]/description[at0009]/items[at0.2]/value","inputs":[{"suffix":"code","type":"CODED_TEXT","list":[{"value":"P2","label":"Anestesi","localizedLabels":{"nb":"Anestesi"}}],"terminology":"Surgery.prosedyrerekvisisjon"}],"fid":"klinisk_kontakt/plan/prosedyrerekvirering/rekvirering/prosedyretype","formId":"klinisk_kontakt/plan/prosedyrerekvirering/rekvirering/prosedyretype","viewConfig":{"label":{"custom":false,"value":"","useLocalizations":false,"localizationsList":{}},"advanced":{"hidden":true,"readonly":false},"multiplicity":{"min":"0","max":"1"},"size":{"field":"inherit","label":"inherit","fill":"inherit"},"layout":{"label":{"valign":"inherit","align":"inherit"},"field":{"valign":"inherit","align":"inherit"}},"tags":[],"datasource":{"loadRemote":false,"loadRemoteUrl":"","terminology":""},"field":{"code":{"presentation":"combobox"}}},"defaultValue":{"code":"P2"}},{"name":"Planlagt ekstra overvåking","localizedName":"Planlagt ekstra overvåking","rmType":"DV_TEXT","nodeId":"at0003","min":0,"max":-1,"localizedNames":{"nb":"Planlagt ekstra overvåking"},"localizedDescriptions":{"nb":"Planlagt ekstra overvåking  i forbindelse med anestesi."},"aqlPath":"/content[openEHR-EHR-SECTION.adhoc.v1,'Plan']/items[openEHR-EHR-INSTRUCTION.request-procedure.v1]/activities[at0001]/description[at0009]/items[openEHR-EHR-CLUSTER.planned_anesthesia.v1]/items[at0003]/value","inputs":[{"type":"TEXT","list":[{"value":"Arteriekanyle","label":"Arteriekanyle"},{"value":"CVK","label":"CVK"},{"value":"CVK + CVP","label":"CVK + CVP"},{"value":"TOF","label":"TOF"},{"value":"BIS","label":"BIS"},{"value":"PA-kateter","label":"PA-kateter"},{"value":"Ekko","label":"Ekko"}],"listOpen":true}],"fid":"klinisk_kontakt/plan/prosedyrerekvirering/rekvirering/planlagt_anestesi/planlagt_ekstra_overvåking","formId":"klinisk_kontakt/plan/prosedyrerekvirering/rekvirering/planlagt_anestesi/planlagt_ekstra_overvåking","viewConfig":{"label":{"custom":false,"value":"","useLocalizations":false,"localizationsList":{}},"advanced":{"hidden":false,"readonly":false},"multiplicity":{"min":"0","max":"100"},"size":{"field":"inherit","label":"inherit","fill":"inherit"},"layout":{"label":{"valign":"inherit","align":"inherit"},"field":{"valign":"inherit","align":"inherit"}},"tags":["ShowAsMulticombobox"],"datasource":{"loadRemote":false,"loadRemoteUrl":"","terminology":""},"annotations":{"select":"{#planned_anesthesia:/items[at0003]/value}"},"field":{"input":{"presentation":"textfield"}}},"defaultValue":{"value":""}},{"name":"Overvåking","localizedName":"Overvåking","rmType":"DV_CODED_TEXT","nodeId":"at0001","min":0,"max":1,"localizedNames":{"nb":"Overvåking"},"localizedDescriptions":{"nb":"Instruksjoner om hvor og hvordan pasienten skal overvåkes f.eks. på sengepost, intensivavdeling, en oppvåkningavdeling etter et inngrep eller hjemme."},"aqlPath":"/content[openEHR-EHR-SECTION.adhoc.v1,'Plan']/items[openEHR-EHR-INSTRUCTION.request-procedure.v1]/activities[at0001]/description[at0009]/items[openEHR-EHR-CLUSTER.planned_anesthesia.v1]/items[openEHR-EHR-CLUSTER.follow_up.v1]/items[at0001]/value","inputs":[{"suffix":"code","type":"TEXT","terminology":"ARK-UDS-PAS%20OVERF%C3%98RT%20PO%20TIL%20OPR?subset=ARK-UDS-PAS%20OVERF%C3%98RT%20PO%20TIL%20OPR&language=en-GB"},{"suffix":"value","type":"TEXT","terminology":"ARK-UDS-PAS%20OVERF%C3%98RT%20PO%20TIL%20OPR?subset=ARK-UDS-PAS%20OVERF%C3%98RT%20PO%20TIL%20OPR&language=en-GB"}],"fid":"klinisk_kontakt/plan/prosedyrerekvirering/rekvirering/planlagt_anestesi/oppfølging/overvåking","formId":"klinisk_kontakt/plan/prosedyrerekvirering/rekvirering/planlagt_anestesi/oppfølging/overvåking","viewConfig":{"label":{"custom":true,"value":"Postoperativ overvåking","useLocalizations":true,"localizationsList":{"nb":"Postoperativ overvåking"}},"advanced":{"hidden":false,"readonly":false},"multiplicity":{"min":"0","max":"1"},"size":{"field":"inherit","label":"inherit","fill":"inherit"},"layout":{"label":{"valign":"inherit","align":"inherit"},"field":{"valign":"inherit","align":"inherit"}},"tags":["ShowAsCombobox"],"datasource":{"loadRemote":false,"loadRemoteUrl":"","terminology":""},"annotations":{"select":"{#planned_anesthesia:/items[openEHR-EHR-CLUSTER.follow_up.v1]/items[at0001]/value}"},"field":{"code":{"presentation":"textfield"},"value":{"presentation":"textfield"}}},"defaultValue":{"code":"","value":""}}],"viewConfig":{"label":{"custom":true,"value":"Plan","useLocalizations":true,"localizationsList":{"nb":"Plan"}},"advanced":{"hidden":false,"readonly":false,"render":false},"multiplicity":{"min":"0","max":"1"},"size":{"field":"inherit","label":"inherit","fill":"inherit"},"layout":{"label":{"valign":"inherit","align":"top"},"field":{"valign":"inherit","align":"inherit"}},"tags":[],"field":{}}}]}