{"formId":"form_root","name":"Form root","rmType":"FORM_DEFINITION","viewConfig":{"label":{"custom":false,"value":"","useLocalizations":false,"localizationsList":{}},"size":{"field":"inherit","label":"inherit","fill":"inherit"},"layout":{"label":{"valign":"inherit","align":"inherit"},"field":{"valign":"inherit","align":"inherit"}},"tags":[],"annotations":{"#ane_eval":"select c/uid/value as cid, c/content[openEHR-EHR-SECTION.adhoc.v1 and name/value='Preoperativ evaluering']/items[openEHR-EHR-OBSERVATION.preoperative_evaluation_anesthesia.v1] from composition c contains cluster u[openEHR-EHR-CLUSTER.planned_anesthesia.v1] order by c/context/start_time/value desc fetch 1?scope=folder","#pasientstatus":"select c/uid/value as cid, o from composition c contains observation o[openEHR-EHR-OBSERVATION.poor_outcome_and_or_complication_risk_assesement.v1] where o/name/value='Pasientstatus' order by c/context/start_time/value desc fetch 1?scope=folder","#nyha":"openEHR-EHR-CLUSTER.nyha_heart_failure.v1?scope=folder","#eval_luftvei":"select c/uid/value as cid, o from composition c contains observation o[openEHR-EHR-OBSERVATION.poor_outcome_and_or_complication_risk_assesement.v1] where o/name/value='Evaluering av luftvei' order by c/context/start_time/value desc fetch 1?scope=folder","#mallampati":"openEHR-EHR-CLUSTER.mallampati_classification.v1?scope=folder","#planned_anesthesia":"openEHR-EHR-CLUSTER.planned_anesthesia.v1?scope=folder","#height":"openEHR-EHR-OBSERVATION.height.v1?scope=folder","#weight":"openEHR-EHR-OBSERVATION.body_weight.v1?scope=folder","#bp":"openEHR-EHR-OBSERVATION.blood_pressure.v1?scope=folder","#importantinfo":"openEHR-EHR-CLUSTER.important_information.v1?scope=folder","#asa":"openEHR-EHR-CLUSTER.asa_status.v1?scope=folder","#medikamenter":"select c/uid/value as cid, o/data[at0001]/events[at0002]/data[at0003]/items[at0009] from composition c contains observation o[openEHR-EHR-OBSERVATION.poor_outcome_and_or_complication_risk_assesement.v1] where o/name/value='Medikamenter og allergier' and o/data[at0001]/events[at0002]/data[at0003]/items[at0009]/name/value='Bruk av medikamenter' order by c/context/start_time/value desc fetch 1?scope=folder","#allergier":"select c/uid/value as cid, o/data[at0001]/events[at0002]/data[at0003]/items[at0009] from composition c contains observation o[openEHR-EHR-OBSERVATION.poor_outcome_and_or_complication_risk_assesement.v1] where o/name/value='Medikamenter og allergier' and o/data[at0001]/events[at0002]/data[at0003]/items[at0009]/name/value='Allergier' order by c/context/start_time/value desc fetch 1?scope=folder","#tobakk":"openEHR-EHR-OBSERVATION.tobacco_use.v1?scope=folder","#medikamenter_allergier":"select c/uid/value as cid, o/data[at0001]/events[at0002]/data[at0003] from composition c contains observation o[openEHR-EHR-OBSERVATION.poor_outcome_and_or_complication_risk_assesement.v1] where o/name/value='Medikamenter og allergier' order by c/context/start_time/value desc fetch 1?scope=folder"}},"language":"nb","templateLanguages":["nb"],"children":[{"localizedName":"Preoperativ vurdering","localizedNames":{"nb":"Preoperativ vurdering"},"min":"0","max":"1","name":"Preoperativ vurdering","rmType":"GENERIC_FIELDSET","formId":"generic-field-76821","children":[{"name":"Anestesivurdering ferdigstilt","localizedName":"Anestesivurdering ferdigstilt","rmType":"DV_BOOLEAN","nodeId":"at0025","min":"0","max":"1","localizedNames":{"nb":"Anestesivurdering ferdigstilt"},"localizedDescriptions":{"nb":"Sann indikerer at anestesivurderingen er ferdigstilt og en evaluering er foretatt. "},"aqlPath":"/content[openEHR-EHR-SECTION.adhoc.v1,'Preoperativ evaluering']/items[openEHR-EHR-OBSERVATION.preoperative_evaluation_anesthesia.v1]/data[at0001]/events[at0002]/data[at0003]/items[at0025]/value","inputs":[{"type":"BOOLEAN","list":[{"value":"true","label":"true"}],"defaultValue":false}],"formId":"klinisk_kontakt/preoperativ_evaluering/preoperativ_evaluering_anestesi/anestesivurdering_ferdigstilt","viewConfig":{"advanced":{"hidden":false,"readonly":false},"size":{"field":"inherit","label":"3","fill":"inherit"},"layout":{"label":{"valign":"inherit","align":"inherit"},"field":{"valign":"inherit","align":"inherit"}},"tags":[],"datasource":{"loadRemote":false,"loadRemoteUrl":"","terminology":""},"annotations":{"select":"{#ane_eval:/data[at0001]/events[at0002]/data[at0003]/items[at0025]/value}","description":"","nullflavour":"271"},"field":{"input":{"threeState":false}}}},{"name":"Pasient fysisk tilsett","localizedName":"Pasient fysisk tilsett","rmType":"DV_BOOLEAN","nodeId":"at0026","min":"0","max":"1","localizedNames":{"nb":"Pasient fysisk tilsett"},"localizedDescriptions":{"nb":"Sann indikerer at pasienten er fysisk tilsett, usant indikerer at tilsynet f.eks. er gjort på bakgrunn av journalopplysninger."},"aqlPath":"/content[openEHR-EHR-SECTION.adhoc.v1,'Preoperativ evaluering']/items[openEHR-EHR-OBSERVATION.preoperative_evaluation_anesthesia.v1]/data[at0001]/events[at0002]/data[at0003]/items[at0026]/value","inputs":[{"type":"BOOLEAN","list":[{"value":"true","label":"true"}],"defaultValue":false}],"formId":"klinisk_kontakt/preoperativ_evaluering/preoperativ_evaluering_anestesi/pasient_fysisk_tilsett","viewConfig":{"advanced":{"hidden":false,"readonly":false},"size":{"field":"inherit","label":"3","fill":"inherit"},"layout":{"label":{"valign":"inherit","align":"inherit"},"field":{"valign":"inherit","align":"inherit"}},"tags":[],"datasource":{"loadRemote":false,"loadRemoteUrl":"","terminology":""},"annotations":{"select":"{#ane_eval:/data[at0001]/events[at0002]/data[at0003]/items[at0026]/value}","description":"","nullflavour":"271"},"field":{"input":{"threeState":false}}}},{"name":"Blodprøver vurdert","localizedName":"Blodprøver vurdert","rmType":"DV_BOOLEAN","nodeId":"at0029","min":"0","max":"1","localizedNames":{"nb":"Blodprøver vurdert"},"localizedDescriptions":{"nb":"Sann indikerer at funnene er vurdert."},"aqlPath":"/content[openEHR-EHR-SECTION.adhoc.v1,'Preoperativ evaluering']/items[openEHR-EHR-OBSERVATION.preoperative_evaluation_anesthesia.v1]/data[at0001]/events[at0002]/data[at0003]/items[at0021,'Vurdering blodprøver']/items[at0029,'Blodprøver vurdert?']/value","inputs":[{"type":"BOOLEAN","defaultValue":false}],"formId":"klinisk_kontakt/preoperativ_evaluering/preoperativ_evaluering_anestesi/vurdering_blodprøver/blodprøver_vurdert","viewConfig":{"advanced":{"hidden":false,"readonly":false},"size":{"field":"inherit","label":"3","fill":"inherit"},"layout":{"label":{"valign":"inherit","align":"inherit"},"field":{"valign":"inherit","align":"inherit"}},"tags":[],"datasource":{"loadRemote":false,"loadRemoteUrl":"","terminology":""},"annotations":{"select":"{#ane_eval:/data[at0001]/events[at0002]/data[at0003]/items[at0021 and name/value='Vurdering blodprøver']/items[at0029 and name/value='Blodprøver vurdert?']/value}","description":"","nullflavour":"271"},"field":{"input":{"threeState":false}}}},{"name":"Beskrivelse blodprøver","localizedName":"Beskrivelse blodprøver","rmType":"DV_TEXT","nodeId":"at0004","min":"0","max":"1","localizedNames":{"nb":"Beskrivelse blodprøver"},"localizedDescriptions":{"nb":"Beskrivelse av siteringen."},"aqlPath":"/content[openEHR-EHR-SECTION.adhoc.v1,'Preoperativ evaluering']/items[openEHR-EHR-OBSERVATION.preoperative_evaluation_anesthesia.v1]/data[at0001]/events[at0002]/data[at0003]/items[at0021,'Vurdering blodprøver']/items[openEHR-EHR-CLUSTER.citation.v1]/items[at0004]/value","inputs":[{"type":"TEXT"}],"formId":"klinisk_kontakt/preoperativ_evaluering/preoperativ_evaluering_anestesi/vurdering_blodprøver/sitering/beskrivelse","viewConfig":{"advanced":{"hidden":false,"readonly":false},"size":{"field":"large","label":"3","fill":"inherit"},"layout":{"label":{"valign":"inherit","align":"top"},"field":{"valign":"inherit","align":"inherit"}},"tags":[],"datasource":{"loadRemote":false,"loadRemoteUrl":"","terminology":""},"annotations":{"select":"{#ane_eval:/data[at0001]/events[at0002]/data[at0003]/items[at0021 and name/value='Vurdering blodprøver']/items[openEHR-EHR-CLUSTER.citation.v1]/items[at0004]/value}","description":"","nullflavour":"271"},"field":{"input":{"presentation":"textfield"}}}},{"name":"EKG vurdert","localizedName":"EKG vurdert","rmType":"DV_BOOLEAN","nodeId":"at0029","min":"0","max":"1","localizedNames":{"nb":"EKG vurdert"},"localizedDescriptions":{"nb":"Sann indikerer at funnene er vurdert."},"aqlPath":"/content[openEHR-EHR-SECTION.adhoc.v1,'Preoperativ evaluering']/items[openEHR-EHR-OBSERVATION.preoperative_evaluation_anesthesia.v1]/data[at0001]/events[at0002]/data[at0003]/items[at0021,'Vurdering EKG']/items[at0029,'EKG vurdert?']/value","inputs":[{"type":"BOOLEAN","defaultValue":false}],"formId":"klinisk_kontakt/preoperativ_evaluering/preoperativ_evaluering_anestesi/vurdering_ekg/ekg_vurdert","viewConfig":{"advanced":{"hidden":false,"readonly":false},"size":{"field":"inherit","label":"3","fill":"inherit"},"layout":{"label":{"valign":"inherit","align":"inherit"},"field":{"valign":"inherit","align":"inherit"}},"tags":[],"datasource":{"loadRemote":false,"loadRemoteUrl":"","terminology":""},"annotations":{"select":"{#ane_eval:/data[at0001]/events[at0002]/data[at0003]/items[at0021 and name/value='Vurdering EKG']/items[at0029 and name/value='EKG vurdert?']/value}","description":"","nullflavour":"271"},"field":{"input":{"threeState":false}}}},{"name":"Beskrivelse EKG","localizedName":"Beskrivelse EKG","rmType":"DV_TEXT","nodeId":"at0004","min":"0","max":"1","localizedNames":{"nb":"Beskrivelse EKG"},"localizedDescriptions":{"nb":"Beskrivelse av siteringen."},"aqlPath":"/content[openEHR-EHR-SECTION.adhoc.v1,'Preoperativ evaluering']/items[openEHR-EHR-OBSERVATION.preoperative_evaluation_anesthesia.v1]/data[at0001]/events[at0002]/data[at0003]/items[at0021,'Vurdering EKG']/items[openEHR-EHR-CLUSTER.citation.v1]/items[at0004]/value","inputs":[{"type":"TEXT"}],"formId":"klinisk_kontakt/preoperativ_evaluering/preoperativ_evaluering_anestesi/vurdering_ekg/sitering/beskrivelse","viewConfig":{"annotations":{"select":"{#ane_eval:/data[at0001]/events[at0002]/data[at0003]/items[at0021 and name/value='Vurdering EKG']/items[openEHR-EHR-CLUSTER.citation.v1]/items[at0004]/value}","description":"","nullflavour":"271"},"advanced":{"hidden":false,"readonly":false},"size":{"field":"inherit","label":"3","fill":"inherit"},"layout":{"label":{"valign":"inherit","align":"top"},"field":{"valign":"inherit","align":"inherit"}},"tags":[],"datasource":{"loadRemote":false,"loadRemoteUrl":"","terminology":""},"field":{"input":{"presentation":"textfield"}}}},{"name":"Ekko vurdert","localizedName":"Ekko vurdert","rmType":"DV_BOOLEAN","nodeId":"at0029","min":"0","max":"1","localizedNames":{"nb":"Ekko vurdert"},"localizedDescriptions":{"nb":"Sann indikerer at funnene er vurdert."},"aqlPath":"/content[openEHR-EHR-SECTION.adhoc.v1,'Preoperativ evaluering']/items[openEHR-EHR-OBSERVATION.preoperative_evaluation_anesthesia.v1]/data[at0001]/events[at0002]/data[at0003]/items[at0021,'Vurdering ekko']/items[at0029,'Ekko vurdert?']/value","inputs":[{"type":"BOOLEAN","defaultValue":false}],"formId":"klinisk_kontakt/preoperativ_evaluering/preoperativ_evaluering_anestesi/vurdering_ekko/ekko_vurdert","viewConfig":{"advanced":{"hidden":false,"readonly":false},"size":{"field":"inherit","label":"3","fill":"inherit"},"layout":{"label":{"valign":"inherit","align":"inherit"},"field":{"valign":"inherit","align":"inherit"}},"tags":[],"datasource":{"loadRemote":false,"loadRemoteUrl":"","terminology":""},"annotations":{"select":"{#ane_eval:/data[at0001]/events[at0002]/data[at0003]/items[at0021 and name/value='Vurdering ekko']/items[at0029 and name/value='Ekko vurdert?']/value}","description":"","nullflavour":"271"},"field":{"input":{"threeState":false}}}},{"name":"Beskrivelse Ekko","localizedName":"Beskrivelse Ekko","rmType":"DV_TEXT","nodeId":"at0004","min":"0","max":"1","localizedNames":{"nb":"Beskrivelse Ekko"},"localizedDescriptions":{"nb":"Beskrivelse av siteringen."},"aqlPath":"/content[openEHR-EHR-SECTION.adhoc.v1,'Preoperativ evaluering']/items[openEHR-EHR-OBSERVATION.preoperative_evaluation_anesthesia.v1]/data[at0001]/events[at0002]/data[at0003]/items[at0021,'Vurdering ekko']/items[openEHR-EHR-CLUSTER.citation.v1]/items[at0004]/value","inputs":[{"type":"TEXT"}],"formId":"klinisk_kontakt/preoperativ_evaluering/preoperativ_evaluering_anestesi/vurdering_ekko/sitering/beskrivelse","viewConfig":{"annotations":{"select":"{#ane_eval:/data[at0001]/events[at0002]/data[at0003]/items[at0021 and name/value='Vurdering ekko']/items[openEHR-EHR-CLUSTER.citation.v1]/items[at0004]/value}","description":"","nullflavour":"271"},"advanced":{"hidden":false,"readonly":false},"size":{"field":"inherit","label":"3","fill":"inherit"},"layout":{"label":{"valign":"inherit","align":"top"},"field":{"valign":"inherit","align":"inherit"}},"tags":[],"datasource":{"loadRemote":false,"loadRemoteUrl":"","terminology":""},"field":{"input":{"presentation":"textfield"}}}},{"name":"Rø. thorax vurdert","localizedName":"Rø. thorax vurdert","rmType":"DV_BOOLEAN","nodeId":"at0029","min":"0","max":"1","localizedNames":{"nb":"Rø. thorax vurdert"},"localizedDescriptions":{"nb":"Sann indikerer at funnene er vurdert."},"aqlPath":"/content[openEHR-EHR-SECTION.adhoc.v1,'Preoperativ evaluering']/items[openEHR-EHR-OBSERVATION.preoperative_evaluation_anesthesia.v1]/data[at0001]/events[at0002]/data[at0003]/items[at0021,'Vurdering rø. thorax']/items[at0029,'Rø. thorax vurdert?']/value","inputs":[{"type":"BOOLEAN","defaultValue":false}],"formId":"klinisk_kontakt/preoperativ_evaluering/preoperativ_evaluering_anestesi/vurdering_rø._thorax/rø._thorax_vurdert","viewConfig":{"advanced":{"hidden":false,"readonly":false},"size":{"field":"inherit","label":"3","fill":"inherit"},"layout":{"label":{"valign":"inherit","align":"inherit"},"field":{"valign":"inherit","align":"inherit"}},"tags":[],"datasource":{"loadRemote":false,"loadRemoteUrl":"","terminology":""},"annotations":{"select":"{#ane_eval:/data[at0001]/events[at0002]/data[at0003]/items[at0021 and name/value='Vurdering rø. thorax']/items[at0029 and name/value='Rø. thorax vurdert?']/value}","description":"","nullflavour":"271"},"field":{"input":{"threeState":false}}}},{"name":"Beskrivelse Rø. thorax","localizedName":"Beskrivelse Rø. thorax","rmType":"DV_TEXT","nodeId":"at0004","min":"0","max":"1","localizedNames":{"nb":"Beskrivelse Rø. thorax"},"localizedDescriptions":{"nb":"Beskrivelse av siteringen."},"aqlPath":"/content[openEHR-EHR-SECTION.adhoc.v1,'Preoperativ evaluering']/items[openEHR-EHR-OBSERVATION.preoperative_evaluation_anesthesia.v1]/data[at0001]/events[at0002]/data[at0003]/items[at0021,'Vurdering rø. thorax']/items[openEHR-EHR-CLUSTER.citation.v1]/items[at0004]/value","inputs":[{"type":"TEXT"}],"formId":"klinisk_kontakt/preoperativ_evaluering/preoperativ_evaluering_anestesi/vurdering_rø._thorax/sitering/beskrivelse","viewConfig":{"annotations":{"select":"{#ane_eval:/data[at0001]/events[at0002]/data[at0003]/items[at0021 and name/value='Vurdering rø. thorax']/items[openEHR-EHR-CLUSTER.citation.v1]/items[at0004]/value}","description":"","nullflavour":"271"},"advanced":{"hidden":false,"readonly":false},"size":{"field":"inherit","label":"3","fill":"inherit"},"layout":{"label":{"valign":"inherit","align":"top"},"field":{"valign":"inherit","align":"inherit"}},"tags":[],"datasource":{"loadRemote":false,"loadRemoteUrl":"","terminology":""},"field":{"input":{"presentation":"textfield"}}}},{"name":"Oppsummering/merknad","localizedName":"Oppsummering/merknad","rmType":"DV_TEXT","nodeId":"at0006","min":"0","max":"1","localizedNames":{"nb":"Oppsummering/merknad"},"localizedDescriptions":{"nb":"En tekstlig oppsummering av anestesipersonellets evaluering av pasientens totale risiko i forkant av en kirurgisk prosedyre."},"aqlPath":"/content[openEHR-EHR-SECTION.adhoc.v1,'Preoperativ evaluering']/items[openEHR-EHR-OBSERVATION.preoperative_evaluation_anesthesia.v1]/data[at0001]/events[at0002]/data[at0003]/items[at0006]/value","inputs":[{"type":"TEXT"}],"formId":"klinisk_kontakt/preoperativ_evaluering/preoperativ_evaluering_anestesi/oppsummering","viewConfig":{"advanced":{"hidden":false,"readonly":false},"size":{"field":"inherit","label":"inherit","fill":"inherit"},"layout":{"label":{"valign":"inherit","align":"top"},"field":{"valign":"inherit","align":"inherit"}},"tags":[],"datasource":{"loadRemote":false,"loadRemoteUrl":"","terminology":""},"annotations":{"select":"{#ane_eval:/data[at0001]/events[at0002]/data[at0003]/items[at0006]/value}","description":"","nullflavour":"271"},"field":{"input":{"presentation":"textfield"}}}}],"viewConfig":{"advanced":{"hidden":false,"readonly":false,"render":false},"size":{"field":"large","label":"inherit","fill":"inherit"},"layout":{"label":{"valign":"inherit","align":"inherit"},"field":{"valign":"inherit","align":"inherit"}},"tags":[]}},{"localizedName":"Pasient","localizedNames":{"nb":"Pasient"},"min":"0","max":"1","name":"Pasient","rmType":"GENERIC_FIELDSET","formId":"generic-field-3671","children":[{"name":"Høyde","localizedName":"Høyde","rmType":"DV_QUANTITY","nodeId":"at0004","min":"0","max":"1","localizedNames":{"nb":"Høyde"},"localizedDescriptions":{"nb":"Høyde/lengde fra isse til fotsåle."},"aqlPath":"/content[openEHR-EHR-SECTION.adhoc.v1,'Pasient']/items[openEHR-EHR-OBSERVATION.height.v1]/data[at0001]/events[at0002]/data[at0003]/items[at0004]/value","inputs":[{"suffix":"magnitude","type":"DECIMAL","validation":{"range":{"minOp":">=","min":0,"maxOp":"<=","max":500}}},{"suffix":"unit","type":"CODED_TEXT","list":[{"value":"cm","label":"cm","validation":{"range":{"minOp":">=","min":0,"maxOp":"<=","max":500}}}],"defaultValue":"cm"}],"formId":"klinisk_kontakt/pasient/høyde_lengde/uspesifisert_hendelse/høyde_lengde","viewConfig":{"field":{"magnitude":{"presentation":"combobox"}},"annotations":{"select":"{#height:/data[at0001]/events[at0002]/data[at0003]/items[at0004]/value}"},"advanced":{"hidden":false,"readonly":false},"size":{"field":"inherit","label":"inherit","fill":"inherit"},"layout":{"label":{"valign":"inherit","align":"inherit"},"field":{"valign":"inherit","align":"inherit"}},"tags":[],"datasource":{"loadRemote":false,"loadRemoteUrl":"","terminology":""}}},{"name":"Vekt","localizedName":"Vekt","rmType":"DV_QUANTITY","nodeId":"at0004","min":"0","max":"1","localizedNames":{"nb":"Vekt"},"localizedDescriptions":{"nb":"Et individs totale kroppsmasse."},"aqlPath":"/content[openEHR-EHR-SECTION.adhoc.v1,'Pasient']/items[openEHR-EHR-OBSERVATION.body_weight.v1]/data[at0002]/events[at0003]/data[at0001]/items[at0004]/value","inputs":[{"suffix":"magnitude","type":"DECIMAL","validation":{"range":{"minOp":">=","min":0,"maxOp":"<","max":1000}}},{"suffix":"unit","type":"CODED_TEXT","list":[{"value":"kg","label":"kg","validation":{"range":{"minOp":">=","min":0,"maxOp":"<","max":1000}}}],"defaultValue":"kg"}],"formId":"klinisk_kontakt/pasient/kroppsvekt/uspesifisert_hendelse/kroppsvekt","viewConfig":{"field":{"magnitude":{"presentation":"combobox"}},"annotations":{"select":"{#weight:/data[at0002]/events[at0003]/data[at0001]/items[at0004]/value}"},"advanced":{"hidden":false,"readonly":false},"size":{"field":"inherit","label":"inherit","fill":"inherit"},"layout":{"label":{"valign":"inherit","align":"inherit"},"field":{"valign":"inherit","align":"inherit"}},"tags":[],"datasource":{"loadRemote":false,"loadRemoteUrl":"","terminology":""}}},{"name":"BT systolisk","localizedName":"BT systolisk","rmType":"DV_QUANTITY","nodeId":"at0004","min":"0","max":"1","localizedNames":{"nb":"BT systolisk"},"localizedDescriptions":{"nb":"Maksimalt systemisk arterielt blodtrykk - målt i systolen, det vil si i hjertets kontraksjonsfase."},"aqlPath":"/content[openEHR-EHR-SECTION.adhoc.v1,'Pasient']/items[openEHR-EHR-OBSERVATION.blood_pressure.v1]/data[at0001]/events[at0006]/data[at0003]/items[at0004]/value","inputs":[{"suffix":"magnitude","type":"DECIMAL","validation":{"range":{"minOp":">=","min":0,"maxOp":"<=","max":1000},"precision":{"minOp":">=","min":0,"maxOp":"<=","max":0}}},{"suffix":"unit","type":"CODED_TEXT","list":[{"value":"mm[Hg]","label":"mm[Hg]","validation":{"range":{"minOp":">=","min":0,"maxOp":"<=","max":1000},"precision":{"minOp":">=","min":0,"maxOp":"<=","max":0}}}],"defaultValue":"mm[Hg]"}],"formId":"klinisk_kontakt/pasient/blodtrykk/systolisk","viewConfig":{"field":{"magnitude":{"presentation":"combobox"}},"annotations":{"select":"{#bp:/data[at0001]/events[at0006]/data[at0003]/items[at0004]/value}"},"advanced":{"hidden":false,"readonly":false},"size":{"field":"inherit","label":"inherit","fill":"inherit"},"layout":{"label":{"valign":"inherit","align":"inherit"},"field":{"valign":"inherit","align":"inherit"}},"tags":[],"datasource":{"loadRemote":false,"loadRemoteUrl":"","terminology":""}}},{"name":"BT diastolisk","localizedName":"BT diastolisk","rmType":"DV_QUANTITY","nodeId":"at0005","min":"0","max":"1","localizedNames":{"nb":"BT diastolisk"},"localizedDescriptions":{"nb":"Laveste systemiske arterielle blodtrykk - målt i diastolen, det vil si under hjertets relaksasjonsfase."},"aqlPath":"/content[openEHR-EHR-SECTION.adhoc.v1,'Pasient']/items[openEHR-EHR-OBSERVATION.blood_pressure.v1]/data[at0001]/events[at0006]/data[at0003]/items[at0005]/value","inputs":[{"suffix":"magnitude","type":"DECIMAL","validation":{"range":{"minOp":">=","min":0,"maxOp":"<=","max":1000},"precision":{"minOp":">=","min":0,"maxOp":"<=","max":0}}},{"suffix":"unit","type":"CODED_TEXT","list":[{"value":"mm[Hg]","label":"mm[Hg]","validation":{"range":{"minOp":">=","min":0,"maxOp":"<=","max":1000},"precision":{"minOp":">=","min":0,"maxOp":"<=","max":0}}}],"defaultValue":"mm[Hg]"}],"formId":"klinisk_kontakt/pasient/blodtrykk/diastolisk","viewConfig":{"field":{"magnitude":{"presentation":"combobox"}},"annotations":{"select":"{#bp:/data[at0001]/events[at0006]/data[at0003]/items[at0005]/value}"},"advanced":{"hidden":false,"readonly":false},"size":{"field":"inherit","label":"inherit","fill":"inherit"},"layout":{"label":{"valign":"inherit","align":"inherit"},"field":{"valign":"inherit","align":"inherit"}},"tags":[],"datasource":{"loadRemote":false,"loadRemoteUrl":"","terminology":""}}}],"viewConfig":{"advanced":{"hidden":false,"readonly":false,"render":false},"size":{"field":"large","label":"inherit","fill":"inherit"},"layout":{"label":{"valign":"inherit","align":"top"},"field":{"valign":"inherit","align":"inherit"}},"tags":[]}},{"localizedName":"Fieldset","localizedNames":{"nb":"Fieldset"},"min":"0","max":"1","name":"Fieldset","rmType":"GENERIC_FIELDSET","formId":"generic-field-24387","children":[{"name":"Bruker medisin","localizedName":"Bruker medisin","rmType":"DV_BOOLEAN","nodeId":"at0011","min":"0","max":"1","localizedNames":{"nb":"Bruker medisin"},"localizedDescriptions":{"nb":"Tilstedeværelse av beskrevet faktor. Tilstedeværelse kan angis på foskjellig måte og behovene vil være foskjellige avhengis av situasjon. En vil noen gang kun ha behov for å bekrefte at faktoren er til stede, andre ganger vil man også eksplisitt ønske å angi at nevnt faktor ikke er tilstede. Noen ganger er infomrasjonen ikke etterspurt eller ikke aktuell i denne sammenheng."},"aqlPath":"/content[openEHR-EHR-SECTION.adhoc.v1,'Evaluering av risiko for komplikasjoner']/items[openEHR-EHR-OBSERVATION.poor_outcome_and_or_complication_risk_assesement.v1,'Medikamenter og allergier']/data[at0001]/events[at0002]/data[at0003]/items[at0009,'Bruk av medikamenter']/items[at0011]/value","inputs":[{"type":"BOOLEAN"}],"formId":"klinisk_kontakt/evaluering_av_risiko_for_komplikasjoner/medikamenter_og_allergier/bruk_av_medikamenter/tilstedeværelse","viewConfig":{"advanced":{"hidden":false,"readonly":false},"size":{"field":"inherit","label":"inherit","fill":"inherit"},"layout":{"label":{"valign":"inherit","align":"inherit"},"field":{"valign":"inherit","align":"inherit"}},"tags":["ShowAsRadios"],"datasource":{"loadRemote":false,"loadRemoteUrl":"","terminology":""},"annotations":{"select":"{#medikamenter_allergier:/items[at0009,'Bruk av medikamenter']/items[at0011]/value}","description":"Bruker pasienten medisiner?"},"field":{"input":{"threeState":false}}}},{"name":"Medikament","localizedName":"Medikament","rmType":"DV_TEXT","nodeId":"at0010","min":"0","max":"100","localizedNames":{"nb":"Medikament"},"localizedDescriptions":{"nb":"Navn på helsefaktor som utgjør en rsiko for dårlig utfall. Når bruk av medisiner er helsefaktoren vil navnet helsefaktor navn være en substansgrupppe eller navn på medikamentene pasienten bruker. Når helsefaktor er pasientstatus kan det være en egneskap ved pasientens sirkulasjon f.eks. høyt blodtrykk. "},"aqlPath":"/content[openEHR-EHR-SECTION.adhoc.v1,'Evaluering av risiko for komplikasjoner']/items[openEHR-EHR-OBSERVATION.poor_outcome_and_or_complication_risk_assesement.v1,'Medikamenter og allergier']/data[at0001]/events[at0002]/data[at0003]/items[at0009,'Bruk av medikamenter']/items[at0010]/value","inputs":[{"type":"TEXT"}],"formId":"klinisk_kontakt/evaluering_av_risiko_for_komplikasjoner/medikamenter_og_allergier/bruk_av_medikamenter/helsefaktor_navn_egenskap","viewConfig":{"annotations":{"select":"{#medikamenter_allergier:/items[at0009,'Bruk av medikamenter']/items[at0010]/value}","description":"Navn på medikamentene som pasienten bruker."},"advanced":{"hidden":false,"readonly":false},"size":{"field":"inherit","label":"inherit","fill":"inherit"},"layout":{"label":{"valign":"inherit","align":"top"},"field":{"valign":"inherit","align":"inherit"}},"tags":[],"datasource":{"loadRemote":false,"loadRemoteUrl":"","terminology":""},"field":{"input":{"presentation":"textfield"}}}},{"name":"Har allergi","localizedName":"Har allergi","rmType":"DV_BOOLEAN","nodeId":"at0011","min":"0","max":"1","localizedNames":{"nb":"Har allergi"},"localizedDescriptions":{"nb":"Tilstedeværelse av beskrevet faktor. Tilstedeværelse kan angis på foskjellig måte og behovene vil være foskjellige avhengis av situasjon. En vil noen gang kun ha behov for å bekrefte at faktoren er til stede, andre ganger vil man også eksplisitt ønske å angi at nevnt faktor ikke er tilstede. Noen ganger er infomrasjonen ikke etterspurt eller ikke aktuell i denne sammenheng."},"aqlPath":"/content[openEHR-EHR-SECTION.adhoc.v1,'Evaluering av risiko for komplikasjoner']/items[openEHR-EHR-OBSERVATION.poor_outcome_and_or_complication_risk_assesement.v1,'Medikamenter og allergier']/data[at0001]/events[at0002]/data[at0003]/items[at0009,'Allergier']/items[at0011]/value","inputs":[{"type":"BOOLEAN"}],"formId":"klinisk_kontakt/evaluering_av_risiko_for_komplikasjoner/medikamenter_og_allergier/allergier/tilstedeværelse","viewConfig":{"advanced":{"hidden":false,"readonly":false},"size":{"field":"inherit","label":"inherit","fill":"inherit"},"layout":{"label":{"valign":"inherit","align":"inherit"},"field":{"valign":"inherit","align":"inherit"}},"tags":["ShowAsRadios"],"datasource":{"loadRemote":false,"loadRemoteUrl":"","terminology":""},"annotations":{"select":"{#medikamenter_allergier:/items[at0009,'Allergier']/items[at0011]/value}","description":"Har pasienten allergier?"},"field":{"input":{"threeState":false}}}},{"name":"Allergen","localizedName":"Allergen","rmType":"DV_TEXT","nodeId":"at0010","min":"0","max":"100","localizedNames":{"nb":"Allergen"},"localizedDescriptions":{"nb":"Navn på helsefaktor som utgjør en rsiko for dårlig utfall. Når bruk av medisiner er helsefaktoren vil navnet helsefaktor navn være en substansgrupppe eller navn på medikamentene pasienten bruker. Når helsefaktor er pasientstatus kan det være en egneskap ved pasientens sirkulasjon f.eks. høyt blodtrykk. "},"aqlPath":"/content[openEHR-EHR-SECTION.adhoc.v1,'Evaluering av risiko for komplikasjoner']/items[openEHR-EHR-OBSERVATION.poor_outcome_and_or_complication_risk_assesement.v1,'Medikamenter og allergier']/data[at0001]/events[at0002]/data[at0003]/items[at0009,'Allergier']/items[at0010]/value","inputs":[{"type":"TEXT"}],"formId":"klinisk_kontakt/evaluering_av_risiko_for_komplikasjoner/medikamenter_og_allergier/allergier/helsefaktor_navn_egenskap","viewConfig":{"annotations":{"select":"{#medikamenter_allergier:/items[at0009,'Allergier']/items[at0010]/value}","description":"Navn på stoff, medikament, legemiddel etc., som pasienten er allergisk mot"},"advanced":{"hidden":false,"readonly":false},"size":{"field":"inherit","label":"inherit","fill":"inherit"},"layout":{"label":{"valign":"inherit","align":"top"},"field":{"valign":"inherit","align":"inherit"}},"tags":[],"datasource":{"loadRemote":false,"loadRemoteUrl":"","terminology":""},"field":{"input":{"presentation":"textfield"}}}},{"name":"Bruker tobakk","localizedName":"Bruker tobakk","rmType":"DV_BOOLEAN","nodeId":"at0004","min":"0","max":"1","localizedNames":{"nb":"Bruker tobakk"},"localizedDescriptions":{"nb":"Brukes tobakk av en eller annen type?"},"annotations":{"comment":"Registrer som Sann dersom individet bruker tobakk. Registrer som Usann dersom individet ikke bruker tobakk."},"aqlPath":"/content[openEHR-EHR-SECTION.adhoc.v1,'Evaluering av risiko for komplikasjoner']/items[openEHR-EHR-OBSERVATION.tobacco_use.v1]/data[at0001]/events[at0002]/data[at0003]/items[at0004]/value","inputs":[{"type":"BOOLEAN"}],"formId":"klinisk_kontakt/evaluering_av_risiko_for_komplikasjoner/tobakksbruk/tobakksbruk","viewConfig":{"advanced":{"hidden":false,"readonly":false},"size":{"field":"inherit","label":"inherit","fill":"inherit"},"layout":{"label":{"valign":"inherit","align":"inherit"},"field":{"valign":"inherit","align":"inherit"}},"tags":["ShowAsRadios"],"datasource":{"loadRemote":false,"loadRemoteUrl":"","terminology":""},"annotations":{"select":"{#tobakk:/data[at0001]/events[at0002]/data[at0003]/items[at0004]/value}"},"field":{"input":{"threeState":false}}}},{"name":"Form","localizedName":"Form","rmType":"DV_TEXT","nodeId":"at0006","min":"0","max":"1","localizedNames":{"nb":"Form"},"localizedDescriptions":{"nb":"Type tobakk som brukes eller forbrukes."},"annotations":{"comment":"Den geografiske og kulturelle variasjon i vanlig brukte typer tobakk varierer betydelig, så denne verdien bør ikke spesifiseres i arketypen. Derimot er koding av \"Type\" med terminologi ønskelig når mulig."},"aqlPath":"/content[openEHR-EHR-SECTION.adhoc.v1,'Evaluering av risiko for komplikasjoner']/items[openEHR-EHR-OBSERVATION.tobacco_use.v1]/data[at0001]/events[at0002]/data[at0003]/items[at0005]/items[at0006]/value","inputs":[{"type":"TEXT","list":[{"value":"Sigaretter","label":"Sigaretter"},{"value":"Rulletobakk","label":"Rulletobakk"},{"value":"Sigar","label":"Sigar"},{"value":"Pipe","label":"Pipe"},{"value":"Vannpipe","label":"Vannpipe"},{"value":"Tobakk uten røyk","label":"Tobakk uten røyk"}],"listOpen":false}],"formId":"klinisk_kontakt/evaluering_av_risiko_for_komplikasjoner/tobakksbruk/detaljer_om_bruk/type","viewConfig":{"advanced":{"hidden":false,"readonly":false},"size":{"field":"inherit","label":"inherit","fill":"inherit"},"layout":{"label":{"valign":"inherit","align":"inherit"},"field":{"valign":"inherit","align":"inherit"}},"tags":["ShowAsCombobox"],"datasource":{"loadRemote":false,"loadRemoteUrl":"","terminology":""},"annotations":{"select":"{#tobakk:/data[at0001]/events[at0002]/data[at0003]/items[at0005]/items[at0006]/value}"},"field":{"input":{"presentation":"textfield"}}}},{"name":"Antall røkt","localizedName":"Antall røkt","rmType":"DV_QUANTITY","nodeId":"at0014","min":0,"max":1,"localizedNames":{"nb":"Antall røkt"},"localizedDescriptions":{"nb":"Antall enheter som inneholder tobakk som er røkt."},"annotations":{"comment":"For eksempel sigaretter eller sigarer."},"aqlPath":"/content[openEHR-EHR-SECTION.adhoc.v1,'Evaluering av risiko for komplikasjoner']/items[openEHR-EHR-OBSERVATION.tobacco_use.v1]/data[at0001]/events[at0002]/data[at0003]/items[at0005]/items[at0015]/items[at0014]/value","inputs":[{"suffix":"magnitude","type":"DECIMAL"},{"suffix":"unit","type":"CODED_TEXT","list":[{"value":"/d","label":"/d"},{"value":"/wk","label":"/wk"},{"value":"/mo","label":"/mo"}]}],"formId":"klinisk_kontakt/evaluering_av_risiko_for_komplikasjoner/tobakksbruk/detaljer_om_bruk/mengde/antall_røkt","viewConfig":{"field":{"magnitude":{"presentation":"combobox"}},"annotations":{"select":"{#tobakk:/data[at0001]/events[at0002]/data[at0003]/items[at0005]/items[at0015]/items[at0014]/value}"},"size":{"field":"inherit","label":"inherit","fill":"inherit"},"layout":{"field":{"valign":"inherit","align":"inherit"}},"datasource":{"loadRemote":false,"loadRemoteUrl":"","terminology":""}}},{"name":"Mengde konsumert","localizedName":"Mengde konsumert","rmType":"DV_QUANTITY","nodeId":"at0016","min":0,"max":1,"localizedNames":{"nb":"Mengde konsumert"},"localizedDescriptions":{"nb":"Vekten til tobakksmengden som er konsumert."},"annotations":{"comment":"For eksempel røkt i en pipe eller mengde tyggetobakk."},"aqlPath":"/content[openEHR-EHR-SECTION.adhoc.v1,'Evaluering av risiko for komplikasjoner']/items[openEHR-EHR-OBSERVATION.tobacco_use.v1]/data[at0001]/events[at0002]/data[at0003]/items[at0005]/items[at0015]/items[at0016]/value","inputs":[{"suffix":"magnitude","type":"DECIMAL"},{"suffix":"unit","type":"CODED_TEXT","list":[{"value":"g/d","label":"g/d"},{"value":"g/wk","label":"g/wk"}]}],"formId":"klinisk_kontakt/evaluering_av_risiko_for_komplikasjoner/tobakksbruk/detaljer_om_bruk/mengde/mengde_konsumert","viewConfig":{"field":{"magnitude":{"presentation":"combobox"}},"annotations":{"select":"{#tobakk:/data[at0001]/events[at0002]/data[at0003]/items[at0005]/items[at0015]/items[at0016]/value}"},"size":{"field":"inherit","label":"inherit","fill":"inherit"},"layout":{"field":{"valign":"inherit","align":"inherit"}},"datasource":{"loadRemote":false,"loadRemoteUrl":"","terminology":""}}}],"viewConfig":{"advanced":{"hidden":false,"readonly":false,"render":false},"size":{"field":"large","label":"inherit","fill":"inherit"},"layout":{"label":{"valign":"inherit","align":"inherit"},"field":{"valign":"inherit","align":"inherit"}},"tags":["HideLabel"]}},{"name":"Viktig informasjon","localizedName":"Viktig informasjon","rmType":"CLUSTER","nodeId":"openEHR-EHR-CLUSTER.important_information.v1","min":"1","max":"1","localizedNames":{"nb":"Viktig informasjon"},"localizedDescriptions":{"nb":"Beskriver viktig informasjon i forbindelse med behandling, utredning eller andre helstjenester som ytes for en pasient."},"aqlPath":"/content[openEHR-EHR-SECTION.adhoc.v1,'Plan']/items[openEHR-EHR-INSTRUCTION.request-procedure.v1]/activities[at0001]/description[at0009]/items[openEHR-EHR-CLUSTER.important_information.v1]","children":[{"name":"Viktig informasjon","localizedName":"Viktig informasjon","rmType":"DV_TEXT","nodeId":"at0001","min":"0","max":"1","localizedNames":{"nb":"Viktig informasjon"},"localizedDescriptions":{"nb":"En narrativ beskrivelse av viktig informasjon."},"aqlPath":"/content[openEHR-EHR-SECTION.adhoc.v1,'Plan']/items[openEHR-EHR-INSTRUCTION.request-procedure.v1]/activities[at0001]/description[at0009]/items[openEHR-EHR-CLUSTER.important_information.v1]/items[at0001]/value","inputs":[{"type":"TEXT"}],"formId":"klinisk_kontakt/plan/prosedyrerekvirering/rekvirering/viktig_informasjon/viktig_informasjon","viewConfig":{"annotations":{"select":"{#importantinfo:/items[at0001]/value}","nullflavour":"271"},"advanced":{"hidden":false,"readonly":false},"size":{"field":"inherit","label":-1,"fill":"inherit"},"layout":{"label":{"valign":"inherit","align":"inherit"},"field":{"valign":"inherit","align":"inherit"}},"tags":[],"datasource":{"loadRemote":false,"loadRemoteUrl":"","terminology":""},"field":{"input":{"presentation":"textfield"}}}}],"formId":"klinisk_kontakt/plan/prosedyrerekvirering/rekvirering/viktig_informasjon","viewConfig":{"annotations":{"HeaderSize":"text","AlertType":"important"},"advanced":{"hidden":false,"readonly":false,"render":false},"size":{"field":"inherit","label":"inherit","fill":"inherit"},"layout":{"label":{"valign":"inherit","align":"inherit"},"field":{"valign":"inherit","align":"inherit"}},"tags":[]}},{"localizedName":"Status","localizedNames":{"nb":"Status"},"min":"0","max":"1","name":"Status","rmType":"GENERIC_FIELDSET","formId":"generic-field-83770","children":[{"name":"ASA-status","localizedName":"ASA-status","rmType":"DV_CODED_TEXT","nodeId":"at0001","min":0,"max":1,"localizedNames":{"nb":"ASA-status"},"localizedDescriptions":{"nb":"Et individs vurderte preoperative status."},"aqlPath":"/content[openEHR-EHR-SECTION.adhoc.v1,'Evaluering av risiko for komplikasjoner']/items[openEHR-EHR-OBSERVATION.poor_outcome_and_or_complication_risk_assesement.v1,'Pasientstatus']/data[at0001]/events[at0002]/data[at0003]/items[openEHR-EHR-CLUSTER.asa_status.v1]/items[at0001]/value","inputs":[{"suffix":"code","type":"CODED_TEXT","list":[{"value":"at0003","label":"ASA I","localizedLabels":{"nb":"ASA I"},"localizedDescriptions":{"nb":"Frisk pasient. Ingen organisk, fysiologisk, biokjemisk eller psykiatrisk forstyrrelse. Den aktuelle lidelsen er lokalisert og gir ikke generelle systemforstyrrelser. Mindre enn 5 sigaretters røyking per dag. Alder under 80 år. Eksempel: Frisk 50-åring, ikke-røyker, til åreknuteoperasjon."}},{"value":"at0004","label":"ASA II","localizedLabels":{"nb":"ASA II"},"localizedDescriptions":{"nb":"Moderat organisk lidelse eller forstyrrelse som ikke forårsaker funksjonelle begrensninger, men som kan medføre spesielle forholdsregler eller anestesitekniske tiltak. Lidelsen(e) kan enten være forårsaket av den aktuelle sykdommen pasienten skal opereres for, eller av en annen patologisk prosess. Alder over 80 år og nyfødte under 3 måneder. Mer enn 5 sigaretters røyking per dag. Eksempler: Lett organisk hjertesykdom. Ukomplisert diabetes (type 1 og 2). Godartet, ukomplisert hypertensjon. Frisk 20-åring med kjeveleddsperre."}},{"value":"at0005","label":"ASA III","localizedLabels":{"nb":"ASA III"},"localizedDescriptions":{"nb":"Alvorlig organisk sykdom eller forstyrrelse som gir definerte funksjonelle begrensninger. Eksempler: Diabetes med organkomplikasjoner. Invalidiserende hjertesykdom. Moderat til alvorlig lungesykdom. Angina pectoris. Gjennomgått hjerteinfarkt (mer enn 6 måneder siden)."}},{"value":"at0006","label":"ASA IV","localizedLabels":{"nb":"ASA IV"},"localizedDescriptions":{"nb":"Livstruende organisk sykdom som ikke behøver å være relatert til den aktuelle kirurgiske lidelsen eller som ikke alltid bedres ved det kirurgiske inngrepet. Eksempler: Malign hypertensjon. Nylig gjennomgått hjerteinfarkt (mindre enn 6 måneder siden). Sterkt framskreden lever-, nyre-, lunge- eller endokrin dysfunksjon. Manifest hjertesvikt. Ustabil angina pectoris. Subaraknoidalblødning, pasienten våken eller somnolent."}},{"value":"at0007","label":"ASA V","localizedLabels":{"nb":"ASA V"},"localizedDescriptions":{"nb":"Moribund pasient som ikke forventes å overleve 24 timer, med eller uten kirurgi. Eksempler: Pasient i sjokk med aortaaneurisme. Dypt komatøs pasient med intrakraniell blødning."}},{"value":"at0008","label":"ASA VI","localizedLabels":{"nb":"ASA VI"},"localizedDescriptions":{"nb":"Erklært hjernedød pasient som skal få organer fjernet for donasjon."}}]}],"formId":"klinisk_kontakt/evaluering_av_risiko_for_komplikasjoner/pasientstatus/asa-klassifikasjon/asa-status","viewConfig":{"annotations":{"select":"{#asa:/items[at0001]/value}","nullflavour":"271"},"size":{"field":"inherit","label":"inherit","fill":"inherit"},"layout":{"field":{"valign":"inherit","align":"inherit"}},"datasource":{"loadRemote":false,"loadRemoteUrl":"","terminology":""},"field":{"code":{"presentation":"combobox"}}}},{"name":"Merknad ASA","localizedName":"Merknad ASA","rmType":"DV_TEXT","nodeId":"at0014","min":"0","max":"1","localizedNames":{"nb":"Merknad ASA"},"localizedDescriptions":{"nb":"Fritekstvurdering av individets ASA-status."},"aqlPath":"/content[openEHR-EHR-SECTION.adhoc.v1,'Evaluering av risiko for komplikasjoner']/items[openEHR-EHR-OBSERVATION.poor_outcome_and_or_complication_risk_assesement.v1,'Pasientstatus']/data[at0001]/events[at0002]/data[at0003]/items[openEHR-EHR-CLUSTER.asa_status.v1]/items[at0014]/value","inputs":[{"type":"TEXT"}],"formId":"klinisk_kontakt/evaluering_av_risiko_for_komplikasjoner/pasientstatus/asa-klassifikasjon/kommentar","viewConfig":{"advanced":{"hidden":false,"readonly":false},"size":{"field":"inherit","label":"inherit","fill":"inherit"},"layout":{"label":{"valign":"inherit","align":"inherit"},"field":{"valign":"inherit","align":"inherit"}},"tags":[],"datasource":{"loadRemote":false,"loadRemoteUrl":"","terminology":""},"annotations":{"select":"{#asa:/items[at0014]/value}","description":"Kommentar om ASA pasientstatus vurderingen","nullflavour":"271"},"field":{"input":{"presentation":"textfield"}}}},{"name":"Sirkulasjon","localizedName":"Sirkulasjon","rmType":"DV_TEXT","nodeId":"at0010","min":"0","max":"100","localizedNames":{"nb":"Sirkulasjon"},"localizedDescriptions":{"nb":"Navn på helsefaktor som utgjør en rsiko for dårlig utfall. Når bruk av medisiner er helsefaktoren vil navnet helsefaktor navn være en substansgrupppe eller navn på medikamentene pasienten bruker. Når helsefaktor er pasientstatus kan det være en egneskap ved pasientens sirkulasjon f.eks. høyt blodtrykk. "},"aqlPath":"/content[openEHR-EHR-SECTION.adhoc.v1,'Evaluering av risiko for komplikasjoner']/items[openEHR-EHR-OBSERVATION.poor_outcome_and_or_complication_risk_assesement.v1,'Pasientstatus']/data[at0001]/events[at0002]/data[at0003]/items[at0009,'Sirkulasjon']/items[at0010]/value","inputs":[{"type":"TEXT","list":[{"value":"Hjertesvikt","label":"Hjertesvikt"},{"value":"Korornarsykdom","label":"Korornarsykdom"},{"value":"Hypertensjon","label":"Hypertensjon"},{"value":"Arrytmi","label":"Arrytmi"},{"value":"Annet","label":"Annet"}],"listOpen":true}],"formId":"klinisk_kontakt/evaluering_av_risiko_for_komplikasjoner/pasientstatus/sirkulasjon/helsefaktor_navn_egenskap","viewConfig":{"advanced":{"hidden":false,"readonly":false},"size":{"field":"inherit","label":"inherit","fill":"inherit"},"layout":{"label":{"valign":"inherit","align":"inherit"},"field":{"valign":"inherit","align":"inherit"}},"tags":["ShowAsMultiCombobox"],"datasource":{"loadRemote":false,"loadRemoteUrl":"","terminology":""},"annotations":{"select":"{#pasientstatus:/data[at0001]/events[at0002]/data[at0003]/items[at0009 and name/value='Sirkulasjon']/items[at0010]/value}","description":"Kjente sykdommer i sirkulasjonssystemet."},"field":{"input":{"presentation":"textfield"}}}},{"name":"Tilstedeværelse sirkulasjon","localizedName":"Tilstedeværelse sirkulasjon","rmType":"DV_BOOLEAN","nodeId":"at0011","min":"0","max":"1","localizedNames":{"nb":"Tilstedeværelse"},"localizedDescriptions":{"nb":"Tilstedeværelse av beskrevet faktor. Tilstedeværelse kan angis på foskjellig måte og behovene vil være foskjellige avhengis av situasjon. En vil noen gang kun ha behov for å bekrefte at faktoren er til stede, andre ganger vil man også eksplisitt ønske å angi at nevnt faktor ikke er tilstede. Noen ganger er infomrasjonen ikke etterspurt eller ikke aktuell i denne sammenheng."},"aqlPath":"/content[openEHR-EHR-SECTION.adhoc.v1,'Evaluering av risiko for komplikasjoner']/items[openEHR-EHR-OBSERVATION.poor_outcome_and_or_complication_risk_assesement.v1,'Pasientstatus']/data[at0001]/events[at0002]/data[at0003]/items[at0009,'Sirkulasjon']/items[at0011]/value","inputs":[{"type":"BOOLEAN","defaultValue":false}],"formId":"klinisk_kontakt/evaluering_av_risiko_for_komplikasjoner/pasientstatus/sirkulasjon/tilstedeværelse","viewConfig":{"annotations":{"select":"{#pasientstatus:/data[at0001]/events[at0002]/data[at0003]/items[at0009 and name/value='Sirkulasjon']/items[at0011]/value}"},"advanced":{"hidden":true,"readonly":false},"size":{"field":"inherit","label":"inherit","fill":"inherit"},"layout":{"label":{"valign":"inherit","align":"inherit"},"field":{"valign":"inherit","align":"inherit"}},"tags":[],"datasource":{"loadRemote":false,"loadRemoteUrl":"","terminology":""},"field":{"input":{"threeState":false}}}},{"name":"Merknad sirkulasjon","localizedName":"Merknad sirkulasjon","rmType":"DV_TEXT","nodeId":"at0013","min":"0","max":"1","localizedNames":{"nb":"Merknad sirkulasjon"},"localizedDescriptions":{"nb":"Vurdering av rsiko som denne helsefaktoren utgjør for utfallet til behandlingen. Det er ønskelig å bruke kodet tekst der dette er mulig og naturlig."},"aqlPath":"/content[openEHR-EHR-SECTION.adhoc.v1,'Evaluering av risiko for komplikasjoner']/items[openEHR-EHR-OBSERVATION.poor_outcome_and_or_complication_risk_assesement.v1,'Pasientstatus']/data[at0001]/events[at0002]/data[at0003]/items[at0009,'Sirkulasjon']/items[at0013]/value","inputs":[{"type":"TEXT"}],"formId":"klinisk_kontakt/evaluering_av_risiko_for_komplikasjoner/pasientstatus/sirkulasjon/risikovurdering","viewConfig":{"annotations":{"select":"{#pasientstatus:/data[at0001]/events[at0002]/data[at0003]/items[at0009 and name/value='Sirkulasjon']/items[at0013]/value}","description":"Kommentar til sykdommer i sirkulasjonssystemet. "},"advanced":{"hidden":false,"readonly":false},"size":{"field":"inherit","label":"inherit","fill":"inherit"},"layout":{"label":{"valign":"inherit","align":"inherit"},"field":{"valign":"inherit","align":"inherit"}},"tags":[],"datasource":{"loadRemote":false,"loadRemoteUrl":"","terminology":""},"field":{"input":{"presentation":"textfield"}}}},{"name":"NYHA klassifikasjon av hjertesvikt","localizedName":"NYHA klassifikasjon av hjertesvikt","rmType":"DV_CODED_TEXT","nodeId":"at0001","min":"0","max":"1","localizedNames":{"nb":"NYHA klassifikasjon av hjertesvikt"},"localizedDescriptions":{"nb":"Den funksjonelle klassifiseringen av hjertesvikt, basert på pasientsymptomer."},"aqlPath":"/content[openEHR-EHR-SECTION.adhoc.v1,'Evaluering av risiko for komplikasjoner']/items[openEHR-EHR-OBSERVATION.poor_outcome_and_or_complication_risk_assesement.v1,'Pasientstatus']/data[at0001]/events[at0002]/data[at0003]/items[openEHR-EHR-CLUSTER.nyha_heart_failure.v1]/items[at0001]/value","inputs":[{"suffix":"code","type":"CODED_TEXT","list":[{"value":"at0002","label":"Klasse I","localizedLabels":{"nb":"Klasse I"},"localizedDescriptions":{"nb":"Ingen begrensninger i fysisk kapasitet. Vanlig fysisk aktivitet forårsaker ikke uvanlig tretthet, hjertebank eller pustebesvær."}},{"value":"at0003","label":"Klasse II","localizedLabels":{"nb":"Klasse II"},"localizedDescriptions":{"nb":"Liten begrensning i fysisk kapasitet. Har det bra i hvile. Vanlig fysisk aktivitet forårsaker tretthet, hjertebank eller pustebesvær."}},{"value":"at0004","label":"Klasse III","localizedLabels":{"nb":"Klasse III"},"localizedDescriptions":{"nb":"Merkbar begrensning i fysisk kapasitet. Har det bra i hvile. Mindre enn vanlig fysisk aktivitet forårsaker tretthet, hjertebank eller pustebesvær."}},{"value":"at0005","label":"Klasse IV","localizedLabels":{"nb":"Klasse IV"},"localizedDescriptions":{"nb":"Ikke i stand til å utføre fysisk aktivitet uten ubehag. Symptomer på hjertesvikt i hvile. Hvis fysisk aktivitet utføres, øker ubehaget."}}]}],"formId":"klinisk_kontakt/evaluering_av_risiko_for_komplikasjoner/pasientstatus/nyha_klassifikasjon_av_hjertesvikt/funksjonell_kapasitet","viewConfig":{"annotations":{"select":"{#nyha:/items[at0001]/value}","nullflavour":"271"},"advanced":{"hidden":false,"readonly":false},"size":{"field":"inherit","label":"inherit","fill":"inherit"},"layout":{"label":{"valign":"inherit","align":"inherit"},"field":{"valign":"inherit","align":"inherit"}},"tags":[],"datasource":{"loadRemote":false,"loadRemoteUrl":"","terminology":""},"field":{"code":{"presentation":"combobox"}}}},{"name":"Respirasjon","localizedName":"Respirasjon","rmType":"DV_TEXT","nodeId":"at0010","min":"0","max":"100","localizedNames":{"nb":"Respirasjon"},"localizedDescriptions":{"nb":"Navn på helsefaktor som utgjør en rsiko for dårlig utfall. Når bruk av medisiner er helsefaktoren vil navnet helsefaktor navn være en substansgrupppe eller navn på medikamentene pasienten bruker. Når helsefaktor er pasientstatus kan det være en egneskap ved pasientens sirkulasjon f.eks. høyt blodtrykk. "},"aqlPath":"/content[openEHR-EHR-SECTION.adhoc.v1,'Evaluering av risiko for komplikasjoner']/items[openEHR-EHR-OBSERVATION.poor_outcome_and_or_complication_risk_assesement.v1,'Pasientstatus']/data[at0001]/events[at0002]/data[at0003]/items[at0009,'Respirasjon']/items[at0010]/value","inputs":[{"type":"TEXT","list":[{"value":"KOLS","label":"KOLS"},{"value":"Astma","label":"Astma"},{"value":"Restriktiv lungesykdom","label":"Restriktiv lungesykdom"},{"value":"Søvnapne","label":"Søvnapne"},{"value":"Annet","label":"Annet"}],"listOpen":true}],"formId":"klinisk_kontakt/evaluering_av_risiko_for_komplikasjoner/pasientstatus/respirasjon/helsefaktor_navn_egenskap","viewConfig":{"advanced":{"hidden":false,"readonly":false},"size":{"field":"inherit","label":"inherit","fill":"inherit"},"layout":{"label":{"valign":"inherit","align":"inherit"},"field":{"valign":"inherit","align":"inherit"}},"tags":["ShowAsMultiCombobox"],"datasource":{"loadRemote":false,"loadRemoteUrl":"","terminology":""},"annotations":{"description":"Kjente sykdommer i respirasjonssystemet.","select":"{#pasientstatus:/data[at0001]/events[at0002]/data[at0003]/items[at0009 and name/value='Respirasjon']/items[at0010]/value}"},"field":{"input":{"presentation":"textfield"}}}},{"name":"Tilstedeværelse respirasjon","localizedName":"Tilstedeværelse respirasjon","rmType":"DV_BOOLEAN","nodeId":"at0011","min":"0","max":"1","localizedNames":{"nb":"Tilstedeværelse respirasjon"},"localizedDescriptions":{"nb":"Tilstedeværelse av beskrevet faktor. Tilstedeværelse kan angis på foskjellig måte og behovene vil være foskjellige avhengis av situasjon. En vil noen gang kun ha behov for å bekrefte at faktoren er til stede, andre ganger vil man også eksplisitt ønske å angi at nevnt faktor ikke er tilstede. Noen ganger er infomrasjonen ikke etterspurt eller ikke aktuell i denne sammenheng."},"annotations":{"view:pass_through":"true"},"aqlPath":"/content[openEHR-EHR-SECTION.adhoc.v1,'Evaluering av risiko for komplikasjoner']/items[openEHR-EHR-OBSERVATION.poor_outcome_and_or_complication_risk_assesement.v1,'Pasientstatus']/data[at0001]/events[at0002]/data[at0003]/items[at0009,'Respirasjon']/items[at0011]/value","inputs":[{"type":"BOOLEAN","defaultValue":false}],"formId":"klinisk_kontakt/evaluering_av_risiko_for_komplikasjoner/pasientstatus/respirasjon/tilstedeværelse","viewConfig":{"annotations":{"select":"{#pasientstatus:/data[at0001]/events[at0002]/data[at0003]/items[at0009 and name/value='Respirasjon']/items[at0011]/value}"},"advanced":{"hidden":true,"readonly":false},"size":{"field":"inherit","label":"inherit","fill":"inherit"},"layout":{"label":{"valign":"inherit","align":"inherit"},"field":{"valign":"inherit","align":"inherit"}},"tags":[],"datasource":{"loadRemote":false,"loadRemoteUrl":"","terminology":""},"field":{"input":{"threeState":false}}}},{"name":"Merknad respirasjon","localizedName":"Merknad respirasjon","rmType":"DV_TEXT","nodeId":"at0013","min":"0","max":"1","localizedNames":{"nb":"Merknad respirasjon"},"localizedDescriptions":{"nb":"Vurdering av rsiko som denne helsefaktoren utgjør for utfallet til behandlingen. Det er ønskelig å bruke kodet tekst der dette er mulig og naturlig."},"aqlPath":"/content[openEHR-EHR-SECTION.adhoc.v1,'Evaluering av risiko for komplikasjoner']/items[openEHR-EHR-OBSERVATION.poor_outcome_and_or_complication_risk_assesement.v1,'Pasientstatus']/data[at0001]/events[at0002]/data[at0003]/items[at0009,'Respirasjon']/items[at0013]/value","inputs":[{"type":"TEXT"}],"formId":"klinisk_kontakt/evaluering_av_risiko_for_komplikasjoner/pasientstatus/respirasjon/risikovurdering","viewConfig":{"annotations":{"select":"{#pasientstatus:/data[at0001]/events[at0002]/data[at0003]/items[at0009 and name/value='Respirasjon']/items[at0013]/value}","description":"Kommentar til sykdommer i respirasjonssystemet."},"advanced":{"hidden":false,"readonly":false},"size":{"field":"inherit","label":"inherit","fill":"inherit"},"layout":{"label":{"valign":"inherit","align":"inherit"},"field":{"valign":"inherit","align":"inherit"}},"tags":[],"datasource":{"loadRemote":false,"loadRemoteUrl":"","terminology":""},"field":{"input":{"presentation":"textfield"}}}},{"name":"Andre sykdommer","localizedName":"Andre sykdommer","rmType":"DV_TEXT","nodeId":"at0010","min":"0","max":"100","localizedNames":{"nb":"Andre sykdommer"},"localizedDescriptions":{"nb":"Navn på helsefaktor som utgjør en rsiko for dårlig utfall. Når bruk av medisiner er helsefaktoren vil navnet helsefaktor navn være en substansgrupppe eller navn på medikamentene pasienten bruker. Når helsefaktor er pasientstatus kan det være en egneskap ved pasientens sirkulasjon f.eks. høyt blodtrykk. "},"aqlPath":"/content[openEHR-EHR-SECTION.adhoc.v1,'Evaluering av risiko for komplikasjoner']/items[openEHR-EHR-OBSERVATION.poor_outcome_and_or_complication_risk_assesement.v1,'Pasientstatus']/data[at0001]/events[at0002]/data[at0003]/items[at0009,'Andre sykdommer']/items[at0010]/value","inputs":[{"type":"TEXT","list":[{"value":"CNS/nevrologi","label":"CNS/nevrologi"},{"value":"Diabetes","label":"Diabetes"},{"value":"GI-tractus/lever","label":"GI-tractus/lever"},{"value":"Dårlig ernæringstilstand","label":"Dårlig ernæringstilstand"},{"value":"Nyre/urinveier","label":"Nyre/urinveier"},{"value":"Hematologi","label":"Hematologi"},{"value":"Malign sykdom","label":"Malign sykdom"},{"value":"Psyke","label":"Psyke"},{"value":"Annet","label":"Annet"}],"listOpen":true}],"formId":"klinisk_kontakt/evaluering_av_risiko_for_komplikasjoner/pasientstatus/andre_sykdommer/helsefaktor_navn_egenskap","viewConfig":{"advanced":{"hidden":false,"readonly":false},"size":{"field":"inherit","label":"inherit","fill":"inherit"},"layout":{"label":{"valign":"inherit","align":"inherit"},"field":{"valign":"inherit","align":"inherit"}},"tags":["ShowAsMultiCombobox"],"datasource":{"loadRemote":false,"loadRemoteUrl":"","terminology":""},"annotations":{"select":"{#pasientstatus:/data[at0001]/events[at0002]/data[at0003]/items[at0009 and name/value='Andre sykdommer']/items[at0010]/value}","description":"Andre kjente sykdommer."},"field":{"input":{"presentation":"textfield"}}}},{"name":"Tilstedeværelse andre sykdommer","localizedName":"Tilstedeværelse andre sykdommer","rmType":"DV_BOOLEAN","nodeId":"at0011","min":"0","max":"1","localizedNames":{"nb":"Tilstedeværelse"},"localizedDescriptions":{"nb":"Tilstedeværelse av beskrevet faktor. Tilstedeværelse kan angis på foskjellig måte og behovene vil være foskjellige avhengis av situasjon. En vil noen gang kun ha behov for å bekrefte at faktoren er til stede, andre ganger vil man også eksplisitt ønske å angi at nevnt faktor ikke er tilstede. Noen ganger er infomrasjonen ikke etterspurt eller ikke aktuell i denne sammenheng."},"annotations":{"view:pass_through":"true"},"aqlPath":"/content[openEHR-EHR-SECTION.adhoc.v1,'Evaluering av risiko for komplikasjoner']/items[openEHR-EHR-OBSERVATION.poor_outcome_and_or_complication_risk_assesement.v1,'Pasientstatus']/data[at0001]/events[at0002]/data[at0003]/items[at0009,'Andre helsefaktorer']/items[at0011]/value","inputs":[{"type":"BOOLEAN","defaultValue":false}],"formId":"klinisk_kontakt/evaluering_av_risiko_for_komplikasjoner/pasientstatus/andre_helsefaktorer/tilstedeværelse","viewConfig":{"annotations":{"select":"{#pasientstatus:/data[at0001]/events[at0002]/data[at0003]/items[at0009 and name/value='Andre sykdommer']/items[at0011]/value}"},"advanced":{"hidden":true,"readonly":false},"size":{"field":"inherit","label":"inherit","fill":"inherit"},"layout":{"label":{"valign":"inherit","align":"inherit"},"field":{"valign":"inherit","align":"inherit"}},"tags":[],"datasource":{"loadRemote":false,"loadRemoteUrl":"","terminology":""},"field":{"input":{"threeState":false}}}},{"name":"Merknad andre sykdommer","localizedName":"Merknad andre sykdommer","rmType":"DV_TEXT","nodeId":"at0013","min":"0","max":"1","localizedNames":{"nb":"Merknad andre sykdommer"},"localizedDescriptions":{"nb":"Vurdering av rsiko som denne helsefaktoren utgjør for utfallet til behandlingen. Det er ønskelig å bruke kodet tekst der dette er mulig og naturlig."},"aqlPath":"/content[openEHR-EHR-SECTION.adhoc.v1,'Evaluering av risiko for komplikasjoner']/items[openEHR-EHR-OBSERVATION.poor_outcome_and_or_complication_risk_assesement.v1,'Pasientstatus']/data[at0001]/events[at0002]/data[at0003]/items[at0009,'Andre sykdommer']/items[at0013]/value","inputs":[{"type":"TEXT"}],"formId":"klinisk_kontakt/evaluering_av_risiko_for_komplikasjoner/pasientstatus/andre_sykdommer/risikovurdering","viewConfig":{"annotations":{"select":"{#pasientstatus:/data[at0001]/events[at0002]/data[at0003]/items[at0009 and name/value='Andre sykdommer']/items[at0013]/value}","description":"Kommentar til andre sykdommer."},"advanced":{"hidden":false,"readonly":false},"size":{"field":"inherit","label":"inherit","fill":"inherit"},"layout":{"label":{"valign":"inherit","align":"inherit"},"field":{"valign":"inherit","align":"inherit"}},"tags":[],"datasource":{"loadRemote":false,"loadRemoteUrl":"","terminology":""},"field":{"input":{"presentation":"textfield"}}}},{"name":"Andre helsefaktorer","localizedName":"Andre helsefaktorer","rmType":"DV_TEXT","nodeId":"at0010","min":"0","max":"100","localizedNames":{"nb":"Andre helsefaktorer"},"localizedDescriptions":{"nb":"Navn på helsefaktor som utgjør en rsiko for dårlig utfall. Når bruk av medisiner er helsefaktoren vil navnet helsefaktor navn være en substansgrupppe eller navn på medikamentene pasienten bruker. Når helsefaktor er pasientstatus kan det være en egneskap ved pasientens sirkulasjon f.eks. høyt blodtrykk. "},"aqlPath":"/content[openEHR-EHR-SECTION.adhoc.v1,'Evaluering av risiko for komplikasjoner']/items[openEHR-EHR-OBSERVATION.poor_outcome_and_or_complication_risk_assesement.v1,'Pasientstatus']/data[at0001]/events[at0002]/data[at0003]/items[at0009,'Andre helsefaktorer']/items[at0010]/value","inputs":[{"type":"TEXT","list":[{"value":"PONV/bilsyke","label":"PONV/bilsyke"},{"value":"Tidligere anestesi","label":"Tidligere anestesi"},{"value":"Stimulantia","label":"Stimulantia"},{"value":"Annet","label":"Annet"}],"listOpen":true}],"formId":"klinisk_kontakt/evaluering_av_risiko_for_komplikasjoner/pasientstatus/andre_helsefaktorer/helsefaktor_navn_egenskap","viewConfig":{"advanced":{"hidden":false,"readonly":false},"size":{"field":"inherit","label":"inherit","fill":"inherit"},"layout":{"label":{"valign":"inherit","align":"inherit"},"field":{"valign":"inherit","align":"inherit"}},"tags":["ShowAsMultiCombobox"],"datasource":{"loadRemote":false,"loadRemoteUrl":"","terminology":""},"annotations":{"select":"{#pasientstatus:/data[at0001]/events[at0002]/data[at0003]/items[at0009 and name/value='Andre helsefaktorer']/items[at0010]/value}","description":"Andre kjente helsefaktorer hos pasienten."},"field":{"input":{"presentation":"textfield"}}}},{"name":"Merknad andre helsefaktorer","localizedName":"Merknad andre helsefaktorer","rmType":"DV_TEXT","nodeId":"at0013","min":"0","max":"1","localizedNames":{"nb":"Merknad andre helsefaktorer"},"localizedDescriptions":{"nb":"Vurdering av rsiko som denne helsefaktoren utgjør for utfallet til behandlingen. Det er ønskelig å bruke kodet tekst der dette er mulig og naturlig."},"aqlPath":"/content[openEHR-EHR-SECTION.adhoc.v1,'Evaluering av risiko for komplikasjoner']/items[openEHR-EHR-OBSERVATION.poor_outcome_and_or_complication_risk_assesement.v1,'Pasientstatus']/data[at0001]/events[at0002]/data[at0003]/items[at0009,'Andre helsefaktorer']/items[at0013]/value","inputs":[{"type":"TEXT"}],"formId":"klinisk_kontakt/evaluering_av_risiko_for_komplikasjoner/pasientstatus/andre_helsefaktorer/risikovurdering","viewConfig":{"annotations":{"select":"{#pasientstatus:/data[at0001]/events[at0002]/data[at0003]/items[at0009 and name/value='Andre helsefaktorer']/items[at0013]/value}","description":"Kommentar til andre faktorer som kan påvirke operasjon og/eller anestesi."},"advanced":{"hidden":false,"readonly":false},"size":{"field":"inherit","label":"inherit","fill":"inherit"},"layout":{"label":{"valign":"inherit","align":"inherit"},"field":{"valign":"inherit","align":"inherit"}},"tags":[],"datasource":{"loadRemote":false,"loadRemoteUrl":"","terminology":""},"field":{"input":{"presentation":"textfield"}}}},{"name":"Anestesi totalevaluering","localizedName":"Anestesi totalevaluering","rmType":"DV_TEXT","nodeId":"at0006","min":"0","max":"1","localizedNames":{"nb":"Anestesi totalevaluering"},"localizedDescriptions":{"nb":"Total evaluering av hvordan nevnte faktorer vil kunne påvirke resultatet av behandlingen. Evaluering kan være en tekstlig beskrivelse av vurderingen eller også angis som aktuelle risikofaktorer. Ved en vurdering av anestesirisiko kan evalueringen f.eks. vise forhøyet aspirasjonsrisiko og risiko for vanskelig intubasjon."},"aqlPath":"/content[openEHR-EHR-SECTION.adhoc.v1,'Evaluering av risiko for komplikasjoner']/items[openEHR-EHR-OBSERVATION.poor_outcome_and_or_complication_risk_assesement.v1,'Pasientstatus']/data[at0001]/events[at0002]/data[at0003]/items[at0006]/value","inputs":[{"type":"TEXT"}],"formId":"klinisk_kontakt/evaluering_av_risiko_for_komplikasjoner/pasientstatus/total_evaluering","viewConfig":{"advanced":{"hidden":false,"readonly":false},"size":{"field":"inherit","label":"inherit","fill":"inherit"},"layout":{"label":{"valign":"inherit","align":"inherit"},"field":{"valign":"inherit","align":"inherit"}},"tags":[],"datasource":{"loadRemote":false,"loadRemoteUrl":"","terminology":""},"annotations":{"description":"En total evaluering av pasientens tilstand i forhold til risiko for operasjon og eller anestesi.","select":"{#pasientstatus:/data[at0001]/events[at0002]/data[at0003]/items[at0006 and name/value='Total evaluering']/value}"},"field":{"input":{"presentation":"textfield"}}}}],"viewConfig":{"advanced":{"hidden":false,"readonly":false,"render":false},"size":{"field":"large","label":"inherit","fill":"inherit"},"layout":{"label":{"valign":"inherit","align":"top"},"field":{"valign":"inherit","align":"inherit"}},"tags":[],"annotations":{}}},{"localizedName":"Evaluering luftvei","localizedNames":{"nb":"Evaluering luftvei"},"min":"0","max":"1","name":"Evaluering luftvei","rmType":"GENERIC_FIELDSET","formId":"generic-field-25517","children":[{"name":"Luftvei","localizedName":"Luftvei","rmType":"DV_TEXT","nodeId":"at0010","min":"0","max":"100","localizedNames":{"nb":"Luftvei"},"localizedDescriptions":{"nb":"Navn på helsefaktor som utgjør en rsiko for dårlig utfall. Når bruk av medisiner er helsefaktoren vil navnet helsefaktor navn være en substansgrupppe eller navn på medikamentene pasienten bruker. Når helsefaktor er pasientstatus kan det være en egneskap ved pasientens sirkulasjon f.eks. høyt blodtrykk. "},"aqlPath":"/content[openEHR-EHR-SECTION.adhoc.v1,'Evaluering av risiko for komplikasjoner']/items[openEHR-EHR-OBSERVATION.poor_outcome_and_or_complication_risk_assesement.v1,'Evaluering av luftvei']/data[at0001]/events[at0002]/data[at0003]/items[at0009,'Luftvei']/items[at0010]/value","inputs":[{"type":"TEXT","list":[{"value":"Redusert nakkeekstensjon","label":"Redusert nakkeekstensjon"},{"value":"Dårlig tannstatus","label":"Dårlig tannstatus"},{"value":"Redusert gapeevne","label":"Redusert gapeevne"}],"listOpen":true}],"formId":"klinisk_kontakt/evaluering_av_risiko_for_komplikasjoner/evaluering_av_luftvei/luftvei/helsefaktor_navn_egenskap","viewConfig":{"advanced":{"hidden":false,"readonly":false},"size":{"field":"inherit","label":"inherit","fill":"inherit"},"layout":{"label":{"valign":"inherit","align":"inherit"},"field":{"valign":"inherit","align":"inherit"}},"tags":["ShowAsMultiCombobox"],"datasource":{"loadRemote":false,"loadRemoteUrl":"","terminology":""},"annotations":{"select":"{#eval_luftvei:/data[at0001]/events[at0002]/data[at0003]/items[at0009 and name/value='Luftvei']/items[at0010]/value}","description":"Faktorer ved luftveier som kan utgjøre en risiko for operasjon og/eller anestesi."},"field":{"input":{"presentation":"textfield"}}}},{"name":"Tilstedeværelse luftvei","localizedName":"Tilstedeværelse luftvei","rmType":"DV_BOOLEAN","nodeId":"at0011","min":"0","max":"1","localizedNames":{"nb":"Tilstedeværelse luftvei"},"localizedDescriptions":{"nb":"Tilstedeværelse av beskrevet faktor. Tilstedeværelse kan angis på foskjellig måte og behovene vil være foskjellige avhengis av situasjon. En vil noen gang kun ha behov for å bekrefte at faktoren er til stede, andre ganger vil man også eksplisitt ønske å angi at nevnt faktor ikke er tilstede. Noen ganger er infomrasjonen ikke etterspurt eller ikke aktuell i denne sammenheng."},"annotations":{"view:pass_through":"true"},"aqlPath":"/content[openEHR-EHR-SECTION.adhoc.v1,'Evaluering av risiko for komplikasjoner']/items[openEHR-EHR-OBSERVATION.poor_outcome_and_or_complication_risk_assesement.v1,'Evaluering av luftvei']/data[at0001]/events[at0002]/data[at0003]/items[at0009,'Luftvei']/items[at0011]/value","inputs":[{"type":"BOOLEAN","defaultValue":false}],"formId":"klinisk_kontakt/evaluering_av_risiko_for_komplikasjoner/evaluering_av_luftvei/luftvei/tilstedeværelse","viewConfig":{"annotations":{"select":"{#eval_luftvei:/data[at0001]/events[at0002]/data[at0003]/items[at0009 and name/value='Luftvei']/items[at0011]/value}"},"advanced":{"hidden":true,"readonly":false},"size":{"field":"inherit","label":"inherit","fill":"inherit"},"layout":{"label":{"valign":"inherit","align":"inherit"},"field":{"valign":"inherit","align":"inherit"}},"tags":[],"datasource":{"loadRemote":false,"loadRemoteUrl":"","terminology":""},"field":{"input":{"threeState":false}}}},{"name":"Evaluering luftvei","localizedName":"Evaluering luftvei","rmType":"DV_TEXT","nodeId":"at0006","min":"0","max":"100","localizedNames":{"nb":"Evaluering luftvei"},"localizedDescriptions":{"nb":"Total evaluering av hvordan nevnte faktorer vil kunne påvirke resultatet av behandlingen. Evaluering kan være en tekstlig beskrivelse av vurderingen eller også angis som aktuelle risikofaktorer. Ved en vurdering av anestesirisiko kan evalueringen f.eks. vise forhøyet aspirasjonsrisiko og risiko for vanskelig intubasjon."},"aqlPath":"/content[openEHR-EHR-SECTION.adhoc.v1,'Evaluering av risiko for komplikasjoner']/items[openEHR-EHR-OBSERVATION.poor_outcome_and_or_complication_risk_assesement.v1,'Evaluering av luftvei']/data[at0001]/events[at0002]/data[at0003]/items[at0006]/value","inputs":[{"type":"TEXT","list":[{"value":"Forventet vanskelig intubasjon","label":"Forventet vanskelig intubasjon"},{"value":"Aspirasjonsrisiko","label":"Aspirasjonsrisiko"}],"listOpen":true}],"formId":"klinisk_kontakt/evaluering_av_risiko_for_komplikasjoner/evaluering_av_luftvei/total_evaluering","viewConfig":{"advanced":{"hidden":false,"readonly":false},"size":{"field":"inherit","label":"inherit","fill":"inherit"},"layout":{"label":{"valign":"inherit","align":"inherit"},"field":{"valign":"inherit","align":"inherit"}},"tags":["ShowAsMultiCombobox"],"datasource":{"loadRemote":false,"loadRemoteUrl":"","terminology":""},"annotations":{"select":"{#eval_luftvei:/data[at0001]/events[at0002]/data[at0003]/items[at0006]/value}","description":""},"field":{"input":{"presentation":"textfield"}}}},{"name":"Mallampati-klassifikasjon","localizedName":"Mallampati-klassifikasjon","rmType":"DV_ORDINAL","nodeId":"at0004","min":"0","max":"1","localizedNames":{"nb":"Mallampati-klassifikasjon"},"localizedDescriptions":{"nb":"Mallampati-klassifikasjon."},"aqlPath":"/content[openEHR-EHR-SECTION.adhoc.v1,'Evaluering av risiko for komplikasjoner']/items[openEHR-EHR-OBSERVATION.poor_outcome_and_or_complication_risk_assesement.v1,'Evaluering av luftvei']/data[at0001]/events[at0002]/data[at0003]/items[openEHR-EHR-CLUSTER.mallampati_classification.v1]/items[at0004]/value","inputs":[{"type":"CODED_TEXT","list":[{"value":"at0006","label":"Klasse 1","localizedLabels":{"nb":"Klasse 1"},"localizedDescriptions":{"nb":"Tonsillesøylene, uvula, hard og bløt gane er fullstendig synlige."},"ordinal":1},{"value":"at0007","label":"Klasse 2","localizedLabels":{"nb":"Klasse 2"},"localizedDescriptions":{"nb":"Uvula og bløt gane er delvis synlige."},"ordinal":2},{"value":"at0008","label":"Klasse 3","localizedLabels":{"nb":"Klasse 3"},"localizedDescriptions":{"nb":"Kun bløt gane er synlig."},"ordinal":3},{"value":"at0009","label":"Klasse 4","localizedLabels":{"nb":"Klasse 4"},"localizedDescriptions":{"nb":"Ingen visualisering av strukturer bak tungen, kun hard gane er synlig."},"ordinal":4}]}],"formId":"klinisk_kontakt/evaluering_av_risiko_for_komplikasjoner/evaluering_av_luftvei/modifisert_mallampati-klassifikasjon/mallampati-klassifikasjon","viewConfig":{"annotations":{"select":"{#mallampati:/items[at0004]/value}","description":"","nullflavour":"271"},"advanced":{"hidden":false,"readonly":false},"size":{"field":"inherit","label":"inherit","fill":"inherit"},"layout":{"label":{"valign":"inherit","align":"inherit"},"field":{"valign":"inherit","align":"inherit"}},"tags":[],"datasource":{"loadRemote":false,"loadRemoteUrl":"","terminology":""},"extras":{"imageCfg":{"image":"Mallampati_classification.jpg","areas":[{"title":"0","coords":"1,1,148,292","shape":"rect","indicator":"none","value":"at0006"},{"title":"1","coords":"149,1,284,292","shape":"rect","indicator":"none","value":"at0007"},{"title":"2","coords":"285,1,421,292","shape":"rect","indicator":"none","value":"at0008"},{"title":"3","coords":"422,1,556,292","shape":"rect","indicator":"none","value":"at0009"}]}},"field":{"input":{"presentation":"image","columns":"4"}}}}],"viewConfig":{"advanced":{"hidden":false,"readonly":false,"render":false},"size":{"field":"large","label":"inherit","fill":"inherit"},"layout":{"label":{"valign":"inherit","align":"top"},"field":{"valign":"inherit","align":"inherit"}},"tags":["HideLabel"]}},{"localizedName":"Plan","localizedNames":{"nb":"Plan"},"min":"0","max":"1","name":"Plan","rmType":"GENERIC_FIELDSET","formId":"generic-field-41268","children":[{"name":"Planlagt anestesitype","localizedName":"Planlagt anestesitype","rmType":"DV_CODED_TEXT","nodeId":"at0001","min":"1","max":"100","localizedNames":{"nb":"Planlagt anestesitype"},"localizedDescriptions":{"nb":"Anestesitype som planlegges gitt. Dette kan være en eller en kombinasjon av flere f.eks. generelle anestesi og epiduralbedøvelse."},"aqlPath":"/content[openEHR-EHR-SECTION.adhoc.v1,'Plan']/items[openEHR-EHR-INSTRUCTION.request-procedure.v1]/activities[at0001]/description[at0009]/items[openEHR-EHR-CLUSTER.planned_anesthesia.v1]/items[at0001]/value","inputs":[{"suffix":"code","type":"TEXT","terminology":"ark-ane-hovedtype?subset=ark-ane-hovedtype&language=en-GB"},{"suffix":"value","type":"TEXT","terminology":"ark-ane-hovedtype?subset=ark-ane-hovedtype&language=en-GB"}],"formId":"klinisk_kontakt/plan/prosedyrerekvirering/rekvirering/planlagt_anestesi/anestesitype","viewConfig":{"advanced":{"hidden":false,"readonly":false},"size":{"field":"inherit","label":"inherit","fill":"inherit"},"layout":{"label":{"valign":"inherit","align":"inherit"},"field":{"valign":"inherit","align":"inherit"}},"tags":["ShowAsMulticombobox"],"datasource":{"loadRemote":false,"loadRemoteUrl":"","terminology":""},"annotations":{"select":"{#planned_anesthesia:/items[at0001]/value}"},"field":{"code":{"presentation":"textfield"},"value":{"presentation":"textfield"}}}},{"name":"Planlagt luftvei","localizedName":"Planlagt luftvei","rmType":"DV_CODED_TEXT","nodeId":"at0002","min":"0","max":"100","localizedNames":{"nb":"Planlagt luftvei"},"localizedDescriptions":{"nb":"Luftveistilgang som lanlegges i forbindelse med anestesi.*"},"aqlPath":"/content[openEHR-EHR-SECTION.adhoc.v1,'Plan']/items[openEHR-EHR-INSTRUCTION.request-procedure.v1]/activities[at0001]/description[at0009]/items[openEHR-EHR-CLUSTER.planned_anesthesia.v1]/items[at0002]/value","inputs":[{"suffix":"code","type":"TEXT","terminology":"ARK-ANE-LUFTVEISTILGANG?subset=ARK-ANE-LUFTVEISTILGANG&language=en-GB"},{"suffix":"value","type":"TEXT","terminology":"ARK-ANE-LUFTVEISTILGANG?subset=ARK-ANE-LUFTVEISTILGANG&language=en-GB"}],"formId":"klinisk_kontakt/plan/prosedyrerekvirering/rekvirering/planlagt_anestesi/planlagt_luftvei","viewConfig":{"advanced":{"hidden":false,"readonly":false},"size":{"field":"inherit","label":"inherit","fill":"inherit"},"layout":{"label":{"valign":"inherit","align":"inherit"},"field":{"valign":"inherit","align":"inherit"}},"tags":["ShowAsMulticombobox"],"datasource":{"loadRemote":false,"loadRemoteUrl":"","terminology":""},"annotations":{"select":"{#planned_anesthesia:/items[at0002]/value}"},"field":{"code":{"presentation":"textfield"},"value":{"presentation":"textfield"}}}},{"name":"Prosedyretype","localizedName":"Prosedyretype","rmType":"DV_CODED_TEXT","nodeId":"at0.2","min":"0","max":"1","localizedNames":{"nb":"Prosedyretype"},"localizedDescriptions":{"nb":"Beskrivelse av prosedyretypen."},"annotations":{"comment":"For eksempel: Utredning, operasjon eller terapi."},"aqlPath":"/content[openEHR-EHR-SECTION.adhoc.v1,'Plan']/items[openEHR-EHR-INSTRUCTION.request-procedure.v1]/activities[at0001]/description[at0009]/items[at0.2]/value","inputs":[{"suffix":"code","type":"CODED_TEXT","list":[{"value":"P2","label":"Anestesi","localizedLabels":{"nb":"Anestesi"}}],"terminology":"Surgery.prosedyrerekvisisjon","defaultValue":"P2"}],"formId":"klinisk_kontakt/plan/prosedyrerekvirering/rekvirering/prosedyretype","viewConfig":{"advanced":{"hidden":true,"readonly":false},"size":{"field":"inherit","label":"inherit","fill":"inherit"},"layout":{"label":{"valign":"inherit","align":"inherit"},"field":{"valign":"inherit","align":"inherit"}},"tags":[],"datasource":{"loadRemote":false,"loadRemoteUrl":"","terminology":""},"field":{"code":{"presentation":"combobox"}}}},{"name":"Planlagt ekstra overvåking","localizedName":"Planlagt ekstra overvåking","rmType":"DV_TEXT","nodeId":"at0003","min":"0","max":"100","localizedNames":{"nb":"Planlagt ekstra overvåking"},"localizedDescriptions":{"nb":"Planlagt ekstra overvåking  i forbindelse med anestesi."},"aqlPath":"/content[openEHR-EHR-SECTION.adhoc.v1,'Plan']/items[openEHR-EHR-INSTRUCTION.request-procedure.v1]/activities[at0001]/description[at0009]/items[openEHR-EHR-CLUSTER.planned_anesthesia.v1]/items[at0003]/value","inputs":[{"type":"TEXT","list":[{"value":"Arteriekanyle","label":"Arteriekanyle"},{"value":"CVK","label":"CVK"},{"value":"CVK + CVP","label":"CVK + CVP"},{"value":"TOF","label":"TOF"},{"value":"BIS","label":"BIS"},{"value":"PA-kateter","label":"PA-kateter"},{"value":"Ekko","label":"Ekko"}],"listOpen":true}],"formId":"klinisk_kontakt/plan/prosedyrerekvirering/rekvirering/planlagt_anestesi/planlagt_ekstra_overvåking","viewConfig":{"advanced":{"hidden":false,"readonly":false},"size":{"field":"inherit","label":"inherit","fill":"inherit"},"layout":{"label":{"valign":"inherit","align":"inherit"},"field":{"valign":"inherit","align":"inherit"}},"tags":["ShowAsMulticombobox"],"datasource":{"loadRemote":false,"loadRemoteUrl":"","terminology":""},"annotations":{"select":"{#planned_anesthesia:/items[at0003]/value}"},"field":{"input":{"presentation":"textfield"}}}},{"name":"Postoperativ overvåking","localizedName":"Postoperativ overvåking","rmType":"DV_CODED_TEXT","nodeId":"at0001","min":"0","max":"1","localizedNames":{"nb":"Postoperativ overvåking"},"localizedDescriptions":{"nb":"Instruksjoner om hvor og hvordan pasienten skal overvåkes f.eks. på sengepost, intensivavdeling, en oppvåkningavdeling etter et inngrep eller hjemme."},"aqlPath":"/content[openEHR-EHR-SECTION.adhoc.v1,'Plan']/items[openEHR-EHR-INSTRUCTION.request-procedure.v1]/activities[at0001]/description[at0009]/items[openEHR-EHR-CLUSTER.planned_anesthesia.v1]/items[openEHR-EHR-CLUSTER.follow_up.v1]/items[at0001]/value","inputs":[{"suffix":"code","type":"TEXT","terminology":"ARK-UDS-PAS%20OVERF%C3%98RT%20PO%20TIL%20OPR?subset=ARK-UDS-PAS%20OVERF%C3%98RT%20PO%20TIL%20OPR&language=en-GB"},{"suffix":"value","type":"TEXT","terminology":"ARK-UDS-PAS%20OVERF%C3%98RT%20PO%20TIL%20OPR?subset=ARK-UDS-PAS%20OVERF%C3%98RT%20PO%20TIL%20OPR&language=en-GB"}],"formId":"klinisk_kontakt/plan/prosedyrerekvirering/rekvirering/planlagt_anestesi/oppfølging/overvåking","viewConfig":{"advanced":{"hidden":false,"readonly":false},"size":{"field":"inherit","label":"inherit","fill":"inherit"},"layout":{"label":{"valign":"inherit","align":"inherit"},"field":{"valign":"inherit","align":"inherit"}},"tags":["ShowAsCombobox"],"datasource":{"loadRemote":false,"loadRemoteUrl":"","terminology":""},"annotations":{"select":"{#planned_anesthesia:/items[openEHR-EHR-CLUSTER.follow_up.v1]/items[at0001]/value}"},"field":{"code":{"presentation":"textfield"},"value":{"presentation":"textfield"}}}}],"viewConfig":{"advanced":{"hidden":false,"readonly":false,"render":false},"size":{"field":"inherit","label":"inherit","fill":"inherit"},"layout":{"label":{"valign":"inherit","align":"top"},"field":{"valign":"inherit","align":"inherit"}},"tags":[]}}]}