[{"col":1,"row":1,"width":12,"height":12,"children":[{"id":"generic-field-76821","rows":[{"cols":[{"width":"50%","children":[{"id":"klinisk_kontakt/preoperativ_evaluering/preoperativ_evaluering_anestesi/anestesivurdering_ferdigstilt"}]},{"width":"50%","children":[{"id":"klinisk_kontakt/preoperativ_evaluering/preoperativ_evaluering_anestesi/pasient_fysisk_tilsett"}]}]},{"cols":[{"width":"50%","children":[{"id":"klinisk_kontakt/preoperativ_evaluering/preoperativ_evaluering_anestesi/vurdering_blodprøver/blodprøver_vurdert"},{"id":"klinisk_kontakt/preoperativ_evaluering/preoperativ_evaluering_anestesi/vurdering_blodprøver/sitering/beskrivelse"}]},{"width":"50%","children":[{"id":"klinisk_kontakt/preoperativ_evaluering/preoperativ_evaluering_anestesi/vurdering_ekg/ekg_vurdert"},{"id":"klinisk_kontakt/preoperativ_evaluering/preoperativ_evaluering_anestesi/vurdering_ekg/sitering/beskrivelse"}]}]},{"cols":[{"width":"50%","children":[{"id":"klinisk_kontakt/preoperativ_evaluering/preoperativ_evaluering_anestesi/vurdering_ekko/ekko_vurdert"},{"id":"klinisk_kontakt/preoperativ_evaluering/preoperativ_evaluering_anestesi/vurdering_ekko/sitering/beskrivelse"}]},{"width":"50%","children":[{"id":"klinisk_kontakt/preoperativ_evaluering/preoperativ_evaluering_anestesi/vurdering_rø._thorax/rø._thorax_vurdert"},{"id":"klinisk_kontakt/preoperativ_evaluering/preoperativ_evaluering_anestesi/vurdering_rø._thorax/sitering/beskrivelse"}]}]},{"cols":[{"width":"100%","children":[{"id":"klinisk_kontakt/preoperativ_evaluering/preoperativ_evaluering_anestesi/oppsummering"}]}]}]}]},{"col":1,"row":13,"width":12,"height":5,"children":[{"id":"generic-field-3671","rows":[{"cols":[{"width":"24%","children":[{"id":"klinisk_kontakt/pasient/høyde_lengde/uspesifisert_hendelse/høyde_lengde"}]},{"width":"23%","children":[{"id":"klinisk_kontakt/pasient/kroppsvekt/uspesifisert_hendelse/kroppsvekt"}]},{"width":"24%","children":[{"id":"klinisk_kontakt/pasient/blodtrykk/systolisk"}]},{"width":"23%","children":[{"id":"klinisk_kontakt/pasient/blodtrykk/diastolisk"}]}]}]}]},{"col":1,"row":18,"width":12,"height":10,"children":[{"id":"generic-field-24387","rows":[{"cols":[{"width":"50%","children":[{"id":"klinisk_kontakt/evaluering_av_risiko_for_komplikasjoner/medikamenter_og_allergier/bruk_av_medikamenter/tilstedeværelse"},{"id":"klinisk_kontakt/evaluering_av_risiko_for_komplikasjoner/medikamenter_og_allergier/bruk_av_medikamenter/helsefaktor_navn_egenskap"}]},{"width":"50%","children":[{"id":"klinisk_kontakt/evaluering_av_risiko_for_komplikasjoner/medikamenter_og_allergier/allergier/tilstedeværelse"},{"id":"klinisk_kontakt/evaluering_av_risiko_for_komplikasjoner/medikamenter_og_allergier/allergier/helsefaktor_navn_egenskap"}]}]},{"cols":[{"width":"50%","children":[{"id":"klinisk_kontakt/evaluering_av_risiko_for_komplikasjoner/tobakksbruk/tobakksbruk"}]},{"width":"50%","children":[]}]},{"cols":[{"width":"50%","children":[{"id":"klinisk_kontakt/evaluering_av_risiko_for_komplikasjoner/tobakksbruk/detaljer_om_bruk/type"}]},{"width":"50%","children":[{"id":"klinisk_kontakt/evaluering_av_risiko_for_komplikasjoner/tobakksbruk/detaljer_om_bruk/mengde/antall_røkt"},{"id":"klinisk_kontakt/evaluering_av_risiko_for_komplikasjoner/tobakksbruk/detaljer_om_bruk/mengde/mengde_konsumert"}]}]}]}]},{"col":1,"row":28,"width":12,"height":4,"children":[{"id":"klinisk_kontakt/plan/prosedyrerekvirering/rekvirering/viktig_informasjon","rows":[{"cols":[{"width":"100%","children":[{"id":"klinisk_kontakt/plan/prosedyrerekvirering/rekvirering/viktig_informasjon/viktig_informasjon"}]}]}]}]},{"col":1,"row":32,"width":12,"height":25,"children":[{"id":"generic-field-83770","rows":[{"cols":[{"width":"49%","children":[{"id":"klinisk_kontakt/evaluering_av_risiko_for_komplikasjoner/pasientstatus/asa-klassifikasjon/asa-status"}]},{"width":"48%","children":[{"id":"klinisk_kontakt/evaluering_av_risiko_for_komplikasjoner/pasientstatus/asa-klassifikasjon/kommentar"}]}]},{"cols":[{"width":"49%","children":[{"id":"klinisk_kontakt/evaluering_av_risiko_for_komplikasjoner/pasientstatus/sirkulasjon/helsefaktor_navn_egenskap"},{"id":"klinisk_kontakt/evaluering_av_risiko_for_komplikasjoner/pasientstatus/sirkulasjon/tilstedeværelse"}]},{"width":"48%","children":[{"id":"klinisk_kontakt/evaluering_av_risiko_for_komplikasjoner/pasientstatus/sirkulasjon/risikovurdering"}]}]},{"cols":[{"width":"49%","children":[{"id":"klinisk_kontakt/evaluering_av_risiko_for_komplikasjoner/pasientstatus/nyha_klassifikasjon_av_hjertesvikt/funksjonell_kapasitet"}]},{"width":"48%","children":[]}]},{"cols":[{"width":"49%","children":[{"id":"klinisk_kontakt/evaluering_av_risiko_for_komplikasjoner/pasientstatus/respirasjon/helsefaktor_navn_egenskap"},{"id":"klinisk_kontakt/evaluering_av_risiko_for_komplikasjoner/pasientstatus/respirasjon/tilstedeværelse"}]},{"width":"48%","children":[{"id":"klinisk_kontakt/evaluering_av_risiko_for_komplikasjoner/pasientstatus/respirasjon/risikovurdering"}]}]},{"cols":[{"width":"49%","children":[{"id":"klinisk_kontakt/evaluering_av_risiko_for_komplikasjoner/pasientstatus/andre_sykdommer/helsefaktor_navn_egenskap"},{"id":"klinisk_kontakt/evaluering_av_risiko_for_komplikasjoner/pasientstatus/andre_helsefaktorer/tilstedeværelse"}]},{"width":"48%","children":[{"id":"klinisk_kontakt/evaluering_av_risiko_for_komplikasjoner/pasientstatus/andre_sykdommer/risikovurdering"}]}]},{"cols":[{"width":"49%","children":[{"id":"klinisk_kontakt/evaluering_av_risiko_for_komplikasjoner/pasientstatus/andre_helsefaktorer/helsefaktor_navn_egenskap"}]},{"width":"48%","children":[{"id":"klinisk_kontakt/evaluering_av_risiko_for_komplikasjoner/pasientstatus/andre_helsefaktorer/risikovurdering"}]}]},{"cols":[{"width":"100%","children":[{"id":"klinisk_kontakt/evaluering_av_risiko_for_komplikasjoner/pasientstatus/total_evaluering"}]}]}]}]},{"col":1,"row":57,"width":12,"height":8,"children":[{"id":"generic-field-25517","rows":[{"cols":[{"width":"49%","children":[{"id":"klinisk_kontakt/evaluering_av_risiko_for_komplikasjoner/evaluering_av_luftvei/luftvei/helsefaktor_navn_egenskap"},{"id":"klinisk_kontakt/evaluering_av_risiko_for_komplikasjoner/evaluering_av_luftvei/luftvei/tilstedeværelse"},{"id":"klinisk_kontakt/evaluering_av_risiko_for_komplikasjoner/evaluering_av_luftvei/total_evaluering"}]},{"width":"48%","children":[{"id":"klinisk_kontakt/evaluering_av_risiko_for_komplikasjoner/evaluering_av_luftvei/modifisert_mallampati-klassifikasjon/mallampati-klassifikasjon"}]}]}]}]},{"col":1,"row":65,"width":12,"height":18,"children":[{"id":"generic-field-41268","rows":[{"cols":[{"width":"49%","children":[{"id":"klinisk_kontakt/plan/prosedyrerekvirering/rekvirering/planlagt_anestesi/anestesitype"},{"id":"klinisk_kontakt/plan/prosedyrerekvirering/rekvirering/planlagt_anestesi/planlagt_luftvei"},{"id":"klinisk_kontakt/plan/prosedyrerekvirering/rekvirering/prosedyretype"}]},{"width":"48%","children":[{"id":"klinisk_kontakt/plan/prosedyrerekvirering/rekvirering/planlagt_anestesi/planlagt_ekstra_overvåking"},{"id":"klinisk_kontakt/plan/prosedyrerekvirering/rekvirering/planlagt_anestesi/oppfølging/overvåking"}]}]}]}]}]