[{"field":"klinisk_kontakt/preoperativ_evaluering/preoperativ_evaluering_anestesi/vurdering_blodprøver/blodprøver_vurdert","conditions":[{"operator":"isnot","value":{"value":true},"actions":[{"action":"hide","target":"klinisk_kontakt/preoperativ_evaluering/preoperativ_evaluering_anestesi/vurdering_blodprøver/sitering/beskrivelse","value":{"value":""}},{"action":"reset","target":"klinisk_kontakt/preoperativ_evaluering/preoperativ_evaluering_anestesi/vurdering_blodprøver/sitering/beskrivelse","value":{"value":""}}]},{"operator":"is","value":{"value":true},"actions":[{"action":"show","target":"klinisk_kontakt/preoperativ_evaluering/preoperativ_evaluering_anestesi/vurdering_blodprøver/sitering/beskrivelse","value":{"value":""}}]}]},{"field":"klinisk_kontakt/preoperativ_evaluering/preoperativ_evaluering_anestesi/vurdering_ekg/ekg_vurdert","conditions":[{"operator":"isnot","value":{"value":true},"actions":[{"action":"hide","target":"klinisk_kontakt/preoperativ_evaluering/preoperativ_evaluering_anestesi/vurdering_ekg/sitering/beskrivelse","value":{"value":""}},{"action":"reset","target":"klinisk_kontakt/preoperativ_evaluering/preoperativ_evaluering_anestesi/vurdering_ekg/sitering/beskrivelse","value":{"value":""}}]},{"operator":"is","value":{"value":true},"actions":[{"action":"show","target":"klinisk_kontakt/preoperativ_evaluering/preoperativ_evaluering_anestesi/vurdering_ekg/sitering/beskrivelse","value":{"value":""}}]}]},{"field":"klinisk_kontakt/preoperativ_evaluering/preoperativ_evaluering_anestesi/vurdering_ekko/ekko_vurdert","conditions":[{"operator":"isnot","value":{"value":true},"actions":[{"action":"hide","target":"klinisk_kontakt/preoperativ_evaluering/preoperativ_evaluering_anestesi/vurdering_ekko/sitering/beskrivelse","value":{"value":""}},{"action":"reset","target":"klinisk_kontakt/preoperativ_evaluering/preoperativ_evaluering_anestesi/vurdering_ekko/sitering/beskrivelse","value":{"value":""}}]},{"operator":"is","value":{"value":true},"actions":[{"action":"show","target":"klinisk_kontakt/preoperativ_evaluering/preoperativ_evaluering_anestesi/vurdering_ekko/sitering/beskrivelse","value":{"value":""}}]}]},{"field":"klinisk_kontakt/preoperativ_evaluering/preoperativ_evaluering_anestesi/vurdering_rø._thorax/rø._thorax_vurdert","conditions":[{"operator":"isnot","value":{"value":true},"actions":[{"action":"hide","target":"klinisk_kontakt/preoperativ_evaluering/preoperativ_evaluering_anestesi/vurdering_rø._thorax/sitering/beskrivelse","value":{"value":""}},{"action":"reset","target":"klinisk_kontakt/preoperativ_evaluering/preoperativ_evaluering_anestesi/vurdering_rø._thorax/sitering/beskrivelse","value":{"value":""}}]},{"operator":"is","value":{"value":true},"actions":[{"action":"show","target":"klinisk_kontakt/preoperativ_evaluering/preoperativ_evaluering_anestesi/vurdering_rø._thorax/sitering/beskrivelse","value":{"value":""}}]}]},{"field":"klinisk_kontakt/evaluering_av_risiko_for_komplikasjoner/medikamenter_og_allergier/bruk_av_medikamenter/tilstedeværelse","conditions":[{"operator":"isnot","value":{"value":true},"actions":[{"action":"hide","target":"klinisk_kontakt/evaluering_av_risiko_for_komplikasjoner/medikamenter_og_allergier/bruk_av_medikamenter/helsefaktor_navn_egenskap","value":{"value":""}},{"action":"reset","target":"klinisk_kontakt/evaluering_av_risiko_for_komplikasjoner/medikamenter_og_allergier/bruk_av_medikamenter/helsefaktor_navn_egenskap","value":{"value":""}}]},{"operator":"is","value":{"value":true},"actions":[{"action":"show","target":"klinisk_kontakt/evaluering_av_risiko_for_komplikasjoner/medikamenter_og_allergier/bruk_av_medikamenter/helsefaktor_navn_egenskap","value":{"value":""}}]}]},{"field":"klinisk_kontakt/evaluering_av_risiko_for_komplikasjoner/medikamenter_og_allergier/allergier/tilstedeværelse","conditions":[{"operator":"isnot","value":{"value":true},"actions":[{"action":"hide","target":"klinisk_kontakt/evaluering_av_risiko_for_komplikasjoner/medikamenter_og_allergier/allergier/helsefaktor_navn_egenskap","value":{"value":""}},{"action":"reset","target":"klinisk_kontakt/evaluering_av_risiko_for_komplikasjoner/medikamenter_og_allergier/allergier/helsefaktor_navn_egenskap","value":{"value":""}}]},{"operator":"is","value":{"value":true},"actions":[{"action":"show","target":"klinisk_kontakt/evaluering_av_risiko_for_komplikasjoner/medikamenter_og_allergier/allergier/helsefaktor_navn_egenskap","value":{"value":""}}]}]},{"field":"klinisk_kontakt/evaluering_av_risiko_for_komplikasjoner/pasientstatus/sirkulasjon/helsefaktor_navn_egenskap","conditions":[{"operator":"notempty","value":null,"actions":[{"action":"set","target":"klinisk_kontakt/evaluering_av_risiko_for_komplikasjoner/pasientstatus/sirkulasjon/tilstedeværelse","value":{"value":true}}]},{"operator":"empty","value":null,"actions":[{"action":"set","target":"klinisk_kontakt/evaluering_av_risiko_for_komplikasjoner/pasientstatus/sirkulasjon/tilstedeværelse","value":{"value":false}}]}]},{"field":"klinisk_kontakt/evaluering_av_risiko_for_komplikasjoner/pasientstatus/respirasjon/helsefaktor_navn_egenskap","conditions":[{"operator":"notempty","value":null,"actions":[{"action":"set","target":"klinisk_kontakt/evaluering_av_risiko_for_komplikasjoner/pasientstatus/respirasjon/tilstedeværelse","value":{"value":true}}]},{"operator":"empty","value":null,"actions":[{"action":"set","target":"klinisk_kontakt/evaluering_av_risiko_for_komplikasjoner/pasientstatus/respirasjon/tilstedeværelse","value":{"value":false}}]}]},{"field":"klinisk_kontakt/evaluering_av_risiko_for_komplikasjoner/pasientstatus/andre_helsefaktorer/helsefaktor_navn_egenskap","conditions":[{"operator":"notempty","value":null,"actions":[{"action":"set","target":"klinisk_kontakt/evaluering_av_risiko_for_komplikasjoner/pasientstatus/andre_helsefaktorer/tilstedeværelse","value":{"value":true}}]},{"operator":"empty","value":null,"actions":[{"action":"set","target":"klinisk_kontakt/evaluering_av_risiko_for_komplikasjoner/pasientstatus/andre_helsefaktorer/tilstedeværelse","value":{"value":false}}]}]},{"field":"klinisk_kontakt/evaluering_av_risiko_for_komplikasjoner/evaluering_av_luftvei/luftvei/helsefaktor_navn_egenskap","conditions":[{"operator":"notempty","value":null,"actions":[{"action":"set","target":"klinisk_kontakt/evaluering_av_risiko_for_komplikasjoner/evaluering_av_luftvei/luftvei/tilstedeværelse","value":{"value":true}}]},{"operator":"empty","value":null,"actions":[{"action":"set","target":"klinisk_kontakt/evaluering_av_risiko_for_komplikasjoner/evaluering_av_luftvei/luftvei/tilstedeværelse","value":{"value":false}}]}]},{"field":"klinisk_kontakt/evaluering_av_risiko_for_komplikasjoner/tobakksbruk/tobakksbruk","conditions":[{"operator":"is","value":{"value":true},"actions":[{"action":"show","target":"klinisk_kontakt/evaluering_av_risiko_for_komplikasjoner/tobakksbruk/detaljer_om_bruk/type","value":{"value":""}}]},{"operator":"isnot","value":{"value":true},"actions":[{"action":"hide","target":"klinisk_kontakt/evaluering_av_risiko_for_komplikasjoner/tobakksbruk/detaljer_om_bruk/type","value":{"value":""}},{"action":"clear","target":"klinisk_kontakt/evaluering_av_risiko_for_komplikasjoner/tobakksbruk/detaljer_om_bruk/type","value":{"value":""}}]}]},{"field":"klinisk_kontakt/evaluering_av_risiko_for_komplikasjoner/tobakksbruk/detaljer_om_bruk/type","conditions":[{"operator":"empty","value":null,"actions":[{"action":"hide","target":"klinisk_kontakt/evaluering_av_risiko_for_komplikasjoner/tobakksbruk/detaljer_om_bruk/mengde/mengde_konsumert","value":{"unit":""}},{"action":"hide","target":"klinisk_kontakt/evaluering_av_risiko_for_komplikasjoner/tobakksbruk/detaljer_om_bruk/mengde/antall_røkt","value":{"unit":""}},{"action":"clear","target":"klinisk_kontakt/evaluering_av_risiko_for_komplikasjoner/tobakksbruk/detaljer_om_bruk/mengde/mengde_konsumert","value":{"unit":""}},{"action":"clear","target":"klinisk_kontakt/evaluering_av_risiko_for_komplikasjoner/tobakksbruk/detaljer_om_bruk/mengde/antall_røkt","value":{"unit":""}}]},{"operator":"equals","value":{"value":"Sigaretter"},"actions":[{"action":"show","target":"klinisk_kontakt/evaluering_av_risiko_for_komplikasjoner/tobakksbruk/detaljer_om_bruk/mengde/antall_røkt","value":{"unit":""}},{"action":"hide","target":"klinisk_kontakt/evaluering_av_risiko_for_komplikasjoner/tobakksbruk/detaljer_om_bruk/mengde/mengde_konsumert","value":{"unit":""}},{"action":"clear","target":"klinisk_kontakt/evaluering_av_risiko_for_komplikasjoner/tobakksbruk/detaljer_om_bruk/mengde/mengde_konsumert","value":{"unit":""}}]},{"operator":"equals","value":{"value":"Sigar"},"actions":[{"action":"show","target":"klinisk_kontakt/evaluering_av_risiko_for_komplikasjoner/tobakksbruk/detaljer_om_bruk/mengde/antall_røkt","value":{"unit":""}},{"action":"hide","target":"klinisk_kontakt/evaluering_av_risiko_for_komplikasjoner/tobakksbruk/detaljer_om_bruk/mengde/mengde_konsumert","value":{"unit":""}},{"action":"clear","target":"klinisk_kontakt/evaluering_av_risiko_for_komplikasjoner/tobakksbruk/detaljer_om_bruk/mengde/mengde_konsumert","value":{"unit":""}}]},{"operator":"equals","value":{"value":"Rulletobakk"},"actions":[{"action":"show","target":"klinisk_kontakt/evaluering_av_risiko_for_komplikasjoner/tobakksbruk/detaljer_om_bruk/mengde/mengde_konsumert","value":{"unit":""}},{"action":"hide","target":"klinisk_kontakt/evaluering_av_risiko_for_komplikasjoner/tobakksbruk/detaljer_om_bruk/mengde/antall_røkt","value":{"unit":""}},{"action":"clear","target":"klinisk_kontakt/evaluering_av_risiko_for_komplikasjoner/tobakksbruk/detaljer_om_bruk/mengde/antall_røkt","value":{"unit":""}}]},{"operator":"equals","value":{"value":"Pipe"},"actions":[{"action":"show","target":"klinisk_kontakt/evaluering_av_risiko_for_komplikasjoner/tobakksbruk/detaljer_om_bruk/mengde/mengde_konsumert","value":{"unit":""}},{"action":"hide","target":"klinisk_kontakt/evaluering_av_risiko_for_komplikasjoner/tobakksbruk/detaljer_om_bruk/mengde/antall_røkt","value":{"unit":""}},{"action":"clear","target":"klinisk_kontakt/evaluering_av_risiko_for_komplikasjoner/tobakksbruk/detaljer_om_bruk/mengde/antall_røkt","value":{"unit":""}}]},{"operator":"equals","value":{"value":"Vannpipe"},"actions":[{"action":"show","target":"klinisk_kontakt/evaluering_av_risiko_for_komplikasjoner/tobakksbruk/detaljer_om_bruk/mengde/mengde_konsumert","value":{"unit":""}},{"action":"hide","target":"klinisk_kontakt/evaluering_av_risiko_for_komplikasjoner/tobakksbruk/detaljer_om_bruk/mengde/antall_røkt","value":{"unit":""}},{"action":"clear","target":"klinisk_kontakt/evaluering_av_risiko_for_komplikasjoner/tobakksbruk/detaljer_om_bruk/mengde/antall_røkt","value":{"unit":""}}]},{"operator":"equals","value":{"value":"Tobakk uten røyk"},"actions":[{"action":"show","target":"klinisk_kontakt/evaluering_av_risiko_for_komplikasjoner/tobakksbruk/detaljer_om_bruk/mengde/mengde_konsumert","value":{"unit":""}},{"action":"hide","target":"klinisk_kontakt/evaluering_av_risiko_for_komplikasjoner/tobakksbruk/detaljer_om_bruk/mengde/antall_røkt","value":{"unit":""}},{"action":"clear","target":"klinisk_kontakt/evaluering_av_risiko_for_komplikasjoner/tobakksbruk/detaljer_om_bruk/mengde/antall_røkt","value":{"unit":""}}]}]}]