{"formId":"form_root","name":"Form root","rmType":"FORM_DEFINITION","viewConfig":{"label":{"custom":false,"value":"","useLocalizations":false,"localizationsList":{}},"size":{"field":"inherit","label":"inherit","fill":"inherit"},"layout":{"label":{"valign":"inherit","align":"inherit"},"field":{"valign":"inherit","align":"inherit"}},"tags":["HideLabel"],"annotations":{"#DatoForScreening":"select c/uid/value as cid, e/data[at0001]/items[at0005]/items[at0015]/value from composition c contains evaluation e[openEHR-EHR-EVALUATION.innl_fallrisiko.v1] order by e/data[at0001]/items[at0005]/items[at0015]/value/value desc   fetch 1?scope=patient"}},"language":"","templateLanguages":["nb"],"children":[{"name":"Innledende risikovurdering for fall","localizedName":"Innledende risikovurdering for fall","rmType":"CLUSTER","nodeId":"at0005","min":0,"max":1,"localizedNames":{"nb":"Innledende risikovurdering for fall"},"localizedDescriptions":{"nb":"*"},"aqlPath":"/content[openEHR-EHR-EVALUATION.innl_fallrisiko.v1]/data[at0001]/items[at0005]","formId":"hv_fallrisikovurdering/fallrisiko/innledende_risikovurdering_for_fall","fid":"hv_fallrisikovurdering/fallrisiko/innledende_risikovurdering_for_fall","viewConfig":{"label":{"custom":true,"value":"Risikovurdering for fall"}},"children":[{"name":"Alder (skjult)","localizedName":"Alder (skjult)","rmType":"DV_COUNT","nodeId":"at0012","min":0,"max":1,"localizedNames":{"nb":"Alder (skjult)"},"localizedDescriptions":{"nb":"*"},"aqlPath":"/content[openEHR-EHR-EVALUATION.innl_fallrisiko.v1]/data[at0001]/items[at0005]/items[at0012]/value","inputs":[{"type":"INTEGER","validation":{"range":{"minOp":">=","min":0,"maxOp":"<=","max":200}}}],"defaultValue":{"value":65},"formId":"hv_fallrisikovurdering/fallrisiko/innledende_risikovurdering_for_fall/alder_skjult","viewConfig":{"label":{"custom":true,"value":"Pasientens alder","useLocalizations":false,"localizationsList":{}},"advanced":{"hidden":false,"readonly":false},"multiplicity":{"min":"0","max":"1"},"size":{"field":"inherit","label":"inherit","fill":"inherit"},"layout":{"label":{"valign":"inherit","align":"inherit"},"field":{"valign":"inherit","align":"inherit"}},"tags":[],"datasource":{"loadRemote":false,"loadRemoteUrl":"","terminology":""},"annotations":{"TemplateVariable":"[Pas.Alder]","CalcId":"PasAlder"},"field":{}},"fid":"hv_fallrisikovurdering/fallrisiko/innledende_risikovurdering_for_fall/alder_skjult"},{"name":"Alder over 65 år","localizedName":"Alder over 65 år","rmType":"DV_BOOLEAN","nodeId":"at0007","min":0,"max":1,"localizedNames":{"nb":"Alder over 65 år"},"localizedDescriptions":{"nb":"*"},"aqlPath":"/content[openEHR-EHR-EVALUATION.innl_fallrisiko.v1]/data[at0001]/items[at0005]/items[at0007]/value","inputs":[{"type":"BOOLEAN"}],"defaultValue":{"value":""},"formId":"hv_fallrisikovurdering/fallrisiko/innledende_risikovurdering_for_fall/alder_over_65_år","viewConfig":{"label":{"custom":true,"value":"Poeng for alder over 65 år","useLocalizations":false,"localizationsList":{}},"advanced":{"hidden":true,"readonly":false},"multiplicity":{"min":"0","max":"1"},"size":{"field":"inherit","label":"inherit","fill":"inherit"},"layout":{"label":{"valign":"inherit","align":"inherit"},"field":{"valign":"inherit","align":"inherit"}},"tags":[],"datasource":{"loadRemote":false,"loadRemoteUrl":"","terminology":""},"annotations":{"CalcId":"PoengForAlder"},"field":{"input":{"threeState":false}}},"fid":"hv_fallrisikovurdering/fallrisiko/innledende_risikovurdering_for_fall/alder_over_65_år"},{"name":"Dato for screening","localizedName":"Dato for screening","rmType":"DV_DATE","nodeId":"at0015","min":0,"max":1,"localizedNames":{"nb":"Dato for screening"},"localizedDescriptions":{"nb":"*"},"aqlPath":"/content[openEHR-EHR-EVALUATION.innl_fallrisiko.v1]/data[at0001]/items[at0005]/items[at0015]/value","inputs":[{"type":"DATE"}],"fid":"hv_fallrisikovurdering/fallrisiko/innledende_risikovurdering_for_fall/dato_for_screening","formId":"hv_fallrisikovurdering/fallrisiko/innledende_risikovurdering_for_fall/dato_for_screening","viewConfig":{"annotations":{"TemplateVariable":"[Sys.dato]","CalcId":"DatoScreening"},"label":{"custom":false,"value":"","useLocalizations":false,"localizationsList":{}},"advanced":{"hidden":false,"readonly":false},"multiplicity":{"min":"0","max":"1"},"size":{"field":"medium","label":"inherit","fill":"inherit"},"layout":{"label":{"valign":"inherit","align":"inherit"},"field":{"valign":"inherit","align":"inherit"}},"tags":[],"datasource":{"loadRemote":false,"loadRemoteUrl":"","terminology":""},"field":{}},"defaultValue":{"value":""}},{"name":"Dato siste screening","localizedName":"Dato siste screening","rmType":"DV_DATE","nodeId":"at0014","min":0,"max":1,"localizedNames":{"nb":"Dato siste screening"},"localizedDescriptions":{"nb":"*"},"aqlPath":"/content[openEHR-EHR-EVALUATION.innl_fallrisiko.v1]/data[at0001]/items[at0005]/items[at0014]/value","inputs":[{"type":"DATE"}],"fid":"hv_fallrisikovurdering/fallrisiko/innledende_risikovurdering_for_fall/dato_siste_screening","formId":"hv_fallrisikovurdering/fallrisiko/innledende_risikovurdering_for_fall/dato_siste_screening","viewConfig":{"annotations":{"CalcId":"DatoSisteScreening","Select":"{#DatoForScreening}"},"label":{"custom":false,"value":"","useLocalizations":false,"localizationsList":{}},"advanced":{"hidden":false,"readonly":true},"multiplicity":{"min":"0","max":"1"},"size":{"field":"medium","label":"inherit","fill":"inherit"},"layout":{"label":{"valign":"inherit","align":"inherit"},"field":{"valign":"inherit","align":"inherit"}},"tags":[],"datasource":{"loadRemote":false,"loadRemoteUrl":"","terminology":""},"field":{}},"defaultValue":{"value":""}}]},{"localizedName":"Fieldset","localizedNames":{"nb":"Fieldset"},"min":0,"max":-1,"name":"Fieldset","rmType":"GENERIC_FIELDSET","fid":"generic-field-8121","formId":"generic-field-8121","viewConfig":{"label":{"custom":false,"value":"","useLocalizations":false,"localizationsList":{}},"advanced":{"hidden":false,"readonly":false,"render":false},"multiplicity":{"min":"0","max":"1"},"size":{"field":"inherit","label":"inherit","fill":"inherit"},"layout":{"label":{"valign":"inherit","align":"inherit"},"field":{"valign":"inherit","align":"inherit"}},"tags":["HideLabel"],"field":{}},"children":[]},{"localizedName":"Fieldset","localizedNames":{"nb":"Fieldset"},"min":0,"max":-1,"name":"Fieldset","rmType":"GENERIC_FIELDSET","fid":"generic-field-93099","inputs":[{"type":"TEXT"}],"formId":"generic-field-93099","viewConfig":{"label":{"custom":true,"value":"Ingen tidligere Risikovurdering for fall","useLocalizations":false,"localizationsList":{}},"advanced":{"hidden":true,"readonly":true,"render":false},"multiplicity":{"min":"0","max":"1"},"size":{"field":"inherit","label":"inherit","fill":"inherit"},"layout":{"label":{"valign":"inherit","align":"inherit"},"field":{"valign":"inherit","align":"inherit"}},"tags":[],"field":{},"annotations":{"AlertType":"Info","HeaderSize":"text"}},"children":[]},{"localizedName":"Fieldset","localizedNames":{"nb":"Fieldset"},"min":0,"max":-1,"name":"Fieldset","rmType":"GENERIC_FIELDSET","fid":"generic-field-51697","formId":"generic-field-51697","viewConfig":{"label":{"custom":false,"value":"","useLocalizations":false,"localizationsList":{}},"advanced":{"hidden":false,"readonly":false,"render":false},"multiplicity":{"min":"0","max":"1"},"size":{"field":"inherit","label":"inherit","fill":"inherit"},"layout":{"label":{"valign":"inherit","align":"inherit"},"field":{"valign":"inherit","align":"inherit"}},"tags":["HideLabel"],"field":{}},"children":[]},{"localizedName":"Fieldset","localizedNames":{"nb":"Fieldset"},"min":0,"max":-1,"name":"Fieldset","rmType":"GENERIC_FIELDSET","fid":"generic-field-48911","inputs":[{"type":"TEXT"}],"formId":"generic-field-48911","viewConfig":{"label":{"custom":true,"value":"Pasienten er over 65 år.","useLocalizations":false,"localizationsList":{}},"advanced":{"hidden":true,"readonly":false,"render":false},"multiplicity":{"min":"0","max":"1"},"size":{"field":"inherit","label":"inherit","fill":"inherit"},"layout":{"label":{"valign":"inherit","align":"inherit"},"field":{"valign":"inherit","align":"inherit"}},"tags":[],"field":{},"annotations":{"AlertType":"Info"}},"children":[{"localizedName":"Fieldset","localizedNames":{"nb":"Fieldset"},"min":0,"max":-1,"name":"Fieldset","rmType":"GENERIC_FIELDSET","fid":"generic-field-21473","formId":"generic-field-21473","viewConfig":{"label":{"custom":true,"value":"Gjennomfør en utvidet risikovurdering samt vurder tilstedeværelse av følgende"},"annotations":{"HeaderSize":"Text"}},"children":[]},{"localizedName":"Fieldset","localizedNames":{"nb":"Fieldset"},"min":0,"max":-1,"name":"Fieldset","rmType":"GENERIC_FIELDSET","fid":"generic-field-23151","formId":"generic-field-23151","viewConfig":{"label":{"custom":true,"value":"sykdommer og tilstander som medfører økt risiko for fall (hak av):"},"annotations":{"HeaderSize":"Text"}},"children":[]}]},{"localizedName":"Fieldset","localizedNames":{"nb":"Fieldset"},"min":0,"max":-1,"name":"Fieldset","rmType":"GENERIC_FIELDSET","fid":"generic-field-32347","inputs":[{"type":"TEXT"}],"formId":"generic-field-32347","viewConfig":{"label":{"custom":true,"value":"Pasienten er 65 år eller yngre.","useLocalizations":false,"localizationsList":{}},"advanced":{"hidden":true,"readonly":false,"render":false},"multiplicity":{"min":"0","max":"1"},"size":{"field":"inherit","label":"inherit","fill":"inherit"},"layout":{"label":{"valign":"inherit","align":"inherit"},"field":{"valign":"inherit","align":"inherit"}},"tags":[],"field":{},"annotations":{"AlertType":"Info"}},"children":[{"localizedName":"Fieldset","localizedNames":{"nb":"Fieldset"},"min":0,"max":-1,"name":"Fieldset","rmType":"GENERIC_FIELDSET","fid":"generic-field-54750","formId":"generic-field-54750","viewConfig":{"label":{"custom":true,"value":"Vurder tilstedeværelse av følgende sykdommer og tilstander som medfører"},"annotations":{"HeaderSize":"Text"}},"children":[]},{"localizedName":"Fieldset","localizedNames":{"nb":"Fieldset"},"min":0,"max":-1,"name":"Fieldset","rmType":"GENERIC_FIELDSET","fid":"generic-field-48795","formId":"generic-field-48795","viewConfig":{"label":{"custom":true,"value":"økt risiko for fall (hak av):"},"annotations":{"HeaderSize":"text"}},"children":[]}]},{"name":"Sykdommer og tilstander som medfører økt risiko for fall, kryss av for aktuelle","localizedName":"Sykdommer og tilstander som medfører økt risiko for fall, kryss av for aktuelle","rmType":"CLUSTER","nodeId":"at0008","min":0,"max":1,"localizedNames":{"nb":"Sykdommer og tilstander som medfører økt risiko for fall, kryss av for aktuelle"},"localizedDescriptions":{"nb":"*"},"aqlPath":"/content[openEHR-EHR-EVALUATION.innl_fallrisiko.v1]/data[at0001]/items[at0005]/items[at0008]","formId":"hv_fallrisikovurdering/fallrisiko/innledende_risikovurdering_for_fall/sykdommer_og_tilstander_som_medfører_økt_risiko_for_fall_kryss_av_for_aktuelle","fid":"hv_fallrisikovurdering/fallrisiko/innledende_risikovurdering_for_fall/sykdommer_og_tilstander_som_medfører_økt_risiko_for_fall_kryss_av_for_aktuelle","viewConfig":{"label":{"custom":true,"value":"Sykdommer og tilstander som medfører økt risiko for fall","useLocalizations":false,"localizationsList":{}},"advanced":{"hidden":false,"readonly":false},"multiplicity":{"min":"0","max":"1"},"size":{"field":"inherit","label":"inherit","fill":"inherit"},"layout":{"label":{"valign":"inherit","align":"inherit"},"field":{"valign":"inherit","align":"inherit"}},"tags":["HideLabel"],"datasource":{"loadRemote":false,"loadRemoteUrl":"","terminology":""},"field":{}},"children":[{"name":"Nevrologiske lidelser","localizedName":"Nevrologiske lidelser","rmType":"DV_BOOLEAN","nodeId":"at0011","min":0,"max":1,"localizedNames":{"nb":"Nevrologiske lidelser"},"localizedDescriptions":{"nb":"*"},"aqlPath":"/content[openEHR-EHR-EVALUATION.innl_fallrisiko.v1]/data[at0001]/items[at0005]/items[at0008]/items[at0011]/value","inputs":[{"type":"BOOLEAN"}],"formId":"hv_fallrisikovurdering/fallrisiko/innledende_risikovurdering_for_fall/sykdommer_og_tilstander_som_medfører_økt_risiko_for_fall_kryss_av_for_aktuelle/nevrologiske_lidelser","viewConfig":{"annotations":{"CalcId":"NevrologiskeLidelser"}},"defaultValue":{"value":false},"fid":"hv_fallrisikovurdering/fallrisiko/innledende_risikovurdering_for_fall/sykdommer_og_tilstander_som_medfører_økt_risiko_for_fall_kryss_av_for_aktuelle/nevrologiske_lidelser"},{"name":"Kognitive sykdomstilstander","localizedName":"Kognitive sykdomstilstander","rmType":"DV_BOOLEAN","nodeId":"at0010","min":0,"max":1,"localizedNames":{"nb":"Kognitive sykdomstilstander"},"localizedDescriptions":{"nb":"*"},"aqlPath":"/content[openEHR-EHR-EVALUATION.innl_fallrisiko.v1]/data[at0001]/items[at0005]/items[at0008]/items[at0010]/value","inputs":[{"type":"BOOLEAN"}],"formId":"hv_fallrisikovurdering/fallrisiko/innledende_risikovurdering_for_fall/sykdommer_og_tilstander_som_medfører_økt_risiko_for_fall_kryss_av_for_aktuelle/kognitive_sykdomstilstander","viewConfig":{"annotations":{"CalcId":"KognitiveSykdTilstand"}},"defaultValue":{"value":false},"fid":"hv_fallrisikovurdering/fallrisiko/innledende_risikovurdering_for_fall/sykdommer_og_tilstander_som_medfører_økt_risiko_for_fall_kryss_av_for_aktuelle/kognitive_sykdomstilstander"},{"name":"Betydelig synshemning","localizedName":"Betydelig synshemning","rmType":"DV_BOOLEAN","nodeId":"at0009","min":0,"max":1,"localizedNames":{"nb":"Betydelig synshemning"},"localizedDescriptions":{"nb":"*"},"aqlPath":"/content[openEHR-EHR-EVALUATION.innl_fallrisiko.v1]/data[at0001]/items[at0005]/items[at0008]/items[at0009]/value","inputs":[{"type":"BOOLEAN"}],"formId":"hv_fallrisikovurdering/fallrisiko/innledende_risikovurdering_for_fall/sykdommer_og_tilstander_som_medfører_økt_risiko_for_fall_kryss_av_for_aktuelle/betydelig_synshemning","viewConfig":{"annotations":{"CalcId":"BetydeligSynshemning"}},"defaultValue":{"value":false},"fid":"hv_fallrisikovurdering/fallrisiko/innledende_risikovurdering_for_fall/sykdommer_og_tilstander_som_medfører_økt_risiko_for_fall_kryss_av_for_aktuelle/betydelig_synshemning"},{"name":"Ikke aktuelt","localizedName":"Ikke aktuelt","rmType":"DV_BOOLEAN","nodeId":"at0013","min":0,"max":1,"localizedNames":{"nb":"Ikke aktuelt"},"localizedDescriptions":{"nb":"*"},"aqlPath":"/content[openEHR-EHR-EVALUATION.innl_fallrisiko.v1]/data[at0001]/items[at0005]/items[at0008]/items[at0013]/value","inputs":[{"type":"BOOLEAN"}],"fid":"hv_fallrisikovurdering/fallrisiko/innledende_risikovurdering_for_fall/sykdommer_og_tilstander_som_medfører_økt_risiko_for_fall_kryss_av_for_aktuelle/ikke_aktuelt","formId":"hv_fallrisikovurdering/fallrisiko/innledende_risikovurdering_for_fall/sykdommer_og_tilstander_som_medfører_økt_risiko_for_fall_kryss_av_for_aktuelle/ikke_aktuelt","viewConfig":{"annotations":{"CalcId":"IkkeAktuell"}},"defaultValue":{"value":false}},{"name":"Merknad","localizedName":"Merknad","rmType":"DV_TEXT","nodeId":"at0016","min":0,"max":1,"localizedNames":{"nb":"Merknad"},"localizedDescriptions":{"nb":"*"},"aqlPath":"/content[openEHR-EHR-EVALUATION.innl_fallrisiko.v1]/data[at0001]/items[at0005]/items[at0008]/items[at0016]/value","inputs":[{"type":"TEXT"}],"fid":"hv_fallrisikovurdering/fallrisiko/innledende_risikovurdering_for_fall/sykdommer_og_tilstander_som_medfører_økt_risiko_for_fall_kryss_av_for_aktuelle/merknad","formId":"hv_fallrisikovurdering/fallrisiko/innledende_risikovurdering_for_fall/sykdommer_og_tilstander_som_medfører_økt_risiko_for_fall_kryss_av_for_aktuelle/merknad","viewConfig":{"label":{"custom":true,"value":"Merknad:","useLocalizations":false,"localizationsList":{}},"advanced":{"hidden":false,"readonly":false},"multiplicity":{"min":"0","max":"1"},"size":{"field":"inherit","label":"inherit","fill":"inherit"},"layout":{"label":{"valign":"inherit","align":"top"},"field":{"valign":"inherit","align":"inherit"}},"tags":[],"datasource":{"loadRemote":false,"loadRemoteUrl":"","terminology":""},"field":{"input":{"presentation":"textfield","lines":"1"}}},"defaultValue":{"value":""}}]},{"annotations":{"comment":"Generic input field used to add custom fields."},"inputs":[{"type":"TEXT"}],"localizedName":"Input","localizedNames":{"nb":"Input"},"max":-1,"min":0,"name":"Input","rmType":"GENERIC_FIELD","fid":"generic-field-83739","defaultValue":{"value":"0"},"formId":"generic-field-83739","viewConfig":{"annotations":{"Calc":"PoengForAlder+NevrologiskeLidelser+KognitiveSykdTilstand+BetydeligSynshemning","CalcId":"Input"},"label":{"custom":false,"value":"","useLocalizations":false,"localizationsList":{}},"advanced":{"hidden":true,"readonly":false},"multiplicity":{"min":"0","max":"1"},"size":{"field":"inherit","label":"inherit","fill":"inherit"},"layout":{"label":{"valign":"inherit","align":"inherit"},"field":{"valign":"inherit","align":"inherit"}},"tags":[],"datasource":{"loadRemote":false,"loadRemoteUrl":"","terminology":""},"field":{"input":{"presentation":"textfield","lines":"1"},"type":"DV_TEXT"}}},{"localizedName":"Fieldset","localizedNames":{"nb":"Fieldset"},"min":0,"max":-1,"name":"Fieldset","rmType":"GENERIC_FIELDSET","fid":"generic-field-12236","inputs":[{"type":"TEXT"}],"formId":"generic-field-12236","viewConfig":{"label":{"custom":true,"value":"Utvidet risikovurdering for fall","useLocalizations":false,"localizationsList":{}},"advanced":{"hidden":true,"readonly":false,"render":false},"multiplicity":{"min":"0","max":"1"},"size":{"field":"inherit","label":"inherit","fill":"inherit"},"layout":{"label":{"valign":"inherit","align":"inherit"},"field":{"valign":"inherit","align":"inherit"}},"tags":[],"field":{},"annotations":{"CalcId":"UtvidetRisikoVurd"}},"children":[{"name":"Fall de siste tre måneder","localizedName":"Fall de siste tre måneder","rmType":"DV_ORDINAL","nodeId":"at0004","min":0,"max":1,"localizedNames":{"nb":"Fall de siste tre måneder"},"localizedDescriptions":{"nb":"Har pasienten hatt noen fall i de siste 3 månedene?"},"annotations":{"comment":"score 0 for Usann/ Nei, \nscore 1 for Sann/ Ja."},"aqlPath":"/content[openEHR-EHR-OBSERVATION.stratify_no.v0]/data[at0001]/events[at0002]/data[at0003]/items[at0004]/value","inputs":[{"type":"CODED_TEXT","list":[{"value":"at0011","label":"Nei","localizedLabels":{"nb":"Nei"},"localizedDescriptions":{"nb":"Pasienten har ikke hatt noen fall siste 3 måneder."},"ordinal":0},{"value":"at0012","label":"Ja","localizedLabels":{"nb":"Ja"},"localizedDescriptions":{"nb":"Pasienten har hatt fall siste 3 måneder."},"ordinal":1}]}],"fid":"hv_fallrisikovurdering/stratify_vurderingsverktøy_for_fallrisiko/uspesifisert_hendelse/fall_de_siste_tre_måneder","formId":"hv_fallrisikovurdering/stratify_vurderingsverktøy_for_fallrisiko/uspesifisert_hendelse/fall_de_siste_tre_måneder","viewConfig":{"annotations":{"CalcId":"FallDeSiste3Mnd","HeaderSize":"H2"}},"defaultValue":{"value":""}},{"name":"Synshemminger","localizedName":"Synshemminger","rmType":"DV_ORDINAL","nodeId":"at0006","min":0,"max":1,"localizedNames":{"nb":"Synshemminger"},"localizedDescriptions":{"nb":"Er pasienten synsskadet/synshemmet i et slikt omfang at hverdagslige funksjoner er påvirket?"},"annotations":{"comment":"score 0 for Usann/ Nei, \nscore 1 for Sann/ Ja."},"aqlPath":"/content[openEHR-EHR-OBSERVATION.stratify_no.v0]/data[at0001]/events[at0002]/data[at0003]/items[at0006]/value","inputs":[{"type":"CODED_TEXT","list":[{"value":"at0015","label":"Nei","localizedLabels":{"nb":"Nei"},"localizedDescriptions":{"nb":"Pasienten har ikke store synshemminger."},"ordinal":0},{"value":"at0017","label":"Ja","localizedLabels":{"nb":"Ja"},"localizedDescriptions":{"nb":"Pasienten har store synshemminger."},"ordinal":1}]}],"fid":"hv_fallrisikovurdering/stratify_vurderingsverktøy_for_fallrisiko/uspesifisert_hendelse/synshemminger","formId":"hv_fallrisikovurdering/stratify_vurderingsverktøy_for_fallrisiko/uspesifisert_hendelse/synshemminger","viewConfig":{"annotations":{"CalcId":"Synshemminger"}},"defaultValue":{"value":""}},{"name":"Urolig atferd","localizedName":"Urolig atferd","rmType":"DV_ORDINAL","nodeId":"at0005","min":0,"max":1,"localizedNames":{"nb":"Urolig atferd"},"localizedDescriptions":{"nb":"Viser pasienten urolig, uklar, desorientert eller forvirret atferd?"},"annotations":{"comment":"score 0 for Usann/ Nei, \nscore 1 for Sann/ Ja."},"aqlPath":"/content[openEHR-EHR-OBSERVATION.stratify_no.v0]/data[at0001]/events[at0002]/data[at0003]/items[at0005]/value","inputs":[{"type":"CODED_TEXT","list":[{"value":"at0013","label":"Nei","localizedLabels":{"nb":"Nei"},"localizedDescriptions":{"nb":"Pasienten viser ikke urolig atferd."},"ordinal":0},{"value":"at0014","label":"Ja","localizedLabels":{"nb":"Ja"},"localizedDescriptions":{"nb":"Pasienten viser urolig atferd."},"ordinal":1}]}],"fid":"hv_fallrisikovurdering/stratify_vurderingsverktøy_for_fallrisiko/uspesifisert_hendelse/urolig_atferd","formId":"hv_fallrisikovurdering/stratify_vurderingsverktøy_for_fallrisiko/uspesifisert_hendelse/urolig_atferd","viewConfig":{"annotations":{"CalcId":"UroligAdferd"}},"defaultValue":{"value":""}},{"name":"Hyppige toalettbesøk","localizedName":"Hyppige toalettbesøk","rmType":"DV_ORDINAL","nodeId":"at0007","min":0,"max":1,"localizedNames":{"nb":"Hyppige toalettbesøk"},"localizedDescriptions":{"nb":"Oppfatter du at pasienten har spesielt behov av å besøke toalett ofte?"},"annotations":{"comment":"score 0 for Usann/ Nei, \nscore 1 for Sann/ Ja."},"aqlPath":"/content[openEHR-EHR-OBSERVATION.stratify_no.v0]/data[at0001]/events[at0002]/data[at0003]/items[at0007]/value","inputs":[{"type":"CODED_TEXT","list":[{"value":"at0018","label":"Nei","localizedLabels":{"nb":"Nei"},"localizedDescriptions":{"nb":"Pasienten har ikke behov for hyppige toalettbesøk."},"ordinal":0},{"value":"at0019","label":"Ja","localizedLabels":{"nb":"Ja"},"localizedDescriptions":{"nb":"Pasienten har behov for hyppige toalettbesøk."},"ordinal":1}]}],"fid":"hv_fallrisikovurdering/stratify_vurderingsverktøy_for_fallrisiko/uspesifisert_hendelse/hyppige_toalettbesøk","formId":"hv_fallrisikovurdering/stratify_vurderingsverktøy_for_fallrisiko/uspesifisert_hendelse/hyppige_toalettbesøk","viewConfig":{"annotations":{"CalcId":"HyppigeToalettbesok"}},"defaultValue":{"value":""}},{"name":"Forflytning mellom seng og stol","localizedName":"Forflytning mellom seng og stol","rmType":"DV_ORDINAL","nodeId":"at0021","min":0,"max":1,"localizedNames":{"nb":"Forflytning mellom seng og stol"},"localizedDescriptions":{"nb":"Evne til forflytning mellom seng og stol."},"aqlPath":"/content[openEHR-EHR-OBSERVATION.barthel_no.v1]/data[at0002]/events[at0003]/data[at0001]/items[at0021]/value","inputs":[{"type":"CODED_TEXT","list":[{"value":"at0022","label":"Kan ikke sitte","localizedLabels":{"nb":"Kan ikke sitte"},"localizedDescriptions":{"nb":"Sengeliggende."},"ordinal":0},{"value":"at0023","label":"Kan sitte, men trenger mye hjelp ved forflytning","localizedLabels":{"nb":"Kan sitte, men trenger mye hjelp ved forflytning"},"localizedDescriptions":{"nb":"Kan sitte, men trenger mye hjelp ved forflytning."},"ordinal":1},{"value":"at0024","label":"Klarer forflytning med litt hjelp eller tilsyn","localizedLabels":{"nb":"Klarer forflytning med litt hjelp eller tilsyn"},"localizedDescriptions":{"nb":"Klarer forflytning med litt hjelp eller tilsyn."},"ordinal":2},{"value":"at0025","label":"Selvhjulpen","localizedLabels":{"nb":"Selvhjulpen"},"localizedDescriptions":{"nb":"Klarer også å låse rullestol og bevege \nfotstøtte."},"ordinal":3}]}],"fid":"hv_fallrisikovurdering/barthel_adl-indeks/uspesifisert_hendelse/forflytning_mellom_seng_og_stol","formId":"hv_fallrisikovurdering/barthel_adl-indeks/uspesifisert_hendelse/forflytning_mellom_seng_og_stol","viewConfig":{"annotations":{"CalcId":"ForflyttSengStol"}},"defaultValue":{"value":""}},{"name":"Mobilitet","localizedName":"Mobilitet","rmType":"DV_ORDINAL","nodeId":"at0017","min":0,"max":1,"localizedNames":{"nb":"Mobilitet"},"localizedDescriptions":{"nb":"Evne til å forflytte seg til fots eller i rullestol."},"aqlPath":"/content[openEHR-EHR-OBSERVATION.barthel_no.v1]/data[at0002]/events[at0003]/data[at0001]/items[at0017]/value","inputs":[{"type":"CODED_TEXT","list":[{"value":"at0018","label":"Kan ikke kjøre rullestol uten hjelp","localizedLabels":{"nb":"Kan ikke kjøre rullestol uten hjelp"},"localizedDescriptions":{"nb":"Kan ikke kjøre rullestol uten hjelp."},"ordinal":0},{"value":"at0019","label":"Kan ikke gå","localizedLabels":{"nb":"Kan ikke gå"},"localizedDescriptions":{"nb":"Kan ikke gå, men kan kjøre rullestol uten hjelp 50 meter."},"ordinal":1},{"value":"at0020","label":"Kan gå med rullator og/eller støtte/tilsyn","localizedLabels":{"nb":"Kan gå med rullator og/eller støtte/tilsyn"},"localizedDescriptions":{"nb":"Kan gå 50 meter med rullator og/eller støtte/tilsyn av en person."},"ordinal":2},{"value":"at0039","label":"Kan gå uten hjelp, evt med stokk/krykker","localizedLabels":{"nb":"Kan gå uten hjelp, evt med stokk/krykker"},"localizedDescriptions":{"nb":"Klarer å gå 50 meter, kan bruke stokk eller krykker, men ikke annet ganghjelpemiddel."},"ordinal":3}]}],"fid":"hv_fallrisikovurdering/barthel_adl-indeks/uspesifisert_hendelse/mobilitet","formId":"hv_fallrisikovurdering/barthel_adl-indeks/uspesifisert_hendelse/mobilitet","viewConfig":{"annotations":{"CalcId":"Mobilitet"}},"defaultValue":{"value":""}},{"name":"Total sum av \"Mobililtet\" og \"Forflytning mellom seng og stol\" fra Barthel ADL-indeks","localizedName":"Total sum av \"Mobililtet\" og \"Forflytning mellom seng og stol\" fra Barthel ADL-indeks","rmType":"DV_ORDINAL","nodeId":"at0010","min":0,"max":1,"localizedNames":{"nb":"Total sum av \"Mobililtet\" og \"Forflytning mellom seng og stol\" fra Barthel ADL-indeks"},"localizedDescriptions":{"nb":"Poengene kommer fra registreringer gjort i Barthel ADL indeks fra punktene \"Mobililtet\" og \"Forflytning mellom seng og stol\"."},"aqlPath":"/content[openEHR-EHR-OBSERVATION.stratify_no.v0]/data[at0001]/events[at0002]/data[at0003]/items[at0010]/value","inputs":[{"type":"CODED_TEXT","list":[{"value":"at0020","label":"0-2, 5 eller 6 poeng","localizedLabels":{"nb":"0-2, 5 eller 6 poeng"},"localizedDescriptions":{"nb":"0 poeng."},"ordinal":0},{"value":"at0021","label":"3-4 poeng","localizedLabels":{"nb":"3-4 poeng"},"localizedDescriptions":{"nb":"1 Poeng."},"ordinal":1}]}],"fid":"hv_fallrisikovurdering/stratify_vurderingsverktøy_for_fallrisiko/uspesifisert_hendelse/total_sum_av_mobililtet_og_forflytning_mellom_seng_og_stol_fra_barthel_adl-indeks","formId":"hv_fallrisikovurdering/stratify_vurderingsverktøy_for_fallrisiko/uspesifisert_hendelse/total_sum_av_mobililtet_og_forflytning_mellom_seng_og_stol_fra_barthel_adl-indeks","viewConfig":{"label":{"custom":true,"value":"Total sum av \"Mobilitet\" og \"Forflytning mellom seng og stol\" fra Barthel ADL-indeks","useLocalizations":false,"localizationsList":{}},"advanced":{"hidden":true,"readonly":false},"multiplicity":{"min":"0","max":"1"},"size":{"field":"inherit","label":"inherit","fill":"inherit"},"layout":{"label":{"valign":"inherit","align":"inherit"},"field":{"valign":"inherit","align":"inherit"}},"tags":[],"datasource":{"loadRemote":false,"loadRemoteUrl":"","terminology":""},"annotations":{"CalcId":"TotSumMobForflytt"},"field":{"input":{"presentation":"combobox","columns":"4"}}},"defaultValue":{"value":"at0020"}},{"name":"Poeng totalt","localizedName":"Poeng totalt","rmType":"DV_COUNT","nodeId":"at0009","min":0,"max":1,"localizedNames":{"nb":"Poeng totalt"},"localizedDescriptions":{"nb":"Sum av poeng fra alle elementene. "},"annotations":{"comment":"0 = lav risko, \n1 = moderat risko, \n>2 = høy risko."},"aqlPath":"/content[openEHR-EHR-OBSERVATION.stratify_no.v0]/data[at0001]/events[at0002]/data[at0003]/items[at0009]/value","inputs":[{"type":"INTEGER","validation":{"range":{"minOp":">=","min":0,"maxOp":"<=","max":5}}}],"fid":"hv_fallrisikovurdering/stratify_vurderingsverktøy_for_fallrisiko/uspesifisert_hendelse/poeng_totalt","formId":"hv_fallrisikovurdering/stratify_vurderingsverktøy_for_fallrisiko/uspesifisert_hendelse/poeng_totalt","viewConfig":{"annotations":{"Calc":"FallDeSiste3Mnd+Synshemminger+UroligAdferd+HyppigeToalettbesok+TotSumMobForflytt"}},"defaultValue":{}},{"annotations":{"comment":"Generic input field used to add custom fields."},"inputs":[{"type":"TEXT"}],"localizedName":"Input","localizedNames":{"nb":"Input"},"max":-1,"min":0,"name":"Input","rmType":"GENERIC_FIELD","fid":"generic-field-81457","defaultValue":{"value":"0"},"formId":"generic-field-81457","viewConfig":{"label":{"custom":true,"value":"BartelCalc","useLocalizations":false,"localizationsList":{}},"annotations":{"Calc":"Mobilitet+ForflyttSengStol"},"advanced":{"hidden":true,"readonly":false},"multiplicity":{"min":"0","max":"1"},"size":{"field":"inherit","label":"inherit","fill":"inherit"},"layout":{"label":{"valign":"inherit","align":"inherit"},"field":{"valign":"inherit","align":"inherit"}},"tags":[],"datasource":{"loadRemote":false,"loadRemoteUrl":"","terminology":""},"field":{"input":{"presentation":"textfield","lines":"1"},"type":"DV_TEXT"}}}]}]}