[{"col":1,"row":1,"width":10,"height":15,"children":[{"id":"hjelpefunksjoner/hjelpefunksjoner","rows":[{"cols":[{"width":"100%","children":[{"id":"hjelpefunksjoner/hjelpefunksjoner/fysioterapeut"},{"id":"hjelpefunksjoner/hjelpefunksjoner/sosionom"},{"id":"hjelpefunksjoner/hjelpefunksjoner/ergoterapeut"},{"id":"hjelpefunksjoner/hjelpefunksjoner/ernæringsfysiolog"},{"id":"hjelpefunksjoner/hjelpefunksjoner/pedagog"},{"id":"hjelpefunksjoner/hjelpefunksjoner/logoped"},{"id":"hjelpefunksjoner/hjelpefunksjoner/annet"}]}]}]}]}]