[{"col":1,"row":1,"width":12,"height":21,"children":[{"id":"personskadeskjema/skaderegistrering","rows":[{"cols":[{"width":"100%","children":[{"id":"personskadeskjema/skaderegistrering/når"},{"id":"personskadeskjema/skaderegistrering/kontaktårsak_skade"},{"id":"personskadeskjema/skaderegistrering/skademekanisme"},{"id":"personskadeskjema/skaderegistrering/aktivitet_ved_skade"},{"id":"personskadeskjema/skaderegistrering/arbeidsgivers_bransje"},{"id":"personskadeskjema/skaderegistrering/lokal_aktivitet_sklv/lokal_aktivitet_ved_skade_sklv"},{"id":"personskadeskjema/skaderegistrering/ais_scala/alvorlighet_ved_skade"},{"id":"personskadeskjema/skaderegistrering/skadested"},{"id":"personskadeskjema/skaderegistrering/fremkomstmiddel_vei"},{"id":"personskadeskjema/skaderegistrering/framkomstmiddel_utmark"},{"id":"personskadeskjema/skaderegistrering/skadekommune"}]}]}]}]}]