{"formId":"form_root","name":"Form root","rmType":"FORM_DEFINITION","viewConfig":{"label":{"custom":false,"value":"","useLocalizations":false,"localizationsList":{}},"size":{"field":"inherit","label":"inherit","fill":"inherit"},"layout":{"valign":"inherit","align":"inherit"},"tags":[]},"templateLanguages":["nb"],"children":[{"localizedName":"Fieldset","localizedNames":{"nb":"Fieldset"},"min":0,"max":-1,"name":"Fieldset","rmType":"GENERIC_FIELDSET","fid":"generic-field-45412","formId":"generic-field-45412","viewConfig":{"label":{"custom":true,"value":"Planlagt utreisedato","useLocalizations":false,"localizationsList":{}},"advanced":{"hidden":false,"readonly":false,"render":false},"multiplicity":{"min":"0","max":"1"},"size":{"field":"inherit","label":"inherit","fill":"inherit"},"layout":{"label":{"valign":"inherit","align":"inherit"},"field":{"valign":"inherit","align":"inherit"}},"tags":["HideLabel"],"field":{},"annotations":{"AlertType":"success"}},"children":[{"name":"Utreise","localizedName":"Utreise","rmType":"DV_DATE","nodeId":"at0002","min":0,"max":1,"localizedNames":{"nb":"Utreise"},"localizedDescriptions":{"nb":"*"},"aqlPath":"/content[openEHR-EHR-ADMIN_ENTRY.hv_pasientliste_geriatri_utreise.v1]/data[at0001]/items[at0002]/value","inputs":[{"type":"DATE"}],"fid":"hv_pasientliste_geriatri_utreise/hv_pasientliste_geriatri_utreise/utreise","formId":"hv_pasientliste_geriatri_utreise/hv_pasientliste_geriatri_utreise/utreise","viewConfig":{"label":{"custom":true,"value":"Planlagt utreisedato","useLocalizations":false,"localizationsList":{}},"advanced":{"hidden":false,"readonly":false},"multiplicity":{"min":"0","max":"1"},"size":{"field":"inherit","label":"inherit","fill":"inherit"},"layout":{"label":{"valign":"inherit","align":"top"},"field":{"valign":"inherit","align":"inherit"}},"tags":[],"datasource":{"loadRemote":false,"loadRemoteUrl":"","terminology":""},"field":{}},"defaultValue":{"value":""}}]}]}