[{"col":1,"row":1,"width":12,"height":12,"children":[{"id":"generic-field-66998","rows":[{"cols":[{"width":"100%","children":[{"id":"klinisk_kontakt/nir_grunnlagsdata/har_pasienten_ligger_24_t_i_intensivenheten"},{"id":"klinisk_kontakt/nir_grunnlagsdata/har_pasienten_fått_mekanisk_respirasjonsstøtte_ila_oppholdet"},{"id":"klinisk_kontakt/nir_grunnlagsdata/døde_pasienten_ila_de_første_24_t_på_intensiv"},{"id":"klinisk_kontakt/nir_grunnlagsdata/ble_pasienten_overflyttet_til_annen_intensivenhet_ved_eget_eller_annet_sykehus_ila_første_24_timer"},{"id":"klinisk_kontakt/nir_grunnlagsdata/har_pasienten_fått_vasoaktiv_infusjon_under_oppholdet"},{"id":"generic-field-30353","rows":[{"cols":[{"width":"100%","children":[]}]}]}]}]}]}]},{"col":1,"row":13,"width":12,"height":82,"children":[{"id":"generic-field-56236","rows":[{"cols":[{"width":"78%","children":[{"id":"klinisk_kontakt/nir_grunnlagsdata/kjønn"},{"id":"klinisk_kontakt/nir_grunnlagsdata/morsdato"},{"id":"klinisk_kontakt/nir_grunnlagsdata/innleggelse_intensiv"},{"id":"klinisk_kontakt/nir_grunnlagsdata/reinnleggelse_nytt_intensivopphold_under_samme_sykehusopphold"}]},{"width":"22%","children":[]}]}]},{"id":"generic-field-61782","rows":[{"cols":[{"width":"100%","children":[]}]}]},{"id":"generic-field-97180","rows":[{"cols":[{"width":"50%","children":[{"id":"klinisk_kontakt/nir_grunnlagsdata/a_primærårsak_til_dette_intensivoppholdet_vurdert_av_lege"}]},{"width":"50%","children":[{"id":"klinisk_kontakt/nir_grunnlagsdata/nærmere_beskrivelse_respiratorisk_svikt"},{"id":"klinisk_kontakt/nir_grunnlagsdata/nærmere_beskrivelse_sirkulatorisk_svikt"},{"id":"klinisk_kontakt/nir_grunnlagsdata/nærmere_beskrivelse_gastroenterologisk_svikt"},{"id":"klinisk_kontakt/nir_grunnlagsdata/nærmere_beskrivelse_nevrologisk_svikt"},{"id":"klinisk_kontakt/nir_grunnlagsdata/nærmere_beskrivelse_sepsis"},{"id":"klinisk_kontakt/nir_grunnlagsdata/nærmere_beskrivelse_skade_traume"},{"id":"klinisk_kontakt/nir_grunnlagsdata/nærmere_beskrivelse_metabolsk_intoksikasjon"},{"id":"klinisk_kontakt/nir_grunnlagsdata/nærmere_beskrivelse_hematologisk_svikt"},{"id":"klinisk_kontakt/nir_grunnlagsdata/nærmere_beskrivelse_nyresvikt"},{"id":"klinisk_kontakt/nir_grunnlagsdata/nærmere_beskrivelse_postoperativt"}]}]},{"cols":[{"width":"50%","children":[{"id":"klinisk_kontakt/nir_grunnlagsdata/b_sekunærårsak"}]},{"width":"50%","children":[{"id":"klinisk_kontakt/nir_grunnlagsdata/nærmere_beskrivelse_respiratorisk_svikt2"},{"id":"klinisk_kontakt/nir_grunnlagsdata/nærmere_beskrivelse_sirkulatorisk_svikt2"},{"id":"klinisk_kontakt/nir_grunnlagsdata/nærmere_beskrivelse_gastroenterologisk_svikt2"},{"id":"klinisk_kontakt/nir_grunnlagsdata/nærmere_beskrivelse_nevrologisk_svikt2"},{"id":"klinisk_kontakt/nir_grunnlagsdata/nærmere_beskrivelse_sepsis2"},{"id":"klinisk_kontakt/nir_grunnlagsdata/nærmere_beskrivelse_skade_traume2"},{"id":"klinisk_kontakt/nir_grunnlagsdata/nærmere_beskrivelse_metabolsk_intoksikasjon2"},{"id":"klinisk_kontakt/nir_grunnlagsdata/nærmere_beskrivelse_hematologisk_svikt2"},{"id":"klinisk_kontakt/nir_grunnlagsdata/nærmere_beskrivelse_nyresvikt2"},{"id":"klinisk_kontakt/nir_grunnlagsdata/nærmere_beskrivelse_postoperativt2"}]}]}]},{"id":"generic-field-19122","rows":[{"cols":[{"width":"69%","children":[{"id":"klinisk_kontakt/nir_grunnlagsdata/utskriving_intensiv"},{"id":"klinisk_kontakt/nir_grunnlagsdata/liggetid_døgn"},{"id":"klinisk_kontakt/nir_grunnlagsdata/alder_ved_innleggelse"}]},{"width":"31%","children":[]}]}]},{"id":"generic-field-98219","rows":[{"cols":[{"width":"100%","children":[{"id":"klinisk_kontakt/nir_grunnlagsdata/non-invasiv_ventilasjon_maske"},{"id":"klinisk_kontakt/nir_grunnlagsdata/invasiv_ventilasjon_tube_trakeostomi"},{"id":"klinisk_kontakt/nir_grunnlagsdata/respirasjonsstøtte_timer_24_døgn"}]}]}]},{"id":"generic-field-4537","rows":[{"cols":[{"width":"100%","children":[{"id":"klinisk_kontakt/nir_grunnlagsdata/nyreerstattende_behandling_under_dette_intensivoppholdet"},{"id":"generic-field-71820","rows":[{"cols":[{"width":"50%","children":[{"id":"klinisk_kontakt/nir_grunnlagsdata/kontinuerlig_hemofiltrasjon"}]},{"width":"50%","children":[{"id":"klinisk_kontakt/nir_grunnlagsdata/antall_døgn"}]}]},{"cols":[{"width":"50%","children":[{"id":"klinisk_kontakt/nir_grunnlagsdata/intermitterende_hemodialyse"}]},{"width":"50%","children":[{"id":"klinisk_kontakt/nir_grunnlagsdata/antall_døgn2"}]}]},{"cols":[{"width":"50%","children":[{"id":"klinisk_kontakt/nir_grunnlagsdata/peritonealdialyse"}]},{"width":"50%","children":[{"id":"klinisk_kontakt/nir_grunnlagsdata/antall_døgn3"}]}]}]}]}]}]},{"id":"generic-field-59823","rows":[{"cols":[{"width":"100%","children":[{"id":"klinisk_kontakt/nir_grunnlagsdata/har_pasienten_fått_trakeostomi_under_dette_intensivoppholdet"}]}]},{"cols":[{"width":"50%","children":[{"id":"klinisk_kontakt/nir_grunnlagsdata/bukleie"}]},{"width":"50%","children":[]}]},{"cols":[{"width":"100%","children":[{"id":"klinisk_kontakt/nir_grunnlagsdata/utvidet_hemodynamisk_monitorering"}]}]},{"cols":[{"width":"50%","children":[{"id":"klinisk_kontakt/nir_grunnlagsdata/spesielle_tiltak_intervensjoner"}]},{"width":"50%","children":[{"id":"klinisk_kontakt/nir_grunnlagsdata/spesielle_tiltak_intervensjoner2"}]}]},{"cols":[{"width":"69%","children":[{"id":"klinisk_kontakt/nir_grunnlagsdata/isolering_av_intensivpasient"}]},{"width":"31%","children":[{"id":"klinisk_kontakt/nir_grunnlagsdata/døgn_totalt_luftsmitte"}]}]},{"cols":[{"width":"69%","children":[{"id":"klinisk_kontakt/nir_grunnlagsdata/total_nems_score"},{"id":"klinisk_kontakt/nir_grunnlagsdata/nas_nursing_activity_score"}]},{"width":"31%","children":[]}]}]},{"id":"generic-field-78848","rows":[{"cols":[{"width":"100%","children":[{"id":"klinisk_kontakt/nir_grunnlagsdata/overført_under_pågående_intensivbehandling"},{"id":"generic-field-73168","rows":[{"cols":[{"width":"100%","children":[{"id":"klinisk_kontakt/nir_grunnlagsdata/pasienten_er_overført_til_denne_intensivenheten_fra_hvilken_enhet_sykehus"},{"id":"klinisk_kontakt/nir_grunnlagsdata/årsak_til_overføringen_fra"}]}]}]},{"id":"generic-field-11323","rows":[{"cols":[{"width":"100%","children":[{"id":"klinisk_kontakt/nir_grunnlagsdata/pasienten_er_overført_fra_denne_intensivenhet_til_hvilken_enhet_sykehus"}]}]},{"cols":[{"width":"100%","children":[{"id":"klinisk_kontakt/nir_grunnlagsdata/status_ut_av_denne_intensivenheten"},{"id":"klinisk_kontakt/nir_grunnlagsdata/årsak_til_overføringen_til"}]}]}]}]}]}]}]},{"col":1,"row":95,"width":12,"height":72,"children":[{"id":"klinisk_kontakt/saps_score","rows":[{"cols":[{"width":"100%","children":[{"id":"klinisk_kontakt/saps_score/kronisk"},{"id":"klinisk_kontakt/saps_score/gcs"},{"id":"klinisk_kontakt/saps_score/alder"},{"id":"klinisk_kontakt/saps_score/systolisk_bt"},{"id":"klinisk_kontakt/saps_score/hjertefrekvens"},{"id":"klinisk_kontakt/saps_score/temperatur"},{"id":"klinisk_kontakt/saps_score/mekanisk_ventilasjon"},{"id":"klinisk_kontakt/saps_score/døgnurin"},{"id":"klinisk_kontakt/saps_score/karbamid"},{"id":"klinisk_kontakt/saps_score/lpk"},{"id":"klinisk_kontakt/saps_score/s_-_kalium"},{"id":"klinisk_kontakt/saps_score/s_-_natrium"},{"id":"klinisk_kontakt/saps_score/s_-_hco3"},{"id":"klinisk_kontakt/saps_score/s_-_bilirubin"},{"id":"klinisk_kontakt/saps_score/innleggelse"},{"id":"klinisk_kontakt/saps_score/saps_score"},{"id":"klinisk_kontakt/saps_score/mortalitet_score"}]}]}]},{"id":"generic-field-96244","rows":[{"cols":[{"width":"100%","children":[{"id":"generic-field-49805","rows":[{"cols":[{"width":"68%","children":[{"id":"klinisk_kontakt/mekanisk_ventilasjon/pao2"},{"id":"klinisk_kontakt/mekanisk_ventilasjon/fio2"},{"id":"klinisk_kontakt/pim3_score/pao2_fio2_ratio"}]},{"width":"32%","children":[]}]}]},{"id":"klinisk_kontakt/pim3_score","rows":[{"cols":[{"width":"100%","children":[{"id":"klinisk_kontakt/pim3_score/systolisk_bt"},{"id":"klinisk_kontakt/pim3_score/pupillerekasjon_på_skarpt_lys"},{"id":"klinisk_kontakt/pim3_score/fikk_pasienten_tilført_oksygen_via_endotrakealtube_eller_tett_hodeboks"},{"id":"klinisk_kontakt/pim3_score/base_excess_i_arterielt_eller_kapillært_blod"}]}]},{"cols":[{"width":"100%","children":[{"id":"klinisk_kontakt/pim3_score/mekanisk_ventilasjon_på_noe_tidspunkt_ila_første_timen_på_intensivenheten"},{"id":"klinisk_kontakt/pim3_score/elektiv_innleggelse_i_intensivenheten"}]}]},{"cols":[{"width":"100%","children":[{"id":"klinisk_kontakt/pim3_score/overvåkning_oppvåkning_etter_kirurgi_eller_en_prosedyre_er_hovedgrunn_for_innleggelse_i_intensivenheten"}]}]},{"cols":[{"width":"100%","children":[{"id":"klinisk_kontakt/pim3_score/vektet_diagnose"},{"id":"klinisk_kontakt/pim3_score/lav_risiko_diagnose"},{"id":"klinisk_kontakt/pim3_score/høy_risiko_diagnose"},{"id":"klinisk_kontakt/pim3_score/svært_høyrisiko_diagnose"},{"id":"klinisk_kontakt/pim3_score/perifer_oksygenmetning"},{"id":"klinisk_kontakt/pim3_score/laktat"}]}]},{"cols":[{"width":"59%","children":[{"id":"klinisk_kontakt/pim3_score/pim3_skåre"},{"id":"klinisk_kontakt/pim3_score/sannsynlighet_for_død"}]},{"width":"41%","children":[]}]}]}]}]}]},{"id":"generic-field-63161","rows":[{"cols":[{"width":"100%","children":[{"id":"klinisk_kontakt/nir_grunnlagsdata/vil_du_registrere_sofa_skåre_på_dette_oppholdet"},{"id":"klinisk_kontakt/sofa_score","rows":[{"cols":[{"width":"84%","children":[{"id":"klinisk_kontakt/sofa_score/respirasjon"},{"id":"klinisk_kontakt/sofa_score/sirkulasjon"},{"id":"klinisk_kontakt/sofa_score/sns_sentralnervesystemet"},{"id":"klinisk_kontakt/sofa_score/nyre"},{"id":"klinisk_kontakt/sofa_score/lever"},{"id":"klinisk_kontakt/sofa_score/koagulasjon"},{"id":"klinisk_kontakt/sofa_score/sofa_score"}]},{"width":"16%","children":[]}]}]}]}]}]},{"id":"generic-field-28540","rows":[{"cols":[{"width":"100%","children":[{"id":"generic-field-26959","rows":[{"cols":[{"width":"100%","children":[]}]}]},{"id":"klinisk_kontakt/nir_grunnlagsdata/diagnoser_for_oppholdet"}]}]}]},{"id":"generic-field-73832","rows":[{"cols":[{"width":"100%","children":[{"id":"generic-field-21379","rows":[{"cols":[{"width":"100%","children":[]}]}]},{"id":"klinisk_kontakt/nir_grunnlagsdata/var_det_mistenkt_påvist_en_potensielt_dødelig_hjerneskade_hos_pasienten"}]}]},{"cols":[{"width":"100%","children":[{"id":"klinisk_kontakt/nir_grunnlagsdata/ble_det_påvist_opphevet_intrakraniell_sirkulasjon"},{"id":"klinisk_kontakt/nir_grunnlagsdata/årsak_til_nei_-_intr.sirk"},{"id":"klinisk_kontakt/nir_grunnlagsdata/ble_organdonasjon_gjennomført"},{"id":"klinisk_kontakt/nir_grunnlagsdata/årsak_til_nei_-_organdonasjon"}]}]}]}]}]