{
	"formId": "form_root",
	"name": "Form root",
	"rmType": "FORM_DEFINITION",
	"viewConfig": {
		"label": {
			"custom": false,
			"value": "",
			"useLocalizations": false,
			"localizationsList": {
				
			}
		},
		"size": {
			"field": "inherit",
			"label": "inherit",
			"fill": "inherit"
		},
		"layout": {
			"valign": "inherit",
			"align": "inherit"
		},
		"tags": []
	},
	"language": "",
	"templateLanguages": ["nb"],
	"children": [{
		"localizedName": "Innledende spørsmål",
		"localizedNames": {
			"nb": "Fieldset"
		},
		"min": 0,
		"max": -1,
		"name": "Innledende spørsmål",
		"rmType": "GENERIC_FIELDSET",
		"formId": "generic-field-24400",
		"viewConfig": {
			"size": {
				"field": "inherit",
				"label": "inherit",
				"fill": "inherit"
			},
			"layout": {
				"label": {
					"valign": "inherit",
					"align": "inherit"
				},
				"field": {
					"valign": "inherit",
					"align": "inherit"
				}
			}
		},
		"children": [{
			"name": "Kjønn",
			"localizedName": "Kjønn",
			"rmType": "DV_CODED_TEXT",
			"nodeId": "at0002",
			"min": "1",
			"max": "1",
			"localizedNames": {
				"nb": "Kjønn"
			},
			"localizedDescriptions": {
				"nb": "*"
			},
			"aqlPath": "/content[openEHR-EHR-EVALUATION.anamnese_olafia.v1]/data[at0001]/items[at0002]/value",
			"inputs": [{
				"suffix": "code",
				"type": "CODED_TEXT",
				"list": [{
					"value": "APA",
					"label": "Mann",
					"localizedLabels": {
						"nb": "Mann"
					}
				},
				{
					"value": "AP2",
					"label": "Kvinne",
					"localizedLabels": {
						"nb": "Kvinne"
					}
				},
				{
					"value": "AP4",
					"label": "Trans",
					"localizedLabels": {
						"nb": "Trans"
					}
				}],
				"terminology": "Olafia"
			}],
			"formId": "anamnese_og_selvregistrering/anamnese_olafia/kjønn",
			"viewConfig": {
				"advanced": {
					"hidden": false,
					"readonly": false
				},
				"size": {
					"field": "inherit",
					"label": "inherit",
					"fill": "inherit"
				},
				"layout": {
					"label": {
						"valign": "inherit",
						"align": "inherit"
					},
					"field": {
						"valign": "inherit",
						"align": "inherit"
					}
				},
				"datasource": {
					"loadRemote": false,
					"loadRemoteUrl": "",
					"terminology": ""
				},
				"tags": ["showasradios"]
			}
		},
		{
			"name": "Språk",
			"localizedName": "Språk",
			"rmType": "DV_TEXT",
			"nodeId": "at0004",
			"min": "0",
			"max": "1",
			"localizedNames": {
				"nb": "Språk"
			},
			"localizedDescriptions": {
				"nb": "*"
			},
			"aqlPath": "/content[openEHR-EHR-EVALUATION.anamnese_olafia.v1]/data[at0001]/items[at0004]/value",
			"inputs": [{
				"type": "TEXT",
				"defaultValue": "Norsk"
			}],
			"formId": "anamnese_og_selvregistrering/anamnese_olafia/språk",
			"viewConfig": {
				"advanced": {
					"hidden": true,
					"readonly": false
				},
				"size": {
					"field": "inherit",
					"label": "inherit",
					"fill": "inherit"
				},
				"layout": {
					"label": {
						"valign": "inherit",
						"align": "inherit"
					},
					"field": {
						"valign": "inherit",
						"align": "inherit"
					}
				},
				"datasource": {
					"loadRemote": false,
					"loadRemoteUrl": "",
					"terminology": ""
				},
				"tags": [],
				"field": {
					"input": {
						"presentation": "textfield",
						"lines": "1"
					}
				}
			}
		},
		{
			"name": "Hvorfor kommer du til Olafiaklinikken?",
			"localizedName": "Hvorfor kommer du til Olafiaklinikken?",
			"rmType": "DV_CODED_TEXT",
			"nodeId": "at0004",
			"min": "1",
			"max": "1",
			"localizedNames": {
				"nb": "Klinisk kontaktårsak"
			},
			"localizedDescriptions": {
				"nb": "Klinisk eller sosial årsak til at individet oppsøker helsevesenet."
			},
			"annotations": {
				"comment": "Koding av \"Klinisk problemstilling\" med en terminologi foretrekkes når mulig. Kliniske årsaker kan omfatte helseproblemer, symptomer, eller fysiske sykdomstegn. Eksempler: Helseproblemer - ønske om å slutte å røyke eller vold i hjemmet, symptomer - magesmerter eller kortpusthet, fysiske sykdomstegn - endret bevissthetsnivå. \"Hovedproblemstilling\" kan bli benyttet som et synonym for \"Klinisk kontaktårsak\" i templater."
			},
			"aqlPath": "/content[openEHR-EHR-EVALUATION.reason_for_encounter.v1,'Hvorfor kommer du til Olafiaklinikken?']/data[at0001]/items[at0004]/value",
			"inputs": [{
				"suffix": "code",
				"type": "CODED_TEXT",
				"list": [{
					"value": "ANA",
					"label": "Ønsker kun sjekk (ingen plager)",
					"localizedLabels": {
						"nb": "Ønsker kun sjekk (ingen plager)"
					}
				},
				{
					"value": "AN1",
					"label": "Har plager nå som kan skyldes kjønnssykdom",
					"localizedLabels": {
						"nb": "Har plager nå som kan skyldes kjønnssykdom"
					}
				},
				{
					"value": "AN2",
					"label": "Innkalt av Olafiaklinikken som smittekontakt",
					"localizedLabels": {
						"nb": "Innkalt av Olafiaklinikken som smittekontakt"
					}
				},
				{
					"value": "AN3",
					"label": "Oppfordret av partner som smittekontakt",
					"localizedLabels": {
						"nb": "Oppfordret av partner som smittekontakt"
					}
				},
				{
					"value": "AN4",
					"label": "Henvist fra annen lege",
					"localizedLabels": {
						"nb": "Henvist fra annen lege"
					}
				},
				{
					"value": "AN5",
					"label": "Møtt for behandling",
					"localizedLabels": {
						"nb": "Møtt for behandling"
					}
				},
				{
					"value": "AN6",
					"label": "Møtt for kontroll",
					"localizedLabels": {
						"nb": "Møtt for kontroll"
					}
				},
				{
					"value": "AN7",
					"label": "Annen årsak",
					"localizedLabels": {
						"nb": "Annen årsak"
					}
				}],
				"terminology": "Olafia"
			}],
			"formId": "anamnese_og_selvregistrering/hvorfor_kommer_du_til_olafiaklinikken/klinisk_kontaktårsak",
			"viewConfig": {
				"size": {
					"field": "inherit",
					"label": "inherit",
					"fill": "inherit"
				},
				"layout": {
					"label": {
						"valign": "top",
						"align": "top"
					},
					"field": {
						"valign": "inherit",
						"align": "inherit"
					}
				},
				"datasource": {
					"loadRemote": false,
					"loadRemoteUrl": "",
					"terminology": ""
				},
				"advanced": {
					"hidden": false,
					"readonly": false
				},
				"tags": ["showasradios"],
				"annotations": {
					"description": "*"
				}
			}
		},
		{
			"name": "Har du noen av disse plagene nå?",
			"localizedName": "Har du noen av disse plagene nå?",
			"rmType": "DV_CODED_TEXT",
			"nodeId": "at0003",
			"min": "0",
			"max": "100",
			"localizedNames": {
				"nb": "Plager"
			},
			"localizedDescriptions": {
				"nb": "*"
			},
			"aqlPath": "/content[openEHR-EHR-EVALUATION.anamnese_olafia.v1]/data[at0001]/items[at0003]/value",
			"inputs": [{
				"suffix": "code",
				"type": "CODED_TEXT",
				"list": [{
					"value": "AOA",
					"label": "Nei",
					"localizedLabels": {
						"nb": "Nei"
					}
				},
				{
					"value": "AOB",
					"label": "Kløe/svie i urinrør",
					"localizedLabels": {
						"nb": "Kløe/svie i urinrør"
					}
				},
				{
					"value": "AO1",
					"label": "Kløe/svie i underliv",
					"localizedLabels": {
						"nb": "Kløe/svie i underliv"
					}
				},
				{
					"value": "AO2",
					"label": "Svie ved vannlatning",
					"localizedLabels": {
						"nb": "Svie ved vannlatning"
					}
				},
				{
					"value": "AO3",
					"label": "Utflod fra urinrør",
					"localizedLabels": {
						"nb": "Utflod fra urinrør"
					}
				},
				{
					"value": "AO4",
					"label": "Endret vaginalutflod",
					"localizedLabels": {
						"nb": "Endret vaginalutflod"
					}
				},
				{
					"value": "AO5",
					"label": "Genitale sår",
					"localizedLabels": {
						"nb": "Genitale sår"
					}
				},
				{
					"value": "AO6",
					"label": "Vorter",
					"localizedLabels": {
						"nb": "Vorter"
					}
				},
				{
					"value": "AO7",
					"label": "Smerter i nedre del av magen",
					"localizedLabels": {
						"nb": "Smerter i nedre del av magen"
					}
				},
				{
					"value": "AO8",
					"label": "Annet",
					"localizedLabels": {
						"nb": "Annet"
					}
				}],
				"terminology": "Olafia"
			}],
			"formId": "anamnese_og_selvregistrering/anamnese_olafia/plager",
			"viewConfig": {
				"size": {
					"field": "inherit",
					"label": "inherit",
					"fill": "inherit"
				},
				"layout": {
					"label": {
						"valign": "top",
						"align": "top"
					},
					"field": {
						"valign": "inherit",
						"align": "inherit"
					}
				},
				"datasource": {
					"loadRemote": false,
					"loadRemoteUrl": "",
					"terminology": ""
				},
				"advanced": {
					"hidden": false,
					"readonly": false
				},
				"tags": ["showasmulticombobox"],
				"field": {
					"code": {
						"presentation": "combobox",
						"columns": "4"
					}
				}
			}
		},
		{
			"name": "Graviditet",
			"localizedName": "Graviditet",
			"rmType": "CLUSTER",
			"nodeId": "openEHR-EHR-CLUSTER.reported_pregnancy_bf_ous.v1",
			"min": "0",
			"max": "1",
			"localizedNames": {
				"nb": "Graviditet"
			},
			"localizedDescriptions": {
				"nb": "unknown"
			},
			"aqlPath": "/content[openEHR-EHR-OBSERVATION.story.v1]/data[at0001]/events[at0002]/data[at0003]/items[openEHR-EHR-CLUSTER.reported_pregnancy_bf_ous.v1]",
			"formId": "anamnese_og_selvregistrering/anamnese/graviditet",
			"viewConfig": {
				"advanced": {
					"hidden": false,
					"readonly": false,
					"render": false
				},
				"size": {
					"field": "inherit",
					"label": "inherit",
					"fill": "inherit"
				},
				"layout": {
					"label": {
						"valign": "inherit",
						"align": "inherit"
					},
					"field": {
						"valign": "inherit",
						"align": "inherit"
					}
				},
				"tags": []
			},
			"inputs": [{
				"type": "TEXT"
			}],
			"children": [{
				"name": "Er du gravid?",
				"localizedName": "Er du gravid?",
				"rmType": "DV_CODED_TEXT",
				"nodeId": "at0001",
				"min": "0",
				"max": "1",
				"localizedNames": {
					"nb": "Er du gravid?"
				},
				"localizedDescriptions": {
					"nb": "*"
				},
				"aqlPath": "/content[openEHR-EHR-OBSERVATION.story.v1]/data[at0001]/events[at0002]/data[at0003]/items[openEHR-EHR-CLUSTER.reported_pregnancy_bf_ous.v1]/items[at0001]/value",
				"inputs": [{
					"suffix": "code",
					"type": "CODED_TEXT",
					"list": [{
						"value": "at0002",
						"label": "Ja",
						"localizedLabels": {
							"nb": "Ja"
						},
						"localizedDescriptions": {
							"nb": "*"
						}
					},
					{
						"value": "at0003",
						"label": "Nei",
						"localizedLabels": {
							"nb": "Nei"
						},
						"localizedDescriptions": {
							"nb": "*"
						}
					},
					{
						"value": "at0004",
						"label": "Usikker",
						"localizedLabels": {
							"nb": "Usikker"
						},
						"localizedDescriptions": {
							"nb": "*"
						}
					}]
				}],
				"formId": "anamnese_og_selvregistrering/anamnese/graviditet/er_du_gravid",
				"viewConfig": {
					"advanced": {
						"hidden": false,
						"readonly": false
					},
					"size": {
						"field": "inherit",
						"label": "inherit",
						"fill": "inherit"
					},
					"layout": {
						"label": {
							"valign": "inherit",
							"align": "inherit"
						},
						"field": {
							"valign": "inherit",
							"align": "inherit"
						}
					},
					"tags": ["showasradios"],
					"datasource": {
						"loadRemote": false,
						"loadRemoteUrl": "",
						"terminology": ""
					},
					"field": {
						"code": {
							"presentation": "combobox",
							"columns": "4"
						}
					}
				}
			},
			{
				"name": "Hvor mange uker gravid er du?",
				"localizedName": "Hvor mange uker gravid er du?",
				"rmType": "DV_COUNT",
				"nodeId": "at0010",
				"min": "0",
				"max": "1",
				"localizedNames": {
					"nb": "Gestasjonsalder - uker"
				},
				"localizedDescriptions": {
					"nb": "*"
				},
				"aqlPath": "/content[openEHR-EHR-OBSERVATION.story.v1]/data[at0001]/events[at0002]/data[at0003]/items[openEHR-EHR-CLUSTER.reported_pregnancy_bf_ous.v1]/items[at0010]/value",
				"inputs": [{
					"type": "INTEGER",
					"validation": {
						"range": {
							"minOp": ">=",
							"min": 0,
							"maxOp": "<=",
							"max": 43
						}
					}
				}],
				"formId": "anamnese_og_selvregistrering/anamnese/graviditet/gestasjonsalder_-_uker",
				"viewConfig": {
					"advanced": {
						"hidden": false,
						"readonly": false
					},
					"size": {
						"field": "inherit",
						"label": "inherit",
						"fill": "inherit"
					},
					"layout": {
						"label": {
							"valign": "top",
							"align": "top"
						},
						"field": {
							"valign": "inherit",
							"align": "inherit"
						}
					},
					"tags": [],
					"datasource": {
						"loadRemote": false,
						"loadRemoteUrl": "",
						"terminology": ""
					}
				}
			},
			{
				"name": "Første dag av siste menstruasjon",
				"localizedName": "Første dag av siste menstruasjon",
				"rmType": "DV_DATE",
				"nodeId": "at0009",
				"min": "0",
				"max": "1",
				"localizedNames": {
					"nb": "Første dag av siste menstruasjon"
				},
				"localizedDescriptions": {
					"nb": "*"
				},
				"aqlPath": "/content[openEHR-EHR-OBSERVATION.story.v1]/data[at0001]/events[at0002]/data[at0003]/items[openEHR-EHR-CLUSTER.reported_pregnancy_bf_ous.v1]/items[at0009]/value",
				"inputs": [{
					"type": "DATE"
				}],
				"formId": "anamnese_og_selvregistrering/anamnese/graviditet/første_dag_av_siste_menstruasjon",
				"viewConfig": {
					"advanced": {
						"hidden": false,
						"readonly": false
					},
					"size": {
						"field": "inherit",
						"label": "inherit",
						"fill": "inherit"
					},
					"layout": {
						"label": {
							"valign": "top",
							"align": "top"
						},
						"field": {
							"valign": "inherit",
							"align": "inherit"
						}
					},
					"tags": [],
					"datasource": {
						"loadRemote": false,
						"loadRemoteUrl": "",
						"terminology": ""
					}
				}
			},
			{
				"name": "Har ikke menstruasjon",
				"localizedName": "Har ikke menstruasjon",
				"rmType": "DV_BOOLEAN",
				"nodeId": "at0013",
				"min": 0,
				"max": 1,
				"localizedNames": {
					"nb": "Har ikke menstruasjon"
				},
				"localizedDescriptions": {
					"nb": "*"
				},
				"aqlPath": "/content[openEHR-EHR-OBSERVATION.story.v1]/data[at0001]/events[at0002]/data[at0003]/items[openEHR-EHR-CLUSTER.reported_pregnancy_bf_ous.v1]/items[at0013]/value",
				"inputs": [{
					"type": "BOOLEAN",
					"list": [{
						"value": "true",
						"label": "true"
					}]
				}],
				"formId": "anamnese_og_selvregistrering/anamnese/graviditet/har_ikke_menstruasjon"
			}]
		},
		{
			"name": "Hva slags prevensjonsmiddel bruker du eller partner?",
			"localizedName": "Hva slags prevensjonsmiddel bruker du eller partner?",
			"rmType": "DV_CODED_TEXT",
			"nodeId": "at0016",
			"min": "0",
			"max": "100",
			"localizedNames": {
				"nb": "Prevensjonsmiddel"
			},
			"localizedDescriptions": {
				"nb": "*"
			},
			"aqlPath": "/content[openEHR-EHR-EVALUATION.anamnese_olafia.v1]/data[at0001]/items[at0016]/value",
			"inputs": [{
				"suffix": "code",
				"type": "CODED_TEXT",
				"list": [{
					"value": "CM01",
					"label": "Ingen",
					"localizedLabels": {
						"nb": "Ingen"
					}
				},
				{
					"value": "CM02",
					"label": "Kondom",
					"localizedLabels": {
						"nb": "Kondom"
					}
				},
				{
					"value": "CM03",
					"label": "P-piller/minipiller",
					"localizedLabels": {
						"nb": "P-piller/minipiller"
					}
				},
				{
					"value": "CM04",
					"label": "P-stav",
					"localizedLabels": {
						"nb": "P-stav"
					}
				},
				{
					"value": "CM05",
					"label": "P-sprøyte",
					"localizedLabels": {
						"nb": "P-sprøyte"
					}
				},
				{
					"value": "CM06",
					"label": "Hormonspiral",
					"localizedLabels": {
						"nb": "Hormonspiral"
					}
				},
				{
					"value": "CM07",
					"label": "Kobberspiral",
					"localizedLabels": {
						"nb": "Kobberspiral"
					}
				},
				{
					"value": "CM08",
					"label": "P-ring",
					"localizedLabels": {
						"nb": "P-ring"
					}
				},
				{
					"value": "CM09",
					"label": "Avbrutt samleie/sikre perioder",
					"localizedLabels": {
						"nb": "Avbrutt samleie/sikre perioder"
					}
				},
				{
					"value": "CM10",
					"label": "Annet",
					"localizedLabels": {
						"nb": "Annet"
					}
				}],
				"terminology": "Olafia"
			}],
			"formId": "anamnese_og_selvregistrering/anamnese_olafia/prevensjonsmiddel",
			"viewConfig": {
				"advanced": {
					"hidden": false,
					"readonly": false
				},
				"size": {
					"field": "inherit",
					"label": "inherit",
					"fill": "inherit"
				},
				"layout": {
					"label": {
						"valign": "top",
						"align": "top"
					},
					"field": {
						"valign": "inherit",
						"align": "inherit"
					}
				},
				"datasource": {
					"loadRemote": false,
					"loadRemoteUrl": "",
					"terminology": ""
				},
				"tags": ["showasmulticombobox"],
				"field": {
					"code": {
						"presentation": "combobox",
						"columns": "4"
					}
				}
			}
		}]
	},
	{
		"localizedName": "Seksualhistorie",
		"localizedNames": {
			"nb": "Fieldset"
		},
		"min": 0,
		"max": -1,
		"name": "Seksualhistorie",
		"rmType": "GENERIC_FIELDSET",
		"formId": "generic-field-16198",
		"children": [{
			"name": "Har du noen gang hatt sex?",
			"localizedName": "Har du noen gang hatt sex?",
			"rmType": "DV_CODED_TEXT",
			"nodeId": "at0002",
			"min": "1",
			"max": "1",
			"localizedNames": {
				"nb": "Noen gang hatt sex?"
			},
			"localizedDescriptions": {
				"nb": "*"
			},
			"aqlPath": "/content[openEHR-EHR-EVALUATION.sexual_history.v1,'Seksualhistorie']/data[at0001]/items[at0002]/value",
			"inputs": [{
				"suffix": "code",
				"type": "CODED_TEXT",
				"list": [{
					"value": "at0009",
					"label": "Ja",
					"localizedLabels": {
						"nb": "Ja"
					},
					"localizedDescriptions": {
						"nb": "*"
					}
				},
				{
					"value": "at0010",
					"label": "Nei",
					"localizedLabels": {
						"nb": "Nei"
					},
					"localizedDescriptions": {
						"nb": "*"
					}
				}]
			}],
			"formId": "anamnese_og_selvregistrering/seksualhistorie/noen_gang_hatt_sex",
			"viewConfig": {
				"advanced": {
					"hidden": false,
					"readonly": false
				},
				"size": {
					"field": "inherit",
					"label": "inherit",
					"fill": "inherit"
				},
				"layout": {
					"label": {
						"valign": "inherit",
						"align": "inherit"
					},
					"field": {
						"valign": "inherit",
						"align": "inherit"
					}
				},
				"tags": ["showasradios"],
				"datasource": {
					"loadRemote": false,
					"loadRemoteUrl": "",
					"terminology": ""
				},
				"field": {
					"code": {
						"presentation": "combobox",
						"columns": "4"
					}
				}
			}
		}]
	},
	{
		"localizedName": "Seksuell aktivitet siste 6 måneder",
		"localizedNames": {
			"nb": "Fieldset"
		},
		"min": 0,
		"max": -1,
		"name": "Seksuell aktivitet siste 6 måneder",
		"rmType": "GENERIC_FIELDSET",
		"formId": "generic-field-74636",
		"inputs": [{
			"type": "TEXT"
		}],
		"children": [{
			"name": "Har du hatt sex siste 6 mndr?",
			"localizedName": "Har du hatt sex siste 6 mndr?",
			"rmType": "DV_CODED_TEXT",
			"nodeId": "at0009",
			"min": "1",
			"max": "1",
			"localizedNames": {
				"nb": "Seksuelt aktiv"
			},
			"localizedDescriptions": {
				"nb": "*"
			},
			"aqlPath": "/content[openEHR-EHR-OBSERVATION.sexual_activity.v1]/data[at0001]/events[at0007]/data[at0003]/items[at0009]/value",
			"inputs": [{
				"suffix": "code",
				"type": "CODED_TEXT",
				"list": [{
					"value": "at0022",
					"label": "Ja",
					"localizedLabels": {
						"nb": "Ja"
					},
					"localizedDescriptions": {
						"nb": "*"
					}
				},
				{
					"value": "at0023",
					"label": "Nei",
					"localizedLabels": {
						"nb": "Nei"
					},
					"localizedDescriptions": {
						"nb": "*"
					}
				}]
			}],
			"formId": "anamnese_og_selvregistrering/seksuell_aktivitet/seksuelt_aktiv",
			"viewConfig": {
				"advanced": {
					"hidden": false,
					"readonly": false
				},
				"size": {
					"field": "inherit",
					"label": "inherit",
					"fill": "inherit"
				},
				"layout": {
					"label": {
						"valign": "inherit",
						"align": "inherit"
					},
					"field": {
						"valign": "inherit",
						"align": "inherit"
					}
				},
				"tags": ["showasradios"],
				"datasource": {
					"loadRemote": false,
					"loadRemoteUrl": "",
					"terminology": ""
				},
				"field": {
					"code": {
						"presentation": "combobox",
						"columns": "4"
					}
				}
			}
		}]
	},
	{
		"localizedName": "Detaljer siste 6 mndr",
		"localizedNames": {
			"nb": "Fieldset"
		},
		"min": "0",
		"max": "1",
		"name": "Detaljer siste 6 mndr",
		"rmType": "GENERIC_FIELDSET",
		"inputs": [{
			"type": "TEXT"
		}],
		"formId": "generic-field-81348",
		"viewConfig": {
			"advanced": {
				"hidden": false,
				"readonly": false,
				"render": false
			},
			"size": {
				"field": "inherit",
				"label": "inherit",
				"fill": "inherit"
			},
			"layout": {
				"label": {
					"valign": "inherit",
					"align": "inherit"
				},
				"field": {
					"valign": "inherit",
					"align": "inherit"
				}
			},
			"tags": ["hidelabel"]
		},
		"children": [{
			"name": "Sexpartner(e)s kjønn",
			"localizedName": "Sexpartner(e)s kjønn",
			"rmType": "DV_CODED_TEXT",
			"nodeId": "at0012",
			"min": "0",
			"max": "100",
			"localizedNames": {
				"nb": "Sexpartneres kjønn"
			},
			"localizedDescriptions": {
				"nb": "*"
			},
			"aqlPath": "/content[openEHR-EHR-OBSERVATION.sexual_activity.v1]/data[at0001]/events[at0007]/data[at0003]/items[at0012]/value",
			"inputs": [{
				"suffix": "code",
				"type": "CODED_TEXT",
				"list": [{
					"value": "AP1",
					"label": "Menn",
					"localizedLabels": {
						"nb": "Menn"
					}
				},
				{
					"value": "AP3",
					"label": "Kvinner",
					"localizedLabels": {
						"nb": "Kvinner"
					}
				},
				{
					"value": "AP4",
					"label": "Trans",
					"localizedLabels": {
						"nb": "Trans"
					}
				}],
				"terminology": "Olafia"
			}],
			"formId": "anamnese_og_selvregistrering/seksuell_aktivitet/sexpartneres_kjønn",
			"viewConfig": {
				"advanced": {
					"hidden": false,
					"readonly": false
				},
				"size": {
					"field": "inherit",
					"label": "inherit",
					"fill": "inherit"
				},
				"layout": {
					"label": {
						"valign": "inherit",
						"align": "inherit"
					},
					"field": {
						"valign": "inherit",
						"align": "inherit"
					}
				},
				"tags": ["showasmulticombobox"],
				"datasource": {
					"loadRemote": false,
					"loadRemoteUrl": "",
					"terminology": ""
				}
			}
		},
		{
			"name": "Typer sex",
			"localizedName": "Typer sex",
			"rmType": "DV_CODED_TEXT",
			"nodeId": "at0025",
			"min": "0",
			"max": "100",
			"localizedNames": {
				"nb": "Typer sex"
			},
			"localizedDescriptions": {
				"nb": "*"
			},
			"aqlPath": "/content[openEHR-EHR-OBSERVATION.sexual_activity.v1]/data[at0001]/events[at0007]/data[at0003]/items[at0025]/value",
			"inputs": [{
				"suffix": "code",
				"type": "CODED_TEXT",
				"list": [{
					"value": "at0027",
					"label": "Vaginal (skjede)",
					"localizedLabels": {
						"nb": "Vaginal (skjede)"
					},
					"localizedDescriptions": {
						"nb": "*"
					}
				},
				{
					"value": "at0028",
					"label": "Oral (munn)",
					"localizedLabels": {
						"nb": "Oral (munn)"
					},
					"localizedDescriptions": {
						"nb": "*"
					}
				},
				{
					"value": "at0026",
					"label": "Anal (endetarm)",
					"localizedLabels": {
						"nb": "Anal (endetarm)"
					},
					"localizedDescriptions": {
						"nb": "*"
					}
				}]
			}],
			"formId": "anamnese_og_selvregistrering/seksuell_aktivitet/typer_sex",
			"viewConfig": {
				"advanced": {
					"hidden": false,
					"readonly": false
				},
				"size": {
					"field": "inherit",
					"label": "inherit",
					"fill": "inherit"
				},
				"layout": {
					"label": {
						"valign": "inherit",
						"align": "inherit"
					},
					"field": {
						"valign": "inherit",
						"align": "inherit"
					}
				},
				"tags": ["showasmulticombobox"],
				"datasource": {
					"loadRemote": false,
					"loadRemoteUrl": "",
					"terminology": ""
				},
				"field": {
					"code": {
						"presentation": "combobox",
						"columns": "4"
					}
				}
			}
		},
		{
			"name": "Antall partnere siste 6 mndr",
			"localizedName": "Antall partnere siste 6 mndr",
			"rmType": "DV_COUNT",
			"nodeId": "at0011",
			"min": 0,
			"max": 1,
			"localizedNames": {
				"nb": "Antall partnere"
			},
			"localizedDescriptions": {
				"nb": "*"
			},
			"aqlPath": "/content[openEHR-EHR-OBSERVATION.sexual_activity.v1]/data[at0001]/events[at0007]/data[at0003]/items[at0011]/value",
			"inputs": [{
				"type": "INTEGER"
			}],
			"formId": "anamnese_og_selvregistrering/seksuell_aktivitet/antall_partnere"
		},
		{
			"name": "Sex med sexarbeider",
			"localizedName": "Sex med sexarbeider",
			"rmType": "DV_CODED_TEXT",
			"nodeId": "at0036",
			"min": "0",
			"max": "1",
			"localizedNames": {
				"nb": "Sex med sexarbeider"
			},
			"localizedDescriptions": {
				"nb": "*"
			},
			"aqlPath": "/content[openEHR-EHR-OBSERVATION.sexual_activity.v1]/data[at0001]/events[at0007]/data[at0003]/items[at0036]/value",
			"inputs": [{
				"suffix": "code",
				"type": "CODED_TEXT",
				"list": [{
					"value": "at0037",
					"label": "Ja",
					"localizedLabels": {
						"nb": "Ja"
					},
					"localizedDescriptions": {
						"nb": "*"
					}
				},
				{
					"value": "at0038",
					"label": "Nei",
					"localizedLabels": {
						"nb": "Nei"
					},
					"localizedDescriptions": {
						"nb": "*"
					}
				},
				{
					"value": "at0039",
					"label": "Usikker",
					"localizedLabels": {
						"nb": "Usikker"
					},
					"localizedDescriptions": {
						"nb": "*"
					}
				}]
			}],
			"formId": "anamnese_og_selvregistrering/seksuell_aktivitet/sex_med_sexarbeider",
			"viewConfig": {
				"advanced": {
					"hidden": false,
					"readonly": false
				},
				"size": {
					"field": "inherit",
					"label": "inherit",
					"fill": "inherit"
				},
				"layout": {
					"label": {
						"valign": "inherit",
						"align": "inherit"
					},
					"field": {
						"valign": "inherit",
						"align": "inherit"
					}
				},
				"tags": ["showasradios"],
				"datasource": {
					"loadRemote": false,
					"loadRemoteUrl": "",
					"terminology": ""
				},
				"field": {
					"code": {
						"presentation": "combobox",
						"columns": "4"
					}
				}
			}
		},
		{
			"name": "Har du mottatt betaling for sex?",
			"localizedName": "Har du mottatt betaling for sex?",
			"rmType": "DV_CODED_TEXT",
			"nodeId": "at0041",
			"min": "0",
			"max": "1",
			"localizedNames": {
				"nb": "Har du motatt betaling for sex?"
			},
			"localizedDescriptions": {
				"nb": "*"
			},
			"aqlPath": "/content[openEHR-EHR-OBSERVATION.sexual_activity.v1]/data[at0001]/events[at0007]/data[at0003]/items[at0041]/value",
			"inputs": [{
				"suffix": "code",
				"type": "CODED_TEXT",
				"list": [{
					"value": "at0042",
					"label": "Ja",
					"localizedLabels": {
						"nb": "Ja"
					},
					"localizedDescriptions": {
						"nb": "*"
					}
				},
				{
					"value": "at0043",
					"label": "Nei",
					"localizedLabels": {
						"nb": "Nei"
					},
					"localizedDescriptions": {
						"nb": "*"
					}
				}]
			}],
			"formId": "anamnese_og_selvregistrering/seksuell_aktivitet/har_du_motatt_betaling_for_sex",
			"viewConfig": {
				"advanced": {
					"hidden": false,
					"readonly": false
				},
				"size": {
					"field": "inherit",
					"label": "inherit",
					"fill": "inherit"
				},
				"layout": {
					"label": {
						"valign": "inherit",
						"align": "inherit"
					},
					"field": {
						"valign": "inherit",
						"align": "inherit"
					}
				},
				"tags": ["showasradios"],
				"datasource": {
					"loadRemote": false,
					"loadRemoteUrl": "",
					"terminology": ""
				},
				"field": {
					"code": {
						"presentation": "combobox",
						"columns": "4"
					}
				}
			}
		},
		{
			"name": "Sexpartner(e) har vært fra",
			"localizedName": "Sexpartner(e) har vært fra",
			"rmType": "DV_CODED_TEXT",
			"nodeId": "at0040",
			"min": "0",
			"max": "100",
			"localizedNames": {
				"nb": "Sexpartnere har vært fra"
			},
			"localizedDescriptions": {
				"nb": "*"
			},
			"aqlPath": "/content[openEHR-EHR-OBSERVATION.sexual_activity.v1]/data[at0001]/events[at0007]/data[at0003]/items[at0040]/value",
			"inputs": [{
				"suffix": "code",
				"type": "CODED_TEXT",
				"list": [{
					"value": "AQA",
					"label": "Skandinavia",
					"localizedLabels": {
						"nb": "Skandinavia"
					}
				},
				{
					"value": "AQ1",
					"label": "Vest-Europa, utenom skandinavia",
					"localizedLabels": {
						"nb": "Vest-Europa, utenom skandinavia"
					}
				},
				{
					"value": "AQ2",
					"label": "Øst-Europa",
					"localizedLabels": {
						"nb": "Øst-Europa"
					}
				},
				{
					"value": "AQ3",
					"label": "Afrika",
					"localizedLabels": {
						"nb": "Afrika"
					}
				},
				{
					"value": "AQ4",
					"label": "Sør- og mellom-Amerika",
					"localizedLabels": {
						"nb": "Sør- og mellom-Amerika"
					}
				},
				{
					"value": "AQ5",
					"label": "Nord-Amerika",
					"localizedLabels": {
						"nb": "Nord-Amerika"
					}
				},
				{
					"value": "AQ6",
					"label": "Asia",
					"localizedLabels": {
						"nb": "Asia"
					}
				},
				{
					"value": "AQ7",
					"label": "Australia",
					"localizedLabels": {
						"nb": "Australia"
					}
				}],
				"terminology": "Olafia"
			}],
			"formId": "anamnese_og_selvregistrering/seksuell_aktivitet/sexpartnere_har_vært_fra",
			"viewConfig": {
				"advanced": {
					"hidden": false,
					"readonly": false
				},
				"size": {
					"field": "inherit",
					"label": "inherit",
					"fill": "inherit"
				},
				"layout": {
					"label": {
						"valign": "inherit",
						"align": "inherit"
					},
					"field": {
						"valign": "inherit",
						"align": "inherit"
					}
				},
				"tags": ["showasmulticombobox"],
				"datasource": {
					"loadRemote": true,
					"loadRemoteUrl": "Olafia",
					"terminology": ""
				},
				"field": {
					"code": {
						"presentation": "combobox",
						"columns": "4"
					}
				}
			}
		}]
	},
	{
		"name": "Seksuelt overførbare infeksjoner (SOI)",
		"localizedName": "Seksuelt overførbare infeksjoner (SOI)",
		"rmType": "EVALUATION",
		"nodeId": "openEHR-EHR-EVALUATION.sexual_history.v1",
		"min": 0,
		"max": 1,
		"localizedNames": {
			"nb": "Seksuell historie"
		},
		"localizedDescriptions": {
			"nb": "unknown"
		},
		"aqlPath": "/content[openEHR-EHR-EVALUATION.sexual_history.v1,'Seksualhistorie']",
		"formId": "anamnese_og_selvregistrering/seksualhistorie",
		"inputs": [{
			"type": "TEXT"
		}],
		"children": [{
			"name": "Alder ved seksuell debut",
			"localizedName": "Alder ved seksuell debut",
			"rmType": "DV_QUANTITY",
			"nodeId": "at0003",
			"min": 0,
			"max": 1,
			"localizedNames": {
				"nb": "Alder ved seksuell debut"
			},
			"localizedDescriptions": {
				"nb": "*"
			},
			"aqlPath": "/content[openEHR-EHR-EVALUATION.sexual_history.v1,'Seksualhistorie']/data[at0001]/items[at0003]/value",
			"inputs": [{
				"suffix": "magnitude",
				"type": "DECIMAL",
				"validation": {
					"precision": {
						"minOp": ">=",
						"min": 0,
						"maxOp": "<=",
						"max": 0
					}
				}
			},
			{
				"suffix": "unit",
				"type": "CODED_TEXT",
				"list": [{
					"value": "a",
					"label": "a",
					"validation": {
						"precision": {
							"minOp": ">=",
							"min": 0,
							"maxOp": "<=",
							"max": 0
						}
					}
				}],
				"defaultValue": "a"
			}],
			"formId": "anamnese_og_selvregistrering/seksualhistorie/alder_ved_seksuell_debut",
			"viewConfig": {
				"field": {
					"magnitude": {
						"presentation": "combobox"
					}
				}
			}
		},
		{
			"name": "Hvilke(t) kjønn har du noen gang hatt sex med?",
			"localizedName": "Hvilke(t) kjønn har du noen gang hatt sex med?",
			"rmType": "DV_CODED_TEXT",
			"nodeId": "at0004",
			"min": "0",
			"max": "100",
			"localizedNames": {
				"nb": "Kjønn pasienten har hatt sex med"
			},
			"localizedDescriptions": {
				"nb": "*"
			},
			"aqlPath": "/content[openEHR-EHR-EVALUATION.sexual_history.v1,'Seksualhistorie']/data[at0001]/items[at0004]/value",
			"inputs": [{
				"suffix": "code",
				"type": "CODED_TEXT",
				"list": [{
					"value": "AP1",
					"label": "Menn",
					"localizedLabels": {
						"nb": "Menn"
					}
				},
				{
					"value": "AP3",
					"label": "Kvinner",
					"localizedLabels": {
						"nb": "Kvinner"
					}
				},
				{
					"value": "AP4",
					"label": "Trans",
					"localizedLabels": {
						"nb": "Trans"
					}
				}],
				"terminology": "Olafia"
			}],
			"formId": "anamnese_og_selvregistrering/seksualhistorie/kjønn_pasienten_har_hatt_sex_med",
			"viewConfig": {
				"advanced": {
					"hidden": false,
					"readonly": false
				},
				"size": {
					"field": "inherit",
					"label": "inherit",
					"fill": "inherit"
				},
				"layout": {
					"label": {
						"valign": "inherit",
						"align": "inherit"
					},
					"field": {
						"valign": "inherit",
						"align": "inherit"
					}
				},
				"tags": ["showasmulticombobox"],
				"datasource": {
					"loadRemote": false,
					"loadRemoteUrl": "",
					"terminology": ""
				}
			}
		}]
	},
	{
		"localizedName": "SOI sammendrag",
		"localizedNames": {
			"nb": "Fieldset"
		},
		"min": "0",
		"max": "1",
		"name": "SOI sammendrag",
		"rmType": "GENERIC_FIELDSET",
		"inputs": [{
			"type": "TEXT"
		}],
		"formId": "generic-field-28927",
		"viewConfig": {
			"advanced": {
				"hidden": false,
				"readonly": false,
				"render": false
			},
			"size": {
				"field": "inherit",
				"label": "inherit",
				"fill": "inherit"
			},
			"layout": {
				"label": {
					"valign": "top",
					"align": "top"
				},
				"field": {
					"valign": "inherit",
					"align": "inherit"
				}
			},
			"tags": ["hidelabel"]
		},
		"children": [{
			"name": "Har du blitt testet for kjønnssykdom tidligere?",
			"localizedName": "Har du blitt testet for kjønnssykdom tidligere?",
			"rmType": "DV_CODED_TEXT",
			"nodeId": "at0014",
			"min": "0",
			"max": "1",
			"localizedNames": {
				"nb": "Tidligere testet for seksuelt overførbare sykdommer (SOI)?"
			},
			"localizedDescriptions": {
				"nb": "*"
			},
			"aqlPath": "/content[openEHR-EHR-EVALUATION.sti_summary.v1]/data[at0001]/items[at0014]/value",
			"inputs": [{
				"suffix": "code",
				"type": "CODED_TEXT",
				"list": [{
					"value": "at0034",
					"label": "Ja",
					"localizedLabels": {
						"nb": "Ja"
					},
					"localizedDescriptions": {
						"nb": "*"
					}
				},
				{
					"value": "at0035",
					"label": "Nei",
					"localizedLabels": {
						"nb": "Nei"
					},
					"localizedDescriptions": {
						"nb": "*"
					}
				},
				{
					"value": "at0036",
					"label": "Usikker",
					"localizedLabels": {
						"nb": "Usikker"
					},
					"localizedDescriptions": {
						"nb": "*"
					}
				}]
			}],
			"formId": "anamnese_og_selvregistrering/soi-sammendrag/tidligere_testet_for_seksuelt_overførbare_sykdommer_soi",
			"viewConfig": {
				"advanced": {
					"hidden": false,
					"readonly": false
				},
				"size": {
					"field": "inherit",
					"label": "inherit",
					"fill": "inherit"
				},
				"layout": {
					"label": {
						"valign": "middle",
						"align": "left"
					},
					"field": {
						"valign": "inherit",
						"align": "inherit"
					}
				},
				"tags": ["showasradios"],
				"datasource": {
					"loadRemote": false,
					"loadRemoteUrl": "",
					"terminology": ""
				},
				"field": {
					"code": {
						"presentation": "combobox",
						"columns": "4"
					}
				}
			}
		},
		{
			"name": "Har du tidligere fått påvist kjønnssykdom?",
			"localizedName": "Har du tidligere fått påvist kjønnssykdom?",
			"rmType": "DV_CODED_TEXT",
			"nodeId": "at0002",
			"min": "0",
			"max": "1",
			"localizedNames": {
				"nb": "Tidligere SOI?"
			},
			"localizedDescriptions": {
				"nb": "*"
			},
			"aqlPath": "/content[openEHR-EHR-EVALUATION.sti_summary.v1]/data[at0001]/items[at0002]/value",
			"inputs": [{
				"suffix": "code",
				"type": "CODED_TEXT",
				"list": [{
					"value": "at0003",
					"label": "Ja",
					"localizedLabels": {
						"nb": "Ja"
					},
					"localizedDescriptions": {
						"nb": "*"
					}
				},
				{
					"value": "at0004",
					"label": "Nei",
					"localizedLabels": {
						"nb": "Nei"
					},
					"localizedDescriptions": {
						"nb": "*"
					}
				},
				{
					"value": "at0005",
					"label": "Usikker",
					"localizedLabels": {
						"nb": "Usikker"
					},
					"localizedDescriptions": {
						"nb": "*"
					}
				}]
			}],
			"formId": "anamnese_og_selvregistrering/soi-sammendrag/tidligere_soi",
			"viewConfig": {
				"advanced": {
					"hidden": false,
					"readonly": false
				},
				"size": {
					"field": "inherit",
					"label": "inherit",
					"fill": "inherit"
				},
				"layout": {
					"label": {
						"valign": "middle",
						"align": "left"
					},
					"field": {
						"valign": "inherit",
						"align": "inherit"
					}
				},
				"tags": ["showasradios"],
				"datasource": {
					"loadRemote": false,
					"loadRemoteUrl": "",
					"terminology": ""
				},
				"field": {
					"code": {
						"presentation": "combobox",
						"columns": "4"
					}
				}
			}
		},
		{
			"name": "Hvilke(n) type(r) kjønnssykdom(mer) har du tidligere fått påvist?",
			"localizedName": "Hvilke(n) type(r) kjønnssykdom(mer) har du tidligere fått påvist?",
			"rmType": "DV_CODED_TEXT",
			"nodeId": "at0007",
			"min": "0",
			"max": "100",
			"localizedNames": {
				"nb": "Hvilke typer SOI?"
			},
			"localizedDescriptions": {
				"nb": "*"
			},
			"aqlPath": "/content[openEHR-EHR-EVALUATION.sti_summary.v1]/data[at0001]/items[at0007]/value",
			"inputs": [{
				"suffix": "code",
				"type": "CODED_TEXT",
				"list": [{
					"value": "CV01",
					"label": "Klamydia",
					"localizedLabels": {
						"nb": "Klamydia"
					}
				},
				{
					"value": "CV02",
					"label": "Gonoré",
					"localizedLabels": {
						"nb": "Gonoré"
					}
				},
				{
					"value": "CV03",
					"label": "Herpes",
					"localizedLabels": {
						"nb": "Herpes"
					}
				},
				{
					"value": "CV04",
					"label": "Mykoplasma",
					"localizedLabels": {
						"nb": "Mykoplasma"
					}
				},
				{
					"value": "CV05",
					"label": "Genitale vorter",
					"localizedLabels": {
						"nb": "Genitale vorter"
					}
				},
				{
					"value": "CV06",
					"label": "HIV",
					"localizedLabels": {
						"nb": "HIV"
					}
				},
				{
					"value": "CV07",
					"label": "Syfilis",
					"localizedLabels": {
						"nb": "Syfilis"
					}
				},
				{
					"value": "CV08",
					"label": "Hepatitt",
					"localizedLabels": {
						"nb": "Hepatitt"
					}
				},
				{
					"value": "CV09",
					"label": "Annen",
					"localizedLabels": {
						"nb": "Annen"
					}
				}],
				"terminology": "Olafia"
			}],
			"formId": "anamnese_og_selvregistrering/soi-sammendrag/hvilke_typer_soi",
			"viewConfig": {
				"advanced": {
					"hidden": false,
					"readonly": false
				},
				"size": {
					"field": "inherit",
					"label": "inherit",
					"fill": "inherit"
				},
				"layout": {
					"label": {
						"valign": "inherit",
						"align": "inherit"
					},
					"field": {
						"valign": "inherit",
						"align": "inherit"
					}
				},
				"tags": ["showasmulticombobox"],
				"datasource": {
					"loadRemote": true,
					"loadRemoteUrl": "Olafia",
					"terminology": ""
				},
				"field": {
					"code": {
						"presentation": "combobox",
						"columns": "4"
					}
				}
			}
		},
		{
			"name": "Antall klamydiainfeksjoner",
			"localizedName": "Antall klamydiainfeksjoner",
			"rmType": "DV_COUNT",
			"nodeId": "at0046",
			"min": "0",
			"max": "1",
			"localizedNames": {
				"nb": "Klamydia"
			},
			"localizedDescriptions": {
				"nb": "*"
			},
			"aqlPath": "/content[openEHR-EHR-EVALUATION.sti_summary.v1]/data[at0001]/items[at0046]/value",
			"inputs": [{
				"type": "INTEGER"
			}],
			"formId": "anamnese_og_selvregistrering/soi-sammendrag/klamydia",
			"viewConfig": {
				"advanced": {
					"hidden": true,
					"readonly": false
				},
				"size": {
					"field": "inherit",
					"label": "inherit",
					"fill": "inherit"
				},
				"layout": {
					"label": {
						"valign": "inherit",
						"align": "inherit"
					},
					"field": {
						"valign": "inherit",
						"align": "inherit"
					}
				},
				"tags": [],
				"datasource": {
					"loadRemote": false,
					"loadRemoteUrl": "",
					"terminology": ""
				}
			}
		},
		{
			"name": "Antall gonoréinfeksjoner",
			"localizedName": "Antall gonoréinfeksjoner",
			"rmType": "DV_COUNT",
			"nodeId": "at0047",
			"min": "0",
			"max": "1",
			"localizedNames": {
				"nb": "Gonoré"
			},
			"localizedDescriptions": {
				"nb": "*"
			},
			"aqlPath": "/content[openEHR-EHR-EVALUATION.sti_summary.v1]/data[at0001]/items[at0047]/value",
			"inputs": [{
				"type": "INTEGER"
			}],
			"formId": "anamnese_og_selvregistrering/soi-sammendrag/gonoré",
			"viewConfig": {
				"advanced": {
					"hidden": true,
					"readonly": false
				},
				"size": {
					"field": "inherit",
					"label": "inherit",
					"fill": "inherit"
				},
				"layout": {
					"label": {
						"valign": "inherit",
						"align": "inherit"
					},
					"field": {
						"valign": "inherit",
						"align": "inherit"
					}
				},
				"tags": [],
				"datasource": {
					"loadRemote": false,
					"loadRemoteUrl": "",
					"terminology": ""
				}
			}
		},
		{
			"name": "Antall mykoplasmainfeksjoner",
			"localizedName": "Antall mykoplasmainfeksjoner",
			"rmType": "DV_COUNT",
			"nodeId": "at0048",
			"min": "0",
			"max": "1",
			"localizedNames": {
				"nb": "Mykoplasma"
			},
			"localizedDescriptions": {
				"nb": "*"
			},
			"aqlPath": "/content[openEHR-EHR-EVALUATION.sti_summary.v1]/data[at0001]/items[at0048]/value",
			"inputs": [{
				"type": "INTEGER"
			}],
			"formId": "anamnese_og_selvregistrering/soi-sammendrag/mykoplasma",
			"viewConfig": {
				"advanced": {
					"hidden": true,
					"readonly": false
				},
				"size": {
					"field": "inherit",
					"label": "inherit",
					"fill": "inherit"
				},
				"layout": {
					"label": {
						"valign": "top",
						"align": "top"
					},
					"field": {
						"valign": "inherit",
						"align": "inherit"
					}
				},
				"tags": [],
				"datasource": {
					"loadRemote": false,
					"loadRemoteUrl": "",
					"terminology": ""
				}
			}
		}]
	},
	{
		"name": "Status olafia",
		"localizedName": "Status olafia",
		"rmType": "EVALUATION",
		"nodeId": "openEHR-EHR-EVALUATION.status_olafia.v1",
		"min": "0",
		"max": "100",
		"localizedNames": {
			"nb": "Status olafia"
		},
		"localizedDescriptions": {
			"nb": "unknown"
		},
		"aqlPath": "/content[openEHR-EHR-EVALUATION.status_olafia.v1]",
		"formId": "anamnese_og_selvregistrering/status_olafia",
		"viewConfig": {
			"advanced": {
				"hidden": true,
				"readonly": false,
				"render": false
			},
			"size": {
				"field": "inherit",
				"label": "inherit",
				"fill": "inherit"
			},
			"layout": {
				"label": {
					"valign": "inherit",
					"align": "inherit"
				},
				"field": {
					"valign": "inherit",
					"align": "inherit"
				}
			},
			"tags": []
		},
		"children": [{
			"name": "Status",
			"localizedName": "Status",
			"rmType": "DV_CODED_TEXT",
			"nodeId": "at0002",
			"min": 0,
			"max": 1,
			"localizedNames": {
				"nb": "Status"
			},
			"localizedDescriptions": {
				"nb": "*"
			},
			"aqlPath": "/content[openEHR-EHR-EVALUATION.status_olafia.v1]/data[at0001]/items[at0002]/value",
			"inputs": [{
				"suffix": "code",
				"type": "CODED_TEXT",
				"list": [{
					"value": "AZA",
					"label": "Selvregistrering utført",
					"localizedLabels": {
						"nb": "Selvregistrering utført"
					}
				},
				{
					"value": "AZB",
					"label": "Venter på sykepleier",
					"localizedLabels": {
						"nb": "Venter på sykepleier"
					}
				},
				{
					"value": "AZ1",
					"label": "Hos sykepleier",
					"localizedLabels": {
						"nb": "Hos sykepleier"
					}
				},
				{
					"value": "AZ2",
					"label": "Venter på lege",
					"localizedLabels": {
						"nb": "Venter på lege"
					}
				},
				{
					"value": "AZ3",
					"label": "Hos lege",
					"localizedLabels": {
						"nb": "Hos lege"
					}
				},
				{
					"value": "AZ5",
					"label": "Ferdig for dagen",
					"localizedLabels": {
						"nb": "Ferdig for dagen"
					}
				},
				{
					"value": "AZ4",
					"label": "Ferdig for dagen (Endre \"smittefarlig sykdom\")",
					"localizedLabels": {
						"nb": "Ferdig for dagen (Endre \"smittefarlig sykdom\")"
					}
				}],
				"terminology": "Olafia",
				"defaultValue": "AZA"
			}],
			"formId": "anamnese_og_selvregistrering/status_olafia/status"
		}]
	}]
}