{"formId":"form_root","name":"Form root","rmType":"FORM_DEFINITION","viewConfig":{"label":{"custom":false,"value":"","useLocalizations":false,"localizationsList":{}},"size":{"field":"inherit","label":"inherit","fill":"inherit"},"layout":{"valign":"inherit","align":"inherit"},"tags":[]},"templateLanguages":["nb"],"children":[{"name":"Glasgow Coma Scale","localizedName":"Glasgow Coma Scale","rmType":"OBSERVATION","nodeId":"openEHR-EHR-OBSERVATION.glasgow_coma_scale.v0","min":0,"max":-1,"localizedNames":{"nb":"Glasgow Coma Scale"},"localizedDescriptions":{"nb":"En femtenpoengs skala som brukes for å anslå svekkelse av bevissthetsnivå ut fra et definert stimuli. Skalaen er mer korrekt kalt Modified Glasgow Coma Scale."},"aqlPath":"/content[openEHR-EHR-OBSERVATION.glasgow_coma_scale.v0]","children":[{"name":"Åpning av øynene (Ø)","localizedName":"Åpning av øynene (Ø)","rmType":"ELEMENT","nodeId":"at0009","min":1,"max":1,"localizedNames":{"nb":"Åpning av øynene (Ø)"},"localizedDescriptions":{"nb":"Beste øyerespons ved stimuli."},"annotations":{"comment":"Vanligvis vil skår for øyerespons velges fra en av ordinalverdiene, men i tilfeller hvor øyerespons ikke kan testes, for eksempel om pasienten ikke fysisk kan åpne øynene grunnet skade, skal null-verdien \"Not Applicable\" registreres."},"aqlPath":"/content[openEHR-EHR-OBSERVATION.glasgow_coma_scale.v0]/data[at0001]/events[at0002]/data[at0003]/items[at0009]","children":[{"localizedName":"Åpning av øynene (Ø)","rmType":"DV_ORDINAL","nodeId":"","min":0,"max":1,"localizedNames":{"nb":"Åpning av øynene (Ø)"},"localizedDescriptions":{"nb":"Beste øyerespons ved stimuli."},"aqlPath":"/content[openEHR-EHR-OBSERVATION.glasgow_coma_scale.v0]/data[at0001]/events[at0002]/data[at0003]/items[at0009]/value","inputs":[{"type":"CODED_TEXT","list":[{"value":"at0010","label":"Ingen reaksjon","localizedLabels":{"nb":"Ingen reaksjon"},"localizedDescriptions":{"nb":"Øynene åpnes ikke, ingen forstyrrende faktorer som for eksempel lukkede øyne på grunn av lokal hevelse."},"ordinal":1},{"value":"at0011","label":"Ved smertestimulering","localizedLabels":{"nb":"Ved smertestimulering"},"localizedDescriptions":{"nb":"Åpner øynene etter stimulering av fingertuppen."},"ordinal":2},{"value":"at0012","label":"Ved tiltale","localizedLabels":{"nb":"Ved tiltale"},"localizedDescriptions":{"nb":"Øynene åpnes ved tiltale eller ved roping. Må ikke forveksles med vekking av en sovende person."},"ordinal":3},{"value":"at0013","label":"Spontant","localizedLabels":{"nb":"Spontant"},"localizedDescriptions":{"nb":"Øyne åpnes spontant uten stimuli."},"ordinal":4}]}],"formId":"klinisk_kontakt/glasgow_coma_scale/åpning_av_øynene_ø/value","viewConfig":{"size":{"field":"inherit","label":"inherit","fill":"inherit"},"layout":{"field":{"valign":"inherit","align":"inherit"}},"datasource":{"loadRemote":false,"loadRemoteUrl":"","terminology":""},"field":{"input":{"presentation":"combobox"}}},"defaultValue":{"value":""}}],"formId":"klinisk_kontakt/glasgow_coma_scale/åpning_av_øynene_ø","viewConfig":{"size":{"field":"inherit","label":"inherit","fill":"inherit"},"layout":{"field":{"valign":"inherit","align":"inherit"}},"field":{}}},{"name":"Verbal respons (V)","localizedName":"Verbal respons (V)","rmType":"ELEMENT","nodeId":"at0007","min":1,"max":1,"localizedNames":{"nb":"Verbal respons (V)"},"localizedDescriptions":{"nb":"Beste verbal respons på stimuli."},"annotations":{"comment":"Vanligvis vil skår for verbalrespons velges fra en av ordinalverdiene, men i tilfeller hvor verbalrespons ikke kan testes for eksempel om pasienten er intubert, skal null-verdien \"Not Applicable\" registreres."},"aqlPath":"/content[openEHR-EHR-OBSERVATION.glasgow_coma_scale.v0]/data[at0001]/events[at0002]/data[at0003]/items[at0007]","children":[{"localizedName":"Verbal respons (V)","rmType":"DV_ORDINAL","nodeId":"","min":0,"max":1,"localizedNames":{"nb":"Verbal respons (V)"},"localizedDescriptions":{"nb":"Beste verbal respons på stimuli."},"aqlPath":"/content[openEHR-EHR-OBSERVATION.glasgow_coma_scale.v0]/data[at0001]/events[at0002]/data[at0003]/items[at0007]/value","inputs":[{"type":"CODED_TEXT","list":[{"value":"at0014","label":"Ingen reaksjon","localizedLabels":{"nb":"Ingen reaksjon"},"localizedDescriptions":{"nb":"Ingen hørbar respons og ingen forstyrrende faktorer, som for eksempel intubasjon eller døvhet."},"ordinal":1},{"value":"at0015","label":"Uforståelige lyder","localizedLabels":{"nb":"Uforståelige lyder"},"localizedDescriptions":{"nb":"Bare stønning/jamring."},"ordinal":2},{"value":"at0016","label":"Usammenhengende tale","localizedLabels":{"nb":"Usammenhengende tale"},"localizedDescriptions":{"nb":"Forståelige enkeltord."},"ordinal":3},{"value":"at0017","label":"Forvirret, desorientert","localizedLabels":{"nb":"Forvirret, desorientert"},"localizedDescriptions":{"nb":"Ikke orientert men kommunisererer sammenhengende."},"ordinal":4},{"value":"at0018","label":"Orientert","localizedLabels":{"nb":"Orientert"},"localizedDescriptions":{"nb":"Oppgir riktig navn, sted og dato."},"ordinal":5}]}],"formId":"klinisk_kontakt/glasgow_coma_scale/verbal_respons_v/value","viewConfig":{"size":{"field":"inherit","label":"inherit","fill":"inherit"},"layout":{"field":{"valign":"inherit","align":"inherit"}},"datasource":{"loadRemote":false,"loadRemoteUrl":"","terminology":""},"field":{"input":{"presentation":"combobox"}}},"defaultValue":{"value":""}}],"formId":"klinisk_kontakt/glasgow_coma_scale/verbal_respons_v","viewConfig":{"size":{"field":"inherit","label":"inherit","fill":"inherit"},"layout":{"field":{"valign":"inherit","align":"inherit"}},"field":{}}},{"name":"Motorisk respons (M)","localizedName":"Motorisk respons (M)","rmType":"ELEMENT","nodeId":"at0008","min":1,"max":1,"localizedNames":{"nb":"Motorisk respons (M)"},"localizedDescriptions":{"nb":"Beste motoriske respons på stimuli."},"annotations":{"comment":"Vanligvis vil skår for motorisk respons velges fra en av ordinalverdiene, men i tilfeller hvor en respons ikke kan testes for eksempel om pasienten ikke kan bevege lemmene som følge av skade eller lammelse skal null-verdien \"Not Applicable\" registreres."},"aqlPath":"/content[openEHR-EHR-OBSERVATION.glasgow_coma_scale.v0]/data[at0001]/events[at0002]/data[at0003]/items[at0008]","children":[{"localizedName":"Motorisk respons (M)","rmType":"DV_ORDINAL","nodeId":"","min":0,"max":1,"localizedNames":{"nb":"Motorisk respons (M)"},"localizedDescriptions":{"nb":"Beste motoriske respons på stimuli."},"aqlPath":"/content[openEHR-EHR-OBSERVATION.glasgow_coma_scale.v0]/data[at0001]/events[at0002]/data[at0003]/items[at0008]/value","inputs":[{"type":"CODED_TEXT","list":[{"value":"at0019","label":"Ingen reaksjon","localizedLabels":{"nb":"Ingen reaksjon"},"localizedDescriptions":{"nb":"Ingen bevegelse i armer/bein, ingen forstyrrende faktorer som for eksempel lammelser."},"ordinal":1},{"value":"at0020","label":"Ekstensjon ved smerte","localizedLabels":{"nb":"Ekstensjon ved smerte"},"localizedDescriptions":{"nb":"Decerebrert ekstensjon av armer og/eller bein som respons på stimuli. For eksempel kan armen ekstenderes ved albuen."},"ordinal":2},{"value":"at0021","label":"Abnormal fleksjon","localizedLabels":{"nb":"Abnormal fleksjon"},"localizedDescriptions":{"nb":"Sakte, decortikert fleksjon av armer og/eller bein. For eksempel kan armen bøyes ved albuen, men trekkene er hovedsakelig abnormale."},"ordinal":3},{"value":"at0022","label":"Normal fleksjon","localizedLabels":{"nb":"Normal fleksjon"},"localizedDescriptions":{"nb":"Hurtig fleksjon som respons på stimuli, men trekkene er hovedsakelig normale. For eksempel kan håndleddet bøyes når det utføres supraorbitalt trykk, eller lemmet trekkes til seg ved trykk på negleroten."},"ordinal":4},{"value":"at0023","label":"Lokaliserer smerte","localizedLabels":{"nb":"Lokaliserer smerte"},"localizedDescriptions":{"nb":"Målrettet fleksjon mot smertestimuli. For eksempel kan hånden løftes til over kragebeinet når det utføres supraorbitalt trykk."},"ordinal":5},{"value":"at0024","label":"Følger oppfordringer","localizedLabels":{"nb":"Følger oppfordringer"},"localizedDescriptions":{"nb":"Følger verbal oppfordring for bevegelse."},"ordinal":6}]}],"formId":"klinisk_kontakt/glasgow_coma_scale/motorisk_respons_m/value","viewConfig":{"size":{"field":"inherit","label":"inherit","fill":"inherit"},"layout":{"field":{"valign":"inherit","align":"inherit"}},"datasource":{"loadRemote":false,"loadRemoteUrl":"","terminology":""},"field":{"input":{"presentation":"combobox"}}},"defaultValue":{"value":""}}],"formId":"klinisk_kontakt/glasgow_coma_scale/motorisk_respons_m","viewConfig":{"size":{"field":"inherit","label":"inherit","fill":"inherit"},"layout":{"field":{"valign":"inherit","align":"inherit"}},"field":{}}},{"name":"Totalskår","localizedName":"Totalskår","rmType":"DV_COUNT","nodeId":"at0026","min":0,"max":1,"localizedNames":{"nb":"Totalskår"},"localizedDescriptions":{"nb":"Sum av ordinalene registrert for hver enkelt av de tre komponentene."},"annotations":{"comment":"Totalskåren kan regnes ut ved å summere de tre responselementene. Totalskår skal ikke regnes ut når en eller flere komponenter ikke er testbare, fordi skåren da vil bli kunstig lav. I disse situasjonene skal ØVM-profilen registreres."},"aqlPath":"/content[openEHR-EHR-OBSERVATION.glasgow_coma_scale.v0]/data[at0001]/events[at0002]/data[at0003]/items[at0026]/value","inputs":[{"type":"INTEGER","validation":{"range":{"minOp":">=","min":3,"maxOp":"<=","max":15}}}],"formId":"klinisk_kontakt/glasgow_coma_scale/totalskår","viewConfig":{"size":{"field":"inherit","label":"inherit","fill":"inherit"},"layout":{"field":{"valign":"inherit","align":"inherit"}},"datasource":{"loadRemote":false,"loadRemoteUrl":"","terminology":""},"field":{}}},{"name":"Time","rmType":"DV_DATE_TIME","min":1,"max":1,"aqlPath":"/content[openEHR-EHR-OBSERVATION.glasgow_coma_scale.v0]/data[at0001]/events[at0002]/time","inputs":[{"type":"DATETIME"}],"inContext":true,"fid":"klinisk_kontakt/glasgow_coma_scale/time","formId":"klinisk_kontakt/glasgow_coma_scale/time","viewConfig":{"label":{"custom":false,"value":"","useLocalizations":false,"localizationsList":{}},"advanced":{"hidden":false,"readonly":false},"multiplicity":{"min":"1","max":"1"},"size":{"field":"inherit","label":"inherit","fill":"inherit"},"layout":{"label":{"valign":"inherit","align":"inherit"},"field":{"valign":"inherit","align":"inherit"}},"datasource":{"loadRemote":false,"loadRemoteUrl":"","terminology":""},"tags":[],"field":{"input":{"dateFormat":"","hideDate":false,"hideTime":false}}},"defaultValue":{"value":""}}],"fid":"klinisk_kontakt/glasgow_coma_scale","formId":"klinisk_kontakt/glasgow_coma_scale","viewConfig":{"size":{"field":"inherit","label":"inherit","fill":"inherit"},"layout":{"label":{"valign":"inherit","align":"inherit"},"field":{"valign":"inherit","align":"inherit"}},"field":{},"label":{"custom":false,"value":"","useLocalizations":false,"localizationsList":{}},"advanced":{"hidden":false,"readonly":false,"render":false},"multiplicity":{"min":"1","max":"1"},"tags":[]}}]}