[{"col":1,"row":1,"width":12,"height":18,"children":[{"id":"klinisk_kontakt/glasgow_coma_scale","rows":[{"cols":[{"width":"100%","children":[{"id":"klinisk_kontakt/glasgow_coma_scale/åpning_av_øynene_ø","rows":[{"cols":[{"width":"100%","children":[{"id":"klinisk_kontakt/glasgow_coma_scale/åpning_av_øynene_ø/value"}]}]}]},{"id":"klinisk_kontakt/glasgow_coma_scale/verbal_respons_v","rows":[{"cols":[{"width":"100%","children":[{"id":"klinisk_kontakt/glasgow_coma_scale/verbal_respons_v/value"}]}]}]},{"id":"klinisk_kontakt/glasgow_coma_scale/motorisk_respons_m","rows":[{"cols":[{"width":"100%","children":[{"id":"klinisk_kontakt/glasgow_coma_scale/motorisk_respons_m/value"}]}]}]},{"id":"klinisk_kontakt/glasgow_coma_scale/totalskår"},{"id":"klinisk_kontakt/glasgow_coma_scale/time"}]}]}]}]}]