[{"field":"anestesivurdering/anestesisykepleier@Anestesisykepleier/vurdering_av_anestesisykepleier@Vurdering av anestesisykepleier/resultat","conditions":[{"operator":"empty","actions":[{"action":"set","target":"anestesivurdering/anestesisykepleier@Anestesisykepleier/vurdering_av_anestesisykepleier@Vurdering av anestesisykepleier/ism_transition/current_state","value":{"code":"245"}},{"action":"set","target":"anestesivurdering/anestesisykepleier@Anestesisykepleier/vurdering_av_anestesisykepleier@Vurdering av anestesisykepleier/ism_transition/careflow_step","value":{"code":"at0068"}},{"action":"set","target":"anestesivurdering/anestesisykepleier@Anestesisykepleier/vurdering_av_anestesisykepleier@Vurdering av anestesisykepleier/prosedyrenavn","value":{"code":"83874006"}},{"action":"hide","target":"anestesivurdering/anestesisykepleier@Anestesisykepleier/vurdering_av_anestesisykepleier@Vurdering av anestesisykepleier/kommentar"},{"action":"clear","target":"anestesivurdering/anestesisykepleier@Anestesisykepleier/vurdering_av_anestesisykepleier@Vurdering av anestesisykepleier/kommentar"}]},{"operator":"notempty","actions":[{"action":"set","target":"anestesivurdering/anestesisykepleier@Anestesisykepleier/vurdering_av_anestesisykepleier@Vurdering av anestesisykepleier/ism_transition/current_state","value":{"code":"532"}},{"action":"set","target":"anestesivurdering/anestesisykepleier@Anestesisykepleier/vurdering_av_anestesisykepleier@Vurdering av anestesisykepleier/ism_transition/careflow_step","value":{"code":"at0043"}},{"action":"set","target":"anestesivurdering/anestesisykepleier@Anestesisykepleier/vurdering_av_anestesisykepleier@Vurdering av anestesisykepleier/prosedyrenavn","value":{"code":"83874006"}},{"action":"show","target":"anestesivurdering/anestesisykepleier@Anestesisykepleier/vurdering_av_anestesisykepleier@Vurdering av anestesisykepleier/kommentar"}]}]},{"field":"anestesivurdering/anestesilege@Anestesilege/vurdering_av_anestesilege@Vurdering av anestesilege/resultat","conditions":[{"operator":"empty","actions":[{"action":"set","target":"anestesivurdering/anestesilege@Anestesilege/vurdering_av_anestesilege@Vurdering av anestesilege/ism_transition/current_state","value":{"code":"245"}},{"action":"set","target":"anestesivurdering/anestesilege@Anestesilege/vurdering_av_anestesilege@Vurdering av anestesilege/ism_transition/careflow_step","value":{"code":"at0068"}},{"action":"set","target":"anestesivurdering/anestesilege@Anestesilege/vurdering_av_anestesilege@Vurdering av anestesilege/prosedyrenavn","value":{"code":"83874006"}},{"action":"hide","target":"anestesivurdering/anestesilege@Anestesilege/vurdering_av_anestesilege@Vurdering av anestesilege/kommentar"},{"action":"clear","target":"anestesivurdering/anestesilege@Anestesilege/vurdering_av_anestesilege@Vurdering av anestesilege/kommentar"}]},{"operator":"notempty","actions":[{"action":"set","target":"anestesivurdering/anestesilege@Anestesilege/vurdering_av_anestesilege@Vurdering av anestesilege/ism_transition/current_state","value":{"code":"532"}},{"action":"set","target":"anestesivurdering/anestesilege@Anestesilege/vurdering_av_anestesilege@Vurdering av anestesilege/ism_transition/careflow_step","value":{"code":"at0043"}},{"action":"set","target":"anestesivurdering/anestesilege@Anestesilege/vurdering_av_anestesilege@Vurdering av anestesilege/prosedyrenavn","value":{"code":"83874006"}},{"action":"show","target":"anestesivurdering/anestesilege@Anestesilege/vurdering_av_anestesilege@Vurdering av anestesilege/kommentar"}]}]},{"field":"anestesivurdering/hovedprosedyre@Hovedprosedyre/rekvirering/prosedyrenavn","conditions":[{"operator":"equals","value":{"value":"Sample data 001","code":"Code001"},"actions":[{"action":"show","target":"anestesivurdering/hovedprosedyre@Hovedprosedyre/rekvirering/prosedyredetaljer"},{"action":"setOccurrences","target":"anestesivurdering/hovedprosedyre@Hovedprosedyre/rekvirering/prosedyredetaljer","value":{"value":"1..1"}},{"action":"setOccurrences","target":"anestesivurdering/hovedprosedyre@Hovedprosedyre/rekvirering/prosedyredetaljer/prosedyrenavn","value":{"value":"1..1"}}]},{"operator":"notequals","value":{"value":"Sample data 001","code":"Code001"},"actions":[{"action":"hide","target":"anestesivurdering/hovedprosedyre@Hovedprosedyre/rekvirering/prosedyredetaljer"},{"action":"clear","target":"anestesivurdering/hovedprosedyre@Hovedprosedyre/rekvirering/prosedyredetaljer"},{"action":"setOccurrences","target":"anestesivurdering/hovedprosedyre@Hovedprosedyre/rekvirering/prosedyredetaljer","value":{"value":"0..1"}},{"action":"setOccurrences","target":"anestesivurdering/hovedprosedyre@Hovedprosedyre/rekvirering/prosedyredetaljer/prosedyrenavn","value":{"value":"0..1"}}]}]},{"field":"anestesivurdering/andre_anestesitype@Andre anestesitype/rekvirering/prosedyrenavn","conditions":[{"operator":"notempty","actions":[{"action":"set","target":"anestesivurdering/andre_anestesitype@Andre anestesitype/rekvirering/prosedyretype","value":{"code":"399248000"}},{"action":"set","target":"anestesivurdering/andre_anestesitype@Andre anestesitype/rekvirering/prosedyredetaljer/prosedyretype","value":{"code":"262134003"}}]},{"operator":"empty","actions":[{"action":"clear","target":"anestesivurdering/andre_anestesitype@Andre anestesitype/rekvirering/prosedyretype"},{"action":"clear","target":"anestesivurdering/andre_anestesitype@Andre anestesitype/rekvirering/prosedyredetaljer/prosedyretype"}]}]},{"field":"anestesivurdering/tredje_anestesitype@Tredje anestesitype/rekvirering/prosedyrenavn","conditions":[{"operator":"notempty","actions":[{"action":"set","target":"anestesivurdering/tredje_anestesitype@Tredje anestesitype/rekvirering/prosedyretype","value":{"code":"399248000"}},{"action":"set","target":"anestesivurdering/tredje_anestesitype@Tredje anestesitype/rekvirering/prosedyredetaljer/prosedyretype","value":{"code":"262134003"}}]},{"operator":"empty","actions":[{"action":"clear","target":"anestesivurdering/tredje_anestesitype@Tredje anestesitype/rekvirering/prosedyretype"},{"action":"clear","target":"anestesivurdering/tredje_anestesitype@Tredje anestesitype/rekvirering/prosedyredetaljer/prosedyretype"}]}]},{"field":"anestesivurdering/andre_anestesitype@Andre anestesitype/rekvirering/prosedyrenavn","conditions":[{"operator":"equals","value":{"value":"L Annen ledning","code":"L"},"actions":[{"action":"show","target":"anestesivurdering/andre_anestesitype@Andre anestesitype/rekvirering/prosedyredetaljer"},{"action":"setOccurrences","target":"anestesivurdering/andre_anestesitype@Andre anestesitype/rekvirering/prosedyredetaljer","value":{"value":"1..1"}},{"action":"setOccurrences","target":"anestesivurdering/andre_anestesitype@Andre anestesitype/rekvirering/prosedyredetaljer/prosedyrenavn","value":{"value":"1..1"}}]},{"operator":"notequals","value":{"value":"L Annen ledning","code":"L"},"actions":[{"action":"hide","target":"anestesivurdering/andre_anestesitype@Andre anestesitype/rekvirering/prosedyredetaljer"},{"action":"clear","target":"anestesivurdering/andre_anestesitype@Andre anestesitype/rekvirering/prosedyredetaljer"},{"action":"setOccurrences","target":"anestesivurdering/andre_anestesitype@Andre anestesitype/rekvirering/prosedyredetaljer","value":{"value":"0..1"}},{"action":"setOccurrences","target":"anestesivurdering/andre_anestesitype@Andre anestesitype/rekvirering/prosedyredetaljer/prosedyrenavn","value":{"value":"0..1"}}]}]},{"field":"anestesivurdering/tredje_anestesitype@Tredje anestesitype/rekvirering/prosedyrenavn","conditions":[{"operator":"equals","value":{"value":"L Annen ledning","code":"L"},"actions":[{"action":"show","target":"anestesivurdering/tredje_anestesitype@Tredje anestesitype/rekvirering/prosedyredetaljer"},{"action":"setOccurrences","target":"anestesivurdering/tredje_anestesitype@Tredje anestesitype/rekvirering/prosedyredetaljer","value":{"value":"1..1"}},{"action":"setOccurrences","target":"anestesivurdering/tredje_anestesitype@Tredje anestesitype/rekvirering/prosedyredetaljer/prosedyrenavn","value":{"value":"1..1"}}]},{"operator":"notequals","value":{"value":"L Annen ledning","code":"L"},"actions":[{"action":"hide","target":"anestesivurdering/tredje_anestesitype@Tredje anestesitype/rekvirering/prosedyredetaljer"},{"action":"clear","target":"anestesivurdering/tredje_anestesitype@Tredje anestesitype/rekvirering/prosedyredetaljer"},{"action":"setOccurrences","target":"anestesivurdering/tredje_anestesitype@Tredje anestesitype/rekvirering/prosedyredetaljer","value":{"value":"0..1"}},{"action":"setOccurrences","target":"anestesivurdering/tredje_anestesitype@Tredje anestesitype/rekvirering/prosedyredetaljer/prosedyrenavn","value":{"value":"0..1"}}]}]},{"field":"anestesivurdering/fjerde_anestesitype@Fjerde anestesitype/rekvirering/prosedyrenavn","conditions":[{"operator":"notempty","actions":[{"action":"set","target":"anestesivurdering/fjerde_anestesitype@Fjerde anestesitype/rekvirering/prosedyretype","value":{"code":"399248000"}},{"action":"set","target":"anestesivurdering/fjerde_anestesitype@Fjerde anestesitype/rekvirering/prosedyredetaljer/prosedyretype","value":{"code":"262134003"}}]},{"operator":"empty","actions":[{"action":"clear","target":"anestesivurdering/fjerde_anestesitype@Fjerde anestesitype/rekvirering/prosedyretype"},{"action":"clear","target":"anestesivurdering/fjerde_anestesitype@Fjerde anestesitype/rekvirering/prosedyredetaljer/prosedyretype"}]}]},{"field":"anestesivurdering/fjerde_anestesitype@Fjerde anestesitype/rekvirering/prosedyrenavn","conditions":[{"operator":"equals","value":{"value":"L Annen ledning","code":"L"},"actions":[{"action":"show","target":"anestesivurdering/fjerde_anestesitype@Fjerde anestesitype/rekvirering/prosedyredetaljer"},{"action":"setOccurrences","target":"anestesivurdering/fjerde_anestesitype@Fjerde anestesitype/rekvirering/prosedyredetaljer","value":{"value":"1..1"}},{"action":"setOccurrences","target":"anestesivurdering/fjerde_anestesitype@Fjerde anestesitype/rekvirering/prosedyredetaljer/prosedyrenavn","value":{"value":"1..1"}}]},{"operator":"notequals","value":{"value":"L Annen ledning","code":"L"},"actions":[{"action":"hide","target":"anestesivurdering/fjerde_anestesitype@Fjerde anestesitype/rekvirering/prosedyredetaljer"},{"action":"clear","target":"anestesivurdering/fjerde_anestesitype@Fjerde anestesitype/rekvirering/prosedyredetaljer"},{"action":"setOccurrences","target":"anestesivurdering/fjerde_anestesitype@Fjerde anestesitype/rekvirering/prosedyredetaljer","value":{"value":"0..1"}},{"action":"setOccurrences","target":"anestesivurdering/fjerde_anestesitype@Fjerde anestesitype/rekvirering/prosedyredetaljer/prosedyrenavn","value":{"value":"0..1"}}]}]},{"field":"anestesivurdering/femte_anestesitype@Femte anestesitype/rekvirering/prosedyrenavn","conditions":[{"operator":"notempty","actions":[{"action":"set","target":"anestesivurdering/femte_anestesitype@Femte anestesitype/rekvirering/prosedyretype","value":{"code":"399248000"}},{"action":"set","target":"anestesivurdering/femte_anestesitype@Femte anestesitype/rekvirering/prosedyredetaljer/prosedyretype","value":{"code":"262134003"}}]},{"operator":"empty","actions":[{"action":"clear","target":"anestesivurdering/femte_anestesitype@Femte anestesitype/rekvirering/prosedyretype"},{"action":"clear","target":"anestesivurdering/femte_anestesitype@Femte anestesitype/rekvirering/prosedyredetaljer/prosedyretype"}]}]},{"field":"anestesivurdering/femte_anestesitype@Femte anestesitype/rekvirering/prosedyrenavn","conditions":[{"operator":"equals","value":{"value":"L Annen ledning","code":"L"},"actions":[{"action":"show","target":"anestesivurdering/femte_anestesitype@Femte anestesitype/rekvirering/prosedyredetaljer"},{"action":"setOccurrences","target":"anestesivurdering/femte_anestesitype@Femte anestesitype/rekvirering/prosedyredetaljer","value":{"value":"1..1"}},{"action":"setOccurrences","target":"anestesivurdering/femte_anestesitype@Femte anestesitype/rekvirering/prosedyredetaljer/prosedyrenavn","value":{"value":"1..1"}}]},{"operator":"notequals","value":{"value":"L Annen ledning","code":"L"},"actions":[{"action":"hide","target":"anestesivurdering/femte_anestesitype@Femte anestesitype/rekvirering/prosedyredetaljer"},{"action":"clear","target":"anestesivurdering/femte_anestesitype@Femte anestesitype/rekvirering/prosedyredetaljer"},{"action":"setOccurrences","target":"anestesivurdering/femte_anestesitype@Femte anestesitype/rekvirering/prosedyredetaljer","value":{"value":"0..1"}},{"action":"setOccurrences","target":"anestesivurdering/femte_anestesitype@Femte anestesitype/rekvirering/prosedyredetaljer/prosedyrenavn","value":{"value":"0..1"}}]}]}]