[{"field":"vte_screening/screening_for_tromboserisiko/any_event/innledende_screening/type_pasient","conditions":[{"operator":"equals","value":{"code":"at0096"},"actions":[{"action":"hide","target":"vte_screening/screening_for_tromboserisiko/any_event/tromsboserisiko/pasientrelatert"},{"action":"clear","target":"vte_screening/screening_for_tromboserisiko/any_event/tromsboserisiko/pasientrelatert"},{"action":"hide","target":"vte_screening/screening_for_tromboserisiko/any_event/tromsboserisiko/innleggelsesrelatert"},{"action":"clear","target":"vte_screening/screening_for_tromboserisiko/any_event/tromsboserisiko/innleggelsesrelatert"},{"action":"hide","target":"vte_screening/screening_for_tromboserisiko/any_event/blødningsrisiko/pasientrelatert"},{"action":"clear","target":"vte_screening/screening_for_tromboserisiko/any_event/blødningsrisiko/pasientrelatert"},{"action":"hide","target":"vte_screening/screening_for_tromboserisiko/any_event/blødningsrisiko/innleggelsesrelatert"},{"action":"clear","target":"vte_screening/screening_for_tromboserisiko/any_event/blødningsrisiko/innleggelsesrelatert"}]},{"operator":"equals","value":{"code":"at0095"},"actions":[{"action":"show","target":"vte_screening/screening_for_tromboserisiko/any_event/tromsboserisiko/pasientrelatert"},{"action":"show","target":"vte_screening/screening_for_tromboserisiko/any_event/tromsboserisiko/innleggelsesrelatert"},{"action":"show","target":"vte_screening/screening_for_tromboserisiko/any_event/blødningsrisiko/pasientrelatert"},{"action":"show","target":"vte_screening/screening_for_tromboserisiko/any_event/blødningsrisiko/innleggelsesrelatert"}]},{"operator":"equals","value":{"code":"at0094"},"actions":[{"action":"show","target":"vte_screening/screening_for_tromboserisiko/any_event/tromsboserisiko/pasientrelatert"},{"action":"show","target":"vte_screening/screening_for_tromboserisiko/any_event/tromsboserisiko/innleggelsesrelatert"},{"action":"show","target":"vte_screening/screening_for_tromboserisiko/any_event/blødningsrisiko/pasientrelatert"},{"action":"show","target":"vte_screening/screening_for_tromboserisiko/any_event/blødningsrisiko/innleggelsesrelatert"}]},{"operator":"empty","actions":[{"action":"hide","target":"vte_screening/screening_for_tromboserisiko/any_event/tromsboserisiko/pasientrelatert"},{"action":"clear","target":"vte_screening/screening_for_tromboserisiko/any_event/tromsboserisiko/pasientrelatert"},{"action":"hide","target":"vte_screening/screening_for_tromboserisiko/any_event/tromsboserisiko/innleggelsesrelatert"},{"action":"clear","target":"vte_screening/screening_for_tromboserisiko/any_event/tromsboserisiko/innleggelsesrelatert"},{"action":"hide","target":"vte_screening/screening_for_tromboserisiko/any_event/blødningsrisiko/pasientrelatert"},{"action":"clear","target":"vte_screening/screening_for_tromboserisiko/any_event/blødningsrisiko/pasientrelatert"},{"action":"hide","target":"vte_screening/screening_for_tromboserisiko/any_event/blødningsrisiko/innleggelsesrelatert"},{"action":"clear","target":"vte_screening/screening_for_tromboserisiko/any_event/blødningsrisiko/innleggelsesrelatert"}]}]}]