{"formId":"form_root","name":"Form root","rmType":"FORM_DEFINITION","viewConfig":{"label":{"custom":false,"value":"","useLocalizations":true,"localizationsList":{"nb":"E resept status"}},"size":{"field":"inherit","label":"inherit","fill":"inherit"},"layout":{"label":{"valign":"inherit","align":"top"},"field":{"valign":"inherit","align":"inherit"}},"tags":[],"annotations":{"reuseComposition":"select c from composition c contains observation e[openEHR-EHR-OBSERVATION.e_resept_status.v0] where c/archetype_details/template_id/value = 'HV E resept status' order by c/context/start_time/value desc fetch 1?scope=episodeofcare"}},"language":"nb","templateLanguages":["nb"],"children":[{"name":"E-resept status","localizedName":"E-resept status","rmType":"DV_CODED_TEXT","nodeId":"at0004","min":"0","max":"1","localizedNames":{"nb":"E-resept status"},"localizedDescriptions":{"nb":"*"},"aqlPath":"/content[openEHR-EHR-OBSERVATION.e_resept_status.v0]/data[at0001]/events[at0002]/data[at0003]/items[at0004]/value","inputs":[{"suffix":"code","type":"CODED_TEXT","list":[{"value":"at0005","label":"Ja","localizedLabels":{"nb":"Ja"},"localizedDescriptions":{"nb":"Har E-resept"}},{"value":"at0006","label":"Nei","localizedLabels":{"nb":"Nei"},"localizedDescriptions":{"nb":"Har ikke E-resept"}},{"value":"at0007","label":"Vet ikke","localizedLabels":{"nb":"Vet ikke"},"localizedDescriptions":{"nb":"Ukjent om E-resept foreligger"}}]}],"formId":"e_resept_status/e_resept_status/e-resept_status","viewConfig":{"annotations":{"select":"{#eresept:/data[at0001]/events[at0002]/data[at0003]/items[at0004]/value}"},"advanced":{"hidden":false,"readonly":false},"size":{"field":"inherit","label":"inherit","fill":"inherit"},"layout":{"label":{"valign":"inherit","align":"inherit"},"field":{"valign":"inherit","align":"inherit"}},"tags":[],"datasource":{"loadRemote":false,"loadRemoteUrl":"","terminology":""},"field":{"code":{"presentation":"combobox"}}}}]}