{"name":"Form root","localizedNames":{},"localizedDescriptions":{},"rmType":"FORM_DEFINITION","min":0,"max":0,"formId":"form_root","viewConfig":{"label":{"custom":false,"useLocalizations":false},"size":{"field":"inherit","label":"inherit"},"layout":{"label":{"valign":"inherit","align":"inherit"},"field":{"valign":"inherit","align":"inherit"}},"annotations":{}},"children":[{"name":"Klinisk kontakt","localizedName":"Klinisk kontakt","localizedNames":{"en":"*Klinisk kontakt (nb)","nb":"Klinisk kontakt"},"localizedDescriptions":{"nb":"Interaksjon, kontakt eller omsorgshendelse mellom et individ og helsepersonell.","en":"*Interaksjon, kontakt eller omsorgshendelse mellom et individ og helsepersonell. (nb)"},"rmType":"COMPOSITION","nodeId":"openEHR-EHR-COMPOSITION.encounter.v1","min":1,"max":1,"aqlPath":"/","inputs":[],"formId":"klinisk_kontakt","viewConfig":{"multiplicity":{"min":1,"max":1},"advanced":{"hidden":false,"readonly":false,"hideFrame":false,"render":false},"label":{"custom":false,"useLocalizations":false},"size":{"field":"inherit","label":"-1"},"layout":{"label":{"valign":"inherit","align":"inherit"},"field":{"valign":"inherit","align":"inherit"}},"annotations":{},"field":{},"tags":["HideLabel"]},"children":[{"name":"Start time","localizedName":"Start time","localizedNames":{"en":"*Start time (en)","nb":"Start time"},"localizedDescriptions":{},"rmType":"DV_DATE_TIME","min":0,"max":1,"aqlPath":"/context/start_time","inputs":[{"type":"DATETIME","listOpen":false}],"formId":"klinisk_kontakt/start_time","viewConfig":{"multiplicity":{"min":0,"max":1},"advanced":{"hidden":true,"readonly":false,"hideFrame":false,"render":false},"label":{"custom":false,"useLocalizations":false},"size":{"field":"inherit","label":"inherit"},"layout":{"label":{"valign":"inherit","align":"inherit"},"field":{"valign":"inherit","align":"inherit"}},"annotations":{"calc":"timeset"},"field":{"input":{"hideTime":false,"dateFormat":"","hideDate":false}}}},{"name":"STRATIFY","localizedName":"Fallrisiko","localizedNames":{"en":"*Fallrisiko (nb)","nb":"Fallrisiko"},"localizedDescriptions":{"nb":"Vurderingsverktøy for identifisering av fallrisiko hos eldre pasienter på sykehus eller andre heldøgnsinstitusjoner. Denne versjonen er basert på den modifiserte norske oversettelsen som er tatt i bruk av det nasjonale pasientsikkerhetsprogrammet.","en":"*Vurderingsverktøy for identifisering av fallrisiko hos eldre pasienter på sykehus eller andre heldøgnsinstitusjoner. Denne versjonen er basert på den modifiserte norske oversettelsen som er tatt i bruk av det nasjonale pasientsikkerhetsprogrammet. (nb)"},"rmType":"OBSERVATION","nodeId":"openEHR-EHR-OBSERVATION.stratify_no.v1","min":1,"max":1,"aqlPath":"/content[openEHR-EHR-OBSERVATION.stratify_no.v1]","inputs":[],"formId":"klinisk_kontakt/stratify","viewConfig":{"multiplicity":{"min":1,"max":1},"advanced":{"hidden":false,"readonly":false,"hideFrame":false,"render":false},"label":{"custom":false,"useLocalizations":false},"size":{"field":"inherit","label":"inherit"},"layout":{"label":{"valign":"inherit","align":"inherit"},"field":{"valign":"inherit","align":"inherit"}},"annotations":{},"field":{}},"children":[{"name":"Origin","localizedName":"Tidspunkt for scoring","localizedNames":{"en":"*Origin (en)","nb":"Tidspunkt for scoring"},"localizedDescriptions":{},"rmType":"DV_DATE_TIME","min":0,"max":1,"aqlPath":"/content[openEHR-EHR-OBSERVATION.stratify_no.v1]/data[at0001]/origin","inputs":[{"type":"DATETIME","listOpen":false}],"formId":"klinisk_kontakt/stratify/event_series/origin","viewConfig":{"multiplicity":{"min":0,"max":1},"advanced":{"hidden":false,"readonly":false,"hideFrame":false,"render":false},"label":{"custom":false,"useLocalizations":false},"size":{"field":"inherit","label":"inherit"},"layout":{"label":{"valign":"inherit","align":"inherit"},"field":{"valign":"inherit","align":"inherit"}},"annotations":{"templateVariable":"[sys.now]","calcId":"timeset"},"field":{"input":{"hideTime":false,"dateFormat":"","hideDate":false}}}},{"name":"Uspesifisert hendelse","localizedName":"Vurdering","localizedNames":{"en":"*Vurdering (nb)","nb":"Vurdering"},"localizedDescriptions":{"nb":"Standard, uspesifisert tidspunkt eller tidsintervall som kan defineres mer eksplisitt i en template eller i en applikasjon.","en":"*Standard, uspesifisert tidspunkt eller tidsintervall som kan defineres mer eksplisitt i en template eller i en applikasjon. (nb)"},"rmType":"POINT_EVENT","nodeId":"at0002","min":1,"max":1,"aqlPath":"/content[openEHR-EHR-OBSERVATION.stratify_no.v1]/data[at0001]/events[at0002]","inputs":[],"formId":"klinisk_kontakt/stratify/uspesifisert_hendelse","viewConfig":{"multiplicity":{"min":1,"max":1},"advanced":{"hidden":false,"readonly":false,"hideFrame":false,"render":false},"label":{"custom":false,"useLocalizations":false},"size":{"field":"large","label":"1"},"layout":{"label":{"valign":"middle","align":"left"},"field":{"valign":"middle","align":"right"}},"annotations":{}},"children":[{"name":"Fall de siste tre måneder","localizedName":"Fall de siste tre måneder","localizedNames":{"en":"*Fall de siste tre måneder (nb)","nb":"Fall de siste tre måneder"},"localizedDescriptions":{"nb":"Har pasient hatt noen fall i de siste 3 månedene?","en":"*Har pasient hatt noen fall i de siste 3 månedene? (nb)"},"rmType":"DV_ORDINAL","nodeId":"at0004","min":1,"max":1,"aqlPath":"/content[openEHR-EHR-OBSERVATION.stratify_no.v1]/data[at0001]/events[at0002]/data[at0003]/items[at0004]/value","inputs":[{"type":"CODED_TEXT","list":[{"value":"at0011","label":"Nei","ordinal":0,"localizedLabels":{"nb":"Nei","en":"*Nei (nb)"},"localizedDescriptions":{"nb":"Pasienten har ikke hatt noen fall siste 3 måneder.","en":"*Pasienten har ikke hatt noen fall siste 3 måneder. (nb)"}},{"value":"at0012","label":"Ja","ordinal":1,"localizedLabels":{"nb":"Ja","en":"*Ja (nb)"},"localizedDescriptions":{"nb":"Pasienten har hatt fall siste 3 måneder.","en":"*Pasienten har hatt fall siste 3 måneder. (nb)"}}],"listOpen":false}],"formId":"klinisk_kontakt/stratify/uspesifisert_hendelse/fall_de_siste_tre_måneder","viewConfig":{"multiplicity":{"min":1,"max":1},"advanced":{"hidden":false,"readonly":false,"hideFrame":false,"render":false},"label":{"custom":false,"useLocalizations":false},"size":{"field":"inherit","label":"inherit"},"layout":{"label":{"valign":"inherit","align":"inherit"},"field":{"valign":"inherit","align":"inherit"}},"annotations":{"calcId":"STRATIFYfall"},"field":{"presentation":"radios","columns":"2","input":{"presentation":"radios","columns":"2"}}}},{"name":"Synshemminger","localizedName":"Synshemminger","localizedNames":{"en":"*Synshemminger (nb)","nb":"Synshemminger"},"localizedDescriptions":{"nb":"Er pasient synsskadet/synshemmet i et slikt omfang at hverdagslig funksjoner er påvirket?","en":"*Er pasient synsskadet/synshemmet i et slikt omfang at hverdagslig funksjoner er påvirket? (nb)"},"rmType":"DV_ORDINAL","nodeId":"at0006","min":1,"max":1,"aqlPath":"/content[openEHR-EHR-OBSERVATION.stratify_no.v1]/data[at0001]/events[at0002]/data[at0003]/items[at0006]/value","inputs":[{"type":"CODED_TEXT","list":[{"value":"at0015","label":"Nei","ordinal":0,"localizedLabels":{"nb":"Nei","en":"*Nei (nb)"},"localizedDescriptions":{"nb":"Pasienten har ikke store synshemminger.","en":"*Pasienten har ikke store synshemminger. (nb)"}},{"value":"at0017","label":"Ja","ordinal":1,"localizedLabels":{"nb":"Ja","en":"*Ja (nb)"},"localizedDescriptions":{"nb":"Pasienten har store synshemminger.","en":"*Pasienten har store synshemminger. (nb)"}}],"listOpen":false}],"formId":"klinisk_kontakt/stratify/uspesifisert_hendelse/synshemminger","viewConfig":{"multiplicity":{"min":1,"max":1},"advanced":{"hidden":false,"readonly":false,"hideFrame":false,"render":false},"label":{"custom":false,"useLocalizations":false},"size":{"field":"inherit","label":"inherit"},"layout":{"label":{"valign":"inherit","align":"inherit"},"field":{"valign":"inherit","align":"inherit"}},"annotations":{"calcId":"STRATIFYsyn"},"field":{"presentation":"radios","columns":"2","input":{"presentation":"radios","columns":"2"}}}},{"name":"Urolig atferd","localizedName":"Urolig atferd","localizedNames":{"en":"*Urolig atferd (nb)","nb":"Urolig atferd"},"localizedDescriptions":{"nb":"Er pasient urolig?","en":"*Er pasient urolig? (nb)"},"rmType":"DV_ORDINAL","nodeId":"at0005","min":1,"max":1,"aqlPath":"/content[openEHR-EHR-OBSERVATION.stratify_no.v1]/data[at0001]/events[at0002]/data[at0003]/items[at0005]/value","inputs":[{"type":"CODED_TEXT","list":[{"value":"at0013","label":"Nei","ordinal":0,"localizedLabels":{"nb":"Nei","en":"*Nei (nb)"},"localizedDescriptions":{"nb":"Pasienten viser ikke urolig atferd.","en":"*Pasienten viser ikke urolig atferd. (nb)"}},{"value":"at0014","label":"Ja","ordinal":1,"localizedLabels":{"nb":"Ja","en":"*Ja (nb)"},"localizedDescriptions":{"nb":"Pasienten viser urolig atferd.","en":"*Pasienten viser urolig atferd. (nb)"}}],"listOpen":false}],"formId":"klinisk_kontakt/stratify/uspesifisert_hendelse/urolig_atferd","viewConfig":{"multiplicity":{"min":1,"max":1},"advanced":{"hidden":false,"readonly":false,"hideFrame":false,"render":false},"label":{"custom":false,"useLocalizations":false},"size":{"field":"inherit","label":"inherit"},"layout":{"label":{"valign":"inherit","align":"inherit"},"field":{"valign":"inherit","align":"inherit"}},"annotations":{"calcId":"STRATIFYurolig"},"field":{"presentation":"radios","columns":"2","input":{"presentation":"radios","columns":"2"}}}},{"name":"Hyppige toalettbesøk","localizedName":"Hyppige toalettbesøk","localizedNames":{"en":"*Hyppige toalettbesøk (nb)","nb":"Hyppige toalettbesøk"},"localizedDescriptions":{"nb":"Oppfatter du at pasient har spesielt behov av å besøke toalett ofte?","en":"*Oppfatter du at pasient har spesielt behov av å besøke toalett ofte? (nb)"},"rmType":"DV_ORDINAL","nodeId":"at0007","min":1,"max":1,"aqlPath":"/content[openEHR-EHR-OBSERVATION.stratify_no.v1]/data[at0001]/events[at0002]/data[at0003]/items[at0007]/value","inputs":[{"type":"CODED_TEXT","list":[{"value":"at0018","label":"Nei","ordinal":0,"localizedLabels":{"nb":"Nei","en":"*Nei (nb)"},"localizedDescriptions":{"nb":"Oppfatter ikke at pasient har behov for hyppige toalettbesøk.","en":"*Oppfatter ikke at pasient har behov for hyppige toalettbesøk. (nb)"}},{"value":"at0019","label":"Ja","ordinal":1,"localizedLabels":{"nb":"Ja","en":"*Ja (nb)"},"localizedDescriptions":{"nb":"Oppfatter at pasient har behov for hyppige toalettbesøk.","en":"*Oppfatter at pasient har behov for hyppige toalettbesøk. (nb)"}}],"listOpen":false}],"formId":"klinisk_kontakt/stratify/uspesifisert_hendelse/hyppige_toalettbesøk","viewConfig":{"multiplicity":{"min":1,"max":1},"advanced":{"hidden":false,"readonly":false,"hideFrame":false,"render":false},"label":{"custom":false,"useLocalizations":false},"size":{"field":"inherit","label":"inherit"},"layout":{"label":{"valign":"inherit","align":"inherit"},"field":{"valign":"inherit","align":"inherit"}},"annotations":{"calcId":"STRATIFYToalett"},"field":{"presentation":"radios","columns":"2","input":{"presentation":"radios","columns":"2"}}}},{"name":"Forflytning fra seng til stol","localizedName":"Forflytning fra seng til stol","localizedNames":{"en":"*Forflytning fra seng til stol (nb)","nb":"Forflytning fra seng til stol"},"localizedDescriptions":{"nb":"Beskriv pasientens prestasjonsnivå for forflytning fra seng til stol.","en":"*Beskriv pasientens prestasjonsnivå for forflytning fra seng til stol. (nb)"},"rmType":"DV_ORDINAL","nodeId":"at0023","min":1,"max":1,"aqlPath":"/content[openEHR-EHR-OBSERVATION.stratify_no.v1]/data[at0001]/events[at0002]/data[at0003]/items[at0022]/items[at0023]/value","inputs":[{"type":"CODED_TEXT","list":[{"value":"at0026","label":"Kan ikke flytte seg","ordinal":0,"localizedLabels":{"nb":"Kan ikke flytte seg","en":"*Kan ikke flytte seg (nb)"},"localizedDescriptions":{"nb":"*(nb)","en":"**(nb) (nb)"}},{"value":"at0027","label":"Trenger stor/vesentlig hjelp","ordinal":1,"localizedLabels":{"nb":"Trenger stor/vesentlig hjelp","en":"*Trenger stor/vesentlig hjelp (nb)"},"localizedDescriptions":{"nb":"*(nb)","en":"**(nb) (nb)"}},{"value":"at0028","label":"Trenger lite hjelp","ordinal":2,"localizedLabels":{"nb":"Trenger lite hjelp","en":"*Trenger lite hjelp (nb)"},"localizedDescriptions":{"nb":"*(nb)","en":"**(nb) (nb)"}},{"value":"at0029","label":"Selvstendig med eller uten hjelpemidler","ordinal":3,"localizedLabels":{"nb":"Selvstendig med eller uten hjelpemidler","en":"*Selvstendig med eller uten hjelpemidler (nb)"},"localizedDescriptions":{"nb":"*(nb)","en":"**(nb) (nb)"}}],"listOpen":false}],"formId":"klinisk_kontakt/stratify/uspesifisert_hendelse/forflytning_+_rørlighet_gangfunksjon/forflytning_fra_seng_til_stol","viewConfig":{"multiplicity":{"min":1,"max":1},"advanced":{"hidden":false,"readonly":false,"hideFrame":false,"render":false},"label":{"custom":false,"useLocalizations":false},"size":{"field":"inherit","label":"inherit"},"layout":{"label":{"valign":"inherit","align":"inherit"},"field":{"valign":"inherit","align":"inherit"}},"annotations":{"calcId":"STRATIFYforflytning"},"field":{"presentation":"combobox","columns":"4","input":{"presentation":"combobox","columns":"4"}}}},{"name":"Rørlighet/gangfunksjon","localizedName":"Rørlighet/gangfunksjon","localizedNames":{"en":"*Rørlighet/gangfunksjon (nb)","nb":"Rørlighet/gangfunksjon"},"localizedDescriptions":{"nb":"Beskriver pasientens nivå av rørlighet/gangfunksjon.","en":"*Beskriver pasientens nivå av rørlighet/gangfunksjon. (nb)"},"rmType":"DV_ORDINAL","nodeId":"at0024","min":1,"max":1,"aqlPath":"/content[openEHR-EHR-OBSERVATION.stratify_no.v1]/data[at0001]/events[at0002]/data[at0003]/items[at0022]/items[at0024]/value","inputs":[{"type":"CODED_TEXT","list":[{"value":"at0030","label":"Ikke mobil","ordinal":0,"localizedLabels":{"nb":"Ikke mobil","en":"*Ikke mobil (nb)"},"localizedDescriptions":{"nb":"*(nb)","en":"**(nb) (nb)"}},{"value":"at0031","label":"Selvstendig med hjelp av rullestol","ordinal":1,"localizedLabels":{"nb":"Selvstendig med hjelp av rullestol","en":"*Selvstendig med hjelp av rullestol (nb)"},"localizedDescriptions":{"nb":"*(nb)","en":"**(nb) (nb)"}},{"value":"at0032","label":"Bruker gå-hjelpemiddel eller går med hjelp av en person","ordinal":2,"localizedLabels":{"nb":"Bruker gå-hjelpemiddel eller går med hjelp av en person","en":"*Bruker gå-hjelpemiddel eller går med hjelp av en person (nb)"},"localizedDescriptions":{"nb":"*(nb)","en":"**(nb) (nb)"}},{"value":"at0034","label":"Selvstendig","ordinal":3,"localizedLabels":{"nb":"Selvstendig","en":"*Selvstendig (nb)"},"localizedDescriptions":{"nb":"*(nb)","en":"**(nb) (nb)"}}],"listOpen":false}],"formId":"klinisk_kontakt/stratify/uspesifisert_hendelse/forflytning_+_rørlighet_gangfunksjon/rørlighet_gangfunksjon","viewConfig":{"multiplicity":{"min":1,"max":1},"advanced":{"hidden":false,"readonly":false,"hideFrame":false,"render":false},"label":{"custom":false,"useLocalizations":false},"size":{"field":"inherit","label":"inherit"},"layout":{"label":{"valign":"inherit","align":"inherit"},"field":{"valign":"inherit","align":"inherit"}},"annotations":{"calcId":"STRATIFYrorlighet"},"field":{"presentation":"combobox","columns":"4","input":{"presentation":"combobox","columns":"4"}}}}]}]}]},{"name":"Svarpoeng","localizedName":"Svarpoeng","localizedNames":{"en":"*Svarpoeng (nb)","nb":"Svarpoeng"},"localizedDescriptions":{"nb":"Poengene fra Forflytning fra seng til stol og Rørlighet/gangfunksjon legges sammen. Er summen 0-2 eller 5-6 gis 0 poeng. Er summen 3-4 gis 1 poeng.","en":"*Poengene fra Forflytning fra seng til stol og Rørlighet/gangfunksjon legges sammen. Er summen 0-2 eller 5-6 gis 0 poeng. Er summen 3-4 gis 1 poeng. (nb)"},"rmType":"DV_COUNT","nodeId":"at0025","min":0,"max":1,"aqlPath":"/content[openEHR-EHR-OBSERVATION.stratify_no.v1]/data[at0001]/events[at0002]/data[at0003]/items[at0022]/items[at0025]/value","inputs":[{"type":"INTEGER","validation":{"range":{"minOp":">=","min":0.0,"maxOp":"<=","max":1.0}},"defaultValue":"","listOpen":false}],"formId":"klinisk_kontakt/stratify/uspesifisert_hendelse/forflytning_+_rørlighet_gangfunksjon/svarpoeng","viewConfig":{"multiplicity":{"min":0,"max":1},"advanced":{"hidden":true,"readonly":false,"hideFrame":false,"render":false},"label":{"custom":false,"useLocalizations":false},"size":{"field":"inherit","label":"inherit"},"layout":{"label":{"valign":"inherit","align":"inherit"},"field":{"valign":"inherit","align":"inherit"}},"annotations":{"calc":"IF(and(3<=(STRATIFYforflytning+STRATIFYrorlighet),4>=(STRATIFYforflytning+STRATIFYrorlighet)),1,0)","calcId":"STRATIFYdelsvar"},"field":{}}},{"name":"Poeng totalt","localizedName":"Poeng totalt","localizedNames":{"en":"*Poeng totalt (nb)","nb":"Poeng totalt"},"localizedDescriptions":{"nb":"Sum av poeng fra alle elementene.","en":"*Sum av poeng fra alle elementene. (nb)"},"rmType":"DV_COUNT","nodeId":"at0009","min":0,"max":1,"aqlPath":"/content[openEHR-EHR-OBSERVATION.stratify_no.v1]/data[at0001]/events[at0002]/data[at0003]/items[at0009]/value","inputs":[{"type":"INTEGER","validation":{"range":{"minOp":">=","min":0.0,"maxOp":"<=","max":5.0}},"defaultValue":"","listOpen":false}],"formId":"klinisk_kontakt/stratify/uspesifisert_hendelse/poeng_totalt","viewConfig":{"multiplicity":{"min":0,"max":1},"advanced":{"hidden":false,"readonly":false,"hideFrame":false,"render":false},"label":{"custom":false,"useLocalizations":false},"size":{"field":"inherit","label":"inherit"},"layout":{"label":{"valign":"inherit","align":"inherit"},"field":{"valign":"inherit","align":"inherit"}},"annotations":{"calc":"STRATIFYfall+STRATIFYsyn+STRATIFYurolig+STRATIFYtoalett+STRATIFYdelsvar","calcId":"STRATIFYscore"},"field":{}}},{"name":"Fieldset","localizedName":"Varslinger for fall risiko","localizedNames":{"en":"*Fieldset (en)","nb":"Varslinger for fall risiko"},"localizedDescriptions":{},"rmType":"GENERIC_FIELDSET","min":0,"max":1,"inputs":[],"formId":"generic-field-13206","viewConfig":{"multiplicity":{"min":0,"max":1},"advanced":{"hidden":false,"readonly":false,"hideFrame":false,"render":false},"label":{"custom":false,"useLocalizations":false},"size":{"field":"inherit","label":"-1"},"layout":{"label":{"valign":"inherit","align":"inherit"},"field":{"valign":"inherit","align":"inherit"}},"annotations":{},"field":{"formId":null,"name":null},"tags":["HideLabel"]},"children":[{"name":"Fieldset","localizedName":"varsling","localizedNames":{"en":"*Fieldset (en)","nb":"HØY RISIKO FOR FALL"},"localizedDescriptions":{},"rmType":"GENERIC_FIELDSET","min":0,"max":1,"inputs":[],"formId":"generic-field-83484","viewConfig":{"multiplicity":{"min":0,"max":1},"advanced":{"hidden":false,"readonly":false,"hideFrame":false,"render":false},"label":{"custom":false,"useLocalizations":false},"size":{"field":"inherit","label":"inherit"},"layout":{"label":{"valign":"inherit","align":"inherit"},"field":{"valign":"inherit","align":"inherit"}},"annotations":{"alertType":"ERROR"},"field":{"formId":null,"name":null}},"children":[{"name":"Input","localizedName":"Høy risiko varsling","localizedNames":{"en":"*Input (en)","nb":"Høy risiko varsling"},"localizedDescriptions":{},"rmType":"GENERIC_FIELD","min":1,"max":1,"inputs":[{"type":"TEXT","list":[],"defaultValue":"Pasienten har høy risiko for fall! Det burde tilpasses individuelle tiltak som iverksettes og dokumenteres i pasientesn veiledende behandlingsplan.","listOpen":false}],"formId":"generic-field-97048","viewConfig":{"multiplicity":{"min":1,"max":1},"advanced":{"hidden":false,"readonly":true,"hideFrame":false,"render":false},"label":{"custom":false,"useLocalizations":false},"size":{"field":"inherit","label":"-1"},"layout":{"label":{"valign":"inherit","align":"inherit"},"field":{"valign":"inherit","align":"inherit"}},"annotations":{},"field":{"lines":null,"input":{},"type":"DV_TEXT"},"tags":["HideLabel"]}}]},{"name":"Fieldset","localizedName":"varsling","localizedNames":{"en":"*Fieldset (en)","nb":"MODERAT RISIKO FOR FALL"},"localizedDescriptions":{},"rmType":"GENERIC_FIELDSET","min":0,"max":1,"inputs":[],"formId":"generic-field-48868","viewConfig":{"multiplicity":{"min":0,"max":1},"advanced":{"hidden":false,"readonly":false,"hideFrame":false,"render":false},"label":{"custom":false,"useLocalizations":false},"size":{"field":"inherit","label":"inherit"},"layout":{"label":{"valign":"inherit","align":"inherit"},"field":{"valign":"inherit","align":"inherit"}},"annotations":{"alertType":"caution"},"field":{"formId":null,"name":null}},"children":[{"name":"Input","localizedName":"Varsling","localizedNames":{"en":"*Input (en)","nb":"moderat risiko varsling"},"localizedDescriptions":{},"rmType":"GENERIC_FIELD","min":1,"max":1,"inputs":[{"type":"TEXT","list":[],"defaultValue":"Pasienten har moderat risiko for fall","listOpen":false}],"formId":"generic-field-64668","viewConfig":{"multiplicity":{"min":1,"max":1},"advanced":{"hidden":false,"readonly":true,"hideFrame":false,"render":false},"label":{"custom":false,"useLocalizations":false},"size":{"field":"inherit","label":"-1"},"layout":{"label":{"valign":"inherit","align":"inherit"},"field":{"valign":"inherit","align":"inherit"}},"annotations":{},"field":{"lines":null,"input":{},"type":"DV_TEXT"},"tags":["HideLabel"]}}]},{"name":"Fieldset","localizedName":"Fieldset","localizedNames":{"en":"*Fieldset (en)","nb":"LAV RISIKO FOR FALL"},"localizedDescriptions":{},"rmType":"GENERIC_FIELDSET","min":0,"max":1,"inputs":[],"formId":"generic-field-92540","viewConfig":{"multiplicity":{"min":0,"max":1},"advanced":{"hidden":false,"readonly":false,"hideFrame":false,"render":false},"label":{"custom":false,"useLocalizations":false},"size":{"field":"inherit","label":"inherit"},"layout":{"label":{"valign":"inherit","align":"inherit"},"field":{"valign":"inherit","align":"inherit"}},"annotations":{"alertType":"success"},"field":{"formId":null,"name":null}},"children":[{"name":"Input","localizedName":"Varsling","localizedNames":{"en":"*Input (en)","nb":"Lav risiko for varsling"},"localizedDescriptions":{},"rmType":"GENERIC_FIELD","min":1,"max":1,"inputs":[{"type":"TEXT","list":[],"defaultValue":"Pasienten har lav risiko for fall","listOpen":false}],"formId":"generic-field-58459","viewConfig":{"multiplicity":{"min":1,"max":1},"advanced":{"hidden":false,"readonly":true,"hideFrame":false,"render":false},"label":{"custom":false,"useLocalizations":false},"size":{"field":"inherit","label":"-1"},"layout":{"label":{"valign":"inherit","align":"inherit"},"field":{"valign":"inherit","align":"inherit"}},"annotations":{},"field":{"lines":null,"input":{},"type":"DV_TEXT"},"tags":["HideLabel"]}}]}]},{"name":"Fieldset","localizedName":"kalkulasjoner","localizedNames":{"en":"*Fieldset (en)","nb":"kalkulasjoner"},"localizedDescriptions":{},"rmType":"GENERIC_FIELDSET","min":0,"max":1,"inputs":[],"formId":"generic-field-24523","viewConfig":{"multiplicity":{"min":0,"max":1},"advanced":{"hidden":true,"readonly":false,"hideFrame":false,"render":false},"label":{"custom":false,"useLocalizations":false},"size":{"field":"inherit","label":"inherit"},"layout":{"label":{"valign":"inherit","align":"inherit"},"field":{"valign":"inherit","align":"inherit"}},"annotations":{},"field":{"formId":null,"name":null}},"children":[{"name":"Input","localizedName":"kalkulasjon på riskiovarsling","localizedNames":{"en":"*Input (en)","nb":"kalkulasjon på riskiovarsling"},"localizedDescriptions":{},"rmType":"GENERIC_FIELD","min":0,"max":-1,"inputs":[{"type":"TEXT","list":[],"listOpen":false}],"formId":"generic-field-86650","viewConfig":{"multiplicity":{"min":0,"max":-1},"advanced":{"hidden":false,"readonly":false,"hideFrame":false,"render":false},"label":{"custom":false,"useLocalizations":false},"size":{"field":"inherit","label":"inherit"},"layout":{"label":{"valign":"inherit","align":"inherit"},"field":{"valign":"inherit","align":"inherit"}},"annotations":{"calc":"ifnull(IF(0=STRATIFYscore,\"LAV RISIKO\", IF(1=STRATIFYscore,\"MODERAT RISIKO\", IF(2<=STRATIFYscore,\"HØY RISIKO\",\"ERRROR!\"))),\"IKKE KALKULERT\")"},"field":{"lines":null,"input":{},"type":"DV_TEXT"}}}]}]}